labeler_code,medicaid_amount_reimbursed,ndc,non_medicaid_amount_reimbursed,number_of_prescriptions,package_size,product_code,product_name,quarter,state,suppression_used,total_amount_reimbursed,units_reimbursed,utilization_type,year
00169,1969516.80,00169330312,110683.19,3538,12,3303,NOVOLOG PE,4,XX,false,2080199.99,63253.000,FFSU,2017
00169,3004689.66,00169330312,176393.12,5916,12,3303,NOVOLOG PE,4,XX,false,3181082.78,95045.050,MCOU,2017
00169,1841169.74,00169368512,22571.36,3157,12,3685,NOVOLOG MI,4,XX,false,1863741.10,67016.850,FFSU,2017
00169,7350512.12,00169368512,22146.74,12797,12,3685,NOVOLOG MI,4,XX,false,7372658.86,261166.300,MCOU,2017
00169,5004754.20,00169369619,83656.70,6648,19,3696,NOVOLOG MI,4,XX,false,5088410.90,147345.350,FFSU,2017
00169,13944633.99,00169369619,209702.71,20126,19,3696,NOVOLOG MI,4,XX,false,14154336.70,403140.972,MCOU,2017
00169,35671037.89,00169633910,949401.64,63255,10,6339,NOVOLOG FL,4,XX,false,36620439.53,1059788.250,FFSU,2017
00169,69317810.76,00169633910,1764160.79,124200,10,6339,NOVOLOG FL,4,XX,false,71081971.55,2025630.985,MCOU,2017
00169,18909645.67,00169750111,1137577.65,36774,11,7501,NOVOLOG 10,4,XX,false,20047223.32,752463.500,FFSU,2017
00169,47784827.48,00169750111,2112662.22,101248,11,7501,NOVOLOG 10,4,XX,false,49897489.70,1832212.970,MCOU,2017
00169,2122806.15,00169330312,142148.95,3747,12,3303,NOVOLOG PE,3,XX,false,2264955.10,67356.100,FFSU,2017
00169,3077400.13,00169330312,217534.66,6060,12,3303,NOVOLOG PE,3,XX,false,3294934.79,97137.150,MCOU,2017
00169,2002088.20,00169368512,24637.32,3411,12,3685,NOVOLOG MI,3,XX,false,2026725.52,71301.250,FFSU,2017
00169,7771034.12,00169368512,33721.76,13481,12,3685,NOVOLOG MI,3,XX,false,7804755.88,273233.713,MCOU,2017
00169,4991587.62,00169369619,83812.24,6724,19,3696,NOVOLOG MI,3,XX,false,5075399.86,145098.450,FFSU,2017
00169,14430724.53,00169369619,245686.35,20692,19,3696,NOVOLOG MI,3,XX,false,14676410.88,415287.006,MCOU,2017
00169,34849597.84,00169633910,992429.84,60913,10,6339,NOVOLOG FL,3,XX,false,35842027.68,1027346.300,FFSU,2017
00169,70708604.29,00169633910,1863337.99,125631,10,6339,NOVOLOG FL,3,XX,false,72571942.28,2053856.975,MCOU,2017
00169,19402521.09,00169750111,1250450.85,37926,11,7501,NOVOLOG 10,3,XX,false,20652971.94,764209.890,FFSU,2017
00169,49887807.09,00169750111,2235128.27,106121,11,7501,NOVOLOG 10,3,XX,false,52122935.36,1906466.250,MCOU,2017
00169,1864838.65,00169330312,150363.69,3360,12,3303,NOVOLOG PE,2,XX,false,2015202.34,60693.200,FFSU,2017
00169,3456731.45,00169330312,296614.78,6787,12,3303,NOVOLOG PE,2,XX,false,3753346.23,110067.400,MCOU,2017
00169,2008819.88,00169368512,32091.42,3434,12,3685,NOVOLOG MI,2,XX,false,2040911.30,72022.550,FFSU,2017
00169,8727495.25,00169368512,37107.38,15001,12,3685,NOVOLOG MI,2,XX,false,8764602.63,307272.690,MCOU,2017
00169,4711834.81,00169369619,114378.10,6337,19,3696,NOVOLOG MI,2,XX,false,4826212.91,138513.550,FFSU,2017
00169,16225094.57,00169369619,255623.10,22994,19,3696,NOVOLOG MI,2,XX,false,16480717.67,466662.309,MCOU,2017
00169,30605294.33,00169633910,970297.61,54147,10,6339,NOVOLOG FL,2,XX,false,31575591.94,914097.000,FFSU,2017
00169,83145761.30,00169633910,2320803.49,146371,10,6339,NOVOLOG FL,2,XX,false,85466564.79,2416579.008,MCOU,2017
00169,18493948.24,00169750111,1425952.99,36809,11,7501,NOVOLOG 10,2,XX,false,19919901.23,740564.460,FFSU,2017
00169,56737664.71,00169750111,2895704.04,120296,11,7501,NOVOLOG 10,2,XX,false,59633368.75,2175948.240,MCOU,2017
00169,1831681.30,00169330312,119255.06,3443,12,3303,NOVOLOG PE,1,XX,false,1950936.36,62450.300,FFSU,2017
00169,2797263.85,00169330312,185620.98,5688,12,3303,NOVOLOG PE,1,XX,false,2982884.83,92393.500,MCOU,2017
00169,2006062.63,00169368512,34616.02,3590,12,3685,NOVOLOG MI,1,XX,false,2040678.65,74832.550,FFSU,2017
00169,8211590.17,00169368512,32689.17,15000,12,3685,NOVOLOG MI,1,XX,false,8244279.34,303114.952,MCOU,2017
00169,4810955.20,00169369619,88765.63,6631,19,3696,NOVOLOG MI,1,XX,false,4899720.83,147106.500,FFSU,2017
00169,14395955.38,00169369619,231416.28,21470,19,3696,NOVOLOG MI,1,XX,false,14627371.66,433653.508,MCOU,2017
00169,30968153.86,00169633910,1242841.14,56874,10,6339,NOVOLOG FL,1,XX,false,32210995.00,971854.250,FFSU,2017
00169,68194196.70,00169633910,1689424.57,125391,10,6339,NOVOLOG FL,1,XX,false,69883621.27,2076486.056,MCOU,2017
00169,18087234.21,00169750111,1216687.66,37855,11,7501,NOVOLOG 10,1,XX,false,19303921.87,759752.250,FFSU,2017
00169,48642497.04,00169750111,1966857.61,108445,11,7501,NOVOLOG 10,1,XX,false,50609354.65,1942777.962,MCOU,2017
00002,34573493.66,00002751001,1172250.70,70429,01,7510,HUMALOG   ,4,XX,false,35745744.36,1347045.990,FFSU,2017
00002,78957195.12,00002751001,2015428.96,173952,01,7510,HUMALOG   ,4,XX,false,80972624.08,3103037.248,MCOU,2017
00002,833463.31,00002751017,13116.58,9514,17,7510,HUMALOG   ,4,XX,false,846579.89,30569.650,FFSU,2017
00002,813273.79,00002751017,240675.41,9550,17,7510,HUMALOG   ,4,XX,false,1053949.20,28735.021,MCOU,2017
00002,2825864.23,00002751101,24224.91,4625,01,7511,HUMALOG MI,4,XX,false,2850089.14,102747.600,FFSU,2017
00002,6280087.50,00002751101,13601.21,11235,01,7511,HUMALOG MI,4,XX,false,6293688.71,221286.550,MCOU,2017
00002,297497.77,00002751201,8912.84,406,01,7512,HUMALOG MI,4,XX,false,306410.61,11090.600,FFSU,2017
00002,530212.85,00002751201,1933.32,821,01,7512,HUMALOG MI,4,XX,false,532146.17,18602.800,MCOU,2017
00002,,00002751601,,,01,7516,HUMALOG   ,4,XX,true,,,FFSU,2017
00002,,00002751601,,,01,7516,HUMALOG   ,4,XX,true,,,MCOU,2017
00002,3725948.99,00002751659,179007.84,6484,59,7516,HUMALOG   ,4,XX,false,3904956.83,118524.600,FFSU,2017
00002,3677993.99,00002751659,187033.76,7272,59,7516,HUMALOG   ,4,XX,false,3865027.75,118377.690,MCOU,2017
00002,,00002771201,,,01,7712,HUMALOG KW,4,XX,true,,,FFSU,2017
00002,,00002771201,,,01,7712,HUMALOG KW,4,XX,true,,,MCOU,2017
00002,1214578.17,00002771227,26158.44,1263,27,7712,HUMALOG KW,4,XX,false,1240736.61,17980.000,FFSU,2017
00002,3779546.73,00002771227,113707.31,4895,27,7712,HUMALOG KW,4,XX,false,3893254.04,55941.900,MCOU,2017
00002,,00002771401,,,01,7714,HUMALOG KW,4,XX,true,,,MCOU,2017
00002,84851.09,00002771459,1498.79,144,59,7714,HUMALOG KW,4,XX,false,86349.88,2448.000,FFSU,2017
00002,185862.52,00002771459,7777.82,374,59,7714,HUMALOG KW,4,XX,false,193640.34,5529.000,MCOU,2017
00002,,00002879701,,,01,8797,HUMALOG MI,4,XX,true,,,FFSU,2017
00002,20736.32,00002879701,0.00,35,01,8797,HUMALOG MI,4,XX,false,20736.32,583.000,MCOU,2017
00002,2916288.23,00002879759,62678.58,3784,59,8797,HUMALOG MI,4,XX,false,2978966.81,86253.000,FFSU,2017
00002,11341437.81,00002879759,132667.06,16533,59,8797,HUMALOG MI,4,XX,false,11474104.87,327138.950,MCOU,2017
00002,,00002879801,,,01,8798,HUMALOG MI,4,XX,true,,,FFSU,2017
00002,,00002879801,,,01,8798,HUMALOG MI,4,XX,true,,,MCOU,2017
00002,340587.41,00002879859,2895.85,407,59,8798,HUMALOG MI,4,XX,false,343483.26,9876.000,FFSU,2017
00002,1214384.62,00002879859,18088.61,1568,59,8798,HUMALOG MI,4,XX,false,1232473.23,35082.000,MCOU,2017
00002,25710.78,00002879901,73.83,121,01,8799,HUMALOG KW,4,XX,false,25784.61,776.000,FFSU,2017
00002,76448.38,00002879901,6.70,257,01,8799,HUMALOG KW,4,XX,false,76455.08,2340.900,MCOU,2017
00002,28635010.58,00002879959,657610.83,47653,59,8799,HUMALOG KW,4,XX,false,29292621.41,857503.700,FFSU,2017
00002,71424500.81,00002879959,1298345.95,128509,59,8799,HUMALOG KW,4,XX,false,72722846.76,2097119.497,MCOU,2017
00002,35331849.67,00002751001,1290296.56,72300,01,7510,HUMALOG   ,3,XX,false,36622146.23,1373552.255,FFSU,2017
00002,81717027.33,00002751001,2516484.70,181282,01,7510,HUMALOG   ,3,XX,false,84233512.03,3158720.881,MCOU,2017
00002,771886.75,00002751017,15090.33,8392,17,7510,HUMALOG   ,3,XX,false,786977.08,27839.702,FFSU,2017
00002,733629.95,00002751017,349368.47,9432,17,7510,HUMALOG   ,3,XX,false,1082998.42,26703.173,MCOU,2017
00002,2960947.18,00002751101,23696.03,4835,01,7511,HUMALOG MI,3,XX,false,2984643.21,107072.750,FFSU,2017
00002,6642848.10,00002751101,21869.78,11954,01,7511,HUMALOG MI,3,XX,false,6664717.88,233672.770,MCOU,2017
00002,299868.17,00002751201,6166.28,403,01,7512,HUMALOG MI,3,XX,false,306034.45,10901.000,FFSU,2017
00002,524693.40,00002751201,1302.15,838,01,7512,HUMALOG MI,3,XX,false,525995.55,18395.500,MCOU,2017
00002,,00002751601,,,01,7516,HUMALOG   ,3,XX,true,,,FFSU,2017
00002,,00002751601,,,01,7516,HUMALOG   ,3,XX,true,,,MCOU,2017
00002,3877869.10,00002751659,209094.14,6836,59,7516,HUMALOG   ,3,XX,false,4086963.24,124158.600,FFSU,2017
00002,3886178.65,00002751659,203363.27,7709,59,7516,HUMALOG   ,3,XX,false,4089541.92,125202.900,MCOU,2017
00002,,00002771201,,,01,7712,HUMALOG KW,3,XX,true,,,FFSU,2017
00002,,00002771201,,,01,7712,HUMALOG KW,3,XX,true,,,MCOU,2017
00002,1146827.42,00002771227,32208.09,1233,27,7712,HUMALOG KW,3,XX,false,1179035.51,16537.000,FFSU,2017
00002,3836573.97,00002771227,129811.62,4922,27,7712,HUMALOG KW,3,XX,false,3966385.59,56544.425,MCOU,2017
00002,,00002879701,,,01,8797,HUMALOG MI,3,XX,true,,,FFSU,2017
00002,19364.08,00002879701,3.65,35,01,8797,HUMALOG MI,3,XX,false,19367.73,555.300,MCOU,2017
00002,2943016.29,00002879759,69436.49,3875,59,8797,HUMALOG MI,3,XX,false,3012452.78,87187.750,FFSU,2017
00002,11540083.70,00002879759,141338.90,16774,59,8797,HUMALOG MI,3,XX,false,11681422.60,331317.500,MCOU,2017
00002,,00002879801,,,01,8798,HUMALOG MI,3,XX,true,,,MCOU,2017
00002,351937.56,00002879859,3194.28,409,59,8798,HUMALOG MI,3,XX,false,355131.84,10171.000,FFSU,2017
00002,1217965.21,00002879859,22350.77,1650,59,8798,HUMALOG MI,3,XX,false,1240315.98,35394.050,MCOU,2017
00002,23839.22,00002879901,30.99,112,01,8799,HUMALOG KW,3,XX,false,23870.21,722.050,FFSU,2017
00002,72182.76,00002879901,986.64,242,01,8799,HUMALOG KW,3,XX,false,73169.40,2450.350,MCOU,2017
00002,29742434.34,00002879959,769056.60,49175,59,8799,HUMALOG KW,3,XX,false,30511490.94,887339.950,FFSU,2017
00002,71603384.20,00002879959,1356991.98,128633,59,8799,HUMALOG KW,3,XX,false,72960376.18,2100017.650,MCOU,2017
00002,32374699.33,00002751001,1191675.26,68730,01,7510,HUMALOG   ,2,XX,false,33566374.59,1303612.064,FFSU,2017
00002,88146577.44,00002751001,2351409.85,195695,01,7510,HUMALOG   ,2,XX,false,90497987.29,3418787.705,MCOU,2017
00002,625484.37,00002751017,17387.10,7020,17,7510,HUMALOG   ,2,XX,false,642871.47,23466.400,FFSU,2017
00002,740067.16,00002751017,278157.26,10279,17,7510,HUMALOG   ,2,XX,false,1018224.42,30298.885,MCOU,2017
00002,2820065.13,00002751101,28965.15,4803,01,7511,HUMALOG MI,2,XX,false,2849030.28,105497.750,FFSU,2017
00002,7037913.45,00002751101,29390.41,12731,01,7511,HUMALOG MI,2,XX,false,7067303.86,253766.695,MCOU,2017
00002,282094.23,00002751201,3389.44,385,01,7512,HUMALOG MI,2,XX,false,285483.67,10610.000,FFSU,2017
00002,577027.49,00002751201,2372.48,876,01,7512,HUMALOG MI,2,XX,false,579399.97,20882.050,MCOU,2017
00002,,00002751601,,,01,7516,HUMALOG   ,2,XX,true,,,FFSU,2017
00002,9867.02,00002751601,0.00,21,01,7516,HUMALOG   ,2,XX,false,9867.02,219.600,MCOU,2017
00002,3200764.16,00002751659,213275.50,5964,59,7516,HUMALOG   ,2,XX,false,3414039.66,106915.990,FFSU,2017
00002,3836381.16,00002751659,254675.85,7760,59,7516,HUMALOG   ,2,XX,false,4091057.01,127434.340,MCOU,2017
00002,,00002771201,,,01,7712,HUMALOG KW,2,XX,true,,,FFSU,2017
00002,,00002771201,,,01,7712,HUMALOG KW,2,XX,true,,,MCOU,2017
00002,981596.65,00002771227,27452.29,1147,27,7712,HUMALOG KW,2,XX,false,1009048.94,16302.000,FFSU,2017
00002,3816366.85,00002771227,101038.12,5014,27,7712,HUMALOG KW,2,XX,false,3917404.97,57454.225,MCOU,2017
00002,,00002879701,,,01,8797,HUMALOG MI,2,XX,true,,,FFSU,2017
00002,22722.39,00002879701,598.27,41,01,8797,HUMALOG MI,2,XX,false,23320.66,696.050,MCOU,2017
00002,2971594.10,00002879759,57963.21,4046,59,8797,HUMALOG MI,2,XX,false,3029557.31,90529.050,FFSU,2017
00002,12202746.10,00002879759,146720.99,18277,59,8797,HUMALOG MI,2,XX,false,12349467.09,362057.000,MCOU,2017
00002,,00002879801,,,01,8798,HUMALOG MI,2,XX,true,,,MCOU,2017
00002,345458.75,00002879859,7504.23,409,59,8798,HUMALOG MI,2,XX,false,352962.98,10572.000,FFSU,2017
00002,1361876.38,00002879859,43123.59,1913,59,8798,HUMALOG MI,2,XX,false,1404999.97,41157.000,MCOU,2017
00002,19164.25,00002879901,8.00,123,01,8799,HUMALOG KW,2,XX,false,19172.25,614.000,FFSU,2017
00002,67368.40,00002879901,487.83,256,01,8799,HUMALOG KW,2,XX,false,67856.23,2617.750,MCOU,2017
00002,26712271.99,00002879959,746183.40,45089,59,8799,HUMALOG KW,2,XX,false,27458455.39,826276.400,FFSU,2017
00002,74556007.14,00002879959,1656060.35,137074,59,8799,HUMALOG KW,2,XX,false,76212067.49,2257193.810,MCOU,2017
00002,32816904.52,00002751001,1126867.57,71149,01,7510,HUMALOG   ,1,XX,false,33943772.09,1346057.137,FFSU,2017
00002,80327510.06,00002751001,1633533.57,186692,01,7510,HUMALOG   ,1,XX,false,81961043.63,3239772.295,MCOU,2017
00002,681349.10,00002751017,11549.70,7565,17,7510,HUMALOG   ,1,XX,false,692898.80,26137.557,FFSU,2017
00002,662628.96,00002751017,241597.63,8977,17,7510,HUMALOG   ,1,XX,false,904226.59,27514.470,MCOU,2017
00002,2941932.51,00002751101,17004.39,4995,01,7511,HUMALOG MI,1,XX,false,2958936.90,111209.850,FFSU,2017
00002,7631892.95,00002751101,38301.32,14544,01,7511,HUMALOG MI,1,XX,false,7670194.27,288647.608,MCOU,2017
00002,297470.54,00002751201,3493.20,411,01,7512,HUMALOG MI,1,XX,false,300963.74,11220.000,FFSU,2017
00002,615889.38,00002751201,5923.25,976,01,7512,HUMALOG MI,1,XX,false,621812.63,23531.500,MCOU,2017
00002,,00002751601,,,01,7516,HUMALOG   ,1,XX,true,,,FFSU,2017
00002,5519.97,00002751601,0.00,14,01,7516,HUMALOG   ,1,XX,false,5519.97,174.000,MCOU,2017
00002,3338672.62,00002751659,174392.96,6165,59,7516,HUMALOG   ,1,XX,false,3513065.58,111369.640,FFSU,2017
00002,3443189.37,00002751659,165522.45,7050,59,7516,HUMALOG   ,1,XX,false,3608711.82,116560.450,MCOU,2017
00002,,00002771201,,,01,7712,HUMALOG KW,1,XX,true,,,MCOU,2017
00002,828397.76,00002771227,15404.13,981,27,7712,HUMALOG KW,1,XX,false,843801.89,13003.500,FFSU,2017
00002,2933881.29,00002771227,82659.25,4051,27,7712,HUMALOG KW,1,XX,false,3016540.54,46291.500,MCOU,2017
00002,,00002879701,,,01,8797,HUMALOG MI,1,XX,true,,,FFSU,2017
00002,20119.56,00002879701,959.57,39,01,8797,HUMALOG MI,1,XX,false,21079.13,674.000,MCOU,2017
00002,3010282.92,00002879759,65207.66,4102,59,8797,HUMALOG MI,1,XX,false,3075490.58,93687.500,FFSU,2017
00002,11226782.77,00002879759,132836.71,17157,59,8797,HUMALOG MI,1,XX,false,11359619.48,345621.000,MCOU,2017
00002,,00002879801,,,01,8798,HUMALOG MI,1,XX,true,,,FFSU,2017
00002,7909.51,00002879801,10.95,14,01,8798,HUMALOG MI,1,XX,false,7920.46,252.000,MCOU,2017
00002,402183.78,00002879859,12688.40,469,59,8798,HUMALOG MI,1,XX,false,414872.18,12564.000,FFSU,2017
00002,1211437.22,00002879859,36105.21,1731,59,8798,HUMALOG MI,1,XX,false,1247542.43,38178.000,MCOU,2017
00002,22982.88,00002879901,618.28,167,01,8799,HUMALOG KW,1,XX,false,23601.16,740.000,FFSU,2017
00002,62985.57,00002879901,877.75,271,01,8799,HUMALOG KW,1,XX,false,63863.32,2488.400,MCOU,2017
00002,27215306.29,00002879959,679734.22,46657,59,8799,HUMALOG KW,1,XX,false,27895040.51,849988.100,FFSU,2017
00002,64213860.75,00002879959,1235209.39,121564,59,8799,HUMALOG KW,1,XX,false,65449070.14,2018619.400,MCOU,2017
00088,628229.78,00088250033,22155.27,1232,33,2500,APIDRA 10M,4,XX,false,650385.05,26653.450,FFSU,2017
00088,8073130.22,00088250033,17867.40,18037,33,2500,APIDRA 10M,4,XX,false,8090997.62,316262.400,MCOU,2017
00088,800591.16,00088250205,13398.54,1348,05,2502,APIDRA 3ML,4,XX,false,813989.70,25074.000,FFSU,2017
00088,15103370.11,00088250205,23441.72,27726,05,2502,APIDRA 3ML,4,XX,false,15126811.83,462043.000,MCOU,2017
00088,621983.47,00088250033,24203.39,1218,33,2500,APIDRA 10M,3,XX,false,646186.86,25701.200,FFSU,2017
00088,8528347.65,00088250033,14433.42,19498,33,2500,APIDRA 10M,3,XX,false,8542781.07,334025.570,MCOU,2017
00088,810749.22,00088250205,11672.00,1375,05,2502,APIDRA 3ML,3,XX,false,822421.22,25167.000,FFSU,2017
00088,14968245.66,00088250205,19645.38,27407,05,2502,APIDRA 3ML,3,XX,false,14987891.04,455693.000,MCOU,2017
00088,602661.08,00088250033,15785.18,1205,33,2500,APIDRA 10M,2,XX,false,618446.26,24661.650,FFSU,2017
00088,9510070.01,00088250033,26569.04,21905,33,2500,APIDRA 10M,2,XX,false,9536639.05,371542.350,MCOU,2017
00088,740498.15,00088250205,14595.77,1235,05,2502,APIDRA 3ML,2,XX,false,755093.92,23358.000,FFSU,2017
00088,14860929.72,00088250205,26772.23,27696,05,2502,APIDRA 3ML,2,XX,false,14887701.95,451320.200,MCOU,2017
00088,644719.77,00088250033,17015.60,1283,33,2500,APIDRA 10M,1,XX,false,661735.37,27214.000,FFSU,2017
00088,9195954.01,00088250033,15802.46,22133,33,2500,APIDRA 10M,1,XX,false,9211756.47,369393.350,MCOU,2017
00088,739909.85,00088250205,13785.50,1219,05,2502,APIDRA 3ML,1,XX,false,753695.35,23035.000,FFSU,2017
00088,12605023.11,00088250205,19007.89,23548,05,2502,APIDRA 3ML,1,XX,false,12624031.00,382686.000,MCOU,2017
00169,69343.38,00169320111,8922.87,107,11,3201,FIASP VIAL,4,XX,false,78266.25,2780.000,FFSU,2018
00169,180212.56,00169320111,16727.53,282,11,3201,FIASP VIAL,4,XX,false,196940.09,7150.350,MCOU,2018
00169,87230.72,00169320415,10432.83,139,15,3204,FIASP FLEX,4,XX,false,97663.55,2676.000,FFSU,2018
00169,284555.56,00169320415,10925.13,466,15,3204,FIASP FLEX,4,XX,false,295480.69,8181.150,MCOU,2018
00169,52952.87,00169320111,9866.85,84,11,3201,FIASP VIAL,3,XX,false,62819.72,2350.000,FFSU,2018
00169,122201.45,00169320111,22447.03,225,11,3201,FIASP VIAL,3,XX,false,144648.48,6010.500,MCOU,2018
00169,72906.65,00169320415,8636.35,122,15,3204,FIASP FLEX,3,XX,false,81543.00,2286.000,FFSU,2018
00169,170417.61,00169320415,8670.87,367,15,3204,FIASP FLEX,3,XX,false,179088.48,6642.000,MCOU,2018
00169,17819.36,00169320111,9287.16,31,11,3201,FIASP VIAL,2,XX,false,27106.52,990.000,FFSU,2018
00169,73357.41,00169320111,5076.27,135,11,3201,FIASP VIAL,2,XX,false,78433.68,3560.150,MCOU,2018
00169,42564.36,00169320415,5271.56,63,15,3204,FIASP FLEX,2,XX,false,47835.92,1344.000,FFSU,2018
00169,100027.42,00169320415,5366.83,225,15,3204,FIASP FLEX,2,XX,false,105394.25,3966.000,MCOU,2018
00169,14432.42,00169320111,704.45,23,11,3201,FIASP VIAL,1,XX,false,15136.87,580.000,MCOU,2018
00169,15352.22,00169320415,3.00,14,15,3204,FIASP FLEX,1,XX,false,15355.22,432.000,FFSU,2018
00169,28560.52,00169320415,9.00,51,15,3204,FIASP FLEX,1,XX,false,28569.52,882.000,MCOU,2018
00169,2276523.22,00169330312,189498.69,4025,12,3303,NOVOLOG PE,4,XX,false,2466021.91,71436.500,FFSU,2018
00169,2575041.22,00169330312,197459.99,5175,12,3303,NOVOLOG PE,4,XX,false,2772501.21,80171.800,MCOU,2018
00169,1761461.70,00169368512,22684.46,2736,12,3685,NOVOLOG MI,4,XX,false,1784146.16,61020.750,FFSU,2018
00169,6472973.77,00169368512,28258.10,10564,12,3685,NOVOLOG MI,4,XX,false,6501231.87,217933.580,MCOU,2018
00169,5305320.08,00169369619,76096.34,6552,19,3696,NOVOLOG MI,4,XX,false,5381416.42,148483.250,FFSU,2018
00169,14372717.67,00169369619,126673.19,20041,19,3696,NOVOLOG MI,4,XX,false,14499390.86,399437.500,MCOU,2018
00169,40020717.06,00169633910,1139011.78,66810,10,6339,NOVOLOG FL,4,XX,false,41159728.84,1137089.300,FFSU,2018
00169,54520985.58,00169633910,1245882.27,96500,10,6339,NOVOLOG FL,4,XX,false,55766867.85,1525377.130,MCOU,2018
00169,18622918.23,00169750111,1337102.83,32779,11,7501,NOVOLOG 10,4,XX,false,19960021.06,715822.220,FFSU,2018
00169,34042044.68,00169750111,1772990.78,66231,11,7501,NOVOLOG 10,4,XX,false,35815035.46,1264908.260,MCOU,2018
00169,2169654.69,00169330312,168870.94,3904,12,3303,NOVOLOG PE,3,XX,false,2338525.63,68331.400,FFSU,2018
00169,2674200.38,00169330312,223226.27,5636,12,3303,NOVOLOG PE,3,XX,false,2897426.65,88177.450,MCOU,2018
00169,1766102.95,00169368512,20021.28,2870,12,3685,NOVOLOG MI,3,XX,false,1786124.23,61872.800,FFSU,2018
00169,6205975.90,00169368512,32511.06,10984,12,3685,NOVOLOG MI,3,XX,false,6238486.96,223589.500,MCOU,2018
00169,5198214.84,00169369619,81497.56,6647,19,3696,NOVOLOG MI,3,XX,false,5279712.40,147354.600,FFSU,2018
00169,11340916.69,00169369619,158215.84,20243,19,3696,NOVOLOG MI,3,XX,false,11499132.53,401592.600,MCOU,2018
00169,39082227.33,00169633910,1008419.16,67492,10,6339,NOVOLOG FL,3,XX,false,40090646.49,1122928.605,FFSU,2018
00169,56745552.79,00169633910,1401267.90,117077,10,6339,NOVOLOG FL,3,XX,false,58146820.69,1839442.775,MCOU,2018
00169,18604083.84,00169750111,1157889.00,34165,11,7501,NOVOLOG 10,3,XX,false,19761972.84,716825.100,FFSU,2018
00169,38900435.03,00169750111,1970596.87,82826,11,7501,NOVOLOG 10,3,XX,false,40871031.90,1544336.280,MCOU,2018
00169,1906331.38,00169330312,185837.54,3629,12,3303,NOVOLOG PE,2,XX,false,2092168.92,64247.100,FFSU,2018
00169,2691083.60,00169330312,216890.33,5928,12,3303,NOVOLOG PE,2,XX,false,2907973.93,93938.500,MCOU,2018
00169,1769055.79,00169368512,19648.92,2964,12,3685,NOVOLOG MI,2,XX,false,1788704.71,64340.500,FFSU,2018
00169,6209170.86,00169368512,51136.32,11569,12,3685,NOVOLOG MI,2,XX,false,6260307.18,236266.810,MCOU,2018
00169,4904433.49,00169369619,107561.56,6596,19,3696,NOVOLOG MI,2,XX,false,5011995.05,145906.400,FFSU,2018
00169,10933809.77,00169369619,158745.56,20677,19,3696,NOVOLOG MI,2,XX,false,11092555.33,409875.450,MCOU,2018
00169,36923758.21,00169633910,1122781.99,66156,10,6339,NOVOLOG FL,2,XX,false,38046540.20,1104485.155,FFSU,2018
00169,58950105.66,00169633910,1504306.91,130942,10,6339,NOVOLOG FL,2,XX,false,60454412.57,2058362.251,MCOU,2018
00169,18268976.86,00169750111,1397040.37,35569,11,7501,NOVOLOG 10,2,XX,false,19666017.23,741297.390,FFSU,2018
00169,42665755.04,00169750111,2055119.68,98742,11,7501,NOVOLOG 10,2,XX,false,44720874.72,1810747.010,MCOU,2018
00169,2030251.31,00169330312,170868.35,3696,12,3303,NOVOLOG PE,1,XX,false,2201119.66,66541.000,FFSU,2018
00169,3013598.16,00169330312,201857.48,5891,12,3303,NOVOLOG PE,1,XX,false,3215455.64,96266.100,MCOU,2018
00169,1794606.42,00169368512,23973.24,3021,12,3685,NOVOLOG MI,1,XX,false,1818579.66,65703.600,FFSU,2018
00169,6676329.24,00169368512,39471.83,11700,12,3685,NOVOLOG MI,1,XX,false,6715801.07,237185.290,MCOU,2018
00169,5116459.40,00169369619,110207.98,6774,19,3696,NOVOLOG MI,1,XX,false,5226667.38,151283.400,FFSU,2018
00169,13721493.71,00169369619,175995.03,20063,19,3696,NOVOLOG MI,1,XX,false,13897488.74,398615.600,MCOU,2018
00169,37416817.37,00169633910,1195236.38,66007,10,6339,NOVOLOG FL,1,XX,false,38612053.75,1119357.450,FFSU,2018
00169,70946200.53,00169633910,1474100.76,128743,10,6339,NOVOLOG FL,1,XX,false,72420301.29,2088065.950,MCOU,2018
00169,18177572.65,00169750111,1291229.47,34835,11,7501,NOVOLOG 10,1,XX,false,19468802.12,733652.702,FFSU,2018
00169,47563734.31,00169750111,2159686.08,101573,11,7501,NOVOLOG 10,1,XX,false,49723420.39,1843290.410,MCOU,2018
00002,30304733.64,00002751001,1270996.24,60877,01,7510,HUMALOG   ,4,XX,false,31575729.88,1191404.150,FFSU,2018
00002,57379429.46,00002751001,1678524.76,122111,01,7510,HUMALOG   ,4,XX,false,59057954.22,2211922.144,MCOU,2018
00002,922561.76,00002751017,12054.39,10444,17,7510,HUMALOG   ,4,XX,false,934616.15,33312.450,FFSU,2018
00002,884964.09,00002751017,450621.49,11706,17,7510,HUMALOG   ,4,XX,false,1335585.58,32319.950,MCOU,2018
00002,2303790.45,00002751101,31149.79,3737,01,7511,HUMALOG MI,4,XX,false,2334940.24,83893.650,FFSU,2018
00002,5801862.03,00002751101,9968.42,10379,01,7511,HUMALOG MI,4,XX,false,5811830.45,203611.290,MCOU,2018
00002,239511.26,00002751201,87.20,309,01,7512,HUMALOG MI,4,XX,false,239598.46,8637.500,FFSU,2018
00002,446380.49,00002751201,1794.59,752,01,7512,HUMALOG MI,4,XX,false,448175.08,15836.250,MCOU,2018
00002,,00002751601,,,01,7516,HUMALOG   ,4,XX,true,,,FFSU,2018
00002,,00002751601,,,01,7516,HUMALOG   ,4,XX,true,,,MCOU,2018
00002,3034388.53,00002751659,182179.60,5255,59,7516,HUMALOG   ,4,XX,false,3216568.13,97267.100,FFSU,2018
00002,2438733.73,00002751659,126242.75,4836,59,7516,HUMALOG   ,4,XX,false,2564976.48,78622.900,MCOU,2018
00002,,00002771201,,,01,7712,HUMALOG KW,4,XX,true,,,FFSU,2018
00002,,00002771201,,,01,7712,HUMALOG KW,4,XX,true,,,MCOU,2018
00002,1419362.91,00002771227,40000.40,1413,27,7712,HUMALOG KW,4,XX,false,1459363.31,21082.000,FFSU,2018
00002,4643007.63,00002771227,67996.90,5686,27,7712,HUMALOG KW,4,XX,false,4711004.53,67221.950,MCOU,2018
00002,6447.10,00002771401,35.34,19,01,7714,HUMALOG KW,4,XX,false,6482.44,216.150,MCOU,2018
00002,1227414.25,00002771459,80795.71,2266,59,7714,HUMALOG KW,4,XX,false,1308209.96,38400.000,FFSU,2018
00002,2242729.73,00002771459,108085.28,4726,59,7714,HUMALOG KW,4,XX,false,2350815.01,68253.050,MCOU,2018
00002,,00002879359,,,59,8793,HUMALOG MI,4,XX,true,,,MCOU,2018
00002,,00002879701,,,01,8797,HUMALOG MI,4,XX,true,,,FFSU,2018
00002,15312.70,00002879701,3.00,25,01,8797,HUMALOG MI,4,XX,false,15315.70,435.000,MCOU,2018
00002,2585309.92,00002879759,44227.55,3383,59,8797,HUMALOG MI,4,XX,false,2629537.47,76093.500,FFSU,2018
00002,10990719.87,00002879759,62005.74,15717,59,8797,HUMALOG MI,4,XX,false,11052725.61,315228.250,MCOU,2018
00002,,00002879801,,,01,8798,HUMALOG MI,4,XX,true,,,FFSU,2018
00002,,00002879801,,,01,8798,HUMALOG MI,4,XX,true,,,MCOU,2018
00002,311975.15,00002879859,9301.69,327,59,8798,HUMALOG MI,4,XX,false,321276.84,9255.000,FFSU,2018
00002,1186643.05,00002879859,6975.71,1657,59,8798,HUMALOG MI,4,XX,false,1193618.76,34953.000,MCOU,2018
00002,48703.01,00002879901,636.42,216,01,8799,HUMALOG KW,4,XX,false,49339.43,1455.300,FFSU,2018
00002,51619.48,00002879901,3145.12,302,01,8799,HUMALOG KW,4,XX,false,54764.60,1900.150,MCOU,2018
00002,26404206.31,00002879959,648642.53,46119,59,8799,HUMALOG KW,4,XX,false,27052848.84,789045.300,FFSU,2018
00002,51964637.27,00002879959,925430.94,97514,59,8799,HUMALOG KW,4,XX,false,52890068.21,1541110.450,MCOU,2018
00002,30833718.27,00002751001,1266858.14,62937,01,7510,HUMALOG   ,3,XX,false,32100576.41,1210662.210,FFSU,2018
00002,66614141.01,00002751001,2003475.38,149862,01,7510,HUMALOG   ,3,XX,false,68617616.39,2680688.650,MCOU,2018
00002,856658.10,00002751017,15449.23,10081,17,7510,HUMALOG   ,3,XX,false,872107.33,31712.940,FFSU,2018
00002,1098776.33,00002751017,262685.66,12197,17,7510,HUMALOG   ,3,XX,false,1361461.99,38642.720,MCOU,2018
00002,2403592.23,00002751101,25401.61,3997,01,7511,HUMALOG MI,3,XX,false,2428993.84,87642.250,FFSU,2018
00002,5865764.25,00002751101,21639.35,10976,01,7511,HUMALOG MI,3,XX,false,5887403.60,213837.781,MCOU,2018
00002,234873.34,00002751201,105.20,311,01,7512,HUMALOG MI,3,XX,false,234978.54,8551.000,FFSU,2018
00002,448302.70,00002751201,2897.13,820,01,7512,HUMALOG MI,3,XX,false,451199.83,17516.700,MCOU,2018
00002,,00002751601,,,01,7516,HUMALOG   ,3,XX,true,,,FFSU,2018
00002,,00002751601,,,01,7516,HUMALOG   ,3,XX,true,,,MCOU,2018
00002,3300676.21,00002751659,191866.49,5665,59,7516,HUMALOG   ,3,XX,false,3492542.70,105667.200,FFSU,2018
00002,2815576.70,00002751659,159335.40,5893,59,7516,HUMALOG   ,3,XX,false,2974912.10,95190.803,MCOU,2018
00002,,00002771201,,,01,7712,HUMALOG KW,3,XX,true,,,FFSU,2018
00002,,00002771201,,,01,7712,HUMALOG KW,3,XX,true,,,MCOU,2018
00002,1389961.59,00002771227,26503.78,1377,27,7712,HUMALOG KW,3,XX,false,1416465.37,20523.000,FFSU,2018
00002,4406308.03,00002771227,98237.77,5858,27,7712,HUMALOG KW,3,XX,false,4504545.80,68372.325,MCOU,2018
00002,,00002771401,,,01,7714,HUMALOG KW,3,XX,true,,,FFSU,2018
00002,9342.04,00002771401,911.57,40,01,7714,HUMALOG KW,3,XX,false,10253.61,480.000,MCOU,2018
00002,959991.60,00002771459,41057.95,1695,59,7714,HUMALOG KW,3,XX,false,1001049.55,28368.050,FFSU,2018
00002,1695056.36,00002771459,101241.85,3923,59,7714,HUMALOG KW,3,XX,false,1796298.21,56916.000,MCOU,2018
00002,,00002879701,,,01,8797,HUMALOG MI,3,XX,true,,,FFSU,2018
00002,16476.57,00002879701,1115.73,35,01,8797,HUMALOG MI,3,XX,false,17592.30,570.300,MCOU,2018
00002,2626933.55,00002879759,57636.14,3381,59,8797,HUMALOG MI,3,XX,false,2684569.69,78352.000,FFSU,2018
00002,9543264.97,00002879759,70368.22,16138,59,8797,HUMALOG MI,3,XX,false,9613633.19,321316.000,MCOU,2018
00002,,00002879801,,,01,8798,HUMALOG MI,3,XX,true,,,FFSU,2018
00002,,00002879801,,,01,8798,HUMALOG MI,3,XX,true,,,MCOU,2018
00002,301270.75,00002879859,6052.82,298,59,8798,HUMALOG MI,3,XX,false,307323.57,8853.000,FFSU,2018
00002,848958.30,00002879859,10561.48,1610,59,8798,HUMALOG MI,3,XX,false,859519.78,34603.000,MCOU,2018
00002,34483.40,00002879901,59.40,189,01,8799,HUMALOG KW,3,XX,false,34542.80,1061.000,FFSU,2018
00002,48081.82,00002879901,3513.36,335,01,8799,HUMALOG KW,3,XX,false,51595.18,2504.400,MCOU,2018
00002,26333214.25,00002879959,679765.84,45341,59,8799,HUMALOG KW,3,XX,false,27012980.09,789820.100,FFSU,2018
00002,57931563.55,00002879959,1135483.22,123991,59,8799,HUMALOG KW,3,XX,false,59067046.77,1947372.200,MCOU,2018
00002,30899987.00,00002751001,1512459.87,63175,01,7510,HUMALOG   ,2,XX,false,32412446.87,1223326.450,FFSU,2018
00002,75576540.75,00002751001,2065588.93,173443,01,7510,HUMALOG   ,2,XX,false,77642129.68,3085629.617,MCOU,2018
00002,827512.43,00002751017,14817.70,9506,17,7510,HUMALOG   ,2,XX,false,842330.13,29934.705,FFSU,2018
00002,963446.92,00002751017,347627.85,11951,17,7510,HUMALOG   ,2,XX,false,1311074.77,36138.300,MCOU,2018
00002,2554979.22,00002751101,32201.27,4158,01,7511,HUMALOG MI,2,XX,false,2587180.49,93341.550,FFSU,2018
00002,6081037.34,00002751101,29342.48,11436,01,7511,HUMALOG MI,2,XX,false,6110379.82,222552.050,MCOU,2018
00002,239228.58,00002751201,1199.04,312,01,7512,HUMALOG MI,2,XX,false,240427.62,8772.500,FFSU,2018
00002,466942.29,00002751201,1613.67,826,01,7512,HUMALOG MI,2,XX,false,468555.96,18392.100,MCOU,2018
00002,,00002751601,,,01,7516,HUMALOG   ,2,XX,true,,,FFSU,2018
00002,7261.86,00002751601,0.00,13,01,7516,HUMALOG   ,2,XX,false,7261.86,267.000,MCOU,2018
00002,3108791.24,00002751659,198822.53,5538,59,7516,HUMALOG   ,2,XX,false,3307613.77,100809.100,FFSU,2018
00002,3103495.00,00002751659,170414.59,6457,59,7516,HUMALOG   ,2,XX,false,3273909.59,105486.200,MCOU,2018
00002,,00002771201,,,01,7712,HUMALOG KW,2,XX,true,,,FFSU,2018
00002,7055.82,00002771201,0.00,13,01,7712,HUMALOG KW,2,XX,false,7055.82,102.000,MCOU,2018
00002,1262350.33,00002771227,24846.89,1319,27,7712,HUMALOG KW,2,XX,false,1287197.22,18744.000,FFSU,2018
00002,4376448.73,00002771227,93015.31,5954,27,7712,HUMALOG KW,2,XX,false,4469464.04,68616.525,MCOU,2018
00002,4522.62,00002771401,0.00,26,01,7714,HUMALOG KW,2,XX,false,4522.62,300.100,MCOU,2018
00002,568882.53,00002771459,41300.48,1075,59,7714,HUMALOG KW,2,XX,false,610183.01,17484.000,FFSU,2018
00002,1161714.38,00002771459,59195.53,2735,59,7714,HUMALOG KW,2,XX,false,1220909.91,39819.000,MCOU,2018
00002,,00002879701,,,01,8797,HUMALOG MI,2,XX,true,,,FFSU,2018
00002,19793.53,00002879701,348.00,39,01,8797,HUMALOG MI,2,XX,false,20141.53,621.200,MCOU,2018
00002,2648924.76,00002879759,59510.14,3511,59,8797,HUMALOG MI,2,XX,false,2708434.90,79083.200,FFSU,2018
00002,9633669.57,00002879759,96837.59,16695,59,8797,HUMALOG MI,2,XX,false,9730507.16,331349.550,MCOU,2018
00002,,00002879801,,,01,8798,HUMALOG MI,2,XX,true,,,FFSU,2018
00002,,00002879801,,,01,8798,HUMALOG MI,2,XX,true,,,MCOU,2018
00002,275275.46,00002879859,7960.87,321,59,8798,HUMALOG MI,2,XX,false,283236.33,8202.000,FFSU,2018
00002,847345.28,00002879859,10520.99,1606,59,8798,HUMALOG MI,2,XX,false,857866.27,34560.000,MCOU,2018
00002,33485.20,00002879901,51.34,147,01,8799,HUMALOG KW,2,XX,false,33536.54,944.850,FFSU,2018
00002,48798.30,00002879901,3254.07,335,01,8799,HUMALOG KW,2,XX,false,52052.37,3107.350,MCOU,2018
00002,26109104.09,00002879959,756883.42,45047,59,8799,HUMALOG KW,2,XX,false,26865987.51,788471.936,FFSU,2018
00002,66220877.92,00002879959,1293560.68,142303,59,8799,HUMALOG KW,2,XX,false,67514438.60,2254270.400,MCOU,2018
00002,34654314.50,00002751001,1351889.03,70340,01,7510,HUMALOG   ,1,XX,false,36006203.53,1357064.517,FFSU,2018
00002,79006636.02,00002751001,2003446.75,172974,01,7510,HUMALOG   ,1,XX,false,81010082.77,3102676.086,MCOU,2018
00002,787445.11,00002751017,13953.64,9021,17,7510,HUMALOG   ,1,XX,false,801398.75,28358.640,FFSU,2018
00002,872331.90,00002751017,598231.62,10654,17,7510,HUMALOG   ,1,XX,false,1470563.52,32947.974,MCOU,2018
00002,2695948.21,00002751101,29203.35,4411,01,7511,HUMALOG MI,1,XX,false,2725151.56,98208.250,FFSU,2018
00002,6389277.22,00002751101,27964.51,11486,01,7511,HUMALOG MI,1,XX,false,6417241.73,227233.320,MCOU,2018
00002,280371.23,00002751201,4183.87,376,01,7512,HUMALOG MI,1,XX,false,284555.10,10357.000,FFSU,2018
00002,508595.88,00002751201,1568.80,808,01,7512,HUMALOG MI,1,XX,false,510164.68,18283.400,MCOU,2018
00002,,00002751601,,,01,7516,HUMALOG   ,1,XX,true,,,FFSU,2018
00002,,00002751601,,,01,7516,HUMALOG   ,1,XX,true,,,MCOU,2018
00002,3548797.16,00002751659,211696.45,6192,59,7516,HUMALOG   ,1,XX,false,3760493.61,113372.950,FFSU,2018
00002,3629404.51,00002751659,165073.40,7112,59,7516,HUMALOG   ,1,XX,false,3794477.91,116470.100,MCOU,2018
00002,,00002771201,,,01,7712,HUMALOG KW,1,XX,true,,,FFSU,2018
00002,,00002771201,,,01,7712,HUMALOG KW,1,XX,true,,,MCOU,2018
00002,1244015.48,00002771227,19905.27,1287,27,7712,HUMALOG KW,1,XX,false,1263920.75,18303.000,FFSU,2018
00002,4409932.13,00002771227,67138.59,5659,27,7712,HUMALOG KW,1,XX,false,4477070.72,64847.075,MCOU,2018
00002,,00002771401,,,01,7714,HUMALOG KW,1,XX,true,,,MCOU,2018
00002,369482.94,00002771459,16386.03,668,59,7714,HUMALOG KW,1,XX,false,385868.97,11006.000,FFSU,2018
00002,777978.43,00002771459,24083.74,1585,59,7714,HUMALOG KW,1,XX,false,802062.17,23784.000,MCOU,2018
00002,,00002879701,,,01,8797,HUMALOG MI,1,XX,true,,,FFSU,2018
00002,22664.81,00002879701,785.28,48,01,8797,HUMALOG MI,1,XX,false,23450.09,656.100,MCOU,2018
00002,2816272.02,00002879759,52528.14,3713,59,8797,HUMALOG MI,1,XX,false,2868800.16,83892.250,FFSU,2018
00002,11343137.01,00002879759,112501.79,16699,59,8797,HUMALOG MI,1,XX,false,11455638.80,330246.000,MCOU,2018
00002,,00002879801,,,01,8798,HUMALOG MI,1,XX,true,,,FFSU,2018
00002,,00002879801,,,01,8798,HUMALOG MI,1,XX,true,,,MCOU,2018
00002,342181.98,00002879859,4797.74,380,59,8798,HUMALOG MI,1,XX,false,346979.72,10011.000,FFSU,2018
00002,1212031.33,00002879859,13523.02,1635,59,8798,HUMALOG MI,1,XX,false,1225554.35,35706.000,MCOU,2018
00002,28699.43,00002879901,177.07,136,01,8799,HUMALOG KW,1,XX,false,28876.50,825.200,FFSU,2018
00002,96167.38,00002879901,65201.55,390,01,8799,HUMALOG KW,1,XX,false,161368.93,3210.800,MCOU,2018
00002,28509085.22,00002879959,757466.01,47419,59,8799,HUMALOG KW,1,XX,false,29266551.23,857464.150,FFSU,2018
00002,76626860.86,00002879959,1365059.30,138803,59,8799,HUMALOG KW,1,XX,false,77991920.16,2265918.625,MCOU,2018
00024,436311.76,00024592410,1693.52,1161,10,5924,ADMELOG VI,4,XX,false,438005.28,18770.000,FFSU,2018
00024,29296010.70,00024592410,59232.77,69972,10,5924,ADMELOG VI,4,XX,false,29355243.47,1265516.750,MCOU,2018
00024,889334.25,00024592505,8159.22,2188,05,5925,ADMELOG SO,4,XX,false,897493.47,30000.000,FFSU,2018
00024,47618872.70,00024592505,39007.50,101724,05,5925,ADMELOG SO,4,XX,false,47657880.20,1593546.050,MCOU,2018
00024,185072.07,00024592410,0.00,531,10,5924,ADMELOG VI,3,XX,false,185072.07,7920.100,FFSU,2018
00024,10515405.30,00024592410,22112.25,29839,10,5924,ADMELOG VI,3,XX,false,10537517.55,529440.300,MCOU,2018
00024,394930.05,00024592505,2943.90,984,05,5925,ADMELOG SO,3,XX,false,397873.95,13338.000,FFSU,2018
00024,15382568.62,00024592505,22265.55,39366,05,5925,ADMELOG SO,3,XX,false,15404834.17,617570.000,MCOU,2018
00024,61587.61,00024592410,3.00,168,10,5924,ADMELOG VI,2,XX,false,61590.61,2630.100,FFSU,2018
00024,1681030.45,00024592410,8725.84,4297,10,5924,ADMELOG VI,2,XX,false,1689756.29,72394.800,MCOU,2018
00024,107316.41,00024592505,241.67,240,05,5925,ADMELOG SO,2,XX,false,107558.08,3612.000,FFSU,2018
00024,2737784.96,00024592505,4692.76,6160,05,5925,ADMELOG SO,2,XX,false,2742477.72,93423.000,MCOU,2018
00024,5312.78,00024592410,865.15,15,10,5924,ADMELOG VI,1,XX,false,6177.93,260.000,MCOU,2018
00024,,00024592505,,,05,5925,ADMELOG SO,1,XX,true,,,FFSU,2018
00024,8082.44,00024592505,0.00,16,05,5925,ADMELOG SO,1,XX,false,8082.44,270.000,MCOU,2018
00088,505467.12,00088250033,14040.18,902,33,2500,APIDRA 10M,4,XX,false,519507.30,19636.200,FFSU,2018
00088,3624895.97,00088250033,10002.57,7253,33,2500,APIDRA 10M,4,XX,false,3634898.54,133759.800,MCOU,2018
00088,887242.53,00088250205,6056.16,1423,05,2502,APIDRA 3ML,4,XX,false,893298.69,26136.000,FFSU,2018
00088,4779493.74,00088250205,7137.62,8214,05,2502,APIDRA 3ML,4,XX,false,4786631.36,138735.200,MCOU,2018
00088,530010.85,00088250033,14165.85,967,33,2500,APIDRA 10M,3,XX,false,544176.70,20674.650,FFSU,2018
00088,6817997.09,00088250033,15709.55,14639,33,2500,APIDRA 10M,3,XX,false,6833706.64,262742.900,MCOU,2018
00088,850713.38,00088250205,9440.94,1404,05,2502,APIDRA 3ML,3,XX,false,860154.32,25173.000,FFSU,2018
00088,13916442.42,00088250205,18425.52,26217,05,2502,APIDRA 3ML,3,XX,false,13934867.94,432109.200,MCOU,2018
00088,573635.37,00088250033,26505.42,1053,33,2500,APIDRA 10M,2,XX,false,600140.79,23201.500,FFSU,2018
00088,7528690.64,00088250033,11428.37,16604,33,2500,APIDRA 10M,2,XX,false,7540119.01,294311.800,MCOU,2018
00088,,00088250052,,,52,2500,APIDRA 10M,2,XX,true,,,MCOU,2018
00088,874890.56,00088250205,15879.67,1457,05,2502,APIDRA 3ML,2,XX,false,890770.23,25974.000,FFSU,2018
00088,15349181.57,00088250205,30599.77,29470,05,2502,APIDRA 3ML,2,XX,false,15379781.34,486631.050,MCOU,2018
00088,606630.74,00088250033,24876.20,1138,33,2500,APIDRA 10M,1,XX,false,631506.94,24615.700,FFSU,2018
00088,8171147.28,00088250033,11034.85,17310,33,2500,APIDRA 10M,1,XX,false,8182182.13,305887.300,MCOU,2018
00088,824518.86,00088250205,11837.62,1348,05,2502,APIDRA 3ML,1,XX,false,836356.48,24717.000,FFSU,2018
00088,16238940.88,00088250205,19949.49,28595,05,2502,APIDRA 3ML,1,XX,false,16258890.37,474850.050,MCOU,2018
00169,184891.28,00169320111,17377.77,263,11,3201,FIASP VIAL,4,XX,false,202269.05,7180.000,FFSU,2019
00169,342785.12,00169320111,28527.97,467,11,3201,FIASP VIAL,4,XX,false,371313.09,13461.200,MCOU,2019
00169,207166.58,00169320415,19227.16,357,15,3204,FIASP FLEX,4,XX,false,226393.74,6418.000,FFSU,2019
00169,429686.02,00169320415,12922.12,684,15,3204,FIASP FLEX,4,XX,false,442608.14,12123.100,MCOU,2019
00169,,00169320515,,,15,3205,FIASP PENF,4,XX,true,,,FFSU,2019
00169,,00169320515,,,15,3205,FIASP PENF,4,XX,true,,,MCOU,2019
00169,172148.51,00169320111,23541.78,240,11,3201,FIASP VIAL,3,XX,false,195690.29,7070.000,FFSU,2019
00169,303162.51,00169320111,20458.46,410,11,3201,FIASP VIAL,3,XX,false,323620.97,11440.300,MCOU,2019
00169,191430.52,00169320415,14716.91,315,15,3204,FIASP FLEX,3,XX,false,206147.43,5634.000,FFSU,2019
00169,478002.73,00169320415,22857.51,765,15,3204,FIASP FLEX,3,XX,false,500860.24,13734.100,MCOU,2019
00169,135118.57,00169320111,17224.04,203,11,3201,FIASP VIAL,2,XX,false,152342.61,5580.000,FFSU,2019
00169,282417.52,00169320111,22303.98,410,11,3201,FIASP VIAL,2,XX,false,304721.50,10760.300,MCOU,2019
00169,152984.28,00169320415,19874.71,260,15,3204,FIASP FLEX,2,XX,false,172858.99,4722.000,FFSU,2019
00169,433788.07,00169320415,23252.20,713,15,3204,FIASP FLEX,2,XX,false,457040.27,12294.000,MCOU,2019
00169,91389.99,00169320111,16087.47,136,11,3201,FIASP VIAL,1,XX,false,107477.46,3950.000,FFSU,2019
00169,243253.18,00169320111,25095.72,353,11,3201,FIASP VIAL,1,XX,false,268348.90,9560.000,MCOU,2019
00169,111905.13,00169320415,20892.73,196,15,3204,FIASP FLEX,1,XX,false,132797.86,3693.000,FFSU,2019
00169,375298.12,00169320415,19776.30,622,15,3204,FIASP FLEX,1,XX,false,395074.42,10926.000,MCOU,2019
00169,2230143.27,00169330312,196160.78,3925,12,3303,NOVOLOG PE,4,XX,false,2426304.05,70288.200,FFSU,2019
00169,2639551.25,00169330312,221855.96,5377,12,3303,NOVOLOG PE,4,XX,false,2861407.21,83230.750,MCOU,2019
00169,1408726.81,00169368512,18516.45,2170,12,3685,NOVOLOG MI,4,XX,false,1427243.26,48581.380,FFSU,2019
00169,5437447.55,00169368512,16643.23,8714,12,3685,NOVOLOG MI,4,XX,false,5454090.78,182069.400,MCOU,2019
00169,4803075.39,00169369619,95612.85,6030,19,3696,NOVOLOG MI,4,XX,false,4898688.24,135274.250,FFSU,2019
00169,14078741.36,00169369619,157136.86,19391,19,3696,NOVOLOG MI,4,XX,false,14235878.22,386222.500,MCOU,2019
00169,40061252.05,00169633910,1037272.21,67673,10,6339,NOVOLOG FL,4,XX,false,41098524.26,1137560.850,FFSU,2019
00169,58613091.97,00169633910,1431926.46,106118,10,6339,NOVOLOG FL,4,XX,false,60045018.43,1628808.407,MCOU,2019
00169,17408389.26,00169750111,1455874.85,30002,11,7501,NOVOLOG 10,4,XX,false,18864264.11,691030.820,FFSU,2019
00169,28237565.61,00169750111,1877261.38,50914,11,7501,NOVOLOG 10,4,XX,false,30114826.99,1064329.650,MCOU,2019
00169,2318006.48,00169330312,234158.30,4071,12,3303,NOVOLOG PE,3,XX,false,2552164.78,73632.000,FFSU,2019
00169,2630605.18,00169330312,240659.62,5446,12,3303,NOVOLOG PE,3,XX,false,2871264.80,83576.350,MCOU,2019
00169,1493032.51,00169368512,20189.16,2293,12,3685,NOVOLOG MI,3,XX,false,1513221.67,51676.400,FFSU,2019
00169,5773902.49,00169368512,36692.98,9136,12,3685,NOVOLOG MI,3,XX,false,5810595.47,190330.320,MCOU,2019
00169,5022317.74,00169369619,97395.62,6205,19,3696,NOVOLOG MI,3,XX,false,5119713.36,141453.250,FFSU,2019
00169,14675526.56,00169369619,167116.07,20081,19,3696,NOVOLOG MI,3,XX,false,14842642.63,401137.020,MCOU,2019
00169,40374819.07,00169633910,1172696.97,68214,10,6339,NOVOLOG FL,3,XX,false,41547516.04,1150709.500,FFSU,2019
00169,60109537.51,00169633910,1429962.59,107098,10,6339,NOVOLOG FL,3,XX,false,61539500.10,1658840.190,MCOU,2019
00169,18058382.90,00169750111,1539427.70,31169,11,7501,NOVOLOG 10,3,XX,false,19597810.60,716130.600,FFSU,2019
00169,28940188.79,00169750111,1935905.43,52854,11,7501,NOVOLOG 10,3,XX,false,30876094.22,1086277.210,MCOU,2019
00169,2200821.11,00169330312,270313.82,4019,12,3303,NOVOLOG PE,2,XX,false,2471134.93,71424.000,FFSU,2019
00169,2417513.65,00169330312,206107.72,5043,12,3303,NOVOLOG PE,2,XX,false,2623621.37,77007.800,MCOU,2019
00169,1525559.52,00169368512,23644.10,2360,12,3685,NOVOLOG MI,2,XX,false,1549203.62,53103.000,FFSU,2019
00169,5918936.36,00169368512,32355.30,9438,12,3685,NOVOLOG MI,2,XX,false,5951291.66,196480.130,MCOU,2019
00169,5012402.54,00169369619,120655.40,6179,19,3696,NOVOLOG MI,2,XX,false,5133057.94,141645.050,FFSU,2019
00169,14553349.95,00169369619,160220.87,19840,19,3696,NOVOLOG MI,2,XX,false,14713570.82,397514.500,MCOU,2019
00169,39784577.44,00169633910,1341668.78,67221,10,6339,NOVOLOG FL,2,XX,false,41126246.22,1139437.900,FFSU,2019
00169,56482612.64,00169633910,1353645.10,99373,10,6339,NOVOLOG FL,2,XX,false,57836257.74,1568911.550,MCOU,2019
00169,17591906.45,00169750111,1800423.08,31256,11,7501,NOVOLOG 10,2,XX,false,19392329.53,707717.298,FFSU,2019
00169,27469061.90,00169750111,1973884.73,51477,11,7501,NOVOLOG 10,2,XX,false,29442946.63,1046490.645,MCOU,2019
00169,2264131.41,00169330312,204961.98,4034,12,3303,NOVOLOG PE,1,XX,false,2469093.39,71601.600,FFSU,2019
00169,2550108.69,00169330312,209845.56,5180,12,3303,NOVOLOG PE,1,XX,false,2759954.25,80746.050,MCOU,2019
00169,1555949.68,00169368512,21952.02,2399,12,3685,NOVOLOG MI,1,XX,false,1577901.70,53879.050,FFSU,2019
00169,6088365.87,00169368512,38342.44,9901,12,3685,NOVOLOG MI,1,XX,false,6126708.31,205795.350,MCOU,2019
00169,4973237.76,00169369619,100969.05,6160,19,3696,NOVOLOG MI,1,XX,false,5074206.81,139978.850,FFSU,2019
00169,14140942.78,00169369619,161607.76,19402,19,3696,NOVOLOG MI,1,XX,false,14302550.54,389910.600,MCOU,2019
00169,39755089.77,00169633910,1243984.05,66844,10,6339,NOVOLOG FL,1,XX,false,40999073.82,1135982.100,FFSU,2019
00169,53230641.98,00169633910,1404215.77,94591,10,6339,NOVOLOG FL,1,XX,false,54634857.75,1500363.150,MCOU,2019
00169,18022401.08,00169750111,1508289.17,31648,11,7501,NOVOLOG 10,1,XX,false,19530690.25,707726.680,FFSU,2019
00169,27704625.65,00169750111,1975213.36,53694,11,7501,NOVOLOG 10,1,XX,false,29679839.01,1057446.960,MCOU,2019
00002,25926238.26,00002751001,951733.90,50861,01,7510,HUMALOG   ,4,XX,false,26877972.16,1027838.560,FFSU,2019
00002,29411553.70,00002751001,1359092.66,64944,01,7510,HUMALOG   ,4,XX,false,30770646.36,1274238.310,MCOU,2019
00002,797270.03,00002751017,10859.26,9372,17,7510,HUMALOG   ,4,XX,false,808129.29,29286.210,FFSU,2019
00002,3241415.10,00002751017,91503.97,11503,17,7510,HUMALOG   ,4,XX,false,3332919.07,24707.045,MCOU,2019
00002,1793064.63,00002751101,24548.71,2914,01,7511,HUMALOG MI,4,XX,false,1817613.34,65647.500,FFSU,2019
00002,4869227.61,00002751101,15000.44,8700,01,7511,HUMALOG MI,4,XX,false,4884228.05,170371.080,MCOU,2019
00002,130472.03,00002751201,2751.64,200,01,7512,HUMALOG MI,4,XX,false,133223.67,4801.500,FFSU,2019
00002,353245.96,00002751201,1021.92,574,01,7512,HUMALOG MI,4,XX,false,354267.88,12359.550,MCOU,2019
00002,,00002751601,,,01,7516,HUMALOG   ,4,XX,true,,,MCOU,2019
00002,2257428.53,00002751659,147032.90,3828,59,7516,HUMALOG   ,4,XX,false,2404461.43,73217.150,FFSU,2019
00002,1461703.33,00002751659,101558.25,2914,59,7516,HUMALOG   ,4,XX,false,1563261.58,48901.450,MCOU,2019
00002,,00002771201,,,01,7712,HUMALOG KW,4,XX,true,,,FFSU,2019
00002,,00002771201,,,01,7712,HUMALOG KW,4,XX,true,,,MCOU,2019
00002,1583601.15,00002771227,49647.85,1554,27,7712,HUMALOG KW,4,XX,false,1633249.00,23677.000,FFSU,2019
00002,3830344.22,00002771227,77010.69,4312,27,7712,HUMALOG KW,4,XX,false,3907354.91,56937.900,MCOU,2019
00002,,00002771401,,,01,7714,HUMALOG KW,4,XX,true,,,FFSU,2019
00002,11075.49,00002771401,457.93,35,01,7714,HUMALOG KW,4,XX,false,11533.42,387.400,MCOU,2019
00002,2370686.48,00002771459,117235.06,4013,59,7714,HUMALOG KW,4,XX,false,2487921.54,72823.000,FFSU,2019
00002,3358843.58,00002771459,173632.64,7737,59,7714,HUMALOG KW,4,XX,false,3532476.22,107010.400,MCOU,2019
00002,,00002879701,,,01,8797,HUMALOG MI,4,XX,true,,,FFSU,2019
00002,19631.40,00002879701,517.42,32,01,8797,HUMALOG MI,4,XX,false,20148.82,456.100,MCOU,2019
00002,2264908.15,00002879759,62387.60,3084,59,8797,HUMALOG MI,4,XX,false,2327295.75,67543.100,FFSU,2019
00002,10212865.59,00002879759,92032.44,14711,59,8797,HUMALOG MI,4,XX,false,10304898.03,294550.100,MCOU,2019
00002,,00002879801,,,01,8798,HUMALOG MI,4,XX,true,,,FFSU,2019
00002,,00002879801,,,01,8798,HUMALOG MI,4,XX,true,,,MCOU,2019
00002,277186.71,00002879859,14256.83,330,59,8798,HUMALOG MI,4,XX,false,291443.54,8292.000,FFSU,2019
00002,1125699.11,00002879859,11240.30,1529,59,8798,HUMALOG MI,4,XX,false,1136939.41,32805.000,MCOU,2019
00002,67960.20,00002879901,386.00,253,01,8799,HUMALOG KW,4,XX,false,68346.20,2166.600,FFSU,2019
00002,281743.11,00002879901,13899.89,344,01,8799,HUMALOG KW,4,XX,false,295643.00,1715.150,MCOU,2019
00002,23329039.68,00002879959,590190.17,41264,59,8799,HUMALOG KW,4,XX,false,23919229.85,708921.550,FFSU,2019
00002,23367072.11,00002879959,783307.51,50368,59,8799,HUMALOG KW,4,XX,false,24150379.62,784687.050,MCOU,2019
00002,28107597.86,00002751001,1283798.63,56542,01,7510,HUMALOG   ,3,XX,false,29391396.49,1125399.090,FFSU,2019
00002,34717515.58,00002751001,1463263.25,74567,01,7510,HUMALOG   ,3,XX,false,36180778.83,1431694.662,MCOU,2019
00002,831392.29,00002751017,11104.53,9827,17,7510,HUMALOG   ,3,XX,false,842496.82,30745.022,FFSU,2019
00002,2852985.07,00002751017,69290.85,12325,17,7510,HUMALOG   ,3,XX,false,2922275.92,34066.760,MCOU,2019
00002,1932093.19,00002751101,28753.43,3121,01,7511,HUMALOG MI,3,XX,false,1960846.62,70501.300,FFSU,2019
00002,5333133.07,00002751101,22608.17,9299,01,7511,HUMALOG MI,3,XX,false,5355741.24,183317.680,MCOU,2019
00002,150969.61,00002751201,2715.09,223,01,7512,HUMALOG MI,3,XX,false,153684.70,5551.600,FFSU,2019
00002,379264.94,00002751201,1345.62,625,01,7512,HUMALOG MI,3,XX,false,380610.56,13183.100,MCOU,2019
00002,,00002751601,,,01,7516,HUMALOG   ,3,XX,true,,,MCOU,2019
00002,2546507.91,00002751659,185533.12,4426,59,7516,HUMALOG   ,3,XX,false,2732041.03,82981.100,FFSU,2019
00002,1533132.64,00002751659,92931.50,3153,59,7516,HUMALOG   ,3,XX,false,1626064.14,50927.900,MCOU,2019
00002,,00002771201,,,01,7712,HUMALOG KW,3,XX,true,,,FFSU,2019
00002,6546.26,00002771201,3.00,12,01,7712,HUMALOG KW,3,XX,false,6549.26,93.000,MCOU,2019
00002,1566644.15,00002771227,57150.31,1524,27,7712,HUMALOG KW,3,XX,false,1623794.46,23640.000,FFSU,2019
00002,3932785.40,00002771227,66191.75,4582,27,7712,HUMALOG KW,3,XX,false,3998977.15,57770.275,MCOU,2019
00002,,00002771401,,,01,7714,HUMALOG KW,3,XX,true,,,FFSU,2019
00002,10048.34,00002771401,3.00,26,01,7714,HUMALOG KW,3,XX,false,10051.34,339.000,MCOU,2019
00002,2258399.85,00002771459,119825.20,3861,59,7714,HUMALOG KW,3,XX,false,2378225.05,69298.000,FFSU,2019
00002,3184317.13,00002771459,152095.44,7105,59,7714,HUMALOG KW,3,XX,false,3336412.57,98410.100,MCOU,2019
00002,,00002879459,,,59,8794,HUMALOG MI,3,XX,true,,,MCOU,2019
00002,,00002879701,,,01,8797,HUMALOG MI,3,XX,true,,,FFSU,2019
00002,16843.93,00002879701,3.00,35,01,8797,HUMALOG MI,3,XX,false,16846.93,501.250,MCOU,2019
00002,2398957.87,00002879759,44402.17,3148,59,8797,HUMALOG MI,3,XX,false,2443360.04,70740.050,FFSU,2019
00002,10767103.98,00002879759,108601.62,15299,59,8797,HUMALOG MI,3,XX,false,10875705.60,307181.500,MCOU,2019
00002,,00002879801,,,01,8798,HUMALOG MI,3,XX,true,,,FFSU,2019
00002,,00002879801,,,01,8798,HUMALOG MI,3,XX,true,,,MCOU,2019
00002,308260.30,00002879859,5849.74,360,59,8798,HUMALOG MI,3,XX,false,314110.04,9192.000,FFSU,2019
00002,1118826.57,00002879859,14793.90,1574,59,8798,HUMALOG MI,3,XX,false,1133620.47,32781.500,MCOU,2019
00002,66501.48,00002879901,260.05,249,01,8799,HUMALOG KW,3,XX,false,66761.53,1932.900,FFSU,2019
00002,268513.54,00002879901,2615.95,324,01,8799,HUMALOG KW,3,XX,false,271129.49,2173.430,MCOU,2019
00002,25340624.05,00002879959,717528.33,44883,59,8799,HUMALOG KW,3,XX,false,26058152.38,766905.100,FFSU,2019
00002,30086715.22,00002879959,860589.89,60056,59,8799,HUMALOG KW,3,XX,false,30947305.11,926914.100,MCOU,2019
00002,28407640.06,00002751001,1605905.53,57231,01,7510,HUMALOG   ,2,XX,false,30013545.59,1137752.510,FFSU,2019
00002,37986099.54,00002751001,1587373.95,79049,01,7510,HUMALOG   ,2,XX,false,39573473.49,1495805.507,MCOU,2019
00002,900393.27,00002751017,10140.66,10396,17,7510,HUMALOG   ,2,XX,false,910533.93,32389.200,FFSU,2019
00002,2011382.56,00002751017,184853.76,11838,17,7510,HUMALOG   ,2,XX,false,2196236.32,27156.640,MCOU,2019
00002,2030568.48,00002751101,31703.64,3300,01,7511,HUMALOG MI,2,XX,false,2062272.12,74209.000,FFSU,2019
00002,5460284.85,00002751101,16905.13,9664,01,7511,HUMALOG MI,2,XX,false,5477189.98,188053.030,MCOU,2019
00002,190506.18,00002751201,2714.59,255,01,7512,HUMALOG MI,2,XX,false,193220.77,6942.500,FFSU,2019
00002,400536.50,00002751201,1684.20,661,01,7512,HUMALOG MI,2,XX,false,402220.70,14171.000,MCOU,2019
00002,,00002751601,,,01,7516,HUMALOG   ,2,XX,true,,,MCOU,2019
00002,2438119.10,00002751659,209696.64,4307,59,7516,HUMALOG   ,2,XX,false,2647815.74,80514.250,FFSU,2019
00002,1702767.32,00002751659,102353.09,3556,59,7516,HUMALOG   ,2,XX,false,1805120.41,57082.850,MCOU,2019
00002,,00002771201,,,01,7712,HUMALOG KW,2,XX,true,,,FFSU,2019
00002,4375.31,00002771201,6.65,12,01,7712,HUMALOG KW,2,XX,false,4381.96,63.000,MCOU,2019
00002,1600985.57,00002771227,72349.55,1554,27,7712,HUMALOG KW,2,XX,false,1673335.12,24313.000,FFSU,2019
00002,4045209.31,00002771227,42415.08,4743,27,7712,HUMALOG KW,2,XX,false,4087624.39,58818.550,MCOU,2019
00002,,00002771401,,,01,7714,HUMALOG KW,2,XX,true,,,FFSU,2019
00002,8049.84,00002771401,30.26,29,01,7714,HUMALOG KW,2,XX,false,8080.10,300.000,MCOU,2019
00002,1574990.15,00002771459,116562.85,2910,59,7714,HUMALOG KW,2,XX,false,1691553.00,49555.000,FFSU,2019
00002,2740103.23,00002771459,134509.16,5945,59,7714,HUMALOG KW,2,XX,false,2874612.39,84697.000,MCOU,2019
00002,,00002879701,,,01,8797,HUMALOG MI,2,XX,true,,,FFSU,2019
00002,19583.09,00002879701,638.52,38,01,8797,HUMALOG MI,2,XX,false,20221.61,567.200,MCOU,2019
00002,2495647.12,00002879759,59029.40,3249,59,8797,HUMALOG MI,2,XX,false,2554676.52,74142.000,FFSU,2019
00002,10173608.02,00002879759,141183.65,14601,59,8797,HUMALOG MI,2,XX,false,10314791.67,287944.100,MCOU,2019
00002,,00002879801,,,01,8798,HUMALOG MI,2,XX,true,,,FFSU,2019
00002,,00002879801,,,01,8798,HUMALOG MI,2,XX,true,,,MCOU,2019
00002,317410.64,00002879859,4864.55,372,59,8798,HUMALOG MI,2,XX,false,322275.19,9294.000,FFSU,2019
00002,1128652.12,00002879859,6049.21,1590,59,8798,HUMALOG MI,2,XX,false,1134701.33,33259.000,MCOU,2019
00002,62213.70,00002879901,897.54,328,01,8799,HUMALOG KW,2,XX,false,63111.24,2030.450,FFSU,2019
00002,226707.83,00002879901,2129.73,322,01,8799,HUMALOG KW,2,XX,false,228837.56,2740.700,MCOU,2019
00002,26131546.30,00002879959,944241.61,46891,59,8799,HUMALOG KW,2,XX,false,27075787.91,789057.750,FFSU,2019
00002,36768751.31,00002879959,904613.25,68813,59,8799,HUMALOG KW,2,XX,false,37673364.56,1065049.250,MCOU,2019
00002,29259503.41,00002751001,1484115.89,59518,01,7510,HUMALOG   ,1,XX,false,30743619.30,1163993.960,FFSU,2019
00002,44392028.15,00002751001,1650403.93,95274,01,7510,HUMALOG   ,1,XX,false,46042432.08,1755586.659,MCOU,2019
00002,1003100.97,00002751017,19005.83,11686,17,7510,HUMALOG   ,1,XX,false,1022106.80,36819.411,FFSU,2019
00002,1069832.91,00002751017,429999.06,11624,17,7510,HUMALOG   ,1,XX,false,1499831.97,29033.860,MCOU,2019
00002,2152570.92,00002751101,31183.60,3499,01,7511,HUMALOG MI,1,XX,false,2183754.52,78851.060,FFSU,2019
00002,5375297.79,00002751101,17259.45,9763,01,7511,HUMALOG MI,1,XX,false,5392557.24,189808.410,MCOU,2019
00002,212971.30,00002751201,1224.47,274,01,7512,HUMALOG MI,1,XX,false,214195.77,7711.050,FFSU,2019
00002,427667.29,00002751201,654.74,726,01,7512,HUMALOG MI,1,XX,false,428322.03,15107.250,MCOU,2019
00002,,00002751601,,,01,7516,HUMALOG   ,1,XX,true,,,MCOU,2019
00002,2691144.10,00002751659,181743.32,4661,59,7516,HUMALOG   ,1,XX,false,2872887.42,87069.900,FFSU,2019
00002,1983129.86,00002751659,128656.58,4101,59,7516,HUMALOG   ,1,XX,false,2111786.44,66591.750,MCOU,2019
00002,,00002771201,,,01,7712,HUMALOG KW,1,XX,true,,,FFSU,2019
00002,4582.46,00002771201,3.65,12,01,7712,HUMALOG KW,1,XX,false,4586.11,66.000,MCOU,2019
00002,1465504.40,00002771227,42913.81,1427,27,7712,HUMALOG KW,1,XX,false,1508418.21,21741.000,FFSU,2019
00002,4344111.10,00002771227,96442.41,5184,27,7712,HUMALOG KW,1,XX,false,4440553.51,63477.550,MCOU,2019
00002,9329.45,00002771401,144.96,39,01,7714,HUMALOG KW,1,XX,false,9474.41,366.200,MCOU,2019
00002,1327550.09,00002771459,101302.28,2485,59,7714,HUMALOG KW,1,XX,false,1428852.37,41770.000,FFSU,2019
00002,2393450.04,00002771459,112565.70,5225,59,7714,HUMALOG KW,1,XX,false,2506015.74,74241.150,MCOU,2019
00002,,00002879701,,,01,8797,HUMALOG MI,1,XX,true,,,FFSU,2019
00002,21284.96,00002879701,1468.31,38,01,8797,HUMALOG MI,1,XX,false,22753.27,667.100,MCOU,2019
00002,2531973.40,00002879759,47409.11,3338,59,8797,HUMALOG MI,1,XX,false,2579382.51,75032.500,FFSU,2019
00002,10594229.53,00002879759,108088.40,15349,59,8797,HUMALOG MI,1,XX,false,10702317.93,307714.500,MCOU,2019
00002,,00002879801,,,01,8798,HUMALOG MI,1,XX,true,,,FFSU,2019
00002,,00002879801,,,01,8798,HUMALOG MI,1,XX,true,,,MCOU,2019
00002,327769.85,00002879859,4974.75,342,59,8798,HUMALOG MI,1,XX,false,332744.60,9609.000,FFSU,2019
00002,1107314.25,00002879859,13656.16,1532,59,8798,HUMALOG MI,1,XX,false,1120970.41,32533.000,MCOU,2019
00002,57451.20,00002879901,1218.39,264,01,8799,HUMALOG KW,1,XX,false,58669.59,1702.200,FFSU,2019
00002,53766.43,00002879901,2053.28,287,01,8799,HUMALOG KW,1,XX,false,55819.71,1912.700,MCOU,2019
00002,26908346.14,00002879959,857002.56,48522,59,8799,HUMALOG KW,1,XX,false,27765348.70,812417.050,FFSU,2019
00002,39367390.56,00002879959,1001137.13,77178,59,8799,HUMALOG KW,1,XX,false,40368527.69,1209072.700,MCOU,2019
00024,693787.78,00024592410,22044.51,2958,10,5924,ADMELOG VI,4,XX,false,715832.29,54488.000,FFSU,2019
00024,29459565.78,00024592410,67473.00,122023,10,5924,ADMELOG VI,4,XX,false,29527038.78,2256496.580,MCOU,2019
00024,14777.26,00024592501,12.00,90,01,5925,ADMELOG SO,4,XX,false,14789.26,876.050,MCOU,2019
00024,1434571.59,00024592505,12173.96,5701,05,5925,ADMELOG SO,4,XX,false,1446745.55,85992.000,FFSU,2019
00024,45094225.27,00024592505,52763.37,175350,05,5925,ADMELOG SO,4,XX,false,45146988.64,2684366.565,MCOU,2019
00024,21745.21,00024592605,297.99,345,05,5926,ADMELOG VI,4,XX,false,22043.20,1520.000,FFSU,2019
00024,209275.82,00024592605,1246.54,3500,05,5926,ADMELOG VI,4,XX,false,210522.36,15331.150,MCOU,2019
00024,576652.64,00024592410,8519.95,2323,10,5924,ADMELOG VI,3,XX,false,585172.59,43148.000,FFSU,2019
00024,29033451.55,00024592410,74609.92,121103,10,5924,ADMELOG VI,3,XX,false,29108061.47,2221808.430,MCOU,2019
00024,5641.27,00024592501,3.00,32,01,5925,ADMELOG SO,3,XX,false,5644.27,315.000,MCOU,2019
00024,1190503.52,00024592505,4644.06,4470,05,5925,ADMELOG SO,3,XX,false,1195147.58,67203.000,FFSU,2019
00024,44499245.71,00024592505,55259.12,171423,05,5925,ADMELOG SO,3,XX,false,44554504.83,2630741.000,MCOU,2019
00024,14201.99,00024592605,311.89,248,05,5926,ADMELOG VI,3,XX,false,14513.88,941.000,FFSU,2019
00024,178502.81,00024592605,1019.34,2876,05,5926,ADMELOG VI,3,XX,false,179522.15,13571.050,MCOU,2019
00024,800248.44,00024592410,12410.90,2005,10,5924,ADMELOG VI,2,XX,false,812659.34,35100.000,FFSU,2019
00024,51425214.83,00024592410,114045.35,122919,10,5924,ADMELOG VI,2,XX,false,51539260.18,2221870.200,MCOU,2019
00024,,00024592501,,,01,5925,ADMELOG SO,2,XX,true,,,MCOU,2019
00024,1748050.01,00024592505,10051.07,4006,05,5925,ADMELOG SO,2,XX,false,1758101.08,58833.000,FFSU,2019
00024,76155261.23,00024592505,92051.48,165379,05,5925,ADMELOG SO,2,XX,false,76247312.71,2555253.050,MCOU,2019
00024,7707.79,00024592605,428.01,104,05,5926,ADMELOG VI,2,XX,false,8135.80,321.000,FFSU,2019
00024,221809.70,00024592605,5136.62,1963,05,5926,ADMELOG VI,2,XX,false,226946.32,9704.000,MCOU,2019
00024,591523.18,00024592410,2105.88,1526,10,5924,ADMELOG VI,1,XX,false,593629.06,25512.000,FFSU,2019
00024,43903514.95,00024592410,87884.15,106876,10,5924,ADMELOG VI,1,XX,false,43991399.10,1896315.250,MCOU,2019
00024,1215851.49,00024592505,7432.89,2970,05,5925,ADMELOG SO,1,XX,false,1223284.38,40909.000,FFSU,2019
00024,65847755.85,00024592505,86010.05,141171,05,5925,ADMELOG SO,1,XX,false,65933765.90,2206472.050,MCOU,2019
00024,3372.79,00024592605,0.00,36,05,5926,ADMELOG VI,1,XX,false,3372.79,153.000,FFSU,2019
00024,70748.10,00024592605,3238.05,380,05,5926,ADMELOG VI,1,XX,false,73986.15,3179.000,MCOU,2019
00088,399181.33,00088250033,11833.31,649,33,2500,APIDRA 10M,4,XX,false,411014.64,15189.000,FFSU,2019
00088,1321242.23,00088250033,16051.70,2191,33,2500,APIDRA 10M,4,XX,false,1337293.93,48400.450,MCOU,2019
00088,743259.50,00088250205,4496.69,1057,05,2502,APIDRA 3ML,4,XX,false,747756.19,20782.050,FFSU,2019
00088,2417168.01,00088250205,8081.45,4253,05,2502,APIDRA 3ML,4,XX,false,2425249.46,67272.000,MCOU,2019
00088,462772.00,00088250033,13437.16,748,33,2500,APIDRA 10M,3,XX,false,476209.16,17501.050,FFSU,2019
00088,1928058.01,00088250033,8309.49,3255,33,2500,APIDRA 10M,3,XX,false,1936367.50,66880.050,MCOU,2019
00088,819185.38,00088250205,11441.36,1220,05,2502,APIDRA 3ML,3,XX,false,830626.74,23145.000,FFSU,2019
00088,2789370.74,00088250205,3396.00,4772,05,2502,APIDRA 3ML,3,XX,false,2792766.74,76674.100,MCOU,2019
00088,464289.63,00088250033,13995.15,788,33,2500,APIDRA 10M,2,XX,false,478284.78,17643.000,FFSU,2019
00088,2045935.88,00088250033,10425.65,3573,33,2500,APIDRA 10M,2,XX,false,2056361.53,70938.800,MCOU,2019
00088,825981.17,00088250205,11355.84,1283,05,2502,APIDRA 3ML,2,XX,false,837337.01,23145.100,FFSU,2019
00088,3105498.03,00088250205,6529.98,5275,05,2502,APIDRA 3ML,2,XX,false,3112028.01,85417.850,MCOU,2019
00088,490700.47,00088250033,10657.54,844,33,2500,APIDRA 10M,1,XX,false,501358.01,18402.000,FFSU,2019
00088,2038734.60,00088250033,9545.38,3551,33,2500,APIDRA 10M,1,XX,false,2048279.98,71325.950,MCOU,2019
00088,849688.61,00088250205,11172.59,1341,05,2502,APIDRA 3ML,1,XX,false,860861.20,24205.000,FFSU,2019
00088,3065134.89,00088250205,5599.84,5011,05,2502,APIDRA 3ML,1,XX,false,3070734.73,84634.300,MCOU,2019
00338,,00338012612,,,12,0126,Insulin in,4,XX,true,,,FFSU,2019
00338,3645.55,00338012612,1204.42,56,12,0126,Insulin in,4,XX,false,4849.97,5345.000,MCOU,2019
66733,584917.36,66733077301,10007.11,2200,01,0773,INSULIN LI,4,XX,false,594924.47,43252.000,FFSU,2019
66733,1953848.57,66733077301,19335.29,8772,01,0773,INSULIN LI,4,XX,false,1973183.86,145808.550,MCOU,2019
66733,,66733082201,,,01,0822,INSULIN LI,4,XX,true,,,FFSU,2019
66733,16054.03,66733082201,18.65,98,01,0822,INSULIN LI,4,XX,false,16072.68,939.000,MCOU,2019
66733,860610.50,66733082259,9126.61,3541,59,0822,INSULIN LI,4,XX,false,869737.11,48849.000,FFSU,2019
66733,3241668.09,66733082259,17016.45,13935,59,0822,INSULIN LI,4,XX,false,3258684.54,184759.000,MCOU,2019
66733,346785.59,66733077301,7086.15,1312,01,0773,INSULIN LI,3,XX,false,353871.74,25506.000,FFSU,2019
66733,1205186.02,66733077301,12292.71,4958,01,0773,INSULIN LI,3,XX,false,1217478.73,85942.050,MCOU,2019
66733,,66733082201,,,01,0822,INSULIN LI,3,XX,true,,,FFSU,2019
66733,14195.72,66733082201,562.66,76,01,0822,INSULIN LI,3,XX,false,14758.38,798.000,MCOU,2019
66733,454410.46,66733082259,3894.54,1781,59,0822,INSULIN LI,3,XX,false,458305.00,25455.000,FFSU,2019
66733,1863353.14,66733082259,11016.43,7440,59,0822,INSULIN LI,3,XX,false,1874369.57,101909.000,MCOU,2019
66733,16968.27,66733077301,300.99,77,01,0773,INSULIN LI,2,XX,false,17269.26,1300.000,FFSU,2019
66733,138278.39,66733077301,1255.83,536,01,0773,INSULIN LI,2,XX,false,139534.22,10145.050,MCOU,2019
66733,3863.13,66733082201,0.00,18,01,0822,INSULIN LI,2,XX,false,3863.13,217.000,MCOU,2019
66733,18061.16,66733082259,3.90,68,59,0822,INSULIN LI,2,XX,false,18065.06,999.000,FFSU,2019
66733,228557.60,66733082259,1616.64,891,59,0822,INSULIN LI,2,XX,false,230174.24,12967.000,MCOU,2019
00169,315517.95,00169320111,31427.49,392,11,3201,FIASP VIAL,4,XX,false,346945.44,12441.050,FFSU,2020
00169,536362.09,00169320111,72023.81,740,11,3201,FIASP VIAL,4,XX,false,608385.90,21910.050,MCOU,2020
00169,348007.78,00169320415,35582.22,508,15,3204,FIASP FLEX,4,XX,false,383590.00,10668.050,FFSU,2020
00169,600177.42,00169320415,44678.44,909,15,3204,FIASP FLEX,4,XX,false,644855.86,17811.050,MCOU,2020
00169,,00169320511,,,11,3205,FIASP PENF,4,XX,true,,,MCOU,2020
00169,25858.83,00169320515,1488.19,43,15,3205,FIASP PENF,4,XX,false,27347.02,765.000,FFSU,2020
00169,61669.54,00169320515,6435.61,90,15,3205,FIASP PENF,4,XX,false,68105.15,1941.000,MCOU,2020
00169,310462.25,00169320111,34835.42,407,11,3201,FIASP VIAL,3,XX,false,345297.67,12412.100,FFSU,2020
00169,507474.24,00169320111,72160.37,726,11,3201,FIASP VIAL,3,XX,false,579634.61,21020.150,MCOU,2020
00169,326862.60,00169320415,36553.75,487,15,3204,FIASP FLEX,3,XX,false,363416.35,10155.000,FFSU,2020
00169,559662.19,00169320415,45993.43,835,15,3204,FIASP FLEX,3,XX,false,605655.62,16473.000,MCOU,2020
00169,16200.67,00169320515,6314.63,26,15,3205,FIASP PENF,3,XX,false,22515.30,546.000,FFSU,2020
00169,43608.32,00169320515,7681.68,73,15,3205,FIASP PENF,3,XX,false,51290.00,1461.000,MCOU,2020
00169,276858.86,00169320111,39280.56,382,11,3201,FIASP VIAL,2,XX,false,316139.42,11480.000,FFSU,2020
00169,459905.97,00169320111,62202.25,652,11,3201,FIASP VIAL,2,XX,false,522108.22,19110.050,MCOU,2020
00169,276288.29,00169320415,37792.71,449,15,3204,FIASP FLEX,2,XX,false,314081.00,9090.000,FFSU,2020
00169,489199.67,00169320415,39505.35,828,15,3204,FIASP FLEX,2,XX,false,528705.02,14877.000,MCOU,2020
00169,16423.24,00169320515,3489.74,22,15,3205,FIASP PENF,2,XX,false,19912.98,546.000,FFSU,2020
00169,24792.64,00169320515,4878.10,40,15,3205,FIASP PENF,2,XX,false,29670.74,789.000,MCOU,2020
00169,232073.16,00169320111,27106.87,321,11,3201,FIASP VIAL,1,XX,false,259180.03,9370.000,FFSU,2020
00169,423058.25,00169320111,53511.72,586,11,3201,FIASP VIAL,1,XX,false,476569.97,17410.200,MCOU,2020
00169,214197.91,00169320415,33681.53,392,15,3204,FIASP FLEX,1,XX,false,247879.44,6999.000,FFSU,2020
00169,451742.65,00169320415,48336.52,804,15,3204,FIASP FLEX,1,XX,false,500079.17,13944.000,MCOU,2020
00169,,00169320515,,,15,3205,FIASP PENF,1,XX,true,,,FFSU,2020
00169,6979.81,00169320515,0.00,13,15,3205,FIASP PENF,1,XX,false,6979.81,201.000,MCOU,2020
00002,,00002772801,,,01,7728,LYUMJEV   ,4,XX,true,,,FFSU,2020
00002,15750.64,00002772801,766.26,15,01,7728,LYUMJEV   ,4,XX,false,16516.90,640.000,MCOU,2020
00002,,00002820705,,,05,8207,LYUMJEV KW,4,XX,true,,,FFSU,2020
00002,17522.54,00002820705,0.00,30,05,8207,LYUMJEV KW,4,XX,false,17522.54,510.000,MCOU,2020
00002,,00002822827,,,27,8228,LYUMJEV KW,4,XX,true,,,FFSU,2020
00002,,00002822827,,,27,8228,LYUMJEV KW,4,XX,true,,,MCOU,2020
00002,,00002772801,,,01,7728,LYUMJEV   ,3,XX,true,,,FFSU,2020
00002,,00002772801,,,01,7728,LYUMJEV   ,3,XX,true,,,MCOU,2020
00002,,00002820705,,,05,8207,LYUMJEV KW,3,XX,true,,,FFSU,2020
00002,,00002820705,,,05,8207,LYUMJEV KW,3,XX,true,,,MCOU,2020
00002,,00002822827,,,27,8228,LYUMJEV KW,3,XX,true,,,MCOU,2020
00169,2044301.38,00169330312,222314.63,3300,12,3303,NOVOLOG PE,4,XX,false,2266616.01,63384.700,FFSU,2020
00169,2881228.26,00169330312,239882.03,5250,12,3303,NOVOLOG PE,4,XX,false,3121110.29,91155.950,MCOU,2020
00169,1041792.45,00169368512,24848.26,1481,12,3685,NOVOLOG MI,4,XX,false,1066640.71,36553.200,FFSU,2020
00169,3580922.87,00169368512,77528.20,5403,12,3685,NOVOLOG MI,4,XX,false,3658451.07,122251.100,MCOU,2020
00169,4478972.57,00169369619,123837.93,5023,19,3696,NOVOLOG MI,4,XX,false,4602810.50,126822.483,FFSU,2020
00169,11004487.16,00169369619,133335.67,13723,19,3696,NOVOLOG MI,4,XX,false,11137822.83,307200.050,MCOU,2020
00169,38269879.20,00169633910,1299205.85,54600,10,6339,NOVOLOG FL,4,XX,false,39569085.05,1087024.356,FFSU,2020
00169,60422064.83,00169633910,1521126.50,92873,10,6339,NOVOLOG FL,4,XX,false,61943191.33,1705646.700,MCOU,2020
00169,15854644.97,00169750111,1732961.98,24330,11,7501,NOVOLOG 10,4,XX,false,17587606.95,640180.525,FFSU,2020
00169,27341481.52,00169750111,2020345.55,44784,11,7501,NOVOLOG 10,4,XX,false,29361827.07,1060140.460,MCOU,2020
00169,2297503.64,00169330312,245924.19,3834,12,3303,NOVOLOG PE,3,XX,false,2543427.83,70551.250,FFSU,2020
00169,2924261.44,00169330312,254149.29,5507,12,3303,NOVOLOG PE,3,XX,false,3178410.73,92403.050,MCOU,2020
00169,1252181.93,00169368512,22892.81,1790,12,3685,NOVOLOG MI,3,XX,false,1275074.74,43464.550,FFSU,2020
00169,3794295.46,00169368512,23972.76,5855,12,3685,NOVOLOG MI,3,XX,false,3818268.22,130060.100,MCOU,2020
00169,5288925.56,00169369619,120116.10,6145,19,3696,NOVOLOG MI,3,XX,false,5409041.66,148910.816,FFSU,2020
00169,11333678.09,00169369619,141815.87,14664,19,3696,NOVOLOG MI,3,XX,false,11475493.96,315888.450,MCOU,2020
00169,44010214.26,00169633910,1481302.02,65398,10,6339,NOVOLOG FL,3,XX,false,45491516.28,1247670.762,FFSU,2020
00169,58498642.00,00169633910,1497861.31,92768,10,6339,NOVOLOG FL,3,XX,false,59996503.31,1653650.200,MCOU,2020
00169,17920815.94,00169750111,1840365.07,28049,11,7501,NOVOLOG 10,3,XX,false,19761181.01,713405.775,FFSU,2020
00169,26021011.54,00169750111,2176469.75,43723,11,7501,NOVOLOG 10,3,XX,false,28197481.29,1022129.200,MCOU,2020
00169,2012802.76,00169330312,211866.84,3368,12,3303,NOVOLOG PE,2,XX,false,2224669.60,62673.400,FFSU,2020
00169,2921246.74,00169330312,228463.90,5629,12,3303,NOVOLOG PE,2,XX,false,3149710.64,92154.200,MCOU,2020
00169,1184355.04,00169368512,19201.44,1746,12,3685,NOVOLOG MI,2,XX,false,1203556.48,41355.530,FFSU,2020
00169,4477117.32,00169368512,33708.45,6931,12,3685,NOVOLOG MI,2,XX,false,4510825.77,152560.050,MCOU,2020
00169,4224230.83,00169369619,90154.06,5061,19,3696,NOVOLOG MI,2,XX,false,4314384.89,121503.400,FFSU,2020
00169,12370580.46,00169369619,154460.81,16549,19,3696,NOVOLOG MI,2,XX,false,12525041.27,347160.250,MCOU,2020
00169,37246955.10,00169633910,1038812.33,57187,10,6339,NOVOLOG FL,2,XX,false,38285767.43,1062380.421,FFSU,2020
00169,60285004.67,00169633910,1497598.36,101243,10,6339,NOVOLOG FL,2,XX,false,61782603.03,1722333.050,MCOU,2020
00169,15213437.31,00169750111,1520368.42,25078,11,7501,NOVOLOG 10,2,XX,false,16733805.73,633253.205,FFSU,2020
00169,26526190.31,00169750111,2199051.99,46517,11,7501,NOVOLOG 10,2,XX,false,28725242.30,1072346.743,MCOU,2020
00169,2415444.52,00169330312,233326.85,4183,12,3303,NOVOLOG PE,1,XX,false,2648771.37,76794.250,FFSU,2020
00169,3009666.70,00169330312,259745.07,6144,12,3303,NOVOLOG PE,1,XX,false,3269411.77,96229.800,MCOU,2020
00169,1293710.52,00169368512,21055.69,1935,12,3685,NOVOLOG MI,1,XX,false,1314766.21,44898.850,FFSU,2020
00169,4852828.75,00169368512,49437.14,7715,12,3685,NOVOLOG MI,1,XX,false,4902265.89,163372.650,MCOU,2020
00169,4608413.13,00169369619,100036.99,5660,19,3696,NOVOLOG MI,1,XX,false,4708450.12,130056.200,FFSU,2020
00169,13182524.71,00169369619,172075.69,18301,19,3696,NOVOLOG MI,1,XX,false,13354600.40,366044.100,MCOU,2020
00169,39425703.58,00169633910,1154488.97,65404,10,6339,NOVOLOG FL,1,XX,false,40580192.55,1124915.110,FFSU,2020
00169,64299303.39,00169633910,1460284.03,114730,10,6339,NOVOLOG FL,1,XX,false,65759587.42,1804863.708,MCOU,2020
00169,17218247.04,00169750111,1547049.14,29115,11,7501,NOVOLOG 10,1,XX,false,18765296.18,694793.800,FFSU,2020
00169,29227688.62,00169750111,2390830.29,52463,11,7501,NOVOLOG 10,1,XX,false,31618518.91,1139586.040,MCOU,2020
00002,22278577.45,00002751001,1301233.67,39175,01,7510,HUMALOG   ,4,XX,false,23579811.12,901666.410,FFSU,2020
00002,32867718.68,00002751001,1349436.60,63179,01,7510,HUMALOG   ,4,XX,false,34217155.28,1362983.403,MCOU,2020
00002,470324.90,00002751017,4851.92,5573,17,7510,HUMALOG   ,4,XX,false,475176.82,17226.245,FFSU,2020
00002,1892441.01,00002751017,138428.34,8517,17,7510,HUMALOG   ,4,XX,false,2030869.35,20767.257,MCOU,2020
00002,1470717.53,00002751101,14343.14,2188,01,7511,HUMALOG MI,4,XX,false,1485060.67,53701.750,FFSU,2020
00002,4400740.53,00002751101,13689.77,7411,01,7511,HUMALOG MI,4,XX,false,4414430.30,156339.000,MCOU,2020
00002,137606.71,00002751201,87.50,181,01,7512,HUMALOG MI,4,XX,false,137694.21,4981.500,FFSU,2020
00002,305213.38,00002751201,1605.07,500,01,7512,HUMALOG MI,4,XX,false,306818.45,10971.500,MCOU,2020
00002,,00002751601,,,01,7516,HUMALOG   ,4,XX,true,,,MCOU,2020
00002,2000455.67,00002751659,140719.90,3075,59,7516,HUMALOG   ,4,XX,false,2141175.57,65679.000,FFSU,2020
00002,1814689.97,00002751659,119726.89,3161,59,7516,HUMALOG   ,4,XX,false,1934416.86,59889.300,MCOU,2020
00002,,00002771201,,,01,7712,HUMALOG KW,4,XX,true,,,FFSU,2020
00002,,00002771201,,,01,7712,HUMALOG KW,4,XX,true,,,MCOU,2020
00002,2066421.64,00002771227,46506.53,1826,27,7712,HUMALOG KW,4,XX,false,2112928.17,31026.000,FFSU,2020
00002,5538996.31,00002771227,70962.80,5324,27,7712,HUMALOG KW,4,XX,false,5609959.11,80890.950,MCOU,2020
00002,,00002771401,,,01,7714,HUMALOG KW,4,XX,true,,,FFSU,2020
00002,7457.46,00002771401,36.24,18,01,7714,HUMALOG KW,4,XX,false,7493.70,222.000,MCOU,2020
00002,2847009.00,00002771459,161732.75,4800,59,7714,HUMALOG KW,4,XX,false,3008741.75,88898.000,FFSU,2020
00002,3424803.24,00002771459,167689.34,7017,59,7714,HUMALOG KW,4,XX,false,3592492.58,108039.050,MCOU,2020
00002,,00002879701,,,01,8797,HUMALOG MI,4,XX,true,,,FFSU,2020
00002,10416.33,00002879701,0.00,17,01,8797,HUMALOG MI,4,XX,false,10416.33,306.000,MCOU,2020
00002,2314175.73,00002879759,49380.76,2675,59,8797,HUMALOG MI,4,XX,false,2363556.49,68634.000,FFSU,2020
00002,7279131.93,00002879759,34931.48,9621,59,8797,HUMALOG MI,4,XX,false,7314063.41,211612.000,MCOU,2020
00002,,00002879801,,,01,8798,HUMALOG MI,4,XX,true,,,MCOU,2020
00002,276192.33,00002879859,7100.79,332,59,8798,HUMALOG MI,4,XX,false,283293.12,8091.000,FFSU,2020
00002,1239177.07,00002879859,2077.75,1561,59,8798,HUMALOG MI,4,XX,false,1241254.82,36321.000,MCOU,2020
00002,41883.09,00002879901,848.48,197,01,8799,HUMALOG KW,4,XX,false,42731.57,1293.450,FFSU,2020
00002,225904.35,00002879901,1400.91,270,01,8799,HUMALOG KW,4,XX,false,227305.26,1858.750,MCOU,2020
00002,25941288.56,00002879959,845513.57,39627,59,8799,HUMALOG KW,4,XX,false,26786802.13,787568.450,FFSU,2020
00002,32720796.99,00002879959,635825.02,57762,59,8799,HUMALOG KW,4,XX,false,33356622.01,1023963.400,MCOU,2020
00002,23943426.28,00002751001,1503917.98,43488,01,7510,HUMALOG   ,3,XX,false,25447344.26,969511.900,FFSU,2020
00002,28329616.23,00002751001,1499372.75,54766,01,7510,HUMALOG   ,3,XX,false,29828988.98,1183393.612,MCOU,2020
00002,564335.73,00002751017,12728.91,6553,17,7510,HUMALOG   ,3,XX,false,577064.64,20809.570,FFSU,2020
00002,2082840.36,00002751017,198339.33,9210,17,7510,HUMALOG   ,3,XX,false,2281179.69,21097.881,MCOU,2020
00002,1687686.02,00002751101,10845.56,2476,01,7511,HUMALOG MI,3,XX,false,1698531.58,61592.450,FFSU,2020
00002,4779243.75,00002751101,13041.13,7983,01,7511,HUMALOG MI,3,XX,false,4792284.88,169865.570,MCOU,2020
00002,122124.29,00002751201,85.50,185,01,7512,HUMALOG MI,3,XX,false,122209.79,4414.500,FFSU,2020
00002,313894.51,00002751201,2709.09,494,01,7512,HUMALOG MI,3,XX,false,316603.60,11264.300,MCOU,2020
00002,2167185.69,00002751659,174199.42,3415,59,7516,HUMALOG   ,3,XX,false,2341385.11,71379.100,FFSU,2020
00002,1732972.24,00002751659,128583.13,3118,59,7516,HUMALOG   ,3,XX,false,1861555.37,57336.300,MCOU,2020
00002,,00002771201,,,01,7712,HUMALOG KW,3,XX,true,,,FFSU,2020
00002,8079.58,00002771201,0.00,12,01,7712,HUMALOG KW,3,XX,false,8079.58,120.000,MCOU,2020
00002,2118883.00,00002771227,81003.78,1974,27,7712,HUMALOG KW,3,XX,false,2199886.78,32187.000,FFSU,2020
00002,5161508.63,00002771227,84563.93,5231,27,7712,HUMALOG KW,3,XX,false,5246072.56,75384.825,MCOU,2020
00002,,00002771401,,,01,7714,HUMALOG KW,3,XX,true,,,FFSU,2020
00002,9923.25,00002771401,0.00,28,01,7714,HUMALOG KW,3,XX,false,9923.25,285.300,MCOU,2020
00002,2610698.93,00002771459,195455.01,4592,59,7714,HUMALOG KW,3,XX,false,2806153.94,83005.000,FFSU,2020
00002,3255183.53,00002771459,180008.86,6840,59,7714,HUMALOG KW,3,XX,false,3435192.39,103026.250,MCOU,2020
00002,,00002879701,,,01,8797,HUMALOG MI,3,XX,true,,,FFSU,2020
00002,15568.99,00002879701,0.00,23,01,8797,HUMALOG MI,3,XX,false,15568.99,450.000,MCOU,2020
00002,2554341.74,00002879759,65886.79,2978,59,8797,HUMALOG MI,3,XX,false,2620228.53,76205.860,FFSU,2020
00002,7928773.61,00002879759,56081.31,10834,59,8797,HUMALOG MI,3,XX,false,7984854.92,231330.000,MCOU,2020
00002,295199.40,00002879859,3376.36,357,59,8798,HUMALOG MI,3,XX,false,298575.76,8685.000,FFSU,2020
00002,1222025.03,00002879859,4573.21,1527,59,8798,HUMALOG MI,3,XX,false,1226598.24,35583.100,MCOU,2020
00002,54623.27,00002879901,3012.75,220,01,8799,HUMALOG KW,3,XX,false,57636.02,1667.800,FFSU,2020
00002,238304.41,00002879901,82.25,235,01,8799,HUMALOG KW,3,XX,false,238386.66,1448.900,MCOU,2020
00002,26549724.20,00002879959,956109.47,41953,59,8799,HUMALOG KW,3,XX,false,27505833.67,806997.630,FFSU,2020
00002,28227444.07,00002879959,725618.65,51256,59,8799,HUMALOG KW,3,XX,false,28953062.72,885652.500,MCOU,2020
00002,24174626.23,00002751001,1115495.03,44458,01,7510,HUMALOG   ,2,XX,false,25290121.26,975844.700,FFSU,2020
00002,28206974.07,00002751001,1399253.66,57519,01,7510,HUMALOG   ,2,XX,false,29606227.73,1206105.530,MCOU,2020
00002,543888.21,00002751017,12591.58,6404,17,7510,HUMALOG   ,2,XX,false,556479.79,20121.070,FFSU,2020
00002,2388194.26,00002751017,93209.77,8276,17,7510,HUMALOG   ,2,XX,false,2481404.03,19895.175,MCOU,2020
00002,1743527.48,00002751101,16682.11,2623,01,7511,HUMALOG MI,2,XX,false,1760209.59,63605.800,FFSU,2020
00002,4792044.88,00002751101,16488.35,8096,01,7511,HUMALOG MI,2,XX,false,4808533.23,168504.270,MCOU,2020
00002,133229.17,00002751201,87.80,202,01,7512,HUMALOG MI,2,XX,false,133316.97,4840.500,FFSU,2020
00002,310982.06,00002751201,113.15,500,01,7512,HUMALOG MI,2,XX,false,311095.21,11013.500,MCOU,2020
00002,,00002751601,,,01,7516,HUMALOG   ,2,XX,true,,,MCOU,2020
00002,2229649.13,00002751659,165516.26,3573,59,7516,HUMALOG   ,2,XX,false,2395165.39,73326.100,FFSU,2020
00002,1682126.35,00002751659,145383.01,3100,59,7516,HUMALOG   ,2,XX,false,1827509.36,56064.550,MCOU,2020
00002,8479.67,00002771201,653.28,14,01,7712,HUMALOG KW,2,XX,false,9132.95,126.000,FFSU,2020
00002,7358.63,00002771201,863.74,12,01,7712,HUMALOG KW,2,XX,false,8222.37,120.000,MCOU,2020
00002,1752357.82,00002771227,81833.71,1700,27,7712,HUMALOG KW,2,XX,false,1834191.53,27030.000,FFSU,2020
00002,4697328.24,00002771227,120293.81,5139,27,7712,HUMALOG KW,2,XX,false,4817622.05,70847.125,MCOU,2020
00002,,00002771401,,,01,7714,HUMALOG KW,2,XX,true,,,FFSU,2020
00002,7595.10,00002771401,3.00,21,01,7714,HUMALOG KW,2,XX,false,7598.10,231.000,MCOU,2020
00002,2751119.83,00002771459,156064.41,4637,59,7714,HUMALOG KW,2,XX,false,2907184.24,86557.000,FFSU,2020
00002,3429512.44,00002771459,173599.98,7597,59,7714,HUMALOG KW,2,XX,false,3603112.42,107924.600,MCOU,2020
00002,,00002879701,,,01,8797,HUMALOG MI,2,XX,true,,,FFSU,2020
00002,14849.18,00002879701,3.00,28,01,8797,HUMALOG MI,2,XX,false,14852.18,477.050,MCOU,2020
00002,2287989.46,00002879759,51431.89,2835,59,8797,HUMALOG MI,2,XX,false,2339421.35,68054.500,FFSU,2020
00002,9321144.18,00002879759,49028.62,12987,59,8797,HUMALOG MI,2,XX,false,9370172.80,270311.100,MCOU,2020
00002,,00002879801,,,01,8798,HUMALOG MI,2,XX,true,,,MCOU,2020
00002,280843.17,00002879859,3134.07,350,59,8798,HUMALOG MI,2,XX,false,283977.24,8265.000,FFSU,2020
00002,1159035.47,00002879859,6383.43,1518,59,8798,HUMALOG MI,2,XX,false,1165418.90,34323.000,MCOU,2020
00002,45566.45,00002879901,1574.44,179,01,8799,HUMALOG KW,2,XX,false,47140.89,1453.450,FFSU,2020
00002,141690.76,00002879901,840.02,229,01,8799,HUMALOG KW,2,XX,false,142530.78,1358.850,MCOU,2020
00002,24500102.98,00002879959,694900.06,38651,59,8799,HUMALOG KW,2,XX,false,25195003.04,750458.100,FFSU,2020
00002,26557641.58,00002879959,680659.87,51732,59,8799,HUMALOG KW,2,XX,false,27238301.45,852341.400,MCOU,2020
00002,25746337.71,00002751001,1067779.23,49423,01,7510,HUMALOG   ,1,XX,false,26814116.94,1026145.150,FFSU,2020
00002,29331919.22,00002751001,1797337.42,64258,01,7510,HUMALOG   ,1,XX,false,31129256.64,1288850.644,MCOU,2020
00002,657854.96,00002751017,7278.97,7864,17,7510,HUMALOG   ,1,XX,false,665133.93,23884.640,FFSU,2020
00002,2731546.34,00002751017,212262.75,11339,17,7510,HUMALOG   ,1,XX,false,2943809.09,28382.347,MCOU,2020
00002,1775846.98,00002751101,6643.32,2796,01,7511,HUMALOG MI,1,XX,false,1782490.30,64481.540,FFSU,2020
00002,4734227.81,00002751101,20536.41,8461,01,7511,HUMALOG MI,1,XX,false,4754764.22,169249.760,MCOU,2020
00002,122100.51,00002751201,384.17,185,01,7512,HUMALOG MI,1,XX,false,122484.68,4401.000,FFSU,2020
00002,321775.73,00002751201,389.58,561,01,7512,HUMALOG MI,1,XX,false,322165.31,11482.110,MCOU,2020
00002,2349299.39,00002751659,186528.20,3984,59,7516,HUMALOG   ,1,XX,false,2535827.59,77575.700,FFSU,2020
00002,1607444.35,00002751659,137684.02,3224,59,7516,HUMALOG   ,1,XX,false,1745128.37,54668.550,MCOU,2020
00002,,00002771201,,,01,7712,HUMALOG KW,1,XX,true,,,FFSU,2020
00002,10440.80,00002771201,0.00,15,01,7712,HUMALOG KW,1,XX,false,10440.80,150.000,MCOU,2020
00002,1628751.33,00002771227,83515.80,1605,27,7712,HUMALOG KW,1,XX,false,1712267.13,24987.000,FFSU,2020
00002,4132459.07,00002771227,113283.89,4778,27,7712,HUMALOG KW,1,XX,false,4245742.96,63432.775,MCOU,2020
00002,,00002771401,,,01,7714,HUMALOG KW,1,XX,true,,,FFSU,2020
00002,12077.95,00002771401,170.92,38,01,7714,HUMALOG KW,1,XX,false,12248.87,378.100,MCOU,2020
00002,2697817.46,00002771459,143888.49,4719,59,7714,HUMALOG KW,1,XX,false,2841705.95,84531.000,FFSU,2020
00002,3833955.84,00002771459,190611.71,8724,59,7714,HUMALOG KW,1,XX,false,4024567.55,119955.615,MCOU,2020
00002,,00002879701,,,01,8797,HUMALOG MI,1,XX,true,,,FFSU,2020
00002,15769.39,00002879701,0.00,33,01,8797,HUMALOG MI,1,XX,false,15769.39,447.400,MCOU,2020
00002,2298774.42,00002879759,60465.73,3075,59,8797,HUMALOG MI,1,XX,false,2359240.15,68500.000,FFSU,2020
00002,10522612.41,00002879759,73556.60,15082,59,8797,HUMALOG MI,1,XX,false,10596169.01,306049.100,MCOU,2020
00002,,00002879801,,,01,8798,HUMALOG MI,1,XX,true,,,FFSU,2020
00002,,00002879801,,,01,8798,HUMALOG MI,1,XX,true,,,MCOU,2020
00002,276060.88,00002879859,2062.84,359,59,8798,HUMALOG MI,1,XX,false,278123.72,8103.000,FFSU,2020
00002,1094538.51,00002879859,9423.36,1472,59,8798,HUMALOG MI,1,XX,false,1103961.87,32160.000,MCOU,2020
00002,51250.77,00002879901,1632.10,225,01,8799,HUMALOG KW,1,XX,false,52882.87,1723.350,FFSU,2020
00002,248509.27,00002879901,4348.82,313,01,8799,HUMALOG KW,1,XX,false,252858.09,1569.700,MCOU,2020
00002,23975560.17,00002879959,652641.23,41765,59,8799,HUMALOG KW,1,XX,false,24628201.40,729209.300,FFSU,2020
00002,25480410.26,00002879959,765713.77,55359,59,8799,HUMALOG KW,1,XX,false,26246124.03,852770.800,MCOU,2020
00024,684653.97,00024592410,23032.13,2636,10,5924,ADMELOG VI,4,XX,false,707686.10,54083.000,FFSU,2020
00024,20035334.21,00024592410,33032.35,76089,10,5924,ADMELOG VI,4,XX,false,20068366.56,1556581.800,MCOU,2020
00024,,00024592501,,,01,5925,ADMELOG SO,4,XX,true,,,FFSU,2020
00024,19213.95,00024592501,0.00,78,01,5925,ADMELOG SO,4,XX,false,19213.95,1172.000,MCOU,2020
00024,1521844.30,00024592505,6580.39,5393,05,5925,ADMELOG SO,4,XX,false,1528424.69,90628.200,FFSU,2020
00024,37738579.15,00024592505,40932.04,133392,05,5925,ADMELOG SO,4,XX,false,37779511.19,2294621.111,MCOU,2020
00024,17372.97,00024592605,217.72,291,05,5926,ADMELOG VI,4,XX,false,17590.69,1066.660,FFSU,2020
00024,289474.67,00024592605,1599.03,3115,05,5926,ADMELOG VI,4,XX,false,291073.70,17250.600,MCOU,2020
00024,693723.77,00024592410,19713.97,2702,10,5924,ADMELOG VI,3,XX,false,713437.74,54510.000,FFSU,2020
00024,25365489.95,00024592410,35570.06,100369,10,5924,ADMELOG VI,3,XX,false,25401060.01,1971261.170,MCOU,2020
00024,16173.10,00024592501,6.00,86,01,5925,ADMELOG SO,3,XX,false,16179.10,985.000,MCOU,2020
00024,1352406.73,00024592505,12272.19,4999,05,5925,ADMELOG SO,3,XX,false,1364678.92,80758.800,FFSU,2020
00024,39063822.51,00024592505,41037.66,141562,05,5925,ADMELOG SO,3,XX,false,39104860.17,2364877.218,MCOU,2020
00024,21979.31,00024592605,58.51,325,05,5926,ADMELOG VI,3,XX,false,22037.82,1372.000,FFSU,2020
00024,242583.17,00024592605,1607.16,2971,05,5926,ADMELOG VI,3,XX,false,244190.33,14545.750,MCOU,2020
00024,765842.96,00024592410,21715.85,3055,10,5924,ADMELOG VI,2,XX,false,787558.81,60510.000,FFSU,2020
00024,26137636.34,00024592410,37296.89,105416,10,5924,ADMELOG VI,2,XX,false,26174933.23,2019568.860,MCOU,2020
00024,,00024592501,,,01,5925,ADMELOG SO,2,XX,true,,,FFSU,2020
00024,22529.39,00024592501,18.00,105,01,5925,ADMELOG SO,2,XX,false,22547.39,1376.000,MCOU,2020
00024,1526634.92,00024592505,12288.54,5715,05,5925,ADMELOG SO,2,XX,false,1538923.46,91575.000,FFSU,2020
00024,39351318.30,00024592505,57626.68,147575,05,5925,ADMELOG SO,2,XX,false,39408944.98,2381040.000,MCOU,2020
00024,15761.93,00024592605,165.12,219,05,5926,ADMELOG VI,2,XX,false,15927.05,982.000,FFSU,2020
00024,183342.89,00024592605,188.15,2837,05,5926,ADMELOG VI,2,XX,false,183531.04,14066.910,MCOU,2020
00024,694178.57,00024592410,21298.55,2835,10,5924,ADMELOG VI,1,XX,false,715477.12,54677.000,FFSU,2020
00024,27034668.57,00024592410,44096.58,112761,10,5924,ADMELOG VI,1,XX,false,27078765.15,2089266.320,MCOU,2020
00024,,00024592501,,,01,5925,ADMELOG SO,1,XX,true,,,FFSU,2020
00024,17977.38,00024592501,12.00,107,01,5925,ADMELOG SO,1,XX,false,17989.38,1095.000,MCOU,2020
00024,1359393.92,00024592505,10574.66,5396,05,5925,ADMELOG SO,1,XX,false,1369968.58,81228.000,FFSU,2020
00024,39757771.80,00024592505,54571.98,157333,05,5925,ADMELOG SO,1,XX,false,39812343.78,2403252.065,MCOU,2020
00024,11804.98,00024592605,452.12,211,05,5926,ADMELOG VI,1,XX,false,12257.10,825.000,FFSU,2020
00024,232960.22,00024592605,532.74,3285,05,5926,ADMELOG VI,1,XX,false,233492.96,17738.000,MCOU,2020
00088,358430.69,00088250033,15173.93,532,33,2500,APIDRA 10M,4,XX,false,373604.62,13614.050,FFSU,2020
00088,1578063.66,00088250033,14064.19,2549,33,2500,APIDRA 10M,4,XX,false,1592127.85,57480.600,MCOU,2020
00088,735964.41,00088250205,3035.38,982,05,2502,APIDRA 3ML,4,XX,false,738999.79,20598.000,FFSU,2020
00088,3495385.06,00088250205,5699.12,5434,05,2502,APIDRA 3ML,4,XX,false,3501084.18,97475.000,MCOU,2020
00088,360651.47,00088250033,12184.57,538,33,2500,APIDRA 10M,3,XX,false,372836.04,13640.150,FFSU,2020
00088,1361885.01,00088250033,7052.58,2124,33,2500,APIDRA 10M,3,XX,false,1368937.59,49378.950,MCOU,2020
00088,724540.42,00088250205,6288.64,976,05,2502,APIDRA 3ML,3,XX,false,730829.06,20370.000,FFSU,2020
00088,3186857.86,00088250205,8792.97,4988,05,2502,APIDRA 3ML,3,XX,false,3195650.83,89132.050,MCOU,2020
00088,387329.99,00088250033,11895.99,568,33,2500,APIDRA 10M,2,XX,false,399225.98,14631.000,FFSU,2020
00088,1518112.87,00088250033,16069.96,2350,33,2500,APIDRA 10M,2,XX,false,1534182.83,54891.100,MCOU,2020
00088,732264.89,00088250205,3827.90,1014,05,2502,APIDRA 3ML,2,XX,false,736092.79,20466.250,FFSU,2020
00088,3234486.54,00088250205,4871.50,5245,05,2502,APIDRA 3ML,2,XX,false,3239358.04,91080.000,MCOU,2020
00088,421250.65,00088250033,10650.86,663,33,2500,APIDRA 10M,1,XX,false,431901.51,15823.000,FFSU,2020
00088,1539677.81,00088250033,19898.81,2497,33,2500,APIDRA 10M,1,XX,false,1559576.62,55822.400,MCOU,2020
00088,750400.98,00088250205,6073.18,1077,05,2502,APIDRA 3ML,1,XX,false,756474.16,21069.000,FFSU,2020
00088,3206833.72,00088250205,8435.45,5566,05,2502,APIDRA 3ML,1,XX,false,3215269.17,90076.150,MCOU,2020
00002,2709672.81,00002773701,80820.82,10611,01,7737,INSULIN LI,4,XX,false,2790493.63,204137.500,FFSU,2020
00002,9707407.20,00002773701,126258.24,33337,01,7737,INSULIN LI,4,XX,false,9833665.44,727561.300,MCOU,2020
00002,,00002775201,,,01,7752,INSULIN LI,4,XX,true,,,FFSU,2020
00002,,00002775201,,,01,7752,INSULIN LI,4,XX,true,,,MCOU,2020
00002,221115.34,00002775205,2290.78,551,05,7752,INSULIN LI,4,XX,false,223406.12,12327.000,FFSU,2020
00002,721842.68,00002775205,6841.28,2703,05,7752,INSULIN LI,4,XX,false,728683.96,41635.000,MCOU,2020
00002,4912.56,00002822201,498.15,65,01,8222,INSULIN LI,4,XX,false,5410.71,294.000,FFSU,2020
00002,12724.31,00002822201,6.00,152,01,8222,INSULIN LI,4,XX,false,12730.31,741.000,MCOU,2020
00002,2928178.64,00002822259,47628.93,10717,59,8222,INSULIN LI,4,XX,false,2975807.57,169119.000,FFSU,2020
00002,16565049.50,00002822259,80396.36,55602,59,8222,INSULIN LI,4,XX,false,16645445.86,958574.150,MCOU,2020
00002,5449.76,00002823301,0.00,16,01,8233,INSULIN LI,4,XX,false,5449.76,330.000,MCOU,2020
00002,97890.06,00002823305,582.03,236,05,8233,INSULIN LI,4,XX,false,98472.09,5697.000,FFSU,2020
00002,1256330.43,00002823305,3174.49,3109,05,8233,INSULIN LI,4,XX,false,1259504.92,71661.000,MCOU,2020
00338,2702.59,00338012612,0.00,72,12,0126,Insulin in,4,XX,false,2702.59,3476.000,FFSU,2020
00338,46602.40,00338012612,24.70,214,12,0126,Insulin in,4,XX,false,46627.10,15976.000,MCOU,2020
66733,102648.45,66733077301,1677.84,455,01,0773,INSULIN LI,4,XX,false,104326.29,7590.000,FFSU,2020
66733,488197.43,66733077301,5772.06,1884,01,0773,INSULIN LI,4,XX,false,493969.49,35811.000,MCOU,2020
66733,8911.37,66733082201,54.38,42,01,0822,INSULIN LI,4,XX,false,8965.75,498.000,FFSU,2020
66733,42039.52,66733082201,24.00,164,01,0822,INSULIN LI,4,XX,false,42063.52,2379.000,MCOU,2020
66733,103117.33,66733082259,2856.42,411,59,0822,INSULIN LI,4,XX,false,105973.75,5987.600,FFSU,2020
66733,1058481.51,66733082259,2178.83,3855,59,0822,INSULIN LI,4,XX,false,1060660.34,61218.200,MCOU,2020
73070,974593.48,73070010011,57568.50,3570,11,0100,INSULIN AS,4,XX,false,1032161.98,73253.600,FFSU,2020
73070,4011722.44,73070010011,113705.39,12105,11,0100,INSULIN AS,4,XX,false,4125427.83,295502.550,MCOU,2020
73070,,73070010210,,,10,0102,INSULIN AS,4,XX,true,,,MCOU,2020
73070,92862.79,73070010215,9516.99,280,15,0102,INSULIN AS,4,XX,false,102379.78,5682.000,FFSU,2020
73070,281159.01,73070010215,7355.97,953,15,0102,INSULIN AS,4,XX,false,288514.98,16893.000,MCOU,2020
73070,1982.03,73070010310,0.00,15,10,0103,INSULIN AS,4,XX,false,1982.03,108.000,FFSU,2020
73070,19960.86,73070010310,3144.36,111,10,0103,INSULIN AS,4,XX,false,23105.22,1437.100,MCOU,2020
73070,2381664.38,73070010315,50234.05,7865,15,0103,INSULIN AS,4,XX,false,2431898.43,130484.500,FFSU,2020
73070,8956521.55,73070010315,66116.66,28144,15,0103,INSULIN AS,4,XX,false,9022638.21,502941.000,MCOU,2020
73070,90206.16,73070020011,1676.94,288,11,0200,INSULIN AS,4,XX,false,91883.10,6150.000,FFSU,2020
73070,513226.54,73070020011,1125.05,1533,11,0200,INSULIN AS,4,XX,false,514351.59,34820.000,MCOU,2020
73070,4850.33,73070020310,0.00,12,10,0203,INSULIN AS,4,XX,false,4850.33,270.000,MCOU,2020
73070,168935.93,73070020315,4213.87,425,15,0203,INSULIN AS,4,XX,false,173149.80,9267.000,FFSU,2020
73070,1737000.87,73070020315,3739.39,4438,15,0203,INSULIN AS,4,XX,false,1740740.26,96417.000,MCOU,2020
00002,1885039.41,00002773701,57724.44,7450,01,7737,INSULIN LI,3,XX,false,1942763.85,142636.000,FFSU,2020
00002,8468081.02,00002773701,111769.31,29930,01,7737,INSULIN LI,3,XX,false,8579850.33,633650.000,MCOU,2020
00002,,00002775201,,,01,7752,INSULIN LI,3,XX,true,,,MCOU,2020
00002,204418.30,00002775205,2998.20,459,05,7752,INSULIN LI,3,XX,false,207416.50,11493.050,FFSU,2020
00002,512040.58,00002775205,4452.02,2013,05,7752,INSULIN LI,3,XX,false,516492.60,29600.000,MCOU,2020
00002,2389.38,00002822201,0.00,34,01,8222,INSULIN LI,3,XX,false,2389.38,129.000,FFSU,2020
00002,9336.02,00002822201,6.00,122,01,8222,INSULIN LI,3,XX,false,9342.02,540.000,MCOU,2020
00002,1997685.34,00002822259,29967.62,7180,59,8222,INSULIN LI,3,XX,false,2027652.96,114513.000,FFSU,2020
00002,13327757.04,00002822259,62976.98,45202,59,8222,INSULIN LI,3,XX,false,13390734.02,767588.000,MCOU,2020
00002,,00002823301,,,01,8233,INSULIN LI,3,XX,true,,,FFSU,2020
00002,,00002823301,,,01,8233,INSULIN LI,3,XX,true,,,MCOU,2020
00002,83689.07,00002823305,120.00,187,05,8233,INSULIN LI,3,XX,false,83809.07,4785.000,FFSU,2020
00002,956014.52,00002823305,1948.57,2311,05,8233,INSULIN LI,3,XX,false,957963.09,54675.000,MCOU,2020
00338,2278.22,00338012612,0.00,59,12,0126,Insulin in,3,XX,false,2278.22,3429.000,FFSU,2020
00338,47410.16,00338012612,0.00,163,12,0126,Insulin in,3,XX,false,47410.16,13336.000,MCOU,2020
66733,416800.92,66733077301,15187.34,1809,01,0773,INSULIN LI,3,XX,false,431988.26,31589.000,FFSU,2020
66733,1482745.98,66733077301,17582.20,5734,01,0773,INSULIN LI,3,XX,false,1500328.18,106841.050,MCOU,2020
66733,6257.71,66733082201,2.50,40,01,0822,INSULIN LI,3,XX,false,6260.21,354.000,FFSU,2020
66733,35196.78,66733082201,219.06,160,01,0822,INSULIN LI,3,XX,false,35415.84,2022.000,MCOU,2020
66733,426342.77,66733082259,10083.49,1878,59,0822,INSULIN LI,3,XX,false,436426.26,24826.000,FFSU,2020
66733,2570645.91,66733082259,10025.49,9593,59,0822,INSULIN LI,3,XX,false,2580671.40,146876.000,MCOU,2020
73070,816295.48,73070010011,49521.68,3150,11,0100,INSULIN AS,3,XX,false,865817.16,60890.100,FFSU,2020
73070,3271984.20,73070010011,80856.29,10409,11,0100,INSULIN AS,3,XX,false,3352840.49,240913.650,MCOU,2020
73070,,73070010210,,,10,0102,INSULIN AS,3,XX,true,,,MCOU,2020
73070,93887.60,73070010215,15282.29,293,15,0102,INSULIN AS,3,XX,false,109169.89,6030.000,FFSU,2020
73070,236117.44,73070010215,4664.60,851,15,0102,INSULIN AS,3,XX,false,240782.04,14064.000,MCOU,2020
73070,3939.66,73070010310,50.82,33,10,0103,INSULIN AS,3,XX,false,3990.48,212.000,FFSU,2020
73070,16042.36,73070010310,754.78,97,10,0103,INSULIN AS,3,XX,false,16797.14,994.200,MCOU,2020
73070,2647267.61,73070010315,64006.62,8645,15,0103,INSULIN AS,3,XX,false,2711274.23,144922.000,FFSU,2020
73070,7850568.04,73070010315,70303.98,25582,15,0103,INSULIN AS,3,XX,false,7920872.02,441167.000,MCOU,2020
73070,77172.15,73070020011,4439.95,219,11,0200,INSULIN AS,3,XX,false,81612.10,5340.000,FFSU,2020
73070,482928.11,73070020011,783.43,1447,11,0200,INSULIN AS,3,XX,false,483711.54,32756.000,MCOU,2020
73070,,73070020310,,,10,0203,INSULIN AS,3,XX,true,,,FFSU,2020
73070,,73070020310,,,10,0203,INSULIN AS,3,XX,true,,,MCOU,2020
73070,134289.54,73070020315,2696.05,357,15,0203,INSULIN AS,3,XX,false,136985.59,7362.000,FFSU,2020
73070,1353117.27,73070020315,2793.78,3471,15,0203,INSULIN AS,3,XX,false,1355911.05,74610.000,MCOU,2020
00002,56248.71,00002773701,527.74,183,01,7737,INSULIN LI,2,XX,false,56776.45,4110.000,FFSU,2020
00002,626583.13,00002773701,7863.95,2138,01,7737,INSULIN LI,2,XX,false,634447.08,46920.000,MCOU,2020
00002,,00002775201,,,01,7752,INSULIN LI,2,XX,true,,,MCOU,2020
00002,35858.28,00002775205,896.56,95,05,7752,INSULIN LI,2,XX,false,36754.84,2040.000,FFSU,2020
00002,146833.48,00002775205,1496.48,586,05,7752,INSULIN LI,2,XX,false,148329.96,8571.000,MCOU,2020
00002,,00002822201,,,01,8222,INSULIN LI,2,XX,true,,,FFSU,2020
00002,1361.23,00002822201,0.00,15,01,8222,INSULIN LI,2,XX,false,1361.23,78.000,MCOU,2020
00002,93472.26,00002822259,742.81,285,59,8222,INSULIN LI,2,XX,false,94215.07,5250.000,FFSU,2020
00002,1114397.56,00002822259,9535.16,3731,59,8222,INSULIN LI,2,XX,false,1123932.72,65643.000,MCOU,2020
00002,,00002823301,,,01,8233,INSULIN LI,2,XX,true,,,MCOU,2020
00002,25082.21,00002823305,47.64,50,05,8233,INSULIN LI,2,XX,false,25129.85,1407.000,FFSU,2020
00002,361549.32,00002823305,505.35,883,05,8233,INSULIN LI,2,XX,false,362054.67,20736.000,MCOU,2020
00338,968.78,00338012612,26.79,24,12,0126,Insulin in,2,XX,false,995.57,745.000,FFSU,2020
00338,25052.48,00338012612,2665.36,126,12,0126,Insulin in,2,XX,false,27717.84,10710.000,MCOU,2020
66733,1897214.55,66733077301,53206.21,7399,01,0773,INSULIN LI,2,XX,false,1950420.76,143721.000,FFSU,2020
66733,7111565.34,66733077301,89144.21,27254,01,0773,INSULIN LI,2,XX,false,7200709.55,535635.200,MCOU,2020
66733,8381.70,66733082201,0.00,76,01,0822,INSULIN LI,2,XX,false,8381.70,456.000,FFSU,2020
66733,53983.98,66733082201,21.00,281,01,0822,INSULIN LI,2,XX,false,54004.98,3072.000,MCOU,2020
66733,2095472.79,66733082259,29504.88,8574,59,0822,INSULIN LI,2,XX,false,2124977.67,120856.000,FFSU,2020
66733,11190552.02,66733082259,62155.92,41305,59,0822,INSULIN LI,2,XX,false,11252707.94,649932.000,MCOU,2020
73070,707991.68,73070010011,38443.80,2842,11,0100,INSULIN AS,2,XX,false,746435.48,51175.000,FFSU,2020
73070,2127869.86,73070010011,55704.98,7251,11,0100,INSULIN AS,2,XX,false,2183574.84,157925.000,MCOU,2020
73070,,73070010210,,,10,0102,INSULIN AS,2,XX,true,,,MCOU,2020
73070,54637.06,73070010215,8118.50,179,15,0102,INSULIN AS,2,XX,false,62755.56,3498.000,FFSU,2020
73070,137792.93,73070010215,3964.03,515,15,0102,INSULIN AS,2,XX,false,141756.96,8370.000,MCOU,2020
73070,2283.70,73070010310,5.00,19,10,0103,INSULIN AS,2,XX,false,2288.70,117.000,FFSU,2020
73070,10356.35,73070010310,330.05,68,10,0103,INSULIN AS,2,XX,false,10686.40,609.000,MCOU,2020
73070,1778284.32,73070010315,48244.54,6360,15,0103,INSULIN AS,2,XX,false,1826528.86,96754.000,FFSU,2020
73070,5390969.64,73070010315,53707.78,18526,15,0103,INSULIN AS,2,XX,false,5444677.42,303768.000,MCOU,2020
73070,56928.67,73070020011,703.45,172,11,0200,INSULIN AS,2,XX,false,57632.12,3780.350,FFSU,2020
73070,262339.74,73070020011,957.26,812,11,0200,INSULIN AS,2,XX,false,263297.00,17870.000,MCOU,2020
73070,,73070020310,,,10,0203,INSULIN AS,2,XX,true,,,MCOU,2020
73070,87228.47,73070020315,1949.37,216,15,0203,INSULIN AS,2,XX,false,89177.84,4728.000,FFSU,2020
73070,659380.57,73070020315,1007.48,1778,15,0203,INSULIN AS,2,XX,false,660388.05,36921.050,MCOU,2020
00338,493.65,00338012612,15.53,11,12,0126,Insulin in,1,XX,false,509.18,445.000,FFSU,2020
00338,40747.16,00338012612,1151.92,112,12,0126,Insulin in,1,XX,false,41899.08,10603.000,MCOU,2020
66733,1076925.11,66733077301,29179.68,4540,01,0773,INSULIN LI,1,XX,false,1106104.79,80715.000,FFSU,2020
66733,5167650.79,66733077301,69580.58,21266,01,0773,INSULIN LI,1,XX,false,5237231.37,397079.300,MCOU,2020
66733,10037.37,66733082201,10.80,80,01,0822,INSULIN LI,1,XX,false,10048.17,561.000,FFSU,2020
66733,51169.50,66733082201,152.10,288,01,0822,INSULIN LI,1,XX,false,51321.60,3033.000,MCOU,2020
66733,1407013.32,66733082259,16743.94,6256,59,0822,INSULIN LI,1,XX,false,1423757.26,80322.000,FFSU,2020
66733,8260365.70,66733082259,47185.69,33336,59,0822,INSULIN LI,1,XX,false,8307551.39,488316.000,MCOU,2020
73070,266925.22,73070010011,7035.13,1102,11,0100,INSULIN AS,1,XX,false,273960.35,18280.000,FFSU,2020
73070,819802.61,73070010011,19172.79,3016,11,0100,INSULIN AS,1,XX,false,838975.40,61512.000,MCOU,2020
73070,11111.88,73070010215,692.66,40,15,0102,INSULIN AS,1,XX,false,11804.54,654.000,FFSU,2020
73070,53905.49,73070010215,2180.63,207,15,0102,INSULIN AS,1,XX,false,56086.12,3348.000,MCOU,2020
73070,2276.82,73070010310,14.00,34,10,0103,INSULIN AS,1,XX,false,2290.82,105.000,FFSU,2020
73070,1599.54,73070010310,95.90,23,10,0103,INSULIN AS,1,XX,false,1695.44,93.000,MCOU,2020
73070,440823.91,73070010315,7399.50,1905,15,0103,INSULIN AS,1,XX,false,448223.41,23163.000,FFSU,2020
73070,1589061.00,73070010315,12986.49,6113,15,0103,INSULIN AS,1,XX,false,1602047.49,91467.000,MCOU,2020
73070,24724.58,73070020011,44.54,73,11,0200,INSULIN AS,1,XX,false,24769.12,1600.000,FFSU,2020
73070,94151.47,73070020011,440.70,266,11,0200,INSULIN AS,1,XX,false,94592.17,6420.000,MCOU,2020
73070,,73070020310,,,10,0203,INSULIN AS,1,XX,true,,,MCOU,2020
73070,49213.77,73070020315,523.59,115,15,0203,INSULIN AS,1,XX,false,49737.36,2622.000,FFSU,2020
73070,219621.79,73070020315,169.30,602,15,0203,INSULIN AS,1,XX,false,219791.09,12318.000,MCOU,2020
00169,395270.88,00169320111,61886.05,464,11,3201,FIASP VIAL,4,XX,false,457156.93,16042.250,FFSU,2021
00169,874559.57,00169320111,104621.29,1151,11,3201,FIASP VIAL,4,XX,false,979180.86,34691.250,MCOU,2021
00169,512883.05,00169320415,47447.99,684,15,3204,FIASP FLEX,4,XX,false,560331.04,15585.000,FFSU,2021
00169,902136.15,00169320415,75493.90,1278,15,3204,FIASP FLEX,4,XX,false,977630.05,26826.600,MCOU,2021
00169,,00169320511,,,11,3205,FIASP PENF,4,XX,true,,,FFSU,2021
00169,74940.49,00169320515,18947.16,100,15,3205,FIASP PENF,4,XX,false,93887.65,2472.000,FFSU,2021
00169,112830.72,00169320515,20050.56,191,15,3205,FIASP PENF,4,XX,false,132881.28,3846.050,MCOU,2021
00169,394641.00,00169320111,69973.20,472,11,3201,FIASP VIAL,3,XX,false,464614.20,16730.150,FFSU,2021
00169,805100.55,00169320111,94617.65,1077,11,3201,FIASP VIAL,3,XX,false,899718.20,32062.700,MCOU,2021
00169,492849.69,00169320415,33564.94,619,15,3204,FIASP FLEX,3,XX,false,526414.63,14658.000,FFSU,2021
00169,877372.96,00169320415,58333.27,1252,15,3204,FIASP FLEX,3,XX,false,935706.23,25689.000,MCOU,2021
00169,47423.79,00169320515,14497.86,73,15,3205,FIASP PENF,3,XX,false,61921.65,1722.000,FFSU,2021
00169,91881.80,00169320515,15206.24,162,15,3205,FIASP PENF,3,XX,false,107088.04,3111.000,MCOU,2021
00169,338803.45,00169320111,69640.96,429,11,3201,FIASP VIAL,2,XX,false,408444.41,14860.150,FFSU,2021
00169,664814.76,00169320111,92354.35,900,11,3201,FIASP VIAL,2,XX,false,757169.11,27540.120,MCOU,2021
00169,428577.70,00169320415,38684.26,556,15,3204,FIASP FLEX,2,XX,false,467261.96,13134.000,FFSU,2021
00169,712794.90,00169320415,46438.55,1050,15,3204,FIASP FLEX,2,XX,false,759233.45,21093.050,MCOU,2021
00169,,00169320511,,,11,3205,FIASP PENF,2,XX,true,,,MCOU,2021
00169,43903.76,00169320515,9732.72,61,15,3205,FIASP PENF,2,XX,false,53636.48,1497.000,FFSU,2021
00169,94637.98,00169320515,10140.60,154,15,3205,FIASP PENF,2,XX,false,104778.58,3006.150,MCOU,2021
00169,332220.26,00169320111,54546.08,427,11,3201,FIASP VIAL,1,XX,false,386766.34,13905.000,FFSU,2021
00169,605649.73,00169320111,82263.31,823,11,3201,FIASP VIAL,1,XX,false,687913.04,24820.000,MCOU,2021
00169,405118.56,00169320415,43240.25,561,15,3204,FIASP FLEX,1,XX,false,448358.81,12540.000,FFSU,2021
00169,683664.15,00169320415,57808.26,1030,15,3204,FIASP FLEX,1,XX,false,741472.41,20534.950,MCOU,2021
00169,28483.60,00169320515,5934.53,51,15,3205,FIASP PENF,1,XX,false,34418.13,933.000,FFSU,2021
00169,73637.40,00169320515,15408.61,122,15,3205,FIASP PENF,1,XX,false,89046.01,2436.000,MCOU,2021
00002,46056.58,00002772801,6528.79,45,01,7728,LYUMJEV   ,4,XX,false,52585.37,1940.000,FFSU,2021
00002,130164.35,00002772801,7688.13,196,01,7728,LYUMJEV   ,4,XX,false,137852.48,5260.000,MCOU,2021
00002,,00002820701,,,01,8207,LYUMJEV KW,4,XX,true,,,MCOU,2021
00002,60345.21,00002820705,6420.78,90,05,8207,LYUMJEV KW,4,XX,false,66765.99,1938.000,FFSU,2021
00002,166000.31,00002820705,9957.60,266,05,8207,LYUMJEV KW,4,XX,false,175957.91,5169.000,MCOU,2021
00002,20140.14,00002822827,1661.22,18,27,8228,LYUMJEV KW,4,XX,false,21801.36,285.000,FFSU,2021
00002,82986.12,00002822827,3493.86,56,27,8228,LYUMJEV KW,4,XX,false,86479.98,1230.000,MCOU,2021
00002,36021.81,00002772801,9590.98,46,01,7728,LYUMJEV   ,3,XX,false,45612.79,1680.000,FFSU,2021
00002,84680.86,00002772801,5370.05,115,01,7728,LYUMJEV   ,3,XX,false,90050.91,3360.000,MCOU,2021
00002,38488.81,00002820705,9269.89,63,05,8207,LYUMJEV KW,3,XX,false,47758.70,1404.000,FFSU,2021
00002,134527.90,00002820705,7276.49,217,05,8207,LYUMJEV KW,3,XX,false,141804.39,4257.000,MCOU,2021
00002,17226.09,00002822827,1661.22,16,27,8228,LYUMJEV KW,3,XX,false,18887.31,243.000,FFSU,2021
00002,55339.22,00002822827,329.34,44,27,8228,LYUMJEV KW,3,XX,false,55668.56,813.000,MCOU,2021
00002,22364.91,00002772801,4310.06,35,01,7728,LYUMJEV   ,2,XX,false,26674.97,990.000,FFSU,2021
00002,53109.15,00002772801,1772.62,75,01,7728,LYUMJEV   ,2,XX,false,54881.77,2220.000,MCOU,2021
00002,32947.26,00002820705,5862.21,58,05,8207,LYUMJEV KW,2,XX,false,38809.47,1152.000,FFSU,2021
00002,96729.39,00002820705,3918.48,156,05,8207,LYUMJEV KW,2,XX,false,100647.87,3003.000,MCOU,2021
00002,7752.37,00002822827,2856.60,12,27,8228,LYUMJEV KW,2,XX,false,10608.97,159.000,FFSU,2021
00002,20468.53,00002822827,386.73,25,27,8228,LYUMJEV KW,2,XX,false,20855.26,318.000,MCOU,2021
00002,9328.83,00002772801,2144.84,14,01,7728,LYUMJEV   ,1,XX,false,11473.67,450.000,FFSU,2021
00002,30770.49,00002772801,1283.38,36,01,7728,LYUMJEV   ,1,XX,false,32053.87,1290.000,MCOU,2021
00002,20536.03,00002820705,975.20,27,05,8207,LYUMJEV KW,1,XX,false,21511.23,639.000,FFSU,2021
00002,50796.82,00002820705,1842.08,86,05,8207,LYUMJEV KW,1,XX,false,52638.90,1545.000,MCOU,2021
00002,,00002822827,,,27,8228,LYUMJEV KW,1,XX,true,,,FFSU,2021
00002,8323.38,00002822827,0.00,11,27,8228,LYUMJEV KW,1,XX,false,8323.38,120.000,MCOU,2021
00169,155119.84,00169210011,7100.07,826,11,2100,NOVOLOG 10,4,XX,false,162219.91,22220.000,FFSU,2021
00169,255138.98,00169210011,4607.58,1509,11,2100,NOVOLOG 10,4,XX,false,259746.56,35350.000,MCOU,2021
00169,88286.37,00169210125,4522.49,828,25,2101,NOVOLOG FP,4,XX,false,92808.86,15858.000,FFSU,2021
00169,138330.25,00169210125,1130.36,1358,25,2101,NOVOLOG FP,4,XX,false,139460.61,24467.000,MCOU,2021
00169,14220.48,00169220011,109.40,82,11,2200,NOVOLOG MI,4,XX,false,14329.88,1960.000,FFSU,2021
00169,31222.84,00169220011,165.64,183,11,2200,NOVOLOG MI,4,XX,false,31388.48,4310.000,MCOU,2021
00169,40920.60,00169220125,1609.10,278,25,2201,NOVOLOG MI,4,XX,false,42529.70,7188.000,FFSU,2021
00169,97872.33,00169220125,299.29,674,25,2201,NOVOLOG MI,4,XX,false,98171.62,16134.000,MCOU,2021
00169,1754531.10,00169330312,247541.90,2723,12,3303,NOVOLOG PE,4,XX,false,2002073.00,55746.900,FFSU,2021
00169,2992833.70,00169330312,264300.28,5090,12,3303,NOVOLOG PE,4,XX,false,3257133.98,95184.750,MCOU,2021
00169,834149.47,00169368512,14661.91,1217,12,3685,NOVOLOG MI,4,XX,false,848811.38,28885.850,FFSU,2021
00169,2532852.94,00169368512,44998.60,3923,12,3685,NOVOLOG MI,4,XX,false,2577851.54,87529.350,MCOU,2021
00169,3271218.04,00169369619,75701.89,3736,19,3696,NOVOLOG MI,4,XX,false,3346919.93,92657.000,FFSU,2021
00169,9801011.70,00169369619,289277.79,12379,19,3696,NOVOLOG MI,4,XX,false,10090289.49,277620.450,MCOU,2021
00169,32007803.79,00169633910,1180733.30,45203,10,6339,NOVOLOG FL,4,XX,false,33188537.09,916964.918,FFSU,2021
00169,59140485.65,00169633910,2427583.17,89068,10,6339,NOVOLOG FL,4,XX,false,61568068.82,1681558.435,MCOU,2021
00169,13808062.46,00169750111,1633473.74,20384,11,7501,NOVOLOG 10,4,XX,false,15441536.20,560867.525,FFSU,2021
00169,28417830.27,00169750111,2630687.56,44036,11,7501,NOVOLOG 10,4,XX,false,31048517.83,1105538.390,MCOU,2021
00169,58595.98,00169210011,2701.96,380,11,2100,NOVOLOG 10,3,XX,false,61297.94,8360.000,FFSU,2021
00169,113678.52,00169210011,3696.85,685,11,2100,NOVOLOG 10,3,XX,false,117375.37,16110.000,MCOU,2021
00169,101524.92,00169210125,4098.72,986,25,2101,NOVOLOG FP,3,XX,false,105623.64,17406.000,FFSU,2021
00169,155486.25,00169210125,2881.17,1494,25,2101,NOVOLOG FP,3,XX,false,158367.42,27549.000,MCOU,2021
00169,3193.72,00169220011,13.64,18,11,2200,NOVOLOG MI,3,XX,false,3207.36,440.000,FFSU,2021
00169,9886.68,00169220011,12.00,56,11,2200,NOVOLOG MI,3,XX,false,9898.68,1360.000,MCOU,2021
00169,16325.71,00169220125,1201.94,119,25,2201,NOVOLOG MI,3,XX,false,17527.65,2880.000,FFSU,2021
00169,52390.57,00169220125,717.51,407,25,2201,NOVOLOG MI,3,XX,false,53108.08,9210.000,MCOU,2021
00169,1858335.03,00169330312,279329.61,2956,12,3303,NOVOLOG PE,3,XX,false,2137664.64,59760.700,FFSU,2021
00169,3175526.11,00169330312,286962.06,5419,12,3303,NOVOLOG PE,3,XX,false,3462488.17,101367.100,MCOU,2021
00169,917031.74,00169368512,28973.64,1343,12,3685,NOVOLOG MI,3,XX,false,946005.38,32320.450,FFSU,2021
00169,2841958.45,00169368512,43460.02,4355,12,3685,NOVOLOG MI,3,XX,false,2885418.47,98118.530,MCOU,2021
00169,3520243.92,00169369619,86703.53,4062,19,3696,NOVOLOG MI,3,XX,false,3606947.45,100132.483,FFSU,2021
00169,10543286.36,00169369619,218663.29,13279,19,3696,NOVOLOG MI,3,XX,false,10761949.65,298545.650,MCOU,2021
00169,35137481.69,00169633910,1214344.97,50184,10,6339,NOVOLOG FL,3,XX,false,36351826.66,1007007.096,FFSU,2021
00169,64840412.17,00169633910,1927726.04,98066,10,6339,NOVOLOG FL,3,XX,false,66768138.21,1848738.837,MCOU,2021
00169,14623292.68,00169750111,1751719.97,22052,11,7501,NOVOLOG 10,3,XX,false,16375012.65,594367.576,FFSU,2021
00169,29970835.26,00169750111,2492862.87,47084,11,7501,NOVOLOG 10,3,XX,false,32463698.13,1168880.350,MCOU,2021
00169,,00169210011,,,11,2100,NOVOLOG 10,2,XX,true,,,FFSU,2021
00169,,00169210011,,,11,2100,NOVOLOG 10,2,XX,true,,,MCOU,2021
00169,,00169210125,,,25,2101,NOVOLOG FP,2,XX,true,,,FFSU,2021
00169,1542.62,00169210125,6.00,18,25,2101,NOVOLOG FP,2,XX,false,1548.62,270.000,MCOU,2021
00169,2001582.08,00169330312,287945.86,3292,12,3303,NOVOLOG PE,2,XX,false,2289527.94,64022.500,FFSU,2021
00169,2983191.60,00169330312,309451.87,5190,12,3303,NOVOLOG PE,2,XX,false,3292643.47,96529.920,MCOU,2021
00169,1057790.65,00169368512,37027.86,1537,12,3685,NOVOLOG MI,2,XX,false,1094818.51,37456.470,FFSU,2021
00169,3093008.40,00169368512,36095.66,4706,12,3685,NOVOLOG MI,2,XX,false,3129104.06,107120.890,MCOU,2021
00169,4241404.41,00169369619,85627.27,4834,19,3696,NOVOLOG MI,2,XX,false,4327031.68,119907.000,FFSU,2021
00169,10649436.84,00169369619,176949.59,13372,19,3696,NOVOLOG MI,2,XX,false,10826386.43,303971.095,MCOU,2021
00169,39049767.59,00169633910,1501755.62,55774,10,6339,NOVOLOG FL,2,XX,false,40551523.21,1121785.918,FFSU,2021
00169,62412113.63,00169633910,1824253.15,94942,10,6339,NOVOLOG FL,2,XX,false,64236366.78,1779818.772,MCOU,2021
00169,16651364.79,00169750111,1935437.25,25061,11,7501,NOVOLOG 10,2,XX,false,18586802.04,677147.000,FFSU,2021
00169,29116667.62,00169750111,2402721.90,46594,11,7501,NOVOLOG 10,2,XX,false,31519389.52,1135754.900,MCOU,2021
00169,2157778.17,00169330312,257772.94,3490,12,3303,NOVOLOG PE,1,XX,false,2415551.11,68146.100,FFSU,2021
00169,2951115.74,00169330312,282761.64,5220,12,3303,NOVOLOG PE,1,XX,false,3233877.38,94831.980,MCOU,2021
00169,1044282.20,00169368512,30344.76,1486,12,3685,NOVOLOG MI,1,XX,false,1074626.96,36807.500,FFSU,2021
00169,3227369.41,00169368512,31497.96,4914,12,3685,NOVOLOG MI,1,XX,false,3258867.37,111603.480,MCOU,2021
00169,4311624.17,00169369619,103577.07,4811,19,3696,NOVOLOG MI,1,XX,false,4415201.24,122434.200,FFSU,2021
00169,10547663.57,00169369619,206839.71,13218,19,3696,NOVOLOG MI,1,XX,false,10754503.28,300541.325,MCOU,2021
00169,40226497.37,00169633910,1459806.14,57472,10,6339,NOVOLOG FL,1,XX,false,41686303.51,1152843.256,FFSU,2021
00169,59800065.45,00169633910,1850150.96,91453,10,6339,NOVOLOG FL,1,XX,false,61650216.41,1699959.365,MCOU,2021
00169,17261931.70,00169750111,1795747.83,25702,11,7501,NOVOLOG 10,1,XX,false,19057679.53,692587.170,FFSU,2021
00169,29488949.84,00169750111,2352188.75,47124,11,7501,NOVOLOG 10,1,XX,false,31841138.59,1142648.725,MCOU,2021
00002,19523719.51,00002751001,1336532.74,33238,01,7510,HUMALOG   ,4,XX,false,20860252.25,807485.980,FFSU,2021
00002,32355352.04,00002751001,1549128.28,56594,01,7510,HUMALOG   ,4,XX,false,33904480.32,1376337.360,MCOU,2021
00002,447453.19,00002751017,6401.52,4586,17,7510,HUMALOG   ,4,XX,false,453854.71,16835.550,FFSU,2021
00002,1512601.39,00002751017,165412.37,9529,17,7510,HUMALOG   ,4,XX,false,1678013.76,24046.169,MCOU,2021
00002,1352655.15,00002751101,9376.69,2082,01,7511,HUMALOG MI,4,XX,false,1362031.84,49280.650,FFSU,2021
00002,3471153.14,00002751101,23236.42,5829,01,7511,HUMALOG MI,4,XX,false,3494389.56,122660.448,MCOU,2021
00002,122377.23,00002751201,425.84,156,01,7512,HUMALOG MI,4,XX,false,122803.07,4420.500,FFSU,2021
00002,244530.02,00002751201,352.14,412,01,7512,HUMALOG MI,4,XX,false,244882.16,8805.500,MCOU,2021
00002,1908365.05,00002751659,153002.73,2758,59,7516,HUMALOG   ,4,XX,false,2061367.78,63435.000,FFSU,2021
00002,2253463.24,00002751659,149088.74,3649,59,7516,HUMALOG   ,4,XX,false,2402551.98,73637.350,MCOU,2021
00002,29637.66,00002771201,26.40,15,01,7712,HUMALOG KW,4,XX,false,29664.06,417.000,FFSU,2021
00002,7190.86,00002771201,0.00,12,01,7712,HUMALOG KW,4,XX,false,7190.86,99.000,MCOU,2021
00002,2331511.62,00002771227,91301.10,1902,27,7712,HUMALOG KW,4,XX,false,2422812.72,35676.100,FFSU,2021
00002,6533144.17,00002771227,132969.34,5981,27,7712,HUMALOG KW,4,XX,false,6666113.51,94641.175,MCOU,2021
00002,,00002771401,,,01,7714,HUMALOG KW,4,XX,true,,,FFSU,2021
00002,7278.15,00002771401,0.00,30,01,7714,HUMALOG KW,4,XX,false,7278.15,238.550,MCOU,2021
00002,3334377.55,00002771459,181092.63,5456,59,7714,HUMALOG KW,4,XX,false,3515470.18,104795.000,FFSU,2021
00002,4258041.73,00002771459,197754.46,8335,59,7714,HUMALOG KW,4,XX,false,4455796.19,135969.800,MCOU,2021
00002,,00002879701,,,01,8797,HUMALOG MI,4,XX,true,,,FFSU,2021
00002,8956.43,00002879701,127.80,24,01,8797,HUMALOG MI,4,XX,false,9084.23,277.250,MCOU,2021
00002,1647689.88,00002879759,39620.89,1897,59,8797,HUMALOG MI,4,XX,false,1687310.77,49251.720,FFSU,2021
00002,6123186.46,00002879759,100171.54,7834,59,8797,HUMALOG MI,4,XX,false,6223358.00,178516.000,MCOU,2021
00002,,00002879801,,,01,8798,HUMALOG MI,4,XX,true,,,FFSU,2021
00002,208709.06,00002879859,642.46,266,59,8798,HUMALOG MI,4,XX,false,209351.52,6141.000,FFSU,2021
00002,1133919.48,00002879859,10437.55,1420,59,8798,HUMALOG MI,4,XX,false,1144357.03,33183.000,MCOU,2021
00002,52323.17,00002879901,896.26,246,01,8799,HUMALOG KW,4,XX,false,53219.43,1546.050,FFSU,2021
00002,178869.87,00002879901,13906.68,531,01,8799,HUMALOG KW,4,XX,false,192776.55,3517.100,MCOU,2021
00002,23114248.30,00002879959,833144.53,35480,59,8799,HUMALOG KW,4,XX,false,23947392.83,711627.550,FFSU,2021
00002,40843692.85,00002879959,1015887.70,67712,59,8799,HUMALOG KW,4,XX,false,41859580.55,1264128.142,MCOU,2021
00002,20515192.24,00002751001,1489868.85,35273,01,7510,HUMALOG   ,3,XX,false,22005061.09,850458.950,FFSU,2021
00002,35356386.44,00002751001,1654757.84,63704,01,7510,HUMALOG   ,3,XX,false,37011144.28,1525988.439,MCOU,2021
00002,453687.43,00002751017,7529.36,5223,17,7510,HUMALOG   ,3,XX,false,461216.79,16708.520,FFSU,2021
00002,1895121.41,00002751017,272115.75,10448,17,7510,HUMALOG   ,3,XX,false,2167237.16,27255.330,MCOU,2021
00002,1343046.49,00002751101,13821.13,2018,01,7511,HUMALOG MI,3,XX,false,1356867.62,48981.300,FFSU,2021
00002,3970066.92,00002751101,10795.30,6410,01,7511,HUMALOG MI,3,XX,false,3980862.22,140313.320,MCOU,2021
00002,115842.29,00002751201,64.00,166,01,7512,HUMALOG MI,3,XX,false,115906.29,4161.600,FFSU,2021
00002,271470.36,00002751201,2235.35,445,01,7512,HUMALOG MI,3,XX,false,273705.71,9755.500,MCOU,2021
00002,,00002751601,,,01,7516,HUMALOG   ,3,XX,true,,,MCOU,2021
00002,1852811.64,00002751659,171541.68,2782,59,7516,HUMALOG   ,3,XX,false,2024353.32,62160.350,FFSU,2021
00002,2152342.43,00002751659,142468.60,3541,59,7516,HUMALOG   ,3,XX,false,2294811.03,70482.200,MCOU,2021
00002,18874.03,00002771201,29.70,17,01,7712,HUMALOG KW,3,XX,false,18903.73,264.000,FFSU,2021
00002,23068.13,00002771201,3.00,27,01,7712,HUMALOG KW,3,XX,false,23071.13,297.000,MCOU,2021
00002,2430812.28,00002771227,98574.10,1990,27,7712,HUMALOG KW,3,XX,false,2529386.38,37314.000,FFSU,2021
00002,6552444.92,00002771227,134900.97,6088,27,7712,HUMALOG KW,3,XX,false,6687345.89,96272.950,MCOU,2021
00002,,00002771401,,,01,7714,HUMALOG KW,3,XX,true,,,FFSU,2021
00002,9698.52,00002771401,0.00,25,01,7714,HUMALOG KW,3,XX,false,9698.52,300.100,MCOU,2021
00002,3174138.63,00002771459,192086.93,5239,59,7714,HUMALOG KW,3,XX,false,3366225.56,100332.000,FFSU,2021
00002,4450195.43,00002771459,225325.97,8800,59,7714,HUMALOG KW,3,XX,false,4675521.40,142716.200,MCOU,2021
00002,,00002879701,,,01,8797,HUMALOG MI,3,XX,true,,,FFSU,2021
00002,17436.10,00002879701,0.00,27,01,8797,HUMALOG MI,3,XX,false,17436.10,507.000,MCOU,2021
00002,1880583.57,00002879759,41242.10,2153,59,8797,HUMALOG MI,3,XX,false,1921825.67,55959.000,FFSU,2021
00002,6641370.35,00002879759,58160.45,8417,59,8797,HUMALOG MI,3,XX,false,6699530.80,193528.000,MCOU,2021
00002,,00002879801,,,01,8798,HUMALOG MI,3,XX,true,,,MCOU,2021
00002,241075.11,00002879859,2919.49,296,59,8798,HUMALOG MI,3,XX,false,243994.60,7134.000,FFSU,2021
00002,1198694.60,00002879859,4820.02,1457,59,8798,HUMALOG MI,3,XX,false,1203514.62,35203.200,MCOU,2021
00002,53483.94,00002879901,15.50,281,01,8799,HUMALOG KW,3,XX,false,53499.44,1501.400,FFSU,2021
00002,145867.47,00002879901,148.59,403,01,8799,HUMALOG KW,3,XX,false,146016.06,2768.050,MCOU,2021
00002,24240571.63,00002879959,878015.73,37430,59,8799,HUMALOG KW,3,XX,false,25118587.36,746084.350,FFSU,2021
00002,43688773.05,00002879959,906856.53,74216,59,8799,HUMALOG KW,3,XX,false,44595629.58,1379499.805,MCOU,2021
00002,21890310.30,00002751001,1583153.94,38001,01,7510,HUMALOG   ,2,XX,false,23473464.24,903903.145,FFSU,2021
00002,35661690.10,00002751001,1594323.62,66115,01,7510,HUMALOG   ,2,XX,false,37256013.72,1538465.046,MCOU,2021
00002,444554.71,00002751017,10813.27,5341,17,7510,HUMALOG   ,2,XX,false,455367.98,16465.830,FFSU,2021
00002,1999516.46,00002751017,200288.89,10431,17,7510,HUMALOG   ,2,XX,false,2199805.35,22628.503,MCOU,2021
00002,1446716.96,00002751101,10893.03,2110,01,7511,HUMALOG MI,2,XX,false,1457609.99,52731.450,FFSU,2021
00002,4093359.54,00002751101,9192.93,6712,01,7511,HUMALOG MI,2,XX,false,4102552.47,146213.337,MCOU,2021
00002,149191.58,00002751201,591.28,199,01,7512,HUMALOG MI,2,XX,false,149782.86,5392.000,FFSU,2021
00002,273475.71,00002751201,51.65,443,01,7512,HUMALOG MI,2,XX,false,273527.36,9823.000,MCOU,2021
00002,,00002751601,,,01,7516,HUMALOG   ,2,XX,true,,,MCOU,2021
00002,1945645.88,00002751659,168174.32,2917,59,7516,HUMALOG   ,2,XX,false,2113820.20,65096.450,FFSU,2021
00002,2162956.80,00002751659,148371.16,3601,59,7516,HUMALOG   ,2,XX,false,2311327.96,71056.300,MCOU,2021
00002,,00002771201,,,01,7712,HUMALOG KW,2,XX,true,,,FFSU,2021
00002,11012.54,00002771201,0.00,17,01,7712,HUMALOG KW,2,XX,false,11012.54,159.000,MCOU,2021
00002,2483493.60,00002771227,118617.33,2161,27,7712,HUMALOG KW,2,XX,false,2602110.93,38223.025,FFSU,2021
00002,6388699.29,00002771227,97866.93,5954,27,7712,HUMALOG KW,2,XX,false,6486566.22,94064.000,MCOU,2021
00002,,00002771401,,,01,7714,HUMALOG KW,2,XX,true,,,FFSU,2021
00002,7644.92,00002771401,501.59,19,01,7714,HUMALOG KW,2,XX,false,8146.51,249.000,MCOU,2021
00002,3249758.79,00002771459,187711.50,5335,59,7714,HUMALOG KW,2,XX,false,3437470.29,101256.000,FFSU,2021
00002,4089546.03,00002771459,215309.07,8077,59,7714,HUMALOG KW,2,XX,false,4304855.10,130047.075,MCOU,2021
00002,4848.97,00002879701,7.00,11,01,8797,HUMALOG MI,2,XX,false,4855.97,135.000,FFSU,2021
00002,22520.79,00002879701,0.00,32,01,8797,HUMALOG MI,2,XX,false,22520.79,657.000,MCOU,2021
00002,2245019.66,00002879759,47772.93,2621,59,8797,HUMALOG MI,2,XX,false,2292792.59,66917.850,FFSU,2021
00002,6976838.28,00002879759,52282.17,8892,59,8797,HUMALOG MI,2,XX,false,7029120.45,204076.066,MCOU,2021
00002,,00002879801,,,01,8798,HUMALOG MI,2,XX,true,,,MCOU,2021
00002,280002.43,00002879859,6839.57,344,59,8798,HUMALOG MI,2,XX,false,286842.00,8352.000,FFSU,2021
00002,1246369.59,00002879859,4281.08,1530,59,8798,HUMALOG MI,2,XX,false,1250650.67,36894.000,MCOU,2021
00002,51208.62,00002879901,508.27,247,01,8799,HUMALOG KW,2,XX,false,51716.89,1482.200,FFSU,2021
00002,172553.05,00002879901,5703.62,350,01,8799,HUMALOG KW,2,XX,false,178256.67,2465.000,MCOU,2021
00002,27101808.24,00002879959,940419.60,41469,59,8799,HUMALOG KW,2,XX,false,28042227.84,827390.100,FFSU,2021
00002,42690526.72,00002879959,865270.94,72991,59,8799,HUMALOG KW,2,XX,false,43555797.66,1344705.817,MCOU,2021
00002,22441602.86,00002751001,1449622.67,38763,01,7510,HUMALOG   ,1,XX,false,23891225.53,918732.460,FFSU,2021
00002,34373528.42,00002751001,1618639.09,65324,01,7510,HUMALOG   ,1,XX,false,35992167.51,1482170.989,MCOU,2021
00002,441913.28,00002751017,9156.88,5058,17,7510,HUMALOG   ,1,XX,false,451070.16,27942.680,FFSU,2021
00002,1891816.12,00002751017,245327.84,9006,17,7510,HUMALOG   ,1,XX,false,2137143.96,28015.204,MCOU,2021
00002,1447964.20,00002751101,13521.07,2109,01,7511,HUMALOG MI,1,XX,false,1461485.27,52850.000,FFSU,2021
00002,4327346.69,00002751101,12012.15,7259,01,7511,HUMALOG MI,1,XX,false,4339358.84,154534.620,MCOU,2021
00002,139023.49,00002751201,86.50,173,01,7512,HUMALOG MI,1,XX,false,139109.99,5020.000,FFSU,2021
00002,288432.60,00002751201,842.61,468,01,7512,HUMALOG MI,1,XX,false,289275.21,10370.000,MCOU,2021
00002,2046765.98,00002751659,179140.55,3113,59,7516,HUMALOG   ,1,XX,false,2225906.53,67801.400,FFSU,2021
00002,2037292.74,00002751659,145674.80,3395,59,7516,HUMALOG   ,1,XX,false,2182967.54,66622.650,MCOU,2021
00002,,00002771201,,,01,7712,HUMALOG KW,1,XX,true,,,FFSU,2021
00002,12706.54,00002771201,0.00,20,01,7712,HUMALOG KW,1,XX,false,12706.54,183.000,MCOU,2021
00002,2202291.48,00002771227,119446.07,1952,27,7712,HUMALOG KW,1,XX,false,2321737.55,34206.000,FFSU,2021
00002,6006828.62,00002771227,106697.88,5657,27,7712,HUMALOG KW,1,XX,false,6113526.50,88793.375,MCOU,2021
00002,,00002771401,,,01,7714,HUMALOG KW,1,XX,true,,,FFSU,2021
00002,8264.02,00002771401,0.00,19,01,7714,HUMALOG KW,1,XX,false,8264.02,264.000,MCOU,2021
00002,3057570.48,00002771459,199480.66,5125,59,7714,HUMALOG KW,1,XX,false,3257051.14,96548.000,FFSU,2021
00002,3979421.70,00002771459,200703.26,7867,59,7714,HUMALOG KW,1,XX,false,4180124.96,126028.015,MCOU,2021
00002,,00002872501,,,01,8725,HUMALOG PE,1,XX,true,,,MCOU,2021
00002,,00002879701,,,01,8797,HUMALOG MI,1,XX,true,,,FFSU,2021
00002,11813.34,00002879701,0.00,20,01,8797,HUMALOG MI,1,XX,false,11813.34,354.000,MCOU,2021
00002,2443376.54,00002879759,50812.45,2781,59,8797,HUMALOG MI,1,XX,false,2494188.99,72684.000,FFSU,2021
00002,6952765.39,00002879759,61675.67,9056,59,8797,HUMALOG MI,1,XX,false,7014441.06,205126.610,MCOU,2021
00002,,00002879801,,,01,8798,HUMALOG MI,1,XX,true,,,MCOU,2021
00002,292671.07,00002879859,3433.31,353,59,8798,HUMALOG MI,1,XX,false,296104.38,8682.000,FFSU,2021
00002,1211842.00,00002879859,8954.39,1536,59,8798,HUMALOG MI,1,XX,false,1220796.39,36441.000,MCOU,2021
00002,45424.46,00002879901,640.62,219,01,8799,HUMALOG KW,1,XX,false,46065.08,1362.350,FFSU,2021
00002,177616.78,00002879901,732.93,302,01,8799,HUMALOG KW,1,XX,false,178349.71,2564.650,MCOU,2021
00002,27228830.60,00002879959,952670.89,41921,59,8799,HUMALOG KW,1,XX,false,28181501.49,835058.600,FFSU,2021
00002,39258223.38,00002879959,833280.03,67259,59,8799,HUMALOG KW,1,XX,false,40091503.41,1231374.261,MCOU,2021
00024,642442.46,00024592410,12797.97,2416,10,5924,ADMELOG VI,4,XX,false,655240.43,49811.000,FFSU,2021
00024,17094134.09,00024592410,21694.75,66138,10,5924,ADMELOG VI,4,XX,false,17115828.84,1337781.298,MCOU,2021
00024,,00024592501,,,01,5925,ADMELOG SO,4,XX,true,,,FFSU,2021
00024,17244.29,00024592501,3.00,155,01,5925,ADMELOG SO,4,XX,false,17247.29,1200.650,MCOU,2021
00024,1516892.42,00024592505,6973.97,5655,05,5925,ADMELOG SO,4,XX,false,1523866.39,91503.000,FFSU,2021
00024,33534092.45,00024592505,28422.61,121652,05,5925,ADMELOG SO,4,XX,false,33562515.06,2063574.966,MCOU,2021
00024,15026.81,00024592605,115.94,274,05,5926,ADMELOG VI,4,XX,false,15142.75,1039.800,FFSU,2021
00024,457041.26,00024592605,952.82,3719,05,5926,ADMELOG VI,4,XX,false,457994.08,18545.350,MCOU,2021
00024,704239.20,00024592410,10342.53,2692,10,5924,ADMELOG VI,3,XX,false,714581.73,54405.000,FFSU,2021
00024,17499704.01,00024592410,19651.82,67508,10,5924,ADMELOG VI,3,XX,false,17519355.83,1363306.030,MCOU,2021
00024,,00024592501,,,01,5925,ADMELOG SO,3,XX,true,,,FFSU,2021
00024,18040.32,00024592501,9.00,119,01,5925,ADMELOG SO,3,XX,false,18049.32,1261.800,MCOU,2021
00024,1695430.02,00024592505,10041.39,6264,05,5925,ADMELOG SO,3,XX,false,1705471.41,102135.000,FFSU,2021
00024,34030448.27,00024592505,28978.00,122682,05,5925,ADMELOG SO,3,XX,false,34059426.27,2091348.511,MCOU,2021
00024,16539.17,00024592605,300.59,315,05,5926,ADMELOG VI,3,XX,false,16839.76,1181.400,FFSU,2021
00024,336845.99,00024592605,2466.05,3714,05,5926,ADMELOG VI,3,XX,false,339312.04,21206.760,MCOU,2021
00024,712544.30,00024592410,11548.56,2688,10,5924,ADMELOG VI,2,XX,false,724092.86,55260.000,FFSU,2021
00024,17572874.31,00024592410,23445.59,67768,10,5924,ADMELOG VI,2,XX,false,17596319.90,1372399.290,MCOU,2021
00024,,00024592501,,,01,5925,ADMELOG SO,2,XX,true,,,FFSU,2021
00024,21143.73,00024592501,9.00,115,01,5925,ADMELOG SO,2,XX,false,21152.73,1362.000,MCOU,2021
00024,1727322.45,00024592505,6271.35,6249,05,5925,ADMELOG SO,2,XX,false,1733593.80,103149.000,FFSU,2021
00024,33587519.96,00024592505,32045.90,121411,05,5925,ADMELOG SO,2,XX,false,33619565.86,2062266.069,MCOU,2021
00024,20228.73,00024592605,288.51,375,05,5926,ADMELOG VI,2,XX,false,20517.24,1459.000,FFSU,2021
00024,382960.94,00024592605,1863.86,3778,05,5926,ADMELOG VI,2,XX,false,384824.80,20042.700,MCOU,2021
00024,664927.27,00024592410,16526.21,2529,10,5924,ADMELOG VI,1,XX,false,681453.48,51963.000,FFSU,2021
00024,18349879.43,00024592410,26766.43,70333,10,5924,ADMELOG VI,1,XX,false,18376645.86,1429298.600,MCOU,2021
00024,19274.84,00024592501,0.00,94,01,5925,ADMELOG SO,1,XX,false,19274.84,1185.000,MCOU,2021
00024,1513652.88,00024592505,6556.72,5434,05,5925,ADMELOG SO,1,XX,false,1520209.60,90300.000,FFSU,2021
00024,33563465.06,00024592505,31669.09,120469,05,5925,ADMELOG SO,1,XX,false,33595134.15,2060626.039,MCOU,2021
00024,19009.50,00024592605,344.87,363,05,5926,ADMELOG VI,1,XX,false,19354.37,1288.600,FFSU,2021
00024,315315.93,00024592605,4420.47,3339,05,5926,ADMELOG VI,1,XX,false,319736.40,17863.730,MCOU,2021
00088,308299.18,00088250033,2554.56,437,33,2500,APIDRA 10M,4,XX,false,310853.74,11380.150,FFSU,2021
00088,1291975.96,00088250033,8748.93,2020,33,2500,APIDRA 10M,4,XX,false,1300724.89,47238.050,MCOU,2021
00088,649975.16,00088250205,1595.93,886,05,2502,APIDRA 3ML,4,XX,false,651571.09,18160.500,FFSU,2021
00088,2854558.25,00088250205,3630.97,4363,05,2502,APIDRA 3ML,4,XX,false,2858189.22,80228.515,MCOU,2021
00088,309620.25,00088250033,5114.42,439,33,2500,APIDRA 10M,3,XX,false,314734.67,11488.050,FFSU,2021
00088,1414743.06,00088250033,9740.21,2202,33,2500,APIDRA 10M,3,XX,false,1424483.27,52202.050,MCOU,2021
00088,,00088250200,,,00,2502,APIDRA 3ML,3,XX,true,,,MCOU,2021
00088,648922.33,00088250205,7073.47,878,05,2502,APIDRA 3ML,3,XX,false,655995.80,18234.000,FFSU,2021
00088,3039386.79,00088250205,3577.85,4695,05,2502,APIDRA 3ML,3,XX,false,3042964.64,85503.000,MCOU,2021
00088,314116.18,00088250033,8119.88,429,33,2500,APIDRA 10M,2,XX,false,322236.06,11801.100,FFSU,2021
00088,1452512.31,00088250033,9466.28,2295,33,2500,APIDRA 10M,2,XX,false,1461978.59,52957.040,MCOU,2021
00088,686686.85,00088250205,8956.07,881,05,2502,APIDRA 3ML,2,XX,false,695642.92,19428.000,FFSU,2021
00088,3163462.64,00088250205,3722.77,4910,05,2502,APIDRA 3ML,2,XX,false,3167185.41,89199.030,MCOU,2021
00088,313338.95,00088250033,8528.41,449,33,2500,APIDRA 10M,1,XX,false,321867.36,11838.000,FFSU,2021
00088,1549700.01,00088250033,8939.79,2433,33,2500,APIDRA 10M,1,XX,false,1558639.80,56211.090,MCOU,2021
00088,701204.14,00088250205,3691.07,927,05,2502,APIDRA 3ML,1,XX,false,704895.21,19788.500,FFSU,2021
00088,3340634.89,00088250205,10080.13,5168,05,2502,APIDRA 3ML,1,XX,false,3350715.02,94077.000,MCOU,2021
00002,4225359.89,00002773701,114539.73,15825,01,7737,INSULIN LI,4,XX,false,4339899.62,317530.000,FFSU,2021
00002,13577199.26,00002773701,148494.40,45245,01,7737,INSULIN LI,4,XX,false,13725693.66,1024043.000,MCOU,2021
00002,,00002775201,,,01,7752,INSULIN LI,4,XX,true,,,FFSU,2021
00002,2746.41,00002775201,0.00,20,01,7752,INSULIN LI,4,XX,false,2746.41,162.000,MCOU,2021
00002,571666.88,00002775205,8659.20,1742,05,7752,INSULIN LI,4,XX,false,580326.08,32865.200,FFSU,2021
00002,1609189.98,00002775205,20230.02,5877,05,7752,INSULIN LI,4,XX,false,1629420.00,93345.000,MCOU,2021
00002,6007.13,00002822201,4.50,68,01,8222,INSULIN LI,4,XX,false,6011.63,324.000,FFSU,2021
00002,15754.74,00002822201,723.63,207,01,8222,INSULIN LI,4,XX,false,16478.37,981.250,MCOU,2021
00002,5649338.21,00002822259,59228.15,17937,59,8222,INSULIN LI,4,XX,false,5708566.36,324871.130,FFSU,2021
00002,25349649.35,00002822259,167245.57,84676,59,8222,INSULIN LI,4,XX,false,25516894.92,1477203.500,MCOU,2021
00002,9821.38,00002823301,0.00,32,01,8233,INSULIN LI,4,XX,false,9821.38,450.000,MCOU,2021
00002,316735.22,00002823305,5501.64,736,05,8233,INSULIN LI,4,XX,false,322236.86,18600.000,FFSU,2021
00002,1934465.23,00002823305,9899.80,5076,05,8233,INSULIN LI,4,XX,false,1944365.03,110993.000,MCOU,2021
00338,8513.73,00338012612,63.97,159,12,0126,Insulin in,4,XX,false,8577.70,12513.000,FFSU,2021
00338,77959.75,00338012612,16062.04,415,12,0126,Insulin in,4,XX,false,94021.79,29546.000,MCOU,2021
49502,10818.64,49502039380,109.34,93,80,0393,Insulin Gl,4,XX,false,10927.98,1030.000,FFSU,2021
49502,33914.01,49502039380,1988.50,315,80,0393,Insulin Gl,4,XX,false,35902.51,3572.000,MCOU,2021
49502,,49502039471,,,71,0394,Insulin Gl,4,XX,true,,,MCOU,2021
49502,58636.71,49502039475,11.26,521,75,0394,Insulin Gl,4,XX,false,58647.97,5746.000,FFSU,2021
49502,876103.24,49502039475,1165.08,5969,75,0394,Insulin Gl,4,XX,false,877268.32,94113.000,MCOU,2021
66733,73515.59,66733077301,81.50,269,01,0773,INSULIN LI,4,XX,false,73597.09,5370.000,FFSU,2021
66733,241694.64,66733077301,1871.25,835,01,0773,INSULIN LI,4,XX,false,243565.89,17596.350,MCOU,2021
66733,9259.11,66733082201,0.00,33,01,0822,INSULIN LI,4,XX,false,9259.11,510.000,FFSU,2021
66733,32712.72,66733082201,455.60,132,01,0822,INSULIN LI,4,XX,false,33168.32,1989.100,MCOU,2021
66733,58981.62,66733082259,311.80,204,59,0822,INSULIN LI,4,XX,false,59293.42,3342.000,FFSU,2021
66733,625098.21,66733082259,8431.29,2161,59,0822,INSULIN LI,4,XX,false,633529.50,36086.150,MCOU,2021
73070,1592531.16,73070010011,140749.05,5456,11,0100,INSULIN AS,4,XX,false,1733280.21,121349.700,FFSU,2021
73070,5480487.86,73070010011,142066.26,16341,11,0100,INSULIN AS,4,XX,false,5622554.12,404366.250,MCOU,2021
73070,,73070010210,,,10,0102,INSULIN AS,4,XX,true,,,MCOU,2021
73070,156088.05,73070010215,15328.34,493,15,0102,INSULIN AS,4,XX,false,171416.39,9528.000,FFSU,2021
73070,517133.51,73070010215,14311.57,1596,15,0102,INSULIN AS,4,XX,false,531445.08,30794.111,MCOU,2021
73070,6785.50,73070010310,0.00,81,10,0103,INSULIN AS,4,XX,false,6785.50,333.050,FFSU,2021
73070,23507.19,73070010310,1136.67,180,10,0103,INSULIN AS,4,XX,false,24643.86,1389.350,MCOU,2021
73070,3747564.66,73070010315,86817.93,11108,15,0103,INSULIN AS,4,XX,false,3834382.59,206492.400,FFSU,2021
73070,12451576.14,73070010315,139476.07,39382,15,0103,INSULIN AS,4,XX,false,12591052.21,700575.550,MCOU,2021
73070,97823.05,73070020011,387.06,314,11,0200,INSULIN AS,4,XX,false,98210.11,6540.000,FFSU,2021
73070,541124.08,73070020011,2742.66,1608,11,0200,INSULIN AS,4,XX,false,543866.74,37019.000,MCOU,2021
73070,,73070020310,,,10,0203,INSULIN AS,4,XX,true,,,FFSU,2021
73070,5338.94,73070020310,0.00,15,10,0203,INSULIN AS,4,XX,false,5338.94,342.000,MCOU,2021
73070,289306.56,73070020315,4619.92,672,15,0203,INSULIN AS,4,XX,false,293926.48,15933.000,FFSU,2021
73070,1996850.15,73070020315,4022.76,5235,15,0203,INSULIN AS,4,XX,false,2000872.91,111884.000,MCOU,2021
00002,3783293.11,00002773701,110694.94,14264,01,7737,INSULIN LI,3,XX,false,3893988.05,285885.700,FFSU,2021
00002,12635042.03,00002773701,143885.88,41557,01,7737,INSULIN LI,3,XX,false,12778927.91,945847.050,MCOU,2021
00002,,00002775201,,,01,7752,INSULIN LI,3,XX,true,,,FFSU,2021
00002,2129.52,00002775201,0.00,12,01,7752,INSULIN LI,3,XX,false,2129.52,129.000,MCOU,2021
00002,500613.36,00002775205,11387.42,1544,05,7752,INSULIN LI,3,XX,false,512000.78,28707.000,FFSU,2021
00002,1408942.36,00002775205,17687.05,5214,05,7752,INSULIN LI,3,XX,false,1426629.41,81627.000,MCOU,2021
00002,5983.47,00002822201,0.00,72,01,8222,INSULIN LI,3,XX,false,5983.47,327.000,FFSU,2021
00002,17208.64,00002822201,44.43,187,01,8222,INSULIN LI,3,XX,false,17253.07,1035.000,MCOU,2021
00002,4654534.99,00002822259,51560.63,15571,59,8222,INSULIN LI,3,XX,false,4706095.62,268428.130,FFSU,2021
00002,22196682.54,00002822259,115762.11,73668,59,8222,INSULIN LI,3,XX,false,22312444.65,1284704.261,MCOU,2021
00002,5484.57,00002823301,0.00,30,01,8233,INSULIN LI,3,XX,false,5484.57,336.000,MCOU,2021
00002,287551.10,00002823305,3217.80,707,05,8233,INSULIN LI,3,XX,false,290768.90,16827.000,FFSU,2021
00002,1756776.83,00002823305,4100.40,4571,05,8233,INSULIN LI,3,XX,false,1760877.23,99968.000,MCOU,2021
00338,10209.26,00338012612,200.31,162,12,0126,Insulin in,3,XX,false,10409.57,9466.000,FFSU,2021
00338,56614.74,00338012612,5191.27,324,12,0126,Insulin in,3,XX,false,61806.01,20182.000,MCOU,2021
66733,70938.39,66733077301,1075.71,267,01,0773,INSULIN LI,3,XX,false,72014.10,5129.000,FFSU,2021
66733,242179.00,66733077301,450.08,887,01,0773,INSULIN LI,3,XX,false,242629.08,17950.400,MCOU,2021
66733,9503.41,66733082201,8.00,33,01,0822,INSULIN LI,3,XX,false,9511.41,525.000,FFSU,2021
66733,30583.81,66733082201,461.60,132,01,0822,INSULIN LI,3,XX,false,31045.41,1869.000,MCOU,2021
66733,66268.77,66733082259,1525.55,231,59,0822,INSULIN LI,3,XX,false,67794.32,3756.150,FFSU,2021
66733,691217.40,66733082259,2063.84,2333,59,0822,INSULIN LI,3,XX,false,693281.24,38673.050,MCOU,2021
73070,1290702.62,73070010011,114250.99,4426,11,0100,INSULIN AS,3,XX,false,1404953.61,99034.800,FFSU,2021
73070,4830592.23,73070010011,141673.93,14276,11,0100,INSULIN AS,3,XX,false,4972266.16,356600.150,MCOU,2021
73070,,73070010210,,,10,0102,INSULIN AS,3,XX,true,,,MCOU,2021
73070,134661.21,73070010215,20336.34,426,15,0102,INSULIN AS,3,XX,false,154997.55,8553.200,FFSU,2021
73070,406488.16,73070010215,14943.57,1319,15,0102,INSULIN AS,3,XX,false,421431.73,24315.000,MCOU,2021
73070,4337.26,73070010310,0.00,56,10,0103,INSULIN AS,3,XX,false,4337.26,217.000,FFSU,2021
73070,20996.10,73070010310,12.00,126,10,0103,INSULIN AS,3,XX,false,21008.10,1273.000,MCOU,2021
73070,2919487.36,73070010315,84867.09,8941,15,0103,INSULIN AS,3,XX,false,3004354.45,160981.000,FFSU,2021
73070,10750688.42,73070010315,91041.60,33794,15,0103,INSULIN AS,3,XX,false,10841730.02,603747.000,MCOU,2021
73070,89029.64,73070020011,6269.14,290,11,0200,INSULIN AS,3,XX,false,95298.78,6070.000,FFSU,2021
73070,515862.88,73070020011,4557.64,1534,11,0200,INSULIN AS,3,XX,false,520420.52,35538.000,MCOU,2021
73070,,73070020310,,,10,0203,INSULIN AS,3,XX,true,,,FFSU,2021
73070,,73070020310,,,10,0203,INSULIN AS,3,XX,true,,,MCOU,2021
73070,244525.67,73070020315,3974.75,548,15,0203,INSULIN AS,3,XX,false,248500.42,13434.000,FFSU,2021
73070,1856111.21,73070020315,8577.19,4749,15,0203,INSULIN AS,3,XX,false,1864688.40,104145.000,MCOU,2021
00002,3327552.92,00002773701,121796.75,12869,01,7737,INSULIN LI,2,XX,false,3449349.67,252417.250,FFSU,2021
00002,11027567.92,00002773701,139168.33,36576,01,7737,INSULIN LI,2,XX,false,11166736.25,832023.311,MCOU,2021
00002,,00002775201,,,01,7752,INSULIN LI,2,XX,true,,,FFSU,2021
00002,3026.19,00002775201,0.00,14,01,7752,INSULIN LI,2,XX,false,3026.19,165.000,MCOU,2021
00002,346470.43,00002775205,10259.59,1017,05,7752,INSULIN LI,2,XX,false,356730.02,20121.000,FFSU,2021
00002,1082293.88,00002775205,14033.53,4044,05,7752,INSULIN LI,2,XX,false,1096327.41,62656.000,MCOU,2021
00002,5679.96,00002822201,31.15,67,01,8222,INSULIN LI,2,XX,false,5711.11,309.000,FFSU,2021
00002,14078.72,00002822201,0.00,168,01,8222,INSULIN LI,2,XX,false,14078.72,828.000,MCOU,2021
00002,3368609.68,00002822259,50300.65,12172,59,8222,INSULIN LI,2,XX,false,3418910.33,193930.440,FFSU,2021
00002,20751283.08,00002822259,117413.37,67772,59,8222,INSULIN LI,2,XX,false,20868696.45,1200453.250,MCOU,2021
00002,,00002823301,,,01,8233,INSULIN LI,2,XX,true,,,FFSU,2021
00002,4995.21,00002823301,0.00,23,01,8233,INSULIN LI,2,XX,false,4995.21,306.000,MCOU,2021
00002,156932.01,00002823305,1614.68,404,05,8233,INSULIN LI,2,XX,false,158546.69,9186.000,FFSU,2021
00002,1494874.27,00002823305,2854.80,3842,05,8233,INSULIN LI,2,XX,false,1497729.07,83819.050,MCOU,2021
00338,5546.69,00338012612,329.03,108,12,0126,Insulin in,2,XX,false,5875.72,5789.000,FFSU,2021
00338,54975.28,00338012612,1348.23,252,12,0126,Insulin in,2,XX,false,56323.51,18162.000,MCOU,2021
66733,63719.97,66733077301,2725.86,254,01,0773,INSULIN LI,2,XX,false,66445.83,4787.000,FFSU,2021
66733,251627.90,66733077301,898.58,927,01,0773,INSULIN LI,2,XX,false,252526.48,18512.350,MCOU,2021
66733,10518.58,66733082201,200.06,40,01,0822,INSULIN LI,2,XX,false,10718.64,594.000,FFSU,2021
66733,33877.60,66733082201,446.60,140,01,0822,INSULIN LI,2,XX,false,34324.20,1869.000,MCOU,2021
66733,64994.81,66733082259,1496.17,235,59,0822,INSULIN LI,2,XX,false,66490.98,3788.200,FFSU,2021
66733,713839.77,66733082259,935.61,2450,59,0822,INSULIN LI,2,XX,false,714775.38,40493.000,MCOU,2021
73070,1063605.70,73070010011,130957.87,3761,11,0100,INSULIN AS,2,XX,false,1194563.57,85422.950,FFSU,2021
73070,4311700.41,73070010011,153889.89,12716,11,0100,INSULIN AS,2,XX,false,4465590.30,319501.620,MCOU,2021
73070,,73070010210,,,10,0102,INSULIN AS,2,XX,true,,,MCOU,2021
73070,112653.07,73070010215,12331.19,358,15,0102,INSULIN AS,2,XX,false,124984.26,6957.000,FFSU,2021
73070,375578.81,73070010215,13257.00,1233,15,0102,INSULIN AS,2,XX,false,388835.81,22404.000,MCOU,2021
73070,2027.60,73070010310,0.00,19,10,0103,INSULIN AS,2,XX,false,2027.60,105.000,FFSU,2021
73070,19888.63,73070010310,23.78,142,10,0103,INSULIN AS,2,XX,false,19912.41,1783.100,MCOU,2021
73070,2479478.14,73070010315,78922.56,7756,15,0103,INSULIN AS,2,XX,false,2558400.70,137434.000,FFSU,2021
73070,9842358.47,73070010315,83365.80,30174,15,0103,INSULIN AS,2,XX,false,9925724.27,554304.000,MCOU,2021
73070,68170.99,73070020011,248.75,213,11,0200,INSULIN AS,2,XX,false,68419.74,4580.000,FFSU,2021
73070,514206.98,73070020011,2721.46,1491,11,0200,INSULIN AS,2,XX,false,516928.44,35399.000,MCOU,2021
73070,,73070020310,,,10,0203,INSULIN AS,2,XX,true,,,FFSU,2021
73070,2591.03,73070020310,0.00,11,10,0203,INSULIN AS,2,XX,false,2591.03,144.000,MCOU,2021
73070,187391.00,73070020315,1697.19,416,15,0203,INSULIN AS,2,XX,false,189088.19,10224.000,FFSU,2021
73070,1745092.93,73070020315,3559.68,4495,15,0203,INSULIN AS,2,XX,false,1748652.61,97819.000,MCOU,2021
00002,2881129.54,00002773701,102506.24,11329,01,7737,INSULIN LI,1,XX,false,2983635.78,218709.500,FFSU,2021
00002,10786568.63,00002773701,117669.92,36164,01,7737,INSULIN LI,1,XX,false,10904238.55,808665.000,MCOU,2021
00002,,00002775201,,,01,7752,INSULIN LI,1,XX,true,,,FFSU,2021
00002,2401.00,00002775201,0.00,11,01,7752,INSULIN LI,1,XX,false,2401.00,144.000,MCOU,2021
00002,246921.19,00002775205,9873.38,697,05,7752,INSULIN LI,1,XX,false,256794.57,14409.000,FFSU,2021
00002,869463.39,00002775205,12814.48,3281,05,7752,INSULIN LI,1,XX,false,882277.87,50438.000,MCOU,2021
00002,6940.29,00002822201,1.50,72,01,8222,INSULIN LI,1,XX,false,6941.79,381.000,FFSU,2021
00002,14945.59,00002822201,6.00,158,01,8222,INSULIN LI,1,XX,false,14951.59,864.000,MCOU,2021
00002,3023989.78,00002822259,45974.69,11005,59,8222,INSULIN LI,1,XX,false,3069964.47,174537.720,FFSU,2021
00002,19211783.47,00002822259,103931.59,63093,59,8222,INSULIN LI,1,XX,false,19315715.06,1111216.000,MCOU,2021
00002,5339.75,00002823301,0.00,22,01,8233,INSULIN LI,1,XX,false,5339.75,324.000,MCOU,2021
00002,136512.40,00002823305,1074.47,328,05,8233,INSULIN LI,1,XX,false,137586.87,7953.000,FFSU,2021
00002,1449337.99,00002823305,1960.27,3717,05,8233,INSULIN LI,1,XX,false,1451298.26,82920.000,MCOU,2021
00338,6042.10,00338012612,0.00,124,12,0126,Insulin in,1,XX,false,6042.10,7012.000,FFSU,2021
00338,41111.84,00338012612,27229.76,236,12,0126,Insulin in,1,XX,false,68341.60,18022.000,MCOU,2021
66733,65607.94,66733077301,1441.95,272,01,0773,INSULIN LI,1,XX,false,67049.89,4863.000,FFSU,2021
66733,328702.40,66733077301,1413.02,1223,01,0773,INSULIN LI,1,XX,false,330115.42,23691.000,MCOU,2021
66733,8004.34,66733082201,3.00,28,01,0822,INSULIN LI,1,XX,false,8007.34,444.000,FFSU,2021
66733,30844.97,66733082201,452.72,129,01,0822,INSULIN LI,1,XX,false,31297.69,1776.000,MCOU,2021
66733,75349.28,66733082259,732.24,276,59,0822,INSULIN LI,1,XX,false,76081.52,4290.100,FFSU,2021
66733,838261.65,66733082259,1483.79,2913,59,0822,INSULIN LI,1,XX,false,839745.44,47454.000,MCOU,2021
73070,925732.25,73070010011,106478.53,3324,11,0100,INSULIN AS,1,XX,false,1032210.78,73734.500,FFSU,2021
73070,4086905.12,73070010011,156282.61,12355,11,0100,INSULIN AS,1,XX,false,4243187.73,304261.100,MCOU,2021
73070,,73070010210,,,10,0102,INSULIN AS,1,XX,true,,,MCOU,2021
73070,103385.67,73070010215,13452.15,310,15,0102,INSULIN AS,1,XX,false,116837.82,6450.000,FFSU,2021
73070,347034.89,73070010215,11504.66,1153,15,0102,INSULIN AS,1,XX,false,358539.55,20607.000,MCOU,2021
73070,2322.99,73070010310,3.30,13,10,0103,INSULIN AS,1,XX,false,2326.29,123.000,FFSU,2021
73070,23933.62,73070010310,5209.79,142,10,0103,INSULIN AS,1,XX,false,29143.41,1845.550,MCOU,2021
73070,2299349.71,73070010315,71274.68,7371,15,0103,INSULIN AS,1,XX,false,2370624.39,127101.000,FFSU,2021
73070,9364185.00,73070010315,92008.34,28998,15,0103,INSULIN AS,1,XX,false,9456193.34,527772.000,MCOU,2021
73070,73224.19,73070020011,2005.24,243,11,0200,INSULIN AS,1,XX,false,75229.43,5050.000,FFSU,2021
73070,505564.83,73070020011,1419.60,1545,11,0200,INSULIN AS,1,XX,false,506984.43,34734.000,MCOU,2021
73070,,73070020310,,,10,0203,INSULIN AS,1,XX,true,,,FFSU,2021
73070,4033.39,73070020310,0.00,13,10,0203,INSULIN AS,1,XX,false,4033.39,282.000,MCOU,2021
73070,192654.69,73070020315,1698.83,415,15,0203,INSULIN AS,1,XX,false,194353.52,10515.000,FFSU,2021
73070,1750326.53,73070020315,2652.76,4472,15,0203,INSULIN AS,1,XX,false,1752979.29,98205.000,MCOU,2021
00169,455117.09,00169320111,79004.73,544,11,3201,FIASP VIAL,4,XX,false,534121.82,19270.100,FFSU,2022
00169,1125636.43,00169320111,145156.64,1437,11,3201,FIASP VIAL,4,XX,false,1270793.07,44655.600,MCOU,2022
00169,718251.62,00169320415,79696.65,1008,15,3204,FIASP FLEX,4,XX,false,797948.27,22017.000,FFSU,2022
00169,1253316.95,00169320415,120465.12,1878,15,3204,FIASP FLEX,4,XX,false,1373782.07,38323.300,MCOU,2022
00169,,00169320511,,,11,3205,FIASP PENF,4,XX,true,,,FFSU,2022
00169,100536.47,00169320515,10464.34,134,15,3205,FIASP PENF,4,XX,false,111000.81,3207.000,FFSU,2022
00169,156803.28,00169320515,16627.72,246,15,3205,FIASP PENF,4,XX,false,173431.00,5025.000,MCOU,2022
00169,514991.08,00169320111,100105.15,622,11,3201,FIASP VIAL,3,XX,false,615096.23,22140.000,FFSU,2022
00169,984748.98,00169320111,132746.91,1278,11,3201,FIASP VIAL,3,XX,false,1117495.89,39754.200,MCOU,2022
00169,783078.63,00169320415,85060.91,1092,15,3204,FIASP FLEX,3,XX,false,868139.54,23910.000,FFSU,2022
00169,1195382.67,00169320415,114104.13,1736,15,3204,FIASP FLEX,3,XX,false,1309486.80,35781.450,MCOU,2022
00169,,00169320511,,,11,3205,FIASP PENF,3,XX,true,,,FFSU,2022
00169,118234.73,00169320515,7774.03,151,15,3205,FIASP PENF,3,XX,false,126008.76,3690.000,FFSU,2022
00169,161167.03,00169320515,15166.50,249,15,3205,FIASP PENF,3,XX,false,176333.53,5115.550,MCOU,2022
00169,405727.05,00169320111,111576.24,537,11,3201,FIASP VIAL,2,XX,false,517303.29,18720.100,FFSU,2022
00169,947272.91,00169320111,144203.62,1298,11,3201,FIASP VIAL,2,XX,false,1091476.53,38803.650,MCOU,2022
00169,667441.97,00169320415,93002.23,945,15,3204,FIASP FLEX,2,XX,false,760444.20,21312.000,FFSU,2022
00169,1089870.10,00169320415,134777.09,1632,15,3204,FIASP FLEX,2,XX,false,1224647.19,33619.850,MCOU,2022
00169,,00169320511,,,11,3205,FIASP PENF,2,XX,true,,,FFSU,2022
00169,96372.14,00169320515,20627.49,130,15,3205,FIASP PENF,2,XX,false,116999.63,3306.000,FFSU,2022
00169,150157.12,00169320515,12512.29,228,15,3205,FIASP PENF,2,XX,false,162669.41,4626.600,MCOU,2022
00169,400138.24,00169320111,113793.30,507,11,3201,FIASP VIAL,1,XX,false,513931.54,18260.050,FFSU,2022
00169,872684.35,00169320111,121733.35,1182,11,3201,FIASP VIAL,1,XX,false,994417.70,35351.550,MCOU,2022
00169,550311.05,00169320415,58707.17,767,15,3204,FIASP FLEX,1,XX,false,609018.22,16824.100,FFSU,2022
00169,943017.79,00169320415,121789.59,1398,15,3204,FIASP FLEX,1,XX,false,1064807.38,28818.800,MCOU,2022
00169,,00169320511,,,11,3205,FIASP PENF,1,XX,true,,,FFSU,2022
00169,,00169320511,,,11,3205,FIASP PENF,1,XX,true,,,MCOU,2022
00169,74844.45,00169320515,17356.16,109,15,3205,FIASP PENF,1,XX,false,92200.61,2604.000,FFSU,2022
00169,140081.93,00169320515,18895.92,224,15,3205,FIASP PENF,1,XX,false,158977.85,4580.500,MCOU,2022
00002,226791.81,00002772801,34842.78,303,01,7728,LYUMJEV   ,4,XX,false,261634.59,9915.000,FFSU,2022
00002,324627.08,00002772801,18349.93,455,01,7728,LYUMJEV   ,4,XX,false,342977.01,13690.050,MCOU,2022
00002,,00002820701,,,01,8207,LYUMJEV KW,4,XX,true,,,MCOU,2022
00002,225605.04,00002820705,17594.35,381,05,8207,LYUMJEV KW,4,XX,false,243199.39,7074.000,FFSU,2022
00002,317965.92,00002820705,19754.00,478,05,8207,LYUMJEV KW,4,XX,false,337719.92,9852.000,MCOU,2022
00002,,00002822801,,,01,8228,LYUMJEV KW,4,XX,true,,,MCOU,2022
00002,74423.42,00002822827,5363.13,63,27,8228,LYUMJEV KW,4,XX,false,79786.55,1149.000,FFSU,2022
00002,164040.56,00002822827,764.90,103,27,8228,LYUMJEV KW,4,XX,false,164805.46,2087.000,MCOU,2022
00002,201229.42,00002772801,26555.57,277,01,7728,LYUMJEV   ,3,XX,false,227784.99,8620.000,FFSU,2022
00002,257099.77,00002772801,28737.99,356,01,7728,LYUMJEV   ,3,XX,false,285837.76,10931.000,MCOU,2022
00002,232407.87,00002820705,20613.17,412,05,8207,LYUMJEV KW,3,XX,false,253021.04,7548.000,FFSU,2022
00002,239075.44,00002820705,10828.76,362,05,8207,LYUMJEV KW,3,XX,false,249904.20,7428.000,MCOU,2022
00002,,00002822801,,,01,8228,LYUMJEV KW,3,XX,true,,,MCOU,2022
00002,60235.03,00002822827,8695.63,57,27,8228,LYUMJEV KW,3,XX,false,68930.66,1020.000,FFSU,2022
00002,144621.01,00002822827,11139.77,87,27,8228,LYUMJEV KW,3,XX,false,155760.78,2196.000,MCOU,2022
00002,108955.58,00002772801,22577.84,153,01,7728,LYUMJEV   ,2,XX,false,131533.42,4980.000,FFSU,2022
00002,209064.28,00002772801,29089.90,291,01,7728,LYUMJEV   ,2,XX,false,238154.18,9230.000,MCOU,2022
00002,164539.26,00002820705,24947.66,303,05,8207,LYUMJEV KW,2,XX,false,189486.92,5487.000,FFSU,2022
00002,209407.35,00002820705,9925.26,318,05,8207,LYUMJEV KW,2,XX,false,219332.61,6429.000,MCOU,2022
00002,40201.95,00002822827,8248.57,39,27,8228,LYUMJEV KW,2,XX,false,48450.52,675.000,FFSU,2022
00002,110115.08,00002822827,4062.17,62,27,8228,LYUMJEV KW,2,XX,false,114177.25,1626.000,MCOU,2022
00002,74215.09,00002772801,22158.27,104,01,7728,LYUMJEV   ,1,XX,false,96373.36,3480.000,FFSU,2022
00002,157639.70,00002772801,23892.39,221,01,7728,LYUMJEV   ,1,XX,false,181532.09,6960.000,MCOU,2022
00002,,00002820701,,,01,8207,LYUMJEV KW,1,XX,true,,,MCOU,2022
00002,99285.74,00002820705,12492.81,179,05,8207,LYUMJEV KW,1,XX,false,111778.55,3306.000,FFSU,2022
00002,177796.16,00002820705,9163.99,254,05,8207,LYUMJEV KW,1,XX,false,186960.15,8769.000,MCOU,2022
00002,24500.66,00002822827,3243.26,22,27,8228,LYUMJEV KW,1,XX,false,27743.92,393.000,FFSU,2022
00002,96500.30,00002822827,6784.44,64,27,8228,LYUMJEV KW,1,XX,false,103284.74,1470.000,MCOU,2022
00169,378687.41,00169210011,11729.62,1407,11,2100,NOVOLOG 10,4,XX,false,390417.03,40890.000,FFSU,2022
00169,478392.96,00169210011,11101.26,2592,11,2100,NOVOLOG 10,4,XX,false,489494.22,67293.000,MCOU,2022
00169,673216.77,00169210125,13943.26,3616,25,2101,NOVOLOG FP,4,XX,false,687160.03,77946.050,FFSU,2022
00169,752916.39,00169210125,8413.60,7137,25,2101,NOVOLOG FP,4,XX,false,761329.99,132417.000,MCOU,2022
00169,57434.30,00169220011,581.92,173,11,2200,NOVOLOG MI,4,XX,false,58016.22,3870.000,FFSU,2022
00169,44011.77,00169220011,127.95,267,11,2200,NOVOLOG MI,4,XX,false,44139.72,6019.000,MCOU,2022
00169,120386.02,00169220125,1922.52,391,25,2201,NOVOLOG MI,4,XX,false,122308.54,10701.000,FFSU,2022
00169,118702.38,00169220125,246.28,905,25,2201,NOVOLOG MI,4,XX,false,118948.66,20554.000,MCOU,2022
00169,1651024.79,00169330312,225263.90,2508,12,3303,NOVOLOG PE,4,XX,false,1876288.69,52362.000,FFSU,2022
00169,2204488.26,00169330312,262181.33,3867,12,3303,NOVOLOG PE,4,XX,false,2466669.59,71787.000,MCOU,2022
00169,608386.70,00169368512,11441.30,873,12,3685,NOVOLOG MI,4,XX,false,619828.00,21153.100,FFSU,2022
00169,995253.46,00169368512,44815.69,1576,12,3685,NOVOLOG MI,4,XX,false,1040069.15,35581.000,MCOU,2022
00169,2757295.65,00169369619,73361.03,3135,19,3696,NOVOLOG MI,4,XX,false,2830656.68,78594.050,FFSU,2022
00169,6832075.61,00169369619,277221.02,8661,19,3696,NOVOLOG MI,4,XX,false,7109296.63,196108.150,MCOU,2022
00169,30367088.70,00169633910,1392982.59,42976,10,6339,NOVOLOG FL,4,XX,false,31760071.29,878668.991,FFSU,2022
00169,45145920.63,00169633910,2723050.96,69060,10,6339,NOVOLOG FL,4,XX,false,47868971.59,1312307.654,MCOU,2022
00169,12827837.81,00169750111,1797210.53,18502,11,7501,NOVOLOG 10,4,XX,false,14625048.34,537604.675,FFSU,2022
00169,22028862.93,00169750111,2417849.00,33975,11,7501,NOVOLOG 10,4,XX,false,24446711.93,875381.455,MCOU,2022
00169,368937.68,00169210011,9913.99,1450,11,2100,NOVOLOG 10,3,XX,false,378851.67,40281.000,FFSU,2022
00169,446504.04,00169210011,14049.30,2567,11,2100,NOVOLOG 10,3,XX,false,460553.34,63090.000,MCOU,2022
00169,641569.31,00169210125,12415.93,3464,25,2101,NOVOLOG FP,3,XX,false,653985.24,73461.000,FFSU,2022
00169,719365.42,00169210125,7610.77,6882,25,2101,NOVOLOG FP,3,XX,false,726976.19,126364.000,MCOU,2022
00169,68904.85,00169220011,245.80,191,11,2200,NOVOLOG MI,3,XX,false,69150.65,4850.000,FFSU,2022
00169,44652.62,00169220011,21.00,297,11,2200,NOVOLOG MI,3,XX,false,44673.62,6170.000,MCOU,2022
00169,124076.00,00169220125,1871.54,417,25,2201,NOVOLOG MI,3,XX,false,125947.54,10358.000,FFSU,2022
00169,120899.59,00169220125,181.86,909,25,2201,NOVOLOG MI,3,XX,false,121081.45,21126.000,MCOU,2022
00169,1723176.70,00169330312,262291.32,2657,12,3303,NOVOLOG PE,3,XX,false,1985468.02,55752.400,FFSU,2022
00169,2349209.09,00169330312,286444.95,4213,12,3303,NOVOLOG PE,3,XX,false,2635654.04,77586.050,MCOU,2022
00169,727796.45,00169368512,17932.03,1045,12,3685,NOVOLOG MI,3,XX,false,745728.48,25293.300,FFSU,2022
00169,1174446.36,00169368512,72223.71,1839,12,3685,NOVOLOG MI,3,XX,false,1246670.07,41823.260,MCOU,2022
00169,3176664.71,00169369619,98539.05,3584,19,3696,NOVOLOG MI,3,XX,false,3275203.76,90857.000,FFSU,2022
00169,7348331.23,00169369619,387886.14,9419,19,3696,NOVOLOG MI,3,XX,false,7736217.37,212351.420,MCOU,2022
00169,32736374.79,00169633910,1532947.12,46040,10,6339,NOVOLOG FL,3,XX,false,34269321.91,950562.401,FFSU,2022
00169,47009900.46,00169633910,2945840.43,72442,10,6339,NOVOLOG FL,3,XX,false,49955740.89,1369103.474,MCOU,2022
00169,14089477.11,00169750111,1895455.29,20385,11,7501,NOVOLOG 10,3,XX,false,15984932.40,587814.000,FFSU,2022
00169,22466889.19,00169750111,2719066.94,35923,11,7501,NOVOLOG 10,3,XX,false,25185956.13,906088.240,MCOU,2022
00169,234658.74,00169210011,7535.40,1208,11,2100,NOVOLOG 10,2,XX,false,242194.14,32790.000,FFSU,2022
00169,370285.54,00169210011,10749.99,2189,11,2100,NOVOLOG 10,2,XX,false,381035.53,52350.050,MCOU,2022
00169,333664.10,00169210125,10257.80,2882,25,2101,NOVOLOG FP,2,XX,false,343921.90,59077.000,FFSU,2022
00169,629368.84,00169210125,7423.12,5935,25,2101,NOVOLOG FP,2,XX,false,636791.96,111255.000,MCOU,2022
00169,37311.29,00169220011,269.58,190,11,2200,NOVOLOG MI,2,XX,false,37580.87,5130.000,FFSU,2022
00169,57380.35,00169220011,24.00,363,11,2200,NOVOLOG MI,2,XX,false,57404.35,8050.000,MCOU,2022
00169,60035.78,00169220125,867.86,429,25,2201,NOVOLOG MI,2,XX,false,60903.64,10041.000,FFSU,2022
00169,134292.94,00169220125,532.93,1005,25,2201,NOVOLOG MI,2,XX,false,134825.87,23433.000,MCOU,2022
00169,1739906.64,00169330312,256314.87,2710,12,3303,NOVOLOG PE,2,XX,false,1996221.51,56072.100,FFSU,2022
00169,2286566.91,00169330312,313587.06,4187,12,3303,NOVOLOG PE,2,XX,false,2600153.97,76682.000,MCOU,2022
00169,823406.32,00169368512,7357.65,1215,12,3685,NOVOLOG MI,2,XX,false,830763.97,28563.600,FFSU,2022
00169,1754460.13,00169368512,72767.47,2678,12,3685,NOVOLOG MI,2,XX,false,1827227.60,60666.690,MCOU,2022
00169,3371783.37,00169369619,107794.70,3884,19,3696,NOVOLOG MI,2,XX,false,3479578.07,96749.050,FFSU,2022
00169,7733145.22,00169369619,389479.99,9827,19,3696,NOVOLOG MI,2,XX,false,8122625.21,220741.730,MCOU,2022
00169,32629287.19,00169633910,1713670.77,46477,10,6339,NOVOLOG FL,2,XX,false,34342957.96,951471.650,FFSU,2022
00169,46564027.92,00169633910,3028251.42,72935,10,6339,NOVOLOG FL,2,XX,false,49592279.34,1354096.976,MCOU,2022
00169,14234044.81,00169750111,2015045.36,20916,11,7501,NOVOLOG 10,2,XX,false,16249090.17,595531.045,FFSU,2022
00169,22673380.59,00169750111,2923008.90,37162,11,7501,NOVOLOG 10,2,XX,false,25596389.49,908745.545,MCOU,2022
00169,229364.62,00169210011,6669.80,1223,11,2100,NOVOLOG 10,1,XX,false,236034.42,32210.000,FFSU,2022
00169,364092.43,00169210011,7753.96,2090,11,2100,NOVOLOG 10,1,XX,false,371846.39,50490.000,MCOU,2022
00169,,00169210112,,,12,2101,NOVOLOG FP,1,XX,true,,,MCOU,2022
00169,233131.07,00169210125,7381.72,2115,25,2101,NOVOLOG FP,1,XX,false,240512.79,41285.000,FFSU,2022
00169,453061.65,00169210125,6595.11,4349,25,2101,NOVOLOG FP,1,XX,false,459656.76,79672.000,MCOU,2022
00169,26921.59,00169220011,171.10,162,11,2200,NOVOLOG MI,1,XX,false,27092.69,3670.000,FFSU,2022
00169,44869.52,00169220011,178.76,280,11,2200,NOVOLOG MI,1,XX,false,45048.28,6175.000,MCOU,2022
00169,48191.90,00169220125,1448.67,339,25,2201,NOVOLOG MI,1,XX,false,49640.57,8046.000,FFSU,2022
00169,119357.19,00169220125,189.58,864,25,2201,NOVOLOG MI,1,XX,false,119546.77,20361.000,MCOU,2022
00169,1776347.69,00169330312,258773.31,2784,12,3303,NOVOLOG PE,1,XX,false,2035121.00,56839.900,FFSU,2022
00169,2425711.52,00169330312,302501.87,4427,12,3303,NOVOLOG PE,1,XX,false,2728213.39,80092.000,MCOU,2022
00169,928567.54,00169368512,10497.78,1331,12,3685,NOVOLOG MI,1,XX,false,939065.32,31957.500,FFSU,2022
00169,2024466.90,00169368512,68967.76,3064,12,3685,NOVOLOG MI,1,XX,false,2093434.66,68957.400,MCOU,2022
00169,3684691.71,00169369619,108997.94,4296,19,3696,NOVOLOG MI,1,XX,false,3793689.65,104660.383,FFSU,2022
00169,8344347.69,00169369619,378003.35,10353,19,3696,NOVOLOG MI,1,XX,false,8722351.04,233693.900,MCOU,2022
00169,33507459.70,00169633910,1502895.07,47659,10,6339,NOVOLOG FL,1,XX,false,35010354.77,967677.885,FFSU,2022
00169,48876131.63,00169633910,3000170.63,75308,10,6339,NOVOLOG FL,1,XX,false,51876302.26,1395606.026,MCOU,2022
00169,14492089.39,00169750111,1866498.06,21178,11,7501,NOVOLOG 10,1,XX,false,16358587.45,596607.910,FFSU,2022
00169,23665346.05,00169750111,2955682.02,38285,11,7501,NOVOLOG 10,1,XX,false,26621028.07,937845.181,MCOU,2022
00002,22775947.09,00002751001,1743143.97,34788,01,7510,HUMALOG   ,4,XX,false,24519091.06,941737.730,FFSU,2022
00002,26724941.88,00002751001,1805197.25,42374,01,7510,HUMALOG   ,4,XX,false,28530139.13,1088699.480,MCOU,2022
00002,329313.15,00002751017,27127.48,3776,17,7510,HUMALOG   ,4,XX,false,356440.63,12606.800,FFSU,2022
00002,2013907.74,00002751017,391431.82,9601,17,7510,HUMALOG   ,4,XX,false,2405339.56,14290.220,MCOU,2022
00002,1294795.44,00002751101,15175.98,1955,01,7511,HUMALOG MI,4,XX,false,1309971.42,47228.600,FFSU,2022
00002,2587286.00,00002751101,27511.42,4197,01,7511,HUMALOG MI,4,XX,false,2614797.42,92311.930,MCOU,2022
00002,135712.79,00002751201,743.72,166,01,7512,HUMALOG MI,4,XX,false,136456.51,4910.000,FFSU,2022
00002,195422.74,00002751201,652.82,300,01,7512,HUMALOG MI,4,XX,false,196075.56,7162.500,MCOU,2022
00002,,00002751601,,,01,7516,HUMALOG   ,4,XX,true,,,FFSU,2022
00002,,00002751601,,,01,7516,HUMALOG   ,4,XX,true,,,MCOU,2022
00002,1842780.38,00002751659,177115.01,2680,59,7516,HUMALOG   ,4,XX,false,2019895.39,61380.050,FFSU,2022
00002,2515655.07,00002751659,135621.88,3771,59,7516,HUMALOG   ,4,XX,false,2651276.95,79444.350,MCOU,2022
00002,,00002771201,,,01,7712,HUMALOG KW,4,XX,true,,,FFSU,2022
00002,,00002771201,,,01,7712,HUMALOG KW,4,XX,true,,,MCOU,2022
00002,3154906.34,00002771227,154435.53,2615,27,7712,HUMALOG KW,4,XX,false,3309341.87,49030.000,FFSU,2022
00002,7237346.47,00002771227,131780.82,5464,27,7712,HUMALOG KW,4,XX,false,7369127.29,106032.750,MCOU,2022
00002,,00002771401,,,01,7714,HUMALOG KW,4,XX,true,,,FFSU,2022
00002,13943.79,00002771401,6.00,21,01,7714,HUMALOG KW,4,XX,false,13949.79,432.050,MCOU,2022
00002,3344875.10,00002771459,219290.53,5509,59,7714,HUMALOG KW,4,XX,false,3564165.63,104430.000,FFSU,2022
00002,4290274.38,00002771459,177489.57,8085,59,7714,HUMALOG KW,4,XX,false,4467763.95,131424.050,MCOU,2022
00002,,00002879701,,,01,8797,HUMALOG MI,4,XX,true,,,FFSU,2022
00002,9118.07,00002879701,576.53,19,01,8797,HUMALOG MI,4,XX,false,9694.60,288.000,MCOU,2022
00002,1667218.88,00002879759,40960.03,2006,59,8797,HUMALOG MI,4,XX,false,1708178.91,49620.132,FFSU,2022
00002,3700355.89,00002879759,92753.11,4664,59,8797,HUMALOG MI,4,XX,false,3793109.00,108355.908,MCOU,2022
00002,,00002879801,,,01,8798,HUMALOG MI,4,XX,true,,,MCOU,2022
00002,434938.18,00002879859,3684.08,492,59,8798,HUMALOG MI,4,XX,false,438622.26,12807.000,FFSU,2022
00002,944664.50,00002879859,20057.78,1177,59,8798,HUMALOG MI,4,XX,false,964722.28,27981.000,MCOU,2022
00002,43686.40,00002879901,7.00,190,01,8799,HUMALOG KW,4,XX,false,43693.40,1245.200,FFSU,2022
00002,126604.76,00002879901,1627.30,351,01,8799,HUMALOG KW,4,XX,false,128232.06,2577.650,MCOU,2022
00002,24785424.29,00002879959,1069787.14,38293,59,8799,HUMALOG KW,4,XX,false,25855211.43,762664.900,FFSU,2022
00002,33323266.77,00002879959,1060033.13,56804,59,8799,HUMALOG KW,4,XX,false,34383299.90,1059476.050,MCOU,2022
00002,24879998.65,00002751001,1940311.65,38305,01,7510,HUMALOG   ,3,XX,false,26820310.30,1027832.500,FFSU,2022
00002,25822122.70,00002751001,1776748.11,42070,01,7510,HUMALOG   ,3,XX,false,27598870.81,1052162.130,MCOU,2022
00002,400084.42,00002751017,10335.87,4236,17,7510,HUMALOG   ,3,XX,false,410420.29,15197.385,FFSU,2022
00002,2478333.46,00002751017,354770.09,10690,17,7510,HUMALOG   ,3,XX,false,2833103.55,16889.236,MCOU,2022
00002,1550912.91,00002751101,15848.46,2361,01,7511,HUMALOG MI,3,XX,false,1566761.37,56532.400,FFSU,2022
00002,2774366.97,00002751101,28923.82,4418,01,7511,HUMALOG MI,3,XX,false,2803290.79,97708.366,MCOU,2022
00002,140430.53,00002751201,287.74,171,01,7512,HUMALOG MI,3,XX,false,140718.27,4830.500,FFSU,2022
00002,211764.27,00002751201,298.54,338,01,7512,HUMALOG MI,3,XX,false,212062.81,7648.300,MCOU,2022
00002,,00002751601,,,01,7516,HUMALOG   ,3,XX,true,,,FFSU,2022
00002,2167149.08,00002751659,202373.84,3034,59,7516,HUMALOG   ,3,XX,false,2369522.92,72564.000,FFSU,2022
00002,2426547.09,00002751659,146671.19,3741,59,7516,HUMALOG   ,3,XX,false,2573218.28,77084.250,MCOU,2022
00002,11787.56,00002771201,13.20,12,01,7712,HUMALOG KW,3,XX,false,11800.76,165.000,FFSU,2022
00002,,00002771201,,,01,7712,HUMALOG KW,3,XX,true,,,MCOU,2022
00002,3452021.12,00002771227,191230.53,2952,27,7712,HUMALOG KW,3,XX,false,3643251.65,53898.175,FFSU,2022
00002,6722141.14,00002771227,168263.73,5211,27,7712,HUMALOG KW,3,XX,false,6890404.87,100812.125,MCOU,2022
00002,,00002771401,,,01,7714,HUMALOG KW,3,XX,true,,,FFSU,2022
00002,15656.37,00002771401,6.00,23,01,7714,HUMALOG KW,3,XX,false,15662.37,531.000,MCOU,2022
00002,3843213.01,00002771459,233280.92,6204,59,7714,HUMALOG KW,3,XX,false,4076493.93,119400.000,FFSU,2022
00002,4426088.21,00002771459,221207.32,8451,59,7714,HUMALOG KW,3,XX,false,4647295.53,136806.900,MCOU,2022
00002,,00002879701,,,01,8797,HUMALOG MI,3,XX,true,,,FFSU,2022
00002,9688.72,00002879701,0.00,19,01,8797,HUMALOG MI,3,XX,false,9688.72,294.000,MCOU,2022
00002,1984467.50,00002879759,60441.17,2417,59,8797,HUMALOG MI,3,XX,false,2044908.67,59150.764,FFSU,2022
00002,3752822.81,00002879759,131870.23,4851,59,8797,HUMALOG MI,3,XX,false,3884693.04,112609.942,MCOU,2022
00002,,00002879801,,,01,8798,HUMALOG MI,3,XX,true,,,MCOU,2022
00002,501485.77,00002879859,1014.49,556,59,8798,HUMALOG MI,3,XX,false,502500.26,14661.000,FFSU,2022
00002,1005207.32,00002879859,13857.63,1216,59,8798,HUMALOG MI,3,XX,false,1019064.95,30156.000,MCOU,2022
00002,36867.03,00002879901,864.23,202,01,8799,HUMALOG KW,3,XX,false,37731.26,1139.400,FFSU,2022
00002,216076.30,00002879901,16194.03,483,01,8799,HUMALOG KW,3,XX,false,232270.33,4067.950,MCOU,2022
00002,27909220.50,00002879959,1194211.71,42596,59,8799,HUMALOG KW,3,XX,false,29103432.21,857617.050,FFSU,2022
00002,33971586.09,00002879959,1288770.92,55932,59,8799,HUMALOG KW,3,XX,false,35260357.01,1084679.550,MCOU,2022
00002,23261514.03,00002751001,1873888.12,36904,01,7510,HUMALOG   ,2,XX,false,25135402.15,962343.440,FFSU,2022
00002,27618036.54,00002751001,1779819.88,46039,01,7510,HUMALOG   ,2,XX,false,29397856.42,1128264.870,MCOU,2022
00002,390556.53,00002751017,18732.48,4305,17,7510,HUMALOG   ,2,XX,false,409289.01,14715.610,FFSU,2022
00002,2144476.11,00002751017,565690.76,10829,17,7510,HUMALOG   ,2,XX,false,2710166.87,18221.430,MCOU,2022
00002,1535703.40,00002751101,15219.67,2364,01,7511,HUMALOG MI,2,XX,false,1550923.07,55890.150,FFSU,2022
00002,2713049.82,00002751101,43031.32,4466,01,7511,HUMALOG MI,2,XX,false,2756081.14,97785.620,MCOU,2022
00002,153293.11,00002751201,1052.35,201,01,7512,HUMALOG MI,2,XX,false,154345.46,5442.400,FFSU,2022
00002,215672.85,00002751201,1915.68,359,01,7512,HUMALOG MI,2,XX,false,217588.53,7892.500,MCOU,2022
00002,,00002751601,,,01,7516,HUMALOG   ,2,XX,true,,,FFSU,2022
00002,1914664.26,00002751659,177337.11,2826,59,7516,HUMALOG   ,2,XX,false,2092001.37,63873.000,FFSU,2022
00002,2278609.61,00002751659,156698.60,3626,59,7516,HUMALOG   ,2,XX,false,2435308.21,73473.050,MCOU,2022
00002,11556.28,00002771201,16.50,11,01,7712,HUMALOG KW,2,XX,false,11572.78,162.000,FFSU,2022
00002,,00002771201,,,01,7712,HUMALOG KW,2,XX,true,,,MCOU,2022
00002,2969794.69,00002771227,166809.95,2555,27,7712,HUMALOG KW,2,XX,false,3136604.64,46359.025,FFSU,2022
00002,6404553.34,00002771227,223704.67,5096,27,7712,HUMALOG KW,2,XX,false,6628258.01,95333.400,MCOU,2022
00002,,00002771401,,,01,7714,HUMALOG KW,2,XX,true,,,FFSU,2022
00002,12336.85,00002771401,0.00,22,01,7714,HUMALOG KW,2,XX,false,12336.85,384.000,MCOU,2022
00002,3494441.54,00002771459,242762.42,5761,59,7714,HUMALOG KW,2,XX,false,3737203.96,109497.000,FFSU,2022
00002,4299912.18,00002771459,240752.77,8273,59,7714,HUMALOG KW,2,XX,false,4540664.95,134067.000,MCOU,2022
00002,,00002879701,,,01,8797,HUMALOG MI,2,XX,true,,,FFSU,2022
00002,9450.03,00002879701,0.00,20,01,8797,HUMALOG MI,2,XX,false,9450.03,288.000,MCOU,2022
00002,2088152.50,00002879759,63567.75,2496,59,8797,HUMALOG MI,2,XX,false,2151720.25,62867.000,FFSU,2022
00002,3853108.25,00002879759,148950.27,5042,59,8797,HUMALOG MI,2,XX,false,4002058.52,117330.382,MCOU,2022
00002,,00002879801,,,01,8798,HUMALOG MI,2,XX,true,,,MCOU,2022
00002,452009.80,00002879859,1365.64,479,59,8798,HUMALOG MI,2,XX,false,453375.44,13467.000,FFSU,2022
00002,904142.11,00002879859,17796.44,1180,59,8798,HUMALOG MI,2,XX,false,921938.55,27624.000,MCOU,2022
00002,47972.23,00002879901,1890.90,235,01,8799,HUMALOG KW,2,XX,false,49863.13,1606.300,FFSU,2022
00002,147018.16,00002879901,13707.42,509,01,8799,HUMALOG KW,2,XX,false,160725.58,2839.450,MCOU,2022
00002,26944955.89,00002879959,1129792.10,41549,59,8799,HUMALOG KW,2,XX,false,28074747.99,824781.850,FFSU,2022
00002,34314431.49,00002879959,1423524.40,57572,59,8799,HUMALOG KW,2,XX,false,35737955.89,1101132.250,MCOU,2022
00002,22104532.78,00002751001,1694997.14,35689,01,7510,HUMALOG   ,1,XX,false,23799529.92,909740.030,FFSU,2022
00002,29316924.37,00002751001,1767567.63,48926,01,7510,HUMALOG   ,1,XX,false,31084492.00,1189416.832,MCOU,2022
00002,408599.25,00002751017,12967.41,4382,17,7510,HUMALOG   ,1,XX,false,421566.66,17959.223,FFSU,2022
00002,1758605.16,00002751017,280042.53,9601,17,7510,HUMALOG   ,1,XX,false,2038647.69,20065.265,MCOU,2022
00002,1467127.06,00002751101,14631.73,2307,01,7511,HUMALOG MI,1,XX,false,1481758.79,53589.650,FFSU,2022
00002,2954800.14,00002751101,30897.73,4799,01,7511,HUMALOG MI,1,XX,false,2985697.87,105047.809,MCOU,2022
00002,132836.92,00002751201,686.37,194,01,7512,HUMALOG MI,1,XX,false,133523.29,4782.000,FFSU,2022
00002,218399.26,00002751201,54.00,362,01,7512,HUMALOG MI,1,XX,false,218453.26,7904.000,MCOU,2022
00002,,00002751601,,,01,7516,HUMALOG   ,1,XX,true,,,FFSU,2022
00002,,00002751601,,,01,7516,HUMALOG   ,1,XX,true,,,MCOU,2022
00002,1870946.43,00002751659,172000.20,2788,59,7516,HUMALOG   ,1,XX,false,2042946.63,62611.350,FFSU,2022
00002,2203286.34,00002751659,138108.47,3528,59,7516,HUMALOG   ,1,XX,false,2341394.81,70419.050,MCOU,2022
00002,16892.18,00002771201,451.57,15,01,7712,HUMALOG KW,1,XX,false,17343.75,255.000,FFSU,2022
00002,,00002771201,,,01,7712,HUMALOG KW,1,XX,true,,,MCOU,2022
00002,2497351.92,00002771227,156747.74,2131,27,7712,HUMALOG KW,1,XX,false,2654099.66,39024.100,FFSU,2022
00002,5468622.07,00002771227,207639.89,4701,27,7712,HUMALOG KW,1,XX,false,5676261.96,80071.275,MCOU,2022
00002,,00002771401,,,01,7714,HUMALOG KW,1,XX,true,,,FFSU,2022
00002,7667.11,00002771401,11.69,23,01,7714,HUMALOG KW,1,XX,false,7678.80,238.200,MCOU,2022
00002,3155381.98,00002771459,210423.45,5209,59,7714,HUMALOG KW,1,XX,false,3365805.43,98725.000,FFSU,2022
00002,4307373.47,00002771459,223117.10,8289,59,7714,HUMALOG KW,1,XX,false,4530490.57,132441.000,MCOU,2022
00002,,00002879701,,,01,8797,HUMALOG MI,1,XX,true,,,FFSU,2022
00002,7268.45,00002879701,576.53,17,01,8797,HUMALOG MI,1,XX,false,7844.98,228.200,MCOU,2022
00002,1931635.56,00002879759,46014.35,2322,59,8797,HUMALOG MI,1,XX,false,1977649.91,57501.000,FFSU,2022
00002,4287284.42,00002879759,122089.19,5492,59,8797,HUMALOG MI,1,XX,false,4409373.61,126897.414,MCOU,2022
00002,,00002879801,,,01,8798,HUMALOG MI,1,XX,true,,,MCOU,2022
00002,402104.74,00002879859,555.97,451,59,8798,HUMALOG MI,1,XX,false,402660.71,11748.000,FFSU,2022
00002,885462.34,00002879859,19802.74,1182,59,8798,HUMALOG MI,1,XX,false,905265.08,27523.150,MCOU,2022
00002,48666.70,00002879901,345.75,196,01,8799,HUMALOG KW,1,XX,false,49012.45,1434.050,FFSU,2022
00002,108797.46,00002879901,12953.39,606,01,8799,HUMALOG KW,1,XX,false,121750.85,3074.250,MCOU,2022
00002,24941409.57,00002879959,995326.98,38477,59,8799,HUMALOG KW,1,XX,false,25936736.55,759833.750,FFSU,2022
00002,38215570.26,00002879959,1369852.27,62346,59,8799,HUMALOG KW,1,XX,false,39585422.53,1151754.884,MCOU,2022
00024,1491212.98,00024592410,9697.65,6287,10,5924,ADMELOG VI,4,XX,false,1500910.63,150994.150,FFSU,2022
00024,10202680.20,00024592410,14010.77,50315,10,5924,ADMELOG VI,4,XX,false,10216690.97,1047208.100,MCOU,2022
00024,13730.33,00024592501,0.00,86,01,5925,ADMELOG SO,4,XX,false,13730.33,1197.000,MCOU,2022
00024,4141450.13,00024592505,7235.36,17387,05,5925,ADMELOG SO,4,XX,false,4148685.49,326504.050,FFSU,2022
00024,19090277.98,00024592505,20827.47,90909,05,5925,ADMELOG SO,4,XX,false,19111105.45,1580045.950,MCOU,2022
00024,148372.77,00024592605,606.87,835,05,5926,ADMELOG VI,4,XX,false,148979.64,11156.890,FFSU,2022
00024,802451.42,00024592605,24942.03,5262,05,5926,ADMELOG VI,4,XX,false,827393.45,55731.150,MCOU,2022
00024,2090207.02,00024592410,13271.24,9174,10,5924,ADMELOG VI,3,XX,false,2103478.26,211245.150,FFSU,2022
00024,10542696.79,00024592410,16592.41,52264,10,5924,ADMELOG VI,3,XX,false,10559289.20,1113654.600,MCOU,2022
00024,11200.95,00024592501,6.00,66,01,5925,ADMELOG SO,3,XX,false,11206.95,941.000,MCOU,2022
00024,5659379.91,00024592505,9301.62,24139,05,5925,ADMELOG SO,3,XX,false,5668681.53,445101.000,FFSU,2022
00024,19832661.26,00024592505,23376.28,94769,05,5925,ADMELOG SO,3,XX,false,19856037.54,1650004.000,MCOU,2022
00024,180720.01,00024592605,230.13,991,05,5926,ADMELOG VI,3,XX,false,180950.14,13080.450,FFSU,2022
00024,906654.00,00024592605,122491.20,5459,05,5926,ADMELOG VI,3,XX,false,1029145.20,50627.760,MCOU,2022
00024,1912756.50,00024592410,9516.19,9059,10,5924,ADMELOG VI,2,XX,false,1922272.69,192126.450,FFSU,2022
00024,10471012.30,00024592410,14934.68,52537,10,5924,ADMELOG VI,2,XX,false,10485946.98,1106216.400,MCOU,2022
00024,10212.29,00024592501,3.00,55,01,5925,ADMELOG SO,2,XX,false,10215.29,855.000,MCOU,2022
00024,5061178.80,00024592505,6910.51,22577,05,5925,ADMELOG SO,2,XX,false,5068089.31,396719.820,FFSU,2022
00024,19375056.60,00024592505,21560.06,92890,05,5925,ADMELOG SO,2,XX,false,19396616.66,1610569.150,MCOU,2022
00024,124313.38,00024592605,2197.86,924,05,5926,ADMELOG VI,2,XX,false,126511.24,9088.550,FFSU,2022
00024,798921.96,00024592605,31397.19,4766,05,5926,ADMELOG VI,2,XX,false,830319.15,37691.460,MCOU,2022
00024,1881462.48,00024592410,10783.72,8891,10,5924,ADMELOG VI,1,XX,false,1892246.20,177913.000,FFSU,2022
00024,10596397.45,00024592410,14192.90,52618,10,5924,ADMELOG VI,1,XX,false,10610590.35,1098648.480,MCOU,2022
00024,,00024592501,,,01,5925,ADMELOG SO,1,XX,true,,,FFSU,2022
00024,11901.06,00024592501,0.00,80,01,5925,ADMELOG SO,1,XX,false,11901.06,1002.000,MCOU,2022
00024,5061618.21,00024592505,7326.39,21984,05,5925,ADMELOG SO,1,XX,false,5068944.60,374815.818,FFSU,2022
00024,19992397.80,00024592505,25428.47,94840,05,5925,ADMELOG SO,1,XX,false,20017826.27,1648583.583,MCOU,2022
00024,73567.03,00024592605,1813.61,621,05,5926,ADMELOG VI,1,XX,false,75380.64,5347.650,FFSU,2022
00024,608700.26,00024592605,47147.09,3592,05,5926,ADMELOG VI,1,XX,false,655847.35,24090.150,MCOU,2022
00088,430882.90,00088250033,6262.84,605,33,2500,APIDRA 10M,4,XX,false,437145.74,15995.000,FFSU,2022
00088,997303.79,00088250033,6631.91,1341,33,2500,APIDRA 10M,4,XX,false,1003935.70,36827.000,MCOU,2022
00088,1139068.73,00088250205,598.52,1608,05,2502,APIDRA 3ML,4,XX,false,1139667.25,32157.000,FFSU,2022
00088,2676774.15,00088250205,4958.17,3732,05,2502,APIDRA 3ML,4,XX,false,2681732.32,75126.000,MCOU,2022
00088,535187.00,00088250033,5829.36,782,33,2500,APIDRA 10M,3,XX,false,541016.36,20163.050,FFSU,2022
00088,1027783.65,00088250033,5705.93,1383,33,2500,APIDRA 10M,3,XX,false,1033489.58,37223.100,MCOU,2022
00088,1307056.66,00088250205,6752.27,1916,05,2502,APIDRA 3ML,3,XX,false,1313808.93,38052.300,FFSU,2022
00088,2795908.02,00088250205,6797.86,3920,05,2502,APIDRA 3ML,3,XX,false,2802705.88,78486.000,MCOU,2022
00088,533706.76,00088250033,8581.17,771,33,2500,APIDRA 10M,2,XX,false,542287.93,19832.050,FFSU,2022
00088,1018151.92,00088250033,5344.96,1420,33,2500,APIDRA 10M,2,XX,false,1023496.88,37471.050,MCOU,2022
00088,1167707.49,00088250205,9231.07,1748,05,2502,APIDRA 3ML,2,XX,false,1176938.56,33108.000,FFSU,2022
00088,2965878.27,00088250205,9409.26,4022,05,2502,APIDRA 3ML,2,XX,false,2975287.53,80622.500,MCOU,2022
00088,479326.99,00088250033,8785.86,717,33,2500,APIDRA 10M,1,XX,false,488112.85,18002.350,FFSU,2022
00088,1050424.34,00088250033,7688.29,1454,33,2500,APIDRA 10M,1,XX,false,1058112.63,38834.500,MCOU,2022
00088,1058021.83,00088250205,6936.75,1602,05,2502,APIDRA 3ML,1,XX,false,1064958.58,29955.000,FFSU,2022
00088,2720608.87,00088250205,7608.53,3848,05,2502,APIDRA 3ML,1,XX,false,2728217.40,76816.500,MCOU,2022
00002,4087997.12,00002773701,107008.76,23032,01,7737,INSULIN LI,4,XX,false,4195005.88,501743.100,FFSU,2022
00002,9839176.08,00002773701,110388.42,48416,01,7737,INSULIN LI,4,XX,false,9949564.50,1241433.410,MCOU,2022
00002,,00002775201,,,01,7752,INSULIN LI,4,XX,true,,,FFSU,2022
00002,3559.66,00002775201,0.00,25,01,7752,INSULIN LI,4,XX,false,3559.66,354.000,MCOU,2022
00002,643699.57,00002775205,8926.01,3270,05,7752,INSULIN LI,4,XX,false,652625.58,60753.000,FFSU,2022
00002,1718329.55,00002775205,12786.75,10045,05,7752,INSULIN LI,4,XX,false,1731116.30,165525.000,MCOU,2022
00002,4487.33,00002822201,0.00,80,01,8222,INSULIN LI,4,XX,false,4487.33,402.000,FFSU,2022
00002,18633.59,00002822201,0.00,338,01,8222,INSULIN LI,4,XX,false,18633.59,1734.800,MCOU,2022
00002,6703857.21,00002822259,67455.00,36730,59,8222,INSULIN LI,4,XX,false,6771312.21,629836.000,FFSU,2022
00002,17056523.35,00002822259,112529.25,89061,59,8222,INSULIN LI,4,XX,false,17169052.60,1637462.350,MCOU,2022
00002,1661.39,00002823301,0.00,13,01,8233,INSULIN LI,4,XX,false,1661.39,162.000,MCOU,2022
00002,358946.24,00002823305,517.75,1407,05,8233,INSULIN LI,4,XX,false,359463.99,33743.000,FFSU,2022
00002,1384671.69,00002823305,11390.21,5939,05,8233,INSULIN LI,4,XX,false,1396061.90,131886.000,MCOU,2022
00338,10280.17,00338012612,43.56,172,12,0126,Insulin in,4,XX,false,10323.73,15150.900,FFSU,2022
00338,144501.68,00338012612,1858.09,452,12,0126,Insulin in,4,XX,false,146359.77,33789.000,MCOU,2022
00955,,00955172801,,,01,1728,INSULIN GL,4,XX,true,,,MCOU,2022
00955,1704395.84,00955172805,8221.57,9463,05,1728,INSULIN GL,4,XX,false,1712617.41,147116.000,FFSU,2022
00955,1592711.32,00955172805,9711.93,10172,05,1728,INSULIN GL,4,XX,false,1602423.25,152735.000,MCOU,2022
00955,382814.62,00955172901,2075.68,2330,01,1729,INSULIN GL,4,XX,false,384890.30,32614.400,FFSU,2022
00955,235228.86,00955172901,2488.88,1527,01,1729,INSULIN GL,4,XX,false,237717.74,21767.550,MCOU,2022
49502,235451.03,49502039380,1895.80,1808,80,0393,Insulin Gl,4,XX,false,237346.83,21993.420,FFSU,2022
49502,816071.29,49502039380,56365.04,7435,80,0393,Insulin Gl,4,XX,false,872436.33,83319.890,MCOU,2022
49502,,49502039471,,,71,0394,Insulin Gl,4,XX,true,,,FFSU,2022
49502,27456.23,49502039471,3.00,268,71,0394,Insulin Gl,4,XX,false,27459.23,3204.150,MCOU,2022
49502,1276083.78,49502039475,17439.61,9402,75,0394,Insulin Gl,4,XX,false,1293523.39,124501.000,FFSU,2022
49502,11359502.29,49502039475,26040.24,80764,75,0394,Insulin Gl,4,XX,false,11385542.53,1196650.750,MCOU,2022
66733,49821.32,66733077301,273.75,281,01,0773,INSULIN LI,4,XX,false,50095.07,5940.000,FFSU,2022
66733,167321.10,66733077301,757.49,816,01,0773,INSULIN LI,4,XX,false,168078.59,19888.150,MCOU,2022
66733,,66733082201,,,01,0822,INSULIN LI,4,XX,true,,,FFSU,2022
66733,,66733082201,,,01,0822,INSULIN LI,4,XX,true,,,MCOU,2022
66733,3299.16,66733082259,456.78,22,59,0822,INSULIN LI,4,XX,false,3755.94,327.000,FFSU,2022
66733,29546.39,66733082259,3090.41,189,59,0822,INSULIN LI,4,XX,false,32636.80,3069.000,MCOU,2022
73070,2789998.53,73070010011,158539.26,7938,11,0100,INSULIN AS,4,XX,false,2948537.79,207229.370,FFSU,2022
73070,8585063.72,73070010011,245573.96,22243,11,0100,INSULIN AS,4,XX,false,8830637.68,637448.950,MCOU,2022
73070,259692.12,73070010215,16996.64,678,15,0102,INSULIN AS,4,XX,false,276688.76,15489.000,FFSU,2022
73070,978143.52,73070010215,25788.90,2880,15,0102,INSULIN AS,4,XX,false,1003932.42,58249.111,MCOU,2022
73070,3451.95,73070010310,3.00,22,10,0103,INSULIN AS,4,XX,false,3454.95,183.000,FFSU,2022
73070,26844.99,73070010310,46.45,187,10,0103,INSULIN AS,4,XX,false,26891.44,1515.000,MCOU,2022
73070,5537235.66,73070010315,117626.01,16579,15,0103,INSULIN AS,4,XX,false,5654861.67,304349.000,FFSU,2022
73070,16189825.69,73070010315,128111.47,48203,15,0103,INSULIN AS,4,XX,false,16317937.16,908890.150,MCOU,2022
73070,145246.89,73070020011,776.41,433,11,0200,INSULIN AS,4,XX,false,146023.30,9728.000,FFSU,2022
73070,623465.47,73070020011,2645.04,1823,11,0200,INSULIN AS,4,XX,false,626110.51,43273.000,MCOU,2022
73070,,73070020310,,,10,0203,INSULIN AS,4,XX,true,,,MCOU,2022
73070,728507.17,73070020315,10144.91,1797,15,0203,INSULIN AS,4,XX,false,738652.08,39935.000,FFSU,2022
73070,2518198.15,73070020315,7168.78,6412,15,0203,INSULIN AS,4,XX,false,2525366.93,141974.000,MCOU,2022
73070,1973.09,73070040011,34.92,11,11,0400,INSULIN DE,4,XX,false,2008.01,160.000,FFSU,2022
73070,2998.70,73070040011,63.35,17,11,0400,INSULIN DE,4,XX,false,3062.05,259.000,MCOU,2022
73070,27587.39,73070040315,678.10,137,15,0403,INSULIN DE,4,XX,false,28265.49,2202.000,FFSU,2022
73070,91038.67,73070040315,677.77,529,15,0403,INSULIN DE,4,XX,false,91716.44,8421.000,MCOU,2022
73070,27016.49,73070050315,180.67,80,15,0503,INSULIN DE,4,XX,false,27197.16,1122.000,FFSU,2022
73070,145348.15,73070050315,397.93,461,15,0503,INSULIN DE,4,XX,false,145746.08,6183.000,MCOU,2022
00002,4686747.71,00002773701,119641.25,26384,01,7737,INSULIN LI,3,XX,false,4806388.96,573776.900,FFSU,2022
00002,9641566.81,00002773701,128451.95,48128,01,7737,INSULIN LI,3,XX,false,9770018.76,1224428.043,MCOU,2022
00002,,00002775201,,,01,7752,INSULIN LI,3,XX,true,,,FFSU,2022
00002,3978.86,00002775201,0.00,28,01,7752,INSULIN LI,3,XX,false,3978.86,393.000,MCOU,2022
00002,668306.37,00002775205,12427.33,3375,05,7752,INSULIN LI,3,XX,false,680733.70,63168.000,FFSU,2022
00002,1567977.47,00002775205,16600.04,9273,05,7752,INSULIN LI,3,XX,false,1584577.51,151203.100,MCOU,2022
00002,4032.27,00002822201,0.00,87,01,8222,INSULIN LI,3,XX,false,4032.27,375.000,FFSU,2022
00002,13502.63,00002822201,0.00,243,01,8222,INSULIN LI,3,XX,false,13502.63,1371.000,MCOU,2022
00002,7606802.12,00002822259,68730.24,39882,59,8222,INSULIN LI,3,XX,false,7675532.36,714591.000,FFSU,2022
00002,16923499.65,00002822259,121630.56,88879,59,8222,INSULIN LI,3,XX,false,17045130.21,1634429.300,MCOU,2022
00002,3207.14,00002823301,0.00,18,01,8233,INSULIN LI,3,XX,false,3207.14,315.000,MCOU,2022
00002,405176.99,00002823305,1074.23,1544,05,8233,INSULIN LI,3,XX,false,406251.22,38292.000,FFSU,2022
00002,1382326.58,00002823305,9297.16,5988,05,8233,INSULIN LI,3,XX,false,1391623.74,133025.200,MCOU,2022
00338,8773.06,00338012612,37.32,180,12,0126,Insulin in,3,XX,false,8810.38,15097.000,FFSU,2022
00338,110933.59,00338012612,5990.38,435,12,0126,Insulin in,3,XX,false,116923.97,29374.000,MCOU,2022
00955,,00955172801,,,01,1728,INSULIN GL,3,XX,true,,,FFSU,2022
00955,,00955172801,,,01,1728,INSULIN GL,3,XX,true,,,MCOU,2022
00955,838361.43,00955172805,4129.47,4394,05,1728,INSULIN GL,3,XX,false,842490.90,70290.000,FFSU,2022
00955,517173.36,00955172805,5496.70,3165,05,1728,INSULIN GL,3,XX,false,522670.06,50483.500,MCOU,2022
00955,208051.95,00955172901,1970.34,1258,01,1729,INSULIN GL,3,XX,false,210022.29,17695.400,FFSU,2022
00955,90980.72,00955172901,1084.72,649,01,1729,INSULIN GL,3,XX,false,92065.44,8929.980,MCOU,2022
49502,249797.73,49502039380,2089.62,1919,80,0393,Insulin Gl,3,XX,false,251887.35,23378.600,FFSU,2022
49502,736775.23,49502039380,54392.07,6914,80,0393,Insulin Gl,3,XX,false,791167.30,75365.380,MCOU,2022
49502,,49502039471,,,71,0394,Insulin Gl,3,XX,true,,,FFSU,2022
49502,20148.72,49502039471,31.47,207,71,0394,Insulin Gl,3,XX,false,20180.19,2581.850,MCOU,2022
49502,1465146.12,49502039475,16720.17,11185,75,0394,Insulin Gl,3,XX,false,1481866.29,143165.000,FFSU,2022
49502,9924856.28,49502039475,21466.23,71164,75,0394,Insulin Gl,3,XX,false,9946322.51,1049536.550,MCOU,2022
66733,76685.27,66733077301,423.15,436,01,0773,INSULIN LI,3,XX,false,77108.42,9140.000,FFSU,2022
66733,169718.73,66733077301,999.86,825,01,0773,INSULIN LI,3,XX,false,170718.59,19937.100,MCOU,2022
66733,,66733082201,,,01,0822,INSULIN LI,3,XX,true,,,FFSU,2022
66733,5139.25,66733082201,3.00,33,01,0822,INSULIN LI,3,XX,false,5142.25,495.000,MCOU,2022
66733,38795.55,66733082259,99.76,246,59,0822,INSULIN LI,3,XX,false,38895.31,3552.000,FFSU,2022
66733,96623.57,66733082259,3599.32,628,59,0822,INSULIN LI,3,XX,false,100222.89,10710.300,MCOU,2022
73070,2780966.93,73070010011,153241.37,8045,11,0100,INSULIN AS,3,XX,false,2934208.30,206267.500,FFSU,2022
73070,8631034.97,73070010011,262014.81,22281,11,0100,INSULIN AS,3,XX,false,8893049.78,640973.590,MCOU,2022
73070,,73070010210,,,10,0102,INSULIN AS,3,XX,true,,,MCOU,2022
73070,261852.18,73070010215,21642.14,712,15,0102,INSULIN AS,3,XX,false,283494.32,15942.000,FFSU,2022
73070,920857.78,73070010215,29418.42,2757,15,0102,INSULIN AS,3,XX,false,950276.20,54792.000,MCOU,2022
73070,3184.55,73070010310,1.00,31,10,0103,INSULIN AS,3,XX,false,3185.55,160.000,FFSU,2022
73070,26711.93,73070010310,46.45,183,10,0103,INSULIN AS,3,XX,false,26758.38,1540.100,MCOU,2022
73070,5776686.39,73070010315,136855.59,17171,15,0103,INSULIN AS,3,XX,false,5913541.98,320121.000,FFSU,2022
73070,16060054.27,73070010315,140694.45,47862,15,0103,INSULIN AS,3,XX,false,16200748.72,903227.500,MCOU,2022
73070,147115.87,73070020011,139.00,439,11,0200,INSULIN AS,3,XX,false,147254.87,9791.400,FFSU,2022
73070,637878.99,73070020011,4408.67,1817,11,0200,INSULIN AS,3,XX,false,642287.66,44359.000,MCOU,2022
73070,4985.26,73070020310,0.00,15,10,0203,INSULIN AS,3,XX,false,4985.26,309.000,MCOU,2022
73070,739577.03,73070020315,3355.65,1764,15,0203,INSULIN AS,3,XX,false,742932.68,40404.000,FFSU,2022
73070,2491686.58,73070020315,8512.10,6270,15,0203,INSULIN AS,3,XX,false,2500198.68,140203.000,MCOU,2022
00002,3927366.61,00002773701,105495.16,22563,01,7737,INSULIN LI,2,XX,false,4032861.77,476349.200,FFSU,2022
00002,8977825.99,00002773701,118685.29,45527,01,7737,INSULIN LI,2,XX,false,9096511.28,1135399.800,MCOU,2022
00002,,00002775201,,,01,7752,INSULIN LI,2,XX,true,,,FFSU,2022
00002,2630.26,00002775201,0.00,19,01,7752,INSULIN LI,2,XX,false,2630.26,261.000,MCOU,2022
00002,495553.89,00002775205,10524.65,2469,05,7752,INSULIN LI,2,XX,false,506078.54,46662.000,FFSU,2022
00002,1326857.17,00002775205,14664.13,7894,05,7752,INSULIN LI,2,XX,false,1341521.30,128526.050,MCOU,2022
00002,6269.08,00002822201,1.50,120,01,8222,INSULIN LI,2,XX,false,6270.58,549.000,FFSU,2022
00002,9801.27,00002822201,226.02,205,01,8222,INSULIN LI,2,XX,false,10027.29,948.500,MCOU,2022
00002,6293119.91,00002822259,66527.80,33027,59,8222,INSULIN LI,2,XX,false,6359647.71,589065.100,FFSU,2022
00002,16118745.52,00002822259,147283.58,84854,59,8222,INSULIN LI,2,XX,false,16266029.10,1546338.690,MCOU,2022
00002,6430.30,00002823301,160.90,30,01,8233,INSULIN LI,2,XX,false,6591.20,651.000,MCOU,2022
00002,361094.73,00002823305,1294.90,1408,05,8233,INSULIN LI,2,XX,false,362389.63,34074.000,FFSU,2022
00002,1394412.19,00002823305,10078.88,5962,05,8233,INSULIN LI,2,XX,false,1404491.07,132225.250,MCOU,2022
00338,9143.72,00338012612,33.87,155,12,0126,Insulin in,2,XX,false,9177.59,12226.100,FFSU,2022
00338,81039.05,00338012612,9749.35,411,12,0126,Insulin in,2,XX,false,90788.40,29971.000,MCOU,2022
00955,41644.89,00955172805,352.01,218,05,1728,INSULIN GL,2,XX,false,41996.90,3432.000,FFSU,2022
00955,57140.05,00955172805,1191.59,377,05,1728,INSULIN GL,2,XX,false,58331.64,6183.000,MCOU,2022
00955,12193.74,00955172901,31.87,86,01,1729,INSULIN GL,2,XX,false,12225.61,1080.000,FFSU,2022
00955,12123.51,00955172901,0.00,99,01,1729,INSULIN GL,2,XX,false,12123.51,1227.750,MCOU,2022
49502,221001.00,49502039380,3004.50,1605,80,0393,Insulin Gl,2,XX,false,224005.50,20815.250,FFSU,2022
49502,566837.22,49502039380,24152.74,5456,80,0393,Insulin Gl,2,XX,false,590989.96,60100.300,MCOU,2022
49502,,49502039471,,,71,0394,Insulin Gl,2,XX,true,,,FFSU,2022
49502,13797.24,49502039471,154.95,152,71,0394,Insulin Gl,2,XX,false,13952.19,1813.600,MCOU,2022
49502,1176153.06,49502039475,9544.43,9357,75,0394,Insulin Gl,2,XX,false,1185697.49,113968.000,FFSU,2022
49502,8212911.32,49502039475,19850.91,59335,75,0394,Insulin Gl,2,XX,false,8232762.23,867997.350,MCOU,2022
66733,79895.64,66733077301,1154.05,467,01,0773,INSULIN LI,2,XX,false,81049.69,9502.000,FFSU,2022
66733,180876.61,66733077301,1298.18,906,01,0773,INSULIN LI,2,XX,false,182174.79,21868.100,MCOU,2022
66733,8023.48,66733082201,1.00,29,01,0822,INSULIN LI,2,XX,false,8024.48,492.000,FFSU,2022
66733,16983.03,66733082201,487.27,103,01,0822,INSULIN LI,2,XX,false,17470.30,1680.000,MCOU,2022
66733,82801.03,66733082259,538.97,492,59,0822,INSULIN LI,2,XX,false,83340.00,7574.000,FFSU,2022
66733,246725.50,66733082259,4910.09,1399,59,0822,INSULIN LI,2,XX,false,251635.59,24748.150,MCOU,2022
73070,2219063.31,73070010011,162919.98,6963,11,0100,INSULIN AS,2,XX,false,2381983.29,168037.250,FFSU,2022
73070,8247090.63,73070010011,259071.25,21687,11,0100,INSULIN AS,2,XX,false,8506161.88,606495.790,MCOU,2022
73070,,73070010210,,,10,0102,INSULIN AS,2,XX,true,,,MCOU,2022
73070,206250.45,73070010215,22103.25,559,15,0102,INSULIN AS,2,XX,false,228353.70,12561.000,FFSU,2022
73070,827566.81,73070010215,30828.40,2490,15,0102,INSULIN AS,2,XX,false,858395.21,49680.000,MCOU,2022
73070,11076.92,73070010310,0.00,85,10,0103,INSULIN AS,2,XX,false,11076.92,570.000,FFSU,2022
73070,25489.02,73070010310,27.80,169,10,0103,INSULIN AS,2,XX,false,25516.82,1719.000,MCOU,2022
73070,4888283.06,73070010315,140829.72,14449,15,0103,INSULIN AS,2,XX,false,5029112.78,272063.000,FFSU,2022
73070,15948981.19,73070010315,162722.37,47694,15,0103,INSULIN AS,2,XX,false,16111703.56,891560.650,MCOU,2022
73070,123841.16,73070020011,974.13,384,11,0200,INSULIN AS,2,XX,false,124815.29,8340.000,FFSU,2022
73070,577222.81,73070020011,429.35,1572,11,0200,INSULIN AS,2,XX,false,577652.16,39010.850,MCOU,2022
73070,5333.93,73070020310,0.00,14,10,0203,INSULIN AS,2,XX,false,5333.93,312.000,MCOU,2022
73070,560053.97,73070020315,6766.32,1341,15,0203,INSULIN AS,2,XX,false,566820.29,30735.000,FFSU,2022
73070,2339943.47,73070020315,3896.46,6003,15,0203,INSULIN AS,2,XX,false,2343839.93,130822.000,MCOU,2022
00002,3541019.81,00002773701,103343.31,18856,01,7737,INSULIN LI,1,XX,false,3644363.12,383271.100,FFSU,2022
00002,8707508.93,00002773701,111010.07,43996,01,7737,INSULIN LI,1,XX,false,8818519.00,1066984.600,MCOU,2022
00002,,00002775201,,,01,7752,INSULIN LI,1,XX,true,,,FFSU,2022
00002,2274.49,00002775201,0.00,20,01,7752,INSULIN LI,1,XX,false,2274.49,216.000,MCOU,2022
00002,428947.51,00002775205,7542.01,1932,05,7752,INSULIN LI,1,XX,false,436489.52,36378.000,FFSU,2022
00002,1170417.60,00002775205,11228.16,6856,05,7752,INSULIN LI,1,XX,false,1181645.76,111628.000,MCOU,2022
00002,4906.57,00002822201,428.97,73,01,8222,INSULIN LI,1,XX,false,5335.54,358.000,FFSU,2022
00002,10673.79,00002822201,220.10,210,01,8222,INSULIN LI,1,XX,false,10893.89,1011.200,MCOU,2022
00002,5527096.17,00002822259,55910.29,26316,59,8222,INSULIN LI,1,XX,false,5583006.46,466848.360,FFSU,2022
00002,15703595.46,00002822259,127306.12,81244,59,8222,INSULIN LI,1,XX,false,15830901.58,1485306.400,MCOU,2022
00002,,00002823301,,,01,8233,INSULIN LI,1,XX,true,,,FFSU,2022
00002,4719.56,00002823301,160.90,33,01,8233,INSULIN LI,1,XX,false,4880.46,471.000,MCOU,2022
00002,322736.71,00002823305,2265.06,1164,05,8233,INSULIN LI,1,XX,false,325001.77,27462.000,FFSU,2022
00002,1342960.66,00002823305,5252.89,5564,05,8233,INSULIN LI,1,XX,false,1348213.55,125169.050,MCOU,2022
00338,9394.08,00338012612,152.86,189,12,0126,Insulin in,1,XX,false,9546.94,14647.100,FFSU,2022
00338,68173.28,00338012612,25741.17,388,12,0126,Insulin in,1,XX,false,93914.45,27377.000,MCOU,2022
49502,125443.66,49502039380,974.70,1010,80,0393,Insulin Gl,1,XX,false,126418.36,11910.450,FFSU,2022
49502,338882.76,49502039380,19472.29,3249,80,0393,Insulin Gl,1,XX,false,358355.05,36390.550,MCOU,2022
49502,,49502039471,,,71,0394,Insulin Gl,1,XX,true,,,FFSU,2022
49502,6997.64,49502039471,0.00,73,71,0394,Insulin Gl,1,XX,false,6997.64,729.500,MCOU,2022
49502,837867.64,49502039475,4447.05,6425,75,0394,Insulin Gl,1,XX,false,842314.69,79556.000,FFSU,2022
49502,5591842.58,49502039475,21693.70,39864,75,0394,Insulin Gl,1,XX,false,5613536.28,584662.050,MCOU,2022
66733,72571.88,66733077301,457.74,394,01,0773,INSULIN LI,1,XX,false,73029.62,7860.150,FFSU,2022
66733,159788.80,66733077301,1675.12,818,01,0773,INSULIN LI,1,XX,false,161463.92,18536.100,MCOU,2022
66733,5584.18,66733082201,1.00,23,01,0822,INSULIN LI,1,XX,false,5585.18,309.000,FFSU,2022
66733,16339.19,66733082201,611.47,97,01,0822,INSULIN LI,1,XX,false,16950.66,1590.000,MCOU,2022
66733,83251.94,66733082259,132.86,416,59,0822,INSULIN LI,1,XX,false,83384.80,6735.350,FFSU,2022
66733,253982.92,66733082259,5527.22,1482,59,0822,INSULIN LI,1,XX,false,259510.14,23766.500,MCOU,2022
73070,1666417.58,73070010011,154136.65,5579,11,0100,INSULIN AS,1,XX,false,1820554.23,128940.100,FFSU,2022
73070,7681599.13,73070010011,231227.56,20737,11,0100,INSULIN AS,1,XX,false,7912826.69,567707.900,MCOU,2022
73070,,73070010210,,,10,0102,INSULIN AS,1,XX,true,,,FFSU,2022
73070,,73070010210,,,10,0102,INSULIN AS,1,XX,true,,,MCOU,2022
73070,160791.43,73070010215,27370.25,481,15,0102,INSULIN AS,1,XX,false,188161.68,10296.000,FFSU,2022
73070,728332.96,73070010215,25675.66,2209,15,0102,INSULIN AS,1,XX,false,754008.62,43650.000,MCOU,2022
73070,8517.75,73070010310,3.00,64,10,0103,INSULIN AS,1,XX,false,8520.75,453.000,FFSU,2022
73070,29967.26,73070010310,39.45,185,10,0103,INSULIN AS,1,XX,false,30006.71,2161.350,MCOU,2022
73070,3845977.82,73070010315,118019.82,11374,15,0103,INSULIN AS,1,XX,false,3963997.64,214212.300,FFSU,2022
73070,15184992.16,73070010315,158672.67,46121,15,0103,INSULIN AS,1,XX,false,15343664.83,857120.411,MCOU,2022
73070,86280.92,73070020011,242.63,279,11,0200,INSULIN AS,1,XX,false,86523.55,5770.000,FFSU,2022
73070,537654.12,73070020011,3050.89,1511,11,0200,INSULIN AS,1,XX,false,540705.01,37190.050,MCOU,2022
73070,,73070020310,,,10,0203,INSULIN AS,1,XX,true,,,FFSU,2022
73070,3223.66,73070020310,0.00,12,10,0203,INSULIN AS,1,XX,false,3223.66,231.000,MCOU,2022
73070,353506.70,73070020315,3694.37,807,15,0203,INSULIN AS,1,XX,false,357201.07,19371.000,FFSU,2022
73070,2231506.03,73070020315,19906.41,5807,15,0203,INSULIN AS,1,XX,false,2251412.44,125437.000,MCOU,2022
00169,716477.59,00169320111,89131.30,854,11,3201,FIASP VIAL,4,XX,false,805608.89,28850.000,FFSU,2023
00169,1170628.06,00169320111,185697.47,1503,11,3201,FIASP VIAL,4,XX,false,1356325.53,48090.000,MCOU,2023
00169,1081319.03,00169320415,99253.09,1463,15,3204,FIASP FLEX,4,XX,false,1180572.12,32601.000,FFSU,2023
00169,1230317.32,00169320415,120324.66,1754,15,3204,FIASP FLEX,4,XX,false,1350641.98,37245.100,MCOU,2023
00169,,00169320511,,,11,3205,FIASP PENF,4,XX,true,,,FFSU,2023
00169,89930.61,00169320515,3520.69,119,15,3205,FIASP PENF,4,XX,false,93451.30,2607.000,FFSU,2023
00169,94191.67,00169320515,8876.53,164,15,3205,FIASP PENF,4,XX,false,103068.20,3057.000,MCOU,2023
00169,8840.93,00169320615,3109.62,14,15,3206,FIASP PUMP,4,XX,false,11950.55,360.000,FFSU,2023
00169,,00169320615,,,15,3206,FIASP PUMP,4,XX,true,,,MCOU,2023
00169,762043.57,00169320111,118868.94,913,11,3201,FIASP VIAL,3,XX,false,880912.51,31500.100,FFSU,2023
00169,1116807.88,00169320111,182856.43,1491,11,3201,FIASP VIAL,3,XX,false,1299664.31,46701.800,MCOU,2023
00169,1064629.32,00169320415,105672.87,1455,15,3204,FIASP FLEX,3,XX,false,1170302.19,32366.000,FFSU,2023
00169,1246428.55,00169320415,124250.61,1808,15,3204,FIASP FLEX,3,XX,false,1370679.16,37888.650,MCOU,2023
00169,,00169320511,,,11,3205,FIASP PENF,3,XX,true,,,FFSU,2023
00169,130662.44,00169320515,7210.78,179,15,3205,FIASP PENF,3,XX,false,137873.22,3873.000,FFSU,2023
00169,92583.43,00169320515,21111.54,169,15,3205,FIASP PENF,3,XX,false,113694.97,3210.000,MCOU,2023
00169,597184.36,00169320111,121266.28,751,11,3201,FIASP VIAL,2,XX,false,718450.64,25610.100,FFSU,2023
00169,1199242.54,00169320111,166306.26,1551,11,3201,FIASP VIAL,2,XX,false,1365548.80,48940.900,MCOU,2023
00169,897460.70,00169320415,104453.85,1259,15,3204,FIASP FLEX,2,XX,false,1001914.55,27720.000,FFSU,2023
00169,1254834.53,00169320415,114871.72,1815,15,3204,FIASP FLEX,2,XX,false,1369706.25,38746.300,MCOU,2023
00169,,00169320511,,,11,3205,FIASP PENF,2,XX,true,,,FFSU,2023
00169,137953.27,00169320515,10159.88,183,15,3205,FIASP PENF,2,XX,false,148113.15,4296.000,FFSU,2023
00169,136384.61,00169320515,23117.03,241,15,3205,FIASP PENF,2,XX,false,159501.64,4713.000,MCOU,2023
00169,531376.40,00169320111,121388.96,691,11,3201,FIASP VIAL,1,XX,false,652765.36,23110.000,FFSU,2023
00169,1282970.04,00169320111,174891.36,1657,11,3201,FIASP VIAL,1,XX,false,1457861.40,51750.550,MCOU,2023
00169,856731.05,00169320415,116833.95,1201,15,3204,FIASP FLEX,1,XX,false,973565.00,26205.100,FFSU,2023
00169,1318646.96,00169320415,150545.77,1980,15,3204,FIASP FLEX,1,XX,false,1469192.73,41021.750,MCOU,2023
00169,,00169320511,,,11,3205,FIASP PENF,1,XX,true,,,FFSU,2023
00169,,00169320511,,,11,3205,FIASP PENF,1,XX,true,,,MCOU,2023
00169,131304.16,00169320515,9540.79,170,15,3205,FIASP PENF,1,XX,false,140844.95,4119.000,FFSU,2023
00169,127919.26,00169320515,20391.93,234,15,3205,FIASP PENF,1,XX,false,148311.19,4368.000,MCOU,2023
00002,531814.25,00002772801,46627.90,605,01,7728,LYUMJEV   ,4,XX,false,578442.15,21800.000,FFSU,2023
00002,532927.96,00002772801,46559.46,749,01,7728,LYUMJEV   ,4,XX,false,579487.42,22520.000,MCOU,2023
00002,,00002820701,,,01,8207,LYUMJEV KW,4,XX,true,,,FFSU,2023
00002,337298.04,00002820705,23627.93,508,05,8207,LYUMJEV KW,4,XX,false,360925.97,10524.000,FFSU,2023
00002,393970.49,00002820705,26243.32,606,05,8207,LYUMJEV KW,4,XX,false,420213.81,12645.000,MCOU,2023
00002,168624.96,00002822827,9354.38,109,27,8228,LYUMJEV KW,4,XX,false,177979.34,2637.000,FFSU,2023
00002,184854.35,00002822827,12945.10,107,27,8228,LYUMJEV KW,4,XX,false,197799.45,2877.000,MCOU,2023
00002,15775.61,00002823505,482.76,20,05,8235,LYUMJEV TE,4,XX,false,16258.37,480.000,FFSU,2023
00002,31081.58,00002823505,6013.99,43,05,8235,LYUMJEV TE,4,XX,false,37095.57,1104.000,MCOU,2023
00002,482835.46,00002772801,57214.48,584,01,7728,LYUMJEV   ,3,XX,false,540049.94,20460.000,FFSU,2023
00002,467924.65,00002772801,57402.98,673,01,7728,LYUMJEV   ,3,XX,false,525327.63,20280.000,MCOU,2023
00002,388659.13,00002820705,33538.01,600,05,8207,LYUMJEV KW,3,XX,false,422197.14,12273.000,FFSU,2023
00002,359431.82,00002820705,38876.53,583,05,8207,LYUMJEV KW,3,XX,false,398308.35,11805.000,MCOU,2023
00002,196455.15,00002822827,5958.10,134,27,8228,LYUMJEV KW,3,XX,false,202413.25,2985.000,FFSU,2023
00002,174937.68,00002822827,12811.44,123,27,8228,LYUMJEV KW,3,XX,false,187749.12,2799.000,MCOU,2023
00002,12335.16,00002823505,4.00,13,05,8235,LYUMJEV TE,3,XX,false,12339.16,345.000,FFSU,2023
00002,28797.17,00002823505,6518.03,48,05,8235,LYUMJEV TE,3,XX,false,35315.20,1128.000,MCOU,2023
00002,373846.69,00002772801,51353.49,453,01,7728,LYUMJEV   ,2,XX,false,425200.18,15915.000,FFSU,2023
00002,420909.36,00002772801,57116.10,613,01,7728,LYUMJEV   ,2,XX,false,478025.46,18660.000,MCOU,2023
00002,,00002820701,,,01,8207,LYUMJEV KW,2,XX,true,,,MCOU,2023
00002,317066.43,00002820705,27408.66,497,05,8207,LYUMJEV KW,2,XX,false,344475.09,10098.000,FFSU,2023
00002,392031.56,00002820705,38339.83,584,05,8207,LYUMJEV KW,2,XX,false,430371.39,12786.000,MCOU,2023
00002,,00002822801,,,01,8228,LYUMJEV KW,2,XX,true,,,MCOU,2023
00002,140957.93,00002822827,9896.38,115,27,8228,LYUMJEV KW,2,XX,false,150854.31,2226.000,FFSU,2023
00002,198082.67,00002822827,7327.80,141,27,8228,LYUMJEV KW,2,XX,false,205410.47,3093.000,MCOU,2023
00002,,00002823505,,,05,8235,LYUMJEV TE,2,XX,true,,,FFSU,2023
00002,15386.04,00002823505,2746.45,20,05,8235,LYUMJEV TE,2,XX,false,18132.49,528.000,MCOU,2023
00002,267673.11,00002772801,47616.07,369,01,7728,LYUMJEV   ,1,XX,false,315289.18,12140.000,FFSU,2023
00002,415441.64,00002772801,29962.67,582,01,7728,LYUMJEV   ,1,XX,false,445404.31,17250.000,MCOU,2023
00002,251254.67,00002820705,29454.77,437,05,8207,LYUMJEV KW,1,XX,false,280709.44,8094.000,FFSU,2023
00002,374756.54,00002820705,28176.36,573,05,8207,LYUMJEV KW,1,XX,false,402932.90,11901.000,MCOU,2023
00002,79683.64,00002822827,11033.08,75,27,8228,LYUMJEV KW,1,XX,false,90716.72,1332.000,FFSU,2023
00002,200910.26,00002822827,6543.90,118,27,8228,LYUMJEV KW,1,XX,false,207454.16,3114.000,MCOU,2023
00002,,00002823505,,,05,8235,LYUMJEV TE,1,XX,true,,,FFSU,2023
00002,,00002823505,,,05,8235,LYUMJEV TE,1,XX,true,,,MCOU,2023
00169,373201.10,00169210011,10158.64,1494,11,2100,NOVOLOG 10,4,XX,false,383359.74,45080.000,FFSU,2023
00169,402961.54,00169210011,7667.13,2383,11,2100,NOVOLOG 10,4,XX,false,410628.67,66540.200,MCOU,2023
00169,899002.84,00169210125,22274.63,4878,25,2101,NOVOLOG FP,4,XX,false,921277.47,104997.000,FFSU,2023
00169,832299.79,00169210125,12043.13,7588,25,2101,NOVOLOG FP,4,XX,false,844342.92,147121.000,MCOU,2023
00169,57704.54,00169220011,641.80,148,11,2200,NOVOLOG MI,4,XX,false,58346.34,3840.000,FFSU,2023
00169,23619.20,00169220011,573.80,162,11,2200,NOVOLOG MI,4,XX,false,24193.00,3890.000,MCOU,2023
00169,100073.89,00169220125,2615.10,357,25,2201,NOVOLOG MI,4,XX,false,102688.99,8436.000,FFSU,2023
00169,86879.01,00169220125,1158.99,714,25,2201,NOVOLOG MI,4,XX,false,88038.00,15606.100,MCOU,2023
00169,1472193.94,00169330312,201012.14,2182,12,3303,NOVOLOG PE,4,XX,false,1673206.08,46681.600,FFSU,2023
00169,1633029.29,00169330312,221124.04,2828,12,3303,NOVOLOG PE,4,XX,false,1854153.33,54867.000,MCOU,2023
00169,421207.10,00169368512,11332.24,618,12,3685,NOVOLOG MI,4,XX,false,432539.34,14680.000,FFSU,2023
00169,543525.91,00169368512,29607.72,828,12,3685,NOVOLOG MI,4,XX,false,573133.63,19668.150,MCOU,2023
00169,2747909.43,00169369619,80367.55,3150,19,3696,NOVOLOG MI,4,XX,false,2828276.98,78372.333,FFSU,2023
00169,2796043.73,00169369619,205090.20,3689,19,3696,NOVOLOG MI,4,XX,false,3001133.93,83347.800,MCOU,2023
00169,26575753.09,00169633910,1322588.74,38913,10,6339,NOVOLOG FL,4,XX,false,27898341.83,766525.591,FFSU,2023
00169,27864565.40,00169633910,1716395.40,43833,10,6339,NOVOLOG FL,4,XX,false,29580960.80,830311.554,MCOU,2023
00169,12895550.31,00169750111,1785892.33,17825,11,7501,NOVOLOG 10,4,XX,false,14681442.64,532357.230,FFSU,2023
00169,15191399.55,00169750111,1933872.80,23890,11,7501,NOVOLOG 10,4,XX,false,17125272.35,633266.847,MCOU,2023
00169,477560.75,00169210011,15381.46,1595,11,2100,NOVOLOG 10,3,XX,false,492942.21,50060.000,FFSU,2023
00169,555901.30,00169210011,10926.91,2753,11,2100,NOVOLOG 10,3,XX,false,566828.21,77450.000,MCOU,2023
00169,,00169210112,,,12,2101,NOVOLOG FP,3,XX,true,,,FFSU,2023
00169,935398.91,00169210125,20008.10,4808,25,2101,NOVOLOG FP,3,XX,false,955407.01,102168.000,FFSU,2023
00169,840561.15,00169210125,9790.37,7853,25,2101,NOVOLOG FP,3,XX,false,850351.52,147570.000,MCOU,2023
00169,68370.94,00169220011,469.24,173,11,2200,NOVOLOG MI,3,XX,false,68840.18,4010.000,FFSU,2023
00169,33014.40,00169220011,6.00,197,11,2200,NOVOLOG MI,3,XX,false,33020.40,4530.000,MCOU,2023
00169,128588.02,00169220125,2350.36,354,25,2201,NOVOLOG MI,3,XX,false,130938.38,9558.000,FFSU,2023
00169,101165.94,00169220125,696.80,800,25,2201,NOVOLOG MI,3,XX,false,101862.74,17273.000,MCOU,2023
00169,1693065.46,00169330312,208599.35,2496,12,3303,NOVOLOG PE,3,XX,false,1901664.81,53824.800,FFSU,2023
00169,1768572.20,00169330312,269914.10,3153,12,3303,NOVOLOG PE,3,XX,false,2038486.30,60648.050,MCOU,2023
00169,527617.77,00169368512,17947.87,735,12,3685,NOVOLOG MI,3,XX,false,545565.64,18551.000,FFSU,2023
00169,595022.27,00169368512,37286.72,988,12,3685,NOVOLOG MI,3,XX,false,632308.99,21604.950,MCOU,2023
00169,3017107.90,00169369619,100887.94,3529,19,3696,NOVOLOG MI,3,XX,false,3117995.84,86384.000,FFSU,2023
00169,3748945.20,00169369619,237653.01,4724,19,3696,NOVOLOG MI,3,XX,false,3986598.21,109165.410,MCOU,2023
00169,30853894.06,00169633910,1863232.77,44633,10,6339,NOVOLOG FL,3,XX,false,32717126.83,901449.986,FFSU,2023
00169,36089813.15,00169633910,2235981.85,55822,10,6339,NOVOLOG FL,3,XX,false,38325795.00,1072856.732,MCOU,2023
00169,14231763.74,00169750111,2166284.39,19903,11,7501,NOVOLOG 10,3,XX,false,16398048.13,597458.285,FFSU,2023
00169,18092601.17,00169750111,2434162.32,28014,11,7501,NOVOLOG 10,3,XX,false,20526763.49,754491.790,MCOU,2023
00169,414930.43,00169210011,15260.71,1509,11,2100,NOVOLOG 10,2,XX,false,430191.14,45900.000,FFSU,2023
00169,536450.87,00169210011,16780.15,2783,11,2100,NOVOLOG 10,2,XX,false,553231.02,75590.200,MCOU,2023
00169,,00169210112,,,12,2101,NOVOLOG FP,2,XX,true,,,FFSU,2023
00169,,00169210112,,,12,2101,NOVOLOG FP,2,XX,true,,,MCOU,2023
00169,779065.03,00169210125,19997.36,4404,25,2101,NOVOLOG FP,2,XX,false,799062.39,93741.000,FFSU,2023
00169,839266.43,00169210125,9945.83,7827,25,2101,NOVOLOG FP,2,XX,false,849212.26,147061.000,MCOU,2023
00169,50651.88,00169220011,220.88,160,11,2200,NOVOLOG MI,2,XX,false,50872.76,3640.000,FFSU,2023
00169,33959.63,00169220011,3.00,215,11,2200,NOVOLOG MI,2,XX,false,33962.63,4660.050,MCOU,2023
00169,104051.35,00169220125,2682.32,352,25,2201,NOVOLOG MI,2,XX,false,106733.67,9259.000,FFSU,2023
00169,115008.38,00169220125,381.05,894,25,2201,NOVOLOG MI,2,XX,false,115389.43,19689.000,MCOU,2023
00169,1682996.41,00169330312,249028.26,2552,12,3303,NOVOLOG PE,2,XX,false,1932024.67,54161.100,FFSU,2023
00169,1999706.81,00169330312,284315.16,3509,12,3303,NOVOLOG PE,2,XX,false,2284021.97,67216.550,MCOU,2023
00169,535634.88,00169368512,15195.94,735,12,3685,NOVOLOG MI,2,XX,false,550830.82,18736.600,FFSU,2023
00169,641648.78,00169368512,27017.62,1104,12,3685,NOVOLOG MI,2,XX,false,668666.40,23022.040,MCOU,2023
00169,3121079.54,00169369619,86616.56,3757,19,3696,NOVOLOG MI,2,XX,false,3207696.10,89212.200,FFSU,2023
00169,4050489.54,00169369619,237327.09,5273,19,3696,NOVOLOG MI,2,XX,false,4287816.63,119563.050,MCOU,2023
00169,30436296.82,00169633910,1901194.33,44222,10,6339,NOVOLOG FL,2,XX,false,32337491.15,894228.068,FFSU,2023
00169,39272234.64,00169633910,2324824.34,60837,10,6339,NOVOLOG FL,2,XX,false,41597058.98,1169263.780,MCOU,2023
00169,13542681.22,00169750111,2376479.89,19599,11,7501,NOVOLOG 10,2,XX,false,15919161.11,582046.305,FFSU,2023
00169,20391557.46,00169750111,2793942.61,31422,11,7501,NOVOLOG 10,2,XX,false,23185500.07,845906.220,MCOU,2023
00169,416751.81,00169210011,20096.87,1545,11,2100,NOVOLOG 10,1,XX,false,436848.68,45950.000,FFSU,2023
00169,518735.39,00169210011,17698.63,2785,11,2100,NOVOLOG 10,1,XX,false,536434.02,73220.250,MCOU,2023
00169,804999.83,00169210125,21604.72,4329,25,2101,NOVOLOG FP,1,XX,false,826604.55,90837.000,FFSU,2023
00169,837142.37,00169210125,10324.09,7758,25,2101,NOVOLOG FP,1,XX,false,847466.46,147711.000,MCOU,2023
00169,67633.01,00169220011,205.86,183,11,2200,NOVOLOG MI,1,XX,false,67838.87,4387.000,FFSU,2023
00169,41953.18,00169220011,27.00,241,11,2200,NOVOLOG MI,1,XX,false,41980.18,5860.000,MCOU,2023
00169,100326.86,00169220125,2335.52,355,25,2201,NOVOLOG MI,1,XX,false,102662.38,8919.000,FFSU,2023
00169,132747.08,00169220125,667.48,961,25,2201,NOVOLOG MI,1,XX,false,133414.56,22591.000,MCOU,2023
00169,1791675.46,00169330312,252541.15,2739,12,3303,NOVOLOG PE,1,XX,false,2044216.61,57027.300,FFSU,2023
00169,2142165.60,00169330312,331832.64,3822,12,3303,NOVOLOG PE,1,XX,false,2473998.24,71964.600,MCOU,2023
00169,577328.99,00169368512,13397.73,802,12,3685,NOVOLOG MI,1,XX,false,590726.72,19688.450,FFSU,2023
00169,840213.79,00169368512,28866.46,1348,12,3685,NOVOLOG MI,1,XX,false,869080.25,30143.450,MCOU,2023
00169,2832598.49,00169369619,92108.00,3294,19,3696,NOVOLOG MI,1,XX,false,2924706.49,80291.333,FFSU,2023
00169,5810465.30,00169369619,314482.81,7282,19,3696,NOVOLOG MI,1,XX,false,6124948.11,169166.950,MCOU,2023
00169,31888688.68,00169633910,1891956.44,46237,10,6339,NOVOLOG FL,1,XX,false,33780645.12,933476.090,FFSU,2023
00169,42421098.54,00169633910,2586145.81,65633,10,6339,NOVOLOG FL,1,XX,false,45007244.35,1258900.158,MCOU,2023
00169,13781859.84,00169750111,2257876.99,20034,11,7501,NOVOLOG 10,1,XX,false,16039736.83,586524.425,FFSU,2023
00169,22170326.14,00169750111,3039440.40,34312,11,7501,NOVOLOG 10,1,XX,false,25209766.54,908284.250,MCOU,2023
00002,24381458.22,00002751001,1510062.68,35635,01,7510,HUMALOG   ,4,XX,false,25891520.90,1000983.570,FFSU,2023
00002,32034342.94,00002751001,1495509.84,55039,01,7510,HUMALOG   ,4,XX,false,33529852.78,1293330.150,MCOU,2023
00002,326148.50,00002751017,24263.52,3033,17,7510,HUMALOG   ,4,XX,false,350412.02,12980.870,FFSU,2023
00002,1731635.84,00002751017,395989.33,8645,17,7510,HUMALOG   ,4,XX,false,2127625.17,17960.593,MCOU,2023
00002,1022559.19,00002751101,8125.06,1475,01,7511,HUMALOG MI,4,XX,false,1030684.25,37170.850,FFSU,2023
00002,1711480.87,00002751101,20909.13,2943,01,7511,HUMALOG MI,4,XX,false,1732390.00,62848.820,MCOU,2023
00002,66030.57,00002751201,143.50,93,01,7512,HUMALOG MI,4,XX,false,66174.07,2320.500,FFSU,2023
00002,121599.37,00002751201,15.00,171,01,7512,HUMALOG MI,4,XX,false,121614.37,4475.950,MCOU,2023
00002,,00002751601,,,01,7516,HUMALOG   ,4,XX,true,,,FFSU,2023
00002,,00002751601,,,01,7516,HUMALOG   ,4,XX,true,,,MCOU,2023
00002,1762132.69,00002751659,85703.28,2435,59,7516,HUMALOG   ,4,XX,false,1847835.97,55830.000,FFSU,2023
00002,2011218.01,00002751659,111978.19,2940,59,7516,HUMALOG   ,4,XX,false,2123196.20,64389.250,MCOU,2023
00002,28215.16,00002753301,894.33,89,01,7533,HUMALOG   ,4,XX,false,29109.49,1112.750,FFSU,2023
00002,189450.94,00002753301,47398.28,584,01,7533,HUMALOG   ,4,XX,false,236849.22,2817.820,MCOU,2023
00002,,00002771201,,,01,7712,HUMALOG KW,4,XX,true,,,FFSU,2023
00002,,00002771201,,,01,7712,HUMALOG KW,4,XX,true,,,MCOU,2023
00002,4100152.85,00002771227,181152.76,3046,27,7712,HUMALOG KW,4,XX,false,4281305.61,63205.700,FFSU,2023
00002,7658194.31,00002771227,235791.71,5541,27,7712,HUMALOG KW,4,XX,false,7893986.02,114631.400,MCOU,2023
00002,5203.41,00002771401,0.00,21,01,7714,HUMALOG KW,4,XX,false,5203.41,214.000,MCOU,2023
00002,3932150.21,00002771459,228097.72,6361,59,7714,HUMALOG KW,4,XX,false,4160247.93,122755.000,FFSU,2023
00002,4045653.53,00002771459,190627.31,7518,59,7714,HUMALOG KW,4,XX,false,4236280.84,128952.400,MCOU,2023
00002,27426.98,00002821305,18.00,60,05,8213,HUMALOG TE,4,XX,false,27444.98,789.200,FFSU,2023
00002,20738.77,00002821305,2268.92,40,05,8213,HUMALOG TE,4,XX,false,23007.69,675.000,MCOU,2023
00002,,00002879701,,,01,8797,HUMALOG MI,4,XX,true,,,MCOU,2023
00002,1873252.68,00002879759,46222.31,2181,59,8797,HUMALOG MI,4,XX,false,1919474.99,56109.000,FFSU,2023
00002,2654514.68,00002879759,68330.21,3238,59,8797,HUMALOG MI,4,XX,false,2722844.89,80388.198,MCOU,2023
00002,,00002879801,,,01,8798,HUMALOG MI,4,XX,true,,,FFSU,2023
00002,261411.07,00002879859,1948.48,599,59,8798,HUMALOG MI,4,XX,false,263359.55,14541.000,FFSU,2023
00002,641678.28,00002879859,56538.20,800,59,8798,HUMALOG MI,4,XX,false,698216.48,19470.000,MCOU,2023
00002,46145.52,00002879901,2048.39,190,01,8799,HUMALOG KW,4,XX,false,48193.91,1444.050,FFSU,2023
00002,97660.53,00002879901,5408.66,235,01,8799,HUMALOG KW,4,XX,false,103069.19,1661.800,MCOU,2023
00002,28385273.30,00002879959,998309.00,44749,59,8799,HUMALOG KW,4,XX,false,29383582.30,874985.300,FFSU,2023
00002,34020230.66,00002879959,950464.54,54616,59,8799,HUMALOG KW,4,XX,false,34970695.20,1051084.820,MCOU,2023
00002,28054350.67,00002751001,1879255.21,39723,01,7510,HUMALOG   ,3,XX,false,29933605.88,1158589.450,FFSU,2023
00002,30876761.33,00002751001,1680822.28,55066,01,7510,HUMALOG   ,3,XX,false,32557583.61,1238566.790,MCOU,2023
00002,391710.73,00002751017,19345.25,3600,17,7510,HUMALOG   ,3,XX,false,411055.98,14269.010,FFSU,2023
00002,2300995.78,00002751017,712366.66,10347,17,7510,HUMALOG   ,3,XX,false,3013362.44,21957.252,MCOU,2023
00002,1185983.09,00002751101,14218.02,1703,01,7511,HUMALOG MI,3,XX,false,1200201.11,43255.946,FFSU,2023
00002,2052315.66,00002751101,22802.81,3462,01,7511,HUMALOG MI,3,XX,false,2075118.47,74886.280,MCOU,2023
00002,106334.15,00002751201,991.40,154,01,7512,HUMALOG MI,3,XX,false,107325.55,3712.500,FFSU,2023
00002,228353.05,00002751201,30.00,328,01,7512,HUMALOG MI,3,XX,false,228383.05,8196.500,MCOU,2023
00002,,00002751601,,,01,7516,HUMALOG   ,3,XX,true,,,MCOU,2023
00002,1994805.19,00002751659,115660.97,2772,59,7516,HUMALOG   ,3,XX,false,2110466.16,64110.050,FFSU,2023
00002,2186851.13,00002751659,139090.01,3196,59,7516,HUMALOG   ,3,XX,false,2325941.14,70576.100,MCOU,2023
00002,,00002753301,,,01,7533,HUMALOG   ,3,XX,true,,,MCOU,2023
00002,,00002771201,,,01,7712,HUMALOG KW,3,XX,true,,,FFSU,2023
00002,,00002771201,,,01,7712,HUMALOG KW,3,XX,true,,,MCOU,2023
00002,4193300.69,00002771227,244447.89,3284,27,7712,HUMALOG KW,3,XX,false,4437748.58,65438.000,FFSU,2023
00002,7449357.77,00002771227,266112.80,5511,27,7712,HUMALOG KW,3,XX,false,7715470.57,111381.250,MCOU,2023
00002,,00002771401,,,01,7714,HUMALOG KW,3,XX,true,,,FFSU,2023
00002,5710.39,00002771401,30.53,14,01,7714,HUMALOG KW,3,XX,false,5740.92,168.000,MCOU,2023
00002,4428137.80,00002771459,225530.34,7063,59,7714,HUMALOG KW,3,XX,false,4653668.14,137169.000,FFSU,2023
00002,3696644.74,00002771459,198210.90,6950,59,7714,HUMALOG KW,3,XX,false,3894855.64,116100.750,MCOU,2023
00002,23357.93,00002821305,3.00,47,05,8213,HUMALOG TE,3,XX,false,23360.93,672.000,FFSU,2023
00002,7503.63,00002821305,1251.00,16,05,8213,HUMALOG TE,3,XX,false,8754.63,258.000,MCOU,2023
00002,,00002879701,,,01,8797,HUMALOG MI,3,XX,true,,,FFSU,2023
00002,,00002879701,,,01,8797,HUMALOG MI,3,XX,true,,,MCOU,2023
00002,2559514.60,00002879759,40659.15,2700,59,8797,HUMALOG MI,3,XX,false,2600173.75,76242.426,FFSU,2023
00002,2725253.40,00002879759,82104.84,3401,59,8797,HUMALOG MI,3,XX,false,2807358.24,81997.632,MCOU,2023
00002,345244.37,00002879859,2051.57,704,59,8798,HUMALOG MI,3,XX,false,347295.94,16629.000,FFSU,2023
00002,702026.66,00002879859,21099.86,871,59,8798,HUMALOG MI,3,XX,false,723126.52,20886.000,MCOU,2023
00002,48825.58,00002879901,1618.04,212,01,8799,HUMALOG KW,3,XX,false,50443.62,1502.200,FFSU,2023
00002,148011.03,00002879901,1800.85,342,01,8799,HUMALOG KW,3,XX,false,149811.88,2909.150,MCOU,2023
00002,32459074.57,00002879959,1287333.54,50926,59,8799,HUMALOG KW,3,XX,false,33746408.11,1002484.630,FFSU,2023
00002,31802916.20,00002879959,1185979.69,51957,59,8799,HUMALOG KW,3,XX,false,32988895.89,979927.500,MCOU,2023
00002,24861172.16,00002751001,2262566.93,37201,01,7510,HUMALOG   ,2,XX,false,27123739.09,1044828.390,FFSU,2023
00002,32577482.35,00002751001,1865532.32,59538,01,7510,HUMALOG   ,2,XX,false,34443014.67,1347098.950,MCOU,2023
00002,295012.60,00002751017,17838.87,2956,17,7510,HUMALOG   ,2,XX,false,312851.47,11539.630,FFSU,2023
00002,2052046.68,00002751017,925926.56,10633,17,7510,HUMALOG   ,2,XX,false,2977973.24,17741.371,MCOU,2023
00002,1215206.92,00002751101,17998.54,1759,01,7511,HUMALOG MI,2,XX,false,1233205.46,44430.200,FFSU,2023
00002,2065085.62,00002751101,28057.55,3591,01,7511,HUMALOG MI,2,XX,false,2093143.17,75393.502,MCOU,2023
00002,89178.81,00002751201,1643.66,134,01,7512,HUMALOG MI,2,XX,false,90822.47,3240.000,FFSU,2023
00002,232969.62,00002751201,27.00,346,01,7512,HUMALOG MI,2,XX,false,232996.62,8349.450,MCOU,2023
00002,1864600.45,00002751659,155361.92,2720,59,7516,HUMALOG   ,2,XX,false,2019962.37,61334.000,FFSU,2023
00002,2290296.10,00002751659,145863.48,3437,59,7516,HUMALOG   ,2,XX,false,2436159.58,74487.200,MCOU,2023
00002,,00002771201,,,01,7712,HUMALOG KW,2,XX,true,,,FFSU,2023
00002,,00002771201,,,01,7712,HUMALOG KW,2,XX,true,,,MCOU,2023
00002,3618327.04,00002771227,257569.86,3030,27,7712,HUMALOG KW,2,XX,false,3875896.90,57373.000,FFSU,2023
00002,7478783.97,00002771227,277264.14,5693,27,7712,HUMALOG KW,2,XX,false,7756048.11,112446.500,MCOU,2023
00002,,00002771401,,,01,7714,HUMALOG KW,2,XX,true,,,FFSU,2023
00002,7348.23,00002771401,9.00,19,01,7714,HUMALOG KW,2,XX,false,7357.23,219.000,MCOU,2023
00002,3635682.06,00002771459,254370.55,6109,59,7714,HUMALOG KW,2,XX,false,3890052.61,115119.000,FFSU,2023
00002,3826262.08,00002771459,218514.39,7236,59,7714,HUMALOG KW,2,XX,false,4044776.47,120689.000,MCOU,2023
00002,16589.52,00002821305,515.24,29,05,8213,HUMALOG TE,2,XX,false,17104.76,480.000,FFSU,2023
00002,5735.28,00002821305,0.00,13,05,8213,HUMALOG TE,2,XX,false,5735.28,168.000,MCOU,2023
00002,,00002879701,,,01,8797,HUMALOG MI,2,XX,true,,,FFSU,2023
00002,,00002879701,,,01,8797,HUMALOG MI,2,XX,true,,,MCOU,2023
00002,2341750.46,00002879759,41621.75,2543,59,8797,HUMALOG MI,2,XX,false,2383372.21,69456.762,FFSU,2023
00002,2741845.88,00002879759,92258.87,3376,59,8797,HUMALOG MI,2,XX,false,2834104.75,82833.660,MCOU,2023
00002,,00002879801,,,01,8798,HUMALOG MI,2,XX,true,,,FFSU,2023
00002,521587.15,00002879859,3980.63,657,59,8798,HUMALOG MI,2,XX,false,525567.78,15225.000,FFSU,2023
00002,752182.96,00002879859,20173.98,921,59,8798,HUMALOG MI,2,XX,false,772356.94,22677.000,MCOU,2023
00002,54126.25,00002879901,930.10,241,01,8799,HUMALOG KW,2,XX,false,55056.35,1625.000,FFSU,2023
00002,136573.23,00002879901,8800.90,285,01,8799,HUMALOG KW,2,XX,false,145374.13,2350.050,MCOU,2023
00002,28415168.89,00002879959,1349370.04,45809,59,8799,HUMALOG KW,2,XX,false,29764538.93,880330.820,FFSU,2023
00002,32881787.15,00002879959,1316758.29,54125,59,8799,HUMALOG KW,2,XX,false,34198545.44,1017522.550,MCOU,2023
00002,25273756.26,00002751001,2152336.26,38341,01,7510,HUMALOG   ,1,XX,false,27426092.52,1054713.760,FFSU,2023
00002,36045039.69,00002751001,2123261.57,63087,01,7510,HUMALOG   ,1,XX,false,38168301.26,1444601.119,MCOU,2023
00002,323668.42,00002751017,13822.90,3617,17,7510,HUMALOG   ,1,XX,false,337491.32,12522.310,FFSU,2023
00002,2227957.71,00002751017,422933.82,10524,17,7510,HUMALOG   ,1,XX,false,2650891.53,17308.415,MCOU,2023
00002,1297418.34,00002751101,15048.30,1916,01,7511,HUMALOG MI,1,XX,false,1312466.64,47081.450,FFSU,2023
00002,2513375.21,00002751101,22090.65,4068,01,7511,HUMALOG MI,1,XX,false,2535465.86,89738.670,MCOU,2023
00002,114535.57,00002751201,47.65,151,01,7512,HUMALOG MI,1,XX,false,114583.22,4110.500,FFSU,2023
00002,248587.41,00002751201,321.61,365,01,7512,HUMALOG MI,1,XX,false,248909.02,9133.000,MCOU,2023
00002,,00002751601,,,01,7516,HUMALOG   ,1,XX,true,,,FFSU,2023
00002,,00002751601,,,01,7516,HUMALOG   ,1,XX,true,,,MCOU,2023
00002,1923446.80,00002751659,203303.06,2842,59,7516,HUMALOG   ,1,XX,false,2126749.86,63930.000,FFSU,2023
00002,2472246.88,00002751659,137211.00,3707,59,7516,HUMALOG   ,1,XX,false,2609457.88,78396.550,MCOU,2023
00002,,00002771201,,,01,7712,HUMALOG KW,1,XX,true,,,FFSU,2023
00002,,00002771201,,,01,7712,HUMALOG KW,1,XX,true,,,MCOU,2023
00002,3495344.84,00002771227,237189.09,2880,27,7712,HUMALOG KW,1,XX,false,3732533.93,55013.000,FFSU,2023
00002,7679471.80,00002771227,217969.25,5823,27,7712,HUMALOG KW,1,XX,false,7897441.05,113335.250,MCOU,2023
00002,,00002771401,,,01,7714,HUMALOG KW,1,XX,true,,,FFSU,2023
00002,11675.95,00002771401,490.08,22,01,7714,HUMALOG KW,1,XX,false,12166.03,417.000,MCOU,2023
00002,3761068.56,00002771459,278058.95,6234,59,7714,HUMALOG KW,1,XX,false,4039127.51,118083.000,FFSU,2023
00002,4010074.50,00002771459,195869.41,7700,59,7714,HUMALOG KW,1,XX,false,4205943.91,125073.000,MCOU,2023
00002,,00002821305,,,05,8213,HUMALOG TE,1,XX,true,,,FFSU,2023
00002,,00002821305,,,05,8213,HUMALOG TE,1,XX,true,,,MCOU,2023
00002,,00002879701,,,01,8797,HUMALOG MI,1,XX,true,,,FFSU,2023
00002,11015.68,00002879701,0.50,14,01,8797,HUMALOG MI,1,XX,false,11016.18,192.000,MCOU,2023
00002,2070456.53,00002879759,37495.67,2287,59,8797,HUMALOG MI,1,XX,false,2107952.20,61154.364,FFSU,2023
00002,3123881.52,00002879759,90885.83,4144,59,8797,HUMALOG MI,1,XX,false,3214767.35,98322.264,MCOU,2023
00002,,00002879801,,,01,8798,HUMALOG MI,1,XX,true,,,MCOU,2023
00002,437031.10,00002879859,4171.19,478,59,8798,HUMALOG MI,1,XX,false,441202.29,12843.000,FFSU,2023
00002,945810.55,00002879859,19509.52,1184,59,8798,HUMALOG MI,1,XX,false,965320.07,28248.000,MCOU,2023
00002,54055.73,00002879901,1010.32,281,01,8799,HUMALOG KW,1,XX,false,55066.05,1429.100,FFSU,2023
00002,141066.10,00002879901,22681.31,388,01,8799,HUMALOG KW,1,XX,false,163747.41,2786.250,MCOU,2023
00002,27127661.02,00002879959,1357721.39,43074,59,8799,HUMALOG KW,1,XX,false,28485382.41,837462.750,FFSU,2023
00002,36548410.25,00002879959,1461902.29,59543,59,8799,HUMALOG KW,1,XX,false,38010312.54,1123978.750,MCOU,2023
00024,1958653.72,00024592410,7381.37,7343,10,5924,ADMELOG VI,4,XX,false,1966035.09,200546.200,FFSU,2023
00024,5623664.57,00024592410,13752.39,29022,10,5924,ADMELOG VI,4,XX,false,5637416.96,583323.950,MCOU,2023
00024,3265.33,00024592501,3.00,29,01,5925,ADMELOG SO,4,XX,false,3268.33,333.000,MCOU,2023
00024,5210142.78,00024592505,7021.29,21400,05,5925,ADMELOG SO,4,XX,false,5217164.07,412185.000,FFSU,2023
00024,7456533.02,00024592505,12743.62,32820,05,5925,ADMELOG SO,4,XX,false,7469276.64,612705.250,MCOU,2023
00024,164227.09,00024592605,246.72,792,05,5926,ADMELOG VI,4,XX,false,164473.81,12149.280,FFSU,2023
00024,299138.01,00024592605,212987.23,3269,05,5926,ADMELOG VI,4,XX,false,512125.24,20305.629,MCOU,2023
00024,2496560.45,00024592410,15878.92,9193,10,5924,ADMELOG VI,3,XX,false,2512439.37,256312.550,FFSU,2023
00024,6733157.58,00024592410,15470.65,34825,10,5924,ADMELOG VI,3,XX,false,6748628.23,697140.200,MCOU,2023
00024,,00024592501,,,01,5925,ADMELOG SO,3,XX,true,,,FFSU,2023
00024,4694.98,00024592501,9.00,35,01,5925,ADMELOG SO,3,XX,false,4703.98,399.000,MCOU,2023
00024,6536240.21,00024592505,8820.13,26418,05,5925,ADMELOG SO,3,XX,false,6545060.34,516223.000,FFSU,2023
00024,9642259.32,00024592505,24294.39,41316,05,5925,ADMELOG SO,3,XX,false,9666553.71,793806.620,MCOU,2023
00024,194418.31,00024592605,831.41,934,05,5926,ADMELOG VI,3,XX,false,195249.72,14393.150,FFSU,2023
00024,445169.03,00024592605,46798.99,3819,05,5926,ADMELOG VI,3,XX,false,491968.02,31209.330,MCOU,2023
00024,2839270.85,00024592410,9338.51,11391,10,5924,ADMELOG VI,2,XX,false,2848609.36,304429.950,FFSU,2023
00024,7077552.39,00024592410,17547.30,37199,10,5924,ADMELOG VI,2,XX,false,7095099.69,763017.450,MCOU,2023
00024,15212.09,00024592501,9.00,36,01,5925,ADMELOG SO,2,XX,false,15221.09,317.000,MCOU,2023
00024,7418014.06,00024592505,8994.83,34571,05,5925,ADMELOG SO,2,XX,false,7427008.89,612821.000,FFSU,2023
00024,10253961.94,00024592505,22161.02,45087,05,5925,ADMELOG SO,2,XX,false,10276122.96,880935.900,MCOU,2023
00024,189219.84,00024592605,78.44,989,05,5926,ADMELOG VI,2,XX,false,189298.28,14630.600,FFSU,2023
00024,522913.01,00024592605,132235.12,3882,05,5926,ADMELOG VI,2,XX,false,655148.13,33824.240,MCOU,2023
00024,1505905.83,00024592410,11543.99,6116,10,5924,ADMELOG VI,1,XX,false,1517449.82,152512.100,FFSU,2023
00024,10309491.58,00024592410,12109.27,50286,10,5924,ADMELOG VI,1,XX,false,10321600.85,1104893.100,MCOU,2023
00024,13613.15,00024592501,0.00,94,01,5925,ADMELOG SO,1,XX,false,13613.15,1239.050,MCOU,2023
00024,4225725.73,00024592505,8068.63,17592,05,5925,ADMELOG SO,1,XX,false,4233794.36,332761.000,FFSU,2023
00024,18914383.46,00024592505,23619.35,91106,05,5925,ADMELOG SO,1,XX,false,18938002.81,1593733.600,MCOU,2023
00024,168960.90,00024592605,150.14,895,05,5926,ADMELOG VI,1,XX,false,169111.04,12308.500,FFSU,2023
00024,860064.95,00024592605,125239.38,5668,05,5926,ADMELOG VI,1,XX,false,985304.33,60477.840,MCOU,2023
00088,451498.55,00088250033,5425.04,593,33,2500,APIDRA 10M,4,XX,false,456923.59,16635.000,FFSU,2023
00088,795811.36,00088250033,2320.99,1037,33,2500,APIDRA 10M,4,XX,false,798132.35,29208.100,MCOU,2023
00088,1195467.39,00088250205,5325.84,1677,05,2502,APIDRA 3ML,4,XX,false,1200793.23,33876.000,FFSU,2023
00088,2303327.24,00088250205,4737.01,3255,05,2502,APIDRA 3ML,4,XX,false,2308064.25,66114.000,MCOU,2023
00088,562199.78,00088250033,10840.78,737,33,2500,APIDRA 10M,3,XX,false,573040.56,21135.000,FFSU,2023
00088,857252.28,00088250033,171.20,1104,33,2500,APIDRA 10M,3,XX,false,857423.48,31411.550,MCOU,2023
00088,1486965.57,00088250205,4992.53,2090,05,2502,APIDRA 3ML,3,XX,false,1491958.10,42066.000,FFSU,2023
00088,2334702.30,00088250205,3929.53,3307,05,2502,APIDRA 3ML,3,XX,false,2338631.83,66411.050,MCOU,2023
00088,460118.63,00088250033,14128.17,618,33,2500,APIDRA 10M,2,XX,false,474246.80,17430.000,FFSU,2023
00088,887996.63,00088250033,7307.17,1148,33,2500,APIDRA 10M,2,XX,false,895303.80,32880.150,MCOU,2023
00088,1131620.91,00088250205,1883.35,1600,05,2502,APIDRA 3ML,2,XX,false,1133504.26,31896.000,FFSU,2023
00088,2382941.77,00088250205,6453.31,3344,05,2502,APIDRA 3ML,2,XX,false,2389395.08,67707.000,MCOU,2023
00088,431504.34,00088250033,13226.71,620,33,2500,APIDRA 10M,1,XX,false,444731.05,16660.000,FFSU,2023
00088,1026756.60,00088250033,15096.08,1364,33,2500,APIDRA 10M,1,XX,false,1041852.68,38230.200,MCOU,2023
00088,1130845.96,00088250205,4534.76,1587,05,2502,APIDRA 3ML,1,XX,false,1135380.72,32114.200,FFSU,2023
00088,2602082.66,00088250205,5712.87,3594,05,2502,APIDRA 3ML,1,XX,false,2607795.53,74154.050,MCOU,2023
00002,2005282.94,00002773701,57390.48,29451,01,7737,INSULIN LI,4,XX,false,2062673.42,732356.550,FFSU,2023
00002,3212398.47,00002773701,43793.62,53051,01,7737,INSULIN LI,4,XX,false,3256192.09,1299371.569,MCOU,2023
00002,,00002775201,,,01,7752,INSULIN LI,4,XX,true,,,FFSU,2023
00002,875.75,00002775201,3.00,17,01,7752,INSULIN LI,4,XX,false,878.75,95.000,MCOU,2023
00002,1011367.00,00002775205,15141.48,5039,05,7752,INSULIN LI,4,XX,false,1026508.48,95151.000,FFSU,2023
00002,1514756.89,00002775205,17822.13,8750,05,7752,INSULIN LI,4,XX,false,1532579.02,150082.000,MCOU,2023
00002,1678.61,00002822201,0.00,29,01,8222,INSULIN LI,4,XX,false,1678.61,142.020,FFSU,2023
00002,10713.71,00002822201,166.60,115,01,8222,INSULIN LI,4,XX,false,10880.31,1216.350,MCOU,2023
00002,10919526.66,00002822259,82070.65,61455,59,8222,INSULIN LI,4,XX,false,11001597.31,1019767.750,FFSU,2023
00002,16801438.97,00002822259,122422.11,87673,59,8222,INSULIN LI,4,XX,false,16923861.08,1648788.000,MCOU,2023
00002,2413.57,00002823301,0.00,12,01,8233,INSULIN LI,4,XX,false,2413.57,237.000,MCOU,2023
00002,446005.82,00002823305,3146.13,1787,05,8233,INSULIN LI,4,XX,false,449151.95,42192.000,FFSU,2023
00002,996006.02,00002823305,9906.23,4378,05,8233,INSULIN LI,4,XX,false,1005912.25,97731.000,MCOU,2023
00338,9980.14,00338012612,132.48,161,12,0126,Insulin in,4,XX,false,10112.62,13746.000,FFSU,2023
00338,94899.00,00338012612,9633.11,574,12,0126,Insulin in,4,XX,false,104532.11,36281.000,MCOU,2023
00955,1596.38,00955172801,4.00,11,01,1728,INSULIN GL,4,XX,false,1600.38,135.000,FFSU,2023
00955,16996.20,00955172801,128.39,131,01,1728,INSULIN GL,4,XX,false,17124.59,2429.000,MCOU,2023
00955,8087817.08,00955172805,16652.63,45146,05,1728,INSULIN GL,4,XX,false,8104469.71,702471.000,FFSU,2023
00955,6502554.83,00955172805,20671.08,38021,05,1728,INSULIN GL,4,XX,false,6523225.91,600320.600,MCOU,2023
00955,638413.66,00955172901,5370.38,4341,01,1729,INSULIN GL,4,XX,false,643784.04,54786.750,FFSU,2023
00955,1190535.48,00955172901,30481.63,7635,01,1729,INSULIN GL,4,XX,false,1221017.11,103773.290,MCOU,2023
49502,1012214.38,49502039380,23269.67,5940,80,0393,Insulin Gl,4,XX,false,1035484.05,106465.860,FFSU,2023
49502,784810.76,49502039380,90380.55,7564,80,0393,Insulin Gl,4,XX,false,875191.31,92173.807,MCOU,2023
49502,,49502039471,,,71,0394,Insulin Gl,4,XX,true,,,FFSU,2023
49502,28212.62,49502039471,40.17,231,71,0394,Insulin Gl,4,XX,false,28252.79,2687.650,MCOU,2023
49502,4319469.96,49502039475,59357.43,27212,75,0394,Insulin Gl,4,XX,false,4378827.39,429897.600,FFSU,2023
49502,8549438.68,49502039475,35041.51,58196,75,0394,Insulin Gl,4,XX,false,8584480.19,902355.200,MCOU,2023
66733,2315.02,66733077301,0.00,48,01,0773,INSULIN LI,4,XX,false,2315.02,1170.550,MCOU,2023
66733,,66733082259,,,59,0822,INSULIN LI,4,XX,true,,,FFSU,2023
66733,8152.33,66733082259,0.00,36,59,0822,INSULIN LI,4,XX,false,8152.33,771.000,MCOU,2023
73070,4567573.87,73070010011,153342.20,11783,11,0100,INSULIN AS,4,XX,false,4720916.07,331716.700,FFSU,2023
73070,9034425.20,73070010011,292956.38,23812,11,0100,INSULIN AS,4,XX,false,9327381.58,688991.940,MCOU,2023
73070,328001.16,73070010215,13496.93,844,15,0102,INSULIN AS,4,XX,false,341498.09,19101.000,FFSU,2023
73070,918090.42,73070010215,38472.63,2772,15,0102,INSULIN AS,4,XX,false,956563.05,56112.000,MCOU,2023
73070,6044.48,73070010310,4.00,40,10,0103,INSULIN AS,4,XX,false,6048.48,318.000,FFSU,2023
73070,17888.80,73070010310,44.00,182,10,0103,INSULIN AS,4,XX,false,17932.80,1223.000,MCOU,2023
73070,8848610.18,73070010315,151502.26,27022,15,0103,INSULIN AS,4,XX,false,9000112.44,484292.400,FFSU,2023
73070,15390682.57,73070010315,157380.20,47439,15,0103,INSULIN AS,4,XX,false,15548062.77,881463.188,MCOU,2023
73070,158177.35,73070020011,235.18,496,11,0200,INSULIN AS,4,XX,false,158412.53,10621.000,FFSU,2023
73070,444278.43,73070020011,207.00,1309,11,0200,INSULIN AS,4,XX,false,444485.43,30980.000,MCOU,2023
73070,,73070020310,,,10,0203,INSULIN AS,4,XX,true,,,MCOU,2023
73070,592901.16,73070020315,12552.57,3774,15,0203,INSULIN AS,4,XX,false,605453.73,86146.000,FFSU,2023
73070,1903668.22,73070020315,3448.59,4935,15,0203,INSULIN AS,4,XX,false,1907116.81,108733.000,MCOU,2023
73070,11843.66,73070040011,74.50,56,11,0400,INSULIN DE,4,XX,false,11918.16,965.000,FFSU,2023
73070,28318.81,73070040011,506.45,160,11,0400,INSULIN DE,4,XX,false,28825.26,2546.500,MCOU,2023
73070,393182.46,73070040315,5499.99,1933,15,0403,INSULIN DE,4,XX,false,398682.45,31425.000,FFSU,2023
73070,612686.16,73070040315,3628.78,3429,15,0403,INSULIN DE,4,XX,false,616314.94,53875.000,MCOU,2023
73070,409899.64,73070050315,5349.50,1332,15,0503,INSULIN DE,4,XX,false,415249.14,17310.000,FFSU,2023
73070,830131.89,73070050315,3280.81,2823,15,0503,INSULIN DE,4,XX,false,833412.70,36732.000,MCOU,2023
83257,,83257001411,,,11,0014,Insulin Gl,4,XX,true,,,FFSU,2023
83257,40663.57,83257001411,13615.00,404,11,0014,Insulin Gl,4,XX,false,54278.57,5393.550,MCOU,2023
83257,,83257001531,,,31,0015,Insulin Gl,4,XX,true,,,MCOU,2023
83257,,83257001532,,,32,0015,Insulin Gl,4,XX,true,,,FFSU,2023
83257,28255.51,83257001532,9.00,223,32,0015,Insulin Gl,4,XX,false,28264.51,3057.000,MCOU,2023
00002,2170824.95,00002773701,47782.11,31867,01,7737,INSULIN LI,3,XX,false,2218607.06,787941.700,FFSU,2023
00002,2821497.39,00002773701,41117.71,46830,01,7737,INSULIN LI,3,XX,false,2862615.10,1155414.460,MCOU,2023
00002,1363.80,00002775201,0.00,14,01,7752,INSULIN LI,3,XX,false,1363.80,149.000,MCOU,2023
00002,1081030.55,00002775205,16303.54,5359,05,7752,INSULIN LI,3,XX,false,1097334.09,101295.000,FFSU,2023
00002,1581729.28,00002775205,19017.41,9227,05,7752,INSULIN LI,3,XX,false,1600746.69,154866.000,MCOU,2023
00002,5198.72,00002822201,0.00,83,01,8222,INSULIN LI,3,XX,false,5198.72,393.410,FFSU,2023
00002,15914.20,00002822201,166.60,139,01,8222,INSULIN LI,3,XX,false,16080.80,1439.350,MCOU,2023
00002,11683115.45,00002822259,76277.96,64773,59,8222,INSULIN LI,3,XX,false,11759393.41,1090944.900,FFSU,2023
00002,15986475.98,00002822259,126134.49,84832,59,8222,INSULIN LI,3,XX,false,16112610.47,1555875.400,MCOU,2023
00002,,00002823301,,,01,8233,INSULIN LI,3,XX,true,,,FFSU,2023
00002,3995.09,00002823301,13239.09,18,01,8233,INSULIN LI,3,XX,false,17234.18,393.000,MCOU,2023
00002,488339.87,00002823305,4245.65,1931,05,8233,INSULIN LI,3,XX,false,492585.52,46173.000,FFSU,2023
00002,1118267.08,00002823305,11093.50,4923,05,8233,INSULIN LI,3,XX,false,1129360.58,109532.000,MCOU,2023
00338,11957.23,00338012612,81.42,204,12,0126,Insulin in,3,XX,false,12038.65,17206.000,FFSU,2023
00338,130995.22,00338012612,40931.84,491,12,0126,Insulin in,3,XX,false,171927.06,34801.000,MCOU,2023
00955,1250.35,00955172801,3.00,15,01,1728,INSULIN GL,3,XX,false,1253.35,110.000,FFSU,2023
00955,30587.05,00955172801,0.00,174,01,1728,INSULIN GL,3,XX,false,30587.05,2828.000,MCOU,2023
00955,9318660.57,00955172805,18657.15,52071,05,1728,INSULIN GL,3,XX,false,9337317.72,808144.600,FFSU,2023
00955,6976258.73,00955172805,23870.77,39502,05,1728,INSULIN GL,3,XX,false,7000129.50,677824.000,MCOU,2023
00955,914004.05,00955172901,3959.95,5834,01,1729,INSULIN GL,3,XX,false,917964.00,77758.750,FFSU,2023
00955,1118171.89,00955172901,3579.06,7086,01,1729,INSULIN GL,3,XX,false,1121750.95,97405.030,MCOU,2023
49502,1008937.50,49502039380,19124.43,6082,80,0393,Insulin Gl,3,XX,false,1028061.93,103473.900,FFSU,2023
49502,1009401.69,49502039380,36180.22,9466,80,0393,Insulin Gl,3,XX,false,1045581.91,116697.385,MCOU,2023
49502,,49502039471,,,71,0394,Insulin Gl,3,XX,true,,,FFSU,2023
49502,30730.86,49502039471,3.00,234,71,0394,Insulin Gl,3,XX,false,30733.86,3967.300,MCOU,2023
49502,4613642.25,49502039475,61650.94,29418,75,0394,Insulin Gl,3,XX,false,4675293.19,459151.500,FFSU,2023
49502,9775558.93,49502039475,42176.42,66795,75,0394,Insulin Gl,3,XX,false,9817735.35,1023944.900,MCOU,2023
66733,,66733077301,,,01,0773,INSULIN LI,3,XX,true,,,FFSU,2023
66733,1275.08,66733077301,7.71,26,01,0773,INSULIN LI,3,XX,false,1282.79,645.150,MCOU,2023
66733,,66733082259,,,59,0822,INSULIN LI,3,XX,true,,,FFSU,2023
66733,6879.41,66733082259,751.26,75,59,0822,INSULIN LI,3,XX,false,7630.67,2241.000,MCOU,2023
73070,4558245.46,73070010011,196272.63,11928,11,0100,INSULIN AS,3,XX,false,4754518.09,334044.350,FFSU,2023
73070,9819893.02,73070010011,332305.87,25312,11,0100,INSULIN AS,3,XX,false,10152198.89,736528.440,MCOU,2023
73070,,73070010210,,,10,0102,INSULIN AS,3,XX,true,,,MCOU,2023
73070,358421.88,73070010215,20311.95,913,15,0102,INSULIN AS,3,XX,false,378733.83,21096.000,FFSU,2023
73070,973353.64,73070010215,38302.51,2924,15,0102,INSULIN AS,3,XX,false,1011656.15,58962.000,MCOU,2023
73070,5241.75,73070010310,246.67,31,10,0103,INSULIN AS,3,XX,false,5488.42,291.050,FFSU,2023
73070,19429.11,73070010310,42.94,126,10,0103,INSULIN AS,3,XX,false,19472.05,1152.000,MCOU,2023
73070,8912898.02,73070010315,185074.30,27142,15,0103,INSULIN AS,3,XX,false,9097972.32,489810.000,FFSU,2023
73070,16351996.61,73070010315,172345.38,49842,15,0103,INSULIN AS,3,XX,false,16524341.99,928267.100,MCOU,2023
73070,205657.32,73070020011,917.80,618,11,0200,INSULIN AS,3,XX,false,206575.12,13754.000,FFSU,2023
73070,479246.86,73070020011,859.18,1396,11,0200,INSULIN AS,3,XX,false,480106.04,33581.520,MCOU,2023
73070,,73070020310,,,10,0203,INSULIN AS,3,XX,true,,,FFSU,2023
73070,,73070020310,,,10,0203,INSULIN AS,3,XX,true,,,MCOU,2023
73070,1730410.53,73070020315,9551.16,4131,15,0203,INSULIN AS,3,XX,false,1739961.69,94413.000,FFSU,2023
73070,2114209.73,73070020315,19065.30,5370,15,0203,INSULIN AS,3,XX,false,2133275.03,119689.000,MCOU,2023
73070,11672.06,73070040011,490.48,62,11,0400,INSULIN DE,3,XX,false,12162.54,970.000,FFSU,2023
73070,20282.20,73070040011,0.00,107,11,0400,INSULIN DE,3,XX,false,20282.20,1770.000,MCOU,2023
73070,368786.34,73070040315,4615.58,1875,15,0403,INSULIN DE,3,XX,false,373401.92,29361.000,FFSU,2023
73070,475593.69,73070040315,3090.87,2666,15,0403,INSULIN DE,3,XX,false,478684.56,41640.000,MCOU,2023
73070,348087.53,73070050315,6564.67,1157,15,0503,INSULIN DE,3,XX,false,354652.20,14679.000,FFSU,2023
73070,675388.74,73070050315,6715.28,2268,15,0503,INSULIN DE,3,XX,false,682104.02,29985.000,MCOU,2023
00002,3483022.66,00002773701,82113.34,26057,01,7737,INSULIN LI,2,XX,false,3565136.00,624527.200,FFSU,2023
00002,5822948.78,00002773701,83161.17,50537,01,7737,INSULIN LI,2,XX,false,5906109.95,1308135.350,MCOU,2023
00002,,00002775201,,,01,7752,INSULIN LI,2,XX,true,,,FFSU,2023
00002,,00002775201,,,01,7752,INSULIN LI,2,XX,true,,,MCOU,2023
00002,851781.29,00002775205,15955.50,4398,05,7752,INSULIN LI,2,XX,false,867736.79,80331.000,FFSU,2023
00002,1560833.89,00002775205,16411.50,9129,05,7752,INSULIN LI,2,XX,false,1577245.39,154932.000,MCOU,2023
00002,6039.67,00002822201,0.00,98,01,8222,INSULIN LI,2,XX,false,6039.67,493.000,FFSU,2023
00002,16734.80,00002822201,0.00,200,01,8222,INSULIN LI,2,XX,false,16734.80,1447.200,MCOU,2023
00002,9305431.83,00002822259,86811.21,51888,59,8222,INSULIN LI,2,XX,false,9392243.04,871119.738,FFSU,2023
00002,16621921.69,00002822259,138004.33,89915,59,8222,INSULIN LI,2,XX,false,16759926.02,1678225.300,MCOU,2023
00002,,00002823301,,,01,8233,INSULIN LI,2,XX,true,,,FFSU,2023
00002,3804.87,00002823301,0.00,13,01,8233,INSULIN LI,2,XX,false,3804.87,375.000,MCOU,2023
00002,484076.82,00002823305,469.84,1978,05,8233,INSULIN LI,2,XX,false,484546.66,45525.100,FFSU,2023
00002,1291222.38,00002823305,10551.96,5622,05,8233,INSULIN LI,2,XX,false,1301774.34,125828.150,MCOU,2023
00338,9840.77,00338012612,3.80,150,12,0126,Insulin in,2,XX,false,9844.57,13268.000,FFSU,2023
00338,65543.13,00338012612,8210.80,482,12,0126,Insulin in,2,XX,false,73753.93,34600.000,MCOU,2023
00955,,00955172801,,,01,1728,INSULIN GL,2,XX,true,,,FFSU,2023
00955,24053.95,00955172801,0.00,118,01,1728,INSULIN GL,2,XX,false,24053.95,2166.000,MCOU,2023
00955,5940193.58,00955172805,16033.33,34000,05,1728,INSULIN GL,2,XX,false,5956226.91,515739.600,FFSU,2023
00955,5549712.70,00955172805,17588.53,31068,05,1728,INSULIN GL,2,XX,false,5567301.23,546388.000,MCOU,2023
00955,377008.65,00955172901,4122.80,2589,01,1729,INSULIN GL,2,XX,false,381131.45,31968.000,FFSU,2023
00955,923400.80,00955172901,3688.13,5937,01,1729,INSULIN GL,2,XX,false,927088.93,82856.950,MCOU,2023
49502,496907.05,49502039380,3797.52,3488,80,0393,Insulin Gl,2,XX,false,500704.57,46604.710,FFSU,2023
49502,957369.66,49502039380,56667.72,8688,80,0393,Insulin Gl,2,XX,false,1014037.38,101288.820,MCOU,2023
49502,,49502039471,,,71,0394,Insulin Gl,2,XX,true,,,FFSU,2023
49502,35901.33,49502039471,21.00,232,71,0394,Insulin Gl,2,XX,false,35922.33,2755.050,MCOU,2023
49502,4875788.71,49502039475,32770.70,32199,75,0394,Insulin Gl,2,XX,false,4908559.41,479571.000,FFSU,2023
49502,10304888.22,49502039475,39842.67,71158,75,0394,Insulin Gl,2,XX,false,10344730.89,1095519.800,MCOU,2023
66733,3095.47,66733077301,405.74,20,01,0773,INSULIN LI,2,XX,false,3501.21,562.000,FFSU,2023
66733,5081.52,66733077301,210.64,60,01,0773,INSULIN LI,2,XX,false,5292.16,1570.170,MCOU,2023
66733,,66733082201,,,01,0822,INSULIN LI,2,XX,true,,,FFSU,2023
66733,,66733082201,,,01,0822,INSULIN LI,2,XX,true,,,MCOU,2023
66733,3747.79,66733082259,131.11,28,59,0822,INSULIN LI,2,XX,false,3878.90,345.050,FFSU,2023
66733,20369.60,66733082259,754.26,141,59,0822,INSULIN LI,2,XX,false,21123.86,3243.000,MCOU,2023
73070,3822495.49,73070010011,180552.61,10259,11,0100,INSULIN AS,2,XX,false,4003048.10,281435.650,FFSU,2023
73070,9365562.70,73070010011,310409.91,24130,11,0100,INSULIN AS,2,XX,false,9675972.61,703743.970,MCOU,2023
73070,,73070010210,,,10,0102,INSULIN AS,2,XX,true,,,MCOU,2023
73070,326069.39,73070010215,18872.70,889,15,0102,INSULIN AS,2,XX,false,344942.09,19281.000,FFSU,2023
73070,1013633.21,73070010215,35949.79,2977,15,0102,INSULIN AS,2,XX,false,1049583.00,61551.000,MCOU,2023
73070,4246.04,73070010310,468.98,33,10,0103,INSULIN AS,2,XX,false,4715.02,249.000,FFSU,2023
73070,18005.19,73070010310,0.00,124,10,0103,INSULIN AS,2,XX,false,18005.19,1029.000,MCOU,2023
73070,7489308.59,73070010315,147298.68,22396,15,0103,INSULIN AS,2,XX,false,7636607.27,413102.000,FFSU,2023
73070,16960318.75,73070010315,158276.95,51050,15,0103,INSULIN AS,2,XX,false,17118595.70,963418.050,MCOU,2023
73070,205942.06,73070020011,2004.15,634,11,0200,INSULIN AS,2,XX,false,207946.21,13776.000,FFSU,2023
73070,513325.37,73070020011,615.98,1510,11,0200,INSULIN AS,2,XX,false,513941.35,35850.000,MCOU,2023
73070,,73070020310,,,10,0203,INSULIN AS,2,XX,true,,,MCOU,2023
73070,1564520.37,73070020315,9932.72,3847,15,0203,INSULIN AS,2,XX,false,1574453.09,85276.000,FFSU,2023
73070,2078916.47,73070020315,7828.84,5371,15,0203,INSULIN AS,2,XX,false,2086745.31,118560.000,MCOU,2023
73070,8666.22,73070040011,15.30,42,11,0400,INSULIN DE,2,XX,false,8681.52,710.000,FFSU,2023
73070,16272.65,73070040011,188.88,99,11,0400,INSULIN DE,2,XX,false,16461.53,1420.000,MCOU,2023
73070,333304.58,73070040315,3460.63,1727,15,0403,INSULIN DE,2,XX,false,336765.21,26602.000,FFSU,2023
73070,343858.99,73070040315,3060.84,1901,15,0403,INSULIN DE,2,XX,false,346919.83,30382.100,MCOU,2023
73070,301417.16,73070050315,3725.56,1034,15,0503,INSULIN DE,2,XX,false,305142.72,12737.000,FFSU,2023
73070,426020.25,73070050315,2982.92,1522,15,0503,INSULIN DE,2,XX,false,429003.17,19041.000,MCOU,2023
00002,4346697.05,00002773701,108054.89,24019,01,7737,INSULIN LI,1,XX,false,4454751.94,534074.200,FFSU,2023
00002,10249191.26,00002773701,143804.37,50687,01,7737,INSULIN LI,1,XX,false,10392995.63,1311995.700,MCOU,2023
00002,,00002775201,,,01,7752,INSULIN LI,1,XX,true,,,FFSU,2023
00002,2939.21,00002775201,0.00,24,01,7752,INSULIN LI,1,XX,false,2939.21,294.000,MCOU,2023
00002,737897.35,00002775205,15230.69,3850,05,7752,INSULIN LI,1,XX,false,753128.04,70104.000,FFSU,2023
00002,1865479.55,00002775205,20593.59,10915,05,7752,INSULIN LI,1,XX,false,1886073.14,181474.000,MCOU,2023
00002,5975.67,00002822201,1.00,104,01,8222,INSULIN LI,1,XX,false,5976.67,546.400,FFSU,2023
00002,31296.00,00002822201,172.06,317,01,8222,INSULIN LI,1,XX,false,31468.06,2019.150,MCOU,2023
00002,7311881.79,00002822259,81210.23,40787,59,8222,INSULIN LI,1,XX,false,7393092.02,686210.000,FFSU,2023
00002,17482889.28,00002822259,135419.94,91675,59,8222,INSULIN LI,1,XX,false,17618309.22,1752452.700,MCOU,2023
00002,,00002823301,,,01,8233,INSULIN LI,1,XX,true,,,FFSU,2023
00002,4091.54,00002823301,0.00,19,01,8233,INSULIN LI,1,XX,false,4091.54,402.000,MCOU,2023
00002,380654.16,00002823305,1379.28,1513,05,8233,INSULIN LI,1,XX,false,382033.44,36051.000,FFSU,2023
00002,1408429.01,00002823305,15148.40,6211,05,8233,INSULIN LI,1,XX,false,1423577.41,136287.000,MCOU,2023
00338,12549.48,00338012612,467.70,199,12,0126,Insulin in,1,XX,false,13017.18,17730.000,FFSU,2023
00338,92478.92,00338012612,2890.76,517,12,0126,Insulin in,1,XX,false,95369.68,32450.000,MCOU,2023
00955,10742.30,00955172801,0.00,55,01,1728,INSULIN GL,1,XX,false,10742.30,950.000,MCOU,2023
00955,2258135.68,00955172805,8202.75,12919,05,1728,INSULIN GL,1,XX,false,2266338.43,195301.000,FFSU,2023
00955,3949676.45,00955172805,17470.09,23752,05,1728,INSULIN GL,1,XX,false,3967146.54,366611.000,MCOU,2023
00955,590760.19,00955172901,4367.49,3763,01,1729,INSULIN GL,1,XX,false,595127.68,50329.150,FFSU,2023
00955,553275.08,00955172901,5844.33,3815,01,1729,INSULIN GL,1,XX,false,559119.41,52444.000,MCOU,2023
49502,310633.17,49502039380,4473.06,2183,80,0393,Insulin Gl,1,XX,false,315106.23,28533.620,FFSU,2023
49502,942259.28,49502039380,22685.17,8619,80,0393,Insulin Gl,1,XX,false,964944.45,104372.300,MCOU,2023
49502,,49502039471,,,71,0394,Insulin Gl,1,XX,true,,,FFSU,2023
49502,40877.36,49502039471,9.00,242,71,0394,Insulin Gl,1,XX,false,40886.36,2478.650,MCOU,2023
49502,1721807.33,49502039475,26509.91,12263,75,0394,Insulin Gl,1,XX,false,1748317.24,168220.050,FFSU,2023
49502,13901452.81,49502039475,45229.96,98960,75,0394,Insulin Gl,1,XX,false,13946682.77,1486828.350,MCOU,2023
66733,7910.36,66733077301,210.87,48,01,0773,INSULIN LI,1,XX,false,8121.23,960.000,FFSU,2023
66733,22693.72,66733077301,401.35,118,01,0773,INSULIN LI,1,XX,false,23095.07,3090.000,MCOU,2023
66733,,66733082201,,,01,0822,INSULIN LI,1,XX,true,,,FFSU,2023
66733,,66733082201,,,01,0822,INSULIN LI,1,XX,true,,,MCOU,2023
66733,3879.01,66733082259,1.00,20,59,0822,INSULIN LI,1,XX,false,3880.01,357.000,FFSU,2023
66733,16170.65,66733082259,1.70,147,59,0822,INSULIN LI,1,XX,false,16172.35,3054.000,MCOU,2023
73070,3222140.28,73070010011,218283.34,9124,11,0100,INSULIN AS,1,XX,false,3440423.62,241868.590,FFSU,2023
73070,9457465.08,73070010011,307850.66,24362,11,0100,INSULIN AS,1,XX,false,9765315.74,708860.526,MCOU,2023
73070,,73070010210,,,10,0102,INSULIN AS,1,XX,true,,,FFSU,2023
73070,,73070010210,,,10,0102,INSULIN AS,1,XX,true,,,MCOU,2023
73070,281172.75,73070010215,21454.01,771,15,0102,INSULIN AS,1,XX,false,302626.76,16716.000,FFSU,2023
73070,1056130.90,73070010215,27812.86,3025,15,0102,INSULIN AS,1,XX,false,1083943.76,63180.000,MCOU,2023
73070,2907.07,73070010310,834.46,25,10,0103,INSULIN AS,1,XX,false,3741.53,204.000,FFSU,2023
73070,22291.48,73070010310,0.00,170,10,0103,INSULIN AS,1,XX,false,22291.48,1269.100,MCOU,2023
73070,6181645.57,73070010315,159957.12,18942,15,0103,INSULIN AS,1,XX,false,6341602.69,341862.000,FFSU,2023
73070,17062567.51,73070010315,174778.56,51449,15,0103,INSULIN AS,1,XX,false,17237346.07,968085.750,MCOU,2023
73070,157493.64,73070020011,2978.14,463,11,0200,INSULIN AS,1,XX,false,160471.78,10604.000,FFSU,2023
73070,599137.36,73070020011,1044.25,1774,11,0200,INSULIN AS,1,XX,false,600181.61,41965.200,MCOU,2023
73070,5747.03,73070020310,0.00,21,10,0203,INSULIN AS,1,XX,false,5747.03,369.000,MCOU,2023
73070,797720.81,73070020315,15174.94,1980,15,0203,INSULIN AS,1,XX,false,812895.75,44083.000,FFSU,2023
73070,2667032.73,73070020315,8787.22,6987,15,0203,INSULIN AS,1,XX,false,2675819.95,151091.000,MCOU,2023
73070,5167.56,73070040011,60.20,29,11,0400,INSULIN DE,1,XX,false,5227.76,410.000,FFSU,2023
73070,12244.76,73070040011,130.81,63,11,0400,INSULIN DE,1,XX,false,12375.57,1056.000,MCOU,2023
73070,188268.34,73070040315,3495.43,957,15,0403,INSULIN DE,1,XX,false,191763.77,14841.000,FFSU,2023
73070,352311.49,73070040315,2411.91,2106,15,0403,INSULIN DE,1,XX,false,354723.40,31305.000,MCOU,2023
73070,109375.23,73070050315,1293.22,331,15,0503,INSULIN DE,1,XX,false,110668.45,4587.000,FFSU,2023
73070,436926.36,73070050315,1761.97,1544,15,0503,INSULIN DE,1,XX,false,438688.33,19041.000,MCOU,2023
00169,616214.67,00169320111,111103.02,870,11,3201,FIASP VIAL,4,XX,false,727317.69,26580.000,FFSU,2024
00169,921693.48,00169320111,106618.97,1238,11,3201,FIASP VIAL,4,XX,false,1028312.45,37501.600,MCOU,2024
00169,1028375.16,00169320415,120557.92,1522,15,3204,FIASP FLEX,4,XX,false,1148933.08,31890.000,FFSU,2024
00169,1045518.84,00169320415,118873.18,1560,15,3204,FIASP FLEX,4,XX,false,1164392.02,32937.200,MCOU,2024
00169,96672.09,00169320515,19094.31,150,15,3205,FIASP PENF,4,XX,false,115766.40,3426.000,FFSU,2024
00169,98832.52,00169320515,13942.12,170,15,3205,FIASP PENF,4,XX,false,112774.64,3501.000,MCOU,2024
00169,285624.40,00169320615,14174.96,317,15,3206,FIASP PUMP,4,XX,false,299799.36,8608.000,FFSU,2024
00169,287395.74,00169320615,8829.48,347,15,3206,FIASP PUMP,4,XX,false,296225.22,8976.000,MCOU,2024
00169,839462.40,00169320111,151133.64,1202,11,3201,FIASP VIAL,3,XX,false,990596.04,37572.000,FFSU,2024
00169,1164198.16,00169320111,156494.17,1578,11,3201,FIASP VIAL,3,XX,false,1320692.33,47787.300,MCOU,2024
00169,878180.59,00169320415,70966.18,1321,15,3204,FIASP FLEX,3,XX,false,949146.77,26766.000,FFSU,2024
00169,847120.20,00169320415,90599.50,1407,15,3204,FIASP FLEX,3,XX,false,937719.70,25922.250,MCOU,2024
00169,100249.09,00169320515,12487.55,149,15,3205,FIASP PENF,3,XX,false,112736.64,3348.000,FFSU,2024
00169,106437.20,00169320515,10277.61,184,15,3205,FIASP PENF,3,XX,false,116714.81,3573.000,MCOU,2024
00169,176489.85,00169320615,6303.87,172,15,3206,FIASP PUMP,3,XX,false,182793.72,5400.000,FFSU,2024
00169,165579.02,00169320615,8401.86,203,15,3206,FIASP PUMP,3,XX,false,173980.88,5060.800,MCOU,2024
00169,915748.10,00169320111,171572.72,1184,11,3201,FIASP VIAL,2,XX,false,1087320.82,41007.150,FFSU,2024
00169,1396892.15,00169320111,225359.51,1800,11,3201,FIASP VIAL,2,XX,false,1622251.66,58560.600,MCOU,2024
00169,961534.45,00169320415,138773.39,1518,15,3204,FIASP FLEX,2,XX,false,1100307.84,31227.000,FFSU,2024
00169,1033190.02,00169320415,140504.04,1579,15,3204,FIASP FLEX,2,XX,false,1173694.06,32882.050,MCOU,2024
00169,96954.90,00169320515,12536.97,141,15,3205,FIASP PENF,2,XX,false,109491.87,3093.000,FFSU,2024
00169,108605.57,00169320515,18455.25,196,15,3205,FIASP PENF,2,XX,false,127060.82,3651.000,MCOU,2024
00169,82074.76,00169320615,2188.00,91,15,3206,FIASP PUMP,2,XX,false,84262.76,2737.600,FFSU,2024
00169,94986.34,00169320615,12510.29,116,15,3206,FIASP PUMP,2,XX,false,107496.63,3065.600,MCOU,2024
00169,767164.26,00169320111,119423.07,987,11,3201,FIASP VIAL,1,XX,false,886587.33,33400.100,FFSU,2024
00169,1364583.51,00169320111,180038.25,1737,11,3201,FIASP VIAL,1,XX,false,1544621.76,56060.500,MCOU,2024
00169,1198433.87,00169320415,154111.38,1716,15,3204,FIASP FLEX,1,XX,false,1352545.25,37965.000,FFSU,2024
00169,1225802.95,00169320415,121968.38,1800,15,3204,FIASP FLEX,1,XX,false,1347771.33,37935.100,MCOU,2024
00169,,00169320511,,,11,3205,FIASP PENF,1,XX,true,,,FFSU,2024
00169,111030.62,00169320515,5024.68,141,15,3205,FIASP PENF,1,XX,false,116055.30,3351.000,FFSU,2024
00169,104125.59,00169320515,12479.22,185,15,3205,FIASP PENF,1,XX,false,116604.81,3501.000,MCOU,2024
00169,20196.00,00169320615,3.00,21,15,3206,FIASP PUMP,1,XX,false,20199.00,611.200,FFSU,2024
00169,22912.75,00169320615,2796.14,26,15,3206,FIASP PUMP,1,XX,false,25708.89,761.600,MCOU,2024
00002,648125.57,00002772801,74719.54,734,01,7728,LYUMJEV   ,4,XX,false,722845.11,27660.000,FFSU,2024
00002,850169.49,00002772801,77442.98,1177,01,7728,LYUMJEV   ,4,XX,false,927612.47,35885.700,MCOU,2024
00002,,00002820701,,,01,8207,LYUMJEV KW,4,XX,true,,,MCOU,2024
00002,420330.27,00002820705,24826.69,587,05,8207,LYUMJEV KW,4,XX,false,445156.96,12990.000,FFSU,2024
00002,506912.66,00002820705,34002.94,806,05,8207,LYUMJEV KW,4,XX,false,540915.60,16398.550,MCOU,2024
00002,279764.51,00002822827,8505.68,150,27,8228,LYUMJEV KW,4,XX,false,288270.19,4311.000,FFSU,2024
00002,276034.72,00002822827,19162.27,182,27,8228,LYUMJEV KW,4,XX,false,295196.99,4371.000,MCOU,2024
00002,11186.79,00002823505,0.00,15,05,8235,LYUMJEV TE,4,XX,false,11186.79,324.000,FFSU,2024
00002,20479.26,00002823505,0.00,35,05,8235,LYUMJEV TE,4,XX,false,20479.26,618.000,MCOU,2024
00002,635062.07,00002772801,50958.69,734,01,7728,LYUMJEV   ,3,XX,false,686020.76,26590.100,FFSU,2024
00002,795163.74,00002772801,62966.39,1046,01,7728,LYUMJEV   ,3,XX,false,858130.13,33040.850,MCOU,2024
00002,,00002820701,,,01,8207,LYUMJEV KW,3,XX,true,,,FFSU,2024
00002,,00002820701,,,01,8207,LYUMJEV KW,3,XX,true,,,MCOU,2024
00002,472722.97,00002820705,28310.58,651,05,8207,LYUMJEV KW,3,XX,false,501033.55,15105.050,FFSU,2024
00002,543429.58,00002820705,37324.70,816,05,8207,LYUMJEV KW,3,XX,false,580754.28,17301.000,MCOU,2024
00002,302831.76,00002822827,10111.44,171,27,8228,LYUMJEV KW,3,XX,false,312943.20,4815.000,FFSU,2024
00002,311598.07,00002822827,26012.81,196,27,8228,LYUMJEV KW,3,XX,false,337610.88,4926.000,MCOU,2024
00002,9849.85,00002823505,0.00,14,05,8235,LYUMJEV TE,3,XX,false,9849.85,285.000,FFSU,2024
00002,20611.99,00002823505,5438.78,41,05,8235,LYUMJEV TE,3,XX,false,26050.77,795.000,MCOU,2024
00002,575635.61,00002772801,57534.42,707,01,7728,LYUMJEV   ,2,XX,false,633170.03,25000.000,FFSU,2024
00002,769272.17,00002772801,90267.94,1035,01,7728,LYUMJEV   ,2,XX,false,859540.11,32720.200,MCOU,2024
00002,,00002820701,,,01,8207,LYUMJEV KW,2,XX,true,,,FFSU,2024
00002,376384.70,00002820705,32625.18,570,05,8207,LYUMJEV KW,2,XX,false,409009.88,12285.000,FFSU,2024
00002,510224.32,00002820705,59729.73,761,05,8207,LYUMJEV KW,2,XX,false,569954.05,16668.000,MCOU,2024
00002,219888.36,00002822827,18894.26,145,27,8228,LYUMJEV KW,2,XX,false,238782.62,3588.000,FFSU,2024
00002,287021.40,00002822827,17030.15,188,27,8228,LYUMJEV KW,2,XX,false,304051.55,4617.000,MCOU,2024
00002,15296.79,00002823505,0.00,21,05,8235,LYUMJEV TE,2,XX,false,15296.79,441.000,FFSU,2024
00002,19190.93,00002823505,1571.11,33,05,8235,LYUMJEV TE,2,XX,false,20762.04,591.000,MCOU,2024
00002,538465.15,00002772801,49751.91,657,01,7728,LYUMJEV   ,1,XX,false,588217.06,23130.000,FFSU,2024
00002,646346.50,00002772801,48691.62,900,01,7728,LYUMJEV   ,1,XX,false,695038.12,27130.000,MCOU,2024
00002,,00002820701,,,01,8207,LYUMJEV KW,1,XX,true,,,FFSU,2024
00002,365645.94,00002820705,33161.36,562,05,8207,LYUMJEV KW,1,XX,false,398807.30,12006.000,FFSU,2024
00002,432387.90,00002820705,35224.99,637,05,8207,LYUMJEV KW,1,XX,false,467612.89,14046.000,MCOU,2024
00002,233156.96,00002822827,12905.39,130,27,8228,LYUMJEV KW,1,XX,false,246062.35,3519.000,FFSU,2024
00002,209706.22,00002822827,14432.38,145,27,8228,LYUMJEV KW,1,XX,false,224138.60,3321.000,MCOU,2024
00002,9164.99,00002823505,0.00,17,05,8235,LYUMJEV TE,1,XX,false,9164.99,267.000,FFSU,2024
00002,26113.97,00002823505,1137.75,43,05,8235,LYUMJEV TE,1,XX,false,27251.72,858.000,MCOU,2024
00169,238252.05,00169210011,7513.63,1310,11,2100,NOVOLOG 10,4,XX,false,245765.68,42150.000,FFSU,2024
00169,432284.49,00169210011,11880.91,2643,11,2100,NOVOLOG 10,4,XX,false,444165.40,77170.500,MCOU,2024
00169,485778.23,00169210125,15068.75,3831,25,2101,NOVOLOG FP,4,XX,false,500846.98,82059.000,FFSU,2024
00169,854370.59,00169210125,9592.48,8352,25,2101,NOVOLOG FP,4,XX,false,863963.07,154620.000,MCOU,2024
00169,13233.72,00169220011,325.98,92,11,2200,NOVOLOG MI,4,XX,false,13559.70,2020.000,FFSU,2024
00169,20403.76,00169220011,0.00,128,11,2200,NOVOLOG MI,4,XX,false,20403.76,3520.000,MCOU,2024
00169,46015.78,00169220125,633.38,271,25,2201,NOVOLOG MI,4,XX,false,46649.16,7002.000,FFSU,2024
00169,81419.93,00169220125,27.33,653,25,2201,NOVOLOG MI,4,XX,false,81447.26,14565.000,MCOU,2024
00169,209370.40,00169330312,29280.81,1147,12,3303,NOVOLOG PE,4,XX,false,238651.21,25023.000,FFSU,2024
00169,302154.92,00169330312,36641.37,1908,12,3303,NOVOLOG PE,4,XX,false,338796.29,39453.000,MCOU,2024
00169,60985.14,00169368512,1732.84,340,12,3685,NOVOLOG MI,4,XX,false,62717.98,8490.000,FFSU,2024
00169,62108.63,00169368512,1103.27,395,12,3685,NOVOLOG MI,4,XX,false,63211.90,9122.600,MCOU,2024
00169,455714.90,00169369619,10508.61,2002,19,3696,NOVOLOG MI,4,XX,false,466223.51,47847.100,FFSU,2024
00169,395596.75,00169369619,14593.63,1998,19,3696,NOVOLOG MI,4,XX,false,410190.38,45524.200,MCOU,2024
00169,4713684.44,00169633910,219103.89,24702,10,6339,NOVOLOG FL,4,XX,false,4932788.33,486476.585,FFSU,2024
00169,5642221.28,00169633910,287971.60,34026,10,6339,NOVOLOG FL,4,XX,false,5930192.88,656092.850,MCOU,2024
00169,2690237.70,00169750111,361781.19,13359,11,7501,NOVOLOG 10,4,XX,false,3052018.89,415205.835,FFSU,2024
00169,3215674.95,00169750111,413099.79,18607,11,7501,NOVOLOG 10,4,XX,false,3628774.74,529676.080,MCOU,2024
00169,280047.83,00169210011,8850.96,1463,11,2100,NOVOLOG 10,3,XX,false,288898.79,47480.000,FFSU,2024
00169,464873.41,00169210011,8029.11,2839,11,2100,NOVOLOG 10,3,XX,false,472902.52,81570.050,MCOU,2024
00169,555730.93,00169210125,17271.05,4325,25,2101,NOVOLOG FP,3,XX,false,573001.98,91801.000,FFSU,2024
00169,874089.93,00169210125,12797.64,8574,25,2101,NOVOLOG FP,3,XX,false,886887.57,157299.550,MCOU,2024
00169,18152.68,00169220011,93.58,115,11,2200,NOVOLOG MI,3,XX,false,18246.26,2760.000,FFSU,2024
00169,22855.69,00169220011,637.56,165,11,2200,NOVOLOG MI,3,XX,false,23493.25,4061.250,MCOU,2024
00169,53341.37,00169220125,1124.27,329,25,2201,NOVOLOG MI,3,XX,false,54465.64,7710.000,FFSU,2024
00169,85816.26,00169220125,901.16,699,25,2201,NOVOLOG MI,3,XX,false,86717.42,15632.500,MCOU,2024
00169,252177.16,00169330312,34641.27,1382,12,3303,NOVOLOG PE,3,XX,false,286818.43,30707.100,FFSU,2024
00169,352892.10,00169330312,42027.44,2293,12,3303,NOVOLOG PE,3,XX,false,394919.54,45681.750,MCOU,2024
00169,90249.62,00169368512,2144.17,478,12,3685,NOVOLOG MI,3,XX,false,92393.79,12170.400,FFSU,2024
00169,82066.81,00169368512,1965.72,543,12,3685,NOVOLOG MI,3,XX,false,84032.53,11858.550,MCOU,2024
00169,516732.32,00169369619,12809.90,2323,19,3696,NOVOLOG MI,3,XX,false,529542.22,54821.000,FFSU,2024
00169,458675.26,00169369619,16665.14,2371,19,3696,NOVOLOG MI,3,XX,false,475340.40,51483.050,MCOU,2024
00169,5170943.94,00169633910,227044.32,27068,10,6339,NOVOLOG FL,3,XX,false,5397988.26,540644.965,FFSU,2024
00169,6586402.84,00169633910,414168.34,40168,10,6339,NOVOLOG FL,3,XX,false,7000571.18,753402.000,MCOU,2024
00169,2951975.78,00169750111,339630.54,15098,11,7501,NOVOLOG 10,3,XX,false,3291606.32,466983.950,FFSU,2024
00169,3997186.32,00169750111,516735.57,23255,11,7501,NOVOLOG 10,3,XX,false,4513921.89,642555.952,MCOU,2024
00169,268247.83,00169210011,14543.99,1456,11,2100,NOVOLOG 10,2,XX,false,282791.82,46630.000,FFSU,2024
00169,446848.67,00169210011,22682.44,2698,11,2100,NOVOLOG 10,2,XX,false,469531.11,79020.000,MCOU,2024
00169,544408.33,00169210125,20568.38,4293,25,2101,NOVOLOG FP,2,XX,false,564976.71,92047.000,FFSU,2024
00169,835956.29,00169210125,42085.65,7924,25,2101,NOVOLOG FP,2,XX,false,878041.94,151414.000,MCOU,2024
00169,18738.38,00169220011,571.92,117,11,2200,NOVOLOG MI,2,XX,false,19310.30,3060.000,FFSU,2024
00169,20719.38,00169220011,1193.88,162,11,2200,NOVOLOG MI,2,XX,false,21913.26,3710.000,MCOU,2024
00169,54525.48,00169220125,1315.75,340,25,2201,NOVOLOG MI,2,XX,false,55841.23,8319.000,FFSU,2024
00169,86041.03,00169220125,2645.74,653,25,2201,NOVOLOG MI,2,XX,false,88686.77,15669.000,MCOU,2024
00169,271442.26,00169330312,43083.62,1552,12,3303,NOVOLOG PE,2,XX,false,314525.88,34095.300,FFSU,2024
00169,372749.79,00169330312,48359.10,2424,12,3303,NOVOLOG PE,2,XX,false,421108.89,48778.100,MCOU,2024
00169,82713.08,00169368512,1338.77,447,12,3685,NOVOLOG MI,2,XX,false,84051.85,11311.000,FFSU,2024
00169,91992.51,00169368512,2519.97,624,12,3685,NOVOLOG MI,2,XX,false,94512.48,13463.145,MCOU,2024
00169,564785.90,00169369619,16576.79,2455,19,3696,NOVOLOG MI,2,XX,false,581362.69,59276.000,FFSU,2024
00169,578549.45,00169369619,26181.04,2903,19,3696,NOVOLOG MI,2,XX,false,604730.49,66531.550,MCOU,2024
00169,5177057.92,00169633910,253011.08,27150,10,6339,NOVOLOG FL,2,XX,false,5430069.00,541535.618,FFSU,2024
00169,6782573.49,00169633910,436109.51,40903,10,6339,NOVOLOG FL,2,XX,false,7218683.00,790086.250,MCOU,2024
00169,2985785.19,00169750111,395262.75,15876,11,7501,NOVOLOG 10,2,XX,false,3381047.94,475706.256,FFSU,2024
00169,3858200.05,00169750111,566838.95,23531,11,7501,NOVOLOG 10,2,XX,false,4425039.00,628550.345,MCOU,2024
00169,298123.50,00169210011,12987.85,1537,11,2100,NOVOLOG 10,1,XX,false,311111.35,48750.000,FFSU,2024
00169,424246.87,00169210011,7628.77,2637,11,2100,NOVOLOG 10,1,XX,false,431875.64,74600.850,MCOU,2024
00169,665463.45,00169210125,25825.04,4873,25,2101,NOVOLOG FP,1,XX,false,691288.49,105759.000,FFSU,2024
00169,832296.63,00169210125,9600.38,7975,25,2101,NOVOLOG FP,1,XX,false,841897.01,150159.000,MCOU,2024
00169,26991.88,00169220011,151.32,133,11,2200,NOVOLOG MI,1,XX,false,27143.20,3110.000,FFSU,2024
00169,19682.23,00169220011,460.84,161,11,2200,NOVOLOG MI,1,XX,false,20143.07,3480.000,MCOU,2024
00169,60665.64,00169220125,1494.44,344,25,2201,NOVOLOG MI,1,XX,false,62160.08,8301.000,FFSU,2024
00169,89349.97,00169220125,896.01,697,25,2201,NOVOLOG MI,1,XX,false,90245.98,16143.000,MCOU,2024
00169,517325.81,00169330312,54412.85,1807,12,3303,NOVOLOG PE,1,XX,false,571738.66,38702.200,FFSU,2024
00169,411773.77,00169330312,42252.24,2674,12,3303,NOVOLOG PE,1,XX,false,454026.01,51714.000,MCOU,2024
00169,189169.16,00169368512,2216.23,545,12,3685,NOVOLOG MI,1,XX,false,191385.39,13774.050,FFSU,2024
00169,106130.30,00169368512,2472.62,687,12,3685,NOVOLOG MI,1,XX,false,108602.92,14882.415,MCOU,2024
00169,979921.63,00169369619,22604.30,2729,19,3696,NOVOLOG MI,1,XX,false,1002525.93,63991.666,FFSU,2024
00169,574193.70,00169369619,24807.80,2875,19,3696,NOVOLOG MI,1,XX,false,599001.50,65018.860,MCOU,2024
00169,9645304.69,00169633910,416952.10,31437,10,6339,NOVOLOG FL,1,XX,false,10062256.79,629338.723,FFSU,2024
00169,6995214.44,00169633910,330584.77,40947,10,6339,NOVOLOG FL,1,XX,false,7325799.21,788065.526,MCOU,2024
00169,4840028.34,00169750111,609976.71,16345,11,7501,NOVOLOG 10,1,XX,false,5450005.05,489634.845,FFSU,2024
00169,3948573.94,00169750111,488383.69,23846,11,7501,NOVOLOG 10,1,XX,false,4436957.63,629073.290,MCOU,2024
00002,6001072.82,00002751001,328168.30,32823,01,7510,HUMALOG   ,4,XX,false,6329241.12,981707.485,FFSU,2024
00002,7733827.08,00002751001,316705.90,52460,01,7510,HUMALOG   ,4,XX,false,8050532.98,1231466.976,MCOU,2024
00002,14466.67,00002751017,261.39,484,17,7510,HUMALOG   ,4,XX,false,14728.06,937.900,FFSU,2024
00002,6851.89,00002751017,6486.46,1466,17,7510,HUMALOG   ,4,XX,false,13338.35,1172.880,MCOU,2024
00002,206453.17,00002751101,2185.75,1019,01,7511,HUMALOG MI,4,XX,false,208638.92,24253.790,FFSU,2024
00002,366439.57,00002751101,3065.99,2012,01,7511,HUMALOG MI,4,XX,false,369505.56,43888.148,MCOU,2024
00002,,00002751201,,,01,7512,HUMALOG MI,4,XX,true,,,MCOU,2024
00002,,00002751601,,,01,7516,HUMALOG   ,4,XX,true,,,FFSU,2024
00002,414737.50,00002751659,24061.55,1833,59,7516,HUMALOG   ,4,XX,false,438799.05,43033.850,FFSU,2024
00002,497678.38,00002751659,26112.67,2327,59,7516,HUMALOG   ,4,XX,false,523791.05,52422.550,MCOU,2024
00002,13030.53,00002753301,661.01,312,01,7533,HUMALOG   ,4,XX,false,13691.54,1863.530,FFSU,2024
00002,20251.67,00002753301,108355.11,1028,01,7533,HUMALOG   ,4,XX,false,128606.78,4560.000,MCOU,2024
00002,,00002771201,,,01,7712,HUMALOG KW,4,XX,true,,,FFSU,2024
00002,,00002771201,,,01,7712,HUMALOG KW,4,XX,true,,,MCOU,2024
00002,5210299.20,00002771227,187875.97,3758,27,7712,HUMALOG KW,4,XX,false,5398175.17,79548.025,FFSU,2024
00002,9993790.87,00002771227,285736.23,6889,27,7712,HUMALOG KW,4,XX,false,10279527.10,151640.150,MCOU,2024
00002,,00002771401,,,01,7714,HUMALOG KW,4,XX,true,,,FFSU,2024
00002,994.65,00002771401,0.00,11,01,7714,HUMALOG KW,4,XX,false,994.65,333.000,MCOU,2024
00002,1295760.01,00002771459,70333.24,6380,59,7714,HUMALOG KW,4,XX,false,1366093.25,127563.000,FFSU,2024
00002,1328413.01,00002771459,49768.31,7658,59,7714,HUMALOG KW,4,XX,false,1378181.32,133736.000,MCOU,2024
00002,13021.02,00002821305,162.67,77,05,8213,HUMALOG TE,4,XX,false,13183.69,1218.000,FFSU,2024
00002,12099.82,00002821305,646.28,62,05,8213,HUMALOG TE,4,XX,false,12746.10,1260.000,MCOU,2024
00002,,00002879701,,,01,8797,HUMALOG MI,4,XX,true,,,MCOU,2024
00002,424311.76,00002879759,9547.22,1631,59,8797,HUMALOG MI,4,XX,false,433858.98,40971.596,FFSU,2024
00002,661559.61,00002879759,22369.28,2664,59,8797,HUMALOG MI,4,XX,false,683928.89,66393.000,MCOU,2024
00002,,00002879801,,,01,8798,HUMALOG MI,4,XX,true,,,MCOU,2024
00002,139121.52,00002879859,1080.30,543,59,8798,HUMALOG MI,4,XX,false,140201.82,13268.000,FFSU,2024
00002,170024.65,00002879859,4534.75,727,59,8798,HUMALOG MI,4,XX,false,174559.40,17217.000,MCOU,2024
00002,23626.24,00002879901,236.05,197,01,8799,HUMALOG KW,4,XX,false,23862.29,2057.500,FFSU,2024
00002,22507.50,00002879901,1642.17,242,01,8799,HUMALOG KW,4,XX,false,24149.67,2916.400,MCOU,2024
00002,7640422.10,00002879959,275514.78,41005,59,8799,HUMALOG KW,4,XX,false,7915936.88,786210.250,FFSU,2024
00002,9731731.71,00002879959,243734.72,48902,59,8799,HUMALOG KW,4,XX,false,9975466.43,970447.500,MCOU,2024
00002,6553509.45,00002751001,365302.95,35610,01,7510,HUMALOG   ,3,XX,false,6918812.40,1051328.530,FFSU,2024
00002,8021511.48,00002751001,496893.32,54644,01,7510,HUMALOG   ,3,XX,false,8518404.80,1276014.901,MCOU,2024
00002,17196.36,00002751017,3877.81,635,17,7510,HUMALOG   ,3,XX,false,21074.17,1122.200,FFSU,2024
00002,15921.84,00002751017,93862.97,2202,17,7510,HUMALOG   ,3,XX,false,109784.81,1781.885,MCOU,2024
00002,267642.28,00002751101,1989.52,1252,01,7511,HUMALOG MI,3,XX,false,269631.80,30953.100,FFSU,2024
00002,421655.69,00002751101,3528.31,2253,01,7511,HUMALOG MI,3,XX,false,425184.00,51148.660,MCOU,2024
00002,,00002751201,,,01,7512,HUMALOG MI,3,XX,true,,,FFSU,2024
00002,,00002751201,,,01,7512,HUMALOG MI,3,XX,true,,,MCOU,2024
00002,,00002751601,,,01,7516,HUMALOG   ,3,XX,true,,,MCOU,2024
00002,507151.62,00002751659,32380.04,2204,59,7516,HUMALOG   ,3,XX,false,539531.66,53106.000,FFSU,2024
00002,530383.85,00002751659,28971.81,2481,59,7516,HUMALOG   ,3,XX,false,559355.66,56046.200,MCOU,2024
00002,47881.99,00002753301,7285.82,939,01,7533,HUMALOG   ,3,XX,false,55167.81,6541.900,FFSU,2024
00002,55629.86,00002753301,134496.13,2245,01,7533,HUMALOG   ,3,XX,false,190125.99,9729.698,MCOU,2024
00002,,00002771201,,,01,7712,HUMALOG KW,3,XX,true,,,FFSU,2024
00002,,00002771201,,,01,7712,HUMALOG KW,3,XX,true,,,MCOU,2024
00002,5286725.42,00002771227,208046.07,3931,27,7712,HUMALOG KW,3,XX,false,5494771.49,81054.000,FFSU,2024
00002,9295030.64,00002771227,220868.15,6682,27,7712,HUMALOG KW,3,XX,false,9515898.79,139707.050,MCOU,2024
00002,,00002771401,,,01,7714,HUMALOG KW,3,XX,true,,,FFSU,2024
00002,2146.66,00002771401,33.32,19,01,7714,HUMALOG KW,3,XX,false,2179.98,254.000,MCOU,2024
00002,1444705.13,00002771459,70998.50,7155,59,7714,HUMALOG KW,3,XX,false,1515703.63,142305.000,FFSU,2024
00002,1327707.81,00002771459,51410.04,7884,59,7714,HUMALOG KW,3,XX,false,1379117.85,132994.000,MCOU,2024
00002,14580.64,00002821305,27.00,76,05,8213,HUMALOG TE,3,XX,false,14607.64,1356.000,FFSU,2024
00002,9907.61,00002821305,106.25,54,05,8213,HUMALOG TE,3,XX,false,10013.86,981.000,MCOU,2024
00002,,00002879701,,,01,8797,HUMALOG MI,3,XX,true,,,MCOU,2024
00002,496742.15,00002879759,9106.56,1848,59,8797,HUMALOG MI,3,XX,false,505848.71,48063.760,FFSU,2024
00002,723597.18,00002879759,35009.99,2943,59,8797,HUMALOG MI,3,XX,false,758607.17,73002.050,MCOU,2024
00002,,00002879801,,,01,8798,HUMALOG MI,3,XX,true,,,FFSU,2024
00002,,00002879801,,,01,8798,HUMALOG MI,3,XX,true,,,MCOU,2024
00002,164948.02,00002879859,851.52,633,59,8798,HUMALOG MI,3,XX,false,165799.54,15687.000,FFSU,2024
00002,188345.38,00002879859,5830.53,781,59,8798,HUMALOG MI,3,XX,false,194175.91,18891.000,MCOU,2024
00002,23204.45,00002879901,97.41,210,01,8799,HUMALOG KW,3,XX,false,23301.86,2122.300,FFSU,2024
00002,17930.74,00002879901,5874.36,276,01,8799,HUMALOG KW,3,XX,false,23805.10,2514.400,MCOU,2024
00002,9415136.65,00002879959,297431.55,47471,59,8799,HUMALOG KW,3,XX,false,9712568.20,919687.750,FFSU,2024
00002,10812559.02,00002879959,269602.77,54604,59,8799,HUMALOG KW,3,XX,false,11082161.79,1071603.900,MCOU,2024
00002,5757248.98,00002751001,328392.75,32705,01,7510,HUMALOG   ,2,XX,false,6085641.73,931783.314,FFSU,2024
00002,8325846.73,00002751001,503086.53,55780,01,7510,HUMALOG   ,2,XX,false,8828933.26,1320800.298,MCOU,2024
00002,59045.11,00002751017,1730.97,978,17,7510,HUMALOG   ,2,XX,false,60776.08,3630.810,FFSU,2024
00002,182206.69,00002751017,47859.85,3045,17,7510,HUMALOG   ,2,XX,false,230066.54,2768.121,MCOU,2024
00002,252222.03,00002751101,3097.82,1215,01,7511,HUMALOG MI,2,XX,false,255319.85,29040.200,FFSU,2024
00002,447632.91,00002751101,5921.40,2439,01,7511,HUMALOG MI,2,XX,false,453554.31,53869.710,MCOU,2024
00002,,00002751201,,,01,7512,HUMALOG MI,2,XX,true,,,FFSU,2024
00002,,00002751201,,,01,7512,HUMALOG MI,2,XX,true,,,MCOU,2024
00002,,00002751601,,,01,7516,HUMALOG   ,2,XX,true,,,MCOU,2024
00002,489438.27,00002751659,34254.26,2128,59,7516,HUMALOG   ,2,XX,false,523692.53,51175.000,FFSU,2024
00002,581022.99,00002751659,33693.68,2719,59,7516,HUMALOG   ,2,XX,false,614716.67,61092.100,MCOU,2024
00002,124368.40,00002753301,6465.20,2046,01,7533,HUMALOG   ,2,XX,false,130833.60,17108.911,FFSU,2024
00002,890674.52,00002753301,148690.70,3980,01,7533,HUMALOG   ,2,XX,false,1039365.22,17466.373,MCOU,2024
00002,,00002771201,,,01,7712,HUMALOG KW,2,XX,true,,,FFSU,2024
00002,,00002771201,,,01,7712,HUMALOG KW,2,XX,true,,,MCOU,2024
00002,4570216.14,00002771227,197405.76,3502,27,7712,HUMALOG KW,2,XX,false,4767621.90,70656.000,FFSU,2024
00002,8766915.72,00002771227,313848.00,6295,27,7712,HUMALOG KW,2,XX,false,9080763.72,132968.200,MCOU,2024
00002,2559.78,00002771401,0.00,19,01,7714,HUMALOG KW,2,XX,false,2559.78,258.000,MCOU,2024
00002,1251059.00,00002771459,56386.77,6377,59,7714,HUMALOG KW,2,XX,false,1307445.77,123486.200,FFSU,2024
00002,1326967.81,00002771459,59437.57,7920,59,7714,HUMALOG KW,2,XX,false,1386405.38,134612.500,MCOU,2024
00002,10232.00,00002821305,16.50,52,05,8213,HUMALOG TE,2,XX,false,10248.50,912.000,FFSU,2024
00002,9504.28,00002821305,3.00,56,05,8213,HUMALOG TE,2,XX,false,9507.28,867.000,MCOU,2024
00002,,00002879701,,,01,8797,HUMALOG MI,2,XX,true,,,MCOU,2024
00002,466176.52,00002879759,11291.06,1756,59,8797,HUMALOG MI,2,XX,false,477467.58,45526.462,FFSU,2024
00002,692254.36,00002879759,29431.18,2837,59,8797,HUMALOG MI,2,XX,false,721685.54,69885.924,MCOU,2024
00002,,00002879801,,,01,8798,HUMALOG MI,2,XX,true,,,FFSU,2024
00002,155054.30,00002879859,589.40,615,59,8798,HUMALOG MI,2,XX,false,155643.70,14650.000,FFSU,2024
00002,190992.73,00002879859,5697.81,801,59,8798,HUMALOG MI,2,XX,false,196690.54,19122.000,MCOU,2024
00002,18454.70,00002879901,1219.10,180,01,8799,HUMALOG KW,2,XX,false,19673.80,1601.150,FFSU,2024
00002,17358.94,00002879901,2098.95,229,01,8799,HUMALOG KW,2,XX,false,19457.89,2374.950,MCOU,2024
00002,8446436.42,00002879959,284111.80,43006,59,8799,HUMALOG KW,2,XX,false,8730548.22,826422.600,FFSU,2024
00002,11211816.87,00002879959,426423.40,56750,59,8799,HUMALOG KW,2,XX,false,11638240.27,1114750.350,MCOU,2024
00002,9807755.27,00002751001,529557.06,34743,01,7510,HUMALOG   ,1,XX,false,10337312.33,988119.240,FFSU,2024
00002,8416366.98,00002751001,341273.64,54975,01,7510,HUMALOG   ,1,XX,false,8757640.62,1307494.250,MCOU,2024
00002,86777.07,00002751017,719.68,1650,17,7510,HUMALOG   ,1,XX,false,87496.75,4248.030,FFSU,2024
00002,593016.22,00002751017,130467.84,4315,17,7510,HUMALOG   ,1,XX,false,723484.06,4363.421,MCOU,2024
00002,417479.38,00002751101,4622.20,1340,01,7511,HUMALOG MI,1,XX,false,422101.58,31769.900,FFSU,2024
00002,472154.42,00002751101,5608.90,2560,01,7511,HUMALOG MI,1,XX,false,477763.32,54789.000,MCOU,2024
00002,5688.48,00002751201,7.50,23,01,7512,HUMALOG MI,1,XX,false,5695.98,350.000,FFSU,2024
00002,4269.61,00002751201,6.00,19,01,7512,HUMALOG MI,1,XX,false,4275.61,354.000,MCOU,2024
00002,,00002751601,,,01,7516,HUMALOG   ,1,XX,true,,,FFSU,2024
00002,,00002751601,,,01,7516,HUMALOG   ,1,XX,true,,,MCOU,2024
00002,720343.29,00002751659,33118.02,2352,59,7516,HUMALOG   ,1,XX,false,753461.31,54306.350,FFSU,2024
00002,606159.22,00002751659,28746.20,2869,59,7516,HUMALOG   ,1,XX,false,634905.42,61962.550,MCOU,2024
00002,87574.88,00002753301,3973.04,1257,01,7533,HUMALOG   ,1,XX,false,91547.92,9431.720,FFSU,2024
00002,1041847.31,00002753301,201209.70,4544,01,7533,HUMALOG   ,1,XX,false,1243057.01,15660.958,MCOU,2024
00002,,00002771201,,,01,7712,HUMALOG KW,1,XX,true,,,FFSU,2024
00002,,00002771201,,,01,7712,HUMALOG KW,1,XX,true,,,MCOU,2024
00002,4443804.91,00002771227,180653.78,3454,27,7712,HUMALOG KW,1,XX,false,4624458.69,69061.000,FFSU,2024
00002,8191548.45,00002771227,241846.65,6003,27,7712,HUMALOG KW,1,XX,false,8433395.10,124324.050,MCOU,2024
00002,,00002771401,,,01,7714,HUMALOG KW,1,XX,true,,,FFSU,2024
00002,1158.51,00002771401,38.99,14,01,7714,HUMALOG KW,1,XX,false,1197.50,183.000,MCOU,2024
00002,1873116.18,00002771459,93334.81,6848,59,7714,HUMALOG KW,1,XX,false,1966450.99,133191.000,FFSU,2024
00002,1344717.49,00002771459,54459.60,7917,59,7714,HUMALOG KW,1,XX,false,1399177.09,133749.500,MCOU,2024
00002,12582.33,00002821305,20.00,49,05,8213,HUMALOG TE,1,XX,false,12602.33,765.000,FFSU,2024
00002,10191.59,00002821305,0.00,64,05,8213,HUMALOG TE,1,XX,false,10191.59,930.000,MCOU,2024
00002,,00002879701,,,01,8797,HUMALOG MI,1,XX,true,,,FFSU,2024
00002,,00002879701,,,01,8797,HUMALOG MI,1,XX,true,,,MCOU,2024
00002,775574.54,00002879759,14619.46,1947,59,8797,HUMALOG MI,1,XX,false,790194.00,50109.064,FFSU,2024
00002,720436.42,00002879759,17673.54,2841,59,8797,HUMALOG MI,1,XX,false,738109.96,69498.462,MCOU,2024
00002,,00002879801,,,01,8798,HUMALOG MI,1,XX,true,,,FFSU,2024
00002,234982.91,00002879859,1996.03,656,59,8798,HUMALOG MI,1,XX,false,236978.94,15387.000,FFSU,2024
00002,211560.97,00002879859,4811.16,823,59,8798,HUMALOG MI,1,XX,false,216372.13,20241.000,MCOU,2024
00002,28546.12,00002879901,263.58,185,01,8799,HUMALOG KW,1,XX,false,28809.70,1822.750,FFSU,2024
00002,23941.04,00002879901,3785.11,242,01,8799,HUMALOG KW,1,XX,false,27726.15,2266.350,MCOU,2024
00002,12824772.58,00002879959,411734.20,45514,59,8799,HUMALOG KW,1,XX,false,13236506.78,888730.100,FFSU,2024
00002,11573016.40,00002879959,320863.64,57240,59,8799,HUMALOG KW,1,XX,false,11893880.04,1123796.050,MCOU,2024
00024,1350548.51,00024592410,6068.02,4985,10,5924,ADMELOG VI,4,XX,false,1356616.53,144436.150,FFSU,2024
00024,2385402.54,00024592410,65210.13,9230,10,5924,ADMELOG VI,4,XX,false,2450612.67,253985.270,MCOU,2024
00024,2762.62,00024592501,13.00,29,01,5925,ADMELOG SO,4,XX,false,2775.62,406.000,MCOU,2024
00024,3359222.61,00024592505,4491.07,13959,05,5925,ADMELOG SO,4,XX,false,3363713.68,274216.020,FFSU,2024
00024,3602520.15,00024592505,15848.75,15516,05,5925,ADMELOG SO,4,XX,false,3618368.90,299294.000,MCOU,2024
00024,74538.13,00024592605,2398.86,763,05,5926,ADMELOG VI,4,XX,false,76936.99,5944.370,FFSU,2024
00024,101892.99,00024592605,467675.77,6264,05,5926,ADMELOG VI,4,XX,false,569568.76,18103.904,MCOU,2024
00024,1852651.05,00024592410,12994.81,7098,10,5924,ADMELOG VI,3,XX,false,1865645.86,198592.650,FFSU,2024
00024,2684369.01,00024592410,26772.63,10400,10,5924,ADMELOG VI,3,XX,false,2711141.64,285568.720,MCOU,2024
00024,,00024592501,,,01,5925,ADMELOG SO,3,XX,true,,,FFSU,2024
00024,4022.80,00024592501,18.00,64,01,5925,ADMELOG SO,3,XX,false,4040.80,555.000,MCOU,2024
00024,4424588.50,00024592505,6900.75,18218,05,5925,ADMELOG SO,3,XX,false,4431489.25,361550.000,FFSU,2024
00024,4187218.55,00024592505,15631.21,17980,05,5925,ADMELOG SO,3,XX,false,4202849.76,347914.000,MCOU,2024
00024,117855.98,00024592605,628.70,872,05,5926,ADMELOG VI,3,XX,false,118484.68,9130.910,FFSU,2024
00024,85976.12,00024592605,353399.07,4482,05,5926,ADMELOG VI,3,XX,false,439375.19,12445.643,MCOU,2024
00024,1832563.80,00024592410,9491.09,7016,10,5924,ADMELOG VI,2,XX,false,1842054.89,197959.650,FFSU,2024
00024,3031867.95,00024592410,15347.75,11879,10,5924,ADMELOG VI,2,XX,false,3047215.70,322322.770,MCOU,2024
00024,5317.39,00024592501,19.00,42,01,5925,ADMELOG SO,2,XX,false,5336.39,513.000,MCOU,2024
00024,3953276.40,00024592505,6375.10,16754,05,5925,ADMELOG SO,2,XX,false,3959651.50,326874.193,FFSU,2024
00024,4448020.31,00024592505,15234.65,19288,05,5925,ADMELOG SO,2,XX,false,4463254.96,366641.000,MCOU,2024
00024,124791.92,00024592605,2771.86,774,05,5926,ADMELOG VI,2,XX,false,127563.78,9638.720,FFSU,2024
00024,321195.67,00024592605,217635.14,3955,05,5926,ADMELOG VI,2,XX,false,538830.81,12241.534,MCOU,2024
00024,1923275.46,00024592410,8975.05,7117,10,5924,ADMELOG VI,1,XX,false,1932250.51,198104.900,FFSU,2024
00024,4338751.49,00024592410,11807.73,22661,10,5924,ADMELOG VI,1,XX,false,4350559.22,452844.180,MCOU,2024
00024,4571.56,00024592501,6.00,33,01,5925,ADMELOG SO,1,XX,false,4577.56,447.000,MCOU,2024
00024,4946510.96,00024592505,8053.21,20213,05,5925,ADMELOG SO,1,XX,false,4954564.17,392182.200,FFSU,2024
00024,5483192.21,00024592505,18568.32,23740,05,5925,ADMELOG SO,1,XX,false,5501760.53,447970.050,MCOU,2024
00024,148528.50,00024592605,44.87,770,05,5926,ADMELOG VI,1,XX,false,148573.37,11009.440,FFSU,2024
00024,247479.68,00024592605,191668.58,3140,05,5926,ADMELOG VI,1,XX,false,439148.26,12568.690,MCOU,2024
00088,119428.67,00088250033,2780.83,489,33,2500,APIDRA 10M,4,XX,false,122209.50,14605.000,FFSU,2024
00088,239335.89,00088250033,2431.23,976,33,2500,APIDRA 10M,4,XX,false,241767.12,30100.000,MCOU,2024
00088,336680.05,00088250205,3230.89,1524,05,2502,APIDRA 3ML,4,XX,false,339910.94,30540.100,FFSU,2024
00088,642420.62,00088250205,1496.26,2968,05,2502,APIDRA 3ML,4,XX,false,643916.88,61416.000,MCOU,2024
00088,156012.31,00088250033,3031.59,596,33,2500,APIDRA 10M,3,XX,false,159043.90,18605.000,FFSU,2024
00088,239779.99,00088250033,2573.59,1003,33,2500,APIDRA 10M,3,XX,false,242353.58,29630.000,MCOU,2024
00088,378907.93,00088250205,5589.41,1749,05,2502,APIDRA 3ML,3,XX,false,384497.34,34711.000,FFSU,2024
00088,666803.48,00088250205,2083.23,3106,05,2502,APIDRA 3ML,3,XX,false,668886.71,63523.000,MCOU,2024
00088,130236.78,00088250033,2079.85,544,33,2500,APIDRA 10M,2,XX,false,132316.63,15460.000,FFSU,2024
00088,235107.23,00088250033,3937.76,981,33,2500,APIDRA 10M,2,XX,false,239044.99,28922.000,MCOU,2024
00088,,00088250200,,,00,2502,APIDRA 3ML,2,XX,true,,,MCOU,2024
00088,355325.78,00088250205,2322.96,1619,05,2502,APIDRA 3ML,2,XX,false,357648.74,32709.000,FFSU,2024
00088,703866.61,00088250205,5682.10,3220,05,2502,APIDRA 3ML,2,XX,false,709548.71,66894.000,MCOU,2024
00088,206520.21,00088250033,2691.84,615,33,2500,APIDRA 10M,1,XX,false,209212.05,17130.000,FFSU,2024
00088,262152.27,00088250033,3849.25,1079,33,2500,APIDRA 10M,1,XX,false,266001.52,32015.000,MCOU,2024
00088,,00088250200,,,00,2502,APIDRA 3ML,1,XX,true,,,FFSU,2024
00088,546758.40,00088250205,3784.28,1804,05,2502,APIDRA 3ML,1,XX,false,550542.68,37254.000,FFSU,2024
00088,714845.88,00088250205,2422.56,3345,05,2502,APIDRA 3ML,1,XX,false,717268.44,67282.000,MCOU,2024
00002,2198291.46,00002773701,75611.71,30798,01,7737,INSULIN LI,4,XX,false,2273903.17,810512.410,FFSU,2024
00002,4551767.46,00002773701,324442.07,75341,01,7737,INSULIN LI,4,XX,false,4876209.53,1838298.622,MCOU,2024
00002,2975.43,00002775201,161.35,23,01,7752,INSULIN LI,4,XX,false,3136.78,482.000,MCOU,2024
00002,1235422.01,00002775205,31670.76,5934,05,7752,INSULIN LI,4,XX,false,1267092.77,117552.000,FFSU,2024
00002,2330888.71,00002775205,43654.52,13510,05,7752,INSULIN LI,4,XX,false,2374543.23,232602.400,MCOU,2024
00002,4947.19,00002822201,313.77,79,01,8222,INSULIN LI,4,XX,false,5260.96,411.000,FFSU,2024
00002,18796.92,00002822201,1135.76,233,01,8222,INSULIN LI,4,XX,false,19932.68,2049.000,MCOU,2024
00002,12777422.85,00002822259,155152.03,69944,59,8222,INSULIN LI,4,XX,false,12932574.88,1204928.950,FFSU,2024
00002,19713406.23,00002822259,195189.94,106660,59,8222,INSULIN LI,4,XX,false,19908596.17,1927251.436,MCOU,2024
00002,,00002823301,,,01,8233,INSULIN LI,4,XX,true,,,MCOU,2024
00002,470274.83,00002823305,4316.54,1776,05,8233,INSULIN LI,4,XX,false,474591.37,44211.000,FFSU,2024
00002,818571.49,00002823305,10536.15,3778,05,8233,INSULIN LI,4,XX,false,829107.64,85965.000,MCOU,2024
00338,11306.78,00338012612,136.83,188,12,0126,Insulin in,4,XX,false,11443.61,16038.000,FFSU,2024
00338,13349.18,00338012612,2768.64,568,12,0126,Insulin in,4,XX,false,16117.82,24655.000,MCOU,2024
00955,,00955172801,,,01,1728,INSULIN GL,4,XX,true,,,FFSU,2024
00955,6451.29,00955172801,0.00,47,01,1728,INSULIN GL,4,XX,false,6451.29,588.000,MCOU,2024
00955,343482.29,00955172805,430.94,2027,05,1728,INSULIN GL,4,XX,false,343913.23,29819.500,FFSU,2024
00955,159402.35,00955172805,504.70,953,05,1728,INSULIN GL,4,XX,false,159907.05,14249.100,MCOU,2024
00955,21667.15,00955172901,233.92,141,01,1729,INSULIN GL,4,XX,false,21901.07,1890.000,FFSU,2024
00955,25728.98,00955172901,590.53,289,01,1729,INSULIN GL,4,XX,false,26319.51,3863.150,MCOU,2024
00955,169569.05,00955290002,2921.59,446,02,2900,INSULIN GL,4,XX,false,172490.64,4561.500,FFSU,2024
00955,198034.50,00955290002,2321.38,554,02,2900,INSULIN GL,4,XX,false,200355.88,5652.000,MCOU,2024
00955,158407.09,00955390003,4166.35,611,03,3900,INSULIN GL,4,XX,false,162573.44,4242.000,FFSU,2024
00955,172993.12,00955390003,1832.51,689,03,3900,INSULIN GL,4,XX,false,174825.63,4761.750,MCOU,2024
49502,5121.22,49502039380,15.39,121,80,0393,Insulin Gl,4,XX,false,5136.61,618.240,FFSU,2024
49502,8553.86,49502039380,1481.63,239,80,0393,Insulin Gl,4,XX,false,10035.49,1390.250,MCOU,2024
49502,,49502039471,,,71,0394,Insulin Gl,4,XX,true,,,FFSU,2024
49502,2756.21,49502039471,47.00,56,71,0394,Insulin Gl,4,XX,false,2803.21,540.000,MCOU,2024
49502,82857.70,49502039475,185.98,682,75,0394,Insulin Gl,4,XX,false,83043.68,9228.300,FFSU,2024
49502,54817.87,49502039475,519.08,676,75,0394,Insulin Gl,4,XX,false,55336.95,9468.200,MCOU,2024
66733,,66733077301,,,01,0773,INSULIN LI,4,XX,true,,,MCOU,2024
66733,,66733082201,,,01,0822,INSULIN LI,4,XX,true,,,MCOU,2024
73070,2554223.24,73070010011,60985.39,12092,11,0100,INSULIN AS,4,XX,false,2615208.63,362942.840,FFSU,2024
73070,4911971.77,73070010011,114019.79,26056,11,0100,INSULIN AS,4,XX,false,5025991.56,738461.373,MCOU,2024
73070,,73070010210,,,10,0102,INSULIN AS,4,XX,true,,,MCOU,2024
73070,179166.10,73070010215,3778.22,866,15,0102,INSULIN AS,4,XX,false,182944.32,19867.000,FFSU,2024
73070,407165.46,73070010215,7187.11,2488,15,0102,INSULIN AS,4,XX,false,414352.57,49146.000,MCOU,2024
73070,5072.32,73070010310,14.50,69,10,0103,INSULIN AS,4,XX,false,5086.82,466.000,FFSU,2024
73070,9310.52,73070010310,9375.02,199,10,0103,INSULIN AS,4,XX,false,18685.54,1295.150,MCOU,2024
73070,5892375.62,73070010315,53852.48,32798,15,0103,INSULIN AS,4,XX,false,5946228.10,614226.180,FFSU,2024
73070,8405679.48,73070010315,61275.09,52670,15,0103,INSULIN AS,4,XX,false,8466954.57,952859.803,MCOU,2024
73070,70545.09,73070020011,176.68,415,11,0200,INSULIN AS,4,XX,false,70721.77,9491.000,FFSU,2024
73070,145837.02,73070020011,257.03,915,11,0200,INSULIN AS,4,XX,false,146094.05,21685.000,MCOU,2024
73070,,73070020310,,,10,0203,INSULIN AS,4,XX,true,,,FFSU,2024
73070,1449.67,73070020310,0.00,17,10,0203,INSULIN AS,4,XX,false,1449.67,168.000,MCOU,2024
73070,812425.71,73070020315,2182.09,3603,15,0203,INSULIN AS,4,XX,false,814607.80,84753.000,FFSU,2024
73070,859898.97,73070020315,3796.20,4612,15,0203,INSULIN AS,4,XX,false,863695.17,97600.000,MCOU,2024
73070,18556.22,73070040011,191.56,102,11,0400,INSULIN DE,4,XX,false,18747.78,1533.000,FFSU,2024
73070,70522.78,73070040011,3159.37,390,11,0400,INSULIN DE,4,XX,false,73682.15,6519.000,MCOU,2024
73070,601449.61,73070040315,10344.46,2984,15,0403,INSULIN DE,4,XX,false,611794.07,48162.000,FFSU,2024
73070,1351064.14,73070040315,13952.82,7857,15,0403,INSULIN DE,4,XX,false,1365016.96,122517.000,MCOU,2024
73070,504359.84,73070050315,4107.83,1614,15,0503,INSULIN DE,4,XX,false,508467.67,20901.000,FFSU,2024
73070,1341107.17,73070050315,11368.30,4673,15,0503,INSULIN DE,4,XX,false,1352475.47,60002.000,MCOU,2024
83257,828272.79,83257001411,27421.55,6186,11,0014,Insulin Gl,4,XX,false,855694.34,128690.250,FFSU,2024
83257,487563.53,83257001411,56350.25,7110,11,0014,Insulin Gl,4,XX,false,543913.78,92153.420,MCOU,2024
83257,391.18,83257001531,43.14,12,31,0015,Insulin Gl,4,XX,false,434.32,57.000,FFSU,2024
83257,4817.78,83257001531,7.00,92,31,0015,Insulin Gl,4,XX,false,4824.78,1143.000,MCOU,2024
83257,3424870.80,83257001532,75684.25,31201,32,0015,Insulin Gl,4,XX,false,3500555.05,513148.000,FFSU,2024
83257,4202868.18,83257001532,28924.81,45854,32,0015,Insulin Gl,4,XX,false,4231792.99,712102.050,MCOU,2024
00002,2405425.77,00002773701,80549.68,34388,01,7737,INSULIN LI,3,XX,false,2485975.45,882109.390,FFSU,2024
00002,4500649.37,00002773701,483810.93,75623,01,7737,INSULIN LI,3,XX,false,4984460.30,1807876.902,MCOU,2024
00002,1771.66,00002775201,3.00,20,01,7752,INSULIN LI,3,XX,false,1774.66,408.000,MCOU,2024
00002,1269545.20,00002775205,38928.98,6176,05,7752,INSULIN LI,3,XX,false,1308474.18,121485.000,FFSU,2024
00002,2224355.90,00002775205,43772.45,12902,05,7752,INSULIN LI,3,XX,false,2268128.35,219711.000,MCOU,2024
00002,3288.95,00002822201,33.99,57,01,8222,INSULIN LI,3,XX,false,3322.94,273.000,FFSU,2024
00002,10957.31,00002822201,817.25,172,01,8222,INSULIN LI,3,XX,false,11774.56,1119.510,MCOU,2024
00002,12618125.06,00002822259,171949.50,69250,59,8222,INSULIN LI,3,XX,false,12790074.56,1184466.350,FFSU,2024
00002,16486759.60,00002822259,205057.82,90657,59,8222,INSULIN LI,3,XX,false,16691817.42,1628950.600,MCOU,2024
00002,,00002823301,,,01,8233,INSULIN LI,3,XX,true,,,MCOU,2024
00002,518318.33,00002823305,2105.71,1990,05,8233,INSULIN LI,3,XX,false,520424.04,48921.000,FFSU,2024
00002,879833.24,00002823305,12129.59,3967,05,8233,INSULIN LI,3,XX,false,891962.83,86304.000,MCOU,2024
00338,10873.86,00338012612,64.57,194,12,0126,Insulin in,3,XX,false,10938.43,17034.000,FFSU,2024
00338,9693.17,00338012612,17196.80,516,12,0126,Insulin in,3,XX,false,26889.97,27929.000,MCOU,2024
00955,,00955172801,,,01,1728,INSULIN GL,3,XX,true,,,FFSU,2024
00955,5614.70,00955172801,0.00,48,01,1728,INSULIN GL,3,XX,false,5614.70,525.000,MCOU,2024
00955,504717.05,00955172805,1562.30,2981,05,1728,INSULIN GL,3,XX,false,506279.35,43882.500,FFSU,2024
00955,191711.66,00955172805,1654.04,1207,05,1728,INSULIN GL,3,XX,false,193365.70,17178.150,MCOU,2024
00955,37887.23,00955172901,662.97,243,01,1729,INSULIN GL,3,XX,false,38550.20,3337.550,FFSU,2024
00955,43833.41,00955172901,7691.47,397,01,1729,INSULIN GL,3,XX,false,51524.88,4202.500,MCOU,2024
00955,,00955290001,,,01,2900,INSULIN GL,3,XX,true,,,MCOU,2024
00955,139037.69,00955290002,527.91,350,02,2900,INSULIN GL,3,XX,false,139565.60,3681.000,FFSU,2024
00955,129243.80,00955290002,1769.49,404,02,2900,INSULIN GL,3,XX,false,131013.29,3648.000,MCOU,2024
00955,128440.05,00955390003,2296.58,512,03,3900,INSULIN GL,3,XX,false,130736.63,3408.000,FFSU,2024
00955,119139.55,00955390003,1293.36,513,03,3900,INSULIN GL,3,XX,false,120432.91,3334.500,MCOU,2024
49502,11631.72,49502039380,24.84,187,80,0393,Insulin Gl,3,XX,false,11656.56,1502.850,FFSU,2024
49502,16348.11,49502039380,73.39,434,80,0393,Insulin Gl,3,XX,false,16421.50,1948.290,MCOU,2024
49502,,49502039471,,,71,0394,Insulin Gl,3,XX,true,,,FFSU,2024
49502,4579.80,49502039471,53.00,75,71,0394,Insulin Gl,3,XX,false,4632.80,928.000,MCOU,2024
49502,153448.03,49502039475,587.81,1362,75,0394,Insulin Gl,3,XX,false,154035.84,19138.000,FFSU,2024
49502,91084.82,49502039475,1887.53,1112,75,0394,Insulin Gl,3,XX,false,92972.35,15696.050,MCOU,2024
66733,,66733077301,,,01,0773,INSULIN LI,3,XX,true,,,MCOU,2024
66733,,66733082201,,,01,0822,INSULIN LI,3,XX,true,,,FFSU,2024
66733,,66733082259,,,59,0822,INSULIN LI,3,XX,true,,,MCOU,2024
73070,2833440.02,73070010011,77651.44,13868,11,0100,INSULIN AS,3,XX,false,2911091.46,397828.080,FFSU,2024
73070,5481500.04,73070010011,133999.71,27583,11,0100,INSULIN AS,3,XX,false,5615499.75,812577.710,MCOU,2024
73070,,73070010210,,,10,0102,INSULIN AS,3,XX,true,,,MCOU,2024
73070,230828.08,73070010215,6082.68,1121,15,0102,INSULIN AS,3,XX,false,236910.76,25599.000,FFSU,2024
73070,418909.14,73070010215,12989.36,2455,15,0102,INSULIN AS,3,XX,false,431898.50,49929.000,MCOU,2024
73070,4890.21,73070010310,3.40,54,10,0103,INSULIN AS,3,XX,false,4893.61,461.100,FFSU,2024
73070,11279.08,73070010310,25982.98,212,10,0103,INSULIN AS,3,XX,false,37262.06,1628.150,MCOU,2024
73070,7208236.06,73070010315,53205.77,41203,15,0103,INSULIN AS,3,XX,false,7261441.83,759278.024,FFSU,2024
73070,8638398.33,73070010315,102260.26,53142,15,0103,INSULIN AS,3,XX,false,8740658.59,973827.114,MCOU,2024
73070,73229.11,73070020011,327.56,435,11,0200,INSULIN AS,3,XX,false,73556.67,9627.100,FFSU,2024
73070,157189.20,73070020011,703.57,983,11,0200,INSULIN AS,3,XX,false,157892.77,22821.300,MCOU,2024
73070,1248.48,73070020310,0.00,11,10,0203,INSULIN AS,3,XX,false,1248.48,147.000,MCOU,2024
73070,844462.12,73070020315,2775.61,3949,15,0203,INSULIN AS,3,XX,false,847237.73,89541.000,FFSU,2024
73070,988800.15,73070020315,3107.99,5187,15,0203,INSULIN AS,3,XX,false,991908.14,111248.000,MCOU,2024
73070,16617.31,73070040011,289.31,91,11,0400,INSULIN DE,3,XX,false,16906.62,1403.000,FFSU,2024
73070,58677.79,73070040011,1395.46,352,11,0400,INSULIN DE,3,XX,false,60073.25,5543.000,MCOU,2024
73070,545812.55,73070040315,8618.37,2758,15,0403,INSULIN DE,3,XX,false,554430.92,43965.000,FFSU,2024
73070,1314940.49,73070040315,12645.81,7516,15,0403,INSULIN DE,3,XX,false,1327586.30,117672.000,MCOU,2024
73070,626168.93,73070050315,6298.07,1921,15,0503,INSULIN DE,3,XX,false,632467.00,26319.000,FFSU,2024
73070,1449176.24,73070050315,17718.58,4876,15,0503,INSULIN DE,3,XX,false,1466894.82,65359.000,MCOU,2024
83257,862709.01,83257001411,31204.77,6644,11,0014,Insulin Gl,3,XX,false,893913.78,132212.750,FFSU,2024
83257,449590.24,83257001411,28927.13,6444,11,0014,Insulin Gl,3,XX,false,478517.37,84009.190,MCOU,2024
83257,,83257001531,,,31,0015,Insulin Gl,3,XX,true,,,FFSU,2024
83257,6497.08,83257001531,9.00,107,31,0015,Insulin Gl,3,XX,false,6506.08,1712.200,MCOU,2024
83257,3841988.75,83257001532,78662.93,35766,32,0015,Insulin Gl,3,XX,false,3920651.68,576821.600,FFSU,2024
83257,4484130.11,83257001532,32325.29,48305,32,0015,Insulin Gl,3,XX,false,4516455.40,752958.650,MCOU,2024
00002,1949403.34,00002773701,60081.17,28528,01,7737,INSULIN LI,2,XX,false,2009484.51,716876.200,FFSU,2024
00002,4286634.40,00002773701,175536.10,74242,01,7737,INSULIN LI,2,XX,false,4462170.50,1721062.172,MCOU,2024
00002,,00002775201,,,01,7752,INSULIN LI,2,XX,true,,,FFSU,2024
00002,946.71,00002775201,1.00,11,01,7752,INSULIN LI,2,XX,false,947.71,153.000,MCOU,2024
00002,1035633.42,00002775205,26561.74,5157,05,7752,INSULIN LI,2,XX,false,1062195.16,99267.000,FFSU,2024
00002,2123037.34,00002775205,45392.21,12319,05,7752,INSULIN LI,2,XX,false,2168429.55,208289.000,MCOU,2024
00002,4133.34,00002822201,10.33,62,01,8222,INSULIN LI,2,XX,false,4143.67,344.950,FFSU,2024
00002,19042.04,00002822201,25987.58,215,01,8222,INSULIN LI,2,XX,false,45029.62,2031.000,MCOU,2024
00002,11346076.92,00002822259,158671.30,62915,59,8222,INSULIN LI,2,XX,false,11504748.22,1067718.250,FFSU,2024
00002,18858888.17,00002822259,226089.95,101800,59,8222,INSULIN LI,2,XX,false,19084978.12,1848885.950,MCOU,2024
00002,,00002823301,,,01,8233,INSULIN LI,2,XX,true,,,FFSU,2024
00002,1788.96,00002823301,749.15,13,01,8233,INSULIN LI,2,XX,false,2538.11,228.000,MCOU,2024
00002,471119.72,00002823305,3742.41,1806,05,8233,INSULIN LI,2,XX,false,474862.13,44658.100,FFSU,2024
00002,914760.66,00002823305,14247.29,4032,05,8233,INSULIN LI,2,XX,false,929007.95,89466.000,MCOU,2024
00338,11418.64,00338012612,56.28,190,12,0126,Insulin in,2,XX,false,11474.92,22358.050,FFSU,2024
00338,32599.45,00338012612,3621.87,444,12,0126,Insulin in,2,XX,false,36221.32,26574.000,MCOU,2024
00955,,00955172801,,,01,1728,INSULIN GL,2,XX,true,,,FFSU,2024
00955,8870.60,00955172801,3.00,58,01,1728,INSULIN GL,2,XX,false,8873.60,795.000,MCOU,2024
00955,715728.71,00955172805,2325.80,4270,05,1728,INSULIN GL,2,XX,false,718054.51,62254.100,FFSU,2024
00955,381673.64,00955172805,7698.29,2548,05,1728,INSULIN GL,2,XX,false,389371.93,34652.000,MCOU,2024
00955,57196.33,00955172901,446.26,403,01,1729,INSULIN GL,2,XX,false,57642.59,4995.650,FFSU,2024
00955,90352.01,00955172901,1384.97,749,01,1729,INSULIN GL,2,XX,false,91736.98,8112.100,MCOU,2024
00955,,00955290001,,,01,2900,INSULIN GL,2,XX,true,,,MCOU,2024
00955,103699.67,00955290002,1082.89,240,02,2900,INSULIN GL,2,XX,false,104782.56,2805.000,FFSU,2024
00955,148003.19,00955290002,2334.87,378,02,2900,INSULIN GL,2,XX,false,150338.06,4143.000,MCOU,2024
00955,78579.82,00955390003,1608.89,299,03,3900,INSULIN GL,2,XX,false,80188.71,2125.000,FFSU,2024
00955,76298.62,00955390003,2108.91,331,03,3900,INSULIN GL,2,XX,false,78407.53,2190.000,MCOU,2024
49502,26362.87,49502039380,225.46,412,80,0393,Insulin Gl,2,XX,false,26588.33,3793.400,FFSU,2024
49502,26841.46,49502039380,797.52,674,80,0393,Insulin Gl,2,XX,false,27638.98,4742.980,MCOU,2024
49502,,49502039471,,,71,0394,Insulin Gl,2,XX,true,,,FFSU,2024
49502,5533.05,49502039471,36.00,87,71,0394,Insulin Gl,2,XX,false,5569.05,1515.100,MCOU,2024
49502,303261.14,49502039475,1529.01,2714,75,0394,Insulin Gl,2,XX,false,304790.15,38353.000,FFSU,2024
49502,187105.86,49502039475,6617.06,2286,75,0394,Insulin Gl,2,XX,false,193722.92,33728.400,MCOU,2024
66733,,66733077301,,,01,0773,INSULIN LI,2,XX,true,,,MCOU,2024
66733,,66733082259,,,59,0822,INSULIN LI,2,XX,true,,,MCOU,2024
73070,2442346.92,73070010011,65724.75,12300,11,0100,INSULIN AS,2,XX,false,2508071.67,343379.910,FFSU,2024
73070,4975788.24,73070010011,151677.76,25412,11,0100,INSULIN AS,2,XX,false,5127466.00,736551.814,MCOU,2024
73070,,73070010210,,,10,0102,INSULIN AS,2,XX,true,,,MCOU,2024
73070,213492.33,73070010215,4928.91,1089,15,0102,INSULIN AS,2,XX,false,218421.24,23829.000,FFSU,2024
73070,426908.69,73070010215,14665.53,2525,15,0102,INSULIN AS,2,XX,false,441574.22,51000.000,MCOU,2024
73070,5541.52,73070010310,37.31,67,10,0103,INSULIN AS,2,XX,false,5578.83,537.000,FFSU,2024
73070,9907.14,73070010310,1314.93,158,10,0103,INSULIN AS,2,XX,false,11222.07,1225.250,MCOU,2024
73070,6872186.57,73070010315,61488.49,39096,15,0103,INSULIN AS,2,XX,false,6933675.06,726699.667,FFSU,2024
73070,8483256.87,73070010315,137920.06,52052,15,0103,INSULIN AS,2,XX,false,8621176.93,956698.326,MCOU,2024
73070,63877.85,73070020011,912.56,401,11,0200,INSULIN AS,2,XX,false,64790.41,8722.240,FFSU,2024
73070,136690.74,73070020011,541.70,897,11,0200,INSULIN AS,2,XX,false,137232.44,19940.280,MCOU,2024
73070,,73070020310,,,10,0203,INSULIN AS,2,XX,true,,,MCOU,2024
73070,827443.10,73070020315,4723.15,3840,15,0203,INSULIN AS,2,XX,false,832166.25,88126.000,FFSU,2024
73070,1032679.67,73070020315,4865.22,5373,15,0203,INSULIN AS,2,XX,false,1037544.89,117479.000,MCOU,2024
73070,18532.45,73070040011,357.34,83,11,0400,INSULIN DE,2,XX,false,18889.79,1560.000,FFSU,2024
73070,54359.15,73070040011,780.20,311,11,0400,INSULIN DE,2,XX,false,55139.35,4861.000,MCOU,2024
73070,457118.01,73070040315,7578.68,2347,15,0403,INSULIN DE,2,XX,false,464696.69,36612.000,FFSU,2024
73070,1071591.93,73070040315,12966.34,6318,15,0403,INSULIN DE,2,XX,false,1084558.27,96351.000,MCOU,2024
73070,575779.19,73070050315,7861.39,1839,15,0503,INSULIN DE,2,XX,false,583640.58,24306.000,FFSU,2024
73070,1359617.39,73070050315,20226.91,4733,15,0503,INSULIN DE,2,XX,false,1379844.30,61362.000,MCOU,2024
83257,587228.93,83257001411,21363.04,4817,11,0014,Insulin Gl,2,XX,false,608591.97,88951.000,FFSU,2024
83257,409298.34,83257001411,17018.75,6002,11,0014,Insulin Gl,2,XX,false,426317.09,76171.470,MCOU,2024
83257,966.31,83257001531,49.63,26,31,0015,Insulin Gl,2,XX,false,1015.94,168.000,FFSU,2024
83257,5954.28,83257001531,35.68,112,31,0015,Insulin Gl,2,XX,false,5989.96,1220.000,MCOU,2024
83257,3036426.60,83257001532,45049.24,28395,32,0015,Insulin Gl,2,XX,false,3081475.84,446279.600,FFSU,2024
83257,4415891.03,83257001532,41846.56,47886,32,0015,Insulin Gl,2,XX,false,4457737.59,741217.500,MCOU,2024
00002,2160235.18,00002773701,64320.08,31458,01,7737,INSULIN LI,1,XX,false,2224555.26,791387.278,FFSU,2024
00002,3638369.39,00002773701,92642.28,61522,01,7737,INSULIN LI,1,XX,false,3731011.67,1465279.981,MCOU,2024
00002,,00002775201,,,01,7752,INSULIN LI,1,XX,true,,,FFSU,2024
00002,1137.28,00002775201,0.00,11,01,7752,INSULIN LI,1,XX,false,1137.28,123.000,MCOU,2024
00002,1070177.81,00002775205,31318.82,5348,05,7752,INSULIN LI,1,XX,false,1101496.63,102580.100,FFSU,2024
00002,2091825.99,00002775205,34839.91,12227,05,7752,INSULIN LI,1,XX,false,2126665.90,205545.000,MCOU,2024
00002,4392.65,00002822201,0.00,53,01,8222,INSULIN LI,1,XX,false,4392.65,312.000,FFSU,2024
00002,11360.74,00002822201,1040.18,131,01,8222,INSULIN LI,1,XX,false,12400.92,1134.250,MCOU,2024
00002,11368806.51,00002822259,152581.01,64125,59,8222,INSULIN LI,1,XX,false,11521387.52,1068517.500,FFSU,2024
00002,18768286.10,00002822259,200080.54,101990,59,8222,INSULIN LI,1,XX,false,18968366.64,1839151.600,MCOU,2024
00002,,00002823301,,,01,8233,INSULIN LI,1,XX,true,,,MCOU,2024
00002,477250.10,00002823305,5563.17,1890,05,8233,INSULIN LI,1,XX,false,482813.27,45345.000,FFSU,2024
00002,955455.95,00002823305,13299.28,4307,05,8233,INSULIN LI,1,XX,false,968755.23,99177.000,MCOU,2024
00338,8577.09,00338012612,301.18,170,12,0126,Insulin in,1,XX,false,8878.27,15420.000,FFSU,2024
00338,72066.27,00338012612,12497.82,543,12,0126,Insulin in,1,XX,false,84564.09,35181.000,MCOU,2024
00955,,00955172801,,,01,1728,INSULIN GL,1,XX,true,,,FFSU,2024
00955,14051.63,00955172801,6.00,88,01,1728,INSULIN GL,1,XX,false,14057.63,1396.000,MCOU,2024
00955,2339001.62,00955172805,8118.26,14089,05,1728,INSULIN GL,1,XX,false,2347119.88,203531.920,FFSU,2024
00955,1538240.73,00955172805,10090.52,11379,05,1728,INSULIN GL,1,XX,false,1548331.25,140131.000,MCOU,2024
00955,271691.59,00955172901,2423.28,1945,01,1729,INSULIN GL,1,XX,false,274114.87,23868.800,FFSU,2024
00955,418301.34,00955172901,3354.26,2853,01,1729,INSULIN GL,1,XX,false,421655.60,33566.050,MCOU,2024
00955,16146.22,00955290002,0.00,35,02,2900,INSULIN GL,1,XX,false,16146.22,429.000,FFSU,2024
00955,24377.58,00955290002,193.38,91,02,2900,INSULIN GL,1,XX,false,24570.96,750.000,MCOU,2024
00955,10034.16,00955390003,0.00,32,03,3900,INSULIN GL,1,XX,false,10034.16,270.000,FFSU,2024
00955,13872.34,00955390003,879.52,62,03,3900,INSULIN GL,1,XX,false,14751.86,402.000,MCOU,2024
49502,175521.45,49502039380,3180.94,1696,80,0393,Insulin Gl,1,XX,false,178702.39,20166.590,FFSU,2024
49502,140194.89,49502039380,3005.46,2278,80,0393,Insulin Gl,1,XX,false,143200.35,26455.660,MCOU,2024
49502,,49502039471,,,71,0394,Insulin Gl,1,XX,true,,,FFSU,2024
49502,11569.75,49502039471,0.00,140,71,0394,Insulin Gl,1,XX,false,11569.75,1624.900,MCOU,2024
49502,2080604.14,49502039475,35944.59,16975,75,0394,Insulin Gl,1,XX,false,2116548.73,272521.200,FFSU,2024
49502,2259031.28,49502039475,13487.43,24437,75,0394,Insulin Gl,1,XX,false,2272518.71,370797.000,MCOU,2024
66733,,66733077301,,,01,0773,INSULIN LI,1,XX,true,,,MCOU,2024
66733,,66733082259,,,59,0822,INSULIN LI,1,XX,true,,,MCOU,2024
73070,2797929.97,73070010011,124206.16,12467,11,0100,INSULIN AS,1,XX,false,2922136.13,337299.450,FFSU,2024
73070,4789012.87,73070010011,144009.94,25068,11,0100,INSULIN AS,1,XX,false,4933022.81,700919.720,MCOU,2024
73070,,73070010210,,,10,0102,INSULIN AS,1,XX,true,,,MCOU,2024
73070,243336.59,73070010215,8201.58,1106,15,0102,INSULIN AS,1,XX,false,251538.17,24159.000,FFSU,2024
73070,464412.83,73070010215,14657.93,2795,15,0102,INSULIN AS,1,XX,false,479070.76,55440.000,MCOU,2024
73070,2459.04,73070010310,179.82,27,10,0103,INSULIN AS,1,XX,false,2638.86,243.000,FFSU,2024
73070,11477.48,73070010310,17251.46,185,10,0103,INSULIN AS,1,XX,false,28728.94,1303.100,MCOU,2024
73070,6894819.79,73070010315,94961.71,35389,15,0103,INSULIN AS,1,XX,false,6989781.50,641371.200,FFSU,2024
73070,9146947.00,73070010315,91651.32,54950,15,0103,INSULIN AS,1,XX,false,9238598.32,1015460.366,MCOU,2024
73070,108146.58,73070020011,458.85,578,11,0200,INSULIN AS,1,XX,false,108605.43,12463.300,FFSU,2024
73070,215034.22,73070020011,754.82,1292,11,0200,INSULIN AS,1,XX,false,215789.04,30800.000,MCOU,2024
73070,,73070020310,,,10,0203,INSULIN AS,1,XX,true,,,MCOU,2024
73070,947947.82,73070020315,4850.72,3732,15,0203,INSULIN AS,1,XX,false,952798.54,85323.000,FFSU,2024
73070,1027315.78,73070020315,6764.95,5404,15,0203,INSULIN AS,1,XX,false,1034080.73,115139.100,MCOU,2024
73070,13647.47,73070040011,106.34,64,11,0400,INSULIN DE,1,XX,false,13753.81,1120.000,FFSU,2024
73070,40217.06,73070040011,676.48,233,11,0400,INSULIN DE,1,XX,false,40893.54,3640.000,MCOU,2024
73070,470221.40,73070040315,9416.89,2369,15,0403,INSULIN DE,1,XX,false,479638.29,37626.000,FFSU,2024
73070,803531.72,73070040315,8723.87,4899,15,0403,INSULIN DE,1,XX,false,812255.59,72027.000,MCOU,2024
73070,514242.72,73070050315,5920.76,1612,15,0503,INSULIN DE,1,XX,false,520163.48,21777.000,FFSU,2024
73070,1018688.10,73070050315,8607.33,3598,15,0503,INSULIN DE,1,XX,false,1027295.43,45561.000,MCOU,2024
83257,311037.81,83257001411,15827.30,2437,11,0014,Insulin Gl,1,XX,false,326865.11,48882.350,FFSU,2024
83257,306391.49,83257001411,1616.84,4323,11,0014,Insulin Gl,1,XX,false,308008.33,54371.162,MCOU,2024
83257,1459.44,83257001531,0.00,21,31,0015,Insulin Gl,1,XX,false,1459.44,292.000,MCOU,2024
83257,816654.12,83257001532,13150.50,7870,32,0015,Insulin Gl,1,XX,false,829804.62,119857.000,FFSU,2024
83257,2408208.39,83257001532,8074.27,25585,32,0015,Insulin Gl,1,XX,false,2416282.66,398743.250,MCOU,2024
00169,1129500.51,00169320111,164424.01,1405,11,3201,FIASP VIAL,4,XX,false,1293924.52,46876.000,FFSU,2025
00169,1589202.99,00169320111,159523.39,1957,11,3201,FIASP VIAL,4,XX,false,1748726.38,63990.000,MCOU,2025
00169,1337951.03,00169320415,138574.96,1758,15,3204,FIASP FLEX,4,XX,false,1476525.99,40407.000,FFSU,2025
00169,1443018.41,00169320415,72430.78,1910,15,3204,FIASP FLEX,4,XX,false,1515449.19,42498.000,MCOU,2025
00169,83528.46,00169320515,9819.62,125,15,3205,FIASP PENF,4,XX,false,93348.08,2673.000,FFSU,2025
00169,84044.82,00169320515,11207.98,136,15,3205,FIASP PENF,4,XX,false,95252.80,2832.000,MCOU,2025
00169,,00169320611,,,11,3206,FIASP PUMP,4,XX,true,,,MCOU,2025
00169,868933.72,00169320615,31716.64,887,15,3206,FIASP PUMP,4,XX,false,900650.36,26172.000,FFSU,2025
00169,692294.06,00169320615,32428.77,818,15,3206,FIASP PUMP,4,XX,false,724722.83,21332.000,MCOU,2025
00169,1130195.84,00169320111,204380.16,1453,11,3201,FIASP VIAL,3,XX,false,1334576.00,48400.000,FFSU,2025
00169,1567813.01,00169320111,192228.71,1960,11,3201,FIASP VIAL,3,XX,false,1760041.72,64366.050,MCOU,2025
00169,1471979.41,00169320415,169882.43,1993,15,3204,FIASP FLEX,3,XX,false,1641861.84,45331.000,FFSU,2025
00169,1377164.57,00169320415,114244.91,1891,15,3204,FIASP FLEX,3,XX,false,1491409.48,42204.000,MCOU,2025
00169,,00169320511,,,11,3205,FIASP PENF,3,XX,true,,,FFSU,2025
00169,87958.86,00169320515,9079.68,121,15,3205,FIASP PENF,3,XX,false,97038.54,2760.000,FFSU,2025
00169,104088.46,00169320515,10111.69,156,15,3205,FIASP PENF,3,XX,false,114200.15,3336.000,MCOU,2025
00169,744559.62,00169320615,18751.21,769,15,3206,FIASP PUMP,3,XX,false,763310.83,22303.900,FFSU,2025
00169,590784.85,00169320615,33829.05,708,15,3206,FIASP PUMP,3,XX,false,624613.90,18432.000,MCOU,2025
00169,953811.25,00169320111,200691.84,1273,11,3201,FIASP VIAL,2,XX,false,1154503.09,42213.000,FFSU,2025
00169,1426101.65,00169320111,186307.93,1838,11,3201,FIASP VIAL,2,XX,false,1612409.58,58950.550,MCOU,2025
00169,1122730.26,00169320415,145286.12,1599,15,3204,FIASP FLEX,2,XX,false,1268016.38,35421.000,FFSU,2025
00169,1281050.00,00169320415,104063.82,1807,15,3204,FIASP FLEX,2,XX,false,1385113.82,39133.100,MCOU,2025
00169,,00169320511,,,11,3205,FIASP PENF,2,XX,true,,,FFSU,2025
00169,56927.82,00169320515,6617.75,92,15,3205,FIASP PENF,2,XX,false,63545.57,1821.000,FFSU,2025
00169,63238.96,00169320515,8123.27,106,15,3205,FIASP PENF,2,XX,false,71362.23,2097.000,MCOU,2025
00169,562614.87,00169320615,33092.62,608,15,3206,FIASP PUMP,2,XX,false,595707.49,17381.300,FFSU,2025
00169,479850.92,00169320615,29478.25,575,15,3206,FIASP PUMP,2,XX,false,509329.17,15206.400,MCOU,2025
00169,861625.98,00169320111,174819.90,1178,11,3201,FIASP VIAL,1,XX,false,1036445.88,37618.100,FFSU,2025
00169,1249162.90,00169320111,155490.23,1646,11,3201,FIASP VIAL,1,XX,false,1404653.13,50679.150,MCOU,2025
00169,1040192.11,00169320415,147602.92,1535,15,3204,FIASP FLEX,1,XX,false,1187795.03,32781.000,FFSU,2025
00169,1066112.36,00169320415,110472.70,1547,15,3204,FIASP FLEX,1,XX,false,1176585.06,33229.000,MCOU,2025
00169,,00169320511,,,11,3205,FIASP PENF,1,XX,true,,,FFSU,2025
00169,111427.19,00169320515,16781.75,165,15,3205,FIASP PENF,1,XX,false,128208.94,3750.000,FFSU,2025
00169,90307.88,00169320515,7537.06,143,15,3205,FIASP PENF,1,XX,false,97844.94,2982.000,MCOU,2025
00169,363141.89,00169320615,25885.09,417,15,3206,FIASP PUMP,1,XX,false,389026.98,11515.300,FFSU,2025
00169,341345.42,00169320615,19931.31,435,15,3206,FIASP PUMP,1,XX,false,361276.73,10830.400,MCOU,2025
00002,717375.82,00002772801,69615.69,832,01,7728,LYUMJEV   ,4,XX,false,786991.51,29900.000,FFSU,2025
00002,1102153.94,00002772801,59696.96,1384,01,7728,LYUMJEV   ,4,XX,false,1161850.90,44430.100,MCOU,2025
00002,404925.48,00002820705,35222.23,615,05,8207,LYUMJEV KW,4,XX,false,440147.71,12855.000,FFSU,2025
00002,551641.26,00002820705,21144.92,817,05,8207,LYUMJEV KW,4,XX,false,572786.18,17127.000,MCOU,2025
00002,394384.13,00002822827,22034.40,206,27,8228,LYUMJEV KW,4,XX,false,416418.53,6146.000,FFSU,2025
00002,407067.09,00002822827,26649.32,231,27,8228,LYUMJEV KW,4,XX,false,433716.41,6411.000,MCOU,2025
00002,15922.52,00002823505,0.00,17,05,8235,LYUMJEV TE,4,XX,false,15922.52,465.000,FFSU,2025
00002,,00002823505,,,05,8235,LYUMJEV TE,4,XX,true,,,MCOU,2025
00002,751820.24,00002772801,90206.69,895,01,7728,LYUMJEV   ,3,XX,false,842026.93,32130.000,FFSU,2025
00002,958354.85,00002772801,59483.62,1271,01,7728,LYUMJEV   ,3,XX,false,1017838.47,39365.000,MCOU,2025
00002,,00002820701,,,01,8207,LYUMJEV KW,3,XX,true,,,MCOU,2025
00002,459298.79,00002820705,29352.73,654,05,8207,LYUMJEV KW,3,XX,false,488651.52,14274.000,FFSU,2025
00002,561535.29,00002820705,26068.22,823,05,8207,LYUMJEV KW,3,XX,false,587603.51,17424.000,MCOU,2025
00002,342740.32,00002822827,27300.32,203,27,8228,LYUMJEV KW,3,XX,false,370040.64,5460.000,FFSU,2025
00002,367091.68,00002822827,32694.02,209,27,8228,LYUMJEV KW,3,XX,false,399785.70,5781.000,MCOU,2025
00002,9799.46,00002823505,0.00,13,05,8235,LYUMJEV TE,3,XX,false,9799.46,300.000,FFSU,2025
00002,,00002823505,,,05,8235,LYUMJEV TE,3,XX,true,,,MCOU,2025
00002,675159.26,00002772801,105274.49,772,01,7728,LYUMJEV   ,2,XX,false,780433.75,29540.000,FFSU,2025
00002,936699.31,00002772801,77299.88,1257,01,7728,LYUMJEV   ,2,XX,false,1013999.19,39080.000,MCOU,2025
00002,,00002820701,,,01,8207,LYUMJEV KW,2,XX,true,,,MCOU,2025
00002,405854.08,00002820705,23198.32,571,05,8207,LYUMJEV KW,2,XX,false,429052.40,12492.000,FFSU,2025
00002,543056.10,00002820705,27658.71,779,05,8207,LYUMJEV KW,2,XX,false,570714.81,17085.050,MCOU,2025
00002,285728.08,00002822827,8678.17,146,27,8228,LYUMJEV KW,2,XX,false,294406.25,4338.000,FFSU,2025
00002,334117.60,00002822827,21136.84,200,27,8228,LYUMJEV KW,2,XX,false,355254.44,5355.000,MCOU,2025
00002,12301.14,00002823505,0.00,13,05,8235,LYUMJEV TE,2,XX,false,12301.14,360.000,FFSU,2025
00002,8966.17,00002823505,0.00,14,05,8235,LYUMJEV TE,2,XX,false,8966.17,270.000,MCOU,2025
00002,639880.62,00002772801,93208.99,743,01,7728,LYUMJEV   ,1,XX,false,733089.61,27780.000,FFSU,2025
00002,928748.12,00002772801,80067.88,1250,01,7728,LYUMJEV   ,1,XX,false,1008816.00,38545.020,MCOU,2025
00002,420396.28,00002820705,23999.37,572,05,8207,LYUMJEV KW,1,XX,false,444395.65,12948.050,FFSU,2025
00002,496480.08,00002820705,50318.73,757,05,8207,LYUMJEV KW,1,XX,false,546798.81,16225.200,MCOU,2025
00002,304252.17,00002822827,20163.94,162,27,8228,LYUMJEV KW,1,XX,false,324416.11,4824.000,FFSU,2025
00002,338155.69,00002822827,21737.44,211,27,8228,LYUMJEV KW,1,XX,false,359893.13,5208.000,MCOU,2025
00002,17043.92,00002823505,0.00,17,05,8235,LYUMJEV TE,1,XX,false,17043.92,495.000,FFSU,2025
00002,20615.12,00002823505,1019.74,31,05,8235,LYUMJEV TE,1,XX,false,21634.86,639.000,MCOU,2025
00169,203729.37,00169210011,9361.11,1137,11,2100,NOVOLOG 10,4,XX,false,213090.48,37530.000,FFSU,2025
00169,339538.01,00169210011,11530.57,2016,11,2100,NOVOLOG 10,4,XX,false,351068.58,60920.000,MCOU,2025
00169,,00169210112,,,12,2101,NOVOLOG FP,4,XX,true,,,MCOU,2025
00169,340129.71,00169210125,13482.63,3151,25,2101,NOVOLOG FP,4,XX,false,353612.34,64513.000,FFSU,2025
00169,601186.34,00169210125,5360.77,5703,25,2101,NOVOLOG FP,4,XX,false,606547.11,108878.000,MCOU,2025
00169,10721.92,00169220011,160.04,78,11,2200,NOVOLOG MI,4,XX,false,10881.96,1860.000,FFSU,2025
00169,12056.50,00169220011,0.00,54,11,2200,NOVOLOG MI,4,XX,false,12056.50,2090.000,MCOU,2025
00169,23424.42,00169220125,645.16,151,25,2201,NOVOLOG MI,4,XX,false,24069.58,4197.000,FFSU,2025
00169,43573.29,00169220125,35.83,326,25,2201,NOVOLOG MI,4,XX,false,43609.12,7833.000,MCOU,2025
00169,95513.82,00169330312,17634.75,552,12,3303,NOVOLOG PE,4,XX,false,113148.57,11432.400,FFSU,2025
00169,144375.63,00169330312,36956.16,957,12,3303,NOVOLOG PE,4,XX,false,181331.79,21207.000,MCOU,2025
00169,25313.61,00169368512,667.17,148,12,3685,NOVOLOG MI,4,XX,false,25980.78,3535.500,FFSU,2025
00169,21653.80,00169368512,508.40,140,12,3685,NOVOLOG MI,4,XX,false,22162.20,3275.362,MCOU,2025
00169,282092.31,00169369619,3596.82,1223,19,3696,NOVOLOG MI,4,XX,false,285689.13,29446.000,FFSU,2025
00169,225321.07,00169369619,6271.50,1096,19,3696,NOVOLOG MI,4,XX,false,231592.57,26095.050,MCOU,2025
00169,2675857.76,00169633910,165011.00,15056,10,6339,NOVOLOG FL,4,XX,false,2840868.76,281083.118,FFSU,2025
00169,2888810.90,00169633910,209967.43,17531,10,6339,NOVOLOG FL,4,XX,false,3098778.33,345652.950,MCOU,2025
00169,1532823.80,00169750111,366988.02,7988,11,7501,NOVOLOG 10,4,XX,false,1899811.82,260273.365,FFSU,2025
00169,1876827.64,00169750111,411012.69,11007,11,7501,NOVOLOG 10,4,XX,false,2287840.33,339126.770,MCOU,2025
00169,191163.44,00169210011,8263.30,1050,11,2100,NOVOLOG 10,3,XX,false,199426.74,34330.000,FFSU,2025
00169,323870.81,00169210011,13892.59,1972,11,2100,NOVOLOG 10,3,XX,false,337763.40,58475.000,MCOU,2025
00169,342655.90,00169210125,13617.80,2883,25,2101,NOVOLOG FP,3,XX,false,356273.70,60291.000,FFSU,2025
00169,571885.70,00169210125,10848.26,5496,25,2101,NOVOLOG FP,3,XX,false,582733.96,104201.000,MCOU,2025
00169,13127.16,00169220011,244.64,77,11,2200,NOVOLOG MI,3,XX,false,13371.80,2090.000,FFSU,2025
00169,14454.59,00169220011,0.00,58,11,2200,NOVOLOG MI,3,XX,false,14454.59,2500.000,MCOU,2025
00169,32734.63,00169220125,1038.52,198,25,2201,NOVOLOG MI,3,XX,false,33773.15,5088.000,FFSU,2025
00169,61202.96,00169220125,223.70,436,25,2201,NOVOLOG MI,3,XX,false,61426.66,11028.000,MCOU,2025
00169,95064.91,00169330312,17484.72,538,12,3303,NOVOLOG PE,3,XX,false,112549.63,12262.800,FFSU,2025
00169,192587.13,00169330312,39289.10,1263,12,3303,NOVOLOG PE,3,XX,false,231876.23,27141.500,MCOU,2025
00169,38285.88,00169368512,252.83,220,12,3685,NOVOLOG MI,3,XX,false,38538.71,5215.000,FFSU,2025
00169,25431.79,00169368512,86.94,178,12,3685,NOVOLOG MI,3,XX,false,25518.73,4189.000,MCOU,2025
00169,341743.37,00169369619,5540.03,1454,19,3696,NOVOLOG MI,3,XX,false,347283.40,35063.000,FFSU,2025
00169,268297.08,00169369619,7992.50,1285,19,3696,NOVOLOG MI,3,XX,false,276289.58,30699.000,MCOU,2025
00169,3101433.20,00169633910,185430.36,16893,10,6339,NOVOLOG FL,3,XX,false,3286863.56,318720.869,FFSU,2025
00169,3622905.74,00169633910,250314.98,21728,10,6339,NOVOLOG FL,3,XX,false,3873220.72,430420.130,MCOU,2025
00169,1623868.53,00169750111,425627.88,8898,11,7501,NOVOLOG 10,3,XX,false,2049496.41,279414.505,FFSU,2025
00169,2389816.85,00169750111,458602.66,13239,11,7501,NOVOLOG 10,3,XX,false,2848419.51,424469.470,MCOU,2025
00169,185537.36,00169210011,12487.19,1065,11,2100,NOVOLOG 10,2,XX,false,198024.55,33860.000,FFSU,2025
00169,413156.08,00169210011,13317.09,2531,11,2100,NOVOLOG 10,2,XX,false,426473.17,74220.300,MCOU,2025
00169,394397.46,00169210125,16634.81,3183,25,2101,NOVOLOG FP,2,XX,false,411032.27,67599.000,FFSU,2025
00169,645225.41,00169210125,7160.82,6282,25,2101,NOVOLOG FP,2,XX,false,652386.23,116292.000,MCOU,2025
00169,13842.00,00169220011,130.32,77,11,2200,NOVOLOG MI,2,XX,false,13972.32,2140.000,FFSU,2025
00169,16317.16,00169220011,0.00,71,11,2200,NOVOLOG MI,2,XX,false,16317.16,2820.000,MCOU,2025
00169,38262.46,00169220125,743.32,211,25,2201,NOVOLOG MI,2,XX,false,39005.78,5535.000,FFSU,2025
00169,65458.71,00169220125,141.82,503,25,2201,NOVOLOG MI,2,XX,false,65600.53,11757.000,MCOU,2025
00169,148172.12,00169330312,28849.57,865,12,3303,NOVOLOG PE,2,XX,false,177021.69,18545.100,FFSU,2025
00169,233894.93,00169330312,43286.34,1460,12,3303,NOVOLOG PE,2,XX,false,277181.27,32388.000,MCOU,2025
00169,49960.55,00169368512,1439.34,288,12,3685,NOVOLOG MI,2,XX,false,51399.89,7020.300,FFSU,2025
00169,32030.02,00169368512,304.26,206,12,3685,NOVOLOG MI,2,XX,false,32334.28,4862.300,MCOU,2025
00169,369967.61,00169369619,11124.20,1646,19,3696,NOVOLOG MI,2,XX,false,381091.81,38692.383,FFSU,2025
00169,364851.06,00169369619,13617.73,1736,19,3696,NOVOLOG MI,2,XX,false,378468.79,41952.100,MCOU,2025
00169,4122524.29,00169633910,238441.78,22407,10,6339,NOVOLOG FL,2,XX,false,4360966.07,429548.224,FFSU,2025
00169,4833963.83,00169633910,342599.62,29056,10,6339,NOVOLOG FL,2,XX,false,5176563.45,568595.630,MCOU,2025
00169,1924494.46,00169750111,438096.66,10479,11,7501,NOVOLOG 10,2,XX,false,2362591.12,326948.405,FFSU,2025
00169,2863654.63,00169750111,453119.38,15632,11,7501,NOVOLOG 10,2,XX,false,3316774.01,477907.000,MCOU,2025
00169,211677.72,00169210011,8061.26,1191,11,2100,NOVOLOG 10,1,XX,false,219738.98,37060.000,FFSU,2025
00169,422687.59,00169210011,13286.88,2616,11,2100,NOVOLOG 10,1,XX,false,435974.47,75407.000,MCOU,2025
00169,433593.92,00169210125,17224.71,3455,25,2101,NOVOLOG FP,1,XX,false,450818.63,72369.000,FFSU,2025
00169,802276.19,00169210125,11784.16,7774,25,2101,NOVOLOG FP,1,XX,false,814060.35,145515.000,MCOU,2025
00169,16419.55,00169220011,196.84,102,11,2200,NOVOLOG MI,1,XX,false,16616.39,2570.000,FFSU,2025
00169,18038.65,00169220011,0.00,94,11,2200,NOVOLOG MI,1,XX,false,18038.65,3120.000,MCOU,2025
00169,38727.50,00169220125,523.99,226,25,2201,NOVOLOG MI,1,XX,false,39251.49,5601.000,FFSU,2025
00169,68301.04,00169220125,70.91,561,25,2201,NOVOLOG MI,1,XX,false,68371.95,12237.000,MCOU,2025
00169,192557.25,00169330312,29644.73,1074,12,3303,NOVOLOG PE,1,XX,false,222201.98,23453.100,FFSU,2025
00169,264629.41,00169330312,43136.83,1684,12,3303,NOVOLOG PE,1,XX,false,307766.24,35768.450,MCOU,2025
00169,58328.40,00169368512,1468.36,314,12,3685,NOVOLOG MI,1,XX,false,59796.76,7886.000,FFSU,2025
00169,47153.62,00169368512,1019.04,296,12,3685,NOVOLOG MI,1,XX,false,48172.66,6901.000,MCOU,2025
00169,437176.86,00169369619,15604.82,1876,19,3696,NOVOLOG MI,1,XX,false,452781.68,46378.000,FFSU,2025
00169,380523.37,00169369619,16934.79,1873,19,3696,NOVOLOG MI,1,XX,false,397458.16,44271.810,MCOU,2025
00169,3945527.64,00169633910,241708.53,20635,10,6339,NOVOLOG FL,1,XX,false,4187236.17,407717.927,FFSU,2025
00169,4892069.59,00169633910,322087.61,29305,10,6339,NOVOLOG FL,1,XX,false,5214157.20,573395.900,MCOU,2025
00169,2273107.97,00169750111,410942.43,11960,11,7501,NOVOLOG 10,1,XX,false,2684050.40,370173.290,FFSU,2025
00169,3153604.19,00169750111,484024.49,17568,11,7501,NOVOLOG 10,1,XX,false,3637628.68,517818.840,MCOU,2025
00002,3614673.19,00002751001,230472.05,19188,01,7510,HUMALOG   ,4,XX,false,3845145.24,580889.060,FFSU,2025
00002,4842161.08,00002751001,295353.56,34771,01,7510,HUMALOG   ,4,XX,false,5137514.64,759449.132,MCOU,2025
00002,2758.59,00002751017,316.44,233,17,7510,HUMALOG   ,4,XX,false,3075.03,253.100,FFSU,2025
00002,1859.95,00002751017,356.69,334,17,7510,HUMALOG   ,4,XX,false,2216.64,365.920,MCOU,2025
00002,107434.81,00002751101,1727.23,523,01,7511,HUMALOG MI,4,XX,false,109162.04,12731.790,FFSU,2025
00002,263513.88,00002751101,1735.13,1344,01,7511,HUMALOG MI,4,XX,false,265249.01,31620.720,MCOU,2025
00002,,00002751201,,,01,7512,HUMALOG MI,4,XX,true,,,FFSU,2025
00002,,00002751201,,,01,7512,HUMALOG MI,4,XX,true,,,MCOU,2025
00002,,00002751601,,,01,7516,HUMALOG   ,4,XX,true,,,MCOU,2025
00002,335891.28,00002751659,21110.63,1463,59,7516,HUMALOG   ,4,XX,false,357001.91,34913.000,FFSU,2025
00002,390789.02,00002751659,16374.75,1740,59,7516,HUMALOG   ,4,XX,false,407163.77,40086.850,MCOU,2025
00002,1560.98,00002753301,3167.24,153,01,7533,HUMALOG   ,4,XX,false,4728.22,149.390,FFSU,2025
00002,3636.89,00002753301,2216.61,350,01,7533,HUMALOG   ,4,XX,false,5853.50,1966.306,MCOU,2025
00002,16360.40,00002771201,0.00,15,01,7712,HUMALOG KW,4,XX,false,16360.40,231.000,MCOU,2025
00002,6547846.81,00002771227,187864.18,4449,27,7712,HUMALOG KW,4,XX,false,6735710.99,98901.050,FFSU,2025
00002,13014827.10,00002771227,316239.49,8134,27,7712,HUMALOG KW,4,XX,false,13331066.59,195312.175,MCOU,2025
00002,,00002771401,,,01,7714,HUMALOG KW,4,XX,true,,,FFSU,2025
00002,1714.04,00002771401,35.34,30,01,7714,HUMALOG KW,4,XX,false,1749.38,717.200,MCOU,2025
00002,1058478.98,00002771459,59341.47,4837,59,7714,HUMALOG KW,4,XX,false,1117820.45,104955.000,FFSU,2025
00002,792905.20,00002771459,45237.76,4589,59,7714,HUMALOG KW,4,XX,false,838142.96,81903.050,MCOU,2025
00002,11481.82,00002821305,381.37,61,05,8213,HUMALOG TE,4,XX,false,11863.19,1050.000,FFSU,2025
00002,10005.21,00002821305,166.71,68,05,8213,HUMALOG TE,4,XX,false,10171.92,957.000,MCOU,2025
00002,311.66,00002879701,0.61,11,01,8797,HUMALOG MI,4,XX,false,312.27,41.600,MCOU,2025
00002,327332.89,00002879759,6831.61,1273,59,8797,HUMALOG MI,4,XX,false,334164.50,31473.230,FFSU,2025
00002,310205.61,00002879759,9115.64,1220,59,8797,HUMALOG MI,4,XX,false,319321.25,30282.462,MCOU,2025
00002,,00002879801,,,01,8798,HUMALOG MI,4,XX,true,,,MCOU,2025
00002,122685.55,00002879859,467.28,483,59,8798,HUMALOG MI,4,XX,false,123152.83,11643.000,FFSU,2025
00002,148610.41,00002879859,49.00,618,59,8798,HUMALOG MI,4,XX,false,148659.41,14337.200,MCOU,2025
00002,,00002879901,,,01,8799,HUMALOG KW,4,XX,true,,,FFSU,2025
00002,4595.22,00002879901,1896.49,140,01,8799,HUMALOG KW,4,XX,false,6491.71,839.510,MCOU,2025
00002,6062782.25,00002879959,246257.31,29834,59,8799,HUMALOG KW,4,XX,false,6309039.56,586581.750,FFSU,2025
00002,3647690.30,00002879959,138060.43,19255,59,8799,HUMALOG KW,4,XX,false,3785750.73,364843.200,MCOU,2025
00002,4944234.77,00002751001,323294.64,25221,01,7510,HUMALOG   ,3,XX,false,5267529.41,801984.820,FFSU,2025
00002,5192665.02,00002751001,225247.57,37140,01,7510,HUMALOG   ,3,XX,false,5417912.59,820977.230,MCOU,2025
00002,7279.43,00002751017,111.77,231,17,7510,HUMALOG   ,3,XX,false,7391.20,444.360,FFSU,2025
00002,1209.86,00002751017,449.70,703,17,7510,HUMALOG   ,3,XX,false,1659.56,653.060,MCOU,2025
00002,141813.38,00002751101,2946.92,702,01,7511,HUMALOG MI,3,XX,false,144760.30,16893.500,FFSU,2025
00002,295408.73,00002751101,1988.81,1530,01,7511,HUMALOG MI,3,XX,false,297397.54,35135.270,MCOU,2025
00002,,00002751201,,,01,7512,HUMALOG MI,3,XX,true,,,FFSU,2025
00002,,00002751201,,,01,7512,HUMALOG MI,3,XX,true,,,MCOU,2025
00002,,00002751601,,,01,7516,HUMALOG   ,3,XX,true,,,FFSU,2025
00002,,00002751601,,,01,7516,HUMALOG   ,3,XX,true,,,MCOU,2025
00002,369909.47,00002751659,21478.29,1578,59,7516,HUMALOG   ,3,XX,false,391387.76,38289.100,FFSU,2025
00002,437279.25,00002751659,25676.87,1980,59,7516,HUMALOG   ,3,XX,false,462956.12,46396.750,MCOU,2025
00002,2610.88,00002753301,94.79,149,01,7533,HUMALOG   ,3,XX,false,2705.67,439.350,FFSU,2025
00002,3633.26,00002753301,29882.79,480,01,7533,HUMALOG   ,3,XX,false,33516.05,3548.003,MCOU,2025
00002,,00002771201,,,01,7712,HUMALOG KW,3,XX,true,,,MCOU,2025
00002,6348818.66,00002771227,195884.64,4444,27,7712,HUMALOG KW,3,XX,false,6544703.30,95880.000,FFSU,2025
00002,12353645.69,00002771227,391230.58,7894,27,7712,HUMALOG KW,3,XX,false,12744876.27,187068.025,MCOU,2025
00002,1088.30,00002771401,0.00,20,01,7714,HUMALOG KW,3,XX,false,1088.30,168.000,MCOU,2025
00002,1095842.84,00002771459,61355.39,5122,59,7714,HUMALOG KW,3,XX,false,1157198.23,108279.000,FFSU,2025
00002,841833.91,00002771459,52779.05,4887,59,7714,HUMALOG KW,3,XX,false,894612.96,86994.050,MCOU,2025
00002,14231.25,00002821305,375.83,72,05,8213,HUMALOG TE,3,XX,false,14607.08,1263.000,FFSU,2025
00002,10005.03,00002821305,166.71,53,05,8213,HUMALOG TE,3,XX,false,10171.74,849.000,MCOU,2025
00002,369.31,00002879701,621.80,17,01,8797,HUMALOG MI,3,XX,false,991.11,117.650,MCOU,2025
00002,391638.97,00002879759,10940.33,1480,59,8797,HUMALOG MI,3,XX,false,402579.30,37956.160,FFSU,2025
00002,350230.56,00002879759,11909.32,1415,59,8797,HUMALOG MI,3,XX,false,362139.88,35109.066,MCOU,2025
00002,133517.11,00002879859,1072.79,509,59,8798,HUMALOG MI,3,XX,false,134589.90,12732.000,FFSU,2025
00002,148927.72,00002879859,1623.36,615,59,8798,HUMALOG MI,3,XX,false,150551.08,14517.300,MCOU,2025
00002,2161.29,00002879901,28.47,14,01,8799,HUMALOG KW,3,XX,false,2189.76,54.350,FFSU,2025
00002,3687.96,00002879901,298.94,164,01,8799,HUMALOG KW,3,XX,false,3986.90,1539.490,MCOU,2025
00002,7053644.53,00002879959,305274.24,34421,59,8799,HUMALOG KW,3,XX,false,7358918.77,685060.930,FFSU,2025
00002,4267697.12,00002879959,165585.31,22088,59,8799,HUMALOG KW,3,XX,false,4433282.43,426912.050,MCOU,2025
00002,5283110.13,00002751001,341137.09,28774,01,7510,HUMALOG   ,2,XX,false,5624247.22,846396.170,FFSU,2025
00002,7456066.18,00002751001,245511.97,49924,01,7510,HUMALOG   ,2,XX,false,7701578.15,1182891.910,MCOU,2025
00002,5739.83,00002751017,389.50,289,17,7510,HUMALOG   ,2,XX,false,6129.33,527.570,FFSU,2025
00002,5126.80,00002751017,20867.07,774,17,7510,HUMALOG   ,2,XX,false,25993.87,627.690,MCOU,2025
00002,168673.73,00002751101,1501.27,832,01,7511,HUMALOG MI,2,XX,false,170175.00,19851.300,FFSU,2025
00002,346673.88,00002751101,3016.80,1768,01,7511,HUMALOG MI,2,XX,false,349690.68,41083.180,MCOU,2025
00002,,00002751201,,,01,7512,HUMALOG MI,2,XX,true,,,FFSU,2025
00002,,00002751201,,,01,7512,HUMALOG MI,2,XX,true,,,MCOU,2025
00002,,00002751601,,,01,7516,HUMALOG   ,2,XX,true,,,MCOU,2025
00002,374487.47,00002751659,30778.02,1670,59,7516,HUMALOG   ,2,XX,false,405265.49,39423.500,FFSU,2025
00002,465747.70,00002751659,24497.55,2102,59,7516,HUMALOG   ,2,XX,false,490245.25,49455.350,MCOU,2025
00002,5982.15,00002753301,59.93,189,01,7533,HUMALOG   ,2,XX,false,6042.08,793.680,FFSU,2025
00002,8206.19,00002753301,113973.07,722,01,7533,HUMALOG   ,2,XX,false,122179.26,3444.559,MCOU,2025
00002,,00002771201,,,01,7712,HUMALOG KW,2,XX,true,,,MCOU,2025
00002,5378471.31,00002771227,223811.62,3768,27,7712,HUMALOG KW,2,XX,false,5602282.93,82126.275,FFSU,2025
00002,11497754.59,00002771227,392687.20,7528,27,7712,HUMALOG KW,2,XX,false,11890441.79,174741.050,MCOU,2025
00002,1086.45,00002771401,0.00,16,01,7714,HUMALOG KW,2,XX,false,1086.45,201.050,MCOU,2025
00002,1133303.28,00002771459,70044.90,5557,59,7714,HUMALOG KW,2,XX,false,1203348.18,112389.000,FFSU,2025
00002,1064587.33,00002771459,49020.52,6050,59,7714,HUMALOG KW,2,XX,false,1113607.85,107955.050,MCOU,2025
00002,12951.09,00002821305,14.60,64,05,8213,HUMALOG TE,2,XX,false,12965.69,1035.000,FFSU,2025
00002,11349.93,00002821305,166.71,59,05,8213,HUMALOG TE,2,XX,false,11516.64,1110.000,MCOU,2025
00002,,00002879701,,,01,8797,HUMALOG MI,2,XX,true,,,MCOU,2025
00002,383952.45,00002879759,9384.09,1438,59,8797,HUMALOG MI,2,XX,false,393336.54,37162.724,FFSU,2025
00002,583537.88,00002879759,15945.69,2345,59,8797,HUMALOG MI,2,XX,false,599483.57,57889.000,MCOU,2025
00002,116247.32,00002879859,930.33,460,59,8798,HUMALOG MI,2,XX,false,117177.65,11073.000,FFSU,2025
00002,157776.73,00002879859,2641.08,646,59,8798,HUMALOG MI,2,XX,false,160417.81,15552.000,MCOU,2025
00002,9595.69,00002879901,2.00,60,01,8799,HUMALOG KW,2,XX,false,9597.69,744.050,FFSU,2025
00002,10469.51,00002879901,13324.89,200,01,8799,HUMALOG KW,2,XX,false,23794.40,1331.670,MCOU,2025
00002,6517311.76,00002879959,257160.39,32746,59,8799,HUMALOG KW,2,XX,false,6774472.15,629808.050,FFSU,2025
00002,6263107.15,00002879959,182934.51,32763,59,8799,HUMALOG KW,2,XX,false,6446041.66,617711.850,MCOU,2025
00002,5855016.40,00002751001,358862.70,31126,01,7510,HUMALOG   ,1,XX,false,6213879.10,931140.960,FFSU,2025
00002,7877532.41,00002751001,378244.86,52860,01,7510,HUMALOG   ,1,XX,false,8255777.27,1246982.815,MCOU,2025
00002,10116.17,00002751017,2654.04,361,17,7510,HUMALOG   ,1,XX,false,12770.21,528.210,FFSU,2025
00002,6009.90,00002751017,34837.75,1221,17,7510,HUMALOG   ,1,XX,false,40847.65,973.054,MCOU,2025
00002,196125.35,00002751101,4543.91,890,01,7511,HUMALOG MI,1,XX,false,200669.26,21960.700,FFSU,2025
00002,352699.00,00002751101,3444.31,1861,01,7511,HUMALOG MI,1,XX,false,356143.31,42155.430,MCOU,2025
00002,,00002751201,,,01,7512,HUMALOG MI,1,XX,true,,,MCOU,2025
00002,,00002751601,,,01,7516,HUMALOG   ,1,XX,true,,,FFSU,2025
00002,,00002751601,,,01,7516,HUMALOG   ,1,XX,true,,,MCOU,2025
00002,400649.77,00002751659,27412.33,1760,59,7516,HUMALOG   ,1,XX,false,428062.10,41646.000,FFSU,2025
00002,488337.45,00002751659,32129.43,2284,59,7516,HUMALOG   ,1,XX,false,520466.88,52333.150,MCOU,2025
00002,8043.21,00002753301,136.48,269,01,7533,HUMALOG   ,1,XX,false,8179.69,957.350,FFSU,2025
00002,22503.97,00002753301,95353.28,1020,01,7533,HUMALOG   ,1,XX,false,117857.25,4813.901,MCOU,2025
00002,,00002771201,,,01,7712,HUMALOG KW,1,XX,true,,,FFSU,2025
00002,,00002771201,,,01,7712,HUMALOG KW,1,XX,true,,,MCOU,2025
00002,5085310.75,00002771227,236516.98,3685,27,7712,HUMALOG KW,1,XX,false,5321827.73,78249.125,FFSU,2025
00002,10150436.33,00002771227,354576.87,6781,27,7712,HUMALOG KW,1,XX,false,10505013.20,154017.025,MCOU,2025
00002,,00002771401,,,01,7714,HUMALOG KW,1,XX,true,,,FFSU,2025
00002,488.36,00002771401,126.57,18,01,7714,HUMALOG KW,1,XX,false,614.93,228.300,MCOU,2025
00002,1216294.17,00002771459,70134.51,6044,59,7714,HUMALOG KW,1,XX,false,1286428.68,120153.000,FFSU,2025
00002,1153001.55,00002771459,49834.03,6606,59,7714,HUMALOG KW,1,XX,false,1202835.58,116724.150,MCOU,2025
00002,13751.43,00002821305,395.18,68,05,8213,HUMALOG TE,1,XX,false,14146.61,1236.000,FFSU,2025
00002,12336.12,00002821305,817.89,57,05,8213,HUMALOG TE,1,XX,false,13154.01,1287.000,MCOU,2025
00002,,00002879701,,,01,8797,HUMALOG MI,1,XX,true,,,MCOU,2025
00002,400802.04,00002879759,10458.02,1535,59,8797,HUMALOG MI,1,XX,false,411260.06,38697.994,FFSU,2025
00002,578807.71,00002879759,25379.60,2310,59,8797,HUMALOG MI,1,XX,false,604187.31,57894.850,MCOU,2025
00002,,00002879801,,,01,8798,HUMALOG MI,1,XX,true,,,MCOU,2025
00002,141085.56,00002879859,49.40,511,59,8798,HUMALOG MI,1,XX,false,141134.96,13353.000,FFSU,2025
00002,160997.14,00002879859,3753.02,669,59,8798,HUMALOG MI,1,XX,false,164750.16,15786.200,MCOU,2025
00002,18419.32,00002879901,804.83,135,01,8799,HUMALOG KW,1,XX,false,19224.15,1687.250,FFSU,2025
00002,13144.45,00002879901,4780.19,218,01,8799,HUMALOG KW,1,XX,false,17924.64,2339.410,MCOU,2025
00002,7115563.16,00002879959,281018.70,35594,59,8799,HUMALOG KW,1,XX,false,7396581.86,688442.000,FFSU,2025
00002,7159375.39,00002879959,256768.02,36190,59,8799,HUMALOG KW,1,XX,false,7416143.41,707320.800,MCOU,2025
00024,766578.16,00024592410,8365.15,3179,10,5924,ADMELOG VI,4,XX,false,774943.31,95430.000,FFSU,2025
00024,1728189.19,00024592410,9320.62,6388,10,5924,ADMELOG VI,4,XX,false,1737509.81,183457.330,MCOU,2025
00024,4830.76,00024592501,16.00,27,01,5925,ADMELOG SO,4,XX,false,4846.76,405.000,MCOU,2025
00024,2043077.77,00024592505,2310.88,8942,05,5925,ADMELOG SO,4,XX,false,2045388.65,182357.000,FFSU,2025
00024,2510955.32,00024592505,7910.74,10722,05,5925,ADMELOG SO,4,XX,false,2518866.06,206153.400,MCOU,2025
00024,51620.29,00024592605,571.99,1072,05,5926,ADMELOG VI,4,XX,false,52192.28,4611.720,FFSU,2025
00024,76690.64,00024592605,319329.85,6704,05,5926,ADMELOG VI,4,XX,false,396020.49,17462.375,MCOU,2025
00024,939032.59,00024592410,9460.19,3960,10,5924,ADMELOG VI,3,XX,false,948492.78,115954.700,FFSU,2025
00024,1823738.62,00024592410,10710.71,6825,10,5924,ADMELOG VI,3,XX,false,1834449.33,194835.970,MCOU,2025
00024,,00024592501,,,01,5925,ADMELOG SO,3,XX,true,,,FFSU,2025
00024,2456.01,00024592501,12.00,32,01,5925,ADMELOG SO,3,XX,false,2468.01,315.000,MCOU,2025
00024,2467939.20,00024592505,2198.61,10749,05,5925,ADMELOG SO,3,XX,false,2470137.81,218947.000,FFSU,2025
00024,2673025.42,00024592505,15663.01,11352,05,5925,ADMELOG SO,3,XX,false,2688688.43,219492.600,MCOU,2025
00024,71116.73,00024592605,3771.72,1111,05,5926,ADMELOG VI,3,XX,false,74888.45,6208.290,FFSU,2025
00024,78272.69,00024592605,354058.25,6557,05,5926,ADMELOG VI,3,XX,false,432330.94,17988.457,MCOU,2025
00024,796363.38,00024592410,11498.59,3548,10,5924,ADMELOG VI,2,XX,false,807861.97,102923.650,FFSU,2025
00024,1926143.70,00024592410,23277.07,7304,10,5924,ADMELOG VI,2,XX,false,1949420.77,205657.700,MCOU,2025
00024,2717.03,00024592501,19.00,34,01,5925,ADMELOG SO,2,XX,false,2736.03,291.000,MCOU,2025
00024,2132822.32,00024592505,1666.68,9733,05,5925,ADMELOG SO,2,XX,false,2134489.00,195858.000,FFSU,2025
00024,2824942.66,00024592505,11002.45,12013,05,5925,ADMELOG SO,2,XX,false,2835945.11,232091.000,MCOU,2025
00024,62084.83,00024592605,588.64,1064,05,5926,ADMELOG VI,2,XX,false,62673.47,5792.106,FFSU,2025
00024,77807.86,00024592605,450167.46,7011,05,5926,ADMELOG VI,2,XX,false,527975.32,19039.486,MCOU,2025
00024,1207304.97,00024592410,10455.25,4500,10,5924,ADMELOG VI,1,XX,false,1217760.22,129506.000,FFSU,2025
00024,2070239.19,00024592410,61566.54,7989,10,5924,ADMELOG VI,1,XX,false,2131805.73,220878.200,MCOU,2025
00024,3051.73,00024592501,22.00,33,01,5925,ADMELOG SO,1,XX,false,3073.73,345.000,MCOU,2025
00024,3007971.68,00024592505,3081.63,12406,05,5925,ADMELOG SO,1,XX,false,3011053.31,244852.000,FFSU,2025
00024,3176354.18,00024592505,22404.65,13495,05,5925,ADMELOG SO,1,XX,false,3198758.83,260231.000,MCOU,2025
00024,80834.21,00024592605,4421.05,927,05,5926,ADMELOG VI,1,XX,false,85255.26,6851.570,FFSU,2025
00024,83314.56,00024592605,588987.76,7167,05,5926,ADMELOG VI,1,XX,false,672302.32,16814.356,MCOU,2025
00088,96135.22,00088250033,1689.42,352,33,2500,APIDRA 10M,4,XX,false,97824.64,11590.000,FFSU,2025
00088,162644.07,00088250033,3487.71,610,33,2500,APIDRA 10M,4,XX,false,166131.78,20180.000,MCOU,2025
00088,,00088250200,,,00,2502,APIDRA 3ML,4,XX,true,,,FFSU,2025
00088,253227.61,00088250205,1397.59,1127,05,2502,APIDRA 3ML,4,XX,false,254625.20,23244.000,FFSU,2025
00088,460417.58,00088250205,662.05,2000,05,2502,APIDRA 3ML,4,XX,false,461079.63,43452.250,MCOU,2025
00088,130084.76,00088250033,2457.02,489,33,2500,APIDRA 10M,3,XX,false,132541.78,15750.000,FFSU,2025
00088,198508.30,00088250033,3616.20,760,33,2500,APIDRA 10M,3,XX,false,202124.50,24710.000,MCOU,2025
00088,332804.63,00088250205,1641.56,1539,05,2502,APIDRA 3ML,3,XX,false,334446.19,30303.000,FFSU,2025
00088,531897.01,00088250205,1943.39,2333,05,2502,APIDRA 3ML,3,XX,false,533840.40,50286.050,MCOU,2025
00088,117045.74,00088250033,3222.64,449,33,2500,APIDRA 10M,2,XX,false,120268.38,14270.000,FFSU,2025
00088,195052.19,00088250033,4287.30,801,33,2500,APIDRA 10M,2,XX,false,199339.49,24490.000,MCOU,2025
00088,317065.06,00088250205,2452.78,1501,05,2502,APIDRA 3ML,2,XX,false,319517.84,28998.000,FFSU,2025
00088,571307.37,00088250205,3189.96,2616,05,2502,APIDRA 3ML,2,XX,false,574497.33,54198.000,MCOU,2025
00088,135962.59,00088250033,2719.47,505,33,2500,APIDRA 10M,1,XX,false,138682.06,16355.100,FFSU,2025
00088,208129.51,00088250033,3406.21,856,33,2500,APIDRA 10M,1,XX,false,211535.72,26030.000,MCOU,2025
00088,,00088250200,,,00,2502,APIDRA 3ML,1,XX,true,,,MCOU,2025
00088,338714.42,00088250205,1530.37,1531,05,2502,APIDRA 3ML,1,XX,false,340244.79,30939.000,FFSU,2025
00088,603348.78,00088250205,2076.14,2725,05,2502,APIDRA 3ML,1,XX,false,605424.92,57297.050,MCOU,2025
00002,3848023.64,00002773701,109659.64,51147,01,7737,INSULIN LI,4,XX,false,3957683.28,1440067.740,FFSU,2025
00002,6773627.35,00002773701,147349.05,101165,01,7737,INSULIN LI,4,XX,false,6920976.40,2724017.370,MCOU,2025
00002,,00002775201,,,01,7752,INSULIN LI,4,XX,true,,,FFSU,2025
00002,8967.67,00002775201,0.00,44,01,7752,INSULIN LI,4,XX,false,8967.67,900.000,MCOU,2025
00002,1827894.84,00002775205,50134.84,9433,05,7752,INSULIN LI,4,XX,false,1878029.68,173343.000,FFSU,2025
00002,3112247.27,00002775205,36708.54,17077,05,7752,INSULIN LI,4,XX,false,3148955.81,303739.000,MCOU,2025
00002,4152.17,00002822201,381.43,61,01,8222,INSULIN LI,4,XX,false,4533.60,286.650,FFSU,2025
00002,17259.26,00002822201,5.00,214,01,8222,INSULIN LI,4,XX,false,17264.26,3472.550,MCOU,2025
00002,17332092.28,00002822259,184871.15,93862,59,8222,INSULIN LI,4,XX,false,17516963.43,1641407.400,FFSU,2025
00002,27140371.84,00002822259,193771.65,140640,59,8222,INSULIN LI,4,XX,false,27334143.49,2637533.450,MCOU,2025
00002,,00002823301,,,01,8233,INSULIN LI,4,XX,true,,,FFSU,2025
00002,,00002823301,,,01,8233,INSULIN LI,4,XX,true,,,MCOU,2025
00002,432501.37,00002823305,2813.55,1707,05,8233,INSULIN LI,4,XX,false,435314.92,40419.000,FFSU,2025
00002,905621.51,00002823305,2419.29,3977,05,8233,INSULIN LI,4,XX,false,908040.80,88044.850,MCOU,2025
00338,8070.34,00338012612,89.07,156,12,0126,Insulin in,4,XX,false,8159.41,13499.000,FFSU,2025
00338,12043.88,00338012612,10428.84,428,12,0126,Insulin in,4,XX,false,22472.72,22771.000,MCOU,2025
00955,,00955172801,,,01,1728,INSULIN GL,4,XX,true,,,MCOU,2025
00955,109666.15,00955172805,0.00,754,05,1728,INSULIN GL,4,XX,false,109666.15,10885.600,FFSU,2025
00955,14698.60,00955172805,24.00,84,05,1728,INSULIN GL,4,XX,false,14722.60,1206.000,MCOU,2025
00955,6211.59,00955172901,1.50,59,01,1729,INSULIN GL,4,XX,false,6213.09,587.000,FFSU,2025
00955,3085.24,00955172901,0.00,91,01,1729,INSULIN GL,4,XX,false,3085.24,443.430,MCOU,2025
00955,,00955290001,,,01,2900,INSULIN GL,4,XX,true,,,MCOU,2025
00955,338303.74,00955290002,4458.64,928,02,2900,INSULIN GL,4,XX,false,342762.38,9084.000,FFSU,2025
00955,588337.08,00955290002,2088.94,1557,02,2900,INSULIN GL,4,XX,false,590426.02,16306.500,MCOU,2025
00955,,00955390001,,,01,3900,INSULIN GL,4,XX,true,,,MCOU,2025
00955,233428.17,00955390003,965.44,918,03,3900,INSULIN GL,4,XX,false,234393.61,6120.000,FFSU,2025
00955,429441.58,00955390003,1741.90,1694,03,3900,INSULIN GL,4,XX,false,431183.48,11860.500,MCOU,2025
49502,987.15,49502039380,0.00,28,80,0393,Insulin Gl,4,XX,false,987.15,67.000,FFSU,2025
49502,1917.94,49502039380,5.00,59,80,0393,Insulin Gl,4,XX,false,1922.94,261.800,MCOU,2025
49502,1160.79,49502039471,6.00,17,71,0394,Insulin Gl,4,XX,false,1166.79,210.000,MCOU,2025
49502,3387.42,49502039475,63.32,37,75,0394,Insulin Gl,4,XX,false,3450.74,504.000,FFSU,2025
49502,11540.55,49502039475,39.00,142,75,0394,Insulin Gl,4,XX,false,11579.55,1911.050,MCOU,2025
66733,,66733082201,,,01,0822,INSULIN LI,4,XX,true,,,MCOU,2025
72572,,72572042205,,,05,0422,INSULIN GL,4,XX,true,,,MCOU,2025
73070,3737058.13,73070010011,84332.99,17550,11,0100,INSULIN AS,4,XX,false,3821391.12,523205.250,FFSU,2025
73070,7877819.10,73070010011,127736.04,37974,11,0100,INSULIN AS,4,XX,false,8005555.14,1149054.150,MCOU,2025
73070,,73070010210,,,10,0102,INSULIN AS,4,XX,true,,,MCOU,2025
73070,209340.57,73070010215,6932.84,1068,15,0102,INSULIN AS,4,XX,false,216273.41,23307.000,FFSU,2025
73070,377693.19,73070010215,8295.09,2137,15,0102,INSULIN AS,4,XX,false,385988.28,45486.000,MCOU,2025
73070,1347.63,73070010310,5.38,21,10,0103,INSULIN AS,4,XX,false,1353.01,109.600,FFSU,2025
73070,11780.24,73070010310,113.45,133,10,0103,INSULIN AS,4,XX,false,11893.69,1297.000,MCOU,2025
73070,6145983.28,73070010315,70873.17,35930,15,0103,INSULIN AS,4,XX,false,6216856.45,644179.570,FFSU,2025
73070,11407628.53,73070010315,55646.60,69020,15,0103,INSULIN AS,4,XX,false,11463275.13,1261385.728,MCOU,2025
73070,73938.22,73070020011,489.40,504,11,0200,INSULIN AS,4,XX,false,74427.62,9940.440,FFSU,2025
73070,135800.48,73070020011,47.74,857,11,0200,INSULIN AS,4,XX,false,135848.22,19701.550,MCOU,2025
73070,,73070020310,,,10,0203,INSULIN AS,4,XX,true,,,FFSU,2025
73070,1063.26,73070020310,0.00,11,10,0203,INSULIN AS,4,XX,false,1063.26,135.000,MCOU,2025
73070,791310.82,73070020315,2662.52,3531,15,0203,INSULIN AS,4,XX,false,793973.34,82563.000,FFSU,2025
73070,897587.57,73070020315,1118.90,4524,15,0203,INSULIN AS,4,XX,false,898706.47,100350.000,MCOU,2025
73070,14768.03,73070040011,412.61,86,11,0400,INSULIN DE,4,XX,false,15180.64,1279.000,FFSU,2025
73070,72630.70,73070040011,1823.09,407,11,0400,INSULIN DE,4,XX,false,74453.79,6429.150,MCOU,2025
73070,,73070040310,,,10,0403,INSULIN DE,4,XX,true,,,MCOU,2025
73070,452799.84,73070040315,10222.44,2533,15,0403,INSULIN DE,4,XX,false,463022.28,38448.000,FFSU,2025
73070,1248381.67,73070040315,14825.21,6996,15,0403,INSULIN DE,4,XX,false,1263206.88,108276.000,MCOU,2025
73070,541059.64,73070050315,3791.37,1802,15,0503,INSULIN DE,4,XX,false,544851.01,22959.000,FFSU,2025
73070,1308894.53,73070050315,10872.12,4289,15,0503,INSULIN DE,4,XX,false,1319766.65,58008.000,MCOU,2025
83257,986322.46,83257001411,36822.76,6480,11,0014,Insulin Gl,4,XX,false,1023145.22,162582.400,FFSU,2025
83257,448378.70,83257001411,17072.79,6392,11,0014,Insulin Gl,4,XX,false,465451.49,88187.840,MCOU,2025
83257,367.44,83257001531,0.00,11,31,0015,Insulin Gl,4,XX,false,367.44,45.000,FFSU,2025
83257,4080.21,83257001531,23.00,68,31,0015,Insulin Gl,4,XX,false,4103.21,1456.000,MCOU,2025
83257,3322426.56,83257001532,108520.21,29800,32,0015,Insulin Gl,4,XX,false,3430946.77,522624.600,FFSU,2025
83257,2806783.67,83257001532,40094.34,31540,32,0015,Insulin Gl,4,XX,false,2846878.01,477438.200,MCOU,2025
00002,3466421.23,00002773701,154514.13,47409,01,7737,INSULIN LI,3,XX,false,3620935.36,1287317.410,FFSU,2025
00002,6317990.76,00002773701,239254.19,97186,01,7737,INSULIN LI,3,XX,false,6557244.95,2568913.686,MCOU,2025
00002,,00002775201,,,01,7752,INSULIN LI,3,XX,true,,,FFSU,2025
00002,7611.39,00002775201,0.00,48,01,7752,INSULIN LI,3,XX,false,7611.39,936.000,MCOU,2025
00002,1897308.33,00002775205,48453.21,9583,05,7752,INSULIN LI,3,XX,false,1945761.54,180246.350,FFSU,2025
00002,3002026.19,00002775205,41845.61,16781,05,7752,INSULIN LI,3,XX,false,3043871.80,296114.000,MCOU,2025
00002,5180.33,00002822201,22.33,62,01,8222,INSULIN LI,3,XX,false,5202.66,408.050,FFSU,2025
00002,14684.28,00002822201,647.45,187,01,8222,INSULIN LI,3,XX,false,15331.73,2360.100,MCOU,2025
00002,17964019.80,00002822259,195953.91,97018,59,8222,INSULIN LI,3,XX,false,18159973.71,1684358.800,FFSU,2025
00002,26786425.78,00002822259,198700.26,139604,59,8222,INSULIN LI,3,XX,false,26985126.04,2616067.900,MCOU,2025
00002,3128.62,00002823301,3.00,19,01,8233,INSULIN LI,3,XX,false,3131.62,309.000,MCOU,2025
00002,443496.38,00002823305,2732.90,1723,05,8233,INSULIN LI,3,XX,false,446229.28,41389.000,FFSU,2025
00002,886637.69,00002823305,5814.39,3980,05,8233,INSULIN LI,3,XX,false,892452.08,89175.000,MCOU,2025
00338,12546.78,00338012612,161.35,227,12,0126,Insulin in,3,XX,false,12708.13,18090.000,FFSU,2025
00338,10884.32,00338012612,21022.31,515,12,0126,Insulin in,3,XX,false,31906.63,26318.200,MCOU,2025
00955,,00955172801,,,01,1728,INSULIN GL,3,XX,true,,,FFSU,2025
00955,,00955172801,,,01,1728,INSULIN GL,3,XX,true,,,MCOU,2025
00955,145221.66,00955172805,107.06,975,05,1728,INSULIN GL,3,XX,false,145328.72,14399.250,FFSU,2025
00955,23056.38,00955172805,355.63,134,05,1728,INSULIN GL,3,XX,false,23412.01,1914.000,MCOU,2025
00955,5186.75,00955172901,463.82,53,01,1729,INSULIN GL,3,XX,false,5650.57,553.230,FFSU,2025
00955,3813.92,00955172901,0.00,124,01,1729,INSULIN GL,3,XX,false,3813.92,1254.810,MCOU,2025
00955,,00955290001,,,01,2900,INSULIN GL,3,XX,true,,,FFSU,2025
00955,345786.07,00955290002,1831.08,944,02,2900,INSULIN GL,3,XX,false,347617.15,9186.500,FFSU,2025
00955,626498.60,00955290002,12141.88,1617,02,2900,INSULIN GL,3,XX,false,638640.48,17397.000,MCOU,2025
00955,,00955390001,,,01,3900,INSULIN GL,3,XX,true,,,FFSU,2025
00955,,00955390001,,,01,3900,INSULIN GL,3,XX,true,,,MCOU,2025
00955,243900.23,00955390003,1602.65,951,03,3900,INSULIN GL,3,XX,false,245502.88,6417.000,FFSU,2025
00955,390831.48,00955390003,3469.42,1574,03,3900,INSULIN GL,3,XX,false,394300.90,10900.500,MCOU,2025
49502,2122.33,49502039380,2.00,61,80,0393,Insulin Gl,3,XX,false,2124.33,271.430,FFSU,2025
49502,3695.71,49502039380,55.01,91,80,0393,Insulin Gl,3,XX,false,3750.72,608.000,MCOU,2025
49502,1093.20,49502039471,7.00,18,71,0394,Insulin Gl,3,XX,false,1100.20,201.000,MCOU,2025
49502,13429.15,49502039475,207.44,76,75,0394,Insulin Gl,3,XX,false,13636.59,915.000,FFSU,2025
49502,18125.46,49502039475,7719.67,214,75,0394,Insulin Gl,3,XX,false,25845.13,3305.950,MCOU,2025
66733,,66733077301,,,01,0773,INSULIN LI,3,XX,true,,,MCOU,2025
73070,3791347.93,73070010011,89628.21,17778,11,0100,INSULIN AS,3,XX,false,3880976.14,530573.180,FFSU,2025
73070,6668724.85,73070010011,131498.87,34055,11,0100,INSULIN AS,3,XX,false,6800223.72,990847.190,MCOU,2025
73070,,73070010210,,,10,0102,INSULIN AS,3,XX,true,,,MCOU,2025
73070,221238.45,73070010215,7547.05,1117,15,0102,INSULIN AS,3,XX,false,228785.50,24540.000,FFSU,2025
73070,388838.56,73070010215,7650.93,2209,15,0102,INSULIN AS,3,XX,false,396489.49,46653.000,MCOU,2025
73070,1203.37,73070010310,12.87,24,10,0103,INSULIN AS,3,XX,false,1216.24,175.100,FFSU,2025
73070,13839.24,73070010310,294.55,147,10,0103,INSULIN AS,3,XX,false,14133.79,1555.000,MCOU,2025
73070,6274002.88,73070010315,74508.10,36316,15,0103,INSULIN AS,3,XX,false,6348510.98,659159.500,FFSU,2025
73070,11255161.67,73070010315,92242.16,68906,15,0103,INSULIN AS,3,XX,false,11347403.83,1255295.607,MCOU,2025
73070,73347.87,73070020011,646.13,503,11,0200,INSULIN AS,3,XX,false,73994.00,9887.000,FFSU,2025
73070,151676.25,73070020011,152.79,959,11,0200,INSULIN AS,3,XX,false,151829.04,21915.080,MCOU,2025
73070,1393.13,73070020310,0.00,15,10,0203,INSULIN AS,3,XX,false,1393.13,168.000,MCOU,2025
73070,864809.76,73070020315,6855.33,3810,15,0203,INSULIN AS,3,XX,false,871665.09,90534.000,FFSU,2025
73070,896836.29,73070020315,3488.40,4618,15,0203,INSULIN AS,3,XX,false,900324.69,100932.000,MCOU,2025
73070,13419.58,73070040011,596.42,81,11,0400,INSULIN DE,3,XX,false,14016.00,1190.000,FFSU,2025
73070,58496.30,73070040011,2295.29,355,11,0400,INSULIN DE,3,XX,false,60791.59,5297.000,MCOU,2025
73070,,73070040310,,,10,0403,INSULIN DE,3,XX,true,,,MCOU,2025
73070,440427.36,73070040315,13809.24,2422,15,0403,INSULIN DE,3,XX,false,454236.60,37653.000,FFSU,2025
73070,1260131.86,73070040315,24604.27,7119,15,0403,INSULIN DE,3,XX,false,1284736.13,112249.000,MCOU,2025
73070,451225.33,73070050315,3196.68,1526,15,0503,INSULIN DE,3,XX,false,454422.01,19077.000,FFSU,2025
73070,1221133.54,73070050315,14919.56,4067,15,0503,INSULIN DE,3,XX,false,1236053.10,54107.000,MCOU,2025
83257,1172088.55,83257001411,47306.79,7974,11,0014,Insulin Gl,3,XX,false,1219395.34,188728.000,FFSU,2025
83257,401395.54,83257001411,21813.20,5979,11,0014,Insulin Gl,3,XX,false,423208.74,81032.850,MCOU,2025
83257,246.53,83257001531,130.58,12,31,0015,Insulin Gl,3,XX,false,377.11,108.000,FFSU,2025
83257,4501.23,83257001531,35.36,91,31,0015,Insulin Gl,3,XX,false,4536.59,1909.450,MCOU,2025
83257,3940513.86,83257001532,125317.45,35456,32,0015,Insulin Gl,3,XX,false,4065831.31,615047.200,FFSU,2025
83257,3466257.43,83257001532,59033.51,38380,32,0015,Insulin Gl,3,XX,false,3525290.94,592894.350,MCOU,2025
00002,2667418.73,00002773701,98041.30,36574,01,7737,INSULIN LI,2,XX,false,2765460.03,996027.760,FFSU,2025
00002,5223268.82,00002773701,155418.01,82348,01,7737,INSULIN LI,2,XX,false,5378686.83,2118848.152,MCOU,2025
00002,,00002775201,,,01,7752,INSULIN LI,2,XX,true,,,FFSU,2025
00002,5309.47,00002775201,155.64,31,01,7752,INSULIN LI,2,XX,false,5465.11,599.000,MCOU,2025
00002,1423993.39,00002775205,42622.10,7377,05,7752,INSULIN LI,2,XX,false,1466615.49,135531.000,FFSU,2025
00002,2652526.00,00002775205,45213.78,15036,05,7752,INSULIN LI,2,XX,false,2697739.78,262840.000,MCOU,2025
00002,5435.77,00002822201,36.33,97,01,8222,INSULIN LI,2,XX,false,5472.10,426.150,FFSU,2025
00002,18415.45,00002822201,259.53,216,01,8222,INSULIN LI,2,XX,false,18674.98,2301.350,MCOU,2025
00002,15310292.14,00002822259,179137.13,82591,59,8222,INSULIN LI,2,XX,false,15489429.27,1438176.750,FFSU,2025
00002,24872021.29,00002822259,196198.72,130079,59,8222,INSULIN LI,2,XX,false,25068220.01,2433498.250,MCOU,2025
00002,1654.94,00002823301,3.00,13,01,8233,INSULIN LI,2,XX,false,1657.94,156.000,MCOU,2025
00002,427632.76,00002823305,2973.92,1652,05,8233,INSULIN LI,2,XX,false,430606.68,39918.000,FFSU,2025
00002,803258.52,00002823305,6666.93,3572,05,8233,INSULIN LI,2,XX,false,809925.45,86532.000,MCOU,2025
00338,12612.38,00338012612,2870.78,199,12,0126,Insulin in,2,XX,false,15483.16,16866.000,FFSU,2025
00338,13383.45,00338012612,11158.88,570,12,0126,Insulin in,2,XX,false,24542.33,26940.000,MCOU,2025
00955,,00955172801,,,01,1728,INSULIN GL,2,XX,true,,,FFSU,2025
00955,4254.06,00955172801,0.00,29,01,1728,INSULIN GL,2,XX,false,4254.06,387.000,MCOU,2025
00955,157622.92,00955172805,267.37,1080,05,1728,INSULIN GL,2,XX,false,157890.29,15649.800,FFSU,2025
00955,47154.40,00955172805,33.00,279,05,1728,INSULIN GL,2,XX,false,47187.40,4128.000,MCOU,2025
00955,7740.70,00955172901,3.00,73,01,1729,INSULIN GL,2,XX,false,7743.70,749.850,FFSU,2025
00955,3953.00,00955172901,0.14,181,01,1729,INSULIN GL,2,XX,false,3953.14,2515.170,MCOU,2025
00955,271030.93,00955290002,2109.68,708,02,2900,INSULIN GL,2,XX,false,273140.61,7221.500,FFSU,2025
00955,521479.21,00955290002,2869.66,1361,02,2900,INSULIN GL,2,XX,false,524348.87,14481.000,MCOU,2025
00955,,00955390001,,,01,3900,INSULIN GL,2,XX,true,,,MCOU,2025
00955,213407.32,00955390003,3172.10,800,03,3900,INSULIN GL,2,XX,false,216579.42,5677.500,FFSU,2025
00955,324777.30,00955390003,2025.10,1339,03,3900,INSULIN GL,2,XX,false,326802.40,8997.000,MCOU,2025
49502,3060.13,49502039380,16.48,92,80,0393,Insulin Gl,2,XX,false,3076.61,333.700,FFSU,2025
49502,4705.15,49502039380,10.00,126,80,0393,Insulin Gl,2,XX,false,4715.15,732.550,MCOU,2025
49502,706.83,49502039471,13.00,20,71,0394,Insulin Gl,2,XX,false,719.83,129.000,MCOU,2025
49502,14072.61,49502039475,21.40,91,75,0394,Insulin Gl,2,XX,false,14094.01,1170.150,FFSU,2025
49502,29270.70,49502039475,11005.47,344,75,0394,Insulin Gl,2,XX,false,40276.17,5104.000,MCOU,2025
66733,,66733077301,,,01,0773,INSULIN LI,2,XX,true,,,MCOU,2025
66733,,66733082259,,,59,0822,INSULIN LI,2,XX,true,,,MCOU,2025
73070,3220483.77,73070010011,90378.58,15169,11,0100,INSULIN AS,2,XX,false,3310862.35,454851.050,FFSU,2025
73070,5943229.16,73070010011,140254.83,30713,11,0100,INSULIN AS,2,XX,false,6083483.99,896346.510,MCOU,2025
73070,,73070010210,,,10,0102,INSULIN AS,2,XX,true,,,MCOU,2025
73070,189206.51,73070010215,4955.72,981,15,0102,INSULIN AS,2,XX,false,194162.23,21230.000,FFSU,2025
73070,363397.64,73070010215,9646.35,2152,15,0102,INSULIN AS,2,XX,false,373043.99,44397.000,MCOU,2025
73070,3045.31,73070010310,25.50,46,10,0103,INSULIN AS,2,XX,false,3070.81,289.000,FFSU,2025
73070,10458.80,73070010310,8091.22,162,10,0103,INSULIN AS,2,XX,false,18550.02,1422.000,MCOU,2025
73070,5019494.69,73070010315,60610.03,29323,15,0103,INSULIN AS,2,XX,false,5080104.72,527349.500,FFSU,2025
73070,10076272.10,73070010315,97354.18,61794,15,0103,INSULIN AS,2,XX,false,10173626.28,1127937.621,MCOU,2025
73070,59771.36,73070020011,241.86,373,11,0200,INSULIN AS,2,XX,false,60013.22,7983.000,FFSU,2025
73070,142957.65,73070020011,1082.42,884,11,0200,INSULIN AS,2,XX,false,144040.07,20875.000,MCOU,2025
73070,,73070020310,,,10,0203,INSULIN AS,2,XX,true,,,MCOU,2025
73070,803664.00,73070020315,5205.64,3571,15,0203,INSULIN AS,2,XX,false,808869.64,83965.000,FFSU,2025
73070,943241.04,73070020315,6126.98,4870,15,0203,INSULIN AS,2,XX,false,949368.02,106683.000,MCOU,2025
73070,10777.85,73070040011,119.86,59,11,0400,INSULIN DE,2,XX,false,10897.71,940.000,FFSU,2025
73070,45934.07,73070040011,1276.12,253,11,0400,INSULIN DE,2,XX,false,47210.19,4140.000,MCOU,2025
73070,,73070040310,,,10,0403,INSULIN DE,2,XX,true,,,MCOU,2025
73070,314975.80,73070040315,11139.06,1714,15,0403,INSULIN DE,2,XX,false,326114.86,26937.000,FFSU,2025
73070,955623.50,73070040315,18623.07,5394,15,0403,INSULIN DE,2,XX,false,974246.57,85467.000,MCOU,2025
73070,410955.60,73070050315,4135.09,1349,15,0503,INSULIN DE,2,XX,false,415090.69,17445.000,FFSU,2025
73070,978381.62,73070050315,12957.33,3496,15,0503,INSULIN DE,2,XX,false,991338.95,43209.000,MCOU,2025
83257,832358.99,83257001411,31617.33,6031,11,0014,Insulin Gl,2,XX,false,863976.32,133630.500,FFSU,2025
83257,545387.73,83257001411,44900.32,7767,11,0014,Insulin Gl,2,XX,false,590288.05,104044.480,MCOU,2025
83257,,83257001531,,,31,0015,Insulin Gl,2,XX,true,,,FFSU,2025
83257,5082.19,83257001531,12.00,109,31,0015,Insulin Gl,2,XX,false,5094.19,2237.000,MCOU,2025
83257,3359253.68,83257001532,99174.69,30233,32,0015,Insulin Gl,2,XX,false,3458428.37,513218.200,FFSU,2025
83257,3854524.45,83257001532,58442.39,42465,32,0015,Insulin Gl,2,XX,false,3912966.84,654339.450,MCOU,2025
00002,2460843.64,00002773701,73228.72,33947,01,7737,INSULIN LI,1,XX,false,2534072.36,914485.210,FFSU,2025
00002,4747334.00,00002773701,517184.34,77528,01,7737,INSULIN LI,1,XX,false,5264518.34,1923702.531,MCOU,2025
00002,,00002775201,,,01,7752,INSULIN LI,1,XX,true,,,FFSU,2025
00002,2296.51,00002775201,7.00,20,01,7752,INSULIN LI,1,XX,false,2303.51,378.000,MCOU,2025
00002,1390036.88,00002775205,46100.57,6813,05,7752,INSULIN LI,1,XX,false,1436137.45,133245.000,FFSU,2025
00002,2578988.74,00002775205,46646.57,14912,05,7752,INSULIN LI,1,XX,false,2625635.31,256481.000,MCOU,2025
00002,7403.96,00002822201,23.00,140,01,8222,INSULIN LI,1,XX,false,7426.96,608.000,FFSU,2025
00002,22359.48,00002822201,353.70,257,01,8222,INSULIN LI,1,XX,false,22713.18,2178.200,MCOU,2025
00002,14942958.23,00002822259,181987.76,80532,59,8222,INSULIN LI,1,XX,false,15124945.99,1402765.100,FFSU,2025
00002,22652359.01,00002822259,205676.10,121293,59,8222,INSULIN LI,1,XX,false,22858035.11,2223223.500,MCOU,2025
00002,2834.86,00002823301,151.29,16,01,8233,INSULIN LI,1,XX,false,2986.15,285.000,MCOU,2025
00002,459400.28,00002823305,4120.27,1777,05,8233,INSULIN LI,1,XX,false,463520.55,43026.000,FFSU,2025
00002,841891.89,00002823305,10484.65,3822,05,8233,INSULIN LI,1,XX,false,852376.54,85434.100,MCOU,2025
00338,12775.92,00338012612,97.35,184,12,0126,Insulin in,1,XX,false,12873.27,14515.275,FFSU,2025
00338,14855.36,00338012612,17901.71,591,12,0126,Insulin in,1,XX,false,32757.07,26698.200,MCOU,2025
00955,,00955172801,,,01,1728,INSULIN GL,1,XX,true,,,FFSU,2025
00955,4251.30,00955172801,0.00,27,01,1728,INSULIN GL,1,XX,false,4251.30,384.000,MCOU,2025
00955,240307.23,00955172805,352.88,1494,05,1728,INSULIN GL,1,XX,false,240660.11,22588.100,FFSU,2025
00955,65925.70,00955172805,1167.93,405,05,1728,INSULIN GL,1,XX,false,67093.63,5856.000,MCOU,2025
00955,7507.88,00955172901,98.63,57,01,1729,INSULIN GL,1,XX,false,7606.51,680.000,FFSU,2025
00955,7560.24,00955172901,4.00,206,01,1729,INSULIN GL,1,XX,false,7564.24,3505.350,MCOU,2025
00955,248063.75,00955290002,4221.00,645,02,2900,INSULIN GL,1,XX,false,252284.75,6682.500,FFSU,2025
00955,361027.37,00955290002,4760.13,939,02,2900,INSULIN GL,1,XX,false,365787.50,10095.000,MCOU,2025
00955,184548.05,00955390003,3403.75,706,03,3900,INSULIN GL,1,XX,false,187951.80,4914.000,FFSU,2025
00955,202608.67,00955390003,2057.56,825,03,3900,INSULIN GL,1,XX,false,204666.23,5604.000,MCOU,2025
49502,1740.69,49502039380,2356.43,59,80,0393,Insulin Gl,1,XX,false,4097.12,278.920,FFSU,2025
49502,5138.25,49502039380,62.53,163,80,0393,Insulin Gl,1,XX,false,5200.78,859.360,MCOU,2025
49502,1327.29,49502039471,302.33,30,71,0394,Insulin Gl,1,XX,false,1629.62,285.000,MCOU,2025
49502,20980.40,49502039475,223.64,137,75,0394,Insulin Gl,1,XX,false,21204.04,1623.050,FFSU,2025
49502,36156.54,49502039475,3173.86,463,75,0394,Insulin Gl,1,XX,false,39330.40,6421.000,MCOU,2025
66733,,66733077301,,,01,0773,INSULIN LI,1,XX,true,,,FFSU,2025
66733,,66733077301,,,01,0773,INSULIN LI,1,XX,true,,,MCOU,2025
73070,3027029.31,73070010011,78966.91,13968,11,0100,INSULIN AS,1,XX,false,3105996.22,429447.090,FFSU,2025
73070,6219998.37,73070010011,128924.80,31730,11,0100,INSULIN AS,1,XX,false,6348923.17,925584.240,MCOU,2025
73070,,73070010210,,,10,0102,INSULIN AS,1,XX,true,,,FFSU,2025
73070,,73070010210,,,10,0102,INSULIN AS,1,XX,true,,,MCOU,2025
73070,175199.70,73070010215,5772.35,834,15,0102,INSULIN AS,1,XX,false,180972.05,19548.000,FFSU,2025
73070,360307.36,73070010215,11078.78,2174,15,0102,INSULIN AS,1,XX,false,371386.14,43746.000,MCOU,2025
73070,3839.61,73070010310,20.66,55,10,0103,INSULIN AS,1,XX,false,3860.27,438.000,FFSU,2025
73070,10969.37,73070010310,7375.80,201,10,0103,INSULIN AS,1,XX,false,18345.17,1551.170,MCOU,2025
73070,5479218.35,73070010315,68122.01,31408,15,0103,INSULIN AS,1,XX,false,5547340.36,573866.202,FFSU,2025
73070,9150412.29,73070010315,76935.54,57955,15,0103,INSULIN AS,1,XX,false,9227347.83,1026284.561,MCOU,2025
73070,64223.87,73070020011,352.26,401,11,0200,INSULIN AS,1,XX,false,64576.13,8540.000,FFSU,2025
73070,143081.40,73070020011,186.78,903,11,0200,INSULIN AS,1,XX,false,143268.18,20893.000,MCOU,2025
73070,1690.31,73070020310,0.00,14,10,0203,INSULIN AS,1,XX,false,1690.31,192.000,MCOU,2025
73070,809242.17,73070020315,3938.17,3612,15,0203,INSULIN AS,1,XX,false,813180.34,84477.000,FFSU,2025
73070,916189.05,73070020315,5655.30,4804,15,0203,INSULIN AS,1,XX,false,921844.35,103947.000,MCOU,2025
73070,12748.30,73070040011,359.13,77,11,0400,INSULIN DE,1,XX,false,13107.43,1070.000,FFSU,2025
73070,26525.11,73070040011,935.20,171,11,0400,INSULIN DE,1,XX,false,27460.31,2431.300,MCOU,2025
73070,,73070040310,,,10,0403,INSULIN DE,1,XX,true,,,MCOU,2025
73070,436262.48,73070040315,10313.37,2425,15,0403,INSULIN DE,1,XX,false,446575.85,36825.000,FFSU,2025
73070,888330.29,73070040315,13944.57,5393,15,0403,INSULIN DE,1,XX,false,902274.86,80007.000,MCOU,2025
73070,445600.80,73070050315,6909.67,1435,15,0503,INSULIN DE,1,XX,false,452510.47,19017.000,FFSU,2025
73070,1099206.47,73070050315,17692.81,3901,15,0503,INSULIN DE,1,XX,false,1116899.28,49529.000,MCOU,2025
83257,928582.13,83257001411,33862.42,6860,11,0014,Insulin Gl,1,XX,false,962444.55,143581.300,FFSU,2025
83257,477104.19,83257001411,117029.19,7237,11,0014,Insulin Gl,1,XX,false,594133.38,90268.690,MCOU,2025
83257,,83257001531,,,31,0015,Insulin Gl,1,XX,true,,,FFSU,2025
83257,3961.28,83257001531,8.00,79,31,0015,Insulin Gl,1,XX,false,3969.28,1463.800,MCOU,2025
83257,3506692.72,83257001532,105854.86,31904,32,0015,Insulin Gl,1,XX,false,3612547.58,533479.100,FFSU,2025
83257,3835558.28,83257001532,54642.06,42067,32,0015,Insulin Gl,1,XX,false,3890200.34,646138.100,MCOU,2025
83257,3311.98,83257000711,3665.40,27,11,0007,Kirsty Ins,4,XX,false,6977.38,1640.000,FFSU,2025
83257,25570.77,83257000711,92.00,294,11,0007,Kirsty Ins,4,XX,false,25662.77,7273.630,MCOU,2025
83257,4169.77,83257000832,5627.65,38,32,0008,Kirsty Ins,4,XX,false,9797.42,1590.000,FFSU,2025
83257,69141.35,83257000832,233.85,434,32,0008,Kirsty Ins,4,XX,false,69375.20,11580.000,MCOU,2025
00024,,00024592700,,,00,5927,MERILOG VI,4,XX,true,,,FFSU,2025
00024,,00024592805,,,05,5928,MERILOG SO,4,XX,true,,,MCOU,2025
00169,542341.52,00169320111,63085.65,1577,11,3201,FIASP VIAL,1,XX,false,605427.17,56430.000,FFSU,2026
00169,468381.00,00169320111,43847.04,2068,11,3201,FIASP VIAL,1,XX,false,512228.04,71310.050,MCOU,2026
00169,630921.40,00169320415,47584.70,2027,15,3204,FIASP FLEX,1,XX,false,678506.10,46566.000,FFSU,2026
00169,420480.57,00169320415,27558.88,2111,15,3204,FIASP FLEX,1,XX,false,448039.45,48102.100,MCOU,2026
00169,39690.29,00169320515,2861.80,142,15,3205,FIASP PENF,1,XX,false,42552.09,3057.000,FFSU,2026
00169,22700.87,00169320515,4324.50,150,15,3205,FIASP PENF,1,XX,false,27025.37,3045.000,MCOU,2026
00169,380099.20,00169320615,15076.29,947,15,3206,FIASP PUMP,1,XX,false,395175.49,28103.200,FFSU,2026
00169,190393.52,00169320615,6726.10,802,15,3206,FIASP PUMP,1,XX,false,197119.62,22025.600,MCOU,2026
00002,485850.26,00002772801,64154.32,888,01,7728,LYUMJEV   ,1,XX,false,550004.58,33363.000,FFSU,2026
00002,577275.34,00002772801,39464.52,1311,01,7728,LYUMJEV   ,1,XX,false,616739.86,42610.150,MCOU,2026
00002,248839.36,00002820705,19844.06,620,05,8207,LYUMJEV KW,1,XX,false,268683.42,13125.000,FFSU,2026
00002,263717.53,00002820705,15025.64,733,05,8207,LYUMJEV KW,1,XX,false,278743.17,14958.000,MCOU,2026
00002,243662.59,00002822827,18327.22,207,27,8228,LYUMJEV KW,1,XX,false,261989.81,6396.000,FFSU,2026
00002,226816.78,00002822827,23040.87,241,27,8228,LYUMJEV KW,1,XX,false,249857.65,7206.000,MCOU,2026
00002,4403.23,00002823505,136.05,14,05,8235,LYUMJEV TE,1,XX,false,4539.28,222.000,FFSU,2026
00002,3823.18,00002823505,363.34,12,05,8235,LYUMJEV TE,1,XX,false,4186.52,270.000,MCOU,2026
00169,266655.49,00169210011,14708.48,1448,11,2100,NOVOLOG 10,1,XX,false,281363.97,50390.000,FFSU,2026
00169,503941.66,00169210011,15298.60,2703,11,2100,NOVOLOG 10,1,XX,false,519240.26,89470.000,MCOU,2026
00169,384958.89,00169210125,14920.56,3494,25,2101,NOVOLOG FP,1,XX,false,399879.45,73701.000,FFSU,2026
00169,782986.24,00169210125,7750.23,7145,25,2101,NOVOLOG FP,1,XX,false,790736.47,141174.000,MCOU,2026
00169,9348.06,00169220011,72.70,49,11,2200,NOVOLOG MI,1,XX,false,9420.76,1620.000,FFSU,2026
00169,8285.41,00169220011,280.07,52,11,2200,NOVOLOG MI,1,XX,false,8565.48,1480.000,MCOU,2026
00169,24201.11,00169220125,615.16,153,25,2201,NOVOLOG MI,1,XX,false,24816.27,4392.000,FFSU,2026
00169,47197.59,00169220125,192.90,329,25,2201,NOVOLOG MI,1,XX,false,47390.49,8475.000,MCOU,2026
00169,150579.27,00169330312,26257.69,867,12,3303,NOVOLOG PE,1,XX,false,176836.96,17568.900,FFSU,2026
00169,222602.32,00169330312,36257.41,1373,12,3303,NOVOLOG PE,1,XX,false,258859.73,30135.000,MCOU,2026
00169,44609.23,00169368512,431.18,227,12,3685,NOVOLOG MI,1,XX,false,45040.41,5655.400,FFSU,2026
00169,37458.57,00169368512,1743.53,238,12,3685,NOVOLOG MI,1,XX,false,39202.10,5550.450,MCOU,2026
00169,596168.21,00169369619,7289.41,2487,19,3696,NOVOLOG MI,1,XX,false,603457.62,61344.750,FFSU,2026
00169,386508.40,00169369619,7781.55,1956,19,3696,NOVOLOG MI,1,XX,false,394289.95,43566.700,MCOU,2026
00169,5176250.97,00169633910,246373.94,29629,10,6339,NOVOLOG FL,1,XX,false,5422624.91,548201.576,FFSU,2026
00169,6287388.29,00169633910,262054.38,37242,10,6339,NOVOLOG FL,1,XX,false,6549442.67,716332.000,MCOU,2026
00169,2904341.70,00169750111,465149.45,14120,11,7501,NOVOLOG 10,1,XX,false,3369491.15,461128.245,FFSU,2026
00169,3977896.64,00169750111,437171.81,20210,11,7501,NOVOLOG 10,1,XX,false,4415068.45,647008.360,MCOU,2026
00002,3394597.30,00002751001,216296.87,18371,01,7510,HUMALOG   ,1,XX,false,3610894.17,569494.280,FFSU,2026
00002,5115953.69,00002751001,204847.00,34954,01,7510,HUMALOG   ,1,XX,false,5320800.69,798580.970,MCOU,2026
00002,1677.73,00002751017,57.98,140,17,7510,HUMALOG   ,1,XX,false,1735.71,95.060,FFSU,2026
00002,655.72,00002751017,1161.20,166,17,7510,HUMALOG   ,1,XX,false,1816.92,255.920,MCOU,2026
00002,98767.84,00002751101,2476.77,465,01,7511,HUMALOG MI,1,XX,false,101244.61,11930.000,FFSU,2026
00002,211014.05,00002751101,3790.30,1070,01,7511,HUMALOG MI,1,XX,false,214804.35,25427.320,MCOU,2026
00002,,00002751201,,,01,7512,HUMALOG MI,1,XX,true,,,FFSU,2026
00002,,00002751201,,,01,7512,HUMALOG MI,1,XX,true,,,MCOU,2026
00002,,00002751601,,,01,7516,HUMALOG   ,1,XX,true,,,MCOU,2026
00002,348668.37,00002751659,24783.13,1511,59,7516,HUMALOG   ,1,XX,false,373451.50,36447.000,FFSU,2026
00002,347009.57,00002751659,17289.22,1535,59,7516,HUMALOG   ,1,XX,false,364298.79,36399.650,MCOU,2026
00002,1388.63,00002753301,0.00,109,01,7533,HUMALOG   ,1,XX,false,1388.63,192.000,FFSU,2026
00002,720.90,00002753301,5336.51,151,01,7533,HUMALOG   ,1,XX,false,6057.41,353.100,MCOU,2026
00002,13645.05,00002771201,0.00,18,01,7712,HUMALOG KW,1,XX,false,13645.05,324.000,MCOU,2026
00002,4392045.75,00002771227,149805.15,4831,27,7712,HUMALOG KW,1,XX,false,4541850.90,106923.000,FFSU,2026
00002,6750059.26,00002771227,202366.79,7561,27,7712,HUMALOG KW,1,XX,false,6952426.05,183165.175,MCOU,2026
00002,880.03,00002771401,0.00,25,01,7714,HUMALOG KW,1,XX,false,880.03,909.600,MCOU,2026
00002,1131361.45,00002771459,66223.49,5340,59,7714,HUMALOG KW,1,XX,false,1197584.94,112225.000,FFSU,2026
00002,783594.74,00002771459,41706.81,4523,59,7714,HUMALOG KW,1,XX,false,825301.55,80685.350,MCOU,2026
00002,8392.62,00002821305,328.68,48,05,8213,HUMALOG TE,1,XX,false,8721.30,771.000,FFSU,2026
00002,5941.99,00002821305,0.00,45,05,8213,HUMALOG TE,1,XX,false,5941.99,558.000,MCOU,2026
00002,,00002879701,,,01,8797,HUMALOG MI,1,XX,true,,,FFSU,2026
00002,,00002879701,,,01,8797,HUMALOG MI,1,XX,true,,,MCOU,2026
00002,342160.76,00002879759,11175.99,1327,59,8797,HUMALOG MI,1,XX,false,353336.75,33304.600,FFSU,2026
00002,246715.07,00002879759,4096.40,1004,59,8797,HUMALOG MI,1,XX,false,250811.47,24183.132,MCOU,2026
00002,116343.47,00002879859,673.84,484,59,8798,HUMALOG MI,1,XX,false,117017.31,11040.000,FFSU,2026
00002,125112.42,00002879859,659.44,485,59,8798,HUMALOG MI,1,XX,false,125771.86,11790.000,MCOU,2026
00002,893.26,00002879901,25.33,16,01,8799,HUMALOG KW,1,XX,false,918.59,87.950,FFSU,2026
00002,2254.71,00002879901,24.89,65,01,8799,HUMALOG KW,1,XX,false,2279.60,349.450,MCOU,2026
00002,6139783.05,00002879959,192835.36,30616,59,8799,HUMALOG KW,1,XX,false,6332618.41,588696.720,FFSU,2026
00002,3710017.77,00002879959,118899.50,19501,59,8799,HUMALOG KW,1,XX,false,3828917.27,365021.100,MCOU,2026
00024,744068.77,00024592410,17749.12,3134,10,5924,ADMELOG VI,1,XX,false,761817.89,93440.400,FFSU,2026
00024,1449062.80,00024592410,13715.38,5409,10,5924,ADMELOG VI,1,XX,false,1462778.18,156075.700,MCOU,2026
00024,5449.93,00024592501,20.00,29,01,5925,ADMELOG SO,1,XX,false,5469.93,456.000,MCOU,2026
00024,1922479.75,00024592505,7186.40,8445,05,5925,ADMELOG SO,1,XX,false,1929666.15,174350.000,FFSU,2026
00024,2138063.56,00024592505,7381.15,9317,05,5925,ADMELOG SO,1,XX,false,2145444.71,175233.000,MCOU,2026
00024,48471.13,00024592605,546.45,1050,05,5926,ADMELOG VI,1,XX,false,49017.58,4321.849,FFSU,2026
00024,60794.05,00024592605,113743.58,4943,05,5926,ADMELOG VI,1,XX,false,174537.63,11088.468,MCOU,2026
00088,100672.71,00088250033,2549.88,362,33,2500,APIDRA 10M,1,XX,false,103222.59,12220.000,FFSU,2026
00088,126605.50,00088250033,1571.67,462,33,2500,APIDRA 10M,1,XX,false,128177.17,15590.000,MCOU,2026
00088,,00088250200,,,00,2502,APIDRA 3ML,1,XX,true,,,MCOU,2026
00088,226356.99,00088250205,1612.40,1023,05,2502,APIDRA 3ML,1,XX,false,227969.39,20721.000,FFSU,2026
00088,303886.98,00088250205,1183.17,1336,05,2502,APIDRA 3ML,1,XX,false,305070.15,28683.000,MCOU,2026
00002,4240338.75,00002773701,141372.66,55491,01,7737,INSULIN LI,1,XX,false,4381711.41,1598478.080,FFSU,2026
00002,5994497.95,00002773701,259876.71,86623,01,7737,INSULIN LI,1,XX,false,6254374.66,2423031.560,MCOU,2026
00002,,00002775201,,,01,7752,INSULIN LI,1,XX,true,,,FFSU,2026
00002,4750.49,00002775201,1.00,28,01,7752,INSULIN LI,1,XX,false,4751.49,477.000,MCOU,2026
00002,1928570.90,00002775205,55119.65,9976,05,7752,INSULIN LI,1,XX,false,1983690.55,183144.050,FFSU,2026
00002,2713033.81,00002775205,43263.41,14973,05,7752,INSULIN LI,1,XX,false,2756297.22,266336.000,MCOU,2026
00002,5831.44,00002822201,12.10,75,01,8222,INSULIN LI,1,XX,false,5843.54,405.150,FFSU,2026
00002,8655.46,00002822201,8.78,123,01,8222,INSULIN LI,1,XX,false,8664.24,1280.700,MCOU,2026
00002,18448557.09,00002822259,230200.05,98585,59,8222,INSULIN LI,1,XX,false,18678757.14,1736499.110,FFSU,2026
00002,24365433.75,00002822259,169454.06,125232,59,8222,INSULIN LI,1,XX,false,24534887.81,2370748.600,MCOU,2026
00002,,00002823301,,,01,8233,INSULIN LI,1,XX,true,,,MCOU,2026
00002,434842.70,00002823305,4058.27,1745,05,8233,INSULIN LI,1,XX,false,438900.97,40686.000,FFSU,2026
00002,724485.79,00002823305,3831.65,3105,05,8233,INSULIN LI,1,XX,false,728317.44,70383.450,MCOU,2026
00338,7979.92,00338012612,392.27,170,12,0126,Insulin in,1,XX,false,8372.19,14733.000,FFSU,2026
00338,7559.72,00338012612,63.24,241,12,0126,Insulin in,1,XX,false,7622.96,12790.000,MCOU,2026
00955,,00955172801,,,01,1728,INSULIN GL,1,XX,true,,,MCOU,2026
00955,7190.34,00955172805,0.00,47,05,1728,INSULIN GL,1,XX,false,7190.34,717.000,FFSU,2026
00955,2042.32,00955172805,45.00,15,05,1728,INSULIN GL,1,XX,false,2087.32,183.000,MCOU,2026
00955,6516.41,00955172901,3.51,63,01,1729,INSULIN GL,1,XX,false,6519.92,640.750,FFSU,2026
00955,344.96,00955172901,167.62,15,01,1729,INSULIN GL,1,XX,false,512.58,54.050,MCOU,2026
00955,286339.78,00955290002,6666.81,966,02,2900,INSULIN GL,1,XX,false,293006.59,9561.000,FFSU,2026
00955,441592.34,00955290002,2167.76,1496,02,2900,INSULIN GL,1,XX,false,443760.10,15988.500,MCOU,2026
00955,,00955390001,,,01,3900,INSULIN GL,1,XX,true,,,MCOU,2026
00955,186743.97,00955390003,2960.71,997,03,3900,INSULIN GL,1,XX,false,189704.68,6183.750,FFSU,2026
00955,307793.15,00955390003,3970.42,1627,03,3900,INSULIN GL,1,XX,false,311763.57,11389.500,MCOU,2026
49502,268.66,49502039380,0.00,35,80,0393,Insulin Gl,1,XX,false,268.66,27.100,FFSU,2026
49502,1373.37,49502039380,2.00,37,80,0393,Insulin Gl,1,XX,false,1375.37,248.500,MCOU,2026
49502,1567.09,49502039471,2.00,19,71,0394,Insulin Gl,1,XX,false,1569.09,294.000,MCOU,2026
49502,,49502039475,,,75,0394,Insulin Gl,1,XX,true,,,FFSU,2026
49502,7698.33,49502039475,27.00,106,75,0394,Insulin Gl,1,XX,false,7725.33,1272.000,MCOU,2026
72572,108493.55,72572042205,409.60,1873,05,0422,INSULIN GL,1,XX,false,108903.15,33670.000,FFSU,2026
72572,71732.61,72572042205,923.16,1434,05,0422,INSULIN GL,1,XX,false,72655.77,23340.000,MCOU,2026
72572,1229.11,72572042405,270.92,21,05,0424,INSULIN GL,1,XX,false,1500.03,366.000,FFSU,2026
72572,8313.67,72572042405,0.00,172,05,0424,INSULIN GL,1,XX,false,8313.67,2628.000,MCOU,2026
73070,1878740.35,73070010011,48447.88,9810,11,0100,INSULIN AS,1,XX,false,1927188.23,265299.600,FFSU,2026
73070,3077580.84,73070010011,41487.98,16635,11,0100,INSULIN AS,1,XX,false,3119068.82,444404.300,MCOU,2026
73070,128387.76,73070010215,4713.49,685,15,0102,INSULIN AS,1,XX,false,133101.25,14301.000,FFSU,2026
73070,162341.95,73070010215,3100.68,957,15,0102,INSULIN AS,1,XX,false,165442.63,19179.000,MCOU,2026
73070,1313.25,73070010310,70.28,13,10,0103,INSULIN AS,1,XX,false,1383.53,130.000,FFSU,2026
73070,7668.76,73070010310,7.73,81,10,0103,INSULIN AS,1,XX,false,7676.49,856.050,MCOU,2026
73070,2659699.23,73070010315,25415.85,16648,15,0103,INSULIN AS,1,XX,false,2685115.08,277424.510,FFSU,2026
73070,3457337.50,73070010315,11931.69,23504,15,0103,INSULIN AS,1,XX,false,3469269.19,378232.260,MCOU,2026
73070,50379.60,73070020011,431.90,339,11,0200,INSULIN AS,1,XX,false,50811.50,6798.000,FFSU,2026
73070,77665.35,73070020011,14.00,488,11,0200,INSULIN AS,1,XX,false,77679.35,11240.200,MCOU,2026
73070,,73070020310,,,10,0203,INSULIN AS,1,XX,true,,,FFSU,2026
73070,,73070020310,,,10,0203,INSULIN AS,1,XX,true,,,MCOU,2026
73070,400801.07,73070020315,1536.84,1928,15,0203,INSULIN AS,1,XX,false,402337.91,41707.000,FFSU,2026
73070,416408.91,73070020315,205.68,2291,15,0203,INSULIN AS,1,XX,false,416614.59,46404.000,MCOU,2026
73070,6065.17,73070040011,139.33,39,11,0400,INSULIN DE,1,XX,false,6204.50,540.000,FFSU,2026
73070,34743.62,73070040011,8.00,201,11,0400,INSULIN DE,1,XX,false,34751.62,2896.000,MCOU,2026
73070,,73070040310,,,10,0403,INSULIN DE,1,XX,true,,,MCOU,2026
73070,212437.14,73070040315,7066.92,1272,15,0403,INSULIN DE,1,XX,false,219504.06,18048.000,FFSU,2026
73070,423485.05,73070040315,1692.68,2555,15,0403,INSULIN DE,1,XX,false,425177.73,35664.000,MCOU,2026
73070,318525.11,73070050315,5551.35,1110,15,0503,INSULIN DE,1,XX,false,324076.46,13596.000,FFSU,2026
73070,729308.29,73070050315,4382.62,2550,15,0503,INSULIN DE,1,XX,false,733690.91,32196.000,MCOU,2026
83257,1093649.36,83257001411,37090.87,7741,11,0014,Insulin Gl,1,XX,false,1130740.23,178585.300,FFSU,2026
83257,420664.93,83257001411,33665.43,5850,11,0014,Insulin Gl,1,XX,false,454330.36,80114.200,MCOU,2026
83257,,83257001531,,,31,0015,Insulin Gl,1,XX,true,,,FFSU,2026
83257,2868.11,83257001531,29.00,70,31,0015,Insulin Gl,1,XX,false,2897.11,914.000,MCOU,2026
83257,3679815.00,83257001532,123660.17,34548,32,0015,Insulin Gl,1,XX,false,3803475.17,612033.000,FFSU,2026
83257,3049580.16,83257001532,58887.31,33096,32,0015,Insulin Gl,1,XX,false,3108467.47,523873.900,MCOU,2026
83257,21521.39,83257000711,18130.57,163,11,0007,Kirsty Ins,1,XX,false,39651.96,8905.700,FFSU,2026
83257,52945.47,83257000711,10949.42,621,11,0007,Kirsty Ins,1,XX,false,63894.89,16785.520,MCOU,2026
83257,16969.67,83257000832,13604.85,153,32,0008,Kirsty Ins,1,XX,false,30574.52,4740.000,FFSU,2026
83257,88018.87,83257000832,4361.91,665,32,0008,Kirsty Ins,1,XX,false,92380.78,16005.000,MCOU,2026
00024,5411.23,00024592700,990.04,30,00,5927,MERILOG VI,1,XX,false,6401.27,890.000,FFSU,2026
00024,13356.83,00024592700,949.61,71,00,5927,MERILOG VI,1,XX,false,14306.44,2070.000,MCOU,2026
00024,11150.64,00024592805,640.19,64,05,5928,MERILOG SO,1,XX,false,11790.83,1284.000,FFSU,2026
00024,24808.08,00024592805,1359.37,158,05,5928,MERILOG SO,1,XX,false,26167.45,2799.000,MCOU,2026
