Prscrbr_Geo_Lvl,Prscrbr_Geo_Cd,Prscrbr_Geo_Desc,Brnd_Name,Gnrc_Name,Tot_Prscrbrs,Tot_Clms,Tot_30day_Fills,Tot_Drug_Cst,Tot_Benes,GE65_Sprsn_Flag,GE65_Tot_Clms,GE65_Tot_30day_Fills,GE65_Tot_Drug_Cst,GE65_Bene_Sprsn_Flag,GE65_Tot_Benes,LIS_Bene_Cst_Shr,NonLIS_Bene_Cst_Shr,Opioid_Drug_Flag,Opioid_LA_Drug_Flag,Antbtc_Drug_Flag,Antpsyct_Drug_Flag,year
National,,National,Novolog,Insulin Aspart,121648,1279053,1611923.1,701449781.98,285041,,884842,1105290.3,445249576.05,,196564,2849887.93,36253233.02,N,N,N,N,2017
State,01,Alabama,Novolog,Insulin Aspart,1668,18445,23413.5,10378608.54,4494,,11922,14513,5718608.09,,2823,56282.69,573866.54,N,N,N,N,2017
State,02,Alaska,Novolog,Insulin Aspart,131,746,961.7,480082.13,193,,477,616.8,256421.6,,122,2109.65,25043.36,N,N,N,N,2017
State,04,Arizona,Novolog,Insulin Aspart,2805,24048,31604.9,13702280.7,5966,,15467,20570.3,8361419.66,,3939,58231.18,642677.04,N,N,N,N,2017
State,05,Arkansas,Novolog,Insulin Aspart,1447,19171,21884.6,9239209.81,4054,,12415,13960.8,5378406.62,,2549,45859.1,443366.51,N,N,N,N,2017
State,06,California,Novolog,Insulin Aspart,10368,102093,126353.4,49621844.91,22793,,71533,88090.5,32658708.83,,16036,191735.29,1352676.21,N,N,N,N,2017
State,08,Colorado,Novolog,Insulin Aspart,1479,10136,13953.2,6019023.86,2512,,6465,8917.9,3581983.84,,1610,24596.51,390220.42,N,N,N,N,2017
State,09,Connecticut,Novolog,Insulin Aspart,1203,11741,15027.3,6378754.29,2799,,8654,10933.1,4377638.76,,2039,18859.86,247841.9,N,N,N,N,2017
State,10,Delaware,Novolog,Insulin Aspart,255,1732,2446,1189081.69,481,,1310,1804.4,836927.51,,354,3841.08,69059.27,N,N,N,N,2017
State,11,District of Columbia,Novolog,Insulin Aspart,323,2211,2741.4,1019254.13,555,,1577,1897.9,665365.49,,351,5574.58,31666.9,N,N,N,N,2017
State,12,Florida,Novolog,Insulin Aspart,8702,108188,144249.5,60194438.53,25992,,79869,104775.4,41139664.06,,18877,215454.14,1820562.05,N,N,N,N,2017
State,13,Georgia,Novolog,Insulin Aspart,4007,47954,60738.7,26619723.21,11497,,31178,39103.8,15717528.15,,7274,153328.05,1420585.16,N,N,N,N,2017
State,15,Hawaii,Novolog,Insulin Aspart,178,1191,1574.2,590225.64,297,,894,1200.6,436441.08,,222,2178.2,33216.81,N,N,N,N,2017
State,16,Idaho,Novolog,Insulin Aspart,631,5701,7429,3292057.12,1318,,3834,5014.7,1991613.42,,902,14410.09,277673.35,N,N,N,N,2017
State,17,Illinois,Novolog,Insulin Aspart,4909,47085,58353.9,25010030.2,10711,,31514,38830.8,15397702.97,,7194,85304.27,1322048.75,N,N,N,N,2017
State,18,Indiana,Novolog,Insulin Aspart,2696,36295,44558.7,20078489.29,7803,,25313,30524.8,12473633.05,,5339,80867.05,1120560.63,N,N,N,N,2017
State,19,Iowa,Novolog,Insulin Aspart,1833,26825,31591.5,14161954.23,4773,,19577,22828.4,9292537.56,,3453,58782.25,1164487.24,N,N,N,N,2017
State,20,Kansas,Novolog,Insulin Aspart,1408,18194,22161.1,10119804.39,3455,,13335,16080.2,6812553.29,,2484,39994.02,824322.03,N,N,N,N,2017
State,21,Kentucky,Novolog,Insulin Aspart,2262,27127,32835.4,16295463.44,6199,,16879,20356.7,8910287.67,,3853,88460.18,688844,N,N,N,N,2017
State,22,Louisiana,Novolog,Insulin Aspart,1949,20266,25496.9,11017303.96,4905,,13669,17089.2,7096619,,3272,60993.6,619665.7,N,N,N,N,2017
State,23,Maine,Novolog,Insulin Aspart,811,8025,10565,4830995.06,1659,,5858,7439.5,3128225.25,,1168,17268.98,197298.99,N,N,N,N,2017
State,24,Maryland,Novolog,Insulin Aspart,2003,15665,21329.3,9187675.26,4238,,10575,14268.7,5803659.72,,2828,51636.7,504152.75,N,N,N,N,2017
State,25,Massachusetts,Novolog,Insulin Aspart,3265,34787,44581,19523082.78,7752,,22237,28649.5,11553122.16,,5078,66773.66,645195.25,N,N,N,N,2017
State,26,Michigan,Novolog,Insulin Aspart,5501,51717,67754.3,29815180.3,12775,,32494,42294.6,17199059.46,,8068,89239.61,1448005.68,N,N,N,N,2017
State,27,Minnesota,Novolog,Insulin Aspart,2442,20690,27110.2,12540407.41,4437,,15492,20181.5,8520902.71,,3326,46089.75,1148153.44,N,N,N,N,2017
State,28,Mississippi,Novolog,Insulin Aspart,1554,22275,26532.7,11499256.62,5068,,14534,16930.1,6594370.47,,3229,52290.51,500887.75,N,N,N,N,2017
State,29,Missouri,Novolog,Insulin Aspart,2515,37022,43665.1,19285471.71,7431,,24589,28893.2,11659127.94,,4961,76110.97,1162563.95,N,N,N,N,2017
State,30,Montana,Novolog,Insulin Aspart,500,4397,5711,2529557.8,983,,3093,4018.9,1664842.78,,691,9845.07,215624.4,N,N,N,N,2017
State,31,Nebraska,Novolog,Insulin Aspart,1003,11642,13702.3,6031046.74,2287,,8351,9809.6,4017778.02,,1635,28684.25,540009.08,N,N,N,N,2017
State,32,Nevada,Novolog,Insulin Aspart,765,5435,8073.6,3748622.96,1570,,3678,5577.1,2549459.42,,1061,14398.76,192351.32,N,N,N,N,2017
State,33,New Hampshire,Novolog,Insulin Aspart,482,3960,5285.8,2417099.97,914,,2594,3491.5,1486968.1,,593,11449.36,154012.67,N,N,N,N,2017
State,34,New Jersey,Novolog,Insulin Aspart,2209,23637,29716.5,12099768.5,5632,,17960,22451.6,8794955.69,,4249,42985.98,639568.77,N,N,N,N,2017
State,35,New Mexico,Novolog,Insulin Aspart,934,7474,9402.1,4086437.52,1920,,4828,6058.6,2437700.52,,1230,17858.07,182407.99,N,N,N,N,2017
State,36,New York,Novolog,Insulin Aspart,6176,51786,66690.7,30200096.1,12220,,38796,49829.7,20937018.16,,9169,91809.3,1016520.1,N,N,N,N,2017
State,37,North Carolina,Novolog,Insulin Aspart,4163,42461,51235.1,22261747.53,9768,,28109,33482.3,13184298.93,,6463,124042.1,1188922.67,N,N,N,N,2017
State,38,North Dakota,Novolog,Insulin Aspart,416,4936,5821.3,2429354.15,879,,4132,4831.9,1850718.15,,724,16360.21,256134.25,N,N,N,N,2017
State,39,Ohio,Novolog,Insulin Aspart,4741,62719,75406.5,31773680.16,13456,,42128,50159.6,19287605.27,,9051,116195.49,1638585.83,N,N,N,N,2017
State,40,Oklahoma,Novolog,Insulin Aspart,1554,18618,21822,9361075.7,4134,,12514,14403.3,5734956.52,,2744,31570.05,481519.26,N,N,N,N,2017
State,41,Oregon,Novolog,Insulin Aspart,1983,15727,19258.7,7858154.05,3492,,10664,13001.5,4947376.81,,2342,37408.57,468398.94,N,N,N,N,2017
State,42,Pennsylvania,Novolog,Insulin Aspart,5861,74638,92023.5,39280305.93,15401,,57136,69750.3,27956529.84,,11606,128706.88,2386977.03,N,N,N,N,2017
State,44,Rhode Island,Novolog,Insulin Aspart,434,4589,5140.2,2076574.08,968,,3065,3475.1,1332799.22,,668,9327.23,85338.79,N,N,N,N,2017
State,45,South Carolina,Novolog,Insulin Aspart,1743,15784,20212.2,9147366.53,3901,,10516,13292.1,5477209.45,,2548,44092.57,578303.09,N,N,N,N,2017
State,46,South Dakota,Novolog,Insulin Aspart,436,5262,6381.3,2758237.17,1019,,4222,5078,2036735.89,,805,12160.89,308016.27,N,N,N,N,2017
State,47,Tennessee,Novolog,Insulin Aspart,3593,35986,47632.9,23975021.37,9253,,23121,30266.8,13707895.13,,5984,122093.73,1548989.39,N,N,N,N,2017
State,48,Texas,Novolog,Insulin Aspart,7388,68237,88990.8,38512604.61,17646,,48105,61614.1,25194399.45,,12195,167196.61,2101954.98,N,N,N,N,2017
State,49,Utah,Novolog,Insulin Aspart,899,8709,11470.3,5454098.15,2062,,5737,7699.6,3434944.45,,1399,14485.54,441735.01,N,N,N,N,2017
State,50,Vermont,Novolog,Insulin Aspart,239,1930,2787.9,1411491.9,458,,1309,1852.7,871377.36,,300,2465.23,69712.78,N,N,N,N,2017
State,51,Virginia,Novolog,Insulin Aspart,2820,29374,36774.9,15790875.01,6717,,20103,24721.3,9773479.27,,4553,72023.5,951195.72,N,N,N,N,2017
State,53,Washington,Novolog,Insulin Aspart,2667,20675,26473.9,11473680.77,5004,,13310,17112.8,6890103.93,,3263,52622.56,670697.1,N,N,N,N,2017
State,54,West Virginia,Novolog,Insulin Aspart,1038,11681,15157.3,7548380.37,2728,,7807,10102.9,4601447.12,,1838,34816.06,312830.52,N,N,N,N,2017
State,55,Wisconsin,Novolog,Insulin Aspart,2243,22638,28241.6,12801597.43,4664,,16984,21123.8,8896228.81,,3427,34542.52,964229.55,N,N,N,N,2017
State,56,Wyoming,Novolog,Insulin Aspart,224,1711,2251.8,1039990.07,405,,1239,1613.2,672809.7,,287,2846.52,88293.22,N,N,N,N,2017
State,72,Puerto Rico,Novolog,Insulin Aspart,768,5568,7141.6,3182906.1,1280,,3605,4598.1,1897093.72,,880,3340.07,89412.22,N,N,N,N,2017
State,78,Virgin Islands,Novolog,Insulin Aspart,6,21,39,9629.16,11,*,,,,*,,120.04,1259.81,N,N,N,N,2017
State,9B,Armed Forces Europe,Novolog,Insulin Aspart,8,94,113.7,81750.98,22,,54,67.2,39760.63,#,,94.2,4184.57,N,N,N,N,2017
State,9E,Foreign Country,Novolog,Insulin Aspart,6,26,38.7,15620.83,,*,,,,*,,3.7,1350.91,N,N,N,N,2017
National,,National,Novolog Flexpen,Insulin Aspart,174188,2185427,3242973.4,1531669354.7,545814,,1492547,2249481,990693903.11,,378352,5242563.44,84962309.89,N,N,N,N,2017
State,01,Alabama,Novolog Flexpen,Insulin Aspart,2390,27389,42300.5,20521238.87,8187,,15954,24627.6,10914897.45,,4808,102775.25,1022480.26,N,N,N,N,2017
State,02,Alaska,Novolog Flexpen,Insulin Aspart,315,1890,3004.6,1506144.61,591,,948,1640.7,721398.28,,328,4146.54,62100.6,N,N,N,N,2017
State,04,Arizona,Novolog Flexpen,Insulin Aspart,2554,20119,32208.4,16252211.82,6130,,14114,23202.9,11062676.2,,4377,48998.11,1117273.13,N,N,N,N,2017
State,05,Arkansas,Novolog Flexpen,Insulin Aspart,1614,19223,26713.2,14833001.69,5077,,10839,15395.1,7884453.95,,2968,63600.1,814686.8,N,N,N,N,2017
State,06,California,Novolog Flexpen,Insulin Aspart,12371,141397,205033.9,84687291.3,34869,,100696,147800.7,57441759.31,,25184,260750.03,2677640.48,N,N,N,N,2017
State,08,Colorado,Novolog Flexpen,Insulin Aspart,2031,14886,23115.9,10044410.7,4187,,9593,15157.8,6087623.67,,2700,37452.32,602018.81,N,N,N,N,2017
State,09,Connecticut,Novolog Flexpen,Insulin Aspart,2210,23748,39772.7,18329970.91,6571,,16183,27694.6,12130593.04,,4573,61556.83,717400.77,N,N,N,N,2017
State,10,Delaware,Novolog Flexpen,Insulin Aspart,518,5551,10021.1,5269257.61,1730,,3816,7082.1,3518502.96,,1192,19612.08,352244.91,N,N,N,N,2017
State,11,District of Columbia,Novolog Flexpen,Insulin Aspart,555,4403,6843.3,3124314.04,1329,,2506,4005.2,1660656.87,,784,15430.15,92574.81,N,N,N,N,2017
State,12,Florida,Novolog Flexpen,Insulin Aspart,10673,133286,204672.5,91993354.28,36567,,93893,144286.3,60862511.25,,25695,352872.22,3909282.7,N,N,N,N,2017
State,13,Georgia,Novolog Flexpen,Insulin Aspart,4388,58432,86756.6,40621720.21,15891,,39176,58286.8,25426504.98,,10630,202726.81,2216377.33,N,N,N,N,2017
State,15,Hawaii,Novolog Flexpen,Insulin Aspart,565,5566,10573,4712230.58,1652,,4266,8337.4,3562939.62,,1258,11469.33,265454.8,N,N,N,N,2017
State,16,Idaho,Novolog Flexpen,Insulin Aspart,970,11266,16219.9,7737247.3,2976,,7871,11530.6,5128699.35,,2095,34721.86,620522.25,N,N,N,N,2017
State,17,Illinois,Novolog Flexpen,Insulin Aspart,6398,67643,103889.5,50240789.99,17630,,47048,73735.2,33134265.53,,12562,148957.18,3146846.75,N,N,N,N,2017
State,18,Indiana,Novolog Flexpen,Insulin Aspart,3979,61078,89906.8,45739139.86,15449,,40556,60476.5,28151869.54,,10385,144800.59,2932088.02,N,N,N,N,2017
State,19,Iowa,Novolog Flexpen,Insulin Aspart,2369,40639,57663.2,29739786.44,8797,,30560,44139.2,21281956.18,,6646,81371.49,3020241.56,N,N,N,N,2017
State,20,Kansas,Novolog Flexpen,Insulin Aspart,2168,40396,56724.1,28540682.67,8893,,27882,39670.7,18614373.17,,6125,99584.67,2223214.57,N,N,N,N,2017
State,21,Kentucky,Novolog Flexpen,Insulin Aspart,3008,46784,63936.7,32975804.54,11373,,29691,41174.5,19378483.76,,7215,139259.29,1469155.49,N,N,N,N,2017
State,22,Louisiana,Novolog Flexpen,Insulin Aspart,2681,39991,58410.4,25312472.81,10721,,26956,39108.2,15962097.77,,7208,116710.07,1217247.96,N,N,N,N,2017
State,23,Maine,Novolog Flexpen,Insulin Aspart,1010,9302,15406.3,7520827.63,2461,,6509,10938.3,4971605.46,,1733,21184.36,336388.64,N,N,N,N,2017
State,24,Maryland,Novolog Flexpen,Insulin Aspart,3235,31909,51450.1,22182808.66,9390,,22318,36526.6,14811595.71,,6682,99915.4,1289778.34,N,N,N,N,2017
State,25,Massachusetts,Novolog Flexpen,Insulin Aspart,4108,44305,68300.2,33522100.38,11756,,28366,45465.9,21140574.07,,7802,90676.34,1357100.35,N,N,N,N,2017
State,26,Michigan,Novolog Flexpen,Insulin Aspart,7156,81404,130119.7,63136324.51,22635,,55145,90165.4,41222780.5,,15798,147045.39,3472955.58,N,N,N,N,2017
State,27,Minnesota,Novolog Flexpen,Insulin Aspart,4878,62202,93526.3,46530978.84,14884,,44228,68352.9,31855644.86,,10836,141079.27,4070530.42,N,N,N,N,2017
State,28,Mississippi,Novolog Flexpen,Insulin Aspart,1763,25788,36535.6,18957751.06,6986,,14506,20844.4,9846854.61,,4053,72874.75,839217.35,N,N,N,N,2017
State,29,Missouri,Novolog Flexpen,Insulin Aspart,4100,66829,91529.8,46630393.14,15958,,40298,56317.8,26320177.17,,9957,175612.95,2712451.29,N,N,N,N,2017
State,30,Montana,Novolog Flexpen,Insulin Aspart,732,7130,10130.6,4662087.79,1877,,5191,7454.7,3169490.14,,1360,18143.38,360618.66,N,N,N,N,2017
State,31,Nebraska,Novolog Flexpen,Insulin Aspart,1408,19105,25681.9,12068733.99,4285,,13875,18908.2,8204917.35,,3170,36120.42,1126726.84,N,N,N,N,2017
State,32,Nevada,Novolog Flexpen,Insulin Aspart,1187,12241,18478.7,8590440.7,3507,,8222,12721.7,5751485.78,,2406,37806.65,498448.55,N,N,N,N,2017
State,33,New Hampshire,Novolog Flexpen,Insulin Aspart,762,7325,10833.8,5518966.13,1905,,4845,7173.7,3301317.61,,1238,17504.88,319939.86,N,N,N,N,2017
State,34,New Jersey,Novolog Flexpen,Insulin Aspart,4023,56082,86484.3,36791685.28,14305,,42718,66943.1,27293142.92,,11053,101216.87,2343599.4,N,N,N,N,2017
State,35,New Mexico,Novolog Flexpen,Insulin Aspart,1147,11726,17108.3,7581822.38,3168,,7717,11198.4,4610709.42,,2067,33087.46,321152.47,N,N,N,N,2017
State,36,New York,Novolog Flexpen,Insulin Aspart,13774,177771,260771.6,113573108.16,41715,,130639,195978.2,81077554.93,,31057,330220.26,3593718.11,N,N,N,N,2017
State,37,North Carolina,Novolog Flexpen,Insulin Aspart,6410,91357,125292.5,58161699.75,22962,,56048,77543.4,32766658.74,,14290,276499.35,2553589.96,N,N,N,N,2017
State,38,North Dakota,Novolog Flexpen,Insulin Aspart,757,13703,19978.1,9609244.91,3055,,10667,15699.9,7133442.45,,2361,31835.27,1013002.2,N,N,N,N,2017
State,39,Ohio,Novolog Flexpen,Insulin Aspart,7541,111623,158438.8,74403237.93,27252,,70220,102452.1,44343581.84,,17700,230106.45,4177867.38,N,N,N,N,2017
State,40,Oklahoma,Novolog Flexpen,Insulin Aspart,2305,30335,42759.8,22993197.02,7986,,18688,26547.1,13246120.31,,4984,74929.57,1206372.13,N,N,N,N,2017
State,41,Oregon,Novolog Flexpen,Insulin Aspart,2307,18214,27289.5,12984101.91,5015,,11994,18528.1,8329597.75,,3399,44845.33,909179.8,N,N,N,N,2017
State,42,Pennsylvania,Novolog Flexpen,Insulin Aspart,9512,140211,209968.9,96809637.3,33912,,105835,160558.8,70508829.92,,25549,279726.51,6466282.36,N,N,N,N,2017
State,44,Rhode Island,Novolog Flexpen,Insulin Aspart,477,5107,6514.2,2847383.11,1151,,3640,4688.1,1942842.58,,814,7470.94,142793.61,N,N,N,N,2017
State,45,South Carolina,Novolog Flexpen,Insulin Aspart,2931,37562,54414.7,25748887.96,10226,,23456,34278.8,14822777.39,,6542,107020.26,1447617.21,N,N,N,N,2017
State,46,South Dakota,Novolog Flexpen,Insulin Aspart,704,10862,15029.5,7420111.44,2571,,8021,11245.7,5209221.21,,1882,28320.65,722959.04,N,N,N,N,2017
State,47,Tennessee,Novolog Flexpen,Insulin Aspart,4110,48463,73851,39924954.35,13917,,32947,50646.2,25565651.35,,9515,160475.67,2608187.61,N,N,N,N,2017
State,48,Texas,Novolog Flexpen,Insulin Aspart,10373,118423,185320.2,87617669.91,34550,,80498,125287.5,55098510.08,,23483,331135.09,4401543.17,N,N,N,N,2017
State,49,Utah,Novolog Flexpen,Insulin Aspart,1010,8308,13458.6,7431228.67,2524,,6145,10198,5426848.02,,1887,13932.5,731334.38,N,N,N,N,2017
State,50,Vermont,Novolog Flexpen,Insulin Aspart,573,5919,9759,5137326.19,1571,,3970,6606.4,3130702.49,,1039,12968.27,177894.73,N,N,N,N,2017
State,51,Virginia,Novolog Flexpen,Insulin Aspart,3939,47663,71463.3,32389627.51,12504,,31357,47268.3,19395222.59,,8234,127500.21,1884495.07,N,N,N,N,2017
State,53,Washington,Novolog Flexpen,Insulin Aspart,3654,31661,47376.9,22388928.59,8410,,21146,32617,14394865.4,,5757,75554.14,1400715.98,N,N,N,N,2017
State,54,West Virginia,Novolog Flexpen,Insulin Aspart,1681,28879,41441.2,21176121.38,7384,,18977,27983.9,13034205.79,,4923,73897.69,726880.03,N,N,N,N,2017
State,55,Wisconsin,Novolog Flexpen,Insulin Aspart,4116,54396,78456,41707308.51,13105,,37675,55387.9,27599449.73,,9126,86750.8,3046287.84,N,N,N,N,2017
State,56,Wyoming,Novolog Flexpen,Insulin Aspart,319,3315,4619.5,1833542.15,870,,2362,3345.7,1217927.56,,621,5628.05,155399.82,N,N,N,N,2017
State,66,Guam,Novolog Flexpen,Insulin Aspart,3,22,22.6,16145.03,,#,,,,*,,124.25,0,N,N,N,N,2017
State,72,Puerto Rico,Novolog Flexpen,Insulin Aspart,385,2157,2786.4,1252240.82,552,,1496,1875.1,801232.53,,378,3849.74,47994.39,N,N,N,N,2017
State,78,Virgin Islands,Novolog Flexpen,Insulin Aspart,18,90,132,70261.36,32,#,,,,#,,191.45,7185.25,N,N,N,N,2017
State,9B,Armed Forces Europe,Novolog Flexpen,Insulin Aspart,4,200,250,196496.22,47,,76,84.3,70308.24,,23,184.7,8859.87,N,N,N,N,2017
State,9C,Armed Forces Pacific,Novolog Flexpen,Insulin Aspart,2,23,38,16286.61,,#,,,,*,,93.6,0,N,N,N,N,2017
State,9D,Unknown,Novolog Flexpen,Insulin Aspart,1,22,38.8,18332.8,,#,,,,*,,16.5,2574.98,N,N,N,N,2017
State,9E,Foreign Country,Novolog Flexpen,Insulin Aspart,14,96,135.4,58649.63,30,,69,105.9,41683.78,#,,212.05,1395.09,N,N,N,N,2017
National,,National,Humalog,Insulin Lispro,122266,1217051,1558446.3,594380846.37,282665,,913649,1175928.2,418900374.17,,211773,2305321.43,40953610.87,N,N,N,N,2017
State,01,Alabama,Humalog,Insulin Lispro,1674,19720,24866.2,11211631.05,4606,,14112,17486.5,7330956.89,,3206,57891.89,769240.9,N,N,N,N,2017
State,02,Alaska,Humalog,Insulin Lispro,155,833,1205.3,566543.33,217,,613,892.1,382518.76,,154,1817.8,43680.25,N,N,N,N,2017
State,04,Arizona,Humalog,Insulin Lispro,3282,30402,39373.5,15724194.21,8210,,21272,27870.4,10480112.17,,5859,71704.32,1016976.67,N,N,N,N,2017
State,05,Arkansas,Humalog,Insulin Lispro,1123,9965,11674.7,5259314.38,2432,,6705,7771.4,3118476.33,,1609,34742.61,401408.95,N,N,N,N,2017
State,06,California,Humalog,Insulin Lispro,14615,130417,186032.5,55643683.36,33720,,102119,147589,41893145.16,,26431,211098.29,3776262.85,N,N,N,N,2017
State,08,Colorado,Humalog,Insulin Lispro,1949,15494,22679.3,7618118.12,3768,,11498,17313.7,5479459.51,,2871,26126.79,835182.53,N,N,N,N,2017
State,09,Connecticut,Humalog,Insulin Lispro,1356,14304,18115.1,6699339.52,3343,,11593,14767.2,5210842.43,,2688,23377.27,384724.84,N,N,N,N,2017
State,10,Delaware,Humalog,Insulin Lispro,287,4223,5496.8,1826937.66,790,,3227,4302.1,1407092.3,,626,5503.07,107053.86,N,N,N,N,2017
State,11,District of Columbia,Humalog,Insulin Lispro,396,2184,2948.7,808087.47,635,,1556,2116.4,542335.75,,435,6480.14,26611.34,N,N,N,N,2017
State,12,Florida,Humalog,Insulin Lispro,7126,67982,86449.8,33262179.54,18267,,53642,67653.7,24481195.64,,14121,137971.3,2421020.09,N,N,N,N,2017
State,13,Georgia,Humalog,Insulin Lispro,3521,40016,50817.4,22012575.86,9973,,29837,37988.4,15650136.86,,7181,119953.79,1564319.66,N,N,N,N,2017
State,15,Hawaii,Humalog,Insulin Lispro,223,1311,2006.3,529436,331,,1043,1640.1,414974.98,,264,1384.71,43737.02,N,N,N,N,2017
State,16,Idaho,Humalog,Insulin Lispro,589,4313,5584.6,2326274.07,1063,,3218,4124.3,1548330.41,,778,10813.96,247502.52,N,N,N,N,2017
State,17,Illinois,Humalog,Insulin Lispro,5557,59281,73481.1,29505363.14,13647,,43472,54505.7,20778773.01,,10016,86327.95,1667285.78,N,N,N,N,2017
State,18,Indiana,Humalog,Insulin Lispro,2833,38844,47294.4,18349174.65,8306,,29336,35784.4,12872317.05,,6167,80053.18,1388141.95,N,N,N,N,2017
State,19,Iowa,Humalog,Insulin Lispro,1239,11404,13516.2,5524401.16,2409,,8554,10143,3891290.17,,1742,25391.87,413891.96,N,N,N,N,2017
State,20,Kansas,Humalog,Insulin Lispro,940,8194,9979.9,4401373.87,1758,,6551,7937,3315259.72,,1370,17820.39,526100.28,N,N,N,N,2017
State,21,Kentucky,Humalog,Insulin Lispro,1891,18687,22596.6,10368692.8,4359,,12385,15240,6412950.63,,2863,47735.66,574772.11,N,N,N,N,2017
State,22,Louisiana,Humalog,Insulin Lispro,1201,8339,9950.8,4093972.95,2205,,5583,6702.4,2669594.86,,1500,20671.28,247745.77,N,N,N,N,2017
State,23,Maine,Humalog,Insulin Lispro,792,6659,8838.3,3895667.26,1496,,4610,5902.6,2317355.64,,1002,13036.77,174277.46,N,N,N,N,2017
State,24,Maryland,Humalog,Insulin Lispro,2047,19541,26221.7,8363666.11,4899,,14681,19632.8,5740229.37,,3641,39553.84,536211.35,N,N,N,N,2017
State,25,Massachusetts,Humalog,Insulin Lispro,3263,32592,40083.6,14516634.73,7806,,26193,32338.6,11020460.35,,6154,55400.17,979102.18,N,N,N,N,2017
State,26,Michigan,Humalog,Insulin Lispro,4846,39686,54544,22638806.69,10704,,28313,39714.8,15652098.98,,7690,65917.93,1438981.46,N,N,N,N,2017
State,27,Minnesota,Humalog,Insulin Lispro,1328,8492,11684.9,5157930.8,1929,,7275,10066,4224094.28,,1607,13891.74,568723.87,N,N,N,N,2017
State,28,Mississippi,Humalog,Insulin Lispro,924,6935,8119,3436969.88,2000,,4780,5593.3,2130448.97,,1399,15547.81,246797.52,N,N,N,N,2017
State,29,Missouri,Humalog,Insulin Lispro,2189,23103,28735.2,12728274.22,5427,,16960,21439.1,8756184.26,,3980,56484.61,1084518.65,N,N,N,N,2017
State,30,Montana,Humalog,Insulin Lispro,385,2630,3558.7,1488456.83,675,,2056,2805.9,1145402.11,,522,4946.53,106362.35,N,N,N,N,2017
State,31,Nebraska,Humalog,Insulin Lispro,702,5010,5949.3,2503559.36,1142,,3759,4487.6,1801297.04,,837,16923.39,281588.79,N,N,N,N,2017
State,32,Nevada,Humalog,Insulin Lispro,768,4923,6493.3,2703120.15,1421,,3645,4858.7,1932524.87,,1034,12252.21,265135.92,N,N,N,N,2017
State,33,New Hampshire,Humalog,Insulin Lispro,532,5523,7229.9,2957174.91,1156,,4162,5509.3,2145327.32,,871,10492.26,241248.84,N,N,N,N,2017
State,34,New Jersey,Humalog,Insulin Lispro,2704,34868,43720,14356754.67,7346,,26738,33414.1,10280447.87,,5607,39692.92,891777.35,N,N,N,N,2017
State,35,New Mexico,Humalog,Insulin Lispro,896,7151,9287.2,3716691.97,1798,,4924,6490.1,2370732.4,,1248,13490.23,168925.03,N,N,N,N,2017
State,36,New York,Humalog,Insulin Lispro,6468,64695,78277.5,26761163.68,14249,,51144,61721.9,19332783.2,,11214,81515.72,1610550.51,N,N,N,N,2017
State,37,North Carolina,Humalog,Insulin Lispro,3775,37739,45135.3,17537277.51,8778,,28858,34594.3,12569525.24,,6614,95514.15,1352101.6,N,N,N,N,2017
State,38,North Dakota,Humalog,Insulin Lispro,203,1453,1767.1,760152.62,301,,1238,1461.9,610222.86,,238,4019.88,82734.59,N,N,N,N,2017
State,39,Ohio,Humalog,Insulin Lispro,4991,57981,72808.7,27457362.89,13981,,44516,56728.4,20438650.21,,10770,120627.17,2367893.97,N,N,N,N,2017
State,40,Oklahoma,Humalog,Insulin Lispro,1154,10457,12825.8,5197270.67,2532,,7606,9330.8,3548361.89,,1837,17410.16,328569.46,N,N,N,N,2017
State,41,Oregon,Humalog,Insulin Lispro,2138,17618,23075.8,8376596.94,4041,,13740,18048,6270246.63,,3085,38292.77,905307.36,N,N,N,N,2017
State,42,Pennsylvania,Humalog,Insulin Lispro,5621,66435,79452.7,28310246.17,13320,,49115,58512.7,18957482.19,,9758,88552.78,1767037.43,N,N,N,N,2017
State,44,Rhode Island,Humalog,Insulin Lispro,503,6356,6867.7,2257975.16,1231,,4801,5182.9,1592485.9,,910,15069.36,165562.47,N,N,N,N,2017
State,45,South Carolina,Humalog,Insulin Lispro,1794,15392,19847.5,8476401.5,3798,,10918,14100.4,5564237.17,,2665,41391.26,573772.11,N,N,N,N,2017
State,46,South Dakota,Humalog,Insulin Lispro,215,1129,1459.2,615962.6,311,,877,1155.3,455188,,245,4179.21,72180.28,N,N,N,N,2017
State,47,Tennessee,Humalog,Insulin Lispro,3314,29712,38912.6,18214195.16,7730,,18419,23965.3,9966687.71,,4801,90608.31,974017.28,N,N,N,N,2017
State,48,Texas,Humalog,Insulin Lispro,7685,71765,96966.9,41111063.82,19031,,54968,74364.6,30180435.9,,14471,168144.62,2332434.84,N,N,N,N,2017
State,49,Utah,Humalog,Insulin Lispro,993,8881,11926.8,5383295.28,2163,,6927,9364.5,4087968.5,,1672,18196.41,632603.59,N,N,N,N,2017
State,50,Vermont,Humalog,Insulin Lispro,199,1369,2010.9,953665.98,353,,1062,1597.1,676251.95,,271,2035.76,75200.1,N,N,N,N,2017
State,51,Virginia,Humalog,Insulin Lispro,2641,24941,31669.1,10648063.45,6083,,19584,24963.1,7871200.4,,4703,46207.86,994920.17,N,N,N,N,2017
State,53,Washington,Humalog,Insulin Lispro,3230,25985,34016.1,12880785.68,6298,,19271,25437,9022020.66,,4659,58873.14,1146029.08,N,N,N,N,2017
State,54,West Virginia,Humalog,Insulin Lispro,768,7181,8852.5,3567372.27,1715,,5139,6394.4,2346799.95,,1219,19486.93,234415.26,N,N,N,N,2017
State,55,Wisconsin,Humalog,Insulin Lispro,2124,18782,23501,10399818.25,4031,,14545,18280.7,7528348.16,,3097,28256.15,992751.53,N,N,N,N,2017
State,56,Wyoming,Humalog,Insulin Lispro,177,1053,1420.4,587814.26,273,,740,1030.3,413280.45,,200,1654.6,66059.26,N,N,N,N,2017
State,66,Guam,Humalog,Insulin Lispro,6,24,28,9084.21,,#,,,,*,,110.39,2137.24,N,N,N,N,2017
State,69,Northern Mariana Islands,Humalog,Insulin Lispro,2,27,27,13662,,,27,27,13662,*,,234.26,2193.72,N,N,N,N,2017
State,72,Puerto Rico,Humalog,Insulin Lispro,2884,64735,78702,30509560.47,12098,,45467,55270.7,19936420.54,,8831,20174.96,821545.04,N,N,N,N,2017
State,78,Virgin Islands,Humalog,Insulin Lispro,27,178,195.8,71176.46,43,,153,168.7,62516.96,#,,84.5,11066.09,N,N,N,N,2017
State,9B,Armed Forces Europe,Humalog,Insulin Lispro,6,53,69.8,55462.15,15,,25,39.7,22633.91,*,,112.7,2247.23,N,N,N,N,2017
State,9E,Foreign Country,Humalog,Insulin Lispro,10,78,87.9,28548.33,20,#,,,,#,,60.6,790.56,N,N,N,N,2017
National,,National,Humalog Junior Kwikpen,Insulin Lispro,108,119,242.4,82778.63,110,,90,190.2,62556.45,,82,253.08,6842.41,N,N,N,N,2017
State,12,Florida,Humalog Junior Kwikpen,Insulin Lispro,14,16,23.2,7982.63,14,#,,,,#,,91.95,642.02,N,N,N,N,2017
State,36,New York,Humalog Junior Kwikpen,Insulin Lispro,11,14,26.1,6313.09,11,*,,,,*,,15.65,333.4,N,N,N,N,2017
State,48,Texas,Humalog Junior Kwikpen,Insulin Lispro,12,14,34.7,10283.12,13,#,,,,*,,28.05,560.07,N,N,N,N,2017
National,,National,Humalog Kwikpen U-100,Insulin Lispro,152559,1512633,2370122.9,1089064600.8,414059,,1136757,1821225.6,798950330.62,,314504,3273708.03,77150070.37,N,N,N,N,2017
State,01,Alabama,Humalog Kwikpen U-100,Insulin Lispro,2278,29406,44977.5,22079559.02,8414,,20369,31369.1,14690881.19,,5796,91948.82,1495085.82,N,N,N,N,2017
State,02,Alaska,Humalog Kwikpen U-100,Insulin Lispro,267,1478,2498.5,1145938.04,497,,1008,1768.9,759716.64,,334,2981.57,82682.24,N,N,N,N,2017
State,04,Arizona,Humalog Kwikpen U-100,Insulin Lispro,2591,18793,32121.5,14936830.26,6190,,14479,25356.5,11412307.9,,4839,42415.14,1291183.21,N,N,N,N,2017
State,05,Arkansas,Humalog Kwikpen U-100,Insulin Lispro,1247,10901,15297.7,8454880,2922,,7046,10051.4,5115546.64,,1914,32455.89,619931.06,N,N,N,N,2017
State,06,California,Humalog Kwikpen U-100,Insulin Lispro,13776,116054,186841.9,70281669.4,33967,,92320,151211.1,55404836.71,,27242,227911.29,5322141.28,N,N,N,N,2017
State,08,Colorado,Humalog Kwikpen U-100,Insulin Lispro,2153,14179,23816.5,9792025.15,4272,,10688,18371.4,7321741.07,,3221,29484.44,930090.11,N,N,N,N,2017
State,09,Connecticut,Humalog Kwikpen U-100,Insulin Lispro,2065,21123,36530.1,16394314.39,6131,,16514,29106.5,12606908.91,,4828,53318.64,897915.87,N,N,N,N,2017
State,10,Delaware,Humalog Kwikpen U-100,Insulin Lispro,557,6385,12005.4,5888253.81,2065,,4742,9204.7,4360254.52,,1556,18082.97,358388.9,N,N,N,N,2017
State,11,District of Columbia,Humalog Kwikpen U-100,Insulin Lispro,516,3914,6297,2654119.37,1139,,2404,4072.4,1601319.32,,736,9696.29,103529.75,N,N,N,N,2017
State,12,Florida,Humalog Kwikpen U-100,Insulin Lispro,8392,79651,127697.3,58291463.39,24516,,63130,102711,45159388.21,,19411,179508.9,4721970.72,N,N,N,N,2017
State,13,Georgia,Humalog Kwikpen U-100,Insulin Lispro,3779,41519,64571.3,30815880.61,11874,,31426,49789.4,22714695.77,,8965,121420.99,2256501.12,N,N,N,N,2017
State,15,Hawaii,Humalog Kwikpen U-100,Insulin Lispro,473,3245,5793,2401687.83,929,,2407,4426,1726307.19,,702,6252.81,98292.61,N,N,N,N,2017
State,16,Idaho,Humalog Kwikpen U-100,Insulin Lispro,727,5564,8318.2,3867548.44,1596,,3984,6072.5,2656332.63,,1162,11108.5,366032.05,N,N,N,N,2017
State,17,Illinois,Humalog Kwikpen U-100,Insulin Lispro,6564,76877,124058.3,58497817.01,20461,,60540,99648.6,44770990.38,,16213,126898.45,3576567.71,N,N,N,N,2017
State,18,Indiana,Humalog Kwikpen U-100,Insulin Lispro,3783,50354,77688,39055423.76,13759,,37127,58623.1,27687857.99,,10153,104279.24,2995671.68,N,N,N,N,2017
State,19,Iowa,Humalog Kwikpen U-100,Insulin Lispro,1410,12642,18909.2,9745246.7,3183,,10117,15437.7,7593468.62,,2517,24533.41,853512.81,N,N,N,N,2017
State,20,Kansas,Humalog Kwikpen U-100,Insulin Lispro,1429,14627,21660.8,10465827.14,3639,,11615,17442.2,7874200.2,,2843,29817.95,1168247.21,N,N,N,N,2017
State,21,Kentucky,Humalog Kwikpen U-100,Insulin Lispro,2394,26003,36415.2,18004301.1,6662,,17740,25695.2,11848465.32,,4481,77614.35,1000734.69,N,N,N,N,2017
State,22,Louisiana,Humalog Kwikpen U-100,Insulin Lispro,1423,10401,14973.5,6539634.02,3049,,7358,10708.9,4513139.07,,2130,21322.04,385658.6,N,N,N,N,2017
State,23,Maine,Humalog Kwikpen U-100,Insulin Lispro,920,7045,11866.7,5604467.08,1961,,4856,8176.5,3566474.64,,1353,16778.77,292118.44,N,N,N,N,2017
State,24,Maryland,Humalog Kwikpen U-100,Insulin Lispro,2841,25060,42550.7,17682821.71,7561,,18508,32366,12985278.41,,5699,66187.01,1143903.34,N,N,N,N,2017
State,25,Massachusetts,Humalog Kwikpen U-100,Insulin Lispro,3682,31090,48852.6,22287974.56,9076,,24363,39026.8,17308353.53,,7094,62065.62,1590551.45,N,N,N,N,2017
State,26,Michigan,Humalog Kwikpen U-100,Insulin Lispro,6207,55440,97400.2,47084482.9,17535,,42169,76935.8,36216148.7,,13737,79809.4,3184088.3,N,N,N,N,2017
State,27,Minnesota,Humalog Kwikpen U-100,Insulin Lispro,2663,19845,31114.3,15113213.66,5106,,16336,25954.3,12236848.58,,4140,39513.21,1575431.7,N,N,N,N,2017
State,28,Mississippi,Humalog Kwikpen U-100,Insulin Lispro,910,6065,8658,4533352.34,1949,,4229,6190.2,2972349.61,,1364,15830.06,325913.06,N,N,N,N,2017
State,29,Missouri,Humalog Kwikpen U-100,Insulin Lispro,3353,38664,56204,28209157.27,10381,,27526,41301.7,19666876.31,,7460,93810.26,2205550.04,N,N,N,N,2017
State,30,Montana,Humalog Kwikpen U-100,Insulin Lispro,486,3420,5246.3,2323412.55,946,,2828,4354.8,1846466.36,,758,7337.43,137566,N,N,N,N,2017
State,31,Nebraska,Humalog Kwikpen U-100,Insulin Lispro,854,6578,9033.5,4193174.51,1721,,5096,7070.4,3135673.12,,1305,22929.54,438369.93,N,N,N,N,2017
State,32,Nevada,Humalog Kwikpen U-100,Insulin Lispro,1038,9564,14776.7,7400231.46,2953,,7587,11821.8,5757547.29,,2306,29259.78,660480.4,N,N,N,N,2017
State,33,New Hampshire,Humalog Kwikpen U-100,Insulin Lispro,729,6203,10351.8,5017279.64,1796,,4720,8071.5,3768787.42,,1360,16873.27,417376.5,N,N,N,N,2017
State,34,New Jersey,Humalog Kwikpen U-100,Insulin Lispro,4113,56460,91555.6,38455095.12,14736,,43777,72550.3,29560849.43,,11692,78177.57,2602516.38,N,N,N,N,2017
State,35,New Mexico,Humalog Kwikpen U-100,Insulin Lispro,977,8129,13327.6,6442843.63,2449,,5777,9771.5,4458507.15,,1783,16689.34,279647.38,N,N,N,N,2017
State,36,New York,Humalog Kwikpen U-100,Insulin Lispro,12228,126914,187004.3,80736055.87,32687,,96780,146051,60322806.63,,25231,209428.2,4707177.1,N,N,N,N,2017
State,37,North Carolina,Humalog Kwikpen U-100,Insulin Lispro,5543,61481,87756.7,40962517.99,16536,,45770,66578.2,29389444.03,,12338,149811.6,2914591.37,N,N,N,N,2017
State,38,North Dakota,Humalog Kwikpen U-100,Insulin Lispro,404,3705,5339.3,2445264.88,853,,3127,4528.3,2030134.99,,703,7570.18,335001.02,N,N,N,N,2017
State,39,Ohio,Humalog Kwikpen U-100,Insulin Lispro,6804,75556,118808.2,54888497.29,21700,,57736,93757.3,41959892.57,,16759,161206.57,4672066.22,N,N,N,N,2017
State,40,Oklahoma,Humalog Kwikpen U-100,Insulin Lispro,1559,11954,19023.6,9202304.33,3678,,8540,13959.9,6479037.94,,2647,22491.81,588755.77,N,N,N,N,2017
State,41,Oregon,Humalog Kwikpen U-100,Insulin Lispro,2067,16695,26676.1,11864479.04,4624,,13103,21304.8,9031937.75,,3626,40987.09,1325283.88,N,N,N,N,2017
State,42,Pennsylvania,Humalog Kwikpen U-100,Insulin Lispro,8293,91540,137501.5,61550542.52,23015,,62699,96484.7,40678941.49,,16065,173221.6,3653697.12,N,N,N,N,2017
State,44,Rhode Island,Humalog Kwikpen U-100,Insulin Lispro,496,6011,7665.1,3095782.22,1336,,4847,6215.9,2419265.57,,1055,16680.69,248080.13,N,N,N,N,2017
State,45,South Carolina,Humalog Kwikpen U-100,Insulin Lispro,2693,32376,47991.2,22864425.19,9056,,21953,33199.8,14901719.45,,6287,87257.91,1257917.31,N,N,N,N,2017
State,46,South Dakota,Humalog Kwikpen U-100,Insulin Lispro,283,2007,2959.5,1422646.67,532,,1636,2429.7,1142300.65,,423,4442.53,163724.11,N,N,N,N,2017
State,47,Tennessee,Humalog Kwikpen U-100,Insulin Lispro,3619,33534,52060.8,26746352.16,9893,,22711,35771.9,17177586.52,,6790,95610.7,1560089.79,N,N,N,N,2017
State,48,Texas,Humalog Kwikpen U-100,Insulin Lispro,9847,104657,177047.1,85811347.17,31941,,77364,132497.2,61539665.92,,23774,267332.72,4165148.17,N,N,N,N,2017
State,49,Utah,Humalog Kwikpen U-100,Insulin Lispro,931,7567,12562.6,6515944.76,2286,,6221,10479.9,5267818.08,,1889,18481.45,793494,N,N,N,N,2017
State,50,Vermont,Humalog Kwikpen U-100,Insulin Lispro,387,2966,5173.6,2432817.2,870,,2364,4153.3,1831658.4,,659,4773.92,166725.34,N,N,N,N,2017
State,51,Virginia,Humalog Kwikpen U-100,Insulin Lispro,3179,28386,44575.5,19532333.41,8360,,22159,35511.2,14984729.75,,6473,61973.78,1712319.85,N,N,N,N,2017
State,53,Washington,Humalog Kwikpen U-100,Insulin Lispro,3835,32336,52211.2,22953703.61,9153,,24809,41260,17144121.43,,7091,79350.02,2204626.75,N,N,N,N,2017
State,54,West Virginia,Humalog Kwikpen U-100,Insulin Lispro,1180,11250,16266.3,7991591.17,3146,,7352,10941.3,4882184.49,,2088,28581.17,396232.84,N,N,N,N,2017
State,55,Wisconsin,Humalog Kwikpen U-100,Insulin Lispro,3522,38702,57728.5,30191169.38,9972,,28822,43831,21541912.34,,7425,82037.85,2626123.75,N,N,N,N,2017
State,56,Wyoming,Humalog Kwikpen U-100,Insulin Lispro,207,1552,2150.7,794199.17,379,,1232,1744.9,603834.18,,305,1548.08,92107.46,N,N,N,N,2017
State,66,Guam,Humalog Kwikpen U-100,Insulin Lispro,16,106,111.9,36670.4,22,,91,96.9,28634.47,#,,914.9,7315.34,N,N,N,N,2017
State,69,Northern Mariana Islands,Humalog Kwikpen U-100,Insulin Lispro,4,16,22.3,8704.75,,#,,,,*,,14.8,574.38,N,N,N,N,2017
State,72,Puerto Rico,Humalog Kwikpen U-100,Insulin Lispro,809,6172,7360.1,2987826.54,1375,,4210,5098,1945902.43,,953,2799.02,146994.08,N,N,N,N,2017
State,78,Virgin Islands,Humalog Kwikpen U-100,Insulin Lispro,35,353,563.1,282895.52,110,,332,525.7,267372.61,,99,657.29,28295.93,N,N,N,N,2017
State,9B,Armed Forces Europe,Humalog Kwikpen U-100,Insulin Lispro,6,80,95.2,57169.25,22,#,,,,#,,195.45,2471.9,N,N,N,N,2017
State,9C,Armed Forces Pacific,Humalog Kwikpen U-100,Insulin Lispro,3,12,16,10188.07,,*,,,,*,,0,1793.91,N,N,N,N,2017
State,9E,Foreign Country,Humalog Kwikpen U-100,Insulin Lispro,11,21,38.3,12614.48,12,#,,,,*,,17.5,1712.49,N,N,N,N,2017
National,,National,Humalog Kwikpen U-200,Insulin Lispro,16130,82989,124418.9,94127610.94,23550,,55619,86693.9,60758111.59,,16212,187843.2,4740085.73,N,N,N,N,2017
State,01,Alabama,Humalog Kwikpen U-200,Insulin Lispro,380,2041,2903.9,1919184.76,596,,1292,1827.7,1098659.64,,372,7156.27,95130.32,N,N,N,N,2017
State,02,Alaska,Humalog Kwikpen U-200,Insulin Lispro,10,39,62.8,72127.46,11,#,,,,*,,48.65,520,N,N,N,N,2017
State,04,Arizona,Humalog Kwikpen U-200,Insulin Lispro,311,1458,2338.3,1598998.02,465,,984,1698.6,1022121.05,,334,3303.43,87363.16,N,N,N,N,2017
State,05,Arkansas,Humalog Kwikpen U-200,Insulin Lispro,105,527,718.2,535398.33,134,,304,404.3,272756.77,,79,1899.68,31705.85,N,N,N,N,2017
State,06,California,Humalog Kwikpen U-200,Insulin Lispro,1230,6484,9375.5,6644668.6,1907,,4763,7097.8,4742202.97,,1430,13180.1,358034.69,N,N,N,N,2017
State,08,Colorado,Humalog Kwikpen U-200,Insulin Lispro,132,538,801.3,603533.89,156,,387,601.9,457877.55,,111,998.39,42443.73,N,N,N,N,2017
State,09,Connecticut,Humalog Kwikpen U-200,Insulin Lispro,181,1010,1627.7,1306811.73,287,,756,1221.9,894849.49,,209,4167.82,55867.04,N,N,N,N,2017
State,10,Delaware,Humalog Kwikpen U-200,Insulin Lispro,83,522,957.2,698442.91,171,,338,638.4,413514.8,,118,908.35,28591.4,N,N,N,N,2017
State,11,District of Columbia,Humalog Kwikpen U-200,Insulin Lispro,39,136,217.2,131203.79,50,,78,134.4,66443.83,,28,675.83,4716.09,N,N,N,N,2017
State,12,Florida,Humalog Kwikpen U-200,Insulin Lispro,1112,5567,8665.7,5601720.3,1697,,4071,6490.3,3965625.59,,1245,16059.93,350241.27,N,N,N,N,2017
State,13,Georgia,Humalog Kwikpen U-200,Insulin Lispro,574,3103,4481.8,3143050.92,875,,2083,3111,2005081.86,,588,9902.85,159580.41,N,N,N,N,2017
State,15,Hawaii,Humalog Kwikpen U-200,Insulin Lispro,27,105,144.3,84758.54,31,,40,63.3,32060.52,,16,386.93,634.32,N,N,N,N,2017
State,16,Idaho,Humalog Kwikpen U-200,Insulin Lispro,60,293,415.4,313499.25,79,,185,277.7,179264.43,,52,744.19,20331.36,N,N,N,N,2017
State,17,Illinois,Humalog Kwikpen U-200,Insulin Lispro,572,2702,4115.6,3102924.71,739,,1881,2969,2152049.51,,514,3938.6,136408.36,N,N,N,N,2017
State,18,Indiana,Humalog Kwikpen U-200,Insulin Lispro,480,2444,3612.6,3128911.51,680,,1487,2326.2,1849203.61,,428,5302.1,158316.3,N,N,N,N,2017
State,19,Iowa,Humalog Kwikpen U-200,Insulin Lispro,86,377,496.2,535255.86,95,,225,301.4,224451.53,,56,1911.67,21542.02,N,N,N,N,2017
State,20,Kansas,Humalog Kwikpen U-200,Insulin Lispro,121,660,894.4,740962.03,144,,427,608.1,499136.51,,96,1658.59,53346.43,N,N,N,N,2017
State,21,Kentucky,Humalog Kwikpen U-200,Insulin Lispro,271,1508,2128.6,1818688.26,400,,691,1111.6,864184.56,,209,4345.62,61333.77,N,N,N,N,2017
State,22,Louisiana,Humalog Kwikpen U-200,Insulin Lispro,177,695,912.8,637962.79,201,,441,593.3,416595.33,,132,2096.78,31230.53,N,N,N,N,2017
State,23,Maine,Humalog Kwikpen U-200,Insulin Lispro,62,396,558.8,559313.42,91,,194,296.6,224120.51,,50,1073.97,10125.69,N,N,N,N,2017
State,24,Maryland,Humalog Kwikpen U-200,Insulin Lispro,297,1366,2393.9,1868338.98,449,,1000,1846.4,1375391.59,,329,4816.94,91555.78,N,N,N,N,2017
State,25,Massachusetts,Humalog Kwikpen U-200,Insulin Lispro,252,1156,1653.7,1348398.31,346,,753,1138.3,894407.23,,224,1466.53,65746.84,N,N,N,N,2017
State,26,Michigan,Humalog Kwikpen U-200,Insulin Lispro,629,2944,5074.3,4048513.37,952,,2171,3960.8,3018904.99,,717,3435.96,209775.3,N,N,N,N,2017
State,27,Minnesota,Humalog Kwikpen U-200,Insulin Lispro,123,620,811.5,872596.34,127,,322,455.6,452662.73,,74,738.65,44009.89,N,N,N,N,2017
State,28,Mississippi,Humalog Kwikpen U-200,Insulin Lispro,90,423,552.3,432404.84,120,,288,376.5,237233.43,,78,1143.51,22479.6,N,N,N,N,2017
State,29,Missouri,Humalog Kwikpen U-200,Insulin Lispro,347,2108,2885.8,2374043.8,565,,1308,1867.6,1460912.04,,365,2931.24,120216.5,N,N,N,N,2017
State,30,Montana,Humalog Kwikpen U-200,Insulin Lispro,28,121,153.5,155099.26,28,,54,64.5,60843.51,,14,138.6,8151.5,N,N,N,N,2017
State,31,Nebraska,Humalog Kwikpen U-200,Insulin Lispro,85,378,472.3,460356.32,92,,242,302.7,200051.5,,61,1265.76,31599.56,N,N,N,N,2017
State,32,Nevada,Humalog Kwikpen U-200,Insulin Lispro,162,751,1194.3,913653.06,242,,581,928.8,664683.12,,184,2084.24,59768.59,N,N,N,N,2017
State,33,New Hampshire,Humalog Kwikpen U-200,Insulin Lispro,53,490,676.2,685735.29,108,,289,420.8,407276.73,,66,1325.78,29115.01,N,N,N,N,2017
State,34,New Jersey,Humalog Kwikpen U-200,Insulin Lispro,493,3328,5558.3,3761048.76,946,,2390,4137.7,2713067.41,,708,3974.88,211042.85,N,N,N,N,2017
State,35,New Mexico,Humalog Kwikpen U-200,Insulin Lispro,101,540,835.3,641707.25,162,,378,605.3,449530.67,,114,1246.36,17505.41,N,N,N,N,2017
State,36,New York,Humalog Kwikpen U-200,Insulin Lispro,1151,6283,9432.5,7000325.59,1737,,4484,7047.7,4754356.54,,1288,8896.99,313952.15,N,N,N,N,2017
State,37,North Carolina,Humalog Kwikpen U-200,Insulin Lispro,601,3324,4539.6,3427719.54,870,,2079,2890.4,2031133.05,,563,9557.08,165089.17,N,N,N,N,2017
State,38,North Dakota,Humalog Kwikpen U-200,Insulin Lispro,19,71,103.7,105526.96,25,,45,70,65307.51,#,,116.02,6300.57,N,N,N,N,2017
State,39,Ohio,Humalog Kwikpen U-200,Insulin Lispro,776,4064,5955.2,4818556.15,1162,,2727,4194.4,3257540.5,,806,7818.4,281048.7,N,N,N,N,2017
State,40,Oklahoma,Humalog Kwikpen U-200,Insulin Lispro,189,935,1373.8,996682.34,264,,628,923.2,623749.66,,173,1933.31,48733.9,N,N,N,N,2017
State,41,Oregon,Humalog Kwikpen U-200,Insulin Lispro,135,660,956.9,957887.69,180,,399,619.3,577560.6,,121,2235.73,54410.58,N,N,N,N,2017
State,42,Pennsylvania,Humalog Kwikpen U-200,Insulin Lispro,782,4541,6705.8,5019659.7,1192,,2801,4367.1,3021207.44,,758,7020.1,252333.3,N,N,N,N,2017
State,44,Rhode Island,Humalog Kwikpen U-200,Insulin Lispro,38,270,321.7,281516.97,57,,203,242.8,195354.3,,39,228.45,20264.13,N,N,N,N,2017
State,45,South Carolina,Humalog Kwikpen U-200,Insulin Lispro,487,2810,3942.2,2812707.9,753,,1723,2518.5,1719870.93,,486,7716.18,121150.07,N,N,N,N,2017
State,46,South Dakota,Humalog Kwikpen U-200,Insulin Lispro,9,26,51.6,50409.59,,#,,,,*,,16.5,3310.99,N,N,N,N,2017
State,47,Tennessee,Humalog Kwikpen U-200,Insulin Lispro,454,2112,3196.7,2428145.98,661,,1251,1919.2,1347009.73,,388,5930.68,127258.13,N,N,N,N,2017
State,48,Texas,Humalog Kwikpen U-200,Insulin Lispro,1711,8220,13087.6,9356437.47,2680,,5643,9075.1,6126217.32,,1827,22749.91,382757.28,N,N,N,N,2017
State,49,Utah,Humalog Kwikpen U-200,Insulin Lispro,122,589,864.5,762559.05,154,,422,620.4,410628.94,,114,297.41,61802,N,N,N,N,2017
State,50,Vermont,Humalog Kwikpen U-200,Insulin Lispro,32,146,194,265387.12,35,,63,79.9,82026.65,,19,518.7,6392.35,N,N,N,N,2017
State,51,Virginia,Humalog Kwikpen U-200,Insulin Lispro,280,1181,1888.5,1526111.7,370,,805,1372,971249.33,,254,2582.15,90770.55,N,N,N,N,2017
State,53,Washington,Humalog Kwikpen U-200,Insulin Lispro,220,937,1390.3,1412572.73,256,,604,941.1,778009.76,,173,2060.68,74640.55,N,N,N,N,2017
State,54,West Virginia,Humalog Kwikpen U-200,Insulin Lispro,158,841,1155,809250.83,251,,533,783.1,551801.53,,159,2133.06,39953.45,N,N,N,N,2017
State,55,Wisconsin,Humalog Kwikpen U-200,Insulin Lispro,150,560,835.2,846458.23,166,,357,566.9,514401.02,,109,648.19,47836.78,N,N,N,N,2017
State,56,Wyoming,Humalog Kwikpen U-200,Insulin Lispro,18,73,116.1,87121.26,18,#,,,,#,,57.75,4039.99,N,N,N,N,2017
State,72,Puerto Rico,Humalog Kwikpen U-200,Insulin Lispro,116,484,575.2,379656.47,139,,304,359.1,199854.1,,89,563.39,15355.63,N,N,N,N,2017
State,78,Virgin Islands,Humalog Kwikpen U-200,Insulin Lispro,5,12,13.5,6372.49,,,12,13.5,6372.49,*,,0,862.43,N,N,N,N,2017
National,,National,Apidra,Insulin Glulisine,3473,12623,18052.8,9008417.48,3465,,8292,12442.1,5759734.49,,2291,28841.27,627355.24,N,N,N,N,2017
State,01,Alabama,Apidra,Insulin Glulisine,37,136,197.7,110703.03,42,,86,113.1,51229.97,,30,192.6,5242.32,N,N,N,N,2017
State,02,Alaska,Apidra,Insulin Glulisine,4,19,23.8,13075.71,,#,,,,*,,0,3273.5,N,N,N,N,2017
State,04,Arizona,Apidra,Insulin Glulisine,64,281,377.6,208445.14,65,,174,227.6,123840.94,,38,318.65,13120.71,N,N,N,N,2017
State,05,Arkansas,Apidra,Insulin Glulisine,31,90,110.7,62156.78,29,,41,54.5,16245.2,,14,850.26,1890.16,N,N,N,N,2017
State,06,California,Apidra,Insulin Glulisine,457,1668,2201.4,966577.94,460,,1157,1574.8,659851.68,,318,3984.48,61099.88,N,N,N,N,2017
State,08,Colorado,Apidra,Insulin Glulisine,25,80,134.8,65873.61,24,,27,55.8,24607.23,,12,74.85,3828.13,N,N,N,N,2017
State,09,Connecticut,Apidra,Insulin Glulisine,38,113,234.4,125604.37,37,,91,193.7,105291.04,#,,40.4,3765.11,N,N,N,N,2017
State,10,Delaware,Apidra,Insulin Glulisine,8,25,60.5,45123.95,,#,,,,*,,3.7,3859.8,N,N,N,N,2017
State,11,District of Columbia,Apidra,Insulin Glulisine,8,17,18.3,16795.59,,*,,,,*,,68.85,0,N,N,N,N,2017
State,12,Florida,Apidra,Insulin Glulisine,143,418,702.8,324741.95,141,,336,579.8,258359.58,,110,1391.4,22798.17,N,N,N,N,2017
State,13,Georgia,Apidra,Insulin Glulisine,83,291,360.2,209022.07,84,,196,251.4,143143.61,,51,908.48,18709.29,N,N,N,N,2017
State,16,Idaho,Apidra,Insulin Glulisine,20,62,73.1,31006.77,19,,43,50.9,23187.34,#,,376.37,5648.52,N,N,N,N,2017
State,17,Illinois,Apidra,Insulin Glulisine,138,451,646.9,260130.34,123,,312,479.7,177780.83,,81,483.8,21042.26,N,N,N,N,2017
State,18,Indiana,Apidra,Insulin Glulisine,83,333,437.5,279240.9,89,,194,266.8,134006.78,,50,653.09,14988.67,N,N,N,N,2017
State,19,Iowa,Apidra,Insulin Glulisine,38,159,200.3,89596.14,36,,109,143.3,56000.63,,25,181.8,4912.88,N,N,N,N,2017
State,20,Kansas,Apidra,Insulin Glulisine,19,90,108.6,46833.76,19,,27,35.8,12412.88,*,,82.5,5401.18,N,N,N,N,2017
State,21,Kentucky,Apidra,Insulin Glulisine,62,195,245.5,141652.49,58,,55,76.1,32734.39,,24,650.83,2966.65,N,N,N,N,2017
State,22,Louisiana,Apidra,Insulin Glulisine,97,409,453.2,181912.9,108,,308,345.3,129403.37,,77,649.61,12648.53,N,N,N,N,2017
State,23,Maine,Apidra,Insulin Glulisine,11,15,20.6,10283.33,,*,,,,*,,40.55,768.13,N,N,N,N,2017
State,24,Maryland,Apidra,Insulin Glulisine,57,191,333,134287.72,68,,132,262.2,96392.61,,45,589.15,12378.52,N,N,N,N,2017
State,25,Massachusetts,Apidra,Insulin Glulisine,38,138,245,137267.85,41,,103,186.4,105200.66,,29,143.7,11973.36,N,N,N,N,2017
State,26,Michigan,Apidra,Insulin Glulisine,448,1536,2149.5,1065019.11,466,,861,1296.9,619911.94,,245,4727.42,78524.23,N,N,N,N,2017
State,27,Minnesota,Apidra,Insulin Glulisine,31,135,151,77662.61,29,,69,74.3,40590.82,,14,126.9,6798.47,N,N,N,N,2017
State,28,Mississippi,Apidra,Insulin Glulisine,13,42,54.9,37775.51,13,,27,35,19045.75,*,,94.45,419.34,N,N,N,N,2017
State,29,Missouri,Apidra,Insulin Glulisine,67,219,356,155867.68,62,,158,246.8,103134.17,,42,368.5,13358.06,N,N,N,N,2017
State,30,Montana,Apidra,Insulin Glulisine,8,16,22.8,10180.21,,*,,,,*,,22.2,1124.24,N,N,N,N,2017
State,31,Nebraska,Apidra,Insulin Glulisine,8,35,47.2,40871.64,,*,,,,*,,48.1,101.73,N,N,N,N,2017
State,32,Nevada,Apidra,Insulin Glulisine,18,59,88.6,49332.79,19,,39,64.6,35017.58,#,,76.25,7848.86,N,N,N,N,2017
State,33,New Hampshire,Apidra,Insulin Glulisine,6,22,43.8,20482.5,,,22,43.8,20482.5,*,,74.25,530,N,N,N,N,2017
State,34,New Jersey,Apidra,Insulin Glulisine,112,438,790.2,385628.85,113,,322,601.8,270047.68,,80,296.9,20369.37,N,N,N,N,2017
State,35,New Mexico,Apidra,Insulin Glulisine,7,25,40.2,38627.35,,#,,,,*,,14.8,1916.03,N,N,N,N,2017
State,36,New York,Apidra,Insulin Glulisine,184,703,1137,578985.13,185,,566,928.4,437357.3,,143,1675.64,27268.68,N,N,N,N,2017
State,37,North Carolina,Apidra,Insulin Glulisine,90,349,495.7,251924.55,98,,154,234.6,116366.24,,58,1082.54,17456.78,N,N,N,N,2017
State,38,North Dakota,Apidra,Insulin Glulisine,3,22,34.4,36006.76,,*,,,,*,,24.75,1555.33,N,N,N,N,2017
State,39,Ohio,Apidra,Insulin Glulisine,142,544,778.2,453904.02,146,,436,645.5,363885.23,,110,2147.87,31275.51,N,N,N,N,2017
State,40,Oklahoma,Apidra,Insulin Glulisine,34,115,157.8,69919.95,31,,61,80.7,29655.24,,17,85.35,3673.77,N,N,N,N,2017
State,41,Oregon,Apidra,Insulin Glulisine,45,143,197.5,85081.51,46,,81,116.8,43165.23,,30,457.11,10786.77,N,N,N,N,2017
State,42,Pennsylvania,Apidra,Insulin Glulisine,257,1144,1636.6,890916.08,273,,808,1241.6,631580.44,,201,1826.36,71954.81,N,N,N,N,2017
State,44,Rhode Island,Apidra,Insulin Glulisine,6,11,18.3,3430.84,,*,,,,*,,265.81,617.4,N,N,N,N,2017
State,45,South Carolina,Apidra,Insulin Glulisine,31,135,207.4,110645.55,34,,107,163.5,90217.3,,23,119.5,12689.31,N,N,N,N,2017
State,46,South Dakota,Apidra,Insulin Glulisine,6,20,31.2,14556.23,,*,,,,*,,45.25,829.87,N,N,N,N,2017
State,47,Tennessee,Apidra,Insulin Glulisine,56,186,287.5,149947.41,54,,121,190,81690.05,,37,196.3,11940.63,N,N,N,N,2017
State,48,Texas,Apidra,Insulin Glulisine,163,594,854.9,433697.81,180,,365,572,251092.33,,133,2277.31,33834.56,N,N,N,N,2017
State,49,Utah,Apidra,Insulin Glulisine,22,89,107,52311.76,22,,45,50,22345.03,#,,46.17,6381.5,N,N,N,N,2017
State,51,Virginia,Apidra,Insulin Glulisine,68,211,347.3,179120.2,63,,135,226.5,104895.93,,39,308.84,8828.1,N,N,N,N,2017
State,53,Washington,Apidra,Insulin Glulisine,63,200,267,129352.91,59,,121,167.4,68047.18,,35,482.18,11100.92,N,N,N,N,2017
State,54,West Virginia,Apidra,Insulin Glulisine,30,116,152.7,77738.97,30,,78,103.3,42810.39,#,,114.1,6483.51,N,N,N,N,2017
State,55,Wisconsin,Apidra,Insulin Glulisine,21,63,96.3,42061.94,19,,31,53,20882.17,#,,123.45,2729.07,N,N,N,N,2017
State,56,Wyoming,Apidra,Insulin Glulisine,4,20,22,6937.4,,#,,,,*,,7.4,806.86,N,N,N,N,2017
State,72,Puerto Rico,Apidra,Insulin Glulisine,64,237,276.4,94173.96,56,,166,194.7,69068.49,,38,20.5,4823.48,N,N,N,N,2017
National,,National,Apidra Solostar,Insulin Glulisine,7086,25073,39882,19029425.79,7698,,17750,29583.8,13385858.6,,5524,58909.22,1343233.26,N,N,N,N,2017
State,01,Alabama,Apidra Solostar,Insulin Glulisine,96,296,453.8,232852.66,102,,183,275.9,154144.17,,67,1365.01,12918.37,N,N,N,N,2017
State,04,Arizona,Apidra Solostar,Insulin Glulisine,111,348,639.3,312208.19,119,,285,546.2,249593.09,,97,1045.32,23902.03,N,N,N,N,2017
State,05,Arkansas,Apidra Solostar,Insulin Glulisine,41,120,173.9,74514.91,40,,51,90.9,31701.7,,23,602.53,4528.05,N,N,N,N,2017
State,06,California,Apidra Solostar,Insulin Glulisine,753,2959,4338,1825523.74,945,,2061,3105.7,1268714.3,,662,7345.44,99989.9,N,N,N,N,2017
State,08,Colorado,Apidra Solostar,Insulin Glulisine,42,148,225.9,96405.8,41,,83,136.4,58421.07,,23,405.18,5655.28,N,N,N,N,2017
State,09,Connecticut,Apidra Solostar,Insulin Glulisine,62,213,416.1,153746.54,62,,149,310.5,109207.83,,47,312.1,6786.85,N,N,N,N,2017
State,10,Delaware,Apidra Solostar,Insulin Glulisine,24,81,168.4,95821.76,28,#,,,,#,,310.7,4842.57,N,N,N,N,2017
State,11,District of Columbia,Apidra Solostar,Insulin Glulisine,20,46,67,29833.07,20,,23,32.4,13307.24,#,,406.89,370,N,N,N,N,2017
State,12,Florida,Apidra Solostar,Insulin Glulisine,292,906,1582.2,757469.7,319,,728,1306.2,594008.92,,256,1842.16,53456.66,N,N,N,N,2017
State,13,Georgia,Apidra Solostar,Insulin Glulisine,136,449,690.5,327136.09,140,,324,514.7,223991.43,,100,972.62,27724.91,N,N,N,N,2017
State,15,Hawaii,Apidra Solostar,Insulin Glulisine,39,186,370.4,169468.29,54,,171,344.4,160830.91,#,,48.1,5281.05,N,N,N,N,2017
State,16,Idaho,Apidra Solostar,Insulin Glulisine,48,161,260.6,102957.06,54,,134,225,89048.36,#,,276.51,17814.07,N,N,N,N,2017
State,17,Illinois,Apidra Solostar,Insulin Glulisine,200,637,1082,513541.96,201,,484,867.5,398999.4,,159,1401.91,44979.52,N,N,N,N,2017
State,18,Indiana,Apidra Solostar,Insulin Glulisine,268,860,1335.3,660043.41,310,,540,884.2,415917.76,,186,1923.46,41285.07,N,N,N,N,2017
State,19,Iowa,Apidra Solostar,Insulin Glulisine,60,221,295.1,152541.25,56,,165,222.4,112460.18,,38,494.49,8291.95,N,N,N,N,2017
State,20,Kansas,Apidra Solostar,Insulin Glulisine,53,189,276,153605.45,52,,113,156.7,90316.33,,30,170.27,12722.82,N,N,N,N,2017
State,21,Kentucky,Apidra Solostar,Insulin Glulisine,145,504,712.3,391109.71,165,,281,430.4,210102.29,,94,1329.38,22753.22,N,N,N,N,2017
State,22,Louisiana,Apidra Solostar,Insulin Glulisine,156,441,638.5,317662.81,173,,296,445.1,220570.49,,116,1227.8,14344.31,N,N,N,N,2017
State,23,Maine,Apidra Solostar,Insulin Glulisine,23,77,142.1,57413.72,22,,58,113.3,39385.34,#,,153.35,2923.68,N,N,N,N,2017
State,24,Maryland,Apidra Solostar,Insulin Glulisine,123,374,706,315393.45,132,,270,548.7,236877.98,,88,1525.55,19323.18,N,N,N,N,2017
State,25,Massachusetts,Apidra Solostar,Insulin Glulisine,82,285,439.1,215248.38,73,,162,271.9,123397.49,,48,1265.68,9805.63,N,N,N,N,2017
State,26,Michigan,Apidra Solostar,Insulin Glulisine,689,2626,4577.5,2313146.73,812,,1925,3497.5,1675116.97,,606,7934.77,232019.66,N,N,N,N,2017
State,27,Minnesota,Apidra Solostar,Insulin Glulisine,83,277,365,161711.22,74,,154,205.5,77161.54,,44,334.35,12468.75,N,N,N,N,2017
State,28,Mississippi,Apidra Solostar,Insulin Glulisine,39,134,213.2,99124.66,39,,83,141.7,54898.44,,27,312.65,6591.7,N,N,N,N,2017
State,29,Missouri,Apidra Solostar,Insulin Glulisine,84,321,480.8,252818.91,89,,235,368.8,185748.03,,59,1379.3,18721.04,N,N,N,N,2017
State,30,Montana,Apidra Solostar,Insulin Glulisine,12,33,47.1,26240.31,11,,15,28.5,13705.75,*,,84.5,769.47,N,N,N,N,2017
State,31,Nebraska,Apidra Solostar,Insulin Glulisine,29,75,125.9,60195.93,28,,43,71.7,36119.38,#,,65.45,6186.27,N,N,N,N,2017
State,32,Nevada,Apidra Solostar,Insulin Glulisine,39,138,241.2,120302.97,57,,102,184.6,87604.16,,38,322.05,8128.65,N,N,N,N,2017
State,33,New Hampshire,Apidra Solostar,Insulin Glulisine,15,35,65.3,38039.1,14,#,,,,#,,92.75,2559.72,N,N,N,N,2017
State,34,New Jersey,Apidra Solostar,Insulin Glulisine,244,893,1887.3,885976.1,316,,701,1514,643680.51,,251,1489.4,44539.49,N,N,N,N,2017
State,35,New Mexico,Apidra Solostar,Insulin Glulisine,12,28,58.2,42592.03,11,#,,,,*,,46.1,2318.16,N,N,N,N,2017
State,36,New York,Apidra Solostar,Insulin Glulisine,573,2027,3142.8,1431577.32,622,,1555,2511.7,1092102.92,,472,5135.38,70314.14,N,N,N,N,2017
State,37,North Carolina,Apidra Solostar,Insulin Glulisine,177,590,825.3,458972.45,184,,387,578.3,279159.19,,131,1156.99,33188.7,N,N,N,N,2017
State,38,North Dakota,Apidra Solostar,Insulin Glulisine,7,13,29.3,6017.29,,#,,,,*,,11.95,901.9,N,N,N,N,2017
State,39,Ohio,Apidra Solostar,Insulin Glulisine,312,1026,1662.7,819010.75,317,,786,1323.8,606087.16,,248,2165.87,61512.68,N,N,N,N,2017
State,40,Oklahoma,Apidra Solostar,Insulin Glulisine,81,288,428.9,206306.62,88,,174,279.9,123414.12,,59,387.1,18687.43,N,N,N,N,2017
State,41,Oregon,Apidra Solostar,Insulin Glulisine,71,248,410.3,214654.15,72,,172,297.9,146807.84,,52,329.58,20708.92,N,N,N,N,2017
State,42,Pennsylvania,Apidra Solostar,Insulin Glulisine,744,3306,5083.8,2400238.04,883,,2336,3756.1,1715785.38,,631,6212.81,184077.07,N,N,N,N,2017
State,44,Rhode Island,Apidra Solostar,Insulin Glulisine,21,57,76.1,44953.06,19,,29,44.1,24489.82,#,,60.6,1970.92,N,N,N,N,2017
State,45,South Carolina,Apidra Solostar,Insulin Glulisine,118,358,522.3,257591.8,126,,263,379.9,169888.32,,92,710.15,14227.35,N,N,N,N,2017
State,46,South Dakota,Apidra Solostar,Insulin Glulisine,7,12,25.4,5643.72,,#,,,,*,,3.7,914.6,N,N,N,N,2017
State,47,Tennessee,Apidra Solostar,Insulin Glulisine,82,237,372.9,216859.82,80,,177,276.9,146717.56,,58,432.73,17328.79,N,N,N,N,2017
State,48,Texas,Apidra Solostar,Insulin Glulisine,391,1130,1716.7,836396.35,396,,821,1289.3,609939.82,,296,2547.69,70615.11,N,N,N,N,2017
State,49,Utah,Apidra Solostar,Insulin Glulisine,23,61,100.2,50549.34,21,#,,,,#,,16.5,9297.75,N,N,N,N,2017
State,50,Vermont,Apidra Solostar,Insulin Glulisine,6,18,44.2,20332.23,,#,,,,*,,7.4,1478.38,N,N,N,N,2017
State,51,Virginia,Apidra Solostar,Insulin Glulisine,143,400,640.3,286019.71,146,,254,455.3,196922.93,,86,769.74,17733.89,N,N,N,N,2017
State,53,Washington,Apidra Solostar,Insulin Glulisine,129,553,756.2,322752.08,133,,325,474.3,184617.03,,79,1052.95,16774.12,N,N,N,N,2017
State,54,West Virginia,Apidra Solostar,Insulin Glulisine,62,288,407.9,226757.98,70,,149,223.3,122561.55,,41,504.6,13103.51,N,N,N,N,2017
State,55,Wisconsin,Apidra Solostar,Insulin Glulisine,62,181,298,142963.7,53,,149,240.4,100494.56,,39,883.96,9846.12,N,N,N,N,2017
State,72,Puerto Rico,Apidra Solostar,Insulin Glulisine,47,194,227.4,112087.35,37,,128,159,52752.61,#,,0.75,4982.44,N,N,N,N,2017
National,,National,Fiasp,Insulin Aspart (Niacinamide),814,2013,3294.8,2007797.85,959,,1225,2135.4,1240391.07,,604,3276.32,124896.36,N,N,N,N,2018
State,01,Alabama,Fiasp,Insulin Aspart (Niacinamide),26,40,64.4,27610.87,23,,18,32.1,14413.27,*,,74.2,1538.54,N,N,N,N,2018
State,04,Arizona,Fiasp,Insulin Aspart (Niacinamide),12,16,39.8,19549.57,12,#,,,,*,,3.7,1768.79,N,N,N,N,2018
State,06,California,Fiasp,Insulin Aspart (Niacinamide),67,175,247.1,152613.47,72,,136,201.2,127634.95,,51,150.85,11780.16,N,N,N,N,2018
State,08,Colorado,Fiasp,Insulin Aspart (Niacinamide),17,58,105.1,52185.66,20,,27,55.3,25422.32,#,,63.95,2462.37,N,N,N,N,2018
State,09,Connecticut,Fiasp,Insulin Aspart (Niacinamide),8,16,47.3,29196.51,,,16,47.3,29196.51,*,,0,372.13,N,N,N,N,2018
State,12,Florida,Fiasp,Insulin Aspart (Niacinamide),69,185,308.5,209635.67,81,,119,218.5,129505.5,,53,213.3,9494.6,N,N,N,N,2018
State,13,Georgia,Fiasp,Insulin Aspart (Niacinamide),30,72,98,46730,36,,35,49.2,22534.73,,17,198.15,4644.18,N,N,N,N,2018
State,17,Illinois,Fiasp,Insulin Aspart (Niacinamide),34,76,113.4,66305.18,33,,32,59.1,36205.48,,19,80.55,2835.69,N,N,N,N,2018
State,18,Indiana,Fiasp,Insulin Aspart (Niacinamide),9,23,24.2,12467.67,,#,,,,*,,0,1587.66,N,N,N,N,2018
State,20,Kansas,Fiasp,Insulin Aspart (Niacinamide),12,23,33,22190.12,13,#,,,,*,,145.45,3108.99,N,N,N,N,2018
State,21,Kentucky,Fiasp,Insulin Aspart (Niacinamide),8,14,21.5,11817.48,,*,,,,*,,12.05,549.49,N,N,N,N,2018
State,22,Louisiana,Fiasp,Insulin Aspart (Niacinamide),10,28,39.3,22072.22,13,,11,11.3,8902.47,*,,45.35,231,N,N,N,N,2018
State,24,Maryland,Fiasp,Insulin Aspart (Niacinamide),18,58,139.8,66515.55,31,#,,,,#,,56.55,3865.98,N,N,N,N,2018
State,25,Massachusetts,Fiasp,Insulin Aspart (Niacinamide),15,43,61.8,31072.75,18,,30,47,25560.54,#,,37.95,2710.33,N,N,N,N,2018
State,26,Michigan,Fiasp,Insulin Aspart (Niacinamide),22,41,67.4,33044.25,24,,19,32.3,14817.01,*,,89.95,2203.05,N,N,N,N,2018
State,27,Minnesota,Fiasp,Insulin Aspart (Niacinamide),10,16,33.3,22247.88,11,#,,,,*,,19.45,1604.96,N,N,N,N,2018
State,28,Mississippi,Fiasp,Insulin Aspart (Niacinamide),23,73,86.3,83144.61,22,,25,26,11465.33,*,,149.35,952.52,N,N,N,N,2018
State,29,Missouri,Fiasp,Insulin Aspart (Niacinamide),15,41,56.7,33697.52,18,,16,20.3,10159.4,*,,158.24,1408.94,N,N,N,N,2018
State,32,Nevada,Fiasp,Insulin Aspart (Niacinamide),12,32,68.3,34129.42,18,#,,,,#,,3.7,2930.35,N,N,N,N,2018
State,33,New Hampshire,Fiasp,Insulin Aspart (Niacinamide),3,25,27.6,8765.13,,#,,,,*,,11.1,1463.93,N,N,N,N,2018
State,34,New Jersey,Fiasp,Insulin Aspart (Niacinamide),20,36,57.7,33952.23,21,#,,,,#,,218.4,2439.53,N,N,N,N,2018
State,35,New Mexico,Fiasp,Insulin Aspart (Niacinamide),6,16,16.5,9758.32,,*,,,,*,,11.1,47,N,N,N,N,2018
State,36,New York,Fiasp,Insulin Aspart (Niacinamide),67,187,327.2,232184.59,90,,102,171.9,123588.61,,54,149.05,6305.36,N,N,N,N,2018
State,37,North Carolina,Fiasp,Insulin Aspart (Niacinamide),28,73,100.1,61928.79,28,,41,60.6,29245.16,#,,300.03,3877.39,N,N,N,N,2018
State,39,Ohio,Fiasp,Insulin Aspart (Niacinamide),24,58,91.1,47112.87,29,,42,65.3,34928.79,#,,358.91,4867.6,N,N,N,N,2018
State,41,Oregon,Fiasp,Insulin Aspart (Niacinamide),10,28,46.8,27229.61,13,#,,,,#,,7.4,2819.69,N,N,N,N,2018
State,42,Pennsylvania,Fiasp,Insulin Aspart (Niacinamide),41,104,182.5,112315.27,54,,68,131.1,76511.02,,37,79.7,10737.88,N,N,N,N,2018
State,45,South Carolina,Fiasp,Insulin Aspart (Niacinamide),13,49,86.5,50083.15,19,,26,44.8,24011.72,#,,31.5,4084.19,N,N,N,N,2018
State,47,Tennessee,Fiasp,Insulin Aspart (Niacinamide),21,59,76.6,57217.78,26,,44,54.8,44379.85,#,,80.65,4347.6,N,N,N,N,2018
State,48,Texas,Fiasp,Insulin Aspart (Niacinamide),64,164,330.8,216633.96,93,,115,237.9,160397.16,,63,254.19,13986.71,N,N,N,N,2018
State,49,Utah,Fiasp,Insulin Aspart (Niacinamide),7,19,21.1,27113.64,,*,,,,*,,7.4,572.38,N,N,N,N,2018
State,51,Virginia,Fiasp,Insulin Aspart (Niacinamide),13,24,37.8,23028.83,17,#,,,,*,,24.1,2246.32,N,N,N,N,2018
State,53,Washington,Fiasp,Insulin Aspart (Niacinamide),10,21,48.6,20709.38,11,#,,,,*,,61.2,2764.76,N,N,N,N,2018
State,54,West Virginia,Fiasp,Insulin Aspart (Niacinamide),10,16,19.7,11674.21,,*,,,,*,,53.8,205,N,N,N,N,2018
State,55,Wisconsin,Fiasp,Insulin Aspart (Niacinamide),17,32,57.9,29280.84,18,,16,32.1,15100.58,*,,29.6,2400.63,N,N,N,N,2018
National,,National,Fiasp Flextouch,Insulin Aspart (Niacinamide),2018,6180,10140.8,5448423.57,2785,,3967,6791.2,3420997.88,,1885,11935.19,353768.49,N,N,N,N,2018
State,01,Alabama,Fiasp Flextouch,Insulin Aspart (Niacinamide),27,118,219.8,94798.43,61,,72,136.4,53287.47,,36,160.45,8687.03,N,N,N,N,2018
State,04,Arizona,Fiasp Flextouch,Insulin Aspart (Niacinamide),38,102,183.5,123238.93,47,,77,145.2,80410.72,,36,46.3,7377.69,N,N,N,N,2018
State,05,Arkansas,Fiasp Flextouch,Insulin Aspart (Niacinamide),16,55,95,70088.01,18,,30,57.5,34724.89,*,,41.75,5331.9,N,N,N,N,2018
State,06,California,Fiasp Flextouch,Insulin Aspart (Niacinamide),148,461,723.8,352054.99,194,,307,514.3,228355.09,,137,431.2,22539.32,N,N,N,N,2018
State,08,Colorado,Fiasp Flextouch,Insulin Aspart (Niacinamide),16,61,93.5,35213.83,18,,45,72.8,24403.78,#,,40.8,4531.04,N,N,N,N,2018
State,09,Connecticut,Fiasp Flextouch,Insulin Aspart (Niacinamide),29,97,171.9,88094.72,39,,68,123.5,48891.3,#,,86.25,3695.09,N,N,N,N,2018
State,12,Florida,Fiasp Flextouch,Insulin Aspart (Niacinamide),197,636,1114.2,553117.86,309,,426,732.8,359004.67,,213,1542.94,33529.78,N,N,N,N,2018
State,13,Georgia,Fiasp Flextouch,Insulin Aspart (Niacinamide),50,147,235.6,127256.43,67,,82,139,73687.04,,37,839.76,7680.48,N,N,N,N,2018
State,15,Hawaii,Fiasp Flextouch,Insulin Aspart (Niacinamide),2,12,27,8413.96,,,12,27,8413.96,*,,0,438.54,N,N,N,N,2018
State,16,Idaho,Fiasp Flextouch,Insulin Aspart (Niacinamide),7,12,24.9,10888.98,,*,,,,*,,12.05,1700.91,N,N,N,N,2018
State,17,Illinois,Fiasp Flextouch,Insulin Aspart (Niacinamide),70,193,329.2,167692.62,90,,136,243.7,126584.54,,66,347.66,13627.33,N,N,N,N,2018
State,18,Indiana,Fiasp Flextouch,Insulin Aspart (Niacinamide),40,115,163,108998.01,54,,72,96.2,67477.96,,35,259.71,5388.19,N,N,N,N,2018
State,19,Iowa,Fiasp Flextouch,Insulin Aspart (Niacinamide),10,25,44.1,34153.67,,*,,,,*,,0,3448.92,N,N,N,N,2018
State,20,Kansas,Fiasp Flextouch,Insulin Aspart (Niacinamide),47,144,232.8,145231.37,65,,119,189.2,121056.56,,49,105.29,15959.75,N,N,N,N,2018
State,21,Kentucky,Fiasp Flextouch,Insulin Aspart (Niacinamide),32,92,140.8,102141.55,36,,47,78.8,42804.63,,23,492.47,3898.48,N,N,N,N,2018
State,22,Louisiana,Fiasp Flextouch,Insulin Aspart (Niacinamide),29,87,119.1,75558.09,39,,55,77.3,46048.15,,24,28.75,5094,N,N,N,N,2018
State,24,Maryland,Fiasp Flextouch,Insulin Aspart (Niacinamide),34,93,198.6,98206.65,52,,79,172.7,85656.45,#,,54.65,6080.75,N,N,N,N,2018
State,25,Massachusetts,Fiasp Flextouch,Insulin Aspart (Niacinamide),44,107,175,85310.87,55,,88,141.7,67446.43,,44,646.31,4760.91,N,N,N,N,2018
State,26,Michigan,Fiasp Flextouch,Insulin Aspart (Niacinamide),67,151,275,139984.33,78,,77,155,58804.55,,46,556.13,6032.46,N,N,N,N,2018
State,27,Minnesota,Fiasp Flextouch,Insulin Aspart (Niacinamide),28,98,162.3,85992.1,38,,46,84.7,48300.44,,21,136.25,4253.69,N,N,N,N,2018
State,28,Mississippi,Fiasp Flextouch,Insulin Aspart (Niacinamide),66,222,330.2,179678.95,103,,111,164.7,77472.47,,55,537.33,7314.6,N,N,N,N,2018
State,29,Missouri,Fiasp Flextouch,Insulin Aspart (Niacinamide),47,182,249.4,185772.67,75,,95,140,86394.24,,43,170.56,11085.87,N,N,N,N,2018
State,30,Montana,Fiasp Flextouch,Insulin Aspart (Niacinamide),4,13,17,9903.93,,,13,17,9903.93,*,,8.35,1063.85,N,N,N,N,2018
State,31,Nebraska,Fiasp Flextouch,Insulin Aspart (Niacinamide),8,26,32.9,19899.59,,#,,,,*,,0,2247.6,N,N,N,N,2018
State,32,Nevada,Fiasp Flextouch,Insulin Aspart (Niacinamide),21,84,144.3,65041.11,35,#,,,,#,,27.8,6743.64,N,N,N,N,2018
State,33,New Hampshire,Fiasp Flextouch,Insulin Aspart (Niacinamide),10,28,52.2,21129.51,12,,13,29,9084.48,*,,12.05,1354.29,N,N,N,N,2018
State,34,New Jersey,Fiasp Flextouch,Insulin Aspart (Niacinamide),75,219,414,205147.73,103,,173,328.5,160740.09,,82,165.6,15809.74,N,N,N,N,2018
State,35,New Mexico,Fiasp Flextouch,Insulin Aspart (Niacinamide),11,32,45.7,17658.7,16,,21,29.1,12097.97,#,,462.34,960.14,N,N,N,N,2018
State,36,New York,Fiasp Flextouch,Insulin Aspart (Niacinamide),165,541,867.5,408946.09,222,,391,657.8,284839.6,,168,468.52,16053.38,N,N,N,N,2018
State,37,North Carolina,Fiasp Flextouch,Insulin Aspart (Niacinamide),56,145,229,132516.52,71,,76,126.7,75153.94,,43,205.55,7020.37,N,N,N,N,2018
State,38,North Dakota,Fiasp Flextouch,Insulin Aspart (Niacinamide),18,37,67.4,29520.66,16,,20,38.8,15484.63,*,,405.99,2160.75,N,N,N,N,2018
State,39,Ohio,Fiasp Flextouch,Insulin Aspart (Niacinamide),78,230,330.8,191991.69,97,,110,184.6,95154.4,,58,165.95,11149.48,N,N,N,N,2018
State,40,Oklahoma,Fiasp Flextouch,Insulin Aspart (Niacinamide),11,27,53.9,25121.9,14,*,,,,*,,25.05,2365.46,N,N,N,N,2018
State,41,Oregon,Fiasp Flextouch,Insulin Aspart (Niacinamide),9,22,32.7,12438.76,,#,,,,*,,32.45,1482.32,N,N,N,N,2018
State,42,Pennsylvania,Fiasp Flextouch,Insulin Aspart (Niacinamide),111,326,560.3,295700.1,163,,214,392.6,194304.33,,118,783.34,21028.28,N,N,N,N,2018
State,45,South Carolina,Fiasp Flextouch,Insulin Aspart (Niacinamide),34,105,144.3,82927,46,,57,80.8,42821.74,,29,537.54,6537.63,N,N,N,N,2018
State,46,South Dakota,Fiasp Flextouch,Insulin Aspart (Niacinamide),6,22,28.3,12790.83,,*,,,,*,,57.4,1194.57,N,N,N,N,2018
State,47,Tennessee,Fiasp Flextouch,Insulin Aspart (Niacinamide),56,220,331.5,206813.36,100,,105,158,93637.1,,55,394.26,14485.06,N,N,N,N,2018
State,48,Texas,Fiasp Flextouch,Insulin Aspart (Niacinamide),144,434,762.9,439190.15,213,,283,508.2,289599.64,,136,987.39,28292.55,N,N,N,N,2018
State,49,Utah,Fiasp Flextouch,Insulin Aspart (Niacinamide),9,19,29.9,12675.78,,#,,,,*,,16.7,1854.73,N,N,N,N,2018
State,51,Virginia,Fiasp Flextouch,Insulin Aspart (Niacinamide),48,160,254.4,130874.91,69,,116,197.7,95985.86,,54,395.23,11727.97,N,N,N,N,2018
State,53,Washington,Fiasp Flextouch,Insulin Aspart (Niacinamide),33,95,170.4,73888.98,38,,63,105.6,51829.03,,25,171.87,5488.33,N,N,N,N,2018
State,54,West Virginia,Fiasp Flextouch,Insulin Aspart (Niacinamide),18,50,71.4,61358.29,25,,32,50.2,43044.4,#,,16.7,2433.72,N,N,N,N,2018
State,55,Wisconsin,Fiasp Flextouch,Insulin Aspart (Niacinamide),26,91,115.5,80155.07,37,,48,69,47155.61,,22,24.1,3901.37,N,N,N,N,2018
National,,National,Novolog,Insulin Aspart,115494,1189144,1531148.9,694730781.87,266129,,835809,1066844,450550792.23,,186364,2659453.94,34769263.74,N,N,N,N,2018
State,01,Alabama,Novolog,Insulin Aspart,1647,18056,23147.7,10549863.87,4351,,11756,14524.2,5824754.74,,2763,56356.66,531132.55,N,N,N,N,2018
State,02,Alaska,Novolog,Insulin Aspart,123,679,908.4,485905.52,175,,469,598.1,264793.86,,111,1226.07,23655.68,N,N,N,N,2018
State,04,Arizona,Novolog,Insulin Aspart,2712,21865,29592.3,13275511.12,5666,,14529,19877.2,8450302.78,,3834,52201.03,710948.46,N,N,N,N,2018
State,05,Arkansas,Novolog,Insulin Aspart,1444,18870,21613.1,9316986.06,3969,,12523,14101.9,5550407.37,,2527,44869.93,403031,N,N,N,N,2018
State,06,California,Novolog,Insulin Aspart,9559,92357,117251.7,48076752.22,20514,,65734,82995.7,32140592.88,,14765,175531.4,1317519.19,N,N,N,N,2018
State,08,Colorado,Novolog,Insulin Aspart,1476,9861,14203.4,6432677.85,2497,,6452,9361.3,3962541.8,,1648,21545.82,401340.22,N,N,N,N,2018
State,09,Connecticut,Novolog,Insulin Aspart,1147,10916,14239.4,6403357.42,2620,,8117,10434.2,4475502.54,,1938,17467.83,255640.62,N,N,N,N,2018
State,10,Delaware,Novolog,Insulin Aspart,219,1523,2235,1156228.34,419,,1092,1621,808045.27,,295,3146.55,76531.04,N,N,N,N,2018
State,11,District of Columbia,Novolog,Insulin Aspart,272,1989,2542,985898.29,508,,1340,1661.7,598406.82,,337,4563.24,26561.92,N,N,N,N,2018
State,12,Florida,Novolog,Insulin Aspart,8367,103693,142618.5,62255818.09,24831,,77675,105068.5,43183356.62,,18240,223381.56,1860929.93,N,N,N,N,2018
State,13,Georgia,Novolog,Insulin Aspart,3694,44052,57383.6,26233246.56,10490,,29087,37334.4,15818283.85,,6888,126356.46,1338911.23,N,N,N,N,2018
State,15,Hawaii,Novolog,Insulin Aspart,178,1085,1410.1,554369.22,277,,862,1126.7,427076.32,,217,2620.11,32154.99,N,N,N,N,2018
State,16,Idaho,Novolog,Insulin Aspart,620,5457,7142,3396014.04,1260,,3766,4860.7,2082395.76,,856,12886.68,264888.35,N,N,N,N,2018
State,17,Illinois,Novolog,Insulin Aspart,4759,45820,58027.7,25843311.28,10342,,31316,39506,16395335.03,,7086,84520.96,1322195.74,N,N,N,N,2018
State,18,Indiana,Novolog,Insulin Aspart,2558,32796,41101.3,19051601.91,6999,,23137,28677.2,12329010.88,,4878,77910.5,1052161.12,N,N,N,N,2018
State,19,Iowa,Novolog,Insulin Aspart,1688,24962,29528.1,13697733.02,4385,,18997,22230.3,9473103.65,,3240,53307.61,1059967.23,N,N,N,N,2018
State,20,Kansas,Novolog,Insulin Aspart,1306,14980,18824.8,9270169.97,2973,,11010,13656.8,6093987.69,,2153,37279.21,717297.69,N,N,N,N,2018
State,21,Kentucky,Novolog,Insulin Aspart,2144,25188,30901.9,15859423.84,5729,,16181,19726.8,9049449.59,,3663,78428.87,659112.78,N,N,N,N,2018
State,22,Louisiana,Novolog,Insulin Aspart,1914,19382,24604.4,11013469.95,4686,,13316,16775.4,7131115.32,,3174,55291.46,579427.07,N,N,N,N,2018
State,23,Maine,Novolog,Insulin Aspart,784,7476,10052.8,4739331.33,1580,,5414,7031.5,3077116.89,,1124,12675.59,163947.73,N,N,N,N,2018
State,24,Maryland,Novolog,Insulin Aspart,1938,14343,20274.1,9342835.91,4011,,9898,13946.1,6141500.51,,2748,48223.78,479238.59,N,N,N,N,2018
State,25,Massachusetts,Novolog,Insulin Aspart,3180,33270,43686.6,19905524.89,7324,,21860,28750.2,12153886.33,,4881,57974.62,597729.01,N,N,N,N,2018
State,26,Michigan,Novolog,Insulin Aspart,5301,50785,67453.3,30762633.33,12302,,32229,42552.3,18139751.87,,7850,122875.95,1452853.3,N,N,N,N,2018
State,27,Minnesota,Novolog,Insulin Aspart,2235,18130,24523.9,11824205.64,3961,,13693,18468.5,8111441.61,,3016,34128.35,1025110.13,N,N,N,N,2018
State,28,Mississippi,Novolog,Insulin Aspart,1565,22000,26452.7,11823422.43,4907,,14583,17145.8,6926725.5,,3191,50245.91,460508.57,N,N,N,N,2018
State,29,Missouri,Novolog,Insulin Aspart,2335,33245,39570.7,17901855.12,6850,,22542,26656.5,11165334.52,,4655,72956.97,1062666.94,N,N,N,N,2018
State,30,Montana,Novolog,Insulin Aspart,502,4687,6176.1,2789324.62,1005,,3335,4444.2,1886826.54,,724,9916.08,222759.03,N,N,N,N,2018
State,31,Nebraska,Novolog,Insulin Aspart,984,10434,12544.3,5749213.99,2123,,7657,9102.4,3802452.34,,1550,23944.37,470676.75,N,N,N,N,2018
State,32,Nevada,Novolog,Insulin Aspart,744,4993,7672.5,3653108.74,1452,,3400,5363.7,2517037.74,,996,12398.04,178446.95,N,N,N,N,2018
State,33,New Hampshire,Novolog,Insulin Aspart,468,4012,5456.1,2623430.74,950,,2704,3697.1,1631558.13,,636,9579.33,155888.65,N,N,N,N,2018
State,34,New Jersey,Novolog,Insulin Aspart,2085,21989,27997.6,11853439.84,5077,,17054,21544.3,8825204.24,,3898,39848.21,595124.33,N,N,N,N,2018
State,35,New Mexico,Novolog,Insulin Aspart,822,6608,8560.5,3872662.66,1655,,4349,5693.6,2464294.09,,1072,17269.22,181918.36,N,N,N,N,2018
State,36,New York,Novolog,Insulin Aspart,5659,46417,61624.7,29813829.29,11269,,35020,46267.3,20823377.73,,8466,74940.29,987681.97,N,N,N,N,2018
State,37,North Carolina,Novolog,Insulin Aspart,3861,37506,46122.4,20872714.51,8837,,25240,30646.5,12700365.51,,5935,104259.85,1162220.09,N,N,N,N,2018
State,38,North Dakota,Novolog,Insulin Aspart,372,4263,5189.3,2360053.06,787,,3584,4292,1827234.13,,645,13302.15,220671.95,N,N,N,N,2018
State,39,Ohio,Novolog,Insulin Aspart,4386,57380,70084.8,30714012.65,12315,,39014,47407.5,19121072.7,,8447,106752.23,1601292.97,N,N,N,N,2018
State,40,Oklahoma,Novolog,Insulin Aspart,1552,17956,21465.5,9525716.31,4024,,12222,14396.6,5950667.4,,2713,28656.13,484539.59,N,N,N,N,2018
State,41,Oregon,Novolog,Insulin Aspart,1917,14502,17969.3,7649266.45,3299,,9936,12232.8,4831942.91,,2265,34356.23,454130.4,N,N,N,N,2018
State,42,Pennsylvania,Novolog,Insulin Aspart,5606,71906,89924.6,40379881.25,14935,,54896,68069.3,28803662.55,,11323,134241.57,2192207.82,N,N,N,N,2018
State,44,Rhode Island,Novolog,Insulin Aspart,388,3695,4384.1,1892199.94,787,,2434,2860.5,1191676.34,,530,5448.3,73436.01,N,N,N,N,2018
State,45,South Carolina,Novolog,Insulin Aspart,1612,12906,17131.3,8125231.14,3305,,8582,11336.3,4958235.88,,2193,40454.58,533715.33,N,N,N,N,2018
State,46,South Dakota,Novolog,Insulin Aspart,440,5151,6327.1,2803048.4,1018,,4047,4949.4,2050408.34,,767,10855.72,305074.9,N,N,N,N,2018
State,47,Tennessee,Novolog,Insulin Aspart,3447,32614,43819.3,22758633.29,8468,,21247,28257.5,13197066.17,,5469,107663.59,1434180.02,N,N,N,N,2018
State,48,Texas,Novolog,Insulin Aspart,7137,66543,88862.6,40841927.61,17158,,48777,64057.2,28084006.64,,12308,159879.32,2217768.89,N,N,N,N,2018
State,49,Utah,Novolog,Insulin Aspart,842,7394,9963.6,4960472.13,1831,,4981,6806.4,3214077.17,,1256,15908.87,371785.29,N,N,N,N,2018
State,50,Vermont,Novolog,Insulin Aspart,204,1587,2302.6,1179210.84,389,,1087,1553.9,743863.49,,265,3319.91,55392.41,N,N,N,N,2018
State,51,Virginia,Novolog,Insulin Aspart,2672,25792,33175.1,14886227.82,6031,,17626,22160.1,9043048.27,,4067,65917.54,868376.7,N,N,N,N,2018
State,53,Washington,Novolog,Insulin Aspart,2492,18385,23996.6,10629948.42,4470,,12293,16031.9,6630419.95,,2945,46831.85,665106.26,N,N,N,N,2018
State,54,West Virginia,Novolog,Insulin Aspart,995,11594,15208.2,7870302.02,2650,,7838,10329.5,4873259.77,,1787,30193.44,338829.83,N,N,N,N,2018
State,55,Wisconsin,Novolog,Insulin Aspart,2142,21051,26767.5,12455831.84,4315,,16090,20427.4,8875937.68,,3249,29313.55,959350.15,N,N,N,N,2018
State,56,Wyoming,Novolog,Insulin Aspart,202,1412,1941.9,946999.78,341,,1087,1469.2,677338.77,,259,3348.79,83056.04,N,N,N,N,2018
State,72,Puerto Rico,Novolog,Insulin Aspart,765,5254,6805.1,3165731.61,1232,,3521,4512.3,1943311.45,,843,2512.1,72219.56,N,N,N,N,2018
State,78,Virgin Islands,Novolog,Insulin Aspart,3,21,31.9,14419.6,,*,,,,*,,76,798.41,N,N,N,N,2018
State,9B,Armed Forces Europe,Novolog,Insulin Aspart,6,95,101.1,83752.02,19,,48,52.7,27184.3,*,,91.51,4839.91,N,N,N,N,2018
State,9D,Unknown,Novolog,Insulin Aspart,14,190,212.7,84590.36,35,,136,153,63719.98,#,,183.55,619.58,N,N,N,N,2018
State,9E,Foreign Country,Novolog,Insulin Aspart,7,23,35.5,14850.11,,#,,,,*,,18.5,1298.56,N,N,N,N,2018
National,,National,Novolog Flexpen,Insulin Aspart,183153,2353125,3556043.2,1712287986.6,583145,,1628800,2498844.9,1127421396.3,,409006,5616344.63,91982668.01,N,N,N,N,2018
State,01,Alabama,Novolog Flexpen,Insulin Aspart,2452,28303,44388.4,22096365.02,8129,,16925,26559.4,12259204.86,,4821,114998.8,1050642.58,N,N,N,N,2018
State,02,Alaska,Novolog Flexpen,Insulin Aspart,317,1692,2820.8,1380777.36,544,,944,1637.8,725743.82,,310,6613.49,50162.55,N,N,N,N,2018
State,04,Arizona,Novolog Flexpen,Insulin Aspart,2806,21976,36117.3,18074301.94,6853,,15827,26641,12762171.01,,5033,57309.15,1363161.65,N,N,N,N,2018
State,05,Arkansas,Novolog Flexpen,Insulin Aspart,1742,19874,28165.7,15870186.31,5388,,11131,16230.8,8353440.45,,3128,63208.93,814981.61,N,N,N,N,2018
State,06,California,Novolog Flexpen,Insulin Aspart,13261,157465,232404.1,97426037.76,38057,,112989,168834,67157282.99,,27692,296102.49,3092959.13,N,N,N,N,2018
State,08,Colorado,Novolog Flexpen,Insulin Aspart,2263,17961,28609.9,12777723.84,4970,,11593,18974.6,7957605.84,,3251,40990.54,718402.29,N,N,N,N,2018
State,09,Connecticut,Novolog Flexpen,Insulin Aspart,2292,25400,43290.7,20649862.22,6933,,17250,30262.4,13848431.54,,4823,53246.62,789081.93,N,N,N,N,2018
State,10,Delaware,Novolog Flexpen,Insulin Aspart,593,5982,10551.9,5625771.53,1842,,4149,7446,3699958.56,,1270,19186.08,363014.66,N,N,N,N,2018
State,11,District of Columbia,Novolog Flexpen,Insulin Aspart,590,4442,7216.3,3280189.8,1395,,2607,4368.3,1823638.34,,833,12835.69,101681.66,N,N,N,N,2018
State,12,Florida,Novolog Flexpen,Insulin Aspart,11216,143687,222994.8,101262975.77,38926,,103077,159409.6,68209597.34,,27754,415398.88,4388896.53,N,N,N,N,2018
State,13,Georgia,Novolog Flexpen,Insulin Aspart,4623,64421,98390.5,47766414.16,17563,,43434,66664.1,30317568.31,,11839,215392.14,2500911.75,N,N,N,N,2018
State,15,Hawaii,Novolog Flexpen,Insulin Aspart,582,5843,11400.5,5087855.54,1738,,4534,9106.3,3929299.68,,1358,11031.99,275358.6,N,N,N,N,2018
State,16,Idaho,Novolog Flexpen,Insulin Aspart,1012,12253,17733.6,8422763.84,3145,,8652,12792.5,5658307.04,,2227,31996.12,634800.66,N,N,N,N,2018
State,17,Illinois,Novolog Flexpen,Insulin Aspart,6772,75455,118800.2,58632805.64,19562,,52919,85180.8,39444773.27,,13970,161493.23,3509570.9,N,N,N,N,2018
State,18,Indiana,Novolog Flexpen,Insulin Aspart,4130,65963,99999.8,52787512.36,16713,,44960,68879,33422801.23,,11527,150563.39,3177191.42,N,N,N,N,2018
State,19,Iowa,Novolog Flexpen,Insulin Aspart,2425,42000,60527.7,31603696.95,9180,,32310,47216.5,23064446.99,,6981,80442.92,3080358.75,N,N,N,N,2018
State,20,Kansas,Novolog Flexpen,Insulin Aspart,2244,42983,61020.5,31575212.85,9424,,30146,43303.7,20733245.46,,6611,111945.97,2329954.02,N,N,N,N,2018
State,21,Kentucky,Novolog Flexpen,Insulin Aspart,3158,51419,71052,37282972.63,12185,,32711,45876.7,22010811.57,,7804,151834.38,1582307.23,N,N,N,N,2018
State,22,Louisiana,Novolog Flexpen,Insulin Aspart,2823,43047,63665.2,27884703.7,11535,,29508,43271.8,17905923.57,,7886,117563.26,1285726.48,N,N,N,N,2018
State,23,Maine,Novolog Flexpen,Insulin Aspart,1069,9731,16509.4,8406097.31,2628,,6902,11819.9,5571955.79,,1856,21649.49,336169.09,N,N,N,N,2018
State,24,Maryland,Novolog Flexpen,Insulin Aspart,3349,35007,58523,26042553.08,10510,,25062,42623.4,18029796.49,,7590,100603,1445991.22,N,N,N,N,2018
State,25,Massachusetts,Novolog Flexpen,Insulin Aspart,4355,49452,78357.7,38639510.17,12916,,32232,53042.8,24958433.18,,8709,96449.74,1471564.48,N,N,N,N,2018
State,26,Michigan,Novolog Flexpen,Insulin Aspart,7564,86415,141270.8,69476036.83,23827,,59061,98849.2,46014749.34,,16703,199686.49,3738554.3,N,N,N,N,2018
State,27,Minnesota,Novolog Flexpen,Insulin Aspart,5039,64603,98830.6,50106693.44,15416,,46983,73520.8,34978035.78,,11386,142523.26,4137210.31,N,N,N,N,2018
State,28,Mississippi,Novolog Flexpen,Insulin Aspart,1866,28308,40961.8,21402671.49,7515,,16348,23942.2,11509109.56,,4402,79519.29,917216.51,N,N,N,N,2018
State,29,Missouri,Novolog Flexpen,Insulin Aspart,4227,70894,98164.1,50026853.73,16549,,43791,61526.3,28886115.55,,10510,164467.34,2878931.34,N,N,N,N,2018
State,30,Montana,Novolog Flexpen,Insulin Aspart,779,8215,12009.5,5741100.13,2114,,5986,8836.5,3859483.1,,1529,23548.48,419651.25,N,N,N,N,2018
State,31,Nebraska,Novolog Flexpen,Insulin Aspart,1432,20520,28097.7,13188697.72,4557,,15091,20968.6,9298385.48,,3373,38793.59,1214657.86,N,N,N,N,2018
State,32,Nevada,Novolog Flexpen,Insulin Aspart,1219,13751,21303.3,10225611.47,3876,,9523,15105,7001977.4,,2741,40099.58,521735.72,N,N,N,N,2018
State,33,New Hampshire,Novolog Flexpen,Insulin Aspart,788,8251,12547,6554735.58,2190,,5372,8251.8,4009374.05,,1432,19741.92,352958.42,N,N,N,N,2018
State,34,New Jersey,Novolog Flexpen,Insulin Aspart,4151,58736,91296.2,39388959.03,14464,,44910,71071.1,29277098.4,,11266,97984.58,2302212.22,N,N,N,N,2018
State,35,New Mexico,Novolog Flexpen,Insulin Aspart,1214,12606,18401.3,8538257.11,3346,,8245,12133.1,5150885.38,,2179,31650.9,355122.23,N,N,N,N,2018
State,36,New York,Novolog Flexpen,Insulin Aspart,14479,191014,283068.6,126004171.02,44664,,141455,214461,91176504.13,,33542,332536.14,3957838.99,N,N,N,N,2018
State,37,North Carolina,Novolog Flexpen,Insulin Aspart,6707,96826,135325.7,63879125.63,24169,,60855,85399.8,36626492.8,,15354,293079.35,2879340.2,N,N,N,N,2018
State,38,North Dakota,Novolog Flexpen,Insulin Aspart,762,14183,20952.9,10540657.51,3157,,11234,16694.9,7913399.24,,2449,32131.13,1005467.4,N,N,N,N,2018
State,39,Ohio,Novolog Flexpen,Insulin Aspart,7822,113743,165878.6,80023352.38,28501,,73296,109490.5,48965462.93,,18771,236099.43,4477607.26,N,N,N,N,2018
State,40,Oklahoma,Novolog Flexpen,Insulin Aspart,2460,33406,48125.3,25652046.11,8767,,21144,30852.9,15373132.54,,5619,80836.57,1379834.65,N,N,N,N,2018
State,41,Oregon,Novolog Flexpen,Insulin Aspart,2437,19633,29626.7,14018924.87,5349,,12943,20159,8966311.56,,3668,42749.02,935522.79,N,N,N,N,2018
State,42,Pennsylvania,Novolog Flexpen,Insulin Aspart,10081,153027,233097.9,112086183.7,37319,,112193,173840.7,79688917.46,,27508,298339.27,6752812.18,N,N,N,N,2018
State,44,Rhode Island,Novolog Flexpen,Insulin Aspart,498,5025,6704.8,3048756.05,1124,,3493,4682.1,2033547.71,,791,8134.58,136465.19,N,N,N,N,2018
State,45,South Carolina,Novolog Flexpen,Insulin Aspart,3036,39709,58139.4,27653420.35,10444,,25604,37765.8,16295688.67,,6830,106341.32,1562960.87,N,N,N,N,2018
State,46,South Dakota,Novolog Flexpen,Insulin Aspart,731,12008,16564.7,8567778.07,2762,,8953,12504.7,6114957.9,,2071,28059.43,770936.14,N,N,N,N,2018
State,47,Tennessee,Novolog Flexpen,Insulin Aspart,4270,50788,78690.3,42644947.32,14604,,35268,54836.6,27795455.81,,10051,169972.95,2772377.01,N,N,N,N,2018
State,48,Texas,Novolog Flexpen,Insulin Aspart,10994,129251,207973.1,101507246.58,37725,,90917,146594.7,67691511.64,,26636,367820.59,5251880.27,N,N,N,N,2018
State,49,Utah,Novolog Flexpen,Insulin Aspart,1068,8707,14361.9,7937353.23,2667,,6381,10803.2,5772889.66,,2019,17808.09,733632.36,N,N,N,N,2018
State,50,Vermont,Novolog Flexpen,Insulin Aspart,556,5895,9662.8,5026184.91,1556,,4164,6775.9,3114494.01,,1049,10927.26,173394.99,N,N,N,N,2018
State,51,Virginia,Novolog Flexpen,Insulin Aspart,4077,52747,78961.7,35809279.26,13290,,35640,53391.3,21895395.02,,8999,147388.59,1921355.62,N,N,N,N,2018
State,53,Washington,Novolog Flexpen,Insulin Aspart,3964,34103,51249.5,24810790.18,9006,,23352,35873.3,16289328.3,,6204,89088.28,1611709.14,N,N,N,N,2018
State,54,West Virginia,Novolog Flexpen,Insulin Aspart,1714,30177,45319.9,24290319.86,7905,,19858,30709.9,15231705.31,,5311,77568.4,857812.61,N,N,N,N,2018
State,55,Wisconsin,Novolog Flexpen,Insulin Aspart,4275,59256,87218.5,47135862.57,13817,,41956,62798.6,31740482.6,,9796,93667.24,3340708.72,N,N,N,N,2018
State,56,Wyoming,Novolog Flexpen,Insulin Aspart,355,3830,5424.2,2284539.01,931,,2783,4006.5,1550678.63,,671,9466.84,177687.7,N,N,N,N,2018
State,66,Guam,Novolog Flexpen,Insulin Aspart,4,20,20,12957.82,,*,,,,*,,182.38,47,N,N,N,N,2018
State,69,Northern Mariana Islands,Novolog Flexpen,Insulin Aspart,1,20,39.7,12692.32,,#,,,,*,,44.4,0,N,N,N,N,2018
State,72,Puerto Rico,Novolog Flexpen,Insulin Aspart,429,2341,3041.6,1415755.18,600,,1625,2070.9,921375.43,,412,3881.25,51275.87,N,N,N,N,2018
State,78,Virgin Islands,Novolog Flexpen,Insulin Aspart,18,114,166.3,91952.58,42,,94,129,79020.15,#,,244.95,7977.57,N,N,N,N,2018
State,9B,Armed Forces Europe,Novolog Flexpen,Insulin Aspart,7,221,298.3,234709.93,68,,109,147.9,107101.82,,37,372.2,9975.74,N,N,N,N,2018
State,9C,Armed Forces Pacific,Novolog Flexpen,Insulin Aspart,6,36,65.4,37482.56,17,,24,47.5,28611.01,#,,27.8,1405.78,N,N,N,N,2018
State,9D,Unknown,Novolog Flexpen,Insulin Aspart,26,315,517.6,284379.17,95,,210,345.7,170632.17,,62,589.59,10372.93,N,N,N,N,2018
State,9E,Foreign Country,Novolog Flexpen,Insulin Aspart,22,70,113.6,48440.56,25,,51,72.6,29317.25,#,,82.45,1129.68,N,N,N,N,2018
National,,National,Humalog,Insulin Lispro,117565,1158843,1506571.1,589174676.42,266500,,871678,1136247.2,413787381.96,,200443,2196171.82,37981837.83,N,N,N,N,2018
State,01,Alabama,Humalog,Insulin Lispro,1638,17856,23247,10796182.83,4354,,12869,16373.2,7134470.5,,3062,45586.04,662513.69,N,N,N,N,2018
State,02,Alaska,Humalog,Insulin Lispro,139,720,1050.5,524389.53,199,,552,805.2,373410.84,,147,1490.81,32319.14,N,N,N,N,2018
State,04,Arizona,Humalog,Insulin Lispro,3304,30169,40254.9,16741611.83,8276,,21124,28483.6,11216095.76,,5894,69803.87,977396.81,N,N,N,N,2018
State,05,Arkansas,Humalog,Insulin Lispro,1152,9818,11723.3,5329283.5,2467,,6632,7783,3151869.29,,1600,29551.83,344045.11,N,N,N,N,2018
State,06,California,Humalog,Insulin Lispro,14187,124998,181507.3,55697930.49,31960,,98396,144584.9,41958384.43,,25335,220736.03,4049382.28,N,N,N,N,2018
State,08,Colorado,Humalog,Insulin Lispro,1855,14506,21425.7,7491494.71,3569,,11044,16617.7,5360380.18,,2756,24651.61,799606.38,N,N,N,N,2018
State,09,Connecticut,Humalog,Insulin Lispro,1317,14657,18450,6741144.07,3333,,12102,15203.1,5255348.61,,2713,27839.73,363898.8,N,N,N,N,2018
State,10,Delaware,Humalog,Insulin Lispro,263,3646,4858,1708976.04,728,,2831,3817.9,1285209,,576,3876.99,92949.43,N,N,N,N,2018
State,11,District of Columbia,Humalog,Insulin Lispro,360,2142,2866.5,847790.33,617,,1467,1967.2,545172.49,,409,3857.55,23128.81,N,N,N,N,2018
State,12,Florida,Humalog,Insulin Lispro,6808,60017,78667.5,31314843.17,15983,,47971,61926.4,23185402.76,,12506,143150.47,2280212.11,N,N,N,N,2018
State,13,Georgia,Humalog,Insulin Lispro,3640,39322,51330.1,23623275.49,9674,,29246,38330.9,16800251.85,,7101,106312.14,1494116.1,N,N,N,N,2018
State,15,Hawaii,Humalog,Insulin Lispro,227,1277,1920.8,522229.77,356,,1042,1595.6,404904.65,,294,2675.14,44518.57,N,N,N,N,2018
State,16,Idaho,Humalog,Insulin Lispro,550,4405,5702.6,2486738.06,1019,,3193,4145.2,1643643.52,,737,11282.61,240183.21,N,N,N,N,2018
State,17,Illinois,Humalog,Insulin Lispro,5390,55537,70335.6,29696745.57,12925,,40632,52025.6,20811178.39,,9512,84151.25,1466408.74,N,N,N,N,2018
State,18,Indiana,Humalog,Insulin Lispro,2670,38528,47284,17986152.54,8015,,29157,35809.5,12537571.11,,6053,73070.66,1241100.26,N,N,N,N,2018
State,19,Iowa,Humalog,Insulin Lispro,1210,10307,12629.7,5757673.18,2178,,7392,9107.9,3806486.78,,1539,23593.83,398258.87,N,N,N,N,2018
State,20,Kansas,Humalog,Insulin Lispro,816,6846,8615.9,3971452.43,1409,,5617,7057,3106799.2,,1115,16172.36,445991.25,N,N,N,N,2018
State,21,Kentucky,Humalog,Insulin Lispro,1737,17893,21926.5,9952491.29,3974,,11867,14786.6,6225061.65,,2652,46904.53,527088.11,N,N,N,N,2018
State,22,Louisiana,Humalog,Insulin Lispro,1167,7878,9639.5,4153210.74,1983,,5236,6444,2640872.9,,1342,19718.56,256793.79,N,N,N,N,2018
State,23,Maine,Humalog,Insulin Lispro,766,6660,8897.3,4047272.42,1445,,4632,5966.7,2463944.85,,973,10905.47,166093.54,N,N,N,N,2018
State,24,Maryland,Humalog,Insulin Lispro,1901,16799,22629.2,7128096.67,4485,,12572,16754.6,4779620.57,,3297,30676.45,439052.26,N,N,N,N,2018
State,25,Massachusetts,Humalog,Insulin Lispro,3048,29846,37605.8,13866550.03,7000,,24276,30597.1,10639760.31,,5606,49008.84,879060.68,N,N,N,N,2018
State,26,Michigan,Humalog,Insulin Lispro,4684,40160,55713.2,23201023.21,10630,,28585,40498,15975258.17,,7694,73290.52,1178744.64,N,N,N,N,2018
State,27,Minnesota,Humalog,Insulin Lispro,1169,7411,10702.9,4979295.32,1725,,6058,8884.3,3901379.37,,1384,14269.53,485704.78,N,N,N,N,2018
State,28,Mississippi,Humalog,Insulin Lispro,864,6319,7462.4,3313603.31,1708,,4439,5253.1,2076763.47,,1207,15808.99,210559.05,N,N,N,N,2018
State,29,Missouri,Humalog,Insulin Lispro,2019,19810,25507.7,12004475.03,4727,,14351,18704.4,8191259.16,,3391,46054.36,920385.55,N,N,N,N,2018
State,30,Montana,Humalog,Insulin Lispro,321,2112,2925.6,1298947.34,547,,1668,2345.8,1032355.52,,431,3601.37,106499.69,N,N,N,N,2018
State,31,Nebraska,Humalog,Insulin Lispro,669,4850,6000.3,2769189.68,1096,,3565,4420,1969992.23,,792,16828.73,274595.65,N,N,N,N,2018
State,32,Nevada,Humalog,Insulin Lispro,758,4741,6519.9,2649245.17,1329,,3627,5039.7,1974358.41,,990,14107.5,241623.25,N,N,N,N,2018
State,33,New Hampshire,Humalog,Insulin Lispro,546,5048,6810.6,2908252.92,1126,,3919,5262.2,2092252.99,,865,10510.59,215796.16,N,N,N,N,2018
State,34,New Jersey,Humalog,Insulin Lispro,2712,36995,46402.4,14728283.61,7594,,28226,35186.6,10295971.83,,5795,40882.06,831651.79,N,N,N,N,2018
State,35,New Mexico,Humalog,Insulin Lispro,877,6697,8884.4,3768589.58,1705,,4556,6179.6,2297773.23,,1184,11808.45,157067.94,N,N,N,N,2018
State,36,New York,Humalog,Insulin Lispro,6100,61041,74695.2,26669672.42,13058,,48145,58667.5,19306609.12,,10292,77326.24,1504498.43,N,N,N,N,2018
State,37,North Carolina,Humalog,Insulin Lispro,3665,35749,43317.7,17632938.26,8123,,27460,33290.1,12693357.59,,6131,84507.07,1242529.46,N,N,N,N,2018
State,38,North Dakota,Humalog,Insulin Lispro,161,1123,1402.2,634411.95,223,,910,1110.9,482149.88,,173,2136.94,68722.4,N,N,N,N,2018
State,39,Ohio,Humalog,Insulin Lispro,4766,57308,72650.6,27662537.66,13683,,43487,55928.3,20170379.37,,10443,110799.9,2042256.28,N,N,N,N,2018
State,40,Oklahoma,Humalog,Insulin Lispro,1054,9347,11518.4,4732940.87,2228,,6900,8474.8,3256714.29,,1622,12398.99,295923.99,N,N,N,N,2018
State,41,Oregon,Humalog,Insulin Lispro,2035,15985,21304.2,8379785.56,3701,,12498,16684.4,6231179.89,,2846,37831.72,848170.71,N,N,N,N,2018
State,42,Pennsylvania,Humalog,Insulin Lispro,5263,63576,76125.5,26450364.74,12608,,48493,57697.4,18277000.1,,9418,83027.87,1697984.16,N,N,N,N,2018
State,44,Rhode Island,Humalog,Insulin Lispro,513,6552,7344.9,2371526.58,1297,,4875,5471.3,1651444.28,,964,12221.51,148598.91,N,N,N,N,2018
State,45,South Carolina,Humalog,Insulin Lispro,1703,13287,18116.7,8585179.06,3312,,9378,12805.4,5581857.14,,2309,36040.86,527734.73,N,N,N,N,2018
State,46,South Dakota,Humalog,Insulin Lispro,177,1105,1469.2,687022.11,278,,861,1146.9,505564.44,,214,2268.25,71226.63,N,N,N,N,2018
State,47,Tennessee,Humalog,Insulin Lispro,3279,27857,37801.9,18246287.69,7261,,17515,23501.3,10065519.14,,4514,87539.24,882320.86,N,N,N,N,2018
State,48,Texas,Humalog,Insulin Lispro,7520,67771,90860.4,38117266.92,18283,,51491,68439.1,27152079.64,,13775,163991.3,2194301.01,N,N,N,N,2018
State,49,Utah,Humalog,Insulin Lispro,934,8357,11375.2,5192761.31,1971,,6459,8875.6,3940813.65,,1535,15369.52,579031.17,N,N,N,N,2018
State,50,Vermont,Humalog,Insulin Lispro,169,1359,1938.8,849289.53,320,,1093,1564.6,647707.52,,252,1909.83,66833.2,N,N,N,N,2018
State,51,Virginia,Humalog,Insulin Lispro,2584,23481,30733.7,11201069.39,5727,,18405,24159.5,8191122.05,,4409,46416.36,950278.9,N,N,N,N,2018
State,53,Washington,Humalog,Insulin Lispro,3114,24602,32746.9,12851285.03,5972,,18307,24525.8,8834330.75,,4431,54698.41,1065576.75,N,N,N,N,2018
State,54,West Virginia,Humalog,Insulin Lispro,701,6857,8553,3340060.71,1518,,4974,6215.4,2214793.71,,1095,17030.18,223936.07,N,N,N,N,2018
State,55,Wisconsin,Humalog,Insulin Lispro,1972,16985,21932.7,10182665.58,3695,,13234,17112.6,7464874.42,,2855,36363.36,887576.39,N,N,N,N,2018
State,56,Wyoming,Humalog,Insulin Lispro,157,1016,1388,596923.93,237,,780,1090.5,459962.06,,183,1565.97,63820.93,N,N,N,N,2018
State,66,Guam,Humalog,Insulin Lispro,9,50,51.2,23297.32,,#,,,,*,,23,3627.75,N,N,N,N,2018
State,69,Northern Mariana Islands,Humalog,Insulin Lispro,2,17,17,6262.85,,,17,17,6262.85,*,,0,1203.68,N,N,N,N,2018
State,72,Puerto Rico,Humalog,Insulin Lispro,2859,67011,81204.6,32524273.38,12190,,47184,57064.7,21331404.76,,8918,19792.73,755259.79,N,N,N,N,2018
State,78,Virgin Islands,Humalog,Insulin Lispro,35,206,232.7,98168.91,52,,147,171.6,75025.24,#,,84.55,9139.05,N,N,N,N,2018
State,9B,Armed Forces Europe,Humalog,Insulin Lispro,1,43,56.3,47268.63,,,24,34.1,22241.38,*,,70.3,2057.59,N,N,N,N,2018
State,9D,Unknown,Humalog,Insulin Lispro,15,117,155,60061.14,30,,88,121.9,49244.45,#,,548.3,1179.75,N,N,N,N,2018
State,9E,Foreign Country,Humalog,Insulin Lispro,9,63,70.7,21528.83,18,#,,,,#,,19.45,1172.8,N,N,N,N,2018
National,,National,Humalog Junior Kwikpen,Insulin Lispro,1472,3175,5657.7,1941879.52,1550,,2190,4094.8,1327736.43,,1098,6799.02,140777.56,N,N,N,N,2018
State,01,Alabama,Humalog Junior Kwikpen,Insulin Lispro,21,48,85.7,33775.01,20,,18,44.3,11846.71,#,,72.3,907.55,N,N,N,N,2018
State,04,Arizona,Humalog Junior Kwikpen,Insulin Lispro,24,41,69.7,37688.71,24,#,,,,#,,24.1,2612.23,N,N,N,N,2018
State,05,Arkansas,Humalog Junior Kwikpen,Insulin Lispro,5,11,23.2,12727.23,,*,,,,*,,25.05,597.5,N,N,N,N,2018
State,06,California,Humalog Junior Kwikpen,Insulin Lispro,192,388,667.3,211736.23,204,,300,521.9,154591.43,,158,771.75,17151.26,N,N,N,N,2018
State,08,Colorado,Humalog Junior Kwikpen,Insulin Lispro,14,34,63.8,22028.57,15,,13,31.9,8911.68,*,,56.55,1488.83,N,N,N,N,2018
State,09,Connecticut,Humalog Junior Kwikpen,Insulin Lispro,25,55,93.8,31067.75,30,,36,62.6,21216.91,#,,45.45,2006.83,N,N,N,N,2018
State,11,District of Columbia,Humalog Junior Kwikpen,Insulin Lispro,10,20,30.8,10523.04,11,#,,,,*,,26.85,382.8,N,N,N,N,2018
State,12,Florida,Humalog Junior Kwikpen,Insulin Lispro,107,223,371.3,151226.24,108,,158,264.7,101042.4,,80,483,7992.94,N,N,N,N,2018
State,13,Georgia,Humalog Junior Kwikpen,Insulin Lispro,36,79,151,48006.36,38,,62,127.3,37837.35,#,,335.45,5520.81,N,N,N,N,2018
State,16,Idaho,Humalog Junior Kwikpen,Insulin Lispro,7,11,30.5,21953.79,,*,,,,*,,0,1018.32,N,N,N,N,2018
State,17,Illinois,Humalog Junior Kwikpen,Insulin Lispro,40,84,172.7,59590.31,42,,61,125.8,47194.03,,30,61.2,3206.08,N,N,N,N,2018
State,18,Indiana,Humalog Junior Kwikpen,Insulin Lispro,34,82,132.3,42626.22,37,,60,88.2,25215.63,,22,158.55,3433.82,N,N,N,N,2018
State,19,Iowa,Humalog Junior Kwikpen,Insulin Lispro,7,16,36.9,8069.39,,#,,,,*,,88.1,1623.21,N,N,N,N,2018
State,20,Kansas,Humalog Junior Kwikpen,Insulin Lispro,8,15,30.6,7953.09,,#,,,,*,,0,2157.74,N,N,N,N,2018
State,21,Kentucky,Humalog Junior Kwikpen,Insulin Lispro,22,30,50.3,20930.16,22,,16,29.5,12328.14,#,,53.8,1576.92,N,N,N,N,2018
State,22,Louisiana,Humalog Junior Kwikpen,Insulin Lispro,6,12,21.4,5665.01,,*,,,,*,,8.35,946.19,N,N,N,N,2018
State,23,Maine,Humalog Junior Kwikpen,Insulin Lispro,8,27,40.6,16117.78,,*,,,,*,,20.4,689,N,N,N,N,2018
State,24,Maryland,Humalog Junior Kwikpen,Insulin Lispro,36,63,123.4,40937.71,37,,34,66.9,26063.89,,22,831.85,2275.27,N,N,N,N,2018
State,25,Massachusetts,Humalog Junior Kwikpen,Insulin Lispro,28,65,125.7,40118.68,34,,48,97.2,32164.92,#,,71.69,4774.59,N,N,N,N,2018
State,26,Michigan,Humalog Junior Kwikpen,Insulin Lispro,36,60,143.2,39133.47,38,#,,,,#,,51.9,3027.27,N,N,N,N,2018
State,27,Minnesota,Humalog Junior Kwikpen,Insulin Lispro,26,65,118.4,33764.82,26,,36,64.2,17740.88,,15,58.35,2811.77,N,N,N,N,2018
State,29,Missouri,Humalog Junior Kwikpen,Insulin Lispro,22,45,72.4,28701.92,24,,28,43.6,14662.01,#,,50.52,2063.54,N,N,N,N,2018
State,32,Nevada,Humalog Junior Kwikpen,Insulin Lispro,14,29,53,17188.28,14,#,,,,#,,50.1,1027.26,N,N,N,N,2018
State,33,New Hampshire,Humalog Junior Kwikpen,Insulin Lispro,13,26,60,23140.83,15,#,,,,#,,8.35,2295.43,N,N,N,N,2018
State,34,New Jersey,Humalog Junior Kwikpen,Insulin Lispro,54,104,210,68187.49,57,,64,139.6,40473.4,,36,145.17,6039.71,N,N,N,N,2018
State,35,New Mexico,Humalog Junior Kwikpen,Insulin Lispro,23,59,103.4,39360.04,23,,42,79.7,30247.32,#,,52.85,2556.6,N,N,N,N,2018
State,36,New York,Humalog Junior Kwikpen,Insulin Lispro,174,431,668.7,242518.35,180,,266,451.6,151828.98,,126,616.55,12536.33,N,N,N,N,2018
State,37,North Carolina,Humalog Junior Kwikpen,Insulin Lispro,35,77,129.8,43512.97,38,,60,103,36211.75,#,,63,4880.5,N,N,N,N,2018
State,39,Ohio,Humalog Junior Kwikpen,Insulin Lispro,48,124,279.8,85511.75,54,,98,233.4,64726.27,,41,394.39,8654.61,N,N,N,N,2018
State,40,Oklahoma,Humalog Junior Kwikpen,Insulin Lispro,6,14,29.8,5331.28,,,14,29.8,5331.28,*,,0,554.78,N,N,N,N,2018
State,41,Oregon,Humalog Junior Kwikpen,Insulin Lispro,14,28,68.2,17096.27,17,#,,,,#,,25.05,3663.44,N,N,N,N,2018
State,42,Pennsylvania,Humalog Junior Kwikpen,Insulin Lispro,51,93,149,57647.56,52,,60,96.2,38639.01,,31,171.35,3595.6,N,N,N,N,2018
State,45,South Carolina,Humalog Junior Kwikpen,Insulin Lispro,21,44,68.6,25422.65,23,,30,49.2,17863.22,#,,65.85,1756.19,N,N,N,N,2018
State,47,Tennessee,Humalog Junior Kwikpen,Insulin Lispro,25,49,80,27720.68,25,,31,58,16746.62,#,,554.33,1679.06,N,N,N,N,2018
State,48,Texas,Humalog Junior Kwikpen,Insulin Lispro,124,259,468.1,164456.33,143,,191,357,116150.54,,101,627.77,9403.58,N,N,N,N,2018
State,49,Utah,Humalog Junior Kwikpen,Insulin Lispro,14,39,91.6,36604.25,16,#,,,,#,,62.15,3965.94,N,N,N,N,2018
State,51,Virginia,Humalog Junior Kwikpen,Insulin Lispro,30,62,127.5,32631.96,27,,36,76.5,18671.67,,15,97.35,2701.55,N,N,N,N,2018
State,53,Washington,Humalog Junior Kwikpen,Insulin Lispro,24,50,101.1,25426.96,31,,36,71.5,18551.62,,19,102.46,2713.79,N,N,N,N,2018
State,55,Wisconsin,Humalog Junior Kwikpen,Insulin Lispro,14,27,42.3,21138.83,14,,16,24.7,13460.17,*,,105.74,1807.82,N,N,N,N,2018
State,72,Puerto Rico,Humalog Junior Kwikpen,Insulin Lispro,45,137,176.8,60443.09,46,,86,112.8,38029.35,,26,0,1529.93,N,N,N,N,2018
National,,National,Humalog Kwikpen U-100,Insulin Lispro,159178,1597218,2563111.8,1199498740.1,429584,,1202374,1970346.2,879108467.25,,326601,3417588.43,77852076.72,N,N,N,N,2018
State,01,Alabama,Humalog Kwikpen U-100,Insulin Lispro,2432,31119,50077.3,25394720.18,8968,,21779,35325.7,17093896.39,,6206,91475.75,1542487.06,N,N,N,N,2018
State,02,Alaska,Humalog Kwikpen U-100,Insulin Lispro,272,1569,2748,1245324.66,489,,1061,1915.2,809640.03,,336,4090.92,74361.85,N,N,N,N,2018
State,04,Arizona,Humalog Kwikpen U-100,Insulin Lispro,2763,21114,36996.5,17364659.11,6843,,16240,29126.4,13192597.79,,5317,47891.9,1299870.25,N,N,N,N,2018
State,05,Arkansas,Humalog Kwikpen U-100,Insulin Lispro,1327,11854,17252,9708269.05,3204,,7819,11468.8,5994253.55,,2088,29895,620255.97,N,N,N,N,2018
State,06,California,Humalog Kwikpen U-100,Insulin Lispro,14686,127132,208671.1,80122110.42,36355,,101760,169381.2,63263608.99,,29406,248245.72,5809933.01,N,N,N,N,2018
State,08,Colorado,Humalog Kwikpen U-100,Insulin Lispro,2146,14132,24123.3,10294630.96,4226,,10571,18368.3,7655876.24,,3205,31987.28,929518.2,N,N,N,N,2018
State,09,Connecticut,Humalog Kwikpen U-100,Insulin Lispro,2149,22415,40008.7,18134939.78,6332,,17483,31902.6,13958100.39,,4990,53752.73,909772.91,N,N,N,N,2018
State,10,Delaware,Humalog Kwikpen U-100,Insulin Lispro,577,6855,12784.1,6207485.72,2084,,5102,9831.3,4643417.2,,1581,16826.18,353113.88,N,N,N,N,2018
State,11,District of Columbia,Humalog Kwikpen U-100,Insulin Lispro,572,4289,7118.7,3021518.91,1272,,2627,4572.6,1805053.02,,813,11201.56,101659.14,N,N,N,N,2018
State,12,Florida,Humalog Kwikpen U-100,Insulin Lispro,8726,81896,134365.1,62639048.08,24356,,64771,107704.9,48222874.98,,19313,195856.34,4776929.07,N,N,N,N,2018
State,13,Georgia,Humalog Kwikpen U-100,Insulin Lispro,4031,45080,72821.6,36149749.16,12997,,34306,56409,27066074.96,,9842,120173.64,2372400.15,N,N,N,N,2018
State,15,Hawaii,Humalog Kwikpen U-100,Insulin Lispro,510,2994,5376,2317692.17,954,,2166,3973.5,1557297.73,,708,7291.22,107591.22,N,N,N,N,2018
State,16,Idaho,Humalog Kwikpen U-100,Insulin Lispro,774,6186,9490.3,4404123.69,1732,,4472,7028.6,3053537.4,,1265,12062.42,396815.82,N,N,N,N,2018
State,17,Illinois,Humalog Kwikpen U-100,Insulin Lispro,6871,80022,133348.8,63632603.28,21140,,63450,107939.8,49079636.88,,16791,117707.01,3605467.16,N,N,N,N,2018
State,18,Indiana,Humalog Kwikpen U-100,Insulin Lispro,3866,52309,83494.7,42693767.02,14123,,37959,62233.6,29831084.52,,10368,119526.37,2835704.9,N,N,N,N,2018
State,19,Iowa,Humalog Kwikpen U-100,Insulin Lispro,1503,14526,22231.8,12067453.12,3502,,11443,17850.8,9250303.02,,2726,25666.71,908056.61,N,N,N,N,2018
State,20,Kansas,Humalog Kwikpen U-100,Insulin Lispro,1437,15341,23423.8,11842957.69,3642,,12083,18579.2,8827323.9,,2843,31706.02,1104849.84,N,N,N,N,2018
State,21,Kentucky,Humalog Kwikpen U-100,Insulin Lispro,2484,27488,39821.8,19836991.18,6972,,18746,28383.4,13303178.33,,4751,71323.92,1064317.96,N,N,N,N,2018
State,22,Louisiana,Humalog Kwikpen U-100,Insulin Lispro,1517,10902,16070.6,7076400.99,3083,,7614,11178.5,4765002.34,,2137,27571.15,389062.84,N,N,N,N,2018
State,23,Maine,Humalog Kwikpen U-100,Insulin Lispro,944,7252,12254.8,6267501.9,1969,,5088,8605,4063266.82,,1349,18749.68,312609.76,N,N,N,N,2018
State,24,Maryland,Humalog Kwikpen U-100,Insulin Lispro,2801,23443,40012.5,16899850.99,7199,,16989,29852.6,12091158.69,,5337,63464.69,1042850.11,N,N,N,N,2018
State,25,Massachusetts,Humalog Kwikpen U-100,Insulin Lispro,3700,31061,50669.3,23347502.42,8773,,24663,41059.7,18208575.9,,6971,70137.17,1541921.41,N,N,N,N,2018
State,26,Michigan,Humalog Kwikpen U-100,Insulin Lispro,6503,59388,109369.2,51900305.96,18258,,45342,87226.4,39977320.21,,14357,104835.57,2679267.26,N,N,N,N,2018
State,27,Minnesota,Humalog Kwikpen U-100,Insulin Lispro,2765,21859,34324.5,16710763.48,5200,,18275,29080.9,13707475.31,,4297,41250.38,1609549.39,N,N,N,N,2018
State,28,Mississippi,Humalog Kwikpen U-100,Insulin Lispro,905,6283,9419.8,4939576.36,1897,,4400,6738.6,3275759.75,,1327,15557.66,342714.21,N,N,N,N,2018
State,29,Missouri,Humalog Kwikpen U-100,Insulin Lispro,3463,40158,60565.3,31470568.38,10484,,28473,44344.8,21677149.84,,7566,82219.32,2151288.7,N,N,N,N,2018
State,30,Montana,Humalog Kwikpen U-100,Insulin Lispro,462,3305,5248.2,2474139.39,914,,2810,4446.3,1992236.15,,747,9326.25,169469.08,N,N,N,N,2018
State,31,Nebraska,Humalog Kwikpen U-100,Insulin Lispro,986,7795,11264.4,5366525.75,1963,,5844,8593.7,3901152.9,,1459,17216.47,475553.77,N,N,N,N,2018
State,32,Nevada,Humalog Kwikpen U-100,Insulin Lispro,1125,10350,16376.6,8304702.41,3117,,8086,12894.4,6319529.68,,2424,31813.43,643410.91,N,N,N,N,2018
State,33,New Hampshire,Humalog Kwikpen U-100,Insulin Lispro,762,6692,11544.6,5859686.4,1954,,5035,9001.1,4424789.29,,1455,21598.05,440686.34,N,N,N,N,2018
State,34,New Jersey,Humalog Kwikpen U-100,Insulin Lispro,4361,61052,100599.4,43318219.95,15783,,47084,79397.5,33118126.29,,12438,73537.86,2690787.67,N,N,N,N,2018
State,35,New Mexico,Humalog Kwikpen U-100,Insulin Lispro,1055,8964,15070.4,7284024.63,2656,,6278,10841.1,4963219.68,,1896,19359.28,298389.2,N,N,N,N,2018
State,36,New York,Humalog Kwikpen U-100,Insulin Lispro,12662,138140,205702.9,91058569.33,34622,,105886,161202.7,68581801.31,,26835,222060.2,4820531.68,N,N,N,N,2018
State,37,North Carolina,Humalog Kwikpen U-100,Insulin Lispro,5768,64638,95088,46235956.39,17002,,48361,71980.3,33200587.7,,12781,146707.86,2953631.61,N,N,N,N,2018
State,38,North Dakota,Humalog Kwikpen U-100,Insulin Lispro,393,3657,5371.3,2599692.9,829,,3090,4583.9,2175548.12,,693,8420.63,320075.16,N,N,N,N,2018
State,39,Ohio,Humalog Kwikpen U-100,Insulin Lispro,7099,82219,132878.4,62217266.72,23139,,61620,103642.4,46264875.23,,17638,169817.14,4560739,N,N,N,N,2018
State,40,Oklahoma,Humalog Kwikpen U-100,Insulin Lispro,1629,12213,20029.7,9651928.36,3682,,8669,14564.4,6662541.53,,2626,23249.67,549198.17,N,N,N,N,2018
State,41,Oregon,Humalog Kwikpen U-100,Insulin Lispro,2228,17522,28593.8,13041419.17,4842,,13901,23027.6,10068226.37,,3806,36851.15,1340189.62,N,N,N,N,2018
State,42,Pennsylvania,Humalog Kwikpen U-100,Insulin Lispro,8461,92733,140795.9,64076638.23,24248,,66007,102268.5,43984099.13,,17214,177866.35,4045592.42,N,N,N,N,2018
State,44,Rhode Island,Humalog Kwikpen U-100,Insulin Lispro,570,6131,8210.2,3549602.27,1406,,4829,6484.6,2674402.6,,1099,13001.25,261448.98,N,N,N,N,2018
State,45,South Carolina,Humalog Kwikpen U-100,Insulin Lispro,2823,36176,54434.8,26557203.65,9680,,24860,38017.2,17484393.49,,6786,91810.55,1321746,N,N,N,N,2018
State,46,South Dakota,Humalog Kwikpen U-100,Insulin Lispro,288,2101,3095.1,1605207.32,555,,1698,2532.9,1235311.55,,449,7767.57,156557.33,N,N,N,N,2018
State,47,Tennessee,Humalog Kwikpen U-100,Insulin Lispro,3780,35240,56599.5,29677060.6,10476,,24069,38941.2,19147416.33,,7163,112973.32,1541166.69,N,N,N,N,2018
State,48,Texas,Humalog Kwikpen U-100,Insulin Lispro,10133,103952,178545.8,86439713.84,32003,,75520,130150.6,59838233.19,,23434,293465.54,4078841.57,N,N,N,N,2018
State,49,Utah,Humalog Kwikpen U-100,Insulin Lispro,956,7451,12715.3,6871149.08,2262,,6088,10588.1,5522480.03,,1848,16849.51,780070.17,N,N,N,N,2018
State,50,Vermont,Humalog Kwikpen U-100,Insulin Lispro,418,2884,5068.3,2446147.91,819,,2288,4049.9,1821714.81,,632,6001.05,165403.28,N,N,N,N,2018
State,51,Virginia,Humalog Kwikpen U-100,Insulin Lispro,3355,31792,50598.4,22553815.39,9069,,24497,39665,16872704.26,,6984,65618.77,1736231.19,N,N,N,N,2018
State,53,Washington,Humalog Kwikpen U-100,Insulin Lispro,4156,34441,56560.3,25093473.59,9721,,26649,44793.5,19049938.18,,7531,71653.21,2252265.22,N,N,N,N,2018
State,54,West Virginia,Humalog Kwikpen U-100,Insulin Lispro,1192,10806,16313.5,8231036.69,3059,,7213,11301.9,5123256.43,,2082,27341.56,388592.19,N,N,N,N,2018
State,55,Wisconsin,Humalog Kwikpen U-100,Insulin Lispro,3679,41398,64199.2,34503431.9,10454,,30875,48911.2,24914999.38,,7810,84494.76,2678668.39,N,N,N,N,2018
State,56,Wyoming,Humalog Kwikpen U-100,Insulin Lispro,214,1525,2234.8,914414.99,393,,1201,1789.3,693683.48,,315,2453.75,99855.58,N,N,N,N,2018
State,66,Guam,Humalog Kwikpen U-100,Insulin Lispro,16,174,186.1,57727.76,31,,132,141.7,37726.25,#,,25.05,11042.26,N,N,N,N,2018
State,69,Northern Mariana Islands,Humalog Kwikpen U-100,Insulin Lispro,4,15,15,7546.59,,,15,15,7546.59,*,,0,1172.78,N,N,N,N,2018
State,72,Puerto Rico,Humalog Kwikpen U-100,Insulin Lispro,788,6267,7598.4,3113940.11,1283,,4346,5345,2102086.7,,906,4131.21,141254.33,N,N,N,N,2018
State,78,Virgin Islands,Humalog Kwikpen U-100,Insulin Lispro,48,610,863.5,445823.17,158,,537,771,387277.2,,140,759.82,38580.41,N,N,N,N,2018
State,9B,Armed Forces Europe,Humalog Kwikpen U-100,Insulin Lispro,6,120,166.7,112027.68,29,,78,110.2,72344.16,#,,132.55,3448.88,N,N,N,N,2018
State,9D,Unknown,Humalog Kwikpen U-100,Insulin Lispro,25,146,227.3,113071.6,56,,88,142.6,68815.24,,37,235.88,3867.55,N,N,N,N,2018
State,9E,Foreign Country,Humalog Kwikpen U-100,Insulin Lispro,6,24,42.1,14942.54,12,#,,,,*,,26.9,714.61,N,N,N,N,2018
National,,National,Humalog Kwikpen U-200,Insulin Lispro,19020,100817,155921.2,122085563.93,27420,,68039,109311.6,79326870.08,,19166,219454.31,5789006.02,N,N,N,N,2018
State,01,Alabama,Humalog Kwikpen U-200,Insulin Lispro,444,2679,3943.3,2780509.84,724,,1726,2477.8,1646088.17,,459,7641.5,127360.39,N,N,N,N,2018
State,02,Alaska,Humalog Kwikpen U-200,Insulin Lispro,14,44,60.4,57994.77,14,,33,43.8,44080.82,*,,86.25,4589.13,N,N,N,N,2018
State,04,Arizona,Humalog Kwikpen U-200,Insulin Lispro,358,1788,2898.6,1979263.24,529,,1273,2156.9,1315420.22,,403,3660.16,113422.68,N,N,N,N,2018
State,05,Arkansas,Humalog Kwikpen U-200,Insulin Lispro,150,664,929.6,688064.12,180,,401,536.1,343926.77,,110,2822.95,37001.99,N,N,N,N,2018
State,06,California,Humalog Kwikpen U-200,Insulin Lispro,1482,8072,11994.8,8552160.82,2217,,5861,9064.9,6105249.4,,1688,13224.63,422578.65,N,N,N,N,2018
State,08,Colorado,Humalog Kwikpen U-200,Insulin Lispro,157,664,989.2,844032.44,197,,458,721.7,634327.68,,142,1101.14,56925.93,N,N,N,N,2018
State,09,Connecticut,Humalog Kwikpen U-200,Insulin Lispro,224,1247,2076.1,1838980.98,332,,931,1596.4,1310987.79,,252,2262.52,74239.55,N,N,N,N,2018
State,10,Delaware,Humalog Kwikpen U-200,Insulin Lispro,99,648,1138.7,822453.1,199,,399,764.3,515444.94,,141,3577.78,31604.05,N,N,N,N,2018
State,11,District of Columbia,Humalog Kwikpen U-200,Insulin Lispro,45,174,280.5,187239.58,54,,108,169.8,112453.49,,32,426.65,2288.11,N,N,N,N,2018
State,12,Florida,Humalog Kwikpen U-200,Insulin Lispro,1231,6258,10086.3,7046017.35,1895,,4731,7772.3,5121634.16,,1447,17921.26,431306.37,N,N,N,N,2018
State,13,Georgia,Humalog Kwikpen U-200,Insulin Lispro,674,3866,5829.9,4432892.3,1039,,2601,4099.9,2929987.84,,714,10263.18,200077.61,N,N,N,N,2018
State,15,Hawaii,Humalog Kwikpen U-200,Insulin Lispro,38,186,283.2,189463.2,42,,95,165.8,109059.86,,25,978.2,4887.52,N,N,N,N,2018
State,16,Idaho,Humalog Kwikpen U-200,Insulin Lispro,78,415,603,524535.03,103,,286,428.2,318203.98,,71,353.25,30512.32,N,N,N,N,2018
State,17,Illinois,Humalog Kwikpen U-200,Insulin Lispro,662,3218,5063,4075591.59,855,,2282,3724.5,2864959.65,,618,3292.45,162382.45,N,N,N,N,2018
State,18,Indiana,Humalog Kwikpen U-200,Insulin Lispro,543,3162,4765,4348604.01,781,,1993,3117.2,2540995.63,,500,7416.37,193121.07,N,N,N,N,2018
State,19,Iowa,Humalog Kwikpen U-200,Insulin Lispro,111,528,682.1,701237.69,120,,336,437.7,387558.35,,79,1411.78,36008.19,N,N,N,N,2018
State,20,Kansas,Humalog Kwikpen U-200,Insulin Lispro,164,802,1120.6,927359.44,205,,522,767.9,596183.17,,151,2449.29,69594.61,N,N,N,N,2018
State,21,Kentucky,Humalog Kwikpen U-200,Insulin Lispro,340,1899,2744.5,2444893.48,523,,972,1560,1251752.73,,292,4806.26,83174.09,N,N,N,N,2018
State,22,Louisiana,Humalog Kwikpen U-200,Insulin Lispro,191,803,1091.2,820029.83,214,,554,756.6,594773.95,,142,1930.72,40273.17,N,N,N,N,2018
State,23,Maine,Humalog Kwikpen U-200,Insulin Lispro,74,408,592.2,619247.54,87,,217,344,259474.67,,52,724.4,14050.15,N,N,N,N,2018
State,24,Maryland,Humalog Kwikpen U-200,Insulin Lispro,308,1441,2511.2,1904780.47,481,,952,1730.2,1238661.32,,339,4056.59,91174.03,N,N,N,N,2018
State,25,Massachusetts,Humalog Kwikpen U-200,Insulin Lispro,276,1543,2268.8,1947870.62,402,,1055,1635,1336873.07,,282,1334.28,88753.61,N,N,N,N,2018
State,26,Michigan,Humalog Kwikpen U-200,Insulin Lispro,742,3601,6420.4,5028431.33,1072,,2682,5034.5,3724607.74,,815,5403.59,224525.82,N,N,N,N,2018
State,27,Minnesota,Humalog Kwikpen U-200,Insulin Lispro,157,719,998.8,1246567.99,161,,375,559.5,583081.87,,98,1556.23,54798.49,N,N,N,N,2018
State,28,Mississippi,Humalog Kwikpen U-200,Insulin Lispro,114,441,604.8,426403.74,127,,282,385.1,236840.57,,82,1228.68,22831.99,N,N,N,N,2018
State,29,Missouri,Humalog Kwikpen U-200,Insulin Lispro,406,2382,3501.8,2968234.38,602,,1415,2197.7,1738895.51,,380,5762.12,141652.42,N,N,N,N,2018
State,30,Montana,Humalog Kwikpen U-200,Insulin Lispro,30,125,175.5,175849.27,31,,60,89.3,63476.55,,17,178.95,4181.74,N,N,N,N,2018
State,31,Nebraska,Humalog Kwikpen U-200,Insulin Lispro,99,554,726,674237.56,122,,337,453,322134.98,,74,493.85,38512.63,N,N,N,N,2018
State,32,Nevada,Humalog Kwikpen U-200,Insulin Lispro,167,820,1323.5,1118280.9,238,,559,926.8,744488.48,,170,2591.52,63216.65,N,N,N,N,2018
State,33,New Hampshire,Humalog Kwikpen U-200,Insulin Lispro,80,646,957.7,1005019.49,153,,427,634.3,628168.41,,104,757.99,43730.59,N,N,N,N,2018
State,34,New Jersey,Humalog Kwikpen U-200,Insulin Lispro,612,4081,7126.5,4939950.38,1125,,3043,5544.1,3756751.91,,858,4273.13,251644.54,N,N,N,N,2018
State,35,New Mexico,Humalog Kwikpen U-200,Insulin Lispro,130,807,1257.9,918978.12,213,,587,969,681281.85,,153,1225.75,24395.64,N,N,N,N,2018
State,36,New York,Humalog Kwikpen U-200,Insulin Lispro,1443,7735,11978.9,9170780.64,2104,,5507,8993.3,6438545.11,,1543,13860.97,387644.58,N,N,N,N,2018
State,37,North Carolina,Humalog Kwikpen U-200,Insulin Lispro,665,3858,5462.4,4351074.59,989,,2504,3652.1,2752400.21,,672,9627.8,185745.02,N,N,N,N,2018
State,38,North Dakota,Humalog Kwikpen U-200,Insulin Lispro,17,115,154.8,135103.94,18,,77,102.5,84570.02,#,,37.1,7423.76,N,N,N,N,2018
State,39,Ohio,Humalog Kwikpen U-200,Insulin Lispro,901,4933,7549.8,6609870.97,1339,,3201,5162.7,4174783.94,,907,7870.26,332784.96,N,N,N,N,2018
State,40,Oklahoma,Humalog Kwikpen U-200,Insulin Lispro,206,1039,1579.1,1174978.57,293,,699,1077.3,720069.31,,195,1984.63,59906.66,N,N,N,N,2018
State,41,Oregon,Humalog Kwikpen U-200,Insulin Lispro,177,798,1258.8,1228368.49,229,,526,846.6,751122.05,,156,2011.72,81354.36,N,N,N,N,2018
State,42,Pennsylvania,Humalog Kwikpen U-200,Insulin Lispro,925,5577,8211.1,6188121.48,1362,,3502,5443.7,3906357.15,,901,10795.46,301784.02,N,N,N,N,2018
State,44,Rhode Island,Humalog Kwikpen U-200,Insulin Lispro,51,303,377.8,318102.69,71,,177,229.7,179847.01,,45,362.77,14601.12,N,N,N,N,2018
State,45,South Carolina,Humalog Kwikpen U-200,Insulin Lispro,550,3163,4614.5,3384925.48,845,,1942,2934.2,1971885.74,,537,7877.31,131227.95,N,N,N,N,2018
State,46,South Dakota,Humalog Kwikpen U-200,Insulin Lispro,12,45,70.5,74168.57,14,#,,,,#,,3.7,4276.84,N,N,N,N,2018
State,47,Tennessee,Humalog Kwikpen U-200,Insulin Lispro,563,2582,4041.2,3130318.7,781,,1487,2323.7,1643610.19,,459,8299.41,138184.2,N,N,N,N,2018
State,48,Texas,Humalog Kwikpen U-200,Insulin Lispro,1980,9827,16265,11807403.33,3121,,6634,11095.4,7565214.82,,2140,28863.85,511238.84,N,N,N,N,2018
State,49,Utah,Humalog Kwikpen U-200,Insulin Lispro,169,727,1265.7,1131597.21,246,,548,939.9,641493.57,,186,1688.22,84445.25,N,N,N,N,2018
State,50,Vermont,Humalog Kwikpen U-200,Insulin Lispro,31,148,239.7,340944.93,36,,90,138.1,148888.27,,22,93.05,11132.44,N,N,N,N,2018
State,51,Virginia,Humalog Kwikpen U-200,Insulin Lispro,335,1495,2389.2,1854128.56,440,,1046,1782.3,1225725.78,,312,2857.37,115645.63,N,N,N,N,2018
State,53,Washington,Humalog Kwikpen U-200,Insulin Lispro,245,1144,1768.2,1792795.09,300,,777,1224.6,1087118.19,,201,2387.82,94104.28,N,N,N,N,2018
State,54,West Virginia,Humalog Kwikpen U-200,Insulin Lispro,189,917,1338.1,959740.79,253,,538,832.8,552695.63,,157,4077.53,41659.35,N,N,N,N,2018
State,55,Wisconsin,Humalog Kwikpen U-200,Insulin Lispro,209,970,1356.7,1519908.49,230,,626,915.4,892614.11,,145,1111.4,75533.25,N,N,N,N,2018
State,56,Wyoming,Humalog Kwikpen U-200,Insulin Lispro,19,88,135.1,98169.89,22,,74,118.7,84014.35,#,,41.75,6918.25,N,N,N,N,2018
State,72,Puerto Rico,Humalog Kwikpen U-200,Insulin Lispro,122,619,741.5,501183.99,150,,458,535.6,337273.68,,111,191.12,14730.91,N,N,N,N,2018
State,78,Virgin Islands,Humalog Kwikpen U-200,Insulin Lispro,5,15,15.3,8754.52,,,15,15.3,8754.52,*,,160,511.12,N,N,N,N,2018
State,9B,Armed Forces Europe,Humalog Kwikpen U-200,Insulin Lispro,1,14,14.9,40617.95,,#,,,,*,,3.7,1696.75,N,N,N,N,2018
State,9D,Unknown,Humalog Kwikpen U-200,Insulin Lispro,2,13,40.2,23238.64,,*,,,,*,,33.95,140,N,N,N,N,2018
National,,National,Admelog,Insulin Lispro,638,1069,1152.7,403661.76,658,,618,663.5,208539.82,,370,2608.41,11982.49,N,N,N,N,2018
State,06,California,Admelog,Insulin Lispro,146,239,261.2,77708.68,147,,159,169.5,48806.14,,94,468.1,450.79,N,N,N,N,2018
State,17,Illinois,Admelog,Insulin Lispro,79,140,144.2,45482.06,81,,82,84.5,22719.69,,49,262.05,1182.04,N,N,N,N,2018
State,18,Indiana,Admelog,Insulin Lispro,10,13,15.5,7287.76,,*,,,,*,,92.13,0,N,N,N,N,2018
State,21,Kentucky,Admelog,Insulin Lispro,25,40,43.3,31668.36,26,,16,16,6865.17,*,,243.64,209.8,N,N,N,N,2018
State,22,Louisiana,Admelog,Insulin Lispro,28,43,43.8,13758.3,29,,20,20.7,5251.84,,15,74.95,525.22,N,N,N,N,2018
State,24,Maryland,Admelog,Insulin Lispro,11,25,25,7077.44,,#,,,,*,,76.95,631.95,N,N,N,N,2018
State,25,Massachusetts,Admelog,Insulin Lispro,18,58,62,19538.49,29,,40,42,12290.71,#,,11.1,0,N,N,N,N,2018
State,26,Michigan,Admelog,Insulin Lispro,34,49,52.9,15115.23,33,,27,27.1,7626.46,,16,95.35,687.36,N,N,N,N,2018
State,34,New Jersey,Admelog,Insulin Lispro,31,42,42.6,14777.15,30,,14,14,3844.54,,11,111.1,679.98,N,N,N,N,2018
State,35,New Mexico,Admelog,Insulin Lispro,20,31,37.1,13556.33,20,,16,20.1,8001.23,*,,83.3,0,N,N,N,N,2018
State,36,New York,Admelog,Insulin Lispro,60,107,116.8,42478.89,64,,56,60.9,24364.46,,33,427.67,1174.01,N,N,N,N,2018
State,39,Ohio,Admelog,Insulin Lispro,33,44,48.5,22132.59,33,,13,16.6,6181.89,,11,161.85,443.72,N,N,N,N,2018
State,41,Oregon,Admelog,Insulin Lispro,26,50,54.3,20653.96,25,,29,33.1,12940.31,#,,153.7,637.01,N,N,N,N,2018
State,42,Pennsylvania,Admelog,Insulin Lispro,35,53,59.1,20394.19,35,,30,32.8,11095.41,,17,130.65,1088.54,N,N,N,N,2018
State,45,South Carolina,Admelog,Insulin Lispro,10,11,11.7,4414.01,,*,,,,*,,18.5,675.54,N,N,N,N,2018
State,48,Texas,Admelog,Insulin Lispro,7,15,17,7782.77,,*,,,,*,,0,1370.29,N,N,N,N,2018
State,49,Utah,Admelog,Insulin Lispro,8,12,12,2966.96,,#,,,,*,,3.7,344.74,N,N,N,N,2018
State,51,Virginia,Admelog,Insulin Lispro,7,12,13.7,3391.41,,*,,,,*,,25.05,123.01,N,N,N,N,2018
State,53,Washington,Admelog,Insulin Lispro,3,17,17.7,4664.68,,#,,,,*,,18.5,0,N,N,N,N,2018
State,54,West Virginia,Admelog,Insulin Lispro,5,11,11.1,3804.89,,*,,,,*,,7.4,651.6,N,N,N,N,2018
National,,National,Admelog Solostar,Insulin Lispro,1448,2994,3666.4,1124497.51,1644,,1839,2231.9,587907.13,,952,5788.18,22655.33,N,N,N,N,2018
State,06,California,Admelog Solostar,Insulin Lispro,340,832,955.5,203612.44,412,,579,642.2,118746.24,,281,1029.5,2027.59,N,N,N,N,2018
State,12,Florida,Admelog Solostar,Insulin Lispro,16,35,47.2,15058.64,18,,14,20.2,4531.23,*,,77.9,33.83,N,N,N,N,2018
State,13,Georgia,Admelog Solostar,Insulin Lispro,10,20,20,8642.37,17,*,,,,*,,70.4,0,N,N,N,N,2018
State,16,Idaho,Admelog Solostar,Insulin Lispro,4,15,15,2031.01,,*,,,,*,,14.92,121.13,N,N,N,N,2018
State,17,Illinois,Admelog Solostar,Insulin Lispro,108,183,225.6,80817.58,112,,91,110.3,31341.12,,49,400.92,1731.87,N,N,N,N,2018
State,18,Indiana,Admelog Solostar,Insulin Lispro,43,66,78.1,39132.05,46,,32,36.8,17017.92,,18,280.1,849.37,N,N,N,N,2018
State,21,Kentucky,Admelog Solostar,Insulin Lispro,77,143,169.3,72748.57,80,,41,55.2,17807.07,,26,830.03,1442.7,N,N,N,N,2018
State,22,Louisiana,Admelog Solostar,Insulin Lispro,27,40,50.7,19339.46,26,,12,13.4,4976.67,*,,105.6,0,N,N,N,N,2018
State,24,Maryland,Admelog Solostar,Insulin Lispro,16,21,38.3,9611.39,16,#,,,,#,,69.55,490.37,N,N,N,N,2018
State,25,Massachusetts,Admelog Solostar,Insulin Lispro,24,57,113.5,28876.82,26,,38,87.5,17947.14,#,,11.1,35,N,N,N,N,2018
State,26,Michigan,Admelog Solostar,Insulin Lispro,32,159,201.4,66524.74,81,,127,148.5,47635.95,,62,38.9,465.91,N,N,N,N,2018
State,27,Minnesota,Admelog Solostar,Insulin Lispro,24,39,41.1,16222.44,24,,18,19,7437.54,*,,62.9,283.41,N,N,N,N,2018
State,32,Nevada,Admelog Solostar,Insulin Lispro,14,15,19,7415.54,14,*,,,,*,,76.95,90.92,N,N,N,N,2018
State,34,New Jersey,Admelog Solostar,Insulin Lispro,80,238,258.9,43525.59,95,,221,237.2,36038.78,#,,217.42,4208.5,N,N,N,N,2018
State,35,New Mexico,Admelog Solostar,Insulin Lispro,17,28,30.8,14541.09,20,*,,,,*,,44.4,691.67,N,N,N,N,2018
State,36,New York,Admelog Solostar,Insulin Lispro,264,449,541.9,182536.27,281,,273,341.4,114161.8,,169,929.07,3103.66,N,N,N,N,2018
State,37,North Carolina,Admelog Solostar,Insulin Lispro,11,33,41.5,18188.54,15,#,,,,*,,19.45,377.3,N,N,N,N,2018
State,39,Ohio,Admelog Solostar,Insulin Lispro,47,75,101.7,33198.33,48,,42,57,17433.94,,24,131.5,320.27,N,N,N,N,2018
State,41,Oregon,Admelog Solostar,Insulin Lispro,30,45,55.7,21613.77,30,,23,32.2,11429.36,,17,81.4,253.84,N,N,N,N,2018
State,42,Pennsylvania,Admelog Solostar,Insulin Lispro,158,275,342.1,133890.48,166,,113,145.2,48725.35,,66,948.19,3794.51,N,N,N,N,2018
State,45,South Carolina,Admelog Solostar,Insulin Lispro,13,23,25.5,10988.16,14,*,,,,*,,186.88,151.69,N,N,N,N,2018
State,48,Texas,Admelog Solostar,Insulin Lispro,12,26,35.4,7486.11,12,#,,,,*,,7.4,553.58,N,N,N,N,2018
State,51,Virginia,Admelog Solostar,Insulin Lispro,9,14,21.8,8473.36,,*,,,,*,,11.1,242.46,N,N,N,N,2018
State,53,Washington,Admelog Solostar,Insulin Lispro,18,78,126.3,35724.92,27,#,,,,#,,14.8,175.31,N,N,N,N,2018
National,,National,Apidra,Insulin Glulisine,2510,8865,12959,6875874.3,2470,,5709,8926.1,4353116.05,,1584,26804.61,438138.88,N,N,N,N,2018
State,01,Alabama,Apidra,Insulin Glulisine,19,64,103.1,77532.65,23,,40,52,29432.73,#,,191.07,3596.6,N,N,N,N,2018
State,04,Arizona,Apidra,Insulin Glulisine,59,229,339.5,207585.78,58,,128,196.6,111306.93,,35,272.23,14925.75,N,N,N,N,2018
State,05,Arkansas,Apidra,Insulin Glulisine,25,58,61.7,41629.59,24,,27,27.1,10330.92,*,,366.32,999.12,N,N,N,N,2018
State,06,California,Apidra,Insulin Glulisine,358,1249,1714.7,842958.87,373,,880,1257.3,560730.36,,254,3294.23,47494.47,N,N,N,N,2018
State,08,Colorado,Apidra,Insulin Glulisine,23,67,111.5,53271.09,21,,40,77.5,35718.46,#,,114.9,4953.32,N,N,N,N,2018
State,09,Connecticut,Apidra,Insulin Glulisine,26,68,156,89278.93,26,,54,132,76032.82,#,,24.1,2415.21,N,N,N,N,2018
State,10,Delaware,Apidra,Insulin Glulisine,6,19,56.6,43684.87,,,19,56.6,43684.87,*,,0,1888.6,N,N,N,N,2018
State,11,District of Columbia,Apidra,Insulin Glulisine,10,21,21,22624.19,,*,,,,*,,384.23,0,N,N,N,N,2018
State,12,Florida,Apidra,Insulin Glulisine,88,283,520.4,253745.33,84,,215,421.1,192851.67,,65,795.11,14192.01,N,N,N,N,2018
State,13,Georgia,Apidra,Insulin Glulisine,63,218,306.1,160461.74,63,,164,239.6,132136.63,,42,942.55,14113.89,N,N,N,N,2018
State,15,Hawaii,Apidra,Insulin Glulisine,2,16,18.9,10817.71,,,16,18.9,10817.71,*,,14.8,10,N,N,N,N,2018
State,16,Idaho,Apidra,Insulin Glulisine,22,70,90,39725.6,19,,56,72.3,30587.38,#,,271.71,3887.26,N,N,N,N,2018
State,17,Illinois,Apidra,Insulin Glulisine,75,259,383.6,175558.04,72,,179,284.4,123444.21,,47,225.8,17464.96,N,N,N,N,2018
State,18,Indiana,Apidra,Insulin Glulisine,68,242,306.6,180829.61,74,,108,156.9,88067.77,,32,637.6,9759.63,N,N,N,N,2018
State,19,Iowa,Apidra,Insulin Glulisine,16,73,109.7,55785.2,17,,49,78.4,32994.88,#,,88.05,2037.36,N,N,N,N,2018
State,20,Kansas,Apidra,Insulin Glulisine,11,57,67.4,27861.08,11,,15,22.9,8134.57,*,,125.25,2548.48,N,N,N,N,2018
State,21,Kentucky,Apidra,Insulin Glulisine,52,174,218.9,144598.62,52,,90,124.6,68878.42,,24,557.45,4701.19,N,N,N,N,2018
State,22,Louisiana,Apidra,Insulin Glulisine,70,243,267.8,97292.26,71,,175,190,65388.68,,51,853.16,6061.52,N,N,N,N,2018
State,23,Maine,Apidra,Insulin Glulisine,4,12,28.1,18282.74,,*,,,,*,,27.8,616.97,N,N,N,N,2018
State,24,Maryland,Apidra,Insulin Glulisine,40,142,238.3,83773.95,39,,95,186.5,65755.68,,25,484.53,8322.97,N,N,N,N,2018
State,25,Massachusetts,Apidra,Insulin Glulisine,25,101,156.2,94108.08,26,,68,109.2,56190.36,#,,162.25,7458.38,N,N,N,N,2018
State,26,Michigan,Apidra,Insulin Glulisine,354,1277,1757.6,864363.12,373,,701,1061.7,476081.23,,194,4666.59,47678.16,N,N,N,N,2018
State,27,Minnesota,Apidra,Insulin Glulisine,26,100,116,50174.04,25,,39,49.1,24771.71,*,,495.46,3972.68,N,N,N,N,2018
State,28,Mississippi,Apidra,Insulin Glulisine,12,41,62.7,41454.46,11,,25,39.3,17326.01,*,,141,1338.33,N,N,N,N,2018
State,29,Missouri,Apidra,Insulin Glulisine,34,117,205.1,107028.49,33,,75,136.8,70478.41,#,,101,5888.25,N,N,N,N,2018
State,31,Nebraska,Apidra,Insulin Glulisine,4,23,23.4,22266.11,,*,,,,*,,22.2,0,N,N,N,N,2018
State,32,Nevada,Apidra,Insulin Glulisine,17,42,62.4,49050.93,17,,22,39.9,32342.45,#,,76.95,3425.37,N,N,N,N,2018
State,33,New Hampshire,Apidra,Insulin Glulisine,6,17,34.4,16375.46,,#,,,,*,,58.45,330,N,N,N,N,2018
State,34,New Jersey,Apidra,Insulin Glulisine,88,337,600.4,293075.68,91,,268,494.3,216793.76,,68,270.55,17373.41,N,N,N,N,2018
State,36,New York,Apidra,Insulin Glulisine,123,432,720.2,378390.46,121,,358,598.3,301735.22,,97,421.25,16114.1,N,N,N,N,2018
State,37,North Carolina,Apidra,Insulin Glulisine,57,232,360.6,217981.12,54,,97,173.8,107496.57,,27,1806.05,12689.73,N,N,N,N,2018
State,38,North Dakota,Apidra,Insulin Glulisine,6,17,26.1,18417.44,,*,,,,*,,8.35,1955.64,N,N,N,N,2018
State,39,Ohio,Apidra,Insulin Glulisine,102,383,546.3,393653.97,94,,283,426.8,298362.03,,70,1066.4,21538.5,N,N,N,N,2018
State,40,Oklahoma,Apidra,Insulin Glulisine,21,77,106.7,48236.52,21,,45,59.5,21665.5,#,,51.9,600,N,N,N,N,2018
State,41,Oregon,Apidra,Insulin Glulisine,29,86,136.4,67084.15,28,,47,91.9,35892.03,#,,489.2,10730.08,N,N,N,N,2018
State,42,Pennsylvania,Apidra,Insulin Glulisine,193,788,1130.5,619202.99,192,,532,805.3,424370.32,,137,1899.5,53513.52,N,N,N,N,2018
State,45,South Carolina,Apidra,Insulin Glulisine,21,104,147.2,96161.26,24,,73,104.4,66573.33,#,,201.02,8852.16,N,N,N,N,2018
State,47,Tennessee,Apidra,Insulin Glulisine,39,138,216.6,125912.09,36,,77,143.5,67876.82,,21,194.7,12712.05,N,N,N,N,2018
State,48,Texas,Apidra,Insulin Glulisine,110,359,545.2,269392.99,111,,210,334,130587.42,,69,3982.33,19823.75,N,N,N,N,2018
State,49,Utah,Apidra,Insulin Glulisine,12,49,67,47071,11,,23,33.7,22526.71,*,,19.45,6624.69,N,N,N,N,2018
State,51,Virginia,Apidra,Insulin Glulisine,52,150,260.7,150815.49,51,,95,180.7,87500.48,,33,502.19,8892.44,N,N,N,N,2018
State,53,Washington,Apidra,Insulin Glulisine,40,120,186.3,109975.24,35,,72,122.1,51166.72,,19,334.03,6068.71,N,N,N,N,2018
State,54,West Virginia,Apidra,Insulin Glulisine,19,67,88,47616.16,20,,37,53.4,25428.25,#,,106.45,3196.03,N,N,N,N,2018
State,55,Wisconsin,Apidra,Insulin Glulisine,21,48,65.3,32729.29,15,,31,37.9,21023.62,*,,19.45,2785.05,N,N,N,N,2018
State,56,Wyoming,Apidra,Insulin Glulisine,3,16,16,5668.64,,#,,,,*,,3.7,369.31,N,N,N,N,2018
State,72,Puerto Rico,Apidra,Insulin Glulisine,43,146,151.9,51615.85,34,,119,124.4,40710.17,#,,0,1377.06,N,N,N,N,2018
National,,National,Apidra Solostar,Insulin Glulisine,5896,20738,33327.3,16580043.92,6204,,14499,24413.6,11313083.71,,4348,49882.77,1065601.29,N,N,N,N,2018
State,01,Alabama,Apidra Solostar,Insulin Glulisine,60,189,307.1,148012.98,55,,119,182.8,94887.33,,34,1113.34,7336.5,N,N,N,N,2018
State,04,Arizona,Apidra Solostar,Insulin Glulisine,86,269,495.1,252430.52,86,,225,426.5,202365.97,,72,351.55,18507.24,N,N,N,N,2018
State,05,Arkansas,Apidra Solostar,Insulin Glulisine,48,118,175.8,66195.21,42,,72,114.2,37592.25,,24,723.71,6062.67,N,N,N,N,2018
State,06,California,Apidra Solostar,Insulin Glulisine,727,2827,4108.6,1819225.51,863,,2039,3033.5,1284465.21,,601,4860.28,90047.63,N,N,N,N,2018
State,08,Colorado,Apidra Solostar,Insulin Glulisine,37,141,204.2,103268.91,42,,77,120.1,62817.11,,23,594.74,4094.49,N,N,N,N,2018
State,09,Connecticut,Apidra Solostar,Insulin Glulisine,59,213,440.6,183401.25,62,,149,322.3,139968.02,,46,315.2,5287.36,N,N,N,N,2018
State,10,Delaware,Apidra Solostar,Insulin Glulisine,18,70,143.4,91721.24,20,#,,,,#,,133.6,6531.34,N,N,N,N,2018
State,11,District of Columbia,Apidra Solostar,Insulin Glulisine,19,74,96.7,39481.4,22,,29,37.9,15612.57,*,,115.75,0,N,N,N,N,2018
State,12,Florida,Apidra Solostar,Insulin Glulisine,238,732,1349.9,655030.46,244,,586,1108.9,519590.19,,198,1945.14,49416.12,N,N,N,N,2018
State,13,Georgia,Apidra Solostar,Insulin Glulisine,104,396,625.6,332972.35,109,,265,439.9,222820.96,,76,575.75,23131.87,N,N,N,N,2018
State,15,Hawaii,Apidra Solostar,Insulin Glulisine,23,66,126.7,70711.21,31,,41,96.2,52892.31,#,,38.9,1244.22,N,N,N,N,2018
State,16,Idaho,Apidra Solostar,Insulin Glulisine,34,154,226.3,87089.86,42,,123,186.5,72318.31,,31,402.67,13501.81,N,N,N,N,2018
State,17,Illinois,Apidra Solostar,Insulin Glulisine,170,562,953.1,460456.26,162,,438,776.8,359491.07,,131,1431.83,36102.02,N,N,N,N,2018
State,18,Indiana,Apidra Solostar,Insulin Glulisine,284,875,1384.1,729594.29,326,,478,859.7,371190.75,,161,2685.11,32175.45,N,N,N,N,2018
State,19,Iowa,Apidra Solostar,Insulin Glulisine,35,168,222.3,154183.3,37,,130,178,106546.92,#,,1761.7,4138.58,N,N,N,N,2018
State,20,Kansas,Apidra Solostar,Insulin Glulisine,34,139,206.2,107634.5,42,,96,144.6,69736.54,,27,119.15,9789.8,N,N,N,N,2018
State,21,Kentucky,Apidra Solostar,Insulin Glulisine,121,456,606.2,355473.05,133,,237,337.3,162074.63,,66,1337.03,16960.71,N,N,N,N,2018
State,22,Louisiana,Apidra Solostar,Insulin Glulisine,146,419,559.3,271985.73,151,,270,363.7,167736.83,,92,978.8,12581.09,N,N,N,N,2018
State,23,Maine,Apidra Solostar,Insulin Glulisine,19,59,101.4,47555.26,18,,46,74.5,32337.13,#,,91.15,2963.56,N,N,N,N,2018
State,24,Maryland,Apidra Solostar,Insulin Glulisine,116,293,536.4,250685.18,118,,197,381.1,170064.92,,87,1160.67,14088.81,N,N,N,N,2018
State,25,Massachusetts,Apidra Solostar,Insulin Glulisine,54,158,267.4,131983.01,52,,107,199.5,97524.88,,35,679.32,5162.44,N,N,N,N,2018
State,26,Michigan,Apidra Solostar,Insulin Glulisine,542,2010,3700.9,1874314.14,605,,1504,2898.1,1354446.86,,463,4518.54,171670.13,N,N,N,N,2018
State,27,Minnesota,Apidra Solostar,Insulin Glulisine,75,215,290.5,147767.99,69,,129,182,80448.89,,45,660.41,16604.7,N,N,N,N,2018
State,28,Mississippi,Apidra Solostar,Insulin Glulisine,38,109,171.5,84695.19,33,,57,109,48694.27,,17,193.85,3175.2,N,N,N,N,2018
State,29,Missouri,Apidra Solostar,Insulin Glulisine,78,245,366.7,202357.51,77,,160,250.2,140817.52,,51,559.5,11484.11,N,N,N,N,2018
State,30,Montana,Apidra Solostar,Insulin Glulisine,5,15,21.6,12542.84,,*,,,,*,,561.28,0,N,N,N,N,2018
State,31,Nebraska,Apidra Solostar,Insulin Glulisine,27,66,95.3,49639.21,23,,33,50.4,23241.37,,11,95.35,2711.28,N,N,N,N,2018
State,32,Nevada,Apidra Solostar,Insulin Glulisine,34,108,189.2,103263.6,45,,77,145.2,78015.8,,31,377.35,5659.94,N,N,N,N,2018
State,33,New Hampshire,Apidra Solostar,Insulin Glulisine,13,37,69.2,45533.52,13,,25,53.1,35207.94,*,,217.06,1873.97,N,N,N,N,2018
State,34,New Jersey,Apidra Solostar,Insulin Glulisine,219,866,1731.8,857205,274,,681,1422.6,650661.99,,221,1405.28,44050.57,N,N,N,N,2018
State,35,New Mexico,Apidra Solostar,Insulin Glulisine,16,35,51.7,33717.14,14,#,,,,*,,63,2091.33,N,N,N,N,2018
State,36,New York,Apidra Solostar,Insulin Glulisine,454,1702,2634.8,1242166,491,,1318,2098.4,955792.15,,380,4698.97,50785.56,N,N,N,N,2018
State,37,North Carolina,Apidra Solostar,Insulin Glulisine,146,484,731.3,404264.54,140,,271,435.9,225347.71,,84,537.3,27306.33,N,N,N,N,2018
State,38,North Dakota,Apidra Solostar,Insulin Glulisine,7,17,27,11059.26,,#,,,,*,,32.45,1680.06,N,N,N,N,2018
State,39,Ohio,Apidra Solostar,Insulin Glulisine,227,742,1281.3,707571.72,228,,531,967.4,456860.64,,170,1529.49,45191.59,N,N,N,N,2018
State,40,Oklahoma,Apidra Solostar,Insulin Glulisine,69,203,326.9,185140.98,63,,104,186.4,87219.15,,35,935.11,10715.06,N,N,N,N,2018
State,41,Oregon,Apidra Solostar,Insulin Glulisine,65,220,382.1,198033.18,68,,158,267.2,113851.47,,50,380.51,18044.09,N,N,N,N,2018
State,42,Pennsylvania,Apidra Solostar,Insulin Glulisine,610,2351,3645.8,1862942.25,659,,1646,2626.5,1303531.53,,459,4751.56,143990.32,N,N,N,N,2018
State,44,Rhode Island,Apidra Solostar,Insulin Glulisine,14,54,92.1,48121.74,13,,23,54.1,26326.52,*,,69.55,1880.07,N,N,N,N,2018
State,45,South Carolina,Apidra Solostar,Insulin Glulisine,94,305,439.9,213036.73,98,,217,323.4,148614.48,,65,556.6,14016.06,N,N,N,N,2018
State,46,South Dakota,Apidra Solostar,Insulin Glulisine,6,26,41.3,9665.52,,#,,,,*,,8.35,1886.99,N,N,N,N,2018
State,47,Tennessee,Apidra Solostar,Insulin Glulisine,62,225,330.6,158975.78,59,,171,255.5,103027.93,,42,293,12141.25,N,N,N,N,2018
State,48,Texas,Apidra Solostar,Insulin Glulisine,271,870,1374.8,711719.56,275,,588,954.2,459101.27,,192,2113.94,56282.37,N,N,N,N,2018
State,49,Utah,Apidra Solostar,Insulin Glulisine,14,37,68.9,35067.94,15,#,,,,#,,48.2,4914.67,N,N,N,N,2018
State,50,Vermont,Apidra Solostar,Insulin Glulisine,7,18,44.3,15058.71,,*,,,,*,,3.7,1544.47,N,N,N,N,2018
State,51,Virginia,Apidra Solostar,Insulin Glulisine,114,347,575,258300.67,121,,232,419.5,174378.44,,79,1172.85,15918.03,N,N,N,N,2018
State,53,Washington,Apidra Solostar,Insulin Glulisine,128,499,726.8,324153.35,127,,317,482.8,187618.81,,81,753.3,16831.95,N,N,N,N,2018
State,54,West Virginia,Apidra Solostar,Insulin Glulisine,50,222,314,173804.07,48,,125,186.5,94322.42,,30,1160.95,12880.71,N,N,N,N,2018
State,55,Wisconsin,Apidra Solostar,Insulin Glulisine,44,160,244.5,149504.35,39,,116,178.4,90609.6,#,,762.53,6440.05,N,N,N,N,2018
State,72,Puerto Rico,Apidra Solostar,Insulin Glulisine,29,152,189.1,91724.38,28,,100,132,53253,#,,7.4,2890.64,N,N,N,N,2018
National,,National,Fiasp,Insulin Aspart (Niacinamide),1722,6125,9892.8,6115308.79,2031,,3736,6377.4,3702063.89,,1286,15941.12,354488.27,N,N,N,N,2019
State,01,Alabama,Fiasp,Insulin Aspart (Niacinamide),45,145,208.7,106249.28,44,,69,99,34791.29,,18,458.4,7660.37,N,N,N,N,2019
State,04,Arizona,Fiasp,Insulin Aspart (Niacinamide),38,89,160.6,73739.13,36,,65,118.6,56828.71,#,,55.9,6320.11,N,N,N,N,2019
State,05,Arkansas,Fiasp,Insulin Aspart (Niacinamide),17,52,65.9,44295.69,18,,23,34.9,18147.26,*,,46.3,2206.49,N,N,N,N,2019
State,06,California,Fiasp,Insulin Aspart (Niacinamide),149,476,721.4,373262.61,171,,385,607.8,316559.48,,131,543.2,26650.49,N,N,N,N,2019
State,08,Colorado,Fiasp,Insulin Aspart (Niacinamide),27,112,222.7,127122.27,30,,59,121.9,62281.1,,17,670.72,5348.85,N,N,N,N,2019
State,09,Connecticut,Fiasp,Insulin Aspart (Niacinamide),17,44,95.7,58866.46,18,,33,72.2,43294.18,#,,108.7,2742.52,N,N,N,N,2019
State,10,Delaware,Fiasp,Insulin Aspart (Niacinamide),6,15,23.2,13999.1,,#,,,,*,,0,2115.74,N,N,N,N,2019
State,12,Florida,Fiasp,Insulin Aspart (Niacinamide),176,608,1117.3,659498.11,233,,422,805,421430.65,,159,1404.94,32210.19,N,N,N,N,2019
State,13,Georgia,Fiasp,Insulin Aspart (Niacinamide),69,254,358.4,192131.18,72,,108,161.9,79333.11,,36,1170.99,12246.07,N,N,N,N,2019
State,16,Idaho,Fiasp,Insulin Aspart (Niacinamide),6,39,63.3,32765.57,,,14,19.6,6698.38,*,,139.8,1066.39,N,N,N,N,2019
State,17,Illinois,Fiasp,Insulin Aspart (Niacinamide),47,165,235.5,177732.45,50,,71,121.1,81484.96,,33,282.7,6532.67,N,N,N,N,2019
State,18,Indiana,Fiasp,Insulin Aspart (Niacinamide),27,81,119,83345.86,31,,49,69.3,51558.52,#,,251.89,3663.28,N,N,N,N,2019
State,20,Kansas,Fiasp,Insulin Aspart (Niacinamide),34,115,172.7,100890.56,39,,76,115.3,70216.75,#,,661.47,8270.33,N,N,N,N,2019
State,21,Kentucky,Fiasp,Insulin Aspart (Niacinamide),17,55,89.9,49904.31,22,,36,57.7,33559.44,#,,33.1,4294.63,N,N,N,N,2019
State,22,Louisiana,Fiasp,Insulin Aspart (Niacinamide),24,78,102.5,56379.53,31,,40,49.8,31216.17,,15,89,2740.92,N,N,N,N,2019
State,23,Maine,Fiasp,Insulin Aspart (Niacinamide),4,11,19.3,15918.95,,*,,,,*,,17.1,209.28,N,N,N,N,2019
State,24,Maryland,Fiasp,Insulin Aspart (Niacinamide),34,119,262.8,143757.08,43,,81,199,111717.18,,27,1004.31,9683.13,N,N,N,N,2019
State,25,Massachusetts,Fiasp,Insulin Aspart (Niacinamide),29,132,182.4,102779.54,31,,69,110,70079.38,#,,257.6,3726.6,N,N,N,N,2019
State,26,Michigan,Fiasp,Insulin Aspart (Niacinamide),56,139,243.1,132296.73,60,,70,141.7,81127.6,,32,272.7,11090.17,N,N,N,N,2019
State,27,Minnesota,Fiasp,Insulin Aspart (Niacinamide),15,56,119.5,73898.87,19,#,,,,#,,25.5,5308.94,N,N,N,N,2019
State,28,Mississippi,Fiasp,Insulin Aspart (Niacinamide),32,138,171.3,183687.73,36,,56,60.8,44656.51,,13,216.5,3820.76,N,N,N,N,2019
State,29,Missouri,Fiasp,Insulin Aspart (Niacinamide),44,213,283,167507.78,61,,126,158.8,88047.63,,35,288.15,10679.74,N,N,N,N,2019
State,30,Montana,Fiasp,Insulin Aspart (Niacinamide),11,32,60.7,40019.9,,*,,,,*,,50.1,821.48,N,N,N,N,2019
State,31,Nebraska,Fiasp,Insulin Aspart (Niacinamide),13,43,59.9,30042.29,11,,19,25.4,11318.79,*,,46.5,1261.54,N,N,N,N,2019
State,32,Nevada,Fiasp,Insulin Aspart (Niacinamide),23,75,155.1,104424.73,30,,52,112,81330.14,#,,129.5,5256.29,N,N,N,N,2019
State,33,New Hampshire,Fiasp,Insulin Aspart (Niacinamide),8,53,79.8,71948.87,15,,37,57.3,43502.74,*,,28.4,3714.68,N,N,N,N,2019
State,34,New Jersey,Fiasp,Insulin Aspart (Niacinamide),42,122,190.8,107015.11,51,,96,155.7,84312.02,,40,698.47,6879.14,N,N,N,N,2019
State,35,New Mexico,Fiasp,Insulin Aspart (Niacinamide),14,48,74.3,38245.21,15,,25,47.5,24948.12,*,,226.8,1354.1,N,N,N,N,2019
State,36,New York,Fiasp,Insulin Aspart (Niacinamide),122,501,804.5,597799.35,157,,276,475.4,322782.67,,99,484.58,16259.53,N,N,N,N,2019
State,37,North Carolina,Fiasp,Insulin Aspart (Niacinamide),56,238,315.4,206316.1,64,,133,187.8,105631.73,,40,1167.21,13211.71,N,N,N,N,2019
State,38,North Dakota,Fiasp,Insulin Aspart (Niacinamide),12,67,105.6,49140.2,15,,27,43.6,16684.66,*,,24.6,7344.62,N,N,N,N,2019
State,39,Ohio,Fiasp,Insulin Aspart (Niacinamide),59,203,321.8,175788.63,66,,122,208.6,100029.93,,43,1089.3,10121.45,N,N,N,N,2019
State,40,Oklahoma,Fiasp,Insulin Aspart (Niacinamide),15,35,55.7,23650.33,16,,21,24.9,11927.46,*,,12.3,2050.08,N,N,N,N,2019
State,41,Oregon,Fiasp,Insulin Aspart (Niacinamide),18,62,102.6,53824.06,19,,43,73.3,36988.05,#,,366.88,3000.92,N,N,N,N,2019
State,42,Pennsylvania,Fiasp,Insulin Aspart (Niacinamide),62,242,381.5,249657.61,79,,168,276.9,156846.54,,56,332.6,17013.56,N,N,N,N,2019
State,44,Rhode Island,Fiasp,Insulin Aspart (Niacinamide),6,24,31.6,9264.31,,#,,,,*,,3.8,370,N,N,N,N,2019
State,45,South Carolina,Fiasp,Insulin Aspart (Niacinamide),32,135,226.5,154797.54,39,,68,111.4,74882.06,,18,495.44,8491.63,N,N,N,N,2019
State,46,South Dakota,Fiasp,Insulin Aspart (Niacinamide),7,45,58.5,52500.6,,,20,32.5,13333.73,*,,38,2225.55,N,N,N,N,2019
State,47,Tennessee,Fiasp,Insulin Aspart (Niacinamide),55,172,278.9,191168.68,66,,81,147.2,98429.05,,33,712.47,13453.11,N,N,N,N,2019
State,48,Texas,Fiasp,Insulin Aspart (Niacinamide),153,589,1081,701182.9,212,,415,795.9,538169.41,,146,1358.35,53742.87,N,N,N,N,2019
State,49,Utah,Fiasp,Insulin Aspart (Niacinamide),10,41,52.4,52032.54,,,24,28,30124.45,*,,49.2,2342,N,N,N,N,2019
State,51,Virginia,Fiasp,Insulin Aspart (Niacinamide),26,76,120.6,68741.59,30,,48,77,36871.47,,19,128.6,5571.94,N,N,N,N,2019
State,53,Washington,Fiasp,Insulin Aspart (Niacinamide),15,55,72.6,41909.95,16,,35,49.3,27272.64,*,,19,3699.15,N,N,N,N,2019
State,54,West Virginia,Fiasp,Insulin Aspart (Niacinamide),12,33,60.7,41173.74,15,,18,41.7,32386.64,*,,97.75,2018.35,N,N,N,N,2019
State,55,Wisconsin,Fiasp,Insulin Aspart (Niacinamide),22,61,106.1,60750.2,26,,34,62.4,26888.35,#,,333.1,3912.99,N,N,N,N,2019
State,56,Wyoming,Fiasp,Insulin Aspart (Niacinamide),4,14,20.6,6244.9,,#,,,,*,,25.5,982.96,N,N,N,N,2019
National,,National,Fiasp Flextouch,Insulin Aspart (Niacinamide),4729,20833,33858.9,17900764.66,6867,,14096,23642.2,11778198.99,,4760,44257.77,1093973.13,N,N,N,N,2019
State,01,Alabama,Fiasp Flextouch,Insulin Aspart (Niacinamide),66,337,542.4,283495.19,118,,197,292.4,125089.95,,66,1112.59,17841.27,N,N,N,N,2019
State,02,Alaska,Fiasp Flextouch,Insulin Aspart (Niacinamide),14,36,66,31743.97,,#,,,,*,,0,1376.23,N,N,N,N,2019
State,04,Arizona,Fiasp Flextouch,Insulin Aspart (Niacinamide),69,267,459.4,295028.08,90,,184,350.8,186599.94,,67,152.5,18759.69,N,N,N,N,2019
State,05,Arkansas,Fiasp Flextouch,Insulin Aspart (Niacinamide),49,178,251,127281.65,62,,127,182.1,87703.88,,40,549.97,8131.08,N,N,N,N,2019
State,06,California,Fiasp Flextouch,Insulin Aspart (Niacinamide),320,1479,2250,1042010.06,475,,1023,1627.6,718570.16,,341,1692.14,59249.42,N,N,N,N,2019
State,08,Colorado,Fiasp Flextouch,Insulin Aspart (Niacinamide),40,153,259,113886.42,48,#,,,,#,,61.5,11784.94,N,N,N,N,2019
State,09,Connecticut,Fiasp Flextouch,Insulin Aspart (Niacinamide),49,207,378.8,210133.94,80,,171,314.7,161390.3,#,,279.8,9610.33,N,N,N,N,2019
State,10,Delaware,Fiasp Flextouch,Insulin Aspart (Niacinamide),20,43,89.6,52043.54,16,,25,50.5,21139.9,*,,66.2,1652.9,N,N,N,N,2019
State,11,District of Columbia,Fiasp Flextouch,Insulin Aspart (Niacinamide),17,49,98.1,41920.63,16,,37,75.5,30212.49,#,,63.3,1796.06,N,N,N,N,2019
State,12,Florida,Fiasp Flextouch,Insulin Aspart (Niacinamide),387,2068,3546.5,1715481.83,733,,1376,2396.5,1099569.4,,513,4407.6,110985.41,N,N,N,N,2019
State,13,Georgia,Fiasp Flextouch,Insulin Aspart (Niacinamide),165,682,1112,611719.39,220,,406,676.2,353464.88,,134,3343.55,34156.41,N,N,N,N,2019
State,15,Hawaii,Fiasp Flextouch,Insulin Aspart (Niacinamide),8,51,93,50436.02,17,#,,,,#,,0,2206.14,N,N,N,N,2019
State,16,Idaho,Fiasp Flextouch,Insulin Aspart (Niacinamide),22,55,103,47069.26,23,,26,53.4,20873.59,#,,85,3303.44,N,N,N,N,2019
State,17,Illinois,Fiasp Flextouch,Insulin Aspart (Niacinamide),168,743,1169.8,642218.78,233,,532,827.9,450164.49,,157,1428.05,39380.65,N,N,N,N,2019
State,18,Indiana,Fiasp Flextouch,Insulin Aspart (Niacinamide),132,484,703.2,445950.27,174,,323,435.8,240103.66,,112,1020.66,21495.87,N,N,N,N,2019
State,19,Iowa,Fiasp Flextouch,Insulin Aspart (Niacinamide),35,117,157.1,120880.59,37,,64,88.3,76123.94,,19,1140.35,5276.83,N,N,N,N,2019
State,20,Kansas,Fiasp Flextouch,Insulin Aspart (Niacinamide),101,555,865.9,458044.3,167,,412,640.4,335703.82,,122,356.3,43694.97,N,N,N,N,2019
State,21,Kentucky,Fiasp Flextouch,Insulin Aspart (Niacinamide),78,267,431.2,249345.86,99,,158,267.3,140218.82,,60,782.37,10047.25,N,N,N,N,2019
State,22,Louisiana,Fiasp Flextouch,Insulin Aspart (Niacinamide),77,398,555.6,304911.76,114,,269,374.7,215053.78,,80,301,19999.86,N,N,N,N,2019
State,23,Maine,Fiasp Flextouch,Insulin Aspart (Niacinamide),10,23,46.8,19950.33,11,#,,,,*,,3.8,2233.3,N,N,N,N,2019
State,24,Maryland,Fiasp Flextouch,Insulin Aspart (Niacinamide),109,426,878.9,454218.19,176,,327,702,348976.37,,139,980.46,29267.89,N,N,N,N,2019
State,25,Massachusetts,Fiasp Flextouch,Insulin Aspart (Niacinamide),80,333,518.7,267360.39,114,,245,385.7,183396.7,,83,337,12876.02,N,N,N,N,2019
State,26,Michigan,Fiasp Flextouch,Insulin Aspart (Niacinamide),131,449,830.5,387492.98,168,,267,525.6,222581.01,,109,2178.17,21552.58,N,N,N,N,2019
State,27,Minnesota,Fiasp Flextouch,Insulin Aspart (Niacinamide),64,272,447.5,228239.62,87,,169,299.2,145157.93,,62,479.79,16971.46,N,N,N,N,2019
State,28,Mississippi,Fiasp Flextouch,Insulin Aspart (Niacinamide),93,530,776.6,454151.34,153,,288,431.3,215185.07,,83,3003.92,16474.31,N,N,N,N,2019
State,29,Missouri,Fiasp Flextouch,Insulin Aspart (Niacinamide),112,693,1002.5,686602.61,230,,427,653.1,411536.8,,140,1351.09,43590.14,N,N,N,N,2019
State,30,Montana,Fiasp Flextouch,Insulin Aspart (Niacinamide),19,102,150.1,95283.28,25,,57,88.5,45779.94,,14,420.68,4562.9,N,N,N,N,2019
State,31,Nebraska,Fiasp Flextouch,Insulin Aspart (Niacinamide),28,118,162.9,109562.97,37,,101,139.4,97557.48,#,,117.4,9316.67,N,N,N,N,2019
State,32,Nevada,Fiasp Flextouch,Insulin Aspart (Niacinamide),55,239,390.7,217059.8,73,,168,291.7,155886.47,,56,158.8,16199.14,N,N,N,N,2019
State,33,New Hampshire,Fiasp Flextouch,Insulin Aspart (Niacinamide),19,95,150.5,88616.47,30,,50,83.6,50412.52,,18,141.8,5215.71,N,N,N,N,2019
State,34,New Jersey,Fiasp Flextouch,Insulin Aspart (Niacinamide),142,630,1247.6,620288.36,245,,523,1075,528108.44,,201,720.3,44631.28,N,N,N,N,2019
State,35,New Mexico,Fiasp Flextouch,Insulin Aspart (Niacinamide),33,135,236.6,93420.43,52,,119,203.3,83319.26,#,,505.68,5821.48,N,N,N,N,2019
State,36,New York,Fiasp Flextouch,Insulin Aspart (Niacinamide),384,1580,2615.9,1268039,522,,1152,1957.5,852670.29,,389,1859.59,51288.96,N,N,N,N,2019
State,37,North Carolina,Fiasp Flextouch,Insulin Aspart (Niacinamide),161,651,983.1,474675.92,212,,415,656,322634.94,,139,1296.94,37220.81,N,N,N,N,2019
State,38,North Dakota,Fiasp Flextouch,Insulin Aspart (Niacinamide),24,87,135.3,63655.82,29,,66,106,48934.63,#,,215.3,6729.38,N,N,N,N,2019
State,39,Ohio,Fiasp Flextouch,Insulin Aspart (Niacinamide),184,883,1256.3,704545.35,243,,596,893.6,470656.59,,156,1141.36,43044.93,N,N,N,N,2019
State,40,Oklahoma,Fiasp Flextouch,Insulin Aspart (Niacinamide),48,181,320.6,156429.67,69,,114,218.1,102059.28,,41,294,6621.33,N,N,N,N,2019
State,41,Oregon,Fiasp Flextouch,Insulin Aspart (Niacinamide),33,101,164,93426.56,39,,39,86.7,31691.11,,18,234,3870.91,N,N,N,N,2019
State,42,Pennsylvania,Fiasp Flextouch,Insulin Aspart (Niacinamide),227,935,1627.4,824932.72,317,,629,1145.2,552984.14,,219,1768.3,49098.32,N,N,N,N,2019
State,44,Rhode Island,Fiasp Flextouch,Insulin Aspart (Niacinamide),14,36,43.5,35937.25,13,,11,18.5,8749.93,*,,20.8,28.26,N,N,N,N,2019
State,45,South Carolina,Fiasp Flextouch,Insulin Aspart (Niacinamide),78,292,457.5,227184.58,100,,202,311.6,159328.21,,62,534.04,17951.25,N,N,N,N,2019
State,46,South Dakota,Fiasp Flextouch,Insulin Aspart (Niacinamide),15,70,93.2,50670.37,20,,33,45.2,24745.11,#,,245.9,4541.98,N,N,N,N,2019
State,47,Tennessee,Fiasp Flextouch,Insulin Aspart (Niacinamide),124,625,991,634971.42,218,,387,610.3,365134.29,,141,2387.18,39136.01,N,N,N,N,2019
State,48,Texas,Fiasp Flextouch,Insulin Aspart (Niacinamide),398,1792,3013.3,1576543.08,638,,1196,2081.5,1050710.4,,453,4952.67,109762.74,N,N,N,N,2019
State,49,Utah,Fiasp Flextouch,Insulin Aspart (Niacinamide),27,83,137.1,62622.62,27,,46,77.4,28380.91,#,,229.18,4111.84,N,N,N,N,2019
State,50,Vermont,Fiasp Flextouch,Insulin Aspart (Niacinamide),7,30,67,19981.57,,,16,42.5,9126.84,*,,35.3,200,N,N,N,N,2019
State,51,Virginia,Fiasp Flextouch,Insulin Aspart (Niacinamide),112,472,767.5,406371.2,161,,356,610.6,312403.29,,118,664.37,29357.54,N,N,N,N,2019
State,53,Washington,Fiasp Flextouch,Insulin Aspart (Niacinamide),66,274,434.2,213123.46,83,,182,276.4,132237.92,,57,339.2,16039.87,N,N,N,N,2019
State,54,West Virginia,Fiasp Flextouch,Insulin Aspart (Niacinamide),52,236,379.7,242569.6,81,,145,249.3,146762.76,,51,225,9921.29,N,N,N,N,2019
State,55,Wisconsin,Fiasp Flextouch,Insulin Aspart (Niacinamide),57,275,382.6,270888.32,68,,188,281.2,201235.87,,47,547.37,15086.9,N,N,N,N,2019
State,56,Wyoming,Fiasp Flextouch,Insulin Aspart (Niacinamide),5,15,16.9,7782.69,,*,,,,*,,17,499.18,N,N,N,N,2019
National,,National,Fiasp Penfill,Insulin Aspart (Niacinamide),15,24,38.2,15689.21,17,#,,,,#,,0,1057.75,N,N,N,N,2019
National,,National,Novolog,Insulin Aspart,106988,1064296,1401829.5,665370697.82,239345,,755866,987504.8,436906548.24,,169602,2200480.81,28080829.05,N,N,N,N,2019
State,01,Alabama,Novolog,Insulin Aspart,1488,16959,21518.5,10179418.24,3981,,11327,13844.9,5835408.78,,2588,50322.78,424746.46,N,N,N,N,2019
State,02,Alaska,Novolog,Insulin Aspart,122,651,948,533033.64,175,,474,683.2,374843.82,,119,1622.15,14746.82,N,N,N,N,2019
State,04,Arizona,Novolog,Insulin Aspart,2525,19768,27600.1,12867644.27,5178,,13574,19081.1,8357119.32,,3589,45661.42,569684.45,N,N,N,N,2019
State,05,Arkansas,Novolog,Insulin Aspart,1383,17473,20084,8843964.55,3562,,11618,13116,5290398.53,,2283,38252.37,328724.54,N,N,N,N,2019
State,06,California,Novolog,Insulin Aspart,8857,81046,106017.8,44899436.33,18293,,58885,76571.4,30878030.99,,13344,139812.04,1048101.37,N,N,N,N,2019
State,08,Colorado,Novolog,Insulin Aspart,1334,9325,13470,6601579.33,2282,,6297,9287.7,4350470.7,,1572,16635.3,338648.22,N,N,N,N,2019
State,09,Connecticut,Novolog,Insulin Aspart,1023,9688,13170.3,6132160.53,2378,,7384,9918.1,4379061.92,,1805,16004.64,214328.04,N,N,N,N,2019
State,10,Delaware,Novolog,Insulin Aspart,182,1315,2044.4,1093441.75,376,,902,1439.4,775082.32,,271,5969.14,65888.93,N,N,N,N,2019
State,11,District of Columbia,Novolog,Insulin Aspart,238,1554,2085.8,819375.95,420,,1107,1448.8,527213.59,,282,3205.27,21036.78,N,N,N,N,2019
State,12,Florida,Novolog,Insulin Aspart,8094,95055,133789.4,61880851.83,22726,,71921,99441.8,43326482.49,,16919,165192.8,1537337.83,N,N,N,N,2019
State,13,Georgia,Novolog,Insulin Aspart,3534,39046,52202.9,25014599.77,9493,,26404,34759.7,15470546.97,,6353,111456,1087186.07,N,N,N,N,2019
State,15,Hawaii,Novolog,Insulin Aspart,165,906,1259.8,490726.04,241,,770,1042.6,396877.14,,200,1177.6,22257.93,N,N,N,N,2019
State,16,Idaho,Novolog,Insulin Aspart,613,5079,6897.5,3446949.45,1180,,3473,4658,2070307.6,,815,11613.88,214968.96,N,N,N,N,2019
State,17,Illinois,Novolog,Insulin Aspart,4379,42110,54099.6,25264615.5,9432,,29024,37153.5,16217147.28,,6580,69912.04,1062871.88,N,N,N,N,2019
State,18,Indiana,Novolog,Insulin Aspart,2333,27045,35073.6,17290780.3,5888,,19228,24585.2,11227329.3,,4142,54913.18,781229.47,N,N,N,N,2019
State,19,Iowa,Novolog,Insulin Aspart,1561,21902,25859.4,11994663.91,3833,,17123,20091.6,8665250.83,,2933,45640.54,791608.64,N,N,N,N,2019
State,20,Kansas,Novolog,Insulin Aspart,1196,12768,16235.4,8183240.25,2547,,9557,12071,5570432.76,,1873,28761.61,532338.39,N,N,N,N,2019
State,21,Kentucky,Novolog,Insulin Aspart,2039,22402,28220.4,15376679.28,5250,,14495,18087.1,8860645.52,,3384,67502.18,544882.58,N,N,N,N,2019
State,22,Louisiana,Novolog,Insulin Aspart,1875,19252,24353.6,11697566.13,4623,,13532,16893.2,7656896.88,,3198,44403.39,512310.38,N,N,N,N,2019
State,23,Maine,Novolog,Insulin Aspart,755,6903,9427.4,4683591.2,1468,,4910,6517.5,3021765.24,,1033,11505.54,139950.76,N,N,N,N,2019
State,24,Maryland,Novolog,Insulin Aspart,1757,12273,18171.5,8697787.4,3513,,8483,12574.8,5686531.51,,2422,42347.42,386921.84,N,N,N,N,2019
State,25,Massachusetts,Novolog,Insulin Aspart,2855,29508,40894.3,19341847.6,6488,,19780,27314.8,12001144.68,,4364,46443.17,501316.61,N,N,N,N,2019
State,26,Michigan,Novolog,Insulin Aspart,5002,47812,65532.3,31045802.14,11608,,30763,41908.6,18520960.59,,7465,110680.67,1248361.69,N,N,N,N,2019
State,27,Minnesota,Novolog,Insulin Aspart,1984,15343,21553.3,10970969.94,3546,,11449,16147.1,7606441.76,,2711,36912.86,798548.42,N,N,N,N,2019
State,28,Mississippi,Novolog,Insulin Aspart,1538,21157,25462.2,11651041.13,4733,,14096,16586.1,6825054.17,,3095,41620.18,378597.38,N,N,N,N,2019
State,29,Missouri,Novolog,Insulin Aspart,2151,29546,35583.5,16759167.5,6038,,19997,24009.6,10424982.87,,4155,53341.02,831305.54,N,N,N,N,2019
State,30,Montana,Novolog,Insulin Aspart,453,3785,5308.8,2533656.29,866,,2776,3964.7,1823235.18,,647,5862.59,169869.11,N,N,N,N,2019
State,31,Nebraska,Novolog,Insulin Aspart,852,9196,11203.8,5219039.16,1798,,6976,8381.4,3554316.76,,1330,19880.26,364790.01,N,N,N,N,2019
State,32,Nevada,Novolog,Insulin Aspart,675,4107,6528.2,3332774.61,1245,,2824,4558.3,2285526.9,,859,11010.09,143601.26,N,N,N,N,2019
State,33,New Hampshire,Novolog,Insulin Aspart,434,3630,5114.3,2632892.09,870,,2501,3493.1,1706031.85,,585,10697.2,139692.15,N,N,N,N,2019
State,34,New Jersey,Novolog,Insulin Aspart,1933,19396,25228.7,11087964.29,4440,,14873,19274.4,8202154.55,,3375,29105.24,481367.02,N,N,N,N,2019
State,35,New Mexico,Novolog,Insulin Aspart,773,5930,7778.1,3738584.38,1527,,3895,5223.5,2349429.61,,1015,15263.13,160322.22,N,N,N,N,2019
State,36,New York,Novolog,Insulin Aspart,5107,41372,55707,28463892.25,9965,,31011,41668.9,19964233.36,,7519,56867.95,833123.64,N,N,N,N,2019
State,37,North Carolina,Novolog,Insulin Aspart,3603,32685,41122.2,19728506.14,7792,,22338,27802.8,12264200.81,,5286,85295.16,948242.67,N,N,N,N,2019
State,38,North Dakota,Novolog,Insulin Aspart,348,3740,4781.9,2209095.18,718,,3115,3937.7,1712081.42,,581,6610.06,168386.71,N,N,N,N,2019
State,39,Ohio,Novolog,Insulin Aspart,3990,49053,60343.8,27401358.58,10718,,33593,41272.5,17369317.99,,7439,93095.16,1216327.32,N,N,N,N,2019
State,40,Oklahoma,Novolog,Insulin Aspart,1430,16737,20203.5,9378890.74,3715,,11307,13530.4,5887856.97,,2493,29214.69,423678.08,N,N,N,N,2019
State,41,Oregon,Novolog,Insulin Aspart,1646,11884,15005.7,6695442.39,2698,,8201,10229.6,4235471.04,,1876,26299.02,336529.35,N,N,N,N,2019
State,42,Pennsylvania,Novolog,Insulin Aspart,5102,64800,83445.5,39165581.18,13248,,49846,63571.1,27868094.7,,10113,99719.38,1749687.97,N,N,N,N,2019
State,44,Rhode Island,Novolog,Insulin Aspart,365,3500,4487.5,1926918.49,774,,2307,2889.2,1185557.41,,514,4446.04,58679.9,N,N,N,N,2019
State,45,South Carolina,Novolog,Insulin Aspart,1566,12087,16223.9,8085378.75,3031,,8358,11098,5127019.77,,2050,32951.39,480766.14,N,N,N,N,2019
State,46,South Dakota,Novolog,Insulin Aspart,382,4287,5421.5,2583756.9,886,,3341,4169.4,1803206,,664,6995.87,228765.76,N,N,N,N,2019
State,47,Tennessee,Novolog,Insulin Aspart,3124,29118,39806.7,21467494.69,7531,,19285,26217.2,12692586.8,,5001,93323.29,1110461.83,N,N,N,N,2019
State,48,Texas,Novolog,Insulin Aspart,6824,61798,83946,40431734.37,15750,,46004,61684.1,28275366.35,,11459,142242.33,1952919.87,N,N,N,N,2019
State,49,Utah,Novolog,Insulin Aspart,767,6624,9259.3,4838624.17,1657,,4438,6347.4,3184509.27,,1162,14179.57,319646.15,N,N,N,N,2019
State,50,Vermont,Novolog,Insulin Aspart,185,1448,2157.8,1206576,348,,1000,1485.3,765516.74,,231,2789.85,45625.43,N,N,N,N,2019
State,51,Virginia,Novolog,Insulin Aspart,2489,22215,29670.2,14070409.76,5344,,15352,19842.8,8570999.53,,3622,56715.94,674091.64,N,N,N,N,2019
State,53,Washington,Novolog,Insulin Aspart,2246,15939,21064.9,9873456.48,3821,,10599,14083.9,6125230.38,,2577,39805.28,530423.36,N,N,N,N,2019
State,54,West Virginia,Novolog,Insulin Aspart,834,9946,13370.5,7361278.14,2292,,6656,8953.5,4545954.58,,1559,22285.74,260611.74,N,N,N,N,2019
State,55,Wisconsin,Novolog,Insulin Aspart,1988,18247,23754.4,11638684.42,3834,,13814,17978.2,8112613.34,,2864,28543.65,754767.17,N,N,N,N,2019
State,56,Wyoming,Novolog,Insulin Aspart,187,1269,1749.2,883326.02,308,,991,1387.6,635332.56,,232,2247.62,63246.13,N,N,N,N,2019
State,72,Puerto Rico,Novolog,Insulin Aspart,682,5459,7387.7,3522532.65,1255,,3816,5123.8,2290628.46,,901,3486.85,60219.33,N,N,N,N,2019
State,9B,Armed Forces Europe,Novolog,Insulin Aspart,4,106,120.5,95511.32,18,,46,54.7,32272.91,*,,437.11,4532.37,N,N,N,N,2019
State,9C,Armed Forces Pacific,Novolog,Insulin Aspart,3,16,28.3,11726.04,,*,,,,*,,35,933.88,N,N,N,N,2019
State,9E,Foreign Country,Novolog,Insulin Aspart,5,20,24.6,8916.96,,*,,,,*,,136.86,378.88,N,N,N,N,2019
National,,National,Novolog Flexpen,Insulin Aspart,189703,2453757,3768523.3,1843779722,602007,,1729258,2691116.8,1234542419.8,,427815,5507623.99,84219358.29,N,N,N,N,2019
State,01,Alabama,Novolog Flexpen,Insulin Aspart,2486,28650,45895,23673725.5,8225,,17427,27874,13359370.85,,4916,106229.56,942553.25,N,N,N,N,2019
State,02,Alaska,Novolog Flexpen,Insulin Aspart,334,2090,3616.9,1820007.21,659,,1380,2511.1,1206362.21,,445,5419.79,43532.37,N,N,N,N,2019
State,04,Arizona,Novolog Flexpen,Insulin Aspart,3075,24382,40087,19820690.01,7449,,17520,29825,14142974.14,,5485,49564.12,1250089.07,N,N,N,N,2019
State,05,Arkansas,Novolog Flexpen,Insulin Aspart,1850,21003,30290.3,17212352.19,5654,,11963,17651,9154752.24,,3349,63692.68,750790.01,N,N,N,N,2019
State,06,California,Novolog Flexpen,Insulin Aspart,14030,164454,248916.7,106413763.7,39553,,119846,183491.5,74240698.5,,29044,299956.44,2725529.77,N,N,N,N,2019
State,08,Colorado,Novolog Flexpen,Insulin Aspart,2341,19090,30764.2,14009770.83,5183,,12588,20988.6,9104306.85,,3479,45622.27,688015.15,N,N,N,N,2019
State,09,Connecticut,Novolog Flexpen,Insulin Aspart,2278,25109,44421.2,21299663.91,6987,,17282,31646.6,14562581.17,,4959,55811.98,738950.43,N,N,N,N,2019
State,10,Delaware,Novolog Flexpen,Insulin Aspart,598,6351,11255.7,6137771.78,1903,,4481,8133,4129561.79,,1358,20479.15,312006.6,N,N,N,N,2019
State,11,District of Columbia,Novolog Flexpen,Insulin Aspart,561,4037,7234.6,3095133.56,1253,,2377,4447.2,1737644.25,,774,12221.92,79980.28,N,N,N,N,2019
State,12,Florida,Novolog Flexpen,Insulin Aspart,11731,151137,238161.3,109728522.03,40338,,110444,173717.9,75463097.75,,29257,393735.14,4126441.42,N,N,N,N,2019
State,13,Georgia,Novolog Flexpen,Insulin Aspart,4885,69289,107566.7,52179073.07,18725,,47944,74432.5,33815798.22,,12812,215367.64,2402671.6,N,N,N,N,2019
State,15,Hawaii,Novolog Flexpen,Insulin Aspart,596,5612,10996.3,5009883.38,1650,,4346,8843.7,3913029.83,,1293,12388.68,231906.6,N,N,N,N,2019
State,16,Idaho,Novolog Flexpen,Insulin Aspart,1087,13605,20004.5,9585383.68,3316,,9664,14481.5,6448755.62,,2364,31910.6,601967.49,N,N,N,N,2019
State,17,Illinois,Novolog Flexpen,Insulin Aspart,7063,83162,130953.4,65526760.24,21275,,59203,95193.3,44696455.85,,15358,171925.38,3302403.72,N,N,N,N,2019
State,18,Indiana,Novolog Flexpen,Insulin Aspart,4281,67655,106439.3,57492985.56,17459,,47233,74494.3,37175979.5,,12262,148012.47,2857526.85,N,N,N,N,2019
State,19,Iowa,Novolog Flexpen,Insulin Aspart,2422,41640,59823,31212545.15,9048,,32685,47616.4,23357148.55,,6960,75424.82,2622580.53,N,N,N,N,2019
State,20,Kansas,Novolog Flexpen,Insulin Aspart,2270,44539,63497.5,33321759.95,9603,,32179,46068.1,22242993.25,,6883,104889,1998498.04,N,N,N,N,2019
State,21,Kentucky,Novolog Flexpen,Insulin Aspart,3258,52446,74304.4,39947227.52,12589,,34676,49423,24392357.14,,8146,150090.44,1512272.43,N,N,N,N,2019
State,22,Louisiana,Novolog Flexpen,Insulin Aspart,2906,45847,68636.2,31235734.43,12172,,31522,46781.1,20316649.41,,8341,112550.24,1229004.71,N,N,N,N,2019
State,23,Maine,Novolog Flexpen,Insulin Aspart,1149,9943,17117.6,9344711.39,2775,,7091,12215.5,6139692.83,,1926,22596.91,322408.36,N,N,N,N,2019
State,24,Maryland,Novolog Flexpen,Insulin Aspart,3329,35943,61270.2,27652736.33,10478,,26068,45431.3,19579581.24,,7726,98531.12,1393290.21,N,N,N,N,2019
State,25,Massachusetts,Novolog Flexpen,Insulin Aspart,4540,52338,86765.6,42793469.2,13569,,34283,59024.9,27308650.24,,9221,95783.57,1425006.36,N,N,N,N,2019
State,26,Michigan,Novolog Flexpen,Insulin Aspart,7937,91761,152753.5,76072214.32,25195,,63223,107934.6,50946317.62,,17742,192102.06,3479032.59,N,N,N,N,2019
State,27,Minnesota,Novolog Flexpen,Insulin Aspart,5257,69979,105840.3,54031996.75,16364,,51983,80226.9,38502748.61,,12335,147668.93,3707706.8,N,N,N,N,2019
State,28,Mississippi,Novolog Flexpen,Insulin Aspart,1969,29616,43348.3,23146310.09,7907,,17570,25685.2,12647354.59,,4714,82222.08,855068.13,N,N,N,N,2019
State,29,Missouri,Novolog Flexpen,Insulin Aspart,4457,73684,102205.8,52619951.34,17118,,46594,65750.1,30824757.78,,11064,160292.57,2548774.27,N,N,N,N,2019
State,30,Montana,Novolog Flexpen,Insulin Aspart,812,8750,12884.4,6497965.31,2165,,6317,9505.4,4417426.83,,1550,22334.21,383808.9,N,N,N,N,2019
State,31,Nebraska,Novolog Flexpen,Insulin Aspart,1500,21617,29736.2,13966164.92,4673,,16113,22496.2,10000807.43,,3537,33487.89,1036152.29,N,N,N,N,2019
State,32,Nevada,Novolog Flexpen,Insulin Aspart,1298,14441,22764.3,10948766.1,4032,,10422,16626.3,7699832.7,,2888,33321.1,517685.1,N,N,N,N,2019
State,33,New Hampshire,Novolog Flexpen,Insulin Aspart,783,8498,13092.7,6965897.5,2202,,5591,8745.2,4359468.61,,1437,21849.8,325172.43,N,N,N,N,2019
State,34,New Jersey,Novolog Flexpen,Insulin Aspart,4219,58099,91555.3,40119919.81,14051,,44873,71972.3,30272176.85,,10994,94300.69,2084885.77,N,N,N,N,2019
State,35,New Mexico,Novolog Flexpen,Insulin Aspart,1259,13488,19365.8,8934665.85,3600,,9079,13052.8,5501714.95,,2413,34053.61,323606.07,N,N,N,N,2019
State,36,New York,Novolog Flexpen,Insulin Aspart,14737,199410,301200.1,137180609.29,45866,,149601,230458.1,99939260.54,,34737,343913.04,3857243.42,N,N,N,N,2019
State,37,North Carolina,Novolog Flexpen,Insulin Aspart,6861,98069,140101,67258028,24296,,63479,90384.3,39475363.16,,15738,273778.91,2629262.82,N,N,N,N,2019
State,38,North Dakota,Novolog Flexpen,Insulin Aspart,758,14912,22216.1,11578321.37,3314,,11710,17695.9,8655620.98,,2588,32181.15,878331.31,N,N,N,N,2019
State,39,Ohio,Novolog Flexpen,Insulin Aspart,8038,113536,167455.2,82313520.61,28339,,75740,113627.6,52136712.31,,19220,238288.91,3988869.71,N,N,N,N,2019
State,40,Oklahoma,Novolog Flexpen,Insulin Aspart,2481,37447,53752,29010924.3,9664,,24485,35639.5,17815698.81,,6340,84492.11,1376690.38,N,N,N,N,2019
State,41,Oregon,Novolog Flexpen,Insulin Aspart,2430,19917,29684.1,14393197.18,5312,,13494,20492.3,9429667.73,,3644,41832.07,800409.47,N,N,N,N,2019
State,42,Pennsylvania,Novolog Flexpen,Insulin Aspart,10408,157323,245915.9,120297753.12,38145,,115796,184311.3,85850862.65,,28300,272018.5,5980144.95,N,N,N,N,2019
State,44,Rhode Island,Novolog Flexpen,Insulin Aspart,606,5580,8104.6,3706481.71,1340,,3852,5619,2452111.34,,910,8170.83,135403.82,N,N,N,N,2019
State,45,South Carolina,Novolog Flexpen,Insulin Aspart,3250,44007,65455.8,31258025.79,11238,,28389,42539.7,18510912.84,,7272,116020.66,1541950.02,N,N,N,N,2019
State,46,South Dakota,Novolog Flexpen,Insulin Aspart,766,12838,17529.1,9020785.5,2886,,9766,13551.5,6537823.66,,2183,25378.67,668573.71,N,N,N,N,2019
State,47,Tennessee,Novolog Flexpen,Insulin Aspart,4377,53093,83080.8,45828686.45,15094,,37784,59161.9,30254900.24,,10679,153779.06,2412940.75,N,N,N,N,2019
State,48,Texas,Novolog Flexpen,Insulin Aspart,11401,135480,221374.2,110803145.18,38645,,97600,159851,75826180.98,,27799,361777.64,5143256.91,N,N,N,N,2019
State,49,Utah,Novolog Flexpen,Insulin Aspart,1113,9310,15688.2,8933328.9,2815,,6943,12076.5,6586171.32,,2145,18122.78,663678.58,N,N,N,N,2019
State,50,Vermont,Novolog Flexpen,Insulin Aspart,541,5801,9460.6,5110465.66,1467,,4138,6688.1,3231224.83,,997,11814.64,145101.68,N,N,N,N,2019
State,51,Virginia,Novolog Flexpen,Insulin Aspart,4344,55848,85626.9,39465097.04,14060,,38418,58560.1,24436605.52,,9513,133823.42,1759903.65,N,N,N,N,2019
State,53,Washington,Novolog Flexpen,Insulin Aspart,4022,34615,52694.2,25975834.66,9074,,24331,37760.4,17618325.78,,6393,84443.28,1468825.66,N,N,N,N,2019
State,54,West Virginia,Novolog Flexpen,Insulin Aspart,1776,29792,46276.7,25194266.54,8033,,20137,31890.7,16376368.1,,5445,79394.87,766537.26,N,N,N,N,2019
State,55,Wisconsin,Novolog Flexpen,Insulin Aspart,4362,61584,91534.7,49984414.97,14246,,44615,67375.4,34496763.5,,10318,100803.73,2961961.29,N,N,N,N,2019
State,56,Wyoming,Novolog Flexpen,Insulin Aspart,361,3516,5064.9,2363173.99,908,,2624,3851.4,1730766.04,,676,6510.37,155970.46,N,N,N,N,2019
State,66,Guam,Novolog Flexpen,Insulin Aspart,3,16,30.6,9246.37,,*,,,,*,,74.7,580.85,N,N,N,N,2019
State,69,Northern Mariana Islands,Novolog Flexpen,Insulin Aspart,2,12,16.6,6277.47,,*,,,,*,,19,0,N,N,N,N,2019
State,72,Puerto Rico,Novolog Flexpen,Insulin Aspart,455,2884,3839.2,1779426.56,722,,2000,2647.1,1179201.07,,492,4884.2,43721.05,N,N,N,N,2019
State,78,Virgin Islands,Novolog Flexpen,Insulin Aspart,19,70,103.5,51811.68,24,#,,,,#,,1053.6,4556.63,N,N,N,N,2019
State,9B,Armed Forces Europe,Novolog Flexpen,Insulin Aspart,3,223,312.4,240708.08,55,,153,210.9,138647.32,,35,773.29,8514.31,N,N,N,N,2019
State,9C,Armed Forces Pacific,Novolog Flexpen,Insulin Aspart,9,120,244.7,116153.19,51,,72,149.8,73562.04,,33,154.3,3416.85,N,N,N,N,2019
State,9D,Unknown,Novolog Flexpen,Insulin Aspart,1,40,87.2,42121.36,18,#,,,,#,,73.8,3254.98,N,N,N,N,2019
State,9E,Foreign Country,Novolog Flexpen,Insulin Aspart,16,56,103.6,38654.76,29,#,,,,#,,184.1,940.17,N,N,N,N,2019
National,,National,Humalog,Insulin Lispro,110304,1053855,1407952.8,549172353.96,246623,,799000,1070038.9,389423143.64,,187239,1826309.74,30279199.64,N,N,N,N,2019
State,01,Alabama,Humalog,Insulin Lispro,1599,16775,22324.9,10475861.72,4094,,12109,15758,6998971.17,,2886,48623.72,543254.69,N,N,N,N,2019
State,02,Alaska,Humalog,Insulin Lispro,156,776,1343.4,661262.13,243,,651,1148.5,548413.23,,192,784.4,27536.67,N,N,N,N,2019
State,04,Arizona,Humalog,Insulin Lispro,3176,26377,37226.6,15762189.38,7631,,18540,26603.4,10684189.52,,5498,59803.54,788401.55,N,N,N,N,2019
State,05,Arkansas,Humalog,Insulin Lispro,1141,9504,11566.4,5273108.33,2356,,6456,7795.6,3157623.3,,1592,26787.75,273470.23,N,N,N,N,2019
State,06,California,Humalog,Insulin Lispro,13352,110612,169395,52019377.09,29394,,88729,137332.9,40191141.25,,23762,192021.07,3368987.02,N,N,N,N,2019
State,08,Colorado,Humalog,Insulin Lispro,1757,13359,20225,6668631.89,3317,,10331,15943,4810214.9,,2576,20339.1,618898.48,N,N,N,N,2019
State,09,Connecticut,Humalog,Insulin Lispro,1231,13914,18102.9,6514706.04,3281,,11169,14469.1,4911366.5,,2627,20190.41,314440.05,N,N,N,N,2019
State,10,Delaware,Humalog,Insulin Lispro,268,3626,4831.2,1612450.39,725,,2906,3906.6,1227183.02,,582,3436.62,74770.89,N,N,N,N,2019
State,11,District of Columbia,Humalog,Insulin Lispro,307,1899,2712.6,806361.99,529,,1377,1976.9,550111.53,,376,3834.49,25042.7,N,N,N,N,2019
State,12,Florida,Humalog,Insulin Lispro,6492,52867,72165.7,28942877.49,14480,,41979,56508.7,21360295.85,,11358,109293.89,1743350.72,N,N,N,N,2019
State,13,Georgia,Humalog,Insulin Lispro,3402,34631,46618.4,21272762.41,8875,,26192,35358.8,15529553.03,,6562,85949.37,1163460.17,N,N,N,N,2019
State,15,Hawaii,Humalog,Insulin Lispro,205,1125,1783.9,479252.67,311,,884,1452.2,373511.64,,254,2053.79,35671.61,N,N,N,N,2019
State,16,Idaho,Humalog,Insulin Lispro,501,4150,5425.6,2363168.31,941,,3008,3942.9,1567483.56,,684,7101.68,188131.2,N,N,N,N,2019
State,17,Illinois,Humalog,Insulin Lispro,4924,48327,61505.7,25011253.82,11138,,36075,46404.2,17865460.21,,8443,67466.04,1234215.41,N,N,N,N,2019
State,18,Indiana,Humalog,Insulin Lispro,2525,35066,44362.7,16445997.54,7436,,26221,33126.5,11317303.71,,5612,62729.14,961720.7,N,N,N,N,2019
State,19,Iowa,Humalog,Insulin Lispro,1152,9823,12438.4,5927221.71,2047,,6914,8725.9,3762531.76,,1418,23476.56,295383.64,N,N,N,N,2019
State,20,Kansas,Humalog,Insulin Lispro,769,5557,7418.1,3538847.87,1240,,4602,6149.7,2800362.33,,980,14216.7,298862.19,N,N,N,N,2019
State,21,Kentucky,Humalog,Insulin Lispro,1721,16320,20816.2,9734935.25,3900,,10909,14035,5931932.41,,2630,42264.89,419681.01,N,N,N,N,2019
State,22,Louisiana,Humalog,Insulin Lispro,1074,6941,8615,3699055.04,1855,,4650,5833.9,2371596.04,,1242,13717.24,179773.38,N,N,N,N,2019
State,23,Maine,Humalog,Insulin Lispro,737,6026,8144.6,3545838.34,1305,,4156,5431.2,2127922.64,,900,7920.11,127439.55,N,N,N,N,2019
State,24,Maryland,Humalog,Insulin Lispro,1783,16031,21845.3,6494863.42,4097,,11945,16088.9,4381202.11,,3019,30233.17,345293.68,N,N,N,N,2019
State,25,Massachusetts,Humalog,Insulin Lispro,2808,28065,36926.3,13611413.54,6590,,23061,30278.1,10609195.87,,5308,38938.41,745565.36,N,N,N,N,2019
State,26,Michigan,Humalog,Insulin Lispro,4297,34580,49219.4,20682156.52,9531,,25202,36357.6,14533393.87,,6966,64882.25,887069.63,N,N,N,N,2019
State,27,Minnesota,Humalog,Insulin Lispro,1090,6277,9211.5,4087964.2,1576,,5207,7705.5,3269448.72,,1292,11117.76,408091.18,N,N,N,N,2019
State,28,Mississippi,Humalog,Insulin Lispro,766,5170,6325.4,2794906.88,1496,,3742,4546.8,1786071.43,,1091,11257.4,157865.66,N,N,N,N,2019
State,29,Missouri,Humalog,Insulin Lispro,1837,16840,22376.6,10568030.71,4208,,12550,16909.6,7574270.42,,3124,34974.72,724321.02,N,N,N,N,2019
State,30,Montana,Humalog,Insulin Lispro,284,1664,2371.2,1085718.86,441,,1317,1920.4,867883.94,,338,1935.15,86168.97,N,N,N,N,2019
State,31,Nebraska,Humalog,Insulin Lispro,643,4384,5704.2,2706563.01,1017,,3261,4224.2,1919113.69,,734,9403.65,210413.25,N,N,N,N,2019
State,32,Nevada,Humalog,Insulin Lispro,672,4068,5830.6,2478057.95,1196,,3081,4434.5,1836152.98,,896,9860.25,180212.66,N,N,N,N,2019
State,33,New Hampshire,Humalog,Insulin Lispro,519,4677,6739.1,2922026.28,1083,,3715,5315.3,2152162.49,,848,8647.29,189468.03,N,N,N,N,2019
State,34,New Jersey,Humalog,Insulin Lispro,2732,37835,47506.4,15110620.61,7588,,29028,36329.3,10627527.42,,5887,36927.69,668903.54,N,N,N,N,2019
State,35,New Mexico,Humalog,Insulin Lispro,716,5727,7804.4,3206501.75,1473,,4016,5547.3,1988975.01,,1062,9983.75,144274.93,N,N,N,N,2019
State,36,New York,Humalog,Insulin Lispro,5510,52172,65051.8,23368604.07,11260,,41397,51680.8,17099866.73,,8911,59616.64,1215709.96,N,N,N,N,2019
State,37,North Carolina,Humalog,Insulin Lispro,3400,30942,39181,16285277.9,7450,,23804,30050.1,11613192.68,,5645,61582.16,941497.61,N,N,N,N,2019
State,38,North Dakota,Humalog,Insulin Lispro,159,972,1237.8,572416.87,225,,803,1007.3,439700.27,,185,1769.1,56951.34,N,N,N,N,2019
State,39,Ohio,Humalog,Insulin Lispro,4491,51714,66796.4,25201717.77,12520,,39277,51307.8,18511517.77,,9589,89184.27,1575947,N,N,N,N,2019
State,40,Oklahoma,Humalog,Insulin Lispro,983,8453,10672.8,4429644.1,2042,,6239,7806.4,3048797.85,,1498,12402.62,249234.08,N,N,N,N,2019
State,41,Oregon,Humalog,Insulin Lispro,1929,14430,19973.9,7708633.81,3528,,11282,15712.7,5760097.85,,2743,29887.86,683369.87,N,N,N,N,2019
State,42,Pennsylvania,Humalog,Insulin Lispro,4686,59209,72281.4,24758890.12,11253,,46048,55688.4,17547806.09,,8610,66831.39,1338917.44,N,N,N,N,2019
State,44,Rhode Island,Humalog,Insulin Lispro,454,4459,5357.3,1787501.65,1124,,3554,4235.5,1324153.63,,855,10692.57,107319.22,N,N,N,N,2019
State,45,South Carolina,Humalog,Insulin Lispro,1574,10799,15418.4,7507977.99,2972,,7880,11231.1,5096868.64,,2107,29005.43,442269.95,N,N,N,N,2019
State,46,South Dakota,Humalog,Insulin Lispro,159,946,1286.2,619891.99,242,,751,1023.8,423770.36,,190,1754.72,49974.07,N,N,N,N,2019
State,47,Tennessee,Humalog,Insulin Lispro,3114,25443,35448.9,17498918.58,6795,,16002,21941.5,9601798.19,,4216,73767.81,663841.89,N,N,N,N,2019
State,48,Texas,Humalog,Insulin Lispro,7253,64331,87409.8,36537591.7,17794,,49272,66407.8,26266405.53,,13453,150936.71,1893677.76,N,N,N,N,2019
State,49,Utah,Humalog,Insulin Lispro,849,7074,10075.6,4621931.48,1783,,5419,7860.4,3525495.06,,1382,15999.65,420319.39,N,N,N,N,2019
State,50,Vermont,Humalog,Insulin Lispro,176,1253,1843.4,797391.57,290,,991,1476.6,623525.87,,221,1275.27,50974.39,N,N,N,N,2019
State,51,Virginia,Humalog,Insulin Lispro,2511,21801,29512.1,10997163.1,5437,,17007,23124.9,8077705.59,,4190,42234.39,809455.57,N,N,N,N,2019
State,53,Washington,Humalog,Insulin Lispro,3011,22709,31049.7,11817152.38,5555,,17303,23759.9,8294741.61,,4244,48141.77,818392.16,N,N,N,N,2019
State,54,West Virginia,Humalog,Insulin Lispro,624,6007,7733.2,3045551.26,1377,,4369,5584.5,2002476.56,,989,12384.08,161418.86,N,N,N,N,2019
State,55,Wisconsin,Humalog,Insulin Lispro,1773,15289,20298.5,9330166.16,3301,,11978,15963.5,6920128.97,,2559,24490.9,683797.77,N,N,N,N,2019
State,56,Wyoming,Humalog,Insulin Lispro,143,878,1200.8,521176.51,208,,701,969.9,401263.62,,171,740.34,42293,N,N,N,N,2019
State,66,Guam,Humalog,Insulin Lispro,9,31,34.4,8543.06,,#,,,,*,,0,1319.02,N,N,N,N,2019
State,72,Puerto Rico,Humalog,Insulin Lispro,2813,71607,86763.5,35063560.66,12707,,50642,61278.4,23056386.93,,9315,13162.96,628728.08,N,N,N,N,2019
State,78,Virgin Islands,Humalog,Insulin Lispro,31,200,248.2,103494.29,45,,175,210.7,92156.03,#,,56.8,9585.36,N,N,N,N,2019
State,9B,Armed Forces Europe,Humalog,Insulin Lispro,3,57,80.3,48766.2,14,,26,41.3,30034.27,*,,87,1881.7,N,N,N,N,2019
State,9C,Armed Forces Pacific,Humalog,Insulin Lispro,4,22,44.6,17923.53,,#,,,,*,,33.1,1168.74,N,N,N,N,2019
State,9E,Foreign Country,Humalog,Insulin Lispro,6,57,63.2,16394.48,20,#,,,,#,,100.2,511.42,N,N,N,N,2019
National,,National,Humalog Junior Kwikpen,Insulin Lispro,2703,7355,13050.9,4230470.67,2894,,5327,9653.3,2999058.45,,2088,12257.22,283310.4,N,N,N,N,2019
State,01,Alabama,Humalog Junior Kwikpen,Insulin Lispro,37,85,125.6,60087.48,34,,44,68.6,30944.98,,20,126.8,3366.58,N,N,N,N,2019
State,04,Arizona,Humalog Junior Kwikpen,Insulin Lispro,47,94,185.9,55674.06,47,,75,152.1,43720.45,,36,160.1,3200.22,N,N,N,N,2019
State,05,Arkansas,Humalog Junior Kwikpen,Insulin Lispro,10,14,22.5,8697.27,,#,,,,*,,141.5,854.24,N,N,N,N,2019
State,06,California,Humalog Junior Kwikpen,Insulin Lispro,337,969,1745.3,527498.08,390,,780,1437.8,420337.54,,314,1461.85,46416.84,N,N,N,N,2019
State,08,Colorado,Humalog Junior Kwikpen,Insulin Lispro,46,115,231.5,67304.34,48,,76,157.6,44936.85,,32,112.5,5872.22,N,N,N,N,2019
State,09,Connecticut,Humalog Junior Kwikpen,Insulin Lispro,40,99,192.7,56577.06,44,,80,158,48516.18,,32,161.9,3019.73,N,N,N,N,2019
State,10,Delaware,Humalog Junior Kwikpen,Insulin Lispro,17,45,85.1,26266.52,20,,26,53.3,16024.82,#,,104.9,581.88,N,N,N,N,2019
State,11,District of Columbia,Humalog Junior Kwikpen,Insulin Lispro,8,18,23.5,14358.36,,*,,,,*,,41.8,301.07,N,N,N,N,2019
State,12,Florida,Humalog Junior Kwikpen,Insulin Lispro,172,456,719,264906.02,189,,329,508.7,182137.72,,141,1025.49,12151.02,N,N,N,N,2019
State,13,Georgia,Humalog Junior Kwikpen,Insulin Lispro,69,146,291.8,80555.81,69,,127,247.7,67156.15,,55,708.91,5594.42,N,N,N,N,2019
State,15,Hawaii,Humalog Junior Kwikpen,Insulin Lispro,7,20,36.8,9650.74,,,20,36.8,9650.74,*,,0,1487.34,N,N,N,N,2019
State,16,Idaho,Humalog Junior Kwikpen,Insulin Lispro,12,35,59.5,23747.25,13,,21,35.8,12063.88,*,,19.9,1491.3,N,N,N,N,2019
State,17,Illinois,Humalog Junior Kwikpen,Insulin Lispro,74,206,383.5,115290.94,77,,159,318.4,91224.26,,60,370.32,8174.35,N,N,N,N,2019
State,18,Indiana,Humalog Junior Kwikpen,Insulin Lispro,76,180,276.2,91792.9,80,,132,192.6,56391.22,,55,209.41,7265.3,N,N,N,N,2019
State,19,Iowa,Humalog Junior Kwikpen,Insulin Lispro,12,42,93,23616.66,16,#,,,,#,,219.66,2971.47,N,N,N,N,2019
State,20,Kansas,Humalog Junior Kwikpen,Insulin Lispro,9,20,49.4,13394.52,,#,,,,*,,17,1534.25,N,N,N,N,2019
State,21,Kentucky,Humalog Junior Kwikpen,Insulin Lispro,34,69,148,52077,34,,51,107.2,41552.72,,23,102.1,3463.93,N,N,N,N,2019
State,22,Louisiana,Humalog Junior Kwikpen,Insulin Lispro,16,41,64,23465.58,15,,23,33.6,14783.25,*,,65.3,1308.38,N,N,N,N,2019
State,23,Maine,Humalog Junior Kwikpen,Insulin Lispro,19,59,103.9,33632.01,20,,27,47,13610.27,#,,110.9,1114.8,N,N,N,N,2019
State,24,Maryland,Humalog Junior Kwikpen,Insulin Lispro,51,105,201.7,57135.43,50,,69,133.6,37222.2,,33,185.2,5978,N,N,N,N,2019
State,25,Massachusetts,Humalog Junior Kwikpen,Insulin Lispro,68,188,327.6,108818.74,74,,139,256.6,79929.63,,55,183.6,8435.72,N,N,N,N,2019
State,26,Michigan,Humalog Junior Kwikpen,Insulin Lispro,96,210,468,135150.68,106,,154,351.9,95801.16,,80,297.4,6586.58,N,N,N,N,2019
State,27,Minnesota,Humalog Junior Kwikpen,Insulin Lispro,51,137,264.4,64590.16,52,,98,192.8,44340.99,,38,182.05,8606.97,N,N,N,N,2019
State,29,Missouri,Humalog Junior Kwikpen,Insulin Lispro,44,130,194.1,82334.02,50,,78,112.2,44421.74,,29,204.25,4612.24,N,N,N,N,2019
State,30,Montana,Humalog Junior Kwikpen,Insulin Lispro,6,11,26,11193.85,,*,,,,*,,0,789.26,N,N,N,N,2019
State,31,Nebraska,Humalog Junior Kwikpen,Insulin Lispro,5,23,31.2,11362.48,,*,,,,*,,11.4,974.02,N,N,N,N,2019
State,32,Nevada,Humalog Junior Kwikpen,Insulin Lispro,32,66,111.2,32557.58,34,,55,92.1,26839.73,#,,239.94,2814.2,N,N,N,N,2019
State,33,New Hampshire,Humalog Junior Kwikpen,Insulin Lispro,21,73,144.6,50583.87,31,,59,123.7,42705.97,#,,91.5,4222.17,N,N,N,N,2019
State,34,New Jersey,Humalog Junior Kwikpen,Insulin Lispro,101,237,498.5,143159.78,112,,180,380,113009.28,,87,310.31,10008.54,N,N,N,N,2019
State,35,New Mexico,Humalog Junior Kwikpen,Insulin Lispro,42,118,212,82810.19,39,,86,154.6,53065.44,,24,339.61,4589.67,N,N,N,N,2019
State,36,New York,Humalog Junior Kwikpen,Insulin Lispro,212,640,1031.6,350270.11,217,,485,822.2,265737.4,,170,720.4,16296.3,N,N,N,N,2019
State,37,North Carolina,Humalog Junior Kwikpen,Insulin Lispro,86,199,315.2,119147.34,86,,138,228.3,89941.45,,61,468.95,5652.47,N,N,N,N,2019
State,39,Ohio,Humalog Junior Kwikpen,Insulin Lispro,96,309,585.4,203641.96,109,,228,433.4,134771.98,,76,335.2,13980.49,N,N,N,N,2019
State,40,Oklahoma,Humalog Junior Kwikpen,Insulin Lispro,11,25,46.2,17166.66,,#,,,,*,,0,997.08,N,N,N,N,2019
State,41,Oregon,Humalog Junior Kwikpen,Insulin Lispro,33,86,178.4,46871.88,38,,60,123.4,34336.06,#,,131.38,7198.84,N,N,N,N,2019
State,42,Pennsylvania,Humalog Junior Kwikpen,Insulin Lispro,120,327,573.4,186621.01,123,,238,402.7,138339.57,,83,476.32,10052.27,N,N,N,N,2019
State,44,Rhode Island,Humalog Junior Kwikpen,Insulin Lispro,5,15,16.6,6080.58,,#,,,,*,,0,274,N,N,N,N,2019
State,45,South Carolina,Humalog Junior Kwikpen,Insulin Lispro,46,119,197.9,54853.5,46,,88,151.4,43953.96,,32,116.3,4622.08,N,N,N,N,2019
State,46,South Dakota,Humalog Junior Kwikpen,Insulin Lispro,6,15,25.6,6528.63,,*,,,,*,,0,30,N,N,N,N,2019
State,47,Tennessee,Humalog Junior Kwikpen,Insulin Lispro,44,118,196.9,65578.5,44,,73,126.3,41845.49,,28,240.4,3913.14,N,N,N,N,2019
State,48,Texas,Humalog Junior Kwikpen,Insulin Lispro,216,545,1009,355347.86,245,,374,689.7,222777.83,,161,1669.15,18607.94,N,N,N,N,2019
State,49,Utah,Humalog Junior Kwikpen,Insulin Lispro,15,49,94.9,34567.14,20,#,,,,#,,51,4690.39,N,N,N,N,2019
State,51,Virginia,Humalog Junior Kwikpen,Insulin Lispro,44,122,232.3,59117.46,47,,92,167,41356.73,,33,186.7,6364.55,N,N,N,N,2019
State,53,Washington,Humalog Junior Kwikpen,Insulin Lispro,53,131,310.9,76876.93,63,,90,229.6,53154.14,,43,159.28,10414.31,N,N,N,N,2019
State,54,West Virginia,Humalog Junior Kwikpen,Insulin Lispro,9,24,42.3,10940.21,,#,,,,*,,29.3,891.92,N,N,N,N,2019
State,55,Wisconsin,Humalog Junior Kwikpen,Insulin Lispro,28,90,183.8,48036.56,33,,53,105.3,27991.93,,19,374.92,4755.1,N,N,N,N,2019
State,72,Puerto Rico,Humalog Junior Kwikpen,Insulin Lispro,102,497,622.6,236302.32,119,,306,396.1,140843.09,,80,53.52,5861.11,N,N,N,N,2019
National,,National,Humalog Kwikpen U-100,Insulin Lispro,162407,1595829,2650491.4,1217963617.7,438829,,1212059,2053794.3,900646100.35,,336394,3303229.83,67626327.88,N,N,N,N,2019
State,01,Alabama,Humalog Kwikpen U-100,Insulin Lispro,2442,30034,50169.4,24735672.21,8749,,21346,35802.8,16999055.08,,6106,85781.82,1298907.11,N,N,N,N,2019
State,02,Alaska,Humalog Kwikpen U-100,Insulin Lispro,312,2049,3896.4,1881076.05,675,,1627,3205.8,1527705.88,,531,3529.7,66424.52,N,N,N,N,2019
State,04,Arizona,Humalog Kwikpen U-100,Insulin Lispro,2976,22826,41033.4,18739030.74,7532,,17759,32608.6,14330900.03,,5876,49703.99,1179028,N,N,N,N,2019
State,05,Arkansas,Humalog Kwikpen U-100,Insulin Lispro,1408,12823,19177,10401601.13,3555,,8412,12782.7,6402434.01,,2326,32165,559401.65,N,N,N,N,2019
State,06,California,Humalog Kwikpen U-100,Insulin Lispro,15208,132288,226992.7,84751911.12,37760,,107440,187083,68179796.69,,30899,247837.03,5182681.01,N,N,N,N,2019
State,08,Colorado,Humalog Kwikpen U-100,Insulin Lispro,2139,13697,23673.9,10041989.4,4231,,10268,18094.6,7464490.62,,3186,26163.07,777805.82,N,N,N,N,2019
State,09,Connecticut,Humalog Kwikpen U-100,Insulin Lispro,2193,21873,40923.8,18033107.59,6608,,16929,32419,13857514.71,,5115,58547.84,789319.14,N,N,N,N,2019
State,10,Delaware,Humalog Kwikpen U-100,Insulin Lispro,609,6633,12707.6,6086268,2083,,4979,9918.8,4625759.37,,1595,13544.91,295351.6,N,N,N,N,2019
State,11,District of Columbia,Humalog Kwikpen U-100,Insulin Lispro,564,4006,7315.9,2957467.11,1268,,2455,4769.2,1780333.92,,825,10581.84,86794.94,N,N,N,N,2019
State,12,Florida,Humalog Kwikpen U-100,Insulin Lispro,8936,81945,141284.9,64578385.31,25223,,65352,113817,50115507.71,,20129,193278.13,4049985.22,N,N,N,N,2019
State,13,Georgia,Humalog Kwikpen U-100,Insulin Lispro,4178,46561,76529.1,36531540.35,13732,,35791,59524.3,27462691.77,,10520,123749.05,2025052.56,N,N,N,N,2019
State,15,Hawaii,Humalog Kwikpen U-100,Insulin Lispro,490,3139,6027.8,2468984.88,961,,2372,4623.1,1812440.03,,729,5782.4,90541.39,N,N,N,N,2019
State,16,Idaho,Humalog Kwikpen U-100,Insulin Lispro,825,6305,10026,4641894.73,1836,,4682,7542,3312536.81,,1384,15657.86,346690.9,N,N,N,N,2019
State,17,Illinois,Humalog Kwikpen U-100,Insulin Lispro,6829,77261,132376.2,61976218.59,20859,,62185,108314.8,48450862.7,,16794,110393.86,3565627.15,N,N,N,N,2019
State,18,Indiana,Humalog Kwikpen U-100,Insulin Lispro,3887,53336,88382.3,44146962.29,14597,,39393,66252.4,31006550.19,,10749,112831.45,2416166.89,N,N,N,N,2019
State,19,Iowa,Humalog Kwikpen U-100,Insulin Lispro,1644,16236,25044.2,13512368.24,3898,,12249,19268.4,9788610.07,,2911,27657.07,731584.74,N,N,N,N,2019
State,20,Kansas,Humalog Kwikpen U-100,Insulin Lispro,1471,14723,22714.5,11408327.24,3722,,11595,18057.5,8577420.92,,2912,29130.64,850910.04,N,N,N,N,2019
State,21,Kentucky,Humalog Kwikpen U-100,Insulin Lispro,2542,27280,41086.3,20176565.07,7249,,18513,29104,13434385.64,,4910,71739.23,886545.1,N,N,N,N,2019
State,22,Louisiana,Humalog Kwikpen U-100,Insulin Lispro,1543,10535,15911.4,6682003.87,3075,,7307,10994.6,4418285.22,,2083,24746.28,300767.58,N,N,N,N,2019
State,23,Maine,Humalog Kwikpen U-100,Insulin Lispro,960,6788,11948.5,6178465.27,1987,,4646,8254.8,3973007.09,,1377,14124.64,251835.2,N,N,N,N,2019
State,24,Maryland,Humalog Kwikpen U-100,Insulin Lispro,2710,22657,40213.2,16799275.56,6892,,16425,30058.6,12172453.18,,5112,60880.31,887904.9,N,N,N,N,2019
State,25,Massachusetts,Humalog Kwikpen U-100,Insulin Lispro,3661,31664,54578.1,24403744.36,9048,,25757,45121.2,19591162.67,,7342,60667.58,1403178.87,N,N,N,N,2019
State,26,Michigan,Humalog Kwikpen U-100,Insulin Lispro,6471,56867,108139.1,50138333.72,18093,,44228,87683.1,39377170.13,,14364,87644.55,2221841.18,N,N,N,N,2019
State,27,Minnesota,Humalog Kwikpen U-100,Insulin Lispro,2820,20629,32573.4,15658917.41,5262,,17145,27421.4,12626475.7,,4360,34996.75,1374014.12,N,N,N,N,2019
State,28,Mississippi,Humalog Kwikpen U-100,Insulin Lispro,910,5830,9187.4,4692177.42,1853,,4104,6606,3233759.62,,1314,14017.32,291440.94,N,N,N,N,2019
State,29,Missouri,Humalog Kwikpen U-100,Insulin Lispro,3561,39914,62189.2,31818450,10704,,28480,46002.1,21977852.58,,7816,76422.27,1854093.11,N,N,N,N,2019
State,30,Montana,Humalog Kwikpen U-100,Insulin Lispro,451,3197,5050.8,2220210.29,861,,2658,4221.1,1796790.6,,702,9705.13,161980.98,N,N,N,N,2019
State,31,Nebraska,Humalog Kwikpen U-100,Insulin Lispro,1046,8912,13168.1,6195480.86,2218,,6695,10010.4,4513370.65,,1631,17769.5,423636.95,N,N,N,N,2019
State,32,Nevada,Humalog Kwikpen U-100,Insulin Lispro,1126,9644,16088.2,7589113.71,3066,,7496,12694.7,5874820.72,,2397,31396.41,484054.88,N,N,N,N,2019
State,33,New Hampshire,Humalog Kwikpen U-100,Insulin Lispro,766,6931,12047,5816087.81,2023,,5290,9469.8,4370114.96,,1554,17695.36,379096.53,N,N,N,N,2019
State,34,New Jersey,Humalog Kwikpen U-100,Insulin Lispro,4534,63898,108054.6,46191143.53,16514,,49927,86139.6,35591187.55,,13160,81578.61,2388747.37,N,N,N,N,2019
State,35,New Mexico,Humalog Kwikpen U-100,Insulin Lispro,1110,9157,16169.1,7757307.52,2789,,6625,11900.3,5348583.3,,2026,19929.42,305864.84,N,N,N,N,2019
State,36,New York,Humalog Kwikpen U-100,Insulin Lispro,12709,132069,203467,89685913.47,34118,,101349,159974.6,67706016.37,,26604,204408.54,4103673.78,N,N,N,N,2019
State,37,North Carolina,Humalog Kwikpen U-100,Insulin Lispro,5917,62490,97259.4,46890570.11,17139,,46981,74082.6,33958609.18,,12851,143256.45,2414529.11,N,N,N,N,2019
State,38,North Dakota,Humalog Kwikpen U-100,Insulin Lispro,372,3332,5097.8,2537436.23,845,,2832,4408.4,2150391.26,,715,6535.48,259620.35,N,N,N,N,2019
State,39,Ohio,Humalog Kwikpen U-100,Insulin Lispro,7293,82980,137473.9,63075361.43,24164,,62682,107858.9,47158712.71,,18559,175836.13,3861922.81,N,N,N,N,2019
State,40,Oklahoma,Humalog Kwikpen U-100,Insulin Lispro,1659,12451,20858.8,9702948.61,3907,,8940,15177.2,6727135.47,,2815,24966.19,557251.01,N,N,N,N,2019
State,41,Oregon,Humalog Kwikpen U-100,Insulin Lispro,2370,19240,31779.7,14396969.78,5330,,15320,25717.7,11191079.98,,4228,43306.89,1214779.87,N,N,N,N,2019
State,42,Pennsylvania,Humalog Kwikpen U-100,Insulin Lispro,8401,93988,147034.6,66062326.44,23917,,67847,108218.5,45937511.29,,17533,156263.64,3453420.93,N,N,N,N,2019
State,44,Rhode Island,Humalog Kwikpen U-100,Insulin Lispro,577,4951,7710.1,3390748.76,1442,,3946,6204.6,2568011.13,,1137,14312.37,225253.23,N,N,N,N,2019
State,45,South Carolina,Humalog Kwikpen U-100,Insulin Lispro,2892,34341,52860.1,24803445.22,9522,,24537,38194.2,16993058.6,,6845,89668.86,1167375.87,N,N,N,N,2019
State,46,South Dakota,Humalog Kwikpen U-100,Insulin Lispro,312,2271,3395.7,1734619.93,616,,1858,2816.7,1390385.01,,493,4891.14,140236.55,N,N,N,N,2019
State,47,Tennessee,Humalog Kwikpen U-100,Insulin Lispro,3875,34432,57510.4,29822835.12,10671,,23445,39607.4,19154147.22,,7298,100962.84,1286034.4,N,N,N,N,2019
State,48,Texas,Humalog Kwikpen U-100,Insulin Lispro,10349,102671,181836.9,86289912.06,32504,,75833,134679.2,60624872.93,,24035,295007.84,3862277.2,N,N,N,N,2019
State,49,Utah,Humalog Kwikpen U-100,Insulin Lispro,971,7722,13566.2,7111459.16,2398,,6324,11368.3,5736693.8,,1980,18610.93,659264.37,N,N,N,N,2019
State,50,Vermont,Humalog Kwikpen U-100,Insulin Lispro,405,3075,5524.8,2675897.74,871,,2401,4419.1,2020570.49,,666,4492.48,157941.76,N,N,N,N,2019
State,51,Virginia,Humalog Kwikpen U-100,Insulin Lispro,3592,32845,54834.7,24314984.81,9579,,24993,42642.6,18246812.22,,7351,62932.89,1570123.77,N,N,N,N,2019
State,53,Washington,Humalog Kwikpen U-100,Insulin Lispro,4297,35473,59082.9,26756159.86,10012,,27275,46512.9,20152021.61,,7770,78129.36,1970747.9,N,N,N,N,2019
State,54,West Virginia,Humalog Kwikpen U-100,Insulin Lispro,1232,10911,17103.5,8432118.58,3135,,7313,11734.1,5330813.02,,2143,24556.67,318088.15,N,N,N,N,2019
State,55,Wisconsin,Humalog Kwikpen U-100,Insulin Lispro,3686,40777,66214.7,35590722.46,10658,,30603,50543,25713642.15,,7969,76594.84,2203832.17,N,N,N,N,2019
State,56,Wyoming,Humalog Kwikpen U-100,Insulin Lispro,211,1355,2061.7,819675.48,367,,1103,1718.8,654487.45,,289,2530.08,78098.75,N,N,N,N,2019
State,66,Guam,Humalog Kwikpen U-100,Insulin Lispro,18,142,153.9,59380.72,31,,118,129,46839.3,#,,680.23,9262.4,N,N,N,N,2019
State,69,Northern Mariana Islands,Humalog Kwikpen U-100,Insulin Lispro,4,20,20.5,7131.18,,#,,,,*,,198.47,420.77,N,N,N,N,2019
State,72,Puerto Rico,Humalog Kwikpen U-100,Insulin Lispro,875,7797,9684.3,3922973.99,1570,,5466,6892.3,2624362.12,,1127,4561.05,133829.43,N,N,N,N,2019
State,78,Virgin Islands,Humalog Kwikpen U-100,Insulin Lispro,47,669,952.8,471831.66,168,,600,860.8,409742.85,,154,483.76,44452.88,N,N,N,N,2019
State,9B,Armed Forces Europe,Humalog Kwikpen U-100,Insulin Lispro,4,116,187.4,148773.61,38,,85,137.4,108365.23,,25,263.86,3659.86,N,N,N,N,2019
State,9C,Armed Forces Pacific,Humalog Kwikpen U-100,Insulin Lispro,7,38,76.6,29687.92,20,#,,,,#,,48.3,2318.69,N,N,N,N,2019
State,9E,Foreign Country,Humalog Kwikpen U-100,Insulin Lispro,9,25,41.8,12148.69,13,#,,,,*,,53.12,387.64,N,N,N,N,2019
National,,National,Humalog Kwikpen U-200,Insulin Lispro,20478,109139,173656.6,140194511.58,29234,,75242,124132.7,93876767.88,,20692,231258.24,5661456.94,N,N,N,N,2019
State,01,Alabama,Humalog Kwikpen U-200,Insulin Lispro,484,2814,4294.5,3153691.99,786,,1863,2840,2013279.85,,516,7488.46,115632.56,N,N,N,N,2019
State,02,Alaska,Humalog Kwikpen U-200,Insulin Lispro,22,101,196.6,200834.62,35,,84,160.1,165375.62,#,,87,5575.69,N,N,N,N,2019
State,04,Arizona,Humalog Kwikpen U-200,Insulin Lispro,449,2042,3456.9,2315911.53,621,,1460,2545.6,1539821.57,,453,5109.95,114129.73,N,N,N,N,2019
State,05,Arkansas,Humalog Kwikpen U-200,Insulin Lispro,175,786,1154.7,862025.78,209,,505,717.9,437882.33,,126,1845.78,33056.74,N,N,N,N,2019
State,06,California,Humalog Kwikpen U-200,Insulin Lispro,1525,8767,13730.9,10194460.07,2376,,6553,10646,7528065.54,,1843,15804.27,403367.6,N,N,N,N,2019
State,08,Colorado,Humalog Kwikpen U-200,Insulin Lispro,158,663,1026,812422.92,191,,470,762.8,591263.04,,137,1265.16,49345.37,N,N,N,N,2019
State,09,Connecticut,Humalog Kwikpen U-200,Insulin Lispro,223,1313,2188.4,2031569.62,339,,967,1667.5,1410366.67,,254,2538.8,72128.34,N,N,N,N,2019
State,10,Delaware,Humalog Kwikpen U-200,Insulin Lispro,114,714,1362.4,1065106.53,221,,494,996.6,734420.33,,163,1818.81,28092.94,N,N,N,N,2019
State,11,District of Columbia,Humalog Kwikpen U-200,Insulin Lispro,44,183,306,166776.36,52,,113,189.4,103766.98,,31,471.9,1979.03,N,N,N,N,2019
State,12,Florida,Humalog Kwikpen U-200,Insulin Lispro,1287,6932,11331.6,8356545.81,1999,,5299,8777.7,6180396.13,,1527,16440.96,416194.49,N,N,N,N,2019
State,13,Georgia,Humalog Kwikpen U-200,Insulin Lispro,742,4169,6491,4907943.15,1133,,2886,4668.2,3429830.53,,775,10737.5,195230.14,N,N,N,N,2019
State,15,Hawaii,Humalog Kwikpen U-200,Insulin Lispro,49,206,341,246544.67,56,,133,229.3,159361.75,,38,1194.9,3114.5,N,N,N,N,2019
State,16,Idaho,Humalog Kwikpen U-200,Insulin Lispro,92,413,636.2,543609.95,114,,293,459.4,369490.44,,80,644.58,26171.24,N,N,N,N,2019
State,17,Illinois,Humalog Kwikpen U-200,Insulin Lispro,684,3324,5327.1,4410127.55,896,,2458,4058.5,3286229.3,,667,4265.28,190914.21,N,N,N,N,2019
State,18,Indiana,Humalog Kwikpen U-200,Insulin Lispro,584,3361,5337.7,4989066.07,895,,2082,3547.5,2847377.15,,580,5689.74,192148.57,N,N,N,N,2019
State,19,Iowa,Humalog Kwikpen U-200,Insulin Lispro,120,712,935.1,863645.99,138,,489,639.6,552699.22,,95,2113.35,43049.08,N,N,N,N,2019
State,20,Kansas,Humalog Kwikpen U-200,Insulin Lispro,177,798,1191.7,1000131.41,204,,546,852.3,668575.02,,150,1050.91,59416.28,N,N,N,N,2019
State,21,Kentucky,Humalog Kwikpen U-200,Insulin Lispro,393,2165,3241.1,2929489.52,559,,1102,1856.5,1616253.83,,314,5745.15,78861.59,N,N,N,N,2019
State,22,Louisiana,Humalog Kwikpen U-200,Insulin Lispro,190,710,978,748580.89,225,,461,658.9,509762.01,,151,1870.27,32287.76,N,N,N,N,2019
State,23,Maine,Humalog Kwikpen U-200,Insulin Lispro,93,345,587.5,728523.63,102,,199,328.3,300678.97,,62,554,14208.23,N,N,N,N,2019
State,24,Maryland,Humalog Kwikpen U-200,Insulin Lispro,324,1532,2699.2,2044783.77,479,,1036,1827.4,1294292.73,,337,5294.47,83346.19,N,N,N,N,2019
State,25,Massachusetts,Humalog Kwikpen U-200,Insulin Lispro,316,1786,2644.7,2464317.4,444,,1170,1850.8,1565344.01,,306,3248.77,90610.67,N,N,N,N,2019
State,26,Michigan,Humalog Kwikpen U-200,Insulin Lispro,769,3529,6606,5523797.64,1015,,2527,5074.1,3957691.98,,760,6518.8,187441.8,N,N,N,N,2019
State,27,Minnesota,Humalog Kwikpen U-200,Insulin Lispro,166,930,1252.6,1352295.6,174,,608,828.2,768084.3,,114,2244.56,55612.4,N,N,N,N,2019
State,28,Mississippi,Humalog Kwikpen U-200,Insulin Lispro,104,381,530.8,358526.6,109,,259,371.5,224384.12,,72,502.97,17836.66,N,N,N,N,2019
State,29,Missouri,Humalog Kwikpen U-200,Insulin Lispro,440,2444,3745.5,3340018.18,635,,1461,2395.5,2006105.19,,403,4480.15,138758.61,N,N,N,N,2019
State,30,Montana,Humalog Kwikpen U-200,Insulin Lispro,33,122,181.9,186725.72,39,,68,109.2,94289.25,,26,200.9,5964.31,N,N,N,N,2019
State,31,Nebraska,Humalog Kwikpen U-200,Insulin Lispro,107,725,941.8,979324.32,129,,467,604.6,512952.34,,80,3567.03,44529.31,N,N,N,N,2019
State,32,Nevada,Humalog Kwikpen U-200,Insulin Lispro,177,852,1415.4,1244758.92,267,,606,1059.1,893549.18,,199,2224.5,58047.88,N,N,N,N,2019
State,33,New Hampshire,Humalog Kwikpen U-200,Insulin Lispro,93,643,1043.6,1094245.6,176,,483,776.2,793314.53,,126,716.9,56444.77,N,N,N,N,2019
State,34,New Jersey,Humalog Kwikpen U-200,Insulin Lispro,693,4592,7959.1,5477380.68,1244,,3471,6252.3,4317778.74,,958,5975.44,234504.66,N,N,N,N,2019
State,35,New Mexico,Humalog Kwikpen U-200,Insulin Lispro,157,695,1170.9,915678.54,208,,500,873.7,680505.03,,142,1592.5,27303.83,N,N,N,N,2019
State,36,New York,Humalog Kwikpen U-200,Insulin Lispro,1557,8082,12762.3,9982914.8,2169,,5812,9655.2,7203224.63,,1615,11850.73,381067.05,N,N,N,N,2019
State,37,North Carolina,Humalog Kwikpen U-200,Insulin Lispro,705,4129,5849.3,4946526.89,1026,,2781,4024.2,3248467.63,,700,10535.05,167109.74,N,N,N,N,2019
State,38,North Dakota,Humalog Kwikpen U-200,Insulin Lispro,24,129,178.8,198706.49,25,,78,100.9,102709.57,#,,32.2,7753.56,N,N,N,N,2019
State,39,Ohio,Humalog Kwikpen U-200,Insulin Lispro,975,5483,8607.2,7551136.9,1449,,3668,6123.2,4958521.65,,1003,7878.82,350033.27,N,N,N,N,2019
State,40,Oklahoma,Humalog Kwikpen U-200,Insulin Lispro,220,1170,1819.3,1367623.35,299,,711,1145.5,775783.74,,193,2439.44,63051.68,N,N,N,N,2019
State,41,Oregon,Humalog Kwikpen U-200,Insulin Lispro,184,940,1507.7,1592840.56,252,,653,1080.5,1036848.85,,181,2282.84,86050.27,N,N,N,N,2019
State,42,Pennsylvania,Humalog Kwikpen U-200,Insulin Lispro,965,5704,8703.1,6633663.8,1376,,3732,5928.4,4317067.58,,949,8821.78,289303.51,N,N,N,N,2019
State,44,Rhode Island,Humalog Kwikpen U-200,Insulin Lispro,52,284,392.2,341274.72,75,,175,236.3,188108.77,,49,674.95,13617.08,N,N,N,N,2019
State,45,South Carolina,Humalog Kwikpen U-200,Insulin Lispro,597,3249,4805.5,3589763.07,863,,2061,3139.4,2192529.37,,571,7835.52,126689.34,N,N,N,N,2019
State,46,South Dakota,Humalog Kwikpen U-200,Insulin Lispro,14,72,98,111517.11,14,,59,79,69166.81,#,,17,6705.22,N,N,N,N,2019
State,47,Tennessee,Humalog Kwikpen U-200,Insulin Lispro,630,2861,4670.7,3809609.89,877,,1616,2684,2021835.09,,519,9841.49,122706.12,N,N,N,N,2019
State,48,Texas,Humalog Kwikpen U-200,Insulin Lispro,2138,11138,18798.5,14076749.43,3386,,7768,13268.6,9335722.57,,2373,34162.05,517077.59,N,N,N,N,2019
State,49,Utah,Humalog Kwikpen U-200,Insulin Lispro,184,893,1496.8,1366548.86,252,,683,1148.7,873566.45,,201,1629.47,82139.33,N,N,N,N,2019
State,50,Vermont,Humalog Kwikpen U-200,Insulin Lispro,32,174,284.4,495710.33,37,,80,149.5,245383.07,,23,453.05,12074.25,N,N,N,N,2019
State,51,Virginia,Humalog Kwikpen U-200,Insulin Lispro,379,1867,3126.6,2674500.81,540,,1300,2289,1865785.02,,381,3296.65,128674.06,N,N,N,N,2019
State,53,Washington,Humalog Kwikpen U-200,Insulin Lispro,258,1327,2182.5,2332165.96,334,,938,1606.3,1569863.33,,238,1932.63,91724.66,N,N,N,N,2019
State,54,West Virginia,Humalog Kwikpen U-200,Insulin Lispro,191,913,1417.1,1081823.09,237,,628,983,701814.02,,159,2476.82,38106.22,N,N,N,N,2019
State,55,Wisconsin,Humalog Kwikpen U-200,Insulin Lispro,220,1024,1491.2,1690986.44,251,,681,1012.1,1019043,,170,1045.69,79849.53,N,N,N,N,2019
State,56,Wyoming,Humalog Kwikpen U-200,Insulin Lispro,19,102,154.1,148943.69,22,,82,121.6,103007.06,#,,440.63,5075.36,N,N,N,N,2019
State,72,Puerto Rico,Humalog Kwikpen U-200,Insulin Lispro,145,806,947.8,627578.52,174,,597,699.5,458633.29,,127,264.07,15301.98,N,N,N,N,2019
State,9B,Armed Forces Europe,Humalog Kwikpen U-200,Insulin Lispro,1,25,32.8,51331.7,,*,,,,*,,26.6,1194.94,N,N,N,N,2019
National,,National,Insulin Lispro,Insulin Lispro,12155,38692,45025.9,8870389.15,17902,,29954,34664.2,6532075.52,,13866,32134.22,510185.36,N,N,N,N,2019
State,01,Alabama,Insulin Lispro,Insulin Lispro,64,185,251.5,62924.71,94,,131,185.3,48104.85,,68,178.06,5277.98,N,N,N,N,2019
State,02,Alaska,Insulin Lispro,Insulin Lispro,27,76,117.4,29873.64,34,#,,,,#,,15.2,2171.88,N,N,N,N,2019
State,04,Arizona,Insulin Lispro,Insulin Lispro,310,698,891.9,179664.84,426,,509,645.1,122106.7,,312,733.11,8126.76,N,N,N,N,2019
State,05,Arkansas,Insulin Lispro,Insulin Lispro,140,374,434.4,96090.92,195,,254,294.7,63014.86,,128,473.61,5641.85,N,N,N,N,2019
State,06,California,Insulin Lispro,Insulin Lispro,1242,4462,5034.4,872757.45,1929,,3423,3817.4,633038.66,,1466,2760.49,30789.69,N,N,N,N,2019
State,08,Colorado,Insulin Lispro,Insulin Lispro,184,400,587.7,142963.84,213,,316,459.2,106332.33,,164,893.27,16720.32,N,N,N,N,2019
State,09,Connecticut,Insulin Lispro,Insulin Lispro,185,1064,1116.7,190318.36,392,,906,947.2,157630.14,,331,396.37,3912.44,N,N,N,N,2019
State,10,Delaware,Insulin Lispro,Insulin Lispro,14,33,44.5,9219.69,18,#,,,,#,,17,569.05,N,N,N,N,2019
State,11,District of Columbia,Insulin Lispro,Insulin Lispro,9,21,24,3136.67,12,*,,,,*,,10.1,147.44,N,N,N,N,2019
State,12,Florida,Insulin Lispro,Insulin Lispro,1076,3735,4397.7,830679.92,1665,,3015,3485.8,636943.33,,1331,3766.23,43455.5,N,N,N,N,2019
State,13,Georgia,Insulin Lispro,Insulin Lispro,425,1551,1896.5,417417.63,702,,1223,1504,330567.54,,566,1358.97,27532.27,N,N,N,N,2019
State,15,Hawaii,Insulin Lispro,Insulin Lispro,13,38,38,6425.31,15,#,,,,#,,0,123.64,N,N,N,N,2019
State,16,Idaho,Insulin Lispro,Insulin Lispro,51,156,183.3,37822.43,69,,115,137.7,25565.8,,57,176.93,3462.54,N,N,N,N,2019
State,17,Illinois,Insulin Lispro,Insulin Lispro,562,1701,1815.7,310012.21,874,,1353,1431.8,242852.41,,695,547.73,15277.46,N,N,N,N,2019
State,18,Indiana,Insulin Lispro,Insulin Lispro,430,1348,1565.5,337222.34,656,,1037,1191.9,233274.92,,501,1269.94,24174.68,N,N,N,N,2019
State,19,Iowa,Insulin Lispro,Insulin Lispro,86,272,297.8,64358.97,107,,211,233.6,44691.17,,80,159.67,3284.79,N,N,N,N,2019
State,20,Kansas,Insulin Lispro,Insulin Lispro,71,222,254.1,52282.52,94,,185,212.4,42001.15,,77,159.13,4759.69,N,N,N,N,2019
State,21,Kentucky,Insulin Lispro,Insulin Lispro,269,1075,1258.2,268107.88,492,,821,956.1,192898.82,,382,904.03,14318.13,N,N,N,N,2019
State,22,Louisiana,Insulin Lispro,Insulin Lispro,83,246,271.1,50489.28,120,,189,206,38729.01,,88,209.91,2441.43,N,N,N,N,2019
State,23,Maine,Insulin Lispro,Insulin Lispro,108,443,516.9,110675.95,164,,378,428.6,91185.84,,135,368.23,4991.09,N,N,N,N,2019
State,24,Maryland,Insulin Lispro,Insulin Lispro,64,136,177.7,34655.31,68,,103,133,25710.59,,50,368.6,1867.43,N,N,N,N,2019
State,25,Massachusetts,Insulin Lispro,Insulin Lispro,218,847,911.6,151349.57,403,,699,749.3,123260.97,,324,411.3,6350.69,N,N,N,N,2019
State,26,Michigan,Insulin Lispro,Insulin Lispro,388,1102,1319.7,248910.44,602,,852,1026.2,186418.7,,471,688.53,14367.53,N,N,N,N,2019
State,27,Minnesota,Insulin Lispro,Insulin Lispro,124,260,440,103809.46,147,,226,392.9,94174.6,,125,95.85,8953.91,N,N,N,N,2019
State,28,Mississippi,Insulin Lispro,Insulin Lispro,62,136,146.8,24141.48,77,,105,113.3,18099.89,,62,20.8,1256.48,N,N,N,N,2019
State,29,Missouri,Insulin Lispro,Insulin Lispro,243,815,938.8,193651.54,371,,610,708.1,136668.34,,281,502.31,13418.89,N,N,N,N,2019
State,30,Montana,Insulin Lispro,Insulin Lispro,18,34,49.7,10405.03,23,#,,,,#,,19.9,923.04,N,N,N,N,2019
State,31,Nebraska,Insulin Lispro,Insulin Lispro,62,151,174,32251.99,61,,126,139.5,24507.02,,49,51.7,2912.65,N,N,N,N,2019
State,32,Nevada,Insulin Lispro,Insulin Lispro,34,51,78.6,16003.59,35,,33,55.5,12079.18,,24,34,1258.83,N,N,N,N,2019
State,33,New Hampshire,Insulin Lispro,Insulin Lispro,56,205,230.1,44422.92,67,,172,196.8,39396.31,#,,62.27,3425.49,N,N,N,N,2019
State,34,New Jersey,Insulin Lispro,Insulin Lispro,245,564,609.5,104886.38,299,,428,466.3,78040.11,,231,261.87,5377.78,N,N,N,N,2019
State,35,New Mexico,Insulin Lispro,Insulin Lispro,38,74,90.4,19138.58,39,,53,64,12291.37,#,,38,1748.64,N,N,N,N,2019
State,36,New York,Insulin Lispro,Insulin Lispro,773,2351,2647.4,517374.92,1093,,1972,2217.9,412766.66,,920,1817.35,28603.11,N,N,N,N,2019
State,37,North Carolina,Insulin Lispro,Insulin Lispro,323,1043,1156.9,220324.01,467,,706,797,144341.85,,319,837.9,13412.28,N,N,N,N,2019
State,38,North Dakota,Insulin Lispro,Insulin Lispro,31,66,88.6,21989.3,32,,47,69.6,19103.92,#,,5.05,2443.05,N,N,N,N,2019
State,39,Ohio,Insulin Lispro,Insulin Lispro,862,2751,3298.5,677570.3,1300,,2015,2425.9,476638.49,,965,3134.71,52082.52,N,N,N,N,2019
State,40,Oklahoma,Insulin Lispro,Insulin Lispro,55,111,134.3,31730.03,63,,65,76.7,13929.68,,42,53,2942.32,N,N,N,N,2019
State,41,Oregon,Insulin Lispro,Insulin Lispro,302,839,961.6,184717.5,373,,659,741.7,138100.34,,291,502.48,10859.55,N,N,N,N,2019
State,42,Pennsylvania,Insulin Lispro,Insulin Lispro,465,1699,1894.8,342192.86,776,,1367,1529,262363.69,,621,1111.6,20555.16,N,N,N,N,2019
State,44,Rhode Island,Insulin Lispro,Insulin Lispro,81,629,633.6,105544.04,209,,498,502.3,80671.66,,167,410.4,1364.62,N,N,N,N,2019
State,45,South Carolina,Insulin Lispro,Insulin Lispro,134,313,373.7,76600.11,140,,216,261.7,50484.2,,99,422.71,5688.53,N,N,N,N,2019
State,46,South Dakota,Insulin Lispro,Insulin Lispro,9,20,22.9,4593.73,,#,,,,*,,3.4,567.14,N,N,N,N,2019
State,47,Tennessee,Insulin Lispro,Insulin Lispro,292,763,954,249089.43,358,,470,589.9,137813.12,,230,908.22,9831.82,N,N,N,N,2019
State,48,Texas,Insulin Lispro,Insulin Lispro,961,2927,3484.6,705095.74,1498,,2255,2626.9,508492.96,,1153,3327.65,40567.79,N,N,N,N,2019
State,49,Utah,Insulin Lispro,Insulin Lispro,92,190,271.4,67318.66,101,,139,191.6,43374.19,,74,932.55,6185.93,N,N,N,N,2019
State,50,Vermont,Insulin Lispro,Insulin Lispro,20,42,64.3,15306.51,20,#,,,,#,,3.8,1157.65,N,N,N,N,2019
State,51,Virginia,Insulin Lispro,Insulin Lispro,174,491,582.2,111123.96,233,,396,469.3,87776.27,,189,509.73,8067.12,N,N,N,N,2019
State,53,Washington,Insulin Lispro,Insulin Lispro,362,1054,1242.9,258053.29,489,,771,921.3,175514.64,,360,650.18,14895.62,N,N,N,N,2019
State,54,West Virginia,Insulin Lispro,Insulin Lispro,37,83,107.9,32332.14,46,,64,84.4,21636.01,#,,12.3,2247,N,N,N,N,2019
State,55,Wisconsin,Insulin Lispro,Insulin Lispro,256,766,855.4,173394.56,344,,567,624.2,120926.65,,263,481.48,8810.94,N,N,N,N,2019
State,56,Wyoming,Insulin Lispro,Insulin Lispro,18,51,55.8,12230.1,22,,38,40.8,9328.87,#,,11,498.78,N,N,N,N,2019
State,72,Puerto Rico,Insulin Lispro,Insulin Lispro,4,14,15.4,2749.65,,#,,,,*,,26.6,0,N,N,N,N,2019
National,,National,Insulin Lispro Kwikpen U-100,Insulin Lispro,25847,81754,111228,21922910.69,38879,,63190,86121.3,15975710.28,,30062,70825.37,1333256.99,N,N,N,N,2019
State,01,Alabama,Insulin Lispro Kwikpen U-100,Insulin Lispro,228,548,866,228454.12,299,,420,661.9,162163.43,,228,666.02,14542.46,N,N,N,N,2019
State,02,Alaska,Insulin Lispro Kwikpen U-100,Insulin Lispro,91,175,315.1,63350.96,110,,128,235.7,46709.3,,81,153.8,3055.33,N,N,N,N,2019
State,04,Arizona,Insulin Lispro Kwikpen U-100,Insulin Lispro,373,710,1037.9,225160.29,430,,574,822.4,174303.55,,335,576.5,15056.68,N,N,N,N,2019
State,05,Arkansas,Insulin Lispro Kwikpen U-100,Insulin Lispro,258,543,779.8,221763.36,332,,315,446.2,119750.71,,190,875.61,10985.99,N,N,N,N,2019
State,06,California,Insulin Lispro Kwikpen U-100,Insulin Lispro,1700,5053,6419.8,992965.09,2451,,3870,4896.3,710522.73,,1874,4215.14,51155.04,N,N,N,N,2019
State,08,Colorado,Insulin Lispro Kwikpen U-100,Insulin Lispro,392,879,1341.8,250718.73,513,,671,1036.5,186330.46,,395,396.35,19468.46,N,N,N,N,2019
State,09,Connecticut,Insulin Lispro Kwikpen U-100,Insulin Lispro,401,1414,1906.4,343595.2,579,,1095,1491.6,245943.84,,451,1186.44,8679.2,N,N,N,N,2019
State,10,Delaware,Insulin Lispro Kwikpen U-100,Insulin Lispro,62,190,260.6,51903.36,82,,128,169.4,30055.67,,59,31.8,2819.17,N,N,N,N,2019
State,11,District of Columbia,Insulin Lispro Kwikpen U-100,Insulin Lispro,43,107,149.8,27436.08,55,,60,85.9,13746.13,,33,50.3,1022.21,N,N,N,N,2019
State,12,Florida,Insulin Lispro Kwikpen U-100,Insulin Lispro,1876,6833,9420.2,1813442.45,3209,,5754,7875.6,1428638.93,,2690,9097.05,128027.8,N,N,N,N,2019
State,13,Georgia,Insulin Lispro Kwikpen U-100,Insulin Lispro,828,2461,3809.6,884916.5,1380,,1971,3096.4,702274.49,,1103,2949.66,58706.62,N,N,N,N,2019
State,15,Hawaii,Insulin Lispro Kwikpen U-100,Insulin Lispro,25,57,76.4,14624.27,30,#,,,,#,,31.3,550.14,N,N,N,N,2019
State,16,Idaho,Insulin Lispro Kwikpen U-100,Insulin Lispro,120,292,384.2,84676.26,155,,237,306.3,70385.57,,127,304.8,6490.98,N,N,N,N,2019
State,17,Illinois,Insulin Lispro Kwikpen U-100,Insulin Lispro,749,2076,2652.2,464278.89,1031,,1658,2148.3,362763.35,,825,1570.08,30055.28,N,N,N,N,2019
State,18,Indiana,Insulin Lispro Kwikpen U-100,Insulin Lispro,987,3054,4245,923673.44,1651,,2219,3152.3,641890.46,,1216,2454.23,62396.8,N,N,N,N,2019
State,19,Iowa,Insulin Lispro Kwikpen U-100,Insulin Lispro,224,555,731,174461.13,289,,415,537.8,113681.92,,205,287.6,9978.39,N,N,N,N,2019
State,20,Kansas,Insulin Lispro Kwikpen U-100,Insulin Lispro,305,959,1292.9,317474.13,461,,811,1097.3,254280.98,,377,652.92,23120.3,N,N,N,N,2019
State,21,Kentucky,Insulin Lispro Kwikpen U-100,Insulin Lispro,536,1840,2410.1,489451.75,873,,1358,1796.6,335073.76,,653,2038.89,31447.09,N,N,N,N,2019
State,22,Louisiana,Insulin Lispro Kwikpen U-100,Insulin Lispro,188,481,579,105567.83,255,,378,451.1,81853.51,,197,328.91,4533.13,N,N,N,N,2019
State,23,Maine,Insulin Lispro Kwikpen U-100,Insulin Lispro,151,314,561.3,149872.74,189,,241,440.7,110562.01,,152,275.35,9809.14,N,N,N,N,2019
State,24,Maryland,Insulin Lispro Kwikpen U-100,Insulin Lispro,261,843,1089.5,160938.47,365,,628,833.6,124135.26,,285,669,11575.06,N,N,N,N,2019
State,25,Massachusetts,Insulin Lispro Kwikpen U-100,Insulin Lispro,261,671,912.2,169962.59,327,,516,726.2,133087.05,,259,394.15,10756.85,N,N,N,N,2019
State,26,Michigan,Insulin Lispro Kwikpen U-100,Insulin Lispro,655,1970,2604.3,434451.48,945,,1608,2109.3,344519.53,,756,842.28,26251.87,N,N,N,N,2019
State,27,Minnesota,Insulin Lispro Kwikpen U-100,Insulin Lispro,524,1414,2251.1,512296.74,721,,1197,1973.6,448822.19,,619,850.7,33280.06,N,N,N,N,2019
State,28,Mississippi,Insulin Lispro Kwikpen U-100,Insulin Lispro,64,120,190.1,45391.97,76,,88,136.4,28813.51,,55,84.9,3270.61,N,N,N,N,2019
State,29,Missouri,Insulin Lispro Kwikpen U-100,Insulin Lispro,709,2601,3251.5,671609.06,1129,,1906,2378.9,437274.93,,827,2318.59,39014.12,N,N,N,N,2019
State,30,Montana,Insulin Lispro Kwikpen U-100,Insulin Lispro,42,95,131.3,23323.9,42,,77,110.6,18163.46,#,,272.62,1883.17,N,N,N,N,2019
State,31,Nebraska,Insulin Lispro Kwikpen U-100,Insulin Lispro,190,508,652.1,129287.19,246,,351,448.6,79052.2,,175,427.09,8801.75,N,N,N,N,2019
State,32,Nevada,Insulin Lispro Kwikpen U-100,Insulin Lispro,173,482,643.8,112068.55,245,,365,486.4,83162.95,,190,415.37,8677.13,N,N,N,N,2019
State,33,New Hampshire,Insulin Lispro Kwikpen U-100,Insulin Lispro,94,207,325.9,73850.44,116,,160,260.7,56866.67,,92,171.2,4817.43,N,N,N,N,2019
State,34,New Jersey,Insulin Lispro Kwikpen U-100,Insulin Lispro,500,1522,1930.9,296213.92,636,,1249,1563.2,226050.45,,506,641.99,20421.88,N,N,N,N,2019
State,35,New Mexico,Insulin Lispro Kwikpen U-100,Insulin Lispro,117,252,366.1,83016.22,144,,194,284.5,60005.07,,109,235.82,3900.95,N,N,N,N,2019
State,36,New York,Insulin Lispro Kwikpen U-100,Insulin Lispro,2253,9630,12355.8,2272321.79,3806,,8021,10333,1841315.31,,3137,4724.24,130331.21,N,N,N,N,2019
State,37,North Carolina,Insulin Lispro Kwikpen U-100,Insulin Lispro,945,3001,3723.5,714400.54,1405,,2100,2592.9,452969.19,,991,2651.06,27918.88,N,N,N,N,2019
State,38,North Dakota,Insulin Lispro Kwikpen U-100,Insulin Lispro,103,334,464.8,115805.56,129,,285,401.8,98825.22,,108,287.12,10761.17,N,N,N,N,2019
State,39,Ohio,Insulin Lispro Kwikpen U-100,Insulin Lispro,1940,7025,9568.3,1873121.04,3379,,5033,6925.3,1285277.03,,2478,5908.15,135264.75,N,N,N,N,2019
State,40,Oklahoma,Insulin Lispro Kwikpen U-100,Insulin Lispro,162,413,533.9,94272.29,235,,285,364.5,60824.26,,164,230.87,5919.68,N,N,N,N,2019
State,41,Oregon,Insulin Lispro Kwikpen U-100,Insulin Lispro,321,658,957.3,214438.8,381,,502,742,153234.44,,295,417.64,14335.02,N,N,N,N,2019
State,42,Pennsylvania,Insulin Lispro Kwikpen U-100,Insulin Lispro,1057,3906,4923.9,830627.21,1632,,3039,3799.6,598224.98,,1276,2019.84,45850.93,N,N,N,N,2019
State,44,Rhode Island,Insulin Lispro Kwikpen U-100,Insulin Lispro,85,669,687.6,79588.36,189,,580,594.3,64138.96,,160,319.08,3117.64,N,N,N,N,2019
State,45,South Carolina,Insulin Lispro Kwikpen U-100,Insulin Lispro,571,1481,2122.6,458046.82,800,,1015,1510.6,305391.71,,578,1956.51,27289.65,N,N,N,N,2019
State,46,South Dakota,Insulin Lispro Kwikpen U-100,Insulin Lispro,32,130,157,31989.85,49,#,,,,#,,7.6,2548.54,N,N,N,N,2019
State,47,Tennessee,Insulin Lispro Kwikpen U-100,Insulin Lispro,533,1512,2021.4,410035.01,710,,1076,1435.6,272440.36,,502,1433.55,21628.37,N,N,N,N,2019
State,48,Texas,Insulin Lispro Kwikpen U-100,Insulin Lispro,2359,7639,11503.1,2461439.94,3851,,5565,8245.2,1605114.58,,2831,11178.72,111966.62,N,N,N,N,2019
State,49,Utah,Insulin Lispro Kwikpen U-100,Insulin Lispro,192,411,656.8,165542.19,253,,356,567.9,137600.45,,216,237.75,16906.52,N,N,N,N,2019
State,50,Vermont,Insulin Lispro Kwikpen U-100,Insulin Lispro,42,112,203.7,49152.12,57,,92,164.6,40654.71,,46,24.6,2878.08,N,N,N,N,2019
State,51,Virginia,Insulin Lispro Kwikpen U-100,Insulin Lispro,470,1088,1600.9,315358.34,678,,849,1245.7,234285.91,,537,919.84,23031.59,N,N,N,N,2019
State,53,Washington,Insulin Lispro Kwikpen U-100,Insulin Lispro,799,2269,3052,621026.73,1105,,1809,2444.6,458733.1,,893,2013.7,37522.01,N,N,N,N,2019
State,54,West Virginia,Insulin Lispro Kwikpen U-100,Insulin Lispro,137,269,397.8,84125.09,171,,211,314.7,60025.7,,138,98.67,6143.74,N,N,N,N,2019
State,55,Wisconsin,Insulin Lispro Kwikpen U-100,Insulin Lispro,679,1879,2562,559624.36,927,,1471,2037.6,407834.91,,730,842.47,43110.2,N,N,N,N,2019
State,56,Wyoming,Insulin Lispro Kwikpen U-100,Insulin Lispro,25,43,63.4,14602.77,26,,28,47.3,8654.79,#,,17,1516.69,N,N,N,N,2019
State,72,Puerto Rico,Insulin Lispro Kwikpen U-100,Insulin Lispro,7,14,26.2,6378.45,,,14,26.2,6378.45,*,,54.4,165.06,N,N,N,N,2019
State,9B,Armed Forces Europe,Insulin Lispro Kwikpen U-100,Insulin Lispro,2,28,32,5271.92,,#,,,,*,,3.8,0,N,N,N,N,2019
National,,National,Admelog,Insulin Lispro,3721,9228,9828.4,2076344.43,4565,,5513,5814,991610.23,,2695,22681.49,54095.67,N,N,N,N,2019
State,04,Arizona,Admelog,Insulin Lispro,43,196,200.4,17048.98,81,,130,132.4,12542.3,,53,165.04,469.11,N,N,N,N,2019
State,05,Arkansas,Admelog,Insulin Lispro,7,16,16,4850.7,,*,,,,*,,180.22,0,N,N,N,N,2019
State,06,California,Admelog,Insulin Lispro,706,1696,1803.3,331415.14,870,,1228,1286.7,209285.74,,619,3432.45,4039.44,N,N,N,N,2019
State,08,Colorado,Admelog,Insulin Lispro,7,20,21.8,3213.56,,#,,,,*,,3.8,166.47,N,N,N,N,2019
State,09,Connecticut,Admelog,Insulin Lispro,18,30,30.3,4638.16,18,#,,,,#,,87.9,105.2,N,N,N,N,2019
State,12,Florida,Admelog,Insulin Lispro,23,47,50.4,8573.69,22,,34,37.3,5751.29,#,,275.4,740.61,N,N,N,N,2019
State,13,Georgia,Admelog,Insulin Lispro,46,173,175,19641.42,79,,129,131,11981.72,,60,120.3,437.81,N,N,N,N,2019
State,16,Idaho,Admelog,Insulin Lispro,15,64,64.6,6152.53,27,,48,48.6,5047.07,#,,0,224.11,N,N,N,N,2019
State,17,Illinois,Admelog,Insulin Lispro,293,691,705.8,164785.16,325,,351,356.7,66689.5,,170,1280.37,3384.3,N,N,N,N,2019
State,18,Indiana,Admelog,Insulin Lispro,59,123,135.5,51854.37,68,,48,52.8,19571.33,,22,620.63,1275.85,N,N,N,N,2019
State,19,Iowa,Admelog,Insulin Lispro,8,20,20,3571.48,,#,,,,*,,38.9,308.23,N,N,N,N,2019
State,21,Kentucky,Admelog,Insulin Lispro,135,330,347.7,131591.69,151,,99,106.6,28000.62,,54,1717.71,2304.24,N,N,N,N,2019
State,22,Louisiana,Admelog,Insulin Lispro,98,188,202.7,50872.1,105,,79,87,20238.35,,47,578,2138.25,N,N,N,N,2019
State,24,Maryland,Admelog,Insulin Lispro,74,149,162,39550.86,75,,45,49.8,8527.45,,23,788.45,225.63,N,N,N,N,2019
State,25,Massachusetts,Admelog,Insulin Lispro,49,193,206.4,55678.11,65,,144,151.4,39981.24,,39,197.18,385.49,N,N,N,N,2019
State,26,Michigan,Admelog,Insulin Lispro,473,1119,1264.8,310989.07,543,,438,499.3,124351.54,,221,4028.75,7640.6,N,N,N,N,2019
State,27,Minnesota,Admelog,Insulin Lispro,20,45,45.2,15847.73,22,,30,30,7097.43,#,,482.08,595.52,N,N,N,N,2019
State,28,Mississippi,Admelog,Insulin Lispro,10,24,25.6,3624.3,19,#,,,,#,,43.18,0,N,N,N,N,2019
State,29,Missouri,Admelog,Insulin Lispro,21,31,31.5,5778.88,20,,15,15,2689.39,*,,37.9,439.13,N,N,N,N,2019
State,32,Nevada,Admelog,Insulin Lispro,19,32,32.5,7496.2,20,,15,15.3,4129.19,*,,195.7,238.28,N,N,N,N,2019
State,34,New Jersey,Admelog,Insulin Lispro,262,605,668.2,132084,285,,333,363.2,63523.62,,156,1528.13,4626.9,N,N,N,N,2019
State,35,New Mexico,Admelog,Insulin Lispro,30,64,67.4,21263.53,32,,13,14.8,2321.73,*,,166.8,88.62,N,N,N,N,2019
State,36,New York,Admelog,Insulin Lispro,389,919,965.4,191975.38,469,,594,617.6,91462.03,,294,1521.71,3412.62,N,N,N,N,2019
State,37,North Carolina,Admelog,Insulin Lispro,55,272,272.5,25502.02,141,,228,228.5,21240.45,,123,81.28,1065.63,N,N,N,N,2019
State,39,Ohio,Admelog,Insulin Lispro,193,398,435.1,103072.18,216,,199,217.5,39989.95,,98,1028.19,2313.14,N,N,N,N,2019
State,40,Oklahoma,Admelog,Insulin Lispro,45,226,226,28898.88,105,,192,192,23862.94,,84,642.62,649.76,N,N,N,N,2019
State,41,Oregon,Admelog,Insulin Lispro,82,152,164.8,64402.45,85,,64,73.9,20646.22,,40,262.9,3160.97,N,N,N,N,2019
State,42,Pennsylvania,Admelog,Insulin Lispro,203,394,437.2,110924.05,213,,210,230.1,45822.72,,115,1760.21,2133.34,N,N,N,N,2019
State,44,Rhode Island,Admelog,Insulin Lispro,21,34,35.4,10155.68,21,,15,15,2355,*,,147.8,218.62,N,N,N,N,2019
State,45,South Carolina,Admelog,Insulin Lispro,48,113,118.3,24601,58,,70,71.5,10196.64,,33,217.1,1282.24,N,N,N,N,2019
State,47,Tennessee,Admelog,Insulin Lispro,23,40,42.1,9859.11,28,,22,22.1,3704.56,,16,251.97,193.77,N,N,N,N,2019
State,48,Texas,Admelog,Insulin Lispro,93,285,290.9,46198.73,155,,222,224.1,32003.12,,123,188.25,3517.32,N,N,N,N,2019
State,49,Utah,Admelog,Insulin Lispro,37,323,325.7,25563.58,123,,253,255.7,18745.13,,96,273.75,1250.31,N,N,N,N,2019
State,51,Virginia,Admelog,Insulin Lispro,17,43,47.6,6454.31,23,#,,,,#,,75.6,364.27,N,N,N,N,2019
State,53,Washington,Admelog,Insulin Lispro,18,44,44.1,7097.29,26,#,,,,#,,31.3,294.27,N,N,N,N,2019
State,54,West Virginia,Admelog,Insulin Lispro,10,30,32.2,7138.73,13,#,,,,*,,31.3,971.33,N,N,N,N,2019
State,55,Wisconsin,Admelog,Insulin Lispro,13,15,15.3,1621.63,14,#,,,,*,,17,38.84,N,N,N,N,2019
State,72,Puerto Rico,Admelog,Insulin Lispro,10,13,13,3427.74,,,13,13,3427.74,*,,47.22,105,N,N,N,N,2019
National,,National,Admelog Solostar,Insulin Lispro,7315,20460,24084.2,5630967.99,9298,,12889,15140.6,3061440.99,,5430,48692.02,137030.07,N,N,N,N,2019
State,01,Alabama,Admelog Solostar,Insulin Lispro,11,24,37.4,7169.9,11,*,,,,*,,31.8,765.94,N,N,N,N,2019
State,04,Arizona,Admelog Solostar,Insulin Lispro,11,19,23.6,4430.69,12,#,,,,*,,50.3,119.56,N,N,N,N,2019
State,05,Arkansas,Admelog Solostar,Insulin Lispro,7,15,19,4589.7,,#,,,,*,,37.8,696.4,N,N,N,N,2019
State,06,California,Admelog Solostar,Insulin Lispro,1204,3934,4588,888280.39,1618,,2836,3257.1,550273.96,,1068,6341.79,13305.25,N,N,N,N,2019
State,09,Connecticut,Admelog Solostar,Insulin Lispro,31,61,69.3,20805.33,36,,38,42.6,9466.56,,23,104.7,685.92,N,N,N,N,2019
State,11,District of Columbia,Admelog Solostar,Insulin Lispro,26,58,71,25964.94,29,*,,,,*,,186.2,0,N,N,N,N,2019
State,12,Florida,Admelog Solostar,Insulin Lispro,94,1038,1065.4,114204.67,208,,915,934.8,91751.88,,179,611.68,1719.97,N,N,N,N,2019
State,13,Georgia,Admelog Solostar,Insulin Lispro,62,236,255.5,68860.83,164,,54,66,16865.03,,35,1369.28,2348.27,N,N,N,N,2019
State,15,Hawaii,Admelog Solostar,Insulin Lispro,28,42,63.8,14056.86,28,,19,32.3,7207.86,,13,104.4,235,N,N,N,N,2019
State,16,Idaho,Admelog Solostar,Insulin Lispro,20,74,76.4,9552.36,36,,63,65.4,7915.66,#,,79.26,504.01,N,N,N,N,2019
State,17,Illinois,Admelog Solostar,Insulin Lispro,385,849,993.3,258338.59,423,,361,434.6,92486.47,,190,1755.15,4964.48,N,N,N,N,2019
State,18,Indiana,Admelog Solostar,Insulin Lispro,270,517,642.5,216895.57,308,,240,298.9,99350.78,,142,2590.6,9094.5,N,N,N,N,2019
State,19,Iowa,Admelog Solostar,Insulin Lispro,20,74,76.5,8732.72,26,,55,57.3,6138.21,#,,20.8,1083.35,N,N,N,N,2019
State,20,Kansas,Admelog Solostar,Insulin Lispro,16,106,118.2,33318.25,27,,78,90.2,21416.17,#,,33.1,576.65,N,N,N,N,2019
State,21,Kentucky,Admelog Solostar,Insulin Lispro,307,753,878.4,309938.47,388,,286,342.6,103842.63,,149,4555.25,5879.52,N,N,N,N,2019
State,22,Louisiana,Admelog Solostar,Insulin Lispro,130,273,331.3,77430.47,142,,145,181.1,34020.68,,72,924.83,1355.26,N,N,N,N,2019
State,24,Maryland,Admelog Solostar,Insulin Lispro,97,186,224.8,58691.19,99,,78,98.7,22182.2,,38,874.2,784.09,N,N,N,N,2019
State,25,Massachusetts,Admelog Solostar,Insulin Lispro,103,299,506.4,104937.6,131,,203,384.4,74758.65,,77,322.1,1433.32,N,N,N,N,2019
State,26,Michigan,Admelog Solostar,Insulin Lispro,359,1289,1613.4,383830.34,518,,938,1137,245679.18,,339,2080.74,11352.03,N,N,N,N,2019
State,27,Minnesota,Admelog Solostar,Insulin Lispro,132,288,338.8,83023.03,159,,170,188.5,37200.22,,95,661.38,4624.02,N,N,N,N,2019
State,29,Missouri,Admelog Solostar,Insulin Lispro,41,70,81.4,18469.02,46,,37,40.3,9480.77,,22,93.8,1087.22,N,N,N,N,2019
State,31,Nebraska,Admelog Solostar,Insulin Lispro,6,15,15,2421.1,,,15,15,2421.1,*,,8.5,66.13,N,N,N,N,2019
State,32,Nevada,Admelog Solostar,Insulin Lispro,50,84,107.3,27097.92,55,,53,68,18087.06,,32,628.96,1427.09,N,N,N,N,2019
State,33,New Hampshire,Admelog Solostar,Insulin Lispro,19,29,31.3,11583.34,20,,11,12.4,4183.39,*,,121.2,646.49,N,N,N,N,2019
State,34,New Jersey,Admelog Solostar,Insulin Lispro,276,760,931.3,188327.81,335,,573,684.1,130840.48,,231,1905.28,8716.94,N,N,N,N,2019
State,35,New Mexico,Admelog Solostar,Insulin Lispro,56,91,119.3,33619.57,56,,37,50.4,10623.55,,30,211.7,286.29,N,N,N,N,2019
State,36,New York,Admelog Solostar,Insulin Lispro,1751,4929,5524.1,1358905.37,2257,,3132,3549.7,794793.43,,1426,10440.36,25712.03,N,N,N,N,2019
State,37,North Carolina,Admelog Solostar,Insulin Lispro,64,204,213.5,23180.11,90,,139,145.6,14575.11,,58,185.36,419.36,N,N,N,N,2019
State,38,North Dakota,Admelog Solostar,Insulin Lispro,18,67,68.7,16459.69,28,,54,55.5,14186.08,#,,24.6,1243.2,N,N,N,N,2019
State,39,Ohio,Admelog Solostar,Insulin Lispro,321,593,737.3,189829.93,354,,287,364.7,82372.88,,163,1643.4,7350.45,N,N,N,N,2019
State,40,Oklahoma,Admelog Solostar,Insulin Lispro,21,77,83,9714.27,39,,47,51.1,5249.81,,26,149.76,423.14,N,N,N,N,2019
State,41,Oregon,Admelog Solostar,Insulin Lispro,125,222,279.2,77456.67,129,,102,136.4,37778.89,,64,531,3459.6,N,N,N,N,2019
State,42,Pennsylvania,Admelog Solostar,Insulin Lispro,828,1796,2292.4,629184.46,1024,,890,1158,279655.29,,494,5991.88,13768.18,N,N,N,N,2019
State,44,Rhode Island,Admelog Solostar,Insulin Lispro,36,89,94.1,21083.89,41,,48,51.8,9571.2,,17,310.03,28.88,N,N,N,N,2019
State,45,South Carolina,Admelog Solostar,Insulin Lispro,137,252,293.6,91934.85,150,,125,143.3,43580.3,,70,1179.75,2586.84,N,N,N,N,2019
State,46,South Dakota,Admelog Solostar,Insulin Lispro,4,58,62.7,14158.09,15,#,,,,#,,3.8,0,N,N,N,N,2019
State,47,Tennessee,Admelog Solostar,Insulin Lispro,43,254,260.9,25760.93,108,,218,223.5,20241.56,,91,711.62,1609.88,N,N,N,N,2019
State,48,Texas,Admelog Solostar,Insulin Lispro,56,221,239.9,58056.83,85,,177,190.9,42592.17,,63,617.35,2614.61,N,N,N,N,2019
State,51,Virginia,Admelog Solostar,Insulin Lispro,32,151,171.5,20962.23,62,,129,141.5,16426.57,,49,843.74,1217.64,N,N,N,N,2019
State,53,Washington,Admelog Solostar,Insulin Lispro,49,215,313.8,70541.6,71,,153,233.5,50855.38,,55,190.47,1951.87,N,N,N,N,2019
State,54,West Virginia,Admelog Solostar,Insulin Lispro,14,27,30.6,7109.57,13,#,,,,*,,28.4,52.54,N,N,N,N,2019
State,55,Wisconsin,Admelog Solostar,Insulin Lispro,27,72,75.9,17133.54,30,,34,36.2,8208.54,,18,22.8,343.79,N,N,N,N,2019
National,,National,Apidra,Insulin Glulisine,1693,6116,9282.1,5352750.9,1561,,4159,6677.7,3616682.04,,1078,15424.38,294313.63,N,N,N,N,2019
State,01,Alabama,Apidra,Insulin Glulisine,17,56,97.8,81284.02,14,,28,48.4,31628.35,*,,93.7,2028.91,N,N,N,N,2019
State,02,Alaska,Apidra,Insulin Glulisine,4,11,29.1,12242.09,,,11,29.1,12242.09,*,,7.6,0,N,N,N,N,2019
State,04,Arizona,Apidra,Insulin Glulisine,29,113,155.1,78947.04,28,,88,113.1,60325.77,#,,87,7152.52,N,N,N,N,2019
State,05,Arkansas,Apidra,Insulin Glulisine,13,33,44.6,42294.44,12,,18,18,10226.42,*,,85,1122.62,N,N,N,N,2019
State,06,California,Apidra,Insulin Glulisine,205,739,1034.5,557048.68,200,,509,771.2,390138.45,,146,1883.77,31197.21,N,N,N,N,2019
State,08,Colorado,Apidra,Insulin Glulisine,12,46,67.5,32268.11,11,,33,54.5,28895.03,*,,119,1446.43,N,N,N,N,2019
State,09,Connecticut,Apidra,Insulin Glulisine,21,57,118.5,75512.51,21,#,,,,#,,36.9,2324.25,N,N,N,N,2019
State,11,District of Columbia,Apidra,Insulin Glulisine,4,17,20.2,17126.32,,*,,,,*,,33.1,409.28,N,N,N,N,2019
State,12,Florida,Apidra,Insulin Glulisine,72,221,389,202207.31,65,,168,303.5,156794.23,,52,781.02,8996.11,N,N,N,N,2019
State,13,Georgia,Apidra,Insulin Glulisine,42,140,213.3,125728.49,40,,122,185,118580.85,#,,594.96,9670.51,N,N,N,N,2019
State,16,Idaho,Apidra,Insulin Glulisine,17,58,75.6,37183.95,15,,41,55.4,29090.01,*,,173.98,1959.47,N,N,N,N,2019
State,17,Illinois,Apidra,Insulin Glulisine,47,142,227.7,105028.4,44,,102,179.9,79574.36,,30,97.7,11541.08,N,N,N,N,2019
State,18,Indiana,Apidra,Insulin Glulisine,39,134,190,131928.12,39,,58,94.9,55937.42,,19,295.3,6542.86,N,N,N,N,2019
State,19,Iowa,Apidra,Insulin Glulisine,13,48,80.9,36098.93,,#,,,,*,,19,1656.23,N,N,N,N,2019
State,20,Kansas,Apidra,Insulin Glulisine,4,34,37.8,10051.09,,*,,,,*,,0,2010.35,N,N,N,N,2019
State,21,Kentucky,Apidra,Insulin Glulisine,35,140,188.5,132426.67,37,,79,112.4,56090.53,,22,558.6,2788.8,N,N,N,N,2019
State,22,Louisiana,Apidra,Insulin Glulisine,36,133,145.4,70347.58,35,,69,81,33176.65,,24,823.2,4264.64,N,N,N,N,2019
State,24,Maryland,Apidra,Insulin Glulisine,21,64,128,54477.7,20,,47,111,49382.82,#,,130.11,3029.84,N,N,N,N,2019
State,25,Massachusetts,Apidra,Insulin Glulisine,23,87,139.1,90361.38,22,,74,126.1,80006.55,#,,68.2,6958.43,N,N,N,N,2019
State,26,Michigan,Apidra,Insulin Glulisine,235,838,1240.3,617240.09,222,,510,785.5,377653.21,,137,3095.1,34405,N,N,N,N,2019
State,27,Minnesota,Apidra,Insulin Glulisine,18,74,84.2,34679.82,16,,35,43.7,20754.33,*,,123,2201.66,N,N,N,N,2019
State,28,Mississippi,Apidra,Insulin Glulisine,9,26,35.6,12141.39,,#,,,,*,,216.85,480,N,N,N,N,2019
State,29,Missouri,Apidra,Insulin Glulisine,25,85,155.9,83855.05,26,,66,127.8,70308.5,#,,65.75,7529.79,N,N,N,N,2019
State,30,Montana,Apidra,Insulin Glulisine,6,12,14.9,4316.84,,*,,,,*,,19,946.66,N,N,N,N,2019
State,31,Nebraska,Apidra,Insulin Glulisine,3,18,18.7,21097.6,,*,,,,*,,17,0,N,N,N,N,2019
State,32,Nevada,Apidra,Insulin Glulisine,12,33,57.9,42005.93,,,12,33,26514.94,*,,254.59,1807.45,N,N,N,N,2019
State,33,New Hampshire,Apidra,Insulin Glulisine,6,16,18.3,9423.61,,#,,,,*,,19.9,90,N,N,N,N,2019
State,34,New Jersey,Apidra,Insulin Glulisine,74,298,554,322330.18,73,,239,462.7,244351.47,,58,122.78,14692.36,N,N,N,N,2019
State,35,New Mexico,Apidra,Insulin Glulisine,6,11,22.8,26523.82,,*,,,,*,,0,1891.36,N,N,N,N,2019
State,36,New York,Apidra,Insulin Glulisine,103,356,604.9,364256.31,90,,301,512.6,309509.65,,72,311.4,13017.45,N,N,N,N,2019
State,37,North Carolina,Apidra,Insulin Glulisine,52,181,244,158952.04,42,,88,137.1,88064.49,,24,426.33,5687.57,N,N,N,N,2019
State,38,North Dakota,Apidra,Insulin Glulisine,4,21,36.5,38486.37,,*,,,,*,,3.8,1862.46,N,N,N,N,2019
State,39,Ohio,Apidra,Insulin Glulisine,80,311,458.4,366452.18,75,,237,351.3,270488.05,,52,971.05,15056.39,N,N,N,N,2019
State,40,Oklahoma,Apidra,Insulin Glulisine,16,38,58.7,33891.31,15,,19,39.5,13713.4,*,,261.2,550,N,N,N,N,2019
State,41,Oregon,Apidra,Insulin Glulisine,13,37,76.7,42135.47,14,#,,,,#,,285.92,4016.57,N,N,N,N,2019
State,42,Pennsylvania,Apidra,Insulin Glulisine,121,522,770.8,451901.82,109,,421,632.7,347101.07,,85,961.59,31034.36,N,N,N,N,2019
State,45,South Carolina,Apidra,Insulin Glulisine,15,74,113.5,61683.5,18,,53,82.2,41919.66,#,,62.4,5769.83,N,N,N,N,2019
State,47,Tennessee,Apidra,Insulin Glulisine,31,121,185.2,123874.49,30,,90,149.9,82512.41,#,,123,9855.29,N,N,N,N,2019
State,48,Texas,Apidra,Insulin Glulisine,78,315,486.4,260239.16,78,,166,263.2,125944.57,,45,1404.95,20508.92,N,N,N,N,2019
State,49,Utah,Apidra,Insulin Glulisine,4,19,30.4,31449.85,,*,,,,*,,254.63,1729.65,N,N,N,N,2019
State,51,Virginia,Apidra,Insulin Glulisine,32,97,187,120384.43,31,,61,119.6,63743.91,,20,228.9,5716.73,N,N,N,N,2019
State,53,Washington,Apidra,Insulin Glulisine,27,80,112.3,64245.08,22,,39,61.2,22441.75,#,,151.4,3252.54,N,N,N,N,2019
State,54,West Virginia,Apidra,Insulin Glulisine,9,34,62.4,37027.04,,,21,46.8,25459.97,*,,38,2518.73,N,N,N,N,2019
State,55,Wisconsin,Apidra,Insulin Glulisine,7,46,54.9,37387.05,,,24,28,21929.04,*,,20.8,1269.24,N,N,N,N,2019
State,72,Puerto Rico,Apidra,Insulin Glulisine,38,144,156.8,56136.83,31,,114,125.3,43233.27,#,,24,1055.81,N,N,N,N,2019
National,,National,Apidra Solostar,Insulin Glulisine,4544,15645,25814.7,13997211.81,4505,,11327,19413.4,9883979.08,,3250,33522.32,775638.08,N,N,N,N,2019
State,01,Alabama,Apidra Solostar,Insulin Glulisine,38,121,207.2,111559.01,37,,71,123.7,60807.42,,21,796.08,3405.72,N,N,N,N,2019
State,02,Alaska,Apidra Solostar,Insulin Glulisine,11,33,72.6,56152.94,,,33,72.6,56152.94,*,,7.6,163.12,N,N,N,N,2019
State,04,Arizona,Apidra Solostar,Insulin Glulisine,63,212,362.3,198824.46,66,,180,299.7,156044.18,,54,283.35,11073.12,N,N,N,N,2019
State,05,Arkansas,Apidra Solostar,Insulin Glulisine,24,80,118.9,46329.89,23,,55,67.4,19547.89,#,,45.4,4418.77,N,N,N,N,2019
State,06,California,Apidra Solostar,Insulin Glulisine,529,1877,2790.3,1433273.32,577,,1419,2175.8,1072715.53,,426,2743.61,61475.8,N,N,N,N,2019
State,08,Colorado,Apidra Solostar,Insulin Glulisine,36,120,186.1,100950.28,36,,69,100.7,62266.2,,21,280.9,5845.18,N,N,N,N,2019
State,09,Connecticut,Apidra Solostar,Insulin Glulisine,48,224,428,192659.71,54,,163,319.8,144501.85,,40,658.4,4030.91,N,N,N,N,2019
State,10,Delaware,Apidra Solostar,Insulin Glulisine,17,44,94.2,68986.4,16,#,,,,#,,185.99,2103.33,N,N,N,N,2019
State,11,District of Columbia,Apidra Solostar,Insulin Glulisine,9,42,64.5,38386.09,13,,13,16.7,6283.94,*,,75.8,0,N,N,N,N,2019
State,12,Florida,Apidra Solostar,Insulin Glulisine,176,627,1107.9,524356.34,174,,521,941,427752.11,,144,950.74,38243.77,N,N,N,N,2019
State,13,Georgia,Apidra Solostar,Insulin Glulisine,104,391,608.8,367401.44,103,,286,438.2,258960.04,,71,498.97,23615.77,N,N,N,N,2019
State,15,Hawaii,Apidra Solostar,Insulin Glulisine,19,78,148.7,74455.19,25,,60,116,57144.44,#,,27.5,1186.27,N,N,N,N,2019
State,16,Idaho,Apidra Solostar,Insulin Glulisine,30,89,161.6,66762.61,32,,69,134.7,55958.85,#,,116.3,7827.86,N,N,N,N,2019
State,17,Illinois,Apidra Solostar,Insulin Glulisine,150,506,836.7,399180.36,136,,405,669.3,326134.41,,106,1612.61,29576.79,N,N,N,N,2019
State,18,Indiana,Apidra Solostar,Insulin Glulisine,193,628,1063.1,654990.48,212,,378,707.6,363060.23,,116,1896.33,26832.06,N,N,N,N,2019
State,19,Iowa,Apidra Solostar,Insulin Glulisine,32,122,174.8,176185.11,31,,97,134.9,112932.01,#,,63.5,3356.04,N,N,N,N,2019
State,20,Kansas,Apidra Solostar,Insulin Glulisine,27,93,132.5,68308.78,26,,66,95.6,50031.43,#,,62.4,6784.55,N,N,N,N,2019
State,21,Kentucky,Apidra Solostar,Insulin Glulisine,88,309,452.6,342129.12,93,,161,248.2,163094.47,,48,846.4,11038.77,N,N,N,N,2019
State,22,Louisiana,Apidra Solostar,Insulin Glulisine,99,245,354.3,195625.14,94,,177,264.3,149261.5,,65,806.1,9160.32,N,N,N,N,2019
State,23,Maine,Apidra Solostar,Insulin Glulisine,16,54,80.8,37671.85,15,,35,55.9,19565.57,*,,91.7,1065.93,N,N,N,N,2019
State,24,Maryland,Apidra Solostar,Insulin Glulisine,74,231,428.1,221562.44,75,,177,331.5,158234.82,,53,341.3,11694,N,N,N,N,2019
State,25,Massachusetts,Apidra Solostar,Insulin Glulisine,44,161,259.2,129902.94,43,,98,173.8,81610.67,,30,257.6,4993.79,N,N,N,N,2019
State,26,Michigan,Apidra Solostar,Insulin Glulisine,461,1772,3224.5,1735121.95,485,,1330,2526.9,1291782.53,,373,6044.44,124601.51,N,N,N,N,2019
State,27,Minnesota,Apidra Solostar,Insulin Glulisine,48,132,187.4,108672.04,40,,84,120.5,58521.73,,28,82.5,10308.9,N,N,N,N,2019
State,28,Mississippi,Apidra Solostar,Insulin Glulisine,21,61,111.5,65988.42,19,,36,82.3,45249.61,#,,128,1464.79,N,N,N,N,2019
State,29,Missouri,Apidra Solostar,Insulin Glulisine,57,248,344.7,197664.61,54,,156,232.2,137241.68,,38,229.55,12196.5,N,N,N,N,2019
State,30,Montana,Apidra Solostar,Insulin Glulisine,5,17,20,9067.95,,*,,,,*,,529.2,0,N,N,N,N,2019
State,31,Nebraska,Apidra Solostar,Insulin Glulisine,15,38,49.3,36080.08,15,,22,27.5,19595.33,*,,31.3,2690.85,N,N,N,N,2019
State,32,Nevada,Apidra Solostar,Insulin Glulisine,33,79,138.1,68219.07,36,,57,111.9,55745,,25,207.1,1511.83,N,N,N,N,2019
State,33,New Hampshire,Apidra Solostar,Insulin Glulisine,10,16,27.6,15517.15,,#,,,,*,,51,758.41,N,N,N,N,2019
State,34,New Jersey,Apidra Solostar,Insulin Glulisine,180,672,1403.2,803291.43,203,,517,1122,582106.67,,162,1037.54,34256.86,N,N,N,N,2019
State,35,New Mexico,Apidra Solostar,Insulin Glulisine,13,35,56.7,29439.74,11,,16,20.9,15438.65,*,,535.61,965.86,N,N,N,N,2019
State,36,New York,Apidra Solostar,Insulin Glulisine,335,1195,1935.6,924698.83,342,,1020,1695.8,801112.77,,279,1256.86,39250.43,N,N,N,N,2019
State,37,North Carolina,Apidra Solostar,Insulin Glulisine,110,418,652.2,392901,107,,227,381.2,211242.81,,64,445.9,22410.21,N,N,N,N,2019
State,38,North Dakota,Apidra Solostar,Insulin Glulisine,7,31,47.8,25548.91,,#,,,,*,,39.8,2981.69,N,N,N,N,2019
State,39,Ohio,Apidra Solostar,Insulin Glulisine,204,629,1107.3,620308.74,196,,461,865.5,435927.89,,145,1369.19,37324.88,N,N,N,N,2019
State,40,Oklahoma,Apidra Solostar,Insulin Glulisine,51,140,225.1,149908.3,47,,100,163.4,88844.53,,32,225.03,5570.03,N,N,N,N,2019
State,41,Oregon,Apidra Solostar,Insulin Glulisine,52,165,270,144192.15,48,,115,178.3,82508.39,,33,145.8,10500.44,N,N,N,N,2019
State,42,Pennsylvania,Apidra Solostar,Insulin Glulisine,404,1408,2261.5,1239244.79,409,,948,1569.5,843216.72,,288,2341.88,83487.04,N,N,N,N,2019
State,44,Rhode Island,Apidra Solostar,Insulin Glulisine,10,34,54.3,30879.93,11,,17,33.5,20319.64,*,,42.5,2305.13,N,N,N,N,2019
State,45,South Carolina,Apidra Solostar,Insulin Glulisine,68,193,305.7,145328.36,66,,138,232.6,108528.68,,47,428.33,8073.82,N,N,N,N,2019
State,46,South Dakota,Apidra Solostar,Insulin Glulisine,7,18,37.7,13001.89,,#,,,,*,,496.86,1952.36,N,N,N,N,2019
State,47,Tennessee,Apidra Solostar,Insulin Glulisine,55,188,300,172169.12,59,,138,232.4,112228.53,,41,434.79,12079.25,N,N,N,N,2019
State,48,Texas,Apidra Solostar,Insulin Glulisine,234,729,1167.8,648729.52,230,,522,837.3,456213.7,,160,1937.11,45445.11,N,N,N,N,2019
State,49,Utah,Apidra Solostar,Insulin Glulisine,11,26,48.7,19307.88,11,#,,,,*,,234.24,3071.67,N,N,N,N,2019
State,50,Vermont,Apidra Solostar,Insulin Glulisine,9,33,64,27742.58,,,22,50,23152.83,*,,232,1570.9,N,N,N,N,2019
State,51,Virginia,Apidra Solostar,Insulin Glulisine,99,249,424.2,188675.78,89,,185,342.8,150945.75,,67,860.78,12494.79,N,N,N,N,2019
State,53,Washington,Apidra Solostar,Insulin Glulisine,101,381,543.7,266501.36,92,,254,387.6,168900.87,,62,1111.43,10438.76,N,N,N,N,2019
State,54,West Virginia,Apidra Solostar,Insulin Glulisine,40,169,252.3,152676.33,36,,121,173.7,84572.52,#,,127.9,8878.74,N,N,N,N,2019
State,55,Wisconsin,Apidra Solostar,Insulin Glulisine,36,142,232.1,159520.75,32,,100,180.8,106008.77,#,,189.2,7039.67,N,N,N,N,2019
State,72,Puerto Rico,Apidra Solostar,Insulin Glulisine,36,127,162.5,94461.95,29,,82,108.3,50651.64,#,,77.9,2663.25,N,N,N,N,2019
National,,National,Fiasp,Insulin Aspart (Niacinamide),2076,8243,13634.6,8960477.61,2421,,4960,8583.5,5240676.02,,1498,21159.39,545770.84,N,N,N,N,2020
State,01,Alabama,Fiasp,Insulin Aspart (Niacinamide),32,113,214.5,154180.18,35,,52,111.3,72425.09,,18,312.55,8266.24,N,N,N,N,2020
State,04,Arizona,Fiasp,Insulin Aspart (Niacinamide),34,144,231.1,124921.48,40,,99,170,87015.98,,29,204.9,10970.63,N,N,N,N,2020
State,05,Arkansas,Fiasp,Insulin Aspart (Niacinamide),16,94,102,77391.84,18,,36,42.2,23458.87,*,,162.7,3829.81,N,N,N,N,2020
State,06,California,Fiasp,Insulin Aspart (Niacinamide),162,615,994.4,598268.21,181,,436,758.5,444956.88,,129,784.4,43455.54,N,N,N,N,2020
State,08,Colorado,Fiasp,Insulin Aspart (Niacinamide),39,144,262.5,155146.35,45,,73,138.2,72113.59,,26,1001.21,12570.03,N,N,N,N,2020
State,09,Connecticut,Fiasp,Insulin Aspart (Niacinamide),20,82,139.9,92857.51,23,,44,71.5,44456.49,,12,279.5,2576.86,N,N,N,N,2020
State,10,Delaware,Fiasp,Insulin Aspart (Niacinamide),7,16,35.7,24433.42,,#,,,,*,,0,2392.81,N,N,N,N,2020
State,12,Florida,Fiasp,Insulin Aspart (Niacinamide),212,708,1441.5,903561.29,262,,495,1039,591682.6,,173,1171.92,43366.47,N,N,N,N,2020
State,13,Georgia,Fiasp,Insulin Aspart (Niacinamide),92,322,512.3,317559.77,99,,156,266.9,151150.22,,53,1066.02,20944.89,N,N,N,N,2020
State,16,Idaho,Fiasp,Insulin Aspart (Niacinamide),13,60,111.3,67599.37,15,,37,61,33523.74,*,,123,5149.32,N,N,N,N,2020
State,17,Illinois,Fiasp,Insulin Aspart (Niacinamide),73,250,362.6,246536.22,77,,125,210.8,126527,,43,219.35,13197,N,N,N,N,2020
State,18,Indiana,Fiasp,Insulin Aspart (Niacinamide),47,164,303.2,225171.12,57,,81,144.7,102500.74,,27,327,8693.05,N,N,N,N,2020
State,19,Iowa,Fiasp,Insulin Aspart (Niacinamide),11,45,60.2,28486.78,11,,29,40.8,14615.55,*,,37.4,2836,N,N,N,N,2020
State,20,Kansas,Fiasp,Insulin Aspart (Niacinamide),32,109,158.4,114767.92,33,,73,109.3,74993.97,#,,312.73,11029.95,N,N,N,N,2020
State,21,Kentucky,Fiasp,Insulin Aspart (Niacinamide),28,113,153.2,115519.08,40,,81,103.6,70209.89,,25,280.19,5875.95,N,N,N,N,2020
State,22,Louisiana,Fiasp,Insulin Aspart (Niacinamide),40,137,191.9,119893,42,,69,93.1,63618.05,,22,298,7584.14,N,N,N,N,2020
State,23,Maine,Fiasp,Insulin Aspart (Niacinamide),8,36,52.7,35179.28,,#,,,,*,,9.75,0,N,N,N,N,2020
State,24,Maryland,Fiasp,Insulin Aspart (Niacinamide),34,134,293.4,177323.89,43,,96,201.3,115929.8,,26,851.93,9852.06,N,N,N,N,2020
State,25,Massachusetts,Fiasp,Insulin Aspart (Niacinamide),47,176,235.4,122562.15,46,,99,143.6,70274,,29,282.9,4162.73,N,N,N,N,2020
State,26,Michigan,Fiasp,Insulin Aspart (Niacinamide),58,185,334.7,177200.69,68,,90,183.1,100518.42,,31,678.35,12977,N,N,N,N,2020
State,27,Minnesota,Fiasp,Insulin Aspart (Niacinamide),29,86,172.8,108727.65,33,,65,132.1,85789.65,#,,29.6,7786.93,N,N,N,N,2020
State,28,Mississippi,Fiasp,Insulin Aspart (Niacinamide),34,219,289.2,261269.71,41,,61,86.4,73037.73,,16,458.45,7226.46,N,N,N,N,2020
State,29,Missouri,Fiasp,Insulin Aspart (Niacinamide),59,269,405.3,268123.53,79,,164,246.6,142600.95,,47,375.74,16073.13,N,N,N,N,2020
State,30,Montana,Fiasp,Insulin Aspart (Niacinamide),9,34,67,41268.91,15,,13,24.6,13550.02,*,,81,1345.1,N,N,N,N,2020
State,31,Nebraska,Fiasp,Insulin Aspart (Niacinamide),16,89,110.5,58296.8,21,,62,69.4,30929.4,*,,27.3,4820.18,N,N,N,N,2020
State,32,Nevada,Fiasp,Insulin Aspart (Niacinamide),25,106,184.8,128868.3,31,,47,94.8,66757.12,,19,315.95,5600.89,N,N,N,N,2020
State,33,New Hampshire,Fiasp,Insulin Aspart (Niacinamide),11,41,75.4,58436.62,,,28,46.9,29354.26,*,,36.25,4207.99,N,N,N,N,2020
State,34,New Jersey,Fiasp,Insulin Aspart (Niacinamide),46,184,284,179558.32,54,,122,204.2,115419.3,,35,1166.84,13767.55,N,N,N,N,2020
State,35,New Mexico,Fiasp,Insulin Aspart (Niacinamide),27,81,128.1,54891.22,24,,58,92.8,37096.13,#,,134.2,5658.4,N,N,N,N,2020
State,36,New York,Fiasp,Insulin Aspart (Niacinamide),109,606,1051.9,821778.58,166,,394,690.4,510009.52,,108,1270.83,33905.52,N,N,N,N,2020
State,37,North Carolina,Fiasp,Insulin Aspart (Niacinamide),66,322,445.9,317264.82,78,,181,259.3,174359.58,,45,1603.36,19391.68,N,N,N,N,2020
State,38,North Dakota,Fiasp,Insulin Aspart (Niacinamide),11,77,107.4,63839.19,14,,34,49.3,31054.11,*,,15.6,9348.91,N,N,N,N,2020
State,39,Ohio,Fiasp,Insulin Aspart (Niacinamide),86,322,506.3,301624.43,92,,183,307.9,180611.38,,52,2276,17330.88,N,N,N,N,2020
State,40,Oklahoma,Fiasp,Insulin Aspart (Niacinamide),21,75,116.2,72460.65,23,,40,56,29597.03,#,,114.25,6981.47,N,N,N,N,2020
State,41,Oregon,Fiasp,Insulin Aspart (Niacinamide),23,74,106.3,57226.21,21,,43,66.2,32709.09,#,,385.65,2576.59,N,N,N,N,2020
State,42,Pennsylvania,Fiasp,Insulin Aspart (Niacinamide),80,375,585.5,407258.26,102,,250,418.7,248135.9,,74,856.31,29802.93,N,N,N,N,2020
State,44,Rhode Island,Fiasp,Insulin Aspart (Niacinamide),8,37,56.7,19121.37,,#,,,,*,,0,1288.72,N,N,N,N,2020
State,45,South Carolina,Fiasp,Insulin Aspart (Niacinamide),36,143,221,152424.57,41,,74,112.5,72833.63,,24,216.15,14003.38,N,N,N,N,2020
State,46,South Dakota,Fiasp,Insulin Aspart (Niacinamide),7,43,59.1,56308.21,,,18,30.9,15497.2,*,,60.35,2231.89,N,N,N,N,2020
State,47,Tennessee,Fiasp,Insulin Aspart (Niacinamide),49,204,330.6,244419.96,60,,104,179.8,123681.09,,33,1228.62,20929.79,N,N,N,N,2020
State,48,Texas,Fiasp,Insulin Aspart (Niacinamide),184,740,1431.3,950535.86,254,,492,962.6,617177.69,,176,1223.65,58467.16,N,N,N,N,2020
State,49,Utah,Fiasp,Insulin Aspart (Niacinamide),13,49,59.4,50430.34,14,,38,43.2,40783.83,*,,19.5,3941.06,N,N,N,N,2020
State,50,Vermont,Fiasp,Insulin Aspart (Niacinamide),3,16,16.1,15256.08,,*,,,,*,,17.9,0,N,N,N,N,2020
State,51,Virginia,Fiasp,Insulin Aspart (Niacinamide),38,115,188.8,132717.91,40,,64,106.3,72577.03,,22,354.75,8099.12,N,N,N,N,2020
State,53,Washington,Fiasp,Insulin Aspart (Niacinamide),30,98,127.9,68193.6,27,,46,69.9,32707.09,#,,53,5636.79,N,N,N,N,2020
State,54,West Virginia,Fiasp,Insulin Aspart (Niacinamide),18,61,98,75789.63,19,,31,54.1,44322.81,#,,300.79,3439,N,N,N,N,2020
State,55,Wisconsin,Fiasp,Insulin Aspart (Niacinamide),21,97,162.1,85200.93,26,,66,111.2,51502.51,#,,84.9,8863.82,N,N,N,N,2020
State,56,Wyoming,Fiasp,Insulin Aspart (Niacinamide),5,15,22.2,7836.93,,,15,22.2,7836.93,*,,26.85,1410.82,N,N,N,N,2020
National,,National,Fiasp Flextouch,Insulin Aspart (Niacinamide),6868,32809,54033.8,29337196.25,10047,,22695,38335.9,19545021.37,,7059,90527.3,1912086.54,N,N,N,N,2020
State,01,Alabama,Fiasp Flextouch,Insulin Aspart (Niacinamide),101,484,754.7,408134.65,152,,303,454.1,231153.18,,87,2463.07,20556.58,N,N,N,N,2020
State,02,Alaska,Fiasp Flextouch,Insulin Aspart (Niacinamide),17,48,86.9,40612.18,16,#,,,,#,,38.55,2252.25,N,N,N,N,2020
State,04,Arizona,Fiasp Flextouch,Insulin Aspart (Niacinamide),99,384,653,392962.44,131,,280,489.3,257554.05,,99,1450.03,30459.52,N,N,N,N,2020
State,05,Arkansas,Fiasp Flextouch,Insulin Aspart (Niacinamide),58,312,449.7,254644.69,89,,207,297.3,168888.57,,55,1025.94,18308.43,N,N,N,N,2020
State,06,California,Fiasp Flextouch,Insulin Aspart (Niacinamide),520,2488,4004.3,1959356.07,749,,1766,2939.5,1338454.79,,539,3806.14,118087.76,N,N,N,N,2020
State,08,Colorado,Fiasp Flextouch,Insulin Aspart (Niacinamide),56,225,388.3,176339.49,68,,202,353.7,165187.06,#,,148,18668.07,N,N,N,N,2020
State,09,Connecticut,Fiasp Flextouch,Insulin Aspart (Niacinamide),74,347,676.4,356531.95,116,,292,558.6,287211.99,,95,1097.73,21396.24,N,N,N,N,2020
State,10,Delaware,Fiasp Flextouch,Insulin Aspart (Niacinamide),17,62,118.3,52196.55,20,,42,75.7,35654.89,#,,39,2023.67,N,N,N,N,2020
State,11,District of Columbia,Fiasp Flextouch,Insulin Aspart (Niacinamide),20,59,117.4,58397.97,22,#,,,,#,,201.92,3843.92,N,N,N,N,2020
State,12,Florida,Fiasp Flextouch,Insulin Aspart (Niacinamide),532,2887,5133.1,2637417.34,965,,2044,3687.8,1738692.2,,709,8304.77,180823.89,N,N,N,N,2020
State,13,Georgia,Fiasp Flextouch,Insulin Aspart (Niacinamide),224,1061,1771.3,1022418.8,338,,671,1156.3,614313.68,,222,5116.29,62180.03,N,N,N,N,2020
State,15,Hawaii,Fiasp Flextouch,Insulin Aspart (Niacinamide),12,59,105.4,60816.85,19,#,,,,#,,15.6,3110.74,N,N,N,N,2020
State,16,Idaho,Fiasp Flextouch,Insulin Aspart (Niacinamide),27,103,173.2,80726.46,36,,69,110.7,48389.45,,24,93.85,9193.89,N,N,N,N,2020
State,17,Illinois,Fiasp Flextouch,Insulin Aspart (Niacinamide),266,1130,1904.5,1071404.62,349,,795,1357.6,774087.16,,245,3319.15,73780.95,N,N,N,N,2020
State,18,Indiana,Fiasp Flextouch,Insulin Aspart (Niacinamide),193,899,1432.5,865263.64,292,,620,959.4,498695.54,,187,2414.91,52862.07,N,N,N,N,2020
State,19,Iowa,Fiasp Flextouch,Insulin Aspart (Niacinamide),57,271,367.2,272873.66,65,,174,241.4,174408.48,,45,503.53,19770.9,N,N,N,N,2020
State,20,Kansas,Fiasp Flextouch,Insulin Aspart (Niacinamide),124,838,1272.4,763917.65,217,,631,935.2,537082.66,,155,1704.52,68993.85,N,N,N,N,2020
State,21,Kentucky,Fiasp Flextouch,Insulin Aspart (Niacinamide),153,664,1015.1,577660.83,226,,386,615.2,337120.18,,138,3007.36,29436.9,N,N,N,N,2020
State,22,Louisiana,Fiasp Flextouch,Insulin Aspart (Niacinamide),134,613,910.2,500713.23,191,,395,572.9,305523.71,,124,1514.9,32169.88,N,N,N,N,2020
State,23,Maine,Fiasp Flextouch,Insulin Aspart (Niacinamide),20,84,136.3,62341.13,29,,59,100.4,45616.63,#,,624.4,2773.13,N,N,N,N,2020
State,24,Maryland,Fiasp Flextouch,Insulin Aspart (Niacinamide),142,656,1300.3,619014.65,230,,505,1031.4,465741.93,,175,4054.24,40840.65,N,N,N,N,2020
State,25,Massachusetts,Fiasp Flextouch,Insulin Aspart (Niacinamide),120,521,883.9,457034.49,163,,377,670.6,303815.45,,115,641.13,20927.6,N,N,N,N,2020
State,26,Michigan,Fiasp Flextouch,Insulin Aspart (Niacinamide),198,706,1235.9,606755.51,248,,412,743.4,346870.71,,155,2207.62,38581.48,N,N,N,N,2020
State,27,Minnesota,Fiasp Flextouch,Insulin Aspart (Niacinamide),100,447,709.9,392728.81,118,,304,499.1,253344.3,,82,2300.69,25577.05,N,N,N,N,2020
State,28,Mississippi,Fiasp Flextouch,Insulin Aspart (Niacinamide),112,649,917.4,547958.54,185,,409,581.3,313264.77,,110,3783.3,24149.4,N,N,N,N,2020
State,29,Missouri,Fiasp Flextouch,Insulin Aspart (Niacinamide),157,1213,1811.5,1178820.42,359,,809,1274.1,807308.47,,250,2518.12,71684.21,N,N,N,N,2020
State,30,Montana,Fiasp Flextouch,Insulin Aspart (Niacinamide),25,123,203.3,131556.81,34,,82,155.5,89110.41,#,,546.43,8838.56,N,N,N,N,2020
State,31,Nebraska,Fiasp Flextouch,Insulin Aspart (Niacinamide),62,244,388.3,205422.12,71,,194,314.1,169600.65,,54,274.2,20268.75,N,N,N,N,2020
State,32,Nevada,Fiasp Flextouch,Insulin Aspart (Niacinamide),59,304,482.9,296022.96,87,,234,394.2,239127.99,,70,881.16,19294.3,N,N,N,N,2020
State,33,New Hampshire,Fiasp Flextouch,Insulin Aspart (Niacinamide),27,101,173,108480.58,29,,41,70.6,35672.92,,12,105.1,5209.88,N,N,N,N,2020
State,34,New Jersey,Fiasp Flextouch,Insulin Aspart (Niacinamide),177,870,1775.8,894473.73,312,,714,1503.2,750872.1,,258,1590.43,81871.12,N,N,N,N,2020
State,35,New Mexico,Fiasp Flextouch,Insulin Aspart (Niacinamide),64,284,457.1,232420.92,90,,217,350.3,161229.3,,68,792.16,13991.59,N,N,N,N,2020
State,36,New York,Fiasp Flextouch,Insulin Aspart (Niacinamide),503,2412,4106.1,2087134.76,748,,1771,3122.9,1475450.57,,559,3745.53,98014.72,N,N,N,N,2020
State,37,North Carolina,Fiasp Flextouch,Insulin Aspart (Niacinamide),245,1103,1703.8,875368.07,333,,702,1119.1,543033.79,,214,3517.32,59116.52,N,N,N,N,2020
State,38,North Dakota,Fiasp Flextouch,Insulin Aspart (Niacinamide),36,138,208.6,135013.82,38,,108,151.4,79451.96,,25,160.85,13776.64,N,N,N,N,2020
State,39,Ohio,Fiasp Flextouch,Insulin Aspart (Niacinamide),338,1617,2318.6,1326365.92,437,,1096,1601.3,859140.14,,291,5709.5,75039.53,N,N,N,N,2020
State,40,Oklahoma,Fiasp Flextouch,Insulin Aspart (Niacinamide),75,283,525.7,277963.27,108,,158,317.3,162627.13,,66,971.4,19084.91,N,N,N,N,2020
State,41,Oregon,Fiasp Flextouch,Insulin Aspart (Niacinamide),79,299,436.9,248112.77,93,,131,199.9,85529.21,,53,441.07,10093.2,N,N,N,N,2020
State,42,Pennsylvania,Fiasp Flextouch,Insulin Aspart (Niacinamide),315,1404,2379.8,1387421.3,417,,943,1669.6,872897.15,,302,2998.68,81352.15,N,N,N,N,2020
State,44,Rhode Island,Fiasp Flextouch,Insulin Aspart (Niacinamide),19,95,119.4,79762.28,26,,57,69.9,28459.26,#,,55.3,378.82,N,N,N,N,2020
State,45,South Carolina,Fiasp Flextouch,Insulin Aspart (Niacinamide),126,522,835.8,419094.92,167,,359,575.5,301719.86,,104,1394.32,36651.46,N,N,N,N,2020
State,46,South Dakota,Fiasp Flextouch,Insulin Aspart (Niacinamide),21,93,136.9,80440.03,28,,63,99.7,54700.34,#,,277.14,8246.1,N,N,N,N,2020
State,47,Tennessee,Fiasp Flextouch,Insulin Aspart (Niacinamide),185,1024,1665.1,1006178.14,310,,626,1031.3,599412.11,,197,3736.19,67972.33,N,N,N,N,2020
State,48,Texas,Fiasp Flextouch,Insulin Aspart (Niacinamide),501,2584,4488.4,2326200.4,858,,1838,3237,1603564.75,,619,6684.62,175598.08,N,N,N,N,2020
State,49,Utah,Fiasp Flextouch,Insulin Aspart (Niacinamide),37,116,182.7,105545.66,42,,70,107.7,49608.65,,30,154.2,5808.53,N,N,N,N,2020
State,50,Vermont,Fiasp Flextouch,Insulin Aspart (Niacinamide),11,38,85.2,42629.75,12,,22,58.6,25944.67,*,,198.15,169,N,N,N,N,2020
State,51,Virginia,Fiasp Flextouch,Insulin Aspart (Niacinamide),161,716,1172.4,595447.97,217,,544,921.6,461481.5,,164,1620.77,47830.65,N,N,N,N,2020
State,53,Washington,Fiasp Flextouch,Insulin Aspart (Niacinamide),94,385,626.4,295708.27,118,,265,437.2,186275.61,,85,749.22,29652.73,N,N,N,N,2020
State,54,West Virginia,Fiasp Flextouch,Insulin Aspart (Niacinamide),78,362,530,364150.65,116,,198,308.8,203850.39,,68,807.09,14342.06,N,N,N,N,2020
State,55,Wisconsin,Fiasp Flextouch,Insulin Aspart (Niacinamide),85,434,631.7,371777.13,106,,321,482.8,298561.63,,79,708.86,24303.47,N,N,N,N,2020
State,56,Wyoming,Fiasp Flextouch,Insulin Aspart (Niacinamide),7,30,47.4,16344.11,,#,,,,*,,12.85,1149.51,N,N,N,N,2020
State,72,Puerto Rico,Fiasp Flextouch,Insulin Aspart (Niacinamide),4,13,18.3,8224.49,,#,,,,*,,0,809.65,N,N,N,N,2020
National,,National,Fiasp Penfill,Insulin Aspart (Niacinamide),164,400,650.4,345965.2,172,,247,422.1,224679.77,,112,1249.38,23948.9,N,N,N,N,2020
State,06,California,Fiasp Penfill,Insulin Aspart (Niacinamide),23,82,125.7,78927.29,27,,50,85.2,53218.12,#,,59.65,3535.97,N,N,N,N,2020
State,08,Colorado,Fiasp Penfill,Insulin Aspart (Niacinamide),6,21,31.2,13330.47,,*,,,,*,,26.85,1307.19,N,N,N,N,2020
State,12,Florida,Fiasp Penfill,Insulin Aspart (Niacinamide),14,38,58.3,24575.75,15,,25,36.7,15861.33,#,,28.45,2178.92,N,N,N,N,2020
State,18,Indiana,Fiasp Penfill,Insulin Aspart (Niacinamide),5,17,18.4,17255.48,,*,,,,*,,284.85,421.71,N,N,N,N,2020
State,21,Kentucky,Fiasp Penfill,Insulin Aspart (Niacinamide),3,13,13.4,7091.21,,#,,,,*,,8.95,868.63,N,N,N,N,2020
State,25,Massachusetts,Fiasp Penfill,Insulin Aspart (Niacinamide),7,20,31.9,22634.57,,#,,,,*,,11.7,1875.6,N,N,N,N,2020
State,36,New York,Fiasp Penfill,Insulin Aspart (Niacinamide),10,19,29.7,13067.7,11,#,,,,*,,6.9,1000.44,N,N,N,N,2020
State,37,North Carolina,Fiasp Penfill,Insulin Aspart (Niacinamide),7,16,30.4,16392.2,,*,,,,*,,0,1352.97,N,N,N,N,2020
State,39,Ohio,Fiasp Penfill,Insulin Aspart (Niacinamide),8,11,16.1,8905.98,,*,,,,*,,16.75,357.66,N,N,N,N,2020
State,47,Tennessee,Fiasp Penfill,Insulin Aspart (Niacinamide),5,11,18.8,8967.58,,,11,18.8,8967.58,*,,0,1126.72,N,N,N,N,2020
State,48,Texas,Fiasp Penfill,Insulin Aspart (Niacinamide),17,50,88,55507.25,22,,38,64.6,46605.6,#,,658.88,3332.56,N,N,N,N,2020
State,53,Washington,Fiasp Penfill,Insulin Aspart (Niacinamide),9,15,29.1,10410.53,,#,,,,*,,0,1531.99,N,N,N,N,2020
National,,National,Lyumjev,Insulin Lispro-Aabc,109,196,336.8,193209.54,123,,124,220.2,119808.75,,83,191.6,11082.48,N,N,N,N,2020
State,06,California,Lyumjev,Insulin Lispro-Aabc,16,39,70.5,29923,24,,27,47.1,18174.12,#,,19.5,2316.17,N,N,N,N,2020
State,34,New Jersey,Lyumjev,Insulin Lispro-Aabc,6,19,39.7,17007.58,,#,,,,*,,3.9,832.78,N,N,N,N,2020
State,36,New York,Lyumjev,Insulin Lispro-Aabc,7,17,21.5,21826.13,,*,,,,*,,23.4,188.45,N,N,N,N,2020
State,37,North Carolina,Lyumjev,Insulin Lispro-Aabc,8,14,30.8,22015.8,,*,,,,*,,0,2682.05,N,N,N,N,2020
State,48,Texas,Lyumjev,Insulin Lispro-Aabc,13,15,25.6,17579.19,13,#,,,,*,,34.65,613.43,N,N,N,N,2020
National,,National,Lyumjev Kwikpen U-100,Insulin Lispro-Aabc,268,390,741.1,326193,299,,281,559.9,216717.38,,218,387.92,20317.03,N,N,N,N,2020
State,06,California,Lyumjev Kwikpen U-100,Insulin Lispro-Aabc,37,51,98.7,33995.96,43,#,,,,#,,15.6,2780.31,N,N,N,N,2020
State,12,Florida,Lyumjev Kwikpen U-100,Insulin Lispro-Aabc,22,31,66.3,31141.38,24,#,,,,#,,3.9,1187.83,N,N,N,N,2020
State,13,Georgia,Lyumjev Kwikpen U-100,Insulin Lispro-Aabc,10,14,24.4,12275.27,,#,,,,*,,0,908.14,N,N,N,N,2020
State,24,Maryland,Lyumjev Kwikpen U-100,Insulin Lispro-Aabc,4,12,23.7,15269.97,,*,,,,*,,17.9,653.22,N,N,N,N,2020
State,26,Michigan,Lyumjev Kwikpen U-100,Insulin Lispro-Aabc,9,19,36,15380.11,13,#,,,,*,,21.8,1149.31,N,N,N,N,2020
State,36,New York,Lyumjev Kwikpen U-100,Insulin Lispro-Aabc,17,21,38.7,18325.75,18,#,,,,#,,12.85,1277.38,N,N,N,N,2020
State,37,North Carolina,Lyumjev Kwikpen U-100,Insulin Lispro-Aabc,19,36,53.3,29805.74,26,#,,,,#,,20.65,2695.79,N,N,N,N,2020
State,39,Ohio,Lyumjev Kwikpen U-100,Insulin Lispro-Aabc,12,14,30.2,8804.7,12,#,,,,*,,0,1232.58,N,N,N,N,2020
State,42,Pennsylvania,Lyumjev Kwikpen U-100,Insulin Lispro-Aabc,8,14,20.8,10991.2,,*,,,,*,,16.75,572.08,N,N,N,N,2020
State,47,Tennessee,Lyumjev Kwikpen U-100,Insulin Lispro-Aabc,10,12,28.2,14624.55,,*,,,,*,,26.85,171.04,N,N,N,N,2020
State,48,Texas,Lyumjev Kwikpen U-100,Insulin Lispro-Aabc,30,44,94.8,43315.35,34,#,,,,#,,109.13,2581,N,N,N,N,2020
National,,National,Lyumjev Kwikpen U-200,Insulin Lispro-Aabc,23,41,63.4,49351.97,26,#,,,,#,,11.7,2054.71,N,N,N,N,2020
State,36,New York,Lyumjev Kwikpen U-200,Insulin Lispro-Aabc,6,12,20.8,16117.21,,*,,,,*,,0,417.4,N,N,N,N,2020
National,,National,Novolog,Insulin Aspart,95760,851587,1184102.1,595079036.16,202937,,596289,823641.3,385500830.73,,143102,2034933.93,28476644.17,N,N,N,N,2020
State,01,Alabama,Novolog,Insulin Aspart,1361,15274,19697.4,9794224.52,3656,,10333,12847.6,5715401.34,,2408,49112.31,436075.89,N,N,N,N,2020
State,02,Alaska,Novolog,Insulin Aspart,116,528,819.1,481101.63,149,,340,537.5,294286.99,,98,1299,16208.62,N,N,N,N,2020
State,04,Arizona,Novolog,Insulin Aspart,2225,16282,23857,11013841.28,4377,,11043,16408.3,7163487.63,,3040,36995.83,536402.82,N,N,N,N,2020
State,05,Arkansas,Novolog,Insulin Aspart,1260,13842,16458.3,7841552.81,3100,,9046,10525.1,4587691.53,,1979,38777.34,359225.82,N,N,N,N,2020
State,06,California,Novolog,Insulin Aspart,7986,66307,91458.1,40100021.95,15278,,48112,65829.2,27202432.94,,11166,122564.49,1109088.46,N,N,N,N,2020
State,08,Colorado,Novolog,Insulin Aspart,1197,7606,11486.8,5794029.42,1957,,5228,7978.3,3802950.07,,1357,15805.99,345524.53,N,N,N,N,2020
State,09,Connecticut,Novolog,Insulin Aspart,880,6835,10175.5,5189489.45,1903,,4998,7382.6,3519014.58,,1408,14575.53,214268.81,N,N,N,N,2020
State,10,Delaware,Novolog,Insulin Aspart,189,1208,1941.4,1052437.6,366,,801,1351.1,728990.99,,247,5051.49,64217.16,N,N,N,N,2020
State,11,District of Columbia,Novolog,Insulin Aspart,204,1224,1805.8,804218.09,351,,808,1160.1,446992.12,,232,2375.05,22246.29,N,N,N,N,2020
State,12,Florida,Novolog,Insulin Aspart,7604,76574,116031.1,57452335.86,20019,,57136,85102.8,39623309.37,,14817,153112.43,1542051.75,N,N,N,N,2020
State,13,Georgia,Novolog,Insulin Aspart,3340,32433,45758.3,22556202.46,8321,,21972,30560,14145613.91,,5566,109132.18,1107499.36,N,N,N,N,2020
State,15,Hawaii,Novolog,Insulin Aspart,139,782,1170.1,484449.22,208,,640,957.5,384096.34,,171,2734.89,29230.19,N,N,N,N,2020
State,16,Idaho,Novolog,Insulin Aspart,540,4217,5995.6,3241568.48,1041,,2854,4003.1,1927582.23,,715,12079.03,222770.17,N,N,N,N,2020
State,17,Illinois,Novolog,Insulin Aspart,3901,33321,45255.2,22754655.19,7947,,22513,30684.4,14335628.36,,5486,66981.7,1135156.22,N,N,N,N,2020
State,18,Indiana,Novolog,Insulin Aspart,2029,19329,26516.5,14262198.85,4680,,13495,18217.3,9151259.58,,3302,42655.38,779872.34,N,N,N,N,2020
State,19,Iowa,Novolog,Insulin Aspart,1380,17427,21139.4,10356788.74,3062,,13560,16395.8,7517746.39,,2360,40431.21,782088.03,N,N,N,N,2020
State,20,Kansas,Novolog,Insulin Aspart,1041,9888,12941.1,6990407.67,2097,,7469,9646.2,4792156.02,,1535,23988.44,527851.35,N,N,N,N,2020
State,21,Kentucky,Novolog,Insulin Aspart,1888,18734,24603.3,14382973.5,4543,,11887,15436.8,8096737.41,,2906,78020.97,539506.56,N,N,N,N,2020
State,22,Louisiana,Novolog,Insulin Aspart,1577,15202,19686,9924666.72,3834,,10441,13306.8,6341039.88,,2623,37962.26,469725.04,N,N,N,N,2020
State,23,Maine,Novolog,Insulin Aspart,682,5769,8122.8,4179122.05,1221,,4158,5709.3,2723281.62,,868,11764.64,132655.42,N,N,N,N,2020
State,24,Maryland,Novolog,Insulin Aspart,1574,10395,16449.8,8273797.15,3066,,6934,11106.2,5382066.66,,2115,39833.14,441392.48,N,N,N,N,2020
State,25,Massachusetts,Novolog,Insulin Aspart,2453,22845,34174.2,17388274.94,5373,,15138,22673.1,10720324.31,,3619,43148.81,536908.81,N,N,N,N,2020
State,26,Michigan,Novolog,Insulin Aspart,4728,40549,58445.9,29053342.53,10256,,25399,36810.8,17288996.68,,6480,101101.8,1339598.75,N,N,N,N,2020
State,27,Minnesota,Novolog,Insulin Aspart,1648,11537,17398.9,9473265.6,2769,,8406,12809.1,6379573.81,,2077,28483.27,758955.99,N,N,N,N,2020
State,28,Mississippi,Novolog,Insulin Aspart,1374,17313,21389.4,10293223.23,4006,,11565,14047.8,6017515.51,,2676,39785.46,406058.99,N,N,N,N,2020
State,29,Missouri,Novolog,Insulin Aspart,1926,23201,29224.4,14509485.43,5045,,15507,19560.8,8986921.28,,3437,42962.92,785493.67,N,N,N,N,2020
State,30,Montana,Novolog,Insulin Aspart,391,3183,4690.7,2313432.63,730,,2316,3425.2,1606925,,540,7268,161556.76,N,N,N,N,2020
State,31,Nebraska,Novolog,Insulin Aspart,740,7570,9475.5,4680643.88,1477,,5681,7056.6,3131517.93,,1085,18472.85,390485.44,N,N,N,N,2020
State,32,Nevada,Novolog,Insulin Aspart,626,3739,6162.5,3255928.17,1125,,2650,4401.6,2297519.17,,780,9470.37,150216.44,N,N,N,N,2020
State,33,New Hampshire,Novolog,Insulin Aspart,389,2721,4024.2,2041838.21,705,,1978,2886.9,1370547.24,,498,6001.94,135547.01,N,N,N,N,2020
State,34,New Jersey,Novolog,Insulin Aspart,1715,15216,21110.3,9923491.02,3711,,11440,15989.8,7284968.1,,2839,26770.61,513995.53,N,N,N,N,2020
State,35,New Mexico,Novolog,Insulin Aspart,679,4921,6834.3,3354874.8,1249,,3425,4762.6,2182673.14,,859,17440.19,166425.21,N,N,N,N,2020
State,36,New York,Novolog,Insulin Aspart,4378,32689,47304.6,26521633.33,8309,,23801,34532.5,18072447.16,,6214,60653.56,924464.32,N,N,N,N,2020
State,37,North Carolina,Novolog,Insulin Aspart,3106,26702,35586,18379571.12,6496,,17543,22949.1,10734866.67,,4305,82554.13,981020.29,N,N,N,N,2020
State,38,North Dakota,Novolog,Insulin Aspart,306,2948,3890.5,1941749.38,588,,2334,3057.7,1407053.95,,457,5915.41,174527.32,N,N,N,N,2020
State,39,Ohio,Novolog,Insulin Aspart,3561,37562,47922.8,23063555.1,8905,,25709,32735.4,14581893.47,,6191,78346.23,1202317.67,N,N,N,N,2020
State,40,Oklahoma,Novolog,Insulin Aspart,1322,13922,17219.5,8420779.82,3167,,9384,11515.4,5192742.94,,2164,27220.04,426041.26,N,N,N,N,2020
State,41,Oregon,Novolog,Insulin Aspart,1362,9524,12583.5,5939279.17,2167,,6305,8404.9,3663254.5,,1490,22233.65,308892.47,N,N,N,N,2020
State,42,Pennsylvania,Novolog,Insulin Aspart,4550,50709,69257.9,34116294.41,11166,,38390,51944.8,23894493.6,,8459,87068.73,1758259.28,N,N,N,N,2020
State,44,Rhode Island,Novolog,Insulin Aspart,291,2546,3488.9,1620459.05,567,,1698,2249.4,980924.4,,382,4477.93,55123.74,N,N,N,N,2020
State,45,South Carolina,Novolog,Insulin Aspart,1393,9244,13236.4,6940364.68,2499,,6159,8597.6,4168932.59,,1647,31150.96,431510.76,N,N,N,N,2020
State,46,South Dakota,Novolog,Insulin Aspart,326,3522,4656.5,2433465.52,759,,2607,3416,1624720.8,,570,7135.09,223486.91,N,N,N,N,2020
State,47,Tennessee,Novolog,Insulin Aspart,2907,24014,34007,19278704.86,6541,,15757,22173.5,11360592.76,,4331,91914.83,1075456.96,N,N,N,N,2020
State,48,Texas,Novolog,Insulin Aspart,6017,47585,69455.1,35948712.83,13199,,35184,50794.3,25147735.79,,9635,125538.98,2098025.48,N,N,N,N,2020
State,49,Utah,Novolog,Insulin Aspart,724,5433,7794.3,4208285.28,1471,,3530,5201.3,2726893.72,,1010,13920.79,318234.42,N,N,N,N,2020
State,50,Vermont,Novolog,Insulin Aspart,165,1230,1939.4,1167727.46,308,,879,1392.9,750543.39,,213,3897.12,60011.06,N,N,N,N,2020
State,51,Virginia,Novolog,Insulin Aspart,2270,17396,24914.3,12662229.41,4577,,11468,15814.1,7327926.39,,3014,51075.97,687027.77,N,N,N,N,2020
State,53,Washington,Novolog,Insulin Aspart,2003,12700,18014.2,9122412.92,3238,,8487,12037.9,5650884.19,,2146,43672.87,553626.96,N,N,N,N,2020
State,54,West Virginia,Novolog,Insulin Aspart,831,8381,11758.8,6650388.76,1983,,5557,7767,3986797.07,,1344,24946.41,252854.64,N,N,N,N,2020
State,55,Wisconsin,Novolog,Insulin Aspart,1660,13400,18427.6,9468010.52,3004,,9896,13617.1,6453389.3,,2224,21339.54,670125.74,N,N,N,N,2020
State,56,Wyoming,Novolog,Insulin Aspart,177,1319,1716.8,839333,279,,997,1308.1,592758.51,,212,2748.08,60430.57,N,N,N,N,2020
State,66,Guam,Novolog,Insulin Aspart,2,12,15.2,5387.32,,*,,,,*,,0,666.38,N,N,N,N,2020
State,72,Puerto Rico,Novolog,Insulin Aspart,609,4577,6336,2978945.42,1002,,3225,4407.4,1959762.06,,724,2123.5,46971.64,N,N,N,N,2020
State,9B,Armed Forces Europe,Novolog,Insulin Aspart,2,112,122.6,85822.16,18,,36,40.6,22877.33,*,,162.9,3660.12,N,N,N,N,2020
State,9C,Armed Forces Pacific,Novolog,Insulin Aspart,2,45,81.3,41907.42,13,,25,46.6,24966.94,*,,621.54,3204.73,N,N,N,N,2020
State,9D,Unknown,Novolog,Insulin Aspart,4,13,36.4,14335.37,,*,,,,*,,7.5,1383.92,N,N,N,N,2020
State,9E,Foreign Country,Novolog,Insulin Aspart,6,20,23.8,7079.39,,#,,,,*,,3.9,734.85,N,N,N,N,2020
National,,National,Novolog Flexpen,Insulin Aspart,187243,2265355,3642824.9,1843874382.6,585230,,1590896,2598555.9,1240101549.5,,417378,5878707.03,93348325.01,N,N,N,N,2020
State,01,Alabama,Novolog Flexpen,Insulin Aspart,2499,27712,45990.4,24247201.73,8215,,16817,28000.6,13828220.53,,5000,106111.56,1125944.14,N,N,N,N,2020
State,02,Alaska,Novolog Flexpen,Insulin Aspart,348,2253,3816.2,2067858.55,681,,1474,2609.2,1395187.71,,464,6528.46,52898.41,N,N,N,N,2020
State,04,Arizona,Novolog Flexpen,Insulin Aspart,3050,24884,42597.5,20992010.11,7740,,17793,31545.7,14977295.66,,5635,63968.24,1380589.24,N,N,N,N,2020
State,05,Arkansas,Novolog Flexpen,Insulin Aspart,1812,20860,31384.5,18360552.98,5600,,12292,18864.1,10100051.31,,3397,70887.65,939215.53,N,N,N,N,2020
State,06,California,Novolog Flexpen,Insulin Aspart,13955,156506,248927.7,110301088.07,38639,,114103,183658.2,77392416.52,,28527,313483.92,3078601.61,N,N,N,N,2020
State,08,Colorado,Novolog Flexpen,Insulin Aspart,2336,17487,29350.4,13867502.16,5068,,11705,20054.5,8864288.41,,3434,49282.59,753285.62,N,N,N,N,2020
State,09,Connecticut,Novolog Flexpen,Insulin Aspart,2223,23771,43294.9,21140928.26,6942,,16207,30641.3,14269371.44,,4925,65376.61,836716.43,N,N,N,N,2020
State,10,Delaware,Novolog Flexpen,Insulin Aspart,587,6001,10954.8,5863167.73,1856,,4199,7926.7,4006430.79,,1313,19981.8,351513,N,N,N,N,2020
State,11,District of Columbia,Novolog Flexpen,Insulin Aspart,531,3645,6650.4,2961351.47,1189,,2298,4287.5,1724074.57,,750,13026.83,98948.85,N,N,N,N,2020
State,12,Florida,Novolog Flexpen,Insulin Aspart,11794,139661,233391.9,112442251.25,39771,,101371,169867.4,77418257.09,,28958,420401.6,4568173.16,N,N,N,N,2020
State,13,Georgia,Novolog Flexpen,Insulin Aspart,5065,70232,111941.4,54430121.02,19065,,48931,77806.9,35467619.06,,13179,246100.15,2740299.53,N,N,N,N,2020
State,15,Hawaii,Novolog Flexpen,Insulin Aspart,587,5078,10620.1,4817489.49,1600,,3955,8584.1,3709903.21,,1263,13335.35,240868.75,N,N,N,N,2020
State,16,Idaho,Novolog Flexpen,Insulin Aspart,1026,12032,18216.6,9166445.31,3177,,8529,13176.8,6219908.08,,2279,30074.94,615726.14,N,N,N,N,2020
State,17,Illinois,Novolog Flexpen,Insulin Aspart,7068,80691,133010.2,69973775.1,21619,,57245,96554.9,47806205.49,,15622,188445.53,3839247.06,N,N,N,N,2020
State,18,Indiana,Novolog Flexpen,Insulin Aspart,4202,60463,98953.7,55677354.08,16341,,42070,69221.6,36251138.29,,11461,144401.3,3095658.64,N,N,N,N,2020
State,19,Iowa,Novolog Flexpen,Insulin Aspart,2386,40555,59278.2,32325087.32,8867,,31631,46877.8,24242965.4,,6890,85671.83,2969748.38,N,N,N,N,2020
State,20,Kansas,Novolog Flexpen,Insulin Aspart,2192,38867,57366,32086126.53,8894,,28200,41934.2,21747368.36,,6448,99444.7,2252445.65,N,N,N,N,2020
State,21,Kentucky,Novolog Flexpen,Insulin Aspart,3289,48000,72471.8,41731868.8,12456,,31204,47803.7,25568363.13,,8094,200283.77,1674815.63,N,N,N,N,2020
State,22,Louisiana,Novolog Flexpen,Insulin Aspart,2814,36569,57152.6,27380561.07,10669,,24685,38267.4,17720593.63,,7260,101945.26,1161924.49,N,N,N,N,2020
State,23,Maine,Novolog Flexpen,Insulin Aspart,1122,9481,16425.8,9282361.47,2717,,6668,11528.1,6005613.47,,1865,21435.52,329437.6,N,N,N,N,2020
State,24,Maryland,Novolog Flexpen,Insulin Aspart,3386,34123,61718.1,28451391.27,10468,,24678,45467.8,20126502.49,,7639,104605.56,1638593.39,N,N,N,N,2020
State,25,Massachusetts,Novolog Flexpen,Insulin Aspart,4404,49231,85211.6,43011470.29,13116,,31834,57423.9,27414624.83,,8904,92292.33,1533515.92,N,N,N,N,2020
State,26,Michigan,Novolog Flexpen,Insulin Aspart,7876,90949,155461.2,78609869.03,25501,,62256,109483.5,52734088.87,,17892,225355.44,3879984.79,N,N,N,N,2020
State,27,Minnesota,Novolog Flexpen,Insulin Aspart,4989,60125,95850.5,50782294.79,15131,,43772,71462.2,35712783.97,,11350,136296.71,3773049.82,N,N,N,N,2020
State,28,Mississippi,Novolog Flexpen,Insulin Aspart,1915,28570,43729.4,24112737.48,7830,,17063,26270.1,13319064.41,,4712,94965.96,1054652.25,N,N,N,N,2020
State,29,Missouri,Novolog Flexpen,Insulin Aspart,4368,68224,99739.6,52749318.41,16933,,43404,64333.4,31249966.22,,11088,166939.28,2680809.42,N,N,N,N,2020
State,30,Montana,Novolog Flexpen,Insulin Aspart,775,8418,13118.2,6580531.87,2169,,6018,9583.7,4556983.38,,1566,20514.57,460496.33,N,N,N,N,2020
State,31,Nebraska,Novolog Flexpen,Insulin Aspart,1472,19797,28832.6,14212329.04,4548,,14913,22092.2,10514471.19,,3473,35408.59,1243754.33,N,N,N,N,2020
State,32,Nevada,Novolog Flexpen,Insulin Aspart,1262,13068,21991.9,10825797.24,3792,,9412,16220.9,7749508.33,,2779,36924.64,580232.56,N,N,N,N,2020
State,33,New Hampshire,Novolog Flexpen,Insulin Aspart,802,7055,11301,6185102.58,2034,,4807,7670.2,3889628.28,,1369,20248.56,332882.58,N,N,N,N,2020
State,34,New Jersey,Novolog Flexpen,Insulin Aspart,3940,49838,83083.1,38612062.27,12651,,38615,65698.7,29449517.4,,10019,96633.32,2348439.3,N,N,N,N,2020
State,35,New Mexico,Novolog Flexpen,Insulin Aspart,1270,11904,18363.6,9085011.77,3381,,7720,11996.4,5574365.21,,2221,43494.68,359778.77,N,N,N,N,2020
State,36,New York,Novolog Flexpen,Insulin Aspart,14521,181508,290138.5,136426536.99,44120,,135191,221260.4,99414527.41,,33552,373648.96,4282046.08,N,N,N,N,2020
State,37,North Carolina,Novolog Flexpen,Insulin Aspart,6769,86404,131869.4,65719400.39,22876,,55905,85384.2,39170920.66,,14927,307667.61,3062114.1,N,N,N,N,2020
State,38,North Dakota,Novolog Flexpen,Insulin Aspart,740,13855,21268.3,11402108.98,3227,,10633,16715.4,8390856.44,,2497,38082.68,969871.42,N,N,N,N,2020
State,39,Ohio,Novolog Flexpen,Insulin Aspart,7778,99748,152064.7,78122664.9,26914,,67239,104789.6,50954688.14,,18413,232536.66,4404022.43,N,N,N,N,2020
State,40,Oklahoma,Novolog Flexpen,Insulin Aspart,2514,36736,53681.7,29645011.56,9456,,24106,35630.4,18457736.63,,6258,90629.43,1598248.03,N,N,N,N,2020
State,41,Oregon,Novolog Flexpen,Insulin Aspart,2279,17763,27152.1,13703186.54,4836,,11937,18477.5,8690507.31,,3325,43723.85,719840.24,N,N,N,N,2020
State,42,Pennsylvania,Novolog Flexpen,Insulin Aspart,10362,148674,242687.2,121207303.3,37670,,108977,181410.9,86720956.59,,28014,304698,6637403.75,N,N,N,N,2020
State,44,Rhode Island,Novolog Flexpen,Insulin Aspart,590,4794,7729.6,3763138.45,1285,,3148,5126.2,2369241.12,,875,8177.28,157181.63,N,N,N,N,2020
State,45,South Carolina,Novolog Flexpen,Insulin Aspart,3266,38938,62696.4,31359480.71,11157,,24830,40495.4,18695216.17,,7255,126017.31,1654246.42,N,N,N,N,2020
State,46,South Dakota,Novolog Flexpen,Insulin Aspart,723,12052,17125,9484320.85,2852,,9216,13288.4,6988270.07,,2196,28994.61,767929.48,N,N,N,N,2020
State,47,Tennessee,Novolog Flexpen,Insulin Aspart,4171,47384,76496.1,42709431.25,14031,,33731,54981.6,28811278.49,,10010,151143.51,2548223.67,N,N,N,N,2020
State,48,Texas,Novolog Flexpen,Insulin Aspart,11509,123883,211460.4,109501935.64,37047,,88943,152948.9,75481162.38,,26768,367668.18,5745577.83,N,N,N,N,2020
State,49,Utah,Novolog Flexpen,Insulin Aspart,1133,8963,15192,8727950.92,2882,,6530,11349.5,6356470.73,,2152,19766.87,694197.19,N,N,N,N,2020
State,50,Vermont,Novolog Flexpen,Insulin Aspart,511,5099,8668.2,4981962.07,1394,,3676,6176.7,3211221.05,,978,11227.7,174461.26,N,N,N,N,2020
State,51,Virginia,Novolog Flexpen,Insulin Aspart,4333,50851,82836,40293568.08,13951,,34130,55962.2,24889162.12,,9361,144920.67,2102006.99,N,N,N,N,2020
State,53,Washington,Novolog Flexpen,Insulin Aspart,3975,31744,50547.1,26155435.33,8666,,22256,36259.6,17719455.17,,6115,87716.56,1645101.37,N,N,N,N,2020
State,54,West Virginia,Novolog Flexpen,Insulin Aspart,1767,28587,46075.9,24856296,7918,,19611,31915.2,16342386.49,,5486,92079.07,847750.64,N,N,N,N,2020
State,55,Wisconsin,Novolog Flexpen,Insulin Aspart,4171,56070,85819.7,49051093.49,13709,,40601,63004.3,33457128.04,,9952,102795.7,3111796.77,N,N,N,N,2020
State,56,Wyoming,Novolog Flexpen,Insulin Aspart,356,3155,4617.5,2175573.11,824,,2263,3376.2,1533258.88,,605,7391.61,159886.17,N,N,N,N,2020
State,66,Guam,Novolog Flexpen,Insulin Aspart,5,20,34.8,11777.05,,#,,,,*,,42.45,1851.06,N,N,N,N,2020
State,72,Puerto Rico,Novolog Flexpen,Insulin Aspart,369,2538,3592,1758004.91,632,,1720,2455.9,1107751.17,,432,4271.23,49548.99,N,N,N,N,2020
State,78,Virgin Islands,Novolog Flexpen,Insulin Aspart,20,66,100.7,65979.9,21,,48,76.7,43966.35,#,,512.22,5327.87,N,N,N,N,2020
State,9B,Armed Forces Europe,Novolog Flexpen,Insulin Aspart,5,215,288.4,186842.03,59,,145,194.6,113338.17,,40,383.6,8975.87,N,N,N,N,2020
State,9C,Armed Forces Pacific,Novolog Flexpen,Insulin Aspart,9,137,239.7,119495.08,52,,98,174.6,89588.47,,36,345.48,4521.61,N,N,N,N,2020
State,9D,Unknown,Novolog Flexpen,Insulin Aspart,5,63,146.6,57610.21,24,,46,105,42214.94,#,,218.64,3186.75,N,N,N,N,2020
State,9E,Foreign Country,Novolog Flexpen,Insulin Aspart,12,38,72.6,38352.27,17,,22,41,22151.11,*,,105.55,760.07,N,N,N,N,2020
National,,National,Insulin Aspart,Insulin Aspart,14653,53344,60074.3,11783515.36,24799,,41273,46021.8,8607224.71,,19048,60781.88,591858.13,N,N,N,N,2020
State,01,Alabama,Insulin Aspart,Insulin Aspart,126,335,381,76710.09,192,,202,231.6,43744.32,,108,900.68,7718.52,N,N,N,N,2020
State,02,Alaska,Insulin Aspart,Insulin Aspart,23,57,97.8,20522.8,26,#,,,,#,,67.55,1227.41,N,N,N,N,2020
State,04,Arizona,Insulin Aspart,Insulin Aspart,225,568,637.9,134631.45,307,,438,485.3,97474.81,,227,631.02,4412.78,N,N,N,N,2020
State,05,Arkansas,Insulin Aspart,Insulin Aspart,193,1267,1295.3,222213.57,471,,994,1003.3,169289.54,,368,1456.22,4890.68,N,N,N,N,2020
State,06,California,Insulin Aspart,Insulin Aspart,918,2822,3144.9,572118.39,1383,,2254,2502.5,444432.25,,1110,1960.67,20708.22,N,N,N,N,2020
State,08,Colorado,Insulin Aspart,Insulin Aspart,130,271,334.7,79798.5,139,,197,242.3,53764.3,,100,382.59,5010.63,N,N,N,N,2020
State,09,Connecticut,Insulin Aspart,Insulin Aspart,146,527,567.5,97929.39,268,,429,460.4,78108.61,,218,335.16,2085.33,N,N,N,N,2020
State,10,Delaware,Insulin Aspart,Insulin Aspart,26,86,94.3,18534.81,44,,66,74.3,14896.26,#,,48.82,1193.52,N,N,N,N,2020
State,11,District of Columbia,Insulin Aspart,Insulin Aspart,19,62,75.5,13607.97,38,,48,61.4,11431.75,#,,24.55,1473.18,N,N,N,N,2020
State,12,Florida,Insulin Aspart,Insulin Aspart,1514,7954,8881.7,1644587.56,3273,,6525,7151.8,1287838.28,,2682,10891.94,46566.33,N,N,N,N,2020
State,13,Georgia,Insulin Aspart,Insulin Aspart,354,892,1035.6,221970.24,511,,663,766.4,154761.12,,369,1382.29,15620.49,N,N,N,N,2020
State,15,Hawaii,Insulin Aspart,Insulin Aspart,16,67,67,12707.48,24,#,,,,#,,0,616.96,N,N,N,N,2020
State,16,Idaho,Insulin Aspart,Insulin Aspart,120,357,464.4,133023.08,146,,241,322,83286.66,,103,439.32,10494,N,N,N,N,2020
State,17,Illinois,Insulin Aspart,Insulin Aspart,760,2762,2919.7,474137.43,1297,,2024,2120.5,343193.05,,985,1057.1,20596.72,N,N,N,N,2020
State,18,Indiana,Insulin Aspart,Insulin Aspart,402,1640,1723,314083.31,794,,1242,1293.1,221881.07,,586,2060.49,15003.64,N,N,N,N,2020
State,19,Iowa,Insulin Aspart,Insulin Aspart,219,611,657.7,128130.31,304,,466,500,88510.73,,243,919.94,13909.67,N,N,N,N,2020
State,20,Kansas,Insulin Aspart,Insulin Aspart,122,332,348.5,73664.87,177,,278,292.5,57535.21,,142,453,6503.51,N,N,N,N,2020
State,21,Kentucky,Insulin Aspart,Insulin Aspart,270,1052,1118.6,239684.37,494,,809,853.9,159638.82,,372,1746.43,11967.98,N,N,N,N,2020
State,22,Louisiana,Insulin Aspart,Insulin Aspart,133,326,364.3,67880.06,200,,221,250,47624.21,,139,323.2,2172.17,N,N,N,N,2020
State,23,Maine,Insulin Aspart,Insulin Aspart,91,200,235.4,56189.27,110,,133,155.3,32794.15,,73,224.25,2941.68,N,N,N,N,2020
State,24,Maryland,Insulin Aspart,Insulin Aspart,195,643,692.3,122033.4,342,,447,484.2,80540.87,,241,945.53,4835.35,N,N,N,N,2020
State,25,Massachusetts,Insulin Aspart,Insulin Aspart,288,1011,1065.6,180431.26,484,,859,905.6,153493.48,,394,828.59,5672.47,N,N,N,N,2020
State,26,Michigan,Insulin Aspart,Insulin Aspart,668,2917,3206.6,592922.86,1309,,2237,2443.7,428076.29,,987,2941.5,24226.43,N,N,N,N,2020
State,27,Minnesota,Insulin Aspart,Insulin Aspart,234,672,785.7,170087.13,278,,545,632.4,135488.86,,214,472.27,8963.31,N,N,N,N,2020
State,28,Mississippi,Insulin Aspart,Insulin Aspart,213,818,856,164520.18,454,,629,653.2,114715.45,,343,956.35,6639.7,N,N,N,N,2020
State,29,Missouri,Insulin Aspart,Insulin Aspart,286,1183,1328.8,259770.99,589,,886,995.5,194386.04,,439,983.26,17805.99,N,N,N,N,2020
State,30,Montana,Insulin Aspart,Insulin Aspart,41,106,124.7,23093.41,50,,94,111.5,20339.98,#,,74.35,2751.08,N,N,N,N,2020
State,31,Nebraska,Insulin Aspart,Insulin Aspart,72,144,156.8,31927.82,80,,117,127.4,25213.43,,65,101.38,4605.42,N,N,N,N,2020
State,32,Nevada,Insulin Aspart,Insulin Aspart,96,284,368.9,76391.81,132,,214,275.6,53247.26,,97,392.42,3600.51,N,N,N,N,2020
State,33,New Hampshire,Insulin Aspart,Insulin Aspart,62,196,210.1,38624.18,88,,155,165.1,29638.76,,71,108.2,1942.06,N,N,N,N,2020
State,34,New Jersey,Insulin Aspart,Insulin Aspart,269,760,828.7,153811.23,424,,606,664.9,119989,,338,963.21,5290.95,N,N,N,N,2020
State,35,New Mexico,Insulin Aspart,Insulin Aspart,89,263,346,79427.18,129,,195,258.5,54236.88,,97,416.61,6497.93,N,N,N,N,2020
State,36,New York,Insulin Aspart,Insulin Aspart,738,2202,2380.6,466154.32,1184,,1752,1860.1,341759.58,,944,2205.26,17299.03,N,N,N,N,2020
State,37,North Carolina,Insulin Aspart,Insulin Aspart,289,1101,1211.6,236119.4,502,,809,878.4,167518.64,,353,1133.3,12221.04,N,N,N,N,2020
State,38,North Dakota,Insulin Aspart,Insulin Aspart,39,103,119.5,22808.22,58,,88,104,18120.8,#,,142.87,2774.35,N,N,N,N,2020
State,39,Ohio,Insulin Aspart,Insulin Aspart,703,2596,2793,545431.2,1272,,1885,1999,362693.4,,924,3179.24,24814.46,N,N,N,N,2020
State,40,Oklahoma,Insulin Aspart,Insulin Aspart,110,324,352.4,64630.5,208,,248,264.8,45334.06,,154,210.46,3816.74,N,N,N,N,2020
State,41,Oregon,Insulin Aspart,Insulin Aspart,401,1174,1401.6,265121.75,529,,938,1127.1,207496.41,,401,1367.17,24159.66,N,N,N,N,2020
State,42,Pennsylvania,Insulin Aspart,Insulin Aspart,791,3227,3832.6,789501.85,1372,,2587,3062.2,592305.53,,1112,3628.5,44112.09,N,N,N,N,2020
State,44,Rhode Island,Insulin Aspart,Insulin Aspart,40,159,166,28980.98,70,,146,152.9,26664.26,#,,398.82,486,N,N,N,N,2020
State,45,South Carolina,Insulin Aspart,Insulin Aspart,135,511,579.6,107703.45,229,,397,451.5,79808.02,,180,1020.02,5296.7,N,N,N,N,2020
State,46,South Dakota,Insulin Aspart,Insulin Aspart,56,141,146.6,26707.64,73,,95,100.1,16763.37,,50,92.4,6674.81,N,N,N,N,2020
State,47,Tennessee,Insulin Aspart,Insulin Aspart,683,2276,3043.8,788005.54,1013,,1424,1862.8,451496.14,,663,5788.15,64085.07,N,N,N,N,2020
State,48,Texas,Insulin Aspart,Insulin Aspart,1049,4304,4711.2,868411.34,2034,,3423,3699.4,667358.27,,1593,3303.09,43247.95,N,N,N,N,2020
State,49,Utah,Insulin Aspart,Insulin Aspart,174,486,716.2,223718.91,243,,325,492.7,148713.46,,167,133.3,7164.34,N,N,N,N,2020
State,50,Vermont,Insulin Aspart,Insulin Aspart,36,77,97.2,26601.25,40,,58,74.4,22225.56,,29,13.7,703.65,N,N,N,N,2020
State,51,Virginia,Insulin Aspart,Insulin Aspart,271,868,987.7,194082.49,406,,627,691.7,125304.82,,295,640.86,6917.85,N,N,N,N,2020
State,53,Washington,Insulin Aspart,Insulin Aspart,258,671,753.3,138283.5,381,,507,563.3,95445.16,,278,1283.8,6494.44,N,N,N,N,2020
State,54,West Virginia,Insulin Aspart,Insulin Aspart,103,378,416.6,81675.46,175,,303,333.6,62923.34,,137,276.61,3991.73,N,N,N,N,2020
State,55,Wisconsin,Insulin Aspart,Insulin Aspart,421,1428,1801.1,386100.17,598,,1217,1540.9,323400.76,,500,1419.29,28083.75,N,N,N,N,2020
State,56,Wyoming,Insulin Aspart,Insulin Aspart,31,114,129.8,25567.44,47,,103,114.8,20618.12,#,,25.7,1521.29,N,N,N,N,2020
State,72,Puerto Rico,Insulin Aspart,Insulin Aspart,5,19,19,2743.55,,#,,,,*,,30.45,48.56,N,N,N,N,2020
National,,National,Insulin Aspart Flexpen,Insulin Aspart,34573,126526,164854,30867416.92,56055,,96169,125654.4,22162305.84,,41549,192273.45,2247740.77,N,N,N,N,2020
State,01,Alabama,Insulin Aspart Flexpen,Insulin Aspart,369,956,1354.3,315583.06,490,,635,880.8,199585.18,,315,2995.69,27530.75,N,N,N,N,2020
State,02,Alaska,Insulin Aspart Flexpen,Insulin Aspart,80,210,424.5,93300.2,111,,180,378.5,84049.44,,91,667.08,2696.72,N,N,N,N,2020
State,04,Arizona,Insulin Aspart Flexpen,Insulin Aspart,357,671,990,198224.48,414,,511,763.7,150138.77,,307,1044.5,20081.29,N,N,N,N,2020
State,05,Arkansas,Insulin Aspart Flexpen,Insulin Aspart,184,481,632.1,137995.25,258,,322,413.8,84102.42,,157,1075.77,11867.79,N,N,N,N,2020
State,06,California,Insulin Aspart Flexpen,Insulin Aspart,1814,5014,6937.1,1224330.61,2466,,3952,5513.1,940892.7,,1900,5726.47,55338.69,N,N,N,N,2020
State,08,Colorado,Insulin Aspart Flexpen,Insulin Aspart,375,849,1219.1,248235.4,442,,642,911,173123.78,,312,1652.99,21123.4,N,N,N,N,2020
State,09,Connecticut,Insulin Aspart Flexpen,Insulin Aspart,247,594,839.3,158739.5,321,,424,599.1,106181.28,,223,1483.75,6623.2,N,N,N,N,2020
State,10,Delaware,Insulin Aspart Flexpen,Insulin Aspart,83,236,342.8,76846.12,116,,191,278.9,60805.84,,85,469.61,3465.94,N,N,N,N,2020
State,11,District of Columbia,Insulin Aspart Flexpen,Insulin Aspart,56,103,162.3,23588.14,77,,64,105.8,16492.56,,49,133.8,1478.01,N,N,N,N,2020
State,12,Florida,Insulin Aspart Flexpen,Insulin Aspart,2856,15756,19289.9,3073147.06,6020,,12788,15502.9,2319948.47,,4738,29034.97,153901.23,N,N,N,N,2020
State,13,Georgia,Insulin Aspart Flexpen,Insulin Aspart,806,2082,2893,571943.28,1218,,1536,2141.3,401295.95,,873,5225.95,60141.92,N,N,N,N,2020
State,15,Hawaii,Insulin Aspart Flexpen,Insulin Aspart,65,177,282.7,55923.41,92,,152,246.5,49692.35,,78,259.5,2442.49,N,N,N,N,2020
State,16,Idaho,Insulin Aspart Flexpen,Insulin Aspart,338,1147,1748.1,383646.56,517,,915,1417.9,308711.3,,393,1566.72,38775.71,N,N,N,N,2020
State,17,Illinois,Insulin Aspart Flexpen,Insulin Aspart,1242,3677,4640.6,769272.71,1749,,2669,3386.4,553096.92,,1274,2976.24,60783.46,N,N,N,N,2020
State,18,Indiana,Insulin Aspart Flexpen,Insulin Aspart,945,3354,4263.1,802178.5,1528,,2340,2976,515513.99,,1061,5470.25,63164.21,N,N,N,N,2020
State,19,Iowa,Insulin Aspart Flexpen,Insulin Aspart,423,1237,1531.2,333722.89,633,,965,1216.2,255069.56,,506,2349.64,41278.48,N,N,N,N,2020
State,20,Kansas,Insulin Aspart Flexpen,Insulin Aspart,559,2342,2723.2,583665.65,1121,,1744,2042.9,412184.34,,846,3299.71,57717.43,N,N,N,N,2020
State,21,Kentucky,Insulin Aspart Flexpen,Insulin Aspart,699,2809,3419.8,603925.92,1277,,2097,2496.8,386216.26,,911,6616.33,39565.41,N,N,N,N,2020
State,22,Louisiana,Insulin Aspart Flexpen,Insulin Aspart,446,2107,2415.7,320539.67,942,,1656,1864.2,227807.46,,706,3269.22,17038.61,N,N,N,N,2020
State,23,Maine,Insulin Aspart Flexpen,Insulin Aspart,210,477,702.4,169962.69,285,,324,483.7,112721.18,,199,1147.08,14814.92,N,N,N,N,2020
State,24,Maryland,Insulin Aspart Flexpen,Insulin Aspart,448,1525,1928.4,274761.76,703,,1120,1430.3,194552.45,,519,2150.72,21567.04,N,N,N,N,2020
State,25,Massachusetts,Insulin Aspart Flexpen,Insulin Aspart,413,1441,1717.6,261151.55,643,,1158,1353.3,191572.31,,485,1301.79,16527.15,N,N,N,N,2020
State,26,Michigan,Insulin Aspart Flexpen,Insulin Aspart,1352,4125,5654.3,1153477.4,1975,,3138,4331.1,874303.19,,1465,4881.56,104212.38,N,N,N,N,2020
State,27,Minnesota,Insulin Aspart Flexpen,Insulin Aspart,1120,3438,4669.9,1022835.78,1595,,2584,3606.6,738842.35,,1223,7703.08,81374.47,N,N,N,N,2020
State,28,Mississippi,Insulin Aspart Flexpen,Insulin Aspart,371,1018,1288.3,240794.04,650,,641,815.4,134471.63,,385,2612.07,17128.96,N,N,N,N,2020
State,29,Missouri,Insulin Aspart Flexpen,Insulin Aspart,755,3494,4251.7,818983.45,1560,,2483,3042.7,536411.06,,1105,3926.9,59209.43,N,N,N,N,2020
State,30,Montana,Insulin Aspart Flexpen,Insulin Aspart,99,186,274.6,65601.23,118,,148,227.8,53198.19,,90,512.22,7625.8,N,N,N,N,2020
State,31,Nebraska,Insulin Aspart Flexpen,Insulin Aspart,253,665,824.5,180569.06,354,,489,617.1,123262.96,,265,1321.84,21702.88,N,N,N,N,2020
State,32,Nevada,Insulin Aspart Flexpen,Insulin Aspart,263,905,1356.6,279982.53,422,,705,1061.5,212746.05,,314,826.62,12905.44,N,N,N,N,2020
State,33,New Hampshire,Insulin Aspart Flexpen,Insulin Aspart,150,562,664.6,108541.25,241,,435,508.6,76960.79,,181,935.4,7575.78,N,N,N,N,2020
State,34,New Jersey,Insulin Aspart Flexpen,Insulin Aspart,567,1706,2353.1,418008.62,772,,1395,1966.3,341843.83,,634,1846.68,30041.1,N,N,N,N,2020
State,35,New Mexico,Insulin Aspart Flexpen,Insulin Aspart,294,1638,1998.9,337133.65,613,,1279,1547.6,242441.44,,464,2298.65,24263.15,N,N,N,N,2020
State,36,New York,Insulin Aspart Flexpen,Insulin Aspart,2333,7596,9388.5,1626231.9,3680,,5911,7282.8,1154674.7,,2823,9186.41,78932.65,N,N,N,N,2020
State,37,North Carolina,Insulin Aspart Flexpen,Insulin Aspart,1125,5064,5968.8,903484.3,2134,,3799,4458.4,614338.53,,1506,6299.62,53974.13,N,N,N,N,2020
State,38,North Dakota,Insulin Aspart Flexpen,Insulin Aspart,193,509,737.1,154715.5,317,,412,612.1,126760.15,,256,1099.05,29960.45,N,N,N,N,2020
State,39,Ohio,Insulin Aspart Flexpen,Insulin Aspart,1955,7629,9410,1770870.4,3348,,5100,6294.8,1045899.87,,2149,10669.71,100968.7,N,N,N,N,2020
State,40,Oklahoma,Insulin Aspart Flexpen,Insulin Aspart,287,1208,1460.2,260819.34,607,,867,1032.1,182322.38,,431,1417.26,18416.7,N,N,N,N,2020
State,41,Oregon,Insulin Aspart Flexpen,Insulin Aspart,726,2385,3426.3,704950.4,1004,,1840,2678.8,534670.86,,764,3207.51,78142.5,N,N,N,N,2020
State,42,Pennsylvania,Insulin Aspart Flexpen,Insulin Aspart,2014,8050,11482.2,2350328.83,3144,,6048,8765.5,1688071.16,,2343,11381.48,172732.27,N,N,N,N,2020
State,44,Rhode Island,Insulin Aspart Flexpen,Insulin Aspart,64,366,387,54151.51,99,,309,327.8,45675.03,,82,133.77,2357.31,N,N,N,N,2020
State,45,South Carolina,Insulin Aspart Flexpen,Insulin Aspart,649,2143,2967.2,537203.33,991,,1705,2430.8,415900.98,,743,3828.63,34633.22,N,N,N,N,2020
State,46,South Dakota,Insulin Aspart Flexpen,Insulin Aspart,181,563,756.1,181479.74,329,,452,612.1,134817.9,,262,1161.62,29581.64,N,N,N,N,2020
State,47,Tennessee,Insulin Aspart Flexpen,Insulin Aspart,1290,4654,7014.5,1683092.15,2023,,3301,5025.9,1178925.94,,1441,11493.52,154764.72,N,N,N,N,2020
State,48,Texas,Insulin Aspart Flexpen,Insulin Aspart,2168,8400,10658.1,1754774.88,3797,,6526,8159.4,1248894.04,,2843,11833.89,126276.42,N,N,N,N,2020
State,49,Utah,Insulin Aspart Flexpen,Insulin Aspart,337,1217,2027.2,543633.84,528,,997,1723.5,459801.59,,438,684.16,22064.1,N,N,N,N,2020
State,50,Vermont,Insulin Aspart Flexpen,Insulin Aspart,94,404,483.7,74621.98,143,,348,417.8,64184.12,,125,220.09,2099.05,N,N,N,N,2020
State,51,Virginia,Insulin Aspart Flexpen,Insulin Aspart,781,4176,4870.6,659477.06,1536,,3125,3558.4,400536.04,,1107,5299.38,35953.47,N,N,N,N,2020
State,53,Washington,Insulin Aspart Flexpen,Insulin Aspart,626,1556,2114.6,415020.7,824,,1197,1655.9,299715.15,,629,2205.43,38011.89,N,N,N,N,2020
State,54,West Virginia,Insulin Aspart Flexpen,Insulin Aspart,346,1027,1284.2,259835.42,558,,741,920.4,163944.47,,377,1673.64,17881.73,N,N,N,N,2020
State,55,Wisconsin,Insulin Aspart Flexpen,Insulin Aspart,1071,4331,6207.9,1535678.73,1660,,3584,5209.4,1246179.9,,1354,3244.88,139373.27,N,N,N,N,2020
State,56,Wyoming,Insulin Aspart Flexpen,Insulin Aspart,71,188,311.1,67426.04,100,,167,282.1,62240.99,,84,166.3,6821.26,N,N,N,N,2020
State,72,Puerto Rico,Insulin Aspart Flexpen,Insulin Aspart,19,64,83.9,18786.85,30,,51,68.2,14669.73,#,,247.6,429,N,N,N,N,2020
National,,National,Insulin Aspart Penfill,Insulin Aspart,244,381,606.4,136607.22,241,,281,468,106856.37,,172,537.89,14817.42,N,N,N,N,2020
State,06,California,Insulin Aspart Penfill,Insulin Aspart,13,25,50,8461.21,14,#,,,,*,,24.55,2133.98,N,N,N,N,2020
State,12,Florida,Insulin Aspart Penfill,Insulin Aspart,19,22,36.4,6768.17,17,#,,,,*,,17.9,402.75,N,N,N,N,2020
State,24,Maryland,Insulin Aspart Penfill,Insulin Aspart,7,12,12.4,1295.96,,*,,,,*,,0,119.56,N,N,N,N,2020
State,27,Minnesota,Insulin Aspart Penfill,Insulin Aspart,11,14,22.5,7382.07,12,*,,,,*,,11.7,553.36,N,N,N,N,2020
State,32,Nevada,Insulin Aspart Penfill,Insulin Aspart,9,17,26.9,5296.11,,#,,,,*,,41.4,426.8,N,N,N,N,2020
State,36,New York,Insulin Aspart Penfill,Insulin Aspart,18,38,45.5,6320.57,18,,23,30.5,3920.96,#,,45.6,799.77,N,N,N,N,2020
State,39,Ohio,Insulin Aspart Penfill,Insulin Aspart,12,12,20.6,3554.61,12,*,,,,*,,25.4,283.93,N,N,N,N,2020
State,41,Oregon,Insulin Aspart Penfill,Insulin Aspart,9,17,33,7876.17,,#,,,,*,,5.2,1143.92,N,N,N,N,2020
State,42,Pennsylvania,Insulin Aspart Penfill,Insulin Aspart,15,32,40.8,10893.77,14,,21,27.9,6862.55,*,,40.15,609.55,N,N,N,N,2020
State,47,Tennessee,Insulin Aspart Penfill,Insulin Aspart,14,21,36.7,10161.39,15,#,,,,*,,33.01,1478.95,N,N,N,N,2020
State,49,Utah,Insulin Aspart Penfill,Insulin Aspart,6,12,20.8,11870.2,,#,,,,*,,13.2,613.02,N,N,N,N,2020
State,55,Wisconsin,Insulin Aspart Penfill,Insulin Aspart,15,31,53.8,14090.84,16,#,,,,#,,113.01,1209.63,N,N,N,N,2020
National,,National,Humalog,Insulin Lispro,92555,759717,1092282.8,449179104.83,192830,,573543,830285.8,319326390.4,,146635,1368404.35,25330569.79,N,N,N,N,2020
State,01,Alabama,Humalog,Insulin Lispro,1421,13388,18365.8,8732288.66,3491,,9465,12753,5686908.4,,2458,35033.92,467895.35,N,N,N,N,2020
State,02,Alaska,Humalog,Insulin Lispro,106,485,907.4,474279.95,146,,375,745.3,369775.4,,117,630.45,17170.44,N,N,N,N,2020
State,04,Arizona,Humalog,Insulin Lispro,2655,20011,29901.4,12890156.36,6105,,14290,21714.5,8961857.07,,4456,47872.58,732648.24,N,N,N,N,2020
State,05,Arkansas,Humalog,Insulin Lispro,947,7039,8839.2,4124493.85,1852,,4601,5728.3,2417088.16,,1229,22355.81,234689.09,N,N,N,N,2020
State,06,California,Humalog,Insulin Lispro,11419,81358,139006.4,42671638.14,23218,,66180,114651.1,33663224.52,,18990,146401.53,3048508.34,N,N,N,N,2020
State,08,Colorado,Humalog,Insulin Lispro,1378,9401,15802.8,5104111.46,2614,,7306,12637.4,3812165.26,,2094,12911.11,516205.78,N,N,N,N,2020
State,09,Connecticut,Humalog,Insulin Lispro,1011,10350,14414.1,5518653.98,2462,,8237,11375.5,4053874.95,,1946,16246.34,293038.43,N,N,N,N,2020
State,10,Delaware,Humalog,Insulin Lispro,222,2514,3454.9,1189482.36,559,,1934,2744.8,862722.84,,441,2273.16,55782.61,N,N,N,N,2020
State,11,District of Columbia,Humalog,Insulin Lispro,245,1457,2206.7,663167.21,422,,1083,1653.3,447295.33,,314,3140.68,25112.67,N,N,N,N,2020
State,12,Florida,Humalog,Insulin Lispro,5277,32926,49403.3,21382041.36,10206,,25929,38235.2,15646992.69,,7954,81914.67,1398205.99,N,N,N,N,2020
State,13,Georgia,Humalog,Insulin Lispro,2899,23896,34387.2,16409858.15,6537,,17891,25882.2,12009192.98,,4846,64968.16,927692.91,N,N,N,N,2020
State,15,Hawaii,Humalog,Insulin Lispro,205,931,1745.6,454273.25,264,,750,1464.9,347476.3,,212,1848.92,35263.81,N,N,N,N,2020
State,16,Idaho,Humalog,Insulin Lispro,418,2883,4035,1854092.16,716,,2113,2983.8,1279599.57,,535,5549.44,152670.05,N,N,N,N,2020
State,17,Illinois,Humalog,Insulin Lispro,3935,31410,43465.9,18778076.94,8109,,23577,33097.1,13622405.22,,6137,45295.87,1069014.49,N,N,N,N,2020
State,18,Indiana,Humalog,Insulin Lispro,2041,20721,28427.6,11826300.98,5069,,15488,21167.3,8087825.97,,3782,34717.55,658155.71,N,N,N,N,2020
State,19,Iowa,Humalog,Insulin Lispro,882,6438,8551.5,4234117.12,1517,,4463,6047.5,2785959.41,,1080,15414.57,244448.66,N,N,N,N,2020
State,20,Kansas,Humalog,Insulin Lispro,598,3439,4932.6,2508046.74,899,,2754,3993.2,1913651.83,,713,9122.3,204462.01,N,N,N,N,2020
State,21,Kentucky,Humalog,Insulin Lispro,1414,10981,15028.9,8035721.35,2904,,7144,10023.7,4846043.69,,1906,37907.78,303170,N,N,N,N,2020
State,22,Louisiana,Humalog,Insulin Lispro,1006,6265,8231.2,3849223.79,1804,,4224,5632.1,2454312.45,,1218,17752.06,199165.71,N,N,N,N,2020
State,23,Maine,Humalog,Insulin Lispro,579,3683,5205.7,2228602.98,963,,2450,3365.1,1325077.75,,644,6039.39,88208.44,N,N,N,N,2020
State,24,Maryland,Humalog,Insulin Lispro,1517,12439,18201.8,5565573.53,3363,,9100,13266.9,3757006.16,,2503,27006.19,296434.04,N,N,N,N,2020
State,25,Massachusetts,Humalog,Insulin Lispro,2360,22129,30996,11874453.28,5542,,18242,25446.5,9246046.25,,4519,32962.24,703404.59,N,N,N,N,2020
State,26,Michigan,Humalog,Insulin Lispro,3700,24383,38643,17343289.82,7302,,17914,29148.1,12580068.78,,5407,47592.04,738666.39,N,N,N,N,2020
State,27,Minnesota,Humalog,Insulin Lispro,949,5075,8043.4,3782287.19,1389,,4296,6832.2,3083433.67,,1163,7849.51,394709.01,N,N,N,N,2020
State,28,Mississippi,Humalog,Insulin Lispro,638,3319,4321.1,2009244.96,1062,,2380,3078.3,1325137.98,,749,8781.24,119801.37,N,N,N,N,2020
State,29,Missouri,Humalog,Insulin Lispro,1521,12026,17042.3,8613084.47,3303,,8889,12812.9,6130838.8,,2432,25270.43,565620.12,N,N,N,N,2020
State,30,Montana,Humalog,Insulin Lispro,242,1420,2148.5,992095.78,363,,1189,1818.3,827525.94,,299,2606.5,78668.09,N,N,N,N,2020
State,31,Nebraska,Humalog,Insulin Lispro,557,3707,5058.4,2400353.14,915,,2785,3775.3,1732345,,674,10597.26,175346.9,N,N,N,N,2020
State,32,Nevada,Humalog,Insulin Lispro,548,2933,4535.4,2009895.26,905,,2252,3475,1498990.97,,679,6006.51,149580.44,N,N,N,N,2020
State,33,New Hampshire,Humalog,Insulin Lispro,401,3255,4915.4,2101932.45,849,,2499,3802.4,1509303.96,,671,6612.76,148924.31,N,N,N,N,2020
State,34,New Jersey,Humalog,Insulin Lispro,2418,27301,36935.9,13335557.56,6253,,20807,28016.9,9440512.47,,4835,32819.64,616614.11,N,N,N,N,2020
State,35,New Mexico,Humalog,Insulin Lispro,614,4291,5893.9,2403529.95,1151,,3177,4400.6,1624831.12,,850,8155.76,125411.51,N,N,N,N,2020
State,36,New York,Humalog,Insulin Lispro,4267,32455,43756.6,17644289.27,8025,,25322,34138.4,12661042.26,,6288,40071.81,1000392.19,N,N,N,N,2020
State,37,North Carolina,Humalog,Insulin Lispro,2824,21725,29950.5,13851971.02,5673,,16516,22763.7,9811650.01,,4262,43779.18,815335.23,N,N,N,N,2020
State,38,North Dakota,Humalog,Insulin Lispro,123,767,1070.7,524682.07,187,,610,832,373117.76,,139,2662.64,48045.52,N,N,N,N,2020
State,39,Ohio,Humalog,Insulin Lispro,3635,34326,47073.5,18859183.31,9265,,26285,36637.3,14020554.09,,7130,55350.27,1169557.79,N,N,N,N,2020
State,40,Oklahoma,Humalog,Insulin Lispro,862,6231,8314.9,3719577.26,1631,,4592,6069.3,2506472.39,,1190,11722.16,211340.71,N,N,N,N,2020
State,41,Oregon,Humalog,Insulin Lispro,1605,10736,16226,6304687.21,2807,,8585,13039.3,4872583.92,,2221,25324.32,604756.63,N,N,N,N,2020
State,42,Pennsylvania,Humalog,Insulin Lispro,3945,39614,52189.5,20375212.82,8528,,30538,39819,14239976.82,,6498,47173.14,1122690.65,N,N,N,N,2020
State,44,Rhode Island,Humalog,Insulin Lispro,380,3254,4264.6,1606310.55,805,,2478,3212.3,1150020.67,,627,6640.44,102998.98,N,N,N,N,2020
State,45,South Carolina,Humalog,Insulin Lispro,1274,7913,12352.2,6298231.12,2309,,5833,9092.5,4380860.4,,1687,21866.02,391967.12,N,N,N,N,2020
State,46,South Dakota,Humalog,Insulin Lispro,142,845,1262.2,594325,234,,669,1016.4,441551.87,,189,1840.83,51025.32,N,N,N,N,2020
State,47,Tennessee,Humalog,Insulin Lispro,2696,19163,27829.1,14408782.99,5395,,11991,17227.7,8054960.72,,3340,56305.96,566538.97,N,N,N,N,2020
State,48,Texas,Humalog,Insulin Lispro,6156,43160,64678.4,29367733.03,13433,,32701,48784.9,20964075.77,,10163,117018.87,1637729.44,N,N,N,N,2020
State,49,Utah,Humalog,Insulin Lispro,708,4385,7074.2,3400102.79,1370,,3470,5751.4,2719186.63,,1088,7570.81,333328.23,N,N,N,N,2020
State,50,Vermont,Humalog,Insulin Lispro,149,1109,1731.5,731761.76,267,,817,1305.8,536699.6,,207,1889.9,49176.25,N,N,N,N,2020
State,51,Virginia,Humalog,Insulin Lispro,2046,14425,21302.8,8629440.76,4071,,11041,16410.8,6181323.13,,3070,33380.55,613091.22,N,N,N,N,2020
State,53,Washington,Humalog,Insulin Lispro,2608,17091,25806.2,9645880.95,4523,,12961,19848.4,6709859.45,,3448,36464.53,739270.59,N,N,N,N,2020
State,54,West Virginia,Humalog,Insulin Lispro,578,4867,6416.7,2467007.34,1179,,3513,4580.1,1568850.53,,854,11467.86,124474.91,N,N,N,N,2020
State,55,Wisconsin,Humalog,Insulin Lispro,1427,9934,14397.1,7045105.7,2473,,7595,11001.8,5096095.16,,1900,15250.11,547143.02,N,N,N,N,2020
State,56,Wyoming,Humalog,Insulin Lispro,116,529,757.9,298377.07,147,,433,625.9,235311.69,,118,621.62,29350.17,N,N,N,N,2020
State,66,Guam,Humalog,Insulin Lispro,9,23,27.6,12078.2,,#,,,,*,,67.6,2257.98,N,N,N,N,2020
State,72,Puerto Rico,Humalog,Insulin Lispro,2838,74984,92343.3,37863157.56,12790,,53505,65990.5,25298314.43,,9497,8025.16,369727.28,N,N,N,N,2020
State,78,Virgin Islands,Humalog,Insulin Lispro,27,183,211.6,89236.72,41,#,,,,#,,26.85,10438.19,N,N,N,N,2020
State,9B,Armed Forces Europe,Humalog,Insulin Lispro,5,60,81.1,42628.75,15,,44,60.1,33718.3,*,,136.95,3413.11,N,N,N,N,2020
State,9C,Armed Forces Pacific,Humalog,Insulin Lispro,3,29,54.9,25632.57,11,#,,,,*,,38.55,1247.36,N,N,N,N,2020
State,9D,Unknown,Humalog,Insulin Lispro,3,21,23.5,3543.99,,,21,23.5,3543.99,*,,7.8,290.05,N,N,N,N,2020
State,9E,Foreign Country,Humalog,Insulin Lispro,4,29,29,7133.49,,#,,,,*,,44.05,22.82,N,N,N,N,2020
National,,National,Humalog Junior Kwikpen,Insulin Lispro,3581,10392,19304.4,6145479.09,3832,,7639,14605.9,4494785.13,,2850,20629.8,442810.32,N,N,N,N,2020
State,01,Alabama,Humalog Junior Kwikpen,Insulin Lispro,26,57,114.9,35286.05,29,,39,85.7,24338.41,,17,172.8,2394.52,N,N,N,N,2020
State,02,Alaska,Humalog Junior Kwikpen,Insulin Lispro,6,14,28.5,10104.82,,,14,28.5,10104.82,*,,8.95,325,N,N,N,N,2020
State,04,Arizona,Humalog Junior Kwikpen,Insulin Lispro,77,166,286.5,90697.63,78,,108,193.4,60515.93,,51,172.3,6057.12,N,N,N,N,2020
State,05,Arkansas,Humalog Junior Kwikpen,Insulin Lispro,13,25,39.3,16750.92,13,,11,23.7,8350.05,*,,62.65,1569.09,N,N,N,N,2020
State,06,California,Humalog Junior Kwikpen,Insulin Lispro,423,1273,2489.5,683074.04,485,,1055,2082.1,566639.2,,395,1708.08,72707.99,N,N,N,N,2020
State,08,Colorado,Humalog Junior Kwikpen,Insulin Lispro,56,174,392.3,95487.56,67,,138,326.9,73252.43,,53,256.75,13301.42,N,N,N,N,2020
State,09,Connecticut,Humalog Junior Kwikpen,Insulin Lispro,61,161,337,94567.81,63,,138,292.1,83194.11,#,,353.85,5840.17,N,N,N,N,2020
State,10,Delaware,Humalog Junior Kwikpen,Insulin Lispro,19,57,112.4,33947.88,20,,42,79.9,26113.78,#,,116.35,1507.41,N,N,N,N,2020
State,11,District of Columbia,Humalog Junior Kwikpen,Insulin Lispro,15,38,76.5,30397.37,16,,12,36.5,8280.9,*,,166.14,874.59,N,N,N,N,2020
State,12,Florida,Humalog Junior Kwikpen,Insulin Lispro,184,468,907,314854.31,207,,371,731.7,256195.59,,162,1029.51,18812.32,N,N,N,N,2020
State,13,Georgia,Humalog Junior Kwikpen,Insulin Lispro,83,202,399.8,129427.07,82,,166,314.1,102682,,63,695.83,10562.55,N,N,N,N,2020
State,15,Hawaii,Humalog Junior Kwikpen,Insulin Lispro,8,18,29.4,13036.88,,#,,,,*,,19.5,838.31,N,N,N,N,2020
State,16,Idaho,Humalog Junior Kwikpen,Insulin Lispro,14,39,77.1,18888.64,15,,23,41.2,11492.07,*,,48.65,1995.16,N,N,N,N,2020
State,17,Illinois,Humalog Junior Kwikpen,Insulin Lispro,89,221,418.2,121273.34,92,,161,316.1,92039.39,,71,190.45,11297.94,N,N,N,N,2020
State,18,Indiana,Humalog Junior Kwikpen,Insulin Lispro,93,226,431.2,140852.52,104,,161,307,93533.37,,76,413.85,10105.16,N,N,N,N,2020
State,19,Iowa,Humalog Junior Kwikpen,Insulin Lispro,18,62,153.5,43498.76,24,,48,119.5,37058.42,#,,209.52,4701.95,N,N,N,N,2020
State,20,Kansas,Humalog Junior Kwikpen,Insulin Lispro,16,61,120.2,33934.91,16,,46,87.7,21531.96,#,,89.5,4067.55,N,N,N,N,2020
State,21,Kentucky,Humalog Junior Kwikpen,Insulin Lispro,44,129,211.2,120478.81,42,,93,152.9,88601.75,,31,433.89,9510.7,N,N,N,N,2020
State,22,Louisiana,Humalog Junior Kwikpen,Insulin Lispro,29,76,131.9,43173.15,28,,50,86,25975.89,#,,188.85,2009.78,N,N,N,N,2020
State,23,Maine,Humalog Junior Kwikpen,Insulin Lispro,22,68,136.8,39031.08,21,,30,56,16405.43,#,,156.15,1815.51,N,N,N,N,2020
State,24,Maryland,Humalog Junior Kwikpen,Insulin Lispro,61,126,265.1,74142.8,65,,87,190.6,50450.27,,44,405.25,3648.72,N,N,N,N,2020
State,25,Massachusetts,Humalog Junior Kwikpen,Insulin Lispro,118,343,636.9,183816.39,124,,247,480.9,137067.97,,93,406.2,19736.37,N,N,N,N,2020
State,26,Michigan,Humalog Junior Kwikpen,Insulin Lispro,141,328,682,221332.94,159,,249,545.4,170728.92,,125,448.8,11564.34,N,N,N,N,2020
State,27,Minnesota,Humalog Junior Kwikpen,Insulin Lispro,48,155,300.4,86848.69,54,,120,245.7,69263.09,,42,266.42,8684.68,N,N,N,N,2020
State,28,Mississippi,Humalog Junior Kwikpen,Insulin Lispro,13,36,56.8,29525.53,11,,18,31.3,12464.04,*,,83.3,470.94,N,N,N,N,2020
State,29,Missouri,Humalog Junior Kwikpen,Insulin Lispro,52,138,245.2,92130.67,55,,104,183.9,62843.24,,43,158.9,6758.94,N,N,N,N,2020
State,30,Montana,Humalog Junior Kwikpen,Insulin Lispro,5,11,20.4,8679.04,,*,,,,*,,47.91,322.79,N,N,N,N,2020
State,31,Nebraska,Humalog Junior Kwikpen,Insulin Lispro,11,59,93.3,42314.63,14,,25,43.2,22702.6,*,,15.6,4486.74,N,N,N,N,2020
State,32,Nevada,Humalog Junior Kwikpen,Insulin Lispro,27,62,107.6,35941.11,25,,40,67.1,22942.32,#,,188.4,3696.89,N,N,N,N,2020
State,33,New Hampshire,Humalog Junior Kwikpen,Insulin Lispro,23,96,172.7,59430.29,36,#,,,,#,,148.24,7497.05,N,N,N,N,2020
State,34,New Jersey,Humalog Junior Kwikpen,Insulin Lispro,126,407,809.9,240467.31,140,,326,631,182774.1,,111,1633.57,16956.19,N,N,N,N,2020
State,35,New Mexico,Humalog Junior Kwikpen,Insulin Lispro,41,140,243.5,83380.13,43,,92,172,49234.13,,32,472.83,4947.93,N,N,N,N,2020
State,36,New York,Humalog Junior Kwikpen,Insulin Lispro,287,793,1374,464237.11,282,,606,1075.6,354475.98,,212,1163.57,26483.9,N,N,N,N,2020
State,37,North Carolina,Humalog Junior Kwikpen,Insulin Lispro,115,284,521.6,159446.05,113,,193,368.7,116213.3,,74,651.43,12188.16,N,N,N,N,2020
State,38,North Dakota,Humalog Junior Kwikpen,Insulin Lispro,5,12,26.8,6243.96,,#,,,,*,,0,898.02,N,N,N,N,2020
State,39,Ohio,Humalog Junior Kwikpen,Insulin Lispro,158,436,816,264753.92,171,,337,634.8,195404.65,,128,545,19403.86,N,N,N,N,2020
State,40,Oklahoma,Humalog Junior Kwikpen,Insulin Lispro,28,69,126.7,35618.09,27,,42,72.4,20440.85,#,,548.28,1300.43,N,N,N,N,2020
State,41,Oregon,Humalog Junior Kwikpen,Insulin Lispro,43,126,262.7,65032.98,52,,84,185,47481.16,,40,453.18,9451.05,N,N,N,N,2020
State,42,Pennsylvania,Humalog Junior Kwikpen,Insulin Lispro,169,463,845.7,266930.11,166,,307,564.4,171660.69,,110,769.16,15214.71,N,N,N,N,2020
State,44,Rhode Island,Humalog Junior Kwikpen,Insulin Lispro,9,26,29.6,9287.31,,*,,,,*,,93.85,376,N,N,N,N,2020
State,45,South Carolina,Humalog Junior Kwikpen,Insulin Lispro,57,161,316.9,92387.5,61,,125,251.6,74041.36,,46,200.1,6320.01,N,N,N,N,2020
State,47,Tennessee,Humalog Junior Kwikpen,Insulin Lispro,59,160,306.4,89858.45,64,,112,223.2,64065.72,,41,646.4,6736.2,N,N,N,N,2020
State,48,Texas,Humalog Junior Kwikpen,Insulin Lispro,269,681,1304.9,437404.03,293,,490,970.5,306135.01,,214,2135.4,23509.26,N,N,N,N,2020
State,49,Utah,Humalog Junior Kwikpen,Insulin Lispro,28,64,109.7,40874.21,30,,50,95.4,33543.82,#,,281.65,5097.29,N,N,N,N,2020
State,50,Vermont,Humalog Junior Kwikpen,Insulin Lispro,5,13,34.1,8723.37,,#,,,,*,,7.8,1046,N,N,N,N,2020
State,51,Virginia,Humalog Junior Kwikpen,Insulin Lispro,70,206,371.3,118379.06,76,,172,305.2,93393.98,,62,288.21,11896.38,N,N,N,N,2020
State,53,Washington,Humalog Junior Kwikpen,Insulin Lispro,88,239,538.2,135800.67,97,,160,396.7,100491.99,,68,392.61,18172.82,N,N,N,N,2020
State,54,West Virginia,Humalog Junior Kwikpen,Insulin Lispro,5,21,39.6,11784.8,,,21,39.6,11784.8,*,,166.46,291.92,N,N,N,N,2020
State,55,Wisconsin,Humalog Junior Kwikpen,Insulin Lispro,48,151,330.5,97834.59,61,,109,236.5,69684.01,,44,468.82,7782.09,N,N,N,N,2020
State,72,Puerto Rico,Humalog Junior Kwikpen,Insulin Lispro,170,1041,1408,568928.85,227,,672,959.8,356312.99,,159,1014.24,7500.35,N,N,N,N,2020
National,,National,Humalog Kwikpen U-100,Insulin Lispro,150232,1276588,2258941.3,1053768085.6,384818,,968325,1756241.9,784606513.8,,296440,2913153.05,60639264.52,N,N,N,N,2020
State,01,Alabama,Humalog Kwikpen U-100,Insulin Lispro,2325,25713,43901.2,21731676.29,7976,,18315,31411.1,15008905.8,,5593,84197.65,1227433.51,N,N,N,N,2020
State,02,Alaska,Humalog Kwikpen U-100,Insulin Lispro,251,1307,2617.4,1291275.34,459,,1073,2190.9,1066620.12,,369,2072.59,37524.51,N,N,N,N,2020
State,04,Arizona,Humalog Kwikpen U-100,Insulin Lispro,2856,20246,38718.7,17627909.1,7159,,15591,30472.2,13369176.57,,5554,48955.49,1184867.89,N,N,N,N,2020
State,05,Arkansas,Humalog Kwikpen U-100,Insulin Lispro,1317,10643,16481.5,9051238.71,3134,,6910,10943.9,5615610.78,,2048,34238.67,518656.99,N,N,N,N,2020
State,06,California,Humalog Kwikpen U-100,Insulin Lispro,14160,110919,205024.6,74997177.23,34226,,90516,170335.6,60907103.09,,28261,226257.08,5014124.74,N,N,N,N,2020
State,08,Colorado,Humalog Kwikpen U-100,Insulin Lispro,1867,10026,19115,8263988.23,3490,,7574,14801.5,6153560.87,,2660,21484.8,669227.31,N,N,N,N,2020
State,09,Connecticut,Humalog Kwikpen U-100,Insulin Lispro,1914,18159,36672.4,16745431.58,6020,,14024,28937.8,12836362.56,,4692,53048.53,760671.21,N,N,N,N,2020
State,10,Delaware,Humalog Kwikpen U-100,Insulin Lispro,538,5366,10620.4,5046500.5,1823,,4000,8391.5,3830476.52,,1415,13416.17,246739.17,N,N,N,N,2020
State,11,District of Columbia,Humalog Kwikpen U-100,Insulin Lispro,520,3451,6872.3,2627634.53,1162,,2191,4515.4,1598072.21,,760,10764.83,73561.27,N,N,N,N,2020
State,12,Florida,Humalog Kwikpen U-100,Insulin Lispro,8081,62209,114859.1,53561678.31,20869,,49496,92993.1,41995774.17,,16788,168313.83,3486404.19,N,N,N,N,2020
State,13,Georgia,Humalog Kwikpen U-100,Insulin Lispro,3889,35088,60657.8,28871671.32,11109,,26835,46839.1,21618184.02,,8495,102743.17,1582266.85,N,N,N,N,2020
State,15,Hawaii,Humalog Kwikpen U-100,Insulin Lispro,493,3049,6236,2465971.95,956,,2270,4741.8,1798261.58,,735,5865.51,96192.74,N,N,N,N,2020
State,16,Idaho,Humalog Kwikpen U-100,Insulin Lispro,724,5098,8360.8,3891994.85,1513,,3852,6429.8,2885757.9,,1160,11442.94,303756.67,N,N,N,N,2020
State,17,Illinois,Humalog Kwikpen U-100,Insulin Lispro,6432,63123,114668.5,55949500.53,19163,,50529,93826.1,43845312.08,,15500,104663.52,3494453.2,N,N,N,N,2020
State,18,Indiana,Humalog Kwikpen U-100,Insulin Lispro,3622,38182,68841.4,36316424.52,12052,,27505,50794.9,25309814.53,,8837,81961.12,1848070.01,N,N,N,N,2020
State,19,Iowa,Humalog Kwikpen U-100,Insulin Lispro,1468,13145,21289.3,11630207.45,3527,,10091,16704.1,8517974.67,,2697,25456.69,685914.44,N,N,N,N,2020
State,20,Kansas,Humalog Kwikpen U-100,Insulin Lispro,1301,10207,16919.5,8895596.39,2899,,7964,13390.6,6651157.33,,2252,19762.11,659006.5,N,N,N,N,2020
State,21,Kentucky,Humalog Kwikpen U-100,Insulin Lispro,2372,19899,32604.5,17424003.18,6114,,12854,22430.6,11299117.36,,4110,78510,697087.35,N,N,N,N,2020
State,22,Louisiana,Humalog Kwikpen U-100,Insulin Lispro,1654,11672,19128,8586895.64,3727,,7882,13070.6,5696673.21,,2515,38587.56,382461.75,N,N,N,N,2020
State,23,Maine,Humalog Kwikpen U-100,Insulin Lispro,842,4695,8742.2,4535817.92,1634,,3137,5881.1,2853922.3,,1102,11784.56,175476.72,N,N,N,N,2020
State,24,Maryland,Humalog Kwikpen U-100,Insulin Lispro,2581,18623,35135.7,14627522.93,6238,,13212,25767.5,10392751.29,,4599,54993.19,806701.4,N,N,N,N,2020
State,25,Massachusetts,Humalog Kwikpen U-100,Insulin Lispro,3392,26378,49136.4,22308847.75,8298,,21730,41219.1,18190517.76,,6814,44815.78,1334175.12,N,N,N,N,2020
State,26,Michigan,Humalog Kwikpen U-100,Insulin Lispro,6115,49873,98140.7,45000925.53,16419,,39867,81519.3,36397832.08,,13296,80402.8,1841346.09,N,N,N,N,2020
State,27,Minnesota,Humalog Kwikpen U-100,Insulin Lispro,2819,19393,32510,15356546.7,5416,,16550,28069.5,12661179.23,,4600,28972.67,1366591.83,N,N,N,N,2020
State,28,Mississippi,Humalog Kwikpen U-100,Insulin Lispro,813,4803,7951,4028544.34,1666,,3278,5561.5,2644698.57,,1153,14201.7,247375.44,N,N,N,N,2020
State,29,Missouri,Humalog Kwikpen U-100,Insulin Lispro,3312,31765,52500.2,27313478.34,9502,,22416,38724.6,18825047.82,,6922,65395.49,1519516.75,N,N,N,N,2020
State,30,Montana,Humalog Kwikpen U-100,Insulin Lispro,427,2836,4640.3,2084958.64,813,,2408,3971.6,1739985.38,,674,6969.48,162672.35,N,N,N,N,2020
State,31,Nebraska,Humalog Kwikpen U-100,Insulin Lispro,1006,7509,12213.1,5773859.97,2131,,5515,9137.8,4148958.35,,1581,19755.18,417287.15,N,N,N,N,2020
State,32,Nevada,Humalog Kwikpen U-100,Insulin Lispro,989,6934,12652.9,6092675.02,2441,,5397,10056,4723803.87,,1916,22945.44,377539.07,N,N,N,N,2020
State,33,New Hampshire,Humalog Kwikpen U-100,Insulin Lispro,721,4948,9140.6,4681247.67,1671,,3731,7187.7,3627984.96,,1283,13774.53,324680.38,N,N,N,N,2020
State,34,New Jersey,Humalog Kwikpen U-100,Insulin Lispro,4277,54681,97565.3,42234960.92,15159,,42384,77721.3,32756971.29,,12154,79414.74,2263408.18,N,N,N,N,2020
State,35,New Mexico,Humalog Kwikpen U-100,Insulin Lispro,945,6986,12793.3,6144867.94,2307,,5083,9537.5,4274390.58,,1685,18442.58,300673.67,N,N,N,N,2020
State,36,New York,Humalog Kwikpen U-100,Insulin Lispro,10894,91043,151649.1,69573816.85,26304,,69460,118812.1,52559412.71,,20540,163004.13,3368320.37,N,N,N,N,2020
State,37,North Carolina,Humalog Kwikpen U-100,Insulin Lispro,5572,50527,85663.8,42087236.8,15370,,38064,65613.9,30877907.53,,11586,133237.05,2331312.18,N,N,N,N,2020
State,38,North Dakota,Humalog Kwikpen U-100,Insulin Lispro,354,3033,4736.1,2354494.21,797,,2582,4111.6,1946097.36,,674,7057.7,250780.07,N,N,N,N,2020
State,39,Ohio,Humalog Kwikpen U-100,Insulin Lispro,6594,62876,108703.6,51339808.19,20270,,47435,85592.4,38596876.58,,15535,124617.58,3166198.62,N,N,N,N,2020
State,40,Oklahoma,Humalog Kwikpen U-100,Insulin Lispro,1561,10932,18921.5,9008373.35,3499,,8008,14164.7,6444318.13,,2555,23656.73,554718.24,N,N,N,N,2020
State,41,Oregon,Humalog Kwikpen U-100,Insulin Lispro,2216,16053,27885.7,12762129.52,4739,,12997,22851.7,10074489.72,,3846,40643.82,1161803.82,N,N,N,N,2020
State,42,Pennsylvania,Humalog Kwikpen U-100,Insulin Lispro,7986,82429,134586.7,61295693.24,22113,,58970,98464.5,42606122.4,,16230,149405.81,3253701.64,N,N,N,N,2020
State,44,Rhode Island,Humalog Kwikpen U-100,Insulin Lispro,513,4033,7169.9,3177252.27,1233,,3216,5843.3,2471878.53,,990,12560.56,218419.12,N,N,N,N,2020
State,45,South Carolina,Humalog Kwikpen U-100,Insulin Lispro,2696,26063,44346,21085373.41,8147,,19114,32897.1,14878690.28,,6016,72107.04,1146272.13,N,N,N,N,2020
State,46,South Dakota,Humalog Kwikpen U-100,Insulin Lispro,315,2399,3860.5,1935117.17,693,,2056,3344,1647666.84,,585,3429.45,170909.61,N,N,N,N,2020
State,47,Tennessee,Humalog Kwikpen U-100,Insulin Lispro,3536,27995,48891.3,26161447.77,9107,,18869,33706.6,16936849.16,,6195,91718.37,1205568.01,N,N,N,N,2020
State,48,Texas,Humalog Kwikpen U-100,Insulin Lispro,9563,80170,150457.9,72695317.97,27110,,59585,112896.5,52318996.87,,20241,251940.22,3524238.52,N,N,N,N,2020
State,49,Utah,Humalog Kwikpen U-100,Insulin Lispro,925,6020,11127,5597539.94,2098,,4967,9389.3,4514023.95,,1746,10543.36,545341.92,N,N,N,N,2020
State,50,Vermont,Humalog Kwikpen U-100,Insulin Lispro,402,2550,4841.9,2474039.62,820,,2025,3892.8,1896617.97,,641,5960.61,154781.82,N,N,N,N,2020
State,51,Virginia,Humalog Kwikpen U-100,Insulin Lispro,3306,24267,43927.4,19940256.53,8324,,18328,34169.7,14994497.77,,6349,57899.9,1337880.82,N,N,N,N,2020
State,53,Washington,Humalog Kwikpen U-100,Insulin Lispro,3936,27888,50045,22595878.23,8687,,21148,39286.4,17252683.8,,6687,63304.01,1792484.3,N,N,N,N,2020
State,54,West Virginia,Humalog Kwikpen U-100,Insulin Lispro,1197,8693,14211.4,7016340.88,2717,,5759,9668.7,4450248.12,,1846,25558.76,262305.06,N,N,N,N,2020
State,55,Wisconsin,Humalog Kwikpen U-100,Insulin Lispro,3373,32372,56301.5,31152116.56,9591,,24020,42790.2,22365068.7,,7228,76902.63,1897516.93,N,N,N,N,2020
State,56,Wyoming,Humalog Kwikpen U-100,Insulin Lispro,203,1060,1717.6,698094,326,,869,1412,551832.38,,260,2502.5,59520.49,N,N,N,N,2020
State,66,Guam,Humalog Kwikpen U-100,Insulin Lispro,11,106,136.2,64455.72,24,,88,106.4,45649.34,#,,0,7853.02,N,N,N,N,2020
State,69,Northern Mariana Islands,Humalog Kwikpen U-100,Insulin Lispro,3,17,19.4,5335.95,,*,,,,*,,649.95,0,N,N,N,N,2020
State,72,Puerto Rico,Humalog Kwikpen U-100,Insulin Lispro,984,8223,11676.9,4893396.62,1707,,5770,8438.4,3349178.52,,1236,2363.77,68154.93,N,N,N,N,2020
State,78,Virgin Islands,Humalog Kwikpen U-100,Insulin Lispro,46,687,981.3,481137.2,154,,639,925.1,431402.26,,141,151.85,47160.91,N,N,N,N,2020
State,9B,Armed Forces Europe,Humalog Kwikpen U-100,Insulin Lispro,6,130,172.2,106881.33,32,,101,128.5,78367.18,#,,123,4094.81,N,N,N,N,2020
State,9C,Armed Forces Pacific,Humalog Kwikpen U-100,Insulin Lispro,5,57,119.5,74024.12,25,,31,79.1,46401.94,#,,129.05,1893.81,N,N,N,N,2020
State,9D,Unknown,Humalog Kwikpen U-100,Insulin Lispro,3,24,55.6,20237,,,24,55.6,20237,*,,23.4,1727.56,N,N,N,N,2020
State,9E,Foreign Country,Humalog Kwikpen U-100,Insulin Lispro,9,15,26.3,11261.82,,#,,,,*,,51.4,441.36,N,N,N,N,2020
National,,National,Humalog Kwikpen U-200,Insulin Lispro,21728,116190,190281.5,154500350.12,30866,,81293,137662.1,104349024.37,,22129,263559.56,6683975.3,N,N,N,N,2020
State,01,Alabama,Humalog Kwikpen U-200,Insulin Lispro,504,3050,4715.9,3449987.67,793,,1983,3063.7,2116968.41,,510,9251.54,139978.68,N,N,N,N,2020
State,02,Alaska,Humalog Kwikpen U-200,Insulin Lispro,23,115,211.9,247366.23,37,,92,166.8,201441.58,,26,177.15,7256.7,N,N,N,N,2020
State,04,Arizona,Humalog Kwikpen U-200,Insulin Lispro,509,2233,3863.9,2656977.69,688,,1633,2926.5,1883762.13,,520,4773.38,149527.9,N,N,N,N,2020
State,05,Arkansas,Humalog Kwikpen U-200,Insulin Lispro,172,756,1118.7,926391.09,211,,467,674,453536.98,,121,2624.56,35985.45,N,N,N,N,2020
State,06,California,Humalog Kwikpen U-200,Insulin Lispro,1632,8952,14713.4,10638010.63,2440,,6988,11771.8,8274371.15,,1937,23796.76,477239.77,N,N,N,N,2020
State,08,Colorado,Humalog Kwikpen U-200,Insulin Lispro,181,758,1190,1043868.2,217,,521,850.5,684344.31,,144,1879.66,62460.42,N,N,N,N,2020
State,09,Connecticut,Humalog Kwikpen U-200,Insulin Lispro,258,1437,2562.8,2229545.84,411,,1083,1933.7,1472055.69,,317,2518.13,84004.55,N,N,N,N,2020
State,10,Delaware,Humalog Kwikpen U-200,Insulin Lispro,110,784,1423.4,1094599.42,219,,525,1000.4,768185.2,,160,2185.94,30836.99,N,N,N,N,2020
State,11,District of Columbia,Humalog Kwikpen U-200,Insulin Lispro,40,216,359.1,235724.43,51,,149,250.6,163739.32,,32,637.6,3078.04,N,N,N,N,2020
State,12,Florida,Humalog Kwikpen U-200,Insulin Lispro,1381,7185,12140.1,8888409.18,2049,,5471,9377.1,6495730.69,,1571,16413.01,457586.48,N,N,N,N,2020
State,13,Georgia,Humalog Kwikpen U-200,Insulin Lispro,772,4111,6732.5,5040887,1122,,2979,5008.6,3585953.84,,810,13700.63,225631.88,N,N,N,N,2020
State,15,Hawaii,Humalog Kwikpen U-200,Insulin Lispro,49,173,348.7,257866.23,60,,121,258.6,158971.65,,45,526.25,4308.69,N,N,N,N,2020
State,16,Idaho,Humalog Kwikpen U-200,Insulin Lispro,97,426,686.5,580094.63,114,,307,503.8,380120.64,,78,481.35,40786.15,N,N,N,N,2020
State,17,Illinois,Humalog Kwikpen U-200,Insulin Lispro,713,3433,5723.1,4886549.13,948,,2578,4421.4,3507111.89,,730,3776.27,230973.07,N,N,N,N,2020
State,18,Indiana,Humalog Kwikpen U-200,Insulin Lispro,625,3774,6098.2,5737810.71,980,,2355,4030.8,3429101.04,,644,6942.75,221677.07,N,N,N,N,2020
State,19,Iowa,Humalog Kwikpen U-200,Insulin Lispro,144,847,1123.9,1190461.18,171,,588,773.6,746947.92,,115,1693.9,59528.57,N,N,N,N,2020
State,20,Kansas,Humalog Kwikpen U-200,Insulin Lispro,188,932,1378.9,1118400.46,226,,674,1032.7,781213.66,,171,2018.01,76312.16,N,N,N,N,2020
State,21,Kentucky,Humalog Kwikpen U-200,Insulin Lispro,447,2464,3778.8,3541776.85,638,,1291,2141.1,1838334.7,,347,11543.23,92009.1,N,N,N,N,2020
State,22,Louisiana,Humalog Kwikpen U-200,Insulin Lispro,226,1064,1553.8,1213169.22,295,,671,1010.7,780833.7,,177,2327.4,47370.66,N,N,N,N,2020
State,23,Maine,Humalog Kwikpen U-200,Insulin Lispro,99,384,649.8,832661.41,112,,210,343.7,297353.62,,65,770.75,15798,N,N,N,N,2020
State,24,Maryland,Humalog Kwikpen U-200,Insulin Lispro,329,1601,2925.5,2223057.67,492,,1104,2053.5,1448298.59,,345,4493.15,91727.58,N,N,N,N,2020
State,25,Massachusetts,Humalog Kwikpen U-200,Insulin Lispro,350,1797,2826.3,2587492.59,465,,1173,1940,1579527.5,,319,2358.16,90801.03,N,N,N,N,2020
State,26,Michigan,Humalog Kwikpen U-200,Insulin Lispro,777,3614,7067.8,5678116.58,1054,,2660,5602,4187574.96,,828,5573.93,194944.83,N,N,N,N,2020
State,27,Minnesota,Humalog Kwikpen U-200,Insulin Lispro,236,1184,1785.3,1977244.65,260,,775,1215.6,1170294.38,,185,4480.6,90150.27,N,N,N,N,2020
State,28,Mississippi,Humalog Kwikpen U-200,Insulin Lispro,102,417,641.6,511473.65,117,,257,397.7,297773.45,,73,494.5,19657.8,N,N,N,N,2020
State,29,Missouri,Humalog Kwikpen U-200,Insulin Lispro,455,2783,4335.7,3972614.42,713,,1841,3010.4,2547742,,477,4556.84,190878.93,N,N,N,N,2020
State,30,Montana,Humalog Kwikpen U-200,Insulin Lispro,41,181,243.9,257573.68,51,,98,138.1,133703.39,,32,286.6,9881.99,N,N,N,N,2020
State,31,Nebraska,Humalog Kwikpen U-200,Insulin Lispro,115,731,969.6,1080892.48,145,,510,675.6,701969.45,,96,873.75,55755.75,N,N,N,N,2020
State,32,Nevada,Humalog Kwikpen U-200,Insulin Lispro,176,790,1412.7,1103756.45,244,,616,1101.5,799808.45,,193,3165.16,53827.45,N,N,N,N,2020
State,33,New Hampshire,Humalog Kwikpen U-200,Insulin Lispro,81,539,888.2,1006911.97,143,,371,646.2,675729.46,,101,514.98,55086.64,N,N,N,N,2020
State,34,New Jersey,Humalog Kwikpen U-200,Insulin Lispro,724,4981,8943.7,6176690.56,1335,,3781,7064.9,4873878.2,,1051,5402.32,275090.27,N,N,N,N,2020
State,35,New Mexico,Humalog Kwikpen U-200,Insulin Lispro,160,704,1253.9,1022287.55,222,,524,947.4,767925.7,,169,1291.04,35874.62,N,N,N,N,2020
State,36,New York,Humalog Kwikpen U-200,Insulin Lispro,1517,7729,12649.3,9895767.74,2060,,5572,9637.6,7116751.21,,1561,10120.07,414072.88,N,N,N,N,2020
State,37,North Carolina,Humalog Kwikpen U-200,Insulin Lispro,765,4531,6581.8,5424659.35,1105,,3204,4732.2,3812454.93,,776,12362.44,212289.63,N,N,N,N,2020
State,38,North Dakota,Humalog Kwikpen U-200,Insulin Lispro,33,179,271.1,369205.72,42,,125,184.7,251673.07,,31,460.67,22655.42,N,N,N,N,2020
State,39,Ohio,Humalog Kwikpen U-200,Insulin Lispro,1098,6465,10027.6,8692751.27,1643,,4320,7032.2,5810068.09,,1133,12844.46,427637.86,N,N,N,N,2020
State,40,Oklahoma,Humalog Kwikpen U-200,Insulin Lispro,241,1168,1872.3,1437056.15,322,,736,1216.5,852563.44,,202,2806.22,69101.75,N,N,N,N,2020
State,41,Oregon,Humalog Kwikpen U-200,Insulin Lispro,198,985,1658.3,1717264.63,262,,693,1157.2,1026507.73,,187,3127.68,95838.98,N,N,N,N,2020
State,42,Pennsylvania,Humalog Kwikpen U-200,Insulin Lispro,1004,5839,8959.1,7027420.61,1375,,3911,6276.1,4697367,,944,9470.24,319896.57,N,N,N,N,2020
State,44,Rhode Island,Humalog Kwikpen U-200,Insulin Lispro,55,344,526.5,489980.14,91,,224,346.4,301927.58,,60,538.2,23587.99,N,N,N,N,2020
State,45,South Carolina,Humalog Kwikpen U-200,Insulin Lispro,632,3416,5421.8,4090714.71,948,,2385,3809.4,2634987.76,,662,7700.15,156925.9,N,N,N,N,2020
State,46,South Dakota,Humalog Kwikpen U-200,Insulin Lispro,24,111,146.7,195723.77,26,,75,105.7,119326.32,#,,73.2,12306.65,N,N,N,N,2020
State,47,Tennessee,Humalog Kwikpen U-200,Insulin Lispro,678,3314,5403.1,4472545.45,968,,1935,3216.9,2412688.32,,579,12331.88,144554.01,N,N,N,N,2020
State,48,Texas,Humalog Kwikpen U-200,Insulin Lispro,2169,11856,20686.7,15582169.68,3487,,8194,14546,10354721.53,,2455,33704.16,603898.28,N,N,N,N,2020
State,49,Utah,Humalog Kwikpen U-200,Insulin Lispro,216,927,1611.9,1382038.75,264,,731,1301.6,1006341.23,,211,1145.19,105489.6,N,N,N,N,2020
State,50,Vermont,Humalog Kwikpen U-200,Insulin Lispro,32,114,214.7,350731.3,35,,62,120,184166.78,,21,136,12216.04,N,N,N,N,2020
State,51,Virginia,Humalog Kwikpen U-200,Insulin Lispro,447,2363,3876.7,3315512.64,642,,1705,2937.4,2383492.16,,468,4295.07,179137.01,N,N,N,N,2020
State,53,Washington,Humalog Kwikpen U-200,Insulin Lispro,288,1283,2138.9,2415331.45,372,,900,1580.8,1582594.41,,270,2775.53,106876.45,N,N,N,N,2020
State,54,West Virginia,Humalog Kwikpen U-200,Insulin Lispro,196,952,1498.7,1183457.35,242,,667,1072.1,759282.47,,162,3593.2,40945.44,N,N,N,N,2020
State,55,Wisconsin,Humalog Kwikpen U-200,Insulin Lispro,261,1283,1933.7,2250244.95,320,,868,1326.1,1356675.32,,215,4277.5,95539.55,N,N,N,N,2020
State,56,Wyoming,Humalog Kwikpen U-200,Insulin Lispro,16,73,113.1,109324.96,17,#,,,,#,,71.6,5031.09,N,N,N,N,2020
State,72,Puerto Rico,Humalog Kwikpen U-200,Insulin Lispro,136,793,967.4,615652.86,161,,507,612.1,383060.1,,109,121.3,6240.87,N,N,N,N,2020
State,78,Virgin Islands,Humalog Kwikpen U-200,Insulin Lispro,3,16,17.2,27024.68,,*,,,,*,,0,360,N,N,N,N,2020
State,9B,Armed Forces Europe,Humalog Kwikpen U-200,Insulin Lispro,1,30,32.9,45497.24,,*,,,,*,,75.5,3066.5,N,N,N,N,2020
National,,National,Insulin Lispro,Insulin Lispro,40636,194815,249838.4,55742219.36,66289,,146611,186204.5,39403156.34,,49459,347840.4,4681023.65,N,N,N,N,2020
State,01,Alabama,Insulin Lispro,Insulin Lispro,468,1980,2685.1,694591.93,725,,1322,1745.3,437475.09,,470,4391.54,54673.46,N,N,N,N,2020
State,02,Alaska,Insulin Lispro,Insulin Lispro,62,245,395.7,100095.02,78,,211,346.6,86635.34,,67,176.6,9139.55,N,N,N,N,2020
State,04,Arizona,Insulin Lispro,Insulin Lispro,1269,4933,6920.9,1508915.75,1991,,3556,4941.6,1025308.36,,1440,13467.23,118628.14,N,N,N,N,2020
State,05,Arkansas,Insulin Lispro,Insulin Lispro,506,2710,3167.4,761808.92,900,,1786,2005.2,414668.08,,594,7134.4,46564.77,N,N,N,N,2020
State,06,California,Insulin Lispro,Insulin Lispro,3754,18316,23506.1,4736363.07,5998,,13993,17907.4,3498365.45,,4607,23573.5,339016.15,N,N,N,N,2020
State,08,Colorado,Insulin Lispro,Insulin Lispro,656,2731,4025.1,974739.53,895,,2122,3097.3,717575.19,,681,5092.36,126798.53,N,N,N,N,2020
State,09,Connecticut,Insulin Lispro,Insulin Lispro,472,2388,3056.6,656567.71,812,,1966,2453.2,503988.18,,649,4333.98,41727.87,N,N,N,N,2020
State,10,Delaware,Insulin Lispro,Insulin Lispro,85,320,438.8,96024.75,127,,244,347.5,77206.21,,100,600.04,10109.6,N,N,N,N,2020
State,11,District of Columbia,Insulin Lispro,Insulin Lispro,42,114,148.7,25759.81,57,,74,97,14974.6,,35,190.35,2146.89,N,N,N,N,2020
State,12,Florida,Insulin Lispro,Insulin Lispro,3034,16449,21281,4521968.01,5393,,13233,16790.1,3411885.23,,4281,27685.25,335869.21,N,N,N,N,2020
State,13,Georgia,Insulin Lispro,Insulin Lispro,1524,7490,10285.4,2499572.31,2673,,5653,7818.6,1859508.92,,1982,18265.33,217633.72,N,N,N,N,2020
State,15,Hawaii,Insulin Lispro,Insulin Lispro,32,146,183.5,30261.08,43,,135,172.4,28635.78,#,,227.57,1244.4,N,N,N,N,2020
State,16,Idaho,Insulin Lispro,Insulin Lispro,192,727,1008.1,225942.88,277,,584,787.4,164074.6,,206,1683.58,32905.81,N,N,N,N,2020
State,17,Illinois,Insulin Lispro,Insulin Lispro,1851,9695,11535.9,2369294.16,3565,,7385,8750.8,1758165.6,,2706,11490.95,168392.58,N,N,N,N,2020
State,18,Indiana,Insulin Lispro,Insulin Lispro,1252,7318,9141.7,2170581.95,2482,,5447,6750.4,1463626.58,,1847,14486.28,195678.35,N,N,N,N,2020
State,19,Iowa,Insulin Lispro,Insulin Lispro,556,2943,3583.7,888397.77,848,,1933,2348.8,520936.93,,565,5596.8,53408.34,N,N,N,N,2020
State,20,Kansas,Insulin Lispro,Insulin Lispro,298,1398,1779.2,434220.01,402,,1160,1462.3,346676.69,,318,3932.71,58262.67,N,N,N,N,2020
State,21,Kentucky,Insulin Lispro,Insulin Lispro,755,4755,5762.7,1384166.48,1528,,3393,4021.6,888846.48,,1058,11971.79,104069.31,N,N,N,N,2020
State,22,Louisiana,Insulin Lispro,Insulin Lispro,432,1706,2107.3,507261.64,633,,1168,1446,324462.39,,432,3475.92,37591.75,N,N,N,N,2020
State,23,Maine,Insulin Lispro,Insulin Lispro,353,2181,2903,670665.79,557,,1635,2099,459378.03,,399,3662.31,35973.04,N,N,N,N,2020
State,24,Maryland,Insulin Lispro,Insulin Lispro,441,1312,1830.5,396233.94,589,,978,1348.1,278451.72,,420,3298.9,36046.52,N,N,N,N,2020
State,25,Massachusetts,Insulin Lispro,Insulin Lispro,789,3451,4365.2,923764.1,1267,,2790,3523,703925.48,,1018,4336.07,76052.73,N,N,N,N,2020
State,26,Michigan,Insulin Lispro,Insulin Lispro,1213,5311,6681.4,1367572.62,2034,,3979,4938.8,974505.7,,1483,7537.92,109586.46,N,N,N,N,2020
State,27,Minnesota,Insulin Lispro,Insulin Lispro,343,1151,1859.9,478789.83,432,,918,1510.3,373193.35,,350,1457.61,57160.01,N,N,N,N,2020
State,28,Mississippi,Insulin Lispro,Insulin Lispro,338,1288,1569.4,335748.24,505,,942,1122.3,214053.42,,350,1821,28481.61,N,N,N,N,2020
State,29,Missouri,Insulin Lispro,Insulin Lispro,789,3902,5002.1,1216978.28,1371,,2807,3613.1,821392.99,,999,7415.04,124601.07,N,N,N,N,2020
State,30,Montana,Insulin Lispro,Insulin Lispro,66,145,227.9,52779.58,74,,112,179.3,39521.38,,58,221.9,8279.08,N,N,N,N,2020
State,31,Nebraska,Insulin Lispro,Insulin Lispro,236,850,1057.9,248154.29,302,,667,813.4,180504.03,,226,1703.52,25544.62,N,N,N,N,2020
State,32,Nevada,Insulin Lispro,Insulin Lispro,246,745,1089.6,275242.57,323,,574,838.9,213662.28,,243,1406.54,27098.38,N,N,N,N,2020
State,33,New Hampshire,Insulin Lispro,Insulin Lispro,229,1133,1431.2,320428.91,343,,946,1215.4,264421.01,,285,1514.45,34304.92,N,N,N,N,2020
State,34,New Jersey,Insulin Lispro,Insulin Lispro,933,3606,4460.9,892165.04,1427,,2783,3406,664991.38,,1103,4503.83,77708.54,N,N,N,N,2020
State,35,New Mexico,Insulin Lispro,Insulin Lispro,250,863,1192.7,272926.23,340,,550,752.1,162431.83,,220,2211.08,22872.24,N,N,N,N,2020
State,36,New York,Insulin Lispro,Insulin Lispro,2209,9870,12313.5,2740972.89,3483,,7796,9807.2,2075235.62,,2749,12801.58,221586.64,N,N,N,N,2020
State,37,North Carolina,Insulin Lispro,Insulin Lispro,1172,4769,5872.4,1372731.94,1693,,3270,4013.3,856769.61,,1170,10950.53,121933.53,N,N,N,N,2020
State,38,North Dakota,Insulin Lispro,Insulin Lispro,57,171,215.2,44619.79,70,,129,157.6,31479.72,,51,234.49,6649.52,N,N,N,N,2020
State,39,Ohio,Insulin Lispro,Insulin Lispro,2322,14724,18256.8,4008595.25,4807,,10693,13143.3,2766562.82,,3525,29898.92,385602.19,N,N,N,N,2020
State,40,Oklahoma,Insulin Lispro,Insulin Lispro,304,1063,1368.4,324863.19,429,,719,897.8,183623.05,,289,2688.92,31366.6,N,N,N,N,2020
State,41,Oregon,Insulin Lispro,Insulin Lispro,712,3125,3891.8,823787.1,970,,2457,3005,602718.71,,759,5181.04,81131.06,N,N,N,N,2020
State,42,Pennsylvania,Insulin Lispro,Insulin Lispro,1567,8889,10446.8,2031834,2819,,7010,8168.1,1516276.46,,2186,8656.17,149407.29,N,N,N,N,2020
State,44,Rhode Island,Insulin Lispro,Insulin Lispro,166,984,1070.7,189864.29,312,,769,821.2,138655.33,,254,2155.45,9090.52,N,N,N,N,2020
State,45,South Carolina,Insulin Lispro,Insulin Lispro,638,2307,3178.9,757449.39,823,,1697,2289.3,517482.83,,578,4618.58,71772.18,N,N,N,N,2020
State,46,South Dakota,Insulin Lispro,Insulin Lispro,63,217,302.3,79951.33,85,,192,267.9,67615.2,,73,140.91,10126.36,N,N,N,N,2020
State,47,Tennessee,Insulin Lispro,Insulin Lispro,1306,5288,7300.9,1951374.94,2063,,3058,4175.7,1013902.41,,1197,14048.88,108394.22,N,N,N,N,2020
State,48,Texas,Insulin Lispro,Insulin Lispro,3164,15314,20000,4456629.76,5592,,11671,14951.5,3197329.32,,4194,31933.56,343196.72,N,N,N,N,2020
State,49,Utah,Insulin Lispro,Insulin Lispro,420,1771,2618.2,679890.57,647,,1312,1953.4,496364.61,,484,4925.48,94117.39,N,N,N,N,2020
State,50,Vermont,Insulin Lispro,Insulin Lispro,58,295,402.6,102895.33,87,,224,295.1,63383.31,,62,336.74,5761.01,N,N,N,N,2020
State,51,Virginia,Insulin Lispro,Insulin Lispro,897,3703,5043.4,1190727.06,1326,,2767,3708.3,856115.91,,955,7144.62,139710.78,N,N,N,N,2020
State,53,Washington,Insulin Lispro,Insulin Lispro,1028,4441,5734.9,1267319.44,1451,,3479,4435.1,935365.42,,1124,6182.66,120181.04,N,N,N,N,2020
State,54,West Virginia,Insulin Lispro,Insulin Lispro,194,747,1045,250151.71,284,,552,759.5,173508.7,,206,1991.51,27605.59,N,N,N,N,2020
State,55,Wisconsin,Insulin Lispro,Insulin Lispro,809,4439,5581.8,1312442.32,1308,,3430,4287.5,924084.51,,1008,4395.53,126928.22,N,N,N,N,2020
State,56,Wyoming,Insulin Lispro,Insulin Lispro,49,239,298.1,65866.47,63,,220,264,59684.87,#,,349.63,6600.44,N,N,N,N,2020
State,72,Puerto Rico,Insulin Lispro,Insulin Lispro,26,105,131.5,25590.51,40,,93,110.2,20866.59,,29,161.25,1152.83,N,N,N,N,2020
State,9B,Armed Forces Europe,Insulin Lispro,Insulin Lispro,2,27,44.3,18361.31,,*,,,,*,,118.4,482.82,N,N,N,N,2020
National,,National,Insulin Lispro Junior Kwikpen,Insulin Lispro,655,1167,1932.6,325269.35,664,,861,1413.6,235091.1,,486,1632.65,32142.33,N,N,N,N,2020
State,01,Alabama,Insulin Lispro Junior Kwikpen,Insulin Lispro,8,12,21.7,3804.18,,*,,,,*,,122.2,172.95,N,N,N,N,2020
State,04,Arizona,Insulin Lispro Junior Kwikpen,Insulin Lispro,15,21,34.7,5294.75,15,#,,,,#,,11.7,518.07,N,N,N,N,2020
State,06,California,Insulin Lispro Junior Kwikpen,Insulin Lispro,73,126,217.3,33683.42,79,,100,177,26444.45,,64,143.91,3759.42,N,N,N,N,2020
State,08,Colorado,Insulin Lispro Junior Kwikpen,Insulin Lispro,10,20,35.1,5633.41,12,#,,,,*,,29.6,557.53,N,N,N,N,2020
State,09,Connecticut,Insulin Lispro Junior Kwikpen,Insulin Lispro,21,36,79.6,10537.94,20,#,,,,#,,152.15,798.11,N,N,N,N,2020
State,12,Florida,Insulin Lispro Junior Kwikpen,Insulin Lispro,50,96,161.9,26968,51,,73,114,18870.1,,38,119.1,1445.07,N,N,N,N,2020
State,13,Georgia,Insulin Lispro Junior Kwikpen,Insulin Lispro,12,22,36.2,5626.02,12,#,,,,#,,35.8,875.26,N,N,N,N,2020
State,17,Illinois,Insulin Lispro Junior Kwikpen,Insulin Lispro,20,28,51.2,9725.23,20,#,,,,#,,20.8,617.03,N,N,N,N,2020
State,18,Indiana,Insulin Lispro Junior Kwikpen,Insulin Lispro,22,34,48,5096.83,24,#,,,,#,,48.65,850.67,N,N,N,N,2020
State,21,Kentucky,Insulin Lispro Junior Kwikpen,Insulin Lispro,9,13,18.9,3252.07,,*,,,,*,,114.14,459.99,N,N,N,N,2020
State,24,Maryland,Insulin Lispro Junior Kwikpen,Insulin Lispro,19,27,66.2,10487.92,18,#,,,,#,,43.3,773.53,N,N,N,N,2020
State,25,Massachusetts,Insulin Lispro Junior Kwikpen,Insulin Lispro,9,15,21.9,3612.91,,#,,,,*,,0,449.94,N,N,N,N,2020
State,26,Michigan,Insulin Lispro Junior Kwikpen,Insulin Lispro,18,52,63.1,10480.29,20,,33,36.1,6263.84,#,,46.8,1175.32,N,N,N,N,2020
State,27,Minnesota,Insulin Lispro Junior Kwikpen,Insulin Lispro,5,12,17.9,3055.53,,*,,,,*,,0,337.7,N,N,N,N,2020
State,29,Missouri,Insulin Lispro Junior Kwikpen,Insulin Lispro,19,47,56.3,7884.2,19,#,,,,#,,12.85,1260.15,N,N,N,N,2020
State,34,New Jersey,Insulin Lispro Junior Kwikpen,Insulin Lispro,18,32,61,9929.7,18,,20,40.6,5752.67,#,,85.85,605.13,N,N,N,N,2020
State,36,New York,Insulin Lispro Junior Kwikpen,Insulin Lispro,66,129,193.5,30428.58,66,,101,158.4,24258.88,,53,71.9,3003.86,N,N,N,N,2020
State,37,North Carolina,Insulin Lispro Junior Kwikpen,Insulin Lispro,22,38,65.8,9188.55,22,,17,34.7,3878.86,,11,42.45,736.25,N,N,N,N,2020
State,39,Ohio,Insulin Lispro Junior Kwikpen,Insulin Lispro,53,100,155.5,32858.95,55,,72,105.1,20697.16,,38,142.5,3519.09,N,N,N,N,2020
State,41,Oregon,Insulin Lispro Junior Kwikpen,Insulin Lispro,12,17,23.6,2844.79,11,#,,,,*,,17.9,523.95,N,N,N,N,2020
State,42,Pennsylvania,Insulin Lispro Junior Kwikpen,Insulin Lispro,11,22,30.3,5907.28,,#,,,,*,,33.5,609.69,N,N,N,N,2020
State,45,South Carolina,Insulin Lispro Junior Kwikpen,Insulin Lispro,15,26,45.3,9112.32,14,,12,23.5,5167.91,*,,16.75,667.66,N,N,N,N,2020
State,47,Tennessee,Insulin Lispro Junior Kwikpen,Insulin Lispro,7,14,22,2686,,*,,,,*,,29.6,184.71,N,N,N,N,2020
State,48,Texas,Insulin Lispro Junior Kwikpen,Insulin Lispro,42,64,117.4,20967.66,43,,43,73.1,13597.08,,25,144.61,1679.74,N,N,N,N,2020
State,51,Virginia,Insulin Lispro Junior Kwikpen,Insulin Lispro,14,26,46.1,8832.58,14,#,,,,#,,11.7,1765.92,N,N,N,N,2020
State,53,Washington,Insulin Lispro Junior Kwikpen,Insulin Lispro,12,22,47.3,6867.43,12,*,,,,*,,38.55,274.09,N,N,N,N,2020
State,55,Wisconsin,Insulin Lispro Junior Kwikpen,Insulin Lispro,10,16,26.3,4537.7,,#,,,,*,,26.85,1172.2,N,N,N,N,2020
National,,National,Insulin Lispro Kwikpen U-100,Insulin Lispro,78986,454719,673505.7,141605474.03,153606,,346477,514720.5,102339247.15,,115967,830484.51,12353761.02,N,N,N,N,2020
State,01,Alabama,Insulin Lispro Kwikpen U-100,Insulin Lispro,1082,4974,8218.2,2065178.88,2098,,3498,5738.3,1407033.8,,1443,14602.59,164631.83,N,N,N,N,2020
State,02,Alaska,Insulin Lispro Kwikpen U-100,Insulin Lispro,202,894,1528.5,319680.83,312,,625,1136.7,225109.15,,230,1605.52,20916.47,N,N,N,N,2020
State,04,Arizona,Insulin Lispro Kwikpen U-100,Insulin Lispro,1540,6073,9820.1,2096137.82,2563,,4676,7643.8,1607020.51,,1979,9240.01,207959.21,N,N,N,N,2020
State,05,Arkansas,Insulin Lispro Kwikpen U-100,Insulin Lispro,746,3562,5148.9,1385771.83,1262,,2093,3031.1,750423.72,,729,13246.85,97082.74,N,N,N,N,2020
State,06,California,Insulin Lispro Kwikpen U-100,Insulin Lispro,5845,29359,44660.1,8513040.81,10665,,22873,34930.5,6423087.12,,8321,43579.67,693226.75,N,N,N,N,2020
State,08,Colorado,Insulin Lispro Kwikpen U-100,Insulin Lispro,1139,5796,9025.7,1693164.05,1883,,4490,6994.3,1270330.56,,1425,8376.78,177807.29,N,N,N,N,2020
State,09,Connecticut,Insulin Lispro Kwikpen U-100,Insulin Lispro,1112,6590,10525.1,2140755.96,2173,,5143,8272.7,1580238.33,,1678,13667.68,121727.41,N,N,N,N,2020
State,10,Delaware,Insulin Lispro Kwikpen U-100,Insulin Lispro,287,1558,2491.6,515959.23,604,,1128,1859.3,379216.46,,455,2939.18,45673.84,N,N,N,N,2020
State,11,District of Columbia,Insulin Lispro Kwikpen U-100,Insulin Lispro,154,531,933.5,199886.93,231,,352,615.5,127650.6,,149,1342.69,13170.19,N,N,N,N,2020
State,12,Florida,Insulin Lispro Kwikpen U-100,Insulin Lispro,5060,34023,49776,9748300.92,11277,,28198,40895,7609758.98,,9188,62883.01,866855.91,N,N,N,N,2020
State,13,Georgia,Insulin Lispro Kwikpen U-100,Insulin Lispro,2344,13852,23300.1,5454407.08,5214,,10825,18526.8,4207229.18,,4017,36110.6,523458.85,N,N,N,N,2020
State,15,Hawaii,Insulin Lispro Kwikpen U-100,Insulin Lispro,117,382,602.7,116112.61,151,,294,456.5,80272.3,,111,470.65,6074.71,N,N,N,N,2020
State,16,Idaho,Insulin Lispro Kwikpen U-100,Insulin Lispro,370,1802,2692.2,593087.68,610,,1404,2104.3,460231.48,,469,1983.38,80509.62,N,N,N,N,2020
State,17,Illinois,Insulin Lispro Kwikpen U-100,Insulin Lispro,2965,16082,22930.6,4540532.55,5749,,12788,18277.5,3471236.28,,4502,20463.88,416746.55,N,N,N,N,2020
State,18,Indiana,Insulin Lispro Kwikpen U-100,Insulin Lispro,2532,20242,29616.8,6665461.55,6736,,14750,21723.4,4610463.76,,4909,38891.8,620698.84,N,N,N,N,2020
State,19,Iowa,Insulin Lispro Kwikpen U-100,Insulin Lispro,893,4588,6585.3,1713496.8,1523,,3309,4771.2,1153624,,1096,7479.73,138446.74,N,N,N,N,2020
State,20,Kansas,Insulin Lispro Kwikpen U-100,Insulin Lispro,805,5286,7575.7,1825533.46,1559,,4230,6097.8,1372933.27,,1222,8952.21,224001.99,N,N,N,N,2020
State,21,Kentucky,Insulin Lispro Kwikpen U-100,Insulin Lispro,1397,9350,13024.6,2827045.96,3034,,6829,9448.8,1871678.92,,2127,23015.57,248990.13,N,N,N,N,2020
State,22,Louisiana,Insulin Lispro Kwikpen U-100,Insulin Lispro,865,4469,6701,1445613.4,1738,,3148,4716,937986.32,,1199,11097.59,86759.16,N,N,N,N,2020
State,23,Maine,Insulin Lispro Kwikpen U-100,Insulin Lispro,572,2297,4131.8,1060705.37,908,,1651,3004.5,715173.34,,654,5129.05,70630.53,N,N,N,N,2020
State,24,Maryland,Insulin Lispro Kwikpen U-100,Insulin Lispro,1001,4496,7141.4,1377608.54,1715,,3386,5469.7,1040864.43,,1308,8721.76,146740.7,N,N,N,N,2020
State,25,Massachusetts,Insulin Lispro Kwikpen U-100,Insulin Lispro,1170,5191,7786.6,1536665.91,2007,,4246,6397.2,1219813.84,,1619,7550.93,129481.46,N,N,N,N,2020
State,26,Michigan,Insulin Lispro Kwikpen U-100,Insulin Lispro,2086,9790,14000.7,2697579.8,3636,,7746,11149.1,2087918.14,,2869,13758.86,277545.3,N,N,N,N,2020
State,27,Minnesota,Insulin Lispro Kwikpen U-100,Insulin Lispro,1343,5849,9110.1,2099338.57,2062,,4838,7636.8,1716494.64,,1695,7205.65,220207.38,N,N,N,N,2020
State,28,Mississippi,Insulin Lispro Kwikpen U-100,Insulin Lispro,450,1501,2335.3,545678.31,660,,972,1531.9,336863.15,,421,3372.53,44254.64,N,N,N,N,2020
State,29,Missouri,Insulin Lispro Kwikpen U-100,Insulin Lispro,1920,12839,17896.6,4274567.68,4211,,9237,12969.6,2796594.72,,3019,21715.41,377953.8,N,N,N,N,2020
State,30,Montana,Insulin Lispro Kwikpen U-100,Insulin Lispro,117,401,589,124726.69,155,,328,482.9,97757.03,,123,865.61,16996.61,N,N,N,N,2020
State,31,Nebraska,Insulin Lispro Kwikpen U-100,Insulin Lispro,551,2827,4069.3,850739.44,912,,2022,2943.3,591925.87,,659,3716.61,81395.85,N,N,N,N,2020
State,32,Nevada,Insulin Lispro Kwikpen U-100,Insulin Lispro,607,2926,4518.2,1003292.49,1138,,2265,3508.2,753465.83,,886,7495.52,97006.63,N,N,N,N,2020
State,33,New Hampshire,Insulin Lispro Kwikpen U-100,Insulin Lispro,405,2154,3252.8,754655.85,686,,1628,2492.7,558475.85,,518,4787.29,80607.86,N,N,N,N,2020
State,34,New Jersey,Insulin Lispro Kwikpen U-100,Insulin Lispro,1875,9678,14534.3,2761936.27,3412,,7862,11727.3,2149092.69,,2758,10911.74,266477.21,N,N,N,N,2020
State,35,New Mexico,Insulin Lispro Kwikpen U-100,Insulin Lispro,536,2446,3860.1,846842.37,934,,1770,2787.5,577737.17,,655,5979.01,56141.21,N,N,N,N,2020
State,36,New York,Insulin Lispro Kwikpen U-100,Insulin Lispro,6026,39600,55931.6,10980971.29,12169,,31881,45449.4,8636808.14,,9774,50456.4,881392.61,N,N,N,N,2020
State,37,North Carolina,Insulin Lispro Kwikpen U-100,Insulin Lispro,2989,18657,24809.7,4964196.83,5855,,13165,17397.8,3163606.59,,4142,40151.31,346288.87,N,N,N,N,2020
State,38,North Dakota,Insulin Lispro Kwikpen U-100,Insulin Lispro,170,866,1276,300338.95,249,,698,1056.1,242384.82,,204,1070.76,43333.52,N,N,N,N,2020
State,39,Ohio,Insulin Lispro Kwikpen U-100,Insulin Lispro,4987,35862,51471.7,10955371.85,11824,,25783,37366.2,7459042.4,,8480,73475.43,1050281.84,N,N,N,N,2020
State,40,Oklahoma,Insulin Lispro Kwikpen U-100,Insulin Lispro,724,3014,4528.8,985860.79,1238,,2017,3069.5,583218.03,,844,6057.82,76155.03,N,N,N,N,2020
State,41,Oregon,Insulin Lispro Kwikpen U-100,Insulin Lispro,1008,4156,6393.1,1345499.93,1577,,3315,5093,1016280.71,,1241,8390.06,164907.18,N,N,N,N,2020
State,42,Pennsylvania,Insulin Lispro Kwikpen U-100,Insulin Lispro,3549,21359,29946.2,5671967.79,6738,,16407,22973.7,4076107.22,,4994,27737.45,484842.52,N,N,N,N,2020
State,44,Rhode Island,Insulin Lispro Kwikpen U-100,Insulin Lispro,213,1688,1982.7,304696.29,427,,1349,1575.7,229288.29,,341,2589.36,19376.54,N,N,N,N,2020
State,45,South Carolina,Insulin Lispro Kwikpen U-100,Insulin Lispro,1644,9044,14112.7,3140630.03,3357,,6391,10033.3,2052364.22,,2386,20172.58,228451.32,N,N,N,N,2020
State,46,South Dakota,Insulin Lispro Kwikpen U-100,Insulin Lispro,154,642,987.1,250593.6,249,,536,825.9,207448.46,,208,1473.08,32916.39,N,N,N,N,2020
State,47,Tennessee,Insulin Lispro Kwikpen U-100,Insulin Lispro,1995,9891,14309.3,3290447.15,3683,,6649,9621.7,2014736.65,,2435,22983.39,219179.4,N,N,N,N,2020
State,48,Texas,Insulin Lispro Kwikpen U-100,Insulin Lispro,5869,34453,54855,11835781.61,12961,,25507,40257.3,8140665.31,,9493,93493.37,752401.86,N,N,N,N,2020
State,49,Utah,Insulin Lispro Kwikpen U-100,Insulin Lispro,624,2875,4591.5,1088760,1111,,2303,3703.6,862482.73,,886,5416.12,155983.29,N,N,N,N,2020
State,50,Vermont,Insulin Lispro Kwikpen U-100,Insulin Lispro,175,676,1156.7,258005.27,262,,552,947.8,205035.4,,214,683.7,27277.78,N,N,N,N,2020
State,51,Virginia,Insulin Lispro Kwikpen U-100,Insulin Lispro,1942,11977,17340.6,3280886.49,3880,,9154,13273.6,2437359.25,,2927,16803.03,353289.52,N,N,N,N,2020
State,53,Washington,Insulin Lispro Kwikpen U-100,Insulin Lispro,2036,11295,16568.8,3406698.57,3521,,9077,13367.2,2585515.02,,2795,16860.79,339511.94,N,N,N,N,2020
State,54,West Virginia,Insulin Lispro Kwikpen U-100,Insulin Lispro,536,2293,3478.2,768201.84,881,,1820,2781.4,592180.04,,660,4024.19,74758,N,N,N,N,2020
State,55,Wisconsin,Insulin Lispro Kwikpen U-100,Insulin Lispro,2123,13953,20474.7,4805776.37,4432,,10799,15886.6,3510583.5,,3367,16310.63,465379.78,N,N,N,N,2020
State,56,Wyoming,Insulin Lispro Kwikpen U-100,Insulin Lispro,96,332,502,79709.1,128,,260,399.1,61327.68,,103,353.6,11993.43,N,N,N,N,2020
State,69,Northern Mariana Islands,Insulin Lispro Kwikpen U-100,Insulin Lispro,4,34,34,4958.54,,,13,13,3347.22,*,,368.28,903.71,N,N,N,N,2020
State,72,Puerto Rico,Insulin Lispro Kwikpen U-100,Insulin Lispro,22,141,196.8,43014.43,47,,117,157.2,33467.67,,34,319.8,1735.15,N,N,N,N,2020
State,9B,Armed Forces Europe,Insulin Lispro Kwikpen U-100,Insulin Lispro,2,42,64.1,24627.14,,#,,,,*,,11.7,803.17,N,N,N,N,2020
State,9C,Armed Forces Pacific,Insulin Lispro Kwikpen U-100,Insulin Lispro,5,40,73.5,16513.5,16,#,,,,#,,95,1866.74,N,N,N,N,2020
State,9D,Unknown,Insulin Lispro Kwikpen U-100,Insulin Lispro,1,11,21.9,5731.79,,*,,,,*,,19.5,296.81,N,N,N,N,2020
National,,National,Admelog,Insulin Lispro,5013,16799,17917.9,2461284.37,7097,,11454,12079,1406239.61,,4697,35165.24,106211.9,N,N,N,N,2020
State,01,Alabama,Admelog,Insulin Lispro,18,50,52,8650.05,26,,28,30,2938.57,,15,81,487.29,N,N,N,N,2020
State,02,Alaska,Admelog,Insulin Lispro,4,14,19.2,3309.17,,,14,19.2,3309.17,*,,3.9,481.11,N,N,N,N,2020
State,04,Arizona,Admelog,Insulin Lispro,80,225,230,24926.52,116,,170,170.8,16304.35,,85,77.55,1821.91,N,N,N,N,2020
State,05,Arkansas,Admelog,Insulin Lispro,74,250,251.3,36721.33,122,,208,208.6,27281.11,,105,311.47,887.24,N,N,N,N,2020
State,06,California,Admelog,Insulin Lispro,844,2933,3140.8,439253.02,1235,,2171,2280.6,283504.85,,872,5110.23,11080.87,N,N,N,N,2020
State,08,Colorado,Admelog,Insulin Lispro,13,22,30.7,6151.34,15,#,,,,*,,11.7,477.02,N,N,N,N,2020
State,09,Connecticut,Admelog,Insulin Lispro,19,39,47.5,8854.78,21,,21,29.3,4264.45,#,,49.1,847.93,N,N,N,N,2020
State,10,Delaware,Admelog,Insulin Lispro,10,125,125,5670.45,30,,69,69,3170.58,,19,47.85,491.89,N,N,N,N,2020
State,11,District of Columbia,Admelog,Insulin Lispro,9,14,18.1,2101.38,,*,,,,*,,66.55,0,N,N,N,N,2020
State,12,Florida,Admelog,Insulin Lispro,76,208,225.4,26517.4,89,,160,170.5,18669.34,,67,249.2,2496.39,N,N,N,N,2020
State,13,Georgia,Admelog,Insulin Lispro,92,373,388.4,45836.31,163,,304,311.8,32740.25,,125,336.85,4526.21,N,N,N,N,2020
State,16,Idaho,Admelog,Insulin Lispro,9,16,16,1641.47,,#,,,,*,,3.9,137.8,N,N,N,N,2020
State,17,Illinois,Admelog,Insulin Lispro,331,932,982.7,163001.05,418,,511,529.1,65074.36,,225,1504.89,3347.86,N,N,N,N,2020
State,18,Indiana,Admelog,Insulin Lispro,111,581,594.7,65877.46,221,,325,333.9,28947.43,,136,2618.53,3743.83,N,N,N,N,2020
State,19,Iowa,Admelog,Insulin Lispro,31,172,172,16876.27,42,,129,129,11673.49,,29,68.65,1168.46,N,N,N,N,2020
State,20,Kansas,Admelog,Insulin Lispro,10,15,16.9,3015.07,12,*,,,,*,,16.75,58.38,N,N,N,N,2020
State,21,Kentucky,Admelog,Insulin Lispro,180,470,513.4,119435.1,217,,235,258,50244.51,,94,3269.01,5272.99,N,N,N,N,2020
State,22,Louisiana,Admelog,Insulin Lispro,39,94,102.7,17520.04,45,,60,65.5,11866.17,,30,213.09,2829.26,N,N,N,N,2020
State,23,Maine,Admelog,Insulin Lispro,16,31,38.2,5970.73,19,#,,,,#,,27.65,402.76,N,N,N,N,2020
State,24,Maryland,Admelog,Insulin Lispro,157,583,619.2,66558.31,237,,339,362.9,33308.98,,134,1489.58,1400.03,N,N,N,N,2020
State,25,Massachusetts,Admelog,Insulin Lispro,103,277,305.7,59948.61,121,,199,217.1,37869.88,,85,419.4,587.88,N,N,N,N,2020
State,26,Michigan,Admelog,Insulin Lispro,531,1084,1217.9,223765.64,597,,499,568.4,96024,,283,4595.07,8930.27,N,N,N,N,2020
State,27,Minnesota,Admelog,Insulin Lispro,21,35,39.1,5942.08,21,#,,,,#,,136.47,536.33,N,N,N,N,2020
State,28,Mississippi,Admelog,Insulin Lispro,23,54,56,7472.92,32,#,,,,#,,226.01,706.03,N,N,N,N,2020
State,29,Missouri,Admelog,Insulin Lispro,38,99,99.7,18729.19,43,,84,84.2,13175.05,#,,46,2586.43,N,N,N,N,2020
State,30,Montana,Admelog,Insulin Lispro,5,14,14.1,2768.98,,#,,,,*,,17.9,619.06,N,N,N,N,2020
State,31,Nebraska,Admelog,Insulin Lispro,7,18,18,2320.18,,#,,,,*,,242.84,696.62,N,N,N,N,2020
State,32,Nevada,Admelog,Insulin Lispro,26,53,58.5,9685,28,,18,20.5,2969.43,,11,282.77,236.52,N,N,N,N,2020
State,34,New Jersey,Admelog,Insulin Lispro,338,929,1074.3,162164.93,388,,491,573.5,79917.77,,201,3951.93,6263.47,N,N,N,N,2020
State,35,New Mexico,Admelog,Insulin Lispro,48,93,105.7,22979.01,49,,31,36.2,6758.01,,21,177.35,1238.15,N,N,N,N,2020
State,36,New York,Admelog,Insulin Lispro,518,1576,1672.5,248559.31,699,,1060,1101.2,132572.19,,471,2417.94,6559.76,N,N,N,N,2020
State,37,North Carolina,Admelog,Insulin Lispro,134,1135,1138.9,84941.3,330,,940,943.8,67329.28,,268,513.58,4533.65,N,N,N,N,2020
State,39,Ohio,Admelog,Insulin Lispro,243,893,947.6,110097.58,370,,562,599.4,55050.95,,233,1337.87,7637.31,N,N,N,N,2020
State,40,Oklahoma,Admelog,Insulin Lispro,69,536,536,50362.53,196,,426,426,40485.44,,160,133.08,2990.79,N,N,N,N,2020
State,41,Oregon,Admelog,Insulin Lispro,91,211,261.3,69882.08,95,,134,175.9,36537.3,,58,497.4,3784.84,N,N,N,N,2020
State,42,Pennsylvania,Admelog,Insulin Lispro,157,445,496.1,72341.08,191,,325,356,45716.67,,128,1079.7,3919.1,N,N,N,N,2020
State,44,Rhode Island,Admelog,Insulin Lispro,16,30,30.9,5458.08,17,#,,,,*,,88.1,0,N,N,N,N,2020
State,45,South Carolina,Admelog,Insulin Lispro,72,163,184.1,28843.79,77,,87,91.9,10066.61,,41,812.93,1070.65,N,N,N,N,2020
State,47,Tennessee,Admelog,Insulin Lispro,80,311,322.6,34110.31,135,,256,258,25148.03,,112,459.75,1899.3,N,N,N,N,2020
State,48,Texas,Admelog,Insulin Lispro,170,718,735.4,72448.81,332,,616,625.1,58112.14,,276,1085.36,1916.66,N,N,N,N,2020
State,49,Utah,Admelog,Insulin Lispro,60,566,566.4,36990.59,192,,468,468.4,29861.58,,150,523.04,2145.85,N,N,N,N,2020
State,51,Virginia,Admelog,Insulin Lispro,38,156,159.1,14071.26,62,,123,126.1,10999.02,,50,118.5,1250.19,N,N,N,N,2020
State,53,Washington,Admelog,Insulin Lispro,38,111,117.6,16710.12,47,,97,103.5,14196.14,#,,100.95,1111.52,N,N,N,N,2020
State,54,West Virginia,Admelog,Insulin Lispro,14,37,50.2,11248.69,19,#,,,,#,,54.15,1200.53,N,N,N,N,2020
State,55,Wisconsin,Admelog,Insulin Lispro,18,38,39,4856.22,18,#,,,,#,,53,533.46,N,N,N,N,2020
State,72,Puerto Rico,Admelog,Insulin Lispro,13,21,23.1,5744.18,13,#,,,,*,,53.7,417.26,N,N,N,N,2020
State,9E,Foreign Country,Admelog,Insulin Lispro,1,16,16,1112.3,,,16,16,1112.3,*,,7.8,0,N,N,N,N,2020
National,,National,Admelog Solostar,Insulin Lispro,9049,26837,32606.1,5781684.04,12063,,17749,21527.6,3409987.79,,7571,66181.89,244557.18,N,N,N,N,2020
State,01,Alabama,Admelog Solostar,Insulin Lispro,22,28,38.9,7042.7,23,#,,,,#,,75.95,965.82,N,N,N,N,2020
State,02,Alaska,Admelog Solostar,Insulin Lispro,9,27,46.5,14456.77,,#,,,,*,,3.9,128,N,N,N,N,2020
State,04,Arizona,Admelog Solostar,Insulin Lispro,40,78,84.3,10973.09,52,,56,59.9,7877.16,,37,106,764.46,N,N,N,N,2020
State,05,Arkansas,Admelog Solostar,Insulin Lispro,21,38,51.7,10710.5,23,,16,21.7,3766.5,#,,607.52,938.87,N,N,N,N,2020
State,06,California,Admelog Solostar,Insulin Lispro,1501,4596,5655.3,931190.35,1998,,3213,3892.6,591007.52,,1329,10312.39,29386.29,N,N,N,N,2020
State,08,Colorado,Admelog Solostar,Insulin Lispro,6,17,22.8,4112.05,,#,,,,*,,23.4,811.85,N,N,N,N,2020
State,09,Connecticut,Admelog Solostar,Insulin Lispro,79,209,260.8,48663.67,98,,172,207.2,36784.64,,79,579.44,2430.5,N,N,N,N,2020
State,10,Delaware,Admelog Solostar,Insulin Lispro,10,31,31.8,3414.16,,#,,,,*,,63.63,63.36,N,N,N,N,2020
State,11,District of Columbia,Admelog Solostar,Insulin Lispro,37,60,82.5,12916.41,38,,29,37.1,4913.31,,19,182.85,130.68,N,N,N,N,2020
State,12,Florida,Admelog Solostar,Insulin Lispro,190,1198,1318.1,129881.15,331,,1100,1211.1,111663.84,,286,672.07,4456.89,N,N,N,N,2020
State,13,Georgia,Admelog Solostar,Insulin Lispro,109,339,390.4,80226.93,199,,127,153,28790.76,,61,2195.99,6368.44,N,N,N,N,2020
State,15,Hawaii,Admelog Solostar,Insulin Lispro,32,65,96.4,21129.76,34,,32,56.1,12871.22,,19,352.73,210.53,N,N,N,N,2020
State,16,Idaho,Admelog Solostar,Insulin Lispro,17,41,41.4,5213.27,27,,27,27.2,3652.22,#,,21.8,382.01,N,N,N,N,2020
State,17,Illinois,Admelog Solostar,Insulin Lispro,426,999,1237.9,272248.8,495,,458,587.3,112175.8,,231,2197.65,8668.96,N,N,N,N,2020
State,18,Indiana,Admelog Solostar,Insulin Lispro,324,784,1024.3,254081.02,413,,346,444.2,95238.34,,178,4559.15,14030.85,N,N,N,N,2020
State,19,Iowa,Admelog Solostar,Insulin Lispro,9,21,35.2,5731.69,,#,,,,*,,152.3,1047.25,N,N,N,N,2020
State,20,Kansas,Admelog Solostar,Insulin Lispro,45,232,248,38060.03,75,,172,187.2,23871.41,,58,389.4,1620.52,N,N,N,N,2020
State,21,Kentucky,Admelog Solostar,Insulin Lispro,397,995,1207.6,311447.27,534,,395,476.1,112336.58,,226,7128,5953.74,N,N,N,N,2020
State,22,Louisiana,Admelog Solostar,Insulin Lispro,73,132,172.5,25535.4,78,,75,100.4,14821.13,,42,386.85,612.62,N,N,N,N,2020
State,23,Maine,Admelog Solostar,Insulin Lispro,11,27,37.7,14777.78,14,#,,,,*,,37.4,0,N,N,N,N,2020
State,24,Maryland,Admelog Solostar,Insulin Lispro,199,400,522.8,109826.01,230,,190,260.9,50782.99,,108,1974.45,2755.87,N,N,N,N,2020
State,25,Massachusetts,Admelog Solostar,Insulin Lispro,214,530,679.3,128282.25,243,,366,461.7,84806.52,,144,870.45,4910.03,N,N,N,N,2020
State,26,Michigan,Admelog Solostar,Insulin Lispro,433,1270,1606.4,277592.43,613,,869,1105,170313.03,,412,3003.61,14654.09,N,N,N,N,2020
State,27,Minnesota,Admelog Solostar,Insulin Lispro,113,403,471.3,68821.92,182,,261,307.6,39060.21,,122,1020.04,5230.2,N,N,N,N,2020
State,28,Mississippi,Admelog Solostar,Insulin Lispro,7,13,20,7037.75,,#,,,,*,,55.3,482.8,N,N,N,N,2020
State,29,Missouri,Admelog Solostar,Insulin Lispro,76,198,234.1,46047.61,91,,129,151.9,26099.42,,55,535.28,4448.2,N,N,N,N,2020
State,31,Nebraska,Admelog Solostar,Insulin Lispro,10,31,38.9,13614.11,,#,,,,*,,16.75,2192.03,N,N,N,N,2020
State,32,Nevada,Admelog Solostar,Insulin Lispro,57,186,224,33435.41,80,,125,154.6,21589.03,,46,729.61,1598.77,N,N,N,N,2020
State,33,New Hampshire,Admelog Solostar,Insulin Lispro,25,51,59.7,13089.32,25,,31,36.7,8768.63,,13,158.1,1441.43,N,N,N,N,2020
State,34,New Jersey,Admelog Solostar,Insulin Lispro,302,772,994.6,164340.41,375,,557,700.5,106815.57,,253,2274.81,9434.26,N,N,N,N,2020
State,35,New Mexico,Admelog Solostar,Insulin Lispro,73,182,223,50776.99,95,,77,93.6,18081.84,,47,311.1,646.43,N,N,N,N,2020
State,36,New York,Admelog Solostar,Insulin Lispro,2081,6796,7954.7,1326713.84,2998,,4554,5380.7,824501.29,,1971,13584.97,44921.48,N,N,N,N,2020
State,37,North Carolina,Admelog Solostar,Insulin Lispro,125,621,652.1,80718.63,239,,468,489.6,60502.53,,174,469.53,4431.69,N,N,N,N,2020
State,38,North Dakota,Admelog Solostar,Insulin Lispro,34,212,234.6,39898.71,59,,156,177.7,29157.73,,47,271.94,1260.37,N,N,N,N,2020
State,39,Ohio,Admelog Solostar,Insulin Lispro,327,725,884.6,183752.04,382,,391,500.3,84840.89,,207,1623.23,8505.75,N,N,N,N,2020
State,40,Oklahoma,Admelog Solostar,Insulin Lispro,28,194,217.3,36700.38,59,,164,176.2,31786.71,,47,11.7,77.78,N,N,N,N,2020
State,41,Oregon,Admelog Solostar,Insulin Lispro,179,332,461,92597.94,197,,179,261.4,53673.72,,113,759.59,6091.41,N,N,N,N,2020
State,42,Pennsylvania,Admelog Solostar,Insulin Lispro,677,1733,2280.9,453564.34,822,,1152,1518.8,279271,,502,4248.66,26423.67,N,N,N,N,2020
State,44,Rhode Island,Admelog Solostar,Insulin Lispro,33,70,86.9,15593.09,36,,53,67.9,11254.28,,23,104.85,455.34,N,N,N,N,2020
State,45,South Carolina,Admelog Solostar,Insulin Lispro,139,309,413.2,82874.62,170,,190,256.5,46806.24,,88,966.26,5212.51,N,N,N,N,2020
State,46,South Dakota,Admelog Solostar,Insulin Lispro,11,58,70.4,21526.09,19,,35,45.8,9464.82,#,,38.55,802.28,N,N,N,N,2020
State,47,Tennessee,Admelog Solostar,Insulin Lispro,95,408,471.2,53004.85,170,,337,372,35197.27,,135,988.78,3189.7,N,N,N,N,2020
State,48,Texas,Admelog Solostar,Insulin Lispro,230,761,836.3,130497.32,329,,602,650.6,97235.88,,261,1330.72,6592.5,N,N,N,N,2020
State,49,Utah,Admelog Solostar,Insulin Lispro,13,29,36.1,4592.22,15,#,,,,#,,19.5,452.84,N,N,N,N,2020
State,51,Virginia,Admelog Solostar,Insulin Lispro,60,170,221.3,32918.07,85,,134,174.8,24346.91,,63,271.21,2213.47,N,N,N,N,2020
State,53,Washington,Admelog Solostar,Insulin Lispro,55,227,323,46732.47,85,,173,256.2,33906.83,,61,174.66,2036.99,N,N,N,N,2020
State,54,West Virginia,Admelog Solostar,Insulin Lispro,26,58,82.5,16232.05,30,,35,53.9,10597.61,,14,116.1,188.82,N,N,N,N,2020
State,55,Wisconsin,Admelog Solostar,Insulin Lispro,56,156,188.5,44899.28,70,,95,119.9,29162.13,,51,188.12,4723.19,N,N,N,N,2020
National,,National,Apidra,Insulin Glulisine,1238,4628,7389.3,4528780.01,1146,,3219,5424.6,3212752.98,,806,12127.06,258513.23,N,N,N,N,2020
State,01,Alabama,Apidra,Insulin Glulisine,13,42,67.4,42429.4,13,,24,42,29009.01,*,,230.08,1841.3,N,N,N,N,2020
State,04,Arizona,Apidra,Insulin Glulisine,20,97,128,76986.25,20,,73,96.2,53106.59,#,,33.5,4313.27,N,N,N,N,2020
State,05,Arkansas,Apidra,Insulin Glulisine,8,37,37.1,90170.65,,#,,,,*,,66.55,1742.07,N,N,N,N,2020
State,06,California,Apidra,Insulin Glulisine,161,649,954,542156.54,155,,426,690.8,367180.64,,105,841.88,29848.46,N,N,N,N,2020
State,08,Colorado,Apidra,Insulin Glulisine,11,33,59.9,34331.28,11,,18,39.5,21765.33,*,,262.63,1395.94,N,N,N,N,2020
State,09,Connecticut,Apidra,Insulin Glulisine,20,59,141.8,90655.25,18,,44,102,69872.22,#,,57.6,1335.14,N,N,N,N,2020
State,11,District of Columbia,Apidra,Insulin Glulisine,6,25,30,22331.45,,,13,13,3842.2,*,,55.3,1029.28,N,N,N,N,2020
State,12,Florida,Apidra,Insulin Glulisine,50,143,291.3,167947.07,46,,114,230.3,131393.85,#,,280.65,10305.05,N,N,N,N,2020
State,13,Georgia,Apidra,Insulin Glulisine,34,130,197.9,108958.47,34,,103,151.4,95951.57,#,,245.3,7650.88,N,N,N,N,2020
State,16,Idaho,Apidra,Insulin Glulisine,10,49,65.5,29689.94,,,24,38.7,21437.41,*,,23.4,3321.04,N,N,N,N,2020
State,17,Illinois,Apidra,Insulin Glulisine,27,95,159,79563.29,27,,64,108.8,56832.42,#,,160.22,6150,N,N,N,N,2020
State,18,Indiana,Apidra,Insulin Glulisine,30,120,160.2,118305.39,28,,62,92.1,54909.21,,17,238.65,2114.26,N,N,N,N,2020
State,19,Iowa,Apidra,Insulin Glulisine,8,28,55.2,19184.31,,#,,,,*,,3.9,786.11,N,N,N,N,2020
State,20,Kansas,Apidra,Insulin Glulisine,6,15,16.8,5800.29,,#,,,,*,,66.55,1336.08,N,N,N,N,2020
State,21,Kentucky,Apidra,Insulin Glulisine,29,107,164.6,111976.96,25,,74,118.8,64460.29,#,,1445.5,1863.1,N,N,N,N,2020
State,22,Louisiana,Apidra,Insulin Glulisine,20,53,61.1,28635.27,21,,36,42.8,22411.66,#,,204,2314.63,N,N,N,N,2020
State,23,Maine,Apidra,Insulin Glulisine,7,20,37.4,51462.73,,#,,,,*,,19.85,600,N,N,N,N,2020
State,24,Maryland,Apidra,Insulin Glulisine,17,61,121.3,55527.3,16,,47,103.5,46551.41,#,,119.1,2933.84,N,N,N,N,2020
State,25,Massachusetts,Apidra,Insulin Glulisine,19,63,103.5,57912.12,19,#,,,,#,,56.9,6664.04,N,N,N,N,2020
State,26,Michigan,Apidra,Insulin Glulisine,132,487,748.5,398476.57,132,,339,536.2,277610.4,,87,1315.47,31367.67,N,N,N,N,2020
State,27,Minnesota,Apidra,Insulin Glulisine,15,72,82.1,34203.94,13,,39,43,20864.14,*,,478.39,2288.76,N,N,N,N,2020
State,28,Mississippi,Apidra,Insulin Glulisine,8,23,29,8263.26,,*,,,,*,,56.45,699.04,N,N,N,N,2020
State,29,Missouri,Apidra,Insulin Glulisine,20,64,122.1,62432.86,18,,48,105.8,54835.51,#,,42.22,4751.46,N,N,N,N,2020
State,31,Nebraska,Apidra,Insulin Glulisine,5,23,25,27373.64,,*,,,,*,,41.3,572.18,N,N,N,N,2020
State,32,Nevada,Apidra,Insulin Glulisine,9,31,54.8,36882.76,,,14,32.1,23749.4,*,,71.6,1630.03,N,N,N,N,2020
State,33,New Hampshire,Apidra,Insulin Glulisine,4,17,18.3,11604.73,,#,,,,*,,3.9,0,N,N,N,N,2020
State,34,New Jersey,Apidra,Insulin Glulisine,57,246,452.3,261499.45,57,,189,371.1,203021.49,#,,50.4,13471.65,N,N,N,N,2020
State,35,New Mexico,Apidra,Insulin Glulisine,3,16,31.8,44860.86,,,16,31.8,44860.86,*,,0,2524.22,N,N,N,N,2020
State,36,New York,Apidra,Insulin Glulisine,77,310,507.7,317385.36,71,,265,434.6,278983.82,,57,1310.28,12595.07,N,N,N,N,2020
State,37,North Carolina,Apidra,Insulin Glulisine,41,150,221.7,134137.83,40,,102,155.6,87278.59,,26,279.95,10843.19,N,N,N,N,2020
State,39,Ohio,Apidra,Insulin Glulisine,61,262,429.6,393392.64,56,,221,361.3,322085.11,#,,944.67,16743.47,N,N,N,N,2020
State,40,Oklahoma,Apidra,Insulin Glulisine,3,21,31,39094.75,,*,,,,*,,34.65,225,N,N,N,N,2020
State,41,Oregon,Apidra,Insulin Glulisine,11,39,64.1,30124.57,,#,,,,*,,54.6,5319.72,N,N,N,N,2020
State,42,Pennsylvania,Apidra,Insulin Glulisine,87,351,584.4,358219.37,82,,253,438.2,235183,,61,657.15,24395.25,N,N,N,N,2020
State,45,South Carolina,Apidra,Insulin Glulisine,17,56,111.4,73251.44,17,,25,60.1,35026.38,*,,82.15,3701.87,N,N,N,N,2020
State,47,Tennessee,Apidra,Insulin Glulisine,25,49,97.5,65559.94,21,,37,81.6,47339.81,#,,69.3,5398.04,N,N,N,N,2020
State,48,Texas,Apidra,Insulin Glulisine,57,213,338.1,188159.29,53,,114,189.2,108126.82,,33,1498.79,14708.49,N,N,N,N,2020
State,49,Utah,Apidra,Insulin Glulisine,5,14,18.2,12904.67,,,0,0,0,#,,36.25,0,N,N,N,N,2020
State,51,Virginia,Apidra,Insulin Glulisine,23,86,156.2,79973.31,23,,45,97.7,39949.87,#,,229.25,5898.71,N,N,N,N,2020
State,53,Washington,Apidra,Insulin Glulisine,18,59,109,73720.4,16,,34,69,43413.83,*,,342.63,3470.23,N,N,N,N,2020
State,54,West Virginia,Apidra,Insulin Glulisine,11,30,52.7,29869.07,,,19,37.7,19430.33,*,,46.8,2575.9,N,N,N,N,2020
State,55,Wisconsin,Apidra,Insulin Glulisine,8,28,41.5,21478.62,,#,,,,*,,0,3412.12,N,N,N,N,2020
State,72,Puerto Rico,Apidra,Insulin Glulisine,26,119,134.3,49503.2,20,,91,104.6,37199.79,#,,0,559.07,N,N,N,N,2020
National,,National,Apidra Solostar,Insulin Glulisine,3777,13366,22621.5,12255822.68,3644,,9952,17515.1,8950560.64,,2709,29693.29,716929.87,N,N,N,N,2020
State,01,Alabama,Apidra Solostar,Insulin Glulisine,38,122,238,119463.67,38,,68,129.1,69337.21,,20,705.42,3932.76,N,N,N,N,2020
State,02,Alaska,Apidra Solostar,Insulin Glulisine,14,41,100.3,81772.85,17,#,,,,#,,24.75,144,N,N,N,N,2020
State,04,Arizona,Apidra Solostar,Insulin Glulisine,55,203,349.3,182888.19,54,,177,302.4,151819.79,#,,438.29,12443.93,N,N,N,N,2020
State,05,Arkansas,Apidra Solostar,Insulin Glulisine,20,75,103.1,48542.43,16,,39,53.4,16026.07,*,,47.95,3764.23,N,N,N,N,2020
State,06,California,Apidra Solostar,Insulin Glulisine,429,1702,2710.6,1424365.01,457,,1307,2168.1,1099977.69,,354,2531.35,65156.37,N,N,N,N,2020
State,08,Colorado,Apidra Solostar,Insulin Glulisine,39,115,179.4,102624.63,34,,75,119.7,53996.98,,21,616.4,6017.46,N,N,N,N,2020
State,09,Connecticut,Apidra Solostar,Insulin Glulisine,57,246,431.1,214767.83,61,,206,370.4,173567.9,,50,427.67,7791.17,N,N,N,N,2020
State,10,Delaware,Apidra Solostar,Insulin Glulisine,11,35,63.2,48921.58,13,,35,63.2,48921.58,,13,62.65,1139.01,N,N,N,N,2020
State,11,District of Columbia,Apidra Solostar,Insulin Glulisine,7,14,22.6,14628.54,,#,,,,*,,166.76,0,N,N,N,N,2020
State,12,Florida,Apidra Solostar,Insulin Glulisine,162,551,988.4,434921.31,155,,468,856.6,368401.14,,134,835.45,35984.27,N,N,N,N,2020
State,13,Georgia,Apidra Solostar,Insulin Glulisine,94,302,506.2,253689,88,,231,397.7,206472.64,,64,471.8,19583.91,N,N,N,N,2020
State,15,Hawaii,Apidra Solostar,Insulin Glulisine,16,68,142.5,73817.53,24,#,,,,#,,47.17,982.23,N,N,N,N,2020
State,16,Idaho,Apidra Solostar,Insulin Glulisine,33,124,221.1,117947.46,31,,91,164.3,81898.9,#,,105.55,9444.93,N,N,N,N,2020
State,17,Illinois,Apidra Solostar,Insulin Glulisine,124,400,712.4,379021.14,116,,336,600.9,314646.33,,93,192.2,28775.21,N,N,N,N,2020
State,18,Indiana,Apidra Solostar,Insulin Glulisine,169,550,976.2,570487.45,177,,320,616.9,299527.26,,111,1466.87,26738.39,N,N,N,N,2020
State,19,Iowa,Apidra Solostar,Insulin Glulisine,31,122,175.8,129171.03,30,,102,143.9,88180.87,#,,101.2,4364.57,N,N,N,N,2020
State,20,Kansas,Apidra Solostar,Insulin Glulisine,14,58,87.4,48889.61,14,,40,62.4,38544.79,#,,62.65,3565.27,N,N,N,N,2020
State,21,Kentucky,Apidra Solostar,Insulin Glulisine,77,266,422,304279.02,77,,159,269.6,165592.75,,46,799.57,12366.38,N,N,N,N,2020
State,22,Louisiana,Apidra Solostar,Insulin Glulisine,66,176,271.3,114307.54,63,,109,185,75809.9,,39,478.85,6950.69,N,N,N,N,2020
State,23,Maine,Apidra Solostar,Insulin Glulisine,13,31,61.3,23147.83,13,#,,,,*,,65.4,1375.84,N,N,N,N,2020
State,24,Maryland,Apidra Solostar,Insulin Glulisine,56,187,362.1,209234.48,54,,144,284.6,153066.96,,40,474.35,10876.32,N,N,N,N,2020
State,25,Massachusetts,Apidra Solostar,Insulin Glulisine,47,170,274.3,135503.04,39,,87,161.5,76701.2,,23,248.41,5524.08,N,N,N,N,2020
State,26,Michigan,Apidra Solostar,Insulin Glulisine,350,1330,2382.1,1323265.61,354,,1010,1909.3,991956.27,,276,2942.76,103188.01,N,N,N,N,2020
State,27,Minnesota,Apidra Solostar,Insulin Glulisine,36,130,193.6,130767.85,33,,84,127.4,65337.68,,22,2356.38,9978.04,N,N,N,N,2020
State,28,Mississippi,Apidra Solostar,Insulin Glulisine,14,54,112.8,63602.46,13,,31,86.3,39548.7,*,,127.3,613.55,N,N,N,N,2020
State,29,Missouri,Apidra Solostar,Insulin Glulisine,43,145,224.2,134217.12,43,,106,177.9,94446.22,,32,394.3,7579.01,N,N,N,N,2020
State,30,Montana,Apidra Solostar,Insulin Glulisine,4,13,23.7,14174.74,,*,,,,*,,602.27,0,N,N,N,N,2020
State,31,Nebraska,Apidra Solostar,Insulin Glulisine,11,39,64.2,35596.49,,#,,,,*,,169.6,2096.39,N,N,N,N,2020
State,32,Nevada,Apidra Solostar,Insulin Glulisine,17,42,85.2,48062.39,19,#,,,,#,,78.25,1552.74,N,N,N,N,2020
State,33,New Hampshire,Apidra Solostar,Insulin Glulisine,6,16,34.8,20211.61,,#,,,,*,,53.7,1101.49,N,N,N,N,2020
State,34,New Jersey,Apidra Solostar,Insulin Glulisine,154,571,1221.1,695453.17,179,,474,1066,578228.55,,153,1470.85,35082.6,N,N,N,N,2020
State,35,New Mexico,Apidra Solostar,Insulin Glulisine,12,37,61.8,39294.31,11,,16,21.6,14805.49,*,,305.33,1146.75,N,N,N,N,2020
State,36,New York,Apidra Solostar,Insulin Glulisine,266,1077,1702.9,877801.47,259,,887,1426.5,732334.98,,213,2437.94,41003.88,N,N,N,N,2020
State,37,North Carolina,Apidra Solostar,Insulin Glulisine,102,330,524.7,277243.88,103,,206,355.9,166568.73,,64,477.05,22764.56,N,N,N,N,2020
State,38,North Dakota,Apidra Solostar,Insulin Glulisine,8,32,60,34505.16,,,17,38.2,19874.61,*,,48.65,4076.91,N,N,N,N,2020
State,39,Ohio,Apidra Solostar,Insulin Glulisine,178,641,1055.5,573057.28,167,,496,848.6,436118.7,,121,1684.39,29946.01,N,N,N,N,2020
State,40,Oklahoma,Apidra Solostar,Insulin Glulisine,44,161,227.7,148378.77,42,,108,148.8,68607.06,,27,154.65,5953.38,N,N,N,N,2020
State,41,Oregon,Apidra Solostar,Insulin Glulisine,42,117,228.2,108653.18,35,,98,180.1,78433.34,#,,115.2,10625.91,N,N,N,N,2020
State,42,Pennsylvania,Apidra Solostar,Insulin Glulisine,316,1032,1769,933285.52,304,,717,1267.8,652924.1,,205,2055.83,58614.79,N,N,N,N,2020
State,44,Rhode Island,Apidra Solostar,Insulin Glulisine,9,26,51.3,17340.53,,#,,,,*,,29.6,2037.91,N,N,N,N,2020
State,45,South Carolina,Apidra Solostar,Insulin Glulisine,60,205,306.4,154980.85,56,,151,227.3,114686.57,,36,417.8,10098.24,N,N,N,N,2020
State,46,South Dakota,Apidra Solostar,Insulin Glulisine,9,16,38.3,14378.27,,#,,,,*,,3.9,2443.33,N,N,N,N,2020
State,47,Tennessee,Apidra Solostar,Insulin Glulisine,42,118,197.3,116044.26,40,,95,164.5,88567.4,#,,255.1,6446.12,N,N,N,N,2020
State,48,Texas,Apidra Solostar,Insulin Glulisine,189,614,1025.4,597335.48,181,,454,762.1,428769.94,,131,1818.09,44764.25,N,N,N,N,2020
State,49,Utah,Apidra Solostar,Insulin Glulisine,13,35,71.2,32686.07,12,#,,,,*,,15.6,3951.49,N,N,N,N,2020
State,50,Vermont,Apidra Solostar,Insulin Glulisine,9,25,49.8,21475.15,,#,,,,*,,17.9,1459.34,N,N,N,N,2020
State,51,Virginia,Apidra Solostar,Insulin Glulisine,79,211,365.3,191336.88,73,,152,283.3,144389.88,,52,231.5,11429.19,N,N,N,N,2020
State,53,Washington,Apidra Solostar,Insulin Glulisine,88,353,508.4,240087.2,76,,229,368.2,171247.94,,53,245.75,12374.12,N,N,N,N,2020
State,54,West Virginia,Apidra Solostar,Insulin Glulisine,34,167,240.5,109662.9,31,,127,176.4,65215.26,#,,144.55,7928.92,N,N,N,N,2020
State,55,Wisconsin,Apidra Solostar,Insulin Glulisine,40,147,239.6,171876.21,40,,107,192.3,124372.01,#,,659.39,7628.85,N,N,N,N,2020
State,72,Puerto Rico,Apidra Solostar,Insulin Glulisine,26,113,139.2,91080.14,22,,85,102.4,48677.69,#,,0,2619,N,N,N,N,2020
National,,National,Fiasp,Insulin Aspart (Niacinamide),2385,10032,17230.4,11997955.32,2881,,6225,10979.7,7137708.42,,1846,25358.08,536648.58,N,N,N,N,2021
State,01,Alabama,Fiasp,Insulin Aspart (Niacinamide),38,161,340.3,257235.37,52,,78,191.8,129777.07,,27,333.2,10133.72,N,N,N,N,2021
State,04,Arizona,Fiasp,Insulin Aspart (Niacinamide),58,230,389.6,230684.21,68,,179,292.3,171257.64,,53,1222.63,15099.65,N,N,N,N,2021
State,05,Arkansas,Fiasp,Insulin Aspart (Niacinamide),19,117,129.5,97218.98,20,,58,59.4,27640.62,*,,432,2969.1,N,N,N,N,2021
State,06,California,Fiasp,Insulin Aspart (Niacinamide),183,718,1162.1,750402.81,202,,501,837.8,527262.76,,143,734.8,43627.4,N,N,N,N,2021
State,08,Colorado,Fiasp,Insulin Aspart (Niacinamide),32,126,281.3,164142.22,39,,62,143.5,73169.59,,21,232.4,7410.42,N,N,N,N,2021
State,09,Connecticut,Fiasp,Insulin Aspart (Niacinamide),25,110,213.6,165335.18,31,,68,135.1,103674.48,,19,310.8,4428.57,N,N,N,N,2021
State,10,Delaware,Fiasp,Insulin Aspart (Niacinamide),5,17,44.8,43716.02,,#,,,,*,,4,2817.52,N,N,N,N,2021
State,11,District of Columbia,Fiasp,Insulin Aspart (Niacinamide),3,14,23.9,17192.93,,*,,,,*,,9.2,676,N,N,N,N,2021
State,12,Florida,Fiasp,Insulin Aspart (Niacinamide),234,937,1835,1208876.44,312,,638,1274.4,783293.17,,218,1619.67,48626.15,N,N,N,N,2021
State,13,Georgia,Fiasp,Insulin Aspart (Niacinamide),111,466,744,506226.67,126,,259,419,244721.08,,74,1702.87,30068.29,N,N,N,N,2021
State,16,Idaho,Fiasp,Insulin Aspart (Niacinamide),17,52,103,63483.08,20,,33,56.1,35547.18,#,,98.8,3528.89,N,N,N,N,2021
State,17,Illinois,Fiasp,Insulin Aspart (Niacinamide),81,291,467,314544.69,87,,172,315.3,215285.01,,59,563,17348.33,N,N,N,N,2021
State,18,Indiana,Fiasp,Insulin Aspart (Niacinamide),77,333,560,451255.18,95,,175,303.1,232716.85,,50,481.6,15783.64,N,N,N,N,2021
State,19,Iowa,Fiasp,Insulin Aspart (Niacinamide),14,28,32.3,19248.47,15,#,,,,#,,8,2048.37,N,N,N,N,2021
State,20,Kansas,Fiasp,Insulin Aspart (Niacinamide),31,144,236.5,182199.33,34,,85,144.4,95405.38,,20,169.2,10042.05,N,N,N,N,2021
State,21,Kentucky,Fiasp,Insulin Aspart (Niacinamide),41,209,297.2,269406.43,54,,94,126.7,107530.84,,24,452.4,7929.99,N,N,N,N,2021
State,22,Louisiana,Fiasp,Insulin Aspart (Niacinamide),45,265,342.6,257266.33,62,,155,199.5,138767.44,,37,387.2,6271.63,N,N,N,N,2021
State,23,Maine,Fiasp,Insulin Aspart (Niacinamide),11,59,91.1,63286.37,,,31,48.8,30848.51,*,,26.4,856.25,N,N,N,N,2021
State,24,Maryland,Fiasp,Insulin Aspart (Niacinamide),36,133,292.8,181991,48,,103,219,124494.41,,36,272.4,9163.32,N,N,N,N,2021
State,25,Massachusetts,Fiasp,Insulin Aspart (Niacinamide),48,192,300.4,168887.47,46,,108,180.8,103884.97,,27,310.8,5584.84,N,N,N,N,2021
State,26,Michigan,Fiasp,Insulin Aspart (Niacinamide),61,237,425.2,232108.18,74,,129,236,128205.58,,41,930.8,12039.47,N,N,N,N,2021
State,27,Minnesota,Fiasp,Insulin Aspart (Niacinamide),37,119,238.7,182456.7,40,,69,158.9,122554.24,,26,478.58,7495.74,N,N,N,N,2021
State,28,Mississippi,Fiasp,Insulin Aspart (Niacinamide),38,211,295.6,249843.01,48,,85,121.5,87199.74,,23,492.8,5864.86,N,N,N,N,2021
State,29,Missouri,Fiasp,Insulin Aspart (Niacinamide),60,243,375.1,287845.25,85,,153,240.3,157550.47,,54,1298.72,13668.37,N,N,N,N,2021
State,30,Montana,Fiasp,Insulin Aspart (Niacinamide),8,47,87,37078.25,,,20,37,12505.11,*,,127.2,1325,N,N,N,N,2021
State,31,Nebraska,Fiasp,Insulin Aspart (Niacinamide),16,73,96.9,45605.39,16,,61,70,26067.03,*,,475.63,3975.91,N,N,N,N,2021
State,32,Nevada,Fiasp,Insulin Aspart (Niacinamide),30,101,171.1,111130.87,36,,45,93.8,50880.68,,24,758.84,4318.46,N,N,N,N,2021
State,33,New Hampshire,Fiasp,Insulin Aspart (Niacinamide),11,38,90.9,53806.67,13,,24,54.7,29923.15,*,,24,2598.77,N,N,N,N,2021
State,34,New Jersey,Fiasp,Insulin Aspart (Niacinamide),45,176,294.6,175800.94,49,,101,177.9,101201.08,,31,444.47,10294.65,N,N,N,N,2021
State,35,New Mexico,Fiasp,Insulin Aspart (Niacinamide),28,88,144.6,81866.41,30,,57,104.5,48951.34,#,,256.8,4027.78,N,N,N,N,2021
State,36,New York,Fiasp,Insulin Aspart (Niacinamide),122,696,1258.5,1024578.78,203,,461,834.3,658374.79,,131,667.69,28284.67,N,N,N,N,2021
State,37,North Carolina,Fiasp,Insulin Aspart (Niacinamide),86,379,600.8,442540.93,114,,243,385.7,265746.62,,77,1362.47,20126.85,N,N,N,N,2021
State,38,North Dakota,Fiasp,Insulin Aspart (Niacinamide),9,59,86.9,54877.03,,,43,56.9,38949.42,*,,249,5236.54,N,N,N,N,2021
State,39,Ohio,Fiasp,Insulin Aspart (Niacinamide),93,374,595.2,380225.65,106,,224,363.2,226960.07,,67,1698.84,18147.8,N,N,N,N,2021
State,40,Oklahoma,Fiasp,Insulin Aspart (Niacinamide),21,76,126,75593.27,23,,36,73.1,43022.65,#,,35.6,4319.88,N,N,N,N,2021
State,41,Oregon,Fiasp,Insulin Aspart (Niacinamide),34,102,144.3,73864.56,31,,82,119,55281.18,#,,318.9,4305.56,N,N,N,N,2021
State,42,Pennsylvania,Fiasp,Insulin Aspart (Niacinamide),92,365,616.5,466723.89,102,,235,415.6,266557.08,,67,1530.75,20053.69,N,N,N,N,2021
State,44,Rhode Island,Fiasp,Insulin Aspart (Niacinamide),7,27,48.4,17009.58,,#,,,,*,,9.2,1289.25,N,N,N,N,2021
State,45,South Carolina,Fiasp,Insulin Aspart (Niacinamide),42,144,247.5,179001.51,47,,67,131,93986.8,,25,554.4,9791.22,N,N,N,N,2021
State,46,South Dakota,Fiasp,Insulin Aspart (Niacinamide),8,53,90.9,72888.31,12,,31,63.5,33374.01,*,,43.6,3787.41,N,N,N,N,2021
State,47,Tennessee,Fiasp,Insulin Aspart (Niacinamide),78,365,586.8,425051.85,109,,201,332.9,222849.23,,68,1030.27,15762.11,N,N,N,N,2021
State,48,Texas,Fiasp,Insulin Aspart (Niacinamide),205,903,1764.2,1271153.51,291,,634,1224.6,846823.91,,201,1936.69,66710.18,N,N,N,N,2021
State,49,Utah,Fiasp,Insulin Aspart (Niacinamide),16,54,85.5,63096.84,16,#,,,,#,,345.33,2734.85,N,N,N,N,2021
State,50,Vermont,Fiasp,Insulin Aspart (Niacinamide),5,12,25,12833.58,,*,,,,*,,0,790.41,N,N,N,N,2021
State,51,Virginia,Fiasp,Insulin Aspart (Niacinamide),34,136,242.7,169403.17,41,,91,167.1,118693.74,,23,402.54,6675.53,N,N,N,N,2021
State,53,Washington,Fiasp,Insulin Aspart (Niacinamide),26,89,174.8,122880.25,28,,44,97.8,66224.2,,14,129.2,3924.71,N,N,N,N,2021
State,54,West Virginia,Fiasp,Insulin Aspart (Niacinamide),21,102,163,120187.22,27,,59,94.3,63931.44,,15,303,3965.94,N,N,N,N,2021
State,55,Wisconsin,Fiasp,Insulin Aspart (Niacinamide),32,125,208,128225.17,34,,91,152.2,86296.31,,22,12,7999.67,N,N,N,N,2021
State,56,Wyoming,Fiasp,Insulin Aspart (Niacinamide),5,23,34.6,11589.66,,,23,34.6,11589.66,*,,36.8,2278.1,N,N,N,N,2021
National,,National,Fiasp Flextouch,Insulin Aspart (Niacinamide),9810,46453,79958.4,45288953.82,15198,,32777,58213.2,31178524.81,,10906,115578.71,2271333.92,N,N,N,N,2021
State,01,Alabama,Fiasp Flextouch,Insulin Aspart (Niacinamide),132,667,1106.4,636737.63,236,,381,620.2,350696.7,,136,3076.71,27307.52,N,N,N,N,2021
State,02,Alaska,Fiasp Flextouch,Insulin Aspart (Niacinamide),23,79,172.7,66249.55,28,,68,153,59565.31,#,,118.4,1759.8,N,N,N,N,2021
State,04,Arizona,Fiasp Flextouch,Insulin Aspart (Niacinamide),156,693,1187,660627.64,217,,533,938.1,469366.99,,169,1498.44,36596.26,N,N,N,N,2021
State,05,Arkansas,Fiasp Flextouch,Insulin Aspart (Niacinamide),97,515,744.4,461243.26,158,,352,528.5,335236.27,,102,2663.89,25090.02,N,N,N,N,2021
State,06,California,Fiasp Flextouch,Insulin Aspart (Niacinamide),698,3448,5692.7,2925047.03,1035,,2505,4303.5,2090003.02,,771,6363.7,136076.42,N,N,N,N,2021
State,08,Colorado,Fiasp Flextouch,Insulin Aspart (Niacinamide),95,308,613.4,348970.91,115,,257,527.6,287291.6,,95,311.2,23484.3,N,N,N,N,2021
State,09,Connecticut,Fiasp Flextouch,Insulin Aspart (Niacinamide),102,509,1001,495944.29,175,,414,839.7,401263.24,,139,1217.51,30141.7,N,N,N,N,2021
State,10,Delaware,Fiasp Flextouch,Insulin Aspart (Niacinamide),16,90,142.1,92560.72,28,,68,114.9,77494.48,#,,54.4,4468.61,N,N,N,N,2021
State,11,District of Columbia,Fiasp Flextouch,Insulin Aspart (Niacinamide),16,54,97.2,50513.58,21,,42,75.1,40449.95,#,,26.4,2699.25,N,N,N,N,2021
State,12,Florida,Fiasp Flextouch,Insulin Aspart (Niacinamide),716,3896,7072.1,3838660.85,1355,,2919,5423.3,2824817.39,,1022,8203.12,200974.52,N,N,N,N,2021
State,13,Georgia,Fiasp Flextouch,Insulin Aspart (Niacinamide),383,1721,2970.1,1716311.58,599,,1149,2044.4,1075695.34,,406,5763.58,85081.47,N,N,N,N,2021
State,15,Hawaii,Fiasp Flextouch,Insulin Aspart (Niacinamide),12,42,88.9,55769.06,17,#,,,,#,,18.4,3173.13,N,N,N,N,2021
State,16,Idaho,Fiasp Flextouch,Insulin Aspart (Niacinamide),36,140,228.1,130059.78,54,,91,159.8,73942.16,,38,240,8406.68,N,N,N,N,2021
State,17,Illinois,Fiasp Flextouch,Insulin Aspart (Niacinamide),355,1545,2815.8,1691684.04,518,,1034,2016.6,1197734,,377,2896.48,85942.06,N,N,N,N,2021
State,18,Indiana,Fiasp Flextouch,Insulin Aspart (Niacinamide),271,1389,2311.9,1504739.44,444,,979,1676.7,1029110.12,,306,4053.78,67462.73,N,N,N,N,2021
State,19,Iowa,Fiasp Flextouch,Insulin Aspart (Niacinamide),102,462,640.5,463005.68,130,,341,464.2,348604.42,,97,896.76,21430.13,N,N,N,N,2021
State,20,Kansas,Fiasp Flextouch,Insulin Aspart (Niacinamide),179,1127,1740.6,1123521.1,320,,805,1272.6,750225.46,,233,2835.78,60355.37,N,N,N,N,2021
State,21,Kentucky,Fiasp Flextouch,Insulin Aspart (Niacinamide),238,1081,1779.1,1080573.1,349,,648,1088.1,663420.43,,202,4299.64,42468.85,N,N,N,N,2021
State,22,Louisiana,Fiasp Flextouch,Insulin Aspart (Niacinamide),166,840,1324,759013.45,274,,540,845.2,469637.04,,181,1578.57,31538.12,N,N,N,N,2021
State,23,Maine,Fiasp Flextouch,Insulin Aspart (Niacinamide),40,142,235.4,144530.22,52,,83,143.7,78793.5,,32,314.4,6189.92,N,N,N,N,2021
State,24,Maryland,Fiasp Flextouch,Insulin Aspart (Niacinamide),198,940,1970.2,989522.77,364,,711,1554,733237.31,,276,2871.49,56353.68,N,N,N,N,2021
State,25,Massachusetts,Fiasp Flextouch,Insulin Aspart (Niacinamide),180,640,1081.8,590024.67,217,,407,747.2,347985.89,,150,904.79,21779.04,N,N,N,N,2021
State,26,Michigan,Fiasp Flextouch,Insulin Aspart (Niacinamide),262,858,1565.3,806704.48,334,,559,1002.5,455268.73,,215,1818.02,43204.15,N,N,N,N,2021
State,27,Minnesota,Fiasp Flextouch,Insulin Aspart (Niacinamide),162,653,1105,625787.13,201,,501,860.1,472926.62,,149,2582.16,44733.75,N,N,N,N,2021
State,28,Mississippi,Fiasp Flextouch,Insulin Aspart (Niacinamide),140,824,1259.6,785007.29,268,,500,773.6,448588,,170,4464.33,28768.2,N,N,N,N,2021
State,29,Missouri,Fiasp Flextouch,Insulin Aspart (Niacinamide),216,1567,2572.3,1824999.47,505,,1082,1824.9,1262695.3,,356,2635.07,89235.11,N,N,N,N,2021
State,30,Montana,Fiasp Flextouch,Insulin Aspart (Niacinamide),42,139,240.9,122069.76,51,,106,184.4,78658.94,,38,814.79,7563.84,N,N,N,N,2021
State,31,Nebraska,Fiasp Flextouch,Insulin Aspart (Niacinamide),89,315,513.6,258611.54,107,,272,448.6,221600.93,,85,324.4,20538.86,N,N,N,N,2021
State,32,Nevada,Fiasp Flextouch,Insulin Aspart (Niacinamide),93,424,781.7,466799.29,154,,289,588.8,347549.53,,115,1173.69,18773.6,N,N,N,N,2021
State,33,New Hampshire,Fiasp Flextouch,Insulin Aspart (Niacinamide),40,172,257,221371.02,57,,65,98,52511.77,,25,282.57,7035.87,N,N,N,N,2021
State,34,New Jersey,Fiasp Flextouch,Insulin Aspart (Niacinamide),246,1070,2224.3,1111540.45,402,,837,1781.9,860326.12,,323,1524.44,71577.42,N,N,N,N,2021
State,35,New Mexico,Fiasp Flextouch,Insulin Aspart (Niacinamide),78,375,634.5,352405.83,117,,254,442.7,223872.55,,84,781.79,13833.38,N,N,N,N,2021
State,36,New York,Fiasp Flextouch,Insulin Aspart (Niacinamide),757,3577,6444.2,3427474.5,1204,,2710,5053.6,2518278.79,,931,6880.21,143196.06,N,N,N,N,2021
State,37,North Carolina,Fiasp Flextouch,Insulin Aspart (Niacinamide),386,1684,2772.3,1486966.85,579,,1174,1997.4,1015155.63,,414,6257.38,75232.71,N,N,N,N,2021
State,38,North Dakota,Fiasp Flextouch,Insulin Aspart (Niacinamide),38,148,240.6,162931.94,44,,120,204.2,125255.8,#,,174.4,14233.31,N,N,N,N,2021
State,39,Ohio,Fiasp Flextouch,Insulin Aspart (Niacinamide),482,2217,3300.7,1939097.46,642,,1463,2258.7,1281268.72,,425,4192.71,94298.97,N,N,N,N,2021
State,40,Oklahoma,Fiasp Flextouch,Insulin Aspart (Niacinamide),94,440,750.1,416919.34,153,,258,436.2,237298.82,,90,808.63,17557.21,N,N,N,N,2021
State,41,Oregon,Fiasp Flextouch,Insulin Aspart (Niacinamide),148,588,886.1,496648.12,191,,383,598.8,296415.96,,131,747.6,31584.06,N,N,N,N,2021
State,42,Pennsylvania,Fiasp Flextouch,Insulin Aspart (Niacinamide),407,1905,3293.8,1801441.66,597,,1334,2381.6,1174729.31,,426,4580.78,85614.22,N,N,N,N,2021
State,44,Rhode Island,Fiasp Flextouch,Insulin Aspart (Niacinamide),24,134,196.2,101251.48,38,,91,138.4,53499.01,,26,65.2,2323.75,N,N,N,N,2021
State,45,South Carolina,Fiasp Flextouch,Insulin Aspart (Niacinamide),201,789,1391.3,720182.64,294,,548,965.9,495284.81,,198,5034.12,41636.68,N,N,N,N,2021
State,46,South Dakota,Fiasp Flextouch,Insulin Aspart (Niacinamide),34,117,200.9,135902.72,50,,94,161,109918.1,,38,186,7129.92,N,N,N,N,2021
State,47,Tennessee,Fiasp Flextouch,Insulin Aspart (Niacinamide),292,1575,2765.1,1759128.88,526,,1081,1970.2,1225585.94,,366,4539.61,71382.97,N,N,N,N,2021
State,48,Texas,Fiasp Flextouch,Insulin Aspart (Niacinamide),737,3680,6783.7,3609966.89,1371,,2762,5099.6,2578425.48,,1026,9649.29,217221.05,N,N,N,N,2021
State,49,Utah,Fiasp Flextouch,Insulin Aspart (Niacinamide),47,182,277.9,159056.21,53,,131,201.8,110648.65,,39,316.2,10167.34,N,N,N,N,2021
State,50,Vermont,Fiasp Flextouch,Insulin Aspart (Niacinamide),12,29,52.9,25352.58,14,#,,,,*,,109.64,615,N,N,N,N,2021
State,51,Virginia,Fiasp Flextouch,Insulin Aspart (Niacinamide),204,981,1692.3,1000240.76,306,,675,1199.6,673061.27,,213,1697.01,54099.85,N,N,N,N,2021
State,53,Washington,Fiasp Flextouch,Insulin Aspart (Niacinamide),144,577,966,508838.16,196,,409,706.4,338584.45,,145,1541.31,34632.85,N,N,N,N,2021
State,54,West Virginia,Fiasp Flextouch,Insulin Aspart (Niacinamide),79,449,750.4,495685.22,154,,226,417.3,258727.35,,92,1291.12,16744.34,N,N,N,N,2021
State,55,Wisconsin,Fiasp Flextouch,Insulin Aspart (Niacinamide),129,599,942.1,607464.26,156,,424,695.1,468126.85,,110,872.4,27831.29,N,N,N,N,2021
State,56,Wyoming,Fiasp Flextouch,Insulin Aspart (Niacinamide),10,23,37.8,12603.59,,#,,,,*,,22.4,682.89,N,N,N,N,2021
State,72,Puerto Rico,Fiasp Flextouch,Insulin Aspart (Niacinamide),4,31,41.6,19886.76,,,20,30.5,13766.47,*,,4,1041,N,N,N,N,2021
National,,National,Fiasp Penfill,Insulin Aspart (Niacinamide),319,849,1493.9,790133.61,353,,516,951,470897.62,,223,1330.89,42083.04,N,N,N,N,2021
State,01,Alabama,Fiasp Penfill,Insulin Aspart (Niacinamide),4,12,25.7,13468.53,,#,,,,*,,0,783.59,N,N,N,N,2021
State,06,California,Fiasp Penfill,Insulin Aspart (Niacinamide),36,94,159.2,91024.28,37,,53,102.1,47571.87,#,,116.8,4117.03,N,N,N,N,2021
State,08,Colorado,Fiasp Penfill,Insulin Aspart (Niacinamide),5,16,36.5,12875.8,,*,,,,*,,27.6,717.69,N,N,N,N,2021
State,09,Connecticut,Fiasp Penfill,Insulin Aspart (Niacinamide),6,15,25.4,13913.89,,*,,,,*,,21.2,255.91,N,N,N,N,2021
State,12,Florida,Fiasp Penfill,Insulin Aspart (Niacinamide),32,87,146.9,72878.09,33,,40,66,26264.94,,19,130.8,2720,N,N,N,N,2021
State,13,Georgia,Fiasp Penfill,Insulin Aspart (Niacinamide),10,16,37.8,33524.56,,*,,,,*,,27.6,597.07,N,N,N,N,2021
State,18,Indiana,Fiasp Penfill,Insulin Aspart (Niacinamide),11,40,52.1,36958.09,14,,24,30.5,17761.45,*,,86.6,2236.31,N,N,N,N,2021
State,21,Kentucky,Fiasp Penfill,Insulin Aspart (Niacinamide),5,13,18.4,13024.82,,#,,,,*,,0,730.83,N,N,N,N,2021
State,22,Louisiana,Fiasp Penfill,Insulin Aspart (Niacinamide),4,12,15.3,7372.57,,*,,,,*,,9.2,425,N,N,N,N,2021
State,25,Massachusetts,Fiasp Penfill,Insulin Aspart (Niacinamide),8,31,51.6,40619.98,,,13,26.9,25414.43,*,,59.6,1669.79,N,N,N,N,2021
State,26,Michigan,Fiasp Penfill,Insulin Aspart (Niacinamide),6,13,28.6,12378.6,,*,,,,*,,8,1708.39,N,N,N,N,2021
State,27,Minnesota,Fiasp Penfill,Insulin Aspart (Niacinamide),10,42,66.3,25303.44,11,,25,41.3,17151.9,*,,35.6,2635.38,N,N,N,N,2021
State,29,Missouri,Fiasp Penfill,Insulin Aspart (Niacinamide),5,13,16.5,16883.99,,*,,,,*,,8,418.34,N,N,N,N,2021
State,30,Montana,Fiasp Penfill,Insulin Aspart (Niacinamide),5,18,26.2,18420.93,,*,,,,*,,42.4,0,N,N,N,N,2021
State,35,New Mexico,Fiasp Penfill,Insulin Aspart (Niacinamide),4,11,26.5,9630.81,,*,,,,*,,31.6,564.73,N,N,N,N,2021
State,36,New York,Fiasp Penfill,Insulin Aspart (Niacinamide),21,75,129.5,78521.68,32,,62,110.5,68769.44,#,,22.4,4268.79,N,N,N,N,2021
State,37,North Carolina,Fiasp Penfill,Insulin Aspart (Niacinamide),15,31,64,25002.35,15,,16,45.1,16059.73,*,,58,1922.84,N,N,N,N,2021
State,39,Ohio,Fiasp Penfill,Insulin Aspart (Niacinamide),10,16,27.8,15063.58,,*,,,,*,,9.2,633.91,N,N,N,N,2021
State,41,Oregon,Fiasp Penfill,Insulin Aspart (Niacinamide),5,17,25.9,9757.89,,*,,,,*,,64.4,494,N,N,N,N,2021
State,42,Pennsylvania,Fiasp Penfill,Insulin Aspart (Niacinamide),9,19,45.3,14357.02,,#,,,,*,,4,683.74,N,N,N,N,2021
State,47,Tennessee,Fiasp Penfill,Insulin Aspart (Niacinamide),10,34,77.4,35140.12,13,#,,,,#,,27.6,2708.12,N,N,N,N,2021
State,48,Texas,Fiasp Penfill,Insulin Aspart (Niacinamide),33,94,161.9,98277.75,48,,67,110.4,62825.97,,35,346.49,5473.94,N,N,N,N,2021
State,53,Washington,Fiasp Penfill,Insulin Aspart (Niacinamide),15,23,42.3,17148.26,13,#,,,,*,,12,1771.24,N,N,N,N,2021
State,55,Wisconsin,Fiasp Penfill,Insulin Aspart (Niacinamide),5,13,26,7895.62,,*,,,,*,,18.4,285,N,N,N,N,2021
National,,National,Lyumjev,Insulin Lispro-Aabc,868,2662,4826.5,3050166.79,1049,,1805,3369.5,1995532.31,,750,4401.98,137119.14,N,N,N,N,2021
State,01,Alabama,Lyumjev,Insulin Lispro-Aabc,20,72,140.6,107101.48,25,,43,96.1,58944.66,,14,275.24,3177.62,N,N,N,N,2021
State,04,Arizona,Lyumjev,Insulin Lispro-Aabc,16,42,85.1,61258.99,24,,29,57.2,36601.64,#,,17.2,4264.05,N,N,N,N,2021
State,05,Arkansas,Lyumjev,Insulin Lispro-Aabc,10,24,33.7,25128.96,11,,13,15,11283.93,*,,13.2,656.71,N,N,N,N,2021
State,06,California,Lyumjev,Insulin Lispro-Aabc,91,348,577,331445,119,,285,481.1,283186.27,,102,125.15,20102.02,N,N,N,N,2021
State,08,Colorado,Lyumjev,Insulin Lispro-Aabc,14,76,120.2,70735.37,21,,61,103.6,58180.78,#,,64.4,3670.66,N,N,N,N,2021
State,09,Connecticut,Lyumjev,Insulin Lispro-Aabc,11,51,74.5,32514.15,17,,38,53.2,24985.02,#,,9.2,2458.14,N,N,N,N,2021
State,12,Florida,Lyumjev,Insulin Lispro-Aabc,63,186,396.8,280274.38,85,,151,334.3,224633.07,,68,48.8,10792.21,N,N,N,N,2021
State,13,Georgia,Lyumjev,Insulin Lispro-Aabc,28,69,127.9,84894,35,,43,84.3,51860.66,,24,579.26,4267,N,N,N,N,2021
State,17,Illinois,Lyumjev,Insulin Lispro-Aabc,29,83,131.5,62468.3,28,,57,86.6,40908.21,#,,137,824.71,N,N,N,N,2021
State,18,Indiana,Lyumjev,Insulin Lispro-Aabc,27,58,91,45469.58,26,,40,64.5,28815.42,,15,23.4,2597.08,N,N,N,N,2021
State,19,Iowa,Lyumjev,Insulin Lispro-Aabc,6,13,24.4,15935.32,,,13,24.4,15935.32,*,,0,1633.44,N,N,N,N,2021
State,20,Kansas,Lyumjev,Insulin Lispro-Aabc,9,16,24.3,13723.54,,*,,,,*,,55.2,352.05,N,N,N,N,2021
State,21,Kentucky,Lyumjev,Insulin Lispro-Aabc,10,41,57.6,42447.82,14,#,,,,#,,30.4,1476.98,N,N,N,N,2021
State,22,Louisiana,Lyumjev,Insulin Lispro-Aabc,6,19,21.4,16123.74,,#,,,,*,,8,448.67,N,N,N,N,2021
State,24,Maryland,Lyumjev,Insulin Lispro-Aabc,20,72,157.9,99828.36,25,,54,116.9,59418.4,#,,108,4796.59,N,N,N,N,2021
State,25,Massachusetts,Lyumjev,Insulin Lispro-Aabc,17,40,66.2,33658.28,17,,24,39.9,23893.56,#,,39.6,2353.57,N,N,N,N,2021
State,26,Michigan,Lyumjev,Insulin Lispro-Aabc,27,64,140,80430.83,31,,45,92.2,46667.45,#,,70,4757.15,N,N,N,N,2021
State,27,Minnesota,Lyumjev,Insulin Lispro-Aabc,8,26,42.5,18367.59,,#,,,,*,,0,1122.74,N,N,N,N,2021
State,28,Mississippi,Lyumjev,Insulin Lispro-Aabc,7,23,26.5,17958.22,,*,,,,*,,39.6,681.81,N,N,N,N,2021
State,29,Missouri,Lyumjev,Insulin Lispro-Aabc,14,33,62.6,36575.32,17,,11,23.1,14369.02,*,,26.4,1235.15,N,N,N,N,2021
State,31,Nebraska,Lyumjev,Insulin Lispro-Aabc,6,17,26,11795.62,,#,,,,*,,4,307.59,N,N,N,N,2021
State,33,New Hampshire,Lyumjev,Insulin Lispro-Aabc,6,12,29,15345.19,,*,,,,*,,18.4,523.18,N,N,N,N,2021
State,34,New Jersey,Lyumjev,Insulin Lispro-Aabc,24,93,189.5,95264.21,33,,67,128.5,63112.81,#,,8,3360.71,N,N,N,N,2021
State,35,New Mexico,Lyumjev,Insulin Lispro-Aabc,5,15,18.4,17696.57,,*,,,,*,,46,1151.18,N,N,N,N,2021
State,36,New York,Lyumjev,Insulin Lispro-Aabc,48,172,299.2,206245.73,61,,101,197.2,127609.86,,41,76,6056.94,N,N,N,N,2021
State,37,North Carolina,Lyumjev,Insulin Lispro-Aabc,31,96,196.1,140908.34,43,,62,132.3,93272.58,,29,160.97,9764.85,N,N,N,N,2021
State,39,Ohio,Lyumjev,Insulin Lispro-Aabc,30,77,134.2,104134.24,30,,33,70.3,41483.77,,17,345.64,4065.75,N,N,N,N,2021
State,40,Oklahoma,Lyumjev,Insulin Lispro-Aabc,8,11,24.3,17607.78,,*,,,,*,,381.85,552.8,N,N,N,N,2021
State,41,Oregon,Lyumjev,Insulin Lispro-Aabc,20,77,130.5,84654.31,27,,49,92.3,46279.61,#,,155.2,6323.41,N,N,N,N,2021
State,42,Pennsylvania,Lyumjev,Insulin Lispro-Aabc,40,144,214.4,130332.01,46,,106,139.5,80987.92,,33,84.8,7278.03,N,N,N,N,2021
State,45,South Carolina,Lyumjev,Insulin Lispro-Aabc,9,43,95.6,52750.81,16,,22,52.5,23207.1,*,,25.2,1220,N,N,N,N,2021
State,46,South Dakota,Lyumjev,Insulin Lispro-Aabc,3,17,27.2,11701.32,,#,,,,*,,9.2,450,N,N,N,N,2021
State,47,Tennessee,Lyumjev,Insulin Lispro-Aabc,21,83,138.8,101483.76,24,,37,66.5,44937.74,,13,630.67,2378.16,N,N,N,N,2021
State,48,Texas,Lyumjev,Insulin Lispro-Aabc,92,241,501.6,326523.34,116,,158,348.5,218059.86,,85,407.4,13005.13,N,N,N,N,2021
State,49,Utah,Lyumjev,Insulin Lispro-Aabc,10,23,41.7,34364.94,,,12,24.4,17870.15,*,,114.2,847.29,N,N,N,N,2021
State,51,Virginia,Lyumjev,Insulin Lispro-Aabc,21,52,91.2,65116.15,24,,31,53.1,26417,,13,17.2,1289.47,N,N,N,N,2021
State,53,Washington,Lyumjev,Insulin Lispro-Aabc,18,46,84.6,49598.06,20,,27,57.8,36100.27,#,,101.2,2470.61,N,N,N,N,2021
State,54,West Virginia,Lyumjev,Insulin Lispro-Aabc,12,25,41.1,33084.73,13,*,,,,*,,13.2,1402.26,N,N,N,N,2021
State,55,Wisconsin,Lyumjev,Insulin Lispro-Aabc,10,22,59.6,34307.98,,#,,,,*,,40.8,864,N,N,N,N,2021
National,,National,Lyumjev Kwikpen U-100,Insulin Lispro-Aabc,2460,8909,16692.4,7968951.23,3667,,6572,12824.7,5764522.32,,2769,11401.07,354662.02,N,N,N,N,2021
State,01,Alabama,Lyumjev Kwikpen U-100,Insulin Lispro-Aabc,33,157,323,182217.42,77,,99,212.5,96299.81,,51,457.66,4056.03,N,N,N,N,2021
State,04,Arizona,Lyumjev Kwikpen U-100,Insulin Lispro-Aabc,36,124,243,94656.15,55,,99,191.8,70720.16,,43,652.36,4282.87,N,N,N,N,2021
State,05,Arkansas,Lyumjev Kwikpen U-100,Insulin Lispro-Aabc,20,65,105.1,55700.82,31,,37,63.7,26596.16,,19,114.4,1756.96,N,N,N,N,2021
State,06,California,Lyumjev Kwikpen U-100,Insulin Lispro-Aabc,237,1032,1937.5,806095.79,412,,883,1697.1,683198.08,,356,930.45,41373.59,N,N,N,N,2021
State,08,Colorado,Lyumjev Kwikpen U-100,Insulin Lispro-Aabc,35,124,204.3,92435.07,43,,90,156.9,56098.4,#,,27.6,4838.83,N,N,N,N,2021
State,09,Connecticut,Lyumjev Kwikpen U-100,Insulin Lispro-Aabc,59,181,393.1,169693.06,90,,123,293.4,120394.16,,67,312,9342.93,N,N,N,N,2021
State,10,Delaware,Lyumjev Kwikpen U-100,Insulin Lispro-Aabc,7,21,44.6,20237.96,14,#,,,,#,,9.2,820.45,N,N,N,N,2021
State,11,District of Columbia,Lyumjev Kwikpen U-100,Insulin Lispro-Aabc,7,31,65.3,26927.54,12,#,,,,*,,58,876.19,N,N,N,N,2021
State,12,Florida,Lyumjev Kwikpen U-100,Insulin Lispro-Aabc,207,845,1707.3,844415.62,358,,653,1362.1,639787.1,,284,789.54,34385.33,N,N,N,N,2021
State,13,Georgia,Lyumjev Kwikpen U-100,Insulin Lispro-Aabc,95,274,574.7,281830.67,133,,213,453.1,214166.65,,99,587.11,13081.64,N,N,N,N,2021
State,15,Hawaii,Lyumjev Kwikpen U-100,Insulin Lispro-Aabc,4,11,27.7,10003.99,,*,,,,*,,0,179.09,N,N,N,N,2021
State,16,Idaho,Lyumjev Kwikpen U-100,Insulin Lispro-Aabc,11,49,83.5,35058.74,19,#,,,,#,,27.6,2436.38,N,N,N,N,2021
State,17,Illinois,Lyumjev Kwikpen U-100,Insulin Lispro-Aabc,82,224,467.6,237605.54,100,,171,375.9,191956.47,,81,279.4,9420.64,N,N,N,N,2021
State,18,Indiana,Lyumjev Kwikpen U-100,Insulin Lispro-Aabc,59,231,387.4,213916.57,106,,166,286.7,154611.26,,74,218,9025.98,N,N,N,N,2021
State,19,Iowa,Lyumjev Kwikpen U-100,Insulin Lispro-Aabc,18,55,102.3,53256.21,22,,30,62.1,35070.21,#,,25.2,1149.8,N,N,N,N,2021
State,20,Kansas,Lyumjev Kwikpen U-100,Insulin Lispro-Aabc,17,86,131.8,80170.42,24,,67,99.5,57403.49,#,,64.4,2588.4,N,N,N,N,2021
State,21,Kentucky,Lyumjev Kwikpen U-100,Insulin Lispro-Aabc,30,114,168,102252.09,44,,76,120.9,72647.89,,31,160,4034.08,N,N,N,N,2021
State,22,Louisiana,Lyumjev Kwikpen U-100,Insulin Lispro-Aabc,25,97,160.1,79677.49,36,,50,74.5,39870.46,,19,146,2974.75,N,N,N,N,2021
State,23,Maine,Lyumjev Kwikpen U-100,Insulin Lispro-Aabc,14,35,64.7,37253.65,14,#,,,,*,,13.2,1069.92,N,N,N,N,2021
State,24,Maryland,Lyumjev Kwikpen U-100,Insulin Lispro-Aabc,41,175,358.6,161609.46,71,,135,295.9,120370.68,,57,113.2,9612.21,N,N,N,N,2021
State,25,Massachusetts,Lyumjev Kwikpen U-100,Insulin Lispro-Aabc,53,155,275.8,123663.28,67,,107,205.6,86196.35,,47,125.4,4775.47,N,N,N,N,2021
State,26,Michigan,Lyumjev Kwikpen U-100,Insulin Lispro-Aabc,65,218,405.2,185314.85,98,,126,236.3,107786.11,,59,247.11,8566.14,N,N,N,N,2021
State,27,Minnesota,Lyumjev Kwikpen U-100,Insulin Lispro-Aabc,30,67,127.8,57903.56,31,,49,104.8,42939.27,#,,21.2,2917.02,N,N,N,N,2021
State,28,Mississippi,Lyumjev Kwikpen U-100,Insulin Lispro-Aabc,25,100,142.4,60160.72,33,,62,92.4,36128.72,,20,201.2,1986.42,N,N,N,N,2021
State,29,Missouri,Lyumjev Kwikpen U-100,Insulin Lispro-Aabc,40,178,319.3,160597.24,70,,121,233.7,97715.75,,48,129.8,6363.22,N,N,N,N,2021
State,31,Nebraska,Lyumjev Kwikpen U-100,Insulin Lispro-Aabc,13,45,70.8,35870.31,16,#,,,,#,,13.2,3506.03,N,N,N,N,2021
State,32,Nevada,Lyumjev Kwikpen U-100,Insulin Lispro-Aabc,29,94,196.4,91077.36,44,,72,152.2,70750.88,#,,197.67,3938.99,N,N,N,N,2021
State,33,New Hampshire,Lyumjev Kwikpen U-100,Insulin Lispro-Aabc,15,81,140.9,63747.21,29,#,,,,#,,9.2,4179.49,N,N,N,N,2021
State,34,New Jersey,Lyumjev Kwikpen U-100,Insulin Lispro-Aabc,73,294,658.9,249386.36,139,,231,535.7,196800.66,,114,207.32,13496.43,N,N,N,N,2021
State,35,New Mexico,Lyumjev Kwikpen U-100,Insulin Lispro-Aabc,8,29,45,22071.57,,#,,,,*,,4,1793.26,N,N,N,N,2021
State,36,New York,Lyumjev Kwikpen U-100,Insulin Lispro-Aabc,147,509,877.8,441988.25,211,,392,691.1,323608.35,,165,260.2,18720.58,N,N,N,N,2021
State,37,North Carolina,Lyumjev Kwikpen U-100,Insulin Lispro-Aabc,80,390,640.3,345262.61,127,,249,447.1,212573.17,,90,674.06,12656.61,N,N,N,N,2021
State,38,North Dakota,Lyumjev Kwikpen U-100,Insulin Lispro-Aabc,9,30,47.2,28103.15,,#,,,,*,,30.4,1508.24,N,N,N,N,2021
State,39,Ohio,Lyumjev Kwikpen U-100,Insulin Lispro-Aabc,97,327,569.7,281879.66,125,,253,459.8,222388.16,,97,164.6,14105.73,N,N,N,N,2021
State,40,Oklahoma,Lyumjev Kwikpen U-100,Insulin Lispro-Aabc,22,69,121.1,69633.58,32,,43,81.9,44734.59,#,,132.4,2504.3,N,N,N,N,2021
State,41,Oregon,Lyumjev Kwikpen U-100,Insulin Lispro-Aabc,49,131,238.6,114498.56,51,,101,170.9,80854.92,,40,131.6,9014.38,N,N,N,N,2021
State,42,Pennsylvania,Lyumjev Kwikpen U-100,Insulin Lispro-Aabc,160,447,806.1,348222.49,192,,309,591.6,244155.39,,138,874.93,13100.47,N,N,N,N,2021
State,44,Rhode Island,Lyumjev Kwikpen U-100,Insulin Lispro-Aabc,9,24,37.7,16350.5,14,#,,,,*,,0,787.57,N,N,N,N,2021
State,45,South Carolina,Lyumjev Kwikpen U-100,Insulin Lispro-Aabc,31,114,184,90346.39,43,,84,138,65170.89,,31,112.4,3136.45,N,N,N,N,2021
State,46,South Dakota,Lyumjev Kwikpen U-100,Insulin Lispro-Aabc,11,26,48.8,25721.24,12,#,,,,*,,59.2,664.54,N,N,N,N,2021
State,47,Tennessee,Lyumjev Kwikpen U-100,Insulin Lispro-Aabc,49,177,294.5,153803.13,70,,123,210.1,103901.19,,50,971.19,6139.02,N,N,N,N,2021
State,48,Texas,Lyumjev Kwikpen U-100,Insulin Lispro-Aabc,209,841,1650.7,774572.26,341,,597,1227.5,547745.36,,245,1313.6,37274.93,N,N,N,N,2021
State,49,Utah,Lyumjev Kwikpen U-100,Insulin Lispro-Aabc,11,38,61.2,53081.46,11,,22,43,23700.3,*,,24,1247.52,N,N,N,N,2021
State,51,Virginia,Lyumjev Kwikpen U-100,Insulin Lispro-Aabc,58,208,436.3,222393.12,100,,167,341.1,176349.81,,78,249.6,8977.64,N,N,N,N,2021
State,53,Washington,Lyumjev Kwikpen U-100,Insulin Lispro-Aabc,69,181,387.8,169094.74,76,,145,310.8,127937.94,,59,75.2,7900.21,N,N,N,N,2021
State,54,West Virginia,Lyumjev Kwikpen U-100,Insulin Lispro-Aabc,16,63,89.5,57779.94,24,,38,61.9,32571.17,#,,30.4,2127.02,N,N,N,N,2021
State,55,Wisconsin,Lyumjev Kwikpen U-100,Insulin Lispro-Aabc,34,109,222.8,119153.54,51,,73,177.8,84422.29,,36,74,5424.98,N,N,N,N,2021
State,72,Puerto Rico,Lyumjev Kwikpen U-100,Insulin Lispro-Aabc,4,20,20.9,13680.57,,*,,,,*,,0,0,N,N,N,N,2021
National,,National,Lyumjev Kwikpen U-200,Insulin Lispro-Aabc,432,1374,2284.2,2056834.65,527,,846,1491.3,1287448.13,,353,1950.08,61150.41,N,N,N,N,2021
State,01,Alabama,Lyumjev Kwikpen U-200,Insulin Lispro-Aabc,6,15,30.7,28466.61,,*,,,,*,,36.8,963.64,N,N,N,N,2021
State,04,Arizona,Lyumjev Kwikpen U-200,Insulin Lispro-Aabc,9,15,28,14524.89,,#,,,,*,,18.4,665.43,N,N,N,N,2021
State,06,California,Lyumjev Kwikpen U-200,Insulin Lispro-Aabc,50,163,242,227080.35,52,,121,195.4,127672.25,#,,556.09,6759.91,N,N,N,N,2021
State,08,Colorado,Lyumjev Kwikpen U-200,Insulin Lispro-Aabc,6,20,34.7,29410.55,,#,,,,*,,0,534,N,N,N,N,2021
State,09,Connecticut,Lyumjev Kwikpen U-200,Insulin Lispro-Aabc,15,39,73.6,63562.74,17,#,,,,#,,9.2,1725.65,N,N,N,N,2021
State,12,Florida,Lyumjev Kwikpen U-200,Insulin Lispro-Aabc,31,86,148.8,101107.44,36,,63,105.1,71890.21,#,,13.2,4682.36,N,N,N,N,2021
State,13,Georgia,Lyumjev Kwikpen U-200,Insulin Lispro-Aabc,18,42,63.5,54855.36,18,,26,33.9,37738.78,#,,228.66,972.03,N,N,N,N,2021
State,17,Illinois,Lyumjev Kwikpen U-200,Insulin Lispro-Aabc,12,33,43.9,49008.88,11,#,,,,*,,16,1842.53,N,N,N,N,2021
State,18,Indiana,Lyumjev Kwikpen U-200,Insulin Lispro-Aabc,7,28,37.1,33917.22,,,12,18.9,12377.66,*,,12,758.43,N,N,N,N,2021
State,19,Iowa,Lyumjev Kwikpen U-200,Insulin Lispro-Aabc,4,22,34.4,38690.02,,,11,23.2,22867.03,*,,0,1806.91,N,N,N,N,2021
State,21,Kentucky,Lyumjev Kwikpen U-200,Insulin Lispro-Aabc,4,29,38.2,31957.61,,#,,,,*,,9.2,1980.44,N,N,N,N,2021
State,22,Louisiana,Lyumjev Kwikpen U-200,Insulin Lispro-Aabc,11,30,44,26560.78,15,,16,23.3,13231.94,*,,36.8,430.13,N,N,N,N,2021
State,24,Maryland,Lyumjev Kwikpen U-200,Insulin Lispro-Aabc,7,28,60.3,47720.62,11,,12,30.8,22229.75,*,,31.6,923.77,N,N,N,N,2021
State,25,Massachusetts,Lyumjev Kwikpen U-200,Insulin Lispro-Aabc,6,15,21.7,23669.14,,*,,,,*,,40.8,224.28,N,N,N,N,2021
State,26,Michigan,Lyumjev Kwikpen U-200,Insulin Lispro-Aabc,5,16,37.7,27872.65,,#,,,,*,,4,1069.99,N,N,N,N,2021
State,28,Mississippi,Lyumjev Kwikpen U-200,Insulin Lispro-Aabc,6,19,23.7,10956.87,,#,,,,*,,4,316.31,N,N,N,N,2021
State,29,Missouri,Lyumjev Kwikpen U-200,Insulin Lispro-Aabc,5,11,29.9,25494.3,,*,,,,*,,9.2,484.16,N,N,N,N,2021
State,31,Nebraska,Lyumjev Kwikpen U-200,Insulin Lispro-Aabc,4,16,16.8,15823.84,,*,,,,*,,0,252.53,N,N,N,N,2021
State,33,New Hampshire,Lyumjev Kwikpen U-200,Insulin Lispro-Aabc,6,36,43.3,40534.56,,*,,,,*,,63.2,195.46,N,N,N,N,2021
State,34,New Jersey,Lyumjev Kwikpen U-200,Insulin Lispro-Aabc,30,77,138,93664.95,36,,48,86.5,59669.36,,23,426.93,2011.24,N,N,N,N,2021
State,36,New York,Lyumjev Kwikpen U-200,Insulin Lispro-Aabc,28,158,329,256029.3,60,,90,214.9,172388.96,,41,138.8,8322.4,N,N,N,N,2021
State,37,North Carolina,Lyumjev Kwikpen U-200,Insulin Lispro-Aabc,17,64,93.2,91875.58,22,,35,54.2,44900.89,#,,13.2,2923.86,N,N,N,N,2021
State,39,Ohio,Lyumjev Kwikpen U-200,Insulin Lispro-Aabc,16,53,79.1,89598.95,18,,32,43.5,42549.26,#,,4,1604.87,N,N,N,N,2021
State,41,Oregon,Lyumjev Kwikpen U-200,Insulin Lispro-Aabc,7,16,24.9,31315.06,,*,,,,*,,31.6,201.43,N,N,N,N,2021
State,42,Pennsylvania,Lyumjev Kwikpen U-200,Insulin Lispro-Aabc,15,45,64.3,60500.65,16,,24,41.1,34424.28,#,,27.6,2805.51,N,N,N,N,2021
State,44,Rhode Island,Lyumjev Kwikpen U-200,Insulin Lispro-Aabc,2,12,19.1,12702.25,,*,,,,*,,0,398.93,N,N,N,N,2021
State,45,South Carolina,Lyumjev Kwikpen U-200,Insulin Lispro-Aabc,6,17,26.6,16765.66,11,*,,,,*,,9.2,229.03,N,N,N,N,2021
State,47,Tennessee,Lyumjev Kwikpen U-200,Insulin Lispro-Aabc,7,16,29.1,24927.13,,*,,,,*,,0,1967.62,N,N,N,N,2021
State,48,Texas,Lyumjev Kwikpen U-200,Insulin Lispro-Aabc,46,141,238.2,269388.14,53,,91,156.7,187168.38,,35,82.8,6900.13,N,N,N,N,2021
State,51,Virginia,Lyumjev Kwikpen U-200,Insulin Lispro-Aabc,7,25,32.5,26876.56,,#,,,,*,,50,1451.39,N,N,N,N,2021
State,53,Washington,Lyumjev Kwikpen U-200,Insulin Lispro-Aabc,6,15,25.3,40622.54,,#,,,,*,,0,146.2,N,N,N,N,2021
State,55,Wisconsin,Lyumjev Kwikpen U-200,Insulin Lispro-Aabc,2,15,32,42737.04,,#,,,,*,,0,2681.21,N,N,N,N,2021
National,,National,Novolog,Insulin Aspart,85536,717048,1029050.4,546226798.25,174216,,503939,723367.6,359064606.4,,123262,1499162.71,18910701.24,N,N,N,N,2021
State,01,Alabama,Novolog,Insulin Aspart,1277,14138,18683.6,9515758.97,3425,,9469,12046.2,5546279.69,,2269,43833.77,308294.56,N,N,N,N,2021
State,02,Alaska,Novolog,Insulin Aspart,98,406,648.8,404393.73,108,,298,474.2,266017.38,,79,969.82,10403.27,N,N,N,N,2021
State,04,Arizona,Novolog,Insulin Aspart,2124,14358,22191.1,11086825.59,3997,,9695,15272.9,7216549.76,,2775,30859.23,375381.51,N,N,N,N,2021
State,05,Arkansas,Novolog,Insulin Aspart,1200,12758,15197.7,7733284.21,2801,,8305,9625.5,4394204.42,,1791,28485.21,228555.98,N,N,N,N,2021
State,06,California,Novolog,Insulin Aspart,6964,54610,75995.5,35138050.9,12627,,40163,55813.2,24239049.37,,9319,89993.49,751940.42,N,N,N,N,2021
State,08,Colorado,Novolog,Insulin Aspart,1075,6032,9479.3,4976986.05,1650,,4221,6776.1,3340399.33,,1173,12217.42,194668.38,N,N,N,N,2021
State,09,Connecticut,Novolog,Insulin Aspart,796,5957,9041.6,4874675.02,1554,,4385,6674.6,3423563.26,,1149,12739.64,174692.05,N,N,N,N,2021
State,10,Delaware,Novolog,Insulin Aspart,154,1071,1750.6,1017129.59,310,,735,1249.8,724022.44,,209,5839.94,44807.05,N,N,N,N,2021
State,11,District of Columbia,Novolog,Insulin Aspart,159,1134,1579.4,773573.99,299,,747,1022.2,434522.05,,194,2091.58,16205.59,N,N,N,N,2021
State,12,Florida,Novolog,Insulin Aspart,7108,65922,102466.7,52702617.09,17386,,49068,75586.9,36665469.38,,12870,115562.59,1071924.79,N,N,N,N,2021
State,13,Georgia,Novolog,Insulin Aspart,3062,27099,39910,20441664.73,7164,,18676,27396.9,13400524.27,,4878,76268.17,756120.13,N,N,N,N,2021
State,15,Hawaii,Novolog,Insulin Aspart,123,648,1030.1,490812.16,166,,509,822.2,373848.36,,127,922.84,30270.25,N,N,N,N,2021
State,16,Idaho,Novolog,Insulin Aspart,447,3126,4602.9,2580890.12,792,,2112,3123.5,1583418.61,,545,8918.49,130228.23,N,N,N,N,2021
State,17,Illinois,Novolog,Insulin Aspart,3531,29527,41011.7,21561893.2,7018,,20143,28162.1,13791316.27,,4891,48947.48,723862.21,N,N,N,N,2021
State,18,Indiana,Novolog,Insulin Aspart,1773,15137,21567.7,12263162.45,3785,,10545,15000.9,7998080.81,,2651,24637.38,441884.48,N,N,N,N,2021
State,19,Iowa,Novolog,Insulin Aspart,1224,13657,16855.4,8555580.3,2533,,10727,13215.9,6208050.08,,1950,28520.75,501450.54,N,N,N,N,2021
State,20,Kansas,Novolog,Insulin Aspart,912,7903,10678.5,5983853.21,1782,,5824,7852,4078486.52,,1275,16997.94,308057.68,N,N,N,N,2021
State,21,Kentucky,Novolog,Insulin Aspart,1623,14975,20502.4,12650564.85,3802,,9306,12870.5,7219484.27,,2424,43750.34,330207.98,N,N,N,N,2021
State,22,Louisiana,Novolog,Insulin Aspart,1419,13769,18275.3,9936884.46,3333,,9529,12506.6,6484334.16,,2277,27671.9,301298.51,N,N,N,N,2021
State,23,Maine,Novolog,Insulin Aspart,582,4574,6788.2,3610428.11,1068,,3282,4778.7,2350460.55,,750,7795.95,82095.34,N,N,N,N,2021
State,24,Maryland,Novolog,Insulin Aspart,1369,8893,14692,7868984.12,2618,,6065,10190.1,5264899.99,,1837,29349.06,297343.02,N,N,N,N,2021
State,25,Massachusetts,Novolog,Insulin Aspart,2184,20533,30675.6,16563296.79,4708,,13618,20464.1,10188654.3,,3207,29594.03,416880.89,N,N,N,N,2021
State,26,Michigan,Novolog,Insulin Aspart,4272,34940,51935.2,26683113.43,8988,,22040,33133.9,16190930.07,,5799,88068.28,979138.67,N,N,N,N,2021
State,27,Minnesota,Novolog,Insulin Aspart,1388,9395,14853.8,8303490.31,2313,,6970,11222.5,5821554.49,,1752,15889.26,480744.53,N,N,N,N,2021
State,28,Mississippi,Novolog,Insulin Aspart,1273,14821,18421.1,9131773.6,3512,,10216,12512.6,5598920.96,,2380,31142.98,243628.17,N,N,N,N,2021
State,29,Missouri,Novolog,Insulin Aspart,1684,17512,22867.2,12123615.03,4072,,11496,15168,7445665.66,,2746,31407.33,508528.16,N,N,N,N,2021
State,30,Montana,Novolog,Insulin Aspart,354,2479,3930.8,2096376.52,629,,1778,2872.1,1444669.49,,454,6644.25,98080.65,N,N,N,N,2021
State,31,Nebraska,Novolog,Insulin Aspart,680,5960,7658.2,4054366.62,1266,,4434,5677,2770755.24,,935,12689.71,225328.16,N,N,N,N,2021
State,32,Nevada,Novolog,Insulin Aspart,555,3186,5335.5,2890707.66,992,,2392,4035.6,2141319.07,,737,5498.01,97538.35,N,N,N,N,2021
State,33,New Hampshire,Novolog,Insulin Aspart,333,2428,3577.8,1908436.73,622,,1756,2561.7,1257004.67,,438,3584.47,90417.76,N,N,N,N,2021
State,34,New Jersey,Novolog,Insulin Aspart,1627,13253,18811,9048428.11,3170,,10087,14514.4,6852271.88,,2423,20663.1,340355.85,N,N,N,N,2021
State,35,New Mexico,Novolog,Insulin Aspart,596,3891,5641.1,2967758.56,1033,,2735,3975,1940895.63,,701,13857.66,98066.6,N,N,N,N,2021
State,36,New York,Novolog,Insulin Aspart,3872,29371,44230.3,26431356.11,7383,,21451,32507.6,17942840.26,,5466,54120.45,715352.08,N,N,N,N,2021
State,37,North Carolina,Novolog,Insulin Aspart,2795,22688,31837.7,18482252.41,5821,,14910,20772.8,11059112.14,,3872,54032.32,696126.65,N,N,N,N,2021
State,38,North Dakota,Novolog,Insulin Aspart,266,2188,3023.1,1594131.24,430,,1816,2446.6,1203196.85,,340,6272.84,91001.32,N,N,N,N,2021
State,39,Ohio,Novolog,Insulin Aspart,3156,30935,40681.8,20660945.82,7489,,20893,27845.9,13356960.06,,5212,53714.75,753379.06,N,N,N,N,2021
State,40,Oklahoma,Novolog,Insulin Aspart,1180,11305,14390.3,7299778.76,2713,,7663,9724.6,4570957.22,,1860,17969.37,286838.13,N,N,N,N,2021
State,41,Oregon,Novolog,Insulin Aspart,1154,7621,10317.8,5168997.95,1887,,5084,6916.9,3234010.41,,1309,17860.41,186586.32,N,N,N,N,2021
State,42,Pennsylvania,Novolog,Insulin Aspart,4001,40965,58742.1,31108805.96,9344,,30848,43834,21683867.02,,6983,75624.24,1264736.66,N,N,N,N,2021
State,44,Rhode Island,Novolog,Insulin Aspart,221,1937,2684.3,1337162.51,432,,1319,1763.5,833294.64,,293,2978.24,35526.75,N,N,N,N,2021
State,45,South Carolina,Novolog,Insulin Aspart,1217,7924,11929.6,6496788.32,2215,,5492,8142.2,4073822.29,,1482,20505.71,320186.43,N,N,N,N,2021
State,46,South Dakota,Novolog,Insulin Aspart,282,2921,4200.9,2389989.51,657,,2185,3162.3,1674436.29,,491,6612.14,137337.87,N,N,N,N,2021
State,47,Tennessee,Novolog,Insulin Aspart,2643,21714,32490.6,19537457.46,5955,,14269,21400.3,12010341.71,,3988,65907.47,665481.29,N,N,N,N,2021
State,48,Texas,Novolog,Insulin Aspart,5547,40902,61507,33458449.46,11498,,30706,45982.9,24072086.83,,8482,97670.48,1440989.49,N,N,N,N,2021
State,49,Utah,Novolog,Insulin Aspart,637,4583,6647.9,3793983.79,1171,,2999,4519,2510946.01,,826,7135.97,195395.19,N,N,N,N,2021
State,50,Vermont,Novolog,Insulin Aspart,139,961,1450.2,941939.51,247,,667,1027,594834.08,,181,1052.9,33281.42,N,N,N,N,2021
State,51,Virginia,Novolog,Insulin Aspart,1952,14029,20897.9,11627363.69,3870,,9092,13355.4,6816119.68,,2529,40410.85,429965.19,N,N,N,N,2021
State,53,Washington,Novolog,Insulin Aspart,1744,10251,15378,8335730.59,2743,,6849,10420.4,5270986.59,,1847,30166.9,358689.52,N,N,N,N,2021
State,54,West Virginia,Novolog,Insulin Aspart,744,7560,10506,5879739.22,1815,,5257,7189.8,3598822.63,,1256,15814.7,177063.6,N,N,N,N,2021
State,55,Wisconsin,Novolog,Insulin Aspart,1309,10173,14727.2,8339804.81,2328,,7531,10875.8,5609678.75,,1732,12570.93,389659.48,N,N,N,N,2021
State,56,Wyoming,Novolog,Insulin Aspart,151,1002,1383,775619.3,231,,759,1072.8,527782.48,,182,2014.89,43360.91,N,N,N,N,2021
State,66,Guam,Novolog,Insulin Aspart,7,40,48.4,20257.89,11,#,,,,*,,16,1971.28,N,N,N,N,2021
State,72,Puerto Rico,Novolog,Insulin Aspart,543,3764,5152.7,2504765.41,812,,2736,3683.3,1701170.16,,599,1228.98,25005.94,N,N,N,N,2021
State,9B,Armed Forces Europe,Novolog,Insulin Aspart,3,86,95.6,65752.56,12,,24,31.1,18167.51,*,,44,2244.57,N,N,N,N,2021
State,9C,Armed Forces Pacific,Novolog,Insulin Aspart,2,19,45.6,25693,,#,,,,*,,18.4,1474.11,N,N,N,N,2021
National,,National,Novolog Flexpen,Insulin Aspart,185369,2114235,3499026.2,1817286799.3,566861,,1506053,2543257.8,1254344079.8,,409788,4865962.65,67892378.62,N,N,N,N,2021
State,01,Alabama,Novolog Flexpen,Insulin Aspart,2513,26351,45247.4,24197108.83,7993,,16549,28553.9,14439769.33,,4975,101133.14,831665.53,N,N,N,N,2021
State,02,Alaska,Novolog Flexpen,Insulin Aspart,350,2109,3793.2,1942601.08,663,,1383,2656.8,1315670.46,,451,4948.28,42046.83,N,N,N,N,2021
State,04,Arizona,Novolog Flexpen,Insulin Aspart,3293,26846,47501,24101503.77,8669,,19468,35534.5,17305772.02,,6369,60362.58,1066698.45,N,N,N,N,2021
State,05,Arkansas,Novolog Flexpen,Insulin Aspart,1844,20646,32294.7,19206215.25,5862,,12440,20045.8,11127453.64,,3608,66075.27,663753.06,N,N,N,N,2021
State,06,California,Novolog Flexpen,Insulin Aspart,13970,148035,240669,109461172.19,38234,,109153,180790.7,78355699.98,,28638,293213.54,2365981.42,N,N,N,N,2021
State,08,Colorado,Novolog Flexpen,Insulin Aspart,2214,15548,27704.9,13534318.83,4787,,10899,19900,9266930.71,,3387,33996.28,553525.24,N,N,N,N,2021
State,09,Connecticut,Novolog Flexpen,Insulin Aspart,2128,22091,40411,19636932.72,6494,,15589,29555.8,13661880.17,,4709,54434.44,646599.33,N,N,N,N,2021
State,10,Delaware,Novolog Flexpen,Insulin Aspart,594,6146,11170.9,6135443.69,1879,,4375,8246.9,4297128.06,,1355,17348.86,255501.19,N,N,N,N,2021
State,11,District of Columbia,Novolog Flexpen,Insulin Aspart,500,3212,5814.5,2707687.19,1103,,2091,3875.8,1648013.63,,729,8676.46,62101.99,N,N,N,N,2021
State,12,Florida,Novolog Flexpen,Insulin Aspart,12012,137558,231763.7,112105056.29,39288,,101938,172686.2,79514562.76,,29043,336259.6,3240054.83,N,N,N,N,2021
State,13,Georgia,Novolog Flexpen,Insulin Aspart,5007,66588,110246.4,55251667.36,18985,,47214,78091.9,37228974.69,,13379,202525.68,2082821.92,N,N,N,N,2021
State,15,Hawaii,Novolog Flexpen,Insulin Aspart,592,4757,10147.8,4736398.78,1523,,3856,8445.7,3756268.55,,1227,11270.09,209963.85,N,N,N,N,2021
State,16,Idaho,Novolog Flexpen,Insulin Aspart,1014,9893,15547.1,7919204.91,2800,,6846,11173,5469462.82,,2019,20534.68,397592.32,N,N,N,N,2021
State,17,Illinois,Novolog Flexpen,Insulin Aspart,7158,78941,134195.3,73932765.27,21943,,56332,98359.1,51428831.74,,15988,166952.07,2819642.82,N,N,N,N,2021
State,18,Indiana,Novolog Flexpen,Insulin Aspart,4109,55292,93295.2,55061426.76,15624,,38547,66572,37259800.8,,11143,105970.75,2067749.33,N,N,N,N,2021
State,19,Iowa,Novolog Flexpen,Insulin Aspart,2308,36338,55020.8,30856800.64,8384,,28931,44576.6,24015427,,6611,64894.93,2140161.03,N,N,N,N,2021
State,20,Kansas,Novolog Flexpen,Insulin Aspart,2169,34715,53022.4,30851827.47,8337,,25315,39290.2,21404013.74,,6075,75605.65,1483202.28,N,N,N,N,2021
State,21,Kentucky,Novolog Flexpen,Insulin Aspart,3275,43144,67438,40061681.77,12012,,28026,44590.6,24793527.94,,7838,138893.06,1151255.82,N,N,N,N,2021
State,22,Louisiana,Novolog Flexpen,Insulin Aspart,2785,34653,56546.2,27775109.46,9918,,23620,38629.8,18344062.6,,6776,85221.22,833368.02,N,N,N,N,2021
State,23,Maine,Novolog Flexpen,Insulin Aspart,1095,9059,16266.1,9576366.95,2704,,6417,11626.5,6359480.86,,1906,19730.91,236645.17,N,N,N,N,2021
State,24,Maryland,Novolog Flexpen,Insulin Aspart,3348,31905,58476.4,27927535.29,9948,,23111,43358.5,19856420.49,,7352,93051.69,1168079.04,N,N,N,N,2021
State,25,Massachusetts,Novolog Flexpen,Insulin Aspart,4311,47196,81423.4,42293011.15,12843,,31005,55993.7,27835895.1,,8824,82621.61,1304056.24,N,N,N,N,2021
State,26,Michigan,Novolog Flexpen,Insulin Aspart,8012,88896,157194,80759891.25,25997,,60957,111574.9,54765345.13,,18361,195821.02,3158551.67,N,N,N,N,2021
State,27,Minnesota,Novolog Flexpen,Insulin Aspart,4758,53392,88662.8,48039157.97,13932,,38671,66524.9,34115513.07,,10394,110831.44,2565563.29,N,N,N,N,2021
State,28,Mississippi,Novolog Flexpen,Insulin Aspart,1916,26030,41227.9,23159406.64,7524,,16013,25607.3,13434376.98,,4654,89995.09,726292.86,N,N,N,N,2021
State,29,Missouri,Novolog Flexpen,Insulin Aspart,4270,59286,89625.7,48594364.22,15415,,38426,59267.1,29787308.21,,10238,124536.71,1832699.71,N,N,N,N,2021
State,30,Montana,Novolog Flexpen,Insulin Aspart,743,7603,12441.4,6415771.59,2126,,5621,9388,4634090.94,,1576,19136.15,307542.2,N,N,N,N,2021
State,31,Nebraska,Novolog Flexpen,Insulin Aspart,1434,17883,26934.4,13842571.3,4354,,13724,21059.1,10510917.19,,3387,27267.54,839879.99,N,N,N,N,2021
State,32,Nevada,Novolog Flexpen,Insulin Aspart,1245,10871,18860.6,9741054.9,3314,,7908,14065.4,7020063.43,,2454,28625.6,410281.09,N,N,N,N,2021
State,33,New Hampshire,Novolog Flexpen,Insulin Aspart,763,6575,10920,6357933.33,1983,,4490,7488,4141828.44,,1348,18457.74,237045.73,N,N,N,N,2021
State,34,New Jersey,Novolog Flexpen,Insulin Aspart,3864,46283,79242,37787880.83,12131,,36046,63315.2,29114947.95,,9619,81462.92,1725440.41,N,N,N,N,2021
State,35,New Mexico,Novolog Flexpen,Insulin Aspart,1239,11466,18547.6,9179238.23,3385,,7604,12524.2,5866127.95,,2269,36428.51,276474.65,N,N,N,N,2021
State,36,New York,Novolog Flexpen,Insulin Aspart,14398,171653,283349.8,135976711.48,42864,,129652,218712.2,100708732.86,,32868,316274.54,3461813.33,N,N,N,N,2021
State,37,North Carolina,Novolog Flexpen,Insulin Aspart,6855,78316,124544,65129693.94,22452,,52092,83967.8,41431274.82,,15136,233738.3,2296975.81,N,N,N,N,2021
State,38,North Dakota,Novolog Flexpen,Insulin Aspart,720,12681,20177.8,11295261.15,3007,,9838,16080.6,8491609.01,,2357,27058.05,680719.92,N,N,N,N,2021
State,39,Ohio,Novolog Flexpen,Insulin Aspart,7612,92675,144427.4,76130791.93,25446,,62754,100689.8,50691366.1,,17679,185133.7,3031606.91,N,N,N,N,2021
State,40,Oklahoma,Novolog Flexpen,Insulin Aspart,2430,33968,50609.8,28106388.43,8992,,22829,34383.6,18013224.57,,6072,70682.1,1264217.45,N,N,N,N,2021
State,41,Oregon,Novolog Flexpen,Insulin Aspart,2282,17228,27006,13950003.19,4902,,11986,19116.1,9286234.76,,3421,39780.94,505449.22,N,N,N,N,2021
State,42,Pennsylvania,Novolog Flexpen,Insulin Aspart,9994,135433,226429.2,116445582.91,36148,,101533,173099.2,85600550.2,,27328,274562.91,5126425.03,N,N,N,N,2021
State,44,Rhode Island,Novolog Flexpen,Insulin Aspart,579,4452,7395.5,3667094.93,1206,,3021,5214.5,2529817.8,,827,6453.49,131347.14,N,N,N,N,2021
State,45,South Carolina,Novolog Flexpen,Insulin Aspart,3228,36057,60886.1,31019341.2,10807,,23446,40164,19041792.74,,7161,107290.04,1177035.11,N,N,N,N,2021
State,46,South Dakota,Novolog Flexpen,Insulin Aspart,705,11079,16541.6,9515717.51,2757,,8563,12988.1,7110520.1,,2125,21535.85,526801.88,N,N,N,N,2021
State,47,Tennessee,Novolog Flexpen,Insulin Aspart,4163,47271,78814.3,45614449.84,14396,,33792,57428.4,31624091.04,,10347,135041.85,1781434.27,N,N,N,N,2021
State,48,Texas,Novolog Flexpen,Insulin Aspart,11281,114613,199308.9,105323311.55,35414,,84039,147688.7,75147735.8,,26076,297621.74,4284204.13,N,N,N,N,2021
State,49,Utah,Novolog Flexpen,Insulin Aspart,1181,9379,15854.9,9266828.92,2968,,6862,12017,6761568.46,,2230,18208.44,494427.8,N,N,N,N,2021
State,50,Vermont,Novolog Flexpen,Insulin Aspart,498,4670,8077.6,4636594.56,1321,,3330,5836.3,3096762.44,,934,7348.07,149919.14,N,N,N,N,2021
State,51,Virginia,Novolog Flexpen,Insulin Aspart,4148,45788,75970,38379253.59,12902,,31511,52898.8,24474371.82,,8882,123642.24,1446088.77,N,N,N,N,2021
State,53,Washington,Novolog Flexpen,Insulin Aspart,3947,30538,50521.2,26639857.26,8585,,22154,37500.9,19016163,,6295,72555.63,1130518.28,N,N,N,N,2021
State,54,West Virginia,Novolog Flexpen,Insulin Aspart,1756,25309,41829.7,23362216.91,7472,,17310,29006.4,15326038.92,,5139,73936.7,620102.44,N,N,N,N,2021
State,55,Wisconsin,Novolog Flexpen,Insulin Aspart,4032,48542,77595.2,45636546.35,12490,,34923,57127.8,31119571.73,,9086,68849.59,1930561.73,N,N,N,N,2021
State,56,Wyoming,Novolog Flexpen,Insulin Aspart,341,2757,4201,2081760.02,790,,2036,3193,1487149.65,,592,5217.41,108255.83,N,N,N,N,2021
State,66,Guam,Novolog Flexpen,Insulin Aspart,12,104,119.7,37219.41,43,,88,101.6,32987.97,#,,158,981.48,N,N,N,N,2021
State,72,Puerto Rico,Novolog Flexpen,Insulin Aspart,332,1932,2894,1458625.07,522,,1348,2043.1,947067.76,,364,2784.39,24055.69,N,N,N,N,2021
State,78,Virgin Islands,Novolog Flexpen,Insulin Aspart,15,66,114.8,70072.29,20,,49,84,49415.17,#,,46,7129.89,N,N,N,N,2021
State,9B,Armed Forces Europe,Novolog Flexpen,Insulin Aspart,5,172,238.5,155732.21,41,,136,185,102343.37,,30,918.61,4093.48,N,N,N,N,2021
State,9C,Armed Forces Pacific,Novolog Flexpen,Insulin Aspart,4,128,227,135537.95,45,,102,173.8,95071.47,#,,614.55,2522.77,N,N,N,N,2021
State,9D,Unknown,Novolog Flexpen,Insulin Aspart,5,83,184.3,76826.68,24,,67,144.4,62754.04,#,,142.8,3290.81,N,N,N,N,2021
State,9E,Foreign Country,Novolog Flexpen,Insulin Aspart,10,25,36.4,19786.64,16,#,,,,#,,79.2,68,N,N,N,N,2021
National,,National,Novolog Penfill,Insulin Aspart,3831,10965,20693.6,9821419.86,4349,,7178,14243.6,6363441.57,,2865,20822.37,501926.48,N,N,N,N,2021
State,01,Alabama,Novolog Penfill,Insulin Aspart,47,110,215.6,105516.86,51,,53,103.4,43650.56,,24,268.8,5049.86,N,N,N,N,2021
State,02,Alaska,Novolog Penfill,Insulin Aspart,8,20,48.3,19210.74,,#,,,,*,,29.2,455,N,N,N,N,2021
State,04,Arizona,Novolog Penfill,Insulin Aspart,63,141,287.1,119185.9,64,,109,232.7,89715.33,,46,126.9,7376.77,N,N,N,N,2021
State,05,Arkansas,Novolog Penfill,Insulin Aspart,42,119,206.7,91560.16,45,,82,153.1,62443.1,,30,167.2,5800.07,N,N,N,N,2021
State,06,California,Novolog Penfill,Insulin Aspart,300,855,1611.4,773067.75,346,,584,1176.7,561271.83,,247,1537.32,32366.62,N,N,N,N,2021
State,08,Colorado,Novolog Penfill,Insulin Aspart,82,266,529.8,202756.7,104,,185,384.7,144954.85,,72,271.3,14660.51,N,N,N,N,2021
State,09,Connecticut,Novolog Penfill,Insulin Aspart,57,140,319.7,117012.84,61,,101,246.5,84999.95,,43,248.8,4718.08,N,N,N,N,2021
State,10,Delaware,Novolog Penfill,Insulin Aspart,9,23,57.1,34900.77,,#,,,,*,,20,1164.47,N,N,N,N,2021
State,11,District of Columbia,Novolog Penfill,Insulin Aspart,10,22,47.8,20967.38,,#,,,,*,,86.8,1420.22,N,N,N,N,2021
State,12,Florida,Novolog Penfill,Insulin Aspart,195,532,1086.5,492511.58,240,,358,768.4,319296.69,,160,1217.3,22287.35,N,N,N,N,2021
State,13,Georgia,Novolog Penfill,Insulin Aspart,79,193,392.4,206012.8,81,,121,263.2,133455.74,,51,461.2,9473.38,N,N,N,N,2021
State,15,Hawaii,Novolog Penfill,Insulin Aspart,9,28,56.5,18041.24,11,#,,,,*,,20,510.81,N,N,N,N,2021
State,16,Idaho,Novolog Penfill,Insulin Aspart,27,69,115.5,64030.87,31,,51,86.8,49245.18,,20,65.86,5175.1,N,N,N,N,2021
State,17,Illinois,Novolog Penfill,Insulin Aspart,138,359,667.5,326475.2,152,,246,484.1,227209.56,,105,663.08,17732.91,N,N,N,N,2021
State,18,Indiana,Novolog Penfill,Insulin Aspart,68,153,303.9,160877.07,73,,99,200.5,100970.43,,45,475.65,7630.19,N,N,N,N,2021
State,19,Iowa,Novolog Penfill,Insulin Aspart,70,194,362.7,201286.56,72,,107,217.4,96983.68,,40,274.53,12879.6,N,N,N,N,2021
State,20,Kansas,Novolog Penfill,Insulin Aspart,36,147,254.1,142189.41,47,,93,177,92248.19,,30,128,8951.86,N,N,N,N,2021
State,21,Kentucky,Novolog Penfill,Insulin Aspart,60,154,274.3,155726.04,68,,94,166.4,93296.95,,37,321.2,5944.55,N,N,N,N,2021
State,22,Louisiana,Novolog Penfill,Insulin Aspart,47,201,325,198596.37,73,,83,144.4,84140.67,,36,387.2,3457.77,N,N,N,N,2021
State,23,Maine,Novolog Penfill,Insulin Aspart,23,61,129.6,64957.36,22,,39,87.3,46804.39,#,,25.2,3531.47,N,N,N,N,2021
State,24,Maryland,Novolog Penfill,Insulin Aspart,67,209,340.9,123188.26,84,,153,250.1,89749.65,,65,302,7827.54,N,N,N,N,2021
State,25,Massachusetts,Novolog Penfill,Insulin Aspart,96,304,591,250752.61,116,,188,397,157229.21,,75,294.88,12855.12,N,N,N,N,2021
State,26,Michigan,Novolog Penfill,Insulin Aspart,178,435,898.7,419287.06,185,,280,608.3,280631.23,,120,561.16,23616.81,N,N,N,N,2021
State,27,Minnesota,Novolog Penfill,Insulin Aspart,167,669,1282.3,538952.42,213,,427,855.9,353622.78,,134,880.57,34446.2,N,N,N,N,2021
State,28,Mississippi,Novolog Penfill,Insulin Aspart,28,56,94.7,47360.01,28,,34,59.7,26895.24,,15,135.6,802.36,N,N,N,N,2021
State,29,Missouri,Novolog Penfill,Insulin Aspart,104,260,458.6,244401.73,111,,164,292.3,152928.9,,68,464.47,8225.53,N,N,N,N,2021
State,30,Montana,Novolog Penfill,Insulin Aspart,18,62,119.5,45521.13,25,,41,80.2,29299.37,#,,173.2,3906.04,N,N,N,N,2021
State,31,Nebraska,Novolog Penfill,Insulin Aspart,29,74,130.8,56323.83,30,,58,97.8,38168.33,#,,100.8,5259.89,N,N,N,N,2021
State,32,Nevada,Novolog Penfill,Insulin Aspart,33,72,157.1,76277.67,33,,47,106.2,39613.2,,22,169.7,3061.24,N,N,N,N,2021
State,33,New Hampshire,Novolog Penfill,Insulin Aspart,25,105,206.1,72485.55,33,,83,162.6,51575.56,#,,364.46,7252.23,N,N,N,N,2021
State,34,New Jersey,Novolog Penfill,Insulin Aspart,77,203,396.3,157471.61,86,,155,310.4,128776.96,,63,136,10570.28,N,N,N,N,2021
State,35,New Mexico,Novolog Penfill,Insulin Aspart,27,91,176.1,83422.74,35,,51,106.7,49696,,20,336.82,4670.87,N,N,N,N,2021
State,36,New York,Novolog Penfill,Insulin Aspart,247,667,1185.5,586946.53,299,,474,853.4,399400.68,,209,702.36,22947.58,N,N,N,N,2021
State,37,North Carolina,Novolog Penfill,Insulin Aspart,125,303,541.4,274617.23,140,,190,352.9,169884.47,,83,951.4,10613.11,N,N,N,N,2021
State,38,North Dakota,Novolog Penfill,Insulin Aspart,25,68,152.4,62450.72,26,,57,139.4,49547.62,#,,74,5391.94,N,N,N,N,2021
State,39,Ohio,Novolog Penfill,Insulin Aspart,165,485,892.4,427976.42,189,,330,633.6,280751.23,,120,523.2,24804.18,N,N,N,N,2021
State,40,Oklahoma,Novolog Penfill,Insulin Aspart,33,104,195.4,107241.22,37,,61,109.1,50734.49,,23,267.14,2135.94,N,N,N,N,2021
State,41,Oregon,Novolog Penfill,Insulin Aspart,71,186,367.1,180224.69,77,,112,238.2,85545.58,,50,172.2,10310.09,N,N,N,N,2021
State,42,Pennsylvania,Novolog Penfill,Insulin Aspart,164,514,949.2,408357.21,187,,315,612.9,245464.96,,110,3237.68,24651.28,N,N,N,N,2021
State,44,Rhode Island,Novolog Penfill,Insulin Aspart,6,11,17.1,7818.31,,*,,,,*,,4,411,N,N,N,N,2021
State,45,South Carolina,Novolog Penfill,Insulin Aspart,41,87,166.8,79301.77,46,,39,84.5,33930.2,,28,86,2414.21,N,N,N,N,2021
State,46,South Dakota,Novolog Penfill,Insulin Aspart,16,45,68.3,35744.01,17,,12,21.5,9793.23,*,,4,1489.64,N,N,N,N,2021
State,47,Tennessee,Novolog Penfill,Insulin Aspart,101,285,530.2,288466.48,126,,162,321.6,161560.02,,74,1173.07,10636.92,N,N,N,N,2021
State,48,Texas,Novolog Penfill,Insulin Aspart,230,607,1150.6,617410.58,270,,455,895.6,443451.19,,202,769.6,33541.49,N,N,N,N,2021
State,49,Utah,Novolog Penfill,Insulin Aspart,37,99,180.6,91001.09,38,,62,116.8,61463.92,,25,223,6288.37,N,N,N,N,2021
State,50,Vermont,Novolog Penfill,Insulin Aspart,18,73,145.2,69756.2,23,,51,104.2,48727.79,#,,24,3042.76,N,N,N,N,2021
State,51,Virginia,Novolog Penfill,Insulin Aspart,77,212,376.7,170881.12,89,,143,273.3,112938.78,,57,309.2,7776.42,N,N,N,N,2021
State,53,Washington,Novolog Penfill,Insulin Aspart,116,429,795.3,388427.06,134,,260,488.8,235838.38,,88,1198.82,22364.9,N,N,N,N,2021
State,54,West Virginia,Novolog Penfill,Insulin Aspart,20,35,71.4,35062.44,23,,24,53.4,25771.71,#,,103.8,992.83,N,N,N,N,2021
State,55,Wisconsin,Novolog Penfill,Insulin Aspart,110,400,724.2,342083.09,129,,264,542.5,240418.75,,94,271.7,18469.51,N,N,N,N,2021
State,9B,Armed Forces Europe,Novolog Penfill,Insulin Aspart,1,13,13,7265.14,,,0,0,0,#,,0,0,N,N,N,N,2021
National,,National,Insulin Aspart,Insulin Aspart,19352,69820,86225.4,19822464.48,28788,,51624,63357.3,13746072.16,,21125,145895.98,1458001.94,N,N,N,N,2021
State,01,Alabama,Insulin Aspart,Insulin Aspart,220,654,873.8,249953.37,321,,448,592.1,158628.73,,199,2865.05,32311.76,N,N,N,N,2021
State,02,Alaska,Insulin Aspart,Insulin Aspart,22,74,140.6,36393.43,28,#,,,,#,,86,404.08,N,N,N,N,2021
State,04,Arizona,Insulin Aspart,Insulin Aspart,289,654,846.4,187137.49,357,,439,574.7,120508.74,,236,1639.59,16185.65,N,N,N,N,2021
State,05,Arkansas,Insulin Aspart,Insulin Aspart,280,1441,1522.1,287649.95,490,,1064,1114.4,198538.13,,352,2656.25,13061.02,N,N,N,N,2021
State,06,California,Insulin Aspart,Insulin Aspart,1117,3861,4584.5,915113.86,1598,,3120,3686.7,708655.88,,1271,4422.17,37672.04,N,N,N,N,2021
State,08,Colorado,Insulin Aspart,Insulin Aspart,215,593,761.2,189796.11,250,,452,579.6,140836.52,,182,955.58,10414.94,N,N,N,N,2021
State,09,Connecticut,Insulin Aspart,Insulin Aspart,130,319,390.7,86625.15,180,,265,309,65164.77,,144,821.06,6256.15,N,N,N,N,2021
State,10,Delaware,Insulin Aspart,Insulin Aspart,50,141,188.7,50206.06,74,,89,111.7,23717.03,,49,201.59,4518.31,N,N,N,N,2021
State,11,District of Columbia,Insulin Aspart,Insulin Aspart,29,81,86.4,13956.98,56,,57,61,9279.09,,40,256.41,95,N,N,N,N,2021
State,12,Florida,Insulin Aspart,Insulin Aspart,1984,8927,11269,2508855.26,3261,,7197,8926.8,1921662.37,,2572,24921.61,135015.88,N,N,N,N,2021
State,13,Georgia,Insulin Aspart,Insulin Aspart,644,1853,2459.8,617289.25,937,,1265,1626.5,360907.84,,638,5978.73,54935.39,N,N,N,N,2021
State,15,Hawaii,Insulin Aspart,Insulin Aspart,24,98,107.4,18968.86,41,,87,96.3,17232.02,#,,30.4,428.05,N,N,N,N,2021
State,16,Idaho,Insulin Aspart,Insulin Aspart,155,669,981.3,288477.36,226,,442,646.8,182143.06,,157,1143.05,39787.86,N,N,N,N,2021
State,17,Illinois,Insulin Aspart,Insulin Aspart,967,4006,4431,812941.15,1642,,2900,3210.5,565604.15,,1218,5185.48,49936.96,N,N,N,N,2021
State,18,Indiana,Insulin Aspart,Insulin Aspart,476,1938,2200.8,503605.35,799,,1345,1489.5,300774.79,,561,3125.81,37295.56,N,N,N,N,2021
State,19,Iowa,Insulin Aspart,Insulin Aspart,242,756,852.4,174778.65,340,,544,616.7,114618.65,,252,2008.32,20774.98,N,N,N,N,2021
State,20,Kansas,Insulin Aspart,Insulin Aspart,226,654,771,191332.05,287,,488,569.6,130023.01,,208,1467.25,25254.44,N,N,N,N,2021
State,21,Kentucky,Insulin Aspart,Insulin Aspart,490,2115,2660.8,769365.87,799,,1505,1883.9,507595.7,,566,3892.36,46830.6,N,N,N,N,2021
State,22,Louisiana,Insulin Aspart,Insulin Aspart,265,730,860.5,191122.19,374,,512,609.3,131829.47,,255,1267.72,13149.64,N,N,N,N,2021
State,23,Maine,Insulin Aspart,Insulin Aspart,114,282,356.2,90632.27,136,,200,248.8,58097.11,,93,468,6186.85,N,N,N,N,2021
State,24,Maryland,Insulin Aspart,Insulin Aspart,263,775,900,185295.01,392,,526,626.7,125618.28,,266,1966.47,9168.58,N,N,N,N,2021
State,25,Massachusetts,Insulin Aspart,Insulin Aspart,229,877,957.8,192672.59,365,,733,801.2,153831.09,,279,431.96,7120.75,N,N,N,N,2021
State,26,Michigan,Insulin Aspart,Insulin Aspart,883,3257,4126.9,900493.79,1400,,2375,3003.8,619122.87,,1037,7572.71,73262.1,N,N,N,N,2021
State,27,Minnesota,Insulin Aspart,Insulin Aspart,349,1127,1530.7,395570.58,414,,842,1138.3,277749.5,,310,1963.77,40577.24,N,N,N,N,2021
State,28,Mississippi,Insulin Aspart,Insulin Aspart,322,1309,1473.3,298200.32,622,,883,994.2,193995.63,,425,2401.9,19574.64,N,N,N,N,2021
State,29,Missouri,Insulin Aspart,Insulin Aspart,385,1540,1824.4,400260.58,683,,1135,1336.6,282005.22,,483,2186.86,30956.34,N,N,N,N,2021
State,30,Montana,Insulin Aspart,Insulin Aspart,72,195,278.6,63182.2,85,,165,238.7,54644.93,,65,332.06,8685.13,N,N,N,N,2021
State,31,Nebraska,Insulin Aspart,Insulin Aspart,94,230,262.2,55884.56,113,,167,193.5,38221.2,,87,761.95,9886.51,N,N,N,N,2021
State,32,Nevada,Insulin Aspart,Insulin Aspart,151,357,469.6,96531.52,179,,258,331.9,64059.24,,133,1428.29,8830.85,N,N,N,N,2021
State,33,New Hampshire,Insulin Aspart,Insulin Aspart,70,198,230.3,51572.8,94,,153,170.1,36552.77,,70,1196,5787.86,N,N,N,N,2021
State,34,New Jersey,Insulin Aspart,Insulin Aspart,338,963,1175.3,245821.82,461,,767,914.1,179698.68,,355,1158.95,15333.76,N,N,N,N,2021
State,35,New Mexico,Insulin Aspart,Insulin Aspart,143,378,475.3,114943.99,195,,283,348.1,79915.79,,138,1148.49,9759.86,N,N,N,N,2021
State,36,New York,Insulin Aspart,Insulin Aspart,767,2349,2793.9,678596.31,1076,,1765,2067.8,461680.38,,822,3252.54,37341.69,N,N,N,N,2021
State,37,North Carolina,Insulin Aspart,Insulin Aspart,619,2070,2670.6,688245.38,921,,1583,2062.3,532010.1,,682,2924.88,64288.76,N,N,N,N,2021
State,38,North Dakota,Insulin Aspart,Insulin Aspart,47,142,166.3,48750.32,52,,112,129.4,33900.41,,40,190.66,5249.36,N,N,N,N,2021
State,39,Ohio,Insulin Aspart,Insulin Aspart,874,3593,4149.8,942396.64,1456,,2341,2682.6,543386.16,,970,8505.1,62565.71,N,N,N,N,2021
State,40,Oklahoma,Insulin Aspart,Insulin Aspart,202,598,756.4,173765.25,319,,373,472.9,92845.25,,218,893.79,16007.87,N,N,N,N,2021
State,41,Oregon,Insulin Aspart,Insulin Aspart,470,1639,2137.4,505057.71,593,,1328,1750.9,397540.9,,473,2508.84,38765.62,N,N,N,N,2021
State,42,Pennsylvania,Insulin Aspart,Insulin Aspart,901,3712,4552.5,1025115.56,1371,,2604,3147.3,644085.53,,1015,5533.26,65129.32,N,N,N,N,2021
State,44,Rhode Island,Insulin Aspart,Insulin Aspart,33,126,148.9,31494.2,44,#,,,,#,,100.72,2291.26,N,N,N,N,2021
State,45,South Carolina,Insulin Aspart,Insulin Aspart,241,625,863.2,221338.84,274,,421,609.9,155481.49,,183,1919.64,24517.98,N,N,N,N,2021
State,46,South Dakota,Insulin Aspart,Insulin Aspart,66,194,253,63366.86,83,,142,197.1,51671.96,,67,611.98,12886.49,N,N,N,N,2021
State,47,Tennessee,Insulin Aspart,Insulin Aspart,653,1999,2510.4,632627.76,1036,,1347,1669.7,404061.64,,685,8952.41,56089.87,N,N,N,N,2021
State,48,Texas,Insulin Aspart,Insulin Aspart,1572,5669,6863.2,1510735.95,2387,,4086,4887.3,1020438.22,,1707,13659.12,119886.87,N,N,N,N,2021
State,49,Utah,Insulin Aspart,Insulin Aspart,199,625,1005.9,314573.04,250,,465,763.1,249141.34,,184,606.68,13274.99,N,N,N,N,2021
State,50,Vermont,Insulin Aspart,Insulin Aspart,30,90,132,41002.59,41,,78,117.6,37556.53,#,,36.2,2205.1,N,N,N,N,2021
State,51,Virginia,Insulin Aspart,Insulin Aspart,410,1378,1756.4,424834.7,579,,932,1143.3,241139,,397,3641.24,33295.31,N,N,N,N,2021
State,53,Washington,Insulin Aspart,Insulin Aspart,324,818,1056.8,242725.43,429,,578,758.5,171004.6,,300,1513.28,29878.74,N,N,N,N,2021
State,54,West Virginia,Insulin Aspart,Insulin Aspart,197,909,1228,344968.85,339,,722,969.4,244558.74,,256,2194.59,16999.05,N,N,N,N,2021
State,55,Wisconsin,Insulin Aspart,Insulin Aspart,466,2022,2869.2,697136.68,688,,1679,2387.9,545932.91,,561,2566.41,63471.8,N,N,N,N,2021
State,56,Wyoming,Insulin Aspart,Insulin Aspart,29,105,139,29437.43,41,,92,116.2,21633.33,#,,39.6,3475.36,N,N,N,N,2021
State,72,Puerto Rico,Insulin Aspart,Insulin Aspart,11,88,95.4,13574.26,22,,73,80.4,11377.57,#,,299.2,112.1,N,N,N,N,2021
State,9C,Armed Forces Pacific,Insulin Aspart,Insulin Aspart,1,12,22.7,6543.33,,*,,,,*,,0,809.91,N,N,N,N,2021
National,,National,Insulin Aspart Flexpen,Insulin Aspart,49713,197587,276179.9,59983688.02,80604,,147358,207625.9,42938425.71,,58673,419791.61,4837260.3,N,N,N,N,2021
State,01,Alabama,Insulin Aspart Flexpen,Insulin Aspart,643,1887,2808.8,708495.32,913,,1260,1914.9,470286.14,,587,6546.71,69585.45,N,N,N,N,2021
State,02,Alaska,Insulin Aspart Flexpen,Insulin Aspart,112,328,637.3,151716.41,160,,272,555.2,129623.52,,129,561.95,6097.72,N,N,N,N,2021
State,04,Arizona,Insulin Aspart Flexpen,Insulin Aspart,540,1284,1936,441036.5,699,,963,1491.1,328590.34,,507,2418.75,41117.32,N,N,N,N,2021
State,05,Arkansas,Insulin Aspart Flexpen,Insulin Aspart,314,798,1158,312652.93,456,,502,741.1,175913.13,,274,3203.85,30476.65,N,N,N,N,2021
State,06,California,Insulin Aspart Flexpen,Insulin Aspart,2559,9289,12660.3,2330637.86,3919,,7209,9887.2,1778959.95,,3024,13300.88,106999.24,N,N,N,N,2021
State,08,Colorado,Insulin Aspart Flexpen,Insulin Aspart,513,1574,2256.9,467286.42,671,,1197,1716.8,336785.42,,479,2640.25,37497.27,N,N,N,N,2021
State,09,Connecticut,Insulin Aspart Flexpen,Insulin Aspart,370,932,1430.7,310493.7,502,,626,994.9,202346.13,,346,2423.97,18236.16,N,N,N,N,2021
State,10,Delaware,Insulin Aspart Flexpen,Insulin Aspart,176,657,914.9,198296.29,292,,475,667.6,145935.45,,197,992.12,13068.01,N,N,N,N,2021
State,11,District of Columbia,Insulin Aspart Flexpen,Insulin Aspart,74,172,290.1,50400.18,108,,112,202,35748.64,,69,356.12,2328.1,N,N,N,N,2021
State,12,Florida,Insulin Aspart Flexpen,Insulin Aspart,4020,22156,30403.7,6206712.66,7838,,17774,24215.3,4733978.94,,6097,63685.68,343885.74,N,N,N,N,2021
State,13,Georgia,Insulin Aspart Flexpen,Insulin Aspart,1404,4904,7278.2,1636622.28,2436,,3523,5191.1,1113332.78,,1706,18683.33,166396.01,N,N,N,N,2021
State,15,Hawaii,Insulin Aspart Flexpen,Insulin Aspart,111,346,573,114492.08,158,,312,525.2,101992.85,,135,559.17,7018.08,N,N,N,N,2021
State,16,Idaho,Insulin Aspart Flexpen,Insulin Aspart,454,2217,3332,738469.74,753,,1701,2627.6,542497.67,,570,3123.55,82769.34,N,N,N,N,2021
State,17,Illinois,Insulin Aspart Flexpen,Insulin Aspart,1938,7014,9349.3,1862208.48,3008,,5160,6926.3,1365631.77,,2181,9313.09,163891.54,N,N,N,N,2021
State,18,Indiana,Insulin Aspart Flexpen,Insulin Aspart,1305,5407,7271.3,1778199.6,2240,,3741,5048,1146715.28,,1554,13423.77,157489.11,N,N,N,N,2021
State,19,Iowa,Insulin Aspart Flexpen,Insulin Aspart,567,2276,2862.3,632456.61,948,,1708,2188.6,453537.35,,688,3905.78,85620.82,N,N,N,N,2021
State,20,Kansas,Insulin Aspart Flexpen,Insulin Aspart,722,3932,4895.3,1110483.72,1444,,2857,3565.2,753359.29,,1041,8147.39,110997.41,N,N,N,N,2021
State,21,Kentucky,Insulin Aspart Flexpen,Insulin Aspart,1228,6149,8382.5,2057097.75,2311,,4489,6182.8,1432360.23,,1653,14095.74,146260.82,N,N,N,N,2021
State,22,Louisiana,Insulin Aspart Flexpen,Insulin Aspart,693,3193,3809,593112.73,1397,,2488,2945.7,423704.8,,1011,6022.11,36173.54,N,N,N,N,2021
State,23,Maine,Insulin Aspart Flexpen,Insulin Aspart,212,475,713.2,174932.43,263,,310,473.8,109832.91,,186,1117.05,18117.84,N,N,N,N,2021
State,24,Maryland,Insulin Aspart Flexpen,Insulin Aspart,644,1994,2752.7,497900.63,954,,1535,2132.8,381843.8,,705,4988.6,45372.42,N,N,N,N,2021
State,25,Massachusetts,Insulin Aspart Flexpen,Insulin Aspart,421,1233,1606.1,294349.08,568,,965,1250.9,224074.45,,424,1271.52,22858.92,N,N,N,N,2021
State,26,Michigan,Insulin Aspart Flexpen,Insulin Aspart,2062,7119,10737.2,2416501.47,3194,,5491,8441.5,1891500.11,,2410,13611.23,262194.46,N,N,N,N,2021
State,27,Minnesota,Insulin Aspart Flexpen,Insulin Aspart,1553,5679,8198.2,1901844.71,2341,,4457,6532.9,1423142.57,,1816,9321.93,200361.27,N,N,N,N,2021
State,28,Mississippi,Insulin Aspart Flexpen,Insulin Aspart,577,1880,2565.3,544434.03,991,,1237,1714.6,334180.6,,617,5838.99,55874.07,N,N,N,N,2021
State,29,Missouri,Insulin Aspart Flexpen,Insulin Aspart,1089,5577,7120,1517982.28,2218,,4040,5165.5,1061163.09,,1569,9537.48,116928.97,N,N,N,N,2021
State,30,Montana,Insulin Aspart Flexpen,Insulin Aspart,182,520,748.8,188516.51,244,,405,604.5,149513.19,,191,1017.62,24228.77,N,N,N,N,2021
State,31,Nebraska,Insulin Aspart Flexpen,Insulin Aspart,296,832,1133.9,244605.28,414,,644,886,181041.12,,322,2277.61,34548.65,N,N,N,N,2021
State,32,Nevada,Insulin Aspart Flexpen,Insulin Aspart,422,1555,2220.9,466278.17,655,,1176,1679,347285.44,,469,4163.66,35385.23,N,N,N,N,2021
State,33,New Hampshire,Insulin Aspart Flexpen,Insulin Aspart,181,639,830.2,171161.26,278,,489,618.7,117918.77,,204,1846.74,15145.39,N,N,N,N,2021
State,34,New Jersey,Insulin Aspart Flexpen,Insulin Aspart,786,2613,3706.3,708158.52,1031,,2081,2998.9,555563.05,,817,3165.77,58364.49,N,N,N,N,2021
State,35,New Mexico,Insulin Aspart Flexpen,Insulin Aspart,403,1560,1981.4,382702.52,668,,1138,1434,265805.69,,476,3094.85,23796.54,N,N,N,N,2021
State,36,New York,Insulin Aspart Flexpen,Insulin Aspart,2838,9434,13011.4,2580776.02,4256,,7367,10277.1,1941052.24,,3227,17753,176019.93,N,N,N,N,2021
State,37,North Carolina,Insulin Aspart Flexpen,Insulin Aspart,2022,8704,11643.8,2442176.71,3557,,6600,8886.1,1803473.05,,2587,18504.51,219867.37,N,N,N,N,2021
State,38,North Dakota,Insulin Aspart Flexpen,Insulin Aspart,226,780,1183.2,278608.58,351,,627,964.7,213253.15,,272,690.01,44430.86,N,N,N,N,2021
State,39,Ohio,Insulin Aspart Flexpen,Insulin Aspart,2624,11020,14526.8,3370039.26,4663,,7146,9511.7,2062846.61,,2997,24793.58,237911.94,N,N,N,N,2021
State,40,Oklahoma,Insulin Aspart Flexpen,Insulin Aspart,629,2041,2821.3,642475.21,1060,,1368,1828.6,401026.12,,705,6060.77,53894.85,N,N,N,N,2021
State,41,Oregon,Insulin Aspart Flexpen,Insulin Aspart,993,4033,6204.1,1366444.85,1514,,3192,5011.2,1067289.37,,1174,6750.42,100435.65,N,N,N,N,2021
State,42,Pennsylvania,Insulin Aspart Flexpen,Insulin Aspart,2984,13866,19547.4,3967131.82,4793,,9454,13475.9,2516275.39,,3329,21232.59,268188.96,N,N,N,N,2021
State,44,Rhode Island,Insulin Aspart Flexpen,Insulin Aspart,74,322,393.7,65170.66,98,,238,285,43555.51,,66,970.98,2673.09,N,N,N,N,2021
State,45,South Carolina,Insulin Aspart Flexpen,Insulin Aspart,955,3475,5067.3,1064186.65,1452,,2686,3980.8,779536.64,,1042,7849.89,89225.09,N,N,N,N,2021
State,46,South Dakota,Insulin Aspart Flexpen,Insulin Aspart,199,699,1018.4,264446.31,345,,557,827.7,200195.76,,275,774.23,51770.98,N,N,N,N,2021
State,47,Tennessee,Insulin Aspart Flexpen,Insulin Aspart,1262,3900,5403.6,1233764.14,1970,,2854,4013,861726.2,,1397,11108.97,133811.34,N,N,N,N,2021
State,48,Texas,Insulin Aspart Flexpen,Insulin Aspart,3467,13098,18762.2,3958688.85,5823,,9520,13554.9,2692105.44,,4075,34087.19,341776.33,N,N,N,N,2021
State,49,Utah,Insulin Aspart Flexpen,Insulin Aspart,471,1882,3327.7,991108.51,737,,1524,2740.4,793299.94,,587,1986.14,39761.59,N,N,N,N,2021
State,50,Vermont,Insulin Aspart Flexpen,Insulin Aspart,123,426,616.7,134065.4,169,,375,535,109732.85,,146,255.8,7630.47,N,N,N,N,2021
State,51,Virginia,Insulin Aspart Flexpen,Insulin Aspart,1159,4838,6598.1,1346824.83,1936,,3243,4399.3,780659.07,,1273,9312.68,95506.61,N,N,N,N,2021
State,53,Washington,Insulin Aspart Flexpen,Insulin Aspart,847,2473,3529,781478.86,1168,,1878,2690.4,571298.52,,865,5126.31,85090.69,N,N,N,N,2021
State,54,West Virginia,Insulin Aspart Flexpen,Insulin Aspart,688,3065,4782.6,1268471.76,1317,,2365,3752.5,945090.2,,981,7345.81,76363.74,N,N,N,N,2021
State,55,Wisconsin,Insulin Aspart Flexpen,Insulin Aspart,1466,6905,10516.1,2875786.96,2432,,5658,8796.6,2319857.77,,1973,9950.34,264006.87,N,N,N,N,2021
State,56,Wyoming,Insulin Aspart Flexpen,Insulin Aspart,82,225,389.8,86435.81,113,,197,349.2,78158.29,,98,97.93,8998.26,N,N,N,N,2021
State,66,Guam,Insulin Aspart Flexpen,Insulin Aspart,4,17,25.1,5313.77,,#,,,,*,,38.4,238.56,N,N,N,N,2021
State,72,Puerto Rico,Insulin Aspart Flexpen,Insulin Aspart,24,180,228.6,45973.61,62,,148,190.4,35678.49,,51,394.8,381.77,N,N,N,N,2021
National,,National,Insulin Aspart Penfill,Insulin Aspart,559,1040,1653.7,364375.27,558,,756,1242.9,268020.86,,393,1717.11,36113.39,N,N,N,N,2021
State,06,California,Insulin Aspart Penfill,Insulin Aspart,33,66,138.1,31589.24,32,,53,120.5,28441.32,#,,69.2,3697.53,N,N,N,N,2021
State,08,Colorado,Insulin Aspart Penfill,Insulin Aspart,10,22,40,9053.73,,#,,,,*,,20,954.92,N,N,N,N,2021
State,12,Florida,Insulin Aspart Penfill,Insulin Aspart,32,82,122.2,25404.25,33,,70,108.2,22438.65,#,,68.4,2907.26,N,N,N,N,2021
State,17,Illinois,Insulin Aspart Penfill,Insulin Aspart,20,31,53.2,11316.5,19,#,,,,#,,206.02,1947.26,N,N,N,N,2021
State,18,Indiana,Insulin Aspart Penfill,Insulin Aspart,11,17,31.9,13304.03,,#,,,,*,,13.2,993.05,N,N,N,N,2021
State,20,Kansas,Insulin Aspart Penfill,Insulin Aspart,13,21,29.8,7324.43,12,#,,,,*,,0,870.22,N,N,N,N,2021
State,21,Kentucky,Insulin Aspart Penfill,Insulin Aspart,12,17,18.5,3854.66,12,#,,,,*,,40.8,248.21,N,N,N,N,2021
State,22,Louisiana,Insulin Aspart Penfill,Insulin Aspart,7,11,13,4794.78,,*,,,,*,,12,246.77,N,N,N,N,2021
State,24,Maryland,Insulin Aspart Penfill,Insulin Aspart,14,23,31.1,4431.88,14,#,,,,*,,20,630.06,N,N,N,N,2021
State,25,Massachusetts,Insulin Aspart Penfill,Insulin Aspart,7,11,21.7,3847.63,,*,,,,*,,21.2,129.2,N,N,N,N,2021
State,26,Michigan,Insulin Aspart Penfill,Insulin Aspart,23,42,58.9,9722.48,21,,29,45.9,7504.55,#,,66.98,1193.23,N,N,N,N,2021
State,27,Minnesota,Insulin Aspart Penfill,Insulin Aspart,23,30,53.5,11971.9,21,,17,30.9,5974.9,#,,45.2,1533.14,N,N,N,N,2021
State,29,Missouri,Insulin Aspart Penfill,Insulin Aspart,17,24,38.4,7845.69,16,#,,,,#,,27.6,1044.98,N,N,N,N,2021
State,33,New Hampshire,Insulin Aspart Penfill,Insulin Aspart,3,11,22.1,5741.71,,*,,,,*,,18.4,348.4,N,N,N,N,2021
State,34,New Jersey,Insulin Aspart Penfill,Insulin Aspart,19,27,42.5,8396.59,18,#,,,,#,,31.6,344.87,N,N,N,N,2021
State,36,New York,Insulin Aspart Penfill,Insulin Aspart,45,84,104.7,19866.46,50,,65,82.8,15241.71,,38,144.4,1559.58,N,N,N,N,2021
State,37,North Carolina,Insulin Aspart Penfill,Insulin Aspart,17,30,32.8,7486.59,18,#,,,,#,,4,1167.13,N,N,N,N,2021
State,39,Ohio,Insulin Aspart Penfill,Insulin Aspart,35,52,68.8,16272.75,39,,25,30.4,6243.12,,20,118.41,597.48,N,N,N,N,2021
State,41,Oregon,Insulin Aspart Penfill,Insulin Aspart,15,38,56,14951.33,13,#,,,,#,,36,1032.63,N,N,N,N,2021
State,42,Pennsylvania,Insulin Aspart Penfill,Insulin Aspart,32,68,107.9,26017.13,30,,25,41.3,9180.92,,14,127.6,1542.45,N,N,N,N,2021
State,47,Tennessee,Insulin Aspart Penfill,Insulin Aspart,15,24,35.3,4828.86,14,*,,,,*,,66,173.32,N,N,N,N,2021
State,48,Texas,Insulin Aspart Penfill,Insulin Aspart,31,57,85.7,19673.44,32,,46,66.7,15144.43,#,,68.4,2191.04,N,N,N,N,2021
State,49,Utah,Insulin Aspart Penfill,Insulin Aspart,9,22,45.8,18963,,#,,,,*,,57.8,165.66,N,N,N,N,2021
State,51,Virginia,Insulin Aspart Penfill,Insulin Aspart,11,31,58.9,9829.03,12,#,,,,*,,100,796.13,N,N,N,N,2021
State,53,Washington,Insulin Aspart Penfill,Insulin Aspart,20,35,66.2,12165.29,18,#,,,,#,,9.2,3191.51,N,N,N,N,2021
State,55,Wisconsin,Insulin Aspart Penfill,Insulin Aspart,27,76,123.4,25801.46,31,,56,96,22146.83,#,,109.2,3212.19,N,N,N,N,2021
National,,National,Humalog,Insulin Lispro,83767,647590,971482.4,434954364.59,167473,,487559,742405.5,311619829.66,,127557,920281.38,16786176.98,N,N,N,N,2021
State,01,Alabama,Humalog,Insulin Lispro,1300,11598,16304.3,8110022.29,3065,,8103,11301.3,5284042.3,,2139,32316.92,342824.6,N,N,N,N,2021
State,02,Alaska,Humalog,Insulin Lispro,97,416,861.5,508868.16,143,,317,701.9,389552.44,,114,461.52,13051.58,N,N,N,N,2021
State,04,Arizona,Humalog,Insulin Lispro,2295,15086,23838.5,11419863.14,4783,,10914,17693.3,8205404.14,,3496,26522.31,462418.66,N,N,N,N,2021
State,05,Arkansas,Humalog,Insulin Lispro,902,5812,7743.8,3933411.66,1616,,3781,5057.1,2361732.74,,1061,13099.02,150451.97,N,N,N,N,2021
State,06,California,Humalog,Insulin Lispro,10433,65255,115311.3,37702165.89,19299,,53899,97245.5,30603513.82,,16010,99661.81,2028578.18,N,N,N,N,2021
State,08,Colorado,Humalog,Insulin Lispro,1242,7428,12883,4772052.03,2232,,5825,10364.9,3591242.41,,1780,7368.54,291715.73,N,N,N,N,2021
State,09,Connecticut,Humalog,Insulin Lispro,939,9171,13558.9,5978086.66,2234,,7274,10684.1,4367662.65,,1765,12622,199570.67,N,N,N,N,2021
State,10,Delaware,Humalog,Insulin Lispro,190,1839,2831.1,1207780.5,450,,1409,2253.3,883536.41,,357,1833.34,40711.69,N,N,N,N,2021
State,11,District of Columbia,Humalog,Insulin Lispro,209,1011,1556.5,484936.62,340,,752,1168.3,350551.55,,249,1220.71,14954.5,N,N,N,N,2021
State,12,Florida,Humalog,Insulin Lispro,4926,29702,47108.7,22505584.72,9130,,23117,36431.9,16358729.01,,7061,47657.79,902483.54,N,N,N,N,2021
State,13,Georgia,Humalog,Insulin Lispro,2517,18347,28551.9,14909195.81,5185,,13735,21775.3,10960968.89,,3885,46004.39,597631.1,N,N,N,N,2021
State,15,Hawaii,Humalog,Insulin Lispro,204,923,1649,475413.18,268,,757,1378.8,369501.77,,220,1178.61,25407.8,N,N,N,N,2021
State,16,Idaho,Humalog,Insulin Lispro,369,2269,3444,1729845.54,603,,1629,2582.4,1211669.5,,451,3169.41,94111.56,N,N,N,N,2021
State,17,Illinois,Humalog,Insulin Lispro,3508,26224,38005.8,17514518,6854,,19660,29175.1,12908925.33,,5232,39300.23,815811.83,N,N,N,N,2021
State,18,Indiana,Humalog,Insulin Lispro,1765,15204,22957.5,11318318.65,4109,,11512,17289.3,7869454.79,,3050,24544.16,403096.36,N,N,N,N,2021
State,19,Iowa,Humalog,Insulin Lispro,750,5260,7492.6,4140915.96,1225,,3759,5449.6,2788579.49,,866,5219.1,131027.54,N,N,N,N,2021
State,20,Kansas,Humalog,Insulin Lispro,549,3232,4920.4,2647760.65,842,,2619,4052.4,2067804.22,,673,5240.98,121633.48,N,N,N,N,2021
State,21,Kentucky,Humalog,Insulin Lispro,1268,9549,13558.4,7823489.09,2583,,6189,9166.8,4887685.3,,1709,20266.78,202054.17,N,N,N,N,2021
State,22,Louisiana,Humalog,Insulin Lispro,903,5802,7739.2,3970685.83,1591,,4035,5472.3,2685380.02,,1099,11812.04,136260.8,N,N,N,N,2021
State,23,Maine,Humalog,Insulin Lispro,475,2933,4388,2069760.9,756,,2104,3085.6,1310079.62,,538,3583.02,48663.36,N,N,N,N,2021
State,24,Maryland,Humalog,Insulin Lispro,1370,9848,15202.1,5142622.39,2733,,7388,11449.1,3592782.7,,2056,18231.36,181437.85,N,N,N,N,2021
State,25,Massachusetts,Humalog,Insulin Lispro,2172,20130,28580.8,11957654.52,5019,,16591,23552.6,9264187.7,,4102,24817.24,535072.99,N,N,N,N,2021
State,26,Michigan,Humalog,Insulin Lispro,3464,20394,34020.9,15909097.79,6348,,15109,25970,11613137.05,,4758,35405.52,588618.19,N,N,N,N,2021
State,27,Minnesota,Humalog,Insulin Lispro,889,4860,8226.5,4116470.67,1363,,4031,6839.5,3320835.11,,1119,7660.82,224488.54,N,N,N,N,2021
State,28,Mississippi,Humalog,Insulin Lispro,593,2867,3905.1,2007194.66,919,,1948,2695.5,1292680.28,,619,4846.56,75580.92,N,N,N,N,2021
State,29,Missouri,Humalog,Insulin Lispro,1421,10761,16371.1,8972701.87,2962,,7900,12394.3,6450047.36,,2185,16447.2,387008.78,N,N,N,N,2021
State,30,Montana,Humalog,Insulin Lispro,228,1301,2083.1,1056811.37,341,,1102,1791,896415.01,,285,2610.52,56935.69,N,N,N,N,2021
State,31,Nebraska,Humalog,Insulin Lispro,512,3690,5085.4,2592809.1,845,,2756,3794.6,1821033.27,,630,7713.43,113357.27,N,N,N,N,2021
State,32,Nevada,Humalog,Insulin Lispro,475,2454,3963.4,1910082.8,785,,1876,3108.2,1455370.37,,590,4894.18,91555.28,N,N,N,N,2021
State,33,New Hampshire,Humalog,Insulin Lispro,379,3161,4937.6,2306037.1,848,,2356,3784.2,1666248.02,,662,6038.64,91973.99,N,N,N,N,2021
State,34,New Jersey,Humalog,Insulin Lispro,2325,24566,34148.5,13398139.89,5726,,18850,26118.7,9534060.9,,4442,22924.39,432928.82,N,N,N,N,2021
State,35,New Mexico,Humalog,Insulin Lispro,526,3338,4754.6,1995078.17,941,,2521,3684.4,1443574.82,,715,5202.78,96882.8,N,N,N,N,2021
State,36,New York,Humalog,Insulin Lispro,3780,25965,37662.4,17325335.32,6766,,20020,29214.6,12573993.42,,5305,28782.43,688844.17,N,N,N,N,2021
State,37,North Carolina,Humalog,Insulin Lispro,2497,17857,25574.8,12860286.99,4803,,12842,18548.2,8487982.87,,3501,30037.97,512804.11,N,N,N,N,2021
State,38,North Dakota,Humalog,Insulin Lispro,125,725,1025.4,511222.62,164,,566,778.1,350757.48,,128,767.62,27843.86,N,N,N,N,2021
State,39,Ohio,Humalog,Insulin Lispro,3214,25727,38466.4,17566767.93,7311,,19554,30018,13142919.18,,5595,35005.06,793073.4,N,N,N,N,2021
State,40,Oklahoma,Humalog,Insulin Lispro,783,5517,7686.4,3699826.07,1451,,4001,5643.7,2493143.33,,1043,6574.89,167003.6,N,N,N,N,2021
State,41,Oregon,Humalog,Insulin Lispro,1392,8178,13207.1,5363951.51,2330,,6606,10818.3,4220146.53,,1895,18164.93,364035.66,N,N,N,N,2021
State,42,Pennsylvania,Humalog,Insulin Lispro,3483,32369,44863.8,19375143.48,7210,,24318,33883.7,13463565.62,,5446,33801.83,767527.74,N,N,N,N,2021
State,44,Rhode Island,Humalog,Insulin Lispro,355,3142,4100.6,1661444.77,731,,2384,3123,1219655,,564,5703.29,63633.35,N,N,N,N,2021
State,45,South Carolina,Humalog,Insulin Lispro,1134,6931,11251.6,6015505.73,2037,,5141,8338.2,4219008.7,,1506,13297.75,272054.58,N,N,N,N,2021
State,46,South Dakota,Humalog,Insulin Lispro,119,805,1276.4,660070.84,212,,633,1025.6,504591.2,,166,1382.5,26453.45,N,N,N,N,2021
State,47,Tennessee,Humalog,Insulin Lispro,2387,15575,23706.6,13703481.39,4589,,9339,14389.1,7618312.72,,2836,33731.62,376300.07,N,N,N,N,2021
State,48,Texas,Humalog,Insulin Lispro,5579,37824,58618.4,28649182.61,11785,,28714,44673.2,20869167.67,,8922,78197.01,1182199.52,N,N,N,N,2021
State,49,Utah,Humalog,Insulin Lispro,596,3340,5821.7,3144118.37,1021,,2648,4761.4,2544265.8,,830,5597.22,178163.27,N,N,N,N,2021
State,50,Vermont,Humalog,Insulin Lispro,143,811,1501.5,743443.78,245,,657,1215.7,583298.02,,191,932.91,29458.5,N,N,N,N,2021
State,51,Virginia,Humalog,Insulin Lispro,1868,12857,20274.8,9305749.12,3705,,9494,15300.9,6457420.71,,2727,22916.5,441799.21,N,N,N,N,2021
State,53,Washington,Humalog,Insulin Lispro,2388,14471,23303.8,9489779.32,4037,,10920,18059.7,6693769.13,,3111,24942.12,501934.1,N,N,N,N,2021
State,54,West Virginia,Humalog,Insulin Lispro,495,4235,5574.9,2267923.43,1076,,3167,4134.6,1468285.63,,790,9881.69,75905.59,N,N,N,N,2021
State,55,Wisconsin,Humalog,Insulin Lispro,1232,8121,12903.4,7088351.27,2124,,6266,9991.4,5215779.89,,1643,8115.02,340175.66,N,N,N,N,2021
State,56,Wyoming,Humalog,Insulin Lispro,108,444,717,296067.81,128,,336,572.4,236019.51,,98,688.18,14997.68,N,N,N,N,2021
State,66,Guam,Humalog,Insulin Lispro,10,43,48,18123.46,,#,,,,*,,120.01,3132.94,N,N,N,N,2021
State,72,Puerto Rico,Humalog,Insulin Lispro,2843,77893,97540.7,40462556.07,13610,,55795,70023.8,27301099.74,,10129,1595.31,48177.42,N,N,N,N,2021
State,78,Virgin Islands,Humalog,Insulin Lispro,27,168,183.7,79820.76,33,#,,,,#,,13.2,9188.03,N,N,N,N,2021
State,9B,Armed Forces Europe,Humalog,Insulin Lispro,3,61,74.8,52463.1,12,,46,59.7,34861.23,*,,90.8,1437.45,N,N,N,N,2021
State,9D,Unknown,Humalog,Insulin Lispro,3,45,45.9,9085.31,,,45,45.9,9085.31,*,,0,459,N,N,N,N,2021
State,9E,Foreign Country,Humalog,Insulin Lispro,5,46,51.4,10467.44,16,#,,,,#,,50.2,346,N,N,N,N,2021
National,,National,Humalog Junior Kwikpen,Insulin Lispro,4182,12355,23551.1,7637030.74,4567,,9282,18312.9,5662257.87,,3501,18703.62,422504.91,N,N,N,N,2021
State,01,Alabama,Humalog Junior Kwikpen,Insulin Lispro,45,84,166.9,48368.24,46,,49,97.6,27928.81,,31,337.37,3168.65,N,N,N,N,2021
State,02,Alaska,Humalog Junior Kwikpen,Insulin Lispro,8,15,41.5,13706.74,,#,,,,*,,18.4,488.13,N,N,N,N,2021
State,04,Arizona,Humalog Junior Kwikpen,Insulin Lispro,120,276,528.5,166087.5,117,,180,375.9,113749.85,,85,116.8,8323.46,N,N,N,N,2021
State,05,Arkansas,Humalog Junior Kwikpen,Insulin Lispro,15,28,49,18866.51,16,#,,,,#,,12,1541.4,N,N,N,N,2021
State,06,California,Humalog Junior Kwikpen,Insulin Lispro,478,1386,2895.2,796135.58,545,,1153,2467.7,651096.39,,464,1740.15,66869.15,N,N,N,N,2021
State,08,Colorado,Humalog Junior Kwikpen,Insulin Lispro,66,225,454,97754.99,76,,193,390.7,79660.55,,64,310.05,11935.44,N,N,N,N,2021
State,09,Connecticut,Humalog Junior Kwikpen,Insulin Lispro,73,210,419.5,119280.42,84,,159,320.8,89827,,66,509.2,7428.74,N,N,N,N,2021
State,10,Delaware,Humalog Junior Kwikpen,Insulin Lispro,23,74,147.3,48907.74,29,,53,109,37977.71,#,,30.4,2589.38,N,N,N,N,2021
State,11,District of Columbia,Humalog Junior Kwikpen,Insulin Lispro,18,36,70.5,23689.22,18,,20,46.8,13598.88,#,,40,1029.22,N,N,N,N,2021
State,12,Florida,Humalog Junior Kwikpen,Insulin Lispro,237,569,1150.8,378168.37,253,,446,918.5,297793.03,,205,1272.63,19480.85,N,N,N,N,2021
State,13,Georgia,Humalog Junior Kwikpen,Insulin Lispro,85,192,408.9,137522.27,89,,150,322.7,109155.48,,68,653.32,7676.23,N,N,N,N,2021
State,15,Hawaii,Humalog Junior Kwikpen,Insulin Lispro,10,19,29.8,12461.84,,#,,,,*,,40.8,410,N,N,N,N,2021
State,16,Idaho,Humalog Junior Kwikpen,Insulin Lispro,13,36,76.8,20007.29,14,,25,55.8,16870.9,#,,4,1375.84,N,N,N,N,2021
State,17,Illinois,Humalog Junior Kwikpen,Insulin Lispro,114,303,573.3,172194.87,117,,241,439.2,129546.55,,91,110,15442.57,N,N,N,N,2021
State,18,Indiana,Humalog Junior Kwikpen,Insulin Lispro,86,241,423.8,154125.61,91,,178,343.4,113089.21,,72,314,6704.57,N,N,N,N,2021
State,19,Iowa,Humalog Junior Kwikpen,Insulin Lispro,24,81,202.3,75287.96,31,,64,171.4,67286.9,#,,17.2,4655.01,N,N,N,N,2021
State,20,Kansas,Humalog Junior Kwikpen,Insulin Lispro,22,56,117.7,40973.96,21,,36,82.3,24898.99,#,,46,4922.6,N,N,N,N,2021
State,21,Kentucky,Humalog Junior Kwikpen,Insulin Lispro,40,113,193.1,77291.88,43,,83,155.3,57743.03,,30,478.35,4257.86,N,N,N,N,2021
State,22,Louisiana,Humalog Junior Kwikpen,Insulin Lispro,31,80,134.4,43218.54,31,,45,69,26733.47,,18,85.6,2070.06,N,N,N,N,2021
State,23,Maine,Humalog Junior Kwikpen,Insulin Lispro,23,66,146.8,52423.18,31,,38,86.3,25896.57,,18,70,2053.53,N,N,N,N,2021
State,24,Maryland,Humalog Junior Kwikpen,Insulin Lispro,68,151,283.9,79850.9,69,,119,221.1,64603.52,,52,220.74,4205.61,N,N,N,N,2021
State,25,Massachusetts,Humalog Junior Kwikpen,Insulin Lispro,136,421,813,246350.22,153,,340,669.7,191739.37,,125,699.35,19071.12,N,N,N,N,2021
State,26,Michigan,Humalog Junior Kwikpen,Insulin Lispro,164,439,943.7,288451.94,180,,348,796.5,233863.41,,146,277,12997.08,N,N,N,N,2021
State,27,Minnesota,Humalog Junior Kwikpen,Insulin Lispro,59,199,414.1,120830.24,65,,164,361.8,99669.91,#,,246.32,9370.04,N,N,N,N,2021
State,28,Mississippi,Humalog Junior Kwikpen,Insulin Lispro,13,30,52.3,19580.95,14,,17,32.7,10578.65,*,,64.4,340.14,N,N,N,N,2021
State,29,Missouri,Humalog Junior Kwikpen,Insulin Lispro,63,162,298,102301.49,62,,117,212.2,69902.78,,47,197.6,5232.93,N,N,N,N,2021
State,30,Montana,Humalog Junior Kwikpen,Insulin Lispro,8,18,40.6,14363.36,,#,,,,*,,13.2,449.92,N,N,N,N,2021
State,31,Nebraska,Humalog Junior Kwikpen,Insulin Lispro,11,52,95.5,33182.76,14,,30,57.5,16901.74,*,,4,835.13,N,N,N,N,2021
State,32,Nevada,Humalog Junior Kwikpen,Insulin Lispro,34,76,128.7,59154.84,35,,60,98.3,49694.32,#,,153.2,3579.77,N,N,N,N,2021
State,33,New Hampshire,Humalog Junior Kwikpen,Insulin Lispro,30,107,212.4,66191.26,43,,94,181.4,55953.63,#,,582.83,5793.68,N,N,N,N,2021
State,34,New Jersey,Humalog Junior Kwikpen,Insulin Lispro,162,560,1086.8,319827.53,189,,453,900.9,259105.99,,153,1466.68,18780.6,N,N,N,N,2021
State,35,New Mexico,Humalog Junior Kwikpen,Insulin Lispro,36,110,216,77085.71,36,#,,,,#,,307.04,2790.02,N,N,N,N,2021
State,36,New York,Humalog Junior Kwikpen,Insulin Lispro,273,706,1340.4,455621.84,286,,553,1067.3,360390.47,,220,893.2,20918.74,N,N,N,N,2021
State,37,North Carolina,Humalog Junior Kwikpen,Insulin Lispro,126,337,575.1,190021.09,125,,225,392.3,130562.17,,81,222.8,11204.73,N,N,N,N,2021
State,38,North Dakota,Humalog Junior Kwikpen,Insulin Lispro,9,30,57.5,17252.93,,#,,,,*,,47.6,2508.53,N,N,N,N,2021
State,39,Ohio,Humalog Junior Kwikpen,Insulin Lispro,178,519,975.2,309728.62,205,,417,787.6,241937.12,,160,728.2,19605.57,N,N,N,N,2021
State,40,Oklahoma,Humalog Junior Kwikpen,Insulin Lispro,36,90,165.3,52928.91,38,,74,135.7,43521.44,,27,12,4594.86,N,N,N,N,2021
State,41,Oregon,Humalog Junior Kwikpen,Insulin Lispro,39,132,281.1,69064.52,55,,112,248.4,60532.19,#,,139.6,9655.18,N,N,N,N,2021
State,42,Pennsylvania,Humalog Junior Kwikpen,Insulin Lispro,183,530,1028.7,317092.2,189,,377,725.2,197088.98,,135,693.27,20772.14,N,N,N,N,2021
State,44,Rhode Island,Humalog Junior Kwikpen,Insulin Lispro,13,36,54.7,21210.59,15,#,,,,#,,50,959.09,N,N,N,N,2021
State,45,South Carolina,Humalog Junior Kwikpen,Insulin Lispro,59,149,271.5,95453.32,60,,85,172.3,52609.22,,40,777.93,4417.54,N,N,N,N,2021
State,47,Tennessee,Humalog Junior Kwikpen,Insulin Lispro,84,244,414.4,149555.23,91,,162,292.7,101546.62,,65,297.68,8733.08,N,N,N,N,2021
State,48,Texas,Humalog Junior Kwikpen,Insulin Lispro,314,809,1524.3,584478.2,345,,600,1174.9,421948.39,,262,2638.27,24454.26,N,N,N,N,2021
State,49,Utah,Humalog Junior Kwikpen,Insulin Lispro,24,57,123.7,38914.15,27,,44,105.9,29909.58,#,,68.4,3135.86,N,N,N,N,2021
State,50,Vermont,Humalog Junior Kwikpen,Insulin Lispro,6,15,36.7,10429.46,,*,,,,*,,16,950.48,N,N,N,N,2021
State,51,Virginia,Humalog Junior Kwikpen,Insulin Lispro,84,248,453.2,130474.1,93,,207,375.4,107309.23,,75,195.8,9413.87,N,N,N,N,2021
State,53,Washington,Humalog Junior Kwikpen,Insulin Lispro,118,312,645,163648.01,132,,196,449.1,112693.69,,84,583.85,14309.87,N,N,N,N,2021
State,54,West Virginia,Humalog Junior Kwikpen,Insulin Lispro,20,46,82.9,31482.09,18,,35,59.9,23662.57,#,,521.57,367.35,N,N,N,N,2021
State,55,Wisconsin,Humalog Junior Kwikpen,Insulin Lispro,62,179,370.3,115880.32,71,,140,305.7,93585.33,,57,305.2,8063.84,N,N,N,N,2021
State,72,Puerto Rico,Humalog Junior Kwikpen,Insulin Lispro,231,1482,2310.3,949778.49,336,,972,1596.3,596234.99,,230,55.22,2118.21,N,N,N,N,2021
National,,National,Humalog Kwikpen U-100,Insulin Lispro,148068,1208868,2231091.1,1076071866.2,374215,,925279,1756406.3,813450502.94,,289986,2154681.38,43474700.21,N,N,N,N,2021
State,01,Alabama,Humalog Kwikpen U-100,Insulin Lispro,2348,24503,42517,21501111.54,7646,,17448,30527.9,14882857.48,,5370,74094.93,1022777.1,N,N,N,N,2021
State,02,Alaska,Humalog Kwikpen U-100,Insulin Lispro,227,1207,2426.2,1157828.58,434,,1021,2068.9,960823.64,,347,3316.94,26091.29,N,N,N,N,2021
State,04,Arizona,Humalog Kwikpen U-100,Insulin Lispro,2757,18235,37420.2,17911819.91,6847,,14333,30192.6,14085484.71,,5352,33603.13,829058.16,N,N,N,N,2021
State,05,Arkansas,Humalog Kwikpen U-100,Insulin Lispro,1306,10232,16559,9521944.7,3145,,6662,11078.4,5957895.01,,2050,27785.88,363592.2,N,N,N,N,2021
State,06,California,Humalog Kwikpen U-100,Insulin Lispro,13913,102805,197102,72911490.62,32684,,84538,165572.2,59883124.73,,27148,175056.4,3639333.54,N,N,N,N,2021
State,08,Colorado,Humalog Kwikpen U-100,Insulin Lispro,1859,9856,20079.8,8875915.47,3506,,7426,15689.8,6806843.51,,2668,15731.93,431943.27,N,N,N,N,2021
State,09,Connecticut,Humalog Kwikpen U-100,Insulin Lispro,1935,18905,38840.4,18342096.3,6322,,15022,31431.3,14313007.47,,5028,46336.18,560006.38,N,N,N,N,2021
State,10,Delaware,Humalog Kwikpen U-100,Insulin Lispro,533,4867,10433.4,5150053.08,1761,,3736,8392.4,4064321.15,,1381,9107.3,172048.35,N,N,N,N,2021
State,11,District of Columbia,Humalog Kwikpen U-100,Insulin Lispro,502,3079,6054.2,2404121.96,1071,,2000,4118.3,1556817.14,,713,3828.42,43819.55,N,N,N,N,2021
State,12,Florida,Humalog Kwikpen U-100,Insulin Lispro,8243,61814,118390.3,56576735.02,20991,,49108,96128.6,44581027.85,,16745,109717.26,2373314.6,N,N,N,N,2021
State,13,Georgia,Humalog Kwikpen U-100,Insulin Lispro,3742,31413,58471.3,29425951.67,10399,,24096,45794.5,22449083,,7978,81329.2,1134410.3,N,N,N,N,2021
State,15,Hawaii,Humalog Kwikpen U-100,Insulin Lispro,466,2711,5712.7,2352176.26,914,,2050,4463.2,1750578.62,,704,3860.67,68370.22,N,N,N,N,2021
State,16,Idaho,Humalog Kwikpen U-100,Insulin Lispro,760,4760,8441.4,4038208,1583,,3663,6732.7,3073317.58,,1227,9505.47,197028.49,N,N,N,N,2021
State,17,Illinois,Humalog Kwikpen U-100,Insulin Lispro,6288,60384,113419.7,57321076.37,18842,,48814,93962.3,45980839.25,,15347,92643.88,2984317.49,N,N,N,N,2021
State,18,Indiana,Humalog Kwikpen U-100,Insulin Lispro,3490,35604,67409.8,37323157.59,11305,,25965,51190.3,27072822.88,,8435,58469.49,1238880.46,N,N,N,N,2021
State,19,Iowa,Humalog Kwikpen U-100,Insulin Lispro,1547,13603,23318.7,13648836.94,3715,,10460,18419.3,10204567.44,,2834,14572.35,412825.2,N,N,N,N,2021
State,20,Kansas,Humalog Kwikpen U-100,Insulin Lispro,1334,10668,18709.7,10425534.2,3145,,8518,15107.8,8040138.03,,2452,15176.23,417302.84,N,N,N,N,2021
State,21,Kentucky,Humalog Kwikpen U-100,Insulin Lispro,2368,19677,33013.2,18096609.27,5987,,12822,22928,11867067.22,,4026,47064.9,487173.84,N,N,N,N,2021
State,22,Louisiana,Humalog Kwikpen U-100,Insulin Lispro,1622,11198,18435.7,8760278.96,3576,,7691,12921.3,5950916.09,,2455,23598.73,293333.51,N,N,N,N,2021
State,23,Maine,Humalog Kwikpen U-100,Insulin Lispro,774,4210,8218.9,4492699.57,1436,,2973,5918.7,3123302.11,,1020,5807.1,123432.22,N,N,N,N,2021
State,24,Maryland,Humalog Kwikpen U-100,Insulin Lispro,2482,17465,34132.8,14813824.78,5999,,12704,25782.9,10811880.39,,4490,36895.94,514743.11,N,N,N,N,2021
State,25,Massachusetts,Humalog Kwikpen U-100,Insulin Lispro,3368,27505,51151.2,24275161.61,8566,,22832,43273.2,19909638,,7056,44757.61,1088716.87,N,N,N,N,2021
State,26,Michigan,Humalog Kwikpen U-100,Insulin Lispro,6121,47567,96077.1,44102151.1,16259,,38274,80179.8,35585158.33,,13172,64210.72,1463423.2,N,N,N,N,2021
State,27,Minnesota,Humalog Kwikpen U-100,Insulin Lispro,2923,21003,36503.2,17442324.23,5788,,17701,31308.6,14451444.32,,4835,23963.09,819297.66,N,N,N,N,2021
State,28,Mississippi,Humalog Kwikpen U-100,Insulin Lispro,827,4942,8569,4379044.69,1680,,3354,5992.5,2899772.87,,1136,9004.69,143819.94,N,N,N,N,2021
State,29,Missouri,Humalog Kwikpen U-100,Insulin Lispro,3387,32745,57606.7,31406841.84,9958,,23156,42454.5,21924432.41,,7223,58233.67,1136608.89,N,N,N,N,2021
State,30,Montana,Humalog Kwikpen U-100,Insulin Lispro,421,2777,4773.3,2135908.96,841,,2347,4087.2,1771690.88,,705,5482.98,118228.58,N,N,N,N,2021
State,31,Nebraska,Humalog Kwikpen U-100,Insulin Lispro,1059,7859,13747.3,6812702.57,2346,,5747,10341.9,4827064.45,,1746,12989.35,285191.54,N,N,N,N,2021
State,32,Nevada,Humalog Kwikpen U-100,Insulin Lispro,992,6529,12677.7,6463664.49,2371,,5181,10258.1,5088598.79,,1918,20631.88,251898.25,N,N,N,N,2021
State,33,New Hampshire,Humalog Kwikpen U-100,Insulin Lispro,698,5099,9877.9,5178075.22,1702,,3819,7831.3,3991489.71,,1307,8726.01,210123.01,N,N,N,N,2021
State,34,New Jersey,Humalog Kwikpen U-100,Insulin Lispro,4131,50825,94782.1,42492009.78,14583,,39483,76146.7,33235133,,11729,66651.41,1587485.54,N,N,N,N,2021
State,35,New Mexico,Humalog Kwikpen U-100,Insulin Lispro,870,5466,10560,5128981.62,1953,,4173,8285,3791350.47,,1489,12696.86,232968.92,N,N,N,N,2021
State,36,New York,Humalog Kwikpen U-100,Insulin Lispro,10116,79486,139646.8,66329349.91,23514,,61890,111371.7,51065880.66,,18583,106079.68,2249549.29,N,N,N,N,2021
State,37,North Carolina,Humalog Kwikpen U-100,Insulin Lispro,5471,45345,77980.1,38825539.43,14410,,32955,57527.9,27163281.89,,10547,93053.91,1590235.68,N,N,N,N,2021
State,38,North Dakota,Humalog Kwikpen U-100,Insulin Lispro,373,3332,5468.5,2681213.07,868,,2792,4691.4,2162884.64,,737,6087.99,205578.02,N,N,N,N,2021
State,39,Ohio,Humalog Kwikpen U-100,Insulin Lispro,6374,57003,103173.3,50738616.59,18981,,44374,83440.2,39463849.39,,14871,85938.77,2261171.41,N,N,N,N,2021
State,40,Oklahoma,Humalog Kwikpen U-100,Insulin Lispro,1604,11536,20172.4,10241311.44,3675,,8384,15088.8,7327411.1,,2684,16422.89,473565.77,N,N,N,N,2021
State,41,Oregon,Humalog Kwikpen U-100,Insulin Lispro,2115,14320,26146.4,12426079.9,4513,,11566,21579.9,9914104.54,,3659,30791.98,816014.07,N,N,N,N,2021
State,42,Pennsylvania,Humalog Kwikpen U-100,Insulin Lispro,7651,76514,129629.7,61142409.66,21434,,55301,96594,43455155.14,,15918,118346.92,2285828.18,N,N,N,N,2021
State,44,Rhode Island,Humalog Kwikpen U-100,Insulin Lispro,536,4316,7791.6,3604475.2,1322,,3414,6271.4,2823166.09,,1041,10173.38,160080.59,N,N,N,N,2021
State,45,South Carolina,Humalog Kwikpen U-100,Insulin Lispro,2618,22734,41533.3,20515323.37,7530,,17049,31573.2,14924278.88,,5672,49249.6,867357.47,N,N,N,N,2021
State,46,South Dakota,Humalog Kwikpen U-100,Insulin Lispro,305,2585,4547,2465196.72,766,,2190,3940.9,2084217.23,,639,2821.19,121461.6,N,N,N,N,2021
State,47,Tennessee,Humalog Kwikpen U-100,Insulin Lispro,3453,26618,47824,26365547.35,8891,,18368,33930.6,17561825.24,,6195,59104.16,825740.54,N,N,N,N,2021
State,48,Texas,Humalog Kwikpen U-100,Insulin Lispro,9570,75364,147209,72899744.69,26198,,56350,111880.5,53672989.82,,19747,178080.86,2667499.37,N,N,N,N,2021
State,49,Utah,Humalog Kwikpen U-100,Insulin Lispro,954,5989,11786.6,6127457.67,2092,,5041,10119.8,5157458.71,,1754,8334.34,350803.79,N,N,N,N,2021
State,50,Vermont,Humalog Kwikpen U-100,Insulin Lispro,395,2388,4857.6,2554597.58,832,,1897,3961,1958039.11,,664,4091.77,102584.15,N,N,N,N,2021
State,51,Virginia,Humalog Kwikpen U-100,Insulin Lispro,3389,24485,46872.9,22074629.31,8460,,18621,36857.6,16648309.63,,6462,47883.92,982832.06,N,N,N,N,2021
State,53,Washington,Humalog Kwikpen U-100,Insulin Lispro,3926,27646,52201.3,24153818.25,8745,,21265,41506,18569320.84,,6830,51194.34,1252706.14,N,N,N,N,2021
State,54,West Virginia,Humalog Kwikpen U-100,Insulin Lispro,1203,8244,14040.2,7059875.28,2736,,5735,9987.1,4713646.05,,1883,20084.69,184201.54,N,N,N,N,2021
State,55,Wisconsin,Humalog Kwikpen U-100,Insulin Lispro,3409,31112,58773.3,33978469.66,9569,,23501,45591.8,24951610.6,,7258,48309.16,1260660.94,N,N,N,N,2021
State,56,Wyoming,Humalog Kwikpen U-100,Insulin Lispro,200,1032,1712.1,793719.34,305,,823,1403.6,627034.98,,244,1060.23,40437.16,N,N,N,N,2021
State,66,Guam,Humalog Kwikpen U-100,Insulin Lispro,17,154,172.2,115972.13,39,,121,134.8,84303.76,#,,383.25,11658.97,N,N,N,N,2021
State,72,Puerto Rico,Humalog Kwikpen U-100,Insulin Lispro,1031,8237,12802.7,5430128.52,1874,,5732,9231.2,3681601.95,,1355,1394.62,32271.99,N,N,N,N,2021
State,78,Virgin Islands,Humalog Kwikpen U-100,Insulin Lispro,47,702,957,454035.76,157,,653,899,400680.67,#,,620.73,49801.72,N,N,N,N,2021
State,9B,Armed Forces Europe,Humalog Kwikpen U-100,Insulin Lispro,4,111,164.7,121860.62,30,,62,99,61709.62,,18,197.2,4972.63,N,N,N,N,2021
State,9C,Armed Forces Pacific,Humalog Kwikpen U-100,Insulin Lispro,1,55,117.2,76244.84,17,#,,,,#,,68.4,3799.67,N,N,N,N,2021
State,9D,Unknown,Humalog Kwikpen U-100,Insulin Lispro,3,25,46.9,18261.25,,#,,,,*,,36.8,1560.84,N,N,N,N,2021
State,9E,Foreign Country,Humalog Kwikpen U-100,Insulin Lispro,7,16,25.3,6185.46,,#,,,,*,,20,725.1,N,N,N,N,2021
National,,National,Humalog Kwikpen U-200,Insulin Lispro,24188,123441,210607.3,178534767.56,34266,,87049,153790,121569829.05,,24809,227663.17,5211081.74,N,N,N,N,2021
State,01,Alabama,Humalog Kwikpen U-200,Insulin Lispro,568,3249,5030.7,3702136.03,869,,2173,3386,2361374.53,,575,10394.68,127739.5,N,N,N,N,2021
State,02,Alaska,Humalog Kwikpen U-200,Insulin Lispro,33,141,265.3,257918.13,49,,106,207.5,209045.36,#,,164.8,5367.6,N,N,N,N,2021
State,04,Arizona,Humalog Kwikpen U-200,Insulin Lispro,523,2251,4134.1,3046514.6,736,,1741,3282.9,2284091.19,,561,2858.5,111165.71,N,N,N,N,2021
State,05,Arkansas,Humalog Kwikpen U-200,Insulin Lispro,183,851,1249.1,1105260.91,238,,546,780.2,558272.65,,146,1788.47,28430.57,N,N,N,N,2021
State,06,California,Humalog Kwikpen U-200,Insulin Lispro,1705,8599,14661.7,11366738.75,2489,,6814,11887.8,8915819.61,,1988,18902.68,342477.7,N,N,N,N,2021
State,08,Colorado,Humalog Kwikpen U-200,Insulin Lispro,229,946,1618.5,1624619.57,285,,647,1138,1028782.52,,197,715.2,49857.31,N,N,N,N,2021
State,09,Connecticut,Humalog Kwikpen U-200,Insulin Lispro,277,1824,3369.4,3029321.54,497,,1270,2457.5,2032593.42,,368,3655.6,68281.99,N,N,N,N,2021
State,10,Delaware,Humalog Kwikpen U-200,Insulin Lispro,122,688,1343.6,1070165.33,216,,477,968.3,713624.29,,155,1062.6,17752.76,N,N,N,N,2021
State,11,District of Columbia,Humalog Kwikpen U-200,Insulin Lispro,42,226,382.2,247892.64,63,,130,229,173643.63,,37,156.83,1608.11,N,N,N,N,2021
State,12,Florida,Humalog Kwikpen U-200,Insulin Lispro,1596,7677,13844.6,10437868.99,2334,,5933,10904.1,7796214.79,,1812,13263.49,325148.05,N,N,N,N,2021
State,13,Georgia,Humalog Kwikpen U-200,Insulin Lispro,821,4198,7164.8,5793062.2,1182,,3000,5224.4,4036720.02,,864,10131.58,176612.1,N,N,N,N,2021
State,15,Hawaii,Humalog Kwikpen U-200,Insulin Lispro,51,164,364.3,243156.94,60,,126,293.7,165605.57,,44,862.43,4584.4,N,N,N,N,2021
State,16,Idaho,Humalog Kwikpen U-200,Insulin Lispro,99,390,674.5,600292.73,125,,300,517.4,445280.1,,93,344.4,22406.26,N,N,N,N,2021
State,17,Illinois,Humalog Kwikpen U-200,Insulin Lispro,853,3990,7005.4,5943267.23,1201,,3006,5460.9,4283231.36,,923,5186.23,217332.4,N,N,N,N,2021
State,18,Indiana,Humalog Kwikpen U-200,Insulin Lispro,713,4138,7053.3,6792206.7,1101,,2589,4693.5,4138163.49,,724,7473.24,182044.37,N,N,N,N,2021
State,19,Iowa,Humalog Kwikpen U-200,Insulin Lispro,175,948,1445.2,1705741.84,221,,602,939,1045286.74,,148,908,45973.93,N,N,N,N,2021
State,20,Kansas,Humalog Kwikpen U-200,Insulin Lispro,222,1134,1740.5,1695676.94,271,,797,1262.1,1081976.74,,193,3108.75,57721.5,N,N,N,N,2021
State,21,Kentucky,Humalog Kwikpen U-200,Insulin Lispro,456,2450,3818.6,3770159.15,638,,1386,2308.4,2040664.54,,383,5121.09,74701.41,N,N,N,N,2021
State,22,Louisiana,Humalog Kwikpen U-200,Insulin Lispro,257,1267,1914.4,1570711.86,326,,812,1269,1020805.42,,210,2325.55,33335.07,N,N,N,N,2021
State,23,Maine,Humalog Kwikpen U-200,Insulin Lispro,103,454,784,1141441.38,124,,246,451.3,493621.63,,74,389.6,17896.12,N,N,N,N,2021
State,24,Maryland,Humalog Kwikpen U-200,Insulin Lispro,365,1795,3350.6,2641927.58,560,,1225,2357.3,1769696.43,,388,3312.2,75378.48,N,N,N,N,2021
State,25,Massachusetts,Humalog Kwikpen U-200,Insulin Lispro,464,2208,3592.3,3150906.81,612,,1531,2653.6,2116466.42,,452,2875.89,97787.73,N,N,N,N,2021
State,26,Michigan,Humalog Kwikpen U-200,Insulin Lispro,811,3402,6729.9,5519970,1083,,2579,5431.6,4033360.04,,859,9638.35,134191.04,N,N,N,N,2021
State,27,Minnesota,Humalog Kwikpen U-200,Insulin Lispro,272,1262,2056.6,2335704.83,309,,907,1468.3,1509360.5,,218,1971.4,71591,N,N,N,N,2021
State,28,Mississippi,Humalog Kwikpen U-200,Insulin Lispro,120,429,668.3,586167.47,143,,262,416.7,296519.9,,93,906.28,11456.33,N,N,N,N,2021
State,29,Missouri,Humalog Kwikpen U-200,Insulin Lispro,532,2902,4790.9,4584860.69,785,,1849,3217.6,2831750,,525,5024.66,140537.07,N,N,N,N,2021
State,30,Montana,Humalog Kwikpen U-200,Insulin Lispro,53,254,344.8,386981.43,62,,157,234.2,241935.48,,43,308.8,10362.08,N,N,N,N,2021
State,31,Nebraska,Humalog Kwikpen U-200,Insulin Lispro,121,758,1055.9,1199783.43,155,,522,756,790955.16,,105,1439.21,30449.32,N,N,N,N,2021
State,32,Nevada,Humalog Kwikpen U-200,Insulin Lispro,224,934,1723,1436290.44,295,,715,1352.2,1070922.84,,232,2018.89,50396.43,N,N,N,N,2021
State,33,New Hampshire,Humalog Kwikpen U-200,Insulin Lispro,100,595,1081.6,1095772.75,167,,407,776.8,719129.51,,111,455.4,39370.79,N,N,N,N,2021
State,34,New Jersey,Humalog Kwikpen U-200,Insulin Lispro,806,5469,10088.4,7055348.62,1489,,4204,8018.1,5575665.09,,1171,5948.1,211484.96,N,N,N,N,2021
State,35,New Mexico,Humalog Kwikpen U-200,Insulin Lispro,150,702,1261.3,1035867.39,220,,500,914.1,704406.51,,165,2241.22,30880.06,N,N,N,N,2021
State,36,New York,Humalog Kwikpen U-200,Insulin Lispro,1546,7928,13362.7,11142402.87,2129,,5793,10219.4,7834172.4,,1612,9965.39,305936.31,N,N,N,N,2021
State,37,North Carolina,Humalog Kwikpen U-200,Insulin Lispro,894,4745,7263.7,6254554.85,1281,,3307,5163.7,4403113.61,,896,10150.27,191930.22,N,N,N,N,2021
State,38,North Dakota,Humalog Kwikpen U-200,Insulin Lispro,41,194,302.5,370680.39,49,,127,201.8,248457.01,,31,60.8,15269.88,N,N,N,N,2021
State,39,Ohio,Humalog Kwikpen U-200,Insulin Lispro,1222,6732,11120,10199232.54,1838,,4501,7871.7,6820535.12,,1275,11790,333532.1,N,N,N,N,2021
State,40,Oklahoma,Humalog Kwikpen U-200,Insulin Lispro,284,1366,2293.3,1845994.55,383,,939,1592.3,1182510.7,,260,1543.1,56434.24,N,N,N,N,2021
State,41,Oregon,Humalog Kwikpen U-200,Insulin Lispro,214,1007,1707.1,2053153.66,283,,711,1254.1,1373219.15,,210,3148.02,68540.71,N,N,N,N,2021
State,42,Pennsylvania,Humalog Kwikpen U-200,Insulin Lispro,1126,5915,9601.5,7493808.07,1532,,3956,6650.3,4915134.98,,1068,8540.5,247950.39,N,N,N,N,2021
State,44,Rhode Island,Humalog Kwikpen U-200,Insulin Lispro,60,415,639.3,601612,100,,295,448.9,363152.55,,72,1403.32,17308.48,N,N,N,N,2021
State,45,South Carolina,Humalog Kwikpen U-200,Insulin Lispro,641,3377,5491.4,4254009.67,955,,2330,3874.9,2743110.11,,672,5146.61,130141.96,N,N,N,N,2021
State,46,South Dakota,Humalog Kwikpen U-200,Insulin Lispro,23,151,231.9,349076.91,38,,107,175.1,210547.67,,27,790.91,12021.41,N,N,N,N,2021
State,47,Tennessee,Humalog Kwikpen U-200,Insulin Lispro,770,3898,6425,5398630.5,1092,,2363,3998.7,3115120.47,,667,9365.04,123230.56,N,N,N,N,2021
State,48,Texas,Humalog Kwikpen U-200,Insulin Lispro,2460,12386,22480.9,17476289,3878,,8713,16083.6,11825400.18,,2766,27799.79,456045.41,N,N,N,N,2021
State,49,Utah,Humalog Kwikpen U-200,Insulin Lispro,246,1145,2144.1,1926260.22,332,,947,1816.9,1519942.87,,274,1239.94,81771.95,N,N,N,N,2021
State,50,Vermont,Humalog Kwikpen U-200,Insulin Lispro,33,135,223.8,304723.69,34,,83,140.6,152015.4,,20,101.6,2106.95,N,N,N,N,2021
State,51,Virginia,Humalog Kwikpen U-200,Insulin Lispro,506,2619,4509.7,3861368.62,756,,1853,3283.4,2660546.02,,542,4761.74,135200.25,N,N,N,N,2021
State,53,Washington,Humalog Kwikpen U-200,Insulin Lispro,322,1526,2653.9,3404482.72,441,,1049,1927.5,2200785.19,,320,2376.18,81017.74,N,N,N,N,2021
State,54,West Virginia,Humalog Kwikpen U-200,Insulin Lispro,209,985,1542.9,1316966.98,263,,644,1051.7,814386.94,,177,3115.79,34919.31,N,N,N,N,2021
State,55,Wisconsin,Humalog Kwikpen U-200,Insulin Lispro,360,1653,2720,3184068.29,449,,1140,1926.6,2133219.16,,310,1118.85,92412.23,N,N,N,N,2021
State,56,Wyoming,Humalog Kwikpen U-200,Insulin Lispro,27,79,132.2,104866.32,28,,66,107.1,80873.67,#,,77.6,3473.75,N,N,N,N,2021
State,72,Puerto Rico,Humalog Kwikpen U-200,Insulin Lispro,147,835,1075.4,712866.96,178,,536,697.3,442845.51,,117,182,4869.23,N,N,N,N,2021
State,78,Virgin Islands,Humalog Kwikpen U-200,Insulin Lispro,5,11,13.6,13855.08,,*,,,,*,,0,665.6,N,N,N,N,2021
State,9B,Armed Forces Europe,Humalog Kwikpen U-200,Insulin Lispro,2,31,42.9,67820.65,,,12,21.4,27974.36,*,,31.6,1715.19,N,N,N,N,2021
National,,National,Insulin Lispro,Insulin Lispro,43740,221517,293411.6,70673343.33,71327,,164032,216141.3,49196893.33,,52610,408554.41,5201922.6,N,N,N,N,2021
State,01,Alabama,Insulin Lispro,Insulin Lispro,508,2528,3631.4,1026425.29,851,,1699,2469.5,676247.5,,573,7625.01,75586.81,N,N,N,N,2021
State,02,Alaska,Insulin Lispro,Insulin Lispro,72,263,486.5,123576.8,98,,206,401.4,95105.95,,77,402.8,7827.98,N,N,N,N,2021
State,04,Arizona,Insulin Lispro,Insulin Lispro,1509,6202,9113.7,2198784.88,2352,,4503,6667.8,1546069.16,,1691,12232.21,158699.77,N,N,N,N,2021
State,05,Arkansas,Insulin Lispro,Insulin Lispro,606,3497,4146.6,1016070.48,1102,,2395,2744.3,598113.6,,745,10212.6,59604.04,N,N,N,N,2021
State,06,California,Insulin Lispro,Insulin Lispro,3949,20165,25958.3,5513068.29,6243,,15604,19945,4098296.16,,4849,27851.43,358686.93,N,N,N,N,2021
State,08,Colorado,Insulin Lispro,Insulin Lispro,699,3380,5053.5,1266416.7,1048,,2621,3938.3,951031.29,,815,5845.63,133561.64,N,N,N,N,2021
State,09,Connecticut,Insulin Lispro,Insulin Lispro,510,2432,3114.3,705954.48,781,,1951,2476.4,539943.86,,614,4272.26,39054.53,N,N,N,N,2021
State,10,Delaware,Insulin Lispro,Insulin Lispro,93,340,510.6,125131.83,133,,211,332.3,72239.16,,89,573.16,7586.54,N,N,N,N,2021
State,11,District of Columbia,Insulin Lispro,Insulin Lispro,57,253,351.1,74747.08,98,,192,281.7,53026.25,,68,152,3161.47,N,N,N,N,2021
State,12,Florida,Insulin Lispro,Insulin Lispro,3199,16674,23068.4,5382003.17,5556,,13137,17940.2,3984378.65,,4341,26463.41,329993.44,N,N,N,N,2021
State,13,Georgia,Insulin Lispro,Insulin Lispro,1573,8800,12267.5,3151456.32,2882,,6657,9216.2,2306695.28,,2128,20976.65,257210.54,N,N,N,N,2021
State,15,Hawaii,Insulin Lispro,Insulin Lispro,48,222,270.7,53621.04,62,,195,228.7,45398.27,,49,156.2,1677.04,N,N,N,N,2021
State,16,Idaho,Insulin Lispro,Insulin Lispro,251,941,1418.7,345321.6,341,,684,1063.4,240166.52,,250,2103.71,40681.67,N,N,N,N,2021
State,17,Illinois,Insulin Lispro,Insulin Lispro,2018,10942,13428.6,2798558.94,3758,,8152,10043.5,2059777.92,,2767,12106.76,197362.5,N,N,N,N,2021
State,18,Indiana,Insulin Lispro,Insulin Lispro,1288,8975,11186.3,2733437.3,2699,,6624,8142.3,1832446.75,,1981,18024.53,194096.71,N,N,N,N,2021
State,19,Iowa,Insulin Lispro,Insulin Lispro,582,3586,4420.9,1182717.33,939,,2362,2899.5,718160.85,,627,6187.65,64650.62,N,N,N,N,2021
State,20,Kansas,Insulin Lispro,Insulin Lispro,363,1670,2297.4,638590.88,510,,1301,1783.7,486913.29,,389,3486.57,71049.15,N,N,N,N,2021
State,21,Kentucky,Insulin Lispro,Insulin Lispro,783,5117,6501,1884164.96,1583,,3466,4341.2,1103675.72,,1070,12073.7,128831.84,N,N,N,N,2021
State,22,Louisiana,Insulin Lispro,Insulin Lispro,492,2129,2711.8,686500.67,759,,1425,1860.7,450726.29,,518,4707.01,40969.99,N,N,N,N,2021
State,23,Maine,Insulin Lispro,Insulin Lispro,380,2238,3154.4,809834.4,594,,1595,2145.3,504367.09,,418,3082.71,38342.72,N,N,N,N,2021
State,24,Maryland,Insulin Lispro,Insulin Lispro,493,1754,2408.1,516508.42,699,,1307,1842.6,390010.97,,524,5004.41,37904.3,N,N,N,N,2021
State,25,Massachusetts,Insulin Lispro,Insulin Lispro,729,3732,4719.8,1007078.36,1240,,3105,3911.2,788141.2,,997,3584.54,74871.82,N,N,N,N,2021
State,26,Michigan,Insulin Lispro,Insulin Lispro,1239,5608,7156.2,1507754.76,2028,,4173,5285.4,1055878.93,,1501,8206.1,146358.96,N,N,N,N,2021
State,27,Minnesota,Insulin Lispro,Insulin Lispro,365,1382,2310.8,608042.95,483,,1112,1886.1,471313.26,,396,2559.72,63075.58,N,N,N,N,2021
State,28,Mississippi,Insulin Lispro,Insulin Lispro,413,1895,2265.5,507789.27,684,,1404,1654.4,329602.95,,485,3167.1,29618.53,N,N,N,N,2021
State,29,Missouri,Insulin Lispro,Insulin Lispro,836,4613,6136.7,1648743.24,1439,,3115,4163.1,1033568.2,,972,10412.52,133002.03,N,N,N,N,2021
State,30,Montana,Insulin Lispro,Insulin Lispro,71,182,312.7,79819.9,92,,138,245.2,61329.72,,70,600.38,10427.4,N,N,N,N,2021
State,31,Nebraska,Insulin Lispro,Insulin Lispro,257,1093,1436.1,359954.51,342,,827,1098.9,259216.74,,250,1817.55,32440.94,N,N,N,N,2021
State,32,Nevada,Insulin Lispro,Insulin Lispro,308,1195,1761,464667.51,404,,890,1333.8,341101.21,,291,2262.23,41129.99,N,N,N,N,2021
State,33,New Hampshire,Insulin Lispro,Insulin Lispro,232,1228,1634.4,403586.26,354,,1006,1323.4,303306.06,,286,1894.2,36375.9,N,N,N,N,2021
State,34,New Jersey,Insulin Lispro,Insulin Lispro,1059,4920,6115.7,1217527.94,1700,,3815,4702.4,917246.66,,1320,5412.9,84584.02,N,N,N,N,2021
State,35,New Mexico,Insulin Lispro,Insulin Lispro,312,1389,1868.7,447432.9,459,,935,1264.2,293304.17,,317,2664.88,36997.39,N,N,N,N,2021
State,36,New York,Insulin Lispro,Insulin Lispro,2115,10439,13265.9,3135063.78,3463,,8301,10495.4,2349178.56,,2741,13976.76,211312.75,N,N,N,N,2021
State,37,North Carolina,Insulin Lispro,Insulin Lispro,1303,5908,7565.9,1953257.79,1960,,4107,5302.2,1272686.83,,1372,12419.28,148348.55,N,N,N,N,2021
State,38,North Dakota,Insulin Lispro,Insulin Lispro,58,206,258.4,58148.26,69,,135,176.3,41340.21,,49,195.6,6785.6,N,N,N,N,2021
State,39,Ohio,Insulin Lispro,Insulin Lispro,2389,16370,20331.7,4937894.51,4973,,11611,14345.1,3328351.42,,3504,29762.96,424667.32,N,N,N,N,2021
State,40,Oklahoma,Insulin Lispro,Insulin Lispro,365,1324,1822.7,512365.62,511,,828,1129,288206.41,,345,4667.49,36905.79,N,N,N,N,2021
State,41,Oregon,Insulin Lispro,Insulin Lispro,765,3243,4292,998967.99,1072,,2518,3301.5,737769.75,,831,6491.37,89862.81,N,N,N,N,2021
State,42,Pennsylvania,Insulin Lispro,Insulin Lispro,1651,8675,10701.4,2337456.71,2807,,6761,8315.2,1709044.53,,2174,13812.85,168869.31,N,N,N,N,2021
State,44,Rhode Island,Insulin Lispro,Insulin Lispro,154,735,814.9,170801.2,254,,562,618.7,123825.07,,195,2269.58,8820.91,N,N,N,N,2021
State,45,South Carolina,Insulin Lispro,Insulin Lispro,685,2423,3426.2,838690.32,834,,1739,2479.2,600213.36,,601,6508.99,82193.36,N,N,N,N,2021
State,46,South Dakota,Insulin Lispro,Insulin Lispro,58,268,402.4,122134.61,87,,217,325.7,95789.5,,68,1254.82,14273.11,N,N,N,N,2021
State,47,Tennessee,Insulin Lispro,Insulin Lispro,1503,7226,9927.1,2880482.12,2472,,4166,5647.3,1502804.09,,1450,17193.13,123042.23,N,N,N,N,2021
State,48,Texas,Insulin Lispro,Insulin Lispro,3588,17451,24383.7,5907843.77,6185,,12857,17752.4,4108640.13,,4502,41390.41,383507.82,N,N,N,N,2021
State,49,Utah,Insulin Lispro,Insulin Lispro,450,1984,3028.7,861673.24,626,,1543,2390.1,666669.71,,498,5579.07,93637.42,N,N,N,N,2021
State,50,Vermont,Insulin Lispro,Insulin Lispro,68,386,506.4,132101.33,107,,324,420.4,97234.23,,91,256.18,7999.92,N,N,N,N,2021
State,51,Virginia,Insulin Lispro,Insulin Lispro,1061,5137,7221.8,1894707.5,1727,,3647,5062.9,1251067.57,,1220,10316.67,179119.64,N,N,N,N,2021
State,53,Washington,Insulin Lispro,Insulin Lispro,1101,4630,6467.5,1520258.07,1533,,3538,4949.1,1118861.23,,1159,6911.11,123272.21,N,N,N,N,2021
State,54,West Virginia,Insulin Lispro,Insulin Lispro,230,936,1354.6,375881.58,346,,611,876,223964.31,,239,3715.94,28920.03,N,N,N,N,2021
State,55,Wisconsin,Insulin Lispro,Insulin Lispro,797,4460,5934.8,1447059.83,1229,,3470,4552.1,999394.76,,930,5259.06,126760.24,N,N,N,N,2021
State,56,Wyoming,Insulin Lispro,Insulin Lispro,59,203,254.4,54194.2,67,,170,208.5,44034.21,,52,185.01,6212.46,N,N,N,N,2021
State,66,Guam,Insulin Lispro,Insulin Lispro,2,12,12,1759.33,,*,,,,*,,20,0,N,N,N,N,2021
State,72,Puerto Rico,Insulin Lispro,Insulin Lispro,37,115,149.6,24546.85,48,,91,119.1,19087.33,,37,182.4,857.79,N,N,N,N,2021
State,9B,Armed Forces Europe,Insulin Lispro,Insulin Lispro,1,11,19,8054.86,,*,,,,*,,13.2,538.48,N,N,N,N,2021
State,9C,Armed Forces Pacific,Insulin Lispro,Insulin Lispro,1,14,35.2,11596.63,,*,,,,*,,27.6,525,N,N,N,N,2021
State,9E,Foreign Country,Insulin Lispro,Insulin Lispro,3,13,13.1,2088.57,,#,,,,*,,4,67.06,N,N,N,N,2021
National,,National,Insulin Lispro Junior Kwikpen,Insulin Lispro,1648,3666,5915.9,976141.2,1648,,2683,4335.3,682697.41,,1172,6804.67,95783.25,N,N,N,N,2021
State,01,Alabama,Insulin Lispro Junior Kwikpen,Insulin Lispro,26,50,97.5,15898.15,24,,27,61.4,7585.65,,13,175.18,1462.64,N,N,N,N,2021
State,04,Arizona,Insulin Lispro Junior Kwikpen,Insulin Lispro,40,56,86.5,16499.39,39,,45,71.4,12213.47,#,,34.4,2090.14,N,N,N,N,2021
State,06,California,Insulin Lispro Junior Kwikpen,Insulin Lispro,159,370,602.4,95286.24,161,,296,478.9,72517.77,,125,941.8,8673.69,N,N,N,N,2021
State,08,Colorado,Insulin Lispro Junior Kwikpen,Insulin Lispro,23,63,124.9,21941.81,28,,36,81.7,15489.75,#,,143.82,1887.24,N,N,N,N,2021
State,09,Connecticut,Insulin Lispro Junior Kwikpen,Insulin Lispro,35,70,160.7,22656.26,40,,57,130.6,17844.6,#,,228.8,1965.75,N,N,N,N,2021
State,10,Delaware,Insulin Lispro Junior Kwikpen,Insulin Lispro,14,28,39.2,7277.34,14,#,,,,*,,38.4,728.66,N,N,N,N,2021
State,11,District of Columbia,Insulin Lispro Junior Kwikpen,Insulin Lispro,4,12,14.8,2405.4,,*,,,,*,,16,0,N,N,N,N,2021
State,12,Florida,Insulin Lispro Junior Kwikpen,Insulin Lispro,159,387,570.8,88780.36,159,,331,481.8,70675.2,,129,699.39,6864.78,N,N,N,N,2021
State,13,Georgia,Insulin Lispro Junior Kwikpen,Insulin Lispro,46,130,184.7,28128.45,46,,104,151.2,22200.09,,35,341.62,3213.5,N,N,N,N,2021
State,17,Illinois,Insulin Lispro Junior Kwikpen,Insulin Lispro,57,146,217.2,31374.65,54,,117,166,24646.22,,37,156.6,2665.89,N,N,N,N,2021
State,18,Indiana,Insulin Lispro Junior Kwikpen,Insulin Lispro,56,144,202.3,26088.18,64,,96,131.5,17230.56,,45,476.96,2787.51,N,N,N,N,2021
State,19,Iowa,Insulin Lispro Junior Kwikpen,Insulin Lispro,12,26,48.8,7191.1,15,,11,22.2,2983.11,*,,54.04,929.41,N,N,N,N,2021
State,20,Kansas,Insulin Lispro Junior Kwikpen,Insulin Lispro,7,12,23.3,4085.72,,#,,,,*,,18.4,561.13,N,N,N,N,2021
State,21,Kentucky,Insulin Lispro Junior Kwikpen,Insulin Lispro,27,53,89.9,18765.33,28,,31,58,10941.71,,16,379.8,1133.98,N,N,N,N,2021
State,22,Louisiana,Insulin Lispro Junior Kwikpen,Insulin Lispro,15,29,45.3,8564.69,15,#,,,,*,,69.2,408.1,N,N,N,N,2021
State,23,Maine,Insulin Lispro Junior Kwikpen,Insulin Lispro,10,17,38,5172.39,11,*,,,,*,,8,400.18,N,N,N,N,2021
State,24,Maryland,Insulin Lispro Junior Kwikpen,Insulin Lispro,29,42,82.8,14192.64,29,,31,62.3,9779.6,#,,43.6,1555.06,N,N,N,N,2021
State,25,Massachusetts,Insulin Lispro Junior Kwikpen,Insulin Lispro,27,52,83.3,14414.99,28,,33,56.8,8987.85,#,,98.8,1835.24,N,N,N,N,2021
State,26,Michigan,Insulin Lispro Junior Kwikpen,Insulin Lispro,30,88,120.7,15659.4,31,,73,99.1,10962.7,#,,49.2,2440.43,N,N,N,N,2021
State,27,Minnesota,Insulin Lispro Junior Kwikpen,Insulin Lispro,13,39,72.5,10631.05,12,,21,36.6,5498.65,*,,0,1215.31,N,N,N,N,2021
State,28,Mississippi,Insulin Lispro Junior Kwikpen,Insulin Lispro,7,19,23.8,3047.7,,#,,,,*,,0,135.84,N,N,N,N,2021
State,29,Missouri,Insulin Lispro Junior Kwikpen,Insulin Lispro,23,52,78.2,12521.82,22,#,,,,#,,68.4,1643.23,N,N,N,N,2021
State,31,Nebraska,Insulin Lispro Junior Kwikpen,Insulin Lispro,5,15,18.9,4242.14,,*,,,,*,,18.4,554.39,N,N,N,N,2021
State,32,Nevada,Insulin Lispro Junior Kwikpen,Insulin Lispro,23,34,68.9,10619.39,24,,20,43.5,6692.26,#,,59.2,1353.44,N,N,N,N,2021
State,33,New Hampshire,Insulin Lispro Junior Kwikpen,Insulin Lispro,6,13,18.1,3093.01,,,13,18.1,3093.01,*,,152.47,1112.64,N,N,N,N,2021
State,34,New Jersey,Insulin Lispro Junior Kwikpen,Insulin Lispro,62,139,197.3,26820.29,65,,97,128.3,15186.96,,45,143.6,1550.89,N,N,N,N,2021
State,35,New Mexico,Insulin Lispro Junior Kwikpen,Insulin Lispro,15,34,47.9,8695.98,14,,18,23.3,3984.47,*,,162.44,498.91,N,N,N,N,2021
State,36,New York,Insulin Lispro Junior Kwikpen,Insulin Lispro,147,284,500.9,82071.25,145,,223,405.4,64901.1,,116,327.61,8172.32,N,N,N,N,2021
State,37,North Carolina,Insulin Lispro Junior Kwikpen,Insulin Lispro,44,78,106.5,18423.91,45,,33,52.5,8420.1,,21,75.2,1631.68,N,N,N,N,2021
State,39,Ohio,Insulin Lispro Junior Kwikpen,Insulin Lispro,117,318,525.3,93937.29,118,,229,363.3,62634.26,,79,617.85,9786.77,N,N,N,N,2021
State,40,Oklahoma,Insulin Lispro Junior Kwikpen,Insulin Lispro,10,23,34.7,5770.34,,#,,,,*,,18.4,609.78,N,N,N,N,2021
State,41,Oregon,Insulin Lispro Junior Kwikpen,Insulin Lispro,23,46,72.4,11849.21,23,,34,49.3,8035.84,#,,72.4,1395.71,N,N,N,N,2021
State,42,Pennsylvania,Insulin Lispro Junior Kwikpen,Insulin Lispro,74,191,277.4,49243.29,72,,146,191,31015.06,,50,338.82,3122.65,N,N,N,N,2021
State,45,South Carolina,Insulin Lispro Junior Kwikpen,Insulin Lispro,31,68,138.1,32510.43,31,,44,97.2,24934,,20,26.4,3373.95,N,N,N,N,2021
State,47,Tennessee,Insulin Lispro Junior Kwikpen,Insulin Lispro,30,66,112.2,20286.58,29,,41,79.1,15042.61,,18,141.27,3047.26,N,N,N,N,2021
State,48,Texas,Insulin Lispro Junior Kwikpen,Insulin Lispro,112,231,367.1,71240.22,113,,151,249.9,45260.46,,75,434.6,5145.52,N,N,N,N,2021
State,49,Utah,Insulin Lispro Junior Kwikpen,Insulin Lispro,8,13,20.3,3731.41,,*,,,,*,,0,525,N,N,N,N,2021
State,50,Vermont,Insulin Lispro Junior Kwikpen,Insulin Lispro,6,13,28.2,2441.39,,,13,28.2,2441.39,*,,0,501.31,N,N,N,N,2021
State,51,Virginia,Insulin Lispro Junior Kwikpen,Insulin Lispro,41,82,116.3,21210.84,40,,71,98.2,18411.56,#,,39.6,3727.19,N,N,N,N,2021
State,53,Washington,Insulin Lispro Junior Kwikpen,Insulin Lispro,23,36,79.5,11291.33,23,,24,54,7921.69,#,,103.6,1995.93,N,N,N,N,2021
State,55,Wisconsin,Insulin Lispro Junior Kwikpen,Insulin Lispro,24,48,87.2,13740.62,21,,32,58.6,7958.12,#,,9.2,1729.98,N,N,N,N,2021
National,,National,Insulin Lispro Kwikpen U-100,Insulin Lispro,90394,566570,852016.7,189599783.08,181987,,423293,640827.6,135063248.85,,135709,1018952.36,13745498.44,N,N,N,N,2021
State,01,Alabama,Insulin Lispro Kwikpen U-100,Insulin Lispro,1181,6218,10603.5,2735723.34,2379,,4404,7590.7,1944131.33,,1644,19208.17,209094.67,N,N,N,N,2021
State,02,Alaska,Insulin Lispro Kwikpen U-100,Insulin Lispro,189,796,1529,362272.31,299,,610,1240.1,281562.59,,233,1286.82,19281.3,N,N,N,N,2021
State,04,Arizona,Insulin Lispro Kwikpen U-100,Insulin Lispro,1994,9404,15584,3528017.9,3705,,7311,12277.9,2754098.14,,2870,14201.69,283523.06,N,N,N,N,2021
State,05,Arkansas,Insulin Lispro Kwikpen U-100,Insulin Lispro,869,4755,6855.1,1972784.68,1605,,2755,4024,1062679.73,,937,16925.03,111524.8,N,N,N,N,2021
State,06,California,Insulin Lispro Kwikpen U-100,Insulin Lispro,6783,39978,60420.2,11647926.37,13229,,30993,47035.5,8754977.2,,10356,57479.48,812045.61,N,N,N,N,2021
State,08,Colorado,Insulin Lispro Kwikpen U-100,Insulin Lispro,1306,6933,10841.1,2254692.85,2174,,5290,8304.6,1678668.55,,1663,10678.85,188075.01,N,N,N,N,2021
State,09,Connecticut,Insulin Lispro Kwikpen U-100,Insulin Lispro,1272,7661,13212.5,2797282.47,2636,,5849,10169.6,2100018.67,,2006,19605.48,132852.74,N,N,N,N,2021
State,10,Delaware,Insulin Lispro Kwikpen U-100,Insulin Lispro,327,1969,3125.9,648396.14,748,,1380,2282.5,465691.67,,554,2694.39,46918.47,N,N,N,N,2021
State,11,District of Columbia,Insulin Lispro Kwikpen U-100,Insulin Lispro,192,813,1363.6,282801.13,308,,499,858,173422.37,,196,757.5,11348.11,N,N,N,N,2021
State,12,Florida,Insulin Lispro Kwikpen U-100,Insulin Lispro,5815,40246,60001.6,12586634.98,13082,,32839,48812.5,9811229.75,,10549,65933.31,840998.9,N,N,N,N,2021
State,13,Georgia,Insulin Lispro Kwikpen U-100,Insulin Lispro,2615,16982,28135.6,6752269.4,6002,,13372,22367.2,5213281.12,,4655,43106.16,579923.76,N,N,N,N,2021
State,15,Hawaii,Insulin Lispro Kwikpen U-100,Insulin Lispro,156,595,1028.9,207492.57,211,,461,795.5,158719.7,,157,1142.95,8430.62,N,N,N,N,2021
State,16,Idaho,Insulin Lispro Kwikpen U-100,Insulin Lispro,491,3014,4412.3,946810.85,959,,2374,3520.9,747846.93,,748,4768.96,91488,N,N,N,N,2021
State,17,Illinois,Insulin Lispro Kwikpen U-100,Insulin Lispro,3430,19280,28336.6,5963361.38,6908,,14787,21950.7,4500004.15,,5243,29949.3,473839.56,N,N,N,N,2021
State,18,Indiana,Insulin Lispro Kwikpen U-100,Insulin Lispro,2884,27014,39188,9529445.67,7995,,19007,27806.6,6132148.57,,5669,56420.56,658834.86,N,N,N,N,2021
State,19,Iowa,Insulin Lispro Kwikpen U-100,Insulin Lispro,1137,6884,9802.5,2713198.94,2094,,4567,6568,1697630.53,,1402,9336.82,161622.87,N,N,N,N,2021
State,20,Kansas,Insulin Lispro Kwikpen U-100,Insulin Lispro,1019,7119,10288.5,2736902.52,2074,,5422,7898.7,2025270.21,,1546,11874.44,266865.23,N,N,N,N,2021
State,21,Kentucky,Insulin Lispro Kwikpen U-100,Insulin Lispro,1691,11158,15909.2,3866339.67,3627,,7670,10965.8,2419750.13,,2434,31862.86,289036.72,N,N,N,N,2021
State,22,Louisiana,Insulin Lispro Kwikpen U-100,Insulin Lispro,1056,6204,9383.6,2092987.02,2182,,4494,6844.3,1437462.13,,1554,12684.13,111144.55,N,N,N,N,2021
State,23,Maine,Insulin Lispro Kwikpen U-100,Insulin Lispro,629,3053,5329.8,1422668.22,1071,,2224,3893.4,972982.24,,757,6992.53,87652.92,N,N,N,N,2021
State,24,Maryland,Insulin Lispro Kwikpen U-100,Insulin Lispro,1061,5139,8057.7,1598053.72,1836,,3924,6307.3,1241634.05,,1384,10027.37,137970.03,N,N,N,N,2021
State,25,Massachusetts,Insulin Lispro Kwikpen U-100,Insulin Lispro,1321,6808,10291.8,2086694.29,2372,,5641,8573.3,1666830.49,,1908,10326.71,153380.57,N,N,N,N,2021
State,26,Michigan,Insulin Lispro Kwikpen U-100,Insulin Lispro,2231,10475,15595.7,3097155.39,3962,,8125,12268.6,2370670.8,,3049,15077.68,341553.3,N,N,N,N,2021
State,27,Minnesota,Insulin Lispro Kwikpen U-100,Insulin Lispro,1427,6093,9681.5,2384881.04,2122,,5033,8138,1906293.02,,1725,9321.34,205390.05,N,N,N,N,2021
State,28,Mississippi,Insulin Lispro Kwikpen U-100,Insulin Lispro,601,2473,3649.4,883190.72,965,,1619,2359.3,558864.67,,610,4585.13,53009.29,N,N,N,N,2021
State,29,Missouri,Insulin Lispro Kwikpen U-100,Insulin Lispro,2220,17178,24557.3,6193863.09,5230,,11811,17070.8,3920263.6,,3603,30673.76,427959.43,N,N,N,N,2021
State,30,Montana,Insulin Lispro Kwikpen U-100,Insulin Lispro,146,438,656.4,143330.7,194,,337,522.3,112868.3,,148,671.95,16995.71,N,N,N,N,2021
State,31,Nebraska,Insulin Lispro Kwikpen U-100,Insulin Lispro,597,3256,4649,1070778.7,1017,,2184,3203.3,698140.44,,715,4869.7,78481.92,N,N,N,N,2021
State,32,Nevada,Insulin Lispro Kwikpen U-100,Insulin Lispro,738,3660,5880.9,1429013.12,1387,,2796,4512.7,1082909.62,,1061,11270.82,116797.25,N,N,N,N,2021
State,33,New Hampshire,Insulin Lispro Kwikpen U-100,Insulin Lispro,432,2250,3559,940055.39,775,,1687,2711.9,688749.61,,586,5530.57,82322.77,N,N,N,N,2021
State,34,New Jersey,Insulin Lispro Kwikpen U-100,Insulin Lispro,2197,13877,20471,3862090.55,4437,,11029,16236.3,2959995.54,,3518,14585.56,287648.77,N,N,N,N,2021
State,35,New Mexico,Insulin Lispro Kwikpen U-100,Insulin Lispro,569,2779,4471.1,1015463.41,1040,,1980,3264,699474.55,,728,8280.05,63229.7,N,N,N,N,2021
State,36,New York,Insulin Lispro Kwikpen U-100,Insulin Lispro,6392,42488,62715.8,13041862.58,12870,,33936,50778.3,10217284.05,,10310,52153.86,907663.05,N,N,N,N,2021
State,37,North Carolina,Insulin Lispro Kwikpen U-100,Insulin Lispro,3499,23197,31907.9,6818327.42,7214,,16494,22606.8,4476565.14,,5124,36596.4,437857.54,N,N,N,N,2021
State,38,North Dakota,Insulin Lispro Kwikpen U-100,Insulin Lispro,208,963,1477,396381.21,313,,717,1127.8,287851.75,,244,1722.66,39964.45,N,N,N,N,2021
State,39,Ohio,Insulin Lispro Kwikpen U-100,Insulin Lispro,5663,44808,64674,15031713.63,13929,,30805,45208.1,9852896.32,,9713,86706.02,1198109.51,N,N,N,N,2021
State,40,Oklahoma,Insulin Lispro Kwikpen U-100,Insulin Lispro,901,4109,6382.3,1526316.12,1532,,2670,4253.8,950514.62,,1020,8146.15,101727.33,N,N,N,N,2021
State,41,Oregon,Insulin Lispro Kwikpen U-100,Insulin Lispro,1213,5540,8384.6,1842486.73,1965,,4272,6527,1350606.56,,1517,13778.64,155749.44,N,N,N,N,2021
State,42,Pennsylvania,Insulin Lispro Kwikpen U-100,Insulin Lispro,4394,30165,43268.1,8612721.37,8979,,22516,32339.1,6082427.42,,6568,38256.87,608325.45,N,N,N,N,2021
State,44,Rhode Island,Insulin Lispro Kwikpen U-100,Insulin Lispro,247,1691,2135,382165.92,470,,1378,1706.6,279148.71,,364,3159.92,21390.95,N,N,N,N,2021
State,45,South Carolina,Insulin Lispro Kwikpen U-100,Insulin Lispro,1824,10306,16660.5,3734482,3732,,7238,11761.6,2471071.14,,2647,23184.9,276800.77,N,N,N,N,2021
State,46,South Dakota,Insulin Lispro Kwikpen U-100,Insulin Lispro,149,718,1168,321196.26,266,,598,962.4,255094.62,,216,1277.03,35823.42,N,N,N,N,2021
State,47,Tennessee,Insulin Lispro Kwikpen U-100,Insulin Lispro,2304,13356,19337.2,4542682.64,4616,,8826,12624.8,2696390.54,,3047,29216.78,256535.54,N,N,N,N,2021
State,48,Texas,Insulin Lispro Kwikpen U-100,Insulin Lispro,6541,40872,66409.9,15091499.05,14906,,30144,48680.9,10463615.18,,10925,100666.98,860065.22,N,N,N,N,2021
State,49,Utah,Insulin Lispro Kwikpen U-100,Insulin Lispro,694,3582,5660.3,1470454.47,1267,,2789,4481.3,1106661.99,,1004,6498.66,143597.67,N,N,N,N,2021
State,50,Vermont,Insulin Lispro Kwikpen U-100,Insulin Lispro,192,903,1555.1,368792.74,325,,775,1297.1,300199.2,,267,916.6,28308.88,N,N,N,N,2021
State,51,Virginia,Insulin Lispro Kwikpen U-100,Insulin Lispro,2344,17287,25068.5,5118242.59,5091,,13049,18871.9,3665719.74,,3766,31668.42,444016.22,N,N,N,N,2021
State,53,Washington,Insulin Lispro Kwikpen U-100,Insulin Lispro,2276,13680,20243.4,4399276.07,4029,,10992,16316.6,3393946.6,,3191,15274.1,333669.6,N,N,N,N,2021
State,54,West Virginia,Insulin Lispro Kwikpen U-100,Insulin Lispro,633,2868,4434.8,1009248.41,1113,,2079,3253,685895.27,,778,7384.66,75174.02,N,N,N,N,2021
State,55,Wisconsin,Insulin Lispro Kwikpen U-100,Insulin Lispro,2168,14832,22641.2,5910548.67,4541,,11010,16884.2,4118720.21,,3359,18134.4,448944.66,N,N,N,N,2021
State,56,Wyoming,Insulin Lispro Kwikpen U-100,Insulin Lispro,118,384,553,117389.25,151,,301,437,87566.49,,120,661.2,15705.66,N,N,N,N,2021
State,66,Guam,Insulin Lispro Kwikpen U-100,Insulin Lispro,3,27,29.3,3887.65,,#,,,,*,,76,114,N,N,N,N,2021
State,69,Northern Mariana Islands,Insulin Lispro Kwikpen U-100,Insulin Lispro,5,35,35,3779.92,,*,,,,*,,785.82,819.88,N,N,N,N,2021
State,72,Puerto Rico,Insulin Lispro Kwikpen U-100,Insulin Lispro,30,142,182.7,38401.5,52,,114,146.5,27968.48,,36,398.38,408.71,N,N,N,N,2021
State,9B,Armed Forces Europe,Insulin Lispro Kwikpen U-100,Insulin Lispro,2,32,61,25772.51,,#,,,,*,,18.4,1356.65,N,N,N,N,2021
State,9C,Armed Forces Pacific,Insulin Lispro Kwikpen U-100,Insulin Lispro,5,38,88.6,22558.32,21,#,,,,#,,58,2357.52,N,N,N,N,2021
State,9D,Unknown,Insulin Lispro Kwikpen U-100,Insulin Lispro,1,15,35.1,10313.82,,*,,,,*,,4,476.52,N,N,N,N,2021
State,9E,Foreign Country,Insulin Lispro Kwikpen U-100,Insulin Lispro,7,21,25.1,4375.07,11,#,,,,*,,77.44,705.57,N,N,N,N,2021
National,,National,Admelog,Insulin Lispro,4679,16992,17986,2222368.91,7142,,12093,12679.3,1394203.45,,5021,28891.65,99999.94,N,N,N,N,2021
State,01,Alabama,Admelog,Insulin Lispro,12,32,32,3467.19,14,,21,21,1822.61,*,,159.12,74.75,N,N,N,N,2021
State,04,Arizona,Admelog,Insulin Lispro,71,186,192.8,17056.57,102,,129,135.8,12791.37,,73,231.03,728.47,N,N,N,N,2021
State,05,Arkansas,Admelog,Insulin Lispro,43,162,167.6,21254.81,66,,141,143.8,14330.72,#,,165.66,1998.93,N,N,N,N,2021
State,06,California,Admelog,Insulin Lispro,899,3756,3965.8,491806.03,1480,,2846,2973.7,344422.82,,1103,4981.95,13402.41,N,N,N,N,2021
State,08,Colorado,Admelog,Insulin Lispro,33,99,101,9955.78,46,,65,65.3,6490.51,,31,108.36,449.04,N,N,N,N,2021
State,09,Connecticut,Admelog,Insulin Lispro,23,46,47.2,7117.72,25,#,,,,#,,41.2,815.05,N,N,N,N,2021
State,10,Delaware,Admelog,Insulin Lispro,8,25,25,1527.23,,#,,,,*,,0,481.72,N,N,N,N,2021
State,11,District of Columbia,Admelog,Insulin Lispro,10,18,22.1,2866.75,14,#,,,,*,,71.2,0,N,N,N,N,2021
State,12,Florida,Admelog,Insulin Lispro,114,220,234.6,30356.59,130,,190,203.8,26215.05,,110,259.03,2641.61,N,N,N,N,2021
State,13,Georgia,Admelog,Insulin Lispro,101,310,347.8,48633.21,171,,242,265.6,30434.61,,134,1073.81,4058.77,N,N,N,N,2021
State,16,Idaho,Admelog,Insulin Lispro,9,15,16.6,2203.25,,#,,,,*,,16,400.75,N,N,N,N,2021
State,17,Illinois,Admelog,Insulin Lispro,218,700,735.6,89219.4,267,,498,511.6,49623.07,,166,771.58,3344.02,N,N,N,N,2021
State,18,Indiana,Admelog,Insulin Lispro,102,788,815.5,80872.55,235,,485,501.8,40456.37,,143,1593.06,4275.7,N,N,N,N,2021
State,19,Iowa,Admelog,Insulin Lispro,24,58,58,5927.56,30,,47,47,4321.85,#,,140.84,918.88,N,N,N,N,2021
State,20,Kansas,Admelog,Insulin Lispro,17,50,50.3,6741.82,28,,36,36.3,4667.61,#,,148.25,326.91,N,N,N,N,2021
State,21,Kentucky,Admelog,Insulin Lispro,144,373,432.2,84416.07,177,,256,293,50053.26,,109,1621.39,2300.69,N,N,N,N,2021
State,22,Louisiana,Admelog,Insulin Lispro,46,136,140.7,20763.59,56,,108,111.6,16049.28,,41,126.4,1715.21,N,N,N,N,2021
State,23,Maine,Admelog,Insulin Lispro,20,73,75.2,8709.28,37,#,,,,#,,21.2,582.5,N,N,N,N,2021
State,24,Maryland,Admelog,Insulin Lispro,164,636,703.8,87096.13,265,,344,378,37109.46,,147,1569.26,1345.77,N,N,N,N,2021
State,25,Massachusetts,Admelog,Insulin Lispro,67,195,208.1,28192.83,86,,158,167.2,22261.29,,68,118.4,870.13,N,N,N,N,2021
State,26,Michigan,Admelog,Insulin Lispro,263,599,680.5,103125.63,340,,390,440.5,56592.9,,218,1357.55,7290.75,N,N,N,N,2021
State,27,Minnesota,Admelog,Insulin Lispro,17,28,31,3329.86,22,#,,,,#,,12,11.35,N,N,N,N,2021
State,28,Mississippi,Admelog,Insulin Lispro,12,51,52,7330.72,26,#,,,,#,,47.6,333.21,N,N,N,N,2021
State,29,Missouri,Admelog,Insulin Lispro,30,88,97.5,14060.12,39,#,,,,#,,22,2613.18,N,N,N,N,2021
State,31,Nebraska,Admelog,Insulin Lispro,10,26,26,2516.82,12,,14,14,1411.87,*,,0,377.93,N,N,N,N,2021
State,32,Nevada,Admelog,Insulin Lispro,21,44,50.7,8428.8,22,,16,16,2245.24,,11,108,1909.39,N,N,N,N,2021
State,33,New Hampshire,Admelog,Insulin Lispro,9,18,18.2,4073.8,,*,,,,*,,51.6,249.89,N,N,N,N,2021
State,34,New Jersey,Admelog,Insulin Lispro,328,992,1117.6,166011.21,415,,614,690.8,95582.42,,251,2822.37,4004.02,N,N,N,N,2021
State,35,New Mexico,Admelog,Insulin Lispro,38,69,82.8,16897.37,41,,24,26.9,5660.15,,16,151.6,347.28,N,N,N,N,2021
State,36,New York,Admelog,Insulin Lispro,638,1927,1996.4,264935.72,868,,1297,1327,148727.44,,579,2915.07,7356.16,N,N,N,N,2021
State,37,North Carolina,Admelog,Insulin Lispro,97,498,506.5,45346.97,201,,439,445.8,40204.19,,172,703.42,4089.66,N,N,N,N,2021
State,39,Ohio,Admelog,Insulin Lispro,178,836,869,73936.46,340,,561,585.7,44726.89,,225,1161.93,5557.73,N,N,N,N,2021
State,40,Oklahoma,Admelog,Insulin Lispro,67,898,898.3,72248.52,267,,668,668.3,53031.16,,206,652.14,3223.66,N,N,N,N,2021
State,41,Oregon,Admelog,Insulin Lispro,97,207,245.1,58479.91,110,,110,133.2,25374.48,,65,764.88,3454.12,N,N,N,N,2021
State,42,Pennsylvania,Admelog,Insulin Lispro,149,554,582.6,68627.21,223,,393,397.6,40427.63,,161,928.99,3631.24,N,N,N,N,2021
State,44,Rhode Island,Admelog,Insulin Lispro,24,54,54.1,10440.92,27,,37,37,7740.02,#,,157.16,278.28,N,N,N,N,2021
State,45,South Carolina,Admelog,Insulin Lispro,79,155,186.2,45371.6,88,,65,85.8,20056.43,,41,662.34,2269.4,N,N,N,N,2021
State,46,South Dakota,Admelog,Insulin Lispro,5,13,13,1731.01,,,13,13,1731.01,*,,0,319.7,N,N,N,N,2021
State,47,Tennessee,Admelog,Insulin Lispro,85,290,292.9,30787.27,149,,215,215.6,21102.78,,116,600.12,2518.87,N,N,N,N,2021
State,48,Texas,Admelog,Insulin Lispro,219,997,1013.8,91312.22,443,,804,816.3,72848.32,,355,1197.64,4077.34,N,N,N,N,2021
State,49,Utah,Admelog,Insulin Lispro,44,348,348.8,24236.73,144,,246,246.1,15537.64,,102,656.78,1158.44,N,N,N,N,2021
State,51,Virginia,Admelog,Insulin Lispro,39,119,120.4,11443.65,59,,88,89.4,8305.27,,40,458.72,702.29,N,N,N,N,2021
State,53,Washington,Admelog,Insulin Lispro,49,140,150.1,19071.05,58,,121,128.7,15849.06,,47,82.4,726.4,N,N,N,N,2021
State,54,West Virginia,Admelog,Insulin Lispro,6,46,51.4,8346.32,11,#,,,,*,,63.2,1199.65,N,N,N,N,2021
State,55,Wisconsin,Admelog,Insulin Lispro,28,52,52,4530.49,31,,32,32,2651.32,#,,44.4,624.06,N,N,N,N,2021
State,56,Wyoming,Admelog,Insulin Lispro,4,11,17.8,3424.34,,,11,17.8,3424.34,*,,0,120,N,N,N,N,2021
State,72,Puerto Rico,Admelog,Insulin Lispro,4,13,13,7739.43,,*,,,,*,,8,25,N,N,N,N,2021
State,9E,Foreign Country,Admelog,Insulin Lispro,1,14,14,919.94,,,14,14,919.94,*,,0,43.32,N,N,N,N,2021
National,,National,Admelog Solostar,Insulin Lispro,9301,31824,38290.5,6134583.94,14111,,22743,27168,3900673.54,,9749,61881.12,246836.96,N,N,N,N,2021
State,01,Alabama,Admelog Solostar,Insulin Lispro,21,25,43.6,7110.78,22,,13,22.2,3593.31,#,,97.84,950.1,N,N,N,N,2021
State,02,Alaska,Admelog Solostar,Insulin Lispro,13,36,59.8,15019.33,15,#,,,,#,,16,176,N,N,N,N,2021
State,04,Arizona,Admelog Solostar,Insulin Lispro,46,149,155.2,17916.11,74,,115,118.1,11246.88,,58,687.07,461.82,N,N,N,N,2021
State,05,Arkansas,Admelog Solostar,Insulin Lispro,13,24,28.9,11810.27,13,#,,,,*,,52.8,237.24,N,N,N,N,2021
State,06,California,Admelog Solostar,Insulin Lispro,1556,4348,5884.7,1067796.77,2055,,3088,4140.1,724610.88,,1390,10531.87,30269.04,N,N,N,N,2021
State,08,Colorado,Admelog Solostar,Insulin Lispro,24,46,54.6,6771.95,30,,30,35.6,4724.94,,19,58,1095.51,N,N,N,N,2021
State,09,Connecticut,Admelog Solostar,Insulin Lispro,98,379,437.1,64715.84,176,,329,379.2,47675.16,,145,610.4,1885.67,N,N,N,N,2021
State,10,Delaware,Admelog Solostar,Insulin Lispro,10,24,28.7,3417.08,12,,11,13,1310.79,*,,33.2,0,N,N,N,N,2021
State,11,District of Columbia,Admelog Solostar,Insulin Lispro,55,126,153.4,34055.52,70,,77,95,19719.85,,37,375.2,325.94,N,N,N,N,2021
State,12,Florida,Admelog Solostar,Insulin Lispro,337,2059,2207.5,208009.1,781,,1815,1946.4,177079.05,,686,2747.15,9086.61,N,N,N,N,2021
State,13,Georgia,Admelog Solostar,Insulin Lispro,114,376,475.4,92220.21,233,,168,229.1,39082.01,,87,1685.76,6600.57,N,N,N,N,2021
State,15,Hawaii,Admelog Solostar,Insulin Lispro,29,53,91.9,20396.83,27,#,,,,#,,120.4,260,N,N,N,N,2021
State,16,Idaho,Admelog Solostar,Insulin Lispro,27,70,92,13942.84,42,,52,74,12096.92,,31,77.55,1953.5,N,N,N,N,2021
State,17,Illinois,Admelog Solostar,Insulin Lispro,279,602,798,175985.52,306,,329,441.5,91928.82,,166,1200.38,4870.32,N,N,N,N,2021
State,18,Indiana,Admelog Solostar,Insulin Lispro,337,792,1049.7,280229.63,415,,365,499.7,119690.14,,182,3793.74,11776.02,N,N,N,N,2021
State,19,Iowa,Admelog Solostar,Insulin Lispro,10,32,35.6,8597.28,,#,,,,*,,9.2,405.22,N,N,N,N,2021
State,20,Kansas,Admelog Solostar,Insulin Lispro,50,198,224.6,49627.08,80,,124,143.9,26406.11,,59,517.92,1875.31,N,N,N,N,2021
State,21,Kentucky,Admelog Solostar,Insulin Lispro,336,996,1275.6,275695.22,529,,557,724.3,122115.2,,298,3911.76,8250.82,N,N,N,N,2021
State,22,Louisiana,Admelog Solostar,Insulin Lispro,42,71,101.7,19669.9,43,,53,76.5,15828.37,,28,215.6,620.62,N,N,N,N,2021
State,23,Maine,Admelog Solostar,Insulin Lispro,11,28,38.5,6277.78,13,#,,,,#,,185.92,241.61,N,N,N,N,2021
State,24,Maryland,Admelog Solostar,Insulin Lispro,229,620,796.2,125859.18,286,,319,421.8,59914.91,,149,1734.4,2180.58,N,N,N,N,2021
State,25,Massachusetts,Admelog Solostar,Insulin Lispro,124,433,536,91757.76,146,,320,365.4,61386.89,,94,488.26,3670.99,N,N,N,N,2021
State,26,Michigan,Admelog Solostar,Insulin Lispro,360,1230,1531.9,251194.48,565,,863,1069.3,154700.97,,411,1295.39,12924.28,N,N,N,N,2021
State,27,Minnesota,Admelog Solostar,Insulin Lispro,116,661,741,89589.46,249,,435,496.8,52313.07,,165,899.49,7968.14,N,N,N,N,2021
State,28,Mississippi,Admelog Solostar,Insulin Lispro,9,12,21.3,3822.51,,*,,,,*,,76.11,119.98,N,N,N,N,2021
State,29,Missouri,Admelog Solostar,Insulin Lispro,64,168,217.9,46439.05,74,,130,170.4,34703.2,,48,323.4,6387.4,N,N,N,N,2021
State,30,Montana,Admelog Solostar,Insulin Lispro,13,23,31.7,5742,15,#,,,,#,,12,43.9,N,N,N,N,2021
State,31,Nebraska,Admelog Solostar,Insulin Lispro,7,17,21,4358.04,,#,,,,*,,0,253.29,N,N,N,N,2021
State,32,Nevada,Admelog Solostar,Insulin Lispro,61,327,377.3,49189.87,110,,230,267.4,29828.47,,71,527.37,1941.27,N,N,N,N,2021
State,33,New Hampshire,Admelog Solostar,Insulin Lispro,18,29,38.2,8194.78,19,#,,,,#,,43.6,606.06,N,N,N,N,2021
State,34,New Jersey,Admelog Solostar,Insulin Lispro,367,1016,1305.8,231605.68,457,,703,893.9,142279.88,,305,2401.42,9643.53,N,N,N,N,2021
State,35,New Mexico,Admelog Solostar,Insulin Lispro,104,222,296.7,61853.34,120,,103,145.1,26053.96,,61,522.89,1636.12,N,N,N,N,2021
State,36,New York,Admelog Solostar,Insulin Lispro,2400,9480,10721.2,1489971.51,4030,,7102,8003.9,1010794.56,,2932,14805.53,41654.42,N,N,N,N,2021
State,37,North Carolina,Admelog Solostar,Insulin Lispro,162,1119,1166.9,131058.78,452,,778,812.4,93838.76,,321,1394.76,7250.62,N,N,N,N,2021
State,38,North Dakota,Admelog Solostar,Insulin Lispro,35,363,382.2,72051.33,57,,275,293.3,46183.46,,46,58,1592.82,N,N,N,N,2021
State,39,Ohio,Admelog Solostar,Insulin Lispro,293,798,1000.5,180773.94,410,,542,673.9,104316.08,,279,1710.34,11799.66,N,N,N,N,2021
State,40,Oklahoma,Admelog Solostar,Insulin Lispro,24,159,174.7,34738.69,49,,146,154.2,28891.15,#,,75.39,19.16,N,N,N,N,2021
State,41,Oregon,Admelog Solostar,Insulin Lispro,176,341,495.7,101102.05,200,,186,261.6,53727.38,,114,800.49,6178.06,N,N,N,N,2021
State,42,Pennsylvania,Admelog Solostar,Insulin Lispro,379,1134,1410.7,260737.89,512,,812,1008.1,167507.86,,361,2399.96,16000.33,N,N,N,N,2021
State,44,Rhode Island,Admelog Solostar,Insulin Lispro,42,116,140.5,20512.77,64,,85,92.8,11975.08,,40,276.43,1484.54,N,N,N,N,2021
State,45,South Carolina,Admelog Solostar,Insulin Lispro,182,373,492,101953.76,223,,191,261.3,46184.7,,111,737.98,3661.2,N,N,N,N,2021
State,46,South Dakota,Admelog Solostar,Insulin Lispro,11,31,39.2,10078.6,14,#,,,,#,,35.6,206.79,N,N,N,N,2021
State,47,Tennessee,Admelog Solostar,Insulin Lispro,118,565,618.3,65781.78,278,,435,466.4,42183.14,,211,782.18,4893.22,N,N,N,N,2021
State,48,Texas,Admelog Solostar,Insulin Lispro,361,1333,1442.4,165904.87,663,,1078,1163.4,124116.55,,532,2158.6,12139.23,N,N,N,N,2021
State,49,Utah,Admelog Solostar,Insulin Lispro,27,65,78.5,13132.92,37,#,,,,#,,165.6,1147.42,N,N,N,N,2021
State,51,Virginia,Admelog Solostar,Insulin Lispro,81,334,389.5,46186.7,140,,265,314.3,36181.98,,108,234.06,4614.95,N,N,N,N,2021
State,53,Washington,Admelog Solostar,Insulin Lispro,52,230,349.5,52053.08,77,,184,300.8,40295.75,#,,222.13,1953.77,N,N,N,N,2021
State,54,West Virginia,Admelog Solostar,Insulin Lispro,28,57,75.2,10787.74,30,,45,60.7,8047.46,#,,452.97,294.12,N,N,N,N,2021
State,55,Wisconsin,Admelog Solostar,Insulin Lispro,40,105,130,24914.32,52,,74,98.2,18940.72,,38,297.86,3055.73,N,N,N,N,2021
State,9E,Foreign Country,Admelog Solostar,Insulin Lispro,1,12,12,744.48,,,12,12,744.48,*,,0,115.14,N,N,N,N,2021
National,,National,Apidra,Insulin Glulisine,1032,3666,5910.5,3769626.75,930,,2580,4380.5,2719399.28,,671,9689.18,203225.88,N,N,N,N,2021
State,01,Alabama,Apidra,Insulin Glulisine,10,29,53.2,37978.98,11,,12,26.1,21283.05,*,,229.2,560,N,N,N,N,2021
State,04,Arizona,Apidra,Insulin Glulisine,22,80,127.2,66693.86,20,,63,99.1,50070.39,#,,53.73,3276.88,N,N,N,N,2021
State,05,Arkansas,Apidra,Insulin Glulisine,7,21,22.8,110743.41,,#,,,,*,,130.69,1041.13,N,N,N,N,2021
State,06,California,Apidra,Insulin Glulisine,141,477,725.8,419571.3,124,,346,566.9,305539.88,,91,736,23842.2,N,N,N,N,2021
State,08,Colorado,Apidra,Insulin Glulisine,5,21,37.7,24228.26,,#,,,,*,,64.4,630,N,N,N,N,2021
State,09,Connecticut,Apidra,Insulin Glulisine,20,73,141.8,102310.34,17,,54,112.9,85171.74,#,,86.8,903.85,N,N,N,N,2021
State,11,District of Columbia,Apidra,Insulin Glulisine,3,14,17.5,15223.08,,*,,,,*,,18.4,896.72,N,N,N,N,2021
State,12,Florida,Apidra,Insulin Glulisine,43,111,222.2,124366.35,42,,86,181.3,96614.76,,29,365.25,7754.45,N,N,N,N,2021
State,13,Georgia,Apidra,Insulin Glulisine,36,115,183.5,103400.04,31,,86,136.1,86637.61,#,,283.6,3776.82,N,N,N,N,2021
State,16,Idaho,Apidra,Insulin Glulisine,8,50,60.5,23622.13,,,27,33.5,15503.1,*,,24,3606.57,N,N,N,N,2021
State,17,Illinois,Apidra,Insulin Glulisine,17,62,101.7,44293.28,17,,44,74.3,29819.2,#,,25.2,3309.33,N,N,N,N,2021
State,18,Indiana,Apidra,Insulin Glulisine,28,141,183.2,141556.01,26,,79,101.6,64867.67,,14,538.17,4068.15,N,N,N,N,2021
State,19,Iowa,Apidra,Insulin Glulisine,6,18,23.4,11161.68,,*,,,,*,,27.6,2147.03,N,N,N,N,2021
State,20,Kansas,Apidra,Insulin Glulisine,5,18,21.9,6891.46,,#,,,,*,,90.8,785.34,N,N,N,N,2021
State,21,Kentucky,Apidra,Insulin Glulisine,21,82,120.9,95712.56,20,,47,83.7,51629.85,#,,230,1985.81,N,N,N,N,2021
State,22,Louisiana,Apidra,Insulin Glulisine,19,46,56.1,26807.73,22,,30,33.6,17941.23,#,,476.31,1485.77,N,N,N,N,2021
State,23,Maine,Apidra,Insulin Glulisine,10,28,45.8,47726.52,,#,,,,*,,50,1005,N,N,N,N,2021
State,24,Maryland,Apidra,Insulin Glulisine,18,62,126.2,64719.77,16,,45,102.7,53197.5,#,,84.4,3129.54,N,N,N,N,2021
State,25,Massachusetts,Apidra,Insulin Glulisine,21,71,129.3,106330.2,19,,48,102.2,61127.1,#,,108,7487.07,N,N,N,N,2021
State,26,Michigan,Apidra,Insulin Glulisine,103,347,538.1,298212.57,97,,279,410.8,212329.99,,72,928.5,25352.39,N,N,N,N,2021
State,27,Minnesota,Apidra,Insulin Glulisine,11,44,52.9,19894.53,,,29,35.9,13426.33,*,,4,3888.8,N,N,N,N,2021
State,28,Mississippi,Apidra,Insulin Glulisine,6,20,22.5,10834.35,,#,,,,*,,64.4,0,N,N,N,N,2021
State,29,Missouri,Apidra,Insulin Glulisine,24,59,118.2,69722.31,21,,45,95.5,52965.01,#,,20,3338.87,N,N,N,N,2021
State,31,Nebraska,Apidra,Insulin Glulisine,5,17,22.2,21356.4,,,0,0,0,#,,27.6,100,N,N,N,N,2021
State,32,Nevada,Apidra,Insulin Glulisine,11,45,71.6,46312.25,,,25,47.7,35443.48,*,,107.03,1386.8,N,N,N,N,2021
State,33,New Hampshire,Apidra,Insulin Glulisine,5,11,22.8,21325.85,,,11,22.8,21325.85,*,,20.4,90,N,N,N,N,2021
State,34,New Jersey,Apidra,Insulin Glulisine,53,231,452.7,273922.25,57,,177,374.2,231853.79,,46,69.65,14056.65,N,N,N,N,2021
State,35,New Mexico,Apidra,Insulin Glulisine,4,12,22.7,26727.19,,#,,,,*,,4,1517.85,N,N,N,N,2021
State,36,New York,Apidra,Insulin Glulisine,63,222,375.7,222824.53,48,,185,312.5,190314.81,#,,708.8,9044.48,N,N,N,N,2021
State,37,North Carolina,Apidra,Insulin Glulisine,29,102,157.5,118340.72,30,,56,107,71793.19,#,,133.2,6823.07,N,N,N,N,2021
State,39,Ohio,Apidra,Insulin Glulisine,54,179,288,282459.99,49,,139,236,233937.36,#,,817.68,11780.49,N,N,N,N,2021
State,40,Oklahoma,Apidra,Insulin Glulisine,7,16,33.2,20296.12,,*,,,,*,,46,1352.48,N,N,N,N,2021
State,41,Oregon,Apidra,Insulin Glulisine,10,31,45,27314.14,,#,,,,*,,101.6,3846.34,N,N,N,N,2021
State,42,Pennsylvania,Apidra,Insulin Glulisine,60,273,411.9,230353.35,59,,193,304.4,158937.01,,43,609.8,19341.42,N,N,N,N,2021
State,45,South Carolina,Apidra,Insulin Glulisine,11,39,84.2,61050.04,12,,21,46.3,29325.51,*,,35.6,2722.2,N,N,N,N,2021
State,47,Tennessee,Apidra,Insulin Glulisine,9,24,51.7,36752.76,,#,,,,*,,50,2473.05,N,N,N,N,2021
State,48,Texas,Apidra,Insulin Glulisine,45,190,277.3,184497.17,45,,106,164.5,118563.45,,28,1098.74,11459.15,N,N,N,N,2021
State,49,Utah,Apidra,Insulin Glulisine,2,13,21.3,13240.44,,,0,0,0,#,,13.2,0,N,N,N,N,2021
State,51,Virginia,Apidra,Insulin Glulisine,23,69,137.9,67665.89,23,,44,93,37429.44,#,,168.4,4606.43,N,N,N,N,2021
State,53,Washington,Apidra,Insulin Glulisine,13,39,62.3,31479.66,11,,20,33.4,13386.03,*,,923.23,1358.95,N,N,N,N,2021
State,54,West Virginia,Apidra,Insulin Glulisine,7,17,43.4,19495.09,,#,,,,*,,12,2397.79,N,N,N,N,2021
State,55,Wisconsin,Apidra,Insulin Glulisine,4,19,35.3,15201.12,,#,,,,*,,0,1342.8,N,N,N,N,2021
State,72,Puerto Rico,Apidra,Insulin Glulisine,18,92,93.7,35395.86,14,,71,72.7,29244.73,#,,0,708.54,N,N,N,N,2021
National,,National,Apidra Solostar,Insulin Glulisine,3125,10376,18361.4,10318488,2946,,7874,14647.5,7801085.12,,2247,20626.47,578944.51,N,N,N,N,2021
State,01,Alabama,Apidra Solostar,Insulin Glulisine,33,85,149.7,82674.2,31,,50,91.1,45306.25,#,,263.19,2914.15,N,N,N,N,2021
State,02,Alaska,Apidra Solostar,Insulin Glulisine,11,32,77.4,67520.46,11,,32,77.4,67520.46,,11,0,128,N,N,N,N,2021
State,04,Arizona,Apidra Solostar,Insulin Glulisine,45,130,257.7,150609.4,42,,115,226.4,118842.54,#,,292.41,8458.04,N,N,N,N,2021
State,05,Arkansas,Apidra Solostar,Insulin Glulisine,13,41,67.2,30274.09,12,,22,46.1,13444.86,*,,119,3795.36,N,N,N,N,2021
State,06,California,Apidra Solostar,Insulin Glulisine,392,1505,2474.4,1368836.05,393,,1210,2053.7,1080656.14,,311,1576.8,58833.44,N,N,N,N,2021
State,08,Colorado,Apidra Solostar,Insulin Glulisine,29,87,143.6,101497.12,25,,43,78.2,54822.61,#,,91.2,6577.17,N,N,N,N,2021
State,09,Connecticut,Apidra Solostar,Insulin Glulisine,55,241,438.9,209676.08,52,,190,356.7,158410.05,#,,347.2,6396.17,N,N,N,N,2021
State,10,Delaware,Apidra Solostar,Insulin Glulisine,22,53,98.3,66228.38,19,,53,98.3,66228.38,,19,27.6,4019.13,N,N,N,N,2021
State,12,Florida,Apidra Solostar,Insulin Glulisine,138,421,763.5,413869.23,127,,325,630.4,330344.65,,108,1480.4,28957.46,N,N,N,N,2021
State,13,Georgia,Apidra Solostar,Insulin Glulisine,89,251,472.3,250879.5,80,,188,370.2,202915.14,,56,503.19,17550.23,N,N,N,N,2021
State,15,Hawaii,Apidra Solostar,Insulin Glulisine,20,69,146.9,69072.25,23,,55,123.2,58134.79,#,,8,1023.61,N,N,N,N,2021
State,16,Idaho,Apidra Solostar,Insulin Glulisine,27,90,181.8,89013.69,29,,70,142.9,76282.48,#,,88.4,7299.27,N,N,N,N,2021
State,17,Illinois,Apidra Solostar,Insulin Glulisine,100,331,588.8,377496.93,96,,266,490.9,322182.87,,78,1098.61,18845.86,N,N,N,N,2021
State,18,Indiana,Apidra Solostar,Insulin Glulisine,121,403,730,443489.27,126,,267,535.6,297535.98,,83,647.2,25367.28,N,N,N,N,2021
State,19,Iowa,Apidra Solostar,Insulin Glulisine,13,50,70.1,71398.12,15,,33,48.9,30195.61,#,,40.8,3064.15,N,N,N,N,2021
State,20,Kansas,Apidra Solostar,Insulin Glulisine,9,53,73,40254.31,,#,,,,*,,36.8,2797.17,N,N,N,N,2021
State,21,Kentucky,Apidra Solostar,Insulin Glulisine,58,196,342.6,277277.52,57,,127,241.5,163333.7,,38,398.95,11648.09,N,N,N,N,2021
State,22,Louisiana,Apidra Solostar,Insulin Glulisine,48,154,253.4,110388.1,49,,92,175.7,76275.57,,27,372.22,6732.47,N,N,N,N,2021
State,23,Maine,Apidra Solostar,Insulin Glulisine,15,40,68.5,33387.02,14,,24,47,15422.71,#,,77.6,1903.13,N,N,N,N,2021
State,24,Maryland,Apidra Solostar,Insulin Glulisine,42,108,217.6,134797.86,36,,86,176.9,103037.29,#,,420.8,8674.44,N,N,N,N,2021
State,25,Massachusetts,Apidra Solostar,Insulin Glulisine,43,133,204,105048.12,36,,102,162.5,76682.88,,24,174,4108.36,N,N,N,N,2021
State,26,Michigan,Apidra Solostar,Insulin Glulisine,295,1004,1961.6,1087867.3,288,,792,1626.4,823405.45,,234,3006.07,79890.88,N,N,N,N,2021
State,27,Minnesota,Apidra Solostar,Insulin Glulisine,29,96,148,106113.42,26,,69,104.9,57451.69,#,,56,11664.22,N,N,N,N,2021
State,28,Mississippi,Apidra Solostar,Insulin Glulisine,11,27,56.6,27748.24,,,16,42.5,20175.95,*,,64.4,721.97,N,N,N,N,2021
State,29,Missouri,Apidra Solostar,Insulin Glulisine,43,150,224.6,154954.2,40,,92,161.9,88567.02,,29,250.8,7758.41,N,N,N,N,2021
State,31,Nebraska,Apidra Solostar,Insulin Glulisine,10,29,54,26297.99,11,#,,,,*,,70,577.42,N,N,N,N,2021
State,32,Nevada,Apidra Solostar,Insulin Glulisine,24,57,107.7,62699.1,27,#,,,,#,,141.2,2644.69,N,N,N,N,2021
State,33,New Hampshire,Apidra Solostar,Insulin Glulisine,5,12,20.6,12778.23,,*,,,,*,,18.4,507.66,N,N,N,N,2021
State,34,New Jersey,Apidra Solostar,Insulin Glulisine,150,517,1148.1,671125.04,166,,455,1052.4,595407.36,,152,126.8,31850.84,N,N,N,N,2021
State,35,New Mexico,Apidra Solostar,Insulin Glulisine,8,20,39.9,25202.06,,#,,,,*,,89.6,125,N,N,N,N,2021
State,36,New York,Apidra Solostar,Insulin Glulisine,225,805,1356.8,744811.32,208,,657,1135.9,607410.83,,170,2282.48,35993.97,N,N,N,N,2021
State,37,North Carolina,Apidra Solostar,Insulin Glulisine,82,297,455.2,258831.06,77,,180,282.1,149287.41,,47,450.4,17325.43,N,N,N,N,2021
State,38,North Dakota,Apidra Solostar,Insulin Glulisine,4,16,37.4,15706.54,,#,,,,*,,9.2,2537.47,N,N,N,N,2021
State,39,Ohio,Apidra Solostar,Insulin Glulisine,152,476,806.7,429746.59,138,,364,644.5,325402.81,,106,968.2,24081.7,N,N,N,N,2021
State,40,Oklahoma,Apidra Solostar,Insulin Glulisine,28,82,147.3,133255.9,26,,46,88.4,79200.67,,14,148.8,2956.54,N,N,N,N,2021
State,41,Oregon,Apidra Solostar,Insulin Glulisine,25,79,157.8,72258.72,24,,62,119.2,56638.7,#,,142,4579.39,N,N,N,N,2021
State,42,Pennsylvania,Apidra Solostar,Insulin Glulisine,240,726,1258.9,673379.62,230,,558,1004.5,539042.75,,178,1404.11,40143.18,N,N,N,N,2021
State,44,Rhode Island,Apidra Solostar,Insulin Glulisine,6,19,47.1,16156.16,,#,,,,*,,40.8,1120.91,N,N,N,N,2021
State,45,South Carolina,Apidra Solostar,Insulin Glulisine,53,174,291.9,156155.22,50,,131,220.6,116792.01,,32,287.6,8423.24,N,N,N,N,2021
State,46,South Dakota,Apidra Solostar,Insulin Glulisine,4,12,32.1,8405.79,,*,,,,*,,36.8,300,N,N,N,N,2021
State,47,Tennessee,Apidra Solostar,Insulin Glulisine,31,77,144.6,81748.07,28,,57,104.7,54755.79,,16,118.4,6057.72,N,N,N,N,2021
State,48,Texas,Apidra Solostar,Insulin Glulisine,150,415,738.8,408168.27,143,,314,599.1,319542.24,,108,1709.26,36844.77,N,N,N,N,2021
State,49,Utah,Apidra Solostar,Insulin Glulisine,8,20,47.7,14731.57,,#,,,,*,,0,2100.43,N,N,N,N,2021
State,50,Vermont,Apidra Solostar,Insulin Glulisine,5,12,38.5,15254.22,,*,,,,*,,0,2100.99,N,N,N,N,2021
State,51,Virginia,Apidra Solostar,Insulin Glulisine,58,150,319.9,133669.77,58,,100,241.4,102378.69,,43,244.4,9639.24,N,N,N,N,2021
State,53,Washington,Apidra Solostar,Insulin Glulisine,67,290,382.1,163549.42,65,,182,261.6,107005.02,,43,282.8,9748.33,N,N,N,N,2021
State,54,West Virginia,Apidra Solostar,Insulin Glulisine,26,143,188.8,129205.89,23,,109,143.9,75236.07,#,,134.8,4304.52,N,N,N,N,2021
State,55,Wisconsin,Apidra Solostar,Insulin Glulisine,26,88,165.7,117170.32,26,,70,138.6,89044.36,#,,396.78,3709.32,N,N,N,N,2021
State,56,Wyoming,Apidra Solostar,Insulin Glulisine,2,11,12.1,6412.67,,,0,0,0,#,,0,0,N,N,N,N,2021
State,72,Puerto Rico,Apidra Solostar,Insulin Glulisine,24,76,113.3,56416.73,19,,59,91.4,40776.64,#,,0,1863.29,N,N,N,N,2021
National,,National,Fiasp,Insulin Aspart (Niacinamide),3100,13346,23707.9,16939226.85,3871,,8408,15406,10357853.19,,2519,28351.9,676455.99,N,N,N,N,2022
State,01,Alabama,Fiasp,Insulin Aspart (Niacinamide),60,308,592,411399.53,93,,167,314.8,210827.67,,46,1084.52,18095.02,N,N,N,N,2022
State,02,Alaska,Fiasp,Insulin Aspart (Niacinamide),4,11,29.2,19931.78,,,11,29.2,19931.78,*,,0,218,N,N,N,N,2022
State,04,Arizona,Fiasp,Insulin Aspart (Niacinamide),61,233,440.6,285505.14,66,,164,300,193867.67,,46,945.61,12918.56,N,N,N,N,2022
State,05,Arkansas,Fiasp,Insulin Aspart (Niacinamide),28,128,168.3,125143.29,32,,70,81.8,48967.48,,16,485.96,5837.73,N,N,N,N,2022
State,06,California,Fiasp,Insulin Aspart (Niacinamide),241,1006,1632,996787.49,282,,701,1182.3,676857.12,,204,2125.35,49271.67,N,N,N,N,2022
State,08,Colorado,Fiasp,Insulin Aspart (Niacinamide),37,128,266.3,166737.65,46,,73,170.9,100026.5,,29,285.68,5703,N,N,N,N,2022
State,09,Connecticut,Fiasp,Insulin Aspart (Niacinamide),43,138,295,218318.75,46,,104,207.8,145717.81,,32,187.45,7371.19,N,N,N,N,2022
State,10,Delaware,Fiasp,Insulin Aspart (Niacinamide),8,36,99.3,67793.25,12,#,,,,#,,33.55,2559.39,N,N,N,N,2022
State,12,Florida,Fiasp,Insulin Aspart (Niacinamide),279,1111,2278.2,1603674.01,372,,781,1626.3,1080598.08,,266,1209.96,54258.12,N,N,N,N,2022
State,13,Georgia,Fiasp,Insulin Aspart (Niacinamide),120,522,967.1,740205.34,153,,275,522.2,373118.02,,92,1480.82,25854.89,N,N,N,N,2022
State,15,Hawaii,Fiasp,Insulin Aspart (Niacinamide),3,13,23.5,17223.73,,*,,,,*,,20,210,N,N,N,N,2022
State,16,Idaho,Fiasp,Insulin Aspart (Niacinamide),16,49,99.1,55772.29,18,,21,40.5,24124.44,*,,169.6,1795.39,N,N,N,N,2022
State,17,Illinois,Fiasp,Insulin Aspart (Niacinamide),119,480,810,554303.42,140,,305,569.1,377109.46,,85,583.85,21439.84,N,N,N,N,2022
State,18,Indiana,Fiasp,Insulin Aspart (Niacinamide),85,393,697.1,590916.47,105,,209,379.1,268135.05,,54,569.42,15208.01,N,N,N,N,2022
State,19,Iowa,Fiasp,Insulin Aspart (Niacinamide),21,61,94.1,62686.42,25,,35,52.1,35761.81,#,,531.8,2763.55,N,N,N,N,2022
State,20,Kansas,Fiasp,Insulin Aspart (Niacinamide),37,170,255,181560.95,45,,63,107.4,71161.95,,23,133.87,8447.25,N,N,N,N,2022
State,21,Kentucky,Fiasp,Insulin Aspart (Niacinamide),61,237,376.5,314410.86,71,,140,228,188425.64,,41,663.33,11407.01,N,N,N,N,2022
State,22,Louisiana,Fiasp,Insulin Aspart (Niacinamide),59,395,542.7,435525.84,107,,181,264.9,189540.38,,60,687.11,9129.44,N,N,N,N,2022
State,23,Maine,Fiasp,Insulin Aspart (Niacinamide),16,69,101.8,52960.57,16,,52,74.1,35370.31,*,,45.55,1474.56,N,N,N,N,2022
State,24,Maryland,Fiasp,Insulin Aspart (Niacinamide),44,160,343.5,241416.28,53,,119,264.8,184748.2,,37,282.25,9485.01,N,N,N,N,2022
State,25,Massachusetts,Fiasp,Insulin Aspart (Niacinamide),78,263,455.6,271943,70,,151,290.7,164080.97,,46,453.05,8803.88,N,N,N,N,2022
State,26,Michigan,Fiasp,Insulin Aspart (Niacinamide),78,306,539.4,333817.16,98,,189,336.6,197557.48,,59,944.89,15736.01,N,N,N,N,2022
State,27,Minnesota,Fiasp,Insulin Aspart (Niacinamide),53,157,303.4,249830.3,49,,97,199.3,138850.96,,35,216.35,9313.37,N,N,N,N,2022
State,28,Mississippi,Fiasp,Insulin Aspart (Niacinamide),40,203,322.1,258975.22,55,,96,162.7,122445.88,,23,667.75,4721.7,N,N,N,N,2022
State,29,Missouri,Fiasp,Insulin Aspart (Niacinamide),79,339,578.7,437757.03,114,,213,381,274737.55,,76,674.47,25797.57,N,N,N,N,2022
State,30,Montana,Fiasp,Insulin Aspart (Niacinamide),10,49,102.5,56524.47,14,,31,68.9,39589.46,*,,79.4,2159.64,N,N,N,N,2022
State,31,Nebraska,Fiasp,Insulin Aspart (Niacinamide),21,97,130.2,68180.06,22,,75,97.2,43009.36,#,,138.2,3255.1,N,N,N,N,2022
State,32,Nevada,Fiasp,Insulin Aspart (Niacinamide),32,142,270.5,200615.97,45,,99,206.3,147711.76,,33,237.5,9728.24,N,N,N,N,2022
State,33,New Hampshire,Fiasp,Insulin Aspart (Niacinamide),16,56,106.3,93439.34,15,,26,60.3,38330.88,*,,77.25,1509.98,N,N,N,N,2022
State,34,New Jersey,Fiasp,Insulin Aspart (Niacinamide),68,243,451.5,292536.61,75,,143,273.7,169560.14,,49,415.4,13066.02,N,N,N,N,2022
State,35,New Mexico,Fiasp,Insulin Aspart (Niacinamide),29,129,199.2,118057.76,31,,75,139.1,75338.64,#,,369.53,7728.27,N,N,N,N,2022
State,36,New York,Fiasp,Insulin Aspart (Niacinamide),175,1047,1846.7,1480361.56,286,,647,1192,905662.88,,187,1015.45,41572.37,N,N,N,N,2022
State,37,North Carolina,Fiasp,Insulin Aspart (Niacinamide),113,594,974.9,760489.85,158,,396,651.7,495729.45,,104,939.55,30259.89,N,N,N,N,2022
State,38,North Dakota,Fiasp,Insulin Aspart (Niacinamide),15,69,97,58515.18,13,#,,,,*,,118.2,5433.94,N,N,N,N,2022
State,39,Ohio,Fiasp,Insulin Aspart (Niacinamide),103,426,752.7,520596.41,132,,246,442.3,291885.68,,79,1973.33,25401.24,N,N,N,N,2022
State,40,Oklahoma,Fiasp,Insulin Aspart (Niacinamide),36,139,250.7,188658.93,43,,70,143.2,111362.89,,27,681.27,7343.87,N,N,N,N,2022
State,41,Oregon,Fiasp,Insulin Aspart (Niacinamide),39,158,229.5,123054.58,46,,133,190.3,99479.79,#,,225.5,8549.55,N,N,N,N,2022
State,42,Pennsylvania,Fiasp,Insulin Aspart (Niacinamide),130,496,852.5,624864.79,140,,326,601.9,392468.45,,93,731.35,27277.69,N,N,N,N,2022
State,44,Rhode Island,Fiasp,Insulin Aspart (Niacinamide),5,32,54.9,26744.09,,#,,,,*,,31.7,1477.13,N,N,N,N,2022
State,45,South Carolina,Fiasp,Insulin Aspart (Niacinamide),46,192,315.1,221574.98,53,,108,179.4,123740.67,,34,567.63,14849.17,N,N,N,N,2022
State,46,South Dakota,Fiasp,Insulin Aspart (Niacinamide),8,32,74.7,61603.35,,#,,,,*,,8,3436.35,N,N,N,N,2022
State,47,Tennessee,Fiasp,Insulin Aspart (Niacinamide),102,470,749.1,570577.91,134,,243,418.4,291026.46,,74,895.55,21093.59,N,N,N,N,2022
State,48,Texas,Fiasp,Insulin Aspart (Niacinamide),280,1346,2602.8,1815481.13,419,,939,1791.9,1194826.42,,296,4291.02,72993.66,N,N,N,N,2022
State,49,Utah,Fiasp,Insulin Aspart (Niacinamide),21,47,103.9,72171.21,22,,33,75.7,61141.71,#,,25.85,5559.99,N,N,N,N,2022
State,50,Vermont,Fiasp,Insulin Aspart (Niacinamide),6,18,33.9,16237.88,,*,,,,*,,4,974.03,N,N,N,N,2022
State,51,Virginia,Fiasp,Insulin Aspart (Niacinamide),56,217,367.9,256164.57,64,,137,249.4,173272.94,,42,278.85,14147.04,N,N,N,N,2022
State,53,Washington,Fiasp,Insulin Aspart (Niacinamide),34,120,248.1,189238.22,41,,79,152.5,124170.45,,25,220.25,7989.1,N,N,N,N,2022
State,54,West Virginia,Fiasp,Insulin Aspart (Niacinamide),25,118,222,194072.09,34,,81,133.9,118604.93,,23,244.05,6043.9,N,N,N,N,2022
State,55,Wisconsin,Fiasp,Insulin Aspart (Niacinamide),46,153,282.5,191951.56,44,,113,198.8,115088.25,,31,92.34,12737.58,N,N,N,N,2022
State,56,Wyoming,Fiasp,Insulin Aspart (Niacinamide),5,21,28.6,13750.44,,#,,,,*,,184.84,3191.45,N,N,N,N,2022
National,,National,Fiasp Flextouch,Insulin Aspart (Niacinamide),13432,68409,120297,68463164.52,21823,,49150,89036.2,48063594.37,,15938,149126.81,3069913.61,N,N,N,N,2022
State,01,Alabama,Fiasp Flextouch,Insulin Aspart (Niacinamide),187,960,1652,953292.35,344,,609,1030,537209.28,,217,3277.83,37228.07,N,N,N,N,2022
State,02,Alaska,Fiasp Flextouch,Insulin Aspart (Niacinamide),21,91,188,77744.7,31,,55,134.6,49029.08,#,,85.55,1782.21,N,N,N,N,2022
State,04,Arizona,Fiasp Flextouch,Insulin Aspart (Niacinamide),220,948,1671.2,849102.4,307,,758,1385.8,663931.65,,239,2115.17,53307.46,N,N,N,N,2022
State,05,Arkansas,Fiasp Flextouch,Insulin Aspart (Niacinamide),143,790,1183.3,785291.17,248,,470,729.7,497681.94,,159,2324.88,33451.72,N,N,N,N,2022
State,06,California,Fiasp Flextouch,Insulin Aspart (Niacinamide),997,5036,8789.4,4385972.69,1581,,3669,6643.1,3134675.87,,1193,8853.41,172576.43,N,N,N,N,2022
State,08,Colorado,Fiasp Flextouch,Insulin Aspart (Niacinamide),116,434,833.5,482925.7,149,,336,669.9,354093.18,,111,538.15,28823.91,N,N,N,N,2022
State,09,Connecticut,Fiasp Flextouch,Insulin Aspart (Niacinamide),120,577,1199.3,589421.37,204,,484,1016.2,498508.33,,170,2130.26,28817.77,N,N,N,N,2022
State,10,Delaware,Fiasp Flextouch,Insulin Aspart (Niacinamide),43,275,474.2,335338.42,75,,231,393.3,279441.13,,62,285.04,11028.58,N,N,N,N,2022
State,11,District of Columbia,Fiasp Flextouch,Insulin Aspart (Niacinamide),20,63,115.7,67199.67,25,,49,94.1,50720.71,#,,311.91,2847.38,N,N,N,N,2022
State,12,Florida,Fiasp Flextouch,Insulin Aspart (Niacinamide),979,5680,10431.6,5416727.65,1910,,4395,8232,4132297.37,,1487,9138.7,262830.91,N,N,N,N,2022
State,13,Georgia,Fiasp Flextouch,Insulin Aspart (Niacinamide),571,2926,5310.7,3083972.96,1022,,1941,3560,1906525.58,,707,9384.68,134189.21,N,N,N,N,2022
State,15,Hawaii,Fiasp Flextouch,Insulin Aspart (Niacinamide),20,90,204.4,84270.88,32,,74,173.9,70526.46,#,,69.25,5154.43,N,N,N,N,2022
State,16,Idaho,Fiasp Flextouch,Insulin Aspart (Niacinamide),66,239,396,236949.2,85,,173,305.2,159728.95,,62,296.7,14935.7,N,N,N,N,2022
State,17,Illinois,Fiasp Flextouch,Insulin Aspart (Niacinamide),545,2446,4421.4,2568696.61,848,,1719,3249.1,1819840.61,,613,5015.21,115208.49,N,N,N,N,2022
State,18,Indiana,Fiasp Flextouch,Insulin Aspart (Niacinamide),397,2106,3570.7,2284469.82,669,,1498,2620.8,1575755.59,,487,4037.6,85745.8,N,N,N,N,2022
State,19,Iowa,Fiasp Flextouch,Insulin Aspart (Niacinamide),126,640,951.5,666965.79,164,,495,726,516590.34,,126,1419.46,32985.84,N,N,N,N,2022
State,20,Kansas,Fiasp Flextouch,Insulin Aspart (Niacinamide),215,1519,2528.1,1476595.71,423,,1111,1866.2,1020660.83,,312,3312.43,78366.09,N,N,N,N,2022
State,21,Kentucky,Fiasp Flextouch,Insulin Aspart (Niacinamide),268,1408,2251.7,1418589.62,455,,850,1440.5,871347.96,,287,4272.88,57256.74,N,N,N,N,2022
State,22,Louisiana,Fiasp Flextouch,Insulin Aspart (Niacinamide),236,1280,2019.9,1139654.62,426,,833,1328.6,706521.1,,279,2880.32,46616.7,N,N,N,N,2022
State,23,Maine,Fiasp Flextouch,Insulin Aspart (Niacinamide),46,184,321.2,209153.64,61,,124,196.9,160057.39,,35,266.25,5655.61,N,N,N,N,2022
State,24,Maryland,Fiasp Flextouch,Insulin Aspart (Niacinamide),278,1507,2995.3,1635436.61,504,,1128,2319.1,1192599.41,,387,4587.46,70849.66,N,N,N,N,2022
State,25,Massachusetts,Fiasp Flextouch,Insulin Aspart (Niacinamide),246,1056,1731,898662.74,318,,677,1179.6,556170.82,,207,1295.35,29640.72,N,N,N,N,2022
State,26,Michigan,Fiasp Flextouch,Insulin Aspart (Niacinamide),362,1299,2474.4,1227578.48,490,,876,1704.5,806651.01,,331,1894.16,68561.18,N,N,N,N,2022
State,27,Minnesota,Fiasp Flextouch,Insulin Aspart (Niacinamide),226,953,1600.4,991345.85,254,,742,1281.5,749247.98,,194,2059.91,59848.18,N,N,N,N,2022
State,28,Mississippi,Fiasp Flextouch,Insulin Aspart (Niacinamide),184,1165,1889.7,1120294.93,376,,744,1239.2,702751.7,,245,3373.21,42053.36,N,N,N,N,2022
State,29,Missouri,Fiasp Flextouch,Insulin Aspart (Niacinamide),311,2121,3452.5,2421810.91,665,,1471,2484.4,1675756.83,,490,5421.02,105448.19,N,N,N,N,2022
State,30,Montana,Fiasp Flextouch,Insulin Aspart (Niacinamide),50,256,414.7,212111.74,65,,193,286.2,139453.61,,46,819.3,10742.83,N,N,N,N,2022
State,31,Nebraska,Fiasp Flextouch,Insulin Aspart (Niacinamide),106,524,834.3,456432.48,159,,383,611,319086.45,,115,1132.53,27920.12,N,N,N,N,2022
State,32,Nevada,Fiasp Flextouch,Insulin Aspart (Niacinamide),104,590,1180.1,706044.54,220,,400,864.4,501628.36,,162,1002.9,27995.58,N,N,N,N,2022
State,33,New Hampshire,Fiasp Flextouch,Insulin Aspart (Niacinamide),58,289,422.8,304141.87,74,,134,203.3,93986.32,,36,2753.22,8117.29,N,N,N,N,2022
State,34,New Jersey,Fiasp Flextouch,Insulin Aspart (Niacinamide),327,1705,3439,1697792.53,586,,1365,2856.3,1369762,,476,3252.87,103951.54,N,N,N,N,2022
State,35,New Mexico,Fiasp Flextouch,Insulin Aspart (Niacinamide),113,469,848.4,501814.48,156,,332,606.7,331631.44,,111,869.75,17716.26,N,N,N,N,2022
State,36,New York,Fiasp Flextouch,Insulin Aspart (Niacinamide),1050,5205,9414,4979625,1704,,3991,7431.3,3659981.06,,1313,9341.3,173085.83,N,N,N,N,2022
State,37,North Carolina,Fiasp Flextouch,Insulin Aspart (Niacinamide),518,2602,4427.7,2526236.29,853,,1831,3183.9,1718161.41,,595,7328.87,106937.09,N,N,N,N,2022
State,38,North Dakota,Fiasp Flextouch,Insulin Aspart (Niacinamide),43,256,401.4,311244.34,66,,185,316.6,189445.69,,53,77.25,20597.34,N,N,N,N,2022
State,39,Ohio,Fiasp Flextouch,Insulin Aspart (Niacinamide),591,2750,4437.8,2710933.01,855,,1842,3097,1795350.57,,589,6579.8,127689.11,N,N,N,N,2022
State,40,Oklahoma,Fiasp Flextouch,Insulin Aspart (Niacinamide),134,686,1122.9,671606.46,233,,443,733.7,403502.96,,151,1053.45,26374.12,N,N,N,N,2022
State,41,Oregon,Fiasp Flextouch,Insulin Aspart (Niacinamide),189,887,1398,778218.13,251,,631,1025,498283.94,,183,999.39,48094.75,N,N,N,N,2022
State,42,Pennsylvania,Fiasp Flextouch,Insulin Aspart (Niacinamide),581,2892,5205.9,2949483.37,924,,2088,3874.7,2121306.67,,677,6040.94,127084.96,N,N,N,N,2022
State,44,Rhode Island,Fiasp Flextouch,Insulin Aspart (Niacinamide),32,134,202.5,118922.22,42,,92,144.9,77059.07,#,,194.56,2965.57,N,N,N,N,2022
State,45,South Carolina,Fiasp Flextouch,Insulin Aspart (Niacinamide),274,1213,2147.8,1189650.88,421,,846,1506.5,822352.29,,286,2889.04,56543.28,N,N,N,N,2022
State,46,South Dakota,Fiasp Flextouch,Insulin Aspart (Niacinamide),33,194,366.4,291054.65,67,,163,307.6,243444.72,,53,469.35,14810.11,N,N,N,N,2022
State,47,Tennessee,Fiasp Flextouch,Insulin Aspart (Niacinamide),424,2403,4201.3,2823999.74,829,,1692,3036.8,2035747.25,,599,5593.69,117258.28,N,N,N,N,2022
State,48,Texas,Fiasp Flextouch,Insulin Aspart (Niacinamide),982,5467,10125,5569754.66,1900,,4199,7850.9,4107635.09,,1456,12466.13,279959.7,N,N,N,N,2022
State,49,Utah,Fiasp Flextouch,Insulin Aspart (Niacinamide),65,238,433.2,299934.59,80,,159,302.3,189235.38,,54,421.63,14693.68,N,N,N,N,2022
State,50,Vermont,Fiasp Flextouch,Insulin Aspart (Niacinamide),14,49,85.3,43469.01,18,#,,,,#,,21.85,2717.25,N,N,N,N,2022
State,51,Virginia,Fiasp Flextouch,Insulin Aspart (Niacinamide),276,1265,2264.9,1345458.06,406,,878,1676.6,961310.65,,294,3002.51,58439.97,N,N,N,N,2022
State,53,Washington,Fiasp Flextouch,Insulin Aspart (Niacinamide),189,972,1577.9,881558.3,283,,745,1260.5,664420.62,,211,1948.7,52867.56,N,N,N,N,2022
State,54,West Virginia,Fiasp Flextouch,Insulin Aspart (Niacinamide),116,579,1046.2,642082.5,211,,324,638,358708.23,,127,1539.29,16433.84,N,N,N,N,2022
State,55,Wisconsin,Fiasp Flextouch,Insulin Aspart (Niacinamide),189,922,1532.1,999463.35,252,,631,1067.1,709010.36,,178,561.05,39000.69,N,N,N,N,2022
State,56,Wyoming,Fiasp Flextouch,Insulin Aspart (Niacinamide),23,49,77.3,30342.99,19,,34,54.5,20267.05,#,,87.1,1931.52,N,N,N,N,2022
State,72,Puerto Rico,Fiasp Flextouch,Insulin Aspart (Niacinamide),4,15,26.4,10650.08,,*,,,,*,,33.55,705,N,N,N,N,2022
National,,National,Fiasp Penfill,Insulin Aspart (Niacinamide),489,1316,2344.6,1263554.66,511,,837,1554.7,777738.23,,344,2378.7,60649.22,N,N,N,N,2022
State,01,Alabama,Fiasp Penfill,Insulin Aspart (Niacinamide),8,16,31.5,20210.64,,*,,,,*,,366.28,469.4,N,N,N,N,2022
State,04,Arizona,Fiasp Penfill,Insulin Aspart (Niacinamide),12,24,48.3,25296.11,12,,11,31.3,11027.12,*,,21.85,1696.65,N,N,N,N,2022
State,06,California,Fiasp Penfill,Insulin Aspart (Niacinamide),51,116,204.5,85222.46,49,,72,140.7,58969.6,,34,149.55,3169.9,N,N,N,N,2022
State,08,Colorado,Fiasp Penfill,Insulin Aspart (Niacinamide),7,25,57.8,23421.64,,#,,,,*,,19.7,2743.97,N,N,N,N,2022
State,09,Connecticut,Fiasp Penfill,Insulin Aspart (Niacinamide),5,13,25.8,9278.88,,*,,,,*,,0,497.59,N,N,N,N,2022
State,12,Florida,Fiasp Penfill,Insulin Aspart (Niacinamide),38,91,181.4,89381.49,41,,50,85.3,44298.36,,22,244.4,2836.5,N,N,N,N,2022
State,13,Georgia,Fiasp Penfill,Insulin Aspart (Niacinamide),19,34,66.1,50833.5,19,,21,44,27069.84,#,,29.55,2119.32,N,N,N,N,2022
State,17,Illinois,Fiasp Penfill,Insulin Aspart (Niacinamide),9,17,34.4,14540.43,,#,,,,*,,8,1540.64,N,N,N,N,2022
State,18,Indiana,Fiasp Penfill,Insulin Aspart (Niacinamide),22,70,112.7,84408.82,23,,45,70,46182.63,#,,147.25,2696.9,N,N,N,N,2022
State,20,Kansas,Fiasp Penfill,Insulin Aspart (Niacinamide),4,17,23.8,11905.26,,*,,,,*,,0,597.89,N,N,N,N,2022
State,21,Kentucky,Fiasp Penfill,Insulin Aspart (Niacinamide),7,19,22.7,14383.61,,#,,,,*,,0,1391.19,N,N,N,N,2022
State,22,Louisiana,Fiasp Penfill,Insulin Aspart (Niacinamide),8,12,21.4,10544.38,,*,,,,*,,39.4,420,N,N,N,N,2022
State,25,Massachusetts,Fiasp Penfill,Insulin Aspart (Niacinamide),12,26,53,37956.21,12,#,,,,*,,41.55,1552.66,N,N,N,N,2022
State,26,Michigan,Fiasp Penfill,Insulin Aspart (Niacinamide),8,21,40.1,15622.85,,#,,,,*,,17.85,1802.97,N,N,N,N,2022
State,27,Minnesota,Fiasp Penfill,Insulin Aspart (Niacinamide),14,55,127.4,49662.32,14,,37,87.8,33365.69,*,,82.8,3723.36,N,N,N,N,2022
State,28,Mississippi,Fiasp Penfill,Insulin Aspart (Niacinamide),6,11,15.6,12536.03,,*,,,,*,,21.85,245,N,N,N,N,2022
State,29,Missouri,Fiasp Penfill,Insulin Aspart (Niacinamide),8,43,56.1,49141.65,15,,31,37.9,30711.97,*,,86.8,2031.28,N,N,N,N,2022
State,30,Montana,Fiasp Penfill,Insulin Aspart (Niacinamide),6,19,23.2,18621.45,,*,,,,*,,91.1,0,N,N,N,N,2022
State,32,Nevada,Fiasp Penfill,Insulin Aspart (Niacinamide),9,14,33.4,16002.19,,,14,33.4,16002.19,*,,0,1686.94,N,N,N,N,2022
State,35,New Mexico,Fiasp Penfill,Insulin Aspart (Niacinamide),5,21,30.5,16579.22,,*,,,,*,,33.55,580,N,N,N,N,2022
State,36,New York,Fiasp Penfill,Insulin Aspart (Niacinamide),25,102,178.5,112686.86,36,,71,129.8,76939.44,#,,157.7,4407.62,N,N,N,N,2022
State,37,North Carolina,Fiasp Penfill,Insulin Aspart (Niacinamide),21,52,94.4,47716.38,22,,33,66.1,30778.09,#,,330.77,2597.12,N,N,N,N,2022
State,39,Ohio,Fiasp Penfill,Insulin Aspart (Niacinamide),15,39,65.5,32869.83,12,#,,,,*,,0,2727.94,N,N,N,N,2022
State,40,Oklahoma,Fiasp Penfill,Insulin Aspart (Niacinamide),2,18,28,13933.33,,*,,,,*,,12,942.81,N,N,N,N,2022
State,41,Oregon,Fiasp Penfill,Insulin Aspart (Niacinamide),9,17,44.8,21577.32,,*,,,,*,,49.25,904.71,N,N,N,N,2022
State,42,Pennsylvania,Fiasp Penfill,Insulin Aspart (Niacinamide),19,66,105.2,52143.38,18,,22,46.1,22244.71,*,,57.25,2231.14,N,N,N,N,2022
State,47,Tennessee,Fiasp Penfill,Insulin Aspart (Niacinamide),25,66,113.1,52569.64,23,,47,92.5,37493.53,#,,98.5,3240.6,N,N,N,N,2022
State,48,Texas,Fiasp Penfill,Insulin Aspart (Niacinamide),41,127,238.2,145555.51,49,,96,166.7,90612.17,,37,208.35,6483.22,N,N,N,N,2022
State,49,Utah,Fiasp Penfill,Insulin Aspart (Niacinamide),5,14,16.3,10005.63,,#,,,,*,,0,921.23,N,N,N,N,2022
State,51,Virginia,Fiasp Penfill,Insulin Aspart (Niacinamide),11,15,26.5,12895.54,11,,15,26.5,12895.54,,11,9.85,650,N,N,N,N,2022
State,53,Washington,Fiasp Penfill,Insulin Aspart (Niacinamide),13,36,58.8,31820.01,12,,24,36.9,18733.73,*,,8,1392.3,N,N,N,N,2022
State,72,Puerto Rico,Fiasp Penfill,Insulin Aspart (Niacinamide),2,14,16,7913.89,,,14,16,7913.89,*,,0,0,N,N,N,N,2022
National,,National,Lyumjev,Insulin Lispro-Aabc,1766,6720,12612.1,8208951.34,2226,,4659,9101.2,5667911.04,,1610,10677.57,348846.66,N,N,N,N,2022
State,01,Alabama,Lyumjev,Insulin Lispro-Aabc,40,176,323.6,286735.86,55,,83,162.5,121078.66,,32,157.35,6873.88,N,N,N,N,2022
State,04,Arizona,Lyumjev,Insulin Lispro-Aabc,41,111,254.4,137936.54,49,,90,204.4,108963.18,#,,175.19,9340.08,N,N,N,N,2022
State,05,Arkansas,Lyumjev,Insulin Lispro-Aabc,16,59,98.5,69463.33,19,,38,65.7,44359.24,*,,351.16,1725.61,N,N,N,N,2022
State,06,California,Lyumjev,Insulin Lispro-Aabc,177,800,1416.2,763431.3,239,,667,1223.8,666284.48,,206,235.1,45431.79,N,N,N,N,2022
State,08,Colorado,Lyumjev,Insulin Lispro-Aabc,31,131,236.6,142414.05,40,,111,208.1,125985.91,#,,702.15,9188.69,N,N,N,N,2022
State,09,Connecticut,Lyumjev,Insulin Lispro-Aabc,30,122,224.4,139491.86,41,,75,143.1,93359.36,,28,409.79,5139.01,N,N,N,N,2022
State,10,Delaware,Lyumjev,Insulin Lispro-Aabc,6,21,34.3,17144.35,,,21,34.3,17144.35,*,,59.1,326.85,N,N,N,N,2022
State,11,District of Columbia,Lyumjev,Insulin Lispro-Aabc,2,14,15.4,9426.18,,#,,,,*,,4,140,N,N,N,N,2022
State,12,Florida,Lyumjev,Insulin Lispro-Aabc,124,520,1136.6,770217.08,190,,418,928.5,611474.86,,151,333.53,29590.7,N,N,N,N,2022
State,13,Georgia,Lyumjev,Insulin Lispro-Aabc,76,275,544.2,381683.09,105,,180,366.2,226539.45,,69,1511.93,13345.62,N,N,N,N,2022
State,16,Idaho,Lyumjev,Insulin Lispro-Aabc,9,21,47.5,24529.9,,*,,,,*,,67.1,1319.94,N,N,N,N,2022
State,17,Illinois,Lyumjev,Insulin Lispro-Aabc,65,191,319,207522.82,67,,127,207.8,113353.81,,48,470.65,6297.44,N,N,N,N,2022
State,18,Indiana,Lyumjev,Insulin Lispro-Aabc,55,206,301.6,200751.02,61,,109,175.8,107850.23,,36,108.95,4856.38,N,N,N,N,2022
State,19,Iowa,Lyumjev,Insulin Lispro-Aabc,9,28,61,34192.23,,,28,61,34192.23,*,,0,2068.69,N,N,N,N,2022
State,20,Kansas,Lyumjev,Insulin Lispro-Aabc,9,40,85.8,79771.39,14,,26,59.1,47097.39,*,,59.4,2784.61,N,N,N,N,2022
State,21,Kentucky,Lyumjev,Insulin Lispro-Aabc,23,102,153.9,108579.05,32,,56,101.4,69782.29,,19,47.4,4845.6,N,N,N,N,2022
State,22,Louisiana,Lyumjev,Insulin Lispro-Aabc,18,91,97.7,78263.7,22,,66,72.1,59482.99,#,,75.4,6194.73,N,N,N,N,2022
State,23,Maine,Lyumjev,Insulin Lispro-Aabc,13,31,78.7,49831.53,13,#,,,,*,,49.25,1134.86,N,N,N,N,2022
State,24,Maryland,Lyumjev,Insulin Lispro-Aabc,27,94,213.5,139593.28,36,,63,149.7,85971.18,,25,111.1,3529.71,N,N,N,N,2022
State,25,Massachusetts,Lyumjev,Insulin Lispro-Aabc,42,138,263.4,164527.51,50,,77,164.3,106880.41,,32,243.6,7347.06,N,N,N,N,2022
State,26,Michigan,Lyumjev,Insulin Lispro-Aabc,40,143,291.1,164998.01,54,,86,195.4,113637.4,,37,128.95,4464.3,N,N,N,N,2022
State,27,Minnesota,Lyumjev,Insulin Lispro-Aabc,27,51,124.1,63346.11,26,,28,65,33325.95,,15,92.95,806.86,N,N,N,N,2022
State,28,Mississippi,Lyumjev,Insulin Lispro-Aabc,12,52,89.9,65605.36,15,,35,58.3,34845.73,#,,33.85,2776.22,N,N,N,N,2022
State,29,Missouri,Lyumjev,Insulin Lispro-Aabc,27,100,196.2,156210.11,35,,57,123.5,108264.22,,24,0,8291.7,N,N,N,N,2022
State,30,Montana,Lyumjev,Insulin Lispro-Aabc,9,32,61.6,31302.6,,#,,,,*,,4,1697.97,N,N,N,N,2022
State,31,Nebraska,Lyumjev,Insulin Lispro-Aabc,10,30,68.4,39209.1,11,,16,31.9,19840.52,*,,19.7,776.35,N,N,N,N,2022
State,32,Nevada,Lyumjev,Insulin Lispro-Aabc,11,34,85,57822.3,15,#,,,,*,,29.55,2700.93,N,N,N,N,2022
State,33,New Hampshire,Lyumjev,Insulin Lispro-Aabc,12,34,73,45786.11,14,,23,50.8,35892.27,*,,27.7,2133.24,N,N,N,N,2022
State,34,New Jersey,Lyumjev,Insulin Lispro-Aabc,48,227,458,250476.23,64,,151,317.9,180517.1,,45,62.7,10402.98,N,N,N,N,2022
State,35,New Mexico,Lyumjev,Insulin Lispro-Aabc,9,40,53.3,32156.15,,,20,24.5,17090.92,*,,134.5,523.62,N,N,N,N,2022
State,36,New York,Lyumjev,Insulin Lispro-Aabc,93,330,651.2,433277.82,109,,228,447.8,292616.42,,76,356.4,14711.95,N,N,N,N,2022
State,37,North Carolina,Lyumjev,Insulin Lispro-Aabc,62,292,548,392954.36,104,,183,359,240748.32,,73,620.36,16008.5,N,N,N,N,2022
State,39,Ohio,Lyumjev,Insulin Lispro-Aabc,84,292,491,344031.02,98,,219,385.2,247613.73,,73,563.92,20860.42,N,N,N,N,2022
State,40,Oklahoma,Lyumjev,Insulin Lispro-Aabc,16,47,114,93944.19,21,,34,72.9,62896.15,#,,19.7,3576.11,N,N,N,N,2022
State,41,Oregon,Lyumjev,Insulin Lispro-Aabc,33,140,283.6,181111.47,47,,106,218.9,118735.83,#,,156.05,8293.33,N,N,N,N,2022
State,42,Pennsylvania,Lyumjev,Insulin Lispro-Aabc,79,317,485.3,323362.08,81,,214,335.5,219902.93,,60,419.02,16702.97,N,N,N,N,2022
State,44,Rhode Island,Lyumjev,Insulin Lispro-Aabc,5,20,23.3,13012.36,,#,,,,*,,0,169.55,N,N,N,N,2022
State,45,South Carolina,Lyumjev,Insulin Lispro-Aabc,21,100,211.4,146531.53,27,,69,153,88385.27,#,,220.7,2583.29,N,N,N,N,2022
State,46,South Dakota,Lyumjev,Insulin Lispro-Aabc,6,15,33.5,14916.37,,*,,,,*,,19.7,700.42,N,N,N,N,2022
State,47,Tennessee,Lyumjev,Insulin Lispro-Aabc,38,142,226.7,177831.46,42,,65,123.4,99685,,26,884.9,5801.3,N,N,N,N,2022
State,48,Texas,Lyumjev,Insulin Lispro-Aabc,171,624,1237.9,820343.12,231,,427,895.7,577742.43,,173,1242.57,35900.46,N,N,N,N,2022
State,49,Utah,Lyumjev,Insulin Lispro-Aabc,15,50,115.1,84749.87,18,#,,,,#,,13.85,3247.32,N,N,N,N,2022
State,51,Virginia,Lyumjev,Insulin Lispro-Aabc,37,165,270,173131.76,54,,128,199.1,126659.09,,38,75.1,8896.83,N,N,N,N,2022
State,53,Washington,Lyumjev,Insulin Lispro-Aabc,33,97,195.5,108469.88,38,,67,144.7,69625.88,#,,88.65,7454.12,N,N,N,N,2022
State,54,West Virginia,Lyumjev,Insulin Lispro-Aabc,15,55,85.7,55431.8,18,,27,55.7,27965.25,*,,161.9,1950.33,N,N,N,N,2022
State,55,Wisconsin,Lyumjev,Insulin Lispro-Aabc,23,58,131.5,80220.71,27,,46,112.5,63976.37,#,,124.7,4617.34,N,N,N,N,2022
State,72,Puerto Rico,Lyumjev,Insulin Lispro-Aabc,5,38,41.2,21050.55,,,20,20,12387.2,*,,0,0,N,N,N,N,2022
National,,National,Lyumjev Kwikpen U-100,Insulin Lispro-Aabc,4960,23543,44832.3,21837438.61,8396,,17978,35549.6,16389152.49,,6588,30510.15,997294.87,N,N,N,N,2022
State,01,Alabama,Lyumjev Kwikpen U-100,Insulin Lispro-Aabc,72,486,878.8,489478.02,185,,322,637.8,325184.78,,132,609.78,15499.2,N,N,N,N,2022
State,02,Alaska,Lyumjev Kwikpen U-100,Insulin Lispro-Aabc,10,47,63.8,35664.88,,*,,,,*,,48.7,788.98,N,N,N,N,2022
State,04,Arizona,Lyumjev Kwikpen U-100,Insulin Lispro-Aabc,87,372,762.4,305815.17,143,,275,610.7,234393.4,,115,336.6,20658.52,N,N,N,N,2022
State,05,Arkansas,Lyumjev Kwikpen U-100,Insulin Lispro-Aabc,35,284,445.8,257546.39,95,,159,271.8,149026.09,,60,331.55,5557,N,N,N,N,2022
State,06,California,Lyumjev Kwikpen U-100,Insulin Lispro-Aabc,451,2537,4901.9,2002446.73,912,,2162,4334.3,1719850.58,,814,2957.5,109427.09,N,N,N,N,2022
State,08,Colorado,Lyumjev Kwikpen U-100,Insulin Lispro-Aabc,57,253,541.9,249486.04,94,,216,466.7,202911.74,,78,53.25,13185.53,N,N,N,N,2022
State,09,Connecticut,Lyumjev Kwikpen U-100,Insulin Lispro-Aabc,85,421,921.7,361885.67,169,,317,718.3,275352.59,,135,824.47,15035.52,N,N,N,N,2022
State,10,Delaware,Lyumjev Kwikpen U-100,Insulin Lispro-Aabc,17,94,199.9,105459.07,32,,58,140.2,71217.51,#,,238.55,2352.13,N,N,N,N,2022
State,11,District of Columbia,Lyumjev Kwikpen U-100,Insulin Lispro-Aabc,7,35,67.8,32872.3,11,,21,47.8,21285.1,*,,92.65,1228.49,N,N,N,N,2022
State,12,Florida,Lyumjev Kwikpen U-100,Insulin Lispro-Aabc,396,2176,4387.1,2037409.97,825,,1741,3618.1,1625312.47,,679,2298.42,91692.18,N,N,N,N,2022
State,13,Georgia,Lyumjev Kwikpen U-100,Insulin Lispro-Aabc,177,803,1517.2,779233.38,300,,592,1176.9,585892.63,,230,990.36,38363.39,N,N,N,N,2022
State,15,Hawaii,Lyumjev Kwikpen U-100,Insulin Lispro-Aabc,5,12,31.1,14283.76,,*,,,,*,,19.7,190.4,N,N,N,N,2022
State,16,Idaho,Lyumjev Kwikpen U-100,Insulin Lispro-Aabc,19,108,209.7,130307.09,35,,69,145.4,80692.95,,24,71.4,6266.38,N,N,N,N,2022
State,17,Illinois,Lyumjev Kwikpen U-100,Insulin Lispro-Aabc,144,620,1359.8,604359.56,261,,506,1145.4,485495.86,,212,498.05,38508.56,N,N,N,N,2022
State,18,Indiana,Lyumjev Kwikpen U-100,Insulin Lispro-Aabc,152,663,1249,668997.12,240,,454,902.3,451505.14,,166,568.25,28658.16,N,N,N,N,2022
State,19,Iowa,Lyumjev Kwikpen U-100,Insulin Lispro-Aabc,33,127,236.2,126144.1,44,,86,180.9,93861.28,#,,43.7,4241.45,N,N,N,N,2022
State,20,Kansas,Lyumjev Kwikpen U-100,Insulin Lispro-Aabc,48,256,377.7,247415.3,60,,187,288.6,173615.19,,45,767.33,7668.58,N,N,N,N,2022
State,21,Kentucky,Lyumjev Kwikpen U-100,Insulin Lispro-Aabc,45,284,459.6,249279.3,90,,207,338.4,174721.53,,66,476.2,12584.7,N,N,N,N,2022
State,22,Louisiana,Lyumjev Kwikpen U-100,Insulin Lispro-Aabc,60,347,518.7,262215.43,110,,240,359.5,166009.47,,79,140.65,12441.49,N,N,N,N,2022
State,23,Maine,Lyumjev Kwikpen U-100,Insulin Lispro-Aabc,27,68,146.1,76347.82,30,#,,,,#,,53.25,3880.35,N,N,N,N,2022
State,24,Maryland,Lyumjev Kwikpen U-100,Insulin Lispro-Aabc,90,453,936.9,478985.72,167,,353,781.3,375014.95,,131,1421.87,18296.83,N,N,N,N,2022
State,25,Massachusetts,Lyumjev Kwikpen U-100,Insulin Lispro-Aabc,102,361,629.9,283384.49,119,,258,474,185758.68,,85,479.5,13829.64,N,N,N,N,2022
State,26,Michigan,Lyumjev Kwikpen U-100,Insulin Lispro-Aabc,124,471,934.3,466054.58,187,,329,654.1,319408.65,,128,994.33,17101.87,N,N,N,N,2022
State,27,Minnesota,Lyumjev Kwikpen U-100,Insulin Lispro-Aabc,100,336,630.5,280091.58,119,,259,509.7,212938.75,,100,154.8,16478.83,N,N,N,N,2022
State,28,Mississippi,Lyumjev Kwikpen U-100,Insulin Lispro-Aabc,36,194,323.9,152514.38,69,,145,245.2,106942.47,,49,120.35,8022.96,N,N,N,N,2022
State,29,Missouri,Lyumjev Kwikpen U-100,Insulin Lispro-Aabc,85,534,921,537641.05,169,,383,689.3,371278.32,,121,471.37,19604.04,N,N,N,N,2022
State,30,Montana,Lyumjev Kwikpen U-100,Insulin Lispro-Aabc,11,37,82.2,39400.3,16,#,,,,#,,20,2046.54,N,N,N,N,2022
State,31,Nebraska,Lyumjev Kwikpen U-100,Insulin Lispro-Aabc,27,160,287.8,147801.61,56,,126,237.6,112700.42,,40,17.85,8324.92,N,N,N,N,2022
State,32,Nevada,Lyumjev Kwikpen U-100,Insulin Lispro-Aabc,56,243,516.2,239672.17,108,,199,435.7,188339.56,,91,401.26,11440.52,N,N,N,N,2022
State,33,New Hampshire,Lyumjev Kwikpen U-100,Insulin Lispro-Aabc,35,200,360.4,189334.61,61,,185,329.2,178895.5,#,,513.74,11024.06,N,N,N,N,2022
State,34,New Jersey,Lyumjev Kwikpen U-100,Insulin Lispro-Aabc,183,896,1957.9,854234.65,341,,734,1638.8,677689.61,,286,481.4,42198.59,N,N,N,N,2022
State,35,New Mexico,Lyumjev Kwikpen U-100,Insulin Lispro-Aabc,17,64,106.6,51416.23,22,,41,70.3,27848.28,#,,123.85,2895.87,N,N,N,N,2022
State,36,New York,Lyumjev Kwikpen U-100,Insulin Lispro-Aabc,279,1124,2086.6,996736.67,430,,869,1694.9,741832.36,,333,587.4,45803.46,N,N,N,N,2022
State,37,North Carolina,Lyumjev Kwikpen U-100,Insulin Lispro-Aabc,167,1047,1722.3,934729.84,337,,746,1271.1,634570.66,,249,1335.98,37752.72,N,N,N,N,2022
State,38,North Dakota,Lyumjev Kwikpen U-100,Insulin Lispro-Aabc,18,98,137.6,103853.89,17,,79,110.6,71788.99,#,,103.1,2604.92,N,N,N,N,2022
State,39,Ohio,Lyumjev Kwikpen U-100,Insulin Lispro-Aabc,207,875,1555.7,832248.52,297,,705,1292.5,658241.88,,233,859.54,42255.78,N,N,N,N,2022
State,40,Oklahoma,Lyumjev Kwikpen U-100,Insulin Lispro-Aabc,44,237,434.8,248097.27,96,,162,308.1,165509.31,,72,201.6,8893.44,N,N,N,N,2022
State,41,Oregon,Lyumjev Kwikpen U-100,Insulin Lispro-Aabc,91,333,680.8,343403.77,123,,245,531.1,260813.06,,95,769.62,18443.34,N,N,N,N,2022
State,42,Pennsylvania,Lyumjev Kwikpen U-100,Insulin Lispro-Aabc,304,1193,2225.8,998890.91,417,,860,1585.2,680309.34,,299,1829.14,43647.56,N,N,N,N,2022
State,44,Rhode Island,Lyumjev Kwikpen U-100,Insulin Lispro-Aabc,16,74,120.4,54559.33,22,,54,94.4,37767.35,#,,31.7,2068.07,N,N,N,N,2022
State,45,South Carolina,Lyumjev Kwikpen U-100,Insulin Lispro-Aabc,76,341,589.7,288965.24,117,,268,456.5,216997.34,,87,366.39,11316.33,N,N,N,N,2022
State,46,South Dakota,Lyumjev Kwikpen U-100,Insulin Lispro-Aabc,19,55,107.7,71906.86,23,,33,66.1,42983.9,#,,145.06,1408.51,N,N,N,N,2022
State,47,Tennessee,Lyumjev Kwikpen U-100,Insulin Lispro-Aabc,111,472,823.3,430692.37,177,,334,610.8,300862.91,,128,1518.04,17739.25,N,N,N,N,2022
State,48,Texas,Lyumjev Kwikpen U-100,Insulin Lispro-Aabc,423,2102,4117,2080271.63,818,,1615,3248,1561874.55,,641,4497.97,90244.84,N,N,N,N,2022
State,49,Utah,Lyumjev Kwikpen U-100,Insulin Lispro-Aabc,31,115,243.4,142970.13,42,,83,200.9,115912.07,#,,165.99,5727.68,N,N,N,N,2022
State,50,Vermont,Lyumjev Kwikpen U-100,Insulin Lispro-Aabc,6,20,41,36989.87,,*,,,,*,,19.7,420,N,N,N,N,2022
State,51,Virginia,Lyumjev Kwikpen U-100,Insulin Lispro-Aabc,130,537,1135.1,526444.79,220,,430,906.1,417975.49,,177,585.7,29516.03,N,N,N,N,2022
State,53,Washington,Lyumjev Kwikpen U-100,Insulin Lispro-Aabc,119,448,902.9,480726.1,156,,391,768.5,409583.73,,130,207.45,17486.81,N,N,N,N,2022
State,54,West Virginia,Lyumjev Kwikpen U-100,Insulin Lispro-Aabc,25,114,192.6,93887.47,39,,85,146.2,65144.29,#,,463.49,4073.12,N,N,N,N,2022
State,55,Wisconsin,Lyumjev Kwikpen U-100,Insulin Lispro-Aabc,85,373,662.5,377754.24,125,,255,482.9,267135.25,,97,132.65,17199.71,N,N,N,N,2022
State,72,Puerto Rico,Lyumjev Kwikpen U-100,Insulin Lispro-Aabc,11,22,41.2,15191.32,,,11,21.6,6005.47,*,,9.85,387.2,N,N,N,N,2022
State,9C,Armed Forces Pacific,Lyumjev Kwikpen U-100,Insulin Lispro-Aabc,1,16,35.7,19017.38,,#,,,,*,,59.1,371.5,N,N,N,N,2022
National,,National,Lyumjev Kwikpen U-200,Insulin Lispro-Aabc,812,3272,5566.8,5125226.39,1034,,2192,3877.4,3243135.84,,729,4549.71,140314.94,N,N,N,N,2022
State,01,Alabama,Lyumjev Kwikpen U-200,Insulin Lispro-Aabc,18,62,103.2,78741.36,23,,20,30.2,23172.52,*,,91.55,743,N,N,N,N,2022
State,04,Arizona,Lyumjev Kwikpen U-200,Insulin Lispro-Aabc,10,33,61.4,52806.09,14,#,,,,*,,0,2723.43,N,N,N,N,2022
State,05,Arkansas,Lyumjev Kwikpen U-200,Insulin Lispro-Aabc,4,20,25.1,26056.56,,,20,25.1,26056.56,*,,79.85,1074.14,N,N,N,N,2022
State,06,California,Lyumjev Kwikpen U-200,Insulin Lispro-Aabc,83,344,570.5,495864.43,94,,260,446.8,324451.37,,73,1134.71,14861.39,N,N,N,N,2022
State,08,Colorado,Lyumjev Kwikpen U-200,Insulin Lispro-Aabc,9,29,55.6,42916.39,,#,,,,*,,0,1264.69,N,N,N,N,2022
State,09,Connecticut,Lyumjev Kwikpen U-200,Insulin Lispro-Aabc,24,101,163.6,159715.46,31,,82,141,138454.88,#,,39.4,4406.45,N,N,N,N,2022
State,10,Delaware,Lyumjev Kwikpen U-200,Insulin Lispro-Aabc,6,23,40.3,60235.16,,*,,,,*,,9.85,1118.78,N,N,N,N,2022
State,12,Florida,Lyumjev Kwikpen U-200,Insulin Lispro-Aabc,72,252,435.6,328638.85,90,,205,357.5,275543.69,,73,57.25,12473.03,N,N,N,N,2022
State,13,Georgia,Lyumjev Kwikpen U-200,Insulin Lispro-Aabc,43,128,216.5,192219.74,50,,90,147.2,126783.56,,38,455.3,3305.9,N,N,N,N,2022
State,17,Illinois,Lyumjev Kwikpen U-200,Insulin Lispro-Aabc,21,77,119,107077.71,22,,50,85.7,69221.25,#,,39.7,2849.14,N,N,N,N,2022
State,18,Indiana,Lyumjev Kwikpen U-200,Insulin Lispro-Aabc,14,68,101.1,92734.88,15,,50,75.3,54559.21,#,,148,3610.87,N,N,N,N,2022
State,19,Iowa,Lyumjev Kwikpen U-200,Insulin Lispro-Aabc,6,21,45.5,50442.57,,*,,,,*,,9.85,1352.14,N,N,N,N,2022
State,20,Kansas,Lyumjev Kwikpen U-200,Insulin Lispro-Aabc,6,27,43.5,52011.87,,#,,,,*,,19.7,1366.24,N,N,N,N,2022
State,21,Kentucky,Lyumjev Kwikpen U-200,Insulin Lispro-Aabc,9,49,67.1,87190.15,15,,32,40.9,58577.11,#,,29.55,3505.51,N,N,N,N,2022
State,22,Louisiana,Lyumjev Kwikpen U-200,Insulin Lispro-Aabc,12,43,57.2,45388.29,12,,31,43.7,29529.01,*,,49.25,797.89,N,N,N,N,2022
State,24,Maryland,Lyumjev Kwikpen U-200,Insulin Lispro-Aabc,13,68,136.2,78956.68,24,,40,88,48719.17,#,,79.1,2336.51,N,N,N,N,2022
State,25,Massachusetts,Lyumjev Kwikpen U-200,Insulin Lispro-Aabc,12,26,40.2,41459.91,11,*,,,,*,,41.85,278,N,N,N,N,2022
State,26,Michigan,Lyumjev Kwikpen U-200,Insulin Lispro-Aabc,20,64,129.2,93616.6,20,,40,95.4,61418.57,#,,202,544,N,N,N,N,2022
State,27,Minnesota,Lyumjev Kwikpen U-200,Insulin Lispro-Aabc,8,21,39.6,50270.22,,#,,,,*,,21.85,373,N,N,N,N,2022
State,28,Mississippi,Lyumjev Kwikpen U-200,Insulin Lispro-Aabc,9,30,44.6,21123.56,,#,,,,*,,4,725.73,N,N,N,N,2022
State,29,Missouri,Lyumjev Kwikpen U-200,Insulin Lispro-Aabc,13,82,127.8,130725.18,22,,46,80.1,67266.4,#,,49.25,3542.98,N,N,N,N,2022
State,30,Montana,Lyumjev Kwikpen U-200,Insulin Lispro-Aabc,2,15,16.6,29808.31,,,15,16.6,29808.31,*,,19.7,828.52,N,N,N,N,2022
State,31,Nebraska,Lyumjev Kwikpen U-200,Insulin Lispro-Aabc,6,25,38.3,75014.7,,*,,,,*,,0,717.43,N,N,N,N,2022
State,32,Nevada,Lyumjev Kwikpen U-200,Insulin Lispro-Aabc,8,24,46.9,36165.82,,#,,,,*,,4,1314.34,N,N,N,N,2022
State,33,New Hampshire,Lyumjev Kwikpen U-200,Insulin Lispro-Aabc,11,80,102.9,99256.73,20,,26,38.3,28084.6,*,,195.15,1273.14,N,N,N,N,2022
State,34,New Jersey,Lyumjev Kwikpen U-200,Insulin Lispro-Aabc,38,219,444,286818.64,71,,162,341.7,208576.4,,55,248.78,9237.77,N,N,N,N,2022
State,35,New Mexico,Lyumjev Kwikpen U-200,Insulin Lispro-Aabc,4,13,16.6,24186.5,,*,,,,*,,29.55,417.97,N,N,N,N,2022
State,36,New York,Lyumjev Kwikpen U-200,Insulin Lispro-Aabc,47,272,497.2,468757.58,90,,173,334.7,267912.2,,65,494.27,13712.06,N,N,N,N,2022
State,37,North Carolina,Lyumjev Kwikpen U-200,Insulin Lispro-Aabc,33,169,258.8,253046.02,51,,106,177.4,157258.8,,35,236.95,7333.4,N,N,N,N,2022
State,39,Ohio,Lyumjev Kwikpen U-200,Insulin Lispro-Aabc,27,89,148.8,181105.6,32,,53,83.8,84416.29,,21,84.95,4133.29,N,N,N,N,2022
State,40,Oklahoma,Lyumjev Kwikpen U-200,Insulin Lispro-Aabc,7,19,48.9,51514.67,,#,,,,*,,39.4,1071.28,N,N,N,N,2022
State,41,Oregon,Lyumjev Kwikpen U-200,Insulin Lispro-Aabc,12,38,79.7,105533.54,11,,18,44.5,44443.57,*,,49.25,719.17,N,N,N,N,2022
State,42,Pennsylvania,Lyumjev Kwikpen U-200,Insulin Lispro-Aabc,24,95,148.3,119928,26,,47,78.1,51741.11,,15,35.7,4235.01,N,N,N,N,2022
State,44,Rhode Island,Lyumjev Kwikpen U-200,Insulin Lispro-Aabc,4,40,70.7,80081.8,13,,23,35.4,56197.04,*,,145,1029.58,N,N,N,N,2022
State,45,South Carolina,Lyumjev Kwikpen U-200,Insulin Lispro-Aabc,16,50,82.6,63559.36,20,,34,56.1,38697.38,#,,19.7,1858.84,N,N,N,N,2022
State,47,Tennessee,Lyumjev Kwikpen U-200,Insulin Lispro-Aabc,19,55,96.3,95378.39,22,,18,47.8,37943.57,*,,9.85,1606.51,N,N,N,N,2022
State,48,Texas,Lyumjev Kwikpen U-200,Insulin Lispro-Aabc,78,268,495.8,494693.22,100,,190,359.2,377465.75,,67,285.9,14971.18,N,N,N,N,2022
State,49,Utah,Lyumjev Kwikpen U-200,Insulin Lispro-Aabc,7,33,38.8,50469.63,,,33,38.8,50469.63,*,,0,2648.5,N,N,N,N,2022
State,51,Virginia,Lyumjev Kwikpen U-200,Insulin Lispro-Aabc,16,65,105.8,103097.01,19,,48,81.8,67632.53,#,,23.7,4372.46,N,N,N,N,2022
State,53,Washington,Lyumjev Kwikpen U-200,Insulin Lispro-Aabc,13,50,76.5,60049.65,14,,38,61.2,47510.79,*,,4,2502.69,N,N,N,N,2022
State,55,Wisconsin,Lyumjev Kwikpen U-200,Insulin Lispro-Aabc,8,21,38.2,41599.4,,#,,,,*,,8,1241.82,N,N,N,N,2022
National,,National,Novolog,Insulin Aspart,76787,633697,936827.1,522717663.38,155024,,449505,665116.5,347068367.53,,111085,1190050.25,15920739.79,N,N,N,N,2022
State,01,Alabama,Novolog,Insulin Aspart,1116,13210,17754.5,9505076.37,3234,,9105,11746.3,5727676.93,,2188,34187.7,274252.26,N,N,N,N,2022
State,02,Alaska,Novolog,Insulin Aspart,84,371,660.4,410640.97,110,,258,471.5,262743.69,,78,596.75,12350.24,N,N,N,N,2022
State,04,Arizona,Novolog,Insulin Aspart,1837,11003,17899.5,9526585,3240,,7779,12983.5,6660702.08,,2332,23515.92,314153.27,N,N,N,N,2022
State,05,Arkansas,Novolog,Insulin Aspart,1111,12521,14896.3,7788182.35,2707,,8357,9647.3,4369941.96,,1798,26535.38,200857.99,N,N,N,N,2022
State,06,California,Novolog,Insulin Aspart,6417,48884,69037.4,33270488.89,11465,,36034,50838.5,23011597.68,,8500,76725.93,647891.32,N,N,N,N,2022
State,08,Colorado,Novolog,Insulin Aspart,890,5017,7957.8,4299734.75,1395,,3490,5575.5,2814158.73,,984,10992.74,144680.06,N,N,N,N,2022
State,09,Connecticut,Novolog,Insulin Aspart,707,4868,7756.3,4267359.05,1348,,3580,5791.7,3089847.22,,1019,7624.85,135609.04,N,N,N,N,2022
State,10,Delaware,Novolog,Insulin Aspart,163,1244,2135.2,1216576.58,354,,897,1627.5,930354.48,,261,5732.69,44942.91,N,N,N,N,2022
State,11,District of Columbia,Novolog,Insulin Aspart,130,833,1206,600246.28,232,,604,842.6,349031.56,,162,1527.56,10928.48,N,N,N,N,2022
State,12,Florida,Novolog,Insulin Aspart,6759,58109,93423.8,50664551.21,15448,,43848,70086.7,35904763.75,,11600,75943.01,948148.47,N,N,N,N,2022
State,13,Georgia,Novolog,Insulin Aspart,2892,24918,37566.3,20427539.15,6489,,17638,26256.6,13476662.97,,4499,67211.99,630555.42,N,N,N,N,2022
State,15,Hawaii,Novolog,Insulin Aspart,110,531,918.3,439991.7,140,,435,751.6,344162.42,,112,614.05,19913.3,N,N,N,N,2022
State,16,Idaho,Novolog,Insulin Aspart,394,2553,4008.8,2433562.78,656,,1697,2666.7,1483811.02,,449,6773.15,113529.8,N,N,N,N,2022
State,17,Illinois,Novolog,Insulin Aspart,3185,27279,38788.7,21039688.24,6586,,18948,27039,13610850.69,,4668,38619.63,631293.42,N,N,N,N,2022
State,18,Indiana,Novolog,Insulin Aspart,1543,13351,19657.6,11914630.8,3424,,9400,13757.6,7828269.33,,2425,19595.86,358882.92,N,N,N,N,2022
State,19,Iowa,Novolog,Insulin Aspart,1124,11519,14656.6,7846543.42,2208,,9029,11442.2,5677309.91,,1700,18771.52,425681.17,N,N,N,N,2022
State,20,Kansas,Novolog,Insulin Aspart,777,6821,9300.8,5463980.18,1530,,4953,6736.9,3608948.35,,1090,13349.51,230918.99,N,N,N,N,2022
State,21,Kentucky,Novolog,Insulin Aspart,1408,13108,18396.3,12094867.62,3309,,8169,11569.1,6860991.76,,2142,35693.7,297035.78,N,N,N,N,2022
State,22,Louisiana,Novolog,Insulin Aspart,1326,11577,15988.6,9140060.14,2936,,7754,10710.5,5833443.8,,1983,25093.92,250819.85,N,N,N,N,2022
State,23,Maine,Novolog,Insulin Aspart,542,3936,6032.6,3402219.89,952,,2923,4385.2,2228581.75,,703,5575.39,67869.13,N,N,N,N,2022
State,24,Maryland,Novolog,Insulin Aspart,1195,7941,13613,7728298.76,2394,,5604,9791.8,5368984.2,,1699,21294.04,241446.31,N,N,N,N,2022
State,25,Massachusetts,Novolog,Insulin Aspart,1940,18184,27911.5,15770374.51,4247,,12364,19004.4,9913431.07,,2968,25557.79,366670.76,N,N,N,N,2022
State,26,Michigan,Novolog,Insulin Aspart,3667,28404,43831.2,23603124.23,7543,,18106,28477.4,14417558.6,,4936,55965.86,761191.62,N,N,N,N,2022
State,27,Minnesota,Novolog,Insulin Aspart,1223,7865,12879.3,7535046.91,1990,,5756,9699.8,5255593.88,,1507,15320.16,367846.21,N,N,N,N,2022
State,28,Mississippi,Novolog,Insulin Aspart,1166,13762,17388.6,8904885.22,3238,,9665,12014.4,5601255.29,,2244,23899.91,207471.21,N,N,N,N,2022
State,29,Missouri,Novolog,Insulin Aspart,1444,14232,19219.7,10809308.16,3383,,9304,12751.2,6646239.13,,2315,20324.56,382346.25,N,N,N,N,2022
State,30,Montana,Novolog,Insulin Aspart,302,2167,3494.1,1996665.43,545,,1490,2487.2,1323702.47,,390,4866.5,85133.12,N,N,N,N,2022
State,31,Nebraska,Novolog,Insulin Aspart,603,5073,6852.8,3973387.58,1102,,3871,5256.1,2820537.29,,858,9597.09,205159.29,N,N,N,N,2022
State,32,Nevada,Novolog,Insulin Aspart,478,2710,4801.2,2751232.25,839,,1939,3453.8,1923988.48,,604,5977.27,76347.38,N,N,N,N,2022
State,33,New Hampshire,Novolog,Insulin Aspart,314,2297,3556,1962427.99,586,,1550,2388.5,1183595.78,,403,3267.58,76162.61,N,N,N,N,2022
State,34,New Jersey,Novolog,Insulin Aspart,1426,11914,17534.3,8951979.27,2872,,9211,13665.3,6819542.32,,2226,20073.2,293123.51,N,N,N,N,2022
State,35,New Mexico,Novolog,Insulin Aspart,520,3678,5525.1,3193528.32,924,,2591,3924.9,2086041.32,,645,11154.08,89003.29,N,N,N,N,2022
State,36,New York,Novolog,Insulin Aspart,3525,27461,42593.9,26749364.39,6915,,20022,31242.1,18261084.67,,5117,45553.17,686806.24,N,N,N,N,2022
State,37,North Carolina,Novolog,Insulin Aspart,2461,20374,30140.5,18532226.21,5209,,13514,19890.7,11435138.3,,3523,47613.18,626828.83,N,N,N,N,2022
State,38,North Dakota,Novolog,Insulin Aspart,261,1920,2663.6,1537323.5,412,,1586,2190.2,1201238.02,,330,2009.15,82245.04,N,N,N,N,2022
State,39,Ohio,Novolog,Insulin Aspart,2720,26387,35789,19189287.75,6424,,17729,24368.8,12278682.98,,4490,41833.8,640217.99,N,N,N,N,2022
State,40,Oklahoma,Novolog,Insulin Aspart,1065,9913,13012.6,7128244.3,2351,,6914,8976.1,4578795.02,,1640,14124.32,237037.07,N,N,N,N,2022
State,41,Oregon,Novolog,Insulin Aspart,951,5909,8758,4598884.41,1495,,3953,5906.2,2898354.58,,1017,10980.99,161420.21,N,N,N,N,2022
State,42,Pennsylvania,Novolog,Insulin Aspart,3481,36772,54430.2,30433722.58,8412,,27864,40704,21275285.08,,6325,60213.05,1032578.51,N,N,N,N,2022
State,44,Rhode Island,Novolog,Insulin Aspart,212,1593,2274.5,1149679.74,413,,1095,1544,731201.93,,284,3504.83,32497.54,N,N,N,N,2022
State,45,South Carolina,Novolog,Insulin Aspart,1113,7445,11524.9,6571176.43,1993,,5273,8048.4,4286784.82,,1362,15962.99,270016.82,N,N,N,N,2022
State,46,South Dakota,Novolog,Insulin Aspart,259,2654,3878,2389971.2,585,,1978,2907.5,1692865.99,,439,5301.34,113370.7,N,N,N,N,2022
State,47,Tennessee,Novolog,Insulin Aspart,2421,19639,30440.3,19278426.32,5354,,13057,20346.9,12059766.9,,3629,55863.18,603652.79,N,N,N,N,2022
State,48,Texas,Novolog,Insulin Aspart,5106,38007,57873,32488981.54,10567,,28574,43596.6,23705229.45,,7871,84592.62,1202151.08,N,N,N,N,2022
State,49,Utah,Novolog,Insulin Aspart,563,3881,5880.5,3567979.15,996,,2519,3986.5,2327883.77,,701,6531.04,137731.69,N,N,N,N,2022
State,50,Vermont,Novolog,Insulin Aspart,124,812,1296.7,889779.37,224,,531,850.5,521956.5,,152,1017.58,22805.71,N,N,N,N,2022
State,51,Virginia,Novolog,Insulin Aspart,1699,13055,19735.6,11431507.73,3451,,8703,13034.2,6947507.67,,2306,33774.14,362373.72,N,N,N,N,2022
State,53,Washington,Novolog,Insulin Aspart,1522,8689,13753.8,7893248.5,2317,,5908,9581,5160776.1,,1600,25180.14,312756.71,N,N,N,N,2022
State,54,West Virginia,Novolog,Insulin Aspart,687,6311,9213,5652632.08,1599,,4336,6153.3,3383509.95,,1121,11579.32,136635.22,N,N,N,N,2022
State,55,Wisconsin,Novolog,Insulin Aspart,1160,8646,13050.2,7321714.01,2045,,6449,9690.7,4883057.03,,1528,10139.29,295367.48,N,N,N,N,2022
State,56,Wyoming,Novolog,Insulin Aspart,141,976,1326,740583.58,220,,712,994.2,478982.62,,165,1224.98,30837.63,N,N,N,N,2022
State,66,Guam,Novolog,Insulin Aspart,4,19,20.5,7923.81,11,#,,,,*,,24,247.57,N,N,N,N,2022
State,72,Puerto Rico,Novolog,Insulin Aspart,510,3307,4436.3,2172081.15,698,,2388,3173.8,1470130.95,,505,1002,18168.8,N,N,N,N,2022
State,9B,Armed Forces Europe,Novolog,Insulin Aspart,3,15,15.6,11752.51,,*,,,,*,,24,140,N,N,N,N,2022
State,9C,Armed Forces Pacific,Novolog,Insulin Aspart,1,20,56,42182.42,,#,,,,*,,9.85,2237.56,N,N,N,N,2022
National,,National,Novolog Flexpen,Insulin Aspart,187445,2087781,3513703.7,1839242551.1,567170,,1511793,2594891.6,1295250082.6,,417068,4293105.87,61078097.21,N,N,N,N,2022
State,01,Alabama,Novolog Flexpen,Insulin Aspart,2610,26088,45488.3,25269209.46,8128,,16482,29046.2,15409545.89,,5180,87285.23,765721.3,N,N,N,N,2022
State,02,Alaska,Novolog Flexpen,Insulin Aspart,340,2283,4100.1,2055418.68,679,,1519,2901.8,1361869.49,,475,4344.42,42439.48,N,N,N,N,2022
State,04,Arizona,Novolog Flexpen,Insulin Aspart,3357,26287,48160.1,24811829.26,8585,,19345,36668.2,18117448.43,,6471,54377.1,975215.69,N,N,N,N,2022
State,05,Arkansas,Novolog Flexpen,Insulin Aspart,1921,20170,31406.3,19125261.25,5783,,12729,20181.5,11697369.87,,3620,59459.89,614456.82,N,N,N,N,2022
State,06,California,Novolog Flexpen,Insulin Aspart,14763,156939,261067.4,118013594.19,41496,,116278,196421.8,84499819.8,,31131,283928.57,2095913.05,N,N,N,N,2022
State,08,Colorado,Novolog Flexpen,Insulin Aspart,2215,14696,26387.7,13344942.07,4591,,10409,18973.5,9175482.19,,3251,31923.62,457490.85,N,N,N,N,2022
State,09,Connecticut,Novolog Flexpen,Insulin Aspart,2017,20133,37331,18646283.65,5917,,14585,27951.5,13116134.67,,4407,43862.33,591998.97,N,N,N,N,2022
State,10,Delaware,Novolog Flexpen,Insulin Aspart,618,7113,13476.4,7413792.97,2222,,5193,10292.3,5525676.18,,1671,14885.16,275151.73,N,N,N,N,2022
State,11,District of Columbia,Novolog Flexpen,Insulin Aspart,472,3039,5610.7,2597960.11,1046,,1929,3661.5,1565233.27,,681,8654.74,60138.21,N,N,N,N,2022
State,12,Florida,Novolog Flexpen,Insulin Aspart,12553,144399,243408.5,118006301.87,40741,,109005,184534.7,85483244.13,,30852,272278.9,3071016.39,N,N,N,N,2022
State,13,Georgia,Novolog Flexpen,Insulin Aspart,5236,68255,115130.2,58951067.28,19530,,49211,83395.1,40981607.56,,14035,193037.22,1951159.72,N,N,N,N,2022
State,15,Hawaii,Novolog Flexpen,Insulin Aspart,540,5042,10461.4,4896985.84,1552,,4200,8938.3,3957941.77,,1278,9988.03,203428.8,N,N,N,N,2022
State,16,Idaho,Novolog Flexpen,Insulin Aspart,1003,9028,14365,7607471.34,2612,,6373,10389.6,5320341.75,,1886,18091.83,324670.26,N,N,N,N,2022
State,17,Illinois,Novolog Flexpen,Insulin Aspart,7314,82228,141376.6,78950928.42,23186,,58985,104340.6,55523881.38,,17025,147599.37,2634850.19,N,N,N,N,2022
State,18,Indiana,Novolog Flexpen,Insulin Aspart,4068,53487,91396.3,55283413.52,15120,,38116,66579.3,38370395.9,,11055,87875.75,1818361.7,N,N,N,N,2022
State,19,Iowa,Novolog Flexpen,Insulin Aspart,2343,35229,53620.8,30552872.9,8304,,28217,43718.8,23897642.09,,6629,58021.42,1880389.11,N,N,N,N,2022
State,20,Kansas,Novolog Flexpen,Insulin Aspart,2174,33033,51550.5,30583238.87,8090,,24466,38694.3,21667186.52,,5960,57570.05,1277940.39,N,N,N,N,2022
State,21,Kentucky,Novolog Flexpen,Insulin Aspart,3314,41593,65870.6,39228972.75,11829,,27690,44773.7,25150889.24,,7907,115079.61,1080837.12,N,N,N,N,2022
State,22,Louisiana,Novolog Flexpen,Insulin Aspart,2865,32798,54288.4,26852083.22,9765,,22308,37111,17711882.67,,6677,83077.65,740714.23,N,N,N,N,2022
State,23,Maine,Novolog Flexpen,Insulin Aspart,1129,8886,16243.7,9357797.48,2720,,6382,11749.5,6332911.91,,1959,17279.04,198284.24,N,N,N,N,2022
State,24,Maryland,Novolog Flexpen,Insulin Aspart,3347,31856,58762.7,28198099.32,9945,,23494,44260.8,20408170.74,,7402,80583.39,1025083.64,N,N,N,N,2022
State,25,Massachusetts,Novolog Flexpen,Insulin Aspart,4234,47465,82132.2,42682543.34,12923,,31696,57191.9,28458303.45,,9038,81047.41,1142665.95,N,N,N,N,2022
State,26,Michigan,Novolog Flexpen,Insulin Aspart,8033,88616,159249.7,81536548.6,26333,,61100,113894.4,55819985.02,,18709,161106.53,3038992.64,N,N,N,N,2022
State,27,Minnesota,Novolog Flexpen,Insulin Aspart,4624,48879,82104.8,44385963.39,13043,,35873,62312.9,32024799.29,,9808,90213.8,2082037.21,N,N,N,N,2022
State,28,Mississippi,Novolog Flexpen,Insulin Aspart,1948,25717,41906.5,23676174.06,7619,,16220,26757.4,14377398.51,,4850,74749.32,678708.23,N,N,N,N,2022
State,29,Missouri,Novolog Flexpen,Insulin Aspart,4110,53567,83083.6,45550433.02,14487,,36014,57145,29523647.71,,9927,97656.61,1571966.93,N,N,N,N,2022
State,30,Montana,Novolog Flexpen,Insulin Aspart,763,7542,12713.3,6906504.25,2126,,5613,9611.8,5016289.24,,1577,17960.74,273034.06,N,N,N,N,2022
State,31,Nebraska,Novolog Flexpen,Insulin Aspart,1393,17128,26188.3,13562855.76,4317,,13578,21040.8,10735818.76,,3420,24132.23,777856.92,N,N,N,N,2022
State,32,Nevada,Novolog Flexpen,Insulin Aspart,1349,11393,20408.5,10097959.2,3585,,8452,15435.7,7427470.24,,2679,28050.36,368334.76,N,N,N,N,2022
State,33,New Hampshire,Novolog Flexpen,Insulin Aspart,760,6644,11164,6659105.57,2018,,4472,7737.5,4387943.24,,1397,19195.89,218906.73,N,N,N,N,2022
State,34,New Jersey,Novolog Flexpen,Insulin Aspart,3839,45419,79387.3,38934548.71,12244,,35410,63574.9,29946592.04,,9732,85011.28,1534144.65,N,N,N,N,2022
State,35,New Mexico,Novolog Flexpen,Insulin Aspart,1288,11281,18778,9393129.91,3426,,7427,12777.8,6091563.68,,2307,34466.03,252217.54,N,N,N,N,2022
State,36,New York,Novolog Flexpen,Insulin Aspart,14187,168232,284640.6,139264027.76,43141,,129415,223461.6,105025299.21,,33584,274136.93,3160984.16,N,N,N,N,2022
State,37,North Carolina,Novolog Flexpen,Insulin Aspart,6836,76528,123586.6,65342653.13,21827,,52806,86190.4,43219450.69,,15220,197910.79,2117054.3,N,N,N,N,2022
State,38,North Dakota,Novolog Flexpen,Insulin Aspart,734,12723,20395.8,11703776.65,3043,,9924,16282.5,8903934.49,,2413,22072.91,656133.46,N,N,N,N,2022
State,39,Ohio,Novolog Flexpen,Insulin Aspart,7658,91756,143109,75503330.09,25216,,62977,101026.3,51042140.93,,17868,161138.37,2749415.69,N,N,N,N,2022
State,40,Oklahoma,Novolog Flexpen,Insulin Aspart,2483,32659,49483.4,28029248.46,8945,,22708,34790,18626061.91,,6209,66294.54,1075723.9,N,N,N,N,2022
State,41,Oregon,Novolog Flexpen,Insulin Aspart,2197,15822,25729.9,13140535,4607,,11092,18518.5,9072729.03,,3290,39079,449608.27,N,N,N,N,2022
State,42,Pennsylvania,Novolog Flexpen,Insulin Aspart,9949,132022,225911.3,116005769.12,35464,,100479,174920.1,86292836.88,,27176,230044.91,4407438.17,N,N,N,N,2022
State,44,Rhode Island,Novolog Flexpen,Insulin Aspart,568,4386,7412.1,3532217.39,1279,,3037,5242.6,2458327.75,,903,6023.34,118566.1,N,N,N,N,2022
State,45,South Carolina,Novolog Flexpen,Insulin Aspart,3383,36113,61610.1,31750839.18,10950,,24315,41862.8,20332794.57,,7430,102432.2,1094546.04,N,N,N,N,2022
State,46,South Dakota,Novolog Flexpen,Insulin Aspart,705,10252,15640.1,9246438.72,2687,,7895,12277.2,6906976.47,,2090,17627.86,468524.61,N,N,N,N,2022
State,47,Tennessee,Novolog Flexpen,Insulin Aspart,4321,46985,79792.1,47300221.16,14446,,34384,59531.8,33677295.58,,10671,122930.12,1749241.29,N,N,N,N,2022
State,48,Texas,Novolog Flexpen,Insulin Aspart,11727,113931,201346.7,106639618.98,35378,,84566,151476.3,77560376.29,,26499,279583.66,3869268.85,N,N,N,N,2022
State,49,Utah,Novolog Flexpen,Insulin Aspart,1209,9650,16342,9905669.44,3076,,7207,12599,7250640.58,,2351,13115.68,436272.63,N,N,N,N,2022
State,50,Vermont,Novolog Flexpen,Insulin Aspart,496,4111,7162.2,4188462.15,1207,,2890,5109.1,2733290.09,,840,8048.59,132228.54,N,N,N,N,2022
State,51,Virginia,Novolog Flexpen,Insulin Aspart,4109,41866,71611.6,37149534.98,12136,,29744,51709.1,25193492.42,,8684,112328.18,1254662.99,N,N,N,N,2022
State,53,Washington,Novolog Flexpen,Insulin Aspart,3918,28650,48556.9,26031010.46,8450,,20920,36472.1,18846634.36,,6270,65049.42,996378.88,N,N,N,N,2022
State,54,West Virginia,Novolog Flexpen,Insulin Aspart,1757,24939,41591.7,23630121.74,7495,,17113,28737.1,15358800.67,,5187,64243.72,541969.34,N,N,N,N,2022
State,55,Wisconsin,Novolog Flexpen,Insulin Aspart,3947,45937,75286,43877434.68,12285,,33815,56654.3,30878956.17,,9155,60109.16,1636848.43,N,N,N,N,2022
State,56,Wyoming,Novolog Flexpen,Insulin Aspart,339,2681,4225.7,2046206.76,783,,2063,3283.9,1525056.2,,607,4964.02,104274.13,N,N,N,N,2022
State,66,Guam,Novolog Flexpen,Insulin Aspart,7,102,130,39975.17,40,,74,102,33430.8,,28,235.37,1141,N,N,N,N,2022
State,72,Puerto Rico,Novolog Flexpen,Insulin Aspart,341,1892,2904.3,1443686.71,520,,1351,2115.5,980229.82,,375,2509.53,21254.15,N,N,N,N,2022
State,78,Virgin Islands,Novolog Flexpen,Insulin Aspart,12,47,72.1,38277.71,13,#,,,,#,,76.95,3607.08,N,N,N,N,2022
State,9B,Armed Forces Europe,Novolog Flexpen,Insulin Aspart,3,73,126.1,78254,27,#,,,,#,,57.55,2375.9,N,N,N,N,2022
State,9C,Armed Forces Pacific,Novolog Flexpen,Insulin Aspart,7,92,203.8,132800.98,45,,64,132.3,91438.45,,30,165.9,2120.45,N,N,N,N,2022
State,9D,Unknown,Novolog Flexpen,Insulin Aspart,4,79,184.9,82275.83,25,#,,,,#,,104.95,4226.34,N,N,N,N,2022
State,9E,Foreign Country,Novolog Flexpen,Insulin Aspart,6,17,22.9,5077.22,,#,,,,*,,24.7,105,N,N,N,N,2022
National,,National,Novolog Penfill,Insulin Aspart,4163,12338,23340.5,11975443.44,4753,,7925,15798.3,7632706.51,,3155,20191.87,510477.36,N,N,N,N,2022
State,01,Alabama,Novolog Penfill,Insulin Aspart,49,132,238.2,123431.02,54,,60,103.6,46222.46,,27,318.65,3971.68,N,N,N,N,2022
State,02,Alaska,Novolog Penfill,Insulin Aspart,10,24,43.6,19047.5,12,#,,,,*,,13.85,810.2,N,N,N,N,2022
State,04,Arizona,Novolog Penfill,Insulin Aspart,84,189,392.4,201122.81,91,,139,293.7,151018.36,,63,247,10312.11,N,N,N,N,2022
State,05,Arkansas,Novolog Penfill,Insulin Aspart,48,131,233,135573.75,58,,79,142.5,76912.7,,38,229.3,4802.5,N,N,N,N,2022
State,06,California,Novolog Penfill,Insulin Aspart,349,1012,1941.6,881217.01,400,,697,1453.1,641772.61,,285,1184.02,29261.95,N,N,N,N,2022
State,08,Colorado,Novolog Penfill,Insulin Aspart,70,282,576.9,259683.01,102,,173,373.7,158666.33,,69,316.4,12999.29,N,N,N,N,2022
State,09,Connecticut,Novolog Penfill,Insulin Aspart,61,177,338.6,144346.24,60,,132,270.1,113695.64,,48,379.2,5619.68,N,N,N,N,2022
State,10,Delaware,Novolog Penfill,Insulin Aspart,15,37,86.6,52937.38,19,#,,,,#,,39.7,3605.46,N,N,N,N,2022
State,11,District of Columbia,Novolog Penfill,Insulin Aspart,9,17,34,18338.3,,*,,,,*,,37.55,411.23,N,N,N,N,2022
State,12,Florida,Novolog Penfill,Insulin Aspart,247,639,1263.2,581330.99,282,,423,864.4,398688.9,,196,836.15,22330.85,N,N,N,N,2022
State,13,Georgia,Novolog Penfill,Insulin Aspart,102,267,505.3,284538.67,120,,163,338.6,179677.82,,76,696.45,9658.14,N,N,N,N,2022
State,15,Hawaii,Novolog Penfill,Insulin Aspart,17,37,81.8,27172.22,19,#,,,,#,,13.85,1518.35,N,N,N,N,2022
State,16,Idaho,Novolog Penfill,Insulin Aspart,23,72,112.3,78856.95,26,,32,50.8,26554.3,,15,41.55,3012.78,N,N,N,N,2022
State,17,Illinois,Novolog Penfill,Insulin Aspart,163,426,775,426234.83,178,,285,537.7,288609.63,,119,1364.74,20921.9,N,N,N,N,2022
State,18,Indiana,Novolog Penfill,Insulin Aspart,65,162,310.5,162612.96,71,,113,212.6,102374.59,,44,646.79,5409.77,N,N,N,N,2022
State,19,Iowa,Novolog Penfill,Insulin Aspart,63,167,307.3,162658.63,65,,126,242.4,116520.95,,48,196.2,10839.04,N,N,N,N,2022
State,20,Kansas,Novolog Penfill,Insulin Aspart,42,179,323.5,180794.52,53,,124,231.9,114680.53,,36,168.35,10830.52,N,N,N,N,2022
State,21,Kentucky,Novolog Penfill,Insulin Aspart,62,185,358,194954.78,77,,86,181,88654.58,,40,284.4,5248.35,N,N,N,N,2022
State,22,Louisiana,Novolog Penfill,Insulin Aspart,58,229,427.4,269443.41,89,,118,231.7,157880.92,,45,773.5,6563.71,N,N,N,N,2022
State,23,Maine,Novolog Penfill,Insulin Aspart,31,86,156.9,103067.79,29,,55,98.9,63814.35,,17,73.25,2989.87,N,N,N,N,2022
State,24,Maryland,Novolog Penfill,Insulin Aspart,78,201,359.1,137021.11,87,,135,236.6,89279.98,,57,288.7,6240.33,N,N,N,N,2022
State,25,Massachusetts,Novolog Penfill,Insulin Aspart,122,389,768.8,335495.48,141,,225,467.3,186892.78,,88,483.9,14488.48,N,N,N,N,2022
State,26,Michigan,Novolog Penfill,Insulin Aspart,172,471,986.6,469001.69,199,,292,643.7,300728.73,,126,749.4,22660.89,N,N,N,N,2022
State,27,Minnesota,Novolog Penfill,Insulin Aspart,179,666,1269,623322.82,225,,395,821,369907.59,,138,1122.85,28537.68,N,N,N,N,2022
State,28,Mississippi,Novolog Penfill,Insulin Aspart,34,79,132.9,74336.81,34,,50,73.3,36996.07,,21,136.79,1727.2,N,N,N,N,2022
State,29,Missouri,Novolog Penfill,Insulin Aspart,94,272,442.2,309042.99,99,,150,267,152192.79,,60,509.12,9640.84,N,N,N,N,2022
State,30,Montana,Novolog Penfill,Insulin Aspart,22,101,182,97479.83,32,,66,117.4,61454,,20,140.35,5690.36,N,N,N,N,2022
State,31,Nebraska,Novolog Penfill,Insulin Aspart,27,89,166.5,84093.05,29,,70,134.5,58391.23,#,,49.7,6673.12,N,N,N,N,2022
State,32,Nevada,Novolog Penfill,Insulin Aspart,43,103,237.8,100563.79,45,,90,208.2,86549.03,#,,126.5,7797.73,N,N,N,N,2022
State,33,New Hampshire,Novolog Penfill,Insulin Aspart,30,106,197.9,84767.23,36,,68,136.1,60606.69,#,,103.1,4863.21,N,N,N,N,2022
State,34,New Jersey,Novolog Penfill,Insulin Aspart,71,182,368.6,153083.36,74,,132,286.1,111432.69,,56,679.67,7975.13,N,N,N,N,2022
State,35,New Mexico,Novolog Penfill,Insulin Aspart,32,102,202.1,113516.56,38,,72,146.8,82812.41,,25,87.1,6675.15,N,N,N,N,2022
State,36,New York,Novolog Penfill,Insulin Aspart,262,816,1496.2,762907.81,331,,574,1050.3,493975.9,,235,850.5,23891.93,N,N,N,N,2022
State,37,North Carolina,Novolog Penfill,Insulin Aspart,109,357,614.2,376490.8,138,,231,413,247567.88,,89,1491.61,13059.43,N,N,N,N,2022
State,38,North Dakota,Novolog Penfill,Insulin Aspart,22,77,154.2,75216.49,25,,56,132.2,59716.79,#,,205.3,4144.56,N,N,N,N,2022
State,39,Ohio,Novolog Penfill,Insulin Aspart,172,477,863,435861.73,184,,287,559.5,264053.48,,108,581.85,18085.41,N,N,N,N,2022
State,40,Oklahoma,Novolog Penfill,Insulin Aspart,37,111,208.3,134042.96,41,,52,93.1,37676.27,,20,275.62,2462,N,N,N,N,2022
State,41,Oregon,Novolog Penfill,Insulin Aspart,72,219,402.8,200227.64,81,,124,244.2,95922.8,,48,395.65,13929.58,N,N,N,N,2022
State,42,Pennsylvania,Novolog Penfill,Insulin Aspart,199,711,1272.6,628474.27,242,,423,789.2,359225.15,,155,1027.45,30022.91,N,N,N,N,2022
State,44,Rhode Island,Novolog Penfill,Insulin Aspart,6,20,41.2,19336.81,,#,,,,*,,0,1192.66,N,N,N,N,2022
State,45,South Carolina,Novolog Penfill,Insulin Aspart,50,110,213.4,101835.15,54,,60,113.2,54088.86,,31,257.8,2979.14,N,N,N,N,2022
State,46,South Dakota,Novolog Penfill,Insulin Aspart,16,79,110.8,56374.08,18,,24,41.7,19241.96,*,,40,2367.95,N,N,N,N,2022
State,47,Tennessee,Novolog Penfill,Insulin Aspart,98,274,499,266474.44,109,,162,324.9,158253.48,,72,458.8,9405.43,N,N,N,N,2022
State,48,Texas,Novolog Penfill,Insulin Aspart,220,601,1133.6,659269.61,263,,456,899.1,492638.09,,202,861.15,30504.61,N,N,N,N,2022
State,49,Utah,Novolog Penfill,Insulin Aspart,25,71,129.8,85205.03,28,,59,112.3,77223.26,#,,57.55,5407.96,N,N,N,N,2022
State,50,Vermont,Novolog Penfill,Insulin Aspart,23,67,145.5,80087.23,25,,49,108.2,58087.55,#,,19,5518.28,N,N,N,N,2022
State,51,Virginia,Novolog Penfill,Insulin Aspart,89,233,482.4,257451.04,94,,160,360.9,183071.25,,67,293,11880.75,N,N,N,N,2022
State,53,Washington,Novolog Penfill,Insulin Aspart,137,441,882.4,484048.05,156,,269,566,302797.31,,102,621.76,24099.2,N,N,N,N,2022
State,54,West Virginia,Novolog Penfill,Insulin Aspart,24,60,104.8,56305.32,29,,24,50.5,21983.71,,15,118.5,1443.93,N,N,N,N,2022
State,55,Wisconsin,Novolog Penfill,Insulin Aspart,123,386,745.9,395381.63,138,,255,539.7,269414.32,,95,258.85,15767.95,N,N,N,N,2022
State,56,Wyoming,Novolog Penfill,Insulin Aspart,5,11,11.9,5649.56,,*,,,,*,,39.4,166.18,N,N,N,N,2022
National,,National,Insulin Aspart,Insulin Aspart,16771,60977,73829.6,17123347.87,25200,,45991,55510.5,12178852.12,,18874,98858.99,1100919.26,N,N,N,N,2022
State,01,Alabama,Insulin Aspart,Insulin Aspart,220,854,1037.4,280693.28,376,,646,768,198746.6,,275,1755.26,31882.4,N,N,N,N,2022
State,02,Alaska,Insulin Aspart,Insulin Aspart,21,52,107.7,24786.08,22,#,,,,#,,83.1,173.82,N,N,N,N,2022
State,04,Arizona,Insulin Aspart,Insulin Aspart,298,648,817.8,192653.65,386,,444,568.2,117398.8,,258,1426.1,12194.88,N,N,N,N,2022
State,05,Arkansas,Insulin Aspart,Insulin Aspart,220,1160,1207.5,222013.57,406,,905,933,166104.68,,303,2019.76,13849.29,N,N,N,N,2022
State,06,California,Insulin Aspart,Insulin Aspart,1063,3624,4322.6,883981.3,1546,,2937,3519.8,689578.9,,1264,3050.56,37101.18,N,N,N,N,2022
State,08,Colorado,Insulin Aspart,Insulin Aspart,178,454,594.9,143810.42,201,,375,481.5,120544.34,,152,676.24,10001.57,N,N,N,N,2022
State,09,Connecticut,Insulin Aspart,Insulin Aspart,172,550,619.8,130192.71,247,,438,479.3,93769.55,,195,937.8,5203.87,N,N,N,N,2022
State,10,Delaware,Insulin Aspart,Insulin Aspart,41,156,193.8,47597.42,66,,101,118.8,30046.43,,44,570.15,3141.56,N,N,N,N,2022
State,11,District of Columbia,Insulin Aspart,Insulin Aspart,20,65,68.9,11275.68,33,,52,55,8482.26,#,,29.85,242.47,N,N,N,N,2022
State,12,Florida,Insulin Aspart,Insulin Aspart,1670,7532,9110.5,1998286.01,2672,,6106,7254.7,1510350.34,,2086,10737.44,82966,N,N,N,N,2022
State,13,Georgia,Insulin Aspart,Insulin Aspart,457,1483,1783.8,424781.43,734,,1055,1237.7,275214.23,,515,4748.33,36854.16,N,N,N,N,2022
State,15,Hawaii,Insulin Aspart,Insulin Aspart,26,71,80.1,14377.13,36,#,,,,#,,23.7,568.99,N,N,N,N,2022
State,16,Idaho,Insulin Aspart,Insulin Aspart,125,488,773.7,227986.82,167,,322,505.2,145261.64,,113,467.58,27782.1,N,N,N,N,2022
State,17,Illinois,Insulin Aspart,Insulin Aspart,840,3410,3680.1,708108.26,1473,,2542,2757.5,520096.11,,1098,3210.87,32326.53,N,N,N,N,2022
State,18,Indiana,Insulin Aspart,Insulin Aspart,381,1393,1556.4,364825.04,588,,949,1042.2,224982.03,,414,1479.5,19770.97,N,N,N,N,2022
State,19,Iowa,Insulin Aspart,Insulin Aspart,221,658,732.8,143393.92,321,,512,572.7,106050.01,,242,1107.69,14253.04,N,N,N,N,2022
State,20,Kansas,Insulin Aspart,Insulin Aspart,154,462,517.5,143398.34,203,,334,373.1,106767.2,,136,1785.55,11481.23,N,N,N,N,2022
State,21,Kentucky,Insulin Aspart,Insulin Aspart,427,2060,2585.8,749716.11,754,,1452,1883.6,513856.4,,554,3598.45,41534.27,N,N,N,N,2022
State,22,Louisiana,Insulin Aspart,Insulin Aspart,268,866,956.6,218813.02,384,,643,708.5,162242.94,,276,1244.13,15203.8,N,N,N,N,2022
State,23,Maine,Insulin Aspart,Insulin Aspart,101,270,381.1,106210.58,115,,187,270.7,71271.73,,82,368.25,5061.5,N,N,N,N,2022
State,24,Maryland,Insulin Aspart,Insulin Aspart,246,652,821.5,197138.25,330,,433,540.5,126521.62,,221,1599.23,10817.71,N,N,N,N,2022
State,25,Massachusetts,Insulin Aspart,Insulin Aspart,308,977,1083.9,214547.75,445,,778,839.2,152197.7,,340,839.8,7104.25,N,N,N,N,2022
State,26,Michigan,Insulin Aspart,Insulin Aspart,693,2316,2992.7,713467.99,1080,,1735,2257.2,506084.79,,795,4856.76,54566.81,N,N,N,N,2022
State,27,Minnesota,Insulin Aspart,Insulin Aspart,329,1046,1449.7,370608.72,409,,799,1122.1,253061.43,,322,1449.86,33953.11,N,N,N,N,2022
State,28,Mississippi,Insulin Aspart,Insulin Aspart,238,1361,1422.2,271889.9,575,,982,1021.1,195258.02,,422,1305.76,15740.9,N,N,N,N,2022
State,29,Missouri,Insulin Aspart,Insulin Aspart,321,1487,1736.9,370833.26,620,,1204,1405.8,296104.46,,472,2165.64,27524.25,N,N,N,N,2022
State,30,Montana,Insulin Aspart,Insulin Aspart,44,123,158.2,33506.69,50,,108,143.2,30829.65,#,,91.1,5220.77,N,N,N,N,2022
State,31,Nebraska,Insulin Aspart,Insulin Aspart,102,280,324,66846.91,116,,235,270.9,53024.7,,91,251.74,6798.5,N,N,N,N,2022
State,32,Nevada,Insulin Aspart,Insulin Aspart,107,256,319,74814.8,122,,187,229.7,50611.23,,88,1186.9,4631.58,N,N,N,N,2022
State,33,New Hampshire,Insulin Aspart,Insulin Aspart,71,249,274.5,54347.42,109,,210,221.7,42120.34,,92,340.39,4675.54,N,N,N,N,2022
State,34,New Jersey,Insulin Aspart,Insulin Aspart,389,1284,1448.3,293260.15,584,,1035,1156.2,220795.84,,472,2537.43,12028.31,N,N,N,N,2022
State,35,New Mexico,Insulin Aspart,Insulin Aspart,86,194,224.6,55359.38,114,,134,147.9,29982.46,,74,484.92,2813.25,N,N,N,N,2022
State,36,New York,Insulin Aspart,Insulin Aspart,762,2359,2814.2,646717.3,1048,,1882,2227,480373.14,,841,2240.09,34819.14,N,N,N,N,2022
State,37,North Carolina,Insulin Aspart,Insulin Aspart,472,1601,2103.9,571401.35,688,,1278,1691.3,460867.24,,523,3327.89,49881.07,N,N,N,N,2022
State,38,North Dakota,Insulin Aspart,Insulin Aspart,49,104,113.7,27054.42,58,,81,90.5,18235.57,,44,103.4,5109.66,N,N,N,N,2022
State,39,Ohio,Insulin Aspart,Insulin Aspart,713,2953,3446.4,850961.18,1154,,1952,2262.4,494167.08,,768,6818.53,52046.27,N,N,N,N,2022
State,40,Oklahoma,Insulin Aspart,Insulin Aspart,173,725,800,166147.7,342,,511,548,104953.54,,243,1393.84,10167.64,N,N,N,N,2022
State,41,Oregon,Insulin Aspart,Insulin Aspart,415,1564,2109.8,498548.19,541,,1150,1539.6,353086.55,,417,1554.9,28627.17,N,N,N,N,2022
State,42,Pennsylvania,Insulin Aspart,Insulin Aspart,974,4048,5044.1,1202828.75,1536,,2824,3442.3,736757.94,,1120,6804.11,77398.93,N,N,N,N,2022
State,44,Rhode Island,Insulin Aspart,Insulin Aspart,38,109,118.7,23937.84,53,,88,97.7,19703.33,,41,348.37,1284.69,N,N,N,N,2022
State,45,South Carolina,Insulin Aspart,Insulin Aspart,194,477,649.6,184181.49,238,,308,436.2,124741.95,,168,1004.42,18669.13,N,N,N,N,2022
State,46,South Dakota,Insulin Aspart,Insulin Aspart,39,118,143.2,34546.97,54,,82,96.5,23550.82,,38,241.9,7956.22,N,N,N,N,2022
State,47,Tennessee,Insulin Aspart,Insulin Aspart,481,1544,1794.8,417366.36,758,,1098,1282.7,293325.16,,526,3446.48,29251.17,N,N,N,N,2022
State,48,Texas,Insulin Aspart,Insulin Aspart,1162,3828,4386,901339.35,1745,,2839,3234.4,647503.85,,1305,7672.37,80252.17,N,N,N,N,2022
State,49,Utah,Insulin Aspart,Insulin Aspart,178,638,1040.1,305808.24,232,,490,844.9,234966.8,,178,368.72,12201.01,N,N,N,N,2022
State,50,Vermont,Insulin Aspart,Insulin Aspart,31,89,121.6,33658.49,43,,72,101.1,29920.37,#,,35.55,1657.18,N,N,N,N,2022
State,51,Virginia,Insulin Aspart,Insulin Aspart,331,1039,1302.4,336998.35,455,,681,845.7,189957.56,,304,2791.32,22215.34,N,N,N,N,2022
State,53,Washington,Insulin Aspart,Insulin Aspart,284,618,805.5,198323.23,341,,443,581.6,122202.37,,240,1368.74,21717.64,N,N,N,N,2022
State,54,West Virginia,Insulin Aspart,Insulin Aspart,189,927,1218.1,357571.5,323,,738,977,268697.69,,261,1754.2,15526.54,N,N,N,N,2022
State,55,Wisconsin,Insulin Aspart,Insulin Aspart,412,1630,2297.2,583641.78,588,,1410,2030.1,501256.98,,489,1093.07,42308.59,N,N,N,N,2022
State,56,Wyoming,Insulin Aspart,Insulin Aspart,19,41,44.6,9883.05,19,#,,,,#,,8,1668.51,N,N,N,N,2022
State,72,Puerto Rico,Insulin Aspart,Insulin Aspart,14,69,72.5,12605.16,20,#,,,,#,,29.55,252.58,N,N,N,N,2022
State,9C,Armed Forces Pacific,Insulin Aspart,Insulin Aspart,1,11,15,5533.82,,*,,,,*,,0,340,N,N,N,N,2022
National,,National,Insulin Aspart Flexpen,Insulin Aspart,47352,192716,262436.4,56619803.09,77089,,147787,202319.2,41613837.29,,57343,309931.71,4077573.34,N,N,N,N,2022
State,01,Alabama,Insulin Aspart Flexpen,Insulin Aspart,641,2047,2899.7,726109.97,924,,1422,2051.9,507498.61,,624,4826.11,73310.12,N,N,N,N,2022
State,02,Alaska,Insulin Aspart Flexpen,Insulin Aspart,106,329,617.4,146348.43,146,,276,542.7,126772.57,,119,354.25,3270.47,N,N,N,N,2022
State,04,Arizona,Insulin Aspart Flexpen,Insulin Aspart,638,1589,2291.2,482768.92,862,,1149,1727.7,352308.98,,616,2752.33,45511.05,N,N,N,N,2022
State,05,Arkansas,Insulin Aspart Flexpen,Insulin Aspart,314,797,1046.1,274726.05,427,,485,638,149731.8,,254,2614.87,23347.34,N,N,N,N,2022
State,06,California,Insulin Aspart Flexpen,Insulin Aspart,2850,11698,15340.4,2774775.04,4670,,9431,12397.2,2180548.35,,3711,12454.92,116123.85,N,N,N,N,2022
State,08,Colorado,Insulin Aspart Flexpen,Insulin Aspart,465,1263,1757.7,440311.79,598,,956,1336.3,335448.6,,441,1412.46,33715.35,N,N,N,N,2022
State,09,Connecticut,Insulin Aspart Flexpen,Insulin Aspart,425,1242,1802.6,353684.52,623,,879,1268.5,232485.3,,436,2054.28,15912.47,N,N,N,N,2022
State,10,Delaware,Insulin Aspart Flexpen,Insulin Aspart,192,838,1136.2,255858.68,356,,575,804.1,170059.89,,253,949.35,15375.67,N,N,N,N,2022
State,11,District of Columbia,Insulin Aspart Flexpen,Insulin Aspart,60,203,274.9,36739.96,96,,151,193.7,24482.05,,65,307.75,1391.48,N,N,N,N,2022
State,12,Florida,Insulin Aspart Flexpen,Insulin Aspart,3806,21556,28080.7,5569666.52,7262,,17673,22946.9,4402901.14,,5778,26685.74,225503.01,N,N,N,N,2022
State,13,Georgia,Insulin Aspart Flexpen,Insulin Aspart,1222,5117,6852.9,1463786.32,2584,,3872,5085.1,1024382.5,,1923,14313.8,122834.26,N,N,N,N,2022
State,15,Hawaii,Insulin Aspart Flexpen,Insulin Aspart,106,346,567.9,103941.51,176,,298,497,88313.3,,150,242.14,2892.43,N,N,N,N,2022
State,16,Idaho,Insulin Aspart Flexpen,Insulin Aspart,394,2128,3027.6,705690.58,665,,1594,2330.9,517210.1,,493,2462.82,69488.9,N,N,N,N,2022
State,17,Illinois,Insulin Aspart Flexpen,Insulin Aspart,1787,6306,8128.1,1673852.89,2917,,4835,6304.3,1264904.53,,2169,8415.22,141177.8,N,N,N,N,2022
State,18,Indiana,Insulin Aspart Flexpen,Insulin Aspart,1120,4557,5874.8,1321882.79,1936,,3249,4174.2,867557.48,,1355,8277.17,92305.27,N,N,N,N,2022
State,19,Iowa,Insulin Aspart Flexpen,Insulin Aspart,587,2089,2567.4,599734.61,946,,1596,1959.5,427174.66,,687,3172.59,74946.25,N,N,N,N,2022
State,20,Kansas,Insulin Aspart Flexpen,Insulin Aspart,668,3405,4111.1,952553.38,1275,,2504,3050.9,637347.16,,937,4901.03,80855.86,N,N,N,N,2022
State,21,Kentucky,Insulin Aspart Flexpen,Insulin Aspart,1171,6298,8419,2003090.02,2239,,4776,6432.8,1442154.08,,1613,11439.4,138043.51,N,N,N,N,2022
State,22,Louisiana,Insulin Aspart Flexpen,Insulin Aspart,609,2392,2869.3,509407.26,1132,,1910,2282,393349.43,,833,5015.65,38466.12,N,N,N,N,2022
State,23,Maine,Insulin Aspart Flexpen,Insulin Aspart,198,433,682.4,167551.58,247,,291,456.1,107184.42,,164,1768.91,14235.61,N,N,N,N,2022
State,24,Maryland,Insulin Aspart Flexpen,Insulin Aspart,597,1796,2463,438741.24,877,,1399,1913.4,332704.68,,660,3772.73,38448.52,N,N,N,N,2022
State,25,Massachusetts,Insulin Aspart Flexpen,Insulin Aspart,555,1634,2129,385503.56,749,,1225,1606.2,279828.04,,535,2322.87,17212.89,N,N,N,N,2022
State,26,Michigan,Insulin Aspart Flexpen,Insulin Aspart,1911,7130,10229.9,2285197.01,3106,,5704,8313.2,1825102.56,,2415,10037.52,218724.58,N,N,N,N,2022
State,27,Minnesota,Insulin Aspart Flexpen,Insulin Aspart,1657,6044,8770.1,2024594.01,2465,,4747,6972.8,1503342.91,,1922,11363.56,174566.17,N,N,N,N,2022
State,28,Mississippi,Insulin Aspart Flexpen,Insulin Aspart,453,1360,1678,336459.84,745,,907,1120.3,205323.63,,460,3806.31,27376.83,N,N,N,N,2022
State,29,Missouri,Insulin Aspart Flexpen,Insulin Aspart,1071,5766,7444.5,1668479.26,2228,,4336,5590.1,1173772.79,,1619,9440.36,101519.86,N,N,N,N,2022
State,30,Montana,Insulin Aspart Flexpen,Insulin Aspart,158,414,587.9,145893.02,212,,333,484.9,121571.97,,165,1384.92,22809.45,N,N,N,N,2022
State,31,Nebraska,Insulin Aspart Flexpen,Insulin Aspart,302,875,1151.8,235302.3,427,,659,860.4,166984.88,,306,2565.87,28361.81,N,N,N,N,2022
State,32,Nevada,Insulin Aspart Flexpen,Insulin Aspart,317,1153,1611.9,332290.83,488,,883,1236.8,258322.07,,362,1839.95,25023.46,N,N,N,N,2022
State,33,New Hampshire,Insulin Aspart Flexpen,Insulin Aspart,180,579,771,165543.78,255,,429,553.3,105831.45,,180,1963.91,12879.83,N,N,N,N,2022
State,34,New Jersey,Insulin Aspart Flexpen,Insulin Aspart,880,3061,4203.2,805124.24,1211,,2365,3321.4,633647.19,,957,3536.15,61088.51,N,N,N,N,2022
State,35,New Mexico,Insulin Aspart Flexpen,Insulin Aspart,302,1117,1414.1,313655.31,468,,852,1073.4,228703.17,,326,1627.59,15903.28,N,N,N,N,2022
State,36,New York,Insulin Aspart Flexpen,Insulin Aspart,2825,9173,12504.6,2385629.71,4116,,7310,10036.7,1817070.48,,3193,13962.93,145316.59,N,N,N,N,2022
State,37,North Carolina,Insulin Aspart Flexpen,Insulin Aspart,1735,7695,10268.6,2220189.45,2941,,6150,8264.9,1753901.91,,2243,10693.39,186628.85,N,N,N,N,2022
State,38,North Dakota,Insulin Aspart Flexpen,Insulin Aspart,270,1102,1630.5,360865.08,446,,913,1379.6,293557.1,,353,1325.73,61343.2,N,N,N,N,2022
State,39,Ohio,Insulin Aspart Flexpen,Insulin Aspart,2364,9605,12611.5,2970698.33,3920,,6568,8667.2,1917322.3,,2638,17068.03,232923.46,N,N,N,N,2022
State,40,Oklahoma,Insulin Aspart Flexpen,Insulin Aspart,516,2058,2528.7,502788.01,1031,,1457,1771.9,315310.01,,712,3061.73,36803.6,N,N,N,N,2022
State,41,Oregon,Insulin Aspart Flexpen,Insulin Aspart,1008,4122,6471.3,1539320.08,1438,,3182,5051.9,1173917.22,,1088,7570.24,86155.44,N,N,N,N,2022
State,42,Pennsylvania,Insulin Aspart Flexpen,Insulin Aspart,3180,15718,21906.5,4435275.5,5473,,11141,15520.1,2922537.45,,3779,22812.49,275116.47,N,N,N,N,2022
State,44,Rhode Island,Insulin Aspart Flexpen,Insulin Aspart,81,356,411.3,73254.91,129,,265,300.9,45003.45,,101,1273.71,2627.99,N,N,N,N,2022
State,45,South Carolina,Insulin Aspart Flexpen,Insulin Aspart,814,2757,3766.4,770687.07,1229,,2070,2812.1,520927.36,,863,6583.81,63196.77,N,N,N,N,2022
State,46,South Dakota,Insulin Aspart Flexpen,Insulin Aspart,178,660,852.2,217172.11,314,,512,659.5,156509.7,,228,979.28,32012.63,N,N,N,N,2022
State,47,Tennessee,Insulin Aspart Flexpen,Insulin Aspart,1065,3571,4570.8,908760.12,1658,,2717,3495.5,679241.1,,1221,8899.36,88662.41,N,N,N,N,2022
State,48,Texas,Insulin Aspart Flexpen,Insulin Aspart,2955,10486,14522.8,3001053,4885,,7928,10875.4,2121427.32,,3553,22384.19,269301.79,N,N,N,N,2022
State,49,Utah,Insulin Aspart Flexpen,Insulin Aspart,526,2229,3959.8,1180362.81,861,,1894,3428.8,993913.78,,712,2402.02,41327.66,N,N,N,N,2022
State,50,Vermont,Insulin Aspart Flexpen,Insulin Aspart,109,351,518,106782.29,158,,288,426.6,85274.39,,128,443.89,8738.3,N,N,N,N,2022
State,51,Virginia,Insulin Aspart Flexpen,Insulin Aspart,999,4559,5949.1,1167178.35,1635,,3227,4092.1,701419.51,,1104,7117.02,66331.87,N,N,N,N,2022
State,53,Washington,Insulin Aspart Flexpen,Insulin Aspart,828,2377,3561.9,820370.09,1076,,1843,2814.6,600397.39,,819,4672.94,85689.89,N,N,N,N,2022
State,54,West Virginia,Insulin Aspart Flexpen,Insulin Aspart,629,3184,4977.8,1372961.31,1226,,2525,4053.8,1075177.01,,959,3605.95,79826.53,N,N,N,N,2022
State,55,Wisconsin,Insulin Aspart Flexpen,Insulin Aspart,1432,6799,10134.2,2783992.19,2357,,5756,8744.4,2272886.19,,1927,6179.65,233079.41,N,N,N,N,2022
State,56,Wyoming,Insulin Aspart Flexpen,Insulin Aspart,62,157,240.8,57514.56,83,,122,200,45172.73,,72,672.35,9438.3,N,N,N,N,2022
State,72,Puerto Rico,Insulin Aspart Flexpen,Insulin Aspart,25,165,206.9,39792.82,52,,134,166,31233.95,,41,63.1,430.17,N,N,N,N,2022
National,,National,Insulin Aspart Penfill,Insulin Aspart,667,1329,2062.8,504436.27,681,,929,1512.2,366435.05,,464,1793.93,45369,N,N,N,N,2022
State,01,Alabama,Insulin Aspart Penfill,Insulin Aspart,9,19,27.3,6408.75,,#,,,,*,,63.1,301.02,N,N,N,N,2022
State,06,California,Insulin Aspart Penfill,Insulin Aspart,45,88,155.6,32286.86,47,,76,140.3,29710.34,#,,131.62,4859.11,N,N,N,N,2022
State,08,Colorado,Insulin Aspart Penfill,Insulin Aspart,11,33,54.6,14225.06,14,#,,,,*,,36,1220.87,N,N,N,N,2022
State,12,Florida,Insulin Aspart Penfill,Insulin Aspart,51,97,145,32368.89,52,,71,109.3,24446.85,,39,110.9,2112.32,N,N,N,N,2022
State,16,Idaho,Insulin Aspart Penfill,Insulin Aspart,6,15,24.8,5577.37,,#,,,,*,,0,1160.07,N,N,N,N,2022
State,17,Illinois,Insulin Aspart Penfill,Insulin Aspart,21,36,48.6,9412.53,22,,25,35.3,7062.25,#,,24,712.55,N,N,N,N,2022
State,18,Indiana,Insulin Aspart Penfill,Insulin Aspart,14,23,34,13390.46,14,#,,,,*,,17.85,1960.82,N,N,N,N,2022
State,20,Kansas,Insulin Aspart Penfill,Insulin Aspart,5,13,13.6,3135.97,,#,,,,*,,0,735.24,N,N,N,N,2022
State,21,Kentucky,Insulin Aspart Penfill,Insulin Aspart,14,24,41.4,14286.61,13,#,,,,#,,23.7,734.24,N,N,N,N,2022
State,22,Louisiana,Insulin Aspart Penfill,Insulin Aspart,8,12,16.7,5642.54,,*,,,,*,,19.7,342.47,N,N,N,N,2022
State,24,Maryland,Insulin Aspart Penfill,Insulin Aspart,16,29,40.5,4150.47,19,#,,,,#,,13.85,837.9,N,N,N,N,2022
State,26,Michigan,Insulin Aspart Penfill,Insulin Aspart,18,42,67.3,12702.7,18,,27,46.4,8181.71,#,,86.8,1207.79,N,N,N,N,2022
State,27,Minnesota,Insulin Aspart Penfill,Insulin Aspart,24,59,84,22687.14,26,,35,55,12148.26,#,,36,4150.38,N,N,N,N,2022
State,29,Missouri,Insulin Aspart Penfill,Insulin Aspart,10,16,21.2,8851.61,11,*,,,,*,,29.7,283.82,N,N,N,N,2022
State,33,New Hampshire,Insulin Aspart Penfill,Insulin Aspart,8,23,37.6,8823.95,,#,,,,*,,4,935.62,N,N,N,N,2022
State,34,New Jersey,Insulin Aspart Penfill,Insulin Aspart,17,34,50.6,9131.51,16,#,,,,#,,4,867.38,N,N,N,N,2022
State,35,New Mexico,Insulin Aspart Penfill,Insulin Aspart,8,15,18.2,4342.57,,*,,,,*,,17.85,187.76,N,N,N,N,2022
State,36,New York,Insulin Aspart Penfill,Insulin Aspart,62,111,153,32160.43,68,,92,130.2,28109.13,,51,69.85,2101.78,N,N,N,N,2022
State,37,North Carolina,Insulin Aspart Penfill,Insulin Aspart,23,53,58.4,12493.23,24,,32,36.8,7526.79,#,,41.55,919.37,N,N,N,N,2022
State,39,Ohio,Insulin Aspart Penfill,Insulin Aspart,20,33,48.1,11286.5,22,,19,27.6,5929.48,#,,21.85,572.77,N,N,N,N,2022
State,41,Oregon,Insulin Aspart Penfill,Insulin Aspart,25,62,98.9,27758.72,24,,49,81.6,21553.42,#,,37.85,2356.55,N,N,N,N,2022
State,42,Pennsylvania,Insulin Aspart Penfill,Insulin Aspart,52,140,213.9,51142.46,54,,40,61.1,15406.22,,20,204.65,1992.1,N,N,N,N,2022
State,45,South Carolina,Insulin Aspart Penfill,Insulin Aspart,7,11,16,1625.83,,*,,,,*,,21.85,59.49,N,N,N,N,2022
State,48,Texas,Insulin Aspart Penfill,Insulin Aspart,35,61,89.8,28995.16,36,,48,74.1,24247.27,#,,63.1,2690.29,N,N,N,N,2022
State,49,Utah,Insulin Aspart Penfill,Insulin Aspart,15,39,76.8,32794.61,14,#,,,,#,,41.55,740.56,N,N,N,N,2022
State,51,Virginia,Insulin Aspart Penfill,Insulin Aspart,13,27,48.2,12329.7,14,#,,,,*,,61.25,561.91,N,N,N,N,2022
State,53,Washington,Insulin Aspart Penfill,Insulin Aspart,22,43,75.9,13889.16,21,#,,,,#,,4,2805.58,N,N,N,N,2022
State,55,Wisconsin,Insulin Aspart Penfill,Insulin Aspart,22,53,101,28970.72,22,#,,,,#,,210.65,2708.42,N,N,N,N,2022
National,,National,Humalog,Insulin Lispro,77607,599807,938923.8,440681345.37,157462,,455609,724063.7,319212377.7,,121149,754984.7,15769704.04,N,N,N,N,2022
State,01,Alabama,Humalog,Insulin Lispro,1194,10527,15069.2,7961164.24,2795,,7315,10311.8,5083942.57,,1949,19456.32,261647.34,N,N,N,N,2022
State,02,Alaska,Humalog,Insulin Lispro,97,406,853.3,465378.83,136,,328,729,378270.75,,112,607.1,13768.74,N,N,N,N,2022
State,04,Arizona,Humalog,Insulin Lispro,2063,13058,22005.2,10837206.64,4179,,9544,16552.6,7917776.85,,3130,18761.5,415501.66,N,N,N,N,2022
State,05,Arkansas,Humalog,Insulin Lispro,880,6151,8062.8,4225418.48,1635,,4082,5412.7,2598809.67,,1117,9138.93,134057.45,N,N,N,N,2022
State,06,California,Humalog,Insulin Lispro,9500,59237,111249.7,35762871.66,18327,,49994,95560,29864341.86,,15514,82564.6,2016273.91,N,N,N,N,2022
State,08,Colorado,Humalog,Insulin Lispro,1198,7528,14095.7,5570529.3,2366,,6057,11578.2,4282673.8,,1935,9394.49,324130.08,N,N,N,N,2022
State,09,Connecticut,Humalog,Insulin Lispro,858,7912,12339.6,5883527.9,2028,,6386,9936.8,4387747.03,,1635,7209.4,160418.24,N,N,N,N,2022
State,10,Delaware,Humalog,Insulin Lispro,166,1216,1937.7,921004.14,350,,996,1620.5,697511.64,,289,2751.85,36270.43,N,N,N,N,2022
State,11,District of Columbia,Humalog,Insulin Lispro,175,845,1234.3,418067.69,266,,665,971.9,298845.35,,203,1354.39,11674.68,N,N,N,N,2022
State,12,Florida,Humalog,Insulin Lispro,4762,28650,48099.8,24418395.74,8826,,22065,36953.9,17681649.17,,6795,36442.24,876047.11,N,N,N,N,2022
State,13,Georgia,Humalog,Insulin Lispro,2297,16727,27132.8,14767488.86,4819,,12539,20738,11035553.15,,3610,32797.53,572670.72,N,N,N,N,2022
State,15,Hawaii,Humalog,Insulin Lispro,196,880,1679.2,470975.03,274,,718,1375.9,358847.8,,227,885.79,27076.87,N,N,N,N,2022
State,16,Idaho,Humalog,Insulin Lispro,362,1959,3289.5,1788509.28,588,,1432,2461.7,1271056.92,,436,3231.56,85798.87,N,N,N,N,2022
State,17,Illinois,Humalog,Insulin Lispro,3114,23552,35534,17223000.61,6254,,18085,27880.1,12942341.27,,4904,31459.3,773562.58,N,N,N,N,2022
State,18,Indiana,Humalog,Insulin Lispro,1649,13905,21750.3,11463562.58,3823,,10617,16561.8,8015799.47,,2901,17436.28,380799.9,N,N,N,N,2022
State,19,Iowa,Humalog,Insulin Lispro,718,5139,7322.3,4095465.96,1215,,3830,5537.9,2874190.65,,894,4860.56,119857.77,N,N,N,N,2022
State,20,Kansas,Humalog,Insulin Lispro,507,3196,5016.8,2767813.44,831,,2555,4005.6,2074853.27,,653,4000.12,118813.65,N,N,N,N,2022
State,21,Kentucky,Humalog,Insulin Lispro,1196,9015,13015.7,7807736.53,2508,,6045,8971.2,4952802.33,,1701,16723.31,206780.15,N,N,N,N,2022
State,22,Louisiana,Humalog,Insulin Lispro,890,6639,8891.2,4829282.22,1776,,4820,6603.2,3451464.05,,1298,8584.29,187860.52,N,N,N,N,2022
State,23,Maine,Humalog,Insulin Lispro,435,2804,4252.5,2085969.35,728,,2090,3102.7,1421413.56,,527,4011.3,46924.86,N,N,N,N,2022
State,24,Maryland,Humalog,Insulin Lispro,1283,8324,13586.3,5131288.78,2449,,6303,10377.5,3530406.2,,1895,14058.44,170144.14,N,N,N,N,2022
State,25,Massachusetts,Humalog,Insulin Lispro,1945,17471,26061.8,11475764.11,4522,,14475,21449.6,8785658.55,,3720,22382.21,503774.17,N,N,N,N,2022
State,26,Michigan,Humalog,Insulin Lispro,3155,18637,32566.4,16228101.81,5729,,13686,24697,11781211.23,,4312,25288.73,448251.35,N,N,N,N,2022
State,27,Minnesota,Humalog,Insulin Lispro,864,5006,9064.3,4880102.13,1432,,4086,7476.3,3854209.58,,1156,7205.49,221415.27,N,N,N,N,2022
State,28,Mississippi,Humalog,Insulin Lispro,529,2814,3947,1989540.74,854,,2105,2988,1457341.02,,631,4103.47,69912.28,N,N,N,N,2022
State,29,Missouri,Humalog,Insulin Lispro,1328,10057,16315.1,9231908.67,2898,,7318,12303.7,6663793.47,,2122,13436.81,363664.45,N,N,N,N,2022
State,30,Montana,Humalog,Insulin Lispro,190,1190,1992.7,1035477.02,317,,992,1702.6,876477.11,,265,1842.63,50924.48,N,N,N,N,2022
State,31,Nebraska,Humalog,Insulin Lispro,480,3451,5012.8,2707291.3,810,,2654,3879.2,2025360.37,,612,6400.8,110846.64,N,N,N,N,2022
State,32,Nevada,Humalog,Insulin Lispro,461,2381,3961.6,2096635.22,775,,1863,3122.9,1612615.44,,603,3451.15,102814.17,N,N,N,N,2022
State,33,New Hampshire,Humalog,Insulin Lispro,359,2936,4989.3,2439845.08,801,,2221,3904.3,1876279.45,,638,3770.96,96684.08,N,N,N,N,2022
State,34,New Jersey,Humalog,Insulin Lispro,2168,21398,31489.4,13608040.38,5212,,16608,24423.7,9889343.43,,4088,22776.47,417023.61,N,N,N,N,2022
State,35,New Mexico,Humalog,Insulin Lispro,467,3147,4731.1,2190086.63,892,,2463,3797.8,1617777.41,,690,5723.72,99949.4,N,N,N,N,2022
State,36,New York,Humalog,Insulin Lispro,3379,23707,36723.4,18339111.74,6371,,18522,28698.6,13398454.2,,4992,22672.36,656155.87,N,N,N,N,2022
State,37,North Carolina,Humalog,Insulin Lispro,2276,15655,23837.9,13126655.81,4351,,11134,17186.1,8642574.51,,3118,31768.37,483763.01,N,N,N,N,2022
State,38,North Dakota,Humalog,Insulin Lispro,123,755,1112.1,631746.28,175,,581,840.4,434363.97,,134,1403.85,24590.44,N,N,N,N,2022
State,39,Ohio,Humalog,Insulin Lispro,2848,22900,36028.8,17867397.16,6579,,17528,28172.6,13244515.15,,5054,30025.54,710326.79,N,N,N,N,2022
State,40,Oklahoma,Humalog,Insulin Lispro,757,5313,7590,3856081.39,1389,,3792,5478.3,2516393.02,,1007,8017.01,145580.49,N,N,N,N,2022
State,41,Oregon,Humalog,Insulin Lispro,1293,7433,13011.2,5570050.29,2212,,6050,10753.7,4397407.8,,1822,15856.53,299102.31,N,N,N,N,2022
State,42,Pennsylvania,Humalog,Insulin Lispro,3060,28813,40919.2,18499076.55,6476,,21720,30994.2,12912926.15,,4921,32370.33,669437.87,N,N,N,N,2022
State,44,Rhode Island,Humalog,Insulin Lispro,327,2733,3800.7,1608291.19,686,,2106,2929,1223003.45,,536,4898.55,60626.61,N,N,N,N,2022
State,45,South Carolina,Humalog,Insulin Lispro,1076,6512,10977.1,5863494.85,1909,,4906,8245.7,4223182.57,,1422,10580.66,262858.91,N,N,N,N,2022
State,46,South Dakota,Humalog,Insulin Lispro,111,823,1353.2,802642.86,217,,624,1058.3,576617.84,,165,684.4,32967.45,N,N,N,N,2022
State,47,Tennessee,Humalog,Insulin Lispro,2227,14354,22259.3,13685712.94,4185,,8584,13599.1,7704166.59,,2598,25192.6,339940.14,N,N,N,N,2022
State,48,Texas,Humalog,Insulin Lispro,5213,33920,55087.5,28325443.96,10787,,25949,42392.8,21152915.05,,8218,61137.77,1093944.6,N,N,N,N,2022
State,49,Utah,Humalog,Insulin Lispro,584,3452,6099.6,3541181.04,1001,,2665,4898.1,2799198.16,,791,4105.73,184531.86,N,N,N,N,2022
State,50,Vermont,Humalog,Insulin Lispro,126,767,1388.6,718293.36,229,,643,1143.2,578463.68,,184,1038.23,27612.98,N,N,N,N,2022
State,51,Virginia,Humalog,Insulin Lispro,1865,12830,20815.1,10222261.62,3780,,9541,15732.5,7169493.55,,2820,20908.94,445627.36,N,N,N,N,2022
State,53,Washington,Humalog,Insulin Lispro,2196,12612,22128.3,9593710.99,3730,,9631,17239.6,6828817.8,,2901,25996.3,461699.06,N,N,N,N,2022
State,54,West Virginia,Humalog,Insulin Lispro,467,4023,5428.2,2339520.11,1014,,3067,4082.4,1550787.94,,756,5306.71,79690.15,N,N,N,N,2022
State,55,Wisconsin,Humalog,Insulin Lispro,1181,7757,13242.6,7476037.36,2095,,5852,10068.8,5414108.56,,1598,8885.77,304994.36,N,N,N,N,2022
State,56,Wyoming,Humalog,Insulin Lispro,114,475,730.6,341924.49,132,,361,575.8,261263.57,,100,1151.7,11845.82,N,N,N,N,2022
State,66,Guam,Humalog,Insulin Lispro,10,32,40.2,16329.88,,#,,,,*,,4,3342.73,N,N,N,N,2022
State,72,Puerto Rico,Humalog,Insulin Lispro,2853,78548,99494.2,41321624.33,13801,,57190,72698.3,28496598.27,,10383,803.91,36641.54,N,N,N,N,2022
State,78,Virgin Islands,Humalog,Insulin Lispro,21,108,128.1,59112.32,26,#,,,,#,,0,7129.64,N,N,N,N,2022
State,9B,Armed Forces Europe,Humalog,Insulin Lispro,4,50,65.3,52135.71,13,,31,40.6,24899.63,*,,20,907.48,N,N,N,N,2022
State,9C,Armed Forces Pacific,Humalog,Insulin Lispro,3,16,41.5,25961.86,,*,,,,*,,9.85,751,N,N,N,N,2022
State,9D,Unknown,Humalog,Insulin Lispro,3,20,22.1,10073.53,,#,,,,*,,0,85,N,N,N,N,2022
State,9E,Foreign Country,Humalog,Insulin Lispro,4,41,49.8,10023.4,13,#,,,,#,,33.85,211,N,N,N,N,2022
National,,National,Humalog Junior Kwikpen,Insulin Lispro,4613,13562,26683.4,8628360.19,5052,,10260,21128.9,6471756.57,,3917,18199.84,445547.17,N,N,N,N,2022
State,01,Alabama,Humalog Junior Kwikpen,Insulin Lispro,40,103,188.4,61358.13,43,,84,159.9,43309.39,#,,265.89,3725.09,N,N,N,N,2022
State,02,Alaska,Humalog Junior Kwikpen,Insulin Lispro,8,26,60.6,15969.42,,#,,,,*,,20,922.77,N,N,N,N,2022
State,04,Arizona,Humalog Junior Kwikpen,Insulin Lispro,119,298,587,182422.23,130,,236,481.5,142309.91,,100,148.95,9547.17,N,N,N,N,2022
State,05,Arkansas,Humalog Junior Kwikpen,Insulin Lispro,16,33,63,25787.3,17,,21,50.1,15614.38,#,,8,624.5,N,N,N,N,2022
State,06,California,Humalog Junior Kwikpen,Insulin Lispro,555,1557,3345.5,921777.71,632,,1347,2977.4,798049.28,,546,2167.55,75742.23,N,N,N,N,2022
State,08,Colorado,Humalog Junior Kwikpen,Insulin Lispro,70,221,489.7,122244.91,88,,177,412.9,97909,,69,164.05,12660.52,N,N,N,N,2022
State,09,Connecticut,Humalog Junior Kwikpen,Insulin Lispro,93,217,540.4,150554.21,101,,161,424.5,110543.5,,78,434.95,6617.6,N,N,N,N,2022
State,10,Delaware,Humalog Junior Kwikpen,Insulin Lispro,27,95,143.6,46298.5,30,,64,106.2,32092.24,#,,45.55,1759.32,N,N,N,N,2022
State,11,District of Columbia,Humalog Junior Kwikpen,Insulin Lispro,15,29,63.7,22667.35,14,#,,,,#,,61.55,632.42,N,N,N,N,2022
State,12,Florida,Humalog Junior Kwikpen,Insulin Lispro,284,689,1307.4,432701.92,292,,507,1020.4,331159.15,,232,1077.52,20380.05,N,N,N,N,2022
State,13,Georgia,Humalog Junior Kwikpen,Insulin Lispro,94,183,417.5,135827.67,92,,127,305.9,92873.74,,61,761.65,7052.13,N,N,N,N,2022
State,15,Hawaii,Humalog Junior Kwikpen,Insulin Lispro,11,34,65.6,15047.15,11,#,,,,*,,79.84,701.35,N,N,N,N,2022
State,16,Idaho,Humalog Junior Kwikpen,Insulin Lispro,12,20,55.3,13442.66,12,#,,,,*,,9.85,737.61,N,N,N,N,2022
State,17,Illinois,Humalog Junior Kwikpen,Insulin Lispro,170,417,826.6,237990.71,178,,318,648.7,179840.34,,132,350.75,17250.29,N,N,N,N,2022
State,18,Indiana,Humalog Junior Kwikpen,Insulin Lispro,104,276,489.9,175830.14,106,,209,376.2,125753.06,,79,423.01,6692.47,N,N,N,N,2022
State,19,Iowa,Humalog Junior Kwikpen,Insulin Lispro,25,77,180.1,60666.86,33,,64,156.4,53026.45,#,,17.85,3661.82,N,N,N,N,2022
State,20,Kansas,Humalog Junior Kwikpen,Insulin Lispro,23,60,131.7,48609.44,21,,36,91,23100.33,#,,39.4,1972.8,N,N,N,N,2022
State,21,Kentucky,Humalog Junior Kwikpen,Insulin Lispro,51,104,205.7,88238.39,49,,68,147.8,54484.72,,34,112.8,4123.99,N,N,N,N,2022
State,22,Louisiana,Humalog Junior Kwikpen,Insulin Lispro,27,65,117.1,32475.17,26,,40,67.8,20930.22,#,,37.85,1256.66,N,N,N,N,2022
State,23,Maine,Humalog Junior Kwikpen,Insulin Lispro,23,77,158.1,61384.13,27,,37,74.9,24877.06,,14,611.82,1921.93,N,N,N,N,2022
State,24,Maryland,Humalog Junior Kwikpen,Insulin Lispro,70,143,326.5,91267.99,72,,113,258.1,74445.54,,56,126.2,5085.48,N,N,N,N,2022
State,25,Massachusetts,Humalog Junior Kwikpen,Insulin Lispro,150,482,958,320816.02,169,,364,753.6,229400.64,,130,1094.65,24029.63,N,N,N,N,2022
State,26,Michigan,Humalog Junior Kwikpen,Insulin Lispro,181,537,1120.6,337275.27,205,,426,937.3,271474.17,,172,369.76,15611.03,N,N,N,N,2022
State,27,Minnesota,Humalog Junior Kwikpen,Insulin Lispro,65,215,464.7,143074.51,76,,163,374.1,107648.72,,60,219.95,8923.3,N,N,N,N,2022
State,28,Mississippi,Humalog Junior Kwikpen,Insulin Lispro,15,31,42.8,13840.73,14,,18,29.1,6881.1,*,,0,772.15,N,N,N,N,2022
State,29,Missouri,Humalog Junior Kwikpen,Insulin Lispro,69,159,344.6,102033.59,69,,112,251.7,71456.99,,48,199.11,5910.22,N,N,N,N,2022
State,30,Montana,Humalog Junior Kwikpen,Insulin Lispro,7,15,41,11143.01,,*,,,,*,,51.4,500,N,N,N,N,2022
State,31,Nebraska,Humalog Junior Kwikpen,Insulin Lispro,10,63,105.2,38762.24,14,,48,81.9,30251.99,#,,29.85,1964.01,N,N,N,N,2022
State,32,Nevada,Humalog Junior Kwikpen,Insulin Lispro,34,72,127.7,47916.1,33,,58,105.1,38192.06,#,,94.8,2936.13,N,N,N,N,2022
State,33,New Hampshire,Humalog Junior Kwikpen,Insulin Lispro,28,128,269.2,82806.53,46,,106,229.9,68189.5,#,,103.4,7618.24,N,N,N,N,2022
State,34,New Jersey,Humalog Junior Kwikpen,Insulin Lispro,180,598,1268.6,374642.49,211,,521,1109.2,324878.59,,180,590.35,21217.7,N,N,N,N,2022
State,35,New Mexico,Humalog Junior Kwikpen,Insulin Lispro,35,106,202.2,74681.03,42,,82,162.1,57375.81,,30,256.5,2730.22,N,N,N,N,2022
State,36,New York,Humalog Junior Kwikpen,Insulin Lispro,294,773,1463.4,488317.5,301,,632,1228.7,402437.95,,249,1105.7,25449.08,N,N,N,N,2022
State,37,North Carolina,Humalog Junior Kwikpen,Insulin Lispro,140,376,644.4,211849.68,143,,229,402.4,134515.58,,94,861.12,9836.68,N,N,N,N,2022
State,38,North Dakota,Humalog Junior Kwikpen,Insulin Lispro,8,26,60.9,19006.47,,,26,60.9,19006.47,*,,24,3189.72,N,N,N,N,2022
State,39,Ohio,Humalog Junior Kwikpen,Insulin Lispro,206,574,1105.7,366623.18,222,,424,872,273617.02,,161,781.65,17411.2,N,N,N,N,2022
State,40,Oklahoma,Humalog Junior Kwikpen,Insulin Lispro,36,92,174.4,56167.38,39,,73,145.3,43675.18,#,,43.7,3644.61,N,N,N,N,2022
State,41,Oregon,Humalog Junior Kwikpen,Insulin Lispro,56,179,401.6,109339.64,75,,157,355.2,94927.85,#,,175.75,9518.17,N,N,N,N,2022
State,42,Pennsylvania,Humalog Junior Kwikpen,Insulin Lispro,182,508,1039.9,320642.64,190,,379,806.7,225278.11,,143,401.3,17463.75,N,N,N,N,2022
State,44,Rhode Island,Humalog Junior Kwikpen,Insulin Lispro,15,43,87.2,30159.13,23,#,,,,#,,68.95,1824.62,N,N,N,N,2022
State,45,South Carolina,Humalog Junior Kwikpen,Insulin Lispro,61,135,288.6,98502.87,60,,83,197.7,61365.11,,43,344.2,4429.09,N,N,N,N,2022
State,47,Tennessee,Humalog Junior Kwikpen,Insulin Lispro,80,206,381.7,137359.69,92,,139,256.4,95961.22,,60,338.45,8905.67,N,N,N,N,2022
State,48,Texas,Humalog Junior Kwikpen,Insulin Lispro,338,834,1684.7,590327.27,345,,608,1314.3,437831.94,,261,2474.43,25724.81,N,N,N,N,2022
State,49,Utah,Humalog Junior Kwikpen,Insulin Lispro,19,52,113.4,36363.17,21,,41,90.7,27856.7,#,,29.55,3453.46,N,N,N,N,2022
State,50,Vermont,Humalog Junior Kwikpen,Insulin Lispro,7,19,52,22081.42,,#,,,,*,,0,978.67,N,N,N,N,2022
State,51,Virginia,Humalog Junior Kwikpen,Insulin Lispro,121,353,662.7,193198.52,134,,263,510.4,143382.31,,101,177.97,11998.76,N,N,N,N,2022
State,53,Washington,Humalog Junior Kwikpen,Insulin Lispro,134,365,775.6,223811.78,138,,259,586.3,159612.05,,104,1078.3,16571.61,N,N,N,N,2022
State,54,West Virginia,Humalog Junior Kwikpen,Insulin Lispro,18,44,76.3,32021.38,16,,32,60.7,26145.24,#,,138.77,653.64,N,N,N,N,2022
State,55,Wisconsin,Humalog Junior Kwikpen,Insulin Lispro,73,219,458.2,135935.26,84,,156,336.9,99120.68,,61,163.35,7192.83,N,N,N,N,2022
State,72,Puerto Rico,Humalog Junior Kwikpen,Insulin Lispro,204,1613,2465.9,1053664.95,358,,1094,1753.5,688027.33,,262,0,978.54,N,N,N,N,2022
National,,National,Humalog Kwikpen U-100,Insulin Lispro,150572,1226438,2278598.8,1100122076.6,379068,,949653,1816195.6,844035901.6,,297497,1794071.99,42458982.35,N,N,N,N,2022
State,01,Alabama,Humalog Kwikpen U-100,Insulin Lispro,2390,24242,42369.7,21645659.82,7503,,17653,31214.1,15442590.93,,5439,48112.64,830362.21,N,N,N,N,2022
State,02,Alaska,Humalog Kwikpen U-100,Insulin Lispro,255,1398,2802.4,1313973.22,465,,1146,2389.3,1062484.33,,377,2587.53,30058.58,N,N,N,N,2022
State,04,Arizona,Humalog Kwikpen U-100,Insulin Lispro,2879,17731,36210.8,17157037.51,6704,,14110,29780.5,13876967.67,,5361,24239.12,743996.2,N,N,N,N,2022
State,05,Arkansas,Humalog Kwikpen U-100,Insulin Lispro,1382,11460,18377,10609678.57,3440,,7667,12617.3,6888712.98,,2322,21075.22,341552.18,N,N,N,N,2022
State,06,California,Humalog Kwikpen U-100,Insulin Lispro,13852,99117,196286.3,70356087.51,32882,,83868,169248.8,59637851.6,,27925,151304.38,3729204.92,N,N,N,N,2022
State,08,Colorado,Humalog Kwikpen U-100,Insulin Lispro,1993,10638,22850.2,10058375.8,3886,,8309,18358.5,7939614.02,,3034,14584.77,483396.21,N,N,N,N,2022
State,09,Connecticut,Humalog Kwikpen U-100,Insulin Lispro,1982,18383,38364.3,17625972.58,6172,,14710,31315.4,14045834.46,,4964,27944.87,461438.68,N,N,N,N,2022
State,10,Delaware,Humalog Kwikpen U-100,Insulin Lispro,472,3796,7788.8,3972810.3,1359,,2832,6125.2,3072873.48,,1062,7875.79,140681.4,N,N,N,N,2022
State,11,District of Columbia,Humalog Kwikpen U-100,Insulin Lispro,455,2800,5611.9,2274955.75,963,,1952,4014.7,1574274.12,,666,3143.69,43771.37,N,N,N,N,2022
State,12,Florida,Humalog Kwikpen U-100,Insulin Lispro,8651,66833,126683.9,59756932.67,22113,,53230,103065.8,47012966.68,,17718,90116.1,2387205.37,N,N,N,N,2022
State,13,Georgia,Humalog Kwikpen U-100,Insulin Lispro,3829,32450,59793.2,29628084.41,10575,,25278,47547.1,23008062.68,,8280,67294.46,1137331.47,N,N,N,N,2022
State,15,Hawaii,Humalog Kwikpen U-100,Insulin Lispro,483,2766,6080.6,2464418.65,948,,2063,4653,1737108.12,,709,3343.26,76845.03,N,N,N,N,2022
State,16,Idaho,Humalog Kwikpen U-100,Insulin Lispro,786,5083,9139.3,4584173.34,1689,,3997,7336.8,3527518.2,,1312,11079.27,209835.01,N,N,N,N,2022
State,17,Illinois,Humalog Kwikpen U-100,Insulin Lispro,6313,60947,112938,58332043.54,18753,,49147,93765.3,46883097.91,,15311,74731.26,2841796.27,N,N,N,N,2022
State,18,Indiana,Humalog Kwikpen U-100,Insulin Lispro,3564,37323,70410.9,39434348.56,11617,,27770,54464.4,29043359.6,,8839,39419.15,1270865.23,N,N,N,N,2022
State,19,Iowa,Humalog Kwikpen U-100,Insulin Lispro,1597,13458,23484.2,13541572.71,3790,,10439,18684.1,10333659.31,,2921,14743.27,387409.54,N,N,N,N,2022
State,20,Kansas,Humalog Kwikpen U-100,Insulin Lispro,1426,12361,21424.2,12039539.08,3486,,10325,18096.4,9828604.76,,2836,15670.94,479245.31,N,N,N,N,2022
State,21,Kentucky,Humalog Kwikpen U-100,Insulin Lispro,2416,21462,35778.6,19836066.75,6423,,14519,25671.4,13411400.17,,4436,43012.64,578426.59,N,N,N,N,2022
State,22,Louisiana,Humalog Kwikpen U-100,Insulin Lispro,1726,13222,21302.3,10057233.05,4066,,9763,16106.2,7371852.54,,3019,16105.45,375888.68,N,N,N,N,2022
State,23,Maine,Humalog Kwikpen U-100,Insulin Lispro,813,4264,8287.5,4666125.94,1457,,3048,5949.7,3139262.29,,1048,4784.71,118677.91,N,N,N,N,2022
State,24,Maryland,Humalog Kwikpen U-100,Insulin Lispro,2539,18164,35409.6,14856993.61,6140,,13816,27825.3,11307547.66,,4767,39410.22,511364.22,N,N,N,N,2022
State,25,Massachusetts,Humalog Kwikpen U-100,Insulin Lispro,3260,26120,49359.7,23702777.17,8411,,21413,41483,19321425.48,,6944,43780.79,1065940.12,N,N,N,N,2022
State,26,Michigan,Humalog Kwikpen U-100,Insulin Lispro,6261,49704,99004.2,45022128.95,16753,,39766,82502.7,36344987.61,,13615,55042.97,1278102.54,N,N,N,N,2022
State,27,Minnesota,Humalog Kwikpen U-100,Insulin Lispro,3212,23175,41212.9,19883458.1,6479,,19488,35157.6,16436166.18,,5428,28104.77,829672.7,N,N,N,N,2022
State,28,Mississippi,Humalog Kwikpen U-100,Insulin Lispro,832,4822,8244.5,4457596.17,1644,,3334,5955,3081880.46,,1143,7991.3,142867.72,N,N,N,N,2022
State,29,Missouri,Humalog Kwikpen U-100,Insulin Lispro,3511,34436,61145.6,33377676.53,10579,,24431,45332.9,23641194.85,,7701,43423.55,1148486.64,N,N,N,N,2022
State,30,Montana,Humalog Kwikpen U-100,Insulin Lispro,445,3180,5528.3,2556332.1,924,,2656,4694.7,2086805.86,,768,5781.93,116666.6,N,N,N,N,2022
State,31,Nebraska,Humalog Kwikpen U-100,Insulin Lispro,1072,8629,14730.3,7314787.56,2460,,6510,11486,5492106.15,,1864,11123.52,284756.91,N,N,N,N,2022
State,32,Nevada,Humalog Kwikpen U-100,Insulin Lispro,1044,6908,13445,6748580.65,2459,,5506,11007.3,5413266.97,,1999,17726.14,272688.11,N,N,N,N,2022
State,33,New Hampshire,Humalog Kwikpen U-100,Insulin Lispro,729,5356,10614.2,5669806.7,1812,,4181,8664.1,4527811.58,,1448,9075.28,208838.35,N,N,N,N,2022
State,34,New Jersey,Humalog Kwikpen U-100,Insulin Lispro,4144,49141,94163.5,43113045.7,14411,,38776,76931.1,34346199.16,,11741,57141.81,1538762.88,N,N,N,N,2022
State,35,New Mexico,Humalog Kwikpen U-100,Insulin Lispro,893,5495,10564.6,5074192.04,1950,,4209,8440,3879074.84,,1517,10920.86,223541.28,N,N,N,N,2022
State,36,New York,Humalog Kwikpen U-100,Insulin Lispro,9839,75537,136554.7,65765997.9,22754,,59582,110607.4,51576780.74,,18288,92983.62,2224080.4,N,N,N,N,2022
State,37,North Carolina,Humalog Kwikpen U-100,Insulin Lispro,5581,45475,77812.5,38614223.91,14300,,33016,57427,27311981.69,,10480,79311.31,1479400.17,N,N,N,N,2022
State,38,North Dakota,Humalog Kwikpen U-100,Insulin Lispro,425,3350,5557.9,2746971.67,889,,2706,4538.7,2124721.69,,709,5706.28,166456.12,N,N,N,N,2022
State,39,Ohio,Humalog Kwikpen U-100,Insulin Lispro,6454,60415,108518.2,53336940.43,19525,,47284,88033.4,41788242.91,,15421,71736.35,2178344.24,N,N,N,N,2022
State,40,Oklahoma,Humalog Kwikpen U-100,Insulin Lispro,1732,12346,21904.4,11196234.41,3962,,8794,16212.8,7915028.81,,2848,18906.05,458023.5,N,N,N,N,2022
State,41,Oregon,Humalog Kwikpen U-100,Insulin Lispro,2211,14467,27811.6,12710619.63,4635,,11615,22867.4,10082191.29,,3754,29220.17,659444,N,N,N,N,2022
State,42,Pennsylvania,Humalog Kwikpen U-100,Insulin Lispro,7346,73237,126120,59453044.67,20563,,54194,95812.6,43097353.65,,15538,99898.48,2176722.12,N,N,N,N,2022
State,44,Rhode Island,Humalog Kwikpen U-100,Insulin Lispro,559,4678,8448.2,4005941.68,1467,,3738,6965.4,3201804.21,,1185,9613.3,162342.94,N,N,N,N,2022
State,45,South Carolina,Humalog Kwikpen U-100,Insulin Lispro,2674,22242,41122.2,20071851.53,7324,,16852,31679.5,14819169.47,,5532,37018.64,853882.36,N,N,N,N,2022
State,46,South Dakota,Humalog Kwikpen U-100,Insulin Lispro,332,2673,4777,2727458.11,802,,2257,4087.4,2273535.77,,655,3989.09,116508.31,N,N,N,N,2022
State,47,Tennessee,Humalog Kwikpen U-100,Insulin Lispro,3470,25132,44710.2,25209458.53,8486,,17326,31933.2,17311301.84,,5933,49243.23,773986.42,N,N,N,N,2022
State,48,Texas,Humalog Kwikpen U-100,Insulin Lispro,9600,74578,146284.3,72238608.58,26040,,56604,113151.6,54068424.69,,19852,138946.75,2649667,N,N,N,N,2022
State,49,Utah,Humalog Kwikpen U-100,Insulin Lispro,964,6408,12852.4,6942567.8,2270,,5403,11041.9,5817235.86,,1900,8011.77,376693.01,N,N,N,N,2022
State,50,Vermont,Humalog Kwikpen U-100,Insulin Lispro,398,2330,4628.2,2404025.02,817,,1907,3899.2,1960796.78,,675,3168.21,96120.51,N,N,N,N,2022
State,51,Virginia,Humalog Kwikpen U-100,Insulin Lispro,3558,27679,52403.9,24716044.13,9139,,21008,41156.2,18804839.21,,6965,41540.53,1053524.6,N,N,N,N,2022
State,53,Washington,Humalog Kwikpen U-100,Insulin Lispro,4201,28336,55691.4,26064661.62,9169,,22138,44744.5,20216239.25,,7275,42591.1,1243385.93,N,N,N,N,2022
State,54,West Virginia,Humalog Kwikpen U-100,Insulin Lispro,1192,8665,14870.7,7657912.57,2865,,6074,10621.4,5020266.9,,2035,15049.75,193156.02,N,N,N,N,2022
State,55,Wisconsin,Humalog Kwikpen U-100,Insulin Lispro,3383,30744,58608.8,34256028.46,9456,,23545,46170.7,25554548.54,,7300,32482.62,1160266.46,N,N,N,N,2022
State,56,Wyoming,Humalog Kwikpen U-100,Insulin Lispro,223,1282,2141.8,1035364.95,368,,999,1742.9,840104.5,,295,1770.64,50089.99,N,N,N,N,2022
State,66,Guam,Humalog Kwikpen U-100,Insulin Lispro,16,167,184.9,91213.26,35,,121,134.8,58588.41,#,,884.53,12983.29,N,N,N,N,2022
State,72,Puerto Rico,Humalog Kwikpen U-100,Insulin Lispro,1147,11031,16993,7161361.63,2560,,7867,12433.6,4973120.38,,1871,579.35,29999.4,N,N,N,N,2022
State,78,Virgin Islands,Humalog Kwikpen U-100,Insulin Lispro,42,627,855.6,391184.81,144,,589,803.9,368540.5,#,,470.06,45951.92,N,N,N,N,2022
State,9B,Armed Forces Europe,Humalog Kwikpen U-100,Insulin Lispro,4,57,87.8,51876.16,15,,28,50.4,29592.15,*,,19.7,1119.93,N,N,N,N,2022
State,9C,Armed Forces Pacific,Humalog Kwikpen U-100,Insulin Lispro,2,70,165.6,104986.43,25,,55,126.1,78749.22,#,,193.25,3484.15,N,N,N,N,2022
State,9D,Unknown,Humalog Kwikpen U-100,Insulin Lispro,3,24,55.1,23928.22,,#,,,,*,,37.55,2425.14,N,N,N,N,2022
State,9E,Foreign Country,Humalog Kwikpen U-100,Insulin Lispro,7,14,21.4,7795.31,,#,,,,*,,8,654.51,N,N,N,N,2022
National,,National,Humalog Kwikpen U-200,Insulin Lispro,26089,129552,226962.2,194971612.87,36146,,92610,167794.9,133567157.39,,26668,206102.05,5311627.58,N,N,N,N,2022
State,01,Alabama,Humalog Kwikpen U-200,Insulin Lispro,606,3324,5379.2,4007479.57,885,,2252,3643.5,2559530.77,,590,8448.7,104825.58,N,N,N,N,2022
State,02,Alaska,Humalog Kwikpen U-200,Insulin Lispro,38,162,318.3,281404.48,60,,141,273.2,243801.6,#,,152.35,5345.23,N,N,N,N,2022
State,04,Arizona,Humalog Kwikpen U-200,Insulin Lispro,560,2533,4888.3,3485007.75,808,,1991,3881,2569879.87,,641,2663.65,123385.45,N,N,N,N,2022
State,05,Arkansas,Humalog Kwikpen U-200,Insulin Lispro,197,1001,1473.4,1408725.96,260,,663,953.7,756381.42,,169,1645.51,33316.37,N,N,N,N,2022
State,06,California,Humalog Kwikpen U-200,Insulin Lispro,1742,8308,14553.3,11107395.47,2442,,6853,12153.1,8982959.09,,2005,14241.93,341715.52,N,N,N,N,2022
State,08,Colorado,Humalog Kwikpen U-200,Insulin Lispro,257,1009,1797.8,1720057.95,317,,683,1300.1,1159475.16,,236,2370.46,50361.13,N,N,N,N,2022
State,09,Connecticut,Humalog Kwikpen U-200,Insulin Lispro,321,1961,3874,3585075.11,568,,1415,2895.5,2425910.21,,432,2155.69,64083.49,N,N,N,N,2022
State,10,Delaware,Humalog Kwikpen U-200,Insulin Lispro,104,535,1036.7,804952.48,183,,363,730,509895.61,,128,572.4,16713.15,N,N,N,N,2022
State,11,District of Columbia,Humalog Kwikpen U-200,Insulin Lispro,44,204,367.2,216279.65,60,,114,221.7,143953.87,,35,234.6,1764.29,N,N,N,N,2022
State,12,Florida,Humalog Kwikpen U-200,Insulin Lispro,1679,7933,14704.4,11000650.93,2467,,6116,11508.9,8162287.74,,1911,10042.16,319964.45,N,N,N,N,2022
State,13,Georgia,Humalog Kwikpen U-200,Insulin Lispro,821,3997,6929.9,5664781.01,1149,,2940,5175.9,4092418,,862,8082.11,167049.69,N,N,N,N,2022
State,15,Hawaii,Humalog Kwikpen U-200,Insulin Lispro,40,133,298.6,244515.71,45,,98,229.3,175126.1,#,,889.75,4415.11,N,N,N,N,2022
State,16,Idaho,Humalog Kwikpen U-200,Insulin Lispro,118,535,882.3,777691.69,155,,398,639.5,526353.32,,113,1077.85,29672.13,N,N,N,N,2022
State,17,Illinois,Humalog Kwikpen U-200,Insulin Lispro,1018,4669,8232.4,7270997.79,1451,,3407,6239.7,4986812.67,,1113,6074.94,235744.03,N,N,N,N,2022
State,18,Indiana,Humalog Kwikpen U-200,Insulin Lispro,780,4385,7582.6,7455190.52,1159,,2811,5099.5,4427620.61,,785,5331.04,170135.23,N,N,N,N,2022
State,19,Iowa,Humalog Kwikpen U-200,Insulin Lispro,205,1137,1801.9,2214658.53,276,,782,1281.9,1398110.85,,193,1897.88,53581.11,N,N,N,N,2022
State,20,Kansas,Humalog Kwikpen U-200,Insulin Lispro,251,1148,1876.2,1710981.13,293,,847,1408.2,1185802.21,,224,2441.01,63838.93,N,N,N,N,2022
State,21,Kentucky,Humalog Kwikpen U-200,Insulin Lispro,476,2563,4168.7,4193915.5,685,,1517,2614.9,2366348.79,,429,6273.4,90579.72,N,N,N,N,2022
State,22,Louisiana,Humalog Kwikpen U-200,Insulin Lispro,311,1425,2172.2,1781876.14,396,,899,1415.4,1101481.97,,263,2036.47,40286.61,N,N,N,N,2022
State,23,Maine,Humalog Kwikpen U-200,Insulin Lispro,123,490,877.3,1149416.29,151,,269,523.8,577837.71,,86,406.9,18914.87,N,N,N,N,2022
State,24,Maryland,Humalog Kwikpen U-200,Insulin Lispro,383,1718,3324.6,2622471.12,539,,1227,2467.8,1816707.1,,395,4669.91,71278.03,N,N,N,N,2022
State,25,Massachusetts,Humalog Kwikpen U-200,Insulin Lispro,558,2313,3922,3647508.3,683,,1674,2955.8,2366539.33,,504,4215.81,106518.1,N,N,N,N,2022
State,26,Michigan,Humalog Kwikpen U-200,Insulin Lispro,900,3651,7473.2,6035899.27,1169,,2849,6126.8,4554289.39,,937,5347.98,126098.8,N,N,N,N,2022
State,27,Minnesota,Humalog Kwikpen U-200,Insulin Lispro,345,1481,2507.5,2601546.27,396,,1127,1929.8,1879840.14,,294,1078.15,84451.31,N,N,N,N,2022
State,28,Mississippi,Humalog Kwikpen U-200,Insulin Lispro,138,538,833.7,765137.15,155,,332,545.6,418589.51,,97,1009.9,13519.59,N,N,N,N,2022
State,29,Missouri,Humalog Kwikpen U-200,Insulin Lispro,538,3236,5300,5219445.91,798,,2069,3569.9,3202707.57,,535,4164.78,151782.45,N,N,N,N,2022
State,30,Montana,Humalog Kwikpen U-200,Insulin Lispro,54,287,430.2,455493.72,69,,198,321.9,347682.12,,51,241.3,12646.13,N,N,N,N,2022
State,31,Nebraska,Humalog Kwikpen U-200,Insulin Lispro,149,821,1210.6,1495767.22,174,,531,816.6,913792.37,,119,548.7,31242.37,N,N,N,N,2022
State,32,Nevada,Humalog Kwikpen U-200,Insulin Lispro,240,972,1888.1,1466294,338,,762,1496.5,1107056.69,,272,2570.75,54169.26,N,N,N,N,2022
State,33,New Hampshire,Humalog Kwikpen U-200,Insulin Lispro,110,659,1230.6,1269653.78,188,,432,858.1,806002.59,,125,628.36,46094.11,N,N,N,N,2022
State,34,New Jersey,Humalog Kwikpen U-200,Insulin Lispro,892,5898,10603.3,7360506.31,1574,,4642,8597.3,5781825.67,,1262,4891.44,199972.61,N,N,N,N,2022
State,35,New Mexico,Humalog Kwikpen U-200,Insulin Lispro,180,736,1326.5,1151981.63,237,,524,994.2,807638.67,,177,1414.55,35781.38,N,N,N,N,2022
State,36,New York,Humalog Kwikpen U-200,Insulin Lispro,1549,7431,12965.3,11204868.04,2063,,5696,10275.5,8280139.75,,1618,8567.98,277359.06,N,N,N,N,2022
State,37,North Carolina,Humalog Kwikpen U-200,Insulin Lispro,991,5171,8162.1,7134231.87,1378,,3526,5714.7,4867754.01,,955,9031.45,192325.19,N,N,N,N,2022
State,38,North Dakota,Humalog Kwikpen U-200,Insulin Lispro,54,201,319.6,376148.66,55,,121,197.2,236930.76,,34,753.06,12687.99,N,N,N,N,2022
State,39,Ohio,Humalog Kwikpen U-200,Insulin Lispro,1331,7269,12323.8,11818486.6,1955,,4865,8769.5,7966645.53,,1385,7953.45,342999.19,N,N,N,N,2022
State,40,Oklahoma,Humalog Kwikpen U-200,Insulin Lispro,323,1514,2693.9,2291795.82,429,,989,1851,1441757.47,,299,1836,60192.84,N,N,N,N,2022
State,41,Oregon,Humalog Kwikpen U-200,Insulin Lispro,247,1049,1854.4,2104704.73,302,,764,1372.3,1377129.45,,222,1857.21,59646.07,N,N,N,N,2022
State,42,Pennsylvania,Humalog Kwikpen U-200,Insulin Lispro,1093,5759,9704.4,7729834.82,1509,,3985,6945.5,5143214.47,,1080,9803.25,236918.42,N,N,N,N,2022
State,44,Rhode Island,Humalog Kwikpen U-200,Insulin Lispro,76,455,763.8,757346.45,115,,323,559,482046.89,,82,1591.69,20280.17,N,N,N,N,2022
State,45,South Carolina,Humalog Kwikpen U-200,Insulin Lispro,713,3598,6043.5,4710019.68,1013,,2485,4303.9,3031946.11,,732,6021.08,139707.44,N,N,N,N,2022
State,46,South Dakota,Humalog Kwikpen U-200,Insulin Lispro,36,244,356.7,423548.69,53,,158,245.4,251347.88,,31,853.76,14532.5,N,N,N,N,2022
State,47,Tennessee,Humalog Kwikpen U-200,Insulin Lispro,799,3907,6608.3,5732663.5,1115,,2432,4308.6,3489077.4,,721,10548.79,128601.41,N,N,N,N,2022
State,48,Texas,Humalog Kwikpen U-200,Insulin Lispro,2625,13035,24516.8,19060441.06,4086,,9242,17733.7,12958849.74,,2960,26793.94,497247.35,N,N,N,N,2022
State,49,Utah,Humalog Kwikpen U-200,Insulin Lispro,254,1190,2223,2127599.69,337,,980,1880.9,1737035.16,,283,1384.43,77802.17,N,N,N,N,2022
State,50,Vermont,Humalog Kwikpen U-200,Insulin Lispro,41,166,318.6,497855.01,48,,96,203.2,269040.35,,31,151.23,5145.91,N,N,N,N,2022
State,51,Virginia,Humalog Kwikpen U-200,Insulin Lispro,563,2968,5053.3,4480221.69,815,,2007,3566.5,2933164.11,,590,4885.59,144992.89,N,N,N,N,2022
State,53,Washington,Humalog Kwikpen U-200,Insulin Lispro,394,1796,3303.3,4092511.54,502,,1323,2497.8,2740657.23,,379,1660.68,86736.67,N,N,N,N,2022
State,54,West Virginia,Humalog Kwikpen U-200,Insulin Lispro,198,937,1595.8,1468563.74,258,,650,1133.7,955998.79,,177,2876.68,34498.06,N,N,N,N,2022
State,55,Wisconsin,Humalog Kwikpen U-200,Insulin Lispro,433,2001,3361.4,3712745.72,553,,1292,2304.8,2368977.01,,385,1539.6,97950.11,N,N,N,N,2022
State,56,Wyoming,Humalog Kwikpen U-200,Insulin Lispro,26,97,175.7,106949.01,31,,84,150.9,95652.26,#,,108.35,4914.53,N,N,N,N,2022
State,72,Puerto Rico,Humalog Kwikpen U-200,Insulin Lispro,155,926,1248.6,810736.92,192,,619,852.2,502110.83,,130,8,4591.86,N,N,N,N,2022
State,9B,Armed Forces Europe,Humalog Kwikpen U-200,Insulin Lispro,2,39,58.5,114210.8,,,21,27.5,50966.64,*,,31.7,1314.6,N,N,N,N,2022
State,9E,Foreign Country,Humalog Kwikpen U-200,Insulin Lispro,3,15,16.7,10299.7,,*,,,,*,,4,311.08,N,N,N,N,2022
National,,National,Insulin Lispro,Insulin Lispro,42331,204926,273519.7,40512035.51,69563,,150665,199675.5,27794119.42,,51516,303009.38,3837718.82,N,N,N,N,2022
State,01,Alabama,Insulin Lispro,Insulin Lispro,574,2968,4328.5,728259.05,1005,,2083,2955.1,472288.69,,696,6074.67,72468.84,N,N,N,N,2022
State,02,Alaska,Insulin Lispro,Insulin Lispro,63,204,384.2,60915.18,78,,159,317.2,45938.59,,63,128.95,5375.79,N,N,N,N,2022
State,04,Arizona,Insulin Lispro,Insulin Lispro,1654,6916,10433.7,1509382.51,2703,,5074,7804.5,1097395.85,,1995,10896.54,153344.94,N,N,N,N,2022
State,05,Arkansas,Insulin Lispro,Insulin Lispro,574,3017,3733.1,587489.95,964,,1882,2262.7,316323.14,,622,6935.77,45921.36,N,N,N,N,2022
State,06,California,Insulin Lispro,Insulin Lispro,3500,16018,20194.3,2560840.24,5573,,12680,15927.5,1976522.35,,4424,18745.46,221451.9,N,N,N,N,2022
State,08,Colorado,Insulin Lispro,Insulin Lispro,692,2973,4487.5,695903.75,982,,2280,3469.9,503786.16,,751,3788.5,93268.19,N,N,N,N,2022
State,09,Connecticut,Insulin Lispro,Insulin Lispro,551,2932,3680.1,500764.24,1006,,2322,2858.9,365702.23,,799,2618.78,24325.33,N,N,N,N,2022
State,10,Delaware,Insulin Lispro,Insulin Lispro,75,334,474,75952.47,125,,240,337.5,47340.05,,91,337.29,7252.61,N,N,N,N,2022
State,11,District of Columbia,Insulin Lispro,Insulin Lispro,64,206,266.1,35807.99,81,,143,194.5,23728.3,,56,125.8,3114.53,N,N,N,N,2022
State,12,Florida,Insulin Lispro,Insulin Lispro,2872,13826,19324,2756572.57,4877,,10922,15091.8,2062919.76,,3857,16880.41,220403.79,N,N,N,N,2022
State,13,Georgia,Insulin Lispro,Insulin Lispro,1536,8373,12002.7,1899901.14,2751,,6270,8972,1400602.47,,2035,15688.4,210586.64,N,N,N,N,2022
State,15,Hawaii,Insulin Lispro,Insulin Lispro,40,184,243.2,31832.65,55,,149,199.1,27391.03,,44,95.22,1785.06,N,N,N,N,2022
State,16,Idaho,Insulin Lispro,Insulin Lispro,221,851,1386.9,214808.78,322,,656,1098.9,154951.45,,247,1832.11,36616.39,N,N,N,N,2022
State,17,Illinois,Insulin Lispro,Insulin Lispro,1711,8352,10151.7,1299887.37,3261,,6373,7777.8,958607.22,,2470,9884.91,127580.44,N,N,N,N,2022
State,18,Indiana,Insulin Lispro,Insulin Lispro,1225,8269,10520,1635799.66,2569,,6028,7495.7,1078755.61,,1874,12094.52,144842,N,N,N,N,2022
State,19,Iowa,Insulin Lispro,Insulin Lispro,558,3104,3886.2,619072.02,901,,2041,2544.6,380170.7,,613,4448.45,46400.22,N,N,N,N,2022
State,20,Kansas,Insulin Lispro,Insulin Lispro,310,1403,1865.4,341341.79,442,,986,1325.1,239350.06,,319,2236.28,44519.83,N,N,N,N,2022
State,21,Kentucky,Insulin Lispro,Insulin Lispro,767,4531,5790.7,1058276,1468,,2801,3526.5,558989.04,,955,8880.71,93067.37,N,N,N,N,2022
State,22,Louisiana,Insulin Lispro,Insulin Lispro,515,2208,2810.9,422400.92,809,,1577,2010.1,294731.81,,577,3690.04,41980.18,N,N,N,N,2022
State,23,Maine,Insulin Lispro,Insulin Lispro,375,1902,2762.2,446265.4,557,,1346,1878.7,268884.53,,391,2638.5,27038.51,N,N,N,N,2022
State,24,Maryland,Insulin Lispro,Insulin Lispro,460,1392,1915.7,251478.73,645,,1010,1417.1,179041.33,,475,2124.09,23074.64,N,N,N,N,2022
State,25,Massachusetts,Insulin Lispro,Insulin Lispro,855,4231,5076.5,644902.03,1666,,3495,4169.1,501442.4,,1355,4846.54,49392.98,N,N,N,N,2022
State,26,Michigan,Insulin Lispro,Insulin Lispro,1062,4235,5373.1,697182.68,1667,,3175,4038,502489.39,,1222,3749.04,82912.46,N,N,N,N,2022
State,27,Minnesota,Insulin Lispro,Insulin Lispro,379,1492,2415.3,407356.36,505,,1169,1942.5,318919.39,,398,2121.77,47344.32,N,N,N,N,2022
State,28,Mississippi,Insulin Lispro,Insulin Lispro,422,2168,2626.4,345997.65,757,,1592,1896.5,237185.18,,530,1805.64,31642.3,N,N,N,N,2022
State,29,Missouri,Insulin Lispro,Insulin Lispro,810,4624,6114.4,966142.69,1471,,3079,4046.8,602655.97,,994,7720.28,104003.29,N,N,N,N,2022
State,30,Montana,Insulin Lispro,Insulin Lispro,68,189,275.2,50767.79,87,,161,241.7,43578.4,,73,268.2,7394.27,N,N,N,N,2022
State,31,Nebraska,Insulin Lispro,Insulin Lispro,256,1070,1486.9,233808.89,356,,783,1061.3,151519.49,,263,1481.96,25193.41,N,N,N,N,2022
State,32,Nevada,Insulin Lispro,Insulin Lispro,270,821,1247.2,202274.31,344,,627,955,151826.11,,251,1286.63,26200.01,N,N,N,N,2022
State,33,New Hampshire,Insulin Lispro,Insulin Lispro,227,1107,1459,223054.74,317,,855,1093.2,157527.88,,251,1665.19,24043.19,N,N,N,N,2022
State,34,New Jersey,Insulin Lispro,Insulin Lispro,1134,6083,7126.5,818780.47,2186,,4726,5526.6,618114.1,,1703,5221,56817.54,N,N,N,N,2022
State,35,New Mexico,Insulin Lispro,Insulin Lispro,266,1255,1710.1,230322.02,436,,933,1227.4,156386.4,,321,2240.3,25917.75,N,N,N,N,2022
State,36,New York,Insulin Lispro,Insulin Lispro,2132,10412,13320.2,1910933.09,3525,,8429,10730.6,1446965.22,,2826,10873.84,164610.5,N,N,N,N,2022
State,37,North Carolina,Insulin Lispro,Insulin Lispro,1288,5988,7845.4,1229213.83,2015,,4135,5372.4,768777.83,,1422,12164.28,131392.73,N,N,N,N,2022
State,38,North Dakota,Insulin Lispro,Insulin Lispro,61,223,304.1,42134.39,79,,161,229.9,32539.56,,60,404.58,6879.12,N,N,N,N,2022
State,39,Ohio,Insulin Lispro,Insulin Lispro,2292,14828,18638.6,2846198.25,4520,,10170,12682.4,1814605.79,,3169,21685.72,288141.75,N,N,N,N,2022
State,40,Oklahoma,Insulin Lispro,Insulin Lispro,336,1259,1837.1,301416.37,467,,814,1201.9,178272.78,,321,2834.63,28243.96,N,N,N,N,2022
State,41,Oregon,Insulin Lispro,Insulin Lispro,675,2537,3504.2,502929.82,897,,1982,2713,373586.22,,697,5257.93,59146.87,N,N,N,N,2022
State,42,Pennsylvania,Insulin Lispro,Insulin Lispro,1727,8189,10352.3,1424784.59,2871,,6119,7677.9,958506.48,,2149,10299,130441.75,N,N,N,N,2022
State,44,Rhode Island,Insulin Lispro,Insulin Lispro,139,808,867.9,115027.29,249,,630,675.8,81657.24,,203,1805.98,7235.26,N,N,N,N,2022
State,45,South Carolina,Insulin Lispro,Insulin Lispro,639,2204,3375.7,505284.54,833,,1517,2305.9,326538.71,,565,5798.53,57927.8,N,N,N,N,2022
State,46,South Dakota,Insulin Lispro,Insulin Lispro,43,195,274.6,51361.43,70,,151,211.6,36677.09,,51,404.3,6800.39,N,N,N,N,2022
State,47,Tennessee,Insulin Lispro,Insulin Lispro,1505,7459,10370.4,1836176.17,2599,,4371,6048.8,987003.42,,1552,13203.98,127023.26,N,N,N,N,2022
State,48,Texas,Insulin Lispro,Insulin Lispro,3699,17116,24359.2,3610409.61,6166,,12430,17370.2,2442725.8,,4516,31742.75,318692.1,N,N,N,N,2022
State,49,Utah,Insulin Lispro,Insulin Lispro,405,1604,2527.9,447635.77,571,,1228,1969.1,344885.04,,442,3590.9,64986.53,N,N,N,N,2022
State,50,Vermont,Insulin Lispro,Insulin Lispro,70,328,455,66874.03,113,,303,421.8,60733.89,,100,362.9,8258.15,N,N,N,N,2022
State,51,Virginia,Insulin Lispro,Insulin Lispro,1135,5316,7220.9,1169067.78,1879,,3529,4739.9,702447.65,,1277,11035.24,107173.83,N,N,N,N,2022
State,53,Washington,Insulin Lispro,Insulin Lispro,931,3739,5350.9,776973.99,1332,,2881,4131.7,568690.52,,1016,4386.94,85415.21,N,N,N,N,2022
State,54,West Virginia,Insulin Lispro,Insulin Lispro,224,999,1326.5,198642.97,383,,728,941.9,127487.95,,280,1451.95,20732.57,N,N,N,N,2022
State,55,Wisconsin,Insulin Lispro,Insulin Lispro,721,3861,5213,815324.77,1084,,3031,4006.8,574393.14,,845,2907.02,92994.77,N,N,N,N,2022
State,56,Wyoming,Insulin Lispro,Insulin Lispro,49,150,182.9,24913.92,54,,122,154.3,22002.49,#,,102.5,4559.82,N,N,N,N,2022
State,66,Guam,Insulin Lispro,Insulin Lispro,2,14,14,1532.88,,#,,,,*,,28,0,N,N,N,N,2022
State,72,Puerto Rico,Insulin Lispro,Insulin Lispro,165,397,520.4,63048.83,179,,270,361.9,41409.13,,132,20.67,607.29,N,N,N,N,2022
State,9C,Armed Forces Pacific,Insulin Lispro,Insulin Lispro,2,21,55.3,9816.91,,*,,,,*,,23.06,989.44,N,N,N,N,2022
State,9E,Foreign Country,Insulin Lispro,Insulin Lispro,2,34,35.2,4131.94,,,22,22,2009.5,*,,29.85,185.64,N,N,N,N,2022
National,,National,Insulin Lispro Junior Kwikpen,Insulin Lispro,2399,5511,8923.6,883532.82,2458,,4035,6570.7,612476.94,,1788,6998.16,109006.27,N,N,N,N,2022
State,01,Alabama,Insulin Lispro Junior Kwikpen,Insulin Lispro,20,39,53.4,6680.6,22,,19,30.4,4038.73,#,,13.85,1137.73,N,N,N,N,2022
State,04,Arizona,Insulin Lispro Junior Kwikpen,Insulin Lispro,86,171,310,33863.44,83,,114,207.4,21124.19,,57,154.2,2665.37,N,N,N,N,2022
State,05,Arkansas,Insulin Lispro Junior Kwikpen,Insulin Lispro,14,27,53.8,4979.12,14,,12,27,2352.72,*,,38.5,456.08,N,N,N,N,2022
State,06,California,Insulin Lispro Junior Kwikpen,Insulin Lispro,252,531,961.2,83967.8,262,,431,773,66971.5,,206,737.7,11529.31,N,N,N,N,2022
State,08,Colorado,Insulin Lispro Junior Kwikpen,Insulin Lispro,37,88,198.3,16699.64,45,,71,156.7,13246.76,,34,0,3096.56,N,N,N,N,2022
State,09,Connecticut,Insulin Lispro Junior Kwikpen,Insulin Lispro,43,93,204.1,19321.18,44,,72,156.5,14067.1,,31,88.95,2951.41,N,N,N,N,2022
State,10,Delaware,Insulin Lispro Junior Kwikpen,Insulin Lispro,18,47,63,7668.51,16,#,,,,#,,12,812.93,N,N,N,N,2022
State,11,District of Columbia,Insulin Lispro Junior Kwikpen,Insulin Lispro,11,21,28,4145.87,12,*,,,,*,,16,0,N,N,N,N,2022
State,12,Florida,Insulin Lispro Junior Kwikpen,Insulin Lispro,238,580,807.6,70682.99,249,,477,674.2,56435.6,,205,566.04,7302.44,N,N,N,N,2022
State,13,Georgia,Insulin Lispro Junior Kwikpen,Insulin Lispro,63,171,253.7,28830.92,62,,116,174.2,17776.92,,42,445.36,3386.84,N,N,N,N,2022
State,16,Idaho,Insulin Lispro Junior Kwikpen,Insulin Lispro,8,14,23.6,3012.92,,*,,,,*,,33.85,309.85,N,N,N,N,2022
State,17,Illinois,Insulin Lispro Junior Kwikpen,Insulin Lispro,84,142,215.4,20687.51,87,,108,161.6,16453.3,,67,326.05,2277.88,N,N,N,N,2022
State,18,Indiana,Insulin Lispro Junior Kwikpen,Insulin Lispro,86,229,303.1,27198.28,94,,168,225.6,19413.88,,62,336.2,3107.39,N,N,N,N,2022
State,19,Iowa,Insulin Lispro Junior Kwikpen,Insulin Lispro,12,45,85.8,7634.36,15,,23,51.3,4197.02,*,,16,1651.42,N,N,N,N,2022
State,20,Kansas,Insulin Lispro Junior Kwikpen,Insulin Lispro,9,22,38,5398.01,,#,,,,*,,9.85,749.61,N,N,N,N,2022
State,21,Kentucky,Insulin Lispro Junior Kwikpen,Insulin Lispro,28,91,132.4,15122.52,31,,67,94.9,11491.75,#,,49.25,1541.08,N,N,N,N,2022
State,22,Louisiana,Insulin Lispro Junior Kwikpen,Insulin Lispro,20,40,77.1,7491.12,20,,18,43.2,2791.83,*,,94.8,745.27,N,N,N,N,2022
State,23,Maine,Insulin Lispro Junior Kwikpen,Insulin Lispro,15,33,68.5,7391.25,13,,19,38.7,3443.96,*,,50.95,813.28,N,N,N,N,2022
State,24,Maryland,Insulin Lispro Junior Kwikpen,Insulin Lispro,40,94,114.9,10667.55,36,,72,88.4,7822.66,#,,41.55,1528.32,N,N,N,N,2022
State,25,Massachusetts,Insulin Lispro Junior Kwikpen,Insulin Lispro,49,107,185.4,19054.1,51,,73,128.5,12290.41,,36,177.9,2932.35,N,N,N,N,2022
State,26,Michigan,Insulin Lispro Junior Kwikpen,Insulin Lispro,47,92,149.8,12200.84,44,,68,90.4,6927.11,,28,57.55,748.38,N,N,N,N,2022
State,27,Minnesota,Insulin Lispro Junior Kwikpen,Insulin Lispro,24,47,95.6,9438.78,26,,34,60.9,5526.22,,15,0,1809.69,N,N,N,N,2022
State,29,Missouri,Insulin Lispro Junior Kwikpen,Insulin Lispro,32,75,97.6,10019.28,36,#,,,,#,,50.02,2155,N,N,N,N,2022
State,31,Nebraska,Insulin Lispro Junior Kwikpen,Insulin Lispro,4,11,18.5,2412.45,,*,,,,*,,9.85,252.65,N,N,N,N,2022
State,32,Nevada,Insulin Lispro Junior Kwikpen,Insulin Lispro,18,37,65.9,8184.97,18,#,,,,#,,59.1,1203.42,N,N,N,N,2022
State,33,New Hampshire,Insulin Lispro Junior Kwikpen,Insulin Lispro,6,15,20.7,2640.73,,#,,,,*,,21.85,385,N,N,N,N,2022
State,34,New Jersey,Insulin Lispro Junior Kwikpen,Insulin Lispro,91,205,308.7,32043.24,93,,152,235,21667.76,,73,293.06,2562.91,N,N,N,N,2022
State,35,New Mexico,Insulin Lispro Junior Kwikpen,Insulin Lispro,20,37,67.8,5821.95,19,,26,49.7,3721.96,#,,33.55,715.61,N,N,N,N,2022
State,36,New York,Insulin Lispro Junior Kwikpen,Insulin Lispro,190,417,642.8,63707.52,182,,306,487.6,46872.54,,135,542.47,6090.99,N,N,N,N,2022
State,37,North Carolina,Insulin Lispro Junior Kwikpen,Insulin Lispro,61,152,212.5,21619.74,64,,72,103.7,9880.77,,33,98.8,3923.49,N,N,N,N,2022
State,39,Ohio,Insulin Lispro Junior Kwikpen,Insulin Lispro,155,419,628.9,70000.05,167,,300,445.1,45635.43,,117,577.42,8312.5,N,N,N,N,2022
State,40,Oklahoma,Insulin Lispro Junior Kwikpen,Insulin Lispro,10,16,38.8,3791.08,,#,,,,*,,39.4,441.2,N,N,N,N,2022
State,41,Oregon,Insulin Lispro Junior Kwikpen,Insulin Lispro,24,55,108.4,9805.59,27,,39,85.1,6960.36,#,,23.7,2210.34,N,N,N,N,2022
State,42,Pennsylvania,Insulin Lispro Junior Kwikpen,Insulin Lispro,106,296,469.9,36834.08,121,,241,368.6,26768.83,,95,292.7,3279.75,N,N,N,N,2022
State,45,South Carolina,Insulin Lispro Junior Kwikpen,Insulin Lispro,42,85,156.8,21966.89,42,,69,134,15808.92,#,,68.95,3291.14,N,N,N,N,2022
State,47,Tennessee,Insulin Lispro Junior Kwikpen,Insulin Lispro,56,122,213.7,26266.64,54,,78,144.9,19134.33,,35,187.67,3587.81,N,N,N,N,2022
State,48,Texas,Insulin Lispro Junior Kwikpen,Insulin Lispro,187,393,677.8,77310.24,196,,277,479.4,49758.15,,139,890.74,6500.62,N,N,N,N,2022
State,49,Utah,Insulin Lispro Junior Kwikpen,Insulin Lispro,10,31,57.5,6204.32,11,#,,,,*,,47.4,1129.74,N,N,N,N,2022
State,51,Virginia,Insulin Lispro Junior Kwikpen,Insulin Lispro,69,153,216.4,17174.77,71,,106,142.6,12564.15,,52,118.19,2808.65,N,N,N,N,2022
State,53,Washington,Insulin Lispro Junior Kwikpen,Insulin Lispro,37,97,193.5,18329.58,39,,57,132.7,12060.92,#,,127.74,3944.73,N,N,N,N,2022
State,54,West Virginia,Insulin Lispro Junior Kwikpen,Insulin Lispro,3,15,18,1766.25,,#,,,,*,,9.85,41.31,N,N,N,N,2022
State,55,Wisconsin,Insulin Lispro Junior Kwikpen,Insulin Lispro,44,87,163.8,13838.07,43,,63,117,8816.89,,27,167.75,2898.58,N,N,N,N,2022
National,,National,Insulin Lispro Kwikpen U-100,Insulin Lispro,96399,606990,915737.7,122779702.78,198735,,450167,682152.7,86378717.23,,148344,836225.88,11345842.15,N,N,N,N,2022
State,01,Alabama,Insulin Lispro Kwikpen U-100,Insulin Lispro,1335,7749,13184.7,1987286.2,2902,,5378,9251.5,1376063.14,,2014,13119.68,213327.18,N,N,N,N,2022
State,02,Alaska,Insulin Lispro Kwikpen U-100,Insulin Lispro,170,598,1141.8,155532.73,260,,503,985.2,130821.36,,208,823.3,12883.15,N,N,N,N,2022
State,04,Arizona,Insulin Lispro Kwikpen U-100,Insulin Lispro,2466,13953,23537.6,3194394.44,5327,,10482,18011.8,2342449.31,,4082,18904.15,343732.1,N,N,N,N,2022
State,05,Arkansas,Insulin Lispro Kwikpen U-100,Insulin Lispro,991,5840,8534.7,1416195.32,1879,,3329,4913.8,768508.03,,1112,13630.71,100848.34,N,N,N,N,2022
State,06,California,Insulin Lispro Kwikpen U-100,Insulin Lispro,6922,40419,59208.4,6556964.9,14211,,32021,47068.7,5056529.49,,11291,50282.98,596754.26,N,N,N,N,2022
State,08,Colorado,Insulin Lispro Kwikpen U-100,Insulin Lispro,1385,7021,11178.5,1361125.68,2402,,5436,8749.2,1034756.75,,1852,7445.61,159333.14,N,N,N,N,2022
State,09,Connecticut,Insulin Lispro Kwikpen U-100,Insulin Lispro,1421,9410,15788.9,1964441.53,3029,,6956,11829.6,1391326.71,,2304,9402.68,98288.14,N,N,N,N,2022
State,10,Delaware,Insulin Lispro Kwikpen U-100,Insulin Lispro,349,1952,3049,390148.77,748,,1350,2164.2,266417.61,,541,2601.11,39697.79,N,N,N,N,2022
State,11,District of Columbia,Insulin Lispro Kwikpen U-100,Insulin Lispro,206,839,1416.9,163368.3,300,,526,913.9,101394.7,,197,895.96,7798.12,N,N,N,N,2022
State,12,Florida,Insulin Lispro Kwikpen U-100,Insulin Lispro,6178,40306,60740.6,7779447.55,13395,,32233,48442.2,5953606.39,,10714,49326.3,709274.6,N,N,N,N,2022
State,13,Georgia,Insulin Lispro Kwikpen U-100,Insulin Lispro,2810,18079,30209.7,4355565.51,6334,,13877,23482.3,3276501.23,,4882,36578.79,493362.15,N,N,N,N,2022
State,15,Hawaii,Insulin Lispro Kwikpen U-100,Insulin Lispro,156,683,1218,142398.6,241,,479,866.2,95042.23,,175,595.01,8445.93,N,N,N,N,2022
State,16,Idaho,Insulin Lispro Kwikpen U-100,Insulin Lispro,542,3422,4971.4,629450.25,1089,,2734,3988.4,506296.96,,849,5234.36,81910.44,N,N,N,N,2022
State,17,Illinois,Insulin Lispro Kwikpen U-100,Insulin Lispro,3486,18450,27650.3,3697798.9,7234,,14467,21898.6,2843627.95,,5532,25394.42,421909.18,N,N,N,N,2022
State,18,Indiana,Insulin Lispro Kwikpen U-100,Insulin Lispro,3043,28225,41075.1,6081739.33,8394,,19708,28685.3,3896462.46,,5875,34303.99,509688.91,N,N,N,N,2022
State,19,Iowa,Insulin Lispro Kwikpen U-100,Insulin Lispro,1272,7921,11209.8,1738740.69,2365,,5352,7566.7,1096127.73,,1633,9222.49,144267.81,N,N,N,N,2022
State,20,Kansas,Insulin Lispro Kwikpen U-100,Insulin Lispro,1106,7237,10397,1692758.09,2331,,5201,7476.7,1159686.01,,1686,10253.04,187204.03,N,N,N,N,2022
State,21,Kentucky,Insulin Lispro Kwikpen U-100,Insulin Lispro,1786,11688,16771.6,2482362.85,3918,,7599,10931.7,1510899.45,,2547,22339.06,223896.07,N,N,N,N,2022
State,22,Louisiana,Insulin Lispro Kwikpen U-100,Insulin Lispro,1184,6643,10189.8,1346050.66,2438,,4713,7291.7,937202.96,,1724,7026.23,104578.36,N,N,N,N,2022
State,23,Maine,Insulin Lispro Kwikpen U-100,Insulin Lispro,658,3093,5286.1,846894.7,1078,,2296,3925,577083.33,,778,3449.86,65835.1,N,N,N,N,2022
State,24,Maryland,Insulin Lispro Kwikpen U-100,Insulin Lispro,1139,4677,7358.6,874572.99,1963,,3595,5736.1,672802.4,,1505,7158.97,100436.21,N,N,N,N,2022
State,25,Massachusetts,Insulin Lispro Kwikpen U-100,Insulin Lispro,1598,7710,11645.4,1376672.73,2930,,6483,9826.4,1117137.02,,2376,11343.06,112507.41,N,N,N,N,2022
State,26,Michigan,Insulin Lispro Kwikpen U-100,Insulin Lispro,2338,11031,15983,1880926.18,4374,,8558,12543.2,1419943.18,,3371,10534,249404.3,N,N,N,N,2022
State,27,Minnesota,Insulin Lispro Kwikpen U-100,Insulin Lispro,1583,6752,10711.7,1594906.69,2428,,5678,9150,1334018.7,,1987,7753.28,180117.12,N,N,N,N,2022
State,28,Mississippi,Insulin Lispro Kwikpen U-100,Insulin Lispro,622,3179,4530.8,677240.78,1135,,1978,2863.8,395707.18,,724,4862.36,46738.4,N,N,N,N,2022
State,29,Missouri,Insulin Lispro Kwikpen U-100,Insulin Lispro,2414,19373,28183.1,4231340.01,5877,,13055,19144,2654458.7,,4049,29269.99,373955.25,N,N,N,N,2022
State,30,Montana,Insulin Lispro Kwikpen U-100,Insulin Lispro,153,539,829.5,112629.86,226,,449,686.8,90716.45,,185,1022.49,17997.52,N,N,N,N,2022
State,31,Nebraska,Insulin Lispro Kwikpen U-100,Insulin Lispro,686,3873,5670.6,776828.65,1258,,2689,3965.9,518904.34,,888,4544.44,74403.5,N,N,N,N,2022
State,32,Nevada,Insulin Lispro Kwikpen U-100,Insulin Lispro,730,3518,5531.2,810642.32,1345,,2676,4325,627127.02,,1035,8851.65,94072.91,N,N,N,N,2022
State,33,New Hampshire,Insulin Lispro Kwikpen U-100,Insulin Lispro,431,2122,3227.7,510571.65,757,,1555,2416.5,367372.81,,574,4011.88,62150.4,N,N,N,N,2022
State,34,New Jersey,Insulin Lispro Kwikpen U-100,Insulin Lispro,2406,16492,24192.1,2720326.81,5425,,13091,19171.8,2058878,,4348,16584.94,253173.3,N,N,N,N,2022
State,35,New Mexico,Insulin Lispro Kwikpen U-100,Insulin Lispro,634,3346,5248.6,698672.08,1170,,2352,3791.9,468000.69,,846,8443.52,66578.69,N,N,N,N,2022
State,36,New York,Insulin Lispro Kwikpen U-100,Insulin Lispro,6518,43976,64587.1,8097310.46,13393,,35457,52456.8,6331276.6,,10819,46071.95,718124.33,N,N,N,N,2022
State,37,North Carolina,Insulin Lispro Kwikpen U-100,Insulin Lispro,3704,25177,35627.7,4675832.23,7878,,17580,24680.8,2969463.52,,5511,35358.92,384752.97,N,N,N,N,2022
State,38,North Dakota,Insulin Lispro Kwikpen U-100,Insulin Lispro,231,1082,1631.4,252062.4,371,,879,1357.8,200897.96,,297,1173.69,37068.3,N,N,N,N,2022
State,39,Ohio,Insulin Lispro Kwikpen U-100,Insulin Lispro,5812,46519,67025.1,9503002.78,14470,,31660,45962.5,6047196.9,,10110,63904.95,894456.15,N,N,N,N,2022
State,40,Oklahoma,Insulin Lispro Kwikpen U-100,Insulin Lispro,930,4445,7046.3,997647.85,1739,,2912,4693.8,620153.04,,1164,7798.88,99483.53,N,N,N,N,2022
State,41,Oregon,Insulin Lispro Kwikpen U-100,Insulin Lispro,1155,5321,8278.6,1163502.97,1859,,4065,6397.5,836994.18,,1415,8990.39,125628.46,N,N,N,N,2022
State,42,Pennsylvania,Insulin Lispro Kwikpen U-100,Insulin Lispro,4897,35601,50772.1,6073951.37,10734,,26583,37928.8,4287125.95,,7955,33915.45,509496.18,N,N,N,N,2022
State,44,Rhode Island,Insulin Lispro Kwikpen U-100,Insulin Lispro,260,1994,2532.9,261646.18,573,,1593,2031.6,193444,,460,3244.62,15028.13,N,N,N,N,2022
State,45,South Carolina,Insulin Lispro Kwikpen U-100,Insulin Lispro,1887,10486,16880.2,2208441.9,3673,,7289,11790.1,1432040.86,,2578,17555.2,199915.22,N,N,N,N,2022
State,46,South Dakota,Insulin Lispro Kwikpen U-100,Insulin Lispro,174,726,1143,187362.5,288,,565,888.2,141574.46,,219,829.75,24474.75,N,N,N,N,2022
State,47,Tennessee,Insulin Lispro Kwikpen U-100,Insulin Lispro,2628,15542,23480.8,3317970.03,5591,,10629,15999.2,2105445.42,,3838,25991.82,275699.53,N,N,N,N,2022
State,48,Texas,Insulin Lispro Kwikpen U-100,Insulin Lispro,7060,44913,74304.7,10228219.83,16493,,33174,54459.7,7114513.26,,12199,92092.26,797662.19,N,N,N,N,2022
State,49,Utah,Insulin Lispro Kwikpen U-100,Insulin Lispro,740,3973,6245.7,970414.79,1388,,3112,4939.4,745536.36,,1092,6024.81,128468.51,N,N,N,N,2022
State,50,Vermont,Insulin Lispro Kwikpen U-100,Insulin Lispro,216,921,1554.3,238561.12,346,,743,1224.8,177997.82,,268,1260.15,24769.64,N,N,N,N,2022
State,51,Virginia,Insulin Lispro Kwikpen U-100,Insulin Lispro,2564,17299,25377.1,3248511.51,5520,,12286,17887.4,2126663.39,,3915,24648.17,308038.51,N,N,N,N,2022
State,53,Washington,Insulin Lispro Kwikpen U-100,Insulin Lispro,2270,13078,19471.6,2489538.44,3970,,10367,15573.1,1882078.17,,3146,13049.16,239727.9,N,N,N,N,2022
State,54,West Virginia,Insulin Lispro Kwikpen U-100,Insulin Lispro,665,3229,4875.4,632186.58,1285,,2402,3616.4,427150.85,,922,4695.29,60388.19,N,N,N,N,2022
State,55,Wisconsin,Insulin Lispro Kwikpen U-100,Insulin Lispro,2272,15784,23902.1,3846757.78,4934,,11458,17285.2,2585470.37,,3590,12634.63,330468.93,N,N,N,N,2022
State,56,Wyoming,Insulin Lispro Kwikpen U-100,Insulin Lispro,111,369,495.1,60105.49,138,,308,411.9,48440.04,,113,645.67,10167.9,N,N,N,N,2022
State,66,Guam,Insulin Lispro Kwikpen U-100,Insulin Lispro,4,17,21.7,3396.92,,#,,,,*,,12,813.86,N,N,N,N,2022
State,69,Northern Mariana Islands,Insulin Lispro Kwikpen U-100,Insulin Lispro,4,31,31,2090.03,,,18,18,1612.28,*,,870.25,471.66,N,N,N,N,2022
State,72,Puerto Rico,Insulin Lispro Kwikpen U-100,Insulin Lispro,75,189,294.4,34015.86,93,,125,222.3,21817.98,,73,127.35,2055.27,N,N,N,N,2022
State,78,Virgin Islands,Insulin Lispro Kwikpen U-100,Insulin Lispro,9,28,44.1,5877.39,13,#,,,,*,,0,1107.37,N,N,N,N,2022
State,9B,Armed Forces Europe,Insulin Lispro Kwikpen U-100,Insulin Lispro,3,14,25.7,7347.57,,#,,,,*,,9.85,194.82,N,N,N,N,2022
State,9C,Armed Forces Pacific,Insulin Lispro Kwikpen U-100,Insulin Lispro,3,59,120.7,17282.95,24,#,,,,#,,0,1968.02,N,N,N,N,2022
State,9E,Foreign Country,Insulin Lispro Kwikpen U-100,Insulin Lispro,5,66,70.8,3517.09,29,,53,57.8,2791.29,#,,110.36,597.02,N,N,N,N,2022
National,,National,Admelog,Insulin Lispro,4056,14863,15687.6,1595086.99,6046,,11045,11541.7,1051537.1,,4406,24720.7,72540.36,N,N,N,N,2022
State,01,Alabama,Admelog,Insulin Lispro,26,85,86.8,6263.73,40,,72,72.1,4894.76,#,,31.7,466.34,N,N,N,N,2022
State,04,Arizona,Admelog,Insulin Lispro,46,123,124.7,9554.29,62,,83,84.7,6328.27,,41,101.25,310.93,N,N,N,N,2022
State,05,Arkansas,Admelog,Insulin Lispro,32,91,93.6,8447.13,40,,61,61.8,4299.43,,29,152.25,350,N,N,N,N,2022
State,06,California,Admelog,Insulin Lispro,777,2802,3014.5,316398.2,1110,,2146,2286.9,229143.66,,832,3418.71,8819.26,N,N,N,N,2022
State,08,Colorado,Admelog,Insulin Lispro,42,146,149.4,11519.71,59,,103,104.6,6942.29,,42,51.42,948.08,N,N,N,N,2022
State,09,Connecticut,Admelog,Insulin Lispro,26,97,97,7612.21,33,,84,84,6490.79,#,,315.08,249.99,N,N,N,N,2022
State,10,Delaware,Admelog,Insulin Lispro,11,60,60.1,4022.55,24,,46,46.1,2704.88,#,,4,0,N,N,N,N,2022
State,11,District of Columbia,Admelog,Insulin Lispro,12,27,27,3069.03,13,,13,13,1385.16,*,,91.4,0,N,N,N,N,2022
State,12,Florida,Admelog,Insulin Lispro,126,288,304.8,31734.62,152,,257,269.1,25781.77,,131,340.09,3497.65,N,N,N,N,2022
State,13,Georgia,Admelog,Insulin Lispro,104,403,424.6,42714.06,189,,287,297.2,27549.38,,142,1015.48,3946.98,N,N,N,N,2022
State,17,Illinois,Admelog,Insulin Lispro,161,664,701.9,58790.7,231,,542,569.1,39194.58,,165,484.91,1366.59,N,N,N,N,2022
State,18,Indiana,Admelog,Insulin Lispro,98,523,551.2,60265.33,185,,331,335.6,28906.7,,112,514.79,2269.77,N,N,N,N,2022
State,19,Iowa,Admelog,Insulin Lispro,15,30,30,2584.53,19,#,,,,#,,201.86,536.34,N,N,N,N,2022
State,20,Kansas,Admelog,Insulin Lispro,25,47,50.7,7510.82,32,,31,32.4,3726.85,,19,47.7,338.79,N,N,N,N,2022
State,21,Kentucky,Admelog,Insulin Lispro,80,176,198,22659.58,91,,128,142.9,14576.46,,65,657.73,1617.53,N,N,N,N,2022
State,22,Louisiana,Admelog,Insulin Lispro,27,112,114.7,13169.83,35,,87,87,10110.76,#,,144.3,1739.23,N,N,N,N,2022
State,23,Maine,Admelog,Insulin Lispro,15,127,127,13599.2,41,#,,,,#,,448.4,679.43,N,N,N,N,2022
State,24,Maryland,Admelog,Insulin Lispro,129,379,435.4,56881.21,186,,189,214.1,24214.59,,103,1237.3,827.11,N,N,N,N,2022
State,25,Massachusetts,Admelog,Insulin Lispro,49,186,189.2,21632.44,65,,165,166.2,17728.67,#,,90.06,467.8,N,N,N,N,2022
State,26,Michigan,Admelog,Insulin Lispro,135,329,363.5,32873.03,174,,252,279.7,25213.59,,127,574.81,2645.88,N,N,N,N,2022
State,27,Minnesota,Admelog,Insulin Lispro,8,17,17,1804.52,,#,,,,*,,12,0,N,N,N,N,2022
State,28,Mississippi,Admelog,Insulin Lispro,9,14,14,2088.38,,*,,,,*,,222.22,544.49,N,N,N,N,2022
State,29,Missouri,Admelog,Insulin Lispro,30,106,108.9,12028.83,54,,92,93.3,10426.95,#,,41.55,763.31,N,N,N,N,2022
State,31,Nebraska,Admelog,Insulin Lispro,3,11,11,732.69,,,11,11,732.69,*,,9.85,142.26,N,N,N,N,2022
State,32,Nevada,Admelog,Insulin Lispro,30,61,61.4,8336.14,31,,43,43.3,4530.49,,19,157.04,1215.39,N,N,N,N,2022
State,34,New Jersey,Admelog,Insulin Lispro,375,1028,1128.1,138865.05,420,,584,644.4,75747.29,,236,3743.58,1937.38,N,N,N,N,2022
State,35,New Mexico,Admelog,Insulin Lispro,38,80,89.2,12611.26,44,,32,35,4771.96,,24,143.1,482.85,N,N,N,N,2022
State,36,New York,Admelog,Insulin Lispro,628,2246,2344.7,257706.78,949,,1654,1715.2,158514.34,,689,2907.86,6195.68,N,N,N,N,2022
State,37,North Carolina,Admelog,Insulin Lispro,75,499,500.2,32392.39,181,,435,435.7,27310.16,,152,1973.86,2854.35,N,N,N,N,2022
State,39,Ohio,Admelog,Insulin Lispro,173,734,746.4,53385.09,320,,553,564.5,37447.51,,242,728.43,5197.8,N,N,N,N,2022
State,40,Oklahoma,Admelog,Insulin Lispro,54,790,790.8,55823.52,207,,601,601.1,41971.33,,163,368.75,3109.1,N,N,N,N,2022
State,41,Oregon,Admelog,Insulin Lispro,60,128,160,37584.66,63,,77,102.4,18908.11,,39,731.52,2304.73,N,N,N,N,2022
State,42,Pennsylvania,Admelog,Insulin Lispro,148,728,768.8,71401.94,306,,577,589.4,47779.79,,247,836.32,4573.86,N,N,N,N,2022
State,44,Rhode Island,Admelog,Insulin Lispro,30,80,92.4,18060.5,34,,39,40.3,9346.9,,15,583.75,119.7,N,N,N,N,2022
State,45,South Carolina,Admelog,Insulin Lispro,63,132,163.5,29464.7,69,,77,94.3,12677.37,,35,209.25,1213.96,N,N,N,N,2022
State,46,South Dakota,Admelog,Insulin Lispro,3,16,16,1506.97,,,16,16,1506.97,*,,0,845.34,N,N,N,N,2022
State,47,Tennessee,Admelog,Insulin Lispro,70,229,231.7,22991.39,109,,199,201.4,19782.1,,92,175.75,2676.4,N,N,N,N,2022
State,48,Texas,Admelog,Insulin Lispro,184,744,749.5,64269.22,305,,619,624.5,52452.37,,246,847.62,3022.46,N,N,N,N,2022
State,49,Utah,Admelog,Insulin Lispro,23,179,179,10599.3,61,,118,118,7069.21,,39,529.1,682.75,N,N,N,N,2022
State,51,Virginia,Admelog,Insulin Lispro,33,123,133.3,11427.45,50,,89,99.2,8670.66,,38,69.55,1245.44,N,N,N,N,2022
State,53,Washington,Admelog,Insulin Lispro,26,54,59.3,5933.4,30,#,,,,#,,25.85,787.98,N,N,N,N,2022
State,54,West Virginia,Admelog,Insulin Lispro,11,59,59.7,5102.92,21,#,,,,#,,367.41,343.93,N,N,N,N,2022
State,55,Wisconsin,Admelog,Insulin Lispro,22,62,63.8,3963.46,29,,46,47.8,2852.72,#,,12,232.5,N,N,N,N,2022
National,,National,Admelog Solostar,Insulin Lispro,9022,31936,38511.7,4560169.22,13458,,23445,27879,2926800.79,,9456,53618.91,180314.13,N,N,N,N,2022
State,01,Alabama,Admelog Solostar,Insulin Lispro,16,32,40.4,4104.22,21,#,,,,#,,127.7,350.77,N,N,N,N,2022
State,02,Alaska,Admelog Solostar,Insulin Lispro,9,34,47.1,8814.82,11,#,,,,*,,61.43,64,N,N,N,N,2022
State,04,Arizona,Admelog Solostar,Insulin Lispro,47,118,135.3,10917.54,60,,99,109.5,7337.21,,47,159.9,661.63,N,N,N,N,2022
State,05,Arkansas,Admelog Solostar,Insulin Lispro,11,17,20.6,3526.8,13,#,,,,*,,86.77,0,N,N,N,N,2022
State,06,California,Admelog Solostar,Insulin Lispro,1542,4595,6302.1,796965.41,2017,,3381,4552,540874.65,,1460,8357.55,17579.26,N,N,N,N,2022
State,08,Colorado,Admelog Solostar,Insulin Lispro,44,139,160.1,13548.57,58,,105,121.8,10190.94,,41,116.6,2036.09,N,N,N,N,2022
State,09,Connecticut,Admelog Solostar,Insulin Lispro,85,289,328.2,31120.22,122,,260,288.5,25072.32,,105,718.75,1953.53,N,N,N,N,2022
State,10,Delaware,Admelog Solostar,Insulin Lispro,8,20,21.4,3395.11,,#,,,,*,,40,81.41,N,N,N,N,2022
State,11,District of Columbia,Admelog Solostar,Insulin Lispro,46,85,128.1,16875.81,56,,46,70.1,8465.31,,30,284.65,54.95,N,N,N,N,2022
State,12,Florida,Admelog Solostar,Insulin Lispro,310,1622,1735.6,123663.22,603,,1443,1534.8,109155.11,,530,2947.36,6799.06,N,N,N,N,2022
State,13,Georgia,Admelog Solostar,Insulin Lispro,135,476,558.3,116619.13,284,,210,271.5,39284.72,,118,1487.71,7140.45,N,N,N,N,2022
State,15,Hawaii,Admelog Solostar,Insulin Lispro,18,31,50,8177.53,17,,20,39,6336.54,#,,44,246.66,N,N,N,N,2022
State,16,Idaho,Admelog Solostar,Insulin Lispro,28,61,85.7,7937.68,34,,50,70.3,6554.58,#,,276.14,1051.94,N,N,N,N,2022
State,17,Illinois,Admelog Solostar,Insulin Lispro,214,465,621.9,107566.72,234,,326,429.7,67063.58,,151,713.6,4304.16,N,N,N,N,2022
State,18,Indiana,Admelog Solostar,Insulin Lispro,381,831,1129.7,233336.75,451,,346,476.6,87914.78,,198,2370.69,9453.09,N,N,N,N,2022
State,19,Iowa,Admelog Solostar,Insulin Lispro,9,16,33.5,3586.7,12,#,,,,*,,21.85,121.03,N,N,N,N,2022
State,20,Kansas,Admelog Solostar,Insulin Lispro,53,157,176,26926.21,69,,97,107.2,15206.73,,43,165.12,864.44,N,N,N,N,2022
State,21,Kentucky,Admelog Solostar,Insulin Lispro,215,645,826.1,140886.18,309,,395,504.1,68672.69,,195,1718.2,4885.28,N,N,N,N,2022
State,22,Louisiana,Admelog Solostar,Insulin Lispro,12,20,29.2,5273.29,13,#,,,,*,,31.7,254.31,N,N,N,N,2022
State,23,Maine,Admelog Solostar,Insulin Lispro,14,26,42.9,4230.93,16,#,,,,#,,8,0,N,N,N,N,2022
State,24,Maryland,Admelog Solostar,Insulin Lispro,236,686,892.5,109263.42,297,,405,534,57705.68,,169,2316.9,3399.3,N,N,N,N,2022
State,25,Massachusetts,Admelog Solostar,Insulin Lispro,102,439,509,57974.92,130,,343,382.7,41911.57,,99,536.66,1526.28,N,N,N,N,2022
State,26,Michigan,Admelog Solostar,Insulin Lispro,264,878,1085.7,157206.46,385,,668,818,113675.12,,280,717.91,8063.97,N,N,N,N,2022
State,27,Minnesota,Admelog Solostar,Insulin Lispro,74,308,359.3,33765.53,118,,218,260.4,19441.21,,78,102.87,5054.64,N,N,N,N,2022
State,28,Mississippi,Admelog Solostar,Insulin Lispro,8,13,21.6,3279.8,,*,,,,*,,76.95,158.96,N,N,N,N,2022
State,29,Missouri,Admelog Solostar,Insulin Lispro,76,189,251,29353,112,,138,177.8,18434.12,,76,375.19,2978.3,N,N,N,N,2022
State,30,Montana,Admelog Solostar,Insulin Lispro,8,29,38.5,6549.94,16,#,,,,#,,36,274.76,N,N,N,N,2022
State,32,Nevada,Admelog Solostar,Insulin Lispro,54,239,282.5,25404.34,92,,179,211.9,17898.98,,61,394.11,933.59,N,N,N,N,2022
State,33,New Hampshire,Admelog Solostar,Insulin Lispro,13,58,66.2,5953.16,17,,18,18.8,2895.54,#,,35.7,299.48,N,N,N,N,2022
State,34,New Jersey,Admelog Solostar,Insulin Lispro,395,1027,1419.1,196327.8,479,,666,920.1,114407.77,,290,3269.8,9429.85,N,N,N,N,2022
State,35,New Mexico,Admelog Solostar,Insulin Lispro,135,277,379.4,54810.74,153,,125,174,25059.93,,75,734.64,1681.74,N,N,N,N,2022
State,36,New York,Admelog Solostar,Insulin Lispro,2563,12021,13585,1353112.22,4550,,9270,10387.3,925423.19,,3328,15425.68,30300.14,N,N,N,N,2022
State,37,North Carolina,Admelog Solostar,Insulin Lispro,144,751,794.8,66622.68,289,,554,587,51618.09,,208,567.27,6674.13,N,N,N,N,2022
State,38,North Dakota,Admelog Solostar,Insulin Lispro,9,153,156.5,27304.62,29,,123,126.5,20169.54,#,,9.85,44.24,N,N,N,N,2022
State,39,Ohio,Admelog Solostar,Insulin Lispro,250,746,893.7,119434.64,385,,551,630.4,74950.21,,287,1404.24,10697.76,N,N,N,N,2022
State,40,Oklahoma,Admelog Solostar,Insulin Lispro,37,187,203.8,32793.65,60,,145,160.2,25322.16,,40,76.18,701.43,N,N,N,N,2022
State,41,Oregon,Admelog Solostar,Insulin Lispro,180,324,469.4,86216.22,196,,173,253.9,45622.61,,107,889.05,2816.47,N,N,N,N,2022
State,42,Pennsylvania,Admelog Solostar,Insulin Lispro,277,760,1011.1,132556.48,341,,542,713.2,82670.75,,244,1469.63,9435.05,N,N,N,N,2022
State,44,Rhode Island,Admelog Solostar,Insulin Lispro,64,210,237.6,32926.27,112,,146,157,17701.17,,80,555.68,1110.63,N,N,N,N,2022
State,45,South Carolina,Admelog Solostar,Insulin Lispro,189,351,461.3,75105.58,228,,172,225.8,28348.02,,107,646.5,3615.29,N,N,N,N,2022
State,46,South Dakota,Admelog Solostar,Insulin Lispro,7,17,20.7,4870.37,,#,,,,*,,9.85,578.39,N,N,N,N,2022
State,47,Tennessee,Admelog Solostar,Insulin Lispro,103,303,334.6,30400.03,163,,219,240.2,19061.75,,125,499.72,2127.46,N,N,N,N,2022
State,48,Texas,Admelog Solostar,Insulin Lispro,399,1491,1624.5,150152.61,759,,1214,1318.1,117111.05,,623,2298.3,14342.25,N,N,N,N,2022
State,49,Utah,Admelog Solostar,Insulin Lispro,20,50,55.7,8062.74,22,#,,,,#,,35.7,1007.02,N,N,N,N,2022
State,51,Virginia,Admelog Solostar,Insulin Lispro,75,358,398.8,40341.53,118,,293,325.8,32877.07,,88,375.08,1607.21,N,N,N,N,2022
State,53,Washington,Admelog Solostar,Insulin Lispro,51,137,192,20825.12,65,,110,159.5,16162.08,,48,156.25,489.52,N,N,N,N,2022
State,54,West Virginia,Admelog Solostar,Insulin Lispro,21,32,46.6,5899.52,22,#,,,,#,,35.7,637.28,N,N,N,N,2022
State,55,Wisconsin,Admelog Solostar,Insulin Lispro,50,160,178.4,17532.36,81,,114,132.4,12639.84,,60,731.78,2045.27,N,N,N,N,2022
State,72,Puerto Rico,Admelog Solostar,Insulin Lispro,5,31,35,4459.74,,*,,,,*,,90,0,N,N,N,N,2022
State,9E,Foreign Country,Admelog Solostar,Insulin Lispro,1,14,14,636.64,,,14,14,636.64,*,,0,84.84,N,N,N,N,2022
National,,National,Apidra,Insulin Glulisine,839,2762,4652.4,3030249.52,747,,1941,3448.1,2086318.68,,546,5115.85,160943.19,N,N,N,N,2022
State,01,Alabama,Apidra,Insulin Glulisine,10,27,47.1,33494.72,,*,,,,*,,41.85,1034,N,N,N,N,2022
State,04,Arizona,Apidra,Insulin Glulisine,20,55,97.9,62675.14,18,,44,86.6,55679.15,#,,49.55,1886.84,N,N,N,N,2022
State,05,Arkansas,Apidra,Insulin Glulisine,8,21,21,16521.01,,*,,,,*,,80.95,486.75,N,N,N,N,2022
State,06,California,Apidra,Insulin Glulisine,108,340,538.9,341309.38,99,,264,428.7,244300.48,,79,280,20357.14,N,N,N,N,2022
State,09,Connecticut,Apidra,Insulin Glulisine,16,63,127.1,100019.8,14,,45,99.1,80377.6,*,,19.7,0,N,N,N,N,2022
State,11,District of Columbia,Apidra,Insulin Glulisine,3,11,16.2,16290.92,,*,,,,*,,9.85,1157.81,N,N,N,N,2022
State,12,Florida,Apidra,Insulin Glulisine,38,91,176.3,102734.56,33,,76,152,84178.98,#,,137.9,3300.08,N,N,N,N,2022
State,13,Georgia,Apidra,Insulin Glulisine,24,106,172.5,105584.12,22,,84,141.2,95800.2,#,,391.2,5658.18,N,N,N,N,2022
State,16,Idaho,Apidra,Insulin Glulisine,11,48,54.9,18940.5,,,21,21.8,9146.66,*,,20,2925.4,N,N,N,N,2022
State,17,Illinois,Apidra,Insulin Glulisine,18,58,102.8,42328.38,16,,44,76.5,27423.36,#,,12,3263.52,N,N,N,N,2022
State,18,Indiana,Apidra,Insulin Glulisine,21,100,154,131635.95,19,,58,87,57029.04,#,,588.95,1931.47,N,N,N,N,2022
State,19,Iowa,Apidra,Insulin Glulisine,4,15,21.1,10753.09,,,0,0,0,#,,4,1973.54,N,N,N,N,2022
State,20,Kansas,Apidra,Insulin Glulisine,5,19,23.9,14086.95,,#,,,,*,,8,2204.11,N,N,N,N,2022
State,21,Kentucky,Apidra,Insulin Glulisine,21,69,104.9,83827,17,,41,70.9,37376.22,#,,137.9,3563.37,N,N,N,N,2022
State,22,Louisiana,Apidra,Insulin Glulisine,14,42,49,23610.18,16,#,,,,#,,96.65,1127.11,N,N,N,N,2022
State,23,Maine,Apidra,Insulin Glulisine,10,27,49.6,46396.65,,#,,,,*,,47.4,2956.46,N,N,N,N,2022
State,24,Maryland,Apidra,Insulin Glulisine,10,42,69.5,34862.26,,#,,,,*,,39.4,2852.42,N,N,N,N,2022
State,25,Massachusetts,Apidra,Insulin Glulisine,18,58,107.5,106212.79,16,,38,79.5,50340.29,#,,138.2,5429.05,N,N,N,N,2022
State,26,Michigan,Apidra,Insulin Glulisine,70,227,376.9,227617.81,68,,174,274.7,124883.81,,49,468.45,18446.74,N,N,N,N,2022
State,27,Minnesota,Apidra,Insulin Glulisine,10,47,59.1,24531.05,,,21,33.1,12656.04,*,,68.95,2824.56,N,N,N,N,2022
State,28,Mississippi,Apidra,Insulin Glulisine,7,25,28.2,29222.8,,,14,16.8,21135.65,*,,68.95,120,N,N,N,N,2022
State,29,Missouri,Apidra,Insulin Glulisine,14,37,81.4,51328.08,14,,23,52.8,29585.11,*,,33.55,2391.86,N,N,N,N,2022
State,31,Nebraska,Apidra,Insulin Glulisine,4,15,17.1,15809.61,,*,,,,*,,29.55,0,N,N,N,N,2022
State,32,Nevada,Apidra,Insulin Glulisine,9,15,29.8,21787,,#,,,,*,,51.4,673.85,N,N,N,N,2022
State,34,New Jersey,Apidra,Insulin Glulisine,44,167,348,221455.03,41,,144,306.8,193851.83,#,,67.4,10117.14,N,N,N,N,2022
State,36,New York,Apidra,Insulin Glulisine,50,154,262.9,158645.6,40,,122,215.5,125106.71,#,,586.62,7018.44,N,N,N,N,2022
State,37,North Carolina,Apidra,Insulin Glulisine,22,76,119.9,96104.33,21,,42,72.8,50353.36,#,,179.45,3222.45,N,N,N,N,2022
State,39,Ohio,Apidra,Insulin Glulisine,47,142,247.7,252449.58,43,,103,190,205324.13,#,,215.89,8961.1,N,N,N,N,2022
State,41,Oregon,Apidra,Insulin Glulisine,8,20,39.8,30718.79,,#,,,,*,,25.85,5445.82,N,N,N,N,2022
State,42,Pennsylvania,Apidra,Insulin Glulisine,57,196,333.1,196889.89,52,,140,248.4,136740.78,,38,501.3,15485.08,N,N,N,N,2022
State,45,South Carolina,Apidra,Insulin Glulisine,11,26,59,39289.9,11,#,,,,*,,4,1962.44,N,N,N,N,2022
State,47,Tennessee,Apidra,Insulin Glulisine,8,23,48.7,28403.98,,#,,,,*,,49.25,1432.07,N,N,N,N,2022
State,48,Texas,Apidra,Insulin Glulisine,41,155,220,122552.53,37,,75,119.7,68440.96,,19,195.84,6708.05,N,N,N,N,2022
State,49,Utah,Apidra,Insulin Glulisine,3,16,24.5,21229.37,,*,,,,*,,33.85,84,N,N,N,N,2022
State,51,Virginia,Apidra,Insulin Glulisine,23,65,124.2,59009.36,18,,45,88.9,41643.71,#,,187.15,5186.16,N,N,N,N,2022
State,53,Washington,Apidra,Insulin Glulisine,7,19,38.6,18001.98,,#,,,,*,,99,2091.03,N,N,N,N,2022
State,54,West Virginia,Apidra,Insulin Glulisine,7,16,38.4,19721.11,,#,,,,*,,19.7,1416.61,N,N,N,N,2022
State,55,Wisconsin,Apidra,Insulin Glulisine,5,13,28.7,11595.87,,,13,28.7,11595.87,*,,4,1065.25,N,N,N,N,2022
State,72,Puerto Rico,Apidra,Insulin Glulisine,12,70,83.7,29472.95,,,53,66.5,23943.64,*,,0,102.06,N,N,N,N,2022
National,,National,Apidra Solostar,Insulin Glulisine,2685,8896,15912.7,9195492.54,2535,,6821,12796.4,6934342.94,,1979,16401.45,481724.68,N,N,N,N,2022
State,01,Alabama,Apidra Solostar,Insulin Glulisine,20,70,126,67346.56,18,,47,89.4,49797.44,#,,74.1,2700.78,N,N,N,N,2022
State,02,Alaska,Apidra Solostar,Insulin Glulisine,8,17,44.8,28951.82,,#,,,,*,,9.85,107.7,N,N,N,N,2022
State,04,Arizona,Apidra Solostar,Insulin Glulisine,34,99,221.5,114073.22,32,#,,,,#,,75.7,6402.98,N,N,N,N,2022
State,05,Arkansas,Apidra Solostar,Insulin Glulisine,13,26,44.2,20473.49,13,*,,,,*,,35.7,1567.44,N,N,N,N,2022
State,06,California,Apidra Solostar,Insulin Glulisine,348,1314,2165.4,1166843.39,361,,1059,1799.9,950953.05,,291,1816.78,52484.77,N,N,N,N,2022
State,08,Colorado,Apidra Solostar,Insulin Glulisine,17,65,101.5,57210.4,16,,30,62.8,37124.85,*,,176.79,4691.55,N,N,N,N,2022
State,09,Connecticut,Apidra Solostar,Insulin Glulisine,43,183,347.5,167914.56,42,,155,299.1,133831.17,#,,234.55,5085.1,N,N,N,N,2022
State,10,Delaware,Apidra Solostar,Insulin Glulisine,10,37,55.9,29050.04,,#,,,,*,,4,1266.24,N,N,N,N,2022
State,12,Florida,Apidra Solostar,Insulin Glulisine,122,348,664.2,395900.23,117,,281,536.9,311727.32,,96,527.35,20829.57,N,N,N,N,2022
State,13,Georgia,Apidra Solostar,Insulin Glulisine,73,215,425.1,240607.79,67,,160,320.8,190302.84,,47,365.05,12196.89,N,N,N,N,2022
State,15,Hawaii,Apidra Solostar,Insulin Glulisine,23,77,138.9,83498.38,24,,62,117.6,66177.75,#,,4,2082.5,N,N,N,N,2022
State,16,Idaho,Apidra Solostar,Insulin Glulisine,27,92,144.6,83774.67,24,,78,119.5,66637.69,#,,82.8,6454.93,N,N,N,N,2022
State,17,Illinois,Apidra Solostar,Insulin Glulisine,73,240,471.6,307372.98,70,,200,388.5,249697.93,,57,165.85,16441.5,N,N,N,N,2022
State,18,Indiana,Apidra Solostar,Insulin Glulisine,119,335,627.8,406097.89,110,,240,484,277839.56,,83,489.64,19675.76,N,N,N,N,2022
State,19,Iowa,Apidra Solostar,Insulin Glulisine,7,35,42.4,38343.96,,,21,26,12359.24,*,,0,2006.28,N,N,N,N,2022
State,20,Kansas,Apidra Solostar,Insulin Glulisine,13,53,75.8,50768.76,11,,40,54.7,33877.61,*,,49.25,3637.86,N,N,N,N,2022
State,21,Kentucky,Apidra Solostar,Insulin Glulisine,38,132,250.2,164036.21,39,,113,215.8,124291.6,#,,222.85,7783.42,N,N,N,N,2022
State,22,Louisiana,Apidra Solostar,Insulin Glulisine,39,100,158.9,84700.69,33,,73,121.6,69553.69,#,,205.6,4923.26,N,N,N,N,2022
State,23,Maine,Apidra Solostar,Insulin Glulisine,7,33,59.7,26808.12,,,17,37.7,7948.64,*,,108.35,929.77,N,N,N,N,2022
State,24,Maryland,Apidra Solostar,Insulin Glulisine,34,101,192.1,112246.07,30,,89,176.1,97602.33,#,,83.1,8435.83,N,N,N,N,2022
State,25,Massachusetts,Apidra Solostar,Insulin Glulisine,28,126,195.9,106371.71,24,,98,145.1,69330.53,#,,1540.65,4014.7,N,N,N,N,2022
State,26,Michigan,Apidra Solostar,Insulin Glulisine,261,862,1660.9,991449.5,243,,659,1343.5,713932.56,,197,2729.91,65624.04,N,N,N,N,2022
State,27,Minnesota,Apidra Solostar,Insulin Glulisine,26,82,142.5,94993.19,24,,55,98.3,49123.53,#,,36,5734.74,N,N,N,N,2022
State,28,Mississippi,Apidra Solostar,Insulin Glulisine,6,27,57.5,41419.45,,#,,,,*,,68.95,388,N,N,N,N,2022
State,29,Missouri,Apidra Solostar,Insulin Glulisine,47,170,250.1,162214.93,40,,81,147.5,70382.37,,27,709.75,7809.55,N,N,N,N,2022
State,30,Montana,Apidra Solostar,Insulin Glulisine,4,11,18.3,8502.33,,*,,,,*,,72.95,582.17,N,N,N,N,2022
State,31,Nebraska,Apidra Solostar,Insulin Glulisine,12,27,42.9,26597.77,11,#,,,,*,,29.85,981.71,N,N,N,N,2022
State,32,Nevada,Apidra Solostar,Insulin Glulisine,16,33,57.2,56500.86,16,#,,,,#,,63.1,1757.45,N,N,N,N,2022
State,33,New Hampshire,Apidra Solostar,Insulin Glulisine,9,15,25.1,13158.24,,*,,,,*,,88.95,704.32,N,N,N,N,2022
State,34,New Jersey,Apidra Solostar,Insulin Glulisine,134,498,1119.2,625352.37,152,,426,1010.6,553535.14,,138,189.25,26856.35,N,N,N,N,2022
State,35,New Mexico,Apidra Solostar,Insulin Glulisine,9,23,49.8,33740.54,,,12,23.5,12290.75,*,,59.4,1000,N,N,N,N,2022
State,36,New York,Apidra Solostar,Insulin Glulisine,201,732,1253,721595.22,185,,564,1017.3,521226.09,,151,1321.66,30795.54,N,N,N,N,2022
State,37,North Carolina,Apidra Solostar,Insulin Glulisine,78,257,399.9,235214.23,68,,138,232.7,115566.07,,44,342.55,15015.16,N,N,N,N,2022
State,39,Ohio,Apidra Solostar,Insulin Glulisine,137,395,685.2,398094.67,125,,292,552.6,301023.51,,95,407.1,27565.17,N,N,N,N,2022
State,40,Oklahoma,Apidra Solostar,Insulin Glulisine,18,38,76.8,87281.02,16,,24,51.2,63153.55,#,,63.1,2079.15,N,N,N,N,2022
State,41,Oregon,Apidra Solostar,Insulin Glulisine,22,74,144.3,80300.8,21,,52,103.4,59885.34,#,,910.88,7575.52,N,N,N,N,2022
State,42,Pennsylvania,Apidra Solostar,Insulin Glulisine,232,779,1356.4,729770.82,237,,646,1154.8,597503.89,,186,929.69,39702.74,N,N,N,N,2022
State,44,Rhode Island,Apidra Solostar,Insulin Glulisine,7,23,47.6,23152.71,,#,,,,*,,23.7,2143.08,N,N,N,N,2022
State,45,South Carolina,Apidra Solostar,Insulin Glulisine,36,103,198.5,94158.79,35,,90,166.6,80099.05,#,,181.6,3961.97,N,N,N,N,2022
State,46,South Dakota,Apidra Solostar,Insulin Glulisine,8,17,45.9,22617.06,,#,,,,*,,33.55,2990.54,N,N,N,N,2022
State,47,Tennessee,Apidra Solostar,Insulin Glulisine,30,67,129.9,65800.48,26,,51,96.7,45278.68,#,,100.65,3408.16,N,N,N,N,2022
State,48,Texas,Apidra Solostar,Insulin Glulisine,123,349,623.1,349713.59,120,,270,492.3,270259.57,,94,1153.14,25786.75,N,N,N,N,2022
State,49,Utah,Apidra Solostar,Insulin Glulisine,7,18,26.9,14921.48,,#,,,,*,,8,2636.08,N,N,N,N,2022
State,50,Vermont,Apidra Solostar,Insulin Glulisine,4,13,39.2,9258.93,,,13,39.2,9258.93,*,,0,1001,N,N,N,N,2022
State,51,Virginia,Apidra Solostar,Insulin Glulisine,49,126,237.4,136413.77,47,,93,194.6,109128.74,,35,204.65,7090.11,N,N,N,N,2022
State,53,Washington,Apidra Solostar,Insulin Glulisine,46,191,252.1,108856.75,42,,98,149.9,72787.93,,29,91.4,6013.65,N,N,N,N,2022
State,54,West Virginia,Apidra Solostar,Insulin Glulisine,15,68,89.4,110760.45,15,,46,60.2,51095.57,*,,87.4,3042.5,N,N,N,N,2022
State,55,Wisconsin,Apidra Solostar,Insulin Glulisine,27,119,200.6,123053.27,26,,108,181.4,106318.35,#,,198.61,3635.24,N,N,N,N,2022
State,72,Puerto Rico,Apidra Solostar,Insulin Glulisine,17,57,91.7,61992.38,16,,30,56.8,19386.45,*,,0,782.63,N,N,N,N,2022
National,,National,Fiasp,Insulin Aspart (Niacinamide),4204,17975,32705.4,23956545.06,5557,,11880,22567.8,15592344.8,,3894,23525.8,594825.38,N,N,N,N,2023
State,01,Alabama,Fiasp,Insulin Aspart (Niacinamide),81,400,733.4,553514.67,128,,221,396.2,275564.88,,67,346.29,13717.4,N,N,N,N,2023
State,02,Alaska,Fiasp,Insulin Aspart (Niacinamide),12,26,68.4,43963.02,11,#,,,,*,,12.9,638,N,N,N,N,2023
State,04,Arizona,Fiasp,Insulin Aspart (Niacinamide),88,323,581.6,399896.34,106,,202,381.7,231760.85,,74,596.05,10975.12,N,N,N,N,2023
State,05,Arkansas,Fiasp,Insulin Aspart (Niacinamide),35,167,218.5,163303.92,47,,103,140.1,96875.58,,28,242.35,4577.24,N,N,N,N,2023
State,06,California,Fiasp,Insulin Aspart (Niacinamide),296,1204,2108.6,1379397.1,370,,895,1647.7,982052.2,,285,1305.65,37014.78,N,N,N,N,2023
State,08,Colorado,Fiasp,Insulin Aspart (Niacinamide),37,135,275.3,162396.99,50,,102,207.2,107446.37,,36,246.75,4727.5,N,N,N,N,2023
State,09,Connecticut,Fiasp,Insulin Aspart (Niacinamide),51,156,368.1,253157.62,62,,114,269.7,176943.1,,44,258.5,4761.92,N,N,N,N,2023
State,10,Delaware,Fiasp,Insulin Aspart (Niacinamide),8,49,125.9,86745.25,15,#,,,,#,,29.3,3043.03,N,N,N,N,2023
State,11,District of Columbia,Fiasp,Insulin Aspart (Niacinamide),3,25,41.9,18985.71,,#,,,,*,,63.7,950.32,N,N,N,N,2023
State,12,Florida,Fiasp,Insulin Aspart (Niacinamide),355,1452,3063.4,2140243.13,500,,1044,2284.6,1531105.83,,380,1008.74,48710.38,N,N,N,N,2023
State,13,Georgia,Fiasp,Insulin Aspart (Niacinamide),184,794,1447.7,1089485.04,243,,517,969.5,687207.56,,164,1158.5,27379.93,N,N,N,N,2023
State,15,Hawaii,Fiasp,Insulin Aspart (Niacinamide),5,16,28.8,18691.82,,#,,,,*,,0,520,N,N,N,N,2023
State,16,Idaho,Fiasp,Insulin Aspart (Niacinamide),20,76,140.1,85743.28,27,,40,67.1,38237.27,,12,137.1,1937.8,N,N,N,N,2023
State,17,Illinois,Fiasp,Insulin Aspart (Niacinamide),162,656,1135.4,796301.61,203,,481,868.9,590170.29,,155,665.3,21738.28,N,N,N,N,2023
State,18,Indiana,Fiasp,Insulin Aspart (Niacinamide),114,600,962,815837.85,165,,334,582.2,438452.22,,110,524.75,15150.12,N,N,N,N,2023
State,19,Iowa,Fiasp,Insulin Aspart (Niacinamide),24,113,158.4,171673.58,29,,55,86.8,57956.99,#,,66.4,2545,N,N,N,N,2023
State,20,Kansas,Fiasp,Insulin Aspart (Niacinamide),48,244,348.7,233364.17,59,,97,166,104533.42,,34,264.95,6406.78,N,N,N,N,2023
State,21,Kentucky,Fiasp,Insulin Aspart (Niacinamide),80,374,578.8,477125.5,99,,242,376,312425.11,,61,243,11963.54,N,N,N,N,2023
State,22,Louisiana,Fiasp,Insulin Aspart (Niacinamide),86,632,905.8,706642.6,162,,327,498.5,358233.52,,97,859.34,13975.77,N,N,N,N,2023
State,23,Maine,Fiasp,Insulin Aspart (Niacinamide),25,76,131.7,89599.93,26,,51,99.8,69649.66,#,,14.65,2292.5,N,N,N,N,2023
State,24,Maryland,Fiasp,Insulin Aspart (Niacinamide),75,250,547.1,383913.03,95,,191,427.9,304736.28,,77,207.65,11329.85,N,N,N,N,2023
State,25,Massachusetts,Fiasp,Insulin Aspart (Niacinamide),106,420,733.4,443919.08,131,,221,455.7,277101.41,,81,621.72,10129.27,N,N,N,N,2023
State,26,Michigan,Fiasp,Insulin Aspart (Niacinamide),100,320,616.6,412299.71,122,,195,393.3,254876.71,,76,228.65,9692.28,N,N,N,N,2023
State,27,Minnesota,Fiasp,Insulin Aspart (Niacinamide),52,195,373.9,296599.33,60,,134,262.1,188993.66,,45,222.05,6665.19,N,N,N,N,2023
State,28,Mississippi,Fiasp,Insulin Aspart (Niacinamide),58,277,434.2,324590.46,82,,168,262,186883.9,,47,687.8,4612,N,N,N,N,2023
State,29,Missouri,Fiasp,Insulin Aspart (Niacinamide),108,569,995.9,730197.56,176,,405,726.3,488803.54,,127,1523.9,20027.45,N,N,N,N,2023
State,30,Montana,Fiasp,Insulin Aspart (Niacinamide),24,60,115.6,71417.79,28,,39,88.8,58728.78,#,,85.2,2685.1,N,N,N,N,2023
State,31,Nebraska,Fiasp,Insulin Aspart (Niacinamide),24,106,160.3,96361.76,29,,79,122.1,63914.11,#,,73.25,3632.04,N,N,N,N,2023
State,32,Nevada,Fiasp,Insulin Aspart (Niacinamide),40,158,337.3,233793.48,55,,111,258.2,179178.66,,42,225,6781.51,N,N,N,N,2023
State,33,New Hampshire,Fiasp,Insulin Aspart (Niacinamide),22,72,152.2,95291.7,28,,45,100.2,64975.14,#,,125.8,1642.92,N,N,N,N,2023
State,34,New Jersey,Fiasp,Insulin Aspart (Niacinamide),82,368,688.7,505524.76,112,,267,500.4,369810.97,,81,450.25,13370.1,N,N,N,N,2023
State,35,New Mexico,Fiasp,Insulin Aspart (Niacinamide),35,155,247.1,166352.46,39,,106,183.2,110061.4,#,,673,3697.42,N,N,N,N,2023
State,36,New York,Fiasp,Insulin Aspart (Niacinamide),260,1261,2308,1907882.54,363,,767,1489.9,1184979.01,,238,992.45,32553.62,N,N,N,N,2023
State,37,North Carolina,Fiasp,Insulin Aspart (Niacinamide),160,704,1233,984678.95,218,,508,879.4,665516.42,,154,593.8,27696.77,N,N,N,N,2023
State,38,North Dakota,Fiasp,Insulin Aspart (Niacinamide),12,52,75.3,58831.32,12,#,,,,*,,20.7,2220.15,N,N,N,N,2023
State,39,Ohio,Fiasp,Insulin Aspart (Niacinamide),161,577,1067.5,774334.4,191,,408,785.4,564683.11,,143,1041.84,22501.77,N,N,N,N,2023
State,40,Oklahoma,Fiasp,Insulin Aspart (Niacinamide),48,193,375.3,278045.3,61,,98,204.1,141885.34,,35,109.4,6479.99,N,N,N,N,2023
State,41,Oregon,Fiasp,Insulin Aspart (Niacinamide),61,233,407.9,266865.16,69,,157,278.6,168591.41,,52,588.15,7120.53,N,N,N,N,2023
State,42,Pennsylvania,Fiasp,Insulin Aspart (Niacinamide),174,714,1321.7,1032773.28,225,,469,934.8,654453.51,,162,624.9,25748.05,N,N,N,N,2023
State,44,Rhode Island,Fiasp,Insulin Aspart (Niacinamide),7,28,41.7,24235.15,,#,,,,*,,10.35,1110,N,N,N,N,2023
State,45,South Carolina,Fiasp,Insulin Aspart (Niacinamide),63,247,486.3,351921.51,87,,168,317.8,218859.22,,58,259.57,12376.86,N,N,N,N,2023
State,46,South Dakota,Fiasp,Insulin Aspart (Niacinamide),14,60,110.2,100190.7,20,,48,93.1,60136.94,#,,4.3,2478.91,N,N,N,N,2023
State,47,Tennessee,Fiasp,Insulin Aspart (Niacinamide),143,592,994.7,819297.79,195,,360,633.8,485944.31,,131,850.2,19769.73,N,N,N,N,2023
State,48,Texas,Fiasp,Insulin Aspart (Niacinamide),380,1845,3527.6,2507162.35,607,,1250,2435.1,1663422.61,,429,3816.65,68206.24,N,N,N,N,2023
State,49,Utah,Fiasp,Insulin Aspart (Niacinamide),25,85,158.1,104319.44,24,,66,123.6,92149.94,#,,37.9,3970.66,N,N,N,N,2023
State,50,Vermont,Fiasp,Insulin Aspart (Niacinamide),9,39,62.8,30024.53,,,25,35.9,16583.81,*,,289.6,830,N,N,N,N,2023
State,51,Virginia,Fiasp,Insulin Aspart (Niacinamide),78,292,536.5,393654.37,93,,210,420.2,301778.28,,74,381.5,11872.83,N,N,N,N,2023
State,53,Washington,Fiasp,Insulin Aspart (Niacinamide),67,224,476.6,334532.03,86,,136,290.9,199483.6,,55,272.3,9486.29,N,N,N,N,2023
State,54,West Virginia,Fiasp,Insulin Aspart (Niacinamide),29,111,236.7,195636.89,42,,70,141.2,104925.4,,28,114.65,3164.5,N,N,N,N,2023
State,55,Wisconsin,Fiasp,Insulin Aspart (Niacinamide),61,208,388.2,300392.92,66,,143,283.9,194058.77,,46,143,8662.94,N,N,N,N,2023
State,56,Wyoming,Fiasp,Insulin Aspart (Niacinamide),6,24,38.3,14111.68,,,24,38.3,14111.68,*,,195.7,1015,N,N,N,N,2023
National,,National,Fiasp Flextouch,Insulin Aspart (Niacinamide),20281,102041,181750.5,105836524.29,35862,,77093,141107.8,78581586.4,,27734,150567.62,3179020.5,N,N,N,N,2023
State,01,Alabama,Fiasp Flextouch,Insulin Aspart (Niacinamide),265,1253,2181,1290881.23,465,,836,1493.1,793408.28,,305,2800.95,40025.06,N,N,N,N,2023
State,02,Alaska,Fiasp Flextouch,Insulin Aspart (Niacinamide),38,121,276.9,124401.54,49,,110,250.1,115772.44,#,,85.2,2396.07,N,N,N,N,2023
State,04,Arizona,Fiasp Flextouch,Insulin Aspart (Niacinamide),301,1366,2534.4,1361635.61,491,,1141,2188.8,1147587.58,,409,1622.45,56494.67,N,N,N,N,2023
State,05,Arkansas,Fiasp Flextouch,Insulin Aspart (Niacinamide),195,1134,1760.6,1220193.96,405,,785,1266.3,820489.95,,306,3506.33,35832.35,N,N,N,N,2023
State,06,California,Fiasp Flextouch,Insulin Aspart (Niacinamide),1455,7135,12604.7,6486401.7,2455,,5480,10000.3,4908330.39,,1925,9631.28,151296.93,N,N,N,N,2023
State,08,Colorado,Fiasp Flextouch,Insulin Aspart (Niacinamide),173,611,1155.8,653213.36,231,,503,982.3,550409.39,,193,408,23648.98,N,N,N,N,2023
State,09,Connecticut,Fiasp Flextouch,Insulin Aspart (Niacinamide),202,1009,2091.6,1072081.05,395,,843,1778.5,899407.15,,322,1394.55,32611.27,N,N,N,N,2023
State,10,Delaware,Fiasp Flextouch,Insulin Aspart (Niacinamide),75,391,764.9,517832.86,144,,311,622.2,428200.16,,116,533.4,13378.7,N,N,N,N,2023
State,11,District of Columbia,Fiasp Flextouch,Insulin Aspart (Niacinamide),29,76,142.2,72550.62,35,,46,99,53890.3,,23,384.4,2356.69,N,N,N,N,2023
State,12,Florida,Fiasp Flextouch,Insulin Aspart (Niacinamide),1368,8067,14781,8167199.75,2745,,6402,12021.5,6401997.08,,2218,8589.13,249938.87,N,N,N,N,2023
State,13,Georgia,Fiasp Flextouch,Insulin Aspart (Niacinamide),805,4424,8104,4646887.06,1552,,3152,5831.7,3178024.74,,1130,7356.49,142742.65,N,N,N,N,2023
State,15,Hawaii,Fiasp Flextouch,Insulin Aspart (Niacinamide),29,112,238.1,115646.85,48,,100,216.9,102663.65,#,,78.35,4353.32,N,N,N,N,2023
State,16,Idaho,Fiasp Flextouch,Insulin Aspart (Niacinamide),115,443,753.1,413943.79,170,,346,591.5,326004.08,,126,368,14302.2,N,N,N,N,2023
State,17,Illinois,Fiasp Flextouch,Insulin Aspart (Niacinamide),810,4003,7400.7,4530070.14,1514,,2962,5732.4,3471648.63,,1194,5429.4,134211.56,N,N,N,N,2023
State,18,Indiana,Fiasp Flextouch,Insulin Aspart (Niacinamide),624,3414,5807.2,3853564.79,1224,,2545,4415.4,2703892.61,,916,4022.23,102495.08,N,N,N,N,2023
State,19,Iowa,Fiasp Flextouch,Insulin Aspart (Niacinamide),265,1126,1676,1095134,402,,894,1346,888549.84,,337,1305.99,36890.7,N,N,N,N,2023
State,20,Kansas,Fiasp Flextouch,Insulin Aspart (Niacinamide),350,2146,3488.2,2135914.5,697,,1662,2785.2,1554973.86,,552,2405.88,73287.07,N,N,N,N,2023
State,21,Kentucky,Fiasp Flextouch,Insulin Aspart (Niacinamide),416,2170,3499.8,2341773.56,737,,1446,2395,1521298.98,,508,4442.2,66350.71,N,N,N,N,2023
State,22,Louisiana,Fiasp Flextouch,Insulin Aspart (Niacinamide),317,2028,3176.6,1814403.15,664,,1373,2161.1,1217024.4,,457,2135.95,54863.35,N,N,N,N,2023
State,23,Maine,Fiasp Flextouch,Insulin Aspart (Niacinamide),97,367,628.6,377601.82,132,,239,399.8,247037.12,,85,257.8,7921.48,N,N,N,N,2023
State,24,Maryland,Fiasp Flextouch,Insulin Aspart (Niacinamide),393,2024,3979.5,2168390.59,772,,1539,3153,1633578.91,,596,5018.99,70971.86,N,N,N,N,2023
State,25,Massachusetts,Fiasp Flextouch,Insulin Aspart (Niacinamide),408,1745,3179.7,1674661.66,692,,1239,2365.8,1223639.13,,512,2250.31,43321.23,N,N,N,N,2023
State,26,Michigan,Fiasp Flextouch,Insulin Aspart (Niacinamide),554,2006,3796.9,1940453.46,818,,1513,2891.9,1457269.27,,612,2085.46,63501.7,N,N,N,N,2023
State,27,Minnesota,Fiasp Flextouch,Insulin Aspart (Niacinamide),355,1097,2012.2,1265418.19,414,,859,1616.1,944866.97,,323,3132.75,44694,N,N,N,N,2023
State,28,Mississippi,Fiasp Flextouch,Insulin Aspart (Niacinamide),260,1785,2974.2,1681307.32,629,,1255,2104.2,1138149.08,,452,3425.15,48645.02,N,N,N,N,2023
State,29,Missouri,Fiasp Flextouch,Insulin Aspart (Niacinamide),531,3287,5446.5,3645124.69,1161,,2546,4304.7,2774777.19,,914,3636.19,104252.21,N,N,N,N,2023
State,30,Montana,Fiasp Flextouch,Insulin Aspart (Niacinamide),79,299,489.2,260777.47,115,,243,387.4,190658.47,,84,471,8550.81,N,N,N,N,2023
State,31,Nebraska,Fiasp Flextouch,Insulin Aspart (Niacinamide),187,947,1494.9,850079.18,325,,763,1180,655650.72,,260,1070.83,33142.61,N,N,N,N,2023
State,32,Nevada,Fiasp Flextouch,Insulin Aspart (Niacinamide),137,900,1803.9,1099746.5,323,,685,1446.4,843697.32,,262,1196.4,34864.48,N,N,N,N,2023
State,33,New Hampshire,Fiasp Flextouch,Insulin Aspart (Niacinamide),97,368,657.3,429890.87,146,,235,424.4,241188.6,,103,697.65,10413.68,N,N,N,N,2023
State,34,New Jersey,Fiasp Flextouch,Insulin Aspart (Niacinamide),493,2639,5170.4,2585675.36,943,,2191,4380.5,2136076.47,,790,3045.15,98560.7,N,N,N,N,2023
State,35,New Mexico,Fiasp Flextouch,Insulin Aspart (Niacinamide),153,650,1224,712740.18,230,,437,856,464491.52,,168,1281.75,17476.72,N,N,N,N,2023
State,36,New York,Fiasp Flextouch,Insulin Aspart (Niacinamide),1444,7335,13664.9,7540992.41,2653,,5789,11008.8,5731337.62,,2116,10084.71,162379.41,N,N,N,N,2023
State,37,North Carolina,Fiasp Flextouch,Insulin Aspart (Niacinamide),753,3730,6409,3896721.71,1337,,2752,4782.5,2827529.12,,990,6407.9,123610,N,N,N,N,2023
State,38,North Dakota,Fiasp Flextouch,Insulin Aspart (Niacinamide),101,435,720.5,544966.4,167,,330,574.1,359862.52,,134,458.31,18062.88,N,N,N,N,2023
State,39,Ohio,Fiasp Flextouch,Insulin Aspart (Niacinamide),921,4419,7325.8,4412248.86,1524,,3202,5456.8,3155133.72,,1125,6068.08,143690.22,N,N,N,N,2023
State,40,Oklahoma,Fiasp Flextouch,Insulin Aspart (Niacinamide),224,1039,1824.5,1083851.19,396,,724,1314.1,740837.96,,286,1729.8,35417.92,N,N,N,N,2023
State,41,Oregon,Fiasp Flextouch,Insulin Aspart (Niacinamide),290,1259,2103,1268396.67,443,,922,1576.9,864366.84,,337,1934.95,32535.46,N,N,N,N,2023
State,42,Pennsylvania,Fiasp Flextouch,Insulin Aspart (Niacinamide),934,4474,8088.4,4613460.21,1589,,3341,6221.2,3392327.84,,1238,6351.03,136620.65,N,N,N,N,2023
State,44,Rhode Island,Fiasp Flextouch,Insulin Aspart (Niacinamide),49,187,275.4,156853.35,65,,139,210.4,113604.81,,51,110.2,3892.65,N,N,N,N,2023
State,45,South Carolina,Fiasp Flextouch,Insulin Aspart (Niacinamide),414,1834,3270.6,1813658.74,685,,1295,2384,1251524.57,,489,4314.57,62870.92,N,N,N,N,2023
State,46,South Dakota,Fiasp Flextouch,Insulin Aspart (Niacinamide),66,397,780.6,529413.62,152,,304,634.2,400232.6,,124,681.3,18940.83,N,N,N,N,2023
State,47,Tennessee,Fiasp Flextouch,Insulin Aspart (Niacinamide),603,3700,6557.7,4486389.9,1310,,2677,4939.9,3241784.32,,989,5441.12,140752.65,N,N,N,N,2023
State,48,Texas,Fiasp Flextouch,Insulin Aspart (Niacinamide),1373,7727,14592.6,8378218.06,2795,,6200,11868.2,6584613.51,,2234,14124.04,283812.79,N,N,N,N,2023
State,49,Utah,Fiasp Flextouch,Insulin Aspart (Niacinamide),139,413,722.5,482484.6,184,,332,583,386859.64,,147,487.15,13027.14,N,N,N,N,2023
State,50,Vermont,Fiasp Flextouch,Insulin Aspart (Niacinamide),32,90,159.1,87450.21,44,,68,132,71681.77,#,,117.75,2661.08,N,N,N,N,2023
State,51,Virginia,Fiasp Flextouch,Insulin Aspart (Niacinamide),398,1837,3205.1,1831668.49,636,,1316,2443.7,1397525.8,,500,3541.63,59743.99,N,N,N,N,2023
State,53,Washington,Fiasp Flextouch,Insulin Aspart (Niacinamide),349,1428,2369,1336230.97,498,,1081,1871.9,978660.03,,388,1900.07,44042.96,N,N,N,N,2023
State,54,West Virginia,Fiasp Flextouch,Insulin Aspart (Niacinamide),191,873,1534.6,916044.38,321,,610,1128.3,638025.6,,240,1429.9,21687.16,N,N,N,N,2023
State,55,Wisconsin,Fiasp Flextouch,Insulin Aspart (Niacinamide),366,1533,2541.1,1695428.81,543,,1175,2028.1,1289459.6,,435,950.75,46137.41,N,N,N,N,2023
State,56,Wyoming,Fiasp Flextouch,Insulin Aspart (Niacinamide),40,99,156.7,75910.82,39,,72,120.5,52619.24,#,,96.5,2591.65,N,N,N,N,2023
State,72,Puerto Rico,Fiasp Flextouch,Insulin Aspart (Niacinamide),14,80,136.1,68091.45,25,#,,,,#,,247.55,2500,N,N,N,N,2023
National,,National,Fiasp Penfill,Insulin Aspart (Niacinamide),607,1603,3011.6,1637026.9,661,,1166,2270,1195557.56,,483,2409.04,58613.95,N,N,N,N,2023
State,01,Alabama,Fiasp Penfill,Insulin Aspart (Niacinamide),6,27,42.1,25653.88,,,16,20.1,9253.99,*,,31.05,302.56,N,N,N,N,2023
State,04,Arizona,Fiasp Penfill,Insulin Aspart (Niacinamide),8,18,33.1,14722.41,,#,,,,*,,8.6,785,N,N,N,N,2023
State,05,Arkansas,Fiasp Penfill,Insulin Aspart (Niacinamide),5,12,21.8,10453.34,,#,,,,*,,0,705,N,N,N,N,2023
State,06,California,Fiasp Penfill,Insulin Aspart (Niacinamide),56,156,304.9,140896.69,65,,117,244.9,112179.33,,51,90.3,5616.73,N,N,N,N,2023
State,08,Colorado,Fiasp Penfill,Insulin Aspart (Niacinamide),11,31,64.1,27398.25,,#,,,,*,,35.35,1417.82,N,N,N,N,2023
State,09,Connecticut,Fiasp Penfill,Insulin Aspart (Niacinamide),8,18,37.4,20928.67,,#,,,,*,,20.7,632,N,N,N,N,2023
State,12,Florida,Fiasp Penfill,Insulin Aspart (Niacinamide),53,112,217.9,112178.29,56,,76,134.3,73320.65,,39,221.65,3446.26,N,N,N,N,2023
State,13,Georgia,Fiasp Penfill,Insulin Aspart (Niacinamide),18,34,63.5,42007.79,18,#,,,,#,,33.6,1006.19,N,N,N,N,2023
State,16,Idaho,Fiasp Penfill,Insulin Aspart (Niacinamide),5,14,14.2,8929.72,,*,,,,*,,0,180,N,N,N,N,2023
State,17,Illinois,Fiasp Penfill,Insulin Aspart (Niacinamide),20,34,79.4,40181.12,22,#,,,,#,,218.6,1710.11,N,N,N,N,2023
State,18,Indiana,Fiasp Penfill,Insulin Aspart (Niacinamide),13,53,91.5,88154.79,18,,30,53.6,31550.38,#,,125.7,1855,N,N,N,N,2023
State,19,Iowa,Fiasp Penfill,Insulin Aspart (Niacinamide),4,11,17,9049.99,,,11,17,9049.99,*,,0,401.5,N,N,N,N,2023
State,20,Kansas,Fiasp Penfill,Insulin Aspart (Niacinamide),8,23,30.3,16172.02,,#,,,,*,,103.5,250,N,N,N,N,2023
State,21,Kentucky,Fiasp Penfill,Insulin Aspart (Niacinamide),9,27,34.9,27159.94,,,15,18.1,8019.2,*,,20.7,471.38,N,N,N,N,2023
State,22,Louisiana,Fiasp Penfill,Insulin Aspart (Niacinamide),10,22,33.2,20763.08,,#,,,,*,,31.05,834.59,N,N,N,N,2023
State,23,Maine,Fiasp Penfill,Insulin Aspart (Niacinamide),4,15,16.8,12141.35,,*,,,,*,,0,62.5,N,N,N,N,2023
State,25,Massachusetts,Fiasp Penfill,Insulin Aspart (Niacinamide),21,46,87,53173.4,20,,29,65.2,38590.26,#,,67.2,1658.57,N,N,N,N,2023
State,26,Michigan,Fiasp Penfill,Insulin Aspart (Niacinamide),10,28,56.9,23315.52,,#,,,,*,,20.7,1640,N,N,N,N,2023
State,27,Minnesota,Fiasp Penfill,Insulin Aspart (Niacinamide),17,54,112.7,48452.48,19,,41,85.9,40777.57,#,,76.75,2834.7,N,N,N,N,2023
State,29,Missouri,Fiasp Penfill,Insulin Aspart (Niacinamide),9,37,68.3,45847.62,14,#,,,,*,,4.3,1756.11,N,N,N,N,2023
State,30,Montana,Fiasp Penfill,Insulin Aspart (Niacinamide),5,12,22,11316.52,,*,,,,*,,62.1,309.72,N,N,N,N,2023
State,32,Nevada,Fiasp Penfill,Insulin Aspart (Niacinamide),8,15,40.6,19327.21,,#,,,,*,,0,856.01,N,N,N,N,2023
State,34,New Jersey,Fiasp Penfill,Insulin Aspart (Niacinamide),12,25,51.5,32949.83,11,#,,,,*,,12.9,1073.08,N,N,N,N,2023
State,35,New Mexico,Fiasp Penfill,Insulin Aspart (Niacinamide),4,28,54.1,23769.59,,,13,39,14487.56,*,,41.4,977.56,N,N,N,N,2023
State,36,New York,Fiasp Penfill,Insulin Aspart (Niacinamide),39,118,197.3,121460.09,50,,100,151.9,95345.2,,36,72.55,3554.55,N,N,N,N,2023
State,37,North Carolina,Fiasp Penfill,Insulin Aspart (Niacinamide),24,54,102.5,48661.52,21,,37,75.7,36246.61,#,,476.05,1964.85,N,N,N,N,2023
State,38,North Dakota,Fiasp Penfill,Insulin Aspart (Niacinamide),4,11,20.2,7911.25,,*,,,,*,,4.3,285,N,N,N,N,2023
State,39,Ohio,Fiasp Penfill,Insulin Aspart (Niacinamide),16,67,108.6,70764.71,20,,43,80.5,62220.18,#,,35.35,2517.03,N,N,N,N,2023
State,40,Oklahoma,Fiasp Penfill,Insulin Aspart (Niacinamide),3,16,20.9,12422.35,,*,,,,*,,43.95,445,N,N,N,N,2023
State,41,Oregon,Fiasp Penfill,Insulin Aspart (Niacinamide),13,23,56.6,23711.23,12,#,,,,*,,41.4,1151.35,N,N,N,N,2023
State,42,Pennsylvania,Fiasp Penfill,Insulin Aspart (Niacinamide),34,109,186,89554.86,34,,76,132,62649.28,,23,204.3,2005.6,N,N,N,N,2023
State,47,Tennessee,Fiasp Penfill,Insulin Aspart (Niacinamide),29,74,140.3,79224.24,32,,52,110.4,59281.67,#,,29.3,2912.49,N,N,N,N,2023
State,48,Texas,Fiasp Penfill,Insulin Aspart (Niacinamide),47,145,306.1,171192.99,61,,115,238.4,135526.41,,49,112.09,6650.7,N,N,N,N,2023
State,51,Virginia,Fiasp Penfill,Insulin Aspart (Niacinamide),13,26,58,22322.71,14,,26,58,22322.71,,14,0,2054.04,N,N,N,N,2023
State,53,Washington,Fiasp Penfill,Insulin Aspart (Niacinamide),17,43,79.5,37947.37,18,,22,41.4,18519.15,*,,18.95,1728.75,N,N,N,N,2023
State,55,Wisconsin,Fiasp Penfill,Insulin Aspart (Niacinamide),8,16,29,19407.78,,#,,,,*,,0,204.76,N,N,N,N,2023
National,,National,Fiasp Pumpcart,Insulin Aspart/B3/Pump Cart,11,15,21,16617.21,,*,,,,*,,0,286.45,N,N,N,N,2023
National,,National,Lyumjev,Insulin Lispro-Aabc,2746,11642,22374.3,14716693.85,3722,,8428,16889.3,10610622.06,,2777,12669.32,404705.24,N,N,N,N,2023
State,01,Alabama,Lyumjev,Insulin Lispro-Aabc,58,275,465.7,370260.72,91,,153,274.9,190114.44,,54,739.62,8299.26,N,N,N,N,2023
State,04,Arizona,Lyumjev,Insulin Lispro-Aabc,62,177,399.2,218277.91,68,,129,304.2,159078.08,,52,532.55,8442.28,N,N,N,N,2023
State,05,Arkansas,Lyumjev,Insulin Lispro-Aabc,27,146,221.7,157936.32,42,,109,159.6,111037.19,,28,81.85,4890.92,N,N,N,N,2023
State,06,California,Lyumjev,Insulin Lispro-Aabc,246,1176,2183,1276389.16,348,,998,1884.7,1033221.11,,293,910.2,44784.11,N,N,N,N,2023
State,08,Colorado,Lyumjev,Insulin Lispro-Aabc,47,223,441.5,287609.79,66,,200,401.6,253493.16,#,,521.75,9199.72,N,N,N,N,2023
State,09,Connecticut,Lyumjev,Insulin Lispro-Aabc,57,266,492.8,316008.15,76,,205,368.1,239477.12,,55,61.15,7766.65,N,N,N,N,2023
State,10,Delaware,Lyumjev,Insulin Lispro-Aabc,6,21,51.6,28181.75,,#,,,,*,,56.05,805,N,N,N,N,2023
State,11,District of Columbia,Lyumjev,Insulin Lispro-Aabc,5,25,33.5,20162.57,,,14,15.3,7626.74,*,,4.3,59.86,N,N,N,N,2023
State,12,Florida,Lyumjev,Insulin Lispro-Aabc,205,933,2107.9,1452927.43,346,,763,1735.4,1150873.32,,279,306.75,41181.27,N,N,N,N,2023
State,13,Georgia,Lyumjev,Insulin Lispro-Aabc,112,487,1002.1,719622.44,160,,366,752.6,491819.35,,121,1105.5,19397.99,N,N,N,N,2023
State,15,Hawaii,Lyumjev,Insulin Lispro-Aabc,3,11,31.7,11772.98,,,11,31.7,11772.98,*,,0,160,N,N,N,N,2023
State,16,Idaho,Lyumjev,Insulin Lispro-Aabc,13,32,72.9,39620.34,14,*,,,,*,,64.65,1575,N,N,N,N,2023
State,17,Illinois,Lyumjev,Insulin Lispro-Aabc,95,313,564.3,367552.35,98,,241,447.1,267769.62,,76,392.65,9078.73,N,N,N,N,2023
State,18,Indiana,Lyumjev,Insulin Lispro-Aabc,64,374,572.2,401289.85,87,,239,371.9,268064.38,,55,267.2,9026.92,N,N,N,N,2023
State,19,Iowa,Lyumjev,Insulin Lispro-Aabc,20,47,83.2,39594.34,20,#,,,,#,,0,1613,N,N,N,N,2023
State,20,Kansas,Lyumjev,Insulin Lispro-Aabc,25,114,197.3,155626.43,36,,82,146.9,109130.34,#,,165.6,2877.46,N,N,N,N,2023
State,21,Kentucky,Lyumjev,Insulin Lispro-Aabc,31,177,313.9,246747.77,52,,86,185.3,136041.19,,34,137.1,5163.54,N,N,N,N,2023
State,22,Louisiana,Lyumjev,Insulin Lispro-Aabc,23,121,153.8,109727.37,29,,91,116.1,82331.67,#,,468.15,2459.83,N,N,N,N,2023
State,23,Maine,Lyumjev,Insulin Lispro-Aabc,14,48,104.7,59769.97,14,,27,67.5,38472.54,*,,284.65,1475,N,N,N,N,2023
State,24,Maryland,Lyumjev,Insulin Lispro-Aabc,44,137,312,170102.29,56,,102,243.3,135002.76,,42,134.55,4548.61,N,N,N,N,2023
State,25,Massachusetts,Lyumjev,Insulin Lispro-Aabc,54,217,414.5,252498.52,69,,133,290.5,169082.25,,49,491.95,6006.52,N,N,N,N,2023
State,26,Michigan,Lyumjev,Insulin Lispro-Aabc,91,342,687.5,398707.68,122,,258,534.3,305608.15,,93,168.45,8787.06,N,N,N,N,2023
State,27,Minnesota,Lyumjev,Insulin Lispro-Aabc,37,101,232.2,126711.7,39,,73,170.1,88376.7,#,,83.6,3475.3,N,N,N,N,2023
State,28,Mississippi,Lyumjev,Insulin Lispro-Aabc,24,112,155.7,129792.01,34,,81,112.1,85697.82,#,,64.65,3003.57,N,N,N,N,2023
State,29,Missouri,Lyumjev,Insulin Lispro-Aabc,54,224,454.9,328565.55,75,,122,302.8,209864.68,,48,271.4,8555.48,N,N,N,N,2023
State,30,Montana,Lyumjev,Insulin Lispro-Aabc,10,43,89.7,59550.84,12,,43,89.7,59550.84,,12,0,1576,N,N,N,N,2023
State,31,Nebraska,Lyumjev,Insulin Lispro-Aabc,16,43,75.1,47170.53,17,,22,45.6,25752.88,#,,62.1,1113.28,N,N,N,N,2023
State,32,Nevada,Lyumjev,Insulin Lispro-Aabc,19,63,156,111012.28,24,#,,,,#,,10.35,3413.77,N,N,N,N,2023
State,33,New Hampshire,Lyumjev,Insulin Lispro-Aabc,16,57,132.5,91564.43,24,#,,,,#,,0,2581.68,N,N,N,N,2023
State,34,New Jersey,Lyumjev,Insulin Lispro-Aabc,83,274,624,357525.72,111,,209,491.8,271293.54,,87,179.6,9035.06,N,N,N,N,2023
State,35,New Mexico,Lyumjev,Insulin Lispro-Aabc,21,93,149.1,95045.6,23,,47,81.9,48480.93,#,,147.45,2025,N,N,N,N,2023
State,36,New York,Lyumjev,Insulin Lispro-Aabc,141,558,1107.5,730430.53,176,,389,803.9,516416.93,,128,536.2,18068.35,N,N,N,N,2023
State,37,North Carolina,Lyumjev,Insulin Lispro-Aabc,103,638,1045,747609.78,194,,404,710.1,464933.2,,123,355,19610.9,N,N,N,N,2023
State,39,Ohio,Lyumjev,Insulin Lispro-Aabc,111,478,849.9,589520.68,140,,310,610.3,394044.09,,99,504.7,15001.71,N,N,N,N,2023
State,40,Oklahoma,Lyumjev,Insulin Lispro-Aabc,40,180,432.4,310238.23,64,,102,240.2,177761.52,,35,289.3,7494.63,N,N,N,N,2023
State,41,Oregon,Lyumjev,Insulin Lispro-Aabc,50,248,471.7,288451.27,77,,194,374.7,215716.67,,60,480.45,9996.14,N,N,N,N,2023
State,42,Pennsylvania,Lyumjev,Insulin Lispro-Aabc,114,505,844.6,566088.58,132,,357,620.1,414712.34,,97,350,14640.5,N,N,N,N,2023
State,44,Rhode Island,Lyumjev,Insulin Lispro-Aabc,14,47,66.7,41321.02,16,,31,37.4,21754.55,*,,4.3,1030,N,N,N,N,2023
State,45,South Carolina,Lyumjev,Insulin Lispro-Aabc,48,215,442.8,264392.37,82,,161,344.9,198338.1,,65,278.7,7497.19,N,N,N,N,2023
State,46,South Dakota,Lyumjev,Insulin Lispro-Aabc,6,20,34.6,20396,,*,,,,*,,41.4,204,N,N,N,N,2023
State,47,Tennessee,Lyumjev,Insulin Lispro-Aabc,67,281,473.1,343975.43,87,,169,319.9,233371.05,,63,376.65,8810.68,N,N,N,N,2023
State,48,Texas,Lyumjev,Insulin Lispro-Aabc,244,996,2021.1,1318804.13,367,,749,1559.7,970042.96,,280,1072.3,40237.11,N,N,N,N,2023
State,49,Utah,Lyumjev,Insulin Lispro-Aabc,28,73,188,135291.74,28,,61,158.6,113519.33,#,,27.55,3878.63,N,N,N,N,2023
State,51,Virginia,Lyumjev,Insulin Lispro-Aabc,58,227,401.1,261879.47,79,,160,286.2,186236.04,,61,268.7,6602.71,N,N,N,N,2023
State,53,Washington,Lyumjev,Insulin Lispro-Aabc,58,239,456.8,257839.56,71,,167,337.1,173301.34,,52,237.45,9116.68,N,N,N,N,2023
State,54,West Virginia,Lyumjev,Insulin Lispro-Aabc,17,69,120.7,91091.69,23,,42,91.1,66935.2,#,,51.75,2467.02,N,N,N,N,2023
State,55,Wisconsin,Lyumjev,Insulin Lispro-Aabc,48,138,327.9,235468.2,57,,117,290.5,207135.92,,46,50,6271.12,N,N,N,N,2023
State,72,Puerto Rico,Lyumjev,Insulin Lispro-Aabc,7,19,26.6,12202.04,,*,,,,*,,0,35,N,N,N,N,2023
State,9B,Armed Forces Europe,Lyumjev,Insulin Lispro-Aabc,1,12,19.3,17046.28,,*,,,,*,,0,0,N,N,N,N,2023
State,9C,Armed Forces Pacific,Lyumjev,Insulin Lispro-Aabc,1,12,31,18815.08,,*,,,,*,,0,910,N,N,N,N,2023
National,,National,Lyumjev Kwikpen U-100,Insulin Lispro-Aabc,7607,39198,75500.6,37722628.79,13580,,30580,60903,29148837.95,,10893,43174.76,1273819.31,N,N,N,N,2023
State,01,Alabama,Lyumjev Kwikpen U-100,Insulin Lispro-Aabc,113,848,1534.7,858233.01,290,,531,1036,548181.15,,203,1130.78,24532.48,N,N,N,N,2023
State,02,Alaska,Lyumjev Kwikpen U-100,Insulin Lispro-Aabc,13,67,106.2,41639.33,14,,21,44.3,15213.83,*,,68.95,1357.98,N,N,N,N,2023
State,04,Arizona,Lyumjev Kwikpen U-100,Insulin Lispro-Aabc,153,707,1428.2,707375.91,261,,593,1215.6,573294.43,,222,1217.9,27843.63,N,N,N,N,2023
State,05,Arkansas,Lyumjev Kwikpen U-100,Insulin Lispro-Aabc,69,626,950.9,508336.76,169,,414,654.5,339934.27,,117,766.75,11647.38,N,N,N,N,2023
State,06,California,Lyumjev Kwikpen U-100,Insulin Lispro-Aabc,662,3888,7570.3,3267843.22,1321,,3422,6735,2824960.08,,1172,3925.15,124816.38,N,N,N,N,2023
State,08,Colorado,Lyumjev Kwikpen U-100,Insulin Lispro-Aabc,92,420,922,461072.72,141,,364,802.2,391698.23,,121,248.41,17845.26,N,N,N,N,2023
State,09,Connecticut,Lyumjev Kwikpen U-100,Insulin Lispro-Aabc,143,803,1733,761804.85,310,,611,1358.7,591452.61,,249,394.55,23323.94,N,N,N,N,2023
State,10,Delaware,Lyumjev Kwikpen U-100,Insulin Lispro-Aabc,32,144,327.5,188102,52,,108,262.7,136764.49,#,,379.1,6529.44,N,N,N,N,2023
State,11,District of Columbia,Lyumjev Kwikpen U-100,Insulin Lispro-Aabc,15,60,108.9,45458.53,20,,47,93.7,37762.28,#,,41.4,1481.04,N,N,N,N,2023
State,12,Florida,Lyumjev Kwikpen U-100,Insulin Lispro-Aabc,553,3580,7295.9,3382648.39,1240,,2936,6158.6,2734786.05,,1040,2661.84,132223.38,N,N,N,N,2023
State,13,Georgia,Lyumjev Kwikpen U-100,Insulin Lispro-Aabc,252,1181,2269.9,1232952.96,460,,901,1800.8,958258.94,,354,985.5,40139.93,N,N,N,N,2023
State,15,Hawaii,Lyumjev Kwikpen U-100,Insulin Lispro-Aabc,7,14,26.8,14222.81,,*,,,,*,,31.05,204.33,N,N,N,N,2023
State,16,Idaho,Lyumjev Kwikpen U-100,Insulin Lispro-Aabc,45,221,428.5,251126.36,77,,160,335.1,184309.03,,60,217.2,8704.46,N,N,N,N,2023
State,17,Illinois,Lyumjev Kwikpen U-100,Insulin Lispro-Aabc,290,1135,2352.3,1156483.06,443,,908,1936.5,913528.13,,361,768.35,42099.24,N,N,N,N,2023
State,18,Indiana,Lyumjev Kwikpen U-100,Insulin Lispro-Aabc,188,1031,1918.4,1043286.78,358,,728,1411.6,704009.89,,270,472.3,29506.73,N,N,N,N,2023
State,19,Iowa,Lyumjev Kwikpen U-100,Insulin Lispro-Aabc,69,263,401.8,195303.26,72,,186,291.4,135778.27,,54,139.65,5006.83,N,N,N,N,2023
State,20,Kansas,Lyumjev Kwikpen U-100,Insulin Lispro-Aabc,76,367,677.1,471812.66,129,,292,559.4,374435.23,,109,676.3,14488.25,N,N,N,N,2023
State,21,Kentucky,Lyumjev Kwikpen U-100,Insulin Lispro-Aabc,85,530,840.6,460317.81,150,,385,629.6,327867.4,,109,736.65,12174.16,N,N,N,N,2023
State,22,Louisiana,Lyumjev Kwikpen U-100,Insulin Lispro-Aabc,92,491,768.2,364029.82,171,,369,565.1,260837.85,,132,293.8,14332.71,N,N,N,N,2023
State,23,Maine,Lyumjev Kwikpen U-100,Insulin Lispro-Aabc,46,139,305.6,142534.73,64,,94,218.7,94791.94,,46,91.4,3822.34,N,N,N,N,2023
State,24,Maryland,Lyumjev Kwikpen U-100,Insulin Lispro-Aabc,153,728,1491.8,718782.88,270,,542,1170.3,560260.32,,209,887.55,20928.68,N,N,N,N,2023
State,25,Massachusetts,Lyumjev Kwikpen U-100,Insulin Lispro-Aabc,151,601,1088.5,532139.86,204,,449,843.8,390840.66,,154,737.3,14476.14,N,N,N,N,2023
State,26,Michigan,Lyumjev Kwikpen U-100,Insulin Lispro-Aabc,187,786,1542.2,718809.36,319,,592,1217.7,549413.94,,253,1152.97,23418.6,N,N,N,N,2023
State,27,Minnesota,Lyumjev Kwikpen U-100,Insulin Lispro-Aabc,188,720,1324.7,619050.28,212,,576,1085.8,497833.31,,175,978.07,25840.51,N,N,N,N,2023
State,28,Mississippi,Lyumjev Kwikpen U-100,Insulin Lispro-Aabc,53,352,606.2,306256.11,123,,260,466.5,236432.35,,94,495.25,11903.82,N,N,N,N,2023
State,29,Missouri,Lyumjev Kwikpen U-100,Insulin Lispro-Aabc,143,788,1350.9,809963.64,255,,543,977.9,561981.79,,191,745.87,22233.62,N,N,N,N,2023
State,30,Montana,Lyumjev Kwikpen U-100,Insulin Lispro-Aabc,14,57,108.6,57017.77,21,#,,,,#,,176.15,2015.32,N,N,N,N,2023
State,31,Nebraska,Lyumjev Kwikpen U-100,Insulin Lispro-Aabc,56,309,539.3,250320.01,115,,227,426.1,199868.2,,88,98.25,10651.37,N,N,N,N,2023
State,32,Nevada,Lyumjev Kwikpen U-100,Insulin Lispro-Aabc,62,383,806.5,426033.32,140,,343,739.9,384305.93,,122,402.95,14995.79,N,N,N,N,2023
State,33,New Hampshire,Lyumjev Kwikpen U-100,Insulin Lispro-Aabc,47,291,566.9,301343.05,104,,264,502.3,268662.35,,90,168.35,12284.93,N,N,N,N,2023
State,34,New Jersey,Lyumjev Kwikpen U-100,Insulin Lispro-Aabc,274,1527,3369.5,1450534.9,551,,1279,2943.9,1206278.45,,473,1722,51849.91,N,N,N,N,2023
State,35,New Mexico,Lyumjev Kwikpen U-100,Insulin Lispro-Aabc,40,120,185.6,98047.83,52,,93,142.2,71382.39,,39,220.7,3483.88,N,N,N,N,2023
State,36,New York,Lyumjev Kwikpen U-100,Insulin Lispro-Aabc,415,1778,3533.1,1703866.03,672,,1424,2939,1346016.81,,551,1954.84,59450.61,N,N,N,N,2023
State,37,North Carolina,Lyumjev Kwikpen U-100,Insulin Lispro-Aabc,277,1806,2968.2,1569321.21,542,,1295,2201.7,1054023.75,,386,2197.99,54796.63,N,N,N,N,2023
State,38,North Dakota,Lyumjev Kwikpen U-100,Insulin Lispro-Aabc,21,129,171.3,110564.92,26,,105,141.9,85240.43,#,,153.35,1586.93,N,N,N,N,2023
State,39,Ohio,Lyumjev Kwikpen U-100,Insulin Lispro-Aabc,337,1291,2449.2,1375528.21,497,,977,1972.5,1053125.47,,398,1056.18,41852.01,N,N,N,N,2023
State,40,Oklahoma,Lyumjev Kwikpen U-100,Insulin Lispro-Aabc,66,432,795.4,449754.1,151,,297,580.3,319983.6,,111,926.75,11739.73,N,N,N,N,2023
State,41,Oregon,Lyumjev Kwikpen U-100,Insulin Lispro-Aabc,126,499,982,518774.13,169,,365,766.8,387078.76,,132,543.7,18027.77,N,N,N,N,2023
State,42,Pennsylvania,Lyumjev Kwikpen U-100,Insulin Lispro-Aabc,383,1650,3184.4,1513591.76,567,,1195,2348.8,1064718.53,,420,2635.95,49714.03,N,N,N,N,2023
State,44,Rhode Island,Lyumjev Kwikpen U-100,Insulin Lispro-Aabc,36,155,226,123316.79,51,,110,177.4,90543.69,#,,190.8,3179.98,N,N,N,N,2023
State,45,South Carolina,Lyumjev Kwikpen U-100,Insulin Lispro-Aabc,124,644,1187.9,623743.95,216,,505,951.8,447184.74,,170,551.25,21205.63,N,N,N,N,2023
State,46,South Dakota,Lyumjev Kwikpen U-100,Insulin Lispro-Aabc,23,100,171.5,96763.61,37,,79,143.9,78088.66,#,,152.8,3145.89,N,N,N,N,2023
State,47,Tennessee,Lyumjev Kwikpen U-100,Insulin Lispro-Aabc,153,788,1471.4,878409,285,,624,1184.2,685039.62,,234,1517.53,22912.04,N,N,N,N,2023
State,48,Texas,Lyumjev Kwikpen U-100,Insulin Lispro-Aabc,628,3949,7935.5,3939226.08,1476,,3130,6371.8,3046141.76,,1173,5775.35,131747.26,N,N,N,N,2023
State,49,Utah,Lyumjev Kwikpen U-100,Insulin Lispro-Aabc,61,238,471,286844.5,93,,197,406.1,248633.5,,80,164.65,8807.74,N,N,N,N,2023
State,50,Vermont,Lyumjev Kwikpen U-100,Insulin Lispro-Aabc,11,35,46.7,65326.35,11,,12,21.2,12971.9,*,,70.7,558.91,N,N,N,N,2023
State,51,Virginia,Lyumjev Kwikpen U-100,Insulin Lispro-Aabc,185,887,1848.5,923415.35,340,,714,1508.2,757857.29,,274,901.15,35291.86,N,N,N,N,2023
State,53,Washington,Lyumjev Kwikpen U-100,Insulin Lispro-Aabc,191,728,1443,766328.44,273,,579,1150.1,627614.23,,208,288.7,24213.57,N,N,N,N,2023
State,54,West Virginia,Lyumjev Kwikpen U-100,Insulin Lispro-Aabc,34,127,286.7,139222.31,54,,97,223.1,103988.09,,41,79.3,3853.54,N,N,N,N,2023
State,55,Wisconsin,Lyumjev Kwikpen U-100,Insulin Lispro-Aabc,166,741,1303.7,748823.27,261,,550,1014.2,574345.5,,203,834.93,24252.35,N,N,N,N,2023
State,72,Puerto Rico,Lyumjev Kwikpen U-100,Insulin Lispro-Aabc,3,19,29.3,16749.16,,*,,,,*,,115.35,155.25,N,N,N,N,2023
State,9C,Armed Forces Pacific,Lyumjev Kwikpen U-100,Insulin Lispro-Aabc,1,19,37.4,24107,,,19,37.4,24107,*,,20.7,967.82,N,N,N,N,2023
National,,National,Lyumjev Kwikpen U-200,Insulin Lispro-Aabc,1349,5473,9848.8,9880755.5,1744,,3833,7232.9,6742322.05,,1275,4882.35,158898.41,N,N,N,N,2023
State,01,Alabama,Lyumjev Kwikpen U-200,Insulin Lispro-Aabc,18,75,135.9,108277.03,22,,29,55.8,38476.67,*,,20.7,846.14,N,N,N,N,2023
State,04,Arizona,Lyumjev Kwikpen U-200,Insulin Lispro-Aabc,29,80,144.2,141556,31,,47,96.1,90797.23,,20,25,2804.95,N,N,N,N,2023
State,05,Arkansas,Lyumjev Kwikpen U-200,Insulin Lispro-Aabc,9,32,48.3,89378.64,14,,19,28.9,44722.06,*,,0,630,N,N,N,N,2023
State,06,California,Lyumjev Kwikpen U-200,Insulin Lispro-Aabc,132,529,951.6,888878.2,166,,408,743,600135.29,,137,586.75,14743.88,N,N,N,N,2023
State,08,Colorado,Lyumjev Kwikpen U-200,Insulin Lispro-Aabc,10,25,48.1,41633.72,,#,,,,*,,0,1123.81,N,N,N,N,2023
State,09,Connecticut,Lyumjev Kwikpen U-200,Insulin Lispro-Aabc,43,160,343.5,314356.98,56,,126,279,221728.05,,45,136.75,4412.31,N,N,N,N,2023
State,10,Delaware,Lyumjev Kwikpen U-200,Insulin Lispro-Aabc,8,35,67.6,72902.86,,#,,,,*,,214.65,280,N,N,N,N,2023
State,12,Florida,Lyumjev Kwikpen U-200,Insulin Lispro-Aabc,120,456,872.2,737790.97,158,,382,738.5,655540.7,,130,62.1,18012.63,N,N,N,N,2023
State,13,Georgia,Lyumjev Kwikpen U-200,Insulin Lispro-Aabc,45,212,388.6,336296.91,71,,138,278.4,232317.72,,50,520,6788.78,N,N,N,N,2023
State,16,Idaho,Lyumjev Kwikpen U-200,Insulin Lispro-Aabc,4,11,19.1,15343.91,,*,,,,*,,0,436.9,N,N,N,N,2023
State,17,Illinois,Lyumjev Kwikpen U-200,Insulin Lispro-Aabc,37,125,213.4,233197.63,40,,88,158.5,174548.67,#,,55.9,3010.71,N,N,N,N,2023
State,18,Indiana,Lyumjev Kwikpen U-200,Insulin Lispro-Aabc,25,67,126.6,154038.17,30,,50,100.2,118094.17,#,,14.65,2063.2,N,N,N,N,2023
State,19,Iowa,Lyumjev Kwikpen U-200,Insulin Lispro-Aabc,10,56,71,98716.28,,,41,50.6,52864.12,*,,41.4,1035,N,N,N,N,2023
State,20,Kansas,Lyumjev Kwikpen U-200,Insulin Lispro-Aabc,12,31,60.4,75440.44,12,,19,47.7,39531.94,*,,31.05,584.73,N,N,N,N,2023
State,21,Kentucky,Lyumjev Kwikpen U-200,Insulin Lispro-Aabc,14,85,144.8,191955.59,26,,65,112.6,159217.84,#,,62.1,2917.64,N,N,N,N,2023
State,22,Louisiana,Lyumjev Kwikpen U-200,Insulin Lispro-Aabc,19,80,104.9,111914.98,19,,48,64.8,75715.7,#,,0,1210.67,N,N,N,N,2023
State,23,Maine,Lyumjev Kwikpen U-200,Insulin Lispro-Aabc,8,23,41.6,56906.19,,,12,25.3,41457.67,*,,8.6,410,N,N,N,N,2023
State,24,Maryland,Lyumjev Kwikpen U-200,Insulin Lispro-Aabc,32,102,202.2,161407.57,41,,68,137.4,129281.22,,29,110.35,3272.72,N,N,N,N,2023
State,25,Massachusetts,Lyumjev Kwikpen U-200,Insulin Lispro-Aabc,22,71,113.9,95258.61,23,,48,64.9,53042.88,,12,17.2,918.35,N,N,N,N,2023
State,26,Michigan,Lyumjev Kwikpen U-200,Insulin Lispro-Aabc,32,81,162.4,126860.01,26,,49,106.7,67203.47,#,,82.65,1520,N,N,N,N,2023
State,27,Minnesota,Lyumjev Kwikpen U-200,Insulin Lispro-Aabc,9,25,41.9,61071.46,,#,,,,*,,34.4,740,N,N,N,N,2023
State,28,Mississippi,Lyumjev Kwikpen U-200,Insulin Lispro-Aabc,10,56,70.3,48293.16,,#,,,,*,,134.55,872.33,N,N,N,N,2023
State,29,Missouri,Lyumjev Kwikpen U-200,Insulin Lispro-Aabc,30,145,227.1,259185.35,44,,75,135.8,151153.21,,27,216.4,3870.39,N,N,N,N,2023
State,31,Nebraska,Lyumjev Kwikpen U-200,Insulin Lispro-Aabc,12,62,103.6,192714.82,17,,24,53.9,62936.99,*,,39.65,1208.52,N,N,N,N,2023
State,32,Nevada,Lyumjev Kwikpen U-200,Insulin Lispro-Aabc,8,37,87.8,66670.02,14,#,,,,#,,0,1354.7,N,N,N,N,2023
State,33,New Hampshire,Lyumjev Kwikpen U-200,Insulin Lispro-Aabc,15,122,195.3,215008.63,32,,59,103.7,85645.01,#,,292.35,3031.8,N,N,N,N,2023
State,34,New Jersey,Lyumjev Kwikpen U-200,Insulin Lispro-Aabc,67,335,648.3,446504.51,98,,269,550.7,382580.66,,81,58.25,10190.51,N,N,N,N,2023
State,35,New Mexico,Lyumjev Kwikpen U-200,Insulin Lispro-Aabc,6,34,40.4,31340.74,,#,,,,*,,0,1294.46,N,N,N,N,2023
State,36,New York,Lyumjev Kwikpen U-200,Insulin Lispro-Aabc,86,413,746.6,701180.54,130,,305,561.1,458674.73,,94,500.9,10588.95,N,N,N,N,2023
State,37,North Carolina,Lyumjev Kwikpen U-200,Insulin Lispro-Aabc,51,310,505.5,592327.2,98,,176,320.8,336052.9,,60,210.1,8870.78,N,N,N,N,2023
State,39,Ohio,Lyumjev Kwikpen U-200,Insulin Lispro-Aabc,49,172,277.3,382974.83,50,,121,205.8,257926.38,,37,261.15,5718.76,N,N,N,N,2023
State,40,Oklahoma,Lyumjev Kwikpen U-200,Insulin Lispro-Aabc,17,57,127.3,136762.88,23,,41,95.6,106263.68,#,,14.65,2481.09,N,N,N,N,2023
State,41,Oregon,Lyumjev Kwikpen U-200,Insulin Lispro-Aabc,22,73,122.5,196322.18,21,,41,77.1,88629.27,#,,137.1,711.36,N,N,N,N,2023
State,42,Pennsylvania,Lyumjev Kwikpen U-200,Insulin Lispro-Aabc,35,116,223.7,187940.14,38,,69,147.4,126559.36,,25,126.6,3267.55,N,N,N,N,2023
State,44,Rhode Island,Lyumjev Kwikpen U-200,Insulin Lispro-Aabc,5,45,74.9,72651.25,14,,28,45.2,46307.59,*,,4.3,310,N,N,N,N,2023
State,45,South Carolina,Lyumjev Kwikpen U-200,Insulin Lispro-Aabc,23,118,184.3,124526.6,28,,79,114.1,65121.49,#,,31.05,2692.82,N,N,N,N,2023
State,46,South Dakota,Lyumjev Kwikpen U-200,Insulin Lispro-Aabc,2,18,19.7,30057.11,,*,,,,*,,17.2,70,N,N,N,N,2023
State,47,Tennessee,Lyumjev Kwikpen U-200,Insulin Lispro-Aabc,31,77,147.8,225432.49,33,,37,83.3,106330.04,,21,72.9,2362.92,N,N,N,N,2023
State,48,Texas,Lyumjev Kwikpen U-200,Insulin Lispro-Aabc,145,569,1078.8,1094033.78,214,,422,832.6,874210.16,,164,573.05,19355.2,N,N,N,N,2023
State,49,Utah,Lyumjev Kwikpen U-200,Insulin Lispro-Aabc,15,38,80,106053.1,16,#,,,,#,,0,1980.14,N,N,N,N,2023
State,51,Virginia,Lyumjev Kwikpen U-200,Insulin Lispro-Aabc,34,161,277,311748.14,44,,116,206,184215.6,,33,31.05,5386.03,N,N,N,N,2023
State,53,Washington,Lyumjev Kwikpen U-200,Insulin Lispro-Aabc,20,74,159.8,192121.74,25,,51,120.6,141079.7,#,,10.35,3260.14,N,N,N,N,2023
State,55,Wisconsin,Lyumjev Kwikpen U-200,Insulin Lispro-Aabc,13,49,84.2,78819.46,18,#,,,,#,,0,1231.58,N,N,N,N,2023
National,,National,Lyumjev Tempo Pen U-100,Insulin Lispro-Aabc,232,373,652.7,322751.59,239,,291,540.1,239967.16,,187,536.6,12296.95,N,N,N,N,2023
State,06,California,Lyumjev Tempo Pen U-100,Insulin Lispro-Aabc,40,79,130.8,79352.52,42,,62,112.9,49730.16,#,,181.6,1847.41,N,N,N,N,2023
State,12,Florida,Lyumjev Tempo Pen U-100,Insulin Lispro-Aabc,19,29,48.4,19451.15,20,#,,,,#,,35.35,774.35,N,N,N,N,2023
State,17,Illinois,Lyumjev Tempo Pen U-100,Insulin Lispro-Aabc,12,16,34.4,14347.72,12,#,,,,*,,8.6,671.92,N,N,N,N,2023
State,18,Indiana,Lyumjev Tempo Pen U-100,Insulin Lispro-Aabc,8,13,15.9,9856.55,,*,,,,*,,0,140,N,N,N,N,2023
State,25,Massachusetts,Lyumjev Tempo Pen U-100,Insulin Lispro-Aabc,7,12,25.8,9957.72,,*,,,,*,,4.3,525,N,N,N,N,2023
State,27,Minnesota,Lyumjev Tempo Pen U-100,Insulin Lispro-Aabc,10,37,59.7,29025.24,12,,37,59.7,29025.24,,12,0,1158.46,N,N,N,N,2023
State,34,New Jersey,Lyumjev Tempo Pen U-100,Insulin Lispro-Aabc,14,21,46.2,18969.94,14,#,,,,#,,20.7,813.06,N,N,N,N,2023
State,36,New York,Lyumjev Tempo Pen U-100,Insulin Lispro-Aabc,11,23,41.7,22582.89,12,#,,,,#,,23.25,805,N,N,N,N,2023
State,37,North Carolina,Lyumjev Tempo Pen U-100,Insulin Lispro-Aabc,7,13,23.4,12254.7,,*,,,,*,,80.35,315,N,N,N,N,2023
State,42,Pennsylvania,Lyumjev Tempo Pen U-100,Insulin Lispro-Aabc,11,17,28.6,16980.56,,*,,,,*,,35,775,N,N,N,N,2023
State,48,Texas,Lyumjev Tempo Pen U-100,Insulin Lispro-Aabc,21,28,52.9,21828.83,21,#,,,,#,,62.1,1007.87,N,N,N,N,2023
State,51,Virginia,Lyumjev Tempo Pen U-100,Insulin Lispro-Aabc,10,11,16.2,12831.11,,*,,,,*,,20.7,372.3,N,N,N,N,2023
National,,National,Novolog,Insulin Aspart,72017,585389,887418.4,518242352.01,148890,,422241,641830.6,352970773.14,,108720,790930.08,11015998.2,N,N,N,N,2023
State,01,Alabama,Novolog,Insulin Aspart,1065,12152,16644.6,9612572.11,3018,,8548,11428.1,6041346.91,,2102,17831.21,187767.36,N,N,N,N,2023
State,02,Alaska,Novolog,Insulin Aspart,93,455,859.4,532429.29,123,,277,563.2,333472.94,,78,934.21,6524.37,N,N,N,N,2023
State,04,Arizona,Novolog,Insulin Aspart,1621,9328,15985,8885025.38,2859,,6633,11748.3,6282308.25,,2103,15684.14,220898.99,N,N,N,N,2023
State,05,Arkansas,Novolog,Insulin Aspart,1013,12394,14690.4,7633550.71,2672,,8722,10095.8,4699203.7,,1859,16009.96,133224.37,N,N,N,N,2023
State,06,California,Novolog,Insulin Aspart,5833,42206,60020.2,30274108.29,10366,,31751,44897.9,21192032.66,,7871,52990.42,408475.61,N,N,N,N,2023
State,08,Colorado,Novolog,Insulin Aspart,816,4436,7404.7,4294433.89,1265,,3051,5112.5,2725566.26,,860,6160.92,99561.15,N,N,N,N,2023
State,09,Connecticut,Novolog,Insulin Aspart,666,4698,7608.8,4368326.92,1302,,3490,5724.7,3187720.4,,1002,6213.06,76249.42,N,N,N,N,2023
State,10,Delaware,Novolog,Insulin Aspart,188,1216,2188.6,1337103.92,376,,886,1652.7,991852.1,,275,3706.16,32380.63,N,N,N,N,2023
State,11,District of Columbia,Novolog,Insulin Aspart,100,763,1064.9,582879.37,199,,543,741,353162.6,,141,1214.57,8738,N,N,N,N,2023
State,12,Florida,Novolog,Insulin Aspart,6587,53448,88270.6,49574127.93,14764,,40467,66874.8,35691719.58,,11239,43031.99,678326.19,N,N,N,N,2023
State,13,Georgia,Novolog,Insulin Aspart,2700,24370,37201.1,21282020.91,6459,,17401,26537.7,14514108.89,,4631,40104.45,469786.13,N,N,N,N,2023
State,15,Hawaii,Novolog,Insulin Aspart,97,522,866.1,469996.14,145,,444,725.7,367837.98,,119,688.99,12281.43,N,N,N,N,2023
State,16,Idaho,Novolog,Insulin Aspart,384,2655,4321.3,2656836.63,694,,1840,3043.2,1794479.44,,472,5244.86,76317.04,N,N,N,N,2023
State,17,Illinois,Novolog,Insulin Aspart,3038,25583,37658,21764212.29,6416,,18109,26994.7,14888297.47,,4656,30495.33,463229.2,N,N,N,N,2023
State,18,Indiana,Novolog,Insulin Aspart,1473,12479,18740.5,11763284.01,3344,,8856,13208.8,7630182.37,,2383,12875.33,262581,N,N,N,N,2023
State,19,Iowa,Novolog,Insulin Aspart,1038,9428,12215.1,6695728.08,2041,,7376,9552.9,4877364.08,,1591,12887.32,188588.22,N,N,N,N,2023
State,20,Kansas,Novolog,Insulin Aspart,722,5955,8509.2,5415750.64,1441,,4359,6230.6,3620614.64,,1042,10793.3,138348.03,N,N,N,N,2023
State,21,Kentucky,Novolog,Insulin Aspart,1394,12428,17531,12051353.57,3209,,7945,11342.7,7047144.71,,2098,23256.8,216397.23,N,N,N,N,2023
State,22,Louisiana,Novolog,Insulin Aspart,1265,12044,16342.7,9401708.75,3000,,8621,11629.1,6451247.15,,2119,13953.56,214278,N,N,N,N,2023
State,23,Maine,Novolog,Insulin Aspart,469,3797,6110,3620926.22,942,,2697,4274.3,2323369.33,,663,3993.71,53163.38,N,N,N,N,2023
State,24,Maryland,Novolog,Insulin Aspart,1101,7163,12634.7,7483735.17,2248,,5211,9305.1,5347590.31,,1672,14531.68,173656.49,N,N,N,N,2023
State,25,Massachusetts,Novolog,Insulin Aspart,1783,17532,27208.4,15600963.93,4229,,12652,19717.5,10557995.63,,3086,21469.76,271938.42,N,N,N,N,2023
State,26,Michigan,Novolog,Insulin Aspart,3494,25909,41884.4,23716693.53,7209,,16963,27915.6,14848854.63,,4808,39909.14,536424.82,N,N,N,N,2023
State,27,Minnesota,Novolog,Insulin Aspart,1029,6519,11040.7,6710550.8,1724,,4704,8143.7,4590766.84,,1285,9415.28,213362.81,N,N,N,N,2023
State,28,Mississippi,Novolog,Insulin Aspart,1087,13282,16790,8859770.45,3015,,9667,11877.8,5678129.92,,2161,13039.55,135751.49,N,N,N,N,2023
State,29,Missouri,Novolog,Insulin Aspart,1266,12715,17514.7,10325150.55,3187,,8657,12133.4,6762712.68,,2247,14843.54,253337.35,N,N,N,N,2023
State,30,Montana,Novolog,Insulin Aspart,268,2052,3319.2,1977286.98,536,,1412,2379.6,1335477.76,,391,4207.3,57989.72,N,N,N,N,2023
State,31,Nebraska,Novolog,Insulin Aspart,517,4313,5933.5,3693682.21,951,,3315,4610.7,2678484.13,,750,4519.13,112498.31,N,N,N,N,2023
State,32,Nevada,Novolog,Insulin Aspart,478,2516,4853.7,2967301.29,850,,1907,3723.5,2203566.85,,635,3277.51,59501.61,N,N,N,N,2023
State,33,New Hampshire,Novolog,Insulin Aspart,303,2141,3480.8,2141492.53,574,,1470,2374.7,1293273.17,,403,3959.55,55625.04,N,N,N,N,2023
State,34,New Jersey,Novolog,Insulin Aspart,1423,12052,18128.9,9628866.1,2999,,9453,14338.2,7403660.32,,2378,13350.44,209099.3,N,N,N,N,2023
State,35,New Mexico,Novolog,Insulin Aspart,472,3350,5096.1,3104912.4,848,,2347,3624.1,2057908.93,,603,7872.89,69477.24,N,N,N,N,2023
State,36,New York,Novolog,Insulin Aspart,3286,27686,43623.7,28579761.19,7004,,20072,31758.1,19399387.29,,5189,26660.45,481426.63,N,N,N,N,2023
State,37,North Carolina,Novolog,Insulin Aspart,2376,18541,28430.2,18480298.26,5061,,12540,19265.8,11874269.69,,3512,29692.91,471278.25,N,N,N,N,2023
State,38,North Dakota,Novolog,Insulin Aspart,237,1590,2355.5,1410991.77,388,,1267,1884.8,1046397.07,,305,2090.58,44409.88,N,N,N,N,2023
State,39,Ohio,Novolog,Insulin Aspart,2573,23639,32941.7,18746583.39,6076,,16468,23101.9,12358205.95,,4333,26443.58,431557.81,N,N,N,N,2023
State,40,Oklahoma,Novolog,Insulin Aspart,975,9415,12459.2,6969820.43,2291,,6580,8579.7,4497309.64,,1610,10773.99,164722.17,N,N,N,N,2023
State,41,Oregon,Novolog,Insulin Aspart,813,4578,7183.5,4009466.86,1273,,3095,4960.9,2599662.54,,883,9634.92,87858.29,N,N,N,N,2023
State,42,Pennsylvania,Novolog,Insulin Aspart,3217,33338,50976.8,29947084.16,8074,,25176,38128.4,21125451.45,,6113,39765.82,670117.11,N,N,N,N,2023
State,44,Rhode Island,Novolog,Insulin Aspart,168,1399,2062,1141577.04,377,,958,1408.2,723295.91,,256,2076.88,21281.45,N,N,N,N,2023
State,45,South Carolina,Novolog,Insulin Aspart,1136,7064,11322.8,6908707.35,2102,,4786,7631.2,4338274.08,,1444,11887.77,187220.1,N,N,N,N,2023
State,46,South Dakota,Novolog,Insulin Aspart,223,2262,3599.2,2222745.21,552,,1770,2848,1662754.11,,434,3249.95,76406.08,N,N,N,N,2023
State,47,Tennessee,Novolog,Insulin Aspart,2261,18520,29829.6,19600671.51,5181,,12712,20555.2,12842486.87,,3628,34749.95,492880.78,N,N,N,N,2023
State,48,Texas,Novolog,Insulin Aspart,4901,35067,54938.6,32414206.58,10168,,26921,42323,24447492.39,,7742,60587.35,879821.56,N,N,N,N,2023
State,49,Utah,Novolog,Insulin Aspart,577,3701,6065.1,3828224.23,1111,,2555,4298.3,2679381.29,,801,4651.35,90737.7,N,N,N,N,2023
State,50,Vermont,Novolog,Insulin Aspart,126,850,1344.2,885388.3,221,,607,927.2,531211.43,,158,1383.7,17261.46,N,N,N,N,2023
State,51,Virginia,Novolog,Insulin Aspart,1571,11621,17992,10916430.08,3214,,8015,12443.9,7194524.35,,2257,21737.26,256978.48,N,N,N,N,2023
State,53,Washington,Novolog,Insulin Aspart,1371,7675,12606.8,7715934.52,2132,,5407,9028,5195968.58,,1527,17453.12,194718.77,N,N,N,N,2023
State,54,West Virginia,Novolog,Insulin Aspart,651,6157,9123.8,5687959.16,1645,,4232,6196,3480171.64,,1138,8754.97,94912.04,N,N,N,N,2023
State,55,Wisconsin,Novolog,Insulin Aspart,1117,8091,12700.5,7424588.43,2013,,6101,9675.3,5184267.76,,1529,8610.83,227122.5,N,N,N,N,2023
State,56,Wyoming,Novolog,Insulin Aspart,137,771,1026.3,633281.78,190,,597,810.3,427307.39,,147,1025.5,15354.32,N,N,N,N,2023
State,66,Guam,Novolog,Insulin Aspart,2,33,33.2,11342.28,,#,,,,*,,55.9,0,N,N,N,N,2023
State,72,Puerto Rico,Novolog,Insulin Aspart,507,3439,4577.5,2214363.52,732,,2539,3368.4,1526973.44,,554,1121.19,12434.83,N,N,N,N,2023
State,78,Virgin Islands,Novolog,Insulin Aspart,2,11,14,5854.94,,,11,14,5854.94,*,,0,235,N,N,N,N,2023
State,9C,Armed Forces Pacific,Novolog,Insulin Aspart,2,31,82.3,53732.78,12,#,,,,*,,45.7,1294,N,N,N,N,2023
National,,National,Novolog Flexpen,Insulin Aspart,191266,2117793,3590304.2,1874808937.2,588201,,1581626,2731543.9,1370681317.5,,444755,3244538.59,45791221.69,N,N,N,N,2023
State,01,Alabama,Novolog Flexpen,Insulin Aspart,2686,26633,46455.8,26020470.6,8346,,17524,30931.8,16597039.01,,5546,58253.34,610037.48,N,N,N,N,2023
State,02,Alaska,Novolog Flexpen,Insulin Aspart,365,2411,4197.5,2239392.9,731,,1688,3112.5,1562979.99,,540,3744.05,32852.98,N,N,N,N,2023
State,04,Arizona,Novolog Flexpen,Insulin Aspart,3532,27591,50741.9,25853020,9026,,21148,40011.6,19722443.42,,7020,44096.72,759520.1,N,N,N,N,2023
State,05,Arkansas,Novolog Flexpen,Insulin Aspart,1837,20295,31408.6,18738161.57,5818,,13292,21060.4,12076690.02,,3874,42428.89,461381.65,N,N,N,N,2023
State,06,California,Novolog Flexpen,Insulin Aspart,14999,152227,254951.9,114924944.29,41387,,115751,196835.4,85146788.5,,31773,234370.55,1547779.61,N,N,N,N,2023
State,08,Colorado,Novolog Flexpen,Insulin Aspart,2232,14354,26480.6,13426104.22,4611,,10401,19709.9,9678576.72,,3374,25076.74,328375.38,N,N,N,N,2023
State,09,Connecticut,Novolog Flexpen,Insulin Aspart,1997,19215,36179.4,17838102.83,5854,,14365,27783.8,13092953.79,,4455,30343.13,368911.48,N,N,N,N,2023
State,10,Delaware,Novolog Flexpen,Insulin Aspart,646,7398,14464.8,8006485.17,2419,,5682,11549.6,6200589.17,,1865,11578.25,229648.01,N,N,N,N,2023
State,11,District of Columbia,Novolog Flexpen,Insulin Aspart,425,2971,5230.5,2445621.93,976,,1961,3625.2,1572791.74,,665,6762.93,39859.86,N,N,N,N,2023
State,12,Florida,Novolog Flexpen,Insulin Aspart,13139,153608,257404.7,123267402.33,43258,,120569,202592.6,93648889.07,,33843,184784.52,2524620.75,N,N,N,N,2023
State,13,Georgia,Novolog Flexpen,Insulin Aspart,5498,73305,123868,63367869.64,21060,,54520,92479.9,45672874.8,,15570,128070.4,1573387.36,N,N,N,N,2023
State,15,Hawaii,Novolog Flexpen,Insulin Aspart,557,4494,9598.9,4442844.27,1503,,3820,8313.8,3628949.15,,1276,6828.92,134722.56,N,N,N,N,2023
State,16,Idaho,Novolog Flexpen,Insulin Aspart,1066,9457,15315.4,8215591.98,2794,,7051,11727.2,6149121.84,,2115,15261.77,236190.51,N,N,N,N,2023
State,17,Illinois,Novolog Flexpen,Insulin Aspart,7512,88495,153702.4,85351386.42,25475,,66232,118119.2,63201539.56,,19499,117822.26,2106317.82,N,N,N,N,2023
State,18,Indiana,Novolog Flexpen,Insulin Aspart,4118,54720,92698.3,55397143.41,15621,,40416,69713.7,39986779.04,,11732,61692.64,1374134.13,N,N,N,N,2023
State,19,Iowa,Novolog Flexpen,Insulin Aspart,2321,31143,48815.5,28631942.9,8134,,25317,40201.8,22856812.22,,6562,41573.22,964194.41,N,N,N,N,2023
State,20,Kansas,Novolog Flexpen,Insulin Aspart,2189,33933,52971.2,31134627.8,8399,,26015,41150.4,22948982.19,,6405,50467.44,895715.06,N,N,N,N,2023
State,21,Kentucky,Novolog Flexpen,Insulin Aspart,3339,43598,68963.7,40603543.83,12398,,30414,48902.4,27315462.21,,8604,86678.68,914160.4,N,N,N,N,2023
State,22,Louisiana,Novolog Flexpen,Insulin Aspart,2803,34707,56309.3,27300759.85,10184,,24985,40615.5,19179106.4,,7340,41428.5,655303.94,N,N,N,N,2023
State,23,Maine,Novolog Flexpen,Insulin Aspart,1209,9953,18043.1,10060792.51,2982,,7116,13203.5,6916852.63,,2162,14398.04,176711.25,N,N,N,N,2023
State,24,Maryland,Novolog Flexpen,Insulin Aspart,3318,31407,57210.2,27607258.98,9961,,23936,44556.3,20711152.07,,7722,67560.64,785779.76,N,N,N,N,2023
State,25,Massachusetts,Novolog Flexpen,Insulin Aspart,4442,48757,85043.4,44453932.2,13591,,34407,62258.9,31348044.42,,9967,67477.58,919556.04,N,N,N,N,2023
State,26,Michigan,Novolog Flexpen,Insulin Aspart,8179,92066,168231.4,85943395.04,27717,,65374,123495.5,61093748.64,,20215,131151.31,2201902.27,N,N,N,N,2023
State,27,Minnesota,Novolog Flexpen,Insulin Aspart,4442,42532,71543.3,38495957.87,11779,,31127,54171,27902991.83,,8878,65291.19,1145102.44,N,N,N,N,2023
State,28,Mississippi,Novolog Flexpen,Insulin Aspart,2031,27573,45444.7,25523573.79,8096,,18021,30272.9,16301748.92,,5397,50443.84,541593.66,N,N,N,N,2023
State,29,Missouri,Novolog Flexpen,Insulin Aspart,4091,51040,80136.3,44844119.44,14488,,35570,57083.4,30553889.3,,10248,77150.19,1147520.9,N,N,N,N,2023
State,30,Montana,Novolog Flexpen,Insulin Aspart,725,7499,12785.1,7106661.27,2165,,5601,9767.7,5148836.33,,1660,12073.09,201771.75,N,N,N,N,2023
State,31,Nebraska,Novolog Flexpen,Insulin Aspart,1364,15917,24535.7,12938635.44,4210,,12944,20125.8,10407735.68,,3393,17317.62,451493.79,N,N,N,N,2023
State,32,Nevada,Novolog Flexpen,Insulin Aspart,1434,12943,23269.5,11608436.91,3986,,9622,17637.9,8558691.66,,2993,26263.35,280753.74,N,N,N,N,2023
State,33,New Hampshire,Novolog Flexpen,Insulin Aspart,831,6982,11763.6,6989583.03,2168,,4969,8624.3,4874666.08,,1578,15330.82,180255.53,N,N,N,N,2023
State,34,New Jersey,Novolog Flexpen,Insulin Aspart,4019,46219,82274.6,40395773.58,13020,,36856,67267.9,32052237.22,,10533,65039.35,1141324.96,N,N,N,N,2023
State,35,New Mexico,Novolog Flexpen,Insulin Aspart,1307,11698,19667.2,10061677.46,3580,,8016,13886.5,6836022.6,,2499,29540.35,221666.6,N,N,N,N,2023
State,36,New York,Novolog Flexpen,Insulin Aspart,14390,171490,293779.3,142445342.11,44841,,133581,232900.9,108588475.92,,35286,193550.5,2267157.21,N,N,N,N,2023
State,37,North Carolina,Novolog Flexpen,Insulin Aspart,7039,75853,122109.4,64367326.97,22177,,55011,89361.8,44992872.04,,16137,138950.2,1707902.07,N,N,N,N,2023
State,38,North Dakota,Novolog Flexpen,Insulin Aspart,743,11527,18903.2,11056902.34,2970,,8978,15099.5,8441361.49,,2359,18959.88,377880.34,N,N,N,N,2023
State,39,Ohio,Novolog Flexpen,Insulin Aspart,8010,94283,148203.4,78535939.92,26496,,68418,110460.5,56416206.68,,19636,123363.11,2118327.01,N,N,N,N,2023
State,40,Oklahoma,Novolog Flexpen,Insulin Aspart,2458,32061,48851.9,26527295.33,8992,,23310,36018.5,18747830.29,,6531,49340.81,768501.28,N,N,N,N,2023
State,41,Oregon,Novolog Flexpen,Insulin Aspart,2221,16032,26679,13539913.48,4872,,11627,19821.1,9736501.25,,3609,31021.24,298401.31,N,N,N,N,2023
State,42,Pennsylvania,Novolog Flexpen,Insulin Aspart,9944,133038,231818.8,119982985.27,36620,,102944,182638.3,91108830.37,,28505,188431.05,3293429.85,N,N,N,N,2023
State,44,Rhode Island,Novolog Flexpen,Insulin Aspart,535,4394,7488.3,3645766.87,1303,,3083,5401.6,2587070.69,,937,5024.89,83518.28,N,N,N,N,2023
State,45,South Carolina,Novolog Flexpen,Insulin Aspart,3480,37449,63846.4,33093928.73,11378,,26038,44948.3,22150697.41,,7975,77549.31,867746.42,N,N,N,N,2023
State,46,South Dakota,Novolog Flexpen,Insulin Aspart,702,9810,15537,9192448.38,2721,,7780,12421.9,7017832,,2144,13134.78,283650.9,N,N,N,N,2023
State,47,Tennessee,Novolog Flexpen,Insulin Aspart,4504,49077,83269.5,48610957.56,15280,,36710,63524.3,35806546.34,,11553,90249.7,1442935.46,N,N,N,N,2023
State,48,Texas,Novolog Flexpen,Insulin Aspart,12094,117523,207820.8,109767034.17,37410,,90072,161071.7,82566703.85,,28821,231862.42,3169697.01,N,N,N,N,2023
State,49,Utah,Novolog Flexpen,Insulin Aspart,1333,11535,20479.7,12196103.79,3702,,9023,16467.4,9535430.98,,2941,13446.63,303140.35,N,N,N,N,2023
State,50,Vermont,Novolog Flexpen,Insulin Aspart,488,3980,6941,3766944.27,1168,,2940,5193.4,2623210.74,,863,5904.76,75538.53,N,N,N,N,2023
State,51,Virginia,Novolog Flexpen,Insulin Aspart,4181,40317,69847,37314942.05,12274,,29477,52090.4,26666879.45,,9040,82149.5,1035653.54,N,N,N,N,2023
State,53,Washington,Novolog Flexpen,Insulin Aspart,3951,28162,49308,26401285.05,8701,,21246,38107,19796140.66,,6608,48186.66,725879.79,N,N,N,N,2023
State,54,West Virginia,Novolog Flexpen,Insulin Aspart,1857,25915,43221.4,24576395.76,7787,,18123,30569.5,16454267.54,,5510,49207.13,452141.45,N,N,N,N,2023
State,55,Wisconsin,Novolog Flexpen,Insulin Aspart,3956,45208,74545.3,42525729.58,12462,,34734,58462.9,31461903.98,,9598,48377.2,1278309.2,N,N,N,N,2023
State,56,Wyoming,Novolog Flexpen,Insulin Aspart,331,2576,4056.2,1972226.41,737,,2061,3304.9,1563440.02,,588,3381.24,62811.35,N,N,N,N,2023
State,66,Guam,Novolog Flexpen,Insulin Aspart,8,136,167.9,62024.58,43,,106,133.2,52336.54,#,,296.2,880,N,N,N,N,2023
State,72,Puerto Rico,Novolog Flexpen,Insulin Aspart,351,2003,3196.3,1659050.88,559,,1421,2348,1163661.73,,417,1430.61,17903.76,N,N,N,N,2023
State,78,Virgin Islands,Novolog Flexpen,Insulin Aspart,10,25,37.3,22036.84,,,25,37.3,22036.84,*,,0,1122.96,N,N,N,N,2023
State,9B,Armed Forces Europe,Novolog Flexpen,Insulin Aspart,7,74,130.9,93566.89,31,,57,92,69650.51,,19,61.95,2095.34,N,N,N,N,2023
State,9C,Armed Forces Pacific,Novolog Flexpen,Insulin Aspart,5,111,210.4,150453.32,42,,91,161.6,112607.88,,31,292.1,1606.41,N,N,N,N,2023
State,9D,Unknown,Novolog Flexpen,Insulin Aspart,5,54,119.1,58093.74,19,#,,,,#,,62.1,2240.69,N,N,N,N,2023
State,9E,Foreign Country,Novolog Flexpen,Insulin Aspart,8,17,25.4,7279.62,,#,,,,*,,0,160,N,N,N,N,2023
National,,National,Novolog Penfill,Insulin Aspart,4446,12987,24966,13092381.33,5066,,8853,17744.9,8861158.98,,3545,16611.11,404062.98,N,N,N,N,2023
State,01,Alabama,Novolog Penfill,Insulin Aspart,44,132,248.6,156345.94,55,,62,120.1,61119.9,,25,266.5,3399.29,N,N,N,N,2023
State,02,Alaska,Novolog Penfill,Insulin Aspart,14,40,72.8,34982.71,16,,28,53.2,22350.36,#,,8.6,1042.31,N,N,N,N,2023
State,04,Arizona,Novolog Penfill,Insulin Aspart,83,190,393,180852.49,85,,147,313.6,149115.31,,62,171.35,8284.22,N,N,N,N,2023
State,05,Arkansas,Novolog Penfill,Insulin Aspart,29,92,154.5,99199.38,38,,62,106.9,60497.18,,26,51.75,2833.97,N,N,N,N,2023
State,06,California,Novolog Penfill,Insulin Aspart,333,947,1890.7,921447.09,390,,673,1459.6,692382.48,,291,1188.65,21703.05,N,N,N,N,2023
State,08,Colorado,Novolog Penfill,Insulin Aspart,76,282,553.1,274282.7,96,,190,399,197693.09,,65,576.15,9792.23,N,N,N,N,2023
State,09,Connecticut,Novolog Penfill,Insulin Aspart,63,172,319.4,151294.23,62,,121,249.4,113615.35,,49,185.35,3960.12,N,N,N,N,2023
State,10,Delaware,Novolog Penfill,Insulin Aspart,19,43,79.6,52847.2,19,#,,,,#,,17.2,1799.31,N,N,N,N,2023
State,11,District of Columbia,Novolog Penfill,Insulin Aspart,7,11,19.3,13506.51,,*,,,,*,,14.65,250,N,N,N,N,2023
State,12,Florida,Novolog Penfill,Insulin Aspart,278,704,1396.8,686415.2,301,,511,1048.7,508827.37,,220,847.64,19104.34,N,N,N,N,2023
State,13,Georgia,Novolog Penfill,Insulin Aspart,108,268,531.2,301290.73,115,,184,381.3,219801.32,,78,482.6,6778.82,N,N,N,N,2023
State,15,Hawaii,Novolog Penfill,Insulin Aspart,9,32,65.6,27933.79,12,#,,,,#,,0,1169.57,N,N,N,N,2023
State,16,Idaho,Novolog Penfill,Insulin Aspart,23,78,108.6,88011.81,24,,32,42.3,36818.86,,11,82,1126,N,N,N,N,2023
State,17,Illinois,Novolog Penfill,Insulin Aspart,148,419,831.3,481277.38,173,,293,617.3,354975.89,,125,333.3,13022.85,N,N,N,N,2023
State,18,Indiana,Novolog Penfill,Insulin Aspart,86,185,337.3,200454.69,92,,123,225.2,123542.25,,58,236.89,5692.4,N,N,N,N,2023
State,19,Iowa,Novolog Penfill,Insulin Aspart,72,235,413.3,202739.55,84,,178,319.6,147277.29,,63,194.75,9422.04,N,N,N,N,2023
State,20,Kansas,Novolog Penfill,Insulin Aspart,51,171,317.5,158455.14,61,,114,233.8,99511.56,,39,112.9,6385.45,N,N,N,N,2023
State,21,Kentucky,Novolog Penfill,Insulin Aspart,77,258,467.2,313586.01,104,,140,259.7,137059.98,,60,298.4,7621.47,N,N,N,N,2023
State,22,Louisiana,Novolog Penfill,Insulin Aspart,80,278,523.7,294539.64,114,,169,334.1,182853.95,,74,278.48,6837.2,N,N,N,N,2023
State,23,Maine,Novolog Penfill,Insulin Aspart,36,99,204.8,128007.79,43,,62,132.3,83034.78,,27,87.9,3069.5,N,N,N,N,2023
State,24,Maryland,Novolog Penfill,Insulin Aspart,85,227,422.1,158448.67,104,,163,303.7,117805.68,,74,363.85,6209.41,N,N,N,N,2023
State,25,Massachusetts,Novolog Penfill,Insulin Aspart,158,484,959.9,450839.19,185,,316,653.7,284135.6,,133,501.42,14284.08,N,N,N,N,2023
State,26,Michigan,Novolog Penfill,Insulin Aspart,210,559,1144.7,520249.69,243,,380,812.5,364521.78,,162,824.11,18915.82,N,N,N,N,2023
State,27,Minnesota,Novolog Penfill,Insulin Aspart,165,640,1226.4,658472.43,211,,376,782.4,377551.51,,130,1000.43,19935.48,N,N,N,N,2023
State,28,Mississippi,Novolog Penfill,Insulin Aspart,33,113,199.9,107844.51,37,,47,90.5,51326.97,,17,214.65,2371.28,N,N,N,N,2023
State,29,Missouri,Novolog Penfill,Insulin Aspart,104,238,431.8,269752.94,105,,145,293.1,169715.92,,70,186.95,7018.17,N,N,N,N,2023
State,30,Montana,Novolog Penfill,Insulin Aspart,27,132,251.2,140388.6,46,,92,175.9,109375.95,,30,195.8,5166.66,N,N,N,N,2023
State,31,Nebraska,Novolog Penfill,Insulin Aspart,20,67,127.1,65981.81,22,,43,88.7,38438.44,#,,34.55,2017.01,N,N,N,N,2023
State,32,Nevada,Novolog Penfill,Insulin Aspart,41,88,201.2,98784.07,39,,77,177.9,84194.06,#,,29.15,3397.52,N,N,N,N,2023
State,33,New Hampshire,Novolog Penfill,Insulin Aspart,32,137,265.1,143999.74,44,,97,191,94724.96,,33,127.55,5829.1,N,N,N,N,2023
State,34,New Jersey,Novolog Penfill,Insulin Aspart,97,238,438.5,197938.74,102,,180,336,145321.43,,79,326.3,6639.68,N,N,N,N,2023
State,35,New Mexico,Novolog Penfill,Insulin Aspart,41,132,236.1,120534.46,49,,84,167.4,85089.25,,33,198.25,4551.84,N,N,N,N,2023
State,36,New York,Novolog Penfill,Insulin Aspart,278,831,1581.4,830402.01,359,,595,1086.1,520280.96,,262,1128,18311.18,N,N,N,N,2023
State,37,North Carolina,Novolog Penfill,Insulin Aspart,117,348,670.6,441245.85,148,,226,436.9,278634.36,,100,733.7,10854.18,N,N,N,N,2023
State,38,North Dakota,Novolog Penfill,Insulin Aspart,21,72,147.8,67329.77,24,,46,120.6,52015.74,#,,157.8,3457.56,N,N,N,N,2023
State,39,Ohio,Novolog Penfill,Insulin Aspart,163,426,780.3,363560.91,165,,298,565.1,243755.31,,115,243,13877.05,N,N,N,N,2023
State,40,Oklahoma,Novolog Penfill,Insulin Aspart,38,110,207.1,125167.36,49,,69,128.1,71875.42,,28,88.25,4120.55,N,N,N,N,2023
State,41,Oregon,Novolog Penfill,Insulin Aspart,65,201,362.3,207516.06,69,,142,256.9,142959.87,,46,351.4,6981.28,N,N,N,N,2023
State,42,Pennsylvania,Novolog Penfill,Insulin Aspart,243,879,1651,786269.97,282,,580,1136.4,523413.93,,194,1212.67,28619.19,N,N,N,N,2023
State,44,Rhode Island,Novolog Penfill,Insulin Aspart,11,33,60.2,23682.31,14,#,,,,#,,17.2,758.75,N,N,N,N,2023
State,45,South Carolina,Novolog Penfill,Insulin Aspart,67,128,245,111247.28,67,,84,152.4,73396.67,,45,129.3,3422.11,N,N,N,N,2023
State,46,South Dakota,Novolog Penfill,Insulin Aspart,16,64,87.5,48050.28,18,,21,32.1,14553.43,*,,76.75,1446.08,N,N,N,N,2023
State,47,Tennessee,Novolog Penfill,Insulin Aspart,94,255,459.8,272076.2,101,,171,305.4,171938,,72,143.15,8746.75,N,N,N,N,2023
State,48,Texas,Novolog Penfill,Insulin Aspart,266,657,1281.4,716970.07,309,,524,1039.9,553257.96,,247,1013.28,25659.9,N,N,N,N,2023
State,49,Utah,Novolog Penfill,Insulin Aspart,34,96,193.8,121483.15,38,#,,,,#,,80.1,3169.31,N,N,N,N,2023
State,50,Vermont,Novolog Penfill,Insulin Aspart,16,58,135.6,84496.37,20,,43,99.6,41226.64,#,,22.5,2483.76,N,N,N,N,2023
State,51,Virginia,Novolog Penfill,Insulin Aspart,91,251,477.1,246608.14,97,,182,372.1,186895.85,,70,308.64,9304.29,N,N,N,N,2023
State,53,Washington,Novolog Penfill,Insulin Aspart,135,426,858.2,460573.49,150,,293,610.6,340118.89,,106,1183.7,16014.96,N,N,N,N,2023
State,54,West Virginia,Novolog Penfill,Insulin Aspart,19,35,75.3,24970.47,19,,21,46.6,15575.98,#,,66.4,944.85,N,N,N,N,2023
State,55,Wisconsin,Novolog Penfill,Insulin Aspart,112,406,825.4,441124.51,133,,274,605.9,298807.4,,97,196.5,15869.64,N,N,N,N,2023
National,,National,Insulin Aspart,Insulin Aspart,16053,58853,70820.2,16841573.25,25028,,44913,54161.6,12246375.8,,18862,54639.31,604664.72,N,N,N,N,2023
State,01,Alabama,Insulin Aspart,Insulin Aspart,250,1399,1540.3,353552.77,558,,1088,1195.8,269793.12,,422,1398,15195.86,N,N,N,N,2023
State,02,Alaska,Insulin Aspart,Insulin Aspart,13,19,26.6,5764.91,14,#,,,,*,,43.95,235.19,N,N,N,N,2023
State,04,Arizona,Insulin Aspart,Insulin Aspart,290,649,803.3,194535.77,376,,428,541.4,122149.37,,249,853,7175.37,N,N,N,N,2023
State,05,Arkansas,Insulin Aspart,Insulin Aspart,246,1411,1442.7,264039.26,507,,1124,1139.3,196661.51,,392,564.25,5187.1,N,N,N,N,2023
State,06,California,Insulin Aspart,Insulin Aspart,1113,3883,4538.4,974197.9,1662,,3039,3545.1,702652.92,,1308,2777.49,22938.07,N,N,N,N,2023
State,08,Colorado,Insulin Aspart,Insulin Aspart,162,398,514.8,114820.5,186,,305,396.6,85840.27,,134,308.09,5982.14,N,N,N,N,2023
State,09,Connecticut,Insulin Aspart,Insulin Aspart,157,423,539.8,127418.11,200,,339,436,99821.41,,156,511.75,2583.62,N,N,N,N,2023
State,10,Delaware,Insulin Aspart,Insulin Aspart,40,111,144.8,35881.39,61,,73,97,22367.96,,42,163.38,1127.28,N,N,N,N,2023
State,11,District of Columbia,Insulin Aspart,Insulin Aspart,22,89,92.4,17626.08,45,,72,73.4,12445.65,,31,33.6,90.7,N,N,N,N,2023
State,12,Florida,Insulin Aspart,Insulin Aspart,1579,6524,7865.7,1727704.78,2383,,5317,6318.3,1335092.82,,1886,5888.44,40933.84,N,N,N,N,2023
State,13,Georgia,Insulin Aspart,Insulin Aspart,473,2063,2212.8,443580.96,1101,,1636,1763.4,356004.95,,847,1498.71,14290.15,N,N,N,N,2023
State,15,Hawaii,Insulin Aspart,Insulin Aspart,27,64,88.6,25206.77,37,#,,,,#,,19.65,215.53,N,N,N,N,2023
State,16,Idaho,Insulin Aspart,Insulin Aspart,136,489,747.1,224624.39,175,,313,496.7,138406.31,,117,491.25,11652.95,N,N,N,N,2023
State,17,Illinois,Insulin Aspart,Insulin Aspart,759,2802,3220.4,687197.16,1237,,2197,2538,536771.88,,959,2130.85,25680.54,N,N,N,N,2023
State,18,Indiana,Insulin Aspart,Insulin Aspart,363,1220,1370.6,317135.78,565,,841,924.4,203120.99,,394,1058.95,9745,N,N,N,N,2023
State,19,Iowa,Insulin Aspart,Insulin Aspart,261,999,1072.5,229772.37,422,,740,792.4,157328.03,,326,851.6,8691.84,N,N,N,N,2023
State,20,Kansas,Insulin Aspart,Insulin Aspart,151,392,425.4,104367.86,204,,260,284.6,70235.74,,145,535.7,3739.61,N,N,N,N,2023
State,21,Kentucky,Insulin Aspart,Insulin Aspart,421,1992,2610.9,882748.97,764,,1438,1946.8,623410.54,,545,1923.59,37255.18,N,N,N,N,2023
State,22,Louisiana,Insulin Aspart,Insulin Aspart,251,876,928.6,203666.63,409,,647,689.5,152710.68,,300,985,8452.62,N,N,N,N,2023
State,23,Maine,Insulin Aspart,Insulin Aspart,87,203,282.4,86903.19,115,,128,167.1,40377.14,,75,312.9,1921.12,N,N,N,N,2023
State,24,Maryland,Insulin Aspart,Insulin Aspart,208,602,746.9,170387.13,299,,442,560.7,131060.54,,214,567.01,6571.15,N,N,N,N,2023
State,25,Massachusetts,Insulin Aspart,Insulin Aspart,291,775,869.4,179591.93,403,,616,685.5,135964.91,,309,868.9,4265.85,N,N,N,N,2023
State,26,Michigan,Insulin Aspart,Insulin Aspart,583,2078,2379,494339.16,1007,,1641,1850.3,365234.7,,774,1796.21,18257.2,N,N,N,N,2023
State,27,Minnesota,Insulin Aspart,Insulin Aspart,362,1377,2009.1,547157.84,452,,1029,1523.4,373592.7,,335,1505.3,30082.54,N,N,N,N,2023
State,28,Mississippi,Insulin Aspart,Insulin Aspart,250,1706,1765.1,318628.5,620,,1286,1314.7,234591.8,,459,773.95,4325.62,N,N,N,N,2023
State,29,Missouri,Insulin Aspart,Insulin Aspart,336,1838,2167.5,490269.3,719,,1422,1709.8,363337.7,,544,1170.18,11870.79,N,N,N,N,2023
State,30,Montana,Insulin Aspart,Insulin Aspart,41,113,165.1,47074.23,56,,93,141.3,39338.28,,41,111.15,3626.62,N,N,N,N,2023
State,31,Nebraska,Insulin Aspart,Insulin Aspart,111,266,301.5,71280.79,140,,221,254.1,58299.73,,111,155.1,4018.78,N,N,N,N,2023
State,32,Nevada,Insulin Aspart,Insulin Aspart,87,184,246.4,57080.88,99,,135,189.5,44688.68,,75,422.25,3848.79,N,N,N,N,2023
State,33,New Hampshire,Insulin Aspart,Insulin Aspart,70,177,220.7,56404.67,98,,130,150.5,31915.72,,78,470,1850.99,N,N,N,N,2023
State,34,New Jersey,Insulin Aspart,Insulin Aspart,343,1000,1087.4,212246.45,519,,797,874.1,167208.54,,411,872.69,5231.19,N,N,N,N,2023
State,35,New Mexico,Insulin Aspart,Insulin Aspart,90,208,242.1,68987.5,124,,153,179.5,38877.16,,95,207.65,1919.08,N,N,N,N,2023
State,36,New York,Insulin Aspart,Insulin Aspart,723,2217,2760.3,708893.29,1016,,1727,2141.5,512276,,805,1236.66,27611.42,N,N,N,N,2023
State,37,North Carolina,Insulin Aspart,Insulin Aspart,469,1433,1985.4,616608.39,650,,1188,1685.9,527999.65,,515,1062.83,39846.62,N,N,N,N,2023
State,38,North Dakota,Insulin Aspart,Insulin Aspart,50,100,139.9,50352.51,53,,83,116.2,36266.32,,41,123.26,3231.28,N,N,N,N,2023
State,39,Ohio,Insulin Aspart,Insulin Aspart,677,2319,2708.5,658146.76,1065,,1582,1839.4,413428.35,,711,3468.98,18067.71,N,N,N,N,2023
State,40,Oklahoma,Insulin Aspart,Insulin Aspart,162,603,643,124901.1,311,,434,460.5,83222.95,,222,395.18,3842.38,N,N,N,N,2023
State,41,Oregon,Insulin Aspart,Insulin Aspart,335,1154,1571.5,405369.93,434,,879,1218.9,298436.55,,326,902.25,14128.87,N,N,N,N,2023
State,42,Pennsylvania,Insulin Aspart,Insulin Aspart,918,4161,5298,1369788.03,1565,,2862,3635.2,837830.52,,1125,4304.63,49011.12,N,N,N,N,2023
State,44,Rhode Island,Insulin Aspart,Insulin Aspart,32,94,120.3,24700.28,46,,77,96.5,19405.84,,33,84.65,773.78,N,N,N,N,2023
State,45,South Carolina,Insulin Aspart,Insulin Aspart,141,292,375.7,94359.39,163,,206,272.2,65679.01,,106,460.7,5539.22,N,N,N,N,2023
State,46,South Dakota,Insulin Aspart,Insulin Aspart,35,114,151.8,44365.19,52,,80,105.6,27881.92,,38,83.6,2351.47,N,N,N,N,2023
State,47,Tennessee,Insulin Aspart,Insulin Aspart,379,1553,1759,406876.68,671,,1188,1338.7,296768.21,,489,1504.18,12720.69,N,N,N,N,2023
State,48,Texas,Insulin Aspart,Insulin Aspart,1155,3680,4128.1,852149.36,1724,,2830,3185.7,636055,,1302,4299.59,34478.07,N,N,N,N,2023
State,49,Utah,Insulin Aspart,Insulin Aspart,130,353,492.6,145656.5,190,,263,387.4,116962.04,,141,281.8,11066.99,N,N,N,N,2023
State,50,Vermont,Insulin Aspart,Insulin Aspart,30,77,106.5,30330.4,33,,60,89.5,27012.37,#,,27.3,2269,N,N,N,N,2023
State,51,Virginia,Insulin Aspart,Insulin Aspart,333,1085,1367.9,345931.1,473,,711,887.7,204832.5,,320,1491.68,9644.92,N,N,N,N,2023
State,53,Washington,Insulin Aspart,Insulin Aspart,284,702,922.3,247389.76,338,,492,666.3,168198.47,,251,1327.72,11251.41,N,N,N,N,2023
State,54,West Virginia,Insulin Aspart,Insulin Aspart,195,880,1208.1,370507.15,374,,735,1002,299190.72,,292,1299.6,11212.76,N,N,N,N,2023
State,55,Wisconsin,Insulin Aspart,Insulin Aspart,387,1575,2246,575858.47,561,,1385,2010.9,512656.69,,475,922.4,26313.92,N,N,N,N,2023
State,56,Wyoming,Insulin Aspart,Insulin Aspart,23,54,63,11022.39,28,#,,,,#,,52.46,1283.74,N,N,N,N,2023
State,72,Puerto Rico,Insulin Aspart,Insulin Aspart,20,55,55.4,9308.34,22,#,,,,#,,39.3,217.04,N,N,N,N,2023
State,9C,Armed Forces Pacific,Insulin Aspart,Insulin Aspart,1,17,43.6,14079.1,,#,,,,*,,0,840,N,N,N,N,2023
National,,National,Insulin Aspart Flexpen,Insulin Aspart,49483,197748,267782.1,56385139.36,82244,,153951,209443.3,42465184.72,,62522,204085.89,2475643.04,N,N,N,N,2023
State,01,Alabama,Insulin Aspart Flexpen,Insulin Aspart,657,2212,2996,711743.28,1028,,1638,2249.3,520701.81,,718,2582.39,48676.89,N,N,N,N,2023
State,02,Alaska,Insulin Aspart Flexpen,Insulin Aspart,82,195,318.6,73469.97,103,,154,251.3,54488.1,,79,296.35,2080.14,N,N,N,N,2023
State,04,Arizona,Insulin Aspart Flexpen,Insulin Aspart,749,1650,2460.3,594261.48,1019,,1205,1828.3,423603.14,,745,2206.21,30598.47,N,N,N,N,2023
State,05,Arkansas,Insulin Aspart Flexpen,Insulin Aspart,289,750,966.5,229959.88,393,,488,645.4,141144.34,,237,1408.35,8925.27,N,N,N,N,2023
State,06,California,Insulin Aspart Flexpen,Insulin Aspart,3514,14024,18409.6,3215121.59,5661,,11281,14842.7,2500417.35,,4509,11888.8,82995.18,N,N,N,N,2023
State,08,Colorado,Insulin Aspart Flexpen,Insulin Aspart,515,1417,1961.5,438157.29,652,,1095,1520.9,330763.21,,485,1352.13,18037.06,N,N,N,N,2023
State,09,Connecticut,Insulin Aspart Flexpen,Insulin Aspart,444,1347,1999.3,443543.8,656,,994,1483.9,328444.97,,477,1342.96,8447.57,N,N,N,N,2023
State,10,Delaware,Insulin Aspart Flexpen,Insulin Aspart,162,773,1048.5,250034.56,303,,581,796.2,182467.34,,212,1487.62,9619.28,N,N,N,N,2023
State,11,District of Columbia,Insulin Aspart Flexpen,Insulin Aspart,74,198,277.3,40210.35,109,,132,194.5,28108.48,,71,338.45,1454.86,N,N,N,N,2023
State,12,Florida,Insulin Aspart Flexpen,Insulin Aspart,3870,22220,28562.6,5535308.27,7537,,18486,23742.7,4475643.48,,6083,22333.6,136153.87,N,N,N,N,2023
State,13,Georgia,Insulin Aspart Flexpen,Insulin Aspart,1280,6345,7709.1,1274594.24,3046,,4985,6011.6,950204.46,,2371,7283.11,67366.13,N,N,N,N,2023
State,15,Hawaii,Insulin Aspart Flexpen,Insulin Aspart,120,378,655,115952.86,181,,328,577.4,101195.51,,158,197.79,3624.59,N,N,N,N,2023
State,16,Idaho,Insulin Aspart Flexpen,Insulin Aspart,456,2394,3493.5,788309.6,801,,1805,2694.8,592262.59,,609,2894.36,38437.53,N,N,N,N,2023
State,17,Illinois,Insulin Aspart Flexpen,Insulin Aspart,1913,6705,9057.9,1947712.38,3167,,5424,7429,1592192.44,,2507,5711.3,108642.54,N,N,N,N,2023
State,18,Indiana,Insulin Aspart Flexpen,Insulin Aspart,1132,4636,5902.1,1306363.38,1958,,3385,4315.4,880443.36,,1399,4268.71,46158.72,N,N,N,N,2023
State,19,Iowa,Insulin Aspart Flexpen,Insulin Aspart,691,2558,3158.9,744477.58,1158,,1999,2479.8,551837.59,,896,2249.87,36852.92,N,N,N,N,2023
State,20,Kansas,Insulin Aspart Flexpen,Insulin Aspart,674,3016,3587,800434.61,1220,,2277,2726.7,558110.96,,910,3322.25,33430.83,N,N,N,N,2023
State,21,Kentucky,Insulin Aspart Flexpen,Insulin Aspart,1196,5901,8130.3,2052970.51,2295,,4559,6343.8,1541318.64,,1692,6408.36,106662.51,N,N,N,N,2023
State,22,Louisiana,Insulin Aspart Flexpen,Insulin Aspart,675,2681,3229.1,537164.64,1280,,2075,2450.9,386465.66,,930,2757.59,21285.93,N,N,N,N,2023
State,23,Maine,Insulin Aspart Flexpen,Insulin Aspart,228,480,814.2,196279.86,297,,340,590.5,132926.44,,223,843.23,11748.54,N,N,N,N,2023
State,24,Maryland,Insulin Aspart Flexpen,Insulin Aspart,653,1996,2743.1,488697.77,962,,1504,2104.4,379475.43,,718,3390.4,25028.13,N,N,N,N,2023
State,25,Massachusetts,Insulin Aspart Flexpen,Insulin Aspart,679,1918,2604.2,502834.46,988,,1426,1930.7,355969.99,,713,2928.48,15181.46,N,N,N,N,2023
State,26,Michigan,Insulin Aspart Flexpen,Insulin Aspart,1662,5812,7635,1512562.95,2787,,4552,5970.4,1145796.58,,2140,6324.59,80298.68,N,N,N,N,2023
State,27,Minnesota,Insulin Aspart Flexpen,Insulin Aspart,2075,8569,12869.8,2983893.3,3215,,6789,10322.4,2301969.29,,2560,9696.67,164353.64,N,N,N,N,2023
State,28,Mississippi,Insulin Aspart Flexpen,Insulin Aspart,449,1321,1680.9,344995.9,754,,911,1114,213467.45,,463,2023.59,12687.85,N,N,N,N,2023
State,29,Missouri,Insulin Aspart Flexpen,Insulin Aspart,1128,6429,8630.6,1901392.09,2591,,5075,6860.2,1464850.92,,1964,4115.8,53883.25,N,N,N,N,2023
State,30,Montana,Insulin Aspart Flexpen,Insulin Aspart,176,463,704.7,170253.25,242,,392,605.9,146354,,197,411.74,12019.12,N,N,N,N,2023
State,31,Nebraska,Insulin Aspart Flexpen,Insulin Aspart,357,994,1300.3,268531.98,532,,785,1018.3,198721.93,,410,1405.52,15411.95,N,N,N,N,2023
State,32,Nevada,Insulin Aspart Flexpen,Insulin Aspart,293,1054,1369.2,256565.82,496,,792,1036.5,192376.09,,362,2335.23,12254.49,N,N,N,N,2023
State,33,New Hampshire,Insulin Aspart Flexpen,Insulin Aspart,173,521,654.7,142446.75,256,,386,484.4,90126.04,,191,949.84,5735.32,N,N,N,N,2023
State,34,New Jersey,Insulin Aspart Flexpen,Insulin Aspart,859,2625,3417.1,617647.44,1184,,2118,2784.5,490186,,957,2667.98,34388.97,N,N,N,N,2023
State,35,New Mexico,Insulin Aspart Flexpen,Insulin Aspart,285,1002,1259.7,268427.63,441,,750,942.7,190811.22,,319,1404.61,9015.31,N,N,N,N,2023
State,36,New York,Insulin Aspart Flexpen,Insulin Aspart,3000,10101,13885.4,2708395.25,4613,,8150,11291.8,2159144.48,,3653,8966.45,117187.42,N,N,N,N,2023
State,37,North Carolina,Insulin Aspart Flexpen,Insulin Aspart,1975,7814,10434,2281324.04,3230,,6293,8419.4,1799380.18,,2466,6386.88,152338.54,N,N,N,N,2023
State,38,North Dakota,Insulin Aspart Flexpen,Insulin Aspart,279,1137,1772.7,403672.03,491,,919,1454.3,322234.05,,390,1053.35,36658.43,N,N,N,N,2023
State,39,Ohio,Insulin Aspart Flexpen,Insulin Aspart,2296,8599,10865.8,2381922.73,3938,,5953,7583.5,1559793.51,,2679,10315.89,87565.53,N,N,N,N,2023
State,40,Oklahoma,Insulin Aspart Flexpen,Insulin Aspart,463,2012,2338.5,423236.44,1007,,1469,1691.6,289781.4,,714,1794.15,16929.08,N,N,N,N,2023
State,41,Oregon,Insulin Aspart Flexpen,Insulin Aspart,1003,4494,6705.5,1531868.19,1470,,3379,5148.5,1134718.1,,1110,5539.98,51121.23,N,N,N,N,2023
State,42,Pennsylvania,Insulin Aspart Flexpen,Insulin Aspart,3407,17536,25114.7,5305503.1,6163,,12830,18339.8,3646314.36,,4473,13150,218774.01,N,N,N,N,2023
State,44,Rhode Island,Insulin Aspart Flexpen,Insulin Aspart,81,329,430.2,88510.03,142,,226,297.4,51134.29,,103,159.85,1529.18,N,N,N,N,2023
State,45,South Carolina,Insulin Aspart Flexpen,Insulin Aspart,687,1978,2594.8,488109.13,1065,,1526,2004.6,347991.54,,777,2756.97,24409.94,N,N,N,N,2023
State,46,South Dakota,Insulin Aspart Flexpen,Insulin Aspart,171,488,660.2,155554.91,285,,378,516.3,115418.11,,220,611.4,11034.34,N,N,N,N,2023
State,47,Tennessee,Insulin Aspart Flexpen,Insulin Aspart,941,3306,4107.4,795107.33,1516,,2584,3200.5,589922.7,,1167,4336.76,39853.96,N,N,N,N,2023
State,48,Texas,Insulin Aspart Flexpen,Insulin Aspart,2925,9185,12317.9,2435028.42,4744,,7076,9414.5,1786010.58,,3544,13365.95,119223.04,N,N,N,N,2023
State,49,Utah,Insulin Aspart Flexpen,Insulin Aspart,405,1062,1675.7,478268.6,632,,896,1435.2,402459.17,,521,835.51,40756.06,N,N,N,N,2023
State,50,Vermont,Insulin Aspart Flexpen,Insulin Aspart,120,357,524.4,91289.45,164,,299,427.8,73070.41,,130,445.18,4729.1,N,N,N,N,2023
State,51,Virginia,Insulin Aspart Flexpen,Insulin Aspart,1038,3986,5287.9,1065345.91,1616,,2738,3503.5,636996.42,,1110,4760.21,37788.31,N,N,N,N,2023
State,53,Washington,Insulin Aspart Flexpen,Insulin Aspart,956,2445,3755.5,880803.29,1247,,1892,2949.1,636400.18,,953,3286.43,44627.88,N,N,N,N,2023
State,54,West Virginia,Insulin Aspart Flexpen,Insulin Aspart,632,2941,4706.3,1219017.07,1250,,2436,3981.8,1026394.73,,1002,2438.88,56487.27,N,N,N,N,2023
State,55,Wisconsin,Insulin Aspart Flexpen,Insulin Aspart,1478,7075,10589.7,2824198.85,2440,,5919,9084.4,2381847.06,,2015,4734.69,148808.78,N,N,N,N,2023
State,56,Wyoming,Insulin Aspart Flexpen,Insulin Aspart,74,135,183.7,34397.71,92,,111,148.8,28966.97,,74,193.25,2963.44,N,N,N,N,2023
State,66,Guam,Insulin Aspart Flexpen,Insulin Aspart,2,12,13.4,2132.7,,*,,,,*,,21.5,0,N,N,N,N,2023
State,72,Puerto Rico,Insulin Aspart Flexpen,Insulin Aspart,33,156,189.3,33553.54,58,,143,170.9,30396.26,,46,90.08,1265.92,N,N,N,N,2023
National,,National,Insulin Aspart Penfill,Insulin Aspart,673,1271,2053.7,477571.22,675,,925,1541.1,350592.37,,470,1617.64,28387.53,N,N,N,N,2023
State,04,Arizona,Insulin Aspart Penfill,Insulin Aspart,10,13,15.6,3732.3,,*,,,,*,,18.95,210,N,N,N,N,2023
State,06,California,Insulin Aspart Penfill,Insulin Aspart,49,80,176,38059.2,49,,65,155.8,33952.92,#,,51.6,2717.81,N,N,N,N,2023
State,08,Colorado,Insulin Aspart Penfill,Insulin Aspart,19,40,77.5,20214.48,19,#,,,,#,,12.9,1902.45,N,N,N,N,2023
State,12,Florida,Insulin Aspart Penfill,Insulin Aspart,57,122,178.3,32264.04,59,,84,124.8,18556.08,,39,204.55,1301.88,N,N,N,N,2023
State,17,Illinois,Insulin Aspart Penfill,Insulin Aspart,21,32,54.3,12080.87,22,#,,,,#,,12.9,1188.58,N,N,N,N,2023
State,18,Indiana,Insulin Aspart Penfill,Insulin Aspart,15,15,27.1,5699.11,15,*,,,,*,,39.3,305,N,N,N,N,2023
State,19,Iowa,Insulin Aspart Penfill,Insulin Aspart,7,15,16.2,4027.6,,#,,,,*,,4.3,402.34,N,N,N,N,2023
State,20,Kansas,Insulin Aspart Penfill,Insulin Aspart,7,11,12.2,2892.36,,,11,12.2,2892.36,*,,0,270.36,N,N,N,N,2023
State,21,Kentucky,Insulin Aspart Penfill,Insulin Aspart,14,27,47.5,16893.94,14,#,,,,*,,43.21,904.19,N,N,N,N,2023
State,22,Louisiana,Insulin Aspart Penfill,Insulin Aspart,8,14,20.4,6299.47,,*,,,,*,,119.65,287.55,N,N,N,N,2023
State,24,Maryland,Insulin Aspart Penfill,Insulin Aspart,13,16,24.2,3407.56,14,#,,,,*,,169.3,279.16,N,N,N,N,2023
State,26,Michigan,Insulin Aspart Penfill,Insulin Aspart,27,58,84.5,12651.87,29,,43,67.3,9910.67,#,,48.25,817.66,N,N,N,N,2023
State,27,Minnesota,Insulin Aspart Penfill,Insulin Aspart,22,49,83,22299.88,24,,35,63.3,16333.03,#,,63.7,1139.74,N,N,N,N,2023
State,28,Mississippi,Insulin Aspart Penfill,Insulin Aspart,8,11,17.8,3113.14,,*,,,,*,,23.25,0,N,N,N,N,2023
State,29,Missouri,Insulin Aspart Penfill,Insulin Aspart,15,22,31.5,7600.41,15,#,,,,#,,62.55,165,N,N,N,N,2023
State,30,Montana,Insulin Aspart Penfill,Insulin Aspart,4,14,15,3708.31,,*,,,,*,,0,353.49,N,N,N,N,2023
State,33,New Hampshire,Insulin Aspart Penfill,Insulin Aspart,6,20,23,5498.85,,#,,,,*,,4.3,762.26,N,N,N,N,2023
State,34,New Jersey,Insulin Aspart Penfill,Insulin Aspart,16,34,43.8,6477.34,15,#,,,,#,,95,538.78,N,N,N,N,2023
State,35,New Mexico,Insulin Aspart Penfill,Insulin Aspart,5,12,15.5,3056.92,,*,,,,*,,0,0,N,N,N,N,2023
State,36,New York,Insulin Aspart Penfill,Insulin Aspart,71,117,208.5,48214.45,74,,90,165.1,37438.06,,54,119.6,2790.25,N,N,N,N,2023
State,37,North Carolina,Insulin Aspart Penfill,Insulin Aspart,12,24,35.7,8517.48,13,#,,,,*,,29.3,640,N,N,N,N,2023
State,39,Ohio,Insulin Aspart Penfill,Insulin Aspart,26,30,54.6,12953.55,25,,16,32,5923.88,,13,35.35,429.89,N,N,N,N,2023
State,41,Oregon,Insulin Aspart Penfill,Insulin Aspart,23,51,92.7,23878.24,19,,38,71.4,16002.53,#,,25.8,1274.95,N,N,N,N,2023
State,42,Pennsylvania,Insulin Aspart Penfill,Insulin Aspart,60,174,251.9,63515.25,61,,108,153.5,38531.11,,41,111.15,2300.76,N,N,N,N,2023
State,48,Texas,Insulin Aspart Penfill,Insulin Aspart,36,57,92.8,30427.64,39,,40,63.4,23615.46,,24,35.35,2111.89,N,N,N,N,2023
State,49,Utah,Insulin Aspart Penfill,Insulin Aspart,11,17,33.6,9220.2,,#,,,,*,,20.7,1078.32,N,N,N,N,2023
State,51,Virginia,Insulin Aspart Penfill,Insulin Aspart,9,13,14.8,2557.61,,*,,,,*,,25,35,N,N,N,N,2023
State,53,Washington,Insulin Aspart Penfill,Insulin Aspart,24,44,70.5,20120.82,21,#,,,,#,,18.95,1350,N,N,N,N,2023
State,55,Wisconsin,Insulin Aspart Penfill,Insulin Aspart,20,53,92.4,21247.14,19,,41,77.9,18254.37,#,,76.75,1071.15,N,N,N,N,2023
National,,National,Humalog,Insulin Lispro,75855,571759,931762.6,457840192.1,155913,,435419,722226.8,334233810.86,,120475,557095.11,11805928.96,N,N,N,N,2023
State,01,Alabama,Humalog,Insulin Lispro,1148,10367,15518.9,8802258.08,2734,,7267,10732.8,5704103.48,,1899,15731.23,216356.19,N,N,N,N,2023
State,02,Alaska,Humalog,Insulin Lispro,98,506,1060.3,556885.89,161,,392,888.1,438430.96,,130,303.2,9761.54,N,N,N,N,2023
State,04,Arizona,Humalog,Insulin Lispro,2097,12726,22567.7,11610395.61,4114,,9656,17571,8786105.92,,3181,16374.49,343906.71,N,N,N,N,2023
State,05,Arkansas,Humalog,Insulin Lispro,876,6142,8114.1,4287317.55,1666,,4175,5577.3,2749889.43,,1154,7222.71,78402.3,N,N,N,N,2023
State,06,California,Humalog,Insulin Lispro,9423,60416,117335.1,36473459.4,18639,,51434,101363.3,30716514.78,,15924,66518.95,1602345.72,N,N,N,N,2023
State,08,Colorado,Humalog,Insulin Lispro,1183,7944,16156.7,6353852.73,2472,,6658,13641.5,5028965.24,,2064,8350.39,323293.08,N,N,N,N,2023
State,09,Connecticut,Humalog,Insulin Lispro,869,7657,12301.3,6328535.05,2070,,6077,9860.7,4782132.23,,1638,5904.07,123648.12,N,N,N,N,2023
State,10,Delaware,Humalog,Insulin Lispro,143,915,1764.3,981190.47,290,,765,1475.7,761675.25,,235,1459,27196.09,N,N,N,N,2023
State,11,District of Columbia,Humalog,Insulin Lispro,174,821,1302.2,528652.48,253,,601,968.6,345476.17,,192,1162.14,10065.45,N,N,N,N,2023
State,12,Florida,Humalog,Insulin Lispro,4793,28741,50093.4,27293265.88,9105,,22066,38613.3,20162637.65,,7041,27466.81,713252.22,N,N,N,N,2023
State,13,Georgia,Humalog,Insulin Lispro,2312,16460,27204.7,14800028.17,4749,,12561,21069.6,11222001.18,,3601,20632.25,421645.34,N,N,N,N,2023
State,15,Hawaii,Humalog,Insulin Lispro,182,928,1817.4,459999.19,279,,742,1470.3,350766.6,,225,951.45,26312.61,N,N,N,N,2023
State,16,Idaho,Humalog,Insulin Lispro,378,2275,3843.6,2108633.74,631,,1726,2908.7,1454414.18,,473,3840.21,65841,N,N,N,N,2023
State,17,Illinois,Humalog,Insulin Lispro,2935,21812,34005.7,18122987.8,6019,,16886,26881.8,13823412.02,,4730,22144.32,519464.45,N,N,N,N,2023
State,18,Indiana,Humalog,Insulin Lispro,1556,14625,22862.3,12373346.54,3964,,11113,17444.9,8763495.92,,2996,11638.01,278298.93,N,N,N,N,2023
State,19,Iowa,Humalog,Insulin Lispro,787,5834,8408.1,4539935.6,1413,,4412,6408.8,3320440.08,,1091,4955.14,106525.51,N,N,N,N,2023
State,20,Kansas,Humalog,Insulin Lispro,496,3285,5176.4,2929530.31,821,,2678,4213.2,2272718.5,,648,3034.32,91848.63,N,N,N,N,2023
State,21,Kentucky,Humalog,Insulin Lispro,1160,8818,13099.1,8341721.32,2430,,5830,8939.1,5141975.15,,1619,12648.82,138328.72,N,N,N,N,2023
State,22,Louisiana,Humalog,Insulin Lispro,825,6102,8204.5,4415605.44,1647,,4311,5832.1,2966475.75,,1161,5984.28,110435.52,N,N,N,N,2023
State,23,Maine,Humalog,Insulin Lispro,387,2443,4001.3,2156626.39,704,,1692,2768.1,1438896.09,,505,2347.63,39949.5,N,N,N,N,2023
State,24,Maryland,Humalog,Insulin Lispro,1165,7232,12671.2,5347510.82,2241,,5458,9637.1,3694289.89,,1717,10865.19,135939.22,N,N,N,N,2023
State,25,Massachusetts,Humalog,Insulin Lispro,1806,14895,23086.5,10809156.12,4168,,12241,18947.8,8293257.84,,3404,17856.31,267906.77,N,N,N,N,2023
State,26,Michigan,Humalog,Insulin Lispro,3082,17950,31276.7,16024429.83,5623,,13307,23912.7,11419937.98,,4297,18041.89,304183.04,N,N,N,N,2023
State,27,Minnesota,Humalog,Insulin Lispro,865,5379,10345.6,5747761.11,1625,,4381,8601,4597152.91,,1339,5671.06,184917.63,N,N,N,N,2023
State,28,Mississippi,Humalog,Insulin Lispro,562,3126,4349.3,2335746.57,950,,2382,3311.7,1622683.01,,717,2340.75,49934.43,N,N,N,N,2023
State,29,Missouri,Humalog,Insulin Lispro,1322,10329,17365.4,10272513.59,2981,,7516,13137.9,7402629.28,,2221,9525.5,286665.87,N,N,N,N,2023
State,30,Montana,Humalog,Insulin Lispro,176,1160,2018.9,1108371.85,323,,961,1705.7,923620.64,,267,1299.85,31043.35,N,N,N,N,2023
State,31,Nebraska,Humalog,Insulin Lispro,452,3294,5034.9,2840780.04,811,,2524,3918.5,2134474.9,,626,3127.73,82604.84,N,N,N,N,2023
State,32,Nevada,Humalog,Insulin Lispro,454,2359,4004.5,2174088.22,787,,1886,3226.4,1709777,,624,2472.1,73055.23,N,N,N,N,2023
State,33,New Hampshire,Humalog,Insulin Lispro,341,2494,4657.6,2557233.73,763,,2009,3791,2036997.52,,618,2566.61,73804.43,N,N,N,N,2023
State,34,New Jersey,Humalog,Insulin Lispro,2098,18519,28994,13988019.99,4795,,14377,22737.1,10472662.68,,3791,13514.15,313113.12,N,N,N,N,2023
State,35,New Mexico,Humalog,Insulin Lispro,406,2521,4154.9,2233910.01,725,,1954,3317.7,1670336.76,,562,3830.25,73131.71,N,N,N,N,2023
State,36,New York,Humalog,Insulin Lispro,3183,22180,36016.9,19539623.18,6222,,17286,28215.2,14393855.28,,4918,20833.43,460516.11,N,N,N,N,2023
State,37,North Carolina,Humalog,Insulin Lispro,2292,15465,24735.6,14552113.66,4463,,10864,17659.8,9689281.59,,3165,19534.49,388146.74,N,N,N,N,2023
State,38,North Dakota,Humalog,Insulin Lispro,124,747,1109.8,682593.77,183,,563,823.8,462740.81,,138,1134.8,15957.16,N,N,N,N,2023
State,39,Ohio,Humalog,Insulin Lispro,2838,22438,36600.2,19547405.01,6664,,16685,28116.5,14221486.55,,5075,19726.01,522923.76,N,N,N,N,2023
State,40,Oklahoma,Humalog,Insulin Lispro,751,4761,7166.7,3758046.12,1350,,3446,5234,2541305.64,,961,5275.66,102432.88,N,N,N,N,2023
State,41,Oregon,Humalog,Insulin Lispro,1188,6829,12958.3,5638908.69,2115,,5509,10577.5,4381089.96,,1709,11876.88,229844.83,N,N,N,N,2023
State,42,Pennsylvania,Humalog,Insulin Lispro,2917,24696,38089.1,19296765.72,6182,,18499,28792.3,13478084.8,,4730,20592.6,489211.33,N,N,N,N,2023
State,44,Rhode Island,Humalog,Insulin Lispro,305,2496,3772.9,1838998.35,677,,1969,2927,1364397.99,,529,5023.23,44606.63,N,N,N,N,2023
State,45,South Carolina,Humalog,Insulin Lispro,988,6215,10911.4,6015466.16,1875,,4825,8430.7,4451606.41,,1436,6833.77,209163.45,N,N,N,N,2023
State,46,South Dakota,Humalog,Insulin Lispro,109,838,1514.6,883954.14,233,,692,1257.9,694399.57,,185,703.5,24592.9,N,N,N,N,2023
State,47,Tennessee,Humalog,Insulin Lispro,2206,14436,23093.6,14831908.94,4251,,8541,14182.1,8521427.28,,2628,22444.59,244363.9,N,N,N,N,2023
State,48,Texas,Humalog,Insulin Lispro,5318,32025,53847,28875350.21,10740,,24598,41513.3,21598095.46,,8228,45382.85,799615.51,N,N,N,N,2023
State,49,Utah,Humalog,Insulin Lispro,564,3171,5798.8,3600539.25,980,,2463,4701.7,2899074.54,,791,3165.95,126897.1,N,N,N,N,2023
State,50,Vermont,Humalog,Insulin Lispro,123,816,1504.2,808325.01,226,,689,1271.8,661549.18,,185,740.4,20100.82,N,N,N,N,2023
State,51,Virginia,Humalog,Insulin Lispro,1864,13584,22185.1,11276060.35,4134,,10002,16771.2,7997116.31,,3052,15871.91,322414.1,N,N,N,N,2023
State,53,Washington,Humalog,Insulin Lispro,2078,11567,21483.8,9787937.66,3555,,8853,16948.3,7124669.2,,2781,16223.3,379246.71,N,N,N,N,2023
State,54,West Virginia,Humalog,Insulin Lispro,425,3097,4553.5,2338612.41,854,,2339,3380,1619031.26,,636,3523.9,47846.69,N,N,N,N,2023
State,55,Wisconsin,Humalog,Insulin Lispro,1132,7579,13533.8,8019279.07,2077,,5629,10224.5,5793128.48,,1570,7072.69,211333.31,N,N,N,N,2023
State,56,Wyoming,Humalog,Insulin Lispro,109,523,816.6,373943.18,147,,418,663.9,293159.79,,119,737.66,11536.25,N,N,N,N,2023
State,66,Guam,Humalog,Insulin Lispro,7,44,53.7,19984.76,12,#,,,,*,,8.6,1160.34,N,N,N,N,2023
State,72,Puerto Rico,Humalog,Insulin Lispro,2754,69989,88936.8,37094725.56,12940,,51328,65392.6,25710573.76,,9784,552.18,25686.12,N,N,N,N,2023
State,78,Virgin Islands,Humalog,Insulin Lispro,15,96,122.1,63039.4,22,#,,,,#,,0,4070.05,N,N,N,N,2023
State,9B,Armed Forces Europe,Humalog,Insulin Lispro,4,27,48.2,36609.22,,,16,29.9,21547.44,*,,4.3,315,N,N,N,N,2023
State,9C,Armed Forces Pacific,Humalog,Insulin Lispro,4,29,59.1,44903.34,11,,13,31.4,20679.27,*,,0,490,N,N,N,N,2023
State,9E,Foreign Country,Humalog,Insulin Lispro,4,30,48,8448.97,14,#,,,,#,,47.3,280,N,N,N,N,2023
National,,National,Humalog Junior Kwikpen,Insulin Lispro,5101,15095,30315,9899201.58,5643,,11852,24634.2,7754778.63,,4481,15416.7,398717.22,N,N,N,N,2023
State,01,Alabama,Humalog Junior Kwikpen,Insulin Lispro,42,94,199,59918.28,43,#,,,,#,,167.33,3168.17,N,N,N,N,2023
State,02,Alaska,Humalog Junior Kwikpen,Insulin Lispro,6,13,34.7,8924.8,,#,,,,*,,0,115.55,N,N,N,N,2023
State,04,Arizona,Humalog Junior Kwikpen,Insulin Lispro,118,312,625.6,207722.85,127,,251,522.3,162572.88,,101,386.85,9665.5,N,N,N,N,2023
State,05,Arkansas,Humalog Junior Kwikpen,Insulin Lispro,24,70,132.4,44946.34,28,,47,99.5,30103.89,#,,42.2,1396.86,N,N,N,N,2023
State,06,California,Humalog Junior Kwikpen,Insulin Lispro,635,1880,4107.4,1096108.1,756,,1657,3697.6,978829.69,,661,2676.07,63673.64,N,N,N,N,2023
State,08,Colorado,Humalog Junior Kwikpen,Insulin Lispro,61,263,562.8,146736.54,85,,214,473.5,118556.83,,68,126.75,10803.62,N,N,N,N,2023
State,09,Connecticut,Humalog Junior Kwikpen,Insulin Lispro,80,198,479.7,139300.4,82,,143,377.4,102952.42,,64,357.4,6819.15,N,N,N,N,2023
State,10,Delaware,Humalog Junior Kwikpen,Insulin Lispro,23,72,123.8,46435.24,22,,47,84.7,27153.74,#,,37.9,1548.87,N,N,N,N,2023
State,11,District of Columbia,Humalog Junior Kwikpen,Insulin Lispro,24,39,95,37122.58,21,#,,,,#,,37.9,299.03,N,N,N,N,2023
State,12,Florida,Humalog Junior Kwikpen,Insulin Lispro,334,859,1751.6,588206.83,369,,683,1392.3,465225.51,,290,751.4,20811.5,N,N,N,N,2023
State,13,Georgia,Humalog Junior Kwikpen,Insulin Lispro,89,192,405.3,144186.44,85,,157,331.8,119478.96,,68,319.9,4718.27,N,N,N,N,2023
State,15,Hawaii,Humalog Junior Kwikpen,Insulin Lispro,9,35,65.5,14909.65,11,#,,,,*,,56.3,345,N,N,N,N,2023
State,16,Idaho,Humalog Junior Kwikpen,Insulin Lispro,19,51,129.4,42831.56,24,#,,,,#,,62.9,1519.7,N,N,N,N,2023
State,17,Illinois,Humalog Junior Kwikpen,Insulin Lispro,180,486,926.3,289393.09,196,,351,691.7,209463.61,,143,597.22,13399.75,N,N,N,N,2023
State,18,Indiana,Humalog Junior Kwikpen,Insulin Lispro,132,295,595.8,204525.84,139,,247,503.6,164175.63,,109,125.8,6469.83,N,N,N,N,2023
State,19,Iowa,Humalog Junior Kwikpen,Insulin Lispro,26,95,209.2,78336.15,36,,76,172.7,65215.64,#,,147.13,3740.22,N,N,N,N,2023
State,20,Kansas,Humalog Junior Kwikpen,Insulin Lispro,33,65,145.2,60645.72,31,#,,,,#,,98.32,1921.22,N,N,N,N,2023
State,21,Kentucky,Humalog Junior Kwikpen,Insulin Lispro,68,141,229.2,83193.12,64,,107,180.2,61327.29,,49,264.2,2873.98,N,N,N,N,2023
State,22,Louisiana,Humalog Junior Kwikpen,Insulin Lispro,21,48,101.4,38601.1,23,,29,65.6,26123.1,#,,4.3,1252.17,N,N,N,N,2023
State,23,Maine,Humalog Junior Kwikpen,Insulin Lispro,33,91,188.7,63707,37,,60,124.9,39264.21,,25,69.75,2253.97,N,N,N,N,2023
State,24,Maryland,Humalog Junior Kwikpen,Insulin Lispro,103,231,464.3,141690.62,107,,176,361.9,117082.29,,83,371.4,5024.34,N,N,N,N,2023
State,25,Massachusetts,Humalog Junior Kwikpen,Insulin Lispro,148,458,933.2,322193.61,174,,363,772.3,255412.99,,138,506.55,16065.07,N,N,N,N,2023
State,26,Michigan,Humalog Junior Kwikpen,Insulin Lispro,186,528,1135.9,345379.47,205,,408,929.4,283402.42,,162,363.85,9492.55,N,N,N,N,2023
State,27,Minnesota,Humalog Junior Kwikpen,Insulin Lispro,87,295,623.4,192998.87,100,,240,539.9,148757.43,,81,155.1,10255.12,N,N,N,N,2023
State,28,Mississippi,Humalog Junior Kwikpen,Insulin Lispro,11,24,43,18146.91,12,,12,26,7647.29,*,,43.95,350,N,N,N,N,2023
State,29,Missouri,Humalog Junior Kwikpen,Insulin Lispro,83,220,417.3,150506.98,84,,158,328.4,112606.09,,66,254.05,6833.58,N,N,N,N,2023
State,30,Montana,Humalog Junior Kwikpen,Insulin Lispro,9,19,49,11211.63,,*,,,,*,,72.45,249.01,N,N,N,N,2023
State,31,Nebraska,Humalog Junior Kwikpen,Insulin Lispro,19,85,157.9,47091.46,26,,62,122,33120.67,#,,10.35,2858.93,N,N,N,N,2023
State,32,Nevada,Humalog Junior Kwikpen,Insulin Lispro,44,115,223,82879.65,48,,92,192.6,70921.51,#,,333.8,3635.48,N,N,N,N,2023
State,33,New Hampshire,Humalog Junior Kwikpen,Insulin Lispro,41,142,297.7,97891.11,57,,114,236.2,80761.77,,44,90.45,5077.63,N,N,N,N,2023
State,34,New Jersey,Humalog Junior Kwikpen,Insulin Lispro,209,619,1309.3,388831.33,227,,518,1129.8,326868.9,,191,308.25,15770.28,N,N,N,N,2023
State,35,New Mexico,Humalog Junior Kwikpen,Insulin Lispro,41,122,216.8,86749.3,46,,93,169.2,67455.18,,31,398.1,2616.46,N,N,N,N,2023
State,36,New York,Humalog Junior Kwikpen,Insulin Lispro,314,843,1675.9,588303.3,335,,738,1472.6,507456.67,,287,982.75,22734.02,N,N,N,N,2023
State,37,North Carolina,Humalog Junior Kwikpen,Insulin Lispro,124,326,622.4,201979.39,130,,212,411.4,119908.24,,87,175,7992.24,N,N,N,N,2023
State,38,North Dakota,Humalog Junior Kwikpen,Insulin Lispro,14,31,66,27067.22,14,#,,,,#,,12.9,962.39,N,N,N,N,2023
State,39,Ohio,Humalog Junior Kwikpen,Insulin Lispro,231,658,1327.9,453237.26,251,,465,1025.1,338909.55,,195,579.28,17900,N,N,N,N,2023
State,40,Oklahoma,Humalog Junior Kwikpen,Insulin Lispro,36,112,237,84185.67,37,#,,,,#,,329.09,3004.96,N,N,N,N,2023
State,41,Oregon,Humalog Junior Kwikpen,Insulin Lispro,85,240,554.6,135207.12,103,,208,492.9,120530.75,,87,149.2,10951.25,N,N,N,N,2023
State,42,Pennsylvania,Humalog Junior Kwikpen,Insulin Lispro,207,661,1279.7,397734.66,221,,513,993.1,299226.39,,169,619.32,18527.25,N,N,N,N,2023
State,44,Rhode Island,Humalog Junior Kwikpen,Insulin Lispro,20,49,99.1,32521.11,22,#,,,,#,,54.3,1527.7,N,N,N,N,2023
State,45,South Carolina,Humalog Junior Kwikpen,Insulin Lispro,62,162,325.1,114462.47,64,,105,246.8,77484.96,,44,131.85,4836.78,N,N,N,N,2023
State,46,South Dakota,Humalog Junior Kwikpen,Insulin Lispro,6,20,24.9,11243.21,,*,,,,*,,23.25,0,N,N,N,N,2023
State,47,Tennessee,Humalog Junior Kwikpen,Insulin Lispro,71,203,383.4,155806.04,80,,140,282.5,107062.5,,57,85.35,6451.23,N,N,N,N,2023
State,48,Texas,Humalog Junior Kwikpen,Insulin Lispro,371,846,1711.5,634991.56,373,,640,1342.2,486878.87,,287,1424.11,22883.62,N,N,N,N,2023
State,49,Utah,Humalog Junior Kwikpen,Insulin Lispro,30,73,155.6,52395.47,28,,60,134,42012.13,#,,52.55,3398.69,N,N,N,N,2023
State,50,Vermont,Humalog Junior Kwikpen,Insulin Lispro,6,24,61.2,19627.64,,#,,,,*,,144.3,1358.34,N,N,N,N,2023
State,51,Virginia,Humalog Junior Kwikpen,Insulin Lispro,134,386,765,222993.69,155,,308,627.9,175368.47,,125,352.63,11516.67,N,N,N,N,2023
State,53,Washington,Humalog Junior Kwikpen,Insulin Lispro,152,444,976.1,261128.29,169,,331,745.4,192671.81,,125,583.35,17173.87,N,N,N,N,2023
State,54,West Virginia,Humalog Junior Kwikpen,Insulin Lispro,20,45,93.4,32343.95,19,,32,58.8,21817.47,#,,191.75,955.35,N,N,N,N,2023
State,55,Wisconsin,Humalog Junior Kwikpen,Insulin Lispro,87,258,550,170288.83,98,,206,457.3,143688.74,,81,277.45,9153.16,N,N,N,N,2023
State,72,Puerto Rico,Humalog Junior Kwikpen,Insulin Lispro,184,1536,2381.8,1005406.08,330,,1096,1742.2,687764.81,,250,10.35,1241.13,N,N,N,N,2023
State,9C,Armed Forces Pacific,Humalog Junior Kwikpen,Insulin Lispro,1,12,28.1,8681.25,,,12,28.1,8681.25,*,,0,655,N,N,N,N,2023
National,,National,Humalog Kwikpen U-100,Insulin Lispro,159680,1363357,2505639,1207875324,418207,,1065883,2014374.4,938256847.96,,330972,1568952.63,33938296.66,N,N,N,N,2023
State,01,Alabama,Humalog Kwikpen U-100,Insulin Lispro,2524,26515,46552.2,23665113.07,8224,,19028,33974.8,16755111.25,,5918,40102.81,683716.96,N,N,N,N,2023
State,02,Alaska,Humalog Kwikpen U-100,Insulin Lispro,278,1588,3134.3,1431714.62,554,,1366,2784.8,1231775.32,,481,1513.7,27335.93,N,N,N,N,2023
State,04,Arizona,Humalog Kwikpen U-100,Insulin Lispro,3189,21715,44207.1,21214838.96,7893,,17446,36600.2,17320814.71,,6394,28622.36,714941.39,N,N,N,N,2023
State,05,Arkansas,Humalog Kwikpen U-100,Insulin Lispro,1541,13286,21314.4,12301880,3955,,8831,14706.7,8021269.47,,2678,16835.54,240258.03,N,N,N,N,2023
State,06,California,Humalog Kwikpen U-100,Insulin Lispro,15411,119979,233401.3,84141472.95,38666,,101729,201202.3,71378396.96,,33039,157916.65,2983101.19,N,N,N,N,2023
State,08,Colorado,Humalog Kwikpen U-100,Insulin Lispro,2074,11282,24456.9,10842874.19,4176,,8847,19753.5,8616824.6,,3288,12125.03,398374.47,N,N,N,N,2023
State,09,Connecticut,Humalog Kwikpen U-100,Insulin Lispro,2004,19374,39669.6,18581529.67,6364,,15413,32373.5,14780377.54,,5104,22231.19,411853.06,N,N,N,N,2023
State,10,Delaware,Humalog Kwikpen U-100,Insulin Lispro,505,4047,8459.7,4406213.11,1401,,3094,6740.9,3466666.6,,1086,6544.2,122811.74,N,N,N,N,2023
State,11,District of Columbia,Humalog Kwikpen U-100,Insulin Lispro,461,3031,6001.2,2382871.56,1009,,2111,4344.9,1658904.82,,713,3326.22,35111,N,N,N,N,2023
State,12,Florida,Humalog Kwikpen U-100,Insulin Lispro,9516,75971,140715,66699124.46,24774,,60989,115116.9,52935458.4,,20034,69579.37,1999765,N,N,N,N,2023
State,13,Georgia,Humalog Kwikpen U-100,Insulin Lispro,4017,34996,64399,31793146.34,11281,,27155,50966.6,24662581.45,,8800,43921.03,896554.17,N,N,N,N,2023
State,15,Hawaii,Humalog Kwikpen U-100,Insulin Lispro,493,2720,6016.2,2244333.35,964,,2048,4618.1,1618411.66,,720,3483.5,59136.59,N,N,N,N,2023
State,16,Idaho,Humalog Kwikpen U-100,Insulin Lispro,838,5594,9814.9,4978959.08,1885,,4489,8059.6,3938146.91,,1523,8974.36,175122.43,N,N,N,N,2023
State,17,Illinois,Humalog Kwikpen U-100,Insulin Lispro,6395,64987,117452.9,60609685.02,19766,,52390,97233.5,48753803.34,,16125,67369.5,1872686.66,N,N,N,N,2023
State,18,Indiana,Humalog Kwikpen U-100,Insulin Lispro,3755,42371,79243.3,45007109.11,13269,,32024,61927.4,33480520.19,,10100,34447.82,986815.92,N,N,N,N,2023
State,19,Iowa,Humalog Kwikpen U-100,Insulin Lispro,1745,16765,28157.9,15793815.22,4658,,13734,23362.6,12615296.19,,3752,12849.72,436401.99,N,N,N,N,2023
State,20,Kansas,Humalog Kwikpen U-100,Insulin Lispro,1490,13609,23502.2,13153841.06,3827,,11255,19735.4,10763985.24,,3121,13709.84,416665.83,N,N,N,N,2023
State,21,Kentucky,Humalog Kwikpen U-100,Insulin Lispro,2579,23701,39409.7,21882054.72,7223,,16819,29339.1,15426493.28,,5164,36436.58,422259.32,N,N,N,N,2023
State,22,Louisiana,Humalog Kwikpen U-100,Insulin Lispro,1779,13177,20967.3,9473068.74,4103,,9582,15531.4,6829686.85,,3015,11726.55,243440.09,N,N,N,N,2023
State,23,Maine,Humalog Kwikpen U-100,Insulin Lispro,802,4510,8609,4866530.08,1543,,3286,6339.9,3340988.19,,1118,4376.43,96803.38,N,N,N,N,2023
State,24,Maryland,Humalog Kwikpen U-100,Insulin Lispro,2725,20116,38603.6,15993247.28,6779,,15676,30842.7,12504408.21,,5348,33154.87,414684.44,N,N,N,N,2023
State,25,Massachusetts,Humalog Kwikpen U-100,Insulin Lispro,3316,26540,49466.3,23689442.71,8510,,21608,41367,19361248.78,,6962,40880.72,656556.97,N,N,N,N,2023
State,26,Michigan,Humalog Kwikpen U-100,Insulin Lispro,6408,54097,106577,48132579.58,17607,,43844,89632.1,39255492.98,,14417,45878.41,951934.51,N,N,N,N,2023
State,27,Minnesota,Humalog Kwikpen U-100,Insulin Lispro,3508,28260,50696.7,24849625.83,8081,,24405,44321.4,21200554.8,,6959,25901.69,821165.56,N,N,N,N,2023
State,28,Mississippi,Humalog Kwikpen U-100,Insulin Lispro,960,5655,9585.7,4974284.23,1963,,3909,6913.6,3424319.75,,1379,7603.9,111730.87,N,N,N,N,2023
State,29,Missouri,Humalog Kwikpen U-100,Insulin Lispro,3786,38583,67641.1,36898193.91,11782,,27871,51003.4,26698119.04,,8721,40525,985612.36,N,N,N,N,2023
State,30,Montana,Humalog Kwikpen U-100,Insulin Lispro,489,3484,6187.8,2868363.19,1042,,2862,5208.5,2367607.25,,860,4018.2,90044.65,N,N,N,N,2023
State,31,Nebraska,Humalog Kwikpen U-100,Insulin Lispro,1146,9881,16625.5,8295829.35,2817,,7676,13313.9,6453957.43,,2196,9209.03,264491.48,N,N,N,N,2023
State,32,Nevada,Humalog Kwikpen U-100,Insulin Lispro,1122,8145,15281.7,7697356.33,2753,,6472,12669.2,6266520.07,,2264,17004.76,246507.09,N,N,N,N,2023
State,33,New Hampshire,Humalog Kwikpen U-100,Insulin Lispro,798,5958,11731.7,6363564.76,2006,,4713,9636.2,5064699.1,,1620,7977.31,203717.29,N,N,N,N,2023
State,34,New Jersey,Humalog Kwikpen U-100,Insulin Lispro,4395,52760,101258.8,46136526.09,15686,,42535,84263.7,37482223.41,,12969,51604.14,1291571.56,N,N,N,N,2023
State,35,New Mexico,Humalog Kwikpen U-100,Insulin Lispro,914,6129,11352.7,5622943.48,2073,,4716,9091.5,4363207.13,,1641,11856.12,184374.18,N,N,N,N,2023
State,36,New York,Humalog Kwikpen U-100,Insulin Lispro,9659,76254,138978.5,65882419.49,23324,,60604,113382.4,51981905.02,,18812,87427.9,1692897.94,N,N,N,N,2023
State,37,North Carolina,Humalog Kwikpen U-100,Insulin Lispro,5938,50835,85417.7,41739947.9,15576,,37197,63704.9,30008732.1,,11470,67355.4,1226112.9,N,N,N,N,2023
State,38,North Dakota,Humalog Kwikpen U-100,Insulin Lispro,444,4264,7018.2,3650495.42,1095,,3428,5777.3,2914205.48,,895,5239,127812.53,N,N,N,N,2023
State,39,Ohio,Humalog Kwikpen U-100,Insulin Lispro,7060,72162,127399.4,63586697.48,22853,,55977,102783,49721306.52,,17975,58872.19,1787622.66,N,N,N,N,2023
State,40,Oklahoma,Humalog Kwikpen U-100,Insulin Lispro,1757,13406,23721.2,12079410.54,4398,,9658,17774.4,8629609.95,,3200,15528.55,333678.83,N,N,N,N,2023
State,41,Oregon,Humalog Kwikpen U-100,Insulin Lispro,2296,14983,29209,13313155.07,4838,,12317,24608.5,10826003.61,,3993,25450.02,483629.66,N,N,N,N,2023
State,42,Pennsylvania,Humalog Kwikpen U-100,Insulin Lispro,7598,76477,134196.5,63781316.43,21947,,57893,104459.5,47960074.74,,16900,81570.7,1757777.45,N,N,N,N,2023
State,44,Rhode Island,Humalog Kwikpen U-100,Insulin Lispro,617,5284,9341.1,4358129.57,1642,,4198,7542.4,3379791.12,,1317,7870.29,130736.02,N,N,N,N,2023
State,45,South Carolina,Humalog Kwikpen U-100,Insulin Lispro,2853,24601,44520.5,21424755.08,7852,,18610,34246.3,15761360.03,,5998,30666.65,734659.83,N,N,N,N,2023
State,46,South Dakota,Humalog Kwikpen U-100,Insulin Lispro,368,3105,5510,2939804.79,952,,2691,4840.3,2530281.64,,812,2884.68,94007.6,N,N,N,N,2023
State,47,Tennessee,Humalog Kwikpen U-100,Insulin Lispro,3822,29397,50762.9,28072555.28,9834,,20678,36887.1,19624649.94,,6988,43878.13,617638.8,N,N,N,N,2023
State,48,Texas,Humalog Kwikpen U-100,Insulin Lispro,10367,84687,161537.7,79460980.92,29437,,65512,126886.4,60498883.98,,22857,128873.02,2200908.65,N,N,N,N,2023
State,49,Utah,Humalog Kwikpen U-100,Insulin Lispro,1067,7282,14525.3,7998465.31,2527,,6201,12653.2,6779017.77,,2139,7320.6,308952.28,N,N,N,N,2023
State,50,Vermont,Humalog Kwikpen U-100,Insulin Lispro,368,2398,4820,2405329.72,830,,1979,4073.6,1972351.58,,691,2962.1,70963.4,N,N,N,N,2023
State,51,Virginia,Humalog Kwikpen U-100,Insulin Lispro,3881,31171,57531.5,27471478.41,10195,,23716,45137.1,21002470.82,,7767,37306.26,852645.12,N,N,N,N,2023
State,53,Washington,Humalog Kwikpen U-100,Insulin Lispro,4333,30258,59360.5,27599364.19,9824,,24039,48735,21959949.99,,7886,32765.82,968442.09,N,N,N,N,2023
State,54,West Virginia,Humalog Kwikpen U-100,Insulin Lispro,1225,9177,15789.4,8083812.54,3076,,6509,11421.3,5470197.42,,2201,12188.74,148471.35,N,N,N,N,2023
State,55,Wisconsin,Humalog Kwikpen U-100,Insulin Lispro,3467,32927,61143.1,36358224.52,9959,,24895,47895.1,27354169.21,,7664,25368.27,863313.79,N,N,N,N,2023
State,56,Wyoming,Humalog Kwikpen U-100,Insulin Lispro,259,1472,2393.8,1163210.76,444,,1114,1874.5,914521.14,,343,1624.59,40052.87,N,N,N,N,2023
State,66,Guam,Humalog Kwikpen U-100,Insulin Lispro,18,209,253.5,132214.95,53,,176,219.5,107848.06,#,,631.9,5042.99,N,N,N,N,2023
State,69,Northern Mariana Islands,Humalog Kwikpen U-100,Insulin Lispro,2,13,13,6434.75,,,13,13,6434.75,*,,0,448.37,N,N,N,N,2023
State,72,Puerto Rico,Humalog Kwikpen U-100,Insulin Lispro,1257,13424,20670.8,8824803.94,3094,,9884,15571.4,6349898.6,,2327,767.22,21673.13,N,N,N,N,2023
State,78,Virgin Islands,Humalog Kwikpen U-100,Insulin Lispro,42,565,732.6,369692.18,137,,530,690.6,348621.31,#,,490,21899.54,N,N,N,N,2023
State,9B,Armed Forces Europe,Humalog Kwikpen U-100,Insulin Lispro,3,61,81.5,51440.87,22,,43,57.5,33097.82,#,,4.3,1234,N,N,N,N,2023
State,9C,Armed Forces Pacific,Humalog Kwikpen U-100,Insulin Lispro,5,65,149.8,100345.37,24,,49,105.1,58937.04,#,,20.7,1368.75,N,N,N,N,2023
State,9E,Foreign Country,Humalog Kwikpen U-100,Insulin Lispro,6,46,51.2,16153.83,17,#,,,,#,,148,445,N,N,N,N,2023
National,,National,Humalog Kwikpen U-200,Insulin Lispro,28630,143904,255164.6,224350286.09,40584,,104195,191765.1,156350988.35,,30429,163330.25,3829696.02,N,N,N,N,2023
State,01,Alabama,Humalog Kwikpen U-200,Insulin Lispro,621,3583,5846.8,4345708.22,1009,,2305,3917.3,2704104.56,,682,4726.95,88060.19,N,N,N,N,2023
State,02,Alaska,Humalog Kwikpen U-200,Insulin Lispro,34,168,329.3,281045.81,55,,146,293.8,246210.66,#,,156.05,3868.39,N,N,N,N,2023
State,04,Arizona,Humalog Kwikpen U-200,Insulin Lispro,650,2671,5315.4,3993022.95,881,,2073,4230.6,2999973.66,,688,3139.22,95416.72,N,N,N,N,2023
State,05,Arkansas,Humalog Kwikpen U-200,Insulin Lispro,243,1376,2143.4,2189838.29,357,,864,1394.7,1218426.56,,239,1900.66,31265.48,N,N,N,N,2023
State,06,California,Humalog Kwikpen U-200,Insulin Lispro,1920,9315,16552,12529963.09,2711,,7838,14112.8,10334009.39,,2301,12007.11,246055.47,N,N,N,N,2023
State,08,Colorado,Humalog Kwikpen U-200,Insulin Lispro,291,1208,2210.9,2245457.46,358,,785,1556.8,1458932.32,,260,778.65,37307.56,N,N,N,N,2023
State,09,Connecticut,Humalog Kwikpen U-200,Insulin Lispro,345,2180,4287.7,4140309.87,632,,1653,3306.8,2964722.86,,489,1691.4,52271.2,N,N,N,N,2023
State,10,Delaware,Humalog Kwikpen U-200,Insulin Lispro,116,570,1122.5,885331.02,176,,415,831.5,621975.49,,132,355.25,14256.08,N,N,N,N,2023
State,11,District of Columbia,Humalog Kwikpen U-200,Insulin Lispro,52,239,443.7,285086.39,62,,160,311.2,207593.83,,41,465.9,1960.76,N,N,N,N,2023
State,12,Florida,Humalog Kwikpen U-200,Insulin Lispro,1881,8797,16527.2,12526597.64,2761,,6863,13046.2,9405736.92,,2188,9035.82,257459.74,N,N,N,N,2023
State,13,Georgia,Humalog Kwikpen U-200,Insulin Lispro,839,4236,7474.2,6014831.84,1218,,3119,5636,4442456.25,,915,4302.15,110800.32,N,N,N,N,2023
State,15,Hawaii,Humalog Kwikpen U-200,Insulin Lispro,38,148,255.1,186206.06,49,,95,184.8,136676.84,,38,96.35,2702.81,N,N,N,N,2023
State,16,Idaho,Humalog Kwikpen U-200,Insulin Lispro,131,611,1058.4,993573.19,181,,461,823.7,683023.23,,138,500.45,20990.09,N,N,N,N,2023
State,17,Illinois,Humalog Kwikpen U-200,Insulin Lispro,1186,5797,10245.7,9094247.9,1752,,4216,7636.3,6099458.76,,1320,5164.93,162639.13,N,N,N,N,2023
State,18,Indiana,Humalog Kwikpen U-200,Insulin Lispro,829,4820,8610,9021109.53,1300,,3254,6150.2,5846687.85,,930,4124.64,117485.15,N,N,N,N,2023
State,19,Iowa,Humalog Kwikpen U-200,Insulin Lispro,233,1326,2072.7,2473341.33,319,,980,1602.4,1690597.55,,244,1010.2,33099.95,N,N,N,N,2023
State,20,Kansas,Humalog Kwikpen U-200,Insulin Lispro,267,1385,2362.2,2189466.37,363,,995,1786.4,1538806.25,,271,1553.02,43137.22,N,N,N,N,2023
State,21,Kentucky,Humalog Kwikpen U-200,Insulin Lispro,524,3020,4863.4,5179622.31,777,,1831,3096.3,2864147.08,,489,4566.02,61205.03,N,N,N,N,2023
State,22,Louisiana,Humalog Kwikpen U-200,Insulin Lispro,326,1461,2244.7,2019635.22,423,,908,1428.9,1187732.99,,287,1735.25,28791.01,N,N,N,N,2023
State,23,Maine,Humalog Kwikpen U-200,Insulin Lispro,125,512,929.3,1261738.19,154,,294,578.2,643985.33,,96,530.1,9070.81,N,N,N,N,2023
State,24,Maryland,Humalog Kwikpen U-200,Insulin Lispro,434,1861,3655.8,3055291,607,,1377,2774.4,2209460.3,,448,2772.75,47489.2,N,N,N,N,2023
State,25,Massachusetts,Humalog Kwikpen U-200,Insulin Lispro,564,2531,4408.7,4058983.06,746,,1800,3293.6,2731534.81,,555,3301.89,58442.19,N,N,N,N,2023
State,26,Michigan,Humalog Kwikpen U-200,Insulin Lispro,1005,4177,8322.9,6577521.46,1343,,3296,6891.8,5056692.5,,1101,5600.9,91788.72,N,N,N,N,2023
State,27,Minnesota,Humalog Kwikpen U-200,Insulin Lispro,473,2006,3458.6,3631725.01,545,,1523,2720,2543145.48,,419,1846.9,60672.77,N,N,N,N,2023
State,28,Mississippi,Humalog Kwikpen U-200,Insulin Lispro,150,631,1011.5,1003133.89,185,,382,643.4,492364.93,,119,772.3,13055.93,N,N,N,N,2023
State,29,Missouri,Humalog Kwikpen U-200,Insulin Lispro,607,3598,5976.7,5822133.17,935,,2357,4114.3,3756692.59,,637,3466.19,100210.46,N,N,N,N,2023
State,30,Montana,Humalog Kwikpen U-200,Insulin Lispro,61,305,481.4,539391.77,77,,219,375.8,436857.46,,57,395.4,7936.29,N,N,N,N,2023
State,31,Nebraska,Humalog Kwikpen U-200,Insulin Lispro,158,1048,1583.1,1909659.24,222,,675,1102.3,1229139.29,,149,442.39,26134.77,N,N,N,N,2023
State,32,Nevada,Humalog Kwikpen U-200,Insulin Lispro,222,967,1814.9,1718839.61,307,,764,1471.1,1305788.46,,255,2185.26,32469.49,N,N,N,N,2023
State,33,New Hampshire,Humalog Kwikpen U-200,Insulin Lispro,113,787,1501.7,1717056,216,,543,1117.4,1168035.35,,161,739.65,27422.58,N,N,N,N,2023
State,34,New Jersey,Humalog Kwikpen U-200,Insulin Lispro,933,6137,11408.6,7753696.13,1687,,4790,9245.7,6104739.13,,1348,4710.8,153951.24,N,N,N,N,2023
State,35,New Mexico,Humalog Kwikpen U-200,Insulin Lispro,179,777,1494.7,1202950.41,249,,593,1176.7,878210.14,,197,1359.5,23969.63,N,N,N,N,2023
State,36,New York,Humalog Kwikpen U-200,Insulin Lispro,1557,7458,13444.2,11910763.75,2082,,5745,10670,8687632,,1623,7154.84,187822,N,N,N,N,2023
State,37,North Carolina,Humalog Kwikpen U-200,Insulin Lispro,1100,5685,9276.8,8016605.65,1591,,3916,6618.6,5507214.26,,1114,7006.47,151018.93,N,N,N,N,2023
State,38,North Dakota,Humalog Kwikpen U-200,Insulin Lispro,64,324,475.7,705890.21,71,,189,298.4,374374.75,,44,379.6,8668.2,N,N,N,N,2023
State,39,Ohio,Humalog Kwikpen U-200,Insulin Lispro,1478,8290,14295.1,14688278.45,2266,,5686,10483.5,9930840.85,,1647,5416.8,219097.42,N,N,N,N,2023
State,40,Oklahoma,Humalog Kwikpen U-200,Insulin Lispro,386,1642,2851,2511439.85,487,,1098,1988.6,1598347.08,,338,2131.25,48674.87,N,N,N,N,2023
State,41,Oregon,Humalog Kwikpen U-200,Insulin Lispro,295,1210,2253.6,2336050.94,380,,934,1766.6,1671940.16,,295,1110.55,43564.01,N,N,N,N,2023
State,42,Pennsylvania,Humalog Kwikpen U-200,Insulin Lispro,1185,5975,10262.8,8481370.87,1632,,4201,7586.2,5888759.79,,1207,7864.26,176660.11,N,N,N,N,2023
State,44,Rhode Island,Humalog Kwikpen U-200,Insulin Lispro,68,380,631,561484.71,109,,258,445.3,366190.13,,77,487,10718.75,N,N,N,N,2023
State,45,South Carolina,Humalog Kwikpen U-200,Insulin Lispro,785,3833,6252.2,4698075.8,1105,,2732,4594.5,3143353.66,,818,4503.46,114937.3,N,N,N,N,2023
State,46,South Dakota,Humalog Kwikpen U-200,Insulin Lispro,62,377,555.6,640169.03,92,,242,381.2,371656.9,,64,389.85,8212.47,N,N,N,N,2023
State,47,Tennessee,Humalog Kwikpen U-200,Insulin Lispro,849,4332,7450,6853429.95,1231,,2815,5052.9,4377433.84,,820,7220.3,92123.85,N,N,N,N,2023
State,48,Texas,Humalog Kwikpen U-200,Insulin Lispro,2876,14416,26868.4,21356281.7,4476,,10445,19934.1,15177940.51,,3304,22850.31,385890.45,N,N,N,N,2023
State,49,Utah,Humalog Kwikpen U-200,Insulin Lispro,277,1326,2465.5,2468644.3,397,,1032,1983.5,1908915.39,,322,1331.25,55286.52,N,N,N,N,2023
State,50,Vermont,Humalog Kwikpen U-200,Insulin Lispro,43,165,346,485083.48,50,,112,243.5,333197.78,,33,355.05,3001.81,N,N,N,N,2023
State,51,Virginia,Humalog Kwikpen U-200,Insulin Lispro,628,3188,5686.7,5276968.52,939,,2300,4165.8,3466731.05,,706,4982.43,95300.77,N,N,N,N,2023
State,53,Washington,Humalog Kwikpen U-200,Insulin Lispro,434,2098,3847.6,4665455.48,591,,1497,2820.4,3163418.74,,429,1732.7,58439.41,N,N,N,N,2023
State,54,West Virginia,Humalog Kwikpen U-200,Insulin Lispro,214,914,1672.8,1480967.7,289,,637,1196.5,905928.57,,203,1415.52,22564.97,N,N,N,N,2023
State,55,Wisconsin,Humalog Kwikpen U-200,Insulin Lispro,576,2765,4749.3,5056899.11,777,,1878,3402.6,3380105.26,,549,1432.9,76787.61,N,N,N,N,2023
State,56,Wyoming,Humalog Kwikpen U-200,Insulin Lispro,33,127,210.5,164969.9,35,,114,189.6,146475.55,#,,29.3,4132.18,N,N,N,N,2023
State,72,Puerto Rico,Humalog Kwikpen U-200,Insulin Lispro,162,1071,1413,924738.63,219,,739,996.1,615830.09,,154,58.41,3033.01,N,N,N,N,2023
State,9B,Armed Forces Europe,Humalog Kwikpen U-200,Insulin Lispro,1,45,64.2,133765.5,,,19,22.8,52444.14,*,,43.95,560,N,N,N,N,2023
State,9C,Armed Forces Pacific,Humalog Kwikpen U-200,Insulin Lispro,2,23,59.5,72545.71,,#,,,,*,,0,1150,N,N,N,N,2023
National,,National,Humalog Tempo Pen U-100,Insulin Lispro,192,315,481.6,196484.06,190,,218,353.2,140823.33,,129,215.9,7558.8,N,N,N,N,2023
State,06,California,Humalog Tempo Pen U-100,Insulin Lispro,22,29,56.3,22748.26,22,#,,,,#,,34.4,1123.03,N,N,N,N,2023
State,12,Florida,Humalog Tempo Pen U-100,Insulin Lispro,19,25,36.7,13179.72,18,#,,,,#,,35,484.48,N,N,N,N,2023
State,17,Illinois,Humalog Tempo Pen U-100,Insulin Lispro,14,29,53.4,30335.73,14,#,,,,#,,4.3,1583.97,N,N,N,N,2023
State,19,Iowa,Humalog Tempo Pen U-100,Insulin Lispro,5,18,25.5,7033.4,,#,,,,*,,0,934.49,N,N,N,N,2023
State,25,Massachusetts,Humalog Tempo Pen U-100,Insulin Lispro,5,19,21.7,4295.52,,#,,,,*,,10.35,70,N,N,N,N,2023
State,26,Michigan,Humalog Tempo Pen U-100,Insulin Lispro,3,18,20.3,2505.46,,*,,,,*,,0,35,N,N,N,N,2023
State,35,New Mexico,Humalog Tempo Pen U-100,Insulin Lispro,4,12,21.1,8989.86,,*,,,,*,,0,630,N,N,N,N,2023
State,36,New York,Humalog Tempo Pen U-100,Insulin Lispro,10,13,20,8181.85,,*,,,,*,,0,120,N,N,N,N,2023
State,38,North Dakota,Humalog Tempo Pen U-100,Insulin Lispro,3,12,13,2934.26,,#,,,,*,,0,305,N,N,N,N,2023
State,39,Ohio,Humalog Tempo Pen U-100,Insulin Lispro,12,15,19.2,21950.68,11,*,,,,*,,10.35,180,N,N,N,N,2023
State,42,Pennsylvania,Humalog Tempo Pen U-100,Insulin Lispro,13,21,30.3,11817.78,13,#,,,,*,,25,389.5,N,N,N,N,2023
State,48,Texas,Humalog Tempo Pen U-100,Insulin Lispro,10,11,17.3,7951.62,,*,,,,*,,10.35,245,N,N,N,N,2023
National,,National,Insulin Lispro,Insulin Lispro,42275,206799,275212.7,22132512.57,73624,,150765,199019,14941092.39,,54542,201635.37,2387815.89,N,N,N,N,2023
State,01,Alabama,Insulin Lispro,Insulin Lispro,563,3383,4820.6,446534.46,1114,,2340,3281.7,286655.7,,779,3380.31,53489.97,N,N,N,N,2023
State,02,Alaska,Insulin Lispro,Insulin Lispro,47,124,182.4,21019.41,55,,69,109.5,9655.74,,39,111.35,3293.53,N,N,N,N,2023
State,04,Arizona,Insulin Lispro,Insulin Lispro,1456,6022,9199.8,741891.61,2399,,4325,6763.3,528437.77,,1761,7022.79,86380.91,N,N,N,N,2023
State,05,Arkansas,Insulin Lispro,Insulin Lispro,654,4106,4946.3,411906.95,1295,,2818,3284.4,249774.05,,887,5610.17,39543.62,N,N,N,N,2023
State,06,California,Insulin Lispro,Insulin Lispro,3265,15139,19136.6,1344979.84,5516,,12240,15404,1061939.5,,4498,12013.13,129260.28,N,N,N,N,2023
State,08,Colorado,Insulin Lispro,Insulin Lispro,655,2628,4130.1,347516.82,917,,2103,3291.4,266024.89,,734,2363.82,63006.45,N,N,N,N,2023
State,09,Connecticut,Insulin Lispro,Insulin Lispro,538,2970,3726.1,277856.7,1032,,2266,2811.8,193666.62,,805,1604.38,14388.45,N,N,N,N,2023
State,10,Delaware,Insulin Lispro,Insulin Lispro,85,331,471,37358.63,127,,252,356.3,25482.67,,93,234.86,5628.66,N,N,N,N,2023
State,11,District of Columbia,Insulin Lispro,Insulin Lispro,61,168,239,15977.23,84,,120,173.7,11512.12,,56,50.8,2259.49,N,N,N,N,2023
State,12,Florida,Insulin Lispro,Insulin Lispro,2910,13238,18221.4,1379346.71,4880,,10286,14071.7,1020958.36,,3804,12510.7,144187.46,N,N,N,N,2023
State,13,Georgia,Insulin Lispro,Insulin Lispro,1534,7616,10985.3,945990.97,2704,,5667,8207.3,699853.14,,2031,7311.09,123218.6,N,N,N,N,2023
State,15,Hawaii,Insulin Lispro,Insulin Lispro,51,173,239.6,23410.26,65,,148,209.9,21774.71,#,,248.92,1324.79,N,N,N,N,2023
State,16,Idaho,Insulin Lispro,Insulin Lispro,231,959,1523,128327.49,365,,716,1137.1,88896.73,,262,1506.34,26031.58,N,N,N,N,2023
State,17,Illinois,Insulin Lispro,Insulin Lispro,1435,7195,8673.9,639470.54,2885,,5573,6719.6,469689.06,,2214,6667.05,70036.92,N,N,N,N,2023
State,18,Indiana,Insulin Lispro,Insulin Lispro,1211,8570,10946,890686.99,2921,,6114,7645.7,575976.4,,2109,6427.9,89160.33,N,N,N,N,2023
State,19,Iowa,Insulin Lispro,Insulin Lispro,585,3234,4159.6,365750.97,969,,2072,2677.1,212991.22,,672,2812.98,33810.89,N,N,N,N,2023
State,20,Kansas,Insulin Lispro,Insulin Lispro,312,1397,1896.5,183855,430,,905,1235.3,115270.38,,278,1254.94,27163.46,N,N,N,N,2023
State,21,Kentucky,Insulin Lispro,Insulin Lispro,842,4713,6180.4,629627.43,1591,,2792,3622.5,319731.14,,1005,7026.51,56758.59,N,N,N,N,2023
State,22,Louisiana,Insulin Lispro,Insulin Lispro,540,2544,3139.3,256349.13,880,,1779,2160.1,170732.47,,613,2069.57,27307.28,N,N,N,N,2023
State,23,Maine,Insulin Lispro,Insulin Lispro,320,1647,2564.2,239037.54,559,,1123,1700.5,136980.71,,401,1729.31,21714.11,N,N,N,N,2023
State,24,Maryland,Insulin Lispro,Insulin Lispro,432,1549,2052.3,147661.6,661,,1151,1567.5,109862.38,,492,1168.45,14759.22,N,N,N,N,2023
State,25,Massachusetts,Insulin Lispro,Insulin Lispro,924,4725,5671.1,389539.11,1794,,3927,4694.8,304106.18,,1439,4090.17,29463.72,N,N,N,N,2023
State,26,Michigan,Insulin Lispro,Insulin Lispro,947,3544,4354.5,321632.53,1637,,2579,3140.5,221993.46,,1192,2189.15,30569.16,N,N,N,N,2023
State,27,Minnesota,Insulin Lispro,Insulin Lispro,401,1374,2233.3,217897.81,523,,1080,1777.7,163929.32,,414,2204.65,30515.31,N,N,N,N,2023
State,28,Mississippi,Insulin Lispro,Insulin Lispro,393,2093,2435.6,171222.59,773,,1521,1749.4,117264.9,,557,1107.77,14768.05,N,N,N,N,2023
State,29,Missouri,Insulin Lispro,Insulin Lispro,799,4741,6303.9,550427.98,1503,,3100,4063.9,331307.44,,1025,4699.17,67058.86,N,N,N,N,2023
State,30,Montana,Insulin Lispro,Insulin Lispro,77,241,351.7,29711.95,93,,198,296.7,25838.43,,74,159.05,5348.81,N,N,N,N,2023
State,31,Nebraska,Insulin Lispro,Insulin Lispro,261,1121,1588.6,135268.41,358,,784,1122.9,93700.18,,253,1173.43,17368.93,N,N,N,N,2023
State,32,Nevada,Insulin Lispro,Insulin Lispro,238,638,939.6,86816.89,293,,483,713.6,63984.25,,217,1360.98,12929.38,N,N,N,N,2023
State,33,New Hampshire,Insulin Lispro,Insulin Lispro,203,1003,1344.2,106680.41,351,,784,1029,74521.69,,269,956.52,16143.87,N,N,N,N,2023
State,34,New Jersey,Insulin Lispro,Insulin Lispro,1166,7106,8012.6,486088.87,2613,,5597,6202.6,349685.97,,2079,5161.01,36993.14,N,N,N,N,2023
State,35,New Mexico,Insulin Lispro,Insulin Lispro,246,1142,1560,116835.96,410,,795,1070.9,72886.12,,295,2162.28,13396.13,N,N,N,N,2023
State,36,New York,Insulin Lispro,Insulin Lispro,2220,10727,13855,1077228.87,3929,,8588,11038.5,805832.61,,3167,9438.79,110922.79,N,N,N,N,2023
State,37,North Carolina,Insulin Lispro,Insulin Lispro,1344,6055,8010.2,690886.06,2133,,4108,5369,423341.11,,1473,7350.6,82095.63,N,N,N,N,2023
State,38,North Dakota,Insulin Lispro,Insulin Lispro,71,226,335.8,29402.08,90,,166,249.7,20564.25,,73,451.71,3596.25,N,N,N,N,2023
State,39,Ohio,Insulin Lispro,Insulin Lispro,2226,13502,17511,1543751.5,4473,,9063,11675.1,950766.81,,3051,12604.06,177552.26,N,N,N,N,2023
State,40,Oklahoma,Insulin Lispro,Insulin Lispro,358,1325,1948,172755.95,495,,836,1226.6,98576.03,,318,1629.14,19566.15,N,N,N,N,2023
State,41,Oregon,Insulin Lispro,Insulin Lispro,623,2229,3268.3,276210.13,882,,1693,2478.7,203974.63,,679,3144.69,39755.48,N,N,N,N,2023
State,42,Pennsylvania,Insulin Lispro,Insulin Lispro,1725,8875,11127.8,846304.12,3247,,6735,8359.9,577053.3,,2449,7824.54,86575.31,N,N,N,N,2023
State,44,Rhode Island,Insulin Lispro,Insulin Lispro,152,876,1019.1,75163.78,296,,671,759.2,50594.57,,232,1476.77,5454.92,N,N,N,N,2023
State,45,South Carolina,Insulin Lispro,Insulin Lispro,586,1895,2823.4,234946.62,777,,1260,1884.9,143064.5,,538,2360.52,30145.02,N,N,N,N,2023
State,46,South Dakota,Insulin Lispro,Insulin Lispro,45,186,294.6,30807,78,,121,186.3,18734.5,,48,187.45,3843.53,N,N,N,N,2023
State,47,Tennessee,Insulin Lispro,Insulin Lispro,1301,6233,8627.2,869820.73,2160,,3435,4656.2,423327.91,,1271,6275.09,61932.67,N,N,N,N,2023
State,48,Texas,Insulin Lispro,Insulin Lispro,3569,16453,23111.8,1859323.23,6098,,11988,16600.6,1275511.23,,4474,23177.23,198946.92,N,N,N,N,2023
State,49,Utah,Insulin Lispro,Insulin Lispro,404,1674,2686.3,254961.61,597,,1290,2096.5,196497.79,,459,1786.18,46947.85,N,N,N,N,2023
State,50,Vermont,Insulin Lispro,Insulin Lispro,64,338,521.2,45447.53,114,,293,439.6,37373.6,,97,293.09,7108.49,N,N,N,N,2023
State,51,Virginia,Insulin Lispro,Insulin Lispro,1195,5777,7987.5,703781.11,2129,,3639,5011.6,403619.75,,1412,7464.5,77036.72,N,N,N,N,2023
State,53,Washington,Insulin Lispro,Insulin Lispro,965,3792,5505.5,472446.86,1393,,2837,4131.1,339151.67,,1032,3060.64,58326.41,N,N,N,N,2023
State,54,West Virginia,Insulin Lispro,Insulin Lispro,217,1186,1622.6,132184.39,448,,861,1140.4,83067.65,,318,1445.09,13138.43,N,N,N,N,2023
State,55,Wisconsin,Insulin Lispro,Insulin Lispro,725,3864,5086.6,425967.76,1092,,2832,3654.1,277605.89,,815,2518.13,52756.2,N,N,N,N,2023
State,56,Wyoming,Insulin Lispro,Insulin Lispro,54,170,202.6,16279.41,59,,126,153.4,11806.57,,47,299.09,2432.28,N,N,N,N,2023
State,72,Puerto Rico,Insulin Lispro,Insulin Lispro,1039,5909,7327.8,278375.58,2641,,4485,5553.8,201219.72,,2036,150.26,1739.48,N,N,N,N,2023
State,9B,Armed Forces Europe,Insulin Lispro,Insulin Lispro,3,19,32.6,3133.03,,*,,,,*,,56.05,0,N,N,N,N,2023
State,9C,Armed Forces Pacific,Insulin Lispro,Insulin Lispro,1,22,44.1,4547.95,,*,,,,*,,230.7,462.12,N,N,N,N,2023
State,9E,Foreign Country,Insulin Lispro,Insulin Lispro,3,22,23.3,1599.93,,*,,,,*,,21.5,144.5,N,N,N,N,2023
National,,National,Insulin Lispro Junior Kwikpen,Insulin Lispro,3168,7511,12330.8,1213325.3,3223,,5434,8995.4,854903.1,,2356,10500.65,117719.4,N,N,N,N,2023
State,01,Alabama,Insulin Lispro Junior Kwikpen,Insulin Lispro,23,47,91.4,10682.87,23,,24,54.8,6094.34,#,,0,1295.25,N,N,N,N,2023
State,04,Arizona,Insulin Lispro Junior Kwikpen,Insulin Lispro,105,246,394.2,44170.49,111,,167,272.6,28607.37,,78,386.75,4151.56,N,N,N,N,2023
State,05,Arkansas,Insulin Lispro Junior Kwikpen,Insulin Lispro,23,41,78.9,7586.68,24,,23,53.6,4737.91,#,,48.55,964.9,N,N,N,N,2023
State,06,California,Insulin Lispro Junior Kwikpen,Insulin Lispro,294,675,1182.5,100666.69,308,,538,954.6,78555.25,,247,650.99,12187.41,N,N,N,N,2023
State,08,Colorado,Insulin Lispro Junior Kwikpen,Insulin Lispro,47,119,227.6,17922.34,53,,86,175.9,13712.24,,42,82.71,4007.61,N,N,N,N,2023
State,09,Connecticut,Insulin Lispro Junior Kwikpen,Insulin Lispro,65,153,328.4,29552.94,78,,121,250.1,21978.93,,58,204.93,3196.38,N,N,N,N,2023
State,10,Delaware,Insulin Lispro Junior Kwikpen,Insulin Lispro,14,26,38.9,3263.24,14,#,,,,*,,20.7,397.05,N,N,N,N,2023
State,11,District of Columbia,Insulin Lispro Junior Kwikpen,Insulin Lispro,11,16,39.8,3110.3,,*,,,,*,,0,25,N,N,N,N,2023
State,12,Florida,Insulin Lispro Junior Kwikpen,Insulin Lispro,315,875,1279.3,120582.95,330,,664,965.2,91149.62,,263,1409.13,8079.24,N,N,N,N,2023
State,13,Georgia,Insulin Lispro Junior Kwikpen,Insulin Lispro,63,193,301.8,27186.58,64,,135,210.4,18292.12,,49,114.65,3278.64,N,N,N,N,2023
State,16,Idaho,Insulin Lispro Junior Kwikpen,Insulin Lispro,11,32,65.7,6965.16,12,,19,39.3,4845.51,*,,18.95,545.92,N,N,N,N,2023
State,17,Illinois,Insulin Lispro Junior Kwikpen,Insulin Lispro,110,190,321.9,30683.07,108,,137,219.2,22859.38,,77,247,3197.42,N,N,N,N,2023
State,18,Indiana,Insulin Lispro Junior Kwikpen,Insulin Lispro,107,281,404.1,37473.01,113,,206,283.2,24847.04,,77,150.13,3509.59,N,N,N,N,2023
State,19,Iowa,Insulin Lispro Junior Kwikpen,Insulin Lispro,17,54,83.1,8822.77,26,,29,44.9,4449,,15,29.3,1261.86,N,N,N,N,2023
State,20,Kansas,Insulin Lispro Junior Kwikpen,Insulin Lispro,17,50,79,6296.82,15,,29,58,4323.49,#,,282.89,746.7,N,N,N,N,2023
State,21,Kentucky,Insulin Lispro Junior Kwikpen,Insulin Lispro,36,86,141.6,15722.58,38,,62,109.7,11413.4,#,,176.98,1767.17,N,N,N,N,2023
State,22,Louisiana,Insulin Lispro Junior Kwikpen,Insulin Lispro,29,67,124.9,13557.39,28,,44,92.6,10099.22,,17,106.05,605.42,N,N,N,N,2023
State,23,Maine,Insulin Lispro Junior Kwikpen,Insulin Lispro,18,46,77.2,6764.42,17,,31,47.5,3534.97,#,,44.75,833.56,N,N,N,N,2023
State,24,Maryland,Insulin Lispro Junior Kwikpen,Insulin Lispro,53,137,201.7,16492.1,55,,122,180.1,14272.78,#,,128.5,1634.54,N,N,N,N,2023
State,25,Massachusetts,Insulin Lispro Junior Kwikpen,Insulin Lispro,88,214,392.6,35591.52,93,,159,308.9,27133.47,,65,464.05,5144.88,N,N,N,N,2023
State,26,Michigan,Insulin Lispro Junior Kwikpen,Insulin Lispro,78,177,252.7,25679.53,76,,105,148.8,12806.29,,46,62.9,1285.43,N,N,N,N,2023
State,27,Minnesota,Insulin Lispro Junior Kwikpen,Insulin Lispro,40,78,135,14280.66,39,,57,90.8,8959.76,,25,52.41,2579.53,N,N,N,N,2023
State,28,Mississippi,Insulin Lispro Junior Kwikpen,Insulin Lispro,5,13,26.6,2389.9,,*,,,,*,,20.7,140,N,N,N,N,2023
State,29,Missouri,Insulin Lispro Junior Kwikpen,Insulin Lispro,45,102,140.3,16375.18,46,,82,102.2,12190.67,,34,155.7,1564.97,N,N,N,N,2023
State,31,Nebraska,Insulin Lispro Junior Kwikpen,Insulin Lispro,9,30,44.5,5901.93,,*,,,,*,,31.05,468.94,N,N,N,N,2023
State,32,Nevada,Insulin Lispro Junior Kwikpen,Insulin Lispro,29,69,106.4,14499.18,32,,42,58.5,8506.01,,18,112.1,1122.22,N,N,N,N,2023
State,33,New Hampshire,Insulin Lispro Junior Kwikpen,Insulin Lispro,13,34,62.6,6096.53,15,#,,,,#,,20.7,1492.05,N,N,N,N,2023
State,34,New Jersey,Insulin Lispro Junior Kwikpen,Insulin Lispro,111,261,406.9,38025.62,114,,197,309.9,25457.65,,91,288.95,2602.9,N,N,N,N,2023
State,35,New Mexico,Insulin Lispro Junior Kwikpen,Insulin Lispro,26,56,98.1,9637.4,28,,44,72.9,7223.01,#,,219.3,655.45,N,N,N,N,2023
State,36,New York,Insulin Lispro Junior Kwikpen,Insulin Lispro,276,653,964,98397.79,268,,478,718.7,72692.53,,204,1293.47,6091.28,N,N,N,N,2023
State,37,North Carolina,Insulin Lispro Junior Kwikpen,Insulin Lispro,77,173,302.7,24828.46,76,,105,193.8,16003.32,,48,172.45,2564.11,N,N,N,N,2023
State,38,North Dakota,Insulin Lispro Junior Kwikpen,Insulin Lispro,5,15,32.5,2786.11,,*,,,,*,,21.5,265,N,N,N,N,2023
State,39,Ohio,Insulin Lispro Junior Kwikpen,Insulin Lispro,181,430,648.8,68083.17,191,,312,476.5,51198.14,,135,813.02,8021.64,N,N,N,N,2023
State,40,Oklahoma,Insulin Lispro Junior Kwikpen,Insulin Lispro,19,34,68.1,6586.67,19,#,,,,#,,0,1161.8,N,N,N,N,2023
State,41,Oregon,Insulin Lispro Junior Kwikpen,Insulin Lispro,51,117,226.2,18630.57,54,,88,180.3,14593.53,,42,117.05,3805.47,N,N,N,N,2023
State,42,Pennsylvania,Insulin Lispro Junior Kwikpen,Insulin Lispro,136,324,553,47952.05,137,,247,405.7,33337.9,,101,358.84,2493.86,N,N,N,N,2023
State,44,Rhode Island,Insulin Lispro Junior Kwikpen,Insulin Lispro,8,18,29.1,3092.46,,#,,,,*,,41.4,88.3,N,N,N,N,2023
State,45,South Carolina,Insulin Lispro Junior Kwikpen,Insulin Lispro,41,83,161.2,20698.23,38,,70,139.6,17660.25,#,,103.5,1800.9,N,N,N,N,2023
State,47,Tennessee,Insulin Lispro Junior Kwikpen,Insulin Lispro,70,157,242.5,29886.54,66,,114,169.3,21418.25,,45,142.85,2467.01,N,N,N,N,2023
State,48,Texas,Insulin Lispro Junior Kwikpen,Insulin Lispro,264,569,1035.8,123577.12,269,,386,726.5,78084.54,,191,1340.42,8763.26,N,N,N,N,2023
State,49,Utah,Insulin Lispro Junior Kwikpen,Insulin Lispro,8,17,30.9,4269.78,,#,,,,*,,18.95,411.9,N,N,N,N,2023
State,51,Virginia,Insulin Lispro Junior Kwikpen,Insulin Lispro,77,212,269.2,24254.06,79,,141,176.5,16357.13,,49,171.75,1850.19,N,N,N,N,2023
State,53,Washington,Insulin Lispro Junior Kwikpen,Insulin Lispro,69,135,292.1,30144.9,73,,94,223.2,22249.56,,56,25.8,4507.46,N,N,N,N,2023
State,54,West Virginia,Insulin Lispro Junior Kwikpen,Insulin Lispro,7,12,16.8,1566.43,,*,,,,*,,20.7,245,N,N,N,N,2023
State,55,Wisconsin,Insulin Lispro Junior Kwikpen,Insulin Lispro,54,151,241.2,24561.08,54,,119,172.1,15824.7,,41,279.88,2895.48,N,N,N,N,2023
National,,National,Insulin Lispro Kwikpen U-100,Insulin Lispro,102943,654088,975840.3,129414442.52,215181,,486867,727819,91274088.05,,161060,727638.35,9774313.34,N,N,N,N,2023
State,01,Alabama,Insulin Lispro Kwikpen U-100,Insulin Lispro,1449,8355,13781.2,1963859.69,3109,,5924,9751.1,1351044.59,,2186,10180.1,184737.21,N,N,N,N,2023
State,02,Alaska,Insulin Lispro Kwikpen U-100,Insulin Lispro,143,427,759.7,106048.35,190,,352,634.1,90709.67,,149,607.5,12346.51,N,N,N,N,2023
State,04,Arizona,Insulin Lispro Kwikpen U-100,Insulin Lispro,2593,14141,23194.7,3061278.29,5452,,10455,17450.5,2208048.15,,4107,16614.61,267677.83,N,N,N,N,2023
State,05,Arkansas,Insulin Lispro Kwikpen U-100,Insulin Lispro,1163,7845,11400.7,1879409.96,2547,,4956,7191.1,1130743.47,,1603,11661.92,134534.28,N,N,N,N,2023
State,06,California,Insulin Lispro Kwikpen U-100,Insulin Lispro,7154,44753,63300.1,6672025.14,15245,,36321,51245.1,5237586.9,,12381,41618.64,469935.18,N,N,N,N,2023
State,08,Colorado,Insulin Lispro Kwikpen U-100,Insulin Lispro,1517,7596,12564.5,1526113.39,2571,,6026,10003.8,1183431.45,,2017,7846.01,164286.95,N,N,N,N,2023
State,09,Connecticut,Insulin Lispro Kwikpen U-100,Insulin Lispro,1512,10269,17215.3,2073422.13,3213,,7705,13036.6,1507105.26,,2432,8013.3,95661.76,N,N,N,N,2023
State,10,Delaware,Insulin Lispro Kwikpen U-100,Insulin Lispro,322,1963,2933,368950.6,664,,1450,2161.9,267971.04,,493,2158.33,28442.98,N,N,N,N,2023
State,11,District of Columbia,Insulin Lispro Kwikpen U-100,Insulin Lispro,218,820,1384.4,162319.83,318,,566,965.4,103518.26,,226,815.67,8325.29,N,N,N,N,2023
State,12,Florida,Insulin Lispro Kwikpen U-100,Insulin Lispro,6524,42948,64293.7,7915447.28,14245,,34220,51071.3,6043886.92,,11365,41830.86,611541.05,N,N,N,N,2023
State,13,Georgia,Insulin Lispro Kwikpen U-100,Insulin Lispro,2905,17893,30033.8,4251122.03,6538,,13623,23201.9,3169959.06,,4989,22597.6,382081.8,N,N,N,N,2023
State,15,Hawaii,Insulin Lispro Kwikpen U-100,Insulin Lispro,188,749,1265.1,159128,265,,560,967.1,112071.75,,199,452.7,7052.82,N,N,N,N,2023
State,16,Idaho,Insulin Lispro Kwikpen U-100,Insulin Lispro,662,3922,5839,771662.9,1354,,3048,4597.2,592707.54,,1039,5243.8,90183.43,N,N,N,N,2023
State,17,Illinois,Insulin Lispro Kwikpen U-100,Insulin Lispro,3302,17194,25310.8,3374762.42,6895,,13249,19632.5,2558064.9,,5312,21899.42,320620.54,N,N,N,N,2023
State,18,Indiana,Insulin Lispro Kwikpen U-100,Insulin Lispro,3137,28771,42296.9,6350744.97,8647,,20600,30110.6,4153031.28,,6096,27296.36,426562.91,N,N,N,N,2023
State,19,Iowa,Insulin Lispro Kwikpen U-100,Insulin Lispro,1431,8894,12853.6,2048935.85,2835,,5865,8523,1277778.13,,1949,8167.15,146868.71,N,N,N,N,2023
State,20,Kansas,Insulin Lispro Kwikpen U-100,Insulin Lispro,1193,8606,12156.9,1985673.15,2577,,6170,8809,1378167.57,,1878,9942.63,169470.84,N,N,N,N,2023
State,21,Kentucky,Insulin Lispro Kwikpen U-100,Insulin Lispro,1991,13899,19736.7,3064924.44,4653,,8969,12731.2,1842229.49,,3021,21853.47,196065.55,N,N,N,N,2023
State,22,Louisiana,Insulin Lispro Kwikpen U-100,Insulin Lispro,1262,7781,11675.9,1487813.54,2650,,5494,8221.8,999833.47,,1879,5064.8,99400.82,N,N,N,N,2023
State,23,Maine,Insulin Lispro Kwikpen U-100,Insulin Lispro,690,3325,5665.3,873333.21,1189,,2492,4279.8,624882.72,,864,2645.95,63641.31,N,N,N,N,2023
State,24,Maryland,Insulin Lispro Kwikpen U-100,Insulin Lispro,1189,5230,8185.9,906332.19,2049,,3937,6335.5,687274.03,,1569,5934.26,83924.18,N,N,N,N,2023
State,25,Massachusetts,Insulin Lispro Kwikpen U-100,Insulin Lispro,1860,9890,14438.6,1721824.8,3598,,8202,12042.3,1399954.27,,2877,14705.01,102614.62,N,N,N,N,2023
State,26,Michigan,Insulin Lispro Kwikpen U-100,Insulin Lispro,2355,11388,15867,1813517.73,4473,,8625,11954.7,1309581.55,,3383,8692.1,146360.5,N,N,N,N,2023
State,27,Minnesota,Insulin Lispro Kwikpen U-100,Insulin Lispro,1820,8350,13037.9,1851828.28,3026,,7063,11122.3,1545267.39,,2536,6671.5,193316.97,N,N,N,N,2023
State,28,Mississippi,Insulin Lispro Kwikpen U-100,Insulin Lispro,667,3433,4975.6,744241.93,1215,,2180,3208.7,433743.32,,790,3866.58,43566.72,N,N,N,N,2023
State,29,Missouri,Insulin Lispro Kwikpen U-100,Insulin Lispro,2649,21733,31667.1,4840607.61,6741,,14760,21571.2,3054185.65,,4698,26850.52,341791.56,N,N,N,N,2023
State,30,Montana,Insulin Lispro Kwikpen U-100,Insulin Lispro,182,659,987.6,126289.33,294,,507,776.9,95397.16,,230,1112.42,13479.53,N,N,N,N,2023
State,31,Nebraska,Insulin Lispro Kwikpen U-100,Insulin Lispro,779,4337,6358.6,868538.34,1452,,3012,4469.2,588677.48,,1024,4084.83,70488.2,N,N,N,N,2023
State,32,Nevada,Insulin Lispro Kwikpen U-100,Insulin Lispro,696,3670,5601.7,764394.59,1402,,2851,4384.8,589557.67,,1088,6561.82,74005.72,N,N,N,N,2023
State,33,New Hampshire,Insulin Lispro Kwikpen U-100,Insulin Lispro,431,2365,3328.3,478316.04,804,,1831,2598.9,355749.6,,629,3859.31,51211.26,N,N,N,N,2023
State,34,New Jersey,Insulin Lispro Kwikpen U-100,Insulin Lispro,2433,16754,23459.5,2667912.07,5423,,13181,18413.9,1988505.21,,4300,13583.58,200354.48,N,N,N,N,2023
State,35,New Mexico,Insulin Lispro Kwikpen U-100,Insulin Lispro,650,3866,5783.6,735771.23,1266,,2941,4344.2,521662.4,,957,9081.34,49487.94,N,N,N,N,2023
State,36,New York,Insulin Lispro Kwikpen U-100,Insulin Lispro,7351,48251,72015,9019258.74,15468,,38975,58416.1,7010839.19,,12360,49012.02,648021.58,N,N,N,N,2023
State,37,North Carolina,Insulin Lispro Kwikpen U-100,Insulin Lispro,4097,28101,39502.2,5033792.9,8793,,19302,26941.6,3181904.72,,6129,28363.96,336224.19,N,N,N,N,2023
State,38,North Dakota,Insulin Lispro Kwikpen U-100,Insulin Lispro,258,1356,1985,311605.68,450,,1022,1536,218363.13,,351,1916.57,29284.26,N,N,N,N,2023
State,39,Ohio,Insulin Lispro Kwikpen U-100,Insulin Lispro,6092,49032,70155.6,9786468.86,15515,,33852,48735.7,6300257.12,,10916,52467.06,742354.51,N,N,N,N,2023
State,40,Oklahoma,Insulin Lispro Kwikpen U-100,Insulin Lispro,1103,5734,8675.3,1164770.06,2163,,3882,5898.1,737103.17,,1470,7672.09,99541.62,N,N,N,N,2023
State,41,Oregon,Insulin Lispro Kwikpen U-100,Insulin Lispro,1329,5975,9327.8,1318003.79,2118,,4643,7252.2,967870.9,,1624,9511.35,122507.8,N,N,N,N,2023
State,42,Pennsylvania,Insulin Lispro Kwikpen U-100,Insulin Lispro,5155,37909,52826.5,6130015.31,11216,,28733,39985.1,4379092.13,,8421,32748.64,447033.55,N,N,N,N,2023
State,44,Rhode Island,Insulin Lispro Kwikpen U-100,Insulin Lispro,269,2037,2651.4,303257.7,658,,1711,2194.8,240181.47,,540,2503.01,16752.04,N,N,N,N,2023
State,45,South Carolina,Insulin Lispro Kwikpen U-100,Insulin Lispro,1887,10120,15780.3,2017035.84,3556,,7054,10955.5,1320730.43,,2494,13778.1,134853.29,N,N,N,N,2023
State,46,South Dakota,Insulin Lispro Kwikpen U-100,Insulin Lispro,173,883,1363.1,228981.31,322,,614,977.5,158148.62,,230,1372.16,20237.56,N,N,N,N,2023
State,47,Tennessee,Insulin Lispro Kwikpen U-100,Insulin Lispro,2686,15209,22318.2,3197958.15,5492,,10440,15246.8,2039884.04,,3807,20333.7,205259.65,N,N,N,N,2023
State,48,Texas,Insulin Lispro Kwikpen U-100,Insulin Lispro,7306,44975,74740.3,10146900.12,17450,,33171,54677.7,7059274.2,,13004,75994.42,704357.36,N,N,N,N,2023
State,49,Utah,Insulin Lispro Kwikpen U-100,Insulin Lispro,812,4504,7042.2,1075754.27,1580,,3524,5578.8,824058.8,,1262,5407.54,122451.97,N,N,N,N,2023
State,50,Vermont,Insulin Lispro Kwikpen U-100,Insulin Lispro,247,1146,1840.7,276526.68,401,,986,1576.1,230745.28,,329,1369.49,26800.32,N,N,N,N,2023
State,51,Virginia,Insulin Lispro Kwikpen U-100,Insulin Lispro,2733,17848,26142.6,3352926,5798,,12455,18280.5,2238946.96,,4052,24855.62,257303.51,N,N,N,N,2023
State,53,Washington,Insulin Lispro Kwikpen U-100,Insulin Lispro,2550,14484,21916.6,2807829.99,4601,,11335,17340.6,2142967.91,,3608,9385.3,227891.87,N,N,N,N,2023
State,54,West Virginia,Insulin Lispro Kwikpen U-100,Insulin Lispro,690,4112,5919.2,754400.19,1453,,3015,4268.7,493807.97,,1030,5099.35,55720.86,N,N,N,N,2023
State,55,Wisconsin,Insulin Lispro Kwikpen U-100,Insulin Lispro,2547,18335,27003,4448583.88,5660,,13316,19610.3,3015389.28,,4097,12532.42,306898.53,N,N,N,N,2023
State,56,Wyoming,Insulin Lispro Kwikpen U-100,Insulin Lispro,151,579,824.8,112061.54,215,,488,704.2,88245.16,,179,1020.35,13822.92,N,N,N,N,2023
State,66,Guam,Insulin Lispro Kwikpen U-100,Insulin Lispro,3,39,42.3,4973.13,15,,26,29.3,3973.09,*,,4.3,210,N,N,N,N,2023
State,69,Northern Mariana Islands,Insulin Lispro Kwikpen U-100,Insulin Lispro,1,13,13,477.75,,,0,0,0,#,,455,0,N,N,N,N,2023
State,72,Puerto Rico,Insulin Lispro Kwikpen U-100,Insulin Lispro,412,1388,2087.2,266277.84,673,,1002,1549,184321.96,,499,191.11,3520.92,N,N,N,N,2023
State,78,Virgin Islands,Insulin Lispro Kwikpen U-100,Insulin Lispro,14,39,53.9,6413.19,16,#,,,,#,,0,1057.46,N,N,N,N,2023
State,9B,Armed Forces Europe,Insulin Lispro Kwikpen U-100,Insulin Lispro,2,12,21,5079.49,,,12,21,5079.49,*,,8.6,210,N,N,N,N,2023
State,9C,Armed Forces Pacific,Insulin Lispro Kwikpen U-100,Insulin Lispro,4,84,133.4,22410.57,29,#,,,,#,,60,1873.12,N,N,N,N,2023
State,9E,Foreign Country,Insulin Lispro Kwikpen U-100,Insulin Lispro,3,87,87.1,3522.62,19,,60,60.1,2331.21,#,,41.4,85,N,N,N,N,2023
National,,National,Admelog,Insulin Lispro,3534,10922,11796.8,1392785.22,4966,,8160,8694.1,908327.47,,3661,13220.89,38432.99,N,N,N,N,2023
State,01,Alabama,Admelog,Insulin Lispro,43,171,173.7,12532.27,86,,141,143.7,10570.81,,71,274.47,903.36,N,N,N,N,2023
State,04,Arizona,Admelog,Insulin Lispro,50,96,96.1,8224.46,64,,78,78.1,5851.38,,51,21.5,161.93,N,N,N,N,2023
State,05,Arkansas,Admelog,Insulin Lispro,30,96,100.3,9165.16,46,,70,70,5562.97,,32,141.25,90.7,N,N,N,N,2023
State,06,California,Admelog,Insulin Lispro,634,2052,2231.4,248301.35,858,,1633,1753.5,185164.37,,671,1694.16,5341.7,N,N,N,N,2023
State,08,Colorado,Admelog,Insulin Lispro,16,63,65.9,9418.6,28,,50,50,5122.63,#,,138.6,336.28,N,N,N,N,2023
State,09,Connecticut,Admelog,Insulin Lispro,27,50,66.8,9526.13,27,,36,49.3,7849.66,#,,51.75,193.14,N,N,N,N,2023
State,10,Delaware,Admelog,Insulin Lispro,6,22,22,1413.39,11,#,,,,*,,14.65,0,N,N,N,N,2023
State,11,District of Columbia,Admelog,Insulin Lispro,11,17,19.3,2217.39,11,*,,,,*,,65.45,0,N,N,N,N,2023
State,12,Florida,Admelog,Insulin Lispro,96,287,297.3,31601.48,129,,248,256,26201.65,,109,519.05,1538.92,N,N,N,N,2023
State,13,Georgia,Admelog,Insulin Lispro,139,466,497.4,57146.92,264,,322,341.3,38659.83,,183,634.11,2679.32,N,N,N,N,2023
State,15,Hawaii,Admelog,Insulin Lispro,11,22,25.1,2306.3,11,#,,,,*,,10.35,70,N,N,N,N,2023
State,17,Illinois,Admelog,Insulin Lispro,73,194,221.2,29688.58,84,,141,156.8,17932.48,,57,177.11,591.43,N,N,N,N,2023
State,18,Indiana,Admelog,Insulin Lispro,83,306,334,60978.24,130,,153,163.6,21593.6,,66,419.88,1189.21,N,N,N,N,2023
State,19,Iowa,Admelog,Insulin Lispro,12,19,19.1,2172.21,13,#,,,,#,,0,310.47,N,N,N,N,2023
State,20,Kansas,Admelog,Insulin Lispro,18,42,43.7,5494.58,24,,25,26.4,2996.98,#,,35,82.99,N,N,N,N,2023
State,21,Kentucky,Admelog,Insulin Lispro,60,175,195.1,21224.2,76,,132,152,15264.83,,54,183.95,821.47,N,N,N,N,2023
State,22,Louisiana,Admelog,Insulin Lispro,20,49,51.5,5191.09,25,#,,,,#,,47.9,140,N,N,N,N,2023
State,23,Maine,Admelog,Insulin Lispro,11,103,103,10464.65,31,,78,78,7837.62,#,,119.65,140,N,N,N,N,2023
State,24,Maryland,Admelog,Insulin Lispro,91,229,280.5,45687.71,107,,120,145.1,20462.94,,62,802.4,506.23,N,N,N,N,2023
State,25,Massachusetts,Admelog,Insulin Lispro,68,164,174.3,23981.62,77,,126,130.3,14309.09,,59,389.69,304.54,N,N,N,N,2023
State,26,Michigan,Admelog,Insulin Lispro,49,101,118.2,11939.55,52,,81,94.3,9661.12,,40,57.65,1082.37,N,N,N,N,2023
State,28,Mississippi,Admelog,Insulin Lispro,11,48,48,4617.18,21,,31,31,2983.93,#,,20.7,35,N,N,N,N,2023
State,29,Missouri,Admelog,Insulin Lispro,23,76,85.9,9597.82,37,,56,56.5,6419.02,,26,161.92,578.44,N,N,N,N,2023
State,31,Nebraska,Admelog,Insulin Lispro,5,16,16.1,2030.59,,#,,,,*,,0,289.83,N,N,N,N,2023
State,32,Nevada,Admelog,Insulin Lispro,19,40,45.5,7677.67,20,,20,20,3131.98,*,,36.15,486.61,N,N,N,N,2023
State,34,New Jersey,Admelog,Insulin Lispro,331,919,1065.2,146666.71,382,,526,607.8,76382.1,,223,2097,1754.1,N,N,N,N,2023
State,35,New Mexico,Admelog,Insulin Lispro,45,163,179.1,28101.96,71,,88,88.9,8634.3,,44,261.23,210.6,N,N,N,N,2023
State,36,New York,Admelog,Insulin Lispro,534,1649,1776.4,224056.34,756,,1273,1354.3,145518.29,,563,1376.37,3028.46,N,N,N,N,2023
State,37,North Carolina,Admelog,Insulin Lispro,106,406,410.8,32756.51,191,,352,355.5,27827.96,,161,267.23,1329.37,N,N,N,N,2023
State,38,North Dakota,Admelog,Insulin Lispro,3,13,13,1516.19,,,13,13,1516.19,*,,0,235,N,N,N,N,2023
State,39,Ohio,Admelog,Insulin Lispro,114,359,380.6,35329.95,173,,266,281.5,27266.02,,131,267.39,1633.76,N,N,N,N,2023
State,40,Oklahoma,Admelog,Insulin Lispro,38,355,355,25620.99,140,,292,292,21377.75,,116,142.48,642.03,N,N,N,N,2023
State,41,Oregon,Admelog,Insulin Lispro,89,151,183.1,38417.46,93,,105,127.9,20043.66,,65,478.88,1265.9,N,N,N,N,2023
State,42,Pennsylvania,Admelog,Insulin Lispro,131,433,455.9,49490.1,208,,368,378.1,35364.2,,169,545.41,2376.73,N,N,N,N,2023
State,44,Rhode Island,Admelog,Insulin Lispro,44,114,129.7,24787.56,60,,70,81.8,12811.61,,35,145.55,302.37,N,N,N,N,2023
State,45,South Carolina,Admelog,Insulin Lispro,65,128,137.5,17717.07,69,,72,76.8,8953.13,,42,143.53,1809.58,N,N,N,N,2023
State,46,South Dakota,Admelog,Insulin Lispro,2,17,17,1788.23,,,17,17,1788.23,*,,315,0,N,N,N,N,2023
State,47,Tennessee,Admelog,Insulin Lispro,69,288,290.9,29632.9,119,,235,236.3,22888,,97,330.97,1887.16,N,N,N,N,2023
State,48,Texas,Admelog,Insulin Lispro,176,543,550.2,53442.9,274,,462,467.9,43425.45,,226,392.15,1858.52,N,N,N,N,2023
State,49,Utah,Admelog,Insulin Lispro,22,84,86,6884.03,36,,49,51,3779.38,,21,86.6,110.83,N,N,N,N,2023
State,51,Virginia,Admelog,Insulin Lispro,32,115,130.6,13569,44,,78,90,7001.8,,28,126.46,397.47,N,N,N,N,2023
State,53,Washington,Admelog,Insulin Lispro,65,121,128.2,15734.74,77,,97,102.2,12056.6,,64,82.3,611.88,N,N,N,N,2023
State,54,West Virginia,Admelog,Insulin Lispro,21,97,101,7958.63,29,,81,81,5428,#,,70.7,373.91,N,N,N,N,2023
State,55,Wisconsin,Admelog,Insulin Lispro,17,29,31.7,1631.19,18,#,,,,#,,70,167.01,N,N,N,N,2023
National,,National,Admelog Solostar,Insulin Lispro,8007,24783,31399.1,4072765.89,11100,,17942,22433.3,2592546.37,,7773,33625.62,104890.13,N,N,N,N,2023
State,01,Alabama,Admelog Solostar,Insulin Lispro,24,53,65.4,6768.39,26,,39,49.4,5470.5,#,,20.7,900.88,N,N,N,N,2023
State,02,Alaska,Admelog Solostar,Insulin Lispro,7,27,39.7,7634.9,,#,,,,*,,18.95,24,N,N,N,N,2023
State,04,Arizona,Admelog Solostar,Insulin Lispro,43,113,135.1,11755.59,56,,96,108.9,8445.67,,40,68,830.28,N,N,N,N,2023
State,05,Arkansas,Admelog Solostar,Insulin Lispro,8,22,43.5,6233.02,,#,,,,*,,4.3,385,N,N,N,N,2023
State,06,California,Admelog Solostar,Insulin Lispro,1403,4131,5692.2,715955.49,1810,,3001,4116.2,478453.5,,1348,5279.09,11859.72,N,N,N,N,2023
State,08,Colorado,Admelog Solostar,Insulin Lispro,36,83,126,10569.8,43,,68,105.2,8188.47,,31,70,984.95,N,N,N,N,2023
State,09,Connecticut,Admelog Solostar,Insulin Lispro,55,184,227.8,20376.61,71,,154,187.4,15102.91,,57,146.6,508.52,N,N,N,N,2023
State,11,District of Columbia,Admelog Solostar,Insulin Lispro,60,104,157.2,21673.28,72,,56,82,11189.93,,35,254,245,N,N,N,N,2023
State,12,Florida,Admelog Solostar,Insulin Lispro,155,542,638.5,49166.29,229,,492,579,41850.83,,201,580.35,2005.94,N,N,N,N,2023
State,13,Georgia,Admelog Solostar,Insulin Lispro,153,391,533.1,108475.35,264,,174,274.5,36433.26,,109,1141.24,3964.44,N,N,N,N,2023
State,15,Hawaii,Admelog Solostar,Insulin Lispro,32,101,129.7,15770.18,53,,86,107.4,13131.88,,41,17.2,336.08,N,N,N,N,2023
State,16,Idaho,Admelog Solostar,Insulin Lispro,19,39,59.6,5771.08,22,#,,,,#,,29.3,1177.4,N,N,N,N,2023
State,17,Illinois,Admelog Solostar,Insulin Lispro,146,392,509.7,89353.06,160,,299,373.4,57457.4,,116,519.77,2303.39,N,N,N,N,2023
State,18,Indiana,Admelog Solostar,Insulin Lispro,448,1160,1592.5,331010.93,586,,496,665.5,126933.06,,243,2593.71,5629.5,N,N,N,N,2023
State,19,Iowa,Admelog Solostar,Insulin Lispro,19,37,46.6,7278.76,19,#,,,,#,,63.95,247.78,N,N,N,N,2023
State,20,Kansas,Admelog Solostar,Insulin Lispro,37,85,102.6,15337.54,54,,55,68.8,8955.28,,34,71.15,225.95,N,N,N,N,2023
State,21,Kentucky,Admelog Solostar,Insulin Lispro,163,545,701.7,119105.33,203,,353,464.3,60382.1,,128,1027.89,4131.79,N,N,N,N,2023
State,22,Louisiana,Admelog Solostar,Insulin Lispro,21,42,56.8,8046.62,21,#,,,,#,,0,175,N,N,N,N,2023
State,23,Maine,Admelog Solostar,Insulin Lispro,10,35,39.8,4476.28,14,,22,24.7,3244.56,*,,17.2,154.65,N,N,N,N,2023
State,24,Maryland,Admelog Solostar,Insulin Lispro,242,567,827.6,120728.85,268,,346,515.8,71662.72,,155,2577.74,3163.71,N,N,N,N,2023
State,25,Massachusetts,Admelog Solostar,Insulin Lispro,94,309,366.3,39281.67,120,,266,309.7,31625.19,,103,172.9,747.72,N,N,N,N,2023
State,26,Michigan,Admelog Solostar,Insulin Lispro,181,599,707.1,93055.66,251,,453,526.2,67485.43,,187,226.34,3807.86,N,N,N,N,2023
State,27,Minnesota,Admelog Solostar,Insulin Lispro,34,76,116.5,15750.5,34,#,,,,#,,85.2,806.44,N,N,N,N,2023
State,29,Missouri,Admelog Solostar,Insulin Lispro,67,178,213.8,24086.02,105,,141,168.4,18677.26,,80,83.6,1226.02,N,N,N,N,2023
State,31,Nebraska,Admelog Solostar,Insulin Lispro,10,13,21.1,1887.2,11,*,,,,*,,52.2,155.66,N,N,N,N,2023
State,32,Nevada,Admelog Solostar,Insulin Lispro,85,243,292.2,38349.63,101,,175,209.1,23880.39,,65,198.7,1737.61,N,N,N,N,2023
State,33,New Hampshire,Admelog Solostar,Insulin Lispro,21,46,55.6,7071.57,19,,46,55.6,7071.57,,19,25.8,881.07,N,N,N,N,2023
State,34,New Jersey,Admelog Solostar,Insulin Lispro,361,874,1246,190543.87,438,,599,870.2,132865.67,,297,1996.22,5755.31,N,N,N,N,2023
State,35,New Mexico,Admelog Solostar,Insulin Lispro,157,329,476.3,71600.81,175,,159,238.3,34990.12,,89,895.76,739.39,N,N,N,N,2023
State,36,New York,Admelog Solostar,Insulin Lispro,2191,8496,10173.2,1175764.99,3564,,6431,7572.3,784519.5,,2598,9077.66,16748.65,N,N,N,N,2023
State,37,North Carolina,Admelog Solostar,Insulin Lispro,99,458,503.7,46012.71,168,,335,367.8,31879.01,,123,353.94,2138.61,N,N,N,N,2023
State,38,North Dakota,Admelog Solostar,Insulin Lispro,8,27,30.1,2985.61,11,#,,,,*,,4.3,147.96,N,N,N,N,2023
State,39,Ohio,Admelog Solostar,Insulin Lispro,225,665,788.1,106061.79,339,,515,602,77227.14,,266,867.9,5160.51,N,N,N,N,2023
State,40,Oklahoma,Admelog Solostar,Insulin Lispro,30,170,186.2,22775.81,54,,143,156.6,17388.68,,41,8.6,277.57,N,N,N,N,2023
State,41,Oregon,Admelog Solostar,Insulin Lispro,178,325,493.7,86894.42,197,,189,306.2,52583.68,,117,765.45,2935.03,N,N,N,N,2023
State,42,Pennsylvania,Admelog Solostar,Insulin Lispro,200,465,642.2,99873.28,221,,358,492.6,72471.98,,157,968.95,5398.16,N,N,N,N,2023
State,44,Rhode Island,Admelog Solostar,Insulin Lispro,86,223,272.7,38970.27,126,,132,154.3,19265.24,,74,241.78,885.24,N,N,N,N,2023
State,45,South Carolina,Admelog Solostar,Insulin Lispro,182,359,502,82702.33,208,,173,234,34258.6,,96,590.75,2003.21,N,N,N,N,2023
State,46,South Dakota,Admelog Solostar,Insulin Lispro,9,22,48.3,6799.65,12,#,,,,*,,187.02,547.61,N,N,N,N,2023
State,47,Tennessee,Admelog Solostar,Insulin Lispro,45,91,110.1,10672.76,49,,59,72.1,6926.9,,32,43.95,830.8,N,N,N,N,2023
State,48,Texas,Admelog Solostar,Insulin Lispro,392,1542,1651.9,137155.88,720,,1327,1423,115819.09,,615,1496.93,7591.82,N,N,N,N,2023
State,49,Utah,Admelog Solostar,Insulin Lispro,40,61,83.7,17322.25,43,,38,52.4,11341.03,,23,102.4,827.12,N,N,N,N,2023
State,50,Vermont,Admelog Solostar,Insulin Lispro,4,11,13,893.04,,*,,,,*,,1,0,N,N,N,N,2023
State,51,Virginia,Admelog Solostar,Insulin Lispro,75,199,220.1,20885.01,98,,136,148.9,12938.56,,65,178.35,903,N,N,N,N,2023
State,53,Washington,Admelog Solostar,Insulin Lispro,58,128,178,20808.39,68,,99,142.9,15260.22,,49,148.64,816.42,N,N,N,N,2023
State,54,West Virginia,Admelog Solostar,Insulin Lispro,32,52,67.2,8614.5,36,,38,51.8,6458.58,#,,60.41,729.39,N,N,N,N,2023
State,55,Wisconsin,Admelog Solostar,Insulin Lispro,31,100,124.3,14856.33,48,,77,101.3,11570.97,#,,188.13,1160.17,N,N,N,N,2023
State,9E,Foreign Country,Admelog Solostar,Insulin Lispro,1,19,19,825.67,,,19,19,825.67,*,,12.9,0,N,N,N,N,2023
National,,National,Apidra,Insulin Glulisine,745,2457,4273.9,2769322.05,676,,1755,3177.7,1852774.08,,496,3206.37,65746.62,N,N,N,N,2023
State,01,Alabama,Apidra,Insulin Glulisine,6,17,32,21933.01,,#,,,,*,,10.35,655,N,N,N,N,2023
State,04,Arizona,Apidra,Insulin Glulisine,13,41,77.6,49199.43,12,,28,63.3,36623.38,*,,79.3,680,N,N,N,N,2023
State,05,Arkansas,Apidra,Insulin Glulisine,3,14,14,16248.71,,*,,,,*,,105,0,N,N,N,N,2023
State,06,California,Apidra,Insulin Glulisine,90,278,459.9,271045.41,82,,211,355.1,174614.95,,63,210.7,6666.98,N,N,N,N,2023
State,08,Colorado,Apidra,Insulin Glulisine,4,13,29.9,24430.24,,*,,,,*,,41.4,840,N,N,N,N,2023
State,09,Connecticut,Apidra,Insulin Glulisine,16,53,135.2,97281.38,16,,40,106.3,72390.14,#,,8.6,245,N,N,N,N,2023
State,10,Delaware,Apidra,Insulin Glulisine,4,11,26,18582.48,,,11,26,18582.48,*,,0,445,N,N,N,N,2023
State,12,Florida,Apidra,Insulin Glulisine,37,85,176.8,102536.75,35,#,,,,#,,233.15,3003,N,N,N,N,2023
State,13,Georgia,Apidra,Insulin Glulisine,28,103,164,118510.23,24,,77,121.5,88608.19,#,,297.58,2986.46,N,N,N,N,2023
State,16,Idaho,Apidra,Insulin Glulisine,9,24,39.3,16438,,#,,,,*,,4.3,840,N,N,N,N,2023
State,17,Illinois,Apidra,Insulin Glulisine,19,58,114.8,60168.62,17,,33,71.1,25347.75,#,,21.5,1200,N,N,N,N,2023
State,18,Indiana,Apidra,Insulin Glulisine,14,55,96.9,82754.87,15,,32,61.7,40857.04,*,,95.7,1020.44,N,N,N,N,2023
State,19,Iowa,Apidra,Insulin Glulisine,5,13,20,9675.76,,*,,,,*,,10.35,35,N,N,N,N,2023
State,20,Kansas,Apidra,Insulin Glulisine,4,14,25.6,26492.01,,*,,,,*,,20.7,700,N,N,N,N,2023
State,21,Kentucky,Apidra,Insulin Glulisine,21,66,86.2,62848.9,17,,37,51.3,25593.83,#,,76.75,841.67,N,N,N,N,2023
State,22,Louisiana,Apidra,Insulin Glulisine,10,43,48.3,24881.04,12,,32,34.3,17648.91,*,,29.3,70,N,N,N,N,2023
State,23,Maine,Apidra,Insulin Glulisine,9,35,59.8,51702.42,,#,,,,*,,18.95,950,N,N,N,N,2023
State,24,Maryland,Apidra,Insulin Glulisine,7,37,51.6,29896.85,,,25,39.5,26117.23,*,,25,1155,N,N,N,N,2023
State,25,Massachusetts,Apidra,Insulin Glulisine,16,52,93.8,84692.21,16,,26,51.7,35778.4,*,,98.25,1361.72,N,N,N,N,2023
State,26,Michigan,Apidra,Insulin Glulisine,56,192,359,256657.83,53,,154,276.6,145161.37,,39,299,7116.48,N,N,N,N,2023
State,27,Minnesota,Apidra,Insulin Glulisine,8,38,51.5,22940.46,,*,,,,*,,183.95,455,N,N,N,N,2023
State,28,Mississippi,Apidra,Insulin Glulisine,11,24,39.5,25982.38,,#,,,,*,,82.8,245,N,N,N,N,2023
State,29,Missouri,Apidra,Insulin Glulisine,18,53,87.5,53683.97,16,,34,63.1,37976.04,*,,18.95,1710.25,N,N,N,N,2023
State,31,Nebraska,Apidra,Insulin Glulisine,2,17,26.8,25362.03,,*,,,,*,,10.35,499.28,N,N,N,N,2023
State,32,Nevada,Apidra,Insulin Glulisine,4,11,31.4,24941.21,,*,,,,*,,10.35,930.35,N,N,N,N,2023
State,34,New Jersey,Apidra,Insulin Glulisine,43,147,309.2,208568.11,38,,131,286.2,182255.83,#,,20.7,5301.95,N,N,N,N,2023
State,36,New York,Apidra,Insulin Glulisine,43,125,215.7,117098,39,#,,,,#,,228.65,4014.8,N,N,N,N,2023
State,37,North Carolina,Apidra,Insulin Glulisine,18,82,135.1,91265.58,18,,69,112.4,68473.13,#,,105.1,2311.59,N,N,N,N,2023
State,39,Ohio,Apidra,Insulin Glulisine,42,123,210.8,185353.79,35,,83,156,148585.91,#,,25.8,3030.37,N,N,N,N,2023
State,40,Oklahoma,Apidra,Insulin Glulisine,6,20,39.2,15758.21,,#,,,,*,,4.3,930,N,N,N,N,2023
State,41,Oregon,Apidra,Insulin Glulisine,6,23,38.7,24425.07,,#,,,,*,,0,712.84,N,N,N,N,2023
State,42,Pennsylvania,Apidra,Insulin Glulisine,55,210,329.3,184189.54,53,,155,248.1,123516.88,,36,225.8,6472,N,N,N,N,2023
State,45,South Carolina,Apidra,Insulin Glulisine,6,23,51.8,42221.17,,#,,,,*,,0,1125,N,N,N,N,2023
State,47,Tennessee,Apidra,Insulin Glulisine,9,14,32.2,15511.22,,#,,,,*,,20.7,596.67,N,N,N,N,2023
State,48,Texas,Apidra,Insulin Glulisine,37,106,176.8,102575.48,33,,52,111.6,68628.69,#,,56.05,3370.18,N,N,N,N,2023
State,49,Utah,Apidra,Insulin Glulisine,5,33,43,29798.55,,,22,25.9,15391.9,*,,21.5,431,N,N,N,N,2023
State,51,Virginia,Apidra,Insulin Glulisine,12,38,71,34661.64,12,,22,34.8,13455.77,*,,124.2,1000,N,N,N,N,2023
State,53,Washington,Apidra,Insulin Glulisine,8,25,48.9,24972.37,,#,,,,*,,20.7,390.5,N,N,N,N,2023
State,55,Wisconsin,Apidra,Insulin Glulisine,4,12,24.5,14044.21,,*,,,,*,,210,97.85,N,N,N,N,2023
State,72,Puerto Rico,Apidra,Insulin Glulisine,13,75,84.3,33270.28,11,,55,63.9,27505.88,*,,0,370,N,N,N,N,2023
National,,National,Apidra Solostar,Insulin Glulisine,2585,8195,14728.5,8630886.62,2416,,6339,11970.5,6577352.66,,1918,9771.43,208671.76,N,N,N,N,2023
State,01,Alabama,Apidra Solostar,Insulin Glulisine,20,43,97.7,49551.16,18,,29,78,38932.93,#,,123.39,1261.32,N,N,N,N,2023
State,02,Alaska,Apidra Solostar,Insulin Glulisine,10,24,62.2,27657.28,,#,,,,*,,4.3,107,N,N,N,N,2023
State,04,Arizona,Apidra Solostar,Insulin Glulisine,37,97,201.9,106469.28,33,,82,175,92394.33,#,,86.95,2692.99,N,N,N,N,2023
State,05,Arkansas,Apidra Solostar,Insulin Glulisine,15,28,48.3,29555.03,14,*,,,,*,,186.5,425,N,N,N,N,2023
State,06,California,Apidra Solostar,Insulin Glulisine,325,1080,1829.8,1001220.56,329,,894,1553.8,837373.58,,278,1122.6,22742.55,N,N,N,N,2023
State,08,Colorado,Apidra Solostar,Insulin Glulisine,22,63,128.7,62393.24,20,,29,76.5,27474.09,#,,79.3,1501.44,N,N,N,N,2023
State,09,Connecticut,Apidra Solostar,Insulin Glulisine,40,178,290.2,133287.2,36,,156,260.4,107707.1,#,,101.75,1054.01,N,N,N,N,2023
State,12,Florida,Apidra Solostar,Insulin Glulisine,128,344,653.8,352215.08,114,,292,563.1,296450.19,,96,684.7,9357.78,N,N,N,N,2023
State,13,Georgia,Apidra Solostar,Insulin Glulisine,76,246,460,249202.49,75,,180,346.9,181822.9,,51,289.75,5941.24,N,N,N,N,2023
State,15,Hawaii,Apidra Solostar,Insulin Glulisine,15,65,115.3,112303,18,,54,99.6,77411.84,#,,0,1448.11,N,N,N,N,2023
State,16,Idaho,Apidra Solostar,Insulin Glulisine,30,99,169.8,101207.14,30,,85,146.9,81646.63,#,,212.45,3118.85,N,N,N,N,2023
State,17,Illinois,Apidra Solostar,Insulin Glulisine,74,218,414.8,260394.03,66,,193,361.6,220025.03,#,,151.25,8340.27,N,N,N,N,2023
State,18,Indiana,Apidra Solostar,Insulin Glulisine,100,293,595.1,443557.81,94,,196,433.9,251314.97,,63,322.1,7751.88,N,N,N,N,2023
State,19,Iowa,Apidra Solostar,Insulin Glulisine,11,29,38.2,47333.35,11,,16,24.1,13333.1,*,,10.35,620,N,N,N,N,2023
State,20,Kansas,Apidra Solostar,Insulin Glulisine,15,48,80.6,43912.24,15,#,,,,*,,72.45,1373.35,N,N,N,N,2023
State,21,Kentucky,Apidra Solostar,Insulin Glulisine,40,132,221,168990.97,42,,115,195.5,127081.92,#,,107.8,3337.01,N,N,N,N,2023
State,22,Louisiana,Apidra Solostar,Insulin Glulisine,26,66,115.7,56887.66,21,,39,71.5,40936.54,#,,29.3,2235.77,N,N,N,N,2023
State,23,Maine,Apidra Solostar,Insulin Glulisine,7,27,47.7,33851.34,,*,,,,*,,51.75,379.96,N,N,N,N,2023
State,24,Maryland,Apidra Solostar,Insulin Glulisine,28,66,136.9,85646.76,27,,54,109.2,68091.77,#,,62.9,2755.84,N,N,N,N,2023
State,25,Massachusetts,Apidra Solostar,Insulin Glulisine,30,116,205.1,95619.34,28,,88,173,68884.21,#,,158.6,2064.33,N,N,N,N,2023
State,26,Michigan,Apidra Solostar,Insulin Glulisine,218,769,1492,914404.63,218,,563,1166.3,633163.4,,172,799.5,27666.67,N,N,N,N,2023
State,27,Minnesota,Apidra Solostar,Insulin Glulisine,26,87,129.3,76936.41,23,,62,94.8,49442.8,#,,60.2,1435,N,N,N,N,2023
State,28,Mississippi,Apidra Solostar,Insulin Glulisine,8,18,34.9,30230.43,11,#,,,,*,,50.7,365,N,N,N,N,2023
State,29,Missouri,Apidra Solostar,Insulin Glulisine,50,151,226.5,159573.91,49,,98,165.4,91045.45,,36,500.2,2266.55,N,N,N,N,2023
State,31,Nebraska,Apidra Solostar,Insulin Glulisine,5,19,20,20029.98,,,19,20,20029.98,*,,37.9,291.44,N,N,N,N,2023
State,32,Nevada,Apidra Solostar,Insulin Glulisine,17,41,79.5,72813.32,14,#,,,,#,,45.7,740,N,N,N,N,2023
State,33,New Hampshire,Apidra Solostar,Insulin Glulisine,5,18,23.6,12549.84,,#,,,,*,,64.65,312.7,N,N,N,N,2023
State,34,New Jersey,Apidra Solostar,Insulin Glulisine,119,389,909.3,504742.55,122,,344,820.2,430037.92,#,,212.5,14896.78,N,N,N,N,2023
State,35,New Mexico,Apidra Solostar,Insulin Glulisine,9,13,31.7,23655.8,,*,,,,*,,36.15,105,N,N,N,N,2023
State,36,New York,Apidra Solostar,Insulin Glulisine,201,676,1193.1,739059.14,179,,537,1006,580775.7,,148,1017.25,14942.53,N,N,N,N,2023
State,37,North Carolina,Apidra Solostar,Insulin Glulisine,81,264,408.6,240687.22,78,,156,266.5,135602.65,,52,212.75,7601.59,N,N,N,N,2023
State,38,North Dakota,Apidra Solostar,Insulin Glulisine,6,17,31.6,12037.11,,#,,,,*,,62.1,910,N,N,N,N,2023
State,39,Ohio,Apidra Solostar,Insulin Glulisine,118,377,657,404140.4,108,,296,549.2,321357.5,,86,316.54,11610.52,N,N,N,N,2023
State,40,Oklahoma,Apidra Solostar,Insulin Glulisine,19,41,74.4,89171.71,17,,26,55.9,65587.39,#,,23.25,680,N,N,N,N,2023
State,41,Oregon,Apidra Solostar,Insulin Glulisine,18,66,122.3,68289.55,18,,54,100,57724,#,,113.85,1685.46,N,N,N,N,2023
State,42,Pennsylvania,Apidra Solostar,Insulin Glulisine,238,753,1319.8,697773.53,241,,616,1111.5,596809.91,,189,902.1,15953.54,N,N,N,N,2023
State,44,Rhode Island,Apidra Solostar,Insulin Glulisine,8,24,39.4,22457.81,,,24,39.4,22457.81,*,,29.3,615.06,N,N,N,N,2023
State,45,South Carolina,Apidra Solostar,Insulin Glulisine,37,90,183.2,93393.68,33,,77,151.7,72283.77,#,,210.95,2617.37,N,N,N,N,2023
State,46,South Dakota,Apidra Solostar,Insulin Glulisine,7,18,38.3,13223.67,,#,,,,*,,20.7,810,N,N,N,N,2023
State,47,Tennessee,Apidra Solostar,Insulin Glulisine,30,65,134.2,71689.53,30,,44,94.5,45074.43,,18,153.5,2055,N,N,N,N,2023
State,48,Texas,Apidra Solostar,Insulin Glulisine,142,372,676.3,399064.57,124,,321,591.1,338677.42,,103,531.65,10793.59,N,N,N,N,2023
State,49,Utah,Apidra Solostar,Insulin Glulisine,10,30,42.1,28690.22,,#,,,,*,,8.6,1355.82,N,N,N,N,2023
State,51,Virginia,Apidra Solostar,Insulin Glulisine,51,137,250,149475.21,50,,91,188.4,114769.4,#,,151.6,4297.31,N,N,N,N,2023
State,53,Washington,Apidra Solostar,Insulin Glulisine,36,232,292.5,84328.55,35,,81,136.4,56770.85,,22,64.65,2219.97,N,N,N,N,2023
State,54,West Virginia,Apidra Solostar,Insulin Glulisine,13,79,99.3,71320.28,14,,66,83.7,46133.08,*,,43,1366.12,N,N,N,N,2023
State,55,Wisconsin,Apidra Solostar,Insulin Glulisine,26,84,138.5,94601.61,24,#,,,,#,,168.95,1061,N,N,N,N,2023
State,72,Puerto Rico,Apidra Solostar,Insulin Glulisine,20,68,98.1,47508.91,18,,46,71.1,26828.42,#,,0,958.04,N,N,N,N,2023
National,,National,Fiasp,Insulin Aspart (Niacinamide),16571,83307,119880.4,64059379.95,26821,,60675,88017.2,45137748.59,,19969,91008.33,1508896.86,N,N,N,N,2024
State,01,Alabama,Fiasp,Insulin Aspart (Niacinamide),262,1400,2138,1301177.66,458,,887,1344,782899.3,,309,1067.4,32351.66,N,N,N,N,2024
State,02,Alaska,Fiasp,Insulin Aspart (Niacinamide),18,75,169.1,102525.44,26,,54,139,78885.64,#,,82.8,2625,N,N,N,N,2024
State,04,Arizona,Fiasp,Insulin Aspart (Niacinamide),267,1133,2095.2,1149693.46,401,,827,1586.8,848946.16,,296,1427.6,37991.31,N,N,N,N,2024
State,05,Arkansas,Fiasp,Insulin Aspart (Niacinamide),326,2109,2338,1054331.47,597,,1523,1672.6,706346.48,,439,1936.82,21938.01,N,N,N,N,2024
State,06,California,Fiasp,Insulin Aspart (Niacinamide),1260,5162,7443.9,3740939.48,1729,,3788,5501.6,2619343.06,,1300,6851.67,73085.17,N,N,N,N,2024
State,08,Colorado,Fiasp,Insulin Aspart (Niacinamide),140,593,1014.8,535456.61,205,,431,757.9,370421.11,,158,628.2,17911.89,N,N,N,N,2024
State,09,Connecticut,Fiasp,Insulin Aspart (Niacinamide),185,598,1038.7,562333.53,224,,474,838.5,428199.54,,172,518.14,15487.14,N,N,N,N,2024
State,10,Delaware,Fiasp,Insulin Aspart (Niacinamide),39,224,383.6,216517.13,69,,177,331.9,193234.24,#,,248,5925.12,N,N,N,N,2024
State,11,District of Columbia,Fiasp,Insulin Aspart (Niacinamide),30,170,216.3,98710.28,51,,139,180.5,79116.14,#,,243,1790,N,N,N,N,2024
State,12,Florida,Fiasp,Insulin Aspart (Niacinamide),1229,7017,10337.2,5349111.12,2383,,5378,7963.7,3958128.8,,1864,5718.79,102015.48,N,N,N,N,2024
State,13,Georgia,Fiasp,Insulin Aspart (Niacinamide),539,2979,4239.8,2246217.37,1007,,2186,3112.9,1590312.44,,749,3667.78,55478.88,N,N,N,N,2024
State,15,Hawaii,Fiasp,Insulin Aspart (Niacinamide),11,61,98.7,50446.08,13,,46,69.3,37638.6,*,,158,696.95,N,N,N,N,2024
State,16,Idaho,Fiasp,Insulin Aspart (Niacinamide),92,356,559.8,296435.05,135,,224,331.8,147250.22,,85,484,8418.3,N,N,N,N,2024
State,17,Illinois,Fiasp,Insulin Aspart (Niacinamide),1019,5499,7217.2,3381896.06,1783,,3795,5050.6,2333339.86,,1258,4165.3,61190.29,N,N,N,N,2024
State,18,Indiana,Fiasp,Insulin Aspart (Niacinamide),503,2910,3853.7,1962605.26,947,,2074,2735.1,1333111.61,,688,1968.6,37959.43,N,N,N,N,2024
State,19,Iowa,Fiasp,Insulin Aspart (Niacinamide),290,1992,2368.8,1082409.61,478,,1645,1953.7,796514,,396,1607.6,31669.11,N,N,N,N,2024
State,20,Kansas,Fiasp,Insulin Aspart (Niacinamide),244,1204,1511.1,830246.81,383,,814,1028.8,540929.1,,276,1603.4,20078.1,N,N,N,N,2024
State,21,Kentucky,Fiasp,Insulin Aspart (Niacinamide),311,1551,1946.6,1081646.3,528,,1073,1346.9,705631.41,,366,2256,23085.61,N,N,N,N,2024
State,22,Louisiana,Fiasp,Insulin Aspart (Niacinamide),234,1574,2067.5,1363438.73,450,,1150,1514.1,969200.09,,332,1475.2,32429.75,N,N,N,N,2024
State,23,Maine,Fiasp,Insulin Aspart (Niacinamide),105,431,575.9,294642.36,141,,273,364.8,183114.37,,89,446.7,4663.81,N,N,N,N,2024
State,24,Maryland,Fiasp,Insulin Aspart (Niacinamide),328,1343,2361.2,1314558.97,485,,955,1729.2,970488.2,,361,2795,30602.83,N,N,N,N,2024
State,25,Massachusetts,Fiasp,Insulin Aspart (Niacinamide),519,2532,3930,2089539.86,843,,1863,2950,1464809.42,,634,3825.3,47015.32,N,N,N,N,2024
State,26,Michigan,Fiasp,Insulin Aspart (Niacinamide),481,2078,3109,1618610.71,717,,1317,2002.3,965262.76,,476,2144,31031.49,N,N,N,N,2024
State,27,Minnesota,Fiasp,Insulin Aspart (Niacinamide),236,895,1431.6,797400.36,284,,523,940.6,496004.94,,180,1436.8,26469.8,N,N,N,N,2024
State,28,Mississippi,Fiasp,Insulin Aspart (Niacinamide),245,1844,2251.1,1194920.52,500,,1457,1744.6,872109.62,,387,1731.8,20186.61,N,N,N,N,2024
State,29,Missouri,Fiasp,Insulin Aspart (Niacinamide),424,2623,3570.5,1870342.58,883,,1785,2483.8,1238252.37,,612,2700.76,47223.99,N,N,N,N,2024
State,30,Montana,Fiasp,Insulin Aspart (Niacinamide),64,277,470.2,223204.95,96,,194,368.6,167637.83,,78,608.2,11229.81,N,N,N,N,2024
State,31,Nebraska,Fiasp,Insulin Aspart (Niacinamide),166,773,1038.4,495751.97,241,,608,811.7,380948.87,,197,750.6,17318.64,N,N,N,N,2024
State,32,Nevada,Fiasp,Insulin Aspart (Niacinamide),68,269,458.5,252145.53,105,,205,356.9,197266.75,,80,204.4,8838.52,N,N,N,N,2024
State,33,New Hampshire,Fiasp,Insulin Aspart (Niacinamide),73,290,489.2,272251.65,107,,207,337.5,187046.5,,76,388.4,5434.74,N,N,N,N,2024
State,34,New Jersey,Fiasp,Insulin Aspart (Niacinamide),593,3613,4635.5,2065964.64,1010,,2612,3374.2,1502321.54,,740,2413.6,37262.05,N,N,N,N,2024
State,35,New Mexico,Fiasp,Insulin Aspart (Niacinamide),76,307,453.8,298495.1,97,,195,308.4,178177.65,,71,407.4,7375.78,N,N,N,N,2024
State,36,New York,Fiasp,Insulin Aspart (Niacinamide),803,3722,5579.5,3443559.89,1197,,2560,3800.1,2198631.36,,862,2919.3,50813.7,N,N,N,N,2024
State,37,North Carolina,Fiasp,Insulin Aspart (Niacinamide),467,2405,3582.7,2062612.28,777,,1821,2718.5,1511656.63,,586,3460.4,58602.43,N,N,N,N,2024
State,38,North Dakota,Fiasp,Insulin Aspart (Niacinamide),81,310,411.6,214582.99,104,,247,331,167031.65,,90,156,7718.49,N,N,N,N,2024
State,39,Ohio,Fiasp,Insulin Aspart (Niacinamide),810,4189,5868.2,3161465.32,1402,,2907,4177.1,2248014.49,,1010,4646.29,63851.77,N,N,N,N,2024
State,40,Oklahoma,Fiasp,Insulin Aspart (Niacinamide),204,1044,1461.4,763589.12,344,,752,1074.3,558145.83,,253,1002.4,22761.84,N,N,N,N,2024
State,41,Oregon,Fiasp,Insulin Aspart (Niacinamide),132,480,779.1,411181.26,165,,346,576.1,291453.56,,126,1128.6,13958.56,N,N,N,N,2024
State,42,Pennsylvania,Fiasp,Insulin Aspart (Niacinamide),706,3922,5682.6,3149453.51,1219,,3103,4496.7,2368669.62,,974,2868.82,75860.41,N,N,N,N,2024
State,44,Rhode Island,Fiasp,Insulin Aspart (Niacinamide),37,157,208.2,109470.07,55,,129,168.4,94534.02,#,,59.2,3778.26,N,N,N,N,2024
State,45,South Carolina,Fiasp,Insulin Aspart (Niacinamide),213,845,1356.7,728142.17,305,,653,1026.6,514312.34,,234,903.93,23122.34,N,N,N,N,2024
State,46,South Dakota,Fiasp,Insulin Aspart (Niacinamide),74,462,704.5,417065.99,118,,365,574,316101.37,,96,281,14862.93,N,N,N,N,2024
State,47,Tennessee,Fiasp,Insulin Aspart (Niacinamide),369,1683,2521.6,1593067.95,589,,1187,1819.3,1089705.25,,437,3896,43738.12,N,N,N,N,2024
State,48,Texas,Fiasp,Insulin Aspart (Niacinamide),1115,5451,8434.1,4608792.03,1946,,4126,6350.2,3433058.48,,1480,7777.26,128561.76,N,N,N,N,2024
State,49,Utah,Fiasp,Insulin Aspart (Niacinamide),111,351,556.3,324499.15,126,,270,443.8,256591.87,,102,409.8,11191.02,N,N,N,N,2024
State,50,Vermont,Fiasp,Insulin Aspart (Niacinamide),37,125,217.2,102841.82,50,,95,164.3,72365.39,,36,242.6,3325,N,N,N,N,2024
State,51,Virginia,Fiasp,Insulin Aspart (Niacinamide),338,1472,2213.5,1252390.65,518,,1150,1729.6,969409.31,,400,1668.6,34665.45,N,N,N,N,2024
State,53,Washington,Fiasp,Insulin Aspart (Niacinamide),255,1071,1870.8,1050303.31,361,,828,1454.8,774383.34,,281,1653,34208.95,N,N,N,N,2024
State,54,West Virginia,Fiasp,Insulin Aspart (Niacinamide),107,503,743.5,453842.75,168,,335,484.5,252204.34,,109,485.47,8290.18,N,N,N,N,2024
State,55,Wisconsin,Fiasp,Insulin Aspart (Niacinamide),273,1052,1635.9,914266.27,337,,775,1203.2,619080.79,,254,1277,29475.06,N,N,N,N,2024
State,56,Wyoming,Fiasp,Insulin Aspart (Niacinamide),52,154,199.9,82729.79,56,,125,159.1,63369.45,#,,189,3140,N,N,N,N,2024
State,72,Puerto Rico,Fiasp,Insulin Aspart (Niacinamide),7,23,29.9,17117.74,,#,,,,*,,0,190,N,N,N,N,2024
National,,National,Fiasp Flextouch,Insulin Aspart (Niacinamide),63475,398516,635657.3,289406664.56,131145,,306148,498279.1,220681563.83,,101905,549056.42,8889201.39,N,N,N,N,2024
State,01,Alabama,Fiasp Flextouch,Insulin Aspart (Niacinamide),958,5610,8968.1,4275387.42,1973,,3957,6430.7,2982112.65,,1393,8110.87,135432.19,N,N,N,N,2024
State,02,Alaska,Fiasp Flextouch,Insulin Aspart (Niacinamide),93,386,719.1,342552.29,125,,284,569,238805.29,,91,888,7132.48,N,N,N,N,2024
State,04,Arizona,Fiasp Flextouch,Insulin Aspart (Niacinamide),1130,5638,10246,4725986.44,2090,,4575,8523.4,3777974.53,,1703,6977.48,191180.17,N,N,N,N,2024
State,05,Arkansas,Fiasp Flextouch,Insulin Aspart (Niacinamide),798,5784,7947.2,4082815,1795,,4302,6031.5,2997391.06,,1354,9389.4,133064.75,N,N,N,N,2024
State,06,California,Fiasp Flextouch,Insulin Aspart (Niacinamide),5604,31693,53530.3,21226671.73,10831,,24307,41753.7,16079731.26,,8395,55400.55,392781.88,N,N,N,N,2024
State,08,Colorado,Fiasp Flextouch,Insulin Aspart (Niacinamide),569,2659,4702.8,2189924.39,985,,2150,3862,1716020.93,,798,3568.82,88964.03,N,N,N,N,2024
State,09,Connecticut,Fiasp Flextouch,Insulin Aspart (Niacinamide),599,3334,6120.3,2515687.2,1229,,2606,4898.5,2012007.62,,965,6503.2,76839.72,N,N,N,N,2024
State,10,Delaware,Fiasp Flextouch,Insulin Aspart (Niacinamide),222,1508,2749.8,1399685.81,613,,1233,2307.8,1150610.52,,510,2201.85,45849.33,N,N,N,N,2024
State,11,District of Columbia,Fiasp Flextouch,Insulin Aspart (Niacinamide),144,744,1243.3,447120.26,289,,531,930.6,326785.08,,210,1522.8,10134.43,N,N,N,N,2024
State,12,Florida,Fiasp Flextouch,Insulin Aspart (Niacinamide),4030,31258,47865.9,19287878.04,9844,,25430,39268,15423752.92,,8044,31433.95,594788.24,N,N,N,N,2024
State,13,Georgia,Fiasp Flextouch,Insulin Aspart (Niacinamide),1816,12744,20424.5,8967845.38,4151,,10088,16339.8,6952358.7,,3320,18601.93,315391.32,N,N,N,N,2024
State,15,Hawaii,Fiasp Flextouch,Insulin Aspart (Niacinamide),96,401,790.6,345344.3,142,,335,667.5,290629.31,,115,1062.8,10003.78,N,N,N,N,2024
State,16,Idaho,Fiasp Flextouch,Insulin Aspart (Niacinamide),429,2414,3669.2,1729125.83,772,,1779,2784.7,1272383.76,,564,3013.53,54187.21,N,N,N,N,2024
State,17,Illinois,Fiasp Flextouch,Insulin Aspart (Niacinamide),3417,24590,38286.8,17798013.82,8296,,18174,28965.9,13208357.98,,6194,26774.37,430352.7,N,N,N,N,2024
State,18,Indiana,Fiasp Flextouch,Insulin Aspart (Niacinamide),1617,11938,18169.6,8977985.36,3837,,8906,13923.5,6719353.06,,2888,13906.65,262868.54,N,N,N,N,2024
State,19,Iowa,Fiasp Flextouch,Insulin Aspart (Niacinamide),1027,7081,10153.9,4922539.08,2025,,5823,8491.4,4049046.22,,1674,7815.06,212791.96,N,N,N,N,2024
State,20,Kansas,Fiasp Flextouch,Insulin Aspart (Niacinamide),991,8148,12243.9,6219903.99,2433,,6381,9827.4,4814795.43,,1905,11290.95,225051.94,N,N,N,N,2024
State,21,Kentucky,Fiasp Flextouch,Insulin Aspart (Niacinamide),1031,6832,9906.1,4580770.99,2248,,5172,7621.8,3376801.81,,1724,10706.44,142903.01,N,N,N,N,2024
State,22,Louisiana,Fiasp Flextouch,Insulin Aspart (Niacinamide),671,5146,7497.5,3532295.22,1579,,4060,6008.7,2812414.34,,1228,5036.2,137318.6,N,N,N,N,2024
State,23,Maine,Fiasp Flextouch,Insulin Aspart (Niacinamide),329,1456,2432.2,1114726.1,534,,945,1657.6,696656.26,,357,2901.25,21429.79,N,N,N,N,2024
State,24,Maryland,Fiasp Flextouch,Insulin Aspart (Niacinamide),1374,7952,14446.8,6408678.06,3110,,6133,11427.2,4989949.44,,2398,18235.84,203729.54,N,N,N,N,2024
State,25,Massachusetts,Fiasp Flextouch,Insulin Aspart (Niacinamide),1595,10184,17586.4,7906929.9,3833,,7899,14042.6,6174031.23,,3016,21353.99,208949.87,N,N,N,N,2024
State,26,Michigan,Fiasp Flextouch,Insulin Aspart (Niacinamide),1966,9612,15643.6,6876881.33,3334,,6850,11417.9,4987638.81,,2418,11286.15,202331.07,N,N,N,N,2024
State,27,Minnesota,Fiasp Flextouch,Insulin Aspart (Niacinamide),1540,7851,12301.8,6096476.73,2423,,5230,8650.4,4153006.47,,1685,9232.68,198726.28,N,N,N,N,2024
State,28,Mississippi,Fiasp Flextouch,Insulin Aspart (Niacinamide),644,5291,7923.5,3899625.09,1721,,3933,5930.5,2845071.3,,1286,8331.25,133926.78,N,N,N,N,2024
State,29,Missouri,Fiasp Flextouch,Insulin Aspart (Niacinamide),1677,12092,18242.5,8991992.83,4041,,8520,13205.8,6364796.82,,2878,16371.63,260711.67,N,N,N,N,2024
State,30,Montana,Fiasp Flextouch,Insulin Aspart (Niacinamide),249,1530,2420,1207458.97,488,,1152,1864.5,901956.98,,383,2902.4,44898.28,N,N,N,N,2024
State,31,Nebraska,Fiasp Flextouch,Insulin Aspart (Niacinamide),611,4320,6238.4,2883919.17,1314,,3706,5366.3,2452059.7,,1115,3727,123356.39,N,N,N,N,2024
State,32,Nevada,Fiasp Flextouch,Insulin Aspart (Niacinamide),366,2120,3659.6,1668411.53,752,,1645,2940.2,1336730.11,,588,3288.02,49864.51,N,N,N,N,2024
State,33,New Hampshire,Fiasp Flextouch,Insulin Aspart (Niacinamide),277,1473,2493.2,1193746.75,553,,1131,1988,912251.61,,424,1948.28,43800.87,N,N,N,N,2024
State,34,New Jersey,Fiasp Flextouch,Insulin Aspart (Niacinamide),1750,12049,19666.5,8067333.26,4042,,9466,15787.6,6330718.96,,3231,14309.87,243243.58,N,N,N,N,2024
State,35,New Mexico,Fiasp Flextouch,Insulin Aspart (Niacinamide),369,1815,2812,1344982,585,,1333,2057.6,920230.55,,428,3400.4,33509.73,N,N,N,N,2024
State,36,New York,Fiasp Flextouch,Insulin Aspart (Niacinamide),3686,21879,34974.4,14521721.12,7137,,16742,27189.3,10877451.41,,5522,24849.04,287034.8,N,N,N,N,2024
State,37,North Carolina,Fiasp Flextouch,Insulin Aspart (Niacinamide),2094,12130,18208.1,8404688.68,4006,,9175,13922.6,6385087.29,,3060,19579.48,275022.7,N,N,N,N,2024
State,38,North Dakota,Fiasp Flextouch,Insulin Aspart (Niacinamide),377,3243,4932.2,2543837.41,917,,2528,3945.3,1950531.94,,722,5268.22,91977.4,N,N,N,N,2024
State,39,Ohio,Fiasp Flextouch,Insulin Aspart (Niacinamide),3154,20917,31897.5,14973045.81,7195,,15688,24698.4,11294816.08,,5501,23366.42,458461.16,N,N,N,N,2024
State,40,Oklahoma,Fiasp Flextouch,Insulin Aspart (Niacinamide),756,4333,6976.5,3480800.33,1509,,3383,5543.5,2730961.64,,1180,4044,134475.84,N,N,N,N,2024
State,41,Oregon,Fiasp Flextouch,Insulin Aspart (Niacinamide),655,3165,5232,2555665.77,1055,,2413,4088.2,1887487.75,,821,5287.4,81747.01,N,N,N,N,2024
State,42,Pennsylvania,Fiasp Flextouch,Insulin Aspart (Niacinamide),2759,17414,29156.4,13436847.18,5985,,14259,24188.3,10788968.94,,4937,18519.48,477303.31,N,N,N,N,2024
State,44,Rhode Island,Fiasp Flextouch,Insulin Aspart (Niacinamide),156,793,1217.3,532521.39,278,,578,878.1,375696.59,,196,1191.8,17240.14,N,N,N,N,2024
State,45,South Carolina,Fiasp Flextouch,Insulin Aspart (Niacinamide),1025,5478,8825.3,3889420.22,1905,,4335,6959.7,3010153.79,,1498,7229.6,143171.14,N,N,N,N,2024
State,46,South Dakota,Fiasp Flextouch,Insulin Aspart (Niacinamide),264,2538,3872.7,1937534.7,756,,2067,3182.2,1527402.91,,624,2928.2,78935.92,N,N,N,N,2024
State,47,Tennessee,Fiasp Flextouch,Insulin Aspart (Niacinamide),1446,8520,14054.3,7493039.7,3050,,6674,11311.9,5882324.29,,2447,14288.92,270968.86,N,N,N,N,2024
State,48,Texas,Fiasp Flextouch,Insulin Aspart (Niacinamide),3888,24212,39692.5,18277306.32,8767,,18841,31389.6,14228710.74,,6884,42233.49,609827.9,N,N,N,N,2024
State,49,Utah,Fiasp Flextouch,Insulin Aspart (Niacinamide),377,1576,2800.9,1428728.51,619,,1224,2222,1096070.58,,477,2121.6,51441.59,N,N,N,N,2024
State,50,Vermont,Fiasp Flextouch,Insulin Aspart (Niacinamide),172,868,1483,713341.73,296,,623,1089.5,454561.63,,214,1394.4,15017.71,N,N,N,N,2024
State,51,Virginia,Fiasp Flextouch,Insulin Aspart (Niacinamide),1283,7583,12113,5237274.49,2540,,6045,9902,4225624.32,,2041,10199.44,207005.92,N,N,N,N,2024
State,53,Washington,Fiasp Flextouch,Insulin Aspart (Niacinamide),1226,5496,9300.7,4389734.45,1899,,4221,7377,3391719.22,,1499,7443.61,159141.43,N,N,N,N,2024
State,54,West Virginia,Fiasp Flextouch,Insulin Aspart (Niacinamide),526,3149,4777,2314833.38,1040,,2313,3524.3,1609288.31,,772,5820.85,55228.22,N,N,N,N,2024
State,55,Wisconsin,Fiasp Flextouch,Insulin Aspart (Niacinamide),1439,8577,13511.1,7425433.14,2614,,6205,10078.2,5206121.89,,1935,10268.46,217459.78,N,N,N,N,2024
State,56,Wyoming,Fiasp Flextouch,Insulin Aspart (Niacinamide),164,831,1231.8,489662.71,259,,658,988.9,378544.79,,206,1247.4,18779.79,N,N,N,N,2024
State,72,Puerto Rico,Fiasp Flextouch,Insulin Aspart (Niacinamide),27,128,240.8,100270.19,46,,113,211.2,91258.88,,35,253.4,3236.13,N,N,N,N,2024
State,9C,Armed Forces Pacific,Fiasp Flextouch,Insulin Aspart (Niacinamide),3,16,29.3,22411.61,,*,,,,*,,4.6,0,N,N,N,N,2024
National,,National,Fiasp Penfill,Insulin Aspart (Niacinamide),2185,5790,10222.5,4929500.27,2286,,4139,7646.7,3531617.2,,1707,7483.8,166621.96,N,N,N,N,2024
State,01,Alabama,Fiasp Penfill,Insulin Aspart (Niacinamide),29,64,114.2,53714.11,30,,36,60.9,31664.81,#,,112,1283.16,N,N,N,N,2024
State,04,Arizona,Fiasp Penfill,Insulin Aspart (Niacinamide),44,98,200.1,87045.2,40,,78,161.4,66516.38,#,,133.8,3959.17,N,N,N,N,2024
State,05,Arkansas,Fiasp Penfill,Insulin Aspart (Niacinamide),23,51,75.5,35349.14,24,#,,,,#,,145.6,1650.83,N,N,N,N,2024
State,06,California,Fiasp Penfill,Insulin Aspart (Niacinamide),233,579,1032.5,407909.1,245,,452,822.2,331761.65,,187,783.2,13290.3,N,N,N,N,2024
State,08,Colorado,Fiasp Penfill,Insulin Aspart (Niacinamide),29,65,174.7,74014.3,30,,53,141.7,60254.72,#,,69.8,3928.42,N,N,N,N,2024
State,09,Connecticut,Fiasp Penfill,Insulin Aspart (Niacinamide),36,73,176,86163.23,39,,59,138,57988.74,#,,76.4,2482.77,N,N,N,N,2024
State,10,Delaware,Fiasp Penfill,Insulin Aspart (Niacinamide),11,20,35.8,11389.35,11,#,,,,*,,22.4,573,N,N,N,N,2024
State,11,District of Columbia,Fiasp Penfill,Insulin Aspart (Niacinamide),5,29,34.1,12433.66,,*,,,,*,,25,0,N,N,N,N,2024
State,12,Florida,Fiasp Penfill,Insulin Aspart (Niacinamide),124,319,570.8,290715.96,134,,195,357.3,193733.06,,95,463.4,7390.24,N,N,N,N,2024
State,13,Georgia,Fiasp Penfill,Insulin Aspart (Niacinamide),61,138,251.3,148759.97,56,,113,192.9,94601.36,,44,317.6,3347.5,N,N,N,N,2024
State,16,Idaho,Fiasp Penfill,Insulin Aspart (Niacinamide),13,52,58.4,34534.66,13,,13,19.4,8113.21,*,,82.8,408.78,N,N,N,N,2024
State,17,Illinois,Fiasp Penfill,Insulin Aspart (Niacinamide),97,253,524.3,236097.91,105,,193,413.9,181971.78,,81,555.2,7773.16,N,N,N,N,2024
State,18,Indiana,Fiasp Penfill,Insulin Aspart (Niacinamide),51,121,224.1,128227.97,55,,81,151.8,79815.04,,39,137.6,4017.89,N,N,N,N,2024
State,19,Iowa,Fiasp Penfill,Insulin Aspart (Niacinamide),32,88,141.2,72596.81,37,,72,112.5,50764.84,#,,85.6,3005,N,N,N,N,2024
State,20,Kansas,Fiasp Penfill,Insulin Aspart (Niacinamide),36,92,147.2,70085.93,39,,67,106.4,51838.28,#,,148.4,1807.85,N,N,N,N,2024
State,21,Kentucky,Fiasp Penfill,Insulin Aspart (Niacinamide),31,83,105.1,54240.13,30,,39,54.1,28474.68,,17,100.8,1190,N,N,N,N,2024
State,22,Louisiana,Fiasp Penfill,Insulin Aspart (Niacinamide),24,58,97.8,54423.03,26,,47,72.6,35814.55,#,,11.2,2452.57,N,N,N,N,2024
State,23,Maine,Fiasp Penfill,Insulin Aspart (Niacinamide),8,26,37.9,23582.04,,*,,,,*,,55.4,315,N,N,N,N,2024
State,24,Maryland,Fiasp Penfill,Insulin Aspart (Niacinamide),60,136,263.9,111504.99,66,,94,196.1,84905.24,,44,358.2,3000,N,N,N,N,2024
State,25,Massachusetts,Fiasp Penfill,Insulin Aspart (Niacinamide),81,213,406.9,187434.62,86,,164,332.2,148310.66,,69,405.4,6501.5,N,N,N,N,2024
State,26,Michigan,Fiasp Penfill,Insulin Aspart (Niacinamide),46,94,159.8,84098.46,47,,65,121.7,59971.72,,34,94,2770.34,N,N,N,N,2024
State,27,Minnesota,Fiasp Penfill,Insulin Aspart (Niacinamide),63,209,388.7,196291.92,73,,122,254.4,119353.88,,45,369.8,7317.43,N,N,N,N,2024
State,28,Mississippi,Fiasp Penfill,Insulin Aspart (Niacinamide),24,51,78.5,38536.97,26,,23,46.4,18142.52,,15,49.4,740,N,N,N,N,2024
State,29,Missouri,Fiasp Penfill,Insulin Aspart (Niacinamide),52,197,295.9,138901.57,61,,136,214.6,94843.14,,42,221.6,3342.19,N,N,N,N,2024
State,30,Montana,Fiasp Penfill,Insulin Aspart (Niacinamide),15,53,86.4,35028.02,17,,37,65.6,24815.23,#,,143.6,2039.59,N,N,N,N,2024
State,31,Nebraska,Fiasp Penfill,Insulin Aspart (Niacinamide),17,44,78.8,37996.01,17,#,,,,#,,79.2,945,N,N,N,N,2024
State,32,Nevada,Fiasp Penfill,Insulin Aspart (Niacinamide),5,12,28.4,11384.77,,,12,28.4,11384.77,*,,33.6,577.5,N,N,N,N,2024
State,33,New Hampshire,Fiasp Penfill,Insulin Aspart (Niacinamide),17,48,92.6,43924.12,19,,37,78.6,37758.79,#,,18.4,2286.39,N,N,N,N,2024
State,34,New Jersey,Fiasp Penfill,Insulin Aspart (Niacinamide),61,145,249.5,135036.75,59,,115,201.7,103533.78,,47,161.4,4105,N,N,N,N,2024
State,35,New Mexico,Fiasp Penfill,Insulin Aspart (Niacinamide),13,47,80.7,50524.87,13,,23,49.6,27493.55,*,,92.2,1135,N,N,N,N,2024
State,36,New York,Fiasp Penfill,Insulin Aspart (Niacinamide),105,267,478.6,253522.19,118,,204,370.6,187948.89,,92,267.8,6739,N,N,N,N,2024
State,37,North Carolina,Fiasp Penfill,Insulin Aspart (Niacinamide),61,201,328.9,192848.63,67,,147,247.9,137548.84,,50,325.2,6127.78,N,N,N,N,2024
State,38,North Dakota,Fiasp Penfill,Insulin Aspart (Niacinamide),20,47,87.8,30497.62,22,#,,,,#,,15.8,2310,N,N,N,N,2024
State,39,Ohio,Fiasp Penfill,Insulin Aspart (Niacinamide),96,284,428.3,226988.84,98,,189,311.5,162735.26,,72,107.8,6408.3,N,N,N,N,2024
State,40,Oklahoma,Fiasp Penfill,Insulin Aspart (Niacinamide),20,55,82.1,41689.89,24,#,,,,#,,76.4,1880,N,N,N,N,2024
State,41,Oregon,Fiasp Penfill,Insulin Aspart (Niacinamide),35,90,172,70267.22,31,,68,123.9,48735.05,#,,94.8,4346.01,N,N,N,N,2024
State,42,Pennsylvania,Fiasp Penfill,Insulin Aspart (Niacinamide),108,273,490.2,208923.66,118,,232,411.6,174341.6,,101,205.4,9088.56,N,N,N,N,2024
State,44,Rhode Island,Fiasp Penfill,Insulin Aspart (Niacinamide),4,14,14.8,7924.46,,#,,,,*,,0,385,N,N,N,N,2024
State,45,South Carolina,Fiasp Penfill,Insulin Aspart (Niacinamide),27,86,136.3,52148.35,27,,48,83,35053.42,,15,31.6,1217.82,N,N,N,N,2024
State,46,South Dakota,Fiasp Penfill,Insulin Aspart (Niacinamide),9,44,50.6,22913.56,,,23,27,12256.36,*,,0,805,N,N,N,N,2024
State,47,Tennessee,Fiasp Penfill,Insulin Aspart (Niacinamide),45,151,242,126099.52,49,,122,206.3,104107.89,#,,143.6,4720.53,N,N,N,N,2024
State,48,Texas,Fiasp Penfill,Insulin Aspart (Niacinamide),128,335,636.9,320974.13,144,,255,506.3,242840.86,,112,351.6,13144.91,N,N,N,N,2024
State,49,Utah,Fiasp Penfill,Insulin Aspart (Niacinamide),11,26,45.2,25686.9,11,#,,,,*,,9.2,1155,N,N,N,N,2024
State,50,Vermont,Fiasp Penfill,Insulin Aspart (Niacinamide),9,29,35.8,21679.99,,#,,,,*,,34.2,200,N,N,N,N,2024
State,51,Virginia,Fiasp Penfill,Insulin Aspart (Niacinamide),46,111,232.3,88017.9,47,,91,208.2,77827.44,#,,116.4,5508.99,N,N,N,N,2024
State,53,Washington,Fiasp Penfill,Insulin Aspart (Niacinamide),55,165,299.5,147091.9,58,,108,212.7,91105.62,,44,119.2,5915.26,N,N,N,N,2024
State,54,West Virginia,Fiasp Penfill,Insulin Aspart (Niacinamide),7,15,18.4,7734.59,,*,,,,*,,49.4,105,N,N,N,N,2024
State,55,Wisconsin,Fiasp Penfill,Insulin Aspart (Niacinamide),48,117,189,108325.27,44,,47,98.5,60751.06,,24,154.8,2619.22,N,N,N,N,2024
National,,National,Fiasp Pumpcart,Insulin Aspart/B3/Pump Cart,71,204,322.8,280831.27,69,,135,233.8,186569.05,,48,118,4559.62,N,N,N,N,2024
State,06,California,Fiasp Pumpcart,Insulin Aspart/B3/Pump Cart,9,23,55,36896.05,,#,,,,*,,0,950.51,N,N,N,N,2024
State,13,Georgia,Fiasp Pumpcart,Insulin Aspart/B3/Pump Cart,6,27,40.7,30012.92,,,14,27.7,15065.14,*,,0,870,N,N,N,N,2024
State,26,Michigan,Fiasp Pumpcart,Insulin Aspart/B3/Pump Cart,2,13,19.4,21433,,*,,,,*,,0,0,N,N,N,N,2024
State,27,Minnesota,Fiasp Pumpcart,Insulin Aspart/B3/Pump Cart,4,13,19.3,13128.68,,*,,,,*,,0,0,N,N,N,N,2024
State,36,New York,Fiasp Pumpcart,Insulin Aspart/B3/Pump Cart,11,26,41.1,31542.64,11,#,,,,*,,36.8,631,N,N,N,N,2024
State,42,Pennsylvania,Fiasp Pumpcart,Insulin Aspart/B3/Pump Cart,3,11,12.8,9389.26,,,11,12.8,9389.26,*,,0,0,N,N,N,N,2024
State,47,Tennessee,Fiasp Pumpcart,Insulin Aspart/B3/Pump Cart,4,14,16.3,22033,,*,,,,*,,0,0,N,N,N,N,2024
National,,National,Lyumjev,Insulin Lispro-Aabc,3811,17975,34801.6,19924650.16,5446,,13160,26303.6,14389090.87,,4097,17829.85,685057.81,N,N,N,N,2024
State,01,Alabama,Lyumjev,Insulin Lispro-Aabc,91,620,1005.4,670335.9,172,,413,690.5,420201.07,,122,1272.8,20242.91,N,N,N,N,2024
State,04,Arizona,Lyumjev,Insulin Lispro-Aabc,75,305,691.5,326999.82,107,,247,563.9,260690.34,,87,571.41,16814.8,N,N,N,N,2024
State,05,Arkansas,Lyumjev,Insulin Lispro-Aabc,24,187,295,222086.34,48,,113,196.8,142588.77,,28,255.4,5542.24,N,N,N,N,2024
State,06,California,Lyumjev,Insulin Lispro-Aabc,317,1514,2997.6,1562187.1,462,,1257,2564.4,1279875.71,,392,962.23,62673.58,N,N,N,N,2024
State,08,Colorado,Lyumjev,Insulin Lispro-Aabc,55,310,702.9,392113.53,88,,269,615.9,335482.32,,75,287.2,18024.11,N,N,N,N,2024
State,09,Connecticut,Lyumjev,Insulin Lispro-Aabc,76,385,747.2,429878.22,110,,282,539.2,297869.13,,77,204.2,11359.5,N,N,N,N,2024
State,10,Delaware,Lyumjev,Insulin Lispro-Aabc,7,30,78.8,39597.62,,#,,,,*,,54.6,955,N,N,N,N,2024
State,11,District of Columbia,Lyumjev,Insulin Lispro-Aabc,8,23,47.1,17083.05,,#,,,,*,,0,500,N,N,N,N,2024
State,12,Florida,Lyumjev,Insulin Lispro-Aabc,282,1447,3293,2032890.33,516,,1177,2693.6,1592838.71,,420,789.2,62737.97,N,N,N,N,2024
State,13,Georgia,Lyumjev,Insulin Lispro-Aabc,150,716,1458.2,902938.41,231,,546,1113.4,664168,,174,433.4,30228.55,N,N,N,N,2024
State,15,Hawaii,Lyumjev,Insulin Lispro-Aabc,3,13,29.4,13248.84,,,13,29.4,13248.84,*,,0,170,N,N,N,N,2024
State,16,Idaho,Lyumjev,Insulin Lispro-Aabc,17,66,123,60341.37,23,,40,83,40064.85,#,,172.6,2285,N,N,N,N,2024
State,17,Illinois,Lyumjev,Insulin Lispro-Aabc,151,507,859.9,424106.12,165,,381,673.7,323435.71,,126,465.4,17175.77,N,N,N,N,2024
State,18,Indiana,Lyumjev,Insulin Lispro-Aabc,88,424,723.1,441460.78,127,,288,498,288608.13,,84,594.4,14286.58,N,N,N,N,2024
State,19,Iowa,Lyumjev,Insulin Lispro-Aabc,29,98,155.9,70575.79,26,,78,132,61279.22,#,,126,2854.23,N,N,N,N,2024
State,20,Kansas,Lyumjev,Insulin Lispro-Aabc,22,110,183.4,133481.41,32,,92,152.1,103566.12,#,,65.2,3892.81,N,N,N,N,2024
State,21,Kentucky,Lyumjev,Insulin Lispro-Aabc,46,260,436.4,263002.31,68,,161,295.1,170410.69,,47,427.4,9197.57,N,N,N,N,2024
State,22,Louisiana,Lyumjev,Insulin Lispro-Aabc,38,205,363.6,246820.23,55,,158,280.7,189198.55,,40,130.4,7597.92,N,N,N,N,2024
State,23,Maine,Lyumjev,Insulin Lispro-Aabc,19,69,138.2,75225.58,20,,36,82,38381.93,#,,79,2440,N,N,N,N,2024
State,24,Maryland,Lyumjev,Insulin Lispro-Aabc,72,250,587.3,289436.97,91,,191,449.7,217199.98,,69,249.6,9388.67,N,N,N,N,2024
State,25,Massachusetts,Lyumjev,Insulin Lispro-Aabc,114,460,837.9,467996.77,142,,288,561.6,282326.34,,100,1369.12,11495.68,N,N,N,N,2024
State,26,Michigan,Lyumjev,Insulin Lispro-Aabc,143,601,1142.2,566001.36,191,,421,833.7,397605.31,,136,470.4,13409.58,N,N,N,N,2024
State,27,Minnesota,Lyumjev,Insulin Lispro-Aabc,64,170,385.6,205079.16,71,,148,341.9,179334.83,#,,65.8,8871.95,N,N,N,N,2024
State,28,Mississippi,Lyumjev,Insulin Lispro-Aabc,29,164,267.1,175619.93,42,,117,188.9,111190.85,,29,191,5959.77,N,N,N,N,2024
State,29,Missouri,Lyumjev,Insulin Lispro-Aabc,74,316,573.2,337955.17,101,,210,414.7,232869.28,,72,256.8,13372.61,N,N,N,N,2024
State,30,Montana,Lyumjev,Insulin Lispro-Aabc,24,100,194.8,109581.96,25,#,,,,#,,13.8,5338.63,N,N,N,N,2024
State,31,Nebraska,Lyumjev,Insulin Lispro-Aabc,28,123,223.6,116685.58,40,,79,157.5,77099.24,,29,82.2,4827.48,N,N,N,N,2024
State,32,Nevada,Lyumjev,Insulin Lispro-Aabc,22,79,167.1,99743.1,28,,62,126.6,70294.83,#,,67.2,4485,N,N,N,N,2024
State,33,New Hampshire,Lyumjev,Insulin Lispro-Aabc,27,143,337.5,171089.83,47,,107,258.7,127052.4,,34,321.2,8301.72,N,N,N,N,2024
State,34,New Jersey,Lyumjev,Insulin Lispro-Aabc,109,515,1037,561685.89,157,,362,768.9,396982.68,,112,414.8,17283.91,N,N,N,N,2024
State,35,New Mexico,Lyumjev,Insulin Lispro-Aabc,27,123,191.4,117075.01,39,,78,135.9,67573.72,,26,156.8,2787.35,N,N,N,N,2024
State,36,New York,Lyumjev,Insulin Lispro-Aabc,178,737,1496.4,908920.51,226,,521,1084.8,654274.51,,162,629.4,26969.73,N,N,N,N,2024
State,37,North Carolina,Lyumjev,Insulin Lispro-Aabc,129,892,1541.8,956386.16,234,,627,1129.4,642851.9,,173,615.6,33970.76,N,N,N,N,2024
State,38,North Dakota,Lyumjev,Insulin Lispro-Aabc,5,30,64.9,38814.64,,,17,32.2,16518,*,,0,910,N,N,N,N,2024
State,39,Ohio,Lyumjev,Insulin Lispro-Aabc,162,652,1155.2,666285.57,201,,467,855.6,459879.54,,144,603.74,24849.23,N,N,N,N,2024
State,40,Oklahoma,Lyumjev,Insulin Lispro-Aabc,46,270,602.1,361688.86,88,,156,360.4,209813.76,,53,258.2,11532.73,N,N,N,N,2024
State,41,Oregon,Lyumjev,Insulin Lispro-Aabc,61,297,579.3,315115.3,84,,181,368.3,193199.61,,57,627.95,12657.66,N,N,N,N,2024
State,42,Pennsylvania,Lyumjev,Insulin Lispro-Aabc,158,811,1360.9,711263.13,190,,589,1005.7,506939.35,,141,708.2,21461.66,N,N,N,N,2024
State,44,Rhode Island,Lyumjev,Insulin Lispro-Aabc,7,57,75.1,42868,13,,41,52.1,30211.19,*,,4.6,1510,N,N,N,N,2024
State,45,South Carolina,Lyumjev,Insulin Lispro-Aabc,67,368,697.7,386323.87,105,,244,484.1,270119.19,,77,442.4,13760.61,N,N,N,N,2024
State,46,South Dakota,Lyumjev,Insulin Lispro-Aabc,8,30,51,27697.98,,#,,,,*,,56,1085,N,N,N,N,2024
State,47,Tennessee,Lyumjev,Insulin Lispro-Aabc,100,493,884.2,547295.57,153,,329,608,346885.8,,105,538.6,19575.19,N,N,N,N,2024
State,48,Texas,Lyumjev,Insulin Lispro-Aabc,351,1629,3356.4,1958336.58,554,,1235,2604.3,1484648.16,,433,1661.4,71487.59,N,N,N,N,2024
State,49,Utah,Lyumjev,Insulin Lispro-Aabc,28,111,239.6,145316.26,31,,68,175.7,106313.66,#,,182.4,5049.66,N,N,N,N,2024
State,50,Vermont,Lyumjev,Insulin Lispro-Aabc,6,16,38.6,12539.12,,#,,,,*,,0,945,N,N,N,N,2024
State,51,Virginia,Lyumjev,Insulin Lispro-Aabc,93,437,769.3,426837.14,135,,335,598.2,322514.23,,104,243.2,13449.84,N,N,N,N,2024
State,53,Washington,Lyumjev,Insulin Lispro-Aabc,90,367,759.2,374100.22,124,,249,531.9,243450.61,,81,368.8,15836.4,N,N,N,N,2024
State,54,West Virginia,Lyumjev,Insulin Lispro-Aabc,22,133,233.2,139883.49,34,,73,123.6,69836.68,,20,153.4,3393.31,N,N,N,N,2024
State,55,Wisconsin,Lyumjev,Insulin Lispro-Aabc,58,272,530.9,302328.32,76,,213,434.9,236289.23,,64,168,10618.91,N,N,N,N,2024
State,56,Wyoming,Lyumjev,Insulin Lispro-Aabc,4,11,25.7,19157.79,,*,,,,*,,13.8,246.14,N,N,N,N,2024
State,9C,Armed Forces Pacific,Lyumjev,Insulin Lispro-Aabc,1,16,40.6,25691.5,,#,,,,*,,0,875,N,N,N,N,2024
National,,National,Lyumjev Kwikpen U-100,Insulin Lispro-Aabc,12218,73101,132553.1,56005625.43,22647,,58158,108298.1,44320799.64,,18378,73106.31,2235985.45,N,N,N,N,2024
State,01,Alabama,Lyumjev Kwikpen U-100,Insulin Lispro-Aabc,164,1193,2170.6,965777.37,417,,868,1624.8,699340.09,,316,1450.8,36300.96,N,N,N,N,2024
State,02,Alaska,Lyumjev Kwikpen U-100,Insulin Lispro-Aabc,18,63,114.8,45935.16,19,,24,57.8,23693.89,#,,117.2,1563.31,N,N,N,N,2024
State,04,Arizona,Lyumjev Kwikpen U-100,Insulin Lispro-Aabc,192,1026,2141.9,902073.57,379,,914,1929.3,795194.58,,332,1443.6,48588.7,N,N,N,N,2024
State,05,Arkansas,Lyumjev Kwikpen U-100,Insulin Lispro-Aabc,82,765,1193.2,603520.32,208,,589,914.6,447355.78,,160,872.4,23459.98,N,N,N,N,2024
State,06,California,Lyumjev Kwikpen U-100,Insulin Lispro-Aabc,994,5844,11369.8,4456835.22,1911,,4901,9717.4,3689028.99,,1647,6257.51,167004.57,N,N,N,N,2024
State,08,Colorado,Lyumjev Kwikpen U-100,Insulin Lispro-Aabc,128,597,1335.8,569639.72,212,,481,1134.5,495354.02,,184,316.6,28581.79,N,N,N,N,2024
State,09,Connecticut,Lyumjev Kwikpen U-100,Insulin Lispro-Aabc,209,1744,3165.4,1100781.67,563,,1364,2521.8,849122.47,,446,1236.8,38694.99,N,N,N,N,2024
State,10,Delaware,Lyumjev Kwikpen U-100,Insulin Lispro-Aabc,45,335,603.7,226291.16,86,,278,500.2,177247.69,,69,400.8,8086.77,N,N,N,N,2024
State,11,District of Columbia,Lyumjev Kwikpen U-100,Insulin Lispro-Aabc,33,231,331.9,93825.6,63,,167,263.1,73130.01,,50,94.8,2650.78,N,N,N,N,2024
State,12,Florida,Lyumjev Kwikpen U-100,Insulin Lispro-Aabc,872,5630,11146.8,4487434.23,1865,,4836,9712.5,3820013.69,,1623,3598.67,195119.83,N,N,N,N,2024
State,13,Georgia,Lyumjev Kwikpen U-100,Insulin Lispro-Aabc,363,2213,4211,1799887.35,750,,1759,3448.3,1441802.87,,600,2136.4,71838.09,N,N,N,N,2024
State,15,Hawaii,Lyumjev Kwikpen U-100,Insulin Lispro-Aabc,10,55,107.4,28317.19,20,#,,,,#,,42.8,1495.8,N,N,N,N,2024
State,16,Idaho,Lyumjev Kwikpen U-100,Insulin Lispro-Aabc,72,352,654,309106.58,102,,267,502.4,214045.29,,79,696.2,13616.49,N,N,N,N,2024
State,17,Illinois,Lyumjev Kwikpen U-100,Insulin Lispro-Aabc,571,3165,5392.8,2154583.56,999,,2566,4505.3,1753623.11,,827,2278.2,92335.87,N,N,N,N,2024
State,18,Indiana,Lyumjev Kwikpen U-100,Insulin Lispro-Aabc,286,1760,3130.6,1550631.16,549,,1334,2396.4,1120276.88,,428,1363.55,52992.83,N,N,N,N,2024
State,19,Iowa,Lyumjev Kwikpen U-100,Insulin Lispro-Aabc,133,912,1224,429433.77,182,,712,970.9,339440.19,,146,712.8,16854.34,N,N,N,N,2024
State,20,Kansas,Lyumjev Kwikpen U-100,Insulin Lispro-Aabc,106,684,1291.9,643850.64,197,,596,1129.7,547221.93,,169,1147.58,30022.36,N,N,N,N,2024
State,21,Kentucky,Lyumjev Kwikpen U-100,Insulin Lispro-Aabc,149,1231,1861.1,763780.41,299,,987,1522.7,576107.52,,229,1166.6,29939.51,N,N,N,N,2024
State,22,Louisiana,Lyumjev Kwikpen U-100,Insulin Lispro-Aabc,108,655,1091.9,482119.58,218,,519,876.5,364850.76,,167,590.2,19133.12,N,N,N,N,2024
State,23,Maine,Lyumjev Kwikpen U-100,Insulin Lispro-Aabc,51,223,509.1,239392.6,91,,154,360.8,151532.94,,63,335.6,8324.75,N,N,N,N,2024
State,24,Maryland,Lyumjev Kwikpen U-100,Insulin Lispro-Aabc,281,1617,2878.9,1027951.2,477,,1235,2282.8,818889.39,,377,2043.2,36527.46,N,N,N,N,2024
State,25,Massachusetts,Lyumjev Kwikpen U-100,Insulin Lispro-Aabc,272,1248,2434.4,1070390.15,433,,926,1901.2,804222.22,,327,2589.52,37556.2,N,N,N,N,2024
State,26,Michigan,Lyumjev Kwikpen U-100,Insulin Lispro-Aabc,430,2413,3904.5,1570163.08,703,,1860,3039.6,1150038,,536,1943.4,43294.97,N,N,N,N,2024
State,27,Minnesota,Lyumjev Kwikpen U-100,Insulin Lispro-Aabc,300,1196,2322.7,1027525.66,383,,962,1915.1,796310.19,,315,1125.44,47691.83,N,N,N,N,2024
State,28,Mississippi,Lyumjev Kwikpen U-100,Insulin Lispro-Aabc,89,584,1018,474039.61,200,,474,834.1,389460.95,,154,563.6,22355.34,N,N,N,N,2024
State,29,Missouri,Lyumjev Kwikpen U-100,Insulin Lispro-Aabc,188,1244,2040.4,1042454.29,358,,909,1520.4,721400.56,,271,987.02,38831.12,N,N,N,N,2024
State,30,Montana,Lyumjev Kwikpen U-100,Insulin Lispro-Aabc,42,204,390.8,179532.25,66,,158,325.1,144614.41,,55,302.8,8910.55,N,N,N,N,2024
State,31,Nebraska,Lyumjev Kwikpen U-100,Insulin Lispro-Aabc,98,812,1274.5,557400.82,219,,615,982,392215.08,,170,396,27254.48,N,N,N,N,2024
State,32,Nevada,Lyumjev Kwikpen U-100,Insulin Lispro-Aabc,82,622,1141.7,518165.39,202,,542,1026.8,464295.27,,179,693,22752.24,N,N,N,N,2024
State,33,New Hampshire,Lyumjev Kwikpen U-100,Insulin Lispro-Aabc,77,477,974.5,413582.1,165,,419,856.6,359260.94,,136,466,21314.71,N,N,N,N,2024
State,34,New Jersey,Lyumjev Kwikpen U-100,Insulin Lispro-Aabc,414,2442,5003.2,1928845.22,824,,2141,4476.4,1682216.74,,717,1515.4,77242.4,N,N,N,N,2024
State,35,New Mexico,Lyumjev Kwikpen U-100,Insulin Lispro-Aabc,61,302,482.2,209023.65,92,,252,405.4,180136.29,,74,721.8,9148.72,N,N,N,N,2024
State,36,New York,Lyumjev Kwikpen U-100,Insulin Lispro-Aabc,639,3284,5977.6,2449904.04,1025,,2632,4905.4,1949827.88,,850,3461,89177.43,N,N,N,N,2024
State,37,North Carolina,Lyumjev Kwikpen U-100,Insulin Lispro-Aabc,426,2545,4352.2,1996193.26,812,,1862,3326,1452298.07,,603,2789.94,81077.13,N,N,N,N,2024
State,38,North Dakota,Lyumjev Kwikpen U-100,Insulin Lispro-Aabc,41,188,328.2,169293.35,59,,167,296.1,154025.65,#,,379.25,7016.69,N,N,N,N,2024
State,39,Ohio,Lyumjev Kwikpen U-100,Insulin Lispro-Aabc,561,2899,4789.7,2234577.69,901,,2145,3750.3,1642780.7,,690,1937.8,90561.35,N,N,N,N,2024
State,40,Oklahoma,Lyumjev Kwikpen U-100,Insulin Lispro-Aabc,108,698,1378.5,632309.17,241,,539,1062.9,480622.13,,191,972.8,28152.16,N,N,N,N,2024
State,41,Oregon,Lyumjev Kwikpen U-100,Insulin Lispro-Aabc,182,844,1705.5,772889.57,257,,680,1416.1,610427.11,,214,1852.4,34859.76,N,N,N,N,2024
State,42,Pennsylvania,Lyumjev Kwikpen U-100,Insulin Lispro-Aabc,597,3291,5692.7,2274701.3,970,,2491,4424.2,1718240.31,,746,3579.97,84242.72,N,N,N,N,2024
State,44,Rhode Island,Lyumjev Kwikpen U-100,Insulin Lispro-Aabc,57,246,380.8,175605.03,78,,180,293.1,128665.88,,63,313.4,5193.43,N,N,N,N,2024
State,45,South Carolina,Lyumjev Kwikpen U-100,Insulin Lispro-Aabc,201,1115,2222.2,1023795.17,388,,871,1748,743925.5,,302,853.16,40202.57,N,N,N,N,2024
State,46,South Dakota,Lyumjev Kwikpen U-100,Insulin Lispro-Aabc,22,167,267.9,129754.75,41,,137,228.8,107472.83,#,,40.8,6288.69,N,N,N,N,2024
State,47,Tennessee,Lyumjev Kwikpen U-100,Insulin Lispro-Aabc,255,1556,2816.3,1323424.65,531,,1246,2344.5,1092548.12,,424,1917.8,53579.37,N,N,N,N,2024
State,48,Texas,Lyumjev Kwikpen U-100,Insulin Lispro-Aabc,1051,7378,13852.5,5909040.24,2590,,5988,11409.5,4774656.49,,2127,9668.8,239733.07,N,N,N,N,2024
State,49,Utah,Lyumjev Kwikpen U-100,Insulin Lispro-Aabc,72,391,798.9,416204.69,138,,326,692.7,357145.43,,119,141.4,17158.04,N,N,N,N,2024
State,50,Vermont,Lyumjev Kwikpen U-100,Insulin Lispro-Aabc,19,72,155.1,66973.47,19,,59,120.9,55854.05,#,,114.2,2660,N,N,N,N,2024
State,51,Virginia,Lyumjev Kwikpen U-100,Insulin Lispro-Aabc,372,2913,4283.9,1484083.38,752,,2151,3312,1174442.95,,611,2106.19,60560.91,N,N,N,N,2024
State,53,Washington,Lyumjev Kwikpen U-100,Insulin Lispro-Aabc,321,1561,2900.9,1371691.69,466,,1198,2266.5,1054547.83,,358,1359.51,51915.8,N,N,N,N,2024
State,54,West Virginia,Lyumjev Kwikpen U-100,Insulin Lispro-Aabc,75,520,824.3,281948.77,158,,383,598.3,195638.08,,112,682.2,9078.58,N,N,N,N,2024
State,55,Wisconsin,Lyumjev Kwikpen U-100,Insulin Lispro-Aabc,285,1515,2752.4,1356927.03,445,,1183,2218.2,1069230.48,,352,1205,52588.99,N,N,N,N,2024
State,56,Wyoming,Lyumjev Kwikpen U-100,Insulin Lispro-Aabc,7,39,60.2,20168.61,,#,,,,*,,79,1603.9,N,N,N,N,2024
State,72,Puerto Rico,Lyumjev Kwikpen U-100,Insulin Lispro-Aabc,6,26,62.1,21929.36,11,#,,,,*,,45.4,745,N,N,N,N,2024
State,9C,Armed Forces Pacific,Lyumjev Kwikpen U-100,Insulin Lispro-Aabc,1,14,37.7,21919.93,,#,,,,*,,0,105,N,N,N,N,2024
National,,National,Lyumjev Kwikpen U-200,Insulin Lispro-Aabc,1895,8403,15441.4,13672689.08,2432,,6249,11924.7,9832755.07,,1857,7540,228961.72,N,N,N,N,2024
State,01,Alabama,Lyumjev Kwikpen U-200,Insulin Lispro-Aabc,21,93,162.2,121714.98,25,,50,102,64506.74,#,,89.6,1224.37,N,N,N,N,2024
State,02,Alaska,Lyumjev Kwikpen U-200,Insulin Lispro-Aabc,3,13,21.7,15725.47,,*,,,,*,,13.8,113,N,N,N,N,2024
State,04,Arizona,Lyumjev Kwikpen U-200,Insulin Lispro-Aabc,34,122,230.9,189115.74,41,,99,196.3,161975.67,#,,0,5780.05,N,N,N,N,2024
State,05,Arkansas,Lyumjev Kwikpen U-200,Insulin Lispro-Aabc,8,49,75.3,122300.17,18,,34,56.5,61872.2,#,,9.2,1421.73,N,N,N,N,2024
State,06,California,Lyumjev Kwikpen U-200,Insulin Lispro-Aabc,174,790,1415.9,1154005.38,221,,614,1142.6,844565.23,,176,623.2,18935.24,N,N,N,N,2024
State,08,Colorado,Lyumjev Kwikpen U-200,Insulin Lispro-Aabc,16,41,90.2,73445.61,14,#,,,,#,,15.8,1428,N,N,N,N,2024
State,09,Connecticut,Lyumjev Kwikpen U-200,Insulin Lispro-Aabc,58,211,454.3,427212.91,70,,185,405.6,342961.24,#,,893.8,5620.38,N,N,N,N,2024
State,10,Delaware,Lyumjev Kwikpen U-200,Insulin Lispro-Aabc,9,41,88,62396.94,11,#,,,,*,,33.6,770,N,N,N,N,2024
State,11,District of Columbia,Lyumjev Kwikpen U-200,Insulin Lispro-Aabc,6,12,23,13386.72,,*,,,,*,,54,175,N,N,N,N,2024
State,12,Florida,Lyumjev Kwikpen U-200,Insulin Lispro-Aabc,160,700,1382.8,991731.59,221,,588,1166.8,844271.05,,183,173.2,21340.15,N,N,N,N,2024
State,13,Georgia,Lyumjev Kwikpen U-200,Insulin Lispro-Aabc,68,358,741.1,613194.28,126,,257,551,418335.12,,91,480.2,12124.77,N,N,N,N,2024
State,16,Idaho,Lyumjev Kwikpen U-200,Insulin Lispro-Aabc,6,18,41.7,35716.85,,,18,41.7,35716.85,*,,0,1282.51,N,N,N,N,2024
State,17,Illinois,Lyumjev Kwikpen U-200,Insulin Lispro-Aabc,61,172,374.2,325832.78,64,,135,315.2,244148.17,#,,25,7073.39,N,N,N,N,2024
State,18,Indiana,Lyumjev Kwikpen U-200,Insulin Lispro-Aabc,41,205,360.3,484228.96,61,,138,262.4,321452.64,,39,110,5560.89,N,N,N,N,2024
State,19,Iowa,Lyumjev Kwikpen U-200,Insulin Lispro-Aabc,18,92,138.3,144763.44,20,#,,,,#,,29.6,1774.13,N,N,N,N,2024
State,20,Kansas,Lyumjev Kwikpen U-200,Insulin Lispro-Aabc,18,92,147.5,138167.9,20,,61,103.4,81334.79,#,,114.6,2866.11,N,N,N,N,2024
State,21,Kentucky,Lyumjev Kwikpen U-200,Insulin Lispro-Aabc,17,119,182.1,239279.76,29,,103,160.9,213814.46,#,,145.6,3228.05,N,N,N,N,2024
State,22,Louisiana,Lyumjev Kwikpen U-200,Insulin Lispro-Aabc,28,115,166.4,128890.6,27,,74,110.2,85972.46,,15,481.8,1260,N,N,N,N,2024
State,23,Maine,Lyumjev Kwikpen U-200,Insulin Lispro-Aabc,12,51,80.1,90953.44,14,,19,39.5,55391.93,*,,27.6,740,N,N,N,N,2024
State,24,Maryland,Lyumjev Kwikpen U-200,Insulin Lispro-Aabc,41,186,336.5,254462.61,55,,129,245.5,194840.36,,44,359,5168.74,N,N,N,N,2024
State,25,Massachusetts,Lyumjev Kwikpen U-200,Insulin Lispro-Aabc,34,122,204.5,165942.47,32,,87,154.9,141278.57,#,,90.2,3059.83,N,N,N,N,2024
State,26,Michigan,Lyumjev Kwikpen U-200,Insulin Lispro-Aabc,45,128,291.9,256050.76,48,,97,207.4,161016.97,,32,140.2,3176.6,N,N,N,N,2024
State,27,Minnesota,Lyumjev Kwikpen U-200,Insulin Lispro-Aabc,12,48,97.6,85773.09,14,,17,47.6,41204.3,*,,0,1299.71,N,N,N,N,2024
State,28,Mississippi,Lyumjev Kwikpen U-200,Insulin Lispro-Aabc,12,53,65.5,48957.77,14,#,,,,#,,150.2,695,N,N,N,N,2024
State,29,Missouri,Lyumjev Kwikpen U-200,Insulin Lispro-Aabc,34,139,221,197776.37,45,,88,164.6,143360.73,,32,293.4,3996.9,N,N,N,N,2024
State,31,Nebraska,Lyumjev Kwikpen U-200,Insulin Lispro-Aabc,17,128,208,296816.11,33,,74,127.7,143996.63,,21,78.4,2232.66,N,N,N,N,2024
State,32,Nevada,Lyumjev Kwikpen U-200,Insulin Lispro-Aabc,17,94,158.5,136048.44,25,#,,,,#,,63.2,3001.77,N,N,N,N,2024
State,33,New Hampshire,Lyumjev Kwikpen U-200,Insulin Lispro-Aabc,23,176,314.1,301381.19,40,,103,194.6,141699.47,,28,287.2,5557.87,N,N,N,N,2024
State,34,New Jersey,Lyumjev Kwikpen U-200,Insulin Lispro-Aabc,89,458,863.1,530704.59,123,,374,734.8,439058.68,,102,182.2,10542.56,N,N,N,N,2024
State,35,New Mexico,Lyumjev Kwikpen U-200,Insulin Lispro-Aabc,11,66,84.5,108180.84,13,,39,54.7,42009.27,*,,0,850,N,N,N,N,2024
State,36,New York,Lyumjev Kwikpen U-200,Insulin Lispro-Aabc,112,548,945.2,827700.14,138,,390,703,542404.55,,102,259.2,11544.67,N,N,N,N,2024
State,37,North Carolina,Lyumjev Kwikpen U-200,Insulin Lispro-Aabc,63,381,685.1,692956.77,95,,255,495.4,471520.57,,69,293.4,10294.85,N,N,N,N,2024
State,38,North Dakota,Lyumjev Kwikpen U-200,Insulin Lispro-Aabc,3,13,22.8,18078.8,,*,,,,*,,27.6,225,N,N,N,N,2024
State,39,Ohio,Lyumjev Kwikpen U-200,Insulin Lispro-Aabc,66,263,447.9,503820.82,66,,184,337.2,362152,,50,65.2,7813.13,N,N,N,N,2024
State,40,Oklahoma,Lyumjev Kwikpen U-200,Insulin Lispro-Aabc,21,104,185,165415.26,32,,82,143.1,134335.73,#,,44.8,2808.01,N,N,N,N,2024
State,41,Oregon,Lyumjev Kwikpen U-200,Insulin Lispro-Aabc,25,82,154.5,169454.5,24,,47,96.2,58913.08,#,,210.8,1930.68,N,N,N,N,2024
State,42,Pennsylvania,Lyumjev Kwikpen U-200,Insulin Lispro-Aabc,67,247,457.9,437419.35,68,,173,330.5,319232.12,,47,167.8,6557.05,N,N,N,N,2024
State,44,Rhode Island,Lyumjev Kwikpen U-200,Insulin Lispro-Aabc,8,55,93.9,80661.88,17,,38,65.3,47734.79,#,,98.8,640,N,N,N,N,2024
State,45,South Carolina,Lyumjev Kwikpen U-200,Insulin Lispro-Aabc,26,111,149,119699.49,29,,88,117.4,89309.28,#,,39.6,2724.95,N,N,N,N,2024
State,46,South Dakota,Lyumjev Kwikpen U-200,Insulin Lispro-Aabc,2,25,28.6,56819.66,,,13,13.6,34557.38,*,,13.8,70,N,N,N,N,2024
State,47,Tennessee,Lyumjev Kwikpen U-200,Insulin Lispro-Aabc,42,160,328.7,387423.55,53,,119,270.1,274727.87,,39,54,5190.8,N,N,N,N,2024
State,48,Texas,Lyumjev Kwikpen U-200,Insulin Lispro-Aabc,212,958,1863.2,1386447.57,319,,742,1453.9,1076265.33,,250,912,29943.31,N,N,N,N,2024
State,49,Utah,Lyumjev Kwikpen U-200,Insulin Lispro-Aabc,19,59,120.7,126449.17,17,#,,,,#,,70.4,2475.22,N,N,N,N,2024
State,51,Virginia,Lyumjev Kwikpen U-200,Insulin Lispro-Aabc,50,201,357.2,332964.5,62,,149,267.4,196793.22,,46,131,6129.84,N,N,N,N,2024
State,53,Washington,Lyumjev Kwikpen U-200,Insulin Lispro-Aabc,41,151,285.7,337492.45,45,,99,196.7,215094.13,,32,71.8,4335.02,N,N,N,N,2024
State,54,West Virginia,Lyumjev Kwikpen U-200,Insulin Lispro-Aabc,9,20,50.9,36158.99,11,#,,,,*,,49.4,365.38,N,N,N,N,2024
State,55,Wisconsin,Lyumjev Kwikpen U-200,Insulin Lispro-Aabc,26,111,193.5,200440.23,30,,93,158.9,165174.63,#,,54.6,2729.4,N,N,N,N,2024
National,,National,Lyumjev Tempo Pen U-100,Insulin Lispro-Aabc,207,407,741.1,341963.96,211,,317,599,266293.89,,159,403,14727.99,N,N,N,N,2024
State,01,Alabama,Lyumjev Tempo Pen U-100,Insulin Lispro-Aabc,5,16,18,9902.07,,#,,,,*,,11.2,570,N,N,N,N,2024
State,06,California,Lyumjev Tempo Pen U-100,Insulin Lispro-Aabc,23,44,93.1,35229.97,24,#,,,,#,,36.8,1401.9,N,N,N,N,2024
State,12,Florida,Lyumjev Tempo Pen U-100,Insulin Lispro-Aabc,20,29,63,22922.49,19,#,,,,#,,20.4,1265.61,N,N,N,N,2024
State,17,Illinois,Lyumjev Tempo Pen U-100,Insulin Lispro-Aabc,8,14,19.6,5696.24,,#,,,,*,,0,595,N,N,N,N,2024
State,25,Massachusetts,Lyumjev Tempo Pen U-100,Insulin Lispro-Aabc,8,19,44.5,21616.04,,,19,44.5,21616.04,*,,4.6,1055,N,N,N,N,2024
State,34,New Jersey,Lyumjev Tempo Pen U-100,Insulin Lispro-Aabc,9,27,48.1,21157.31,11,#,,,,*,,44.8,964.71,N,N,N,N,2024
State,35,New Mexico,Lyumjev Tempo Pen U-100,Insulin Lispro-Aabc,2,11,11.1,5227.12,,,11,11.1,5227.12,*,,0,420,N,N,N,N,2024
State,36,New York,Lyumjev Tempo Pen U-100,Insulin Lispro-Aabc,14,26,38.7,14143.81,14,#,,,,*,,36.2,483,N,N,N,N,2024
State,37,North Carolina,Lyumjev Tempo Pen U-100,Insulin Lispro-Aabc,9,25,43.6,23197.43,,*,,,,*,,20.4,400,N,N,N,N,2024
State,40,Oklahoma,Lyumjev Tempo Pen U-100,Insulin Lispro-Aabc,6,15,36.3,14831.6,,#,,,,*,,0,504.21,N,N,N,N,2024
State,48,Texas,Lyumjev Tempo Pen U-100,Insulin Lispro-Aabc,21,34,59.3,26711.37,23,#,,,,#,,112,1325,N,N,N,N,2024
State,51,Virginia,Lyumjev Tempo Pen U-100,Insulin Lispro-Aabc,7,12,27.4,16622.82,,*,,,,*,,11.2,725,N,N,N,N,2024
National,,National,Novolog,Insulin Aspart,54373,370286,595360.5,85483458.81,111294,,271676,441322.2,60499888.64,,82547,483055.85,8277010.94,N,N,N,N,2024
State,01,Alabama,Novolog,Insulin Aspart,851,7619,10998.1,1592050.92,2423,,5408,7615.8,1014186.77,,1712,10705.77,131475.01,N,N,N,N,2024
State,02,Alaska,Novolog,Insulin Aspart,89,289,576.3,76996.25,110,,192,419.9,56402.47,,73,644,4402.14,N,N,N,N,2024
State,04,Arizona,Novolog,Insulin Aspart,1160,5610,10146.1,1320216.49,1976,,4287,7972.4,1003340.38,,1519,11454.93,170910.4,N,N,N,N,2024
State,05,Arkansas,Novolog,Insulin Aspart,824,7062,8686.1,1150517.78,1979,,4963,5957.1,707732.78,,1392,10224.49,87707.15,N,N,N,N,2024
State,06,California,Novolog,Insulin Aspart,3720,19889,29053,3552684.11,6452,,15912,23279.8,2723264.82,,5053,23964.7,293686.29,N,N,N,N,2024
State,08,Colorado,Novolog,Insulin Aspart,608,3042,5566.8,768947.97,984,,2176,4049.1,541103.54,,715,4259.58,89735.42,N,N,N,N,2024
State,09,Connecticut,Novolog,Insulin Aspart,514,2876,5288.1,781478.54,973,,2218,4154.3,605016.25,,745,3756.42,59870.26,N,N,N,N,2024
State,10,Delaware,Novolog,Insulin Aspart,116,623,1166,172879.73,234,,459,918.8,134307.15,,175,1233.8,18203.1,N,N,N,N,2024
State,11,District of Columbia,Novolog,Insulin Aspart,70,346,592.5,84664.26,144,,242,417.4,51530.25,,107,336.8,7051.24,N,N,N,N,2024
State,12,Florida,Novolog,Insulin Aspart,5227,36586,64142.2,8681549.17,11223,,28313,49683.6,6447607.44,,8710,23088.41,513590.21,N,N,N,N,2024
State,13,Georgia,Novolog,Insulin Aspart,2200,17342,27793,3858733.55,5171,,12450,20079.5,2706386.5,,3771,27665.08,372868.18,N,N,N,N,2024
State,15,Hawaii,Novolog,Insulin Aspart,98,441,743.7,93667.5,148,,377,645.2,77877.64,,128,341.2,10834.3,N,N,N,N,2024
State,16,Idaho,Novolog,Insulin Aspart,304,1766,2913,428368.49,529,,1376,2306.2,334671.68,,392,2682.74,62517.13,N,N,N,N,2024
State,17,Illinois,Novolog,Insulin Aspart,2156,14427,23112.6,3314052.58,4465,,11048,18080.2,2530786.96,,3368,17486.04,377278.77,N,N,N,N,2024
State,18,Indiana,Novolog,Insulin Aspart,1100,7501,11944.9,1858756.79,2331,,5459,8740.2,1288461.29,,1707,8997.67,195021.57,N,N,N,N,2024
State,19,Iowa,Novolog,Insulin Aspart,755,5112,7017.5,957310.23,1361,,3996,5505.3,710609.83,,1065,6720.68,128396.13,N,N,N,N,2024
State,20,Kansas,Novolog,Insulin Aspart,547,3836,5894.2,885441.46,1053,,2825,4356.6,611129,,779,5040.39,116465.73,N,N,N,N,2024
State,21,Kentucky,Novolog,Insulin Aspart,1056,8503,12411,2060750.13,2390,,5363,8084.2,1244051.89,,1561,16876.45,164696.37,N,N,N,N,2024
State,22,Louisiana,Novolog,Insulin Aspart,1051,9005,12441.5,1731380.57,2485,,6458,8961,1198727.85,,1796,10838.29,160183.72,N,N,N,N,2024
State,23,Maine,Novolog,Insulin Aspart,382,2699,4655.4,674148.33,754,,2101,3562.4,483524.48,,560,4233.48,50867.74,N,N,N,N,2024
State,24,Maryland,Novolog,Insulin Aspart,759,3959,7398.4,1069239.6,1528,,3033,5823.8,839947.61,,1196,7561.77,124284.79,N,N,N,N,2024
State,25,Massachusetts,Novolog,Insulin Aspart,1261,9075,13986.3,1920261.8,2884,,6397,9917.8,1273543.44,,2109,13379.21,148207.1,N,N,N,N,2024
State,26,Michigan,Novolog,Insulin Aspart,2661,16807,29244.2,4064258.27,5366,,11746,20851.8,2777847.1,,3750,21120.36,382706.56,N,N,N,N,2024
State,27,Minnesota,Novolog,Insulin Aspart,749,3814,6769.7,974839.69,1260,,2877,5277.6,734453.79,,955,5029.2,144851,N,N,N,N,2024
State,28,Mississippi,Novolog,Insulin Aspart,890,9033,11894,1594262.68,2463,,6439,8254.4,1021672.4,,1776,6613.52,92965.87,N,N,N,N,2024
State,29,Missouri,Novolog,Insulin Aspart,979,7333,11282.3,1703172.06,2344,,5178,8161.1,1180491.1,,1672,8573.73,192966.29,N,N,N,N,2024
State,30,Montana,Novolog,Insulin Aspart,214,1463,2361.9,314488.31,426,,1071,1807.3,232865.66,,316,2858.8,45440.32,N,N,N,N,2024
State,31,Nebraska,Novolog,Insulin Aspart,387,2664,3813.4,568401.46,682,,2069,2950.5,409941.57,,531,3210.16,79185.37,N,N,N,N,2024
State,32,Nevada,Novolog,Insulin Aspart,317,1856,3656.9,549390.47,612,,1372,2774.4,407900.36,,458,2168.1,52703.52,N,N,N,N,2024
State,33,New Hampshire,Novolog,Insulin Aspart,222,1415,2530.5,383093.21,431,,960,1759.3,237623.56,,306,2926.71,46885.6,N,N,N,N,2024
State,34,New Jersey,Novolog,Insulin Aspart,1070,6685,11738,1642847.24,2175,,5211,9424.7,1286558.3,,1739,6795.89,163270.35,N,N,N,N,2024
State,35,New Mexico,Novolog,Insulin Aspart,376,2083,3094.4,443342.12,664,,1561,2349.3,324065.67,,501,4961.66,50142.74,N,N,N,N,2024
State,36,New York,Novolog,Insulin Aspart,2620,19327,32647.7,5309987.55,5612,,14199,24397.2,3781690.51,,4224,16332.89,372853.59,N,N,N,N,2024
State,37,North Carolina,Novolog,Insulin Aspart,1792,13162,21589.1,3384210.02,3852,,9068,15075.1,2256933.85,,2707,18950.83,379263.55,N,N,N,N,2024
State,38,North Dakota,Novolog,Insulin Aspart,153,848,1228.1,183076.9,236,,679,994.6,143487.27,,188,955.64,28386.02,N,N,N,N,2024
State,39,Ohio,Novolog,Insulin Aspart,1865,13370,19690.5,2819882.53,4126,,9423,13946.6,1889749.43,,2945,14729.98,296500.94,N,N,N,N,2024
State,40,Oklahoma,Novolog,Insulin Aspart,785,5667,7954.3,1119271.03,1699,,3986,5553,753282.3,,1215,7936.41,110147.73,N,N,N,N,2024
State,41,Oregon,Novolog,Insulin Aspart,547,2786,4758.5,664455.96,904,,1933,3422.6,448018.44,,654,6614.56,69552.27,N,N,N,N,2024
State,42,Pennsylvania,Novolog,Insulin Aspart,2623,22120,35890,5298295.58,6418,,16199,26303.4,3715481.04,,4790,28691.03,529390.16,N,N,N,N,2024
State,44,Rhode Island,Novolog,Insulin Aspart,106,551,823.9,116046.86,214,,381,589.8,82358.56,,149,682.68,11830.36,N,N,N,N,2024
State,45,South Carolina,Novolog,Insulin Aspart,860,5053,8828.7,1313983.63,1627,,3347,5985,854329.77,,1107,7265.82,155386.16,N,N,N,N,2024
State,46,South Dakota,Novolog,Insulin Aspart,157,1187,1905.6,268497.96,356,,918,1505.4,200662.08,,279,1735.66,44810.97,N,N,N,N,2024
State,47,Tennessee,Novolog,Insulin Aspart,1860,14961,24682.1,3904674.43,4349,,10243,17149.1,2612800.5,,3020,24902.26,418307.05,N,N,N,N,2024
State,48,Texas,Novolog,Insulin Aspart,3780,22507,36671.2,5179876.43,7541,,17237,28192.2,3886569.92,,5786,38110.26,604690.49,N,N,N,N,2024
State,49,Utah,Novolog,Insulin Aspart,401,2199,3893.4,598346.91,763,,1725,3109.6,467594.91,,584,2766.88,86680.5,N,N,N,N,2024
State,50,Vermont,Novolog,Insulin Aspart,83,449,712.4,108546.9,146,,302,467.1,70291.06,,101,784,9856.58,N,N,N,N,2024
State,51,Virginia,Novolog,Insulin Aspart,1183,8201,13451.1,1948845.8,2438,,5697,9538.9,1335813.18,,1717,15585.22,200485.73,N,N,N,N,2024
State,53,Washington,Novolog,Insulin Aspart,964,5115,9244.5,1348168.3,1731,,3850,7150.7,977466.6,,1300,9069.5,168168.55,N,N,N,N,2024
State,54,West Virginia,Novolog,Insulin Aspart,521,4389,6856,1067003.62,1323,,2977,4574.9,636211.94,,901,6995.92,66795.36,N,N,N,N,2024
State,55,Wisconsin,Novolog,Insulin Aspart,817,4426,7349.6,1038595.54,1447,,3592,6058,809980.27,,1164,4277.08,163978.12,N,N,N,N,2024
State,56,Wyoming,Novolog,Insulin Aspart,103,398,542.5,69870.2,136,,292,414.8,49279.99,,103,609.6,10214.37,N,N,N,N,2024
State,66,Guam,Novolog,Insulin Aspart,3,12,22,1822.52,,#,,,,*,,23,70,N,N,N,N,2024
State,72,Puerto Rico,Novolog,Insulin Aspart,429,2745,3602.8,453376.33,553,,2034,2638.6,314766.5,,410,248.4,8395.07,N,N,N,N,2024
State,78,Virgin Islands,Novolog,Insulin Aspart,4,16,26.8,2306.99,,#,,,,*,,0,690,N,N,N,N,2024
State,9C,Armed Forces Pacific,Novolog,Insulin Aspart,4,36,77.8,12125.06,14,#,,,,#,,38.2,1187,N,N,N,N,2024
National,,National,Novolog Flexpen,Insulin Aspart,164907,1483144,2611052.3,318816941.3,479389,,1148862,2062875.1,244523550.69,,374084,2189445.27,35026055.22,N,N,N,N,2024
State,01,Alabama,Novolog Flexpen,Insulin Aspart,2449,19377,34519,4395429.76,7016,,13171,23926.8,2917955.16,,4828,35766.03,435009.13,N,N,N,N,2024
State,02,Alaska,Novolog Flexpen,Insulin Aspart,334,1934,3481.4,429609.88,658,,1399,2648.3,310849.57,,499,3674.2,26556.28,N,N,N,N,2024
State,04,Arizona,Novolog Flexpen,Insulin Aspart,2905,18352,35157.7,4211375.15,6987,,14812,29097.7,3410893.36,,5631,30756.19,597346.06,N,N,N,N,2024
State,05,Arkansas,Novolog Flexpen,Insulin Aspart,1694,15264,24019.8,3269500.44,4939,,10508,16818.5,2227262.67,,3407,30024,362153.91,N,N,N,N,2024
State,06,California,Novolog Flexpen,Insulin Aspart,11174,76262,129738.7,13476147.34,27495,,61625,106524.7,10788524.58,,22119,120981.46,1094814.43,N,N,N,N,2024
State,08,Colorado,Novolog Flexpen,Insulin Aspart,1860,10576,20188.2,2446451.29,3775,,7989,15782.3,1846137.71,,2912,17633.9,265323.32,N,N,N,N,2024
State,09,Connecticut,Novolog Flexpen,Insulin Aspart,1632,13784,27287.2,3048639.52,4857,,10933,22263.9,2405894.81,,3908,21960.08,270908.42,N,N,N,N,2024
State,10,Delaware,Novolog Flexpen,Insulin Aspart,571,4451,8454.5,1051323.07,1656,,3425,6780.9,808847.03,,1298,7327.02,127699.45,N,N,N,N,2024
State,11,District of Columbia,Novolog Flexpen,Insulin Aspart,285,1664,3158.1,316692.87,718,,1282,2543.8,245464.68,,538,3214.52,34214.66,N,N,N,N,2024
State,12,Florida,Novolog Flexpen,Insulin Aspart,11861,110082,197359.9,22352046.79,36394,,89253,160988,17818927.63,,29413,124573.18,2015774.47,N,N,N,N,2024
State,13,Georgia,Novolog Flexpen,Insulin Aspart,5202,59663,103513.5,12265273.03,18669,,45066,78741.2,9082322.61,,14157,94349.9,1286253.34,N,N,N,N,2024
State,15,Hawaii,Novolog Flexpen,Insulin Aspart,475,3656,8099.7,813420.8,1327,,3226,7242.2,700789.5,,1158,3461.02,103010.65,N,N,N,N,2024
State,16,Idaho,Novolog Flexpen,Insulin Aspart,886,6011,9990.9,1282040.26,2072,,4887,8288.8,1037554.65,,1650,8869.43,190177.65,N,N,N,N,2024
State,17,Illinois,Novolog Flexpen,Insulin Aspart,6307,59801,108894.8,14267041.48,20387,,47861,89417.2,11412714.74,,16442,87351.07,1660721.21,N,N,N,N,2024
State,18,Indiana,Novolog Flexpen,Insulin Aspart,3541,35874,64228,9087309.46,12009,,27715,50578.6,6886786.14,,9313,41645.15,1008458.47,N,N,N,N,2024
State,19,Iowa,Novolog Flexpen,Insulin Aspart,2052,22377,35439.7,4869182.82,6364,,18820,30231.8,4061327.81,,5294,25733.98,747126.13,N,N,N,N,2024
State,20,Kansas,Novolog Flexpen,Insulin Aspart,1995,24737,39580.3,5359031.07,7172,,19736,32070.9,4189747.4,,5682,34756.52,732256.99,N,N,N,N,2024
State,21,Kentucky,Novolog Flexpen,Insulin Aspart,2975,31597,51440.3,7019063.29,10072,,22852,37908.7,4995472.72,,7317,59409.51,715130.69,N,N,N,N,2024
State,22,Louisiana,Novolog Flexpen,Insulin Aspart,2632,29825,48616.9,5371780.85,9190,,22103,36097.5,3942413.89,,6836,34659.98,559868.37,N,N,N,N,2024
State,23,Maine,Novolog Flexpen,Insulin Aspart,1065,7920,14846.1,1912248.14,2581,,5979,11304.7,1374751.94,,1940,15915.98,163049.69,N,N,N,N,2024
State,24,Maryland,Novolog Flexpen,Insulin Aspart,2748,19171,36763.2,4093205.19,7526,,15521,30406.7,3344934.65,,6080,37470.69,555954.21,N,N,N,N,2024
State,25,Massachusetts,Novolog Flexpen,Insulin Aspart,3179,27124,45546.7,5600850.61,9255,,18768,32537.5,3813704.54,,6831,47734.3,458608.6,N,N,N,N,2024
State,26,Michigan,Novolog Flexpen,Insulin Aspart,7317,67419,129948.8,15577614.95,23277,,50690,100851.8,11773869.74,,17708,85226.88,1761314.66,N,N,N,N,2024
State,27,Minnesota,Novolog Flexpen,Insulin Aspart,3744,25895,44940.5,5697409.12,8881,,20384,36462.8,4516696.82,,6938,31139.78,765120.31,N,N,N,N,2024
State,28,Mississippi,Novolog Flexpen,Insulin Aspart,1868,22746,38607.4,4856243.44,7337,,15287,26460.4,3189976.58,,5045,37565.44,426006.56,N,N,N,N,2024
State,29,Missouri,Novolog Flexpen,Insulin Aspart,3518,35271,58062.9,7752831.05,11677,,25862,43423.1,5604136.48,,8613,48926.34,872564.6,N,N,N,N,2024
State,30,Montana,Novolog Flexpen,Insulin Aspart,610,5093,9060.9,1169787.62,1659,,4101,7438.4,927162.69,,1347,8016.32,162230.65,N,N,N,N,2024
State,31,Nebraska,Novolog Flexpen,Insulin Aspart,1171,10338,16292.5,2031550.09,3239,,8618,13743.3,1705218.27,,2674,11099.66,322953.04,N,N,N,N,2024
State,32,Nevada,Novolog Flexpen,Insulin Aspart,1275,9310,18011,2152620.4,3318,,7318,14414.6,1667070.84,,2610,17095.3,243788.52,N,N,N,N,2024
State,33,New Hampshire,Novolog Flexpen,Insulin Aspart,669,5072,8912.1,1224547.63,1733,,3790,6858.7,902761.04,,1298,10964.05,150564.63,N,N,N,N,2024
State,34,New Jersey,Novolog Flexpen,Insulin Aspart,3387,30564,58330.5,6772584.36,10666,,25493,49660.6,5658525.2,,8893,40297.85,818760.82,N,N,N,N,2024
State,35,New Mexico,Novolog Flexpen,Insulin Aspart,1069,6954,11808.2,1364202.95,2595,,5075,8736.3,979117.23,,1891,18282.6,145816.37,N,N,N,N,2024
State,36,New York,Novolog Flexpen,Insulin Aspart,12535,131454,235037.7,26190840.33,37975,,105289,191939.4,20754365.15,,30688,132933.63,1747781.31,N,N,N,N,2024
State,37,North Carolina,Novolog Flexpen,Insulin Aspart,6332,58056,97035.6,11968472.55,18358,,43260,73222,8691885.56,,13863,98444.18,1368008.69,N,N,N,N,2024
State,38,North Dakota,Novolog Flexpen,Insulin Aspart,617,6527,11092,1576418.62,2123,,5499,9524.3,1296079.33,,1762,10593.71,236184.22,N,N,N,N,2024
State,39,Ohio,Novolog Flexpen,Insulin Aspart,6665,59925,97913.8,12411256.09,19833,,45500,76204.2,9373057.5,,15167,74556.18,1495618.67,N,N,N,N,2024
State,40,Oklahoma,Novolog Flexpen,Insulin Aspart,2324,24876,38655,4797964.46,7928,,18461,29044.9,3477007.17,,5846,38433.1,587088.37,N,N,N,N,2024
State,41,Oregon,Novolog Flexpen,Insulin Aspart,1837,10512,18920.2,2305086.14,3790,,8290,15316.4,1817559.5,,2952,21693.22,259535.86,N,N,N,N,2024
State,42,Pennsylvania,Novolog Flexpen,Insulin Aspart,8918,100712,180092.3,22063716.19,31349,,78658,143466.2,17135212.08,,24822,135217.94,2530025.6,N,N,N,N,2024
State,44,Rhode Island,Novolog Flexpen,Insulin Aspart,348,2037,3481.2,395655.07,833,,1574,2754.9,310697.82,,621,3006.4,45781.26,N,N,N,N,2024
State,45,South Carolina,Novolog Flexpen,Insulin Aspart,3194,29287,52425.1,6286576.41,10001,,20949,37991.2,4350590.1,,7236,53322.13,667387.09,N,N,N,N,2024
State,46,South Dakota,Novolog Flexpen,Insulin Aspart,626,6499,10265.6,1422566.98,2090,,5500,8749.5,1153178.62,,1717,9671.07,201371.16,N,N,N,N,2024
State,47,Tennessee,Novolog Flexpen,Insulin Aspart,4226,41531,71875.3,9830686.77,13835,,31546,56182.1,7469677.57,,10686,71917.91,1221277.89,N,N,N,N,2024
State,48,Texas,Novolog Flexpen,Insulin Aspart,10669,80405,149519.3,18053939.45,29913,,62678,118187,14033930.59,,23512,172881.51,2314654.13,N,N,N,N,2024
State,49,Utah,Novolog Flexpen,Insulin Aspart,1103,7978,14713.6,2038616.53,2903,,6624,12666.8,1714047.69,,2433,7779.9,319415.21,N,N,N,N,2024
State,50,Vermont,Novolog Flexpen,Insulin Aspart,352,2031,3659.1,446339.8,752,,1600,3011.2,348511.9,,593,3057.68,50404.3,N,N,N,N,2024
State,51,Virginia,Novolog Flexpen,Insulin Aspart,3719,31845,56888.9,7083591.48,10592,,23592,43191.8,5205697.17,,8005,60075.37,834729.73,N,N,N,N,2024
State,53,Washington,Novolog Flexpen,Insulin Aspart,3375,19280,36320.9,4587119.9,7143,,15828,30463.1,3780102.46,,5787,29603.07,640844.73,N,N,N,N,2024
State,54,West Virginia,Novolog Flexpen,Insulin Aspart,1752,20795,35175.6,4555396.22,6966,,14905,25569.8,3158708.59,,5044,36782.4,377755.11,N,N,N,N,2024
State,55,Wisconsin,Novolog Flexpen,Insulin Aspart,3274,27864,48224,6629409.09,9346,,22906,40739.7,5410232.69,,7525,30157.66,989019.45,N,N,N,N,2024
State,56,Wyoming,Novolog Flexpen,Insulin Aspart,251,1399,2249.2,236008.79,528,,1189,1952.3,203299.77,,431,2202.62,40835.73,N,N,N,N,2024
State,66,Guam,Novolog Flexpen,Insulin Aspart,8,38,65.5,8432.88,15,#,,,,#,,43.4,1078.38,N,N,N,N,2024
State,69,Northern Mariana Islands,Novolog Flexpen,Insulin Aspart,2,53,53,5217.07,12,#,,,,*,,0,960.7,N,N,N,N,2024
State,72,Puerto Rico,Novolog Flexpen,Insulin Aspart,301,1754,2824.7,351056.01,501,,1289,2135.8,252441.71,,378,796.86,12454.82,N,N,N,N,2024
State,78,Virgin Islands,Novolog Flexpen,Insulin Aspart,7,17,26.6,2963.92,,,17,26.6,2963.92,*,,0,635.8,N,N,N,N,2024
State,9B,Armed Forces Europe,Novolog Flexpen,Insulin Aspart,6,11,29,2325.51,,*,,,,*,,20.4,385,N,N,N,N,2024
State,9C,Armed Forces Pacific,Novolog Flexpen,Insulin Aspart,4,55,130.6,19036.19,28,#,,,,#,,349.6,1756.85,N,N,N,N,2024
State,9D,Unknown,Novolog Flexpen,Insulin Aspart,3,18,45.3,7839.03,,#,,,,*,,4.6,1206.26,N,N,N,N,2024
State,9E,Foreign Country,Novolog Flexpen,Insulin Aspart,8,20,30.7,2667.64,14,*,,,,*,,18.4,217.61,N,N,N,N,2024
National,,National,Novolog Penfill,Insulin Aspart,3524,9353,18631.8,2230481.4,3861,,6866,14227.7,1658001.68,,2870,12520.1,322468.9,N,N,N,N,2024
State,01,Alabama,Novolog Penfill,Insulin Aspart,43,88,195.6,23110.23,47,,59,131,13405.31,,30,377.4,2618.02,N,N,N,N,2024
State,02,Alaska,Novolog Penfill,Insulin Aspart,7,20,38.6,3570.84,,#,,,,*,,29.6,258,N,N,N,N,2024
State,04,Arizona,Novolog Penfill,Insulin Aspart,64,138,315.5,31817.9,56,,119,273.9,29088.69,,45,108,7382.57,N,N,N,N,2024
State,05,Arkansas,Novolog Penfill,Insulin Aspart,26,74,114.8,15563.92,30,,51,69,9035.16,#,,83,1889.61,N,N,N,N,2024
State,06,California,Novolog Penfill,Insulin Aspart,236,603,1268.5,144262.06,260,,470,1040.8,114449.92,,208,510.2,21574.44,N,N,N,N,2024
State,08,Colorado,Novolog Penfill,Insulin Aspart,51,150,312.3,35375.36,67,,99,230.3,26865.82,,48,164.98,5123,N,N,N,N,2024
State,09,Connecticut,Novolog Penfill,Insulin Aspart,42,98,203,21767.08,44,,72,149.7,16422.96,#,,121.2,2691.18,N,N,N,N,2024
State,10,Delaware,Novolog Penfill,Insulin Aspart,14,23,44.5,7038.74,14,#,,,,#,,70.44,727.91,N,N,N,N,2024
State,12,Florida,Novolog Penfill,Insulin Aspart,227,515,1079.2,110967.31,241,,406,881.9,90724.89,,188,450.2,14440.77,N,N,N,N,2024
State,13,Georgia,Novolog Penfill,Insulin Aspart,96,224,439.5,50648.67,98,,173,338.5,36759.2,,75,313.6,6454.52,N,N,N,N,2024
State,15,Hawaii,Novolog Penfill,Insulin Aspart,10,32,57.5,4428.89,,#,,,,*,,0,575.22,N,N,N,N,2024
State,16,Idaho,Novolog Penfill,Insulin Aspart,16,57,89.3,15255.27,17,,32,52.4,9475.27,*,,95.4,1120,N,N,N,N,2024
State,17,Illinois,Novolog Penfill,Insulin Aspart,108,329,638.5,88302.66,128,,246,508.6,69921.41,,98,404.4,11745.13,N,N,N,N,2024
State,18,Indiana,Novolog Penfill,Insulin Aspart,53,125,261.3,29841,59,,97,196.2,20722.71,,42,135,5591.71,N,N,N,N,2024
State,19,Iowa,Novolog Penfill,Insulin Aspart,60,180,322.3,34508.56,60,,156,279.2,28755.16,,49,189.2,8069.08,N,N,N,N,2024
State,20,Kansas,Novolog Penfill,Insulin Aspart,32,148,250.4,34669.62,40,,99,187.4,21884.5,,28,13.8,5294.39,N,N,N,N,2024
State,21,Kentucky,Novolog Penfill,Insulin Aspart,59,135,252.8,37082.99,58,,84,159.6,22077.25,,36,420.8,4517.71,N,N,N,N,2024
State,22,Louisiana,Novolog Penfill,Insulin Aspart,58,171,329.2,48209.49,75,,112,215.7,30402.84,,52,296.6,4508.88,N,N,N,N,2024
State,23,Maine,Novolog Penfill,Insulin Aspart,26,73,127,18786.55,28,#,,,,#,,121.2,2862.67,N,N,N,N,2024
State,24,Maryland,Novolog Penfill,Insulin Aspart,82,191,395.5,31142.25,90,,167,337.4,26777.72,,75,232.4,5708.44,N,N,N,N,2024
State,25,Massachusetts,Novolog Penfill,Insulin Aspart,103,282,530.2,55914.63,126,,198,388.9,36573.75,,90,269,8744.76,N,N,N,N,2024
State,26,Michigan,Novolog Penfill,Insulin Aspart,174,452,937.9,108867.88,196,,310,685.7,75989.21,,135,572.6,13768.97,N,N,N,N,2024
State,27,Minnesota,Novolog Penfill,Insulin Aspart,122,475,957.4,114803.74,152,,324,693.2,81014.98,,100,788.8,16792.61,N,N,N,N,2024
State,28,Mississippi,Novolog Penfill,Insulin Aspart,26,78,142.2,16346.31,31,,34,76.3,9328.52,,15,71.8,1252.32,N,N,N,N,2024
State,29,Missouri,Novolog Penfill,Insulin Aspart,114,233,434.1,51999.98,118,,167,334.1,39876.58,,89,272.3,7585.94,N,N,N,N,2024
State,30,Montana,Novolog Penfill,Insulin Aspart,29,101,227.8,30209.72,39,,79,186.8,23933.13,#,,112,4088.96,N,N,N,N,2024
State,31,Nebraska,Novolog Penfill,Insulin Aspart,19,41,88.9,11655.63,20,#,,,,#,,36.2,2295,N,N,N,N,2024
State,32,Nevada,Novolog Penfill,Insulin Aspart,28,66,126.6,13634.19,26,,47,98.9,10422.41,#,,71.8,2723.52,N,N,N,N,2024
State,33,New Hampshire,Novolog Penfill,Insulin Aspart,28,93,178.1,22549.87,31,,67,136.8,16350.09,#,,276.2,3471.04,N,N,N,N,2024
State,34,New Jersey,Novolog Penfill,Insulin Aspart,70,145,329.8,36222.12,72,,113,259.9,28323.41,,54,126.8,4744.12,N,N,N,N,2024
State,35,New Mexico,Novolog Penfill,Insulin Aspart,18,37,68,6982.39,23,#,,,,#,,92.8,1493.82,N,N,N,N,2024
State,36,New York,Novolog Penfill,Insulin Aspart,235,608,1215.1,137593.95,282,,471,953.5,104978.67,,223,403.4,14072.78,N,N,N,N,2024
State,37,North Carolina,Novolog Penfill,Insulin Aspart,126,297,626.2,88384.1,142,,218,469,69187.06,,107,483,10121.96,N,N,N,N,2024
State,38,North Dakota,Novolog Penfill,Insulin Aspart,12,34,86.2,10189.7,13,#,,,,#,,49.4,2536.75,N,N,N,N,2024
State,39,Ohio,Novolog Penfill,Insulin Aspart,117,273,537,64081.4,126,,185,383.5,42491.78,,83,266,10119.67,N,N,N,N,2024
State,40,Oklahoma,Novolog Penfill,Insulin Aspart,38,104,201.5,29795.52,45,,75,147.6,21381.3,,32,94.2,4140.3,N,N,N,N,2024
State,41,Oregon,Novolog Penfill,Insulin Aspart,52,139,281.7,32941.54,52,,100,218.4,23888.12,,40,157.4,6005.72,N,N,N,N,2024
State,42,Pennsylvania,Novolog Penfill,Insulin Aspart,225,699,1329.8,147698.9,246,,466,931.8,101788.14,,166,1013.2,25602.31,N,N,N,N,2024
State,44,Rhode Island,Novolog Penfill,Insulin Aspart,10,20,35.4,3276.79,,#,,,,*,,81.6,249.97,N,N,N,N,2024
State,45,South Carolina,Novolog Penfill,Insulin Aspart,47,98,178.5,18949.46,50,,64,115.3,12979.42,,36,66.6,3095.39,N,N,N,N,2024
State,46,South Dakota,Novolog Penfill,Insulin Aspart,17,84,119.9,14674.91,20,,32,55,5652.18,*,,36.8,2765,N,N,N,N,2024
State,47,Tennessee,Novolog Penfill,Insulin Aspart,87,207,371.2,52117.65,82,,152,266.5,36195.89,,61,360.58,7156.53,N,N,N,N,2024
State,48,Texas,Novolog Penfill,Insulin Aspart,177,394,820.6,101184.18,197,,304,653.4,81465.45,,157,1266.6,15459.93,N,N,N,N,2024
State,49,Utah,Novolog Penfill,Insulin Aspart,25,79,173.4,29690.54,29,#,,,,#,,59.8,4240.38,N,N,N,N,2024
State,50,Vermont,Novolog Penfill,Insulin Aspart,15,42,97.6,11867.04,18,#,,,,#,,29.6,2134.82,N,N,N,N,2024
State,51,Virginia,Novolog Penfill,Insulin Aspart,68,179,352.1,40202.51,66,,136,276.4,28292.06,,51,291.4,6707.3,N,N,N,N,2024
State,53,Washington,Novolog Penfill,Insulin Aspart,121,373,742.6,88633.96,136,,282,571.7,70813.25,,102,619.6,14257.64,N,N,N,N,2024
State,54,West Virginia,Novolog Penfill,Insulin Aspart,13,31,55.5,4783.52,15,#,,,,*,,44.8,424.2,N,N,N,N,2024
State,55,Wisconsin,Novolog Penfill,Insulin Aspart,91,304,636.5,96631.7,103,,226,511.6,71918.41,,83,346,12908.94,N,N,N,N,2024
National,,National,Insulin Aspart,Insulin Aspart,19806,71564,91990.8,11159257,31685,,54969,70646.3,8189076.3,,24043,67772.17,874455.02,N,N,N,N,2024
State,01,Alabama,Insulin Aspart,Insulin Aspart,304,1657,1873.7,204277.52,681,,1361,1548.8,166328.56,,531,1612.88,16868.63,N,N,N,N,2024
State,02,Alaska,Insulin Aspart,Insulin Aspart,24,67,113,16535,33,,48,87,12552.91,#,,106.6,833.03,N,N,N,N,2024
State,04,Arizona,Insulin Aspart,Insulin Aspart,373,920,1445.5,196128.2,490,,734,1189.9,157426.28,,373,866.2,18818.24,N,N,N,N,2024
State,05,Arkansas,Insulin Aspart,Insulin Aspart,315,2274,2339.4,222059.89,798,,1820,1867.3,171370.08,,621,1692.4,8818.2,N,N,N,N,2024
State,06,California,Insulin Aspart,Insulin Aspart,1401,4416,5500.6,590691.21,2030,,3460,4259.3,438163.86,,1615,3842.87,24164.62,N,N,N,N,2024
State,08,Colorado,Insulin Aspart,Insulin Aspart,232,686,1021.5,109849.3,304,,531,801.5,82359.7,,229,802.23,11442.24,N,N,N,N,2024
State,09,Connecticut,Insulin Aspart,Insulin Aspart,218,696,855.5,94450.46,290,,553,673.3,71588.16,,224,540.6,3918.42,N,N,N,N,2024
State,10,Delaware,Insulin Aspart,Insulin Aspart,41,118,166.4,22856.95,66,,93,136.6,17847.61,,54,300.39,2241.18,N,N,N,N,2024
State,11,District of Columbia,Insulin Aspart,Insulin Aspart,36,76,106.8,9860.33,44,,60,82.2,7276.91,#,,94.8,717.56,N,N,N,N,2024
State,12,Florida,Insulin Aspart,Insulin Aspart,1866,7630,9605.8,1066250.2,3120,,6285,7830.7,839608.06,,2523,6227.97,55456.34,N,N,N,N,2024
State,13,Georgia,Insulin Aspart,Insulin Aspart,608,2475,2877,308155.87,1208,,1981,2304,241945.9,,934,1748.35,22693.39,N,N,N,N,2024
State,15,Hawaii,Insulin Aspart,Insulin Aspart,38,108,168.1,21740.35,55,,94,151.2,18140.19,#,,47.4,379.18,N,N,N,N,2024
State,16,Idaho,Insulin Aspart,Insulin Aspart,127,439,723.8,105117.55,173,,301,507.9,70243.57,,125,1073,13124.43,N,N,N,N,2024
State,17,Illinois,Insulin Aspart,Insulin Aspart,872,3216,4088.6,468473.45,1457,,2553,3275,374641.36,,1138,1655.6,40658.02,N,N,N,N,2024
State,18,Indiana,Insulin Aspart,Insulin Aspart,395,1466,1828.6,219350.96,656,,1067,1349.7,155974.61,,496,874.67,16629.13,N,N,N,N,2024
State,19,Iowa,Insulin Aspart,Insulin Aspart,303,1352,1509.7,159925.41,479,,1091,1224,121657.95,,378,941.97,13514.02,N,N,N,N,2024
State,20,Kansas,Insulin Aspart,Insulin Aspart,178,431,532.5,81262.31,223,,307,387.6,48283.43,,155,439.42,7087.92,N,N,N,N,2024
State,21,Kentucky,Insulin Aspart,Insulin Aspart,459,1865,2536,400375.17,815,,1284,1788.5,266135.65,,565,2997.76,32868.04,N,N,N,N,2024
State,22,Louisiana,Insulin Aspart,Insulin Aspart,302,1138,1273.5,144878.41,517,,881,980.7,113780.32,,376,886.57,10528.55,N,N,N,N,2024
State,23,Maine,Insulin Aspart,Insulin Aspart,136,385,565.2,77058.14,189,,281,383.3,46199.13,,137,536.39,5296.38,N,N,N,N,2024
State,24,Maryland,Insulin Aspart,Insulin Aspart,306,839,1109.5,130197.87,436,,644,838.3,95544.15,,332,1006.02,10966.22,N,N,N,N,2024
State,25,Massachusetts,Insulin Aspart,Insulin Aspart,440,1304,1593.7,188004.6,618,,972,1192.8,131025.87,,454,1878,11598.14,N,N,N,N,2024
State,26,Michigan,Insulin Aspart,Insulin Aspart,682,1856,2426.2,281997.66,1058,,1351,1757.6,199755.5,,760,2095.49,20264.12,N,N,N,N,2024
State,27,Minnesota,Insulin Aspart,Insulin Aspart,401,1471,2227.1,303372.46,554,,1046,1643.9,209832.74,,414,1776.22,37074.84,N,N,N,N,2024
State,28,Mississippi,Insulin Aspart,Insulin Aspart,334,2092,2222.4,208974.21,898,,1616,1711,159723.98,,678,962.99,8782.13,N,N,N,N,2024
State,29,Missouri,Insulin Aspart,Insulin Aspart,482,2220,2760.6,333820.05,918,,1593,2012.8,232810.77,,628,1688.48,16381.87,N,N,N,N,2024
State,30,Montana,Insulin Aspart,Insulin Aspart,68,203,310,40979,95,,153,242.9,30598.31,,72,305.8,6153.99,N,N,N,N,2024
State,31,Nebraska,Insulin Aspart,Insulin Aspart,139,397,481.8,60079.37,179,,312,382.6,46415.53,,138,235.8,9526.29,N,N,N,N,2024
State,32,Nevada,Insulin Aspart,Insulin Aspart,88,182,246.2,31068.17,117,,128,178.8,21667.01,,79,218.8,3046.46,N,N,N,N,2024
State,33,New Hampshire,Insulin Aspart,Insulin Aspart,80,227,314.3,42509.7,109,,174,231,26861.71,,90,484.9,2677.46,N,N,N,N,2024
State,34,New Jersey,Insulin Aspart,Insulin Aspart,500,1482,1736.3,176471.89,746,,1230,1453.8,149783.03,,616,1249.21,11371.89,N,N,N,N,2024
State,35,New Mexico,Insulin Aspart,Insulin Aspart,186,1103,1625.5,242983.48,359,,734,1086.3,146223.49,,249,2429.87,25717.91,N,N,N,N,2024
State,36,New York,Insulin Aspart,Insulin Aspart,1054,3381,4282.6,544440.28,1535,,2629,3292.3,399110.92,,1191,3504.83,30468.78,N,N,N,N,2024
State,37,North Carolina,Insulin Aspart,Insulin Aspart,553,1754,2425.3,354406.15,803,,1417,2010.9,296943,,622,1267.43,41620.38,N,N,N,N,2024
State,38,North Dakota,Insulin Aspart,Insulin Aspart,67,188,246.9,30672.35,89,,142,183.1,22531.91,,68,306.67,4571.58,N,N,N,N,2024
State,39,Ohio,Insulin Aspart,Insulin Aspart,783,2656,3431,437126.99,1276,,1796,2354.8,282921.39,,871,2557.94,33384.32,N,N,N,N,2024
State,40,Oklahoma,Insulin Aspart,Insulin Aspart,209,808,957.7,104032.6,423,,605,728.8,79982.59,,317,345,9140.72,N,N,N,N,2024
State,41,Oregon,Insulin Aspart,Insulin Aspart,321,1169,1819.7,251604.85,452,,887,1395,190154.35,,333,1448.2,13413.79,N,N,N,N,2024
State,42,Pennsylvania,Insulin Aspart,Insulin Aspart,1124,4881,6545.2,874005.87,1970,,3578,4737.5,563401,,1452,3967.28,64415.79,N,N,N,N,2024
State,44,Rhode Island,Insulin Aspart,Insulin Aspart,45,87,101.6,11511.89,47,,61,72.2,7877.63,,34,74.4,649.5,N,N,N,N,2024
State,45,South Carolina,Insulin Aspart,Insulin Aspart,176,450,587.1,73787.81,225,,330,443.9,54797.54,,157,377.6,9955.49,N,N,N,N,2024
State,46,South Dakota,Insulin Aspart,Insulin Aspart,45,158,214.5,25663.64,74,,114,158,19263.39,,49,199.6,4236.15,N,N,N,N,2024
State,47,Tennessee,Insulin Aspart,Insulin Aspart,418,1390,1708.4,194990.95,722,,1016,1228.3,133040.88,,525,1627.4,15763.58,N,N,N,N,2024
State,48,Texas,Insulin Aspart,Insulin Aspart,1387,4298,5531.8,635205.32,2170,,3361,4310.8,488642.1,,1677,4891.71,67017.04,N,N,N,N,2024
State,49,Utah,Insulin Aspart,Insulin Aspart,186,576,1003.9,160172.44,257,,446,811,125589.76,,200,602.7,22329.29,N,N,N,N,2024
State,50,Vermont,Insulin Aspart,Insulin Aspart,44,102,149.7,22142.35,60,,69,100.1,13463.88,,39,130.78,2026.33,N,N,N,N,2024
State,51,Virginia,Insulin Aspart,Insulin Aspart,373,1167,1590.2,200476.86,571,,861,1175.5,141129.43,,410,1668,17322.88,N,N,N,N,2024
State,53,Washington,Insulin Aspart,Insulin Aspart,328,770,1144.9,150641.89,417,,539,818.1,107676.59,,297,1115.8,14144.41,N,N,N,N,2024
State,54,West Virginia,Insulin Aspart,Insulin Aspart,212,1086,1501.1,197895.25,437,,883,1214.2,153473.31,,342,881.98,12545.22,N,N,N,N,2024
State,55,Wisconsin,Insulin Aspart,Insulin Aspart,473,1675,2344.2,298097.62,670,,1382,1894.7,221582.74,,541,971.6,39660.35,N,N,N,N,2024
State,56,Wyoming,Insulin Aspart,Insulin Aspart,34,93,99.3,19276.36,44,,54,59.9,5317.21,,32,81,1102.43,N,N,N,N,2024
State,72,Puerto Rico,Insulin Aspart,Insulin Aspart,34,70,89.6,8784.78,38,,47,65.4,5844.74,,25,121.4,228.15,N,N,N,N,2024
National,,National,Insulin Aspart Flexpen,Insulin Aspart,67871,304493,434963.1,44639829.5,122758,,241508,347130.6,34504156.11,,95232,320737.11,4150500.96,N,N,N,N,2024
State,01,Alabama,Insulin Aspart Flexpen,Insulin Aspart,867,3319,4706.2,505202.98,1490,,2460,3576.2,372040.78,,1075,3216.9,69046.15,N,N,N,N,2024
State,02,Alaska,Insulin Aspart Flexpen,Insulin Aspart,110,291,548.8,61535.45,158,,232,454.3,52950.35,,129,367.2,4591.87,N,N,N,N,2024
State,04,Arizona,Insulin Aspart Flexpen,Insulin Aspart,1011,3018,4883,524301.87,1528,,2344,3896,405765.25,,1164,3439.05,60349.16,N,N,N,N,2024
State,05,Arkansas,Insulin Aspart Flexpen,Insulin Aspart,526,1539,2097,245573.71,860,,1150,1579.8,174721.74,,607,2665.16,27729.65,N,N,N,N,2024
State,06,California,Insulin Aspart Flexpen,Insulin Aspart,4973,21623,30913,2828480.24,8400,,17544,25108.2,2234196.07,,6778,23115.61,122479.29,N,N,N,N,2024
State,08,Colorado,Insulin Aspart Flexpen,Insulin Aspart,759,2545,4252.5,387708.25,1095,,1957,3307.1,289565.68,,827,2655.06,38950.92,N,N,N,N,2024
State,09,Connecticut,Insulin Aspart Flexpen,Insulin Aspart,629,2309,3779.1,375547.15,991,,1737,2890.6,289194.86,,753,2372.64,19495.66,N,N,N,N,2024
State,10,Delaware,Insulin Aspart Flexpen,Insulin Aspart,282,1146,1779.2,181326.22,513,,853,1350.3,130655.45,,379,1772.11,20380.26,N,N,N,N,2024
State,11,District of Columbia,Insulin Aspart Flexpen,Insulin Aspart,106,271,439.4,37390.48,157,,209,344.3,28392.71,,113,414.78,3165.68,N,N,N,N,2024
State,12,Florida,Insulin Aspart Flexpen,Insulin Aspart,5322,32990,44276.5,4074769.29,10956,,28350,37870.3,3397972.57,,9073,27258.83,268811.26,N,N,N,N,2024
State,13,Georgia,Insulin Aspart Flexpen,Insulin Aspart,1883,8397,11247.6,970350.18,4071,,6736,9031,765419.13,,3180,9236.29,122883.01,N,N,N,N,2024
State,15,Hawaii,Insulin Aspart Flexpen,Insulin Aspart,186,609,1086.8,93329.8,326,,528,945.1,78698.24,,275,278,7761.53,N,N,N,N,2024
State,16,Idaho,Insulin Aspart Flexpen,Insulin Aspart,427,2114,3207.5,383261.25,761,,1620,2567.7,302376.55,,610,2438.6,48584.73,N,N,N,N,2024
State,17,Illinois,Insulin Aspart Flexpen,Insulin Aspart,2413,9743,14095.8,1503098,4535,,8041,11782,1237456.9,,3649,8261.77,163683.58,N,N,N,N,2024
State,18,Indiana,Insulin Aspart Flexpen,Insulin Aspart,1324,5621,7708.8,873129.49,2467,,4178,5752,608058.86,,1823,5253.96,74741.84,N,N,N,N,2024
State,19,Iowa,Insulin Aspart Flexpen,Insulin Aspart,902,3708,4834.3,573481.47,1571,,2955,3897.7,448035.66,,1232,3063.19,66523.9,N,N,N,N,2024
State,20,Kansas,Insulin Aspart Flexpen,Insulin Aspart,855,4362,5546.2,637803.36,1747,,3385,4378.1,473580.88,,1350,5778.35,66136.88,N,N,N,N,2024
State,21,Kentucky,Insulin Aspart Flexpen,Insulin Aspart,1490,7421,10619,1261865.33,3015,,5742,8273,944176.73,,2247,10175.81,129396.44,N,N,N,N,2024
State,22,Louisiana,Insulin Aspart Flexpen,Insulin Aspart,886,4410,5399.3,435989.73,1845,,3512,4288.6,341193.35,,1395,3778.5,35030.57,N,N,N,N,2024
State,23,Maine,Insulin Aspart Flexpen,Insulin Aspart,351,978,1653.1,195926.41,546,,689,1174.7,126390.1,,396,1574.46,18621.14,N,N,N,N,2024
State,24,Maryland,Insulin Aspart Flexpen,Insulin Aspart,1066,3934,5968.2,522134.87,1756,,3289,5033.9,434622.26,,1422,5757.39,74840.25,N,N,N,N,2024
State,25,Massachusetts,Insulin Aspart Flexpen,Insulin Aspart,1054,3724,5381.7,545700.76,1683,,2793,4018.5,395709.03,,1228,8067.67,38099.44,N,N,N,N,2024
State,26,Michigan,Insulin Aspart Flexpen,Insulin Aspart,2476,8582,12586.8,1319944.19,4288,,6765,9906.8,1027568.95,,3236,9599.3,124228.77,N,N,N,N,2024
State,27,Minnesota,Insulin Aspart Flexpen,Insulin Aspart,2550,13197,19514.1,2279374.43,4566,,10473,15701,1761362.96,,3585,12373.32,211213.5,N,N,N,N,2024
State,28,Mississippi,Insulin Aspart Flexpen,Insulin Aspart,669,2664,3504.2,332117.14,1312,,1904,2495.8,226220.36,,875,3565.58,31487.33,N,N,N,N,2024
State,29,Missouri,Insulin Aspart Flexpen,Insulin Aspart,1702,10351,14400.8,1607125.4,4129,,7799,11080.1,1210425.27,,3018,9852.76,94864.99,N,N,N,N,2024
State,30,Montana,Insulin Aspart Flexpen,Insulin Aspart,227,725,1050.4,124551.68,366,,572,839.6,99863.28,,293,1292.2,15403.75,N,N,N,N,2024
State,31,Nebraska,Insulin Aspart Flexpen,Insulin Aspart,462,1546,2058.5,207101.64,776,,1253,1677.5,165929.85,,606,1672.16,29456.47,N,N,N,N,2024
State,32,Nevada,Insulin Aspart Flexpen,Insulin Aspart,390,1568,2023.6,168897.35,617,,1260,1629.6,131996.87,,467,2304.61,16469.41,N,N,N,N,2024
State,33,New Hampshire,Insulin Aspart Flexpen,Insulin Aspart,239,741,994.5,104897.66,359,,572,753.7,74341.86,,282,1179.41,10396.58,N,N,N,N,2024
State,34,New Jersey,Insulin Aspart Flexpen,Insulin Aspart,1355,5278,7443.7,696823.58,2235,,4352,6198.5,568585.95,,1829,5095.46,72271.14,N,N,N,N,2024
State,35,New Mexico,Insulin Aspart Flexpen,Insulin Aspart,602,3380,4999.2,574582.91,1252,,2485,3703.8,405778.65,,928,6923.78,57046.97,N,N,N,N,2024
State,36,New York,Insulin Aspart Flexpen,Insulin Aspart,4842,22463,32032.2,2792315.32,8490,,18035,25758.1,2178315.66,,6662,20496.85,170916.4,N,N,N,N,2024
State,37,North Carolina,Insulin Aspart Flexpen,Insulin Aspart,2311,10381,13960.4,1405608.65,4110,,8375,11343.8,1126302.38,,3193,10515.62,183804.83,N,N,N,N,2024
State,38,North Dakota,Insulin Aspart Flexpen,Insulin Aspart,348,1569,2488.9,294038.63,693,,1290,2071.7,241539.31,,563,2196.92,45965.08,N,N,N,N,2024
State,39,Ohio,Insulin Aspart Flexpen,Insulin Aspart,2803,12253,16699.2,1721278.94,5225,,9192,12783.5,1244876.23,,3840,13150.54,161741.18,N,N,N,N,2024
State,40,Oklahoma,Insulin Aspart Flexpen,Insulin Aspart,660,3713,4465.6,404451.76,1670,,2799,3353.7,298747.16,,1236,2774.86,36711.07,N,N,N,N,2024
State,41,Oregon,Insulin Aspart Flexpen,Insulin Aspart,1203,5618,8839.6,1014598.77,2074,,4322,6877.2,754054.98,,1607,4649.99,53075.99,N,N,N,N,2024
State,42,Pennsylvania,Insulin Aspart Flexpen,Insulin Aspart,4369,23221,35337.7,3690846.53,8731,,17644,26905.5,2707034.87,,6584,21542.41,350098.85,N,N,N,N,2024
State,44,Rhode Island,Insulin Aspart Flexpen,Insulin Aspart,116,323,461.6,50791.14,163,,230,345.5,34555.53,,121,285.01,2543.8,N,N,N,N,2024
State,45,South Carolina,Insulin Aspart Flexpen,Insulin Aspart,1055,3732,5054.6,438729.59,1769,,2928,3943.3,332054.48,,1330,4099.08,50174.77,N,N,N,N,2024
State,46,South Dakota,Insulin Aspart Flexpen,Insulin Aspart,228,856,1239.2,150773.66,464,,691,1022.3,121446.91,,378,1228.94,23137.52,N,N,N,N,2024
State,47,Tennessee,Insulin Aspart Flexpen,Insulin Aspart,1324,4621,6077.5,609472.03,2152,,3622,4794.6,457868.26,,1645,6873.6,72776.11,N,N,N,N,2024
State,48,Texas,Insulin Aspart Flexpen,Insulin Aspart,4273,15666,22935.8,2332800.77,7773,,12436,18147.1,1802448.72,,5994,22935.96,264000.19,N,N,N,N,2024
State,49,Utah,Insulin Aspart Flexpen,Insulin Aspart,555,2320,3940.5,584588.39,1000,,1982,3437.4,506504.82,,839,1884.8,91303.62,N,N,N,N,2024
State,50,Vermont,Insulin Aspart Flexpen,Insulin Aspart,194,768,1120.7,103602.44,310,,643,919.4,79900.98,,243,1020.5,10479.59,N,N,N,N,2024
State,51,Virginia,Insulin Aspart Flexpen,Insulin Aspart,1333,5399,7780.6,809826.43,2188,,4019,5791.8,564897.62,,1626,6810.71,83078.48,N,N,N,N,2024
State,53,Washington,Insulin Aspart Flexpen,Insulin Aspart,1193,3652,5693.1,605848.76,1701,,3027,4805.4,495779.47,,1382,2998.12,64971.69,N,N,N,N,2024
State,54,West Virginia,Insulin Aspart Flexpen,Insulin Aspart,751,3955,6055.1,694829.19,1720,,3262,5138,586459.58,,1377,4261.46,59123.44,N,N,N,N,2024
State,55,Wisconsin,Insulin Aspart Flexpen,Insulin Aspart,2052,11312,16987.1,2219944.78,4016,,8811,13525.6,1707111.79,,3177,7728.62,272740.95,N,N,N,N,2024
State,56,Wyoming,Insulin Aspart Flexpen,Insulin Aspart,99,319,430.4,47971.34,138,,246,342.8,34220.41,,112,322.81,7282.78,N,N,N,N,2024
State,72,Puerto Rico,Insulin Aspart Flexpen,Insulin Aspart,58,222,316.2,27263.8,92,,194,279.4,21632.92,,78,115.6,1522.5,N,N,N,N,2024
National,,National,Insulin Aspart Penfill,Insulin Aspart,952,1743,3003.8,322300.66,972,,1282,2317.8,236248.66,,710,1851.3,38891,N,N,N,N,2024
State,01,Alabama,Insulin Aspart Penfill,Insulin Aspart,11,18,27,1502.22,11,#,,,,*,,76.11,213.11,N,N,N,N,2024
State,04,Arizona,Insulin Aspart Penfill,Insulin Aspart,13,17,34.8,4412.67,13,*,,,,*,,31.6,530,N,N,N,N,2024
State,06,California,Insulin Aspart Penfill,Insulin Aspart,74,130,242.7,25514.51,79,,114,218.4,23089.43,,66,151.2,2948.1,N,N,N,N,2024
State,08,Colorado,Insulin Aspart Penfill,Insulin Aspart,19,40,86.9,8906.15,19,#,,,,#,,38.8,1992,N,N,N,N,2024
State,09,Connecticut,Insulin Aspart Penfill,Insulin Aspart,14,19,34.1,3362.56,13,#,,,,#,,0,690,N,N,N,N,2024
State,12,Florida,Insulin Aspart Penfill,Insulin Aspart,61,98,168.7,14480.99,60,,75,136.9,11450.11,,49,114.18,1795.44,N,N,N,N,2024
State,13,Georgia,Insulin Aspart Penfill,Insulin Aspart,22,33,56,4038.66,24,#,,,,#,,54,560,N,N,N,N,2024
State,17,Illinois,Insulin Aspart Penfill,Insulin Aspart,55,79,122,12874.24,55,,67,108.9,11229.99,#,,54.6,1806.59,N,N,N,N,2024
State,18,Indiana,Insulin Aspart Penfill,Insulin Aspart,18,24,31.5,2317.07,19,#,,,,#,,9.2,154.56,N,N,N,N,2024
State,19,Iowa,Insulin Aspart Penfill,Insulin Aspart,19,41,58,6319.9,20,#,,,,#,,20.4,1573.43,N,N,N,N,2024
State,20,Kansas,Insulin Aspart Penfill,Insulin Aspart,11,15,22.6,2208,11,*,,,,*,,0,300.96,N,N,N,N,2024
State,21,Kentucky,Insulin Aspart Penfill,Insulin Aspart,19,35,63.8,10867.07,20,#,,,,#,,11.2,1090.22,N,N,N,N,2024
State,23,Maine,Insulin Aspart Penfill,Insulin Aspart,3,11,11.5,2410.02,,,0,0,0,#,,22.4,0,N,N,N,N,2024
State,24,Maryland,Insulin Aspart Penfill,Insulin Aspart,25,66,92,6742.18,28,,54,70,5471.63,#,,78.4,1019.82,N,N,N,N,2024
State,25,Massachusetts,Insulin Aspart Penfill,Insulin Aspart,22,37,60.8,5591.87,23,,22,39.3,3404.93,#,,61.8,277.29,N,N,N,N,2024
State,26,Michigan,Insulin Aspart Penfill,Insulin Aspart,23,29,62.1,5107.66,22,#,,,,#,,15.8,991.98,N,N,N,N,2024
State,27,Minnesota,Insulin Aspart Penfill,Insulin Aspart,41,88,193.6,22047.72,40,,58,128.2,12016.73,,25,104.8,2352.42,N,N,N,N,2024
State,29,Missouri,Insulin Aspart Penfill,Insulin Aspart,25,48,80.7,9067.24,26,,28,55.5,6472.31,#,,50,1091.76,N,N,N,N,2024
State,34,New Jersey,Insulin Aspart Penfill,Insulin Aspart,23,35,50.5,4996.95,22,,24,35.8,3348.59,#,,27,542.29,N,N,N,N,2024
State,35,New Mexico,Insulin Aspart Penfill,Insulin Aspart,12,45,83,10403.41,18,,31,66,8334.03,#,,25,2201,N,N,N,N,2024
State,36,New York,Insulin Aspart Penfill,Insulin Aspart,111,223,361.3,37809,112,,170,282.5,27119.71,,82,245.75,2672.72,N,N,N,N,2024
State,37,North Carolina,Insulin Aspart Penfill,Insulin Aspart,23,31,68.3,8020.35,23,#,,,,#,,15.8,943.45,N,N,N,N,2024
State,39,Ohio,Insulin Aspart Penfill,Insulin Aspart,20,40,71.9,8391.37,20,,29,60,6485.85,#,,27,1451.51,N,N,N,N,2024
State,40,Oklahoma,Insulin Aspart Penfill,Insulin Aspart,4,12,13.2,1537.47,,*,,,,*,,4.6,315,N,N,N,N,2024
State,41,Oregon,Insulin Aspart Penfill,Insulin Aspart,30,74,126.6,16204.59,30,,46,90.5,7266.87,#,,39.75,852.46,N,N,N,N,2024
State,42,Pennsylvania,Insulin Aspart Penfill,Insulin Aspart,70,133,220.2,23635.67,74,,90,151.7,15191.16,,52,197.71,2067.21,N,N,N,N,2024
State,48,Texas,Insulin Aspart Penfill,Insulin Aspart,44,79,147.6,16344.84,46,,51,99.1,12320.5,,30,114.6,2306.85,N,N,N,N,2024
State,49,Utah,Insulin Aspart Penfill,Insulin Aspart,11,26,45.9,5568.58,12,,26,45.9,5568.58,,12,70,1041.15,N,N,N,N,2024
State,51,Virginia,Insulin Aspart Penfill,Insulin Aspart,10,11,15.1,1021.14,,*,,,,*,,9.2,0,N,N,N,N,2024
State,53,Washington,Insulin Aspart Penfill,Insulin Aspart,21,25,42.8,5294.65,21,#,,,,#,,15.8,880,N,N,N,N,2024
State,55,Wisconsin,Insulin Aspart Penfill,Insulin Aspart,36,97,155.3,19687.65,41,,76,125.7,15700.34,#,,60.6,2418.04,N,N,N,N,2024
National,,National,Humalog,Insulin Lispro,70241,510982,845069.4,98387275.97,149233,,390409,657961.8,73208368.08,,115636,525378.75,11286856.71,N,N,N,N,2024
State,01,Alabama,Humalog,Insulin Lispro,1129,10210,15374.3,1947874.39,2821,,7235,10798.7,1312659.72,,1979,12434.2,221172.74,N,N,N,N,2024
State,02,Alaska,Humalog,Insulin Lispro,91,420,862.5,107049.11,128,,315,696.3,80162.23,,103,670.4,11477.55,N,N,N,N,2024
State,04,Arizona,Humalog,Insulin Lispro,1826,10414,19251,2184280.34,3513,,8029,15127.9,1682180.5,,2737,17283.08,316255.86,N,N,N,N,2024
State,05,Arkansas,Humalog,Insulin Lispro,728,4932,6436,753313.47,1418,,3357,4382,477779,,979,5715.19,70361.57,N,N,N,N,2024
State,06,California,Humalog,Insulin Lispro,9299,61838,118539.9,11265631.88,19927,,52917,102575.3,9565804.24,,17090,61067.97,1580021.3,N,N,N,N,2024
State,08,Colorado,Humalog,Insulin Lispro,1043,7008,15042.6,1687862.59,2274,,5801,12676.3,1373510.62,,1883,7006.53,330085.92,N,N,N,N,2024
State,09,Connecticut,Humalog,Insulin Lispro,803,6148,10428,1264437.15,1873,,4681,8112.4,929833.71,,1443,7422.35,107051.86,N,N,N,N,2024
State,10,Delaware,Humalog,Insulin Lispro,121,663,1318,164208.72,231,,506,1009.5,114870.13,,177,749.73,18473.72,N,N,N,N,2024
State,11,District of Columbia,Humalog,Insulin Lispro,154,754,1353.4,135438.85,270,,573,1068.3,100480.69,,208,1272.4,10919.95,N,N,N,N,2024
State,12,Florida,Humalog,Insulin Lispro,4743,27504,48273.2,5833959.34,9159,,21178,37371.8,4353046.6,,7126,23890.04,650508.91,N,N,N,N,2024
State,13,Georgia,Humalog,Insulin Lispro,2054,14679,24151.6,2945715.26,4541,,11328,18839.3,2248087.22,,3477,18112.71,372092.63,N,N,N,N,2024
State,15,Hawaii,Humalog,Insulin Lispro,186,938,1810.1,162962.41,298,,740,1437.7,120672.41,,243,1100.8,25846.85,N,N,N,N,2024
State,16,Idaho,Humalog,Insulin Lispro,381,2125,3683.7,461141.47,613,,1565,2829,335797.05,,463,4188.47,81412.91,N,N,N,N,2024
State,17,Illinois,Humalog,Insulin Lispro,2594,17390,27374.8,3167642.58,5426,,13797,21975.4,2451300.39,,4287,18911.95,453682.72,N,N,N,N,2024
State,18,Indiana,Humalog,Insulin Lispro,1457,12117,19392.1,2450935.57,3724,,8844,14407.7,1708716.98,,2769,11627.24,269220.15,N,N,N,N,2024
State,19,Iowa,Humalog,Insulin Lispro,737,5462,7664.9,897800.14,1311,,4194,5952.7,677488.33,,1013,5307.48,128021.41,N,N,N,N,2024
State,20,Kansas,Humalog,Insulin Lispro,423,2651,4374.1,562047.83,730,,2126,3550.1,435837.37,,569,3104.44,101460.45,N,N,N,N,2024
State,21,Kentucky,Humalog,Insulin Lispro,1079,7961,11817.2,1721617.97,2414,,5294,8136.4,1102133.67,,1673,12863.72,142037.68,N,N,N,N,2024
State,22,Louisiana,Humalog,Insulin Lispro,844,5858,8046.3,981408.45,1679,,4016,5636.1,656172.88,,1156,5718.55,100547.67,N,N,N,N,2024
State,23,Maine,Humalog,Insulin Lispro,349,2239,3468.8,415126.22,663,,1605,2465.7,269765.82,,496,3132.78,39005.57,N,N,N,N,2024
State,24,Maryland,Humalog,Insulin Lispro,1017,6077,11318.7,1237580.92,2041,,4795,9001.7,941539.99,,1605,11116.94,141698.29,N,N,N,N,2024
State,25,Massachusetts,Humalog,Insulin Lispro,1646,13880,21756.3,2400385.45,4044,,11128,17516.9,1821195.9,,3252,25828.63,267392.86,N,N,N,N,2024
State,26,Michigan,Humalog,Insulin Lispro,2778,15863,27925.2,3325496.59,5389,,11733,21238.2,2436046.66,,4048,18413.16,223282.82,N,N,N,N,2024
State,27,Minnesota,Humalog,Insulin Lispro,841,5372,10141.6,1319860.43,1632,,4414,8495.5,1064740.34,,1353,5771.69,220222.63,N,N,N,N,2024
State,28,Mississippi,Humalog,Insulin Lispro,563,3587,4718.9,554824.82,1121,,2733,3574.8,394026.49,,833,2546.31,52565.16,N,N,N,N,2024
State,29,Missouri,Humalog,Insulin Lispro,1140,8755,14834.1,1944721.8,2689,,6543,11464.5,1454839.4,,2029,8887.57,263139.86,N,N,N,N,2024
State,30,Montana,Humalog,Insulin Lispro,200,1264,2228.5,272118.89,375,,1026,1838.3,219460.94,,307,2388,49044.78,N,N,N,N,2024
State,31,Nebraska,Humalog,Insulin Lispro,413,2964,4650,580433.46,765,,2276,3571.4,426105.1,,584,2735.09,91984.03,N,N,N,N,2024
State,32,Nevada,Humalog,Insulin Lispro,443,2158,3803.6,454642.49,748,,1679,3022.1,355720.94,,584,2756.81,72284.26,N,N,N,N,2024
State,33,New Hampshire,Humalog,Insulin Lispro,285,2316,4388.6,541969.95,707,,1877,3584,429569.45,,569,3668.98,80157.21,N,N,N,N,2024
State,34,New Jersey,Humalog,Insulin Lispro,1814,13493,22989.8,2732213.5,4200,,10502,18239.2,2086080.04,,3336,12130.85,283315.28,N,N,N,N,2024
State,35,New Mexico,Humalog,Insulin Lispro,401,2488,4082.3,512194.81,729,,1830,3115.8,374994.11,,548,4442.88,72937.73,N,N,N,N,2024
State,36,New York,Humalog,Insulin Lispro,2851,18315,31277.3,3973062.77,5763,,14080,24498.1,3002435.16,,4534,18652.77,412303.69,N,N,N,N,2024
State,37,North Carolina,Humalog,Insulin Lispro,2075,14129,23244.9,3045777.53,4251,,9618,15899.3,1971866.37,,2958,16804.44,363377.9,N,N,N,N,2024
State,38,North Dakota,Humalog,Insulin Lispro,124,627,984.4,140772.92,177,,491,774.2,104969.83,,139,1091.4,19225.06,N,N,N,N,2024
State,39,Ohio,Humalog,Insulin Lispro,2471,19029,30049.3,3636893.33,6186,,14100,22851.1,2640266.92,,4677,17068.23,437309.55,N,N,N,N,2024
State,40,Oklahoma,Humalog,Insulin Lispro,724,4333,6616.4,787772.69,1321,,3106,4832,535219.51,,949,4484.52,98605.08,N,N,N,N,2024
State,41,Oregon,Humalog,Insulin Lispro,1134,6608,13146.9,1483873.57,2110,,5228,10606,1168860.98,,1664,11334.6,245934.24,N,N,N,N,2024
State,42,Pennsylvania,Humalog,Insulin Lispro,2536,20306,32061.7,3841453.63,5633,,15551,24646.3,2788691.03,,4358,19509.94,458150.26,N,N,N,N,2024
State,44,Rhode Island,Humalog,Insulin Lispro,316,2226,3307.8,372202.05,637,,1670,2498.6,269926.32,,489,3629.6,42351.4,N,N,N,N,2024
State,45,South Carolina,Humalog,Insulin Lispro,879,5498,10078.6,1314738.43,1728,,4067,7619.5,958784.78,,1290,6738.68,191116.27,N,N,N,N,2024
State,46,South Dakota,Humalog,Insulin Lispro,103,800,1349.9,168089.23,228,,638,1086.7,122029.56,,187,977.8,28675.55,N,N,N,N,2024
State,47,Tennessee,Humalog,Insulin Lispro,1962,12773,20675.9,2854752.05,3966,,7530,12567.1,1615048.04,,2420,19652,237899.22,N,N,N,N,2024
State,48,Texas,Humalog,Insulin Lispro,4917,28328,49358,6028780.18,10257,,22360,39512.7,4745039.9,,8095,38100.39,785388.91,N,N,N,N,2024
State,49,Utah,Humalog,Insulin Lispro,542,2936,5542.1,764595.27,956,,2321,4565.7,629362.06,,774,3103.93,117609.46,N,N,N,N,2024
State,50,Vermont,Humalog,Insulin Lispro,119,664,1229.3,141231.97,219,,532,967.4,102833.22,,174,820.16,15342.73,N,N,N,N,2024
State,51,Virginia,Humalog,Insulin Lispro,1783,12572,21424.8,2653378.03,3880,,9261,16242.4,1903534.7,,2876,14767.04,320349.78,N,N,N,N,2024
State,53,Washington,Humalog,Insulin Lispro,1923,10715,20132.3,2283276.24,3466,,8162,15827.8,1695313.61,,2702,14632.16,364151.65,N,N,N,N,2024
State,54,West Virginia,Humalog,Insulin Lispro,378,2478,3886.1,485072.54,803,,1831,2812.4,312777.76,,568,3334.3,42678.33,N,N,N,N,2024
State,55,Wisconsin,Humalog,Insulin Lispro,1050,6882,12009.2,1539798.71,1974,,5141,9031.4,1103725.93,,1510,5949.45,201328.59,N,N,N,N,2024
State,56,Wyoming,Humalog,Insulin Lispro,118,551,823.3,83067.13,163,,424,665.9,63902.74,,129,909.6,15488.64,N,N,N,N,2024
State,66,Guam,Humalog,Insulin Lispro,5,36,50,4228.51,,,36,50,4228.51,*,,32.2,1317.23,N,N,N,N,2024
State,72,Puerto Rico,Humalog,Insulin Lispro,2623,61480,76061.1,7766972.44,11496,,45485,56478.9,5446641.55,,8746,1439,35884.88,N,N,N,N,2024
State,78,Virgin Islands,Humalog,Insulin Lispro,13,68,93,13486.47,16,#,,,,#,,0,2661.74,N,N,N,N,2024
State,9B,Armed Forces Europe,Humalog,Insulin Lispro,4,20,40.8,3406.7,,#,,,,*,,22.4,939.86,N,N,N,N,2024
State,9C,Armed Forces Pacific,Humalog,Insulin Lispro,4,20,40.2,7966.52,,*,,,,*,,0,315,N,N,N,N,2024
State,9E,Foreign Country,Humalog,Insulin Lispro,3,55,81,5329.55,27,#,,,,#,,57.2,769.36,N,N,N,N,2024
National,,National,Humalog Junior Kwikpen,Insulin Lispro,5966,17075,34009.2,3062573.67,6562,,13760,27856.8,2441504.35,,5309,18805.97,459115.91,N,N,N,N,2024
State,01,Alabama,Humalog Junior Kwikpen,Insulin Lispro,52,115,217.7,23263.75,54,,99,187.5,21384.53,#,,226.8,2838.52,N,N,N,N,2024
State,02,Alaska,Humalog Junior Kwikpen,Insulin Lispro,9,12,34.7,2360.56,,,12,34.7,2360.56,*,,15.8,117.23,N,N,N,N,2024
State,04,Arizona,Humalog Junior Kwikpen,Insulin Lispro,134,367,824.6,71634.03,141,,299,687.4,56605.61,,115,266,13683.96,N,N,N,N,2024
State,05,Arkansas,Humalog Junior Kwikpen,Insulin Lispro,25,42,84.9,9313,23,#,,,,#,,13.8,1964.26,N,N,N,N,2024
State,06,California,Humalog Junior Kwikpen,Insulin Lispro,772,2167,4748.5,416146.23,916,,1929,4278,371408.56,,806,3184.13,64529.92,N,N,N,N,2024
State,08,Colorado,Humalog Junior Kwikpen,Insulin Lispro,73,305,691,65279.38,124,,255,589.8,54892.27,,105,397.62,15292.25,N,N,N,N,2024
State,09,Connecticut,Humalog Junior Kwikpen,Insulin Lispro,93,249,600.5,47608.6,104,,173,441,32693.1,,77,206.05,6914.31,N,N,N,N,2024
State,10,Delaware,Humalog Junior Kwikpen,Insulin Lispro,22,51,83.9,7161.98,24,,37,56.2,4313.24,#,,58.6,985.01,N,N,N,N,2024
State,11,District of Columbia,Humalog Junior Kwikpen,Insulin Lispro,22,45,107.7,11335.43,22,#,,,,#,,9.2,1159.47,N,N,N,N,2024
State,12,Florida,Humalog Junior Kwikpen,Insulin Lispro,419,1033,2073.2,188256.41,435,,830,1711.2,153839.6,,360,764.4,23070.13,N,N,N,N,2024
State,13,Georgia,Humalog Junior Kwikpen,Insulin Lispro,112,272,526.2,45180.39,114,,226,425.2,37357.95,,88,309.2,6818.2,N,N,N,N,2024
State,15,Hawaii,Humalog Junior Kwikpen,Insulin Lispro,13,34,72.4,5490.28,13,#,,,,*,,22.4,140,N,N,N,N,2024
State,16,Idaho,Humalog Junior Kwikpen,Insulin Lispro,22,46,103.4,10613.28,23,#,,,,#,,103.6,1786.24,N,N,N,N,2024
State,17,Illinois,Humalog Junior Kwikpen,Insulin Lispro,192,525,989.8,85915.89,212,,426,810.3,69671.47,,171,579.4,15323.94,N,N,N,N,2024
State,18,Indiana,Humalog Junior Kwikpen,Insulin Lispro,125,297,580.1,59655,127,,236,470.4,45099.86,,102,319.43,6251.57,N,N,N,N,2024
State,19,Iowa,Humalog Junior Kwikpen,Insulin Lispro,40,146,269,24558.1,46,,122,232.3,20600.84,#,,38.2,5347.86,N,N,N,N,2024
State,20,Kansas,Humalog Junior Kwikpen,Insulin Lispro,31,78,165.6,16432.28,30,,57,120.6,12896.55,#,,83,3350.93,N,N,N,N,2024
State,21,Kentucky,Humalog Junior Kwikpen,Insulin Lispro,76,143,231.8,21814.12,79,,113,179.8,17419.72,,60,317.52,3162.79,N,N,N,N,2024
State,22,Louisiana,Humalog Junior Kwikpen,Insulin Lispro,28,82,174.4,17896.78,29,,59,114.9,13761.59,#,,13.8,2548,N,N,N,N,2024
State,23,Maine,Humalog Junior Kwikpen,Insulin Lispro,33,118,249.9,22272.79,42,,96,192.7,16719.32,#,,378,4517.43,N,N,N,N,2024
State,24,Maryland,Humalog Junior Kwikpen,Insulin Lispro,136,461,798.6,58421.39,144,,390,684.1,49184.39,,120,367.8,8546.11,N,N,N,N,2024
State,25,Massachusetts,Humalog Junior Kwikpen,Insulin Lispro,189,598,1156.4,99740.33,221,,442,891.7,75691.78,,169,983.8,17708.42,N,N,N,N,2024
State,26,Michigan,Humalog Junior Kwikpen,Insulin Lispro,214,612,1292.9,112487.1,242,,505,1103.1,95113,,197,483.25,10446.39,N,N,N,N,2024
State,27,Minnesota,Humalog Junior Kwikpen,Insulin Lispro,95,282,609.3,51224.98,106,,242,529.6,43748.56,,90,246.8,11173.71,N,N,N,N,2024
State,28,Mississippi,Humalog Junior Kwikpen,Insulin Lispro,14,23,51.9,6890.76,14,#,,,,*,,13.8,540.06,N,N,N,N,2024
State,29,Missouri,Humalog Junior Kwikpen,Insulin Lispro,88,234,471.2,44254.77,95,,187,381.1,34657.3,,72,269.3,7738.5,N,N,N,N,2024
State,30,Montana,Humalog Junior Kwikpen,Insulin Lispro,14,29,67.1,4897.69,16,#,,,,#,,22.4,1344.21,N,N,N,N,2024
State,31,Nebraska,Humalog Junior Kwikpen,Insulin Lispro,23,79,149.8,12708.28,26,,51,103.5,7979.78,#,,52,2300.48,N,N,N,N,2024
State,32,Nevada,Humalog Junior Kwikpen,Insulin Lispro,58,136,258.9,23885.71,59,,116,226.1,20726.97,,44,92.2,5674.56,N,N,N,N,2024
State,33,New Hampshire,Humalog Junior Kwikpen,Insulin Lispro,39,140,291.6,25488.93,51,,111,229,20733.17,#,,290.2,4953.83,N,N,N,N,2024
State,34,New Jersey,Humalog Junior Kwikpen,Insulin Lispro,221,663,1439.6,121869.26,237,,529,1199.6,97476.84,,196,613.4,18188.66,N,N,N,N,2024
State,35,New Mexico,Humalog Junior Kwikpen,Insulin Lispro,46,105,225.7,20716.49,46,,84,185.8,16538.12,#,,241,3313,N,N,N,N,2024
State,36,New York,Humalog Junior Kwikpen,Insulin Lispro,382,1032,1965.5,166922.17,403,,879,1656.3,138713.26,,334,1054.44,24470.17,N,N,N,N,2024
State,37,North Carolina,Humalog Junior Kwikpen,Insulin Lispro,148,426,771.3,69217.05,153,,306,556,43401.9,,110,677.06,11316.25,N,N,N,N,2024
State,38,North Dakota,Humalog Junior Kwikpen,Insulin Lispro,13,44,60,9005.39,11,#,,,,*,,27,1075,N,N,N,N,2024
State,39,Ohio,Humalog Junior Kwikpen,Insulin Lispro,241,610,1229.6,115754.45,266,,508,1061.9,98474.78,,221,662.86,17626.12,N,N,N,N,2024
State,40,Oklahoma,Humalog Junior Kwikpen,Insulin Lispro,48,115,256.8,23025.31,52,,86,207.7,19129.55,,40,281.8,5066.05,N,N,N,N,2024
State,41,Oregon,Humalog Junior Kwikpen,Insulin Lispro,98,311,685.1,54378.71,125,,286,640.7,50106.44,,113,272.6,14320.31,N,N,N,N,2024
State,42,Pennsylvania,Humalog Junior Kwikpen,Insulin Lispro,249,683,1332,112712.32,264,,537,1027.2,85281.45,,193,840.2,19972.82,N,N,N,N,2024
State,44,Rhode Island,Humalog Junior Kwikpen,Insulin Lispro,27,65,126.6,8764.95,25,,50,99,6691.89,#,,84.2,1777.62,N,N,N,N,2024
State,45,South Carolina,Humalog Junior Kwikpen,Insulin Lispro,71,180,330,33331.19,71,,129,240.3,22028.08,,54,319.97,3453.92,N,N,N,N,2024
State,46,South Dakota,Humalog Junior Kwikpen,Insulin Lispro,8,17,27.9,2549.39,,#,,,,*,,38.2,70,N,N,N,N,2024
State,47,Tennessee,Humalog Junior Kwikpen,Insulin Lispro,96,250,478.7,48970.74,107,,178,341.8,32330.61,,76,245.6,7422.76,N,N,N,N,2024
State,48,Texas,Humalog Junior Kwikpen,Insulin Lispro,453,1122,2104.5,202255.87,473,,886,1658.3,151203.66,,386,1469.62,30428.57,N,N,N,N,2024
State,49,Utah,Humalog Junior Kwikpen,Insulin Lispro,30,55,118,9395.93,30,,42,90.7,6761.21,#,,139.6,2124.21,N,N,N,N,2024
State,50,Vermont,Humalog Junior Kwikpen,Insulin Lispro,12,32,83.3,6184.16,15,#,,,,#,,38.8,1164.81,N,N,N,N,2024
State,51,Virginia,Humalog Junior Kwikpen,Insulin Lispro,155,478,911.6,71214.09,191,,386,744.8,57679.91,,156,259.42,15132.37,N,N,N,N,2024
State,53,Washington,Humalog Junior Kwikpen,Insulin Lispro,187,560,1159.4,97083.15,214,,423,892.6,68634.3,,168,913.4,17824.8,N,N,N,N,2024
State,54,West Virginia,Humalog Junior Kwikpen,Insulin Lispro,30,76,158.4,14232.19,30,,51,99.6,9500.09,#,,114.6,1506.18,N,N,N,N,2024
State,55,Wisconsin,Humalog Junior Kwikpen,Insulin Lispro,107,360,681.7,55984.89,122,,283,542,43787.74,,91,371.4,11113.17,N,N,N,N,2024
State,72,Puerto Rico,Humalog Junior Kwikpen,Insulin Lispro,174,1150,1840.5,221405.02,262,,829,1357.8,155454.46,,199,10,395.83,N,N,N,N,2024
National,,National,Humalog Kwikpen U-100,Insulin Lispro,166347,1391614,2551147.9,334212049.83,446965,,1101659,2068362.5,264237199.27,,355759,1685007.19,33811751.22,N,N,N,N,2024
State,01,Alabama,Humalog Kwikpen U-100,Insulin Lispro,2618,26900,46539.5,6237682.54,8532,,19959,35107.7,4586122.53,,6306,34826.2,673887.63,N,N,N,N,2024
State,02,Alaska,Humalog Kwikpen U-100,Insulin Lispro,248,1277,2666.9,333318.87,483,,1076,2331.1,289916.15,,406,2053.67,27730.73,N,N,N,N,2024
State,04,Arizona,Humalog Kwikpen U-100,Insulin Lispro,3284,21844,44941.7,5672023.4,8412,,17430,36916.1,4586233.23,,6792,32866.55,693877.72,N,N,N,N,2024
State,05,Arkansas,Humalog Kwikpen U-100,Insulin Lispro,1475,10679,17097.4,2668119.03,3537,,6995,11577.5,1734302.25,,2360,18597.14,232808.48,N,N,N,N,2024
State,06,California,Humalog Kwikpen U-100,Insulin Lispro,17377,141230,271866.5,32133234.35,46459,,119349,233246.3,27134943.73,,39400,188068.74,3002024.1,N,N,N,N,2024
State,08,Colorado,Humalog Kwikpen U-100,Insulin Lispro,2156,11935,25959.5,3379724.08,4521,,9456,21106.2,2711277.24,,3605,14915.92,428483.33,N,N,N,N,2024
State,09,Connecticut,Humalog Kwikpen U-100,Insulin Lispro,1951,18331,37355.7,4529252.1,6194,,14729,30616.3,3607812.13,,4998,24147.03,368826.99,N,N,N,N,2024
State,10,Delaware,Humalog Kwikpen U-100,Insulin Lispro,483,3630,7676.9,959481.08,1346,,2926,6367.7,799665.74,,1092,5923.4,107749.79,N,N,N,N,2024
State,11,District of Columbia,Humalog Kwikpen U-100,Insulin Lispro,454,2764,5647.2,613543.89,1027,,1992,4255.8,439473.63,,770,3861,40665.29,N,N,N,N,2024
State,12,Florida,Humalog Kwikpen U-100,Insulin Lispro,10445,80400,149497.4,18495940.43,27463,,65525,123278.8,14886775.62,,22344,73180.46,1909661.46,N,N,N,N,2024
State,13,Georgia,Humalog Kwikpen U-100,Insulin Lispro,4309,37763,67554.3,8601368.76,12530,,29508,53676.1,6712234.22,,9749,42401.15,858993.31,N,N,N,N,2024
State,15,Hawaii,Humalog Kwikpen U-100,Insulin Lispro,464,2634,5938.4,661967.2,948,,2033,4679.4,504154.14,,726,3898.22,59129.18,N,N,N,N,2024
State,16,Idaho,Humalog Kwikpen U-100,Insulin Lispro,884,5515,9797.3,1358216.13,1930,,4420,8043.3,1081846.39,,1539,9699.39,187715.25,N,N,N,N,2024
State,17,Illinois,Humalog Kwikpen U-100,Insulin Lispro,6513,60754,109796.9,15013913.86,19858,,49957,91900.9,12278172.98,,16279,70992.42,1805439.65,N,N,N,N,2024
State,18,Indiana,Humalog Kwikpen U-100,Insulin Lispro,3940,42188,79172.2,12038889.15,14010,,32237,62430.3,9126495.97,,10760,38060.51,1020227.59,N,N,N,N,2024
State,19,Iowa,Humalog Kwikpen U-100,Insulin Lispro,1817,17403,28042.6,4181031.84,4786,,14283,23324.7,3373914.47,,3878,15242.09,534258.45,N,N,N,N,2024
State,20,Kansas,Humalog Kwikpen U-100,Insulin Lispro,1456,12862,21981.1,3336476.88,3822,,10595,18440.5,2746730.12,,3095,13308.6,439211.56,N,N,N,N,2024
State,21,Kentucky,Humalog Kwikpen U-100,Insulin Lispro,2723,24016,40319.2,6008307.64,7998,,17074,30104.3,4313380.39,,5838,39948.06,479085.13,N,N,N,N,2024
State,22,Louisiana,Humalog Kwikpen U-100,Insulin Lispro,1904,14383,22912.4,2668683.2,4615,,10403,16888.4,1908887.78,,3323,13892.62,237818.25,N,N,N,N,2024
State,23,Maine,Humalog Kwikpen U-100,Insulin Lispro,802,4241,8131.6,1185897.6,1551,,3139,6120.1,858020.81,,1152,5641.08,90454.49,N,N,N,N,2024
State,24,Maryland,Humalog Kwikpen U-100,Insulin Lispro,2720,19910,38219.2,4468159.54,6863,,15825,31139.4,3568168.55,,5462,32213.5,454436.74,N,N,N,N,2024
State,25,Massachusetts,Humalog Kwikpen U-100,Insulin Lispro,3619,29090,54133.3,6909252.66,9570,,22957,43699.6,5461457.99,,7539,66263.24,621530.74,N,N,N,N,2024
State,26,Michigan,Humalog Kwikpen U-100,Insulin Lispro,6904,56108,110174,14001017.99,19102,,44821,91187.3,11387058.22,,15288,49594.81,759458.01,N,N,N,N,2024
State,27,Minnesota,Humalog Kwikpen U-100,Insulin Lispro,3612,29850,52187.9,7058331.7,8514,,25640,45469.2,6019493.32,,7249,31471.37,935922.34,N,N,N,N,2024
State,28,Mississippi,Humalog Kwikpen U-100,Insulin Lispro,1129,6989,12122.4,1674614.17,2465,,4852,8625.6,1168464.92,,1705,10527.59,152631.27,N,N,N,N,2024
State,29,Missouri,Humalog Kwikpen U-100,Insulin Lispro,3606,34779,62043.1,8992781.23,11427,,26128,48278.8,6781897.87,,8668,36187.91,921411.31,N,N,N,N,2024
State,30,Montana,Humalog Kwikpen U-100,Insulin Lispro,539,3971,6956,928821.23,1266,,3277,5858.1,777041.38,,1035,5533.62,137144.47,N,N,N,N,2024
State,31,Nebraska,Humalog Kwikpen U-100,Insulin Lispro,1172,10453,17205.4,2277205.39,3013,,8220,13857,1788636.05,,2390,9125.09,306348.3,N,N,N,N,2024
State,32,Nevada,Humalog Kwikpen U-100,Insulin Lispro,1218,8521,16034.3,2106593.51,3103,,6925,13420.7,1742752.06,,2565,14384.81,257609.59,N,N,N,N,2024
State,33,New Hampshire,Humalog Kwikpen U-100,Insulin Lispro,767,5819,11381.9,1635510.13,2008,,4655,9396.5,1304469.59,,1607,10910.07,209478.18,N,N,N,N,2024
State,34,New Jersey,Humalog Kwikpen U-100,Insulin Lispro,4244,46616,91701,11265863.52,15067,,38635,77928.2,9391572.51,,12628,49618.76,1190799.05,N,N,N,N,2024
State,35,New Mexico,Humalog Kwikpen U-100,Insulin Lispro,1001,6675,12300.3,1581546.95,2394,,5119,9768.7,1212197.71,,1882,14759.47,195824.93,N,N,N,N,2024
State,36,New York,Humalog Kwikpen U-100,Insulin Lispro,9182,70470,129144.8,16264125.39,22871,,56919,106511.9,13130655.08,,18620,74850.37,1443916.51,N,N,N,N,2024
State,37,North Carolina,Humalog Kwikpen U-100,Insulin Lispro,6366,53142,89182.5,11399097.14,16919,,39348,66922,8280342.77,,12566,67358.24,1209533.81,N,N,N,N,2024
State,38,North Dakota,Humalog Kwikpen U-100,Insulin Lispro,511,4739,7739.9,1152391.23,1297,,4060,6670.8,956047.83,,1090,6061.21,163637.23,N,N,N,N,2024
State,39,Ohio,Humalog Kwikpen U-100,Insulin Lispro,7175,70455,119864.3,15953164.49,22836,,54672,96032.6,12502603.4,,17872,61890.3,1580482.68,N,N,N,N,2024
State,40,Oklahoma,Humalog Kwikpen U-100,Insulin Lispro,1916,14779,25091.3,3329858.07,4888,,10585,18542.6,2388203.07,,3554,17771.25,353329.59,N,N,N,N,2024
State,41,Oregon,Humalog Kwikpen U-100,Insulin Lispro,2469,16847,32663.3,4440619.47,5519,,13803,27508.3,3621925.87,,4519,30322.67,518634.85,N,N,N,N,2024
State,42,Pennsylvania,Humalog Kwikpen U-100,Insulin Lispro,7532,74105,130770.3,17034039.43,22351,,57943,104338.1,13200354.92,,17490,86421.6,1766831.61,N,N,N,N,2024
State,44,Rhode Island,Humalog Kwikpen U-100,Insulin Lispro,693,5936,9996.7,1214423.96,1841,,4771,8144,965577.12,,1499,9100.03,122323.61,N,N,N,N,2024
State,45,South Carolina,Humalog Kwikpen U-100,Insulin Lispro,2969,25601,45555.8,5886150.29,8419,,19417,35056.4,4375253.65,,6357,30947.28,655573.88,N,N,N,N,2024
State,46,South Dakota,Humalog Kwikpen U-100,Insulin Lispro,379,3191,5134.4,747732.83,938,,2730,4436.6,632387.79,,787,3104.52,107443.36,N,N,N,N,2024
State,47,Tennessee,Humalog Kwikpen U-100,Insulin Lispro,3894,29513,51046.9,7277856.37,10312,,21336,37882.5,5234758.01,,7435,40856.86,657601.92,N,N,N,N,2024
State,48,Texas,Humalog Kwikpen U-100,Insulin Lispro,10829,86492,165781.1,21335892.56,32155,,69390,135293.8,17086574.73,,25866,131341.16,2419593.45,N,N,N,N,2024
State,49,Utah,Humalog Kwikpen U-100,Insulin Lispro,1102,7694,14954.9,2294594.67,2731,,6469,12921.4,1959224.81,,2305,7529.58,308130.18,N,N,N,N,2024
State,50,Vermont,Humalog Kwikpen U-100,Insulin Lispro,368,2434,4788.7,648506.16,844,,1944,3879.5,494989.78,,674,3944.52,64986.31,N,N,N,N,2024
State,51,Virginia,Humalog Kwikpen U-100,Insulin Lispro,4137,34363,64047.6,8136809.72,11799,,26512,50968.4,6377365.36,,9180,45143.94,952093.16,N,N,N,N,2024
State,53,Washington,Humalog Kwikpen U-100,Insulin Lispro,4571,31826,62519,8583040.5,10724,,25325,51188.5,6862558.78,,8616,39309.75,1001234.86,N,N,N,N,2024
State,54,West Virginia,Humalog Kwikpen U-100,Insulin Lispro,1321,10112,17306.9,2280522.14,3585,,7329,12810,1618552.39,,2602,15379.94,172504.16,N,N,N,N,2024
State,55,Wisconsin,Humalog Kwikpen U-100,Insulin Lispro,3421,32503,60620.8,9686685.22,10122,,25623,49193.1,7627856.14,,7997,27416.04,875967.11,N,N,N,N,2024
State,56,Wyoming,Humalog Kwikpen U-100,Insulin Lispro,276,1622,2704.2,342525.93,508,,1231,2126.2,265372.1,,396,2084.8,48353.07,N,N,N,N,2024
State,66,Guam,Humalog Kwikpen U-100,Insulin Lispro,15,183,213.1,34138.84,36,,152,182.1,26670.14,#,,249.6,5404.21,N,N,N,N,2024
State,69,Northern Mariana Islands,Humalog Kwikpen U-100,Insulin Lispro,5,33,33,8920.81,,,33,33,8920.81,*,,0,840,N,N,N,N,2024
State,72,Puerto Rico,Humalog Kwikpen U-100,Insulin Lispro,1315,15480,23825.2,3065013.35,3624,,11436,17990,2236056.35,,2758,1083.35,23666,N,N,N,N,2024
State,78,Virgin Islands,Humalog Kwikpen U-100,Insulin Lispro,40,436,565.8,78526.93,113,,390,510.6,70612.05,,100,567.69,16054.47,N,N,N,N,2024
State,9B,Armed Forces Europe,Humalog Kwikpen U-100,Insulin Lispro,6,11,23.6,3311.06,,*,,,,*,,0,605.88,N,N,N,N,2024
State,9C,Armed Forces Pacific,Humalog Kwikpen U-100,Insulin Lispro,5,56,110.6,19985.97,21,#,,,,#,,38.8,1293.01,N,N,N,N,2024
State,9D,Unknown,Humalog Kwikpen U-100,Insulin Lispro,4,13,27.3,3003.68,,*,,,,*,,9.2,567.99,N,N,N,N,2024
State,9E,Foreign Country,Humalog Kwikpen U-100,Insulin Lispro,12,48,82.2,14343.57,23,,34,46.3,9918.86,#,,110,505,N,N,N,N,2024
National,,National,Humalog Kwikpen U-200,Insulin Lispro,31803,159847,285878.2,227965600.14,45813,,116692,216165.5,158849599.68,,34444,191382.63,3750976.16,N,N,N,N,2024
State,01,Alabama,Humalog Kwikpen U-200,Insulin Lispro,686,3729,6147.2,4166726.4,1053,,2612,4405.5,2804740.17,,734,4995.59,84760.81,N,N,N,N,2024
State,02,Alaska,Humalog Kwikpen U-200,Insulin Lispro,41,188,365.7,271303.85,61,,160,323.3,242346.77,#,,153.4,3979.31,N,N,N,N,2024
State,04,Arizona,Humalog Kwikpen U-200,Insulin Lispro,710,2916,6018,3940013.91,986,,2295,4827.9,2994397.23,,779,3576.14,99726.09,N,N,N,N,2024
State,05,Arkansas,Humalog Kwikpen U-200,Insulin Lispro,237,1410,2033.5,2057861.83,348,,877,1280.1,1094795.74,,222,1705,27736.76,N,N,N,N,2024
State,06,California,Humalog Kwikpen U-200,Insulin Lispro,2281,10353,18717.7,12454690.28,3208,,8668,15938.5,10451627.2,,2693,12384.26,224954.96,N,N,N,N,2024
State,08,Colorado,Humalog Kwikpen U-200,Insulin Lispro,317,1305,2495,2279866.06,396,,926,1896,1576666.51,,292,1528.8,36537.13,N,N,N,N,2024
State,09,Connecticut,Humalog Kwikpen U-200,Insulin Lispro,394,2314,4535.1,3802921.06,678,,1746,3542.6,2752659.67,,517,2502.6,40698.21,N,N,N,N,2024
State,10,Delaware,Humalog Kwikpen U-200,Insulin Lispro,103,518,984.9,691531.68,165,,375,737.3,509723.28,,122,682.2,13691.76,N,N,N,N,2024
State,11,District of Columbia,Humalog Kwikpen U-200,Insulin Lispro,63,266,464.3,253099.82,82,,173,308.9,164480.49,,54,289,2711.86,N,N,N,N,2024
State,12,Florida,Humalog Kwikpen U-200,Insulin Lispro,2153,10059,19084.2,12717810.65,3155,,7931,15271.5,9707203.09,,2510,8487.21,246649.99,N,N,N,N,2024
State,13,Georgia,Humalog Kwikpen U-200,Insulin Lispro,981,4624,8278.1,5902749.15,1389,,3448,6345,4353371.31,,1049,4789.4,102576.83,N,N,N,N,2024
State,15,Hawaii,Humalog Kwikpen U-200,Insulin Lispro,38,147,284.2,213214.51,45,,106,215.1,164424.88,,34,76.4,2528.04,N,N,N,N,2024
State,16,Idaho,Humalog Kwikpen U-200,Insulin Lispro,149,685,1227.2,1030118.56,208,,475,899.8,658201.78,,149,984.32,21216.36,N,N,N,N,2024
State,17,Illinois,Humalog Kwikpen U-200,Insulin Lispro,1255,6385,11365.5,8800274.84,1926,,4809,8764.4,6116786.04,,1481,8077.4,174252.57,N,N,N,N,2024
State,18,Indiana,Humalog Kwikpen U-200,Insulin Lispro,900,5383,9516,9274953.93,1538,,3617,6754,5774963.37,,1077,4248.76,113629.76,N,N,N,N,2024
State,19,Iowa,Humalog Kwikpen U-200,Insulin Lispro,270,1615,2525.7,2869708.51,383,,1136,1859.3,1868994.31,,286,992.6,38358.42,N,N,N,N,2024
State,20,Kansas,Humalog Kwikpen U-200,Insulin Lispro,293,1650,2689,2541194.98,404,,1141,2002.7,1693529.75,,303,1771.3,45659.59,N,N,N,N,2024
State,21,Kentucky,Humalog Kwikpen U-200,Insulin Lispro,572,3479,5455.6,5621281.04,903,,2086,3456.8,3019622.5,,571,5304.64,63975.5,N,N,N,N,2024
State,22,Louisiana,Humalog Kwikpen U-200,Insulin Lispro,382,1858,2924.9,2121112.67,538,,1286,2079.3,1381698.49,,383,1860.69,33733.92,N,N,N,N,2024
State,23,Maine,Humalog Kwikpen U-200,Insulin Lispro,131,602,1146.6,1390207.33,177,,326,657.1,665288.24,,104,1404.71,8639.3,N,N,N,N,2024
State,24,Maryland,Humalog Kwikpen U-200,Insulin Lispro,478,2083,4007.5,2993236.4,667,,1536,3030.4,2208102.89,,488,4608.54,51643.77,N,N,N,N,2024
State,25,Massachusetts,Humalog Kwikpen U-200,Insulin Lispro,667,2920,5272.8,4235772.23,890,,1962,3721.9,2709691.14,,633,7242.11,46233.22,N,N,N,N,2024
State,26,Michigan,Humalog Kwikpen U-200,Insulin Lispro,1082,4596,9079,6665830.21,1432,,3568,7411,5075154.53,,1136,4583.2,69703.49,N,N,N,N,2024
State,27,Minnesota,Humalog Kwikpen U-200,Insulin Lispro,550,2355,4183.6,4312324.99,657,,1767,3261.6,2923670.28,,509,3019.8,62130.17,N,N,N,N,2024
State,28,Mississippi,Humalog Kwikpen U-200,Insulin Lispro,214,829,1319.2,1071757.81,268,,549,870,589257.87,,178,2110.2,16965.09,N,N,N,N,2024
State,29,Missouri,Humalog Kwikpen U-200,Insulin Lispro,651,4042,6651.1,5916709.07,1051,,2739,4765.6,3924745.99,,749,3643.96,97178.51,N,N,N,N,2024
State,30,Montana,Humalog Kwikpen U-200,Insulin Lispro,67,333,546.7,558187.3,88,,238,416,445172.97,,66,693,8968.27,N,N,N,N,2024
State,31,Nebraska,Humalog Kwikpen U-200,Insulin Lispro,180,1265,1823.1,2070167.17,264,,797,1243.9,1248735.23,,184,759.2,25888.2,N,N,N,N,2024
State,32,Nevada,Humalog Kwikpen U-200,Insulin Lispro,270,1051,2012.7,1574345.24,365,,833,1649.2,1251765.02,,297,2120.6,33327.2,N,N,N,N,2024
State,33,New Hampshire,Humalog Kwikpen U-200,Insulin Lispro,148,823,1653.5,1717564.86,258,,562,1199.5,1148781.68,,188,1311.2,25440.04,N,N,N,N,2024
State,34,New Jersey,Humalog Kwikpen U-200,Insulin Lispro,1032,6229,11856.3,7338181.66,1836,,4951,9707.2,5805662.43,,1474,6262.77,146696.69,N,N,N,N,2024
State,35,New Mexico,Humalog Kwikpen U-200,Insulin Lispro,175,888,1632.7,1179615.04,255,,706,1319.2,919217.8,,206,1488.8,26535.97,N,N,N,N,2024
State,36,New York,Humalog Kwikpen U-200,Insulin Lispro,1649,7535,13586.1,11254022.91,2178,,5785,10766.7,8063536.22,,1721,7182.22,151210.08,N,N,N,N,2024
State,37,North Carolina,Humalog Kwikpen U-200,Insulin Lispro,1184,6419,10580.1,8207985.33,1722,,4532,7626.2,5525303.95,,1222,7468,147351.7,N,N,N,N,2024
State,38,North Dakota,Humalog Kwikpen U-200,Insulin Lispro,67,409,591.4,752243.73,92,,258,377.1,453650.26,,57,930.8,7595.07,N,N,N,N,2024
State,39,Ohio,Humalog Kwikpen U-200,Insulin Lispro,1501,8539,14868,14614840.66,2345,,5870,10867.6,9832632.82,,1704,5895.27,206320.51,N,N,N,N,2024
State,40,Oklahoma,Humalog Kwikpen U-200,Insulin Lispro,396,1823,3122.6,2484652.96,533,,1245,2201.5,1569256.67,,380,1831.36,48006.75,N,N,N,N,2024
State,41,Oregon,Humalog Kwikpen U-200,Insulin Lispro,319,1464,2665.9,2528543.45,426,,1113,2054.8,1800387.22,,329,2298.2,39615.98,N,N,N,N,2024
State,42,Pennsylvania,Humalog Kwikpen U-200,Insulin Lispro,1275,6421,11398.4,8642987.37,1797,,4707,8678.9,6148508.96,,1363,7398.52,176436.24,N,N,N,N,2024
State,44,Rhode Island,Humalog Kwikpen U-200,Insulin Lispro,80,456,699.9,506337.39,113,,341,517.2,346087.82,,85,322,9297.29,N,N,N,N,2024
State,45,South Carolina,Humalog Kwikpen U-200,Insulin Lispro,919,4677,7855.5,5167530.73,1380,,3208,5551.7,3498375.84,,970,7147.32,111171.77,N,N,N,N,2024
State,46,South Dakota,Humalog Kwikpen U-200,Insulin Lispro,63,358,597.3,583717.48,87,,253,423.8,380417.81,,63,369.4,8709.17,N,N,N,N,2024
State,47,Tennessee,Humalog Kwikpen U-200,Insulin Lispro,870,4693,8107.8,6898493.18,1352,,2941,5343,4215564.33,,900,6249.79,96541.95,N,N,N,N,2024
State,48,Texas,Humalog Kwikpen U-200,Insulin Lispro,3294,16322,30972.9,21935906.84,5217,,12287,23810.7,16253561.36,,3967,26485.12,424783.77,N,N,N,N,2024
State,49,Utah,Humalog Kwikpen U-200,Insulin Lispro,303,1629,3049.5,2767955.41,467,,1278,2484,2139557.3,,381,1225.36,57868.87,N,N,N,N,2024
State,50,Vermont,Humalog Kwikpen U-200,Insulin Lispro,50,218,441.4,504529.75,65,,146,278.4,278582.32,,41,443.2,3125.91,N,N,N,N,2024
State,51,Virginia,Humalog Kwikpen U-200,Insulin Lispro,769,3880,6994.5,5857309.73,1145,,2758,5033.4,3656346.02,,841,5763.27,99778.56,N,N,N,N,2024
State,53,Washington,Humalog Kwikpen U-200,Insulin Lispro,551,2535,4659.9,4905677.85,724,,1675,3225.8,3107772.48,,512,2137,56575.9,N,N,N,N,2024
State,54,West Virginia,Humalog Kwikpen U-200,Insulin Lispro,252,1149,2109.6,1861804.19,359,,792,1491.4,1142683.39,,256,1386.4,25119.9,N,N,N,N,2024
State,55,Wisconsin,Humalog Kwikpen U-200,Insulin Lispro,571,3097,5480.7,5298706.43,837,,2109,3926.5,3362060.76,,583,2831.6,77682.04,N,N,N,N,2024
State,56,Wyoming,Humalog Kwikpen U-200,Insulin Lispro,35,134,229,147636.33,41,,118,194.2,119767.28,#,,194.6,4259.79,N,N,N,N,2024
State,72,Puerto Rico,Humalog Kwikpen U-200,Insulin Lispro,177,1142,1478.2,892630.63,224,,836,1075.4,619047.1,,157,122,1978.96,N,N,N,N,2024
State,9C,Armed Forces Pacific,Humalog Kwikpen U-200,Insulin Lispro,2,37,75.5,107772.17,,#,,,,*,,23,538.16,N,N,N,N,2024
National,,National,Humalog Tempo Pen U-100,Insulin Lispro,630,1307,2094,225096.55,613,,981,1600.3,170053.99,,454,1448.63,30467.43,N,N,N,N,2024
State,04,Arizona,Humalog Tempo Pen U-100,Insulin Lispro,14,24,42.2,4152.12,13,#,,,,*,,9.2,1032.05,N,N,N,N,2024
State,05,Arkansas,Humalog Tempo Pen U-100,Insulin Lispro,5,21,22.7,4259.31,,#,,,,*,,63.8,280,N,N,N,N,2024
State,06,California,Humalog Tempo Pen U-100,Insulin Lispro,45,76,125.7,10520.31,42,,50,88.3,7175.01,,29,91.4,1535.6,N,N,N,N,2024
State,09,Connecticut,Humalog Tempo Pen U-100,Insulin Lispro,12,22,44.3,3948.69,11,#,,,,*,,27.6,89.83,N,N,N,N,2024
State,12,Florida,Humalog Tempo Pen U-100,Insulin Lispro,65,143,198.7,15687.6,61,,111,156.3,13292.66,,49,143.6,2006.22,N,N,N,N,2024
State,13,Georgia,Humalog Tempo Pen U-100,Insulin Lispro,17,25,37.8,3075.08,17,,13,21.5,1700.98,*,,20.4,185.88,N,N,N,N,2024
State,17,Illinois,Humalog Tempo Pen U-100,Insulin Lispro,35,65,143.8,14109.98,33,,46,104.2,10248.22,#,,68.4,2636.96,N,N,N,N,2024
State,18,Indiana,Humalog Tempo Pen U-100,Insulin Lispro,30,52,91.2,10318.76,30,,32,54.5,5725.69,#,,15.8,1257.02,N,N,N,N,2024
State,19,Iowa,Humalog Tempo Pen U-100,Insulin Lispro,9,27,47.3,5298.39,,,27,47.3,5298.39,*,,0,1284.42,N,N,N,N,2024
State,20,Kansas,Humalog Tempo Pen U-100,Insulin Lispro,5,11,16,1920.15,,,11,16,1920.15,*,,0,607.17,N,N,N,N,2024
State,21,Kentucky,Humalog Tempo Pen U-100,Insulin Lispro,9,22,40.1,4183.79,,#,,,,*,,33.6,654.55,N,N,N,N,2024
State,22,Louisiana,Humalog Tempo Pen U-100,Insulin Lispro,7,12,25.5,2488.38,,*,,,,*,,0,260.38,N,N,N,N,2024
State,23,Maine,Humalog Tempo Pen U-100,Insulin Lispro,4,13,20.2,3718.8,,#,,,,*,,109.63,314.14,N,N,N,N,2024
State,24,Maryland,Humalog Tempo Pen U-100,Insulin Lispro,8,12,16,1185.67,,,12,16,1185.67,*,,0,298.84,N,N,N,N,2024
State,25,Massachusetts,Humalog Tempo Pen U-100,Insulin Lispro,15,24,42.2,5096.03,15,#,,,,#,,15.8,970,N,N,N,N,2024
State,26,Michigan,Humalog Tempo Pen U-100,Insulin Lispro,19,46,74,7174.15,18,,21,35.6,4152.3,*,,27.6,467.15,N,N,N,N,2024
State,27,Minnesota,Humalog Tempo Pen U-100,Insulin Lispro,11,33,54.4,6867.81,11,,33,54.4,6867.81,,11,15.8,1053.53,N,N,N,N,2024
State,29,Missouri,Humalog Tempo Pen U-100,Insulin Lispro,11,22,39,6309.88,11,#,,,,*,,22.4,469.32,N,N,N,N,2024
State,34,New Jersey,Humalog Tempo Pen U-100,Insulin Lispro,25,65,82.7,7272.83,22,#,,,,#,,11.6,721.35,N,N,N,N,2024
State,35,New Mexico,Humalog Tempo Pen U-100,Insulin Lispro,15,50,76.1,6924.21,16,#,,,,#,,98.8,1849.35,N,N,N,N,2024
State,36,New York,Humalog Tempo Pen U-100,Insulin Lispro,42,80,133.3,12923.89,40,,66,106.4,9758.94,,29,146.2,931.7,N,N,N,N,2024
State,37,North Carolina,Humalog Tempo Pen U-100,Insulin Lispro,23,49,67.8,7181.69,22,#,,,,#,,27,1640.61,N,N,N,N,2024
State,39,Ohio,Humalog Tempo Pen U-100,Insulin Lispro,25,53,85.8,13665.37,25,#,,,,#,,13.8,1537.12,N,N,N,N,2024
State,40,Oklahoma,Humalog Tempo Pen U-100,Insulin Lispro,13,33,51.1,6291.71,13,,19,23.4,2635.72,*,,36.2,429.3,N,N,N,N,2024
State,42,Pennsylvania,Humalog Tempo Pen U-100,Insulin Lispro,26,54,77.8,9839.53,26,,42,57.2,7997.54,#,,67.8,924.65,N,N,N,N,2024
State,44,Rhode Island,Humalog Tempo Pen U-100,Insulin Lispro,3,32,39.3,4900.47,,,12,16,1730.07,*,,0,60,N,N,N,N,2024
State,45,South Carolina,Humalog Tempo Pen U-100,Insulin Lispro,6,13,14.5,1376.06,,*,,,,*,,22.4,70,N,N,N,N,2024
State,47,Tennessee,Humalog Tempo Pen U-100,Insulin Lispro,15,24,39.3,8194.65,17,#,,,,#,,25,758.69,N,N,N,N,2024
State,48,Texas,Humalog Tempo Pen U-100,Insulin Lispro,46,78,122.9,14987.17,45,,48,82.4,10971.33,#,,132.4,1668.41,N,N,N,N,2024
State,51,Virginia,Humalog Tempo Pen U-100,Insulin Lispro,12,30,44.1,4553.27,16,#,,,,#,,56,927.39,N,N,N,N,2024
State,53,Washington,Humalog Tempo Pen U-100,Insulin Lispro,10,21,35.8,2889.85,,#,,,,*,,0,860.54,N,N,N,N,2024
State,55,Wisconsin,Humalog Tempo Pen U-100,Insulin Lispro,6,12,28.1,1974.06,,#,,,,*,,15.8,585.24,N,N,N,N,2024
National,,National,Insulin Lispro,Insulin Lispro,55574,300494,410093.6,17489297.28,106209,,221083,300129,12040057.7,,79511,314953.65,3395679.79,N,N,N,N,2024
State,01,Alabama,Insulin Lispro,Insulin Lispro,792,5188,7162.9,332217.42,1754,,3669,4991.4,219675.03,,1245,5801.24,65350.55,N,N,N,N,2024
State,02,Alaska,Insulin Lispro,Insulin Lispro,77,261,448.3,18875.66,111,,183,357,14878.86,,86,413.4,2921.78,N,N,N,N,2024
State,04,Arizona,Insulin Lispro,Insulin Lispro,1631,8021,12657.5,509264.82,3102,,5945,9500.1,363193.99,,2338,10902.55,127307.03,N,N,N,N,2024
State,05,Arkansas,Insulin Lispro,Insulin Lispro,796,5509,6575.8,289452.69,1715,,3861,4489.6,183150.31,,1210,6272.77,55933.1,N,N,N,N,2024
State,06,California,Insulin Lispro,Insulin Lispro,4430,20541,27529.7,1058888.55,7627,,16527,22152.6,829220.48,,6211,19480.71,184826.73,N,N,N,N,2024
State,08,Colorado,Insulin Lispro,Insulin Lispro,807,3692,6128.2,275049.7,1334,,2845,4741.2,201226.83,,1039,3069.94,84622.69,N,N,N,N,2024
State,09,Connecticut,Insulin Lispro,Insulin Lispro,708,3739,4876.2,205776.55,1378,,2924,3768.3,151589.28,,1087,3272.12,22434.77,N,N,N,N,2024
State,10,Delaware,Insulin Lispro,Insulin Lispro,87,339,510.6,22196.25,162,,268,405.7,16889.14,,132,491.05,6051.55,N,N,N,N,2024
State,11,District of Columbia,Insulin Lispro,Insulin Lispro,88,324,470.6,19287.19,138,,214,312.1,11253.92,,92,313.4,2873.74,N,N,N,N,2024
State,12,Florida,Insulin Lispro,Insulin Lispro,4102,18874,26378.9,1043551.13,7553,,14436,20059.8,764111.59,,5936,16244.66,180093.74,N,N,N,N,2024
State,13,Georgia,Insulin Lispro,Insulin Lispro,2004,10421,15269.5,667362.77,3689,,7623,11308.4,480138.58,,2722,11796.75,156947.37,N,N,N,N,2024
State,15,Hawaii,Insulin Lispro,Insulin Lispro,68,242,332,18178.81,92,,198,272.1,14429.86,,73,194.48,1808.28,N,N,N,N,2024
State,16,Idaho,Insulin Lispro,Insulin Lispro,322,1383,2258.6,106055.86,513,,1021,1664.5,74255.9,,384,1760.2,38355.41,N,N,N,N,2024
State,17,Illinois,Insulin Lispro,Insulin Lispro,1859,10000,12273.5,484927.04,3926,,7557,9249.2,348958.68,,2989,9143.73,92756.56,N,N,N,N,2024
State,18,Indiana,Insulin Lispro,Insulin Lispro,1389,12072,15313.7,663240.5,4026,,8993,11092.9,441152.52,,3013,10471.74,112429.48,N,N,N,N,2024
State,19,Iowa,Insulin Lispro,Insulin Lispro,663,4193,5283.1,257287.81,1175,,2768,3552,154866.88,,831,3804.62,46212.13,N,N,N,N,2024
State,20,Kansas,Insulin Lispro,Insulin Lispro,415,1911,2656.4,129873.28,606,,1301,1788.2,81175.79,,416,3566.37,35392.67,N,N,N,N,2024
State,21,Kentucky,Insulin Lispro,Insulin Lispro,1066,6726,8965.5,486656.34,2311,,3884,5263.7,247180.13,,1473,10900.64,86423.84,N,N,N,N,2024
State,22,Louisiana,Insulin Lispro,Insulin Lispro,743,4096,5179.7,228405.65,1374,,2826,3515.4,147505.68,,947,4264.27,39320.58,N,N,N,N,2024
State,23,Maine,Insulin Lispro,Insulin Lispro,360,1889,3063,151223.92,678,,1353,2137.9,98726.82,,498,3761.47,26414.25,N,N,N,N,2024
State,24,Maryland,Insulin Lispro,Insulin Lispro,704,2646,3648.1,140164.96,1116,,1941,2643.6,98383.28,,847,3170.63,26135.55,N,N,N,N,2024
State,25,Massachusetts,Insulin Lispro,Insulin Lispro,1224,6257,7834.1,300174.53,2426,,4860,6043.9,220736.72,,1879,10346.69,43275.79,N,N,N,N,2024
State,26,Michigan,Insulin Lispro,Insulin Lispro,1631,6947,9407.6,372420.46,2950,,4997,6622.5,249219.19,,2155,6966.43,62277.61,N,N,N,N,2024
State,27,Minnesota,Insulin Lispro,Insulin Lispro,542,2505,4208.1,201052.85,867,,1899,3249.1,149393.62,,666,2329.74,61700.94,N,N,N,N,2024
State,28,Mississippi,Insulin Lispro,Insulin Lispro,642,3785,4492.2,164919.97,1312,,2710,3168.7,111396.14,,941,2033.27,25426.92,N,N,N,N,2024
State,29,Missouri,Insulin Lispro,Insulin Lispro,1018,6859,9276.6,442644.21,2306,,4448,6039.4,268386.37,,1556,8586.49,99198.45,N,N,N,N,2024
State,30,Montana,Insulin Lispro,Insulin Lispro,124,471,767.3,34457.43,193,,344,558.6,23958.39,,142,528.6,11575.79,N,N,N,N,2024
State,31,Nebraska,Insulin Lispro,Insulin Lispro,297,1645,2193.6,100527.87,485,,1188,1560.5,67958.11,,361,1086.13,26815.11,N,N,N,N,2024
State,32,Nevada,Insulin Lispro,Insulin Lispro,355,1055,1503.5,60821.08,494,,728,1063.4,40530.45,,345,2383.22,14883.93,N,N,N,N,2024
State,33,New Hampshire,Insulin Lispro,Insulin Lispro,248,1390,2065.7,93594.93,459,,1081,1603.8,70140.88,,365,1917.16,26766.4,N,N,N,N,2024
State,34,New Jersey,Insulin Lispro,Insulin Lispro,1645,10842,12722.7,437589.84,3858,,8495,9847.9,327620.07,,3021,8549.27,59718.13,N,N,N,N,2024
State,35,New Mexico,Insulin Lispro,Insulin Lispro,309,1238,1669.4,75295.4,492,,846,1184.1,47775.66,,358,2709.34,17784.21,N,N,N,N,2024
State,36,New York,Insulin Lispro,Insulin Lispro,2890,15850,21004.5,925708.28,5544,,12331,16211.1,674048.41,,4331,12078.2,148213.96,N,N,N,N,2024
State,37,North Carolina,Insulin Lispro,Insulin Lispro,1892,9558,12573.6,555265.12,3343,,6560,8534.1,340355.3,,2331,11232.38,106954.93,N,N,N,N,2024
State,38,North Dakota,Insulin Lispro,Insulin Lispro,100,485,649,34075.91,142,,377,505.1,24071.09,,109,1269.66,8352.11,N,N,N,N,2024
State,39,Ohio,Insulin Lispro,Insulin Lispro,2508,16027,21877.8,1029552.8,5639,,10884,14724.7,640865.44,,3940,16544.04,223521.69,N,N,N,N,2024
State,40,Oklahoma,Insulin Lispro,Insulin Lispro,547,2360,3403.8,144425.38,879,,1496,2156.7,83738.24,,579,3030.62,30595.84,N,N,N,N,2024
State,41,Oregon,Insulin Lispro,Insulin Lispro,728,3108,4526.4,210301.27,1159,,2202,3251.4,144546.49,,824,5307.45,45929.6,N,N,N,N,2024
State,42,Pennsylvania,Insulin Lispro,Insulin Lispro,2034,11803,15038.7,617850.52,4356,,9097,11463.5,446896.45,,3369,10297.86,119353.44,N,N,N,N,2024
State,44,Rhode Island,Insulin Lispro,Insulin Lispro,175,902,1027.1,40000.08,331,,649,745.3,27223.96,,251,1158.84,5860.66,N,N,N,N,2024
State,45,South Carolina,Insulin Lispro,Insulin Lispro,818,3191,4780.8,205633.14,1211,,2147,3251.3,132205.83,,821,3684.03,52328.2,N,N,N,N,2024
State,46,South Dakota,Insulin Lispro,Insulin Lispro,67,358,570.5,30580.99,117,,249,392.9,19935.64,,81,694.8,8992.1,N,N,N,N,2024
State,47,Tennessee,Insulin Lispro,Insulin Lispro,1822,9163,12970.2,625967.3,3335,,5808,8170.9,363807.51,,2127,12667.39,109905.75,N,N,N,N,2024
State,48,Texas,Insulin Lispro,Insulin Lispro,4603,21415,31882.3,1322318.84,8718,,16202,23935,957149.04,,6664,34077.01,305634.99,N,N,N,N,2024
State,49,Utah,Insulin Lispro,Insulin Lispro,492,2379,3766.8,186306.42,884,,1823,2914.6,142392.63,,680,2871.75,60871.76,N,N,N,N,2024
State,50,Vermont,Insulin Lispro,Insulin Lispro,77,424,700.9,35617.69,153,,341,591.2,28911.5,,122,385.8,8874.36,N,N,N,N,2024
State,51,Virginia,Insulin Lispro,Insulin Lispro,1560,8328,11807.2,525374.75,3081,,5916,8306.3,346753.72,,2222,11893.08,118415.78,N,N,N,N,2024
State,53,Washington,Insulin Lispro,Insulin Lispro,1259,5477,8346.4,377977.7,2063,,3980,6120.2,258016.05,,1538,5858.09,86324.93,N,N,N,N,2024
State,54,West Virginia,Insulin Lispro,Insulin Lispro,339,2019,2768.3,124775.65,778,,1415,1870.5,75281.37,,554,2294.75,22182.02,N,N,N,N,2024
State,55,Wisconsin,Insulin Lispro,Insulin Lispro,887,5015,7568.9,350330.3,1587,,3768,5642.5,244032.79,,1213,2655.07,81410.34,N,N,N,N,2024
State,56,Wyoming,Insulin Lispro,Insulin Lispro,83,311,397,17509.46,99,,227,296.2,12677.77,,76,276.76,4348.76,N,N,N,N,2024
State,72,Puerto Rico,Insulin Lispro,Insulin Lispro,1538,17204,21211.9,733034.21,4631,,13645,16769.4,554214.64,,3705,75.19,2656.77,N,N,N,N,2024
State,9C,Armed Forces Pacific,Insulin Lispro,Insulin Lispro,3,31,63.7,3947.81,12,,17,49.7,3228.73,*,,44.8,618.5,N,N,N,N,2024
State,9E,Foreign Country,Insulin Lispro,Insulin Lispro,3,14,21.6,843.63,,*,,,,*,,23,0,N,N,N,N,2024
National,,National,Insulin Lispro Junior Kwikpen,Insulin Lispro,4224,10234,17558,1570983.86,4333,,7671,13383.6,1135131.98,,3286,13901.84,181842.61,N,N,N,N,2024
State,01,Alabama,Insulin Lispro Junior Kwikpen,Insulin Lispro,20,40,75.9,7197.33,19,#,,,,#,,31.6,434.46,N,N,N,N,2024
State,04,Arizona,Insulin Lispro Junior Kwikpen,Insulin Lispro,163,351,621.5,63511.29,161,,255,453.7,41961.07,,121,306.98,8442.3,N,N,N,N,2024
State,05,Arkansas,Insulin Lispro Junior Kwikpen,Insulin Lispro,21,67,93.1,8381.38,22,,33,53.5,4578.37,#,,93.4,883.98,N,N,N,N,2024
State,06,California,Insulin Lispro Junior Kwikpen,Insulin Lispro,436,932,1636.6,142915.91,464,,753,1334,114743.27,,375,1549.99,16437.8,N,N,N,N,2024
State,08,Colorado,Insulin Lispro Junior Kwikpen,Insulin Lispro,40,109,235.7,19214.72,47,,85,196,15689.65,#,,76.4,5437.99,N,N,N,N,2024
State,09,Connecticut,Insulin Lispro Junior Kwikpen,Insulin Lispro,85,168,375.7,25748.75,91,,147,330,22954.45,,78,139.6,2114.34,N,N,N,N,2024
State,10,Delaware,Insulin Lispro Junior Kwikpen,Insulin Lispro,23,105,120.9,8605.05,25,,80,85.3,5200.83,#,,4.6,2030.07,N,N,N,N,2024
State,11,District of Columbia,Insulin Lispro Junior Kwikpen,Insulin Lispro,14,51,102.7,7498.43,15,,36,58.8,4757.39,*,,47.4,0,N,N,N,N,2024
State,12,Florida,Insulin Lispro Junior Kwikpen,Insulin Lispro,388,1015,1601.4,145502.61,407,,808,1255.2,105754.91,,325,1107.4,10759.37,N,N,N,N,2024
State,13,Georgia,Insulin Lispro Junior Kwikpen,Insulin Lispro,100,216,441.1,38175.66,104,,165,328.7,29607.06,,78,520.96,5674.42,N,N,N,N,2024
State,16,Idaho,Insulin Lispro Junior Kwikpen,Insulin Lispro,8,32,51.4,7363.18,,,15,32.5,4364.57,*,,13.8,254.04,N,N,N,N,2024
State,17,Illinois,Insulin Lispro Junior Kwikpen,Insulin Lispro,130,237,438.2,38830.19,137,,170,299.4,26283.07,,94,316,4289.81,N,N,N,N,2024
State,18,Indiana,Insulin Lispro Junior Kwikpen,Insulin Lispro,126,326,479.4,48323.47,134,,224,327,32412.16,,88,165.2,4211.33,N,N,N,N,2024
State,19,Iowa,Insulin Lispro Junior Kwikpen,Insulin Lispro,22,81,124.1,12289.45,26,,30,57.9,5726.95,,14,184.4,1721.14,N,N,N,N,2024
State,20,Kansas,Insulin Lispro Junior Kwikpen,Insulin Lispro,24,52,87.6,7183.39,22,,34,63.8,5051.3,#,,60.6,1454.95,N,N,N,N,2024
State,21,Kentucky,Insulin Lispro Junior Kwikpen,Insulin Lispro,67,144,239.1,21923.59,66,,108,191.6,15925.58,,48,298.72,3800.84,N,N,N,N,2024
State,22,Louisiana,Insulin Lispro Junior Kwikpen,Insulin Lispro,29,56,108.1,10526.47,28,,44,88.5,8932.81,#,,56.6,751.81,N,N,N,N,2024
State,23,Maine,Insulin Lispro Junior Kwikpen,Insulin Lispro,23,54,103,7417.56,23,,38,74.9,4163.12,#,,57.2,1471.94,N,N,N,N,2024
State,24,Maryland,Insulin Lispro Junior Kwikpen,Insulin Lispro,63,141,241.4,20173.04,64,,116,200,14965.65,,49,185.89,1620.2,N,N,N,N,2024
State,25,Massachusetts,Insulin Lispro Junior Kwikpen,Insulin Lispro,125,338,570.5,49417.84,135,,274,477.6,40283.3,,111,888.14,7101.9,N,N,N,N,2024
State,26,Michigan,Insulin Lispro Junior Kwikpen,Insulin Lispro,103,255,376,35173.69,101,,176,248,20586.51,,66,249,2881.66,N,N,N,N,2024
State,27,Minnesota,Insulin Lispro Junior Kwikpen,Insulin Lispro,43,108,223.8,22901.79,43,,89,185.3,19044.69,#,,181.8,4888.01,N,N,N,N,2024
State,28,Mississippi,Insulin Lispro Junior Kwikpen,Insulin Lispro,15,30,41.1,3201.48,14,*,,,,*,,143.97,315,N,N,N,N,2024
State,29,Missouri,Insulin Lispro Junior Kwikpen,Insulin Lispro,52,165,260.1,24898.86,56,,105,169,14091.04,,37,282,3501.2,N,N,N,N,2024
State,31,Nebraska,Insulin Lispro Junior Kwikpen,Insulin Lispro,14,22,36.2,3694.37,14,,11,24.2,2455.84,*,,0,479.15,N,N,N,N,2024
State,32,Nevada,Insulin Lispro Junior Kwikpen,Insulin Lispro,46,107,192.8,22148.04,41,,74,127.7,14151.43,,30,105.4,3409.87,N,N,N,N,2024
State,33,New Hampshire,Insulin Lispro Junior Kwikpen,Insulin Lispro,15,40,97.4,7954.38,19,#,,,,#,,31.6,1975.59,N,N,N,N,2024
State,34,New Jersey,Insulin Lispro Junior Kwikpen,Insulin Lispro,174,453,725,70156.39,194,,326,526.3,46804.77,,144,678.4,4950.04,N,N,N,N,2024
State,35,New Mexico,Insulin Lispro Junior Kwikpen,Insulin Lispro,25,56,102.5,9604.53,27,#,,,,#,,359.75,722.22,N,N,N,N,2024
State,36,New York,Insulin Lispro Junior Kwikpen,Insulin Lispro,403,953,1592.9,138660.7,406,,741,1266.2,105246.13,,326,962.4,9384.42,N,N,N,N,2024
State,37,North Carolina,Insulin Lispro Junior Kwikpen,Insulin Lispro,98,234,392.2,30229.73,98,,169,289.2,22410.28,,73,408.6,3949.5,N,N,N,N,2024
State,39,Ohio,Insulin Lispro Junior Kwikpen,Insulin Lispro,191,459,785.1,74132.88,196,,314,552.7,47345.99,,140,351.48,12176.36,N,N,N,N,2024
State,40,Oklahoma,Insulin Lispro Junior Kwikpen,Insulin Lispro,36,95,142.5,14646.78,35,,66,100.1,9960.86,,24,63.2,2042.08,N,N,N,N,2024
State,41,Oregon,Insulin Lispro Junior Kwikpen,Insulin Lispro,62,162,313.3,23652,67,,141,272.9,21538.47,#,,346,5292.39,N,N,N,N,2024
State,42,Pennsylvania,Insulin Lispro Junior Kwikpen,Insulin Lispro,162,402,707.3,51994.99,170,,317,563.8,39353.28,,128,357.28,5514.65,N,N,N,N,2024
State,44,Rhode Island,Insulin Lispro Junior Kwikpen,Insulin Lispro,10,17,36.1,2609.71,,#,,,,*,,56,220.76,N,N,N,N,2024
State,45,South Carolina,Insulin Lispro Junior Kwikpen,Insulin Lispro,53,127,237.1,19541.59,54,,92,178.9,13030.13,,37,175.2,2518.75,N,N,N,N,2024
State,46,South Dakota,Insulin Lispro Junior Kwikpen,Insulin Lispro,4,12,23.2,1206.11,,*,,,,*,,4.6,315,N,N,N,N,2024
State,47,Tennessee,Insulin Lispro Junior Kwikpen,Insulin Lispro,73,186,297.5,29528.01,76,,153,247.6,24053.12,,59,220.6,3018.3,N,N,N,N,2024
State,48,Texas,Insulin Lispro Junior Kwikpen,Insulin Lispro,399,936,1700,168795.9,421,,685,1294.2,118493.62,,320,1887.92,15672.14,N,N,N,N,2024
State,49,Utah,Insulin Lispro Junior Kwikpen,Insulin Lispro,17,36,60.8,6371.31,18,,25,44.5,4846.14,#,,67.8,1160.12,N,N,N,N,2024
State,50,Vermont,Insulin Lispro Junior Kwikpen,Insulin Lispro,9,25,71.1,4201.07,12,,25,71.1,4201.07,,12,0,1796.47,N,N,N,N,2024
State,51,Virginia,Insulin Lispro Junior Kwikpen,Insulin Lispro,107,312,449,31390.56,113,,220,322.3,20075.94,,79,551.4,3946.41,N,N,N,N,2024
State,53,Washington,Insulin Lispro Junior Kwikpen,Insulin Lispro,93,243,441.2,40124.62,95,,170,337.9,27505.64,,73,136.76,5954.27,N,N,N,N,2024
State,55,Wisconsin,Insulin Lispro Junior Kwikpen,Insulin Lispro,71,207,352.3,32175.31,76,,158,256,22270.72,,55,106,5927.25,N,N,N,N,2024
State,72,Puerto Rico,Insulin Lispro Junior Kwikpen,Insulin Lispro,13,29,59.4,4548.14,13,#,,,,#,,4.6,0,N,N,N,N,2024
National,,National,Insulin Lispro Kwikpen U-100,Insulin Lispro,126132,847337,1298748,154384135.92,283389,,637865,982719.6,111301673.33,,214914,1038056.07,13397011.57,N,N,N,N,2024
State,01,Alabama,Insulin Lispro Kwikpen U-100,Insulin Lispro,1771,10942,17809.9,2207384.83,4058,,7808,12818.2,1550236.12,,2893,15061.27,235573.11,N,N,N,N,2024
State,02,Alaska,Insulin Lispro Kwikpen U-100,Insulin Lispro,217,805,1423.6,183189.67,338,,691,1242.3,159007.63,,289,1790.91,16868.87,N,N,N,N,2024
State,04,Arizona,Insulin Lispro Kwikpen U-100,Insulin Lispro,3003,19094,31297.2,3547653.27,7071,,14694,24361.5,2669018.24,,5534,24837.56,391405.06,N,N,N,N,2024
State,05,Arkansas,Insulin Lispro Kwikpen U-100,Insulin Lispro,1386,9272,13341.7,1963727.32,3060,,6095,8902.6,1232715.34,,2028,15328.74,170768.08,N,N,N,N,2024
State,06,California,Insulin Lispro Kwikpen U-100,Insulin Lispro,9860,63012,94317.3,9245466.61,21755,,50115,75260.9,7200766.97,,17495,72205.57,647236.32,N,N,N,N,2024
State,08,Colorado,Insulin Lispro Kwikpen U-100,Insulin Lispro,1777,9261,15648,1721254.54,3253,,7466,12622.2,1344373.19,,2587,10715.11,203426.17,N,N,N,N,2024
State,09,Connecticut,Insulin Lispro Kwikpen U-100,Insulin Lispro,1826,13671,23673.2,2505854.53,4494,,10426,18228.9,1879610.34,,3506,13105.19,142240.06,N,N,N,N,2024
State,10,Delaware,Insulin Lispro Kwikpen U-100,Insulin Lispro,386,2445,3914.8,464050.94,872,,1790,2879,327635.18,,648,3461.39,41218.17,N,N,N,N,2024
State,11,District of Columbia,Insulin Lispro Kwikpen U-100,Insulin Lispro,307,1322,2273.6,243015.97,511,,871,1543.1,151108.38,,340,1197.16,12050.92,N,N,N,N,2024
State,12,Florida,Insulin Lispro Kwikpen U-100,Insulin Lispro,7771,52427,80570.8,8841061.65,17399,,42413,64848.1,6825783.59,,14013,47416.38,749860.96,N,N,N,N,2024
State,13,Georgia,Insulin Lispro Kwikpen U-100,Insulin Lispro,3514,23736,39556.5,4926038.24,8590,,18433,31228.1,3819620.38,,6660,27331.27,517676.15,N,N,N,N,2024
State,15,Hawaii,Insulin Lispro Kwikpen U-100,Insulin Lispro,242,1074,2008.5,208515.89,394,,844,1577.9,154771.89,,306,778.6,10953.47,N,N,N,N,2024
State,16,Idaho,Insulin Lispro Kwikpen U-100,Insulin Lispro,773,5226,7840.8,937056.63,1739,,4169,6263.4,730590.94,,1365,8927.27,125333.27,N,N,N,N,2024
State,17,Illinois,Insulin Lispro Kwikpen U-100,Insulin Lispro,4073,22743,34501.5,4154956.95,9255,,17245,26333.8,3055560.96,,7051,33310.34,384413.34,N,N,N,N,2024
State,18,Indiana,Insulin Lispro Kwikpen U-100,Insulin Lispro,3423,31168,48095.6,6672143.43,10136,,22695,34900.2,4544474.5,,7395,33252.18,539146.24,N,N,N,N,2024
State,19,Iowa,Insulin Lispro Kwikpen U-100,Insulin Lispro,1663,11969,17440.5,2552288.16,3611,,8266,12166.8,1685462.18,,2573,13380.91,204383.95,N,N,N,N,2024
State,20,Kansas,Insulin Lispro Kwikpen U-100,Insulin Lispro,1343,11176,15732.2,2247292.28,3288,,8111,11530.9,1574841.15,,2441,14368.88,213069.56,N,N,N,N,2024
State,21,Kentucky,Insulin Lispro Kwikpen U-100,Insulin Lispro,2402,18156,26252.6,3834391.32,6148,,12389,17915.1,2447855.74,,4247,33105.54,298592.08,N,N,N,N,2024
State,22,Louisiana,Insulin Lispro Kwikpen U-100,Insulin Lispro,1504,10382,15026,1625285.1,3452,,7360,10662.7,1098191.32,,2426,9543.17,135135.4,N,N,N,N,2024
State,23,Maine,Insulin Lispro Kwikpen U-100,Insulin Lispro,736,3766,6638.3,935573.14,1376,,2813,5021.1,659127.27,,1020,6144.16,78436.33,N,N,N,N,2024
State,24,Maryland,Insulin Lispro Kwikpen U-100,Insulin Lispro,1733,8556,14024.4,1378243.27,3312,,6584,10923.8,1045530.38,,2521,12640.49,137971.61,N,N,N,N,2024
State,25,Massachusetts,Insulin Lispro Kwikpen U-100,Insulin Lispro,2377,13257,20450.7,2135259.35,5099,,10933,16931.6,1717993.8,,4077,28645.84,151401.73,N,N,N,N,2024
State,26,Michigan,Insulin Lispro Kwikpen U-100,Insulin Lispro,3199,14885,22076.9,2479772.01,5989,,11189,16583.4,1797247.46,,4480,16298.2,215769.69,N,N,N,N,2024
State,27,Minnesota,Insulin Lispro Kwikpen U-100,Insulin Lispro,2311,11663,19040.4,2559063.69,4253,,9767,16201.6,2122413.18,,3517,12710.04,296706.21,N,N,N,N,2024
State,28,Mississippi,Insulin Lispro Kwikpen U-100,Insulin Lispro,883,4792,6988.8,876081.1,1735,,3049,4537.3,517129.77,,1111,7049.89,66452.37,N,N,N,N,2024
State,29,Missouri,Insulin Lispro Kwikpen U-100,Insulin Lispro,3280,28412,42149.3,5741752.31,9332,,19718,29546,3754592.57,,6529,35030.24,482556.41,N,N,N,N,2024
State,30,Montana,Insulin Lispro Kwikpen U-100,Insulin Lispro,248,979,1497.4,180056.37,438,,779,1203.9,136093.97,,348,1401.4,24174.39,N,N,N,N,2024
State,31,Nebraska,Insulin Lispro Kwikpen U-100,Insulin Lispro,935,5623,8380.3,1063103.6,1871,,3872,5785,700202.86,,1341,4815.19,98302.41,N,N,N,N,2024
State,32,Nevada,Insulin Lispro Kwikpen U-100,Insulin Lispro,911,5057,7502.8,839994.52,1871,,3910,5894.7,650731,,1449,7703.34,91526.67,N,N,N,N,2024
State,33,New Hampshire,Insulin Lispro Kwikpen U-100,Insulin Lispro,581,3379,5242.3,699104.87,1203,,2545,4002.6,514793.87,,915,5817.61,81639.32,N,N,N,N,2024
State,34,New Jersey,Insulin Lispro Kwikpen U-100,Insulin Lispro,3195,25443,37775.6,3881049.09,8453,,20318,30117.4,2962092.84,,6782,28870.98,346668.11,N,N,N,N,2024
State,35,New Mexico,Insulin Lispro Kwikpen U-100,Insulin Lispro,737,3959,5881.7,641233.85,1470,,2935,4311.2,448533.23,,1085,10207.33,52717.64,N,N,N,N,2024
State,36,New York,Insulin Lispro Kwikpen U-100,Insulin Lispro,9046,65678,100762.2,11325845.18,20636,,51944,80164.9,8720478.23,,16373,67217.48,801968.09,N,N,N,N,2024
State,37,North Carolina,Insulin Lispro Kwikpen U-100,Insulin Lispro,4952,35639,50587.3,5745748.34,11278,,25237,35526.6,3753797.27,,8044,31618.53,470256.69,N,N,N,N,2024
State,38,North Dakota,Insulin Lispro Kwikpen U-100,Insulin Lispro,320,1892,2793.6,405345.65,600,,1423,2145.3,292559.46,,461,4402.52,44184.39,N,N,N,N,2024
State,39,Ohio,Insulin Lispro Kwikpen U-100,Insulin Lispro,6760,57129,84069.1,10367818.47,18495,,40719,60629,7101407.68,,13439,61790,960893.72,N,N,N,N,2024
State,40,Oklahoma,Insulin Lispro Kwikpen U-100,Insulin Lispro,1332,8077,12164.4,1403806.12,2950,,5764,8679.6,945371.96,,2090,8853.06,142794.4,N,N,N,N,2024
State,41,Oregon,Insulin Lispro Kwikpen U-100,Insulin Lispro,1676,8282,13091.4,1645813.75,3021,,6260,9875.4,1193078.22,,2252,16035.79,145373.56,N,N,N,N,2024
State,42,Pennsylvania,Insulin Lispro Kwikpen U-100,Insulin Lispro,6081,43383,63838.1,7038593.5,13943,,33455,49240.7,5157516.41,,10646,43061.23,635385.79,N,N,N,N,2024
State,44,Rhode Island,Insulin Lispro Kwikpen U-100,Insulin Lispro,399,2378,3286.2,329781.68,861,,1904,2593.7,241376.5,,684,3624.54,25216.53,N,N,N,N,2024
State,45,South Carolina,Insulin Lispro Kwikpen U-100,Insulin Lispro,2186,12725,19391,2160171.25,4608,,9141,13829.5,1451798.82,,3296,18860.13,171341.25,N,N,N,N,2024
State,46,South Dakota,Insulin Lispro Kwikpen U-100,Insulin Lispro,209,1075,1643.2,247512.74,409,,785,1225.4,180082.63,,310,1377.86,26659.94,N,N,N,N,2024
State,47,Tennessee,Insulin Lispro Kwikpen U-100,Insulin Lispro,3218,21352,31725.5,4099095.97,7587,,14903,22134.7,2694067.02,,5305,31814.24,337854.92,N,N,N,N,2024
State,48,Texas,Insulin Lispro Kwikpen U-100,Insulin Lispro,8938,57698,97889.3,11532358.91,22821,,43546,73896.6,8311737.46,,17499,105190.54,1020158.56,N,N,N,N,2024
State,49,Utah,Insulin Lispro Kwikpen U-100,Insulin Lispro,966,5535,9385.9,1302215.75,2101,,4323,7540.5,1027488.01,,1664,6279.37,167621.08,N,N,N,N,2024
State,50,Vermont,Insulin Lispro Kwikpen U-100,Insulin Lispro,324,1714,2812,368664.81,583,,1439,2404.8,310050.59,,473,2650.24,38484.13,N,N,N,N,2024
State,51,Virginia,Insulin Lispro Kwikpen U-100,Insulin Lispro,3408,22864,34418.8,4035601.1,7684,,16150,24395.3,2727661.8,,5503,31737.39,379215.21,N,N,N,N,2024
State,53,Washington,Insulin Lispro Kwikpen U-100,Insulin Lispro,3084,17995,27795.5,3217333.64,5947,,14161,21849.8,2423532.96,,4618,16753.91,272129.1,N,N,N,N,2024
State,54,West Virginia,Insulin Lispro Kwikpen U-100,Insulin Lispro,932,5660,8593.7,1036545.11,2117,,4133,6311.9,710548.27,,1513,7778.94,94733.96,N,N,N,N,2024
State,55,Wisconsin,Insulin Lispro Kwikpen U-100,Insulin Lispro,3060,25691,38733.9,5745348.84,7809,,18541,28126.6,3922622.82,,5708,19981.81,468619.58,N,N,N,N,2024
State,56,Wyoming,Insulin Lispro Kwikpen U-100,Insulin Lispro,200,889,1334,162039.34,314,,674,1058.8,118459.81,,255,1449.4,23010.57,N,N,N,N,2024
State,66,Guam,Insulin Lispro Kwikpen U-100,Insulin Lispro,5,19,21.4,2604.81,,#,,,,*,,0,391.88,N,N,N,N,2024
State,69,Northern Mariana Islands,Insulin Lispro Kwikpen U-100,Insulin Lispro,2,22,22,920.42,,*,,,,*,,654.74,0,N,N,N,N,2024
State,72,Puerto Rico,Insulin Lispro Kwikpen U-100,Insulin Lispro,631,3798,5723.2,680415.43,1254,,2893,4480.9,503783.25,,976,190.6,2534.67,N,N,N,N,2024
State,78,Virgin Islands,Insulin Lispro Kwikpen U-100,Insulin Lispro,22,105,121.3,17142.37,35,#,,,,#,,151.2,3201.98,N,N,N,N,2024
State,9C,Armed Forces Pacific,Insulin Lispro Kwikpen U-100,Insulin Lispro,6,55,110.2,17184.04,30,,44,88.4,14155.35,#,,44.8,1191.84,N,N,N,N,2024
State,9D,Unknown,Insulin Lispro Kwikpen U-100,Insulin Lispro,2,14,33.9,3415.52,,*,,,,*,,60.6,0,N,N,N,N,2024
State,9E,Foreign Country,Insulin Lispro Kwikpen U-100,Insulin Lispro,5,12,23.5,1203.39,,*,,,,*,,13.8,45.66,N,N,N,N,2024
National,,National,Admelog,Insulin Lispro,11811,46494,61411.8,9839416.53,16107,,35729,47351.1,7140322.49,,12469,44891.12,521899.73,N,N,N,N,2024
State,01,Alabama,Admelog,Insulin Lispro,158,681,879.1,132631.06,266,,549,677.7,96779.77,,208,525.94,8187.87,N,N,N,N,2024
State,02,Alaska,Admelog,Insulin Lispro,6,12,31.8,4672.18,,,12,31.8,4672.18,*,,0,414.22,N,N,N,N,2024
State,04,Arizona,Admelog,Insulin Lispro,244,917,1196.2,180951.1,313,,588,794,115650.27,,216,741.4,6608.22,N,N,N,N,2024
State,05,Arkansas,Admelog,Insulin Lispro,274,2067,2214.9,292185.31,495,,1599,1708.1,208481.37,,388,1825.2,10511.09,N,N,N,N,2024
State,06,California,Admelog,Insulin Lispro,1113,4221,5215.9,740294.7,1592,,3396,4201.1,563926.04,,1282,3761.88,28589.19,N,N,N,N,2024
State,08,Colorado,Admelog,Insulin Lispro,77,208,334.1,47782.3,91,,161,274.4,39199.88,,67,212.2,5153.58,N,N,N,N,2024
State,09,Connecticut,Admelog,Insulin Lispro,101,294,375.4,62751.66,109,,220,294.3,46148.52,,81,326.2,4666.49,N,N,N,N,2024
State,10,Delaware,Admelog,Insulin Lispro,39,107,249.4,46699.43,54,,89,225.6,43780.83,#,,38.48,4055.63,N,N,N,N,2024
State,11,District of Columbia,Admelog,Insulin Lispro,30,165,193.7,22099.63,34,,110,127.3,11194.93,,21,227.91,938.94,N,N,N,N,2024
State,12,Florida,Admelog,Insulin Lispro,543,1805,2473.1,390128.4,690,,1505,2049.7,311948.07,,560,1553.44,23173.56,N,N,N,N,2024
State,13,Georgia,Admelog,Insulin Lispro,417,1860,2333.5,345934.53,715,,1421,1809.9,258344.33,,563,1963.2,24102.95,N,N,N,N,2024
State,15,Hawaii,Admelog,Insulin Lispro,15,53,70.1,12414.55,17,#,,,,#,,187.2,110,N,N,N,N,2024
State,16,Idaho,Admelog,Insulin Lispro,53,244,350.6,73188.4,78,,99,134.2,27199.77,,33,322.2,1091.28,N,N,N,N,2024
State,17,Illinois,Admelog,Insulin Lispro,648,2795,3758.3,683430.13,908,,2012,2745.4,459483.01,,665,1598.8,37084.38,N,N,N,N,2024
State,18,Indiana,Admelog,Insulin Lispro,382,1663,2020.7,307753.57,550,,1142,1326.9,183084.4,,371,1996.96,10566.68,N,N,N,N,2024
State,19,Iowa,Admelog,Insulin Lispro,111,557,611.8,87613.06,139,,409,450.5,55384.76,,105,179,4018.26,N,N,N,N,2024
State,20,Kansas,Admelog,Insulin Lispro,70,259,325.3,59589.89,81,,165,221,35735.86,,54,127,4571.57,N,N,N,N,2024
State,21,Kentucky,Admelog,Insulin Lispro,246,1207,1370.8,221893.39,332,,861,952.5,129722.13,,227,1588.25,5343.08,N,N,N,N,2024
State,22,Louisiana,Admelog,Insulin Lispro,161,751,877,151418.57,227,,654,762.9,136321.52,,189,207.6,11684.82,N,N,N,N,2024
State,23,Maine,Admelog,Insulin Lispro,36,100,125.8,16077.99,34,,78,92,9512.25,#,,185.7,645.76,N,N,N,N,2024
State,24,Maryland,Admelog,Insulin Lispro,347,1175,1892,330140.18,462,,919,1504.6,256509.28,,345,2261.84,17429.35,N,N,N,N,2024
State,25,Massachusetts,Admelog,Insulin Lispro,585,2475,4235.4,757331.44,965,,2270,3900.1,679370.49,,877,2717.52,62906.52,N,N,N,N,2024
State,26,Michigan,Admelog,Insulin Lispro,391,1367,1831,312728.87,448,,850,1082,156999.98,,288,831.2,7515.47,N,N,N,N,2024
State,27,Minnesota,Admelog,Insulin Lispro,116,352,513.4,100074.25,117,,176,249.1,37771.83,,66,478.2,5445.4,N,N,N,N,2024
State,28,Mississippi,Admelog,Insulin Lispro,67,267,282,35270.01,90,,222,236,29708.16,,73,73.2,2328.29,N,N,N,N,2024
State,29,Missouri,Admelog,Insulin Lispro,167,649,761.9,127806.26,217,,435,509.9,78865.15,,150,479.1,5592.31,N,N,N,N,2024
State,30,Montana,Admelog,Insulin Lispro,34,97,142.8,26406.16,45,,58,77.2,11858.08,,29,247.6,840,N,N,N,N,2024
State,31,Nebraska,Admelog,Insulin Lispro,56,209,240.1,35375.2,57,,175,203.5,28807.44,#,,249.9,2315.78,N,N,N,N,2024
State,32,Nevada,Admelog,Insulin Lispro,44,81,118.5,22816.47,42,,49,65.3,12285.48,,26,194.2,695.26,N,N,N,N,2024
State,33,New Hampshire,Admelog,Insulin Lispro,35,85,161.5,33685.68,34,#,,,,#,,11.2,3481.94,N,N,N,N,2024
State,34,New Jersey,Admelog,Insulin Lispro,517,1790,2218.6,323460.59,620,,1220,1523.3,208323.15,,443,3074.89,17037.04,N,N,N,N,2024
State,35,New Mexico,Admelog,Insulin Lispro,87,359,453.9,76101.23,137,,249,323.6,52089.26,,96,674.2,4059.8,N,N,N,N,2024
State,36,New York,Admelog,Insulin Lispro,909,3271,4145.1,635082.74,1196,,2694,3363.9,468500.53,,979,2507.96,23503.43,N,N,N,N,2024
State,37,North Carolina,Admelog,Insulin Lispro,207,692,878.1,127004.69,285,,615,772.7,102827.55,,250,979.93,9475.2,N,N,N,N,2024
State,38,North Dakota,Admelog,Insulin Lispro,14,47,68,14475.51,15,,25,37.3,8340.05,*,,195.6,699.66,N,N,N,N,2024
State,39,Ohio,Admelog,Insulin Lispro,779,3620,4956.6,821847.99,1242,,2853,3975.7,643095.97,,998,2104.56,28989.36,N,N,N,N,2024
State,40,Oklahoma,Admelog,Insulin Lispro,113,514,605,81338.31,176,,462,548.7,73664.58,,155,114.53,6994.97,N,N,N,N,2024
State,41,Oregon,Admelog,Insulin Lispro,161,428,633.4,123088.72,182,,303,460.5,84151.59,,128,823.18,8465.09,N,N,N,N,2024
State,42,Pennsylvania,Admelog,Insulin Lispro,757,3517,4930.2,831417.95,1108,,2868,3999.4,639162.04,,898,3223.77,50728.29,N,N,N,N,2024
State,44,Rhode Island,Admelog,Insulin Lispro,84,370,452.3,71736.26,124,,269,343,46154.12,,86,173.2,2413.78,N,N,N,N,2024
State,45,South Carolina,Admelog,Insulin Lispro,164,447,636.7,111386.97,192,,320,456.4,81689.69,,139,450,10141.12,N,N,N,N,2024
State,46,South Dakota,Admelog,Insulin Lispro,13,54,75,13389.43,13,#,,,,*,,142.23,490,N,N,N,N,2024
State,47,Tennessee,Admelog,Insulin Lispro,147,597,722.5,104445.46,218,,499,608.1,84119.92,,177,681.4,7074.14,N,N,N,N,2024
State,48,Texas,Admelog,Insulin Lispro,523,1429,1993.4,300736.46,641,,1107,1543.6,224476.18,,514,1961.55,25966.42,N,N,N,N,2024
State,49,Utah,Admelog,Insulin Lispro,126,472,659.2,110352.14,168,,270,355.3,53407.79,,95,490.8,3377.73,N,N,N,N,2024
State,50,Vermont,Admelog,Insulin Lispro,9,12,23.3,4676.58,,*,,,,*,,0,317,N,N,N,N,2024
State,51,Virginia,Admelog,Insulin Lispro,192,657,843.3,110950.84,223,,488,633.7,82141.96,,164,756.6,7269.38,N,N,N,N,2024
State,53,Washington,Admelog,Insulin Lispro,198,537,714,127994.13,221,,359,506.7,79870.96,,163,621,6168.55,N,N,N,N,2024
State,54,West Virginia,Admelog,Insulin Lispro,93,433,558.9,90873.04,137,,319,412.8,59345.15,,97,368.8,3363.27,N,N,N,N,2024
State,55,Wisconsin,Admelog,Insulin Lispro,121,435,535,78538.86,154,,338,400.5,52597.46,,120,326.4,4060.93,N,N,N,N,2024
State,56,Wyoming,Admelog,Insulin Lispro,15,44,63.6,8668.19,20,#,,,,#,,58.6,345,N,N,N,N,2024
State,72,Puerto Rico,Admelog,Insulin Lispro,13,28,39.3,8063.83,14,,15,20,4363.05,*,,11.2,805,N,N,N,N,2024
State,9E,Foreign Country,Admelog,Insulin Lispro,1,15,15,1567.24,,,15,15,1567.24,*,,15.8,86.68,N,N,N,N,2024
National,,National,Admelog Solostar,Insulin Lispro,34910,151999,232401.8,33983282.86,50850,,118143,183390.8,25810080.6,,39994,154650.8,2134486.64,N,N,N,N,2024
State,01,Alabama,Admelog Solostar,Insulin Lispro,403,1455,2326.1,377664.6,554,,1041,1719.2,270820.79,,400,2466.6,29667.65,N,N,N,N,2024
State,02,Alaska,Admelog Solostar,Insulin Lispro,25,55,95.2,13028.74,30,,44,77.8,11486.08,#,,166.2,768.72,N,N,N,N,2024
State,04,Arizona,Admelog Solostar,Insulin Lispro,553,2125,3232.6,465390.03,736,,1594,2467.8,341787.18,,551,2213.2,23730.78,N,N,N,N,2024
State,05,Arkansas,Admelog Solostar,Insulin Lispro,371,1477,1997.2,357290.73,496,,1150,1572.6,269587.42,,381,2414.6,29397.82,N,N,N,N,2024
State,06,California,Admelog Solostar,Insulin Lispro,2993,10888,16984.6,2259123.56,4014,,8582,13653.3,1745779.63,,3196,12712.61,93604.65,N,N,N,N,2024
State,08,Colorado,Admelog Solostar,Insulin Lispro,179,527,876.1,115567.95,218,,414,713.9,95402.26,,175,616.8,9902.64,N,N,N,N,2024
State,09,Connecticut,Admelog Solostar,Insulin Lispro,324,1185,1856.1,213586.57,443,,989,1573.9,175371.21,,378,1581.98,18971.05,N,N,N,N,2024
State,10,Delaware,Admelog Solostar,Insulin Lispro,162,886,1582.4,270743.24,351,,772,1401.2,233123.1,,307,362,25469.78,N,N,N,N,2024
State,11,District of Columbia,Admelog Solostar,Insulin Lispro,130,424,701.7,97177.04,183,,271,463.8,59996.63,,123,1403.63,3636.07,N,N,N,N,2024
State,12,Florida,Admelog Solostar,Insulin Lispro,1354,5687,8188.9,1036039.08,1799,,4864,6997.4,857545.71,,1528,5281.15,63072.8,N,N,N,N,2024
State,13,Georgia,Admelog Solostar,Insulin Lispro,701,2241,3765.6,560711.35,925,,1788,3007,431762.96,,717,2501.2,57019.38,N,N,N,N,2024
State,15,Hawaii,Admelog Solostar,Insulin Lispro,90,339,566.4,77971,130,,260,435.8,60966.01,,100,879.6,5883.1,N,N,N,N,2024
State,16,Idaho,Admelog Solostar,Insulin Lispro,223,874,1250.8,187282.22,289,,539,798.8,105258.62,,178,658.4,7408.58,N,N,N,N,2024
State,17,Illinois,Admelog Solostar,Insulin Lispro,1679,7864,12197.7,1921124.26,2572,,6066,9555.9,1444892.94,,2047,3736.04,132455.78,N,N,N,N,2024
State,18,Indiana,Admelog Solostar,Insulin Lispro,1188,6065,8750.4,1478998.16,1941,,4066,5692.6,888535.73,,1284,8059.94,63460.23,N,N,N,N,2024
State,19,Iowa,Admelog Solostar,Insulin Lispro,293,1256,1751.3,292350.71,382,,857,1243.5,206544.63,,280,1430.04,19062.83,N,N,N,N,2024
State,20,Kansas,Admelog Solostar,Insulin Lispro,391,2349,3067.7,505862.9,652,,1759,2316.3,368041.75,,486,3122.53,29565.71,N,N,N,N,2024
State,21,Kentucky,Admelog Solostar,Insulin Lispro,758,4164,5443.3,827512.31,1149,,3022,3921.5,549823.44,,811,6263.72,25224.62,N,N,N,N,2024
State,22,Louisiana,Admelog Solostar,Insulin Lispro,312,1162,1679.9,268304.24,415,,1012,1453.5,220395.03,,360,1064.6,26427.85,N,N,N,N,2024
State,23,Maine,Admelog Solostar,Insulin Lispro,86,197,367.8,56454.06,88,,160,311.9,45896.2,,75,83.6,5510.54,N,N,N,N,2024
State,24,Maryland,Admelog Solostar,Insulin Lispro,1081,4741,8341.4,1285160.61,1806,,3629,6607.2,986510.01,,1387,9058.35,83062.54,N,N,N,N,2024
State,25,Massachusetts,Admelog Solostar,Insulin Lispro,1349,8040,14726.1,2318233.87,2978,,7508,13886.1,2176549.72,,2776,7674.36,231607.72,N,N,N,N,2024
State,26,Michigan,Admelog Solostar,Insulin Lispro,1368,5324,8263.9,1158062.97,1730,,3630,5620.8,742271.5,,1178,4017.74,36839.3,N,N,N,N,2024
State,27,Minnesota,Admelog Solostar,Insulin Lispro,663,2674,3710,571477.84,732,,1557,2234.2,301771.92,,428,2686.74,27570.1,N,N,N,N,2024
State,28,Mississippi,Admelog Solostar,Insulin Lispro,101,383,527.1,83411.58,116,,322,433.3,69174.37,,94,453.4,7844.21,N,N,N,N,2024
State,29,Missouri,Admelog Solostar,Insulin Lispro,546,2329,3191.2,501976.65,791,,1635,2290.8,336232.43,,588,1482.8,33971.44,N,N,N,N,2024
State,30,Montana,Admelog Solostar,Insulin Lispro,89,295,460.2,75493.77,112,,212,329.3,53804.09,,81,433,5382.64,N,N,N,N,2024
State,31,Nebraska,Admelog Solostar,Insulin Lispro,206,760,1063.2,158886.6,253,,615,854.5,129005.17,,198,697.49,8168.01,N,N,N,N,2024
State,32,Nevada,Admelog Solostar,Insulin Lispro,176,439,722,106566.27,212,,300,508.9,71383.89,,145,752.2,5906.34,N,N,N,N,2024
State,33,New Hampshire,Admelog Solostar,Insulin Lispro,124,415,670.7,123293.16,159,,348,577,102706.1,,137,423.89,11877.06,N,N,N,N,2024
State,34,New Jersey,Admelog Solostar,Insulin Lispro,1116,4305,6929.1,943722.52,1607,,3288,5368.5,713279,,1240,6297.94,73517.1,N,N,N,N,2024
State,35,New Mexico,Admelog Solostar,Insulin Lispro,277,1036,1434.6,206297.04,420,,663,922,123337.46,,269,2683.5,8794.81,N,N,N,N,2024
State,36,New York,Admelog Solostar,Insulin Lispro,4144,20434,30277.3,3464185.08,6715,,17000,25080.1,2781392.67,,5517,15608.3,154427.45,N,N,N,N,2024
State,37,North Carolina,Admelog Solostar,Insulin Lispro,537,1787,2552,350179.93,690,,1472,2134.9,286579.63,,578,1537.35,32787.33,N,N,N,N,2024
State,38,North Dakota,Admelog Solostar,Insulin Lispro,101,462,659.3,123335.64,133,,286,441.9,76980.06,,85,696.6,4219.45,N,N,N,N,2024
State,39,Ohio,Admelog Solostar,Insulin Lispro,2457,13003,19567.4,3096482.37,4261,,9962,15517,2398682.58,,3416,8181.59,173889.85,N,N,N,N,2024
State,40,Oklahoma,Admelog Solostar,Insulin Lispro,285,968,1523.2,248165.92,354,,854,1360,219727.03,,310,626.13,28595.18,N,N,N,N,2024
State,41,Oregon,Admelog Solostar,Insulin Lispro,388,997,1687.7,259227.37,472,,701,1234.5,181172.46,,338,1989.2,19743.09,N,N,N,N,2024
State,42,Pennsylvania,Admelog Solostar,Insulin Lispro,2473,12476,20131.6,3150609.85,4057,,10103,16562.9,2545495.82,,3298,12142.06,236362.42,N,N,N,N,2024
State,44,Rhode Island,Admelog Solostar,Insulin Lispro,300,1607,2438.4,353315.59,529,,1105,1690.8,234142.83,,364,697.1,16651.64,N,N,N,N,2024
State,45,South Carolina,Admelog Solostar,Insulin Lispro,592,1839,3035.1,429107.85,749,,1312,2239.5,321635.8,,561,2125.5,36106.02,N,N,N,N,2024
State,46,South Dakota,Admelog Solostar,Insulin Lispro,72,378,494.7,79187.34,112,,281,374.6,53291.48,,83,365.6,3436.72,N,N,N,N,2024
State,47,Tennessee,Admelog Solostar,Insulin Lispro,348,1025,1489.6,248114.21,410,,857,1256,209825.98,,335,1244,22480.83,N,N,N,N,2024
State,48,Texas,Admelog Solostar,Insulin Lispro,1360,5184,7452.6,976043.05,2030,,4229,6089.7,775548.04,,1676,6283.36,84047.11,N,N,N,N,2024
State,49,Utah,Admelog Solostar,Insulin Lispro,324,1188,1901.8,357528.28,443,,717,1188.8,199128.55,,292,1076.38,13594.4,N,N,N,N,2024
State,50,Vermont,Admelog Solostar,Insulin Lispro,65,254,445.1,76931.29,87,,205,349.8,59873.31,,71,256,5206.78,N,N,N,N,2024
State,51,Virginia,Admelog Solostar,Insulin Lispro,592,2383,3215.8,411317.46,780,,1848,2530.1,312728.23,,621,2372.37,31393.59,N,N,N,N,2024
State,53,Washington,Admelog Solostar,Insulin Lispro,654,2157,3351.7,537144.82,744,,1543,2496.4,393533.98,,548,1792.13,25350.04,N,N,N,N,2024
State,54,West Virginia,Admelog Solostar,Insulin Lispro,271,1184,1694.7,255684.65,367,,846,1230.6,173975.6,,262,1266.89,11876.02,N,N,N,N,2024
State,55,Wisconsin,Admelog Solostar,Insulin Lispro,562,2474,3428,607676.81,681,,1684,2351.4,365642.61,,458,2365.91,27214.83,N,N,N,N,2024
State,56,Wyoming,Admelog Solostar,Insulin Lispro,57,179,238,28955.61,59,,141,181,21492.11,,45,316.88,1902.04,N,N,N,N,2024
State,72,Puerto Rico,Admelog Solostar,Insulin Lispro,10,36,65.2,10529.31,16,,20,45.5,6340.55,#,,18.4,35,N,N,N,N,2024
State,9E,Foreign Country,Admelog Solostar,Insulin Lispro,4,17,20.4,1888.32,,#,,,,*,,4.6,45,N,N,N,N,2024
National,,National,Apidra,Insulin Glulisine,744,2245,4154.4,735198.05,667,,1693,3235.8,537171.74,,503,2507.4,62905.49,N,N,N,N,2024
State,01,Alabama,Apidra,Insulin Glulisine,8,21,33.5,6147.7,,,21,33.5,6147.7,*,,11.2,905,N,N,N,N,2024
State,04,Arizona,Apidra,Insulin Glulisine,14,44,91.5,14867.93,12,,33,77.7,11923.75,*,,33.6,1337.94,N,N,N,N,2024
State,05,Arkansas,Apidra,Insulin Glulisine,5,13,32.6,9217.77,,*,,,,*,,0,280,N,N,N,N,2024
State,06,California,Apidra,Insulin Glulisine,70,226,369.1,57648.05,66,,188,311.8,44891.34,#,,282.6,6607.48,N,N,N,N,2024
State,08,Colorado,Apidra,Insulin Glulisine,6,19,36.2,5952.95,,*,,,,*,,85.6,650,N,N,N,N,2024
State,09,Connecticut,Apidra,Insulin Glulisine,19,57,144.3,29159.93,18,,43,115,23363.02,#,,0,412.62,N,N,N,N,2024
State,11,District of Columbia,Apidra,Insulin Glulisine,2,12,18,2926.05,,,0,0,0,#,,134.4,0,N,N,N,N,2024
State,12,Florida,Apidra,Insulin Glulisine,38,74,155.4,24364.9,36,,58,138.7,21567.81,#,,135,2189.2,N,N,N,N,2024
State,13,Georgia,Apidra,Insulin Glulisine,25,98,141.6,21409.44,20,,82,125,19975.99,#,,207.2,2113.26,N,N,N,N,2024
State,16,Idaho,Apidra,Insulin Glulisine,10,34,50.9,4272.71,,#,,,,*,,105,1107.4,N,N,N,N,2024
State,17,Illinois,Apidra,Insulin Glulisine,24,64,104.9,14988.82,21,,50,89.4,10337.99,#,,32.2,947.04,N,N,N,N,2024
State,18,Indiana,Apidra,Insulin Glulisine,17,46,86.6,17628.84,18,,29,60.8,11261.78,*,,47.4,976.89,N,N,N,N,2024
State,21,Kentucky,Apidra,Insulin Glulisine,21,67,99.2,17207.05,18,,48,72.1,12243.04,#,,75,1242,N,N,N,N,2024
State,22,Louisiana,Apidra,Insulin Glulisine,10,30,33.8,4385.13,,#,,,,*,,22.4,394.43,N,N,N,N,2024
State,23,Maine,Apidra,Insulin Glulisine,8,32,59.8,17054.84,,#,,,,*,,22.4,1006.32,N,N,N,N,2024
State,24,Maryland,Apidra,Insulin Glulisine,12,57,98.8,14192.95,12,,42,83.8,12732.53,*,,33.6,2060,N,N,N,N,2024
State,25,Massachusetts,Apidra,Insulin Glulisine,17,45,88.4,17370.61,17,,30,72.4,12505.66,#,,79,1799.12,N,N,N,N,2024
State,26,Michigan,Apidra,Insulin Glulisine,55,162,308.8,66849.8,46,,136,248.8,43207.38,,34,100.6,4457.5,N,N,N,N,2024
State,27,Minnesota,Apidra,Insulin Glulisine,9,31,60.2,8952.75,,,20,33.5,4705.04,*,,4.6,1005,N,N,N,N,2024
State,28,Mississippi,Apidra,Insulin Glulisine,7,17,29.4,3227.04,,*,,,,*,,33.6,199.83,N,N,N,N,2024
State,29,Missouri,Apidra,Insulin Glulisine,13,39,97.7,15626.48,14,,20,52.2,8434.27,*,,58.6,906.6,N,N,N,N,2024
State,31,Nebraska,Apidra,Insulin Glulisine,3,15,15,3087.78,,*,,,,*,,0,35,N,N,N,N,2024
State,34,New Jersey,Apidra,Insulin Glulisine,40,118,254.1,52415.48,35,,103,230.7,45401.13,#,,22.4,4205.57,N,N,N,N,2024
State,36,New York,Apidra,Insulin Glulisine,40,118,214.1,39283.2,38,,106,194.8,35751.02,#,,40.8,2756.58,N,N,N,N,2024
State,37,North Carolina,Apidra,Insulin Glulisine,18,61,124.9,26174.33,19,,47,102.9,20721.04,#,,22.4,3163,N,N,N,N,2024
State,39,Ohio,Apidra,Insulin Glulisine,22,67,119.5,21927.18,21,,41,76.8,12510.79,#,,13.8,2162.26,N,N,N,N,2024
State,40,Oklahoma,Apidra,Insulin Glulisine,9,29,62.6,7075.04,,#,,,,*,,4.6,1230.68,N,N,N,N,2024
State,41,Oregon,Apidra,Insulin Glulisine,9,20,45.8,8181.92,,*,,,,*,,85.8,470,N,N,N,N,2024
State,42,Pennsylvania,Apidra,Insulin Glulisine,65,205,345.2,60382.41,60,,158,275.9,46335.77,,45,348.6,7176.43,N,N,N,N,2024
State,45,South Carolina,Apidra,Insulin Glulisine,8,42,82.3,17954.89,,,25,51.7,10442.8,*,,32.2,1403.79,N,N,N,N,2024
State,47,Tennessee,Apidra,Insulin Glulisine,14,41,74,11565.03,12,#,,,,*,,33.6,1126,N,N,N,N,2024
State,48,Texas,Apidra,Insulin Glulisine,38,98,200.6,33251.49,36,,62,142.8,23250.97,#,,89.6,4310.33,N,N,N,N,2024
State,49,Utah,Apidra,Insulin Glulisine,5,25,43.5,10083.08,,#,,,,*,,32.2,350,N,N,N,N,2024
State,51,Virginia,Apidra,Insulin Glulisine,13,46,89.5,12835.8,12,,29,52.3,5809.23,*,,100.8,1220,N,N,N,N,2024
State,53,Washington,Apidra,Insulin Glulisine,14,37,78.5,14759.3,13,#,,,,#,,35,767.22,N,N,N,N,2024
State,54,West Virginia,Apidra,Insulin Glulisine,7,19,43.8,7446.66,,#,,,,*,,22.4,451,N,N,N,N,2024
State,72,Puerto Rico,Apidra,Insulin Glulisine,12,44,64.1,6755.22,,,30,44.8,4871.69,*,,0,0,N,N,N,N,2024
National,,National,Apidra Solostar,Insulin Glulisine,2682,8018,14511.1,2296756.35,2523,,6345,12123.2,1835596.9,,2033,9403.33,183263.48,N,N,N,N,2024
State,01,Alabama,Apidra Solostar,Insulin Glulisine,18,33,89.1,11739.54,16,#,,,,#,,22.4,1072.2,N,N,N,N,2024
State,02,Alaska,Apidra Solostar,Insulin Glulisine,9,17,33.8,3877.08,,#,,,,*,,4.6,234.96,N,N,N,N,2024
State,04,Arizona,Apidra Solostar,Insulin Glulisine,34,93,197.1,30556.41,31,#,,,,#,,81,2033.27,N,N,N,N,2024
State,05,Arkansas,Apidra Solostar,Insulin Glulisine,9,23,36.2,5459.59,,,11,19.6,2320.01,*,,119.2,55,N,N,N,N,2024
State,06,California,Apidra Solostar,Insulin Glulisine,292,970,1659.3,257617.61,278,,837,1473.1,223875.77,,240,832.91,17302.83,N,N,N,N,2024
State,08,Colorado,Apidra Solostar,Insulin Glulisine,24,73,164.3,24523.09,22,,46,116,16449.34,#,,85.6,1818.81,N,N,N,N,2024
State,09,Connecticut,Apidra Solostar,Insulin Glulisine,31,118,222.3,32319.44,28,,98,195.3,24686.65,#,,15.8,888.06,N,N,N,N,2024
State,10,Delaware,Apidra Solostar,Insulin Glulisine,6,14,25.4,6209.49,,,14,25.4,6209.49,*,,22.4,535.19,N,N,N,N,2024
State,12,Florida,Apidra Solostar,Insulin Glulisine,130,333,645.1,98098.96,117,,285,583.3,90739.15,,101,665.8,7842.62,N,N,N,N,2024
State,13,Georgia,Apidra Solostar,Insulin Glulisine,92,236,460.1,65759.6,91,,177,365,50454.5,,66,179.2,6178.7,N,N,N,N,2024
State,15,Hawaii,Apidra Solostar,Insulin Glulisine,20,61,137.3,20340.89,22,#,,,,#,,27,1140,N,N,N,N,2024
State,16,Idaho,Apidra Solostar,Insulin Glulisine,32,89,168.2,22338.79,30,#,,,,#,,211.72,2286.54,N,N,N,N,2024
State,17,Illinois,Apidra Solostar,Insulin Glulisine,73,169,313.4,54180.23,62,#,,,,#,,96,5629.96,N,N,N,N,2024
State,18,Indiana,Apidra Solostar,Insulin Glulisine,109,320,640,116752.85,110,,237,507.7,77570.38,,77,313,7084.17,N,N,N,N,2024
State,19,Iowa,Apidra Solostar,Insulin Glulisine,9,37,40.3,18100.14,,#,,,,*,,27,747.53,N,N,N,N,2024
State,20,Kansas,Apidra Solostar,Insulin Glulisine,17,51,85.4,13223.66,15,,38,65.9,11158.18,#,,38.8,1234.69,N,N,N,N,2024
State,21,Kentucky,Apidra Solostar,Insulin Glulisine,43,111,177.7,38156.05,43,,89,147,32804.97,,31,236.6,2156.07,N,N,N,N,2024
State,22,Louisiana,Apidra Solostar,Insulin Glulisine,25,78,128.1,14060.89,26,,56,93.7,10690.06,#,,49.4,1905.33,N,N,N,N,2024
State,23,Maine,Apidra Solostar,Insulin Glulisine,5,12,25.9,3730.04,,*,,,,*,,11.2,326.27,N,N,N,N,2024
State,24,Maryland,Apidra Solostar,Insulin Glulisine,50,124,224.8,38766.15,48,,95,174.6,29764.86,,37,96.2,3878.55,N,N,N,N,2024
State,25,Massachusetts,Apidra Solostar,Insulin Glulisine,34,111,188.9,25282.38,32,,88,157.6,19119.28,#,,154.6,2150,N,N,N,N,2024
State,26,Michigan,Apidra Solostar,Insulin Glulisine,220,746,1383.9,223198.37,213,,566,1136.7,163356.48,,173,961.5,18226.17,N,N,N,N,2024
State,27,Minnesota,Apidra Solostar,Insulin Glulisine,27,87,130.3,36258.13,23,,31,59.5,8379.51,#,,71,805,N,N,N,N,2024
State,28,Mississippi,Apidra Solostar,Insulin Glulisine,12,31,61.1,14503.37,12,#,,,,*,,33.6,516,N,N,N,N,2024
State,29,Missouri,Apidra Solostar,Insulin Glulisine,57,169,271.1,49894.41,54,,111,198.1,26753.87,,40,255.04,2947.28,N,N,N,N,2024
State,30,Montana,Apidra Solostar,Insulin Glulisine,5,22,28.4,4324.35,,*,,,,*,,129,120,N,N,N,N,2024
State,31,Nebraska,Apidra Solostar,Insulin Glulisine,9,35,44.5,10001.2,,#,,,,*,,13.8,180.65,N,N,N,N,2024
State,32,Nevada,Apidra Solostar,Insulin Glulisine,18,42,93.9,16203.57,17,#,,,,#,,91,1086.67,N,N,N,N,2024
State,33,New Hampshire,Apidra Solostar,Insulin Glulisine,7,29,42,5744.53,,#,,,,*,,11.2,964,N,N,N,N,2024
State,34,New Jersey,Apidra Solostar,Insulin Glulisine,114,390,895.4,129654.56,131,,357,837.2,117540.79,,118,146,13061.82,N,N,N,N,2024
State,35,New Mexico,Apidra Solostar,Insulin Glulisine,10,18,38.5,7066.41,,*,,,,*,,85.6,10,N,N,N,N,2024
State,36,New York,Apidra Solostar,Insulin Glulisine,196,560,1016.3,159091.53,177,,458,862,134190.17,,155,1013.6,10228.44,N,N,N,N,2024
State,37,North Carolina,Apidra Solostar,Insulin Glulisine,84,263,408.2,65014.7,80,,196,312.5,50822.95,,58,187.6,6791.27,N,N,N,N,2024
State,39,Ohio,Apidra Solostar,Insulin Glulisine,132,378,631,110550.97,118,,285,510,80674.45,,92,391.2,10596.24,N,N,N,N,2024
State,40,Oklahoma,Apidra Solostar,Insulin Glulisine,22,67,108.1,26402.88,22,,43,80.7,18750.15,#,,101.86,1437,N,N,N,N,2024
State,41,Oregon,Apidra Solostar,Insulin Glulisine,23,44,96.6,13780.71,19,#,,,,#,,29.6,1178.16,N,N,N,N,2024
State,42,Pennsylvania,Apidra Solostar,Insulin Glulisine,244,685,1268.8,177494.47,241,,554,1056.5,149261.82,,185,696.8,15445.26,N,N,N,N,2024
State,45,South Carolina,Apidra Solostar,Insulin Glulisine,42,135,267.5,40681.62,44,#,,,,#,,292,3405.98,N,N,N,N,2024
State,46,South Dakota,Apidra Solostar,Insulin Glulisine,5,20,24.6,3033.79,,#,,,,*,,0,719.6,N,N,N,N,2024
State,47,Tennessee,Apidra Solostar,Insulin Glulisine,28,78,140,19799.25,28,,63,119.8,16143.2,#,,198.2,2189.82,N,N,N,N,2024
State,48,Texas,Apidra Solostar,Insulin Glulisine,162,462,796.7,120530.25,167,,387,693.4,108185.63,,139,830.3,12413.13,N,N,N,N,2024
State,49,Utah,Apidra Solostar,Insulin Glulisine,18,69,106.9,20166.46,14,#,,,,#,,41.4,2580.07,N,N,N,N,2024
State,50,Vermont,Apidra Solostar,Insulin Glulisine,5,13,32.1,2897.49,,,13,32.1,2897.49,*,,0,471.69,N,N,N,N,2024
State,51,Virginia,Apidra Solostar,Insulin Glulisine,64,154,297.1,53324.66,58,,115,239.5,41882.01,#,,25,4796.15,N,N,N,N,2024
State,53,Washington,Apidra Solostar,Insulin Glulisine,45,231,314.3,34188.14,43,,97,174.1,27182.43,#,,167.2,3419.46,N,N,N,N,2024
State,54,West Virginia,Apidra Solostar,Insulin Glulisine,18,45,81,8046.94,19,,34,63.7,5070.72,#,,46,1079.75,N,N,N,N,2024
State,55,Wisconsin,Apidra Solostar,Insulin Glulisine,26,81,124.2,23912.2,24,,69,104.8,18791.8,#,,237.8,1045,N,N,N,N,2024
State,72,Puerto Rico,Apidra Solostar,Insulin Glulisine,15,60,97.6,15607.98,14,,46,83.6,10946.15,#,,0,549.16,N,N,N,N,2024
