date,code,name,brand,device,segment,items,quantity,units,actual_cost
2020-11-01,0601011A0BBAAAA,NovoRapid 100units/ml solution for injection 10ml vials,NovoRapid,Vial,Vial/pump,14347.0,58041.0,58041000.0,760324.81989
2020-11-01,0601011A0BBABAB,NovoRapid Penfill 100units/ml inj 3ml cartridges,NovoRapid,Cartridge,Pen/cartridge,49841.0,407289.0,122186700.0,2145741.0971399997
2020-11-01,0601011A0BBADAC,NovoRapid FlexPen 100units/ml inj 3ml pre-filled pens,NovoRapid,FlexPen U100,Pen/cartridge,80213.0,553060.0,165918000.0,3149761.15958
2020-11-01,0601011A0BBAEAC,NovoRapid FlexTouch 100units/ml inj 3ml pre-filled pens,NovoRapid,FlexTouch U100,Pen/cartridge,3630.0,25673.0,7701900.0,153518.70259
2020-11-01,0601011A0BBAFAD,NovoRapid PumpCart 100units/ml inj 1.6ml cartridges,NovoRapid,PumpCart,Vial/pump,4014.0,64114.0,10258240.0,180152.31563
2020-11-01,0601011A0BCAAAC,Fiasp FlexTouch 100units/ml inj 3ml pre-filled pens,Fiasp,FlexTouch U100,Pen/cartridge,5620.0,35153.0,10545900.0,200212.93611
2020-11-01,0601011A0BCABAB,Fiasp Penfill 100units/ml inj 3ml cartridges,Fiasp,Cartridge,Pen/cartridge,3566.0,23988.0,7196400.0,126384.8575
2020-11-01,0601011A0BCACAA,Fiasp 100units/ml solution for injection 10ml vials,Fiasp,Vial,Vial/pump,1943.0,7516.0,7516000.0,98457.37026
2020-11-01,0601011L0BBABAB,Humalog 100units/ml solution for injection 10ml vials,Humalog,Vial,Vial/pump,2942.0,11564.0,11564000.0,178702.24744
2020-11-01,0601011L0BBACAC,Humalog 100units/ml solution for injection 3ml cartridges,Humalog,Cartridge,Pen/cartridge,12899.0,111190.0,33357000.0,585772.59546
2020-11-01,0601011L0BBAFAF,Humalog Pen 100units/ml inj 3ml pre-filled pens,Humalog,Pen U100,Pen/cartridge,4.0,16.0,4800.0,87.84562
2020-11-01,0601011L0BBAGAF,Humalog KwikPen 100units/ml inj 3ml pre-filled pens,Humalog,KwikPen U100,Pen/cartridge,14876.0,105387.0,31616100.0,577846.9421699999
2020-11-01,0601011L0BBAHAG,Humalog KwikPen 200units/ml inj 3ml pre-filled pens,Humalog,KwikPen U200,Pen/cartridge,2298.0,19223.0,11533800.0,210762.80149
2020-11-01,0601011L0BBAIAF,Humalog Junior KwikPen 100units/ml inj 3ml pre-filled pens,Humalog,Junior KwikPen,Pen/cartridge,302.0,1680.0,504000.0,9213.727509999999
2020-11-01,0601011L0BDABAB,Lyumjev 100units/ml solution for injection 10ml vials,Lyumjev,Vial,Vial/pump,7.0,34.0,34000.0,525.38852
2020-11-01,0601011L0BDACAC,Lyumjev 100units/ml solution for injection 3ml cartridges,Lyumjev,Cartridge,Pen/cartridge,5.0,35.0,10500.0,184.39292
2020-11-01,0601011L0BDADAF,Lyumjev KwikPen 100units/ml inj 3ml pre-filled pens,Lyumjev,KwikPen U100,Pen/cartridge,10.0,50.0,15000.0,274.1508
2020-11-01,0601011L0BDAEAF,Lyumjev Junior KwikPen 100units/ml inj 3ml pre-filled pens,Lyumjev,Junior KwikPen,Pen/cartridge,1.0,5.0,1500.0,27.40268
2020-11-01,0601011P0BBAAAA,Apidra 100units/ml solution for injection 10ml vials,Apidra,Vial,Vial/pump,385.0,1587.0,1587000.0,23623.05594
2020-11-01,0601011P0BBABAB,Apidra 100units/ml solution for injection 3ml cartridges,Apidra,Cartridge,Pen/cartridge,651.0,5061.0,1518300.0,26653.81484
2020-11-01,0601011P0BBAEAC,Apidra 100units/ml inj 3ml pre-filled SoloStar pens,Apidra,Pen U100,Pen/cartridge,6258.0,42813.0,12843900.0,225520.95843
2020-12-01,0601011A0BBAAAA,NovoRapid 100units/ml solution for injection 10ml vials,NovoRapid,Vial,Vial/pump,16279.0,65896.0,65896000.0,863026.84516
2020-12-01,0601011A0BBABAB,NovoRapid Penfill 100units/ml inj 3ml cartridges,NovoRapid,Cartridge,Pen/cartridge,56749.0,471005.0,141301500.0,2480803.88924
2020-12-01,0601011A0BBADAC,NovoRapid FlexPen 100units/ml inj 3ml pre-filled pens,NovoRapid,FlexPen U100,Pen/cartridge,89642.0,618399.0,185519700.0,3521113.57436
2020-12-01,0601011A0BBAEAC,NovoRapid FlexTouch 100units/ml inj 3ml pre-filled pens,NovoRapid,FlexTouch U100,Pen/cartridge,4080.0,28706.0,8611800.0,171617.30957
2020-12-01,0601011A0BBAFAD,NovoRapid PumpCart 100units/ml inj 1.6ml cartridges,NovoRapid,PumpCart,Vial/pump,4389.0,69935.0,11189600.0,196463.83951
2020-12-01,0601011A0BCAAAC,Fiasp FlexTouch 100units/ml inj 3ml pre-filled pens,Fiasp,FlexTouch U100,Pen/cartridge,6547.0,40724.0,12217200.0,231886.46016
2020-12-01,0601011A0BCABAB,Fiasp Penfill 100units/ml inj 3ml cartridges,Fiasp,Cartridge,Pen/cartridge,4162.0,28455.0,8536500.0,149885.05009
2020-12-01,0601011A0BCACAA,Fiasp 100units/ml solution for injection 10ml vials,Fiasp,Vial,Vial/pump,2227.0,8532.0,8532000.0,111746.67416
2020-12-01,0601011L0BBABAB,Humalog 100units/ml solution for injection 10ml vials,Humalog,Vial,Vial/pump,3322.0,13313.0,13313000.0,205678.27501
2020-12-01,0601011L0BBACAC,Humalog 100units/ml solution for injection 3ml cartridges,Humalog,Cartridge,Pen/cartridge,14792.0,128216.0,38464800.0,675315.76791
2020-12-01,0601011L0BBAFAF,Humalog Pen 100units/ml inj 3ml pre-filled pens,Humalog,Pen U100,Pen/cartridge,5.0,13.0,3900.0,71.47566
2020-12-01,0601011L0BBAGAF,Humalog KwikPen 100units/ml inj 3ml pre-filled pens,Humalog,KwikPen U100,Pen/cartridge,16503.0,117226.0,35167800.0,642625.17715
2020-12-01,0601011L0BBAHAG,Humalog KwikPen 200units/ml inj 3ml pre-filled pens,Humalog,KwikPen U200,Pen/cartridge,2610.0,22398.0,13438800.0,245501.07606
2020-12-01,0601011L0BBAIAF,Humalog Junior KwikPen 100units/ml inj 3ml pre-filled pens,Humalog,Junior KwikPen,Pen/cartridge,368.0,2095.0,628500.0,11485.72914
2020-12-01,0601011L0BDABAB,Lyumjev 100units/ml solution for injection 10ml vials,Lyumjev,Vial,Vial/pump,22.0,82.0,82000.0,1266.87772
2020-12-01,0601011L0BDACAC,Lyumjev 100units/ml solution for injection 3ml cartridges,Lyumjev,Cartridge,Pen/cartridge,7.0,35.0,10500.0,184.37599
2020-12-01,0601011L0BDADAF,Lyumjev KwikPen 100units/ml inj 3ml pre-filled pens,Lyumjev,KwikPen U100,Pen/cartridge,16.0,68.0,20400.0,373.18492
2020-12-01,0601011L0BDAEAF,Lyumjev Junior KwikPen 100units/ml inj 3ml pre-filled pens,Lyumjev,Junior KwikPen,Pen/cartridge,4.0,35.0,10500.0,191.80013
2020-12-01,0601011P0BBAAAA,Apidra 100units/ml solution for injection 10ml vials,Apidra,Vial,Vial/pump,462.0,1901.0,1901000.0,28290.62017
2020-12-01,0601011P0BBABAB,Apidra 100units/ml solution for injection 3ml cartridges,Apidra,Cartridge,Pen/cartridge,760.0,5844.0,1753200.0,30770.41473
2020-12-01,0601011P0BBAEAC,Apidra 100units/ml inj 3ml pre-filled SoloStar pens,Apidra,Pen U100,Pen/cartridge,6944.0,47689.0,14306700.0,251155.61057
2021-01-01,0601011A0BBAAAA,NovoRapid 100units/ml solution for injection 10ml vials,NovoRapid,Vial,Vial/pump,14320.0,57415.0,57415000.0,752600.00404
2021-01-01,0601011A0BBABAB,NovoRapid Penfill 100units/ml inj 3ml cartridges,NovoRapid,Cartridge,Pen/cartridge,48628.0,397107.0,119132100.0,2093384.91408
2021-01-01,0601011A0BBADAC,NovoRapid FlexPen 100units/ml inj 3ml pre-filled pens,NovoRapid,FlexPen U100,Pen/cartridge,80633.0,551016.0,165304800.0,3140137.36954
2021-01-01,0601011A0BBAEAC,NovoRapid FlexTouch 100units/ml inj 3ml pre-filled pens,NovoRapid,FlexTouch U100,Pen/cartridge,3660.0,25986.0,7795800.0,155490.0996
2021-01-01,0601011A0BBAFAD,NovoRapid PumpCart 100units/ml inj 1.6ml cartridges,NovoRapid,PumpCart,Vial/pump,3731.0,59310.0,9489600.0,166758.04964
2021-01-01,0601011A0BCAAAC,Fiasp FlexTouch 100units/ml inj 3ml pre-filled pens,Fiasp,FlexTouch U100,Pen/cartridge,6047.0,37182.0,11154600.0,211905.11626
2021-01-01,0601011A0BCABAB,Fiasp Penfill 100units/ml inj 3ml cartridges,Fiasp,Cartridge,Pen/cartridge,3780.0,25728.0,7718400.0,135637.43875
2021-01-01,0601011A0BCACAA,Fiasp 100units/ml solution for injection 10ml vials,Fiasp,Vial,Vial/pump,2011.0,7789.0,7789000.0,102097.72727
2021-01-01,0601011L0BBABAB,Humalog 100units/ml solution for injection 10ml vials,Humalog,Vial,Vial/pump,2832.0,11082.0,11082000.0,171357.89951000002
2021-01-01,0601011L0BBACAC,Humalog 100units/ml solution for injection 3ml cartridges,Humalog,Cartridge,Pen/cartridge,12437.0,106144.0,31843200.0,559544.8934
2021-01-01,0601011L0BBAFAF,Humalog Pen 100units/ml inj 3ml pre-filled pens,Humalog,Pen U100,Pen/cartridge,2.0,10.0,3000.0,54.86462
2021-01-01,0601011L0BBAGAF,Humalog KwikPen 100units/ml inj 3ml pre-filled pens,Humalog,KwikPen U100,Pen/cartridge,14953.0,105250.0,31575000.0,577457.62898
2021-01-01,0601011L0BBAHAG,Humalog KwikPen 200units/ml inj 3ml pre-filled pens,Humalog,KwikPen U200,Pen/cartridge,2364.0,19516.0,11709600.0,214094.54907
2021-01-01,0601011L0BBAIAF,Humalog Junior KwikPen 100units/ml inj 3ml pre-filled pens,Humalog,Junior KwikPen,Pen/cartridge,344.0,1885.0,565500.0,10344.14225
2021-01-01,0601011L0BDABAB,Lyumjev 100units/ml solution for injection 10ml vials,Lyumjev,Vial,Vial/pump,28.0,122.0,122000.0,1886.43866
2021-01-01,0601011L0BDACAC,Lyumjev 100units/ml solution for injection 3ml cartridges,Lyumjev,Cartridge,Pen/cartridge,8.0,50.0,15000.0,263.59467
2021-01-01,0601011L0BDADAF,Lyumjev KwikPen 100units/ml inj 3ml pre-filled pens,Lyumjev,KwikPen U100,Pen/cartridge,20.0,112.0,33600.0,614.55026
2021-01-01,0601011L0BDAEAF,Lyumjev Junior KwikPen 100units/ml inj 3ml pre-filled pens,Lyumjev,Junior KwikPen,Pen/cartridge,2.0,10.0,3000.0,54.85222
2021-01-01,0601011P0BBAAAA,Apidra 100units/ml solution for injection 10ml vials,Apidra,Vial,Vial/pump,415.0,1687.0,1687000.0,25127.39285
2021-01-01,0601011P0BBABAB,Apidra 100units/ml solution for injection 3ml cartridges,Apidra,Cartridge,Pen/cartridge,593.0,4690.0,1407000.0,24714.91627
2021-01-01,0601011P0BBAEAC,Apidra 100units/ml inj 3ml pre-filled SoloStar pens,Apidra,Pen U100,Pen/cartridge,6244.0,42842.0,12852600.0,225815.33075999998
2021-02-01,0601011A0BBAAAA,NovoRapid 100units/ml solution for injection 10ml vials,NovoRapid,Vial,Vial/pump,13301.0,52960.0,52960000.0,694689.02382
2021-02-01,0601011A0BBABAB,NovoRapid Penfill 100units/ml inj 3ml cartridges,NovoRapid,Cartridge,Pen/cartridge,45158.0,367561.0,110268300.0,1939013.66638
2021-02-01,0601011A0BBADAC,NovoRapid FlexPen 100units/ml inj 3ml pre-filled pens,NovoRapid,FlexPen U100,Pen/cartridge,76327.0,519951.0,155985300.0,2965214.9350300003
2021-02-01,0601011A0BBAEAC,NovoRapid FlexTouch 100units/ml inj 3ml pre-filled pens,NovoRapid,FlexTouch U100,Pen/cartridge,3531.0,25117.0,7535100.0,150395.55642
2021-02-01,0601011A0BBAFAD,NovoRapid PumpCart 100units/ml inj 1.6ml cartridges,NovoRapid,PumpCart,Vial/pump,3355.0,52626.0,8420160.0,148070.88521
2021-02-01,0601011A0BCAAAC,Fiasp FlexTouch 100units/ml inj 3ml pre-filled pens,Fiasp,FlexTouch U100,Pen/cartridge,5753.0,35404.0,10621200.0,201912.07158
2021-02-01,0601011A0BCABAB,Fiasp Penfill 100units/ml inj 3ml cartridges,Fiasp,Cartridge,Pen/cartridge,3546.0,24098.0,7229400.0,127132.72823
2021-02-01,0601011A0BCACAA,Fiasp 100units/ml solution for injection 10ml vials,Fiasp,Vial,Vial/pump,1874.0,7140.0,7140000.0,93661.20381
2021-02-01,0601011L0BBABAB,Humalog 100units/ml solution for injection 10ml vials,Humalog,Vial,Vial/pump,2590.0,10226.0,10226000.0,158233.76699
2021-02-01,0601011L0BBACAC,Humalog 100units/ml solution for injection 3ml cartridges,Humalog,Cartridge,Pen/cartridge,11527.0,99447.0,29834100.0,524609.12173
2021-02-01,0601011L0BBAFAF,Humalog Pen 100units/ml inj 3ml pre-filled pens,Humalog,Pen U100,Pen/cartridge,4.0,16.0,4800.0,88.41014
2021-02-01,0601011L0BBAGAF,Humalog KwikPen 100units/ml inj 3ml pre-filled pens,Humalog,KwikPen U100,Pen/cartridge,13885.0,97717.0,29315100.0,536535.08517
2021-02-01,0601011L0BBAHAG,Humalog KwikPen 200units/ml inj 3ml pre-filled pens,Humalog,KwikPen U200,Pen/cartridge,2215.0,18611.0,11166600.0,204310.13973
2021-02-01,0601011L0BBAIAF,Humalog Junior KwikPen 100units/ml inj 3ml pre-filled pens,Humalog,Junior KwikPen,Pen/cartridge,349.0,1927.0,578100.0,10582.20173
2021-02-01,0601011L0BDAAAG,Lyumjev KwikPen 200units/ml inj 3ml pre-filled pens,Lyumjev,KwikPen U200,Pen/cartridge,1.0,5.0,3000.0,54.89115
2021-02-01,0601011L0BDABAB,Lyumjev 100units/ml solution for injection 10ml vials,Lyumjev,Vial,Vial/pump,20.0,71.0,71000.0,1098.67058
2021-02-01,0601011L0BDACAC,Lyumjev 100units/ml solution for injection 3ml cartridges,Lyumjev,Cartridge,Pen/cartridge,4.0,35.0,10500.0,184.62736
2021-02-01,0601011L0BDADAF,Lyumjev KwikPen 100units/ml inj 3ml pre-filled pens,Lyumjev,KwikPen U100,Pen/cartridge,30.0,170.0,51000.0,933.31087
2021-02-01,0601011L0BDAEAF,Lyumjev Junior KwikPen 100units/ml inj 3ml pre-filled pens,Lyumjev,Junior KwikPen,Pen/cartridge,3.0,15.0,4500.0,82.34293
2021-02-01,0601011P0BBAAAA,Apidra 100units/ml solution for injection 10ml vials,Apidra,Vial,Vial/pump,368.0,1524.0,1524000.0,22715.67357
2021-02-01,0601011P0BBABAB,Apidra 100units/ml solution for injection 3ml cartridges,Apidra,Cartridge,Pen/cartridge,591.0,4616.0,1384800.0,24341.96846
2021-02-01,0601011P0BBAEAC,Apidra 100units/ml inj 3ml pre-filled SoloStar pens,Apidra,Pen U100,Pen/cartridge,5908.0,40410.0,12123000.0,213147.96127
2021-03-01,0601011A0BBAAAA,NovoRapid 100units/ml solution for injection 10ml vials,NovoRapid,Vial,Vial/pump,15203.0,60335.0,60335000.0,790682.63963
2021-03-01,0601011A0BBABAB,NovoRapid Penfill 100units/ml inj 3ml cartridges,NovoRapid,Cartridge,Pen/cartridge,50303.0,406181.0,121854300.0,2140733.42885
2021-03-01,0601011A0BBADAC,NovoRapid FlexPen 100units/ml inj 3ml pre-filled pens,NovoRapid,FlexPen U100,Pen/cartridge,84734.0,576375.0,172912500.0,3283867.8942
2021-03-01,0601011A0BBAEAC,NovoRapid FlexTouch 100units/ml inj 3ml pre-filled pens,NovoRapid,FlexTouch U100,Pen/cartridge,3890.0,27367.0,8210100.0,163712.22056
2021-03-01,0601011A0BBAFAD,NovoRapid PumpCart 100units/ml inj 1.6ml cartridges,NovoRapid,PumpCart,Vial/pump,3697.0,58860.0,9417600.0,165452.07579
2021-03-01,0601011A0BCAAAC,Fiasp FlexTouch 100units/ml inj 3ml pre-filled pens,Fiasp,FlexTouch U100,Pen/cartridge,6668.0,41076.0,12322800.0,234039.20996
2021-03-01,0601011A0BCABAB,Fiasp Penfill 100units/ml inj 3ml cartridges,Fiasp,Cartridge,Pen/cartridge,4118.0,27446.0,8233800.0,144658.35546
2021-03-01,0601011A0BCACAA,Fiasp 100units/ml solution for injection 10ml vials,Fiasp,Vial,Vial/pump,2145.0,7970.0,7970000.0,104445.50729
2021-03-01,0601011L0BBABAB,Humalog 100units/ml solution for injection 10ml vials,Humalog,Vial,Vial/pump,2900.0,11246.0,11246000.0,173855.14592
2021-03-01,0601011L0BBACAC,Humalog 100units/ml solution for injection 3ml cartridges,Humalog,Cartridge,Pen/cartridge,12865.0,109633.0,32889900.0,577794.00446
2021-03-01,0601011L0BBAFAF,Humalog Pen 100units/ml inj 3ml pre-filled pens,Humalog,Pen U100,Pen/cartridge,2.0,10.0,3000.0,54.85114
2021-03-01,0601011L0BBAGAF,Humalog KwikPen 100units/ml inj 3ml pre-filled pens,Humalog,KwikPen U100,Pen/cartridge,15599.0,109162.0,32748600.0,598794.13561
2021-03-01,0601011L0BBAHAG,Humalog KwikPen 200units/ml inj 3ml pre-filled pens,Humalog,KwikPen U200,Pen/cartridge,2455.0,20174.0,12104400.0,221269.79816
2021-03-01,0601011L0BBAIAF,Humalog Junior KwikPen 100units/ml inj 3ml pre-filled pens,Humalog,Junior KwikPen,Pen/cartridge,401.0,2264.0,679200.0,12422.219340000001
2021-03-01,0601011L0BDAAAG,Lyumjev KwikPen 200units/ml inj 3ml pre-filled pens,Lyumjev,KwikPen U200,Pen/cartridge,3.0,15.0,9000.0,164.51624999999999
2021-03-01,0601011L0BDABAB,Lyumjev 100units/ml solution for injection 10ml vials,Lyumjev,Vial,Vial/pump,30.0,120.0,120000.0,1855.0633699999998
2021-03-01,0601011L0BDACAC,Lyumjev 100units/ml solution for injection 3ml cartridges,Lyumjev,Cartridge,Pen/cartridge,10.0,60.0,18000.0,316.24087
2021-03-01,0601011L0BDADAF,Lyumjev KwikPen 100units/ml inj 3ml pre-filled pens,Lyumjev,KwikPen U100,Pen/cartridge,53.0,312.0,93600.0,1711.53546
2021-03-01,0601011L0BDAEAF,Lyumjev Junior KwikPen 100units/ml inj 3ml pre-filled pens,Lyumjev,Junior KwikPen,Pen/cartridge,12.0,60.0,18000.0,329.09445
2021-03-01,0601011P0BBAAAA,Apidra 100units/ml solution for injection 10ml vials,Apidra,Vial,Vial/pump,415.0,1683.0,1683000.0,25061.66863
2021-03-01,0601011P0BBABAB,Apidra 100units/ml solution for injection 3ml cartridges,Apidra,Cartridge,Pen/cartridge,623.0,4749.0,1424700.0,25020.04543
2021-03-01,0601011P0BBAEAC,Apidra 100units/ml inj 3ml pre-filled SoloStar pens,Apidra,Pen U100,Pen/cartridge,6460.0,44523.0,13356900.0,234620.4689
2021-04-01,0601011A0BBAAAA,NovoRapid 100units/ml solution for injection 10ml vials,NovoRapid,Vial,Vial/pump,15013.0,59892.0,59892000.0,785623.27692
2021-04-01,0601011A0BBABAB,NovoRapid Penfill 100units/ml inj 3ml cartridges,NovoRapid,Cartridge,Pen/cartridge,49375.0,402669.0,120800700.0,2124224.88464
2021-04-01,0601011A0BBADAC,NovoRapid FlexPen 100units/ml inj 3ml pre-filled pens,NovoRapid,FlexPen U100,Pen/cartridge,83333.0,568272.0,170481600.0,3240812.09936
2021-04-01,0601011A0BBAEAC,NovoRapid FlexTouch 100units/ml inj 3ml pre-filled pens,NovoRapid,FlexTouch U100,Pen/cartridge,3836.0,27242.0,8172600.0,163121.57138
2021-04-01,0601011A0BBAFAD,NovoRapid PumpCart 100units/ml inj 1.6ml cartridges,NovoRapid,PumpCart,Vial/pump,3627.0,57745.0,9239200.0,162473.61442
2021-04-01,0601011A0BCAAAC,Fiasp FlexTouch 100units/ml inj 3ml pre-filled pens,Fiasp,FlexTouch U100,Pen/cartridge,6790.0,42120.0,12636000.0,240216.45351
2021-04-01,0601011A0BCABAB,Fiasp Penfill 100units/ml inj 3ml cartridges,Fiasp,Cartridge,Pen/cartridge,4244.0,28558.0,8567400.0,150670.26552
2021-04-01,0601011A0BCACAA,Fiasp 100units/ml solution for injection 10ml vials,Fiasp,Vial,Vial/pump,2262.0,8682.0,8682000.0,113884.88869
2021-04-01,0601011L0BBABAB,Humalog 100units/ml solution for injection 10ml vials,Humalog,Vial,Vial/pump,2919.0,11373.0,11373000.0,175983.54297
2021-04-01,0601011L0BBACAC,Humalog 100units/ml solution for injection 3ml cartridges,Humalog,Cartridge,Pen/cartridge,12493.0,106940.0,32082000.0,564146.93919
2021-04-01,0601011L0BBAFAF,Humalog Pen 100units/ml inj 3ml pre-filled pens,Humalog,Pen U100,Pen/cartridge,4.0,12.0,3600.0,66.11945
2021-04-01,0601011L0BBAGAF,Humalog KwikPen 100units/ml inj 3ml pre-filled pens,Humalog,KwikPen U100,Pen/cartridge,15351.0,107462.0,32238600.0,590022.50092
2021-04-01,0601011L0BBAHAG,Humalog KwikPen 200units/ml inj 3ml pre-filled pens,Humalog,KwikPen U200,Pen/cartridge,2492.0,20570.0,12342000.0,225819.09233
2021-04-01,0601011L0BBAIAF,Humalog Junior KwikPen 100units/ml inj 3ml pre-filled pens,Humalog,Junior KwikPen,Pen/cartridge,403.0,2339.0,701700.0,12843.28227
2021-04-01,0601011L0BDAAAG,Lyumjev KwikPen 200units/ml inj 3ml pre-filled pens,Lyumjev,KwikPen U200,Pen/cartridge,7.0,27.0,16200.0,296.62655
2021-04-01,0601011L0BDABAB,Lyumjev 100units/ml solution for injection 10ml vials,Lyumjev,Vial,Vial/pump,52.0,173.0,173000.0,2677.0759
2021-04-01,0601011L0BDACAC,Lyumjev 100units/ml solution for injection 3ml cartridges,Lyumjev,Cartridge,Pen/cartridge,24.0,187.0,56100.0,986.56067
2021-04-01,0601011L0BDADAF,Lyumjev KwikPen 100units/ml inj 3ml pre-filled pens,Lyumjev,KwikPen U100,Pen/cartridge,96.0,590.0,177000.0,3249.54578
2021-04-01,0601011L0BDAEAF,Lyumjev Junior KwikPen 100units/ml inj 3ml pre-filled pens,Lyumjev,Junior KwikPen,Pen/cartridge,16.0,90.0,27000.0,494.08566
2021-04-01,0601011P0BBAAAA,Apidra 100units/ml solution for injection 10ml vials,Apidra,Vial,Vial/pump,421.0,1760.0,1760000.0,26233.38916
2021-04-01,0601011P0BBABAB,Apidra 100units/ml solution for injection 3ml cartridges,Apidra,Cartridge,Pen/cartridge,636.0,4912.0,1473600.0,25903.45885
2021-04-01,0601011P0BBAEAC,Apidra 100units/ml inj 3ml pre-filled SoloStar pens,Apidra,Pen U100,Pen/cartridge,6430.0,43972.0,13191600.0,231942.38251
2021-05-01,0601011A0BBAAAA,NovoRapid 100units/ml solution for injection 10ml vials,NovoRapid,Vial,Vial/pump,14724.0,58754.0,58754000.0,770999.7387699999
2021-05-01,0601011A0BBABAB,NovoRapid Penfill 100units/ml inj 3ml cartridges,NovoRapid,Cartridge,Pen/cartridge,47217.0,383398.0,115019400.0,2023331.22517
2021-05-01,0601011A0BBADAC,NovoRapid FlexPen 100units/ml inj 3ml pre-filled pens,NovoRapid,FlexPen U100,Pen/cartridge,79821.0,544117.0,163235100.0,3104240.81942
2021-05-01,0601011A0BBAEAC,NovoRapid FlexTouch 100units/ml inj 3ml pre-filled pens,NovoRapid,FlexTouch U100,Pen/cartridge,3793.0,26787.0,8036100.0,160458.59365
2021-05-01,0601011A0BBAFAD,NovoRapid PumpCart 100units/ml inj 1.6ml cartridges,NovoRapid,PumpCart,Vial/pump,3386.0,53894.0,8623040.0,151696.11503
2021-05-01,0601011A0BCAAAC,Fiasp FlexTouch 100units/ml inj 3ml pre-filled pens,Fiasp,FlexTouch U100,Pen/cartridge,6701.0,41156.0,12346800.0,234801.2488
2021-05-01,0601011A0BCABAB,Fiasp Penfill 100units/ml inj 3ml cartridges,Fiasp,Cartridge,Pen/cartridge,4198.0,28315.0,8494500.0,149442.38482
2021-05-01,0601011A0BCACAA,Fiasp 100units/ml solution for injection 10ml vials,Fiasp,Vial,Vial/pump,2250.0,8504.0,8504000.0,111592.2048
2021-05-01,0601011L0BBABAB,Humalog 100units/ml solution for injection 10ml vials,Humalog,Vial,Vial/pump,2904.0,11516.0,11516000.0,178263.23931
2021-05-01,0601011L0BBACAC,Humalog 100units/ml solution for injection 3ml cartridges,Humalog,Cartridge,Pen/cartridge,11872.0,101841.0,30552300.0,537444.87668
2021-05-01,0601011L0BBAFAF,Humalog Pen 100units/ml inj 3ml pre-filled pens,Humalog,Pen U100,Pen/cartridge,4.0,25.0,7500.0,137.29913
2021-05-01,0601011L0BBAGAF,Humalog KwikPen 100units/ml inj 3ml pre-filled pens,Humalog,KwikPen U100,Pen/cartridge,14452.0,101467.0,30440100.0,557326.2631
2021-05-01,0601011L0BBAHAG,Humalog KwikPen 200units/ml inj 3ml pre-filled pens,Humalog,KwikPen U200,Pen/cartridge,2358.0,19398.0,11638800.0,213033.04671
2021-05-01,0601011L0BBAIAF,Humalog Junior KwikPen 100units/ml inj 3ml pre-filled pens,Humalog,Junior KwikPen,Pen/cartridge,357.0,1930.0,579000.0,10604.52693
2021-05-01,0601011L0BDAAAG,Lyumjev KwikPen 200units/ml inj 3ml pre-filled pens,Lyumjev,KwikPen U200,Pen/cartridge,10.0,42.0,25200.0,461.47498
2021-05-01,0601011L0BDABAB,Lyumjev 100units/ml solution for injection 10ml vials,Lyumjev,Vial,Vial/pump,87.0,312.0,312000.0,4829.74074
2021-05-01,0601011L0BDACAC,Lyumjev 100units/ml solution for injection 3ml cartridges,Lyumjev,Cartridge,Pen/cartridge,33.0,235.0,70500.0,1240.19271
2021-05-01,0601011L0BDADAF,Lyumjev KwikPen 100units/ml inj 3ml pre-filled pens,Lyumjev,KwikPen U100,Pen/cartridge,128.0,801.0,240300.0,4399.14808
2021-05-01,0601011L0BDAEAF,Lyumjev Junior KwikPen 100units/ml inj 3ml pre-filled pens,Lyumjev,Junior KwikPen,Pen/cartridge,18.0,105.0,31500.0,576.64647
2021-05-01,0601011P0BBAAAA,Apidra 100units/ml solution for injection 10ml vials,Apidra,Vial,Vial/pump,359.0,1420.0,1420000.0,21173.7416
2021-05-01,0601011P0BBABAB,Apidra 100units/ml solution for injection 3ml cartridges,Apidra,Cartridge,Pen/cartridge,597.0,4775.0,1432500.0,25190.01938
2021-05-01,0601011P0BBAEAC,Apidra 100units/ml inj 3ml pre-filled SoloStar pens,Apidra,Pen U100,Pen/cartridge,6068.0,41386.0,12415800.0,218374.06167999998
2021-06-01,0601011A0BBAAAA,NovoRapid 100units/ml solution for injection 10ml vials,NovoRapid,Vial,Vial/pump,16313.0,65434.0,65434000.0,858130.82391
2021-06-01,0601011A0BBABAB,NovoRapid Penfill 100units/ml inj 3ml cartridges,NovoRapid,Cartridge,Pen/cartridge,51404.0,418618.0,125585400.0,2207879.81133
2021-06-01,0601011A0BBADAC,NovoRapid FlexPen 100units/ml inj 3ml pre-filled pens,NovoRapid,FlexPen U100,Pen/cartridge,86062.0,585217.0,175565100.0,3336719.90161
2021-06-01,0601011A0BBAEAC,NovoRapid FlexTouch 100units/ml inj 3ml pre-filled pens,NovoRapid,FlexTouch U100,Pen/cartridge,4029.0,28317.0,8495100.0,169523.05692
2021-06-01,0601011A0BBAFAD,NovoRapid PumpCart 100units/ml inj 1.6ml cartridges,NovoRapid,PumpCart,Vial/pump,3544.0,56330.0,9012800.0,158458.16134
2021-06-01,0601011A0BCAAAC,Fiasp FlexTouch 100units/ml inj 3ml pre-filled pens,Fiasp,FlexTouch U100,Pen/cartridge,7422.0,45920.0,13776000.0,261834.52693
2021-06-01,0601011A0BCABAB,Fiasp Penfill 100units/ml inj 3ml cartridges,Fiasp,Cartridge,Pen/cartridge,4769.0,32183.0,9654900.0,169751.77538
2021-06-01,0601011A0BCACAA,Fiasp 100units/ml solution for injection 10ml vials,Fiasp,Vial,Vial/pump,2496.0,9580.0,9580000.0,125640.40813
2021-06-01,0601011A0BDABAC,Trurapi 100units/ml inj 3ml pre-filled Solostar pens,Trurapi,Pen U100,Pen/cartridge,1.0,4.0,1200.0,15.961
2021-06-01,0601011L0BBABAB,Humalog 100units/ml solution for injection 10ml vials,Humalog,Vial,Vial/pump,3065.0,12118.0,12118000.0,187470.08164
2021-06-01,0601011L0BBACAC,Humalog 100units/ml solution for injection 3ml cartridges,Humalog,Cartridge,Pen/cartridge,12757.0,109590.0,32877000.0,577992.60774
2021-06-01,0601011L0BBAFAF,Humalog Pen 100units/ml inj 3ml pre-filled pens,Humalog,Pen U100,Pen/cartridge,5.0,27.0,8100.0,148.41809
2021-06-01,0601011L0BBAGAF,Humalog KwikPen 100units/ml inj 3ml pre-filled pens,Humalog,KwikPen U100,Pen/cartridge,15962.0,112341.0,33702300.0,616671.14586
2021-06-01,0601011L0BBAHAG,Humalog KwikPen 200units/ml inj 3ml pre-filled pens,Humalog,KwikPen U200,Pen/cartridge,2601.0,21681.0,13008600.0,237965.54629
2021-06-01,0601011L0BBAIAF,Humalog Junior KwikPen 100units/ml inj 3ml pre-filled pens,Humalog,Junior KwikPen,Pen/cartridge,458.0,2588.0,776400.0,14210.09748
2021-06-01,0601011L0BDAAAG,Lyumjev KwikPen 200units/ml inj 3ml pre-filled pens,Lyumjev,KwikPen U200,Pen/cartridge,10.0,51.0,30600.0,559.86478
2021-06-01,0601011L0BDABAB,Lyumjev 100units/ml solution for injection 10ml vials,Lyumjev,Vial,Vial/pump,105.0,372.0,372000.0,5755.13434
2021-06-01,0601011L0BDACAC,Lyumjev 100units/ml solution for injection 3ml cartridges,Lyumjev,Cartridge,Pen/cartridge,51.0,368.0,110400.0,1941.0153400000002
2021-06-01,0601011L0BDADAF,Lyumjev KwikPen 100units/ml inj 3ml pre-filled pens,Lyumjev,KwikPen U100,Pen/cartridge,148.0,907.0,272100.0,4988.74079
2021-06-01,0601011L0BDAEAF,Lyumjev Junior KwikPen 100units/ml inj 3ml pre-filled pens,Lyumjev,Junior KwikPen,Pen/cartridge,22.0,116.0,34800.0,636.81694
2021-06-01,0601011P0BBAAAA,Apidra 100units/ml solution for injection 10ml vials,Apidra,Vial,Vial/pump,408.0,1652.0,1652000.0,24618.2775
2021-06-01,0601011P0BBABAB,Apidra 100units/ml solution for injection 3ml cartridges,Apidra,Cartridge,Pen/cartridge,655.0,4984.0,1495200.0,26277.53025
2021-06-01,0601011P0BBAEAC,Apidra 100units/ml inj 3ml pre-filled SoloStar pens,Apidra,Pen U100,Pen/cartridge,6534.0,44676.0,13402800.0,235594.04341
2021-07-01,0601011A0BBAAAA,NovoRapid 100units/ml solution for injection 10ml vials,NovoRapid,Vial,Vial/pump,16858.0,66926.0,66926000.0,878917.50379
2021-07-01,0601011A0BBABAB,NovoRapid Penfill 100units/ml inj 3ml cartridges,NovoRapid,Cartridge,Pen/cartridge,51315.0,416969.0,125090700.0,2202241.49753
2021-07-01,0601011A0BBADAC,NovoRapid FlexPen 100units/ml inj 3ml pre-filled pens,NovoRapid,FlexPen U100,Pen/cartridge,86675.0,591377.0,177413100.0,3376524.36073
2021-07-01,0601011A0BBAEAC,NovoRapid FlexTouch 100units/ml inj 3ml pre-filled pens,NovoRapid,FlexTouch U100,Pen/cartridge,4063.0,28805.0,8641500.0,172681.72919
2021-07-01,0601011A0BBAFAD,NovoRapid PumpCart 100units/ml inj 1.6ml cartridges,NovoRapid,PumpCart,Vial/pump,3524.0,56908.0,9105280.0,160305.99533
2021-07-01,0601011A0BCAAAC,Fiasp FlexTouch 100units/ml inj 3ml pre-filled pens,Fiasp,FlexTouch U100,Pen/cartridge,7710.0,47501.0,14250300.0,271227.61137
2021-07-01,0601011A0BCABAB,Fiasp Penfill 100units/ml inj 3ml cartridges,Fiasp,Cartridge,Pen/cartridge,4924.0,33499.0,10049700.0,176937.76512
2021-07-01,0601011A0BCACAA,Fiasp 100units/ml solution for injection 10ml vials,Fiasp,Vial,Vial/pump,2611.0,10072.0,10072000.0,132272.62971
2021-07-01,0601011A0BDABAC,Trurapi 100units/ml inj 3ml pre-filled Solostar pens,Trurapi,Pen U100,Pen/cartridge,1.0,4.0,1200.0,15.98322
2021-07-01,0601011L0BBABAB,Humalog 100units/ml solution for injection 10ml vials,Humalog,Vial,Vial/pump,3073.0,11993.0,11993000.0,185794.87111
2021-07-01,0601011L0BBACAC,Humalog 100units/ml solution for injection 3ml cartridges,Humalog,Cartridge,Pen/cartridge,12787.0,109676.0,32902800.0,579257.18405
2021-07-01,0601011L0BBAFAF,Humalog Pen 100units/ml inj 3ml pre-filled pens,Humalog,Pen U100,Pen/cartridge,3.0,15.0,4500.0,82.54567
2021-07-01,0601011L0BBAGAF,Humalog KwikPen 100units/ml inj 3ml pre-filled pens,Humalog,KwikPen U100,Pen/cartridge,15641.0,109972.0,32991600.0,604511.38335
2021-07-01,0601011L0BBAHAG,Humalog KwikPen 200units/ml inj 3ml pre-filled pens,Humalog,KwikPen U200,Pen/cartridge,2602.0,21577.0,12946200.0,237153.27644
2021-07-01,0601011L0BBAIAF,Humalog Junior KwikPen 100units/ml inj 3ml pre-filled pens,Humalog,Junior KwikPen,Pen/cartridge,454.0,2424.0,727200.0,13327.61072
2021-07-01,0601011L0BDAAAG,Lyumjev KwikPen 200units/ml inj 3ml pre-filled pens,Lyumjev,KwikPen U200,Pen/cartridge,20.0,110.0,66000.0,1212.29523
2021-07-01,0601011L0BDABAB,Lyumjev 100units/ml solution for injection 10ml vials,Lyumjev,Vial,Vial/pump,105.0,403.0,403000.0,6243.27732
2021-07-01,0601011L0BDACAC,Lyumjev 100units/ml solution for injection 3ml cartridges,Lyumjev,Cartridge,Pen/cartridge,52.0,325.0,97500.0,1716.80271
2021-07-01,0601011L0BDADAF,Lyumjev KwikPen 100units/ml inj 3ml pre-filled pens,Lyumjev,KwikPen U100,Pen/cartridge,183.0,1165.0,349500.0,6424.0071
2021-07-01,0601011L0BDAEAF,Lyumjev Junior KwikPen 100units/ml inj 3ml pre-filled pens,Lyumjev,Junior KwikPen,Pen/cartridge,21.0,105.0,31500.0,577.1297400000001
2021-07-01,0601011P0BBAAAA,Apidra 100units/ml solution for injection 10ml vials,Apidra,Vial,Vial/pump,416.0,1786.0,1786000.0,26652.00053
2021-07-01,0601011P0BBABAB,Apidra 100units/ml solution for injection 3ml cartridges,Apidra,Cartridge,Pen/cartridge,632.0,5019.0,1505700.0,26498.71547
2021-07-01,0601011P0BBAEAC,Apidra 100units/ml inj 3ml pre-filled SoloStar pens,Apidra,Pen U100,Pen/cartridge,6554.0,44692.0,13407600.0,236017.16864
2021-08-01,0601011A0BBAAAA,NovoRapid 100units/ml solution for injection 10ml vials,NovoRapid,Vial,Vial/pump,15661.0,62376.0,62376000.0,819817.90277
2021-08-01,0601011A0BBABAB,NovoRapid Penfill 100units/ml inj 3ml cartridges,NovoRapid,Cartridge,Pen/cartridge,47900.0,390349.0,117104700.0,2063289.8053599999
2021-08-01,0601011A0BBADAC,NovoRapid FlexPen 100units/ml inj 3ml pre-filled pens,NovoRapid,FlexPen U100,Pen/cartridge,81783.0,555428.0,166628400.0,3173796.68104
2021-08-01,0601011A0BBAEAC,NovoRapid FlexTouch 100units/ml inj 3ml pre-filled pens,NovoRapid,FlexTouch U100,Pen/cartridge,3969.0,27432.0,8229600.0,164586.26203
2021-08-01,0601011A0BBAFAD,NovoRapid PumpCart 100units/ml inj 1.6ml cartridges,NovoRapid,PumpCart,Vial/pump,3249.0,52285.0,8365600.0,147400.2718
2021-08-01,0601011A0BCAAAC,Fiasp FlexTouch 100units/ml inj 3ml pre-filled pens,Fiasp,FlexTouch U100,Pen/cartridge,7343.0,45298.0,13589400.0,258859.82361
2021-08-01,0601011A0BCABAB,Fiasp Penfill 100units/ml inj 3ml cartridges,Fiasp,Cartridge,Pen/cartridge,4812.0,32423.0,9726900.0,171389.70693
2021-08-01,0601011A0BCACAA,Fiasp 100units/ml solution for injection 10ml vials,Fiasp,Vial,Vial/pump,2454.0,9272.0,9272000.0,121867.50488
2021-08-01,0601011L0BBABAB,Humalog 100units/ml solution for injection 10ml vials,Humalog,Vial,Vial/pump,2889.0,11445.0,11445000.0,177445.74069
2021-08-01,0601011L0BBACAC,Humalog 100units/ml solution for injection 3ml cartridges,Humalog,Cartridge,Pen/cartridge,11802.0,101638.0,30491400.0,537228.68381
2021-08-01,0601011L0BBAGAF,Humalog KwikPen 100units/ml inj 3ml pre-filled pens,Humalog,KwikPen U100,Pen/cartridge,14928.0,104158.0,31247400.0,573010.6780900001
2021-08-01,0601011L0BBAHAG,Humalog KwikPen 200units/ml inj 3ml pre-filled pens,Humalog,KwikPen U200,Pen/cartridge,2511.0,21201.0,12720600.0,233210.20739
2021-08-01,0601011L0BBAIAF,Humalog Junior KwikPen 100units/ml inj 3ml pre-filled pens,Humalog,Junior KwikPen,Pen/cartridge,414.0,2349.0,704700.0,12924.27137
2021-08-01,0601011L0BDAAAG,Lyumjev KwikPen 200units/ml inj 3ml pre-filled pens,Lyumjev,KwikPen U200,Pen/cartridge,14.0,90.0,54000.0,989.9419399999999
2021-08-01,0601011L0BDABAB,Lyumjev 100units/ml solution for injection 10ml vials,Lyumjev,Vial,Vial/pump,111.0,462.0,462000.0,7162.89985
2021-08-01,0601011L0BDACAC,Lyumjev 100units/ml solution for injection 3ml cartridges,Lyumjev,Cartridge,Pen/cartridge,66.0,485.0,145500.0,2563.56535
2021-08-01,0601011L0BDADAF,Lyumjev KwikPen 100units/ml inj 3ml pre-filled pens,Lyumjev,KwikPen U100,Pen/cartridge,229.0,1347.0,404100.0,7411.02208
2021-08-01,0601011L0BDAEAF,Lyumjev Junior KwikPen 100units/ml inj 3ml pre-filled pens,Lyumjev,Junior KwikPen,Pen/cartridge,43.0,231.0,69300.0,1270.79694
2021-08-01,0601011P0BBAAAA,Apidra 100units/ml solution for injection 10ml vials,Apidra,Vial,Vial/pump,376.0,1500.0,1500000.0,22402.145
2021-08-01,0601011P0BBABAB,Apidra 100units/ml solution for injection 3ml cartridges,Apidra,Cartridge,Pen/cartridge,598.0,4657.0,1397100.0,24607.21937
2021-08-01,0601011P0BBAEAC,Apidra 100units/ml inj 3ml pre-filled SoloStar pens,Apidra,Pen U100,Pen/cartridge,6135.0,41676.0,12502800.0,220256.62329
2021-09-01,0601011A0BBAAAA,NovoRapid 100units/ml solution for injection 10ml vials,NovoRapid,Vial,Vial/pump,16988.0,67575.0,67575000.0,887246.46883
2021-09-01,0601011A0BBABAB,NovoRapid Penfill 100units/ml inj 3ml cartridges,NovoRapid,Cartridge,Pen/cartridge,50841.0,414907.0,124472100.0,2190871.79936
2021-09-01,0601011A0BBADAC,NovoRapid FlexPen 100units/ml inj 3ml pre-filled pens,NovoRapid,FlexPen U100,Pen/cartridge,86197.0,586392.0,175917600.0,3347339.61472
2021-09-01,0601011A0BBAEAC,NovoRapid FlexTouch 100units/ml inj 3ml pre-filled pens,NovoRapid,FlexTouch U100,Pen/cartridge,4155.0,29135.0,8740500.0,174622.1967
2021-09-01,0601011A0BBAFAD,NovoRapid PumpCart 100units/ml inj 1.6ml cartridges,NovoRapid,PumpCart,Vial/pump,3193.0,51221.0,8195360.0,144255.26639
2021-09-01,0601011A0BCAAAC,Fiasp FlexTouch 100units/ml inj 3ml pre-filled pens,Fiasp,FlexTouch U100,Pen/cartridge,7833.0,48028.0,14408400.0,274186.30675
2021-09-01,0601011A0BCABAB,Fiasp Penfill 100units/ml inj 3ml cartridges,Fiasp,Cartridge,Pen/cartridge,5198.0,35591.0,10677300.0,187945.96004
2021-09-01,0601011A0BCACAA,Fiasp 100units/ml solution for injection 10ml vials,Fiasp,Vial,Vial/pump,2695.0,10381.0,10381000.0,136300.96019
2021-09-01,0601011A0BDABAC,Trurapi 100units/ml inj 3ml pre-filled Solostar pens,Trurapi,Pen U100,Pen/cartridge,1.0,4.0,1200.0,16.09213
2021-09-01,0601011L0BBABAB,Humalog 100units/ml solution for injection 10ml vials,Humalog,Vial,Vial/pump,3017.0,11857.0,11857000.0,183647.83081
2021-09-01,0601011L0BBACAC,Humalog 100units/ml solution for injection 3ml cartridges,Humalog,Cartridge,Pen/cartridge,12416.0,107475.0,32242500.0,567508.15598
2021-09-01,0601011L0BBAFAF,Humalog Pen 100units/ml inj 3ml pre-filled pens,Humalog,Pen U100,Pen/cartridge,2.0,10.0,3000.0,54.95628
2021-09-01,0601011L0BBAGAF,Humalog KwikPen 100units/ml inj 3ml pre-filled pens,Humalog,KwikPen U100,Pen/cartridge,15567.0,108956.0,32686800.0,598862.68142
2021-09-01,0601011L0BBAHAG,Humalog KwikPen 200units/ml inj 3ml pre-filled pens,Humalog,KwikPen U200,Pen/cartridge,2600.0,21481.0,12888600.0,236044.56812
2021-09-01,0601011L0BBAIAF,Humalog Junior KwikPen 100units/ml inj 3ml pre-filled pens,Humalog,Junior KwikPen,Pen/cartridge,480.0,2671.0,801300.0,14681.80381
2021-09-01,0601011L0BDAAAG,Lyumjev KwikPen 200units/ml inj 3ml pre-filled pens,Lyumjev,KwikPen U200,Pen/cartridge,20.0,114.0,68400.0,1252.88024
2021-09-01,0601011L0BDABAB,Lyumjev 100units/ml solution for injection 10ml vials,Lyumjev,Vial,Vial/pump,118.0,413.0,413000.0,6396.95676
2021-09-01,0601011L0BDACAC,Lyumjev 100units/ml solution for injection 3ml cartridges,Lyumjev,Cartridge,Pen/cartridge,93.0,660.0,198000.0,3485.06988
2021-09-01,0601011L0BDADAF,Lyumjev KwikPen 100units/ml inj 3ml pre-filled pens,Lyumjev,KwikPen U100,Pen/cartridge,251.0,1593.0,477900.0,8754.371000000001
2021-09-01,0601011L0BDAEAF,Lyumjev Junior KwikPen 100units/ml inj 3ml pre-filled pens,Lyumjev,Junior KwikPen,Pen/cartridge,31.0,182.0,54600.0,1000.32124
2021-09-01,0601011P0BBAAAA,Apidra 100units/ml solution for injection 10ml vials,Apidra,Vial,Vial/pump,412.0,1655.0,1655000.0,24692.1071
2021-09-01,0601011P0BBABAB,Apidra 100units/ml solution for injection 3ml cartridges,Apidra,Cartridge,Pen/cartridge,627.0,4853.0,1455900.0,25617.13692
2021-09-01,0601011P0BBAEAC,Apidra 100units/ml inj 3ml pre-filled SoloStar pens,Apidra,Pen U100,Pen/cartridge,6421.0,44108.0,13232400.0,232873.72076
2021-10-01,0601011A0BBAAAA,NovoRapid 100units/ml solution for injection 10ml vials,NovoRapid,Vial,Vial/pump,16095.0,63929.0,63929000.0,838977.19635
2021-10-01,0601011A0BBABAB,NovoRapid Penfill 100units/ml inj 3ml cartridges,NovoRapid,Cartridge,Pen/cartridge,48272.0,392310.0,117693000.0,2070553.74596
2021-10-01,0601011A0BBADAC,NovoRapid FlexPen 100units/ml inj 3ml pre-filled pens,NovoRapid,FlexPen U100,Pen/cartridge,81865.0,554644.0,166393200.0,3164564.66066
2021-10-01,0601011A0BBAEAC,NovoRapid FlexTouch 100units/ml inj 3ml pre-filled pens,NovoRapid,FlexTouch U100,Pen/cartridge,3997.0,28604.0,8581200.0,171355.80581
2021-10-01,0601011A0BBAFAD,NovoRapid PumpCart 100units/ml inj 1.6ml cartridges,NovoRapid,PumpCart,Vial/pump,3051.0,48421.0,7747360.0,136304.13749
2021-10-01,0601011A0BCAAAC,Fiasp FlexTouch 100units/ml inj 3ml pre-filled pens,Fiasp,FlexTouch U100,Pen/cartridge,7902.0,48952.0,14685600.0,279312.83766
2021-10-01,0601011A0BCABAB,Fiasp Penfill 100units/ml inj 3ml cartridges,Fiasp,Cartridge,Pen/cartridge,5023.0,33857.0,10157100.0,178706.51338
2021-10-01,0601011A0BCACAA,Fiasp 100units/ml solution for injection 10ml vials,Fiasp,Vial,Vial/pump,2609.0,10059.0,10059000.0,132012.90108
2021-10-01,0601011A0BDABAC,Trurapi 100units/ml inj 3ml pre-filled Solostar pens,Trurapi,Pen U100,Pen/cartridge,6.0,40.0,12000.0,159.75704
2021-10-01,0601011L0BBABAB,Humalog 100units/ml solution for injection 10ml vials,Humalog,Vial,Vial/pump,2900.0,11536.0,11536000.0,178589.19441999999
2021-10-01,0601011L0BBACAC,Humalog 100units/ml solution for injection 3ml cartridges,Humalog,Cartridge,Pen/cartridge,11778.0,100592.0,30177600.0,530908.58018
2021-10-01,0601011L0BBAFAF,Humalog Pen 100units/ml inj 3ml pre-filled pens,Humalog,Pen U100,Pen/cartridge,2.0,10.0,3000.0,54.92968
2021-10-01,0601011L0BBAGAF,Humalog KwikPen 100units/ml inj 3ml pre-filled pens,Humalog,KwikPen U100,Pen/cartridge,15195.0,106756.0,32026800.0,586418.7748
2021-10-01,0601011L0BBAHAG,Humalog KwikPen 200units/ml inj 3ml pre-filled pens,Humalog,KwikPen U200,Pen/cartridge,2458.0,20531.0,12318600.0,225498.49349
2021-10-01,0601011L0BBAIAF,Humalog Junior KwikPen 100units/ml inj 3ml pre-filled pens,Humalog,Junior KwikPen,Pen/cartridge,482.0,2608.0,782400.0,14328.44714
2021-10-01,0601011L0BDAAAG,Lyumjev KwikPen 200units/ml inj 3ml pre-filled pens,Lyumjev,KwikPen U200,Pen/cartridge,21.0,110.0,66000.0,1208.4585
2021-10-01,0601011L0BDABAB,Lyumjev 100units/ml solution for injection 10ml vials,Lyumjev,Vial,Vial/pump,88.0,294.0,294000.0,4551.61773
2021-10-01,0601011L0BDACAC,Lyumjev 100units/ml solution for injection 3ml cartridges,Lyumjev,Cartridge,Pen/cartridge,82.0,573.0,171900.0,3024.40244
2021-10-01,0601011L0BDADAF,Lyumjev KwikPen 100units/ml inj 3ml pre-filled pens,Lyumjev,KwikPen U100,Pen/cartridge,304.0,1880.0,564000.0,10326.74477
2021-10-01,0601011L0BDAEAF,Lyumjev Junior KwikPen 100units/ml inj 3ml pre-filled pens,Lyumjev,Junior KwikPen,Pen/cartridge,42.0,232.0,69600.0,1274.48552
2021-10-01,0601011P0BBAAAA,Apidra 100units/ml solution for injection 10ml vials,Apidra,Vial,Vial/pump,374.0,1545.0,1545000.0,23039.51767
2021-10-01,0601011P0BBABAB,Apidra 100units/ml solution for injection 3ml cartridges,Apidra,Cartridge,Pen/cartridge,586.0,4648.0,1394400.0,24522.58439
2021-10-01,0601011P0BBAEAC,Apidra 100units/ml inj 3ml pre-filled SoloStar pens,Apidra,Pen U100,Pen/cartridge,6248.0,43174.0,12952200.0,227829.11381
2021-11-01,0601011A0BBAAAA,NovoRapid 100units/ml solution for injection 10ml vials,NovoRapid,Vial,Vial/pump,16861.0,67032.0,67032000.0,880522.13388
2021-11-01,0601011A0BBABAB,NovoRapid Penfill 100units/ml inj 3ml cartridges,NovoRapid,Cartridge,Pen/cartridge,50014.0,407776.0,122332800.0,2154215.00621
2021-11-01,0601011A0BBADAC,NovoRapid FlexPen 100units/ml inj 3ml pre-filled pens,NovoRapid,FlexPen U100,Pen/cartridge,85499.0,580313.0,174093900.0,3314173.75115
2021-11-01,0601011A0BBAEAC,NovoRapid FlexTouch 100units/ml inj 3ml pre-filled pens,NovoRapid,FlexTouch U100,Pen/cartridge,4164.0,29105.0,8731500.0,174530.0275
2021-11-01,0601011A0BBAFAD,NovoRapid PumpCart 100units/ml inj 1.6ml cartridges,NovoRapid,PumpCart,Vial/pump,3089.0,49745.0,7959200.0,140162.52869
2021-11-01,0601011A0BCAAAC,Fiasp FlexTouch 100units/ml inj 3ml pre-filled pens,Fiasp,FlexTouch U100,Pen/cartridge,8374.0,51560.0,15468000.0,294463.8579
2021-11-01,0601011A0BCABAB,Fiasp Penfill 100units/ml inj 3ml cartridges,Fiasp,Cartridge,Pen/cartridge,5650.0,38459.0,11537700.0,203185.49035
2021-11-01,0601011A0BCACAA,Fiasp 100units/ml solution for injection 10ml vials,Fiasp,Vial,Vial/pump,2775.0,10496.0,10496000.0,137874.8948
2021-11-01,0601011A0BDABAC,Trurapi 100units/ml inj 3ml pre-filled Solostar pens,Trurapi,Pen U100,Pen/cartridge,15.0,95.0,28500.0,379.77801
2021-11-01,0601011L0BBABAB,Humalog 100units/ml solution for injection 10ml vials,Humalog,Vial,Vial/pump,2752.0,10921.0,10921000.0,169241.7004
2021-11-01,0601011L0BBACAC,Humalog 100units/ml solution for injection 3ml cartridges,Humalog,Cartridge,Pen/cartridge,12278.0,105464.0,31639200.0,557149.06433
2021-11-01,0601011L0BBAFAF,Humalog Pen 100units/ml inj 3ml pre-filled pens,Humalog,Pen U100,Pen/cartridge,2.0,10.0,3000.0,54.98154
2021-11-01,0601011L0BBAGAF,Humalog KwikPen 100units/ml inj 3ml pre-filled pens,Humalog,KwikPen U100,Pen/cartridge,15734.0,109597.0,32879100.0,602597.16609
2021-11-01,0601011L0BBAHAG,Humalog KwikPen 200units/ml inj 3ml pre-filled pens,Humalog,KwikPen U200,Pen/cartridge,2645.0,21923.0,13153800.0,241012.64915
2021-11-01,0601011L0BBAIAF,Humalog Junior KwikPen 100units/ml inj 3ml pre-filled pens,Humalog,Junior KwikPen,Pen/cartridge,515.0,2878.0,863400.0,15826.05892
2021-11-01,0601011L0BDAAAG,Lyumjev KwikPen 200units/ml inj 3ml pre-filled pens,Lyumjev,KwikPen U200,Pen/cartridge,38.0,214.0,128400.0,2352.78897
2021-11-01,0601011L0BDABAB,Lyumjev 100units/ml solution for injection 10ml vials,Lyumjev,Vial,Vial/pump,148.0,566.0,566000.0,8770.64284
2021-11-01,0601011L0BDACAC,Lyumjev 100units/ml solution for injection 3ml cartridges,Lyumjev,Cartridge,Pen/cartridge,110.0,851.0,255300.0,4495.66618
2021-11-01,0601011L0BDADAF,Lyumjev KwikPen 100units/ml inj 3ml pre-filled pens,Lyumjev,KwikPen U100,Pen/cartridge,391.0,2292.0,687600.0,12602.81723
2021-11-01,0601011L0BDAEAF,Lyumjev Junior KwikPen 100units/ml inj 3ml pre-filled pens,Lyumjev,Junior KwikPen,Pen/cartridge,35.0,191.0,57300.0,1050.18099
2021-11-01,0601011P0BBAAAA,Apidra 100units/ml solution for injection 10ml vials,Apidra,Vial,Vial/pump,355.0,1325.0,1325000.0,19777.90825
2021-11-01,0601011P0BBABAB,Apidra 100units/ml solution for injection 3ml cartridges,Apidra,Cartridge,Pen/cartridge,611.0,4925.0,1477500.0,26008.84111
2021-11-01,0601011P0BBAEAC,Apidra 100units/ml inj 3ml pre-filled SoloStar pens,Apidra,Pen U100,Pen/cartridge,6556.0,44861.0,13458300.0,236959.3718
2021-12-01,0601011A0BBAAAA,NovoRapid 100units/ml solution for injection 10ml vials,NovoRapid,Vial,Vial/pump,18478.0,74500.0,74500000.0,979376.83717
2021-12-01,0601011A0BBABAB,NovoRapid Penfill 100units/ml inj 3ml cartridges,NovoRapid,Cartridge,Pen/cartridge,55081.0,450097.0,135029100.0,2379627.1964600002
2021-12-01,0601011A0BBADAC,NovoRapid FlexPen 100units/ml inj 3ml pre-filled pens,NovoRapid,FlexPen U100,Pen/cartridge,93201.0,633665.0,190099500.0,3621649.85059
2021-12-01,0601011A0BBAEAC,NovoRapid FlexTouch 100units/ml inj 3ml pre-filled pens,NovoRapid,FlexTouch U100,Pen/cartridge,4550.0,31619.0,9485700.0,189748.42938
2021-12-01,0601011A0BBAFAD,NovoRapid PumpCart 100units/ml inj 1.6ml cartridges,NovoRapid,PumpCart,Vial/pump,3299.0,53133.0,8501280.0,149824.45531
2021-12-01,0601011A0BCAAAC,Fiasp FlexTouch 100units/ml inj 3ml pre-filled pens,Fiasp,FlexTouch U100,Pen/cartridge,9413.0,58640.0,17592000.0,335164.26459
2021-12-01,0601011A0BCABAB,Fiasp Penfill 100units/ml inj 3ml cartridges,Fiasp,Cartridge,Pen/cartridge,6291.0,42446.0,12733800.0,224424.58728
2021-12-01,0601011A0BCACAA,Fiasp 100units/ml solution for injection 10ml vials,Fiasp,Vial,Vial/pump,3055.0,11837.0,11837000.0,155610.00299
2021-12-01,0601011A0BDAAAB,Trurapi 100units/ml solution for injection 3ml cartridges,Trurapi,Cartridge,Pen/cartridge,2.0,10.0,3000.0,37.0147
2021-12-01,0601011A0BDABAC,Trurapi 100units/ml inj 3ml pre-filled Solostar pens,Trurapi,Pen U100,Pen/cartridge,52.0,275.0,82500.0,1100.90874
2021-12-01,0601011L0BBABAB,Humalog 100units/ml solution for injection 10ml vials,Humalog,Vial,Vial/pump,3482.0,14027.0,14027000.0,217525.45464
2021-12-01,0601011L0BBACAC,Humalog 100units/ml solution for injection 3ml cartridges,Humalog,Cartridge,Pen/cartridge,13388.0,116237.0,34871100.0,614525.72196
2021-12-01,0601011L0BBAFAF,Humalog Pen 100units/ml inj 3ml pre-filled pens,Humalog,Pen U100,Pen/cartridge,3.0,15.0,4500.0,82.53626
2021-12-01,0601011L0BBAGAF,Humalog KwikPen 100units/ml inj 3ml pre-filled pens,Humalog,KwikPen U100,Pen/cartridge,17006.0,119624.0,35887200.0,658238.50314
2021-12-01,0601011L0BBAHAG,Humalog KwikPen 200units/ml inj 3ml pre-filled pens,Humalog,KwikPen U200,Pen/cartridge,2868.0,24014.0,14408400.0,264201.57996
2021-12-01,0601011L0BBAIAF,Humalog Junior KwikPen 100units/ml inj 3ml pre-filled pens,Humalog,Junior KwikPen,Pen/cartridge,558.0,3024.0,907200.0,16642.13746
2021-12-01,0601011L0BDAAAG,Lyumjev KwikPen 200units/ml inj 3ml pre-filled pens,Lyumjev,KwikPen U200,Pen/cartridge,41.0,232.0,139200.0,2552.5687900000003
2021-12-01,0601011L0BDABAB,Lyumjev 100units/ml solution for injection 10ml vials,Lyumjev,Vial,Vial/pump,170.0,624.0,624000.0,9676.9454
2021-12-01,0601011L0BDACAC,Lyumjev 100units/ml solution for injection 3ml cartridges,Lyumjev,Cartridge,Pen/cartridge,133.0,988.0,296400.0,5223.5635
2021-12-01,0601011L0BDADAF,Lyumjev KwikPen 100units/ml inj 3ml pre-filled pens,Lyumjev,KwikPen U100,Pen/cartridge,500.0,3095.0,928500.0,17028.94979
2021-12-01,0601011L0BDAEAF,Lyumjev Junior KwikPen 100units/ml inj 3ml pre-filled pens,Lyumjev,Junior KwikPen,Pen/cartridge,59.0,309.0,92700.0,1700.53044
2021-12-01,0601011P0BBAAAA,Apidra 100units/ml solution for injection 10ml vials,Apidra,Vial,Vial/pump,422.0,1756.0,1756000.0,26231.11238
2021-12-01,0601011P0BBABAB,Apidra 100units/ml solution for injection 3ml cartridges,Apidra,Cartridge,Pen/cartridge,691.0,5388.0,1616400.0,28475.45052
2021-12-01,0601011P0BBAEAC,Apidra 100units/ml inj 3ml pre-filled SoloStar pens,Apidra,Pen U100,Pen/cartridge,6975.0,47951.0,14385300.0,253481.90033
2022-01-01,0601011A0BBAAAA,NovoRapid 100units/ml solution for injection 10ml vials,NovoRapid,Vial,Vial/pump,16994.0,67271.0,67271000.0,886295.53649
2022-01-01,0601011A0BBABAB,NovoRapid Penfill 100units/ml inj 3ml cartridges,NovoRapid,Cartridge,Pen/cartridge,48861.0,396385.0,118915500.0,2100265.41133
2022-01-01,0601011A0BBADAC,NovoRapid FlexPen 100units/ml inj 3ml pre-filled pens,NovoRapid,FlexPen U100,Pen/cartridge,84640.0,571161.0,171348300.0,3271620.54738
2022-01-01,0601011A0BBAEAC,NovoRapid FlexTouch 100units/ml inj 3ml pre-filled pens,NovoRapid,FlexTouch U100,Pen/cartridge,4070.0,28028.0,8408400.0,168567.72483
2022-01-01,0601011A0BBAFAD,NovoRapid PumpCart 100units/ml inj 1.6ml cartridges,NovoRapid,PumpCart,Vial/pump,2884.0,46166.0,7386560.0,130465.77801
2022-01-01,0601011A0BCAAAC,Fiasp FlexTouch 100units/ml inj 3ml pre-filled pens,Fiasp,FlexTouch U100,Pen/cartridge,8724.0,53916.0,16174800.0,308836.98348
2022-01-01,0601011A0BCABAB,Fiasp Penfill 100units/ml inj 3ml cartridges,Fiasp,Cartridge,Pen/cartridge,6026.0,40387.0,12116100.0,214008.01577
2022-01-01,0601011A0BCACAA,Fiasp 100units/ml solution for injection 10ml vials,Fiasp,Vial,Vial/pump,2904.0,11193.0,11193000.0,147467.42976
2022-01-01,0601011A0BDAAAB,Trurapi 100units/ml solution for injection 3ml cartridges,Trurapi,Cartridge,Pen/cartridge,6.0,35.0,10500.0,129.85481000000001
2022-01-01,0601011A0BDABAC,Trurapi 100units/ml inj 3ml pre-filled Solostar pens,Trurapi,Pen U100,Pen/cartridge,68.0,362.0,108600.0,1452.56856
2022-01-01,0601011L0BBABAB,Humalog 100units/ml solution for injection 10ml vials,Humalog,Vial,Vial/pump,3046.0,12060.0,12060000.0,187437.66976000002
2022-01-01,0601011L0BBACAC,Humalog 100units/ml solution for injection 3ml cartridges,Humalog,Cartridge,Pen/cartridge,11824.0,101395.0,30418500.0,537246.1587
2022-01-01,0601011L0BBAGAF,Humalog KwikPen 100units/ml inj 3ml pre-filled pens,Humalog,KwikPen U100,Pen/cartridge,15607.0,108859.0,32657700.0,600317.70048
2022-01-01,0601011L0BBAHAG,Humalog KwikPen 200units/ml inj 3ml pre-filled pens,Humalog,KwikPen U200,Pen/cartridge,2495.0,20261.0,12156600.0,223405.36549
2022-01-01,0601011L0BBAIAF,Humalog Junior KwikPen 100units/ml inj 3ml pre-filled pens,Humalog,Junior KwikPen,Pen/cartridge,488.0,2746.0,823800.0,15145.02105
2022-01-01,0601011L0BDAAAG,Lyumjev KwikPen 200units/ml inj 3ml pre-filled pens,Lyumjev,KwikPen U200,Pen/cartridge,45.0,269.0,161400.0,2966.2127
2022-01-01,0601011L0BDABAB,Lyumjev 100units/ml solution for injection 10ml vials,Lyumjev,Vial,Vial/pump,175.0,626.0,626000.0,9729.33419
2022-01-01,0601011L0BDACAC,Lyumjev 100units/ml solution for injection 3ml cartridges,Lyumjev,Cartridge,Pen/cartridge,133.0,915.0,274500.0,4848.14322
2022-01-01,0601011L0BDADAF,Lyumjev KwikPen 100units/ml inj 3ml pre-filled pens,Lyumjev,KwikPen U100,Pen/cartridge,507.0,3031.0,909300.0,16714.56971
2022-01-01,0601011L0BDAEAF,Lyumjev Junior KwikPen 100units/ml inj 3ml pre-filled pens,Lyumjev,Junior KwikPen,Pen/cartridge,68.0,357.0,107100.0,1969.21927
2022-01-01,0601011P0BBAAAA,Apidra 100units/ml solution for injection 10ml vials,Apidra,Vial,Vial/pump,375.0,1536.0,1536000.0,22995.27348
2022-01-01,0601011P0BBABAB,Apidra 100units/ml solution for injection 3ml cartridges,Apidra,Cartridge,Pen/cartridge,591.0,4624.0,1387200.0,24492.24002
2022-01-01,0601011P0BBAEAC,Apidra 100units/ml inj 3ml pre-filled SoloStar pens,Apidra,Pen U100,Pen/cartridge,6254.0,43088.0,12926400.0,228269.21756000002
2022-02-01,0601011A0BBAAAA,NovoRapid 100units/ml solution for injection 10ml vials,NovoRapid,Vial,Vial/pump,15764.0,62836.0,62836000.0,828478.27679
2022-02-01,0601011A0BBABAB,NovoRapid Penfill 100units/ml inj 3ml cartridges,NovoRapid,Cartridge,Pen/cartridge,45978.0,374494.0,112348200.0,1985731.66611
2022-02-01,0601011A0BBADAC,NovoRapid FlexPen 100units/ml inj 3ml pre-filled pens,NovoRapid,FlexPen U100,Pen/cartridge,79813.0,539982.0,161994600.0,3095313.95832
2022-02-01,0601011A0BBAEAC,NovoRapid FlexTouch 100units/ml inj 3ml pre-filled pens,NovoRapid,FlexTouch U100,Pen/cartridge,3924.0,26766.0,8029800.0,161099.23476
2022-02-01,0601011A0BBAFAD,NovoRapid PumpCart 100units/ml inj 1.6ml cartridges,NovoRapid,PumpCart,Vial/pump,2653.0,43188.0,6910080.0,122138.77012
2022-02-01,0601011A0BCAAAC,Fiasp FlexTouch 100units/ml inj 3ml pre-filled pens,Fiasp,FlexTouch U100,Pen/cartridge,8479.0,52769.0,15830700.0,302488.72334
2022-02-01,0601011A0BCABAB,Fiasp Penfill 100units/ml inj 3ml cartridges,Fiasp,Cartridge,Pen/cartridge,5695.0,38291.0,11487300.0,203049.03741
2022-02-01,0601011A0BCACAA,Fiasp 100units/ml solution for injection 10ml vials,Fiasp,Vial,Vial/pump,2776.0,10786.0,10786000.0,142209.80559
2022-02-01,0601011A0BDAAAB,Trurapi 100units/ml solution for injection 3ml cartridges,Trurapi,Cartridge,Pen/cartridge,7.0,35.0,10500.0,129.97509
2022-02-01,0601011A0BDABAC,Trurapi 100units/ml inj 3ml pre-filled Solostar pens,Trurapi,Pen U100,Pen/cartridge,137.0,667.0,200100.0,2678.71073
2022-02-01,0601011L0BBABAB,Humalog 100units/ml solution for injection 10ml vials,Humalog,Vial,Vial/pump,2839.0,11148.0,11148000.0,173387.28236
2022-02-01,0601011L0BBACAC,Humalog 100units/ml solution for injection 3ml cartridges,Humalog,Cartridge,Pen/cartridge,11022.0,94842.0,28452600.0,502893.81776999997
2022-02-01,0601011L0BBAFAF,Humalog Pen 100units/ml inj 3ml pre-filled pens,Humalog,Pen U100,Pen/cartridge,2.0,10.0,3000.0,55.18566
2022-02-01,0601011L0BBAGAF,Humalog KwikPen 100units/ml inj 3ml pre-filled pens,Humalog,KwikPen U100,Pen/cartridge,14537.0,101209.0,30362700.0,558551.45768
2022-02-01,0601011L0BBAHAG,Humalog KwikPen 200units/ml inj 3ml pre-filled pens,Humalog,KwikPen U200,Pen/cartridge,2417.0,20183.0,12109800.0,222706.90034
2022-02-01,0601011L0BBAIAF,Humalog Junior KwikPen 100units/ml inj 3ml pre-filled pens,Humalog,Junior KwikPen,Pen/cartridge,489.0,2708.0,812400.0,14946.42102
2022-02-01,0601011L0BDAAAG,Lyumjev KwikPen 200units/ml inj 3ml pre-filled pens,Lyumjev,KwikPen U200,Pen/cartridge,35.0,197.0,118200.0,2174.04896
2022-02-01,0601011L0BDABAB,Lyumjev 100units/ml solution for injection 10ml vials,Lyumjev,Vial,Vial/pump,196.0,767.0,767000.0,11929.30149
2022-02-01,0601011L0BDACAC,Lyumjev 100units/ml solution for injection 3ml cartridges,Lyumjev,Cartridge,Pen/cartridge,128.0,891.0,267300.0,4724.60063
2022-02-01,0601011L0BDADAF,Lyumjev KwikPen 100units/ml inj 3ml pre-filled pens,Lyumjev,KwikPen U100,Pen/cartridge,497.0,3028.0,908400.0,16711.16176
2022-02-01,0601011L0BDAEAF,Lyumjev Junior KwikPen 100units/ml inj 3ml pre-filled pens,Lyumjev,Junior KwikPen,Pen/cartridge,65.0,369.0,110700.0,2036.4436
2022-02-01,0601011P0BBAAAA,Apidra 100units/ml solution for injection 10ml vials,Apidra,Vial,Vial/pump,343.0,1429.0,1429000.0,21409.0302
2022-02-01,0601011P0BBABAB,Apidra 100units/ml solution for injection 3ml cartridges,Apidra,Cartridge,Pen/cartridge,556.0,4295.0,1288500.0,22766.26035
2022-02-01,0601011P0BBAEAC,Apidra 100units/ml inj 3ml pre-filled SoloStar pens,Apidra,Pen U100,Pen/cartridge,5902.0,40699.0,12209700.0,215769.81833
2022-03-01,0601011A0BBAAAA,NovoRapid 100units/ml solution for injection 10ml vials,NovoRapid,Vial,Vial/pump,18885.0,76025.0,76025000.0,1001254.1451600001
2022-03-01,0601011A0BBABAB,NovoRapid Penfill 100units/ml inj 3ml cartridges,NovoRapid,Cartridge,Pen/cartridge,53256.0,433208.0,129962400.0,2294538.89179
2022-03-01,0601011A0BBADAC,NovoRapid FlexPen 100units/ml inj 3ml pre-filled pens,NovoRapid,FlexPen U100,Pen/cartridge,91051.0,615503.0,184650900.0,3524336.17343
2022-03-01,0601011A0BBAEAC,NovoRapid FlexTouch 100units/ml inj 3ml pre-filled pens,NovoRapid,FlexTouch U100,Pen/cartridge,4444.0,30645.0,9193500.0,184241.99852
2022-03-01,0601011A0BBAFAD,NovoRapid PumpCart 100units/ml inj 1.6ml cartridges,NovoRapid,PumpCart,Vial/pump,2992.0,48555.0,7768800.0,137165.5172
2022-03-01,0601011A0BCAAAC,Fiasp FlexTouch 100units/ml inj 3ml pre-filled pens,Fiasp,FlexTouch U100,Pen/cartridge,9927.0,61958.0,18587400.0,354770.70290000003
2022-03-01,0601011A0BCABAB,Fiasp Penfill 100units/ml inj 3ml cartridges,Fiasp,Cartridge,Pen/cartridge,6987.0,46990.0,14097000.0,248902.98382
2022-03-01,0601011A0BCACAA,Fiasp 100units/ml solution for injection 10ml vials,Fiasp,Vial,Vial/pump,3375.0,12929.0,12929000.0,170276.90904
2022-03-01,0601011A0BDAAAB,Trurapi 100units/ml solution for injection 3ml cartridges,Trurapi,Cartridge,Pen/cartridge,4.0,20.0,6000.0,74.17728
2022-03-01,0601011A0BDABAC,Trurapi 100units/ml inj 3ml pre-filled Solostar pens,Trurapi,Pen U100,Pen/cartridge,167.0,891.0,267300.0,3573.29963
2022-03-01,0601011A0BDACAA,Trurapi 100units/ml solution for injection 10ml vial,Trurapi,Vial,Vial/pump,2.0,2.0,2000.0,22.4127
2022-03-01,0601011L0BBABAB,Humalog 100units/ml solution for injection 10ml vials,Humalog,Vial,Vial/pump,3333.0,13503.0,13503000.0,209782.82365
2022-03-01,0601011L0BBACAC,Humalog 100units/ml solution for injection 3ml cartridges,Humalog,Cartridge,Pen/cartridge,12853.0,110753.0,33225900.0,586607.89254
2022-03-01,0601011L0BBAFAF,Humalog Pen 100units/ml inj 3ml pre-filled pens,Humalog,Pen U100,Pen/cartridge,1.0,5.0,1500.0,27.51568
2022-03-01,0601011L0BBAGAF,Humalog KwikPen 100units/ml inj 3ml pre-filled pens,Humalog,KwikPen U100,Pen/cartridge,16761.0,117336.0,35200800.0,646836.25608
2022-03-01,0601011L0BBAHAG,Humalog KwikPen 200units/ml inj 3ml pre-filled pens,Humalog,KwikPen U200,Pen/cartridge,2766.0,22638.0,13582800.0,249522.67384
2022-03-01,0601011L0BBAIAF,Humalog Junior KwikPen 100units/ml inj 3ml pre-filled pens,Humalog,Junior KwikPen,Pen/cartridge,544.0,3048.0,914400.0,16804.23255
2022-03-01,0601011L0BDAAAG,Lyumjev KwikPen 200units/ml inj 3ml pre-filled pens,Lyumjev,KwikPen U200,Pen/cartridge,56.0,323.0,193800.0,3560.21967
2022-03-01,0601011L0BDABAB,Lyumjev 100units/ml solution for injection 10ml vials,Lyumjev,Vial,Vial/pump,223.0,871.0,871000.0,13531.94915
2022-03-01,0601011L0BDACAC,Lyumjev 100units/ml solution for injection 3ml cartridges,Lyumjev,Cartridge,Pen/cartridge,178.0,1258.0,377400.0,6663.25967
2022-03-01,0601011L0BDADAF,Lyumjev KwikPen 100units/ml inj 3ml pre-filled pens,Lyumjev,KwikPen U100,Pen/cartridge,737.0,4376.0,1312800.0,24124.02259
2022-03-01,0601011L0BDAEAF,Lyumjev Junior KwikPen 100units/ml inj 3ml pre-filled pens,Lyumjev,Junior KwikPen,Pen/cartridge,92.0,497.0,149100.0,2739.93591
2022-03-01,0601011P0BBAAAA,Apidra 100units/ml solution for injection 10ml vials,Apidra,Vial,Vial/pump,402.0,1615.0,1615000.0,24169.129820000002
2022-03-01,0601011P0BBABAB,Apidra 100units/ml solution for injection 3ml cartridges,Apidra,Cartridge,Pen/cartridge,634.0,5029.0,1508700.0,26627.10472
2022-03-01,0601011P0BBAEAC,Apidra 100units/ml inj 3ml pre-filled SoloStar pens,Apidra,Pen U100,Pen/cartridge,6750.0,46382.0,13914600.0,245628.7194
2022-04-01,0601011A0BBAAAA,NovoRapid 100units/ml solution for injection 10ml vials,NovoRapid,Vial,Vial/pump,17080.0,68388.0,68388000.0,901188.18712
2022-04-01,0601011A0BBABAB,NovoRapid Penfill 100units/ml inj 3ml cartridges,NovoRapid,Cartridge,Pen/cartridge,49343.0,399147.0,119744100.0,2115326.91022
2022-04-01,0601011A0BBADAC,NovoRapid FlexPen 100units/ml inj 3ml pre-filled pens,NovoRapid,FlexPen U100,Pen/cartridge,85522.0,577881.0,173364300.0,3310780.33119
2022-04-01,0601011A0BBAEAC,NovoRapid FlexTouch 100units/ml inj 3ml pre-filled pens,NovoRapid,FlexTouch U100,Pen/cartridge,4287.0,29779.0,8933700.0,179136.35566
2022-04-01,0601011A0BBAFAD,NovoRapid PumpCart 100units/ml inj 1.6ml cartridges,NovoRapid,PumpCart,Vial/pump,2676.0,42576.0,6812160.0,120344.06497
2022-04-01,0601011A0BCAAAC,Fiasp FlexTouch 100units/ml inj 3ml pre-filled pens,Fiasp,FlexTouch U100,Pen/cartridge,9498.0,59274.0,17782200.0,339591.01586
2022-04-01,0601011A0BCABAB,Fiasp Penfill 100units/ml inj 3ml cartridges,Fiasp,Cartridge,Pen/cartridge,6705.0,45458.0,13637400.0,240923.88403000002
2022-04-01,0601011A0BCACAA,Fiasp 100units/ml solution for injection 10ml vials,Fiasp,Vial,Vial/pump,3111.0,11868.0,11868000.0,156391.83385
2022-04-01,0601011A0BDAAAB,Trurapi 100units/ml solution for injection 3ml cartridges,Trurapi,Cartridge,Pen/cartridge,15.0,85.0,25500.0,315.4097
2022-04-01,0601011A0BDABAC,Trurapi 100units/ml inj 3ml pre-filled Solostar pens,Trurapi,Pen U100,Pen/cartridge,250.0,1241.0,372300.0,4980.3677099999995
2022-04-01,0601011A0BDACAA,Trurapi 100units/ml solution for injection 10ml vial,Trurapi,Vial,Vial/pump,4.0,4.0,4000.0,44.8507
2022-04-01,0601011L0BBABAB,Humalog 100units/ml solution for injection 10ml vials,Humalog,Vial,Vial/pump,2920.0,11535.0,11535000.0,179309.73995000002
2022-04-01,0601011L0BBACAC,Humalog 100units/ml solution for injection 3ml cartridges,Humalog,Cartridge,Pen/cartridge,11724.0,100845.0,30253500.0,534433.73263
2022-04-01,0601011L0BBAFAF,Humalog Pen 100units/ml inj 3ml pre-filled pens,Humalog,Pen U100,Pen/cartridge,1.0,5.0,1500.0,27.57799
2022-04-01,0601011L0BBAGAF,Humalog KwikPen 100units/ml inj 3ml pre-filled pens,Humalog,KwikPen U100,Pen/cartridge,15506.0,108403.0,32520900.0,597920.25833
2022-04-01,0601011L0BBAHAG,Humalog KwikPen 200units/ml inj 3ml pre-filled pens,Humalog,KwikPen U200,Pen/cartridge,2655.0,21747.0,13048200.0,239838.08185000002
2022-04-01,0601011L0BBAIAF,Humalog Junior KwikPen 100units/ml inj 3ml pre-filled pens,Humalog,Junior KwikPen,Pen/cartridge,510.0,2847.0,854100.0,15704.64897
2022-04-01,0601011L0BDAAAG,Lyumjev KwikPen 200units/ml inj 3ml pre-filled pens,Lyumjev,KwikPen U200,Pen/cartridge,52.0,338.0,202800.0,3727.58635
2022-04-01,0601011L0BDABAB,Lyumjev 100units/ml solution for injection 10ml vials,Lyumjev,Vial,Vial/pump,282.0,1092.0,1092000.0,16975.08237
2022-04-01,0601011L0BDACAC,Lyumjev 100units/ml solution for injection 3ml cartridges,Lyumjev,Cartridge,Pen/cartridge,200.0,1366.0,409800.0,7239.58474
2022-04-01,0601011L0BDADAF,Lyumjev KwikPen 100units/ml inj 3ml pre-filled pens,Lyumjev,KwikPen U100,Pen/cartridge,800.0,4777.0,1433100.0,26349.49299
2022-04-01,0601011L0BDAEAF,Lyumjev Junior KwikPen 100units/ml inj 3ml pre-filled pens,Lyumjev,Junior KwikPen,Pen/cartridge,104.0,581.0,174300.0,3204.43212
2022-04-01,0601011P0BBAAAA,Apidra 100units/ml solution for injection 10ml vials,Apidra,Vial,Vial/pump,405.0,1671.0,1671000.0,25021.27181
2022-04-01,0601011P0BBABAB,Apidra 100units/ml solution for injection 3ml cartridges,Apidra,Cartridge,Pen/cartridge,626.0,4755.0,1426500.0,25191.08744
2022-04-01,0601011P0BBAEAC,Apidra 100units/ml inj 3ml pre-filled SoloStar pens,Apidra,Pen U100,Pen/cartridge,6218.0,42905.0,12871500.0,227346.57217
2022-05-01,0601011A0BBAAAA,NovoRapid 100units/ml solution for injection 10ml vials,NovoRapid,Vial,Vial/pump,18400.0,74090.0,74090000.0,976121.79023
2022-05-01,0601011A0BBABAB,NovoRapid Penfill 100units/ml inj 3ml cartridges,NovoRapid,Cartridge,Pen/cartridge,50949.0,412889.0,123866700.0,2187704.07123
2022-05-01,0601011A0BBADAC,NovoRapid FlexPen 100units/ml inj 3ml pre-filled pens,NovoRapid,FlexPen U100,Pen/cartridge,89557.0,602478.0,180743400.0,3451002.89929
2022-05-01,0601011A0BBAEAC,NovoRapid FlexTouch 100units/ml inj 3ml pre-filled pens,NovoRapid,FlexTouch U100,Pen/cartridge,4363.0,30206.0,9061800.0,181692.41659
2022-05-01,0601011A0BBAFAD,NovoRapid PumpCart 100units/ml inj 1.6ml cartridges,NovoRapid,PumpCart,Vial/pump,2707.0,43979.0,7036640.0,124283.08517
2022-05-01,0601011A0BCAAAC,Fiasp FlexTouch 100units/ml inj 3ml pre-filled pens,Fiasp,FlexTouch U100,Pen/cartridge,9997.0,62440.0,18732000.0,357650.42397
2022-05-01,0601011A0BCABAB,Fiasp Penfill 100units/ml inj 3ml cartridges,Fiasp,Cartridge,Pen/cartridge,7117.0,48246.0,14473800.0,255646.78917
2022-05-01,0601011A0BCACAA,Fiasp 100units/ml solution for injection 10ml vials,Fiasp,Vial,Vial/pump,3447.0,13209.0,13209000.0,174026.59157
2022-05-01,0601011A0BDAAAB,Trurapi 100units/ml solution for injection 3ml cartridges,Trurapi,Cartridge,Pen/cartridge,20.0,112.0,33600.0,415.74821000000003
2022-05-01,0601011A0BDABAC,Trurapi 100units/ml inj 3ml pre-filled Solostar pens,Trurapi,Pen U100,Pen/cartridge,385.0,1978.0,593400.0,7936.773639999999
2022-05-01,0601011A0BDACAA,Trurapi 100units/ml solution for injection 10ml vial,Trurapi,Vial,Vial/pump,2.0,4.0,4000.0,44.81659
2022-05-01,0601011L0BBABAB,Humalog 100units/ml solution for injection 10ml vials,Humalog,Vial,Vial/pump,3202.0,12837.0,12837000.0,199507.29705
2022-05-01,0601011L0BBACAC,Humalog 100units/ml solution for injection 3ml cartridges,Humalog,Cartridge,Pen/cartridge,12076.0,103592.0,31077600.0,548875.70348
2022-05-01,0601011L0BBAFAF,Humalog Pen 100units/ml inj 3ml pre-filled pens,Humalog,Pen U100,Pen/cartridge,3.0,15.0,4500.0,82.62323
2022-05-01,0601011L0BBAGAF,Humalog KwikPen 100units/ml inj 3ml pre-filled pens,Humalog,KwikPen U100,Pen/cartridge,16281.0,113560.0,34068000.0,626239.88186
2022-05-01,0601011L0BBAHAG,Humalog KwikPen 200units/ml inj 3ml pre-filled pens,Humalog,KwikPen U200,Pen/cartridge,2772.0,23016.0,13809600.0,253777.29867
2022-05-01,0601011L0BBAIAF,Humalog Junior KwikPen 100units/ml inj 3ml pre-filled pens,Humalog,Junior KwikPen,Pen/cartridge,536.0,3081.0,924300.0,16991.27326
2022-05-01,0601011L0BDAAAG,Lyumjev KwikPen 200units/ml inj 3ml pre-filled pens,Lyumjev,KwikPen U200,Pen/cartridge,52.0,333.0,199800.0,3671.70365
2022-05-01,0601011L0BDABAB,Lyumjev 100units/ml solution for injection 10ml vials,Lyumjev,Vial,Vial/pump,307.0,1164.0,1164000.0,18090.70736
2022-05-01,0601011L0BDACAC,Lyumjev 100units/ml solution for injection 3ml cartridges,Lyumjev,Cartridge,Pen/cartridge,241.0,1713.0,513900.0,9076.80095
2022-05-01,0601011L0BDADAF,Lyumjev KwikPen 100units/ml inj 3ml pre-filled pens,Lyumjev,KwikPen U100,Pen/cartridge,943.0,5602.0,1680600.0,30893.01876
2022-05-01,0601011L0BDAEAF,Lyumjev Junior KwikPen 100units/ml inj 3ml pre-filled pens,Lyumjev,Junior KwikPen,Pen/cartridge,130.0,729.0,218700.0,4020.13284
2022-05-01,0601011P0BBAAAA,Apidra 100units/ml solution for injection 10ml vials,Apidra,Vial,Vial/pump,362.0,1499.0,1499000.0,22441.08515
2022-05-01,0601011P0BBABAB,Apidra 100units/ml solution for injection 3ml cartridges,Apidra,Cartridge,Pen/cartridge,611.0,4757.0,1427100.0,25196.65109
2022-05-01,0601011P0BBAEAC,Apidra 100units/ml inj 3ml pre-filled SoloStar pens,Apidra,Pen U100,Pen/cartridge,6478.0,44969.0,13490700.0,238230.61692
2022-06-01,0601011A0BBAAAA,NovoRapid 100units/ml solution for injection 10ml vials,NovoRapid,Vial,Vial/pump,18309.0,73655.0,73655000.0,970389.00142
2022-06-01,0601011A0BBABAB,NovoRapid Penfill 100units/ml inj 3ml cartridges,NovoRapid,Cartridge,Pen/cartridge,49065.0,397453.0,119235900.0,2105908.82362
2022-06-01,0601011A0BBADAC,NovoRapid FlexPen 100units/ml inj 3ml pre-filled pens,NovoRapid,FlexPen U100,Pen/cartridge,87446.0,588157.0,176447100.0,3368965.89811
2022-06-01,0601011A0BBAEAC,NovoRapid FlexTouch 100units/ml inj 3ml pre-filled pens,NovoRapid,FlexTouch U100,Pen/cartridge,4306.0,29422.0,8826600.0,176953.65834999998
2022-06-01,0601011A0BBAFAD,NovoRapid PumpCart 100units/ml inj 1.6ml cartridges,NovoRapid,PumpCart,Vial/pump,2566.0,41375.0,6620000.0,116923.63058
2022-06-01,0601011A0BCAAAC,Fiasp FlexTouch 100units/ml inj 3ml pre-filled pens,Fiasp,FlexTouch U100,Pen/cartridge,10066.0,62967.0,18890100.0,360674.96409
2022-06-01,0601011A0BCABAB,Fiasp Penfill 100units/ml inj 3ml cartridges,Fiasp,Cartridge,Pen/cartridge,7183.0,48276.0,14482800.0,255806.80004
2022-06-01,0601011A0BCACAA,Fiasp 100units/ml solution for injection 10ml vials,Fiasp,Vial,Vial/pump,3469.0,13260.0,13260000.0,174698.29497
2022-06-01,0601011A0BDAAAB,Trurapi 100units/ml solution for injection 3ml cartridges,Trurapi,Cartridge,Pen/cartridge,25.0,147.0,44100.0,545.48417
2022-06-01,0601011A0BDABAC,Trurapi 100units/ml inj 3ml pre-filled Solostar pens,Trurapi,Pen U100,Pen/cartridge,458.0,2513.0,753900.0,10082.20906
2022-06-01,0601011A0BDACAA,Trurapi 100units/ml solution for injection 10ml vial,Trurapi,Vial,Vial/pump,4.0,4.0,4000.0,44.841229999999996
2022-06-01,0601011L0BBABAB,Humalog 100units/ml solution for injection 10ml vials,Humalog,Vial,Vial/pump,3069.0,12243.0,12243000.0,190275.10806
2022-06-01,0601011L0BBACAC,Humalog 100units/ml solution for injection 3ml cartridges,Humalog,Cartridge,Pen/cartridge,11811.0,102291.0,30687300.0,541983.78317
2022-06-01,0601011L0BBAFAF,Humalog Pen 100units/ml inj 3ml pre-filled pens,Humalog,Pen U100,Pen/cartridge,1.0,5.0,1500.0,27.52539
2022-06-01,0601011L0BBAGAF,Humalog KwikPen 100units/ml inj 3ml pre-filled pens,Humalog,KwikPen U100,Pen/cartridge,15949.0,110933.0,33279900.0,611760.04025
2022-06-01,0601011L0BBAHAG,Humalog KwikPen 200units/ml inj 3ml pre-filled pens,Humalog,KwikPen U200,Pen/cartridge,2716.0,22314.0,13388400.0,246040.47838
2022-06-01,0601011L0BBAIAF,Humalog Junior KwikPen 100units/ml inj 3ml pre-filled pens,Humalog,Junior KwikPen,Pen/cartridge,528.0,2915.0,874500.0,16076.9244
2022-06-01,0601011L0BDAAAG,Lyumjev KwikPen 200units/ml inj 3ml pre-filled pens,Lyumjev,KwikPen U200,Pen/cartridge,64.0,424.0,254400.0,4675.08608
2022-06-01,0601011L0BDABAB,Lyumjev 100units/ml solution for injection 10ml vials,Lyumjev,Vial,Vial/pump,336.0,1243.0,1243000.0,19318.51704
2022-06-01,0601011L0BDACAC,Lyumjev 100units/ml solution for injection 3ml cartridges,Lyumjev,Cartridge,Pen/cartridge,234.0,1667.0,500100.0,8832.68195
2022-06-01,0601011L0BDADAF,Lyumjev KwikPen 100units/ml inj 3ml pre-filled pens,Lyumjev,KwikPen U100,Pen/cartridge,1078.0,6306.0,1891800.0,34776.18856
2022-06-01,0601011L0BDAEAF,Lyumjev Junior KwikPen 100units/ml inj 3ml pre-filled pens,Lyumjev,Junior KwikPen,Pen/cartridge,165.0,952.0,285600.0,5249.84616
2022-06-01,0601011P0BBAAAA,Apidra 100units/ml solution for injection 10ml vials,Apidra,Vial,Vial/pump,386.0,1509.0,1509000.0,22590.85852
2022-06-01,0601011P0BBABAB,Apidra 100units/ml solution for injection 3ml cartridges,Apidra,Cartridge,Pen/cartridge,609.0,4777.0,1433100.0,25301.7603
2022-06-01,0601011P0BBAEAC,Apidra 100units/ml inj 3ml pre-filled SoloStar pens,Apidra,Pen U100,Pen/cartridge,6254.0,42775.0,12832500.0,226610.5238
2022-07-01,0601011A0BBAAAA,NovoRapid 100units/ml solution for injection 10ml vials,NovoRapid,Vial,Vial/pump,19286.0,77832.0,77832000.0,1024915.7435
2022-07-01,0601011A0BBABAB,NovoRapid Penfill 100units/ml inj 3ml cartridges,NovoRapid,Cartridge,Pen/cartridge,46834.0,375910.0,112773000.0,1990791.95949
2022-07-01,0601011A0BBADAC,NovoRapid FlexPen 100units/ml inj 3ml pre-filled pens,NovoRapid,FlexPen U100,Pen/cartridge,90912.0,611226.0,183367800.0,3499374.03304
2022-07-01,0601011A0BBAEAC,NovoRapid FlexTouch 100units/ml inj 3ml pre-filled pens,NovoRapid,FlexTouch U100,Pen/cartridge,4536.0,31176.0,9352800.0,187407.76024
2022-07-01,0601011A0BBAFAD,NovoRapid PumpCart 100units/ml inj 1.6ml cartridges,NovoRapid,PumpCart,Vial/pump,2549.0,41309.0,6609440.0,116679.87473
2022-07-01,0601011A0BCAAAC,Fiasp FlexTouch 100units/ml inj 3ml pre-filled pens,Fiasp,FlexTouch U100,Pen/cartridge,10552.0,65945.0,19783500.0,377547.84636
2022-07-01,0601011A0BCABAB,Fiasp Penfill 100units/ml inj 3ml cartridges,Fiasp,Cartridge,Pen/cartridge,7845.0,53108.0,15932400.0,281271.39855
2022-07-01,0601011A0BCACAA,Fiasp 100units/ml solution for injection 10ml vials,Fiasp,Vial,Vial/pump,3673.0,14095.0,14095000.0,185607.81871
2022-07-01,0601011A0BDAAAB,Trurapi 100units/ml solution for injection 3ml cartridges,Trurapi,Cartridge,Pen/cartridge,34.0,186.0,55800.0,690.04088
2022-07-01,0601011A0BDABAC,Trurapi 100units/ml inj 3ml pre-filled Solostar pens,Trurapi,Pen U100,Pen/cartridge,536.0,2716.0,814800.0,10893.27079
2022-07-01,0601011A0BDACAA,Trurapi 100units/ml solution for injection 10ml vial,Trurapi,Vial,Vial/pump,4.0,4.0,4000.0,44.8192
2022-07-01,0601011L0BBABAB,Humalog 100units/ml solution for injection 10ml vials,Humalog,Vial,Vial/pump,3206.0,12894.0,12894000.0,200293.61437
2022-07-01,0601011L0BBACAC,Humalog 100units/ml solution for injection 3ml cartridges,Humalog,Cartridge,Pen/cartridge,11665.0,100455.0,30136500.0,531991.01803
2022-07-01,0601011L0BBAGAF,Humalog KwikPen 100units/ml inj 3ml pre-filled pens,Humalog,KwikPen U100,Pen/cartridge,15901.0,110831.0,33249300.0,610898.87071
2022-07-01,0601011L0BBAHAG,Humalog KwikPen 200units/ml inj 3ml pre-filled pens,Humalog,KwikPen U200,Pen/cartridge,2725.0,22778.0,13666800.0,251034.65112
2022-07-01,0601011L0BBAIAF,Humalog Junior KwikPen 100units/ml inj 3ml pre-filled pens,Humalog,Junior KwikPen,Pen/cartridge,563.0,3166.0,949800.0,17452.47597
2022-07-01,0601011L0BDAAAG,Lyumjev KwikPen 200units/ml inj 3ml pre-filled pens,Lyumjev,KwikPen U200,Pen/cartridge,94.0,594.0,356400.0,6546.4623
2022-07-01,0601011L0BDABAB,Lyumjev 100units/ml solution for injection 10ml vials,Lyumjev,Vial,Vial/pump,436.0,1610.0,1610000.0,25010.05584
2022-07-01,0601011L0BDACAC,Lyumjev 100units/ml solution for injection 3ml cartridges,Lyumjev,Cartridge,Pen/cartridge,260.0,1856.0,556800.0,9829.40128
2022-07-01,0601011L0BDADAF,Lyumjev KwikPen 100units/ml inj 3ml pre-filled pens,Lyumjev,KwikPen U100,Pen/cartridge,1237.0,7333.0,2199900.0,40419.45955
2022-07-01,0601011L0BDAEAF,Lyumjev Junior KwikPen 100units/ml inj 3ml pre-filled pens,Lyumjev,Junior KwikPen,Pen/cartridge,146.0,842.0,252600.0,4641.4029
2022-07-01,0601011P0BBAAAA,Apidra 100units/ml solution for injection 10ml vials,Apidra,Vial,Vial/pump,388.0,1598.0,1598000.0,23911.31038
2022-07-01,0601011P0BBABAB,Apidra 100units/ml solution for injection 3ml cartridges,Apidra,Cartridge,Pen/cartridge,582.0,4485.0,1345500.0,23744.72192
2022-07-01,0601011P0BBAEAC,Apidra 100units/ml inj 3ml pre-filled SoloStar pens,Apidra,Pen U100,Pen/cartridge,6294.0,43443.0,13032900.0,230040.3703
2022-08-01,0601011A0BBAAAA,NovoRapid 100units/ml solution for injection 10ml vials,NovoRapid,Vial,Vial/pump,18785.0,75072.0,75072000.0,988061.0286600001
2022-08-01,0601011A0BBABAB,NovoRapid Penfill 100units/ml inj 3ml cartridges,NovoRapid,Cartridge,Pen/cartridge,52020.0,425189.0,127556700.0,2250557.50462
2022-08-01,0601011A0BBADAC,NovoRapid FlexPen 100units/ml inj 3ml pre-filled pens,NovoRapid,FlexPen U100,Pen/cartridge,89192.0,598506.0,179551800.0,3424763.70466
2022-08-01,0601011A0BBAEAC,NovoRapid FlexTouch 100units/ml inj 3ml pre-filled pens,NovoRapid,FlexTouch U100,Pen/cartridge,4485.0,31158.0,9347400.0,187199.87521
2022-08-01,0601011A0BBAFAD,NovoRapid PumpCart 100units/ml inj 1.6ml cartridges,NovoRapid,PumpCart,Vial/pump,2322.0,36910.0,5905600.0,104200.09187
2022-08-01,0601011A0BCAAAC,Fiasp FlexTouch 100units/ml inj 3ml pre-filled pens,Fiasp,FlexTouch U100,Pen/cartridge,10768.0,67394.0,20218200.0,385636.12349
2022-08-01,0601011A0BCABAB,Fiasp Penfill 100units/ml inj 3ml cartridges,Fiasp,Cartridge,Pen/cartridge,7666.0,51659.0,15497700.0,273453.12772
2022-08-01,0601011A0BCACAA,Fiasp 100units/ml solution for injection 10ml vials,Fiasp,Vial,Vial/pump,3684.0,14178.0,14178000.0,186607.31497
2022-08-01,0601011A0BDAAAB,Trurapi 100units/ml solution for injection 3ml cartridges,Trurapi,Cartridge,Pen/cartridge,60.0,347.0,104100.0,1286.58216
2022-08-01,0601011A0BDABAC,Trurapi 100units/ml inj 3ml pre-filled Solostar pens,Trurapi,Pen U100,Pen/cartridge,695.0,3521.0,1056300.0,14113.84281
2022-08-01,0601011A0BDACAA,Trurapi 100units/ml solution for injection 10ml vial,Trurapi,Vial,Vial/pump,3.0,3.0,3000.0,33.59659
2022-08-01,0601011L0BBABAB,Humalog 100units/ml solution for injection 10ml vials,Humalog,Vial,Vial/pump,3060.0,12288.0,12288000.0,190778.7922
2022-08-01,0601011L0BBACAC,Humalog 100units/ml solution for injection 3ml cartridges,Humalog,Cartridge,Pen/cartridge,11612.0,99861.0,29958300.0,528566.62893
2022-08-01,0601011L0BBAFAF,Humalog Pen 100units/ml inj 3ml pre-filled pens,Humalog,Pen U100,Pen/cartridge,1.0,5.0,1500.0,27.544
2022-08-01,0601011L0BBAGAF,Humalog KwikPen 100units/ml inj 3ml pre-filled pens,Humalog,KwikPen U100,Pen/cartridge,16198.0,112555.0,33766500.0,620060.48139
2022-08-01,0601011L0BBAHAG,Humalog KwikPen 200units/ml inj 3ml pre-filled pens,Humalog,KwikPen U200,Pen/cartridge,2748.0,22706.0,13623600.0,250107.29355
2022-08-01,0601011L0BBAIAF,Humalog Junior KwikPen 100units/ml inj 3ml pre-filled pens,Humalog,Junior KwikPen,Pen/cartridge,561.0,3126.0,937800.0,17223.86288
2022-08-01,0601011L0BDAAAG,Lyumjev KwikPen 200units/ml inj 3ml pre-filled pens,Lyumjev,KwikPen U200,Pen/cartridge,68.0,430.0,258000.0,4736.63161
2022-08-01,0601011L0BDABAB,Lyumjev 100units/ml solution for injection 10ml vials,Lyumjev,Vial,Vial/pump,452.0,1668.0,1668000.0,25897.28351
2022-08-01,0601011L0BDACAC,Lyumjev 100units/ml solution for injection 3ml cartridges,Lyumjev,Cartridge,Pen/cartridge,294.0,2043.0,612900.0,10813.71912
2022-08-01,0601011L0BDADAF,Lyumjev KwikPen 100units/ml inj 3ml pre-filled pens,Lyumjev,KwikPen U100,Pen/cartridge,1328.0,7921.0,2376300.0,43637.33187
2022-08-01,0601011L0BDAEAF,Lyumjev Junior KwikPen 100units/ml inj 3ml pre-filled pens,Lyumjev,Junior KwikPen,Pen/cartridge,178.0,990.0,297000.0,5454.44595
2022-08-01,0601011P0BBAAAA,Apidra 100units/ml solution for injection 10ml vials,Apidra,Vial,Vial/pump,408.0,1708.0,1708000.0,25543.68143
2022-08-01,0601011P0BBABAB,Apidra 100units/ml solution for injection 3ml cartridges,Apidra,Cartridge,Pen/cartridge,618.0,4672.0,1401600.0,24721.50285
2022-08-01,0601011P0BBAEAC,Apidra 100units/ml inj 3ml pre-filled SoloStar pens,Apidra,Pen U100,Pen/cartridge,6371.0,44080.0,13224000.0,233293.44209
2022-09-01,0601011A0BBAAAA,NovoRapid 100units/ml solution for injection 10ml vials,NovoRapid,Vial,Vial/pump,19262.0,77192.0,77192000.0,1016117.72896
2022-09-01,0601011A0BBABAB,NovoRapid Penfill 100units/ml inj 3ml cartridges,NovoRapid,Cartridge,Pen/cartridge,48749.0,395118.0,118535400.0,2091707.70582
2022-09-01,0601011A0BBADAC,NovoRapid FlexPen 100units/ml inj 3ml pre-filled pens,NovoRapid,FlexPen U100,Pen/cartridge,88209.0,592133.0,177639900.0,3388832.97187
2022-09-01,0601011A0BBAEAC,NovoRapid FlexTouch 100units/ml inj 3ml pre-filled pens,NovoRapid,FlexTouch U100,Pen/cartridge,4389.0,30098.0,9029400.0,180858.82764
2022-09-01,0601011A0BBAFAD,NovoRapid PumpCart 100units/ml inj 1.6ml cartridges,NovoRapid,PumpCart,Vial/pump,2158.0,34419.0,5507040.0,97182.51253
2022-09-01,0601011A0BCAAAC,Fiasp FlexTouch 100units/ml inj 3ml pre-filled pens,Fiasp,FlexTouch U100,Pen/cartridge,10932.0,68120.0,20436000.0,389853.55224
2022-09-01,0601011A0BCABAB,Fiasp Penfill 100units/ml inj 3ml cartridges,Fiasp,Cartridge,Pen/cartridge,7807.0,52662.0,15798600.0,278811.01847999997
2022-09-01,0601011A0BCACAA,Fiasp 100units/ml solution for injection 10ml vials,Fiasp,Vial,Vial/pump,3830.0,14801.0,14801000.0,194829.82334
2022-09-01,0601011A0BDAAAB,Trurapi 100units/ml solution for injection 3ml cartridges,Trurapi,Cartridge,Pen/cartridge,81.0,531.0,159300.0,1968.4820300000001
2022-09-01,0601011A0BDABAC,Trurapi 100units/ml inj 3ml pre-filled Solostar pens,Trurapi,Pen U100,Pen/cartridge,868.0,4535.0,1360500.0,18179.55622
2022-09-01,0601011A0BDACAA,Trurapi 100units/ml solution for injection 10ml vial,Trurapi,Vial,Vial/pump,19.0,41.0,41000.0,458.8987
2022-09-01,0601011L0BBABAB,Humalog 100units/ml solution for injection 10ml vials,Humalog,Vial,Vial/pump,3096.0,12266.0,12266000.0,190476.16299
2022-09-01,0601011L0BBACAC,Humalog 100units/ml solution for injection 3ml cartridges,Humalog,Cartridge,Pen/cartridge,11365.0,97667.0,29300100.0,517033.98398
2022-09-01,0601011L0BBAFAF,Humalog Pen 100units/ml inj 3ml pre-filled pens,Humalog,Pen U100,Pen/cartridge,2.0,10.0,3000.0,55.09612
2022-09-01,0601011L0BBAGAF,Humalog KwikPen 100units/ml inj 3ml pre-filled pens,Humalog,KwikPen U100,Pen/cartridge,15746.0,109907.0,32972100.0,605574.95734
2022-09-01,0601011L0BBAHAG,Humalog KwikPen 200units/ml inj 3ml pre-filled pens,Humalog,KwikPen U200,Pen/cartridge,2748.0,23028.0,13816800.0,253696.47629
2022-09-01,0601011L0BBAIAF,Humalog Junior KwikPen 100units/ml inj 3ml pre-filled pens,Humalog,Junior KwikPen,Pen/cartridge,522.0,2897.0,869100.0,15963.59473
2022-09-01,0601011L0BDAAAG,Lyumjev KwikPen 200units/ml inj 3ml pre-filled pens,Lyumjev,KwikPen U200,Pen/cartridge,75.0,481.0,288600.0,5298.7881
2022-09-01,0601011L0BDABAB,Lyumjev 100units/ml solution for injection 10ml vials,Lyumjev,Vial,Vial/pump,451.0,1702.0,1702000.0,26428.94184
2022-09-01,0601011L0BDACAC,Lyumjev 100units/ml solution for injection 3ml cartridges,Lyumjev,Cartridge,Pen/cartridge,323.0,2260.0,678000.0,11964.12976
2022-09-01,0601011L0BDADAF,Lyumjev KwikPen 100units/ml inj 3ml pre-filled pens,Lyumjev,KwikPen U100,Pen/cartridge,1397.0,8333.0,2499900.0,45913.26562
2022-09-01,0601011L0BDAEAF,Lyumjev Junior KwikPen 100units/ml inj 3ml pre-filled pens,Lyumjev,Junior KwikPen,Pen/cartridge,198.0,1103.0,330900.0,6077.617
2022-09-01,0601011P0BBAAAA,Apidra 100units/ml solution for injection 10ml vials,Apidra,Vial,Vial/pump,342.0,1334.0,1334000.0,19953.52125
2022-09-01,0601011P0BBABAB,Apidra 100units/ml solution for injection 3ml cartridges,Apidra,Cartridge,Pen/cartridge,568.0,4336.0,1300800.0,22947.28022
2022-09-01,0601011P0BBAEAC,Apidra 100units/ml inj 3ml pre-filled SoloStar pens,Apidra,Pen U100,Pen/cartridge,6300.0,43481.0,13044300.0,230159.5877
2022-10-01,0601011A0BBAAAA,NovoRapid 100units/ml solution for injection 10ml vials,NovoRapid,Vial,Vial/pump,19157.0,76353.0,76353000.0,1004166.80042
2022-10-01,0601011A0BBABAB,NovoRapid Penfill 100units/ml inj 3ml cartridges,NovoRapid,Cartridge,Pen/cartridge,48010.0,389552.0,116865600.0,2060406.91396
2022-10-01,0601011A0BBADAC,NovoRapid FlexPen 100units/ml inj 3ml pre-filled pens,NovoRapid,FlexPen U100,Pen/cartridge,87454.0,587968.0,176390400.0,3361979.74753
2022-10-01,0601011A0BBAEAC,NovoRapid FlexTouch 100units/ml inj 3ml pre-filled pens,NovoRapid,FlexTouch U100,Pen/cartridge,4533.0,30936.0,9280800.0,185724.17086
2022-10-01,0601011A0BBAFAD,NovoRapid PumpCart 100units/ml inj 1.6ml cartridges,NovoRapid,PumpCart,Vial/pump,2020.0,31015.0,4962400.0,87491.76495
2022-10-01,0601011A0BCAAAC,Fiasp FlexTouch 100units/ml inj 3ml pre-filled pens,Fiasp,FlexTouch U100,Pen/cartridge,11013.0,68727.0,20618100.0,392974.2783
2022-10-01,0601011A0BCABAB,Fiasp Penfill 100units/ml inj 3ml cartridges,Fiasp,Cartridge,Pen/cartridge,8043.0,54503.0,16350900.0,288288.35626000003
2022-10-01,0601011A0BCACAA,Fiasp 100units/ml solution for injection 10ml vials,Fiasp,Vial,Vial/pump,3749.0,14258.0,14258000.0,187523.07377
2022-10-01,0601011A0BDAAAB,Trurapi 100units/ml solution for injection 3ml cartridges,Trurapi,Cartridge,Pen/cartridge,131.0,842.0,252600.0,3118.97439
2022-10-01,0601011A0BDABAC,Trurapi 100units/ml inj 3ml pre-filled Solostar pens,Trurapi,Pen U100,Pen/cartridge,1035.0,5385.0,1615500.0,21569.05743
2022-10-01,0601011A0BDACAA,Trurapi 100units/ml solution for injection 10ml vial,Trurapi,Vial,Vial/pump,36.0,88.0,88000.0,984.05764
2022-10-01,0601011L0BBABAB,Humalog 100units/ml solution for injection 10ml vials,Humalog,Vial,Vial/pump,3132.0,12412.0,12412000.0,192555.62776
2022-10-01,0601011L0BBACAC,Humalog 100units/ml solution for injection 3ml cartridges,Humalog,Cartridge,Pen/cartridge,11181.0,96623.0,28986900.0,511032.37176999997
2022-10-01,0601011L0BBAFAF,Humalog Pen 100units/ml inj 3ml pre-filled pens,Humalog,Pen U100,Pen/cartridge,1.0,5.0,1500.0,27.52273
2022-10-01,0601011L0BBAGAF,Humalog KwikPen 100units/ml inj 3ml pre-filled pens,Humalog,KwikPen U100,Pen/cartridge,15670.0,109906.0,32971800.0,605027.43148
2022-10-01,0601011L0BBAHAG,Humalog KwikPen 200units/ml inj 3ml pre-filled pens,Humalog,KwikPen U200,Pen/cartridge,2799.0,22963.0,13777800.0,252741.42315
2022-10-01,0601011L0BBAIAF,Humalog Junior KwikPen 100units/ml inj 3ml pre-filled pens,Humalog,Junior KwikPen,Pen/cartridge,519.0,2896.0,868800.0,15943.86912
2022-10-01,0601011L0BBAJAF,Humalog Tempo Pen 100units/ml inj 3ml pre-filled pens,Humalog,Tempo Pen,Pen/cartridge,11.0,83.0,24900.0,456.83722
2022-10-01,0601011L0BDAAAG,Lyumjev KwikPen 200units/ml inj 3ml pre-filled pens,Lyumjev,KwikPen U200,Pen/cartridge,94.0,613.0,367800.0,6746.98844
2022-10-01,0601011L0BDABAB,Lyumjev 100units/ml solution for injection 10ml vials,Lyumjev,Vial,Vial/pump,521.0,2027.0,2027000.0,31446.49688
2022-10-01,0601011L0BDACAC,Lyumjev 100units/ml solution for injection 3ml cartridges,Lyumjev,Cartridge,Pen/cartridge,356.0,2574.0,772200.0,13614.06299
2022-10-01,0601011L0BDADAF,Lyumjev KwikPen 100units/ml inj 3ml pre-filled pens,Lyumjev,KwikPen U100,Pen/cartridge,1512.0,8918.0,2675400.0,49091.57289
2022-10-01,0601011L0BDAEAF,Lyumjev Junior KwikPen 100units/ml inj 3ml pre-filled pens,Lyumjev,Junior KwikPen,Pen/cartridge,219.0,1201.0,360300.0,6611.60829
2022-10-01,0601011L0BDAFAF,Lyumjev Tempo Pen 100units/ml inj 3ml pre-filled pens,Lyumjev,Tempo Pen,Pen/cartridge,2.0,5.0,1500.0,27.73513
2022-10-01,0601011P0BBAAAA,Apidra 100units/ml solution for injection 10ml vials,Apidra,Vial,Vial/pump,372.0,1536.0,1536000.0,22953.672730000002
2022-10-01,0601011P0BBABAB,Apidra 100units/ml solution for injection 3ml cartridges,Apidra,Cartridge,Pen/cartridge,553.0,4277.0,1283100.0,22613.290979999998
2022-10-01,0601011P0BBAEAC,Apidra 100units/ml inj 3ml pre-filled SoloStar pens,Apidra,Pen U100,Pen/cartridge,6136.0,41995.0,12598500.0,222095.8785
2022-11-01,0601011A0BBAAAA,NovoRapid 100units/ml solution for injection 10ml vials,NovoRapid,Vial,Vial/pump,19685.0,78413.0,78413000.0,1032501.44021
2022-11-01,0601011A0BBABAB,NovoRapid Penfill 100units/ml inj 3ml cartridges,NovoRapid,Cartridge,Pen/cartridge,49067.0,397737.0,119321100.0,2106224.09905
2022-11-01,0601011A0BBADAC,NovoRapid FlexPen 100units/ml inj 3ml pre-filled pens,NovoRapid,FlexPen U100,Pen/cartridge,85382.0,569945.0,170983500.0,3262866.59086
2022-11-01,0601011A0BBAEAC,NovoRapid FlexTouch 100units/ml inj 3ml pre-filled pens,NovoRapid,FlexTouch U100,Pen/cartridge,5280.0,35573.0,10671900.0,213824.44536
2022-11-01,0601011A0BBAFAD,NovoRapid PumpCart 100units/ml inj 1.6ml cartridges,NovoRapid,PumpCart,Vial/pump,1953.0,30045.0,4807200.0,84858.48143
2022-11-01,0601011A0BCAAAC,Fiasp FlexTouch 100units/ml inj 3ml pre-filled pens,Fiasp,FlexTouch U100,Pen/cartridge,11538.0,71957.0,21587100.0,411943.95243
2022-11-01,0601011A0BCABAB,Fiasp Penfill 100units/ml inj 3ml cartridges,Fiasp,Cartridge,Pen/cartridge,8407.0,56643.0,16992900.0,299980.8621
2022-11-01,0601011A0BCACAA,Fiasp 100units/ml solution for injection 10ml vials,Fiasp,Vial,Vial/pump,4055.0,15604.0,15604000.0,205461.19259
2022-11-01,0601011A0BDAAAB,Trurapi 100units/ml solution for injection 3ml cartridges,Trurapi,Cartridge,Pen/cartridge,172.0,1269.0,380700.0,4705.3728
2022-11-01,0601011A0BDABAC,Trurapi 100units/ml inj 3ml pre-filled Solostar pens,Trurapi,Pen U100,Pen/cartridge,1488.0,7991.0,2397300.0,32043.00219
2022-11-01,0601011A0BDACAA,Trurapi 100units/ml solution for injection 10ml vial,Trurapi,Vial,Vial/pump,52.0,147.0,147000.0,1645.7532
2022-11-01,0601011L0BBABAB,Humalog 100units/ml solution for injection 10ml vials,Humalog,Vial,Vial/pump,3134.0,12589.0,12589000.0,195539.53137
2022-11-01,0601011L0BBACAC,Humalog 100units/ml solution for injection 3ml cartridges,Humalog,Cartridge,Pen/cartridge,11204.0,97356.0,29206800.0,515542.31421
2022-11-01,0601011L0BBAGAF,Humalog KwikPen 100units/ml inj 3ml pre-filled pens,Humalog,KwikPen U100,Pen/cartridge,16217.0,112937.0,33881100.0,622473.43787
2022-11-01,0601011L0BBAHAG,Humalog KwikPen 200units/ml inj 3ml pre-filled pens,Humalog,KwikPen U200,Pen/cartridge,2838.0,23525.0,14115000.0,259248.05727000002
2022-11-01,0601011L0BBAIAF,Humalog Junior KwikPen 100units/ml inj 3ml pre-filled pens,Humalog,Junior KwikPen,Pen/cartridge,562.0,3097.0,929100.0,17071.43702
2022-11-01,0601011L0BBAJAF,Humalog Tempo Pen 100units/ml inj 3ml pre-filled pens,Humalog,Tempo Pen,Pen/cartridge,13.0,64.0,19200.0,352.90416
2022-11-01,0601011L0BDAAAG,Lyumjev KwikPen 200units/ml inj 3ml pre-filled pens,Lyumjev,KwikPen U200,Pen/cartridge,106.0,682.0,409200.0,7515.72358
2022-11-01,0601011L0BDABAB,Lyumjev 100units/ml solution for injection 10ml vials,Lyumjev,Vial,Vial/pump,541.0,2042.0,2042000.0,31718.01675
2022-11-01,0601011L0BDACAC,Lyumjev 100units/ml solution for injection 3ml cartridges,Lyumjev,Cartridge,Pen/cartridge,407.0,2762.0,828600.0,14626.762279999999
2022-11-01,0601011L0BDADAF,Lyumjev KwikPen 100units/ml inj 3ml pre-filled pens,Lyumjev,KwikPen U100,Pen/cartridge,1769.0,10477.0,3143100.0,57743.41732
2022-11-01,0601011L0BDAEAF,Lyumjev Junior KwikPen 100units/ml inj 3ml pre-filled pens,Lyumjev,Junior KwikPen,Pen/cartridge,224.0,1203.0,360900.0,6630.66313
2022-11-01,0601011P0BBAAAA,Apidra 100units/ml solution for injection 10ml vials,Apidra,Vial,Vial/pump,348.0,1433.0,1433000.0,21440.64798
2022-11-01,0601011P0BBABAB,Apidra 100units/ml solution for injection 3ml cartridges,Apidra,Cartridge,Pen/cartridge,568.0,4287.0,1286100.0,22694.32482
2022-11-01,0601011P0BBAEAC,Apidra 100units/ml inj 3ml pre-filled SoloStar pens,Apidra,Pen U100,Pen/cartridge,6403.0,44372.0,13311600.0,234953.50579999998
2022-12-01,0601011A0BBAAAA,NovoRapid 100units/ml solution for injection 10ml vials,NovoRapid,Vial,Vial/pump,20685.0,82932.0,82932000.0,1091921.8072
2022-12-01,0601011A0BBABAB,NovoRapid Penfill 100units/ml inj 3ml cartridges,NovoRapid,Cartridge,Pen/cartridge,50875.0,413543.0,124062900.0,2189739.86304
2022-12-01,0601011A0BBADAC,NovoRapid FlexPen 100units/ml inj 3ml pre-filled pens,NovoRapid,FlexPen U100,Pen/cartridge,93102.0,627699.0,188309700.0,3593223.51506
2022-12-01,0601011A0BBAEAC,NovoRapid FlexTouch 100units/ml inj 3ml pre-filled pens,NovoRapid,FlexTouch U100,Pen/cartridge,5257.0,35673.0,10701900.0,214410.81962999998
2022-12-01,0601011A0BBAFAD,NovoRapid PumpCart 100units/ml inj 1.6ml cartridges,NovoRapid,PumpCart,Vial/pump,1932.0,29975.0,4796000.0,84655.37934
2022-12-01,0601011A0BCAAAC,Fiasp FlexTouch 100units/ml inj 3ml pre-filled pens,Fiasp,FlexTouch U100,Pen/cartridge,12319.0,77076.0,23122800.0,441207.04365
2022-12-01,0601011A0BCABAB,Fiasp Penfill 100units/ml inj 3ml cartridges,Fiasp,Cartridge,Pen/cartridge,9094.0,61813.0,18543900.0,327332.4966
2022-12-01,0601011A0BCACAA,Fiasp 100units/ml solution for injection 10ml vials,Fiasp,Vial,Vial/pump,4286.0,16626.0,16626000.0,218902.61382
2022-12-01,0601011A0BDAAAB,Trurapi 100units/ml solution for injection 3ml cartridges,Trurapi,Cartridge,Pen/cartridge,218.0,1453.0,435900.0,5387.27146
2022-12-01,0601011A0BDABAC,Trurapi 100units/ml inj 3ml pre-filled Solostar pens,Trurapi,Pen U100,Pen/cartridge,1671.0,8927.0,2678100.0,35795.46444
2022-12-01,0601011A0BDACAA,Trurapi 100units/ml solution for injection 10ml vial,Trurapi,Vial,Vial/pump,57.0,146.0,146000.0,1634.4390700000001
2022-12-01,0601011L0BBABAB,Humalog 100units/ml solution for injection 10ml vials,Humalog,Vial,Vial/pump,3321.0,13365.0,13365000.0,207576.98118
2022-12-01,0601011L0BBACAC,Humalog 100units/ml solution for injection 3ml cartridges,Humalog,Cartridge,Pen/cartridge,11760.0,102174.0,30652200.0,541005.25338
2022-12-01,0601011L0BBAFAF,Humalog Pen 100units/ml inj 3ml pre-filled pens,Humalog,Pen U100,Pen/cartridge,3.0,15.0,4500.0,101.72513000000001
2022-12-01,0601011L0BBAGAF,Humalog KwikPen 100units/ml inj 3ml pre-filled pens,Humalog,KwikPen U100,Pen/cartridge,16744.0,116624.0,34987200.0,642721.0139199999
2022-12-01,0601011L0BBAHAG,Humalog KwikPen 200units/ml inj 3ml pre-filled pens,Humalog,KwikPen U200,Pen/cartridge,2996.0,24971.0,14982600.0,275163.04358
2022-12-01,0601011L0BBAIAF,Humalog Junior KwikPen 100units/ml inj 3ml pre-filled pens,Humalog,Junior KwikPen,Pen/cartridge,584.0,3259.0,977700.0,17962.2373
2022-12-01,0601011L0BBAJAF,Humalog Tempo Pen 100units/ml inj 3ml pre-filled pens,Humalog,Tempo Pen,Pen/cartridge,13.0,83.0,24900.0,457.31073000000004
2022-12-01,0601011L0BDAAAG,Lyumjev KwikPen 200units/ml inj 3ml pre-filled pens,Lyumjev,KwikPen U200,Pen/cartridge,111.0,739.0,443400.0,8142.82815
2022-12-01,0601011L0BDABAB,Lyumjev 100units/ml solution for injection 10ml vials,Lyumjev,Vial,Vial/pump,569.0,2171.0,2171000.0,33719.112329999996
2022-12-01,0601011L0BDACAC,Lyumjev 100units/ml solution for injection 3ml cartridges,Lyumjev,Cartridge,Pen/cartridge,431.0,3109.0,932700.0,16462.367580000002
2022-12-01,0601011L0BDADAF,Lyumjev KwikPen 100units/ml inj 3ml pre-filled pens,Lyumjev,KwikPen U100,Pen/cartridge,1845.0,11093.0,3327900.0,61134.70454
2022-12-01,0601011L0BDAEAF,Lyumjev Junior KwikPen 100units/ml inj 3ml pre-filled pens,Lyumjev,Junior KwikPen,Pen/cartridge,255.0,1422.0,426600.0,7837.02488
2022-12-01,0601011L0BDAFAF,Lyumjev Tempo Pen 100units/ml inj 3ml pre-filled pens,Lyumjev,Tempo Pen,Pen/cartridge,3.0,11.0,3300.0,60.61498
2022-12-01,0601011P0BBAAAA,Apidra 100units/ml solution for injection 10ml vials,Apidra,Vial,Vial/pump,405.0,1656.0,1656000.0,24775.27034
2022-12-01,0601011P0BBABAB,Apidra 100units/ml solution for injection 3ml cartridges,Apidra,Cartridge,Pen/cartridge,633.0,4732.0,1419600.0,25047.72191
2022-12-01,0601011P0BBAEAC,Apidra 100units/ml inj 3ml pre-filled SoloStar pens,Apidra,Pen U100,Pen/cartridge,6591.0,45460.0,13638000.0,240702.39984
2023-01-01,0601011A0BBAAAA,NovoRapid 100units/ml solution for injection 10ml vials,NovoRapid,Vial,Vial/pump,20283.0,81203.0,81203000.0,1071464.55784
2023-01-01,0601011A0BBABAB,NovoRapid Penfill 100units/ml inj 3ml cartridges,NovoRapid,Cartridge,Pen/cartridge,48848.0,393913.0,118173900.0,2090333.15698
2023-01-01,0601011A0BBADAC,NovoRapid FlexPen 100units/ml inj 3ml pre-filled pens,NovoRapid,FlexPen U100,Pen/cartridge,88998.0,595573.0,178671900.0,3416662.35533
2023-01-01,0601011A0BBAEAC,NovoRapid FlexTouch 100units/ml inj 3ml pre-filled pens,NovoRapid,FlexTouch U100,Pen/cartridge,4969.0,33343.0,10002900.0,200843.40984
2023-01-01,0601011A0BBAFAD,NovoRapid PumpCart 100units/ml inj 1.6ml cartridges,NovoRapid,PumpCart,Vial/pump,1878.0,28017.0,4482720.0,79298.08949
2023-01-01,0601011A0BCAAAC,Fiasp FlexTouch 100units/ml inj 3ml pre-filled pens,Fiasp,FlexTouch U100,Pen/cartridge,12094.0,75519.0,22655700.0,433228.38312
2023-01-01,0601011A0BCABAB,Fiasp Penfill 100units/ml inj 3ml cartridges,Fiasp,Cartridge,Pen/cartridge,9279.0,62381.0,18714300.0,331058.8847
2023-01-01,0601011A0BCACAA,Fiasp 100units/ml solution for injection 10ml vials,Fiasp,Vial,Vial/pump,4197.0,16154.0,16154000.0,213151.75877
2023-01-01,0601011A0BDAAAB,Trurapi 100units/ml solution for injection 3ml cartridges,Trurapi,Cartridge,Pen/cartridge,225.0,1566.0,469800.0,5818.94365
2023-01-01,0601011A0BDABAC,Trurapi 100units/ml inj 3ml pre-filled Solostar pens,Trurapi,Pen U100,Pen/cartridge,1857.0,10011.0,3003300.0,40226.18567
2023-01-01,0601011A0BDACAA,Trurapi 100units/ml solution for injection 10ml vial,Trurapi,Vial,Vial/pump,60.0,145.0,145000.0,1626.8454100000001
2023-01-01,0601011L0BBABAB,Humalog 100units/ml solution for injection 10ml vials,Humalog,Vial,Vial/pump,3185.0,12713.0,12713000.0,197877.49013
2023-01-01,0601011L0BBACAC,Humalog 100units/ml solution for injection 3ml cartridges,Humalog,Cartridge,Pen/cartridge,11008.0,94780.0,28434000.0,502943.54849
2023-01-01,0601011L0BBAGAF,Humalog KwikPen 100units/ml inj 3ml pre-filled pens,Humalog,KwikPen U100,Pen/cartridge,16367.0,113445.0,34033500.0,626570.92092
2023-01-01,0601011L0BBAHAG,Humalog KwikPen 200units/ml inj 3ml pre-filled pens,Humalog,KwikPen U200,Pen/cartridge,2799.0,23286.0,13971600.0,257156.5144
2023-01-01,0601011L0BBAIAF,Humalog Junior KwikPen 100units/ml inj 3ml pre-filled pens,Humalog,Junior KwikPen,Pen/cartridge,610.0,3477.0,1043100.0,19205.00879
2023-01-01,0601011L0BBAJAF,Humalog Tempo Pen 100units/ml inj 3ml pre-filled pens,Humalog,Tempo Pen,Pen/cartridge,13.0,80.0,24000.0,441.69713
2023-01-01,0601011L0BDAAAG,Lyumjev KwikPen 200units/ml inj 3ml pre-filled pens,Lyumjev,KwikPen U200,Pen/cartridge,135.0,916.0,549600.0,10115.25982
2023-01-01,0601011L0BDABAB,Lyumjev 100units/ml solution for injection 10ml vials,Lyumjev,Vial,Vial/pump,627.0,2409.0,2409000.0,37496.60169
2023-01-01,0601011L0BDACAC,Lyumjev 100units/ml solution for injection 3ml cartridges,Lyumjev,Cartridge,Pen/cartridge,484.0,3525.0,1057500.0,18705.40884
2023-01-01,0601011L0BDADAF,Lyumjev KwikPen 100units/ml inj 3ml pre-filled pens,Lyumjev,KwikPen U100,Pen/cartridge,2007.0,11925.0,3577500.0,65863.91224
2023-01-01,0601011L0BDAEAF,Lyumjev Junior KwikPen 100units/ml inj 3ml pre-filled pens,Lyumjev,Junior KwikPen,Pen/cartridge,251.0,1372.0,411600.0,7578.07084
2023-01-01,0601011P0BBAAAA,Apidra 100units/ml solution for injection 10ml vials,Apidra,Vial,Vial/pump,357.0,1375.0,1375000.0,20615.99139
2023-01-01,0601011P0BBABAB,Apidra 100units/ml solution for injection 3ml cartridges,Apidra,Cartridge,Pen/cartridge,576.0,4321.0,1296300.0,22921.94347
2023-01-01,0601011P0BBAEAC,Apidra 100units/ml inj 3ml pre-filled SoloStar pens,Apidra,Pen U100,Pen/cartridge,6342.0,43591.0,13077300.0,231293.18781
2023-02-01,0601011A0BBAAAA,NovoRapid 100units/ml solution for injection 10ml vials,NovoRapid,Vial,Vial/pump,18522.0,74138.0,74138000.0,978817.61728
2023-02-01,0601011A0BBABAB,NovoRapid Penfill 100units/ml inj 3ml cartridges,NovoRapid,Cartridge,Pen/cartridge,44762.0,360741.0,108222300.0,1915423.53614
2023-02-01,0601011A0BBADAC,NovoRapid FlexPen 100units/ml inj 3ml pre-filled pens,NovoRapid,FlexPen U100,Pen/cartridge,80949.0,542285.0,162685500.0,3112799.0342800003
2023-02-01,0601011A0BBAEAC,NovoRapid FlexTouch 100units/ml inj 3ml pre-filled pens,NovoRapid,FlexTouch U100,Pen/cartridge,4545.0,31176.0,9352800.0,187896.76684
2023-02-01,0601011A0BBAFAD,NovoRapid PumpCart 100units/ml inj 1.6ml cartridges,NovoRapid,PumpCart,Vial/pump,1723.0,26119.0,4179040.0,73968.9115
2023-02-01,0601011A0BCAAAC,Fiasp FlexTouch 100units/ml inj 3ml pre-filled pens,Fiasp,FlexTouch U100,Pen/cartridge,11264.0,70172.0,21051600.0,402787.66745
2023-02-01,0601011A0BCABAB,Fiasp Penfill 100units/ml inj 3ml cartridges,Fiasp,Cartridge,Pen/cartridge,8833.0,59626.0,17887800.0,316614.6835
2023-02-01,0601011A0BCACAA,Fiasp 100units/ml solution for injection 10ml vials,Fiasp,Vial,Vial/pump,3943.0,15242.0,15242000.0,201240.04428
2023-02-01,0601011A0BDAAAB,Trurapi 100units/ml solution for injection 3ml cartridges,Trurapi,Cartridge,Pen/cartridge,199.0,1393.0,417900.0,5178.9895799999995
2023-02-01,0601011A0BDABAC,Trurapi 100units/ml inj 3ml pre-filled Solostar pens,Trurapi,Pen U100,Pen/cartridge,1881.0,10174.0,3052200.0,40906.044350000004
2023-02-01,0601011A0BDACAA,Trurapi 100units/ml solution for injection 10ml vial,Trurapi,Vial,Vial/pump,45.0,127.0,127000.0,1425.63422
2023-02-01,0601011L0BBABAB,Humalog 100units/ml solution for injection 10ml vials,Humalog,Vial,Vial/pump,2876.0,11580.0,11580000.0,180347.52981
2023-02-01,0601011L0BBACAC,Humalog 100units/ml solution for injection 3ml cartridges,Humalog,Cartridge,Pen/cartridge,10009.0,85708.0,25712400.0,455067.12744
2023-02-01,0601011L0BBAGAF,Humalog KwikPen 100units/ml inj 3ml pre-filled pens,Humalog,KwikPen U100,Pen/cartridge,14971.0,104068.0,31220400.0,575127.08154
2023-02-01,0601011L0BBAHAG,Humalog KwikPen 200units/ml inj 3ml pre-filled pens,Humalog,KwikPen U200,Pen/cartridge,2581.0,21656.0,12993600.0,239290.73634
2023-02-01,0601011L0BBAIAF,Humalog Junior KwikPen 100units/ml inj 3ml pre-filled pens,Humalog,Junior KwikPen,Pen/cartridge,519.0,2925.0,877500.0,16166.02405
2023-02-01,0601011L0BBAJAF,Humalog Tempo Pen 100units/ml inj 3ml pre-filled pens,Humalog,Tempo Pen,Pen/cartridge,7.0,45.0,13500.0,248.56988
2023-02-01,0601011L0BDAAAG,Lyumjev KwikPen 200units/ml inj 3ml pre-filled pens,Lyumjev,KwikPen U200,Pen/cartridge,119.0,776.0,465600.0,8574.44623
2023-02-01,0601011L0BDABAB,Lyumjev 100units/ml solution for injection 10ml vials,Lyumjev,Vial,Vial/pump,579.0,2133.0,2133000.0,33222.23582
2023-02-01,0601011L0BDACAC,Lyumjev 100units/ml solution for injection 3ml cartridges,Lyumjev,Cartridge,Pen/cartridge,434.0,3149.0,944700.0,16719.81259
2023-02-01,0601011L0BDADAF,Lyumjev KwikPen 100units/ml inj 3ml pre-filled pens,Lyumjev,KwikPen U100,Pen/cartridge,1973.0,11769.0,3530700.0,65038.020019999996
2023-02-01,0601011L0BDAEAF,Lyumjev Junior KwikPen 100units/ml inj 3ml pre-filled pens,Lyumjev,Junior KwikPen,Pen/cartridge,214.0,1195.0,358500.0,6604.52993
2023-02-01,0601011L0BDAFAF,Lyumjev Tempo Pen 100units/ml inj 3ml pre-filled pens,Lyumjev,Tempo Pen,Pen/cartridge,5.0,25.0,7500.0,138.12469
2023-02-01,0601011P0BBAAAA,Apidra 100units/ml solution for injection 10ml vials,Apidra,Vial,Vial/pump,332.0,1393.0,1393000.0,20897.75966
2023-02-01,0601011P0BBABAB,Apidra 100units/ml solution for injection 3ml cartridges,Apidra,Cartridge,Pen/cartridge,511.0,3928.0,1178400.0,20848.93192
2023-02-01,0601011P0BBAEAC,Apidra 100units/ml inj 3ml pre-filled SoloStar pens,Apidra,Pen U100,Pen/cartridge,5926.0,40682.0,12204600.0,215979.66242
2023-03-01,0601011A0BBAAAA,NovoRapid 100units/ml solution for injection 10ml vials,NovoRapid,Vial,Vial/pump,21406.0,85889.0,85889000.0,1133850.65632
2023-03-01,0601011A0BBABAB,NovoRapid Penfill 100units/ml inj 3ml cartridges,NovoRapid,Cartridge,Pen/cartridge,50899.0,409564.0,122869200.0,2174445.64092
2023-03-01,0601011A0BBADAC,NovoRapid FlexPen 100units/ml inj 3ml pre-filled pens,NovoRapid,FlexPen U100,Pen/cartridge,91803.0,612927.0,183878100.0,3517997.90953
2023-03-01,0601011A0BBAEAC,NovoRapid FlexTouch 100units/ml inj 3ml pre-filled pens,NovoRapid,FlexTouch U100,Pen/cartridge,5246.0,35423.0,10626900.0,213518.57868
2023-03-01,0601011A0BBAFAD,NovoRapid PumpCart 100units/ml inj 1.6ml cartridges,NovoRapid,PumpCart,Vial/pump,1986.0,30036.0,4805760.0,85054.00997
2023-03-01,0601011A0BCAAAC,Fiasp FlexTouch 100units/ml inj 3ml pre-filled pens,Fiasp,FlexTouch U100,Pen/cartridge,13220.0,82201.0,24660300.0,471791.05099
2023-03-01,0601011A0BCABAB,Fiasp Penfill 100units/ml inj 3ml cartridges,Fiasp,Cartridge,Pen/cartridge,10305.0,69373.0,20811900.0,368375.18609
2023-03-01,0601011A0BCACAA,Fiasp 100units/ml solution for injection 10ml vials,Fiasp,Vial,Vial/pump,4660.0,18238.0,18238000.0,240762.04789
2023-03-01,0601011A0BDAAAB,Trurapi 100units/ml solution for injection 3ml cartridges,Trurapi,Cartridge,Pen/cartridge,247.0,1655.0,496500.0,6153.53051
2023-03-01,0601011A0BDABAC,Trurapi 100units/ml inj 3ml pre-filled Solostar pens,Trurapi,Pen U100,Pen/cartridge,2447.0,13234.0,3970200.0,53209.6597
2023-03-01,0601011A0BDACAA,Trurapi 100units/ml solution for injection 10ml vial,Trurapi,Vial,Vial/pump,75.0,194.0,194000.0,2177.6407
2023-03-01,0601011L0BBABAB,Humalog 100units/ml solution for injection 10ml vials,Humalog,Vial,Vial/pump,3339.0,13298.0,13298000.0,207087.93263
2023-03-01,0601011L0BBACAC,Humalog 100units/ml solution for injection 3ml cartridges,Humalog,Cartridge,Pen/cartridge,11576.0,100141.0,30042300.0,531648.20458
2023-03-01,0601011L0BBAGAF,Humalog KwikPen 100units/ml inj 3ml pre-filled pens,Humalog,KwikPen U100,Pen/cartridge,17095.0,118908.0,35672400.0,657056.98297
2023-03-01,0601011L0BBAHAG,Humalog KwikPen 200units/ml inj 3ml pre-filled pens,Humalog,KwikPen U200,Pen/cartridge,3002.0,24906.0,14943600.0,275176.67696
2023-03-01,0601011L0BBAIAF,Humalog Junior KwikPen 100units/ml inj 3ml pre-filled pens,Humalog,Junior KwikPen,Pen/cartridge,633.0,3508.0,1052400.0,19385.95054
2023-03-01,0601011L0BBAJAF,Humalog Tempo Pen 100units/ml inj 3ml pre-filled pens,Humalog,Tempo Pen,Pen/cartridge,12.0,65.0,19500.0,359.03219
2023-03-01,0601011L0BDAAAG,Lyumjev KwikPen 200units/ml inj 3ml pre-filled pens,Lyumjev,KwikPen U200,Pen/cartridge,140.0,950.0,570000.0,10495.92907
2023-03-01,0601011L0BDABAB,Lyumjev 100units/ml solution for injection 10ml vials,Lyumjev,Vial,Vial/pump,726.0,2838.0,2838000.0,44195.59434
2023-03-01,0601011L0BDACAC,Lyumjev 100units/ml solution for injection 3ml cartridges,Lyumjev,Cartridge,Pen/cartridge,535.0,3777.0,1133100.0,20053.01321
2023-03-01,0601011L0BDADAF,Lyumjev KwikPen 100units/ml inj 3ml pre-filled pens,Lyumjev,KwikPen U100,Pen/cartridge,2316.0,13971.0,4191300.0,77198.72959
2023-03-01,0601011L0BDAEAF,Lyumjev Junior KwikPen 100units/ml inj 3ml pre-filled pens,Lyumjev,Junior KwikPen,Pen/cartridge,283.0,1611.0,483300.0,8901.97956
2023-03-01,0601011L0BDAFAF,Lyumjev Tempo Pen 100units/ml inj 3ml pre-filled pens,Lyumjev,Tempo Pen,Pen/cartridge,1.0,5.0,1500.0,27.615
2023-03-01,0601011P0BBAAAA,Apidra 100units/ml solution for injection 10ml vials,Apidra,Vial,Vial/pump,337.0,1379.0,1379000.0,20685.8221
2023-03-01,0601011P0BBABAB,Apidra 100units/ml solution for injection 3ml cartridges,Apidra,Cartridge,Pen/cartridge,607.0,4744.0,1423200.0,25178.10942
2023-03-01,0601011P0BBAEAC,Apidra 100units/ml inj 3ml pre-filled SoloStar pens,Apidra,Pen U100,Pen/cartridge,6602.0,44891.0,13467300.0,238299.84904
2023-04-01,0601011A0BBAAAA,NovoRapid 100units/ml solution for injection 10ml vials,NovoRapid,Vial,Vial/pump,19271.0,77006.0,77006000.0,1020867.19169
2023-04-01,0601011A0BBABAB,NovoRapid Penfill 100units/ml inj 3ml cartridges,NovoRapid,Cartridge,Pen/cartridge,45949.0,369720.0,110916000.0,1971165.37755
2023-04-01,0601011A0BBADAC,NovoRapid FlexPen 100units/ml inj 3ml pre-filled pens,NovoRapid,FlexPen U100,Pen/cartridge,83722.0,558400.0,167520000.0,3218473.45065
2023-04-01,0601011A0BBAEAC,NovoRapid FlexTouch 100units/ml inj 3ml pre-filled pens,NovoRapid,FlexTouch U100,Pen/cartridge,4736.0,31791.0,9537300.0,192395.641
2023-04-01,0601011A0BBAFAD,NovoRapid PumpCart 100units/ml inj 1.6ml cartridges,NovoRapid,PumpCart,Vial/pump,1796.0,26995.0,4319200.0,76764.77296
2023-04-01,0601011A0BCAAAC,Fiasp FlexTouch 100units/ml inj 3ml pre-filled pens,Fiasp,FlexTouch U100,Pen/cartridge,11211.0,68822.0,20646600.0,396684.21498
2023-04-01,0601011A0BCABAB,Fiasp Penfill 100units/ml inj 3ml cartridges,Fiasp,Cartridge,Pen/cartridge,9688.0,64995.0,19498500.0,346561.98148
2023-04-01,0601011A0BCACAA,Fiasp 100units/ml solution for injection 10ml vials,Fiasp,Vial,Vial/pump,4288.0,16605.0,16605000.0,220132.38022
2023-04-01,0601011A0BDAAAB,Trurapi 100units/ml solution for injection 3ml cartridges,Trurapi,Cartridge,Pen/cartridge,285.0,2072.0,621600.0,7735.44853
2023-04-01,0601011A0BDABAC,Trurapi 100units/ml inj 3ml pre-filled Solostar pens,Trurapi,Pen U100,Pen/cartridge,2595.0,14052.0,4215600.0,56740.9996
2023-04-01,0601011A0BDACAA,Trurapi 100units/ml solution for injection 10ml vial,Trurapi,Vial,Vial/pump,78.0,230.0,230000.0,2592.4476400000003
2023-04-01,0601011L0BBABAB,Humalog 100units/ml solution for injection 10ml vials,Humalog,Vial,Vial/pump,2818.0,11135.0,11135000.0,174131.53115
2023-04-01,0601011L0BBACAC,Humalog 100units/ml solution for injection 3ml cartridges,Humalog,Cartridge,Pen/cartridge,10174.0,87740.0,26322000.0,467773.0749
2023-04-01,0601011L0BBAGAF,Humalog KwikPen 100units/ml inj 3ml pre-filled pens,Humalog,KwikPen U100,Pen/cartridge,15286.0,106540.0,31962000.0,591196.91407
2023-04-01,0601011L0BBAHAG,Humalog KwikPen 200units/ml inj 3ml pre-filled pens,Humalog,KwikPen U200,Pen/cartridge,2670.0,22054.0,13232400.0,244692.71756
2023-04-01,0601011L0BBAIAF,Humalog Junior KwikPen 100units/ml inj 3ml pre-filled pens,Humalog,Junior KwikPen,Pen/cartridge,558.0,3074.0,922200.0,17060.33625
2023-04-01,0601011L0BBAJAF,Humalog Tempo Pen 100units/ml inj 3ml pre-filled pens,Humalog,Tempo Pen,Pen/cartridge,13.0,90.0,27000.0,499.21174
2023-04-01,0601011L0BDAAAG,Lyumjev KwikPen 200units/ml inj 3ml pre-filled pens,Lyumjev,KwikPen U200,Pen/cartridge,137.0,929.0,557400.0,10307.18039
2023-04-01,0601011L0BDABAB,Lyumjev 100units/ml solution for injection 10ml vials,Lyumjev,Vial,Vial/pump,683.0,2575.0,2575000.0,40268.97282
2023-04-01,0601011L0BDACAC,Lyumjev 100units/ml solution for injection 3ml cartridges,Lyumjev,Cartridge,Pen/cartridge,525.0,3786.0,1135800.0,20184.83997
2023-04-01,0601011L0BDADAF,Lyumjev KwikPen 100units/ml inj 3ml pre-filled pens,Lyumjev,KwikPen U100,Pen/cartridge,2269.0,13665.0,4099500.0,75825.60448
2023-04-01,0601011L0BDAEAF,Lyumjev Junior KwikPen 100units/ml inj 3ml pre-filled pens,Lyumjev,Junior KwikPen,Pen/cartridge,256.0,1438.0,431400.0,7979.04634
2023-04-01,0601011L0BDAFAF,Lyumjev Tempo Pen 100units/ml inj 3ml pre-filled pens,Lyumjev,Tempo Pen,Pen/cartridge,2.0,10.0,3000.0,55.47486
2023-04-01,0601011P0BBAAAA,Apidra 100units/ml solution for injection 10ml vials,Apidra,Vial,Vial/pump,350.0,1396.0,1396000.0,21029.25899
2023-04-01,0601011P0BBABAB,Apidra 100units/ml solution for injection 3ml cartridges,Apidra,Cartridge,Pen/cartridge,542.0,4194.0,1258200.0,22352.25677
2023-04-01,0601011P0BBAEAC,Apidra 100units/ml inj 3ml pre-filled SoloStar pens,Apidra,Pen U100,Pen/cartridge,5958.0,41048.0,12314400.0,218830.78346
2023-05-01,0601011A0BBAAAA,NovoRapid 100units/ml solution for injection 10ml vials,NovoRapid,Vial,Vial/pump,21015.0,83961.0,83961000.0,1113515.52554
2023-05-01,0601011A0BBABAB,NovoRapid Penfill 100units/ml inj 3ml cartridges,NovoRapid,Cartridge,Pen/cartridge,49233.0,395621.0,118686300.0,2110100.49131
2023-05-01,0601011A0BBADAC,NovoRapid FlexPen 100units/ml inj 3ml pre-filled pens,NovoRapid,FlexPen U100,Pen/cartridge,87894.0,585971.0,175791300.0,3378760.59338
2023-05-01,0601011A0BBAEAC,NovoRapid FlexTouch 100units/ml inj 3ml pre-filled pens,NovoRapid,FlexTouch U100,Pen/cartridge,5040.0,33980.0,10194000.0,205765.1917
2023-05-01,0601011A0BBAFAD,NovoRapid PumpCart 100units/ml inj 1.6ml cartridges,NovoRapid,PumpCart,Vial/pump,1934.0,29069.0,4651040.0,82695.22578
2023-05-01,0601011A0BCAAAC,Fiasp FlexTouch 100units/ml inj 3ml pre-filled pens,Fiasp,FlexTouch U100,Pen/cartridge,13771.0,86434.0,25930200.0,498374.03577
2023-05-01,0601011A0BCABAB,Fiasp Penfill 100units/ml inj 3ml cartridges,Fiasp,Cartridge,Pen/cartridge,10891.0,73827.0,22148100.0,393833.35254
2023-05-01,0601011A0BCACAA,Fiasp 100units/ml solution for injection 10ml vials,Fiasp,Vial,Vial/pump,4729.0,18438.0,18438000.0,244532.99278
2023-05-01,0601011A0BDAAAB,Trurapi 100units/ml solution for injection 3ml cartridges,Trurapi,Cartridge,Pen/cartridge,295.0,2031.0,609300.0,7586.10059
2023-05-01,0601011A0BDABAC,Trurapi 100units/ml inj 3ml pre-filled Solostar pens,Trurapi,Pen U100,Pen/cartridge,2949.0,16017.0,4805100.0,64702.12702
2023-05-01,0601011A0BDACAA,Trurapi 100units/ml solution for injection 10ml vial,Trurapi,Vial,Vial/pump,93.0,298.0,298000.0,3360.18847
2023-05-01,0601011L0BBABAB,Humalog 100units/ml solution for injection 10ml vials,Humalog,Vial,Vial/pump,3356.0,13400.0,13400000.0,209712.55916
2023-05-01,0601011L0BBACAC,Humalog 100units/ml solution for injection 3ml cartridges,Humalog,Cartridge,Pen/cartridge,10881.0,93442.0,28032600.0,498450.62545
2023-05-01,0601011L0BBAFAF,Humalog Pen 100units/ml inj 3ml pre-filled pens,Humalog,Pen U100,Pen/cartridge,2.0,10.0,3000.0,55.5093
2023-05-01,0601011L0BBAGAF,Humalog KwikPen 100units/ml inj 3ml pre-filled pens,Humalog,KwikPen U100,Pen/cartridge,16329.0,113257.0,33977100.0,628952.09822
2023-05-01,0601011L0BBAHAG,Humalog KwikPen 200units/ml inj 3ml pre-filled pens,Humalog,KwikPen U200,Pen/cartridge,3006.0,25210.0,15126000.0,279818.5934
2023-05-01,0601011L0BBAIAF,Humalog Junior KwikPen 100units/ml inj 3ml pre-filled pens,Humalog,Junior KwikPen,Pen/cartridge,587.0,3191.0,957300.0,17793.45821
2023-05-01,0601011L0BBAJAF,Humalog Tempo Pen 100units/ml inj 3ml pre-filled pens,Humalog,Tempo Pen,Pen/cartridge,12.0,67.0,20100.0,372.10141
2023-05-01,0601011L0BDAAAG,Lyumjev KwikPen 200units/ml inj 3ml pre-filled pens,Lyumjev,KwikPen U200,Pen/cartridge,145.0,974.0,584400.0,10810.29914
2023-05-01,0601011L0BDABAB,Lyumjev 100units/ml solution for injection 10ml vials,Lyumjev,Vial,Vial/pump,736.0,2794.0,2794000.0,43711.19975
2023-05-01,0601011L0BDACAC,Lyumjev 100units/ml solution for injection 3ml cartridges,Lyumjev,Cartridge,Pen/cartridge,567.0,4022.0,1206600.0,21452.348009999998
2023-05-01,0601011L0BDADAF,Lyumjev KwikPen 100units/ml inj 3ml pre-filled pens,Lyumjev,KwikPen U100,Pen/cartridge,2577.0,15571.0,4671300.0,86435.22413999999
2023-05-01,0601011L0BDAEAF,Lyumjev Junior KwikPen 100units/ml inj 3ml pre-filled pens,Lyumjev,Junior KwikPen,Pen/cartridge,304.0,1649.0,494700.0,9154.479159999999
2023-05-01,0601011L0BDAFAF,Lyumjev Tempo Pen 100units/ml inj 3ml pre-filled pens,Lyumjev,Tempo Pen,Pen/cartridge,6.0,27.0,8100.0,149.95398
2023-05-01,0601011P0BBAAAA,Apidra 100units/ml solution for injection 10ml vials,Apidra,Vial,Vial/pump,321.0,1248.0,1248000.0,18807.2306
2023-05-01,0601011P0BBABAB,Apidra 100units/ml solution for injection 3ml cartridges,Apidra,Cartridge,Pen/cartridge,551.0,4228.0,1268400.0,22542.99614
2023-05-01,0601011P0BBAEAC,Apidra 100units/ml inj 3ml pre-filled SoloStar pens,Apidra,Pen U100,Pen/cartridge,6337.0,43419.0,13025700.0,231548.30078
2023-06-01,0601011A0BBAAAA,NovoRapid 100units/ml solution for injection 10ml vials,NovoRapid,Vial,Vial/pump,22104.0,88754.0,88754000.0,1176124.21123
2023-06-01,0601011A0BBABAB,NovoRapid Penfill 100units/ml inj 3ml cartridges,NovoRapid,Cartridge,Pen/cartridge,50446.0,404678.0,121403400.0,2156677.78465
2023-06-01,0601011A0BBADAC,NovoRapid FlexPen 100units/ml inj 3ml pre-filled pens,NovoRapid,FlexPen U100,Pen/cartridge,90510.0,603302.0,180990600.0,3475921.73083
2023-06-01,0601011A0BBAEAC,NovoRapid FlexTouch 100units/ml inj 3ml pre-filled pens,NovoRapid,FlexTouch U100,Pen/cartridge,5311.0,36027.0,10808100.0,217941.51102
2023-06-01,0601011A0BBAFAD,NovoRapid PumpCart 100units/ml inj 1.6ml cartridges,NovoRapid,PumpCart,Vial/pump,1926.0,28356.0,4536960.0,80603.42381
2023-06-01,0601011A0BCAAAC,Fiasp FlexTouch 100units/ml inj 3ml pre-filled pens,Fiasp,FlexTouch U100,Pen/cartridge,13721.0,85882.0,25764600.0,494796.28895
2023-06-01,0601011A0BCABAB,Fiasp Penfill 100units/ml inj 3ml cartridges,Fiasp,Cartridge,Pen/cartridge,11383.0,77573.0,23271900.0,413517.19643999997
2023-06-01,0601011A0BCACAA,Fiasp 100units/ml solution for injection 10ml vials,Fiasp,Vial,Vial/pump,4843.0,18942.0,18942000.0,251006.22082
2023-06-01,0601011A0BDAAAB,Trurapi 100units/ml solution for injection 3ml cartridges,Trurapi,Cartridge,Pen/cartridge,317.0,2186.0,655800.0,8157.9371
2023-06-01,0601011A0BDABAC,Trurapi 100units/ml inj 3ml pre-filled Solostar pens,Trurapi,Pen U100,Pen/cartridge,3303.0,18318.0,5495400.0,73933.51464000001
2023-06-01,0601011A0BDACAA,Trurapi 100units/ml solution for injection 10ml vial,Trurapi,Vial,Vial/pump,101.0,307.0,307000.0,3458.92659
2023-06-01,0601011L0BBABAB,Humalog 100units/ml solution for injection 10ml vials,Humalog,Vial,Vial/pump,3397.0,13725.0,13725000.0,214551.79443
2023-06-01,0601011L0BBACAC,Humalog 100units/ml solution for injection 3ml cartridges,Humalog,Cartridge,Pen/cartridge,10787.0,93978.0,28193400.0,500902.27179
2023-06-01,0601011L0BBAGAF,Humalog KwikPen 100units/ml inj 3ml pre-filled pens,Humalog,KwikPen U100,Pen/cartridge,16530.0,114539.0,34361700.0,635566.24758
2023-06-01,0601011L0BBAHAG,Humalog KwikPen 200units/ml inj 3ml pre-filled pens,Humalog,KwikPen U200,Pen/cartridge,2978.0,24827.0,14896200.0,275509.26936
2023-06-01,0601011L0BBAIAF,Humalog Junior KwikPen 100units/ml inj 3ml pre-filled pens,Humalog,Junior KwikPen,Pen/cartridge,605.0,3372.0,1011600.0,18705.62471
2023-06-01,0601011L0BBAJAF,Humalog Tempo Pen 100units/ml inj 3ml pre-filled pens,Humalog,Tempo Pen,Pen/cartridge,11.0,60.0,18000.0,332.90234
2023-06-01,0601011L0BDAAAG,Lyumjev KwikPen 200units/ml inj 3ml pre-filled pens,Lyumjev,KwikPen U200,Pen/cartridge,156.0,1074.0,644400.0,11987.99268
2023-06-01,0601011L0BDABAB,Lyumjev 100units/ml solution for injection 10ml vials,Lyumjev,Vial,Vial/pump,754.0,2929.0,2929000.0,45786.26059
2023-06-01,0601011L0BDACAC,Lyumjev 100units/ml solution for injection 3ml cartridges,Lyumjev,Cartridge,Pen/cartridge,615.0,4490.0,1347000.0,23928.48181
2023-06-01,0601011L0BDADAF,Lyumjev KwikPen 100units/ml inj 3ml pre-filled pens,Lyumjev,KwikPen U100,Pen/cartridge,2791.0,16686.0,5005800.0,92552.21135
2023-06-01,0601011L0BDAEAF,Lyumjev Junior KwikPen 100units/ml inj 3ml pre-filled pens,Lyumjev,Junior KwikPen,Pen/cartridge,321.0,1827.0,548100.0,10133.79457
2023-06-01,0601011L0BDAFAF,Lyumjev Tempo Pen 100units/ml inj 3ml pre-filled pens,Lyumjev,Tempo Pen,Pen/cartridge,4.0,16.0,4800.0,88.70221000000001
2023-06-01,0601011P0BBAAAA,Apidra 100units/ml solution for injection 10ml vials,Apidra,Vial,Vial/pump,361.0,1460.0,1460000.0,21984.4227
2023-06-01,0601011P0BBABAB,Apidra 100units/ml solution for injection 3ml cartridges,Apidra,Cartridge,Pen/cartridge,558.0,4181.0,1254300.0,22274.22081
2023-06-01,0601011P0BBAEAC,Apidra 100units/ml inj 3ml pre-filled SoloStar pens,Apidra,Pen U100,Pen/cartridge,6394.0,43560.0,13068000.0,232277.61803
2023-07-01,0601011A0BBAAAA,NovoRapid 100units/ml solution for injection 10ml vials,NovoRapid,Vial,Vial/pump,22313.0,90438.0,90438000.0,1193182.7924
2023-07-01,0601011A0BBABAB,NovoRapid Penfill 100units/ml inj 3ml cartridges,NovoRapid,Cartridge,Pen/cartridge,49433.0,396731.0,119019300.0,2105031.27616
2023-07-01,0601011A0BBADAC,NovoRapid FlexPen 100units/ml inj 3ml pre-filled pens,NovoRapid,FlexPen U100,Pen/cartridge,88243.0,589100.0,176730000.0,3379129.26357
2023-07-01,0601011A0BBAEAC,NovoRapid FlexTouch 100units/ml inj 3ml pre-filled pens,NovoRapid,FlexTouch U100,Pen/cartridge,5118.0,34041.0,10212300.0,205068.04681
2023-07-01,0601011A0BBAFAD,NovoRapid PumpCart 100units/ml inj 1.6ml cartridges,NovoRapid,PumpCart,Vial/pump,1931.0,29559.0,4729440.0,83731.22843
2023-07-01,0601011A0BCAAAC,Fiasp FlexTouch 100units/ml inj 3ml pre-filled pens,Fiasp,FlexTouch U100,Pen/cartridge,13295.0,82716.0,24814800.0,474460.01251000003
2023-07-01,0601011A0BCABAB,Fiasp Penfill 100units/ml inj 3ml cartridges,Fiasp,Cartridge,Pen/cartridge,11337.0,77333.0,23199900.0,410346.71547
2023-07-01,0601011A0BCACAA,Fiasp 100units/ml solution for injection 10ml vials,Fiasp,Vial,Vial/pump,4226.0,16404.0,16404000.0,216424.51834
2023-07-01,0601011A0BDAAAB,Trurapi 100units/ml solution for injection 3ml cartridges,Trurapi,Cartridge,Pen/cartridge,363.0,2575.0,772500.0,9566.66877
2023-07-01,0601011A0BDABAC,Trurapi 100units/ml inj 3ml pre-filled Solostar pens,Trurapi,Pen U100,Pen/cartridge,3611.0,19901.0,5970300.0,79968.70351
2023-07-01,0601011A0BDACAA,Trurapi 100units/ml solution for injection 10ml vial,Trurapi,Vial,Vial/pump,108.0,317.0,317000.0,3555.9541400000003
2023-07-01,0601011L0BBABAB,Humalog 100units/ml solution for injection 10ml vials,Humalog,Vial,Vial/pump,3215.0,12755.0,12755000.0,198512.37024
2023-07-01,0601011L0BBACAC,Humalog 100units/ml solution for injection 3ml cartridges,Humalog,Cartridge,Pen/cartridge,10420.0,90640.0,27192000.0,480914.81622
2023-07-01,0601011L0BBAGAF,Humalog KwikPen 100units/ml inj 3ml pre-filled pens,Humalog,KwikPen U100,Pen/cartridge,16196.0,112804.0,33841200.0,622945.18183
2023-07-01,0601011L0BBAHAG,Humalog KwikPen 200units/ml inj 3ml pre-filled pens,Humalog,KwikPen U200,Pen/cartridge,2982.0,25027.0,15016200.0,276343.29761
2023-07-01,0601011L0BBAIAF,Humalog Junior KwikPen 100units/ml inj 3ml pre-filled pens,Humalog,Junior KwikPen,Pen/cartridge,623.0,3431.0,1029300.0,18951.71358
2023-07-01,0601011L0BBAJAF,Humalog Tempo Pen 100units/ml inj 3ml pre-filled pens,Humalog,Tempo Pen,Pen/cartridge,10.0,55.0,16500.0,303.62892
2023-07-01,0601011L0BDAAAG,Lyumjev KwikPen 200units/ml inj 3ml pre-filled pens,Lyumjev,KwikPen U200,Pen/cartridge,188.0,1273.0,763800.0,14055.69504
2023-07-01,0601011L0BDABAB,Lyumjev 100units/ml solution for injection 10ml vials,Lyumjev,Vial,Vial/pump,815.0,3147.0,3147000.0,48977.80379
2023-07-01,0601011L0BDACAC,Lyumjev 100units/ml solution for injection 3ml cartridges,Lyumjev,Cartridge,Pen/cartridge,613.0,4295.0,1288500.0,22789.35542
2023-07-01,0601011L0BDADAF,Lyumjev KwikPen 100units/ml inj 3ml pre-filled pens,Lyumjev,KwikPen U100,Pen/cartridge,2835.0,17164.0,5149200.0,94782.61782
2023-07-01,0601011L0BDAEAF,Lyumjev Junior KwikPen 100units/ml inj 3ml pre-filled pens,Lyumjev,Junior KwikPen,Pen/cartridge,340.0,1850.0,555000.0,10217.00305
2023-07-01,0601011L0BDAFAF,Lyumjev Tempo Pen 100units/ml inj 3ml pre-filled pens,Lyumjev,Tempo Pen,Pen/cartridge,5.0,25.0,7500.0,138.00300000000001
2023-07-01,0601011P0BBAAAA,Apidra 100units/ml solution for injection 10ml vials,Apidra,Vial,Vial/pump,353.0,1486.0,1486000.0,22277.2669
2023-07-01,0601011P0BBABAB,Apidra 100units/ml solution for injection 3ml cartridges,Apidra,Cartridge,Pen/cartridge,521.0,3973.0,1191900.0,21073.48388
2023-07-01,0601011P0BBAEAC,Apidra 100units/ml inj 3ml pre-filled SoloStar pens,Apidra,Pen U100,Pen/cartridge,6164.0,42593.0,12777900.0,225965.94246
2023-08-01,0601011A0BBAAAA,NovoRapid 100units/ml solution for injection 10ml vials,NovoRapid,Vial,Vial/pump,21541.0,86612.0,86612000.0,1142468.97687
2023-08-01,0601011A0BBABAB,NovoRapid Penfill 100units/ml inj 3ml cartridges,NovoRapid,Cartridge,Pen/cartridge,47572.0,379020.0,113706000.0,2010619.24859
2023-08-01,0601011A0BBADAC,NovoRapid FlexPen 100units/ml inj 3ml pre-filled pens,NovoRapid,FlexPen U100,Pen/cartridge,87455.0,581299.0,174389700.0,3333710.42484
2023-08-01,0601011A0BBAEAC,NovoRapid FlexTouch 100units/ml inj 3ml pre-filled pens,NovoRapid,FlexTouch U100,Pen/cartridge,5135.0,34559.0,10367700.0,208142.30066
2023-08-01,0601011A0BBAFAD,NovoRapid PumpCart 100units/ml inj 1.6ml cartridges,NovoRapid,PumpCart,Vial/pump,1803.0,26599.0,4255840.0,75300.291
2023-08-01,0601011A0BCAAAC,Fiasp FlexTouch 100units/ml inj 3ml pre-filled pens,Fiasp,FlexTouch U100,Pen/cartridge,13085.0,81426.0,24427800.0,466974.91835
2023-08-01,0601011A0BCABAB,Fiasp Penfill 100units/ml inj 3ml cartridges,Fiasp,Cartridge,Pen/cartridge,11521.0,78324.0,23497200.0,415559.69395
2023-08-01,0601011A0BCACAA,Fiasp 100units/ml solution for injection 10ml vials,Fiasp,Vial,Vial/pump,5005.0,19709.0,19709000.0,259971.58991
2023-08-01,0601011A0BDAAAB,Trurapi 100units/ml solution for injection 3ml cartridges,Trurapi,Cartridge,Pen/cartridge,444.0,3214.0,964200.0,11938.90785
2023-08-01,0601011A0BDABAC,Trurapi 100units/ml inj 3ml pre-filled Solostar pens,Trurapi,Pen U100,Pen/cartridge,4143.0,23124.0,6937200.0,92898.27054
2023-08-01,0601011A0BDACAA,Trurapi 100units/ml solution for injection 10ml vial,Trurapi,Vial,Vial/pump,117.0,386.0,386000.0,4328.86743
2023-08-01,0601011L0BBABAB,Humalog 100units/ml solution for injection 10ml vials,Humalog,Vial,Vial/pump,3274.0,13386.0,13386000.0,208282.59357
2023-08-01,0601011L0BBACAC,Humalog 100units/ml solution for injection 3ml cartridges,Humalog,Cartridge,Pen/cartridge,10205.0,87662.0,26298600.0,465024.08887
2023-08-01,0601011L0BBAFAF,Humalog Pen 100units/ml inj 3ml pre-filled pens,Humalog,Pen U100,Pen/cartridge,1.0,5.0,1500.0,27.60459
2023-08-01,0601011L0BBAGAF,Humalog KwikPen 100units/ml inj 3ml pre-filled pens,Humalog,KwikPen U100,Pen/cartridge,16285.0,112714.0,33814200.0,622332.64919
2023-08-01,0601011L0BBAHAG,Humalog KwikPen 200units/ml inj 3ml pre-filled pens,Humalog,KwikPen U200,Pen/cartridge,3023.0,25147.0,15088200.0,277604.1733
2023-08-01,0601011L0BBAIAF,Humalog Junior KwikPen 100units/ml inj 3ml pre-filled pens,Humalog,Junior KwikPen,Pen/cartridge,580.0,3092.0,927600.0,17074.53758
2023-08-01,0601011L0BBAJAF,Humalog Tempo Pen 100units/ml inj 3ml pre-filled pens,Humalog,Tempo Pen,Pen/cartridge,9.0,58.0,17400.0,320.19798000000003
2023-08-01,0601011L0BDAAAG,Lyumjev KwikPen 200units/ml inj 3ml pre-filled pens,Lyumjev,KwikPen U200,Pen/cartridge,186.0,1289.0,773400.0,14229.692939999999
2023-08-01,0601011L0BDABAB,Lyumjev 100units/ml solution for injection 10ml vials,Lyumjev,Vial,Vial/pump,791.0,2960.0,2960000.0,46057.72826
2023-08-01,0601011L0BDACAC,Lyumjev 100units/ml solution for injection 3ml cartridges,Lyumjev,Cartridge,Pen/cartridge,639.0,4543.0,1362900.0,24099.99377
2023-08-01,0601011L0BDADAF,Lyumjev KwikPen 100units/ml inj 3ml pre-filled pens,Lyumjev,KwikPen U100,Pen/cartridge,2976.0,17824.0,5347200.0,98406.33746
2023-08-01,0601011L0BDAEAF,Lyumjev Junior KwikPen 100units/ml inj 3ml pre-filled pens,Lyumjev,Junior KwikPen,Pen/cartridge,320.0,1777.0,533100.0,9811.29374
2023-08-01,0601011L0BDAFAF,Lyumjev Tempo Pen 100units/ml inj 3ml pre-filled pens,Lyumjev,Tempo Pen,Pen/cartridge,5.0,21.0,6300.0,116.01012999999999
2023-08-01,0601011P0BBAAAA,Apidra 100units/ml solution for injection 10ml vials,Apidra,Vial,Vial/pump,344.0,1422.0,1422000.0,21313.28416
2023-08-01,0601011P0BBABAB,Apidra 100units/ml solution for injection 3ml cartridges,Apidra,Cartridge,Pen/cartridge,552.0,4118.0,1235400.0,21837.41465
2023-08-01,0601011P0BBAEAC,Apidra 100units/ml inj 3ml pre-filled SoloStar pens,Apidra,Pen U100,Pen/cartridge,6203.0,42710.0,12813000.0,226538.05574
2023-09-01,0601011A0BBAAAA,NovoRapid 100units/ml solution for injection 10ml vials,NovoRapid,Vial,Vial/pump,22027.0,88523.0,88523000.0,1165806.74037
2023-09-01,0601011A0BBABAB,NovoRapid Penfill 100units/ml inj 3ml cartridges,NovoRapid,Cartridge,Pen/cartridge,47330.0,377729.0,113318700.0,2000590.23776
2023-09-01,0601011A0BBADAC,NovoRapid FlexPen 100units/ml inj 3ml pre-filled pens,NovoRapid,FlexPen U100,Pen/cartridge,85285.0,566725.0,170017500.0,3244939.78079
2023-09-01,0601011A0BBAEAC,NovoRapid FlexTouch 100units/ml inj 3ml pre-filled pens,NovoRapid,FlexTouch U100,Pen/cartridge,4951.0,33540.0,10062000.0,201642.81948
2023-09-01,0601011A0BBAFAD,NovoRapid PumpCart 100units/ml inj 1.6ml cartridges,NovoRapid,PumpCart,Vial/pump,1752.0,26369.0,4219040.0,74489.72401
2023-09-01,0601011A0BCAAAC,Fiasp FlexTouch 100units/ml inj 3ml pre-filled pens,Fiasp,FlexTouch U100,Pen/cartridge,12972.0,81393.0,24417900.0,466026.52107
2023-09-01,0601011A0BCABAB,Fiasp Penfill 100units/ml inj 3ml cartridges,Fiasp,Cartridge,Pen/cartridge,11687.0,79418.0,23825400.0,420660.27135
2023-09-01,0601011A0BCACAA,Fiasp 100units/ml solution for injection 10ml vials,Fiasp,Vial,Vial/pump,4735.0,18662.0,18662000.0,245768.74655
2023-09-01,0601011A0BDAAAB,Trurapi 100units/ml solution for injection 3ml cartridges,Trurapi,Cartridge,Pen/cartridge,502.0,3721.0,1116300.0,13799.45227
2023-09-01,0601011A0BDABAC,Trurapi 100units/ml inj 3ml pre-filled Solostar pens,Trurapi,Pen U100,Pen/cartridge,4419.0,24396.0,7318800.0,97852.88913
2023-09-01,0601011A0BDACAA,Trurapi 100units/ml solution for injection 10ml vial,Trurapi,Vial,Vial/pump,121.0,390.0,390000.0,4366.80324
2023-09-01,0601011L0BBABAB,Humalog 100units/ml solution for injection 10ml vials,Humalog,Vial,Vial/pump,3164.0,12699.0,12699000.0,197279.16613
2023-09-01,0601011L0BBACAC,Humalog 100units/ml solution for injection 3ml cartridges,Humalog,Cartridge,Pen/cartridge,10001.0,87161.0,26148300.0,461621.2656
2023-09-01,0601011L0BBAGAF,Humalog KwikPen 100units/ml inj 3ml pre-filled pens,Humalog,KwikPen U100,Pen/cartridge,15937.0,110632.0,33189600.0,609845.13886
2023-09-01,0601011L0BBAHAG,Humalog KwikPen 200units/ml inj 3ml pre-filled pens,Humalog,KwikPen U200,Pen/cartridge,2980.0,24934.0,14960400.0,274819.68131
2023-09-01,0601011L0BBAIAF,Humalog Junior KwikPen 100units/ml inj 3ml pre-filled pens,Humalog,Junior KwikPen,Pen/cartridge,579.0,3229.0,968700.0,17801.14148
2023-09-01,0601011L0BBAJAF,Humalog Tempo Pen 100units/ml inj 3ml pre-filled pens,Humalog,Tempo Pen,Pen/cartridge,10.0,63.0,18900.0,347.26069
2023-09-01,0601011L0BDAAAG,Lyumjev KwikPen 200units/ml inj 3ml pre-filled pens,Lyumjev,KwikPen U200,Pen/cartridge,204.0,1362.0,817200.0,15011.60041
2023-09-01,0601011L0BDABAB,Lyumjev 100units/ml solution for injection 10ml vials,Lyumjev,Vial,Vial/pump,818.0,3111.0,3111000.0,48330.0724
2023-09-01,0601011L0BDACAC,Lyumjev 100units/ml solution for injection 3ml cartridges,Lyumjev,Cartridge,Pen/cartridge,653.0,4661.0,1398300.0,24686.61066
2023-09-01,0601011L0BDADAF,Lyumjev KwikPen 100units/ml inj 3ml pre-filled pens,Lyumjev,KwikPen U100,Pen/cartridge,3014.0,18130.0,5439000.0,99938.20066
2023-09-01,0601011L0BDAEAF,Lyumjev Junior KwikPen 100units/ml inj 3ml pre-filled pens,Lyumjev,Junior KwikPen,Pen/cartridge,330.0,1898.0,569400.0,10462.47253
2023-09-01,0601011L0BDAFAF,Lyumjev Tempo Pen 100units/ml inj 3ml pre-filled pens,Lyumjev,Tempo Pen,Pen/cartridge,4.0,26.0,7800.0,143.38599
2023-09-01,0601011P0BBAAAA,Apidra 100units/ml solution for injection 10ml vials,Apidra,Vial,Vial/pump,349.0,1410.0,1410000.0,21099.821210000002
2023-09-01,0601011P0BBABAB,Apidra 100units/ml solution for injection 3ml cartridges,Apidra,Cartridge,Pen/cartridge,499.0,3717.0,1115100.0,19679.85487
2023-09-01,0601011P0BBAEAC,Apidra 100units/ml inj 3ml pre-filled SoloStar pens,Apidra,Pen U100,Pen/cartridge,6244.0,43089.0,12926700.0,228186.88217
2023-10-01,0601011A0BBAAAA,NovoRapid 100units/ml solution for injection 10ml vials,NovoRapid,Vial,Vial/pump,22372.0,89993.0,89993000.0,1187205.42756
2023-10-01,0601011A0BBABAB,NovoRapid Penfill 100units/ml inj 3ml cartridges,NovoRapid,Cartridge,Pen/cartridge,47647.0,380506.0,114151800.0,2018769.81607
2023-10-01,0601011A0BBADAC,NovoRapid FlexPen 100units/ml inj 3ml pre-filled pens,NovoRapid,FlexPen U100,Pen/cartridge,86863.0,576829.0,173048700.0,3308508.03771
2023-10-01,0601011A0BBAEAC,NovoRapid FlexTouch 100units/ml inj 3ml pre-filled pens,NovoRapid,FlexTouch U100,Pen/cartridge,5051.0,33840.0,10152000.0,203838.70193
2023-10-01,0601011A0BBAFAD,NovoRapid PumpCart 100units/ml inj 1.6ml cartridges,NovoRapid,PumpCart,Vial/pump,1689.0,25892.0,4142720.0,73307.35187
2023-10-01,0601011A0BCAAAC,Fiasp FlexTouch 100units/ml inj 3ml pre-filled pens,Fiasp,FlexTouch U100,Pen/cartridge,13593.0,84966.0,25489800.0,487321.85511
2023-10-01,0601011A0BCABAB,Fiasp Penfill 100units/ml inj 3ml cartridges,Fiasp,Cartridge,Pen/cartridge,11961.0,81092.0,24327600.0,430266.03916
2023-10-01,0601011A0BCACAA,Fiasp 100units/ml solution for injection 10ml vials,Fiasp,Vial,Vial/pump,4649.0,18166.0,18166000.0,239652.88822
2023-10-01,0601011A0BDAAAB,Trurapi 100units/ml solution for injection 3ml cartridges,Trurapi,Cartridge,Pen/cartridge,565.0,4093.0,1227900.0,15206.23947
2023-10-01,0601011A0BDABAC,Trurapi 100units/ml inj 3ml pre-filled Solostar pens,Trurapi,Pen U100,Pen/cartridge,4931.0,27811.0,8343300.0,111731.79918
2023-10-01,0601011A0BDACAA,Trurapi 100units/ml solution for injection 10ml vial,Trurapi,Vial,Vial/pump,131.0,420.0,420000.0,4710.76487
2023-10-01,0601011L0BBABAB,Humalog 100units/ml solution for injection 10ml vials,Humalog,Vial,Vial/pump,3285.0,13235.0,13235000.0,205959.25284
2023-10-01,0601011L0BBACAC,Humalog 100units/ml solution for injection 3ml cartridges,Humalog,Cartridge,Pen/cartridge,10094.0,87439.0,26231700.0,463888.41199
2023-10-01,0601011L0BBAGAF,Humalog KwikPen 100units/ml inj 3ml pre-filled pens,Humalog,KwikPen U100,Pen/cartridge,16168.0,112290.0,33687000.0,620060.429
2023-10-01,0601011L0BBAHAG,Humalog KwikPen 200units/ml inj 3ml pre-filled pens,Humalog,KwikPen U200,Pen/cartridge,3013.0,25496.0,15297600.0,281512.68735
2023-10-01,0601011L0BBAIAF,Humalog Junior KwikPen 100units/ml inj 3ml pre-filled pens,Humalog,Junior KwikPen,Pen/cartridge,602.0,3406.0,1021800.0,18810.089659999998
2023-10-01,0601011L0BBAJAF,Humalog Tempo Pen 100units/ml inj 3ml pre-filled pens,Humalog,Tempo Pen,Pen/cartridge,21.0,141.0,42300.0,778.40401
2023-10-01,0601011L0BDAAAG,Lyumjev KwikPen 200units/ml inj 3ml pre-filled pens,Lyumjev,KwikPen U200,Pen/cartridge,215.0,1426.0,855600.0,15743.8138
2023-10-01,0601011L0BDABAB,Lyumjev 100units/ml solution for injection 10ml vials,Lyumjev,Vial,Vial/pump,859.0,3274.0,3274000.0,50949.67312
2023-10-01,0601011L0BDACAC,Lyumjev 100units/ml solution for injection 3ml cartridges,Lyumjev,Cartridge,Pen/cartridge,689.0,4863.0,1458900.0,25800.737790000003
2023-10-01,0601011L0BDADAF,Lyumjev KwikPen 100units/ml inj 3ml pre-filled pens,Lyumjev,KwikPen U100,Pen/cartridge,3208.0,19264.0,5779200.0,106373.12624
2023-10-01,0601011L0BDAEAF,Lyumjev Junior KwikPen 100units/ml inj 3ml pre-filled pens,Lyumjev,Junior KwikPen,Pen/cartridge,350.0,1913.0,573900.0,10563.0378
2023-10-01,0601011L0BDAFAF,Lyumjev Tempo Pen 100units/ml inj 3ml pre-filled pens,Lyumjev,Tempo Pen,Pen/cartridge,6.0,30.0,9000.0,165.62285
2023-10-01,0601011P0BBAAAA,Apidra 100units/ml solution for injection 10ml vials,Apidra,Vial,Vial/pump,336.0,1358.0,1358000.0,20356.49287
2023-10-01,0601011P0BBABAB,Apidra 100units/ml solution for injection 3ml cartridges,Apidra,Cartridge,Pen/cartridge,526.0,3917.0,1175100.0,20774.21871
2023-10-01,0601011P0BBAEAC,Apidra 100units/ml inj 3ml pre-filled SoloStar pens,Apidra,Pen U100,Pen/cartridge,6262.0,43267.0,12980100.0,229532.87292
2023-11-01,0601011A0BBAAAA,NovoRapid 100units/ml solution for injection 10ml vials,NovoRapid,Vial,Vial/pump,22944.0,92524.0,92524000.0,1224302.71662
2023-11-01,0601011A0BBABAB,NovoRapid Penfill 100units/ml inj 3ml cartridges,NovoRapid,Cartridge,Pen/cartridge,48612.0,387277.0,116183100.0,2060923.77099
2023-11-01,0601011A0BBADAC,NovoRapid FlexPen 100units/ml inj 3ml pre-filled pens,NovoRapid,FlexPen U100,Pen/cartridge,88508.0,589624.0,176887200.0,3392147.37554
2023-11-01,0601011A0BBAEAC,NovoRapid FlexTouch 100units/ml inj 3ml pre-filled pens,NovoRapid,FlexTouch U100,Pen/cartridge,5347.0,36626.0,10987800.0,221284.26391
2023-11-01,0601011A0BBAFAD,NovoRapid PumpCart 100units/ml inj 1.6ml cartridges,NovoRapid,PumpCart,Vial/pump,1734.0,26032.0,4165120.0,73888.44787
2023-11-01,0601011A0BCAAAC,Fiasp FlexTouch 100units/ml inj 3ml pre-filled pens,Fiasp,FlexTouch U100,Pen/cartridge,13833.0,86591.0,25977300.0,498153.2891
2023-11-01,0601011A0BCABAB,Fiasp Penfill 100units/ml inj 3ml cartridges,Fiasp,Cartridge,Pen/cartridge,12780.0,87098.0,26129400.0,463520.4098
2023-11-01,0601011A0BCACAA,Fiasp 100units/ml solution for injection 10ml vials,Fiasp,Vial,Vial/pump,4783.0,18639.0,18639000.0,246635.51046
2023-11-01,0601011A0BDAAAB,Trurapi 100units/ml solution for injection 3ml cartridges,Trurapi,Cartridge,Pen/cartridge,662.0,4978.0,1493400.0,18549.11759
2023-11-01,0601011A0BDABAC,Trurapi 100units/ml inj 3ml pre-filled Solostar pens,Trurapi,Pen U100,Pen/cartridge,5661.0,32143.0,9642900.0,129525.96068
2023-11-01,0601011A0BDACAA,Trurapi 100units/ml solution for injection 10ml vial,Trurapi,Vial,Vial/pump,133.0,435.0,435000.0,4893.8248
2023-11-01,0601011L0BBABAB,Humalog 100units/ml solution for injection 10ml vials,Humalog,Vial,Vial/pump,3329.0,13435.0,13435000.0,209707.36671
2023-11-01,0601011L0BBACAC,Humalog 100units/ml solution for injection 3ml cartridges,Humalog,Cartridge,Pen/cartridge,10154.0,87816.0,26344800.0,467308.98051
2023-11-01,0601011L0BBAGAF,Humalog KwikPen 100units/ml inj 3ml pre-filled pens,Humalog,KwikPen U100,Pen/cartridge,16403.0,113394.0,34018200.0,628062.24506
2023-11-01,0601011L0BBAHAG,Humalog KwikPen 200units/ml inj 3ml pre-filled pens,Humalog,KwikPen U200,Pen/cartridge,3063.0,25640.0,15384000.0,283948.88448999997
2023-11-01,0601011L0BBAIAF,Humalog Junior KwikPen 100units/ml inj 3ml pre-filled pens,Humalog,Junior KwikPen,Pen/cartridge,625.0,3405.0,1021500.0,18860.75873
2023-11-01,0601011L0BBAJAF,Humalog Tempo Pen 100units/ml inj 3ml pre-filled pens,Humalog,Tempo Pen,Pen/cartridge,8.0,44.0,13200.0,243.59432999999999
2023-11-01,0601011L0BDAAAG,Lyumjev KwikPen 200units/ml inj 3ml pre-filled pens,Lyumjev,KwikPen U200,Pen/cartridge,232.0,1625.0,975000.0,17995.859809999998
2023-11-01,0601011L0BDABAB,Lyumjev 100units/ml solution for injection 10ml vials,Lyumjev,Vial,Vial/pump,932.0,3549.0,3549000.0,55397.28794
2023-11-01,0601011L0BDACAC,Lyumjev 100units/ml solution for injection 3ml cartridges,Lyumjev,Cartridge,Pen/cartridge,706.0,5042.0,1512600.0,26831.60903
2023-11-01,0601011L0BDADAF,Lyumjev KwikPen 100units/ml inj 3ml pre-filled pens,Lyumjev,KwikPen U100,Pen/cartridge,3368.0,20378.0,6113400.0,112865.47014
2023-11-01,0601011L0BDAEAF,Lyumjev Junior KwikPen 100units/ml inj 3ml pre-filled pens,Lyumjev,Junior KwikPen,Pen/cartridge,372.0,2113.0,633900.0,11703.471450000001
2023-11-01,0601011L0BDAFAF,Lyumjev Tempo Pen 100units/ml inj 3ml pre-filled pens,Lyumjev,Tempo Pen,Pen/cartridge,5.0,31.0,9300.0,171.76095
2023-11-01,0601011P0BBAAAA,Apidra 100units/ml solution for injection 10ml vials,Apidra,Vial,Vial/pump,315.0,1290.0,1290000.0,19396.09697
2023-11-01,0601011P0BBABAB,Apidra 100units/ml solution for injection 3ml cartridges,Apidra,Cartridge,Pen/cartridge,565.0,4252.0,1275600.0,22620.23205
2023-11-01,0601011P0BBAEAC,Apidra 100units/ml inj 3ml pre-filled SoloStar pens,Apidra,Pen U100,Pen/cartridge,6260.0,43033.0,12909900.0,229016.2732
2023-12-01,0601011A0BBAAAA,NovoRapid 100units/ml solution for injection 10ml vials,NovoRapid,Vial,Vial/pump,23973.0,96712.0,96712000.0,1280611.784
2023-12-01,0601011A0BBABAB,NovoRapid Penfill 100units/ml inj 3ml cartridges,NovoRapid,Cartridge,Pen/cartridge,50265.0,401831.0,120549300.0,2139883.07161
2023-12-01,0601011A0BBADAC,NovoRapid FlexPen 100units/ml inj 3ml pre-filled pens,NovoRapid,FlexPen U100,Pen/cartridge,89830.0,597224.0,179167200.0,3438346.89322
2023-12-01,0601011A0BBAEAC,NovoRapid FlexTouch 100units/ml inj 3ml pre-filled pens,NovoRapid,FlexTouch U100,Pen/cartridge,5202.0,35178.0,10553400.0,212687.85882
2023-12-01,0601011A0BBAFAD,NovoRapid PumpCart 100units/ml inj 1.6ml cartridges,NovoRapid,PumpCart,Vial/pump,1742.0,26029.0,4164640.0,73932.68095
2023-12-01,0601011A0BCAAAC,Fiasp FlexTouch 100units/ml inj 3ml pre-filled pens,Fiasp,FlexTouch U100,Pen/cartridge,14425.0,91067.0,27320100.0,524272.07938999997
2023-12-01,0601011A0BCABAB,Fiasp Penfill 100units/ml inj 3ml cartridges,Fiasp,Cartridge,Pen/cartridge,13403.0,92173.0,27651900.0,490884.36917
2023-12-01,0601011A0BCACAA,Fiasp 100units/ml solution for injection 10ml vials,Fiasp,Vial,Vial/pump,5046.0,20069.0,20069000.0,265741.25135
2023-12-01,0601011A0BDAAAB,Trurapi 100units/ml solution for injection 3ml cartridges,Trurapi,Cartridge,Pen/cartridge,664.0,4990.0,1497000.0,18607.41138
2023-12-01,0601011A0BDABAC,Trurapi 100units/ml inj 3ml pre-filled Solostar pens,Trurapi,Pen U100,Pen/cartridge,6358.0,36246.0,10873800.0,146159.62313
2023-12-01,0601011A0BDACAA,Trurapi 100units/ml solution for injection 10ml vial,Trurapi,Vial,Vial/pump,142.0,478.0,478000.0,5381.34195
2023-12-01,0601011L0BBABAB,Humalog 100units/ml solution for injection 10ml vials,Humalog,Vial,Vial/pump,3453.0,14002.0,14002000.0,218712.82098
2023-12-01,0601011L0BBACAC,Humalog 100units/ml solution for injection 3ml cartridges,Humalog,Cartridge,Pen/cartridge,10609.0,92304.0,27691200.0,491536.92118
2023-12-01,0601011L0BBAGAF,Humalog KwikPen 100units/ml inj 3ml pre-filled pens,Humalog,KwikPen U100,Pen/cartridge,16910.0,117529.0,35258700.0,651406.22807
2023-12-01,0601011L0BBAHAG,Humalog KwikPen 200units/ml inj 3ml pre-filled pens,Humalog,KwikPen U200,Pen/cartridge,3145.0,26334.0,15800400.0,291834.76292
2023-12-01,0601011L0BBAIAF,Humalog Junior KwikPen 100units/ml inj 3ml pre-filled pens,Humalog,Junior KwikPen,Pen/cartridge,651.0,3686.0,1105800.0,20431.80002
2023-12-01,0601011L0BBAJAF,Humalog Tempo Pen 100units/ml inj 3ml pre-filled pens,Humalog,Tempo Pen,Pen/cartridge,15.0,81.0,24300.0,448.88713
2023-12-01,0601011L0BDAAAG,Lyumjev KwikPen 200units/ml inj 3ml pre-filled pens,Lyumjev,KwikPen U200,Pen/cartridge,256.0,1723.0,1033800.0,19094.55603
2023-12-01,0601011L0BDABAB,Lyumjev 100units/ml solution for injection 10ml vials,Lyumjev,Vial,Vial/pump,924.0,3635.0,3635000.0,56779.55091
2023-12-01,0601011L0BDACAC,Lyumjev 100units/ml solution for injection 3ml cartridges,Lyumjev,Cartridge,Pen/cartridge,784.0,5593.0,1677900.0,29784.88626
2023-12-01,0601011L0BDADAF,Lyumjev KwikPen 100units/ml inj 3ml pre-filled pens,Lyumjev,KwikPen U100,Pen/cartridge,3529.0,21375.0,6412500.0,118472.98858
2023-12-01,0601011L0BDAEAF,Lyumjev Junior KwikPen 100units/ml inj 3ml pre-filled pens,Lyumjev,Junior KwikPen,Pen/cartridge,370.0,2155.0,646500.0,11944.02196
2023-12-01,0601011L0BDAFAF,Lyumjev Tempo Pen 100units/ml inj 3ml pre-filled pens,Lyumjev,Tempo Pen,Pen/cartridge,4.0,16.0,4800.0,88.77275
2023-12-01,0601011P0BBAAAA,Apidra 100units/ml solution for injection 10ml vials,Apidra,Vial,Vial/pump,364.0,1497.0,1497000.0,22524.42288
2023-12-01,0601011P0BBABAB,Apidra 100units/ml solution for injection 3ml cartridges,Apidra,Cartridge,Pen/cartridge,580.0,4299.0,1289700.0,22886.71076
2023-12-01,0601011P0BBAEAC,Apidra 100units/ml inj 3ml pre-filled SoloStar pens,Apidra,Pen U100,Pen/cartridge,6329.0,43610.0,13083000.0,232203.69082
2024-01-01,0601011A0BBAAAA,NovoRapid 100units/ml solution for injection 10ml vials,NovoRapid,Vial,Vial/pump,23936.0,95922.0,95922000.0,1273438.70225
2024-01-01,0601011A0BBABAB,NovoRapid Penfill 100units/ml inj 3ml cartridges,NovoRapid,Cartridge,Pen/cartridge,49545.0,391293.0,117387900.0,2089194.43148
2024-01-01,0601011A0BBADAC,NovoRapid FlexPen 100units/ml inj 3ml pre-filled pens,NovoRapid,FlexPen U100,Pen/cartridge,89864.0,593937.0,178181100.0,3428254.20163
2024-01-01,0601011A0BBAEAC,NovoRapid FlexTouch 100units/ml inj 3ml pre-filled pens,NovoRapid,FlexTouch U100,Pen/cartridge,5332.0,35982.0,10794600.0,218112.23926
2024-01-01,0601011A0BBAFAD,NovoRapid PumpCart 100units/ml inj 1.6ml cartridges,NovoRapid,PumpCart,Vial/pump,1837.0,27093.0,4334880.0,77193.91376
2024-01-01,0601011A0BCAAAC,Fiasp FlexTouch 100units/ml inj 3ml pre-filled pens,Fiasp,FlexTouch U100,Pen/cartridge,14780.0,92437.0,27731100.0,533534.89358
2024-01-01,0601011A0BCABAB,Fiasp Penfill 100units/ml inj 3ml cartridges,Fiasp,Cartridge,Pen/cartridge,13680.0,92948.0,27884400.0,496293.98133
2024-01-01,0601011A0BCACAA,Fiasp 100units/ml solution for injection 10ml vials,Fiasp,Vial,Vial/pump,5028.0,19766.0,19766000.0,262419.338
2024-01-01,0601011A0BDAAAB,Trurapi 100units/ml solution for injection 3ml cartridges,Trurapi,Cartridge,Pen/cartridge,794.0,6046.0,1813800.0,22602.79089
2024-01-01,0601011A0BDABAC,Trurapi 100units/ml inj 3ml pre-filled Solostar pens,Trurapi,Pen U100,Pen/cartridge,7104.0,40533.0,12159900.0,163868.41246
2024-01-01,0601011A0BDACAA,Trurapi 100units/ml solution for injection 10ml vial,Trurapi,Vial,Vial/pump,142.0,517.0,517000.0,5835.3754
2024-01-01,0601011L0BBABAB,Humalog 100units/ml solution for injection 10ml vials,Humalog,Vial,Vial/pump,3387.0,13705.0,13705000.0,214626.13594
2024-01-01,0601011L0BBACAC,Humalog 100units/ml solution for injection 3ml cartridges,Humalog,Cartridge,Pen/cartridge,10005.0,86250.0,25875000.0,460486.75947
2024-01-01,0601011L0BBAFAF,Humalog Pen 100units/ml inj 3ml pre-filled pens,Humalog,Pen U100,Pen/cartridge,1.0,5.0,1500.0,27.78315
2024-01-01,0601011L0BBAGAF,Humalog KwikPen 100units/ml inj 3ml pre-filled pens,Humalog,KwikPen U100,Pen/cartridge,16610.0,114565.0,34369500.0,636640.88265
2024-01-01,0601011L0BBAHAG,Humalog KwikPen 200units/ml inj 3ml pre-filled pens,Humalog,KwikPen U200,Pen/cartridge,3248.0,26769.0,16061400.0,297453.32685
2024-01-01,0601011L0BBAIAF,Humalog Junior KwikPen 100units/ml inj 3ml pre-filled pens,Humalog,Junior KwikPen,Pen/cartridge,634.0,3488.0,1046400.0,19385.07184
2024-01-01,0601011L0BBAJAF,Humalog Tempo Pen 100units/ml inj 3ml pre-filled pens,Humalog,Tempo Pen,Pen/cartridge,7.0,45.0,13500.0,249.97395
2024-01-01,0601011L0BDAAAG,Lyumjev KwikPen 200units/ml inj 3ml pre-filled pens,Lyumjev,KwikPen U200,Pen/cartridge,279.0,1919.0,1151400.0,21321.16405
2024-01-01,0601011L0BDABAB,Lyumjev 100units/ml solution for injection 10ml vials,Lyumjev,Vial,Vial/pump,941.0,3562.0,3562000.0,55783.45644
2024-01-01,0601011L0BDACAC,Lyumjev 100units/ml solution for injection 3ml cartridges,Lyumjev,Cartridge,Pen/cartridge,798.0,5768.0,1730400.0,30796.04142
2024-01-01,0601011L0BDADAF,Lyumjev KwikPen 100units/ml inj 3ml pre-filled pens,Lyumjev,KwikPen U100,Pen/cartridge,3658.0,21872.0,6561600.0,121541.15087
2024-01-01,0601011L0BDAEAF,Lyumjev Junior KwikPen 100units/ml inj 3ml pre-filled pens,Lyumjev,Junior KwikPen,Pen/cartridge,383.0,2168.0,650400.0,12046.87659
2024-01-01,0601011L0BDAFAF,Lyumjev Tempo Pen 100units/ml inj 3ml pre-filled pens,Lyumjev,Tempo Pen,Pen/cartridge,6.0,30.0,9000.0,166.6741
2024-01-01,0601011P0BBAAAA,Apidra 100units/ml solution for injection 10ml vials,Apidra,Vial,Vial/pump,323.0,1330.0,1330000.0,20063.36716
2024-01-01,0601011P0BBABAB,Apidra 100units/ml solution for injection 3ml cartridges,Apidra,Cartridge,Pen/cartridge,556.0,4186.0,1255800.0,22341.41932
2024-01-01,0601011P0BBAEAC,Apidra 100units/ml inj 3ml pre-filled SoloStar pens,Apidra,Pen U100,Pen/cartridge,6402.0,44237.0,13271100.0,236170.36977
2024-02-01,0601011A0BBAAAA,NovoRapid 100units/ml solution for injection 10ml vials,NovoRapid,Vial,Vial/pump,22954.0,92347.0,92347000.0,1225507.32293
2024-02-01,0601011A0BBABAB,NovoRapid Penfill 100units/ml inj 3ml cartridges,NovoRapid,Cartridge,Pen/cartridge,46319.0,368054.0,110416200.0,1964323.56122
2024-02-01,0601011A0BBADAC,NovoRapid FlexPen 100units/ml inj 3ml pre-filled pens,NovoRapid,FlexPen U100,Pen/cartridge,83974.0,555073.0,166521900.0,3202701.36971
2024-02-01,0601011A0BBAEAC,NovoRapid FlexTouch 100units/ml inj 3ml pre-filled pens,NovoRapid,FlexTouch U100,Pen/cartridge,4929.0,33476.0,10042800.0,202804.63494000002
2024-02-01,0601011A0BBAFAD,NovoRapid PumpCart 100units/ml inj 1.6ml cartridges,NovoRapid,PumpCart,Vial/pump,1780.0,26028.0,4164480.0,74093.63932
2024-02-01,0601011A0BCAAAC,Fiasp FlexTouch 100units/ml inj 3ml pre-filled pens,Fiasp,FlexTouch U100,Pen/cartridge,13839.0,87100.0,26130000.0,502538.30092
2024-02-01,0601011A0BCABAB,Fiasp Penfill 100units/ml inj 3ml cartridges,Fiasp,Cartridge,Pen/cartridge,13029.0,88811.0,26643300.0,474013.88877
2024-02-01,0601011A0BCACAA,Fiasp 100units/ml solution for injection 10ml vials,Fiasp,Vial,Vial/pump,4898.0,19320.0,19320000.0,256390.38244
2024-02-01,0601011A0BDAAAB,Trurapi 100units/ml solution for injection 3ml cartridges,Trurapi,Cartridge,Pen/cartridge,716.0,5360.0,1608000.0,20030.66617
2024-02-01,0601011A0BDABAC,Trurapi 100units/ml inj 3ml pre-filled Solostar pens,Trurapi,Pen U100,Pen/cartridge,7022.0,40026.0,12007800.0,161755.0215
2024-02-01,0601011A0BDACAA,Trurapi 100units/ml solution for injection 10ml vial,Trurapi,Vial,Vial/pump,153.0,529.0,529000.0,5968.55115
2024-02-01,0601011L0BBABAB,Humalog 100units/ml solution for injection 10ml vials,Humalog,Vial,Vial/pump,3208.0,12898.0,12898000.0,201910.27134
2024-02-01,0601011L0BBACAC,Humalog 100units/ml solution for injection 3ml cartridges,Humalog,Cartridge,Pen/cartridge,9589.0,82617.0,24785100.0,440920.18994999997
2024-02-01,0601011L0BBAFAF,Humalog Pen 100units/ml inj 3ml pre-filled pens,Humalog,Pen U100,Pen/cartridge,1.0,5.0,1500.0,20.46018
2024-02-01,0601011L0BBAGAF,Humalog KwikPen 100units/ml inj 3ml pre-filled pens,Humalog,KwikPen U100,Pen/cartridge,15863.0,110327.0,33098100.0,612831.18403
2024-02-01,0601011L0BBAHAG,Humalog KwikPen 200units/ml inj 3ml pre-filled pens,Humalog,KwikPen U200,Pen/cartridge,2959.0,24373.0,14623800.0,270698.15165
2024-02-01,0601011L0BBAIAF,Humalog Junior KwikPen 100units/ml inj 3ml pre-filled pens,Humalog,Junior KwikPen,Pen/cartridge,619.0,3354.0,1006200.0,18633.23044
2024-02-01,0601011L0BBAJAF,Humalog Tempo Pen 100units/ml inj 3ml pre-filled pens,Humalog,Tempo Pen,Pen/cartridge,8.0,48.0,14400.0,266.64918
2024-02-01,0601011L0BDAAAG,Lyumjev KwikPen 200units/ml inj 3ml pre-filled pens,Lyumjev,KwikPen U200,Pen/cartridge,245.0,1642.0,985200.0,18236.602469999998
2024-02-01,0601011L0BDABAB,Lyumjev 100units/ml solution for injection 10ml vials,Lyumjev,Vial,Vial/pump,912.0,3477.0,3477000.0,54430.96609
2024-02-01,0601011L0BDACAC,Lyumjev 100units/ml solution for injection 3ml cartridges,Lyumjev,Cartridge,Pen/cartridge,777.0,5680.0,1704000.0,30314.09306
2024-02-01,0601011L0BDADAF,Lyumjev KwikPen 100units/ml inj 3ml pre-filled pens,Lyumjev,KwikPen U100,Pen/cartridge,3544.0,21835.0,6550500.0,121287.15602
2024-02-01,0601011L0BDAEAF,Lyumjev Junior KwikPen 100units/ml inj 3ml pre-filled pens,Lyumjev,Junior KwikPen,Pen/cartridge,373.0,2090.0,627000.0,11609.36056
2024-02-01,0601011L0BDAFAF,Lyumjev Tempo Pen 100units/ml inj 3ml pre-filled pens,Lyumjev,Tempo Pen,Pen/cartridge,6.0,40.0,12000.0,222.10464
2024-02-01,0601011P0BBAAAA,Apidra 100units/ml solution for injection 10ml vials,Apidra,Vial,Vial/pump,287.0,1112.0,1112000.0,16768.46931
2024-02-01,0601011P0BBABAB,Apidra 100units/ml solution for injection 3ml cartridges,Apidra,Cartridge,Pen/cartridge,525.0,3889.0,1166700.0,20748.89479
2024-02-01,0601011P0BBAEAC,Apidra 100units/ml inj 3ml pre-filled SoloStar pens,Apidra,Pen U100,Pen/cartridge,6058.0,41946.0,12583800.0,223834.89598
2024-03-01,0601011A0BBAAAA,NovoRapid 100units/ml solution for injection 10ml vials,NovoRapid,Vial,Vial/pump,23979.0,96067.0,96067000.0,1273115.66331
2024-03-01,0601011A0BBABAB,NovoRapid Penfill 100units/ml inj 3ml cartridges,NovoRapid,Cartridge,Pen/cartridge,47078.0,371522.0,111456600.0,1980102.52414
2024-03-01,0601011A0BBADAC,NovoRapid FlexPen 100units/ml inj 3ml pre-filled pens,NovoRapid,FlexPen U100,Pen/cartridge,85052.0,562696.0,168808800.0,3242155.70671
2024-03-01,0601011A0BBAEAC,NovoRapid FlexTouch 100units/ml inj 3ml pre-filled pens,NovoRapid,FlexTouch U100,Pen/cartridge,5079.0,33898.0,10169400.0,205081.93076
2024-03-01,0601011A0BBAFAD,NovoRapid PumpCart 100units/ml inj 1.6ml cartridges,NovoRapid,PumpCart,Vial/pump,1943.0,28272.0,4523520.0,80407.79376
2024-03-01,0601011A0BCAAAC,Fiasp FlexTouch 100units/ml inj 3ml pre-filled pens,Fiasp,FlexTouch U100,Pen/cartridge,14053.0,88226.0,26467800.0,508335.25738
2024-03-01,0601011A0BCABAB,Fiasp Penfill 100units/ml inj 3ml cartridges,Fiasp,Cartridge,Pen/cartridge,14053.0,95723.0,28716900.0,510203.44287
2024-03-01,0601011A0BCACAA,Fiasp 100units/ml solution for injection 10ml vials,Fiasp,Vial,Vial/pump,5031.0,19817.0,19817000.0,262614.15697
2024-03-01,0601011A0BDAAAB,Trurapi 100units/ml solution for injection 3ml cartridges,Trurapi,Cartridge,Pen/cartridge,895.0,6657.0,1997100.0,24843.38422
2024-03-01,0601011A0BDABAC,Trurapi 100units/ml inj 3ml pre-filled Solostar pens,Trurapi,Pen U100,Pen/cartridge,7585.0,43339.0,13001700.0,174895.15435
2024-03-01,0601011A0BDACAA,Trurapi 100units/ml solution for injection 10ml vial,Trurapi,Vial,Vial/pump,131.0,455.0,455000.0,5126.49721
2024-03-01,0601011L0BBABAB,Humalog 100units/ml solution for injection 10ml vials,Humalog,Vial,Vial/pump,3014.0,12003.0,12003000.0,187638.60078
2024-03-01,0601011L0BBACAC,Humalog 100units/ml solution for injection 3ml cartridges,Humalog,Cartridge,Pen/cartridge,9571.0,82772.0,24831600.0,441132.68979
2024-03-01,0601011L0BBAGAF,Humalog KwikPen 100units/ml inj 3ml pre-filled pens,Humalog,KwikPen U100,Pen/cartridge,16211.0,112665.0,33799500.0,624956.60094
2024-03-01,0601011L0BBAHAG,Humalog KwikPen 200units/ml inj 3ml pre-filled pens,Humalog,KwikPen U200,Pen/cartridge,3007.0,25629.0,15377400.0,284271.28982999997
2024-03-01,0601011L0BBAIAF,Humalog Junior KwikPen 100units/ml inj 3ml pre-filled pens,Humalog,Junior KwikPen,Pen/cartridge,573.0,3231.0,969300.0,17923.90592
2024-03-01,0601011L0BBAJAF,Humalog Tempo Pen 100units/ml inj 3ml pre-filled pens,Humalog,Tempo Pen,Pen/cartridge,13.0,70.0,21000.0,388.26006
2024-03-01,0601011L0BDAAAG,Lyumjev KwikPen 200units/ml inj 3ml pre-filled pens,Lyumjev,KwikPen U200,Pen/cartridge,270.0,1885.0,1131000.0,20906.59528
2024-03-01,0601011L0BDABAB,Lyumjev 100units/ml solution for injection 10ml vials,Lyumjev,Vial,Vial/pump,973.0,3743.0,3743000.0,58513.49684
2024-03-01,0601011L0BDACAC,Lyumjev 100units/ml solution for injection 3ml cartridges,Lyumjev,Cartridge,Pen/cartridge,780.0,5529.0,1658700.0,29467.41678
2024-03-01,0601011L0BDADAF,Lyumjev KwikPen 100units/ml inj 3ml pre-filled pens,Lyumjev,KwikPen U100,Pen/cartridge,3759.0,22509.0,6752700.0,124856.96057
2024-03-01,0601011L0BDAEAF,Lyumjev Junior KwikPen 100units/ml inj 3ml pre-filled pens,Lyumjev,Junior KwikPen,Pen/cartridge,379.0,2168.0,650400.0,12025.84013
2024-03-01,0601011L0BDAFAF,Lyumjev Tempo Pen 100units/ml inj 3ml pre-filled pens,Lyumjev,Tempo Pen,Pen/cartridge,6.0,30.0,9000.0,166.37734
2024-03-01,0601011P0BBAAAA,Apidra 100units/ml solution for injection 10ml vials,Apidra,Vial,Vial/pump,318.0,1336.0,1336000.0,20117.92385
2024-03-01,0601011P0BBABAB,Apidra 100units/ml solution for injection 3ml cartridges,Apidra,Cartridge,Pen/cartridge,545.0,4122.0,1236600.0,21960.6558
2024-03-01,0601011P0BBAEAC,Apidra 100units/ml inj 3ml pre-filled SoloStar pens,Apidra,Pen U100,Pen/cartridge,6036.0,41715.0,12514500.0,222313.27683
2024-04-01,0601011A0BBAAAA,NovoRapid 100units/ml solution for injection 10ml vials,NovoRapid,Vial,Vial/pump,25332.0,101464.0,101464000.0,1421342.90117
2024-04-01,0601011A0BBABAB,NovoRapid Penfill 100units/ml inj 3ml cartridges,NovoRapid,Cartridge,Pen/cartridge,49061.0,386859.0,116057700.0,2179224.66861
2024-04-01,0601011A0BBADAC,NovoRapid FlexPen 100units/ml inj 3ml pre-filled pens,NovoRapid,FlexPen U100,Pen/cartridge,89134.0,587150.0,176145000.0,3579785.9224
2024-04-01,0601011A0BBAEAC,NovoRapid FlexTouch 100units/ml inj 3ml pre-filled pens,NovoRapid,FlexTouch U100,Pen/cartridge,5301.0,35954.0,10786200.0,229630.7204
2024-04-01,0601011A0BBAFAD,NovoRapid PumpCart 100units/ml inj 1.6ml cartridges,NovoRapid,PumpCart,Vial/pump,2142.0,31064.0,4970240.0,93291.582
2024-04-01,0601011A0BCAAAC,Fiasp FlexTouch 100units/ml inj 3ml pre-filled pens,Fiasp,FlexTouch U100,Pen/cartridge,13909.0,87931.0,26379300.0,535628.904
2024-04-01,0601011A0BCABAB,Fiasp Penfill 100units/ml inj 3ml cartridges,Fiasp,Cartridge,Pen/cartridge,15948.0,107235.0,32170500.0,603680.46961
2024-04-01,0601011A0BCACAA,Fiasp 100units/ml solution for injection 10ml vials,Fiasp,Vial,Vial/pump,5379.0,21214.0,21214000.0,297024.55983
2024-04-01,0601011A0BDAAAB,Trurapi 100units/ml solution for injection 3ml cartridges,Trurapi,Cartridge,Pen/cartridge,965.0,7321.0,2196300.0,28767.483799999998
2024-04-01,0601011A0BDABAC,Trurapi 100units/ml inj 3ml pre-filled Solostar pens,Trurapi,Pen U100,Pen/cartridge,8485.0,48784.0,14635200.0,207941.84978
2024-04-01,0601011A0BDACAA,Trurapi 100units/ml solution for injection 10ml vial,Trurapi,Vial,Vial/pump,183.0,637.0,637000.0,7584.508
2024-04-01,0601011L0BBABAB,Humalog 100units/ml solution for injection 10ml vials,Humalog,Vial,Vial/pump,3009.0,12103.0,12103000.0,200060.77868
2024-04-01,0601011L0BBACAC,Humalog 100units/ml solution for injection 3ml cartridges,Humalog,Cartridge,Pen/cartridge,10161.0,88283.0,26484900.0,496925.08477
2024-04-01,0601011L0BBAGAF,Humalog KwikPen 100units/ml inj 3ml pre-filled pens,Humalog,KwikPen U100,Pen/cartridge,16906.0,117221.0,35166300.0,687958.20328
2024-04-01,0601011L0BBAHAG,Humalog KwikPen 200units/ml inj 3ml pre-filled pens,Humalog,KwikPen U200,Pen/cartridge,3283.0,27602.0,16561200.0,324057.92924
2024-04-01,0601011L0BBAIAF,Humalog Junior KwikPen 100units/ml inj 3ml pre-filled pens,Humalog,Junior KwikPen,Pen/cartridge,648.0,3582.0,1074600.0,21003.80712
2024-04-01,0601011L0BBAJAF,Humalog Tempo Pen 100units/ml inj 3ml pre-filled pens,Humalog,Tempo Pen,Pen/cartridge,10.0,85.0,25500.0,455.02672
2024-04-01,0601011L0BDAAAG,Lyumjev KwikPen 200units/ml inj 3ml pre-filled pens,Lyumjev,KwikPen U200,Pen/cartridge,286.0,2024.0,1214400.0,23796.373040000002
2024-04-01,0601011L0BDABAB,Lyumjev 100units/ml solution for injection 10ml vials,Lyumjev,Vial,Vial/pump,1032.0,4070.0,4070000.0,67249.48804
2024-04-01,0601011L0BDACAC,Lyumjev 100units/ml solution for injection 3ml cartridges,Lyumjev,Cartridge,Pen/cartridge,858.0,6234.0,1870200.0,35121.17057
2024-04-01,0601011L0BDADAF,Lyumjev KwikPen 100units/ml inj 3ml pre-filled pens,Lyumjev,KwikPen U100,Pen/cartridge,4105.0,24734.0,7420200.0,145191.88728
2024-04-01,0601011L0BDAEAF,Lyumjev Junior KwikPen 100units/ml inj 3ml pre-filled pens,Lyumjev,Junior KwikPen,Pen/cartridge,437.0,2400.0,720000.0,14087.609919999999
2024-04-01,0601011L0BDAFAF,Lyumjev Tempo Pen 100units/ml inj 3ml pre-filled pens,Lyumjev,Tempo Pen,Pen/cartridge,4.0,25.0,7500.0,140.79176
2024-04-01,0601011P0BBAAAA,Apidra 100units/ml solution for injection 10ml vials,Apidra,Vial,Vial/pump,340.0,1319.0,1319000.0,20858.85298
2024-04-01,0601011P0BBABAB,Apidra 100units/ml solution for injection 3ml cartridges,Apidra,Cartridge,Pen/cartridge,535.0,3995.0,1198500.0,22390.60747
2024-04-01,0601011P0BBAEAC,Apidra 100units/ml inj 3ml pre-filled SoloStar pens,Apidra,Pen U100,Pen/cartridge,6369.0,43851.0,13155300.0,247210.98124
2024-05-01,0601011A0BBAAAA,NovoRapid 100units/ml solution for injection 10ml vials,NovoRapid,Vial,Vial/pump,27420.0,110361.0,110361000.0,1546276.8344999999
2024-05-01,0601011A0BBABAB,NovoRapid Penfill 100units/ml inj 3ml cartridges,NovoRapid,Cartridge,Pen/cartridge,50778.0,400483.0,120144900.0,2256239.28179
2024-05-01,0601011A0BBADAC,NovoRapid FlexPen 100units/ml inj 3ml pre-filled pens,NovoRapid,FlexPen U100,Pen/cartridge,90626.0,597273.0,179181900.0,3642454.49684
2024-05-01,0601011A0BBAEAC,NovoRapid FlexTouch 100units/ml inj 3ml pre-filled pens,NovoRapid,FlexTouch U100,Pen/cartridge,5450.0,36649.0,10994700.0,234116.6951
2024-05-01,0601011A0BBAFAD,NovoRapid PumpCart 100units/ml inj 1.6ml cartridges,NovoRapid,PumpCart,Vial/pump,2338.0,33995.0,5439200.0,102103.8074
2024-05-01,0601011A0BCAAAC,Fiasp FlexTouch 100units/ml inj 3ml pre-filled pens,Fiasp,FlexTouch U100,Pen/cartridge,12519.0,78640.0,23592000.0,479014.19622
2024-05-01,0601011A0BCABAB,Fiasp Penfill 100units/ml inj 3ml cartridges,Fiasp,Cartridge,Pen/cartridge,16984.0,114942.0,34482600.0,647224.2813500001
2024-05-01,0601011A0BCACAA,Fiasp 100units/ml solution for injection 10ml vials,Fiasp,Vial,Vial/pump,5653.0,22323.0,22323000.0,312409.33736
2024-05-01,0601011A0BDAAAB,Trurapi 100units/ml solution for injection 3ml cartridges,Trurapi,Cartridge,Pen/cartridge,1024.0,7549.0,2264700.0,29715.74673
2024-05-01,0601011A0BDABAC,Trurapi 100units/ml inj 3ml pre-filled Solostar pens,Trurapi,Pen U100,Pen/cartridge,9421.0,54226.0,16267800.0,231174.83267
2024-05-01,0601011A0BDACAA,Trurapi 100units/ml solution for injection 10ml vial,Trurapi,Vial,Vial/pump,233.0,840.0,840000.0,9981.7276
2024-05-01,0601011L0BBABAB,Humalog 100units/ml solution for injection 10ml vials,Humalog,Vial,Vial/pump,2717.0,10880.0,10880000.0,180061.00874
2024-05-01,0601011L0BBACAC,Humalog 100units/ml solution for injection 3ml cartridges,Humalog,Cartridge,Pen/cartridge,10528.0,90848.0,27254400.0,511156.13341999997
2024-05-01,0601011L0BBAFAF,Humalog Pen 100units/ml inj 3ml pre-filled pens,Humalog,Pen U100,Pen/cartridge,4.0,20.0,6000.0,117.8896
2024-05-01,0601011L0BBAGAF,Humalog KwikPen 100units/ml inj 3ml pre-filled pens,Humalog,KwikPen U100,Pen/cartridge,17517.0,120584.0,36175200.0,707795.69892
2024-05-01,0601011L0BBAHAG,Humalog KwikPen 200units/ml inj 3ml pre-filled pens,Humalog,KwikPen U200,Pen/cartridge,3247.0,27025.0,16215000.0,316991.40147
2024-05-01,0601011L0BBAIAF,Humalog Junior KwikPen 100units/ml inj 3ml pre-filled pens,Humalog,Junior KwikPen,Pen/cartridge,626.0,3432.0,1029600.0,20142.82941
2024-05-01,0601011L0BBAJAF,Humalog Tempo Pen 100units/ml inj 3ml pre-filled pens,Humalog,Tempo Pen,Pen/cartridge,13.0,71.0,21300.0,392.43534999999997
2024-05-01,0601011L0BDAAAG,Lyumjev KwikPen 200units/ml inj 3ml pre-filled pens,Lyumjev,KwikPen U200,Pen/cartridge,319.0,2233.0,1339800.0,26266.56307
2024-05-01,0601011L0BDABAB,Lyumjev 100units/ml solution for injection 10ml vials,Lyumjev,Vial,Vial/pump,1082.0,4171.0,4171000.0,68979.4906
2024-05-01,0601011L0BDACAC,Lyumjev 100units/ml solution for injection 3ml cartridges,Lyumjev,Cartridge,Pen/cartridge,891.0,6555.0,1966500.0,36936.00495
2024-05-01,0601011L0BDADAF,Lyumjev KwikPen 100units/ml inj 3ml pre-filled pens,Lyumjev,KwikPen U100,Pen/cartridge,4356.0,26582.0,7974600.0,156054.98111
2024-05-01,0601011L0BDAEAF,Lyumjev Junior KwikPen 100units/ml inj 3ml pre-filled pens,Lyumjev,Junior KwikPen,Pen/cartridge,438.0,2491.0,747300.0,14617.25132
2024-05-01,0601011L0BDAFAF,Lyumjev Tempo Pen 100units/ml inj 3ml pre-filled pens,Lyumjev,Tempo Pen,Pen/cartridge,1.0,5.0,1500.0,29.4724
2024-05-01,0601011P0BBAAAA,Apidra 100units/ml solution for injection 10ml vials,Apidra,Vial,Vial/pump,324.0,1293.0,1293000.0,20488.9882
2024-05-01,0601011P0BBABAB,Apidra 100units/ml solution for injection 3ml cartridges,Apidra,Cartridge,Pen/cartridge,561.0,4211.0,1263300.0,23624.8672
2024-05-01,0601011P0BBAEAC,Apidra 100units/ml inj 3ml pre-filled SoloStar pens,Apidra,Pen U100,Pen/cartridge,6456.0,44234.0,13270200.0,249394.97576
2024-06-01,0601011A0BBAAAA,NovoRapid 100units/ml solution for injection 10ml vials,NovoRapid,Vial,Vial/pump,26469.0,106863.0,106863000.0,1497008.4314899999
2024-06-01,0601011A0BBABAB,NovoRapid Penfill 100units/ml inj 3ml cartridges,NovoRapid,Cartridge,Pen/cartridge,47471.0,374244.0,112273200.0,2108105.85554
2024-06-01,0601011A0BBADAC,NovoRapid FlexPen 100units/ml inj 3ml pre-filled pens,NovoRapid,FlexPen U100,Pen/cartridge,85204.0,560785.0,168235500.0,3419503.26598
2024-06-01,0601011A0BBAEAC,NovoRapid FlexTouch 100units/ml inj 3ml pre-filled pens,NovoRapid,FlexTouch U100,Pen/cartridge,5091.0,33774.0,10132200.0,215639.44008
2024-06-01,0601011A0BBAFAD,NovoRapid PumpCart 100units/ml inj 1.6ml cartridges,NovoRapid,PumpCart,Vial/pump,2407.0,35048.0,5607680.0,105165.17513
2024-06-01,0601011A0BCAAAC,Fiasp FlexTouch 100units/ml inj 3ml pre-filled pens,Fiasp,FlexTouch U100,Pen/cartridge,6721.0,40354.0,12106200.0,246129.74176
2024-06-01,0601011A0BCABAB,Fiasp Penfill 100units/ml inj 3ml cartridges,Fiasp,Cartridge,Pen/cartridge,19992.0,132920.0,39876000.0,748645.84686
2024-06-01,0601011A0BCACAA,Fiasp 100units/ml solution for injection 10ml vials,Fiasp,Vial,Vial/pump,5468.0,21542.0,21542000.0,301528.16419
2024-06-01,0601011A0BDAAAB,Trurapi 100units/ml solution for injection 3ml cartridges,Trurapi,Cartridge,Pen/cartridge,1056.0,8007.0,2402100.0,31452.58171
2024-06-01,0601011A0BDABAC,Trurapi 100units/ml inj 3ml pre-filled Solostar pens,Trurapi,Pen U100,Pen/cartridge,9589.0,55837.0,16751100.0,237928.63938
2024-06-01,0601011A0BDACAA,Trurapi 100units/ml solution for injection 10ml vial,Trurapi,Vial,Vial/pump,256.0,953.0,953000.0,11357.33016
2024-06-01,0601011L0BBABAB,Humalog 100units/ml solution for injection 10ml vials,Humalog,Vial,Vial/pump,2364.0,9586.0,9586000.0,158499.1728
2024-06-01,0601011L0BBACAC,Humalog 100units/ml solution for injection 3ml cartridges,Humalog,Cartridge,Pen/cartridge,9584.0,82255.0,24676500.0,462804.03636
2024-06-01,0601011L0BBAFAF,Humalog Pen 100units/ml inj 3ml pre-filled pens,Humalog,Pen U100,Pen/cartridge,1.0,5.0,1500.0,29.4724
2024-06-01,0601011L0BBAGAF,Humalog KwikPen 100units/ml inj 3ml pre-filled pens,Humalog,KwikPen U100,Pen/cartridge,16258.0,112474.0,33742200.0,660288.34532
2024-06-01,0601011L0BBAHAG,Humalog KwikPen 200units/ml inj 3ml pre-filled pens,Humalog,KwikPen U200,Pen/cartridge,3082.0,25747.0,15448200.0,302257.63578
2024-06-01,0601011L0BBAIAF,Humalog Junior KwikPen 100units/ml inj 3ml pre-filled pens,Humalog,Junior KwikPen,Pen/cartridge,618.0,3437.0,1031100.0,20183.40997
2024-06-01,0601011L0BBAJAF,Humalog Tempo Pen 100units/ml inj 3ml pre-filled pens,Humalog,Tempo Pen,Pen/cartridge,15.0,110.0,33000.0,589.30076
2024-06-01,0601011L0BDAAAG,Lyumjev KwikPen 200units/ml inj 3ml pre-filled pens,Lyumjev,KwikPen U200,Pen/cartridge,283.0,2027.0,1216200.0,23845.32234
2024-06-01,0601011L0BDABAB,Lyumjev 100units/ml solution for injection 10ml vials,Lyumjev,Vial,Vial/pump,1036.0,4014.0,4014000.0,66339.98245
2024-06-01,0601011L0BDACAC,Lyumjev 100units/ml solution for injection 3ml cartridges,Lyumjev,Cartridge,Pen/cartridge,857.0,6249.0,1874700.0,35196.61343
2024-06-01,0601011L0BDADAF,Lyumjev KwikPen 100units/ml inj 3ml pre-filled pens,Lyumjev,KwikPen U100,Pen/cartridge,4221.0,25823.0,7746900.0,151659.92174
2024-06-01,0601011L0BDAEAF,Lyumjev Junior KwikPen 100units/ml inj 3ml pre-filled pens,Lyumjev,Junior KwikPen,Pen/cartridge,475.0,2703.0,810900.0,15874.49516
2024-06-01,0601011L0BDAFAF,Lyumjev Tempo Pen 100units/ml inj 3ml pre-filled pens,Lyumjev,Tempo Pen,Pen/cartridge,1.0,5.0,1500.0,26.1902
2024-06-01,0601011P0BBAAAA,Apidra 100units/ml solution for injection 10ml vials,Apidra,Vial,Vial/pump,313.0,1241.0,1241000.0,19662.33905
2024-06-01,0601011P0BBABAB,Apidra 100units/ml solution for injection 3ml cartridges,Apidra,Cartridge,Pen/cartridge,510.0,3881.0,1164300.0,21712.28137
2024-06-01,0601011P0BBAEAC,Apidra 100units/ml inj 3ml pre-filled SoloStar pens,Apidra,Pen U100,Pen/cartridge,6067.0,41974.0,12592200.0,236658.37136
2024-07-01,0601011A0BBAAAA,NovoRapid 100units/ml solution for injection 10ml vials,NovoRapid,Vial,Vial/pump,29819.0,120238.0,120238000.0,1684893.05679
2024-07-01,0601011A0BBABAB,NovoRapid Penfill 100units/ml inj 3ml cartridges,NovoRapid,Cartridge,Pen/cartridge,50834.0,399453.0,119835900.0,2250797.80863
2024-07-01,0601011A0BBADAC,NovoRapid FlexPen 100units/ml inj 3ml pre-filled pens,NovoRapid,FlexPen U100,Pen/cartridge,90971.0,597482.0,179244600.0,3643304.1095000003
2024-07-01,0601011A0BBAEAC,NovoRapid FlexTouch 100units/ml inj 3ml pre-filled pens,NovoRapid,FlexTouch U100,Pen/cartridge,5523.0,37150.0,11145000.0,237354.35712
2024-07-01,0601011A0BBAFAD,NovoRapid PumpCart 100units/ml inj 1.6ml cartridges,NovoRapid,PumpCart,Vial/pump,2742.0,40029.0,6404640.0,120041.58179
2024-07-01,0601011A0BCAAAC,Fiasp FlexTouch 100units/ml inj 3ml pre-filled pens,Fiasp,FlexTouch U100,Pen/cartridge,5434.0,33266.0,9979800.0,203027.80322
2024-07-01,0601011A0BCABAB,Fiasp Penfill 100units/ml inj 3ml cartridges,Fiasp,Cartridge,Pen/cartridge,25411.0,167035.0,50110500.0,940765.21067
2024-07-01,0601011A0BCACAA,Fiasp 100units/ml solution for injection 10ml vials,Fiasp,Vial,Vial/pump,6041.0,24009.0,24009000.0,336241.11599
2024-07-01,0601011A0BDAAAB,Trurapi 100units/ml solution for injection 3ml cartridges,Trurapi,Cartridge,Pen/cartridge,1130.0,8359.0,2507700.0,32854.4404
2024-07-01,0601011A0BDABAC,Trurapi 100units/ml inj 3ml pre-filled Solostar pens,Trurapi,Pen U100,Pen/cartridge,11343.0,65978.0,19793400.0,281309.43908
2024-07-01,0601011A0BDACAA,Trurapi 100units/ml solution for injection 10ml vial,Trurapi,Vial,Vial/pump,306.0,1172.0,1172000.0,13933.95178
2024-07-01,0601011L0BBABAB,Humalog 100units/ml solution for injection 10ml vials,Humalog,Vial,Vial/pump,3048.0,12831.0,12831000.0,212363.60066
2024-07-01,0601011L0BBACAC,Humalog 100units/ml solution for injection 3ml cartridges,Humalog,Cartridge,Pen/cartridge,10265.0,89029.0,26708700.0,501118.13973
2024-07-01,0601011L0BBAGAF,Humalog KwikPen 100units/ml inj 3ml pre-filled pens,Humalog,KwikPen U100,Pen/cartridge,17568.0,121330.0,36399000.0,712049.6945
2024-07-01,0601011L0BBAHAG,Humalog KwikPen 200units/ml inj 3ml pre-filled pens,Humalog,KwikPen U200,Pen/cartridge,3226.0,26994.0,16196400.0,316607.00496
2024-07-01,0601011L0BBAIAF,Humalog Junior KwikPen 100units/ml inj 3ml pre-filled pens,Humalog,Junior KwikPen,Pen/cartridge,677.0,3805.0,1141500.0,22369.7934
2024-07-01,0601011L0BBAJAF,Humalog Tempo Pen 100units/ml inj 3ml pre-filled pens,Humalog,Tempo Pen,Pen/cartridge,12.0,70.0,21000.0,369.88206
2024-07-01,0601011L0BDAAAG,Lyumjev KwikPen 200units/ml inj 3ml pre-filled pens,Lyumjev,KwikPen U200,Pen/cartridge,339.0,2463.0,1477800.0,28964.79871
2024-07-01,0601011L0BDABAB,Lyumjev 100units/ml solution for injection 10ml vials,Lyumjev,Vial,Vial/pump,1226.0,4789.0,4789000.0,79129.52453
2024-07-01,0601011L0BDACAC,Lyumjev 100units/ml solution for injection 3ml cartridges,Lyumjev,Cartridge,Pen/cartridge,950.0,7013.0,2103900.0,39524.23866
2024-07-01,0601011L0BDADAF,Lyumjev KwikPen 100units/ml inj 3ml pre-filled pens,Lyumjev,KwikPen U100,Pen/cartridge,4929.0,29869.0,8960700.0,175360.17639
2024-07-01,0601011L0BDAEAF,Lyumjev Junior KwikPen 100units/ml inj 3ml pre-filled pens,Lyumjev,Junior KwikPen,Pen/cartridge,490.0,2758.0,827400.0,16205.300930000001
2024-07-01,0601011L0BDAFAF,Lyumjev Tempo Pen 100units/ml inj 3ml pre-filled pens,Lyumjev,Tempo Pen,Pen/cartridge,8.0,50.0,15000.0,268.42764999999997
2024-07-01,0601011P0BBAAAA,Apidra 100units/ml solution for injection 10ml vials,Apidra,Vial,Vial/pump,354.0,1460.0,1460000.0,23175.46046
2024-07-01,0601011P0BBABAB,Apidra 100units/ml solution for injection 3ml cartridges,Apidra,Cartridge,Pen/cartridge,567.0,4347.0,1304100.0,24354.46702
2024-07-01,0601011P0BBAEAC,Apidra 100units/ml inj 3ml pre-filled SoloStar pens,Apidra,Pen U100,Pen/cartridge,6380.0,43992.0,13197600.0,248043.09872
2024-08-01,0601011A0BBAAAA,NovoRapid 100units/ml solution for injection 10ml vials,NovoRapid,Vial,Vial/pump,27755.0,112005.0,112005000.0,1569032.09327
2024-08-01,0601011A0BBABAB,NovoRapid Penfill 100units/ml inj 3ml cartridges,NovoRapid,Cartridge,Pen/cartridge,47990.0,378448.0,113534400.0,2131599.70988
2024-08-01,0601011A0BBADAC,NovoRapid FlexPen 100units/ml inj 3ml pre-filled pens,NovoRapid,FlexPen U100,Pen/cartridge,86693.0,568945.0,170683500.0,3468964.06562
2024-08-01,0601011A0BBAEAC,NovoRapid FlexTouch 100units/ml inj 3ml pre-filled pens,NovoRapid,FlexTouch U100,Pen/cartridge,5317.0,35245.0,10573500.0,225169.74658
2024-08-01,0601011A0BBAFAD,NovoRapid PumpCart 100units/ml inj 1.6ml cartridges,NovoRapid,PumpCart,Vial/pump,2661.0,38858.0,6217280.0,116610.09233
2024-08-01,0601011A0BCAAAC,Fiasp FlexTouch 100units/ml inj 3ml pre-filled pens,Fiasp,FlexTouch U100,Pen/cartridge,3995.0,24449.0,7334700.0,149247.08583
2024-08-01,0601011A0BCABAB,Fiasp Penfill 100units/ml inj 3ml cartridges,Fiasp,Cartridge,Pen/cartridge,25520.0,167829.0,50348700.0,945438.13845
2024-08-01,0601011A0BCACAA,Fiasp 100units/ml solution for injection 10ml vials,Fiasp,Vial,Vial/pump,5835.0,22922.0,22922000.0,320943.23065
2024-08-01,0601011A0BDAAAB,Trurapi 100units/ml solution for injection 3ml cartridges,Trurapi,Cartridge,Pen/cartridge,1112.0,8435.0,2530500.0,33146.27512
2024-08-01,0601011A0BDABAC,Trurapi 100units/ml inj 3ml pre-filled Solostar pens,Trurapi,Pen U100,Pen/cartridge,11594.0,67327.0,20198100.0,287078.85102
2024-08-01,0601011A0BDACAA,Trurapi 100units/ml solution for injection 10ml vial,Trurapi,Vial,Vial/pump,293.0,1090.0,1090000.0,12985.6245
2024-08-01,0601011L0BBABAB,Humalog 100units/ml solution for injection 10ml vials,Humalog,Vial,Vial/pump,2880.0,11860.0,11860000.0,195996.46674
2024-08-01,0601011L0BBACAC,Humalog 100units/ml solution for injection 3ml cartridges,Humalog,Cartridge,Pen/cartridge,9512.0,82172.0,24651600.0,462316.25547
2024-08-01,0601011L0BBAFAF,Humalog Pen 100units/ml inj 3ml pre-filled pens,Humalog,Pen U100,Pen/cartridge,2.0,10.0,3000.0,59.074799999999996
2024-08-01,0601011L0BBAGAF,Humalog KwikPen 100units/ml inj 3ml pre-filled pens,Humalog,KwikPen U100,Pen/cartridge,16641.0,114494.0,34348200.0,671924.0029
2024-08-01,0601011L0BBAHAG,Humalog KwikPen 200units/ml inj 3ml pre-filled pens,Humalog,KwikPen U200,Pen/cartridge,3101.0,26026.0,15615600.0,305285.87507
2024-08-01,0601011L0BBAIAF,Humalog Junior KwikPen 100units/ml inj 3ml pre-filled pens,Humalog,Junior KwikPen,Pen/cartridge,639.0,3468.0,1040400.0,20339.23424
2024-08-01,0601011L0BBAJAF,Humalog Tempo Pen 100units/ml inj 3ml pre-filled pens,Humalog,Tempo Pen,Pen/cartridge,8.0,45.0,13500.0,242.24631
2024-08-01,0601011L0BDAAAG,Lyumjev KwikPen 200units/ml inj 3ml pre-filled pens,Lyumjev,KwikPen U200,Pen/cartridge,351.0,2494.0,1496400.0,29278.4118
2024-08-01,0601011L0BDABAB,Lyumjev 100units/ml solution for injection 10ml vials,Lyumjev,Vial,Vial/pump,1100.0,4210.0,4210000.0,69582.9518
2024-08-01,0601011L0BDACAC,Lyumjev 100units/ml solution for injection 3ml cartridges,Lyumjev,Cartridge,Pen/cartridge,917.0,6524.0,1957200.0,36768.47268
2024-08-01,0601011L0BDADAF,Lyumjev KwikPen 100units/ml inj 3ml pre-filled pens,Lyumjev,KwikPen U100,Pen/cartridge,4748.0,29101.0,8730300.0,170870.93698
2024-08-01,0601011L0BDAEAF,Lyumjev Junior KwikPen 100units/ml inj 3ml pre-filled pens,Lyumjev,Junior KwikPen,Pen/cartridge,515.0,2896.0,868800.0,17001.82074
2024-08-01,0601011P0BBAAAA,Apidra 100units/ml solution for injection 10ml vials,Apidra,Vial,Vial/pump,316.0,1242.0,1242000.0,19667.41255
2024-08-01,0601011P0BBABAB,Apidra 100units/ml solution for injection 3ml cartridges,Apidra,Cartridge,Pen/cartridge,517.0,3817.0,1145100.0,21376.90715
2024-08-01,0601011P0BBAEAC,Apidra 100units/ml inj 3ml pre-filled SoloStar pens,Apidra,Pen U100,Pen/cartridge,6161.0,42335.0,12700500.0,238572.31227
2024-09-01,0601011A0BBAAAA,NovoRapid 100units/ml solution for injection 10ml vials,NovoRapid,Vial,Vial/pump,27054.0,109183.0,109183000.0,1529522.18647
2024-09-01,0601011A0BBABAB,NovoRapid Penfill 100units/ml inj 3ml cartridges,NovoRapid,Cartridge,Pen/cartridge,45735.0,358517.0,107555100.0,2019060.99711
2024-09-01,0601011A0BBADAC,NovoRapid FlexPen 100units/ml inj 3ml pre-filled pens,NovoRapid,FlexPen U100,Pen/cartridge,83436.0,548339.0,164501700.0,3343285.22401
2024-09-01,0601011A0BBAEAC,NovoRapid FlexTouch 100units/ml inj 3ml pre-filled pens,NovoRapid,FlexTouch U100,Pen/cartridge,4990.0,33813.0,10143900.0,215824.97031
2024-09-01,0601011A0BBAFAD,NovoRapid PumpCart 100units/ml inj 1.6ml cartridges,NovoRapid,PumpCart,Vial/pump,2712.0,39822.0,6371520.0,119492.18495
2024-09-01,0601011A0BCAAAC,Fiasp FlexTouch 100units/ml inj 3ml pre-filled pens,Fiasp,FlexTouch U100,Pen/cartridge,3335.0,20813.0,6243900.0,127088.59975
2024-09-01,0601011A0BCABAB,Fiasp Penfill 100units/ml inj 3ml cartridges,Fiasp,Cartridge,Pen/cartridge,25395.0,169186.0,50755800.0,952862.02628
2024-09-01,0601011A0BCACAA,Fiasp 100units/ml solution for injection 10ml vials,Fiasp,Vial,Vial/pump,5204.0,20312.0,20312000.0,284407.54488
2024-09-01,0601011A0BDAAAB,Trurapi 100units/ml solution for injection 3ml cartridges,Trurapi,Cartridge,Pen/cartridge,1119.0,8394.0,2518200.0,33012.07673
2024-09-01,0601011A0BDABAC,Trurapi 100units/ml inj 3ml pre-filled Solostar pens,Trurapi,Pen U100,Pen/cartridge,11831.0,69153.0,20745900.0,294863.35156
2024-09-01,0601011A0BDACAA,Trurapi 100units/ml solution for injection 10ml vial,Trurapi,Vial,Vial/pump,357.0,1347.0,1347000.0,16054.735349999999
2024-09-01,0601011L0BBABAB,Humalog 100units/ml solution for injection 10ml vials,Humalog,Vial,Vial/pump,2612.0,10905.0,10905000.0,180065.60996
2024-09-01,0601011L0BBACAC,Humalog 100units/ml solution for injection 3ml cartridges,Humalog,Cartridge,Pen/cartridge,8973.0,77603.0,23280900.0,436569.61538000003
2024-09-01,0601011L0BBAGAF,Humalog KwikPen 100units/ml inj 3ml pre-filled pens,Humalog,KwikPen U100,Pen/cartridge,15962.0,110812.0,33243600.0,650315.24972
2024-09-01,0601011L0BBAHAG,Humalog KwikPen 200units/ml inj 3ml pre-filled pens,Humalog,KwikPen U200,Pen/cartridge,3036.0,25626.0,15375600.0,300541.65787
2024-09-01,0601011L0BBAIAF,Humalog Junior KwikPen 100units/ml inj 3ml pre-filled pens,Humalog,Junior KwikPen,Pen/cartridge,589.0,3213.0,963900.0,18866.65988
2024-09-01,0601011L0BBAJAF,Humalog Tempo Pen 100units/ml inj 3ml pre-filled pens,Humalog,Tempo Pen,Pen/cartridge,6.0,40.0,12000.0,222.619
2024-09-01,0601011L0BDAAAG,Lyumjev KwikPen 200units/ml inj 3ml pre-filled pens,Lyumjev,KwikPen U200,Pen/cartridge,325.0,2344.0,1406400.0,27529.83261
2024-09-01,0601011L0BDABAB,Lyumjev 100units/ml solution for injection 10ml vials,Lyumjev,Vial,Vial/pump,1189.0,4548.0,4548000.0,75189.26284
2024-09-01,0601011L0BDACAC,Lyumjev 100units/ml solution for injection 3ml cartridges,Lyumjev,Cartridge,Pen/cartridge,925.0,6682.0,2004600.0,37640.2421
2024-09-01,0601011L0BDADAF,Lyumjev KwikPen 100units/ml inj 3ml pre-filled pens,Lyumjev,KwikPen U100,Pen/cartridge,4578.0,27752.0,8325600.0,162969.86971
2024-09-01,0601011L0BDAEAF,Lyumjev Junior KwikPen 100units/ml inj 3ml pre-filled pens,Lyumjev,Junior KwikPen,Pen/cartridge,483.0,2648.0,794400.0,15548.34772
2024-09-01,0601011L0BDAFAF,Lyumjev Tempo Pen 100units/ml inj 3ml pre-filled pens,Lyumjev,Tempo Pen,Pen/cartridge,4.0,25.0,7500.0,130.94276
2024-09-01,0601011P0BBAAAA,Apidra 100units/ml solution for injection 10ml vials,Apidra,Vial,Vial/pump,294.0,1193.0,1193000.0,18943.80308
2024-09-01,0601011P0BBABAB,Apidra 100units/ml solution for injection 3ml cartridges,Apidra,Cartridge,Pen/cartridge,505.0,3899.0,1169700.0,21823.93433
2024-09-01,0601011P0BBAEAC,Apidra 100units/ml inj 3ml pre-filled SoloStar pens,Apidra,Pen U100,Pen/cartridge,5795.0,40009.0,12002700.0,225626.15348
2024-10-01,0601011A0BBAAAA,NovoRapid 100units/ml solution for injection 10ml vials,NovoRapid,Vial,Vial/pump,29913.0,120376.0,120376000.0,1686695.48065
2024-10-01,0601011A0BBABAB,NovoRapid Penfill 100units/ml inj 3ml cartridges,NovoRapid,Cartridge,Pen/cartridge,48013.0,377182.0,113154600.0,2125008.78459
2024-10-01,0601011A0BBADAC,NovoRapid FlexPen 100units/ml inj 3ml pre-filled pens,NovoRapid,FlexPen U100,Pen/cartridge,88066.0,576811.0,173043300.0,3517414.23864
2024-10-01,0601011A0BBAEAC,NovoRapid FlexTouch 100units/ml inj 3ml pre-filled pens,NovoRapid,FlexTouch U100,Pen/cartridge,5176.0,34863.0,10458900.0,222867.86361
2024-10-01,0601011A0BBAFAD,NovoRapid PumpCart 100units/ml inj 1.6ml cartridges,NovoRapid,PumpCart,Vial/pump,3066.0,44772.0,7163520.0,134044.2432
2024-10-01,0601011A0BCAAAC,Fiasp FlexTouch 100units/ml inj 3ml pre-filled pens,Fiasp,FlexTouch U100,Pen/cartridge,3202.0,19702.0,5910600.0,120246.59015999999
2024-10-01,0601011A0BCABAB,Fiasp Penfill 100units/ml inj 3ml cartridges,Fiasp,Cartridge,Pen/cartridge,26585.0,176272.0,52881600.0,992742.96584
2024-10-01,0601011A0BCACAA,Fiasp 100units/ml solution for injection 10ml vials,Fiasp,Vial,Vial/pump,6386.0,25217.0,25217000.0,352927.54188
2024-10-01,0601011A0BDAAAB,Trurapi 100units/ml solution for injection 3ml cartridges,Trurapi,Cartridge,Pen/cartridge,1200.0,8719.0,2615700.0,34282.38829
2024-10-01,0601011A0BDABAC,Trurapi 100units/ml inj 3ml pre-filled Solostar pens,Trurapi,Pen U100,Pen/cartridge,13302.0,76884.0,23065200.0,327860.1321
2024-10-01,0601011A0BDACAA,Trurapi 100units/ml solution for injection 10ml vial,Trurapi,Vial,Vial/pump,394.0,1454.0,1454000.0,17263.37658
2024-10-01,0601011L0BBABAB,Humalog 100units/ml solution for injection 10ml vials,Humalog,Vial,Vial/pump,2730.0,11312.0,11312000.0,186988.5276
2024-10-01,0601011L0BBACAC,Humalog 100units/ml solution for injection 3ml cartridges,Humalog,Cartridge,Pen/cartridge,9296.0,79453.0,23835900.0,447096.11847
2024-10-01,0601011L0BBAGAF,Humalog KwikPen 100units/ml inj 3ml pre-filled pens,Humalog,KwikPen U100,Pen/cartridge,16796.0,115946.0,34783800.0,680664.5554899999
2024-10-01,0601011L0BBAHAG,Humalog KwikPen 200units/ml inj 3ml pre-filled pens,Humalog,KwikPen U200,Pen/cartridge,3143.0,25699.0,15419400.0,301634.60190999997
2024-10-01,0601011L0BBAIAF,Humalog Junior KwikPen 100units/ml inj 3ml pre-filled pens,Humalog,Junior KwikPen,Pen/cartridge,597.0,3286.0,985800.0,19308.05236
2024-10-01,0601011L0BBAJAF,Humalog Tempo Pen 100units/ml inj 3ml pre-filled pens,Humalog,Tempo Pen,Pen/cartridge,17.0,120.0,36000.0,641.32315
2024-10-01,0601011L0BDAAAG,Lyumjev KwikPen 200units/ml inj 3ml pre-filled pens,Lyumjev,KwikPen U200,Pen/cartridge,342.0,2575.0,1545000.0,30198.2661
2024-10-01,0601011L0BDABAB,Lyumjev 100units/ml solution for injection 10ml vials,Lyumjev,Vial,Vial/pump,1245.0,4719.0,4719000.0,77963.57261
2024-10-01,0601011L0BDACAC,Lyumjev 100units/ml solution for injection 3ml cartridges,Lyumjev,Cartridge,Pen/cartridge,987.0,7250.0,2175000.0,40838.19653
2024-10-01,0601011L0BDADAF,Lyumjev KwikPen 100units/ml inj 3ml pre-filled pens,Lyumjev,KwikPen U100,Pen/cartridge,5330.0,32401.0,9720300.0,190186.03013
2024-10-01,0601011L0BDAEAF,Lyumjev Junior KwikPen 100units/ml inj 3ml pre-filled pens,Lyumjev,Junior KwikPen,Pen/cartridge,520.0,2897.0,869100.0,16971.58698
2024-10-01,0601011L0BDAFAF,Lyumjev Tempo Pen 100units/ml inj 3ml pre-filled pens,Lyumjev,Tempo Pen,Pen/cartridge,3.0,15.0,4500.0,81.81824
2024-10-01,0601011P0BBAAAA,Apidra 100units/ml solution for injection 10ml vials,Apidra,Vial,Vial/pump,341.0,1399.0,1399000.0,22128.85931
2024-10-01,0601011P0BBABAB,Apidra 100units/ml solution for injection 3ml cartridges,Apidra,Cartridge,Pen/cartridge,537.0,3917.0,1175100.0,21988.32363
2024-10-01,0601011P0BBAEAC,Apidra 100units/ml inj 3ml pre-filled SoloStar pens,Apidra,Pen U100,Pen/cartridge,6324.0,43403.0,13020900.0,244755.64347
2024-11-01,0601011A0BBAAAA,NovoRapid 100units/ml solution for injection 10ml vials,NovoRapid,Vial,Vial/pump,28744.0,115355.0,115355000.0,1616335.3923
2024-11-01,0601011A0BBABAB,NovoRapid Penfill 100units/ml inj 3ml cartridges,NovoRapid,Cartridge,Pen/cartridge,46049.0,362810.0,108843000.0,2044341.66187
2024-11-01,0601011A0BBADAC,NovoRapid FlexPen 100units/ml inj 3ml pre-filled pens,NovoRapid,FlexPen U100,Pen/cartridge,83919.0,549921.0,164976300.0,3353267.54509
2024-11-01,0601011A0BBAEAC,NovoRapid FlexTouch 100units/ml inj 3ml pre-filled pens,NovoRapid,FlexTouch U100,Pen/cartridge,4668.0,31411.0,9423300.0,200693.76944
2024-11-01,0601011A0BBAFAD,NovoRapid PumpCart 100units/ml inj 1.6ml cartridges,NovoRapid,PumpCart,Vial/pump,3112.0,45630.0,7300800.0,136928.59546
2024-11-01,0601011A0BCAAAC,Fiasp FlexTouch 100units/ml inj 3ml pre-filled pens,Fiasp,FlexTouch U100,Pen/cartridge,2997.0,18326.0,5497800.0,111839.21664
2024-11-01,0601011A0BCABAB,Fiasp Penfill 100units/ml inj 3ml cartridges,Fiasp,Cartridge,Pen/cartridge,25872.0,172164.0,51649200.0,969770.69444
2024-11-01,0601011A0BCACAA,Fiasp 100units/ml solution for injection 10ml vials,Fiasp,Vial,Vial/pump,6022.0,23802.0,23802000.0,333389.15381
2024-11-01,0601011A0BDAAAB,Trurapi 100units/ml solution for injection 3ml cartridges,Trurapi,Cartridge,Pen/cartridge,1228.0,9033.0,2709900.0,35537.33002
2024-11-01,0601011A0BDABAC,Trurapi 100units/ml inj 3ml pre-filled Solostar pens,Trurapi,Pen U100,Pen/cartridge,13235.0,76898.0,23069400.0,327972.69641
2024-11-01,0601011A0BDACAA,Trurapi 100units/ml solution for injection 10ml vial,Trurapi,Vial,Vial/pump,422.0,1608.0,1608000.0,19150.21853
2024-11-01,0601011L0BBABAB,Humalog 100units/ml solution for injection 10ml vials,Humalog,Vial,Vial/pump,2634.0,10818.0,10818000.0,178582.87582000002
2024-11-01,0601011L0BBACAC,Humalog 100units/ml solution for injection 3ml cartridges,Humalog,Cartridge,Pen/cartridge,9133.0,79067.0,23720100.0,444944.58276
2024-11-01,0601011L0BBAGAF,Humalog KwikPen 100units/ml inj 3ml pre-filled pens,Humalog,KwikPen U100,Pen/cartridge,16171.0,111500.0,33450000.0,654448.28587
2024-11-01,0601011L0BBAHAG,Humalog KwikPen 200units/ml inj 3ml pre-filled pens,Humalog,KwikPen U200,Pen/cartridge,3019.0,25236.0,15141600.0,296181.99568
2024-11-01,0601011L0BBAIAF,Humalog Junior KwikPen 100units/ml inj 3ml pre-filled pens,Humalog,Junior KwikPen,Pen/cartridge,574.0,3164.0,949200.0,18564.17125
2024-11-01,0601011L0BBAJAF,Humalog Tempo Pen 100units/ml inj 3ml pre-filled pens,Humalog,Tempo Pen,Pen/cartridge,1.0,10.0,3000.0,58.9324
2024-11-01,0601011L0BDAAAG,Lyumjev KwikPen 200units/ml inj 3ml pre-filled pens,Lyumjev,KwikPen U200,Pen/cartridge,316.0,2379.0,1427400.0,27848.70679
2024-11-01,0601011L0BDABAB,Lyumjev 100units/ml solution for injection 10ml vials,Lyumjev,Vial,Vial/pump,1294.0,5003.0,5003000.0,82817.79865
2024-11-01,0601011L0BDACAC,Lyumjev 100units/ml solution for injection 3ml cartridges,Lyumjev,Cartridge,Pen/cartridge,959.0,7058.0,2117400.0,39728.40427
2024-11-01,0601011L0BDADAF,Lyumjev KwikPen 100units/ml inj 3ml pre-filled pens,Lyumjev,KwikPen U100,Pen/cartridge,5053.0,30969.0,9290700.0,181861.88434
2024-11-01,0601011L0BDAEAF,Lyumjev Junior KwikPen 100units/ml inj 3ml pre-filled pens,Lyumjev,Junior KwikPen,Pen/cartridge,506.0,2792.0,837600.0,16413.05343
2024-11-01,0601011P0BBAAAA,Apidra 100units/ml solution for injection 10ml vials,Apidra,Vial,Vial/pump,289.0,1110.0,1110000.0,17592.29742
2024-11-01,0601011P0BBABAB,Apidra 100units/ml solution for injection 3ml cartridges,Apidra,Cartridge,Pen/cartridge,545.0,4028.0,1208400.0,22648.510580000002
2024-11-01,0601011P0BBAEAC,Apidra 100units/ml inj 3ml pre-filled SoloStar pens,Apidra,Pen U100,Pen/cartridge,5991.0,40849.0,12254700.0,230339.89754
2024-12-01,0601011A0BBAAAA,NovoRapid 100units/ml solution for injection 10ml vials,NovoRapid,Vial,Vial/pump,30628.0,123325.0,123325000.0,1727268.02221
2024-12-01,0601011A0BBABAB,NovoRapid Penfill 100units/ml inj 3ml cartridges,NovoRapid,Cartridge,Pen/cartridge,48949.0,385895.0,115768500.0,2173812.50894
2024-12-01,0601011A0BBADAC,NovoRapid FlexPen 100units/ml inj 3ml pre-filled pens,NovoRapid,FlexPen U100,Pen/cartridge,87814.0,575648.0,172694400.0,3509377.44554
2024-12-01,0601011A0BBAEAC,NovoRapid FlexTouch 100units/ml inj 3ml pre-filled pens,NovoRapid,FlexTouch U100,Pen/cartridge,4778.0,32181.0,9654300.0,205591.11887
2024-12-01,0601011A0BBAFAD,NovoRapid PumpCart 100units/ml inj 1.6ml cartridges,NovoRapid,PumpCart,Vial/pump,3188.0,46923.0,7507680.0,140913.48809
2024-12-01,0601011A0BCAAAC,Fiasp FlexTouch 100units/ml inj 3ml pre-filled pens,Fiasp,FlexTouch U100,Pen/cartridge,2435.0,15012.0,4503600.0,91619.28491
2024-12-01,0601011A0BCABAB,Fiasp Penfill 100units/ml inj 3ml cartridges,Fiasp,Cartridge,Pen/cartridge,27685.0,185659.0,55697700.0,1045613.58627
2024-12-01,0601011A0BCACAA,Fiasp 100units/ml solution for injection 10ml vials,Fiasp,Vial,Vial/pump,6430.0,25361.0,25361000.0,355024.67135
2024-12-01,0601011A0BDAAAB,Trurapi 100units/ml solution for injection 3ml cartridges,Trurapi,Cartridge,Pen/cartridge,1326.0,9761.0,2928300.0,38384.7626
2024-12-01,0601011A0BDABAC,Trurapi 100units/ml inj 3ml pre-filled Solostar pens,Trurapi,Pen U100,Pen/cartridge,14485.0,83852.0,25155600.0,357585.82737
2024-12-01,0601011A0BDACAA,Trurapi 100units/ml solution for injection 10ml vial,Trurapi,Vial,Vial/pump,478.0,1877.0,1877000.0,22290.936859999998
2024-12-01,0601011L0BBABAB,Humalog 100units/ml solution for injection 10ml vials,Humalog,Vial,Vial/pump,2761.0,11447.0,11447000.0,189092.24185
2024-12-01,0601011L0BBACAC,Humalog 100units/ml solution for injection 3ml cartridges,Humalog,Cartridge,Pen/cartridge,9587.0,83148.0,24944400.0,467823.84069
2024-12-01,0601011L0BBAFAF,Humalog Pen 100units/ml inj 3ml pre-filled pens,Humalog,Pen U100,Pen/cartridge,1.0,5.0,1500.0,49.5224
2024-12-01,0601011L0BBAGAF,Humalog KwikPen 100units/ml inj 3ml pre-filled pens,Humalog,KwikPen U100,Pen/cartridge,16716.0,115348.0,34604400.0,676864.3956
2024-12-01,0601011L0BBAHAG,Humalog KwikPen 200units/ml inj 3ml pre-filled pens,Humalog,KwikPen U200,Pen/cartridge,3118.0,26263.0,15757800.0,308038.0948
2024-12-01,0601011L0BBAIAF,Humalog Junior KwikPen 100units/ml inj 3ml pre-filled pens,Humalog,Junior KwikPen,Pen/cartridge,616.0,3340.0,1002000.0,19631.8358
2024-12-01,0601011L0BDAAAG,Lyumjev KwikPen 200units/ml inj 3ml pre-filled pens,Lyumjev,KwikPen U200,Pen/cartridge,356.0,2680.0,1608000.0,31397.143
2024-12-01,0601011L0BDABAB,Lyumjev 100units/ml solution for injection 10ml vials,Lyumjev,Vial,Vial/pump,1368.0,5282.0,5282000.0,87353.21824
2024-12-01,0601011L0BDACAC,Lyumjev 100units/ml solution for injection 3ml cartridges,Lyumjev,Cartridge,Pen/cartridge,1064.0,7782.0,2334600.0,43802.11065
2024-12-01,0601011L0BDADAF,Lyumjev KwikPen 100units/ml inj 3ml pre-filled pens,Lyumjev,KwikPen U100,Pen/cartridge,5671.0,34935.0,10480500.0,205017.4094
2024-12-01,0601011L0BDAEAF,Lyumjev Junior KwikPen 100units/ml inj 3ml pre-filled pens,Lyumjev,Junior KwikPen,Pen/cartridge,559.0,3151.0,945300.0,18482.754
2024-12-01,0601011P0BBAAAA,Apidra 100units/ml solution for injection 10ml vials,Apidra,Vial,Vial/pump,333.0,1309.0,1309000.0,20727.06981
2024-12-01,0601011P0BBABAB,Apidra 100units/ml solution for injection 3ml cartridges,Apidra,Cartridge,Pen/cartridge,545.0,4011.0,1203300.0,22456.59429
2024-12-01,0601011P0BBAEAC,Apidra 100units/ml inj 3ml pre-filled SoloStar pens,Apidra,Pen U100,Pen/cartridge,6229.0,42766.0,12829800.0,241044.25217
2025-01-01,0601011A0BBAAAA,NovoRapid 100units/ml solution for injection 10ml vials,NovoRapid,Vial,Vial/pump,30242.0,121462.0,121462000.0,1701785.27264
2025-01-01,0601011A0BBABAB,NovoRapid Penfill 100units/ml inj 3ml cartridges,NovoRapid,Cartridge,Pen/cartridge,48303.0,377192.0,113157600.0,2124940.33183
2025-01-01,0601011A0BBADAC,NovoRapid FlexPen 100units/ml inj 3ml pre-filled pens,NovoRapid,FlexPen U100,Pen/cartridge,88290.0,575835.0,172750500.0,3511234.4867000002
2025-01-01,0601011A0BBAEAC,NovoRapid FlexTouch 100units/ml inj 3ml pre-filled pens,NovoRapid,FlexTouch U100,Pen/cartridge,3825.0,24773.0,7431900.0,158473.01668
2025-01-01,0601011A0BBAFAD,NovoRapid PumpCart 100units/ml inj 1.6ml cartridges,NovoRapid,PumpCart,Vial/pump,3621.0,54047.0,8647520.0,162319.77997
2025-01-01,0601011A0BCAAAC,Fiasp FlexTouch 100units/ml inj 3ml pre-filled pens,Fiasp,FlexTouch U100,Pen/cartridge,2435.0,14880.0,4464000.0,90841.653
2025-01-01,0601011A0BCABAB,Fiasp Penfill 100units/ml inj 3ml cartridges,Fiasp,Cartridge,Pen/cartridge,28000.0,185857.0,55757100.0,1046845.50988
2025-01-01,0601011A0BCACAA,Fiasp 100units/ml solution for injection 10ml vials,Fiasp,Vial,Vial/pump,6440.0,25428.0,25428000.0,356114.61767
2025-01-01,0601011A0BDAAAB,Trurapi 100units/ml solution for injection 3ml cartridges,Trurapi,Cartridge,Pen/cartridge,1382.0,9981.0,2994300.0,39252.53486
2025-01-01,0601011A0BDABAC,Trurapi 100units/ml inj 3ml pre-filled Solostar pens,Trurapi,Pen U100,Pen/cartridge,15422.0,88984.0,26695200.0,379584.07445
2025-01-01,0601011A0BDACAA,Trurapi 100units/ml solution for injection 10ml vial,Trurapi,Vial,Vial/pump,513.0,1968.0,1968000.0,23473.30868
2025-01-01,0601011L0BBABAB,Humalog 100units/ml solution for injection 10ml vials,Humalog,Vial,Vial/pump,2757.0,11543.0,11543000.0,190714.57183
2025-01-01,0601011L0BBACAC,Humalog 100units/ml solution for injection 3ml cartridges,Humalog,Cartridge,Pen/cartridge,9232.0,78771.0,23631300.0,443232.65443
2025-01-01,0601011L0BBAFAF,Humalog Pen 100units/ml inj 3ml pre-filled pens,Humalog,Pen U100,Pen/cartridge,1.0,5.0,1500.0,29.4724
2025-01-01,0601011L0BBAGAF,Humalog KwikPen 100units/ml inj 3ml pre-filled pens,Humalog,KwikPen U100,Pen/cartridge,16765.0,114643.0,34392900.0,673123.24548
2025-01-01,0601011L0BBAHAG,Humalog KwikPen 200units/ml inj 3ml pre-filled pens,Humalog,KwikPen U200,Pen/cartridge,3191.0,27143.0,16285800.0,318434.93366
2025-01-01,0601011L0BBAIAF,Humalog Junior KwikPen 100units/ml inj 3ml pre-filled pens,Humalog,Junior KwikPen,Pen/cartridge,608.0,3368.0,1010400.0,19766.64066
2025-01-01,0601011L0BDAAAG,Lyumjev KwikPen 200units/ml inj 3ml pre-filled pens,Lyumjev,KwikPen U200,Pen/cartridge,377.0,2770.0,1662000.0,32458.07918
2025-01-01,0601011L0BDABAB,Lyumjev 100units/ml solution for injection 10ml vials,Lyumjev,Vial,Vial/pump,1450.0,5557.0,5557000.0,91831.54035
2025-01-01,0601011L0BDACAC,Lyumjev 100units/ml solution for injection 3ml cartridges,Lyumjev,Cartridge,Pen/cartridge,1007.0,7408.0,2222400.0,41728.7318
2025-01-01,0601011L0BDADAF,Lyumjev KwikPen 100units/ml inj 3ml pre-filled pens,Lyumjev,KwikPen U100,Pen/cartridge,5624.0,34179.0,10253700.0,200588.40255
2025-01-01,0601011L0BDAEAF,Lyumjev Junior KwikPen 100units/ml inj 3ml pre-filled pens,Lyumjev,Junior KwikPen,Pen/cartridge,534.0,2936.0,880800.0,17226.0435
2025-01-01,0601011P0BBAAAA,Apidra 100units/ml solution for injection 10ml vials,Apidra,Vial,Vial/pump,305.0,1183.0,1183000.0,18746.44497
2025-01-01,0601011P0BBABAB,Apidra 100units/ml solution for injection 3ml cartridges,Apidra,Cartridge,Pen/cartridge,527.0,3975.0,1192500.0,22299.7074
2025-01-01,0601011P0BBAEAC,Apidra 100units/ml inj 3ml pre-filled SoloStar pens,Apidra,Pen U100,Pen/cartridge,6209.0,42529.0,12758700.0,239829.1847
2025-02-01,0601011A0BBAAAA,NovoRapid 100units/ml solution for injection 10ml vials,NovoRapid,Vial,Vial/pump,27687.0,111428.0,111428000.0,1561276.37081
2025-02-01,0601011A0BBABAB,NovoRapid Penfill 100units/ml inj 3ml cartridges,NovoRapid,Cartridge,Pen/cartridge,43090.0,336059.0,100817700.0,1893084.93144
2025-02-01,0601011A0BBADAC,NovoRapid FlexPen 100units/ml inj 3ml pre-filled pens,NovoRapid,FlexPen U100,Pen/cartridge,78945.0,513946.0,154183800.0,3133786.20145
2025-02-01,0601011A0BBAEAC,NovoRapid FlexTouch 100units/ml inj 3ml pre-filled pens,NovoRapid,FlexTouch U100,Pen/cartridge,2340.0,14475.0,4342500.0,92790.56375
2025-02-01,0601011A0BBAFAD,NovoRapid PumpCart 100units/ml inj 1.6ml cartridges,NovoRapid,PumpCart,Vial/pump,3197.0,46662.0,7465920.0,140161.87311
2025-02-01,0601011A0BCAAAC,Fiasp FlexTouch 100units/ml inj 3ml pre-filled pens,Fiasp,FlexTouch U100,Pen/cartridge,1797.0,10859.0,3257700.0,66337.27984
2025-02-01,0601011A0BCABAB,Fiasp Penfill 100units/ml inj 3ml cartridges,Fiasp,Cartridge,Pen/cartridge,25072.0,167579.0,50273700.0,943959.51105
2025-02-01,0601011A0BCACAA,Fiasp 100units/ml solution for injection 10ml vials,Fiasp,Vial,Vial/pump,6019.0,23722.0,23722000.0,332371.3736
2025-02-01,0601011A0BDAAAB,Trurapi 100units/ml solution for injection 3ml cartridges,Trurapi,Cartridge,Pen/cartridge,1213.0,8803.0,2640900.0,34612.17995
2025-02-01,0601011A0BDABAC,Trurapi 100units/ml inj 3ml pre-filled Solostar pens,Trurapi,Pen U100,Pen/cartridge,14887.0,86070.0,25821000.0,367224.67021999997
2025-02-01,0601011A0BDACAA,Trurapi 100units/ml solution for injection 10ml vial,Trurapi,Vial,Vial/pump,427.0,1574.0,1574000.0,18713.02293
2025-02-01,0601011L0BBABAB,Humalog 100units/ml solution for injection 10ml vials,Humalog,Vial,Vial/pump,2511.0,10307.0,10307000.0,170307.39112
2025-02-01,0601011L0BBACAC,Humalog 100units/ml solution for injection 3ml cartridges,Humalog,Cartridge,Pen/cartridge,8261.0,70510.0,21153000.0,396809.51542
2025-02-01,0601011L0BBAFAF,Humalog Pen 100units/ml inj 3ml pre-filled pens,Humalog,Pen U100,Pen/cartridge,1.0,5.0,1500.0,29.5024
2025-02-01,0601011L0BBAGAF,Humalog KwikPen 100units/ml inj 3ml pre-filled pens,Humalog,KwikPen U100,Pen/cartridge,14873.0,102585.0,30775500.0,602177.71747
2025-02-01,0601011L0BBAHAG,Humalog KwikPen 200units/ml inj 3ml pre-filled pens,Humalog,KwikPen U200,Pen/cartridge,2696.0,22687.0,13612200.0,266285.83161
2025-02-01,0601011L0BBAIAF,Humalog Junior KwikPen 100units/ml inj 3ml pre-filled pens,Humalog,Junior KwikPen,Pen/cartridge,570.0,3086.0,925800.0,18135.62058
2025-02-01,0601011L0BDAAAG,Lyumjev KwikPen 200units/ml inj 3ml pre-filled pens,Lyumjev,KwikPen U200,Pen/cartridge,316.0,2397.0,1438200.0,28179.15802
2025-02-01,0601011L0BDABAB,Lyumjev 100units/ml solution for injection 10ml vials,Lyumjev,Vial,Vial/pump,1295.0,4931.0,4931000.0,81532.37444
2025-02-01,0601011L0BDACAC,Lyumjev 100units/ml solution for injection 3ml cartridges,Lyumjev,Cartridge,Pen/cartridge,932.0,6854.0,2056200.0,38610.45743
2025-02-01,0601011L0BDADAF,Lyumjev KwikPen 100units/ml inj 3ml pre-filled pens,Lyumjev,KwikPen U100,Pen/cartridge,5264.0,32254.0,9676200.0,189318.76455
2025-02-01,0601011L0BDAEAF,Lyumjev Junior KwikPen 100units/ml inj 3ml pre-filled pens,Lyumjev,Junior KwikPen,Pen/cartridge,484.0,2670.0,801000.0,15694.21174
2025-02-01,0601011P0BBAAAA,Apidra 100units/ml solution for injection 10ml vials,Apidra,Vial,Vial/pump,294.0,1168.0,1168000.0,18499.56076
2025-02-01,0601011P0BBABAB,Apidra 100units/ml solution for injection 3ml cartridges,Apidra,Cartridge,Pen/cartridge,471.0,3629.0,1088700.0,20409.26993
2025-02-01,0601011P0BBAEAC,Apidra 100units/ml inj 3ml pre-filled SoloStar pens,Apidra,Pen U100,Pen/cartridge,5441.0,37102.0,11130600.0,209185.73614
2025-03-01,0601011A0BBAAAA,NovoRapid 100units/ml solution for injection 10ml vials,NovoRapid,Vial,Vial/pump,30175.0,121143.0,121143000.0,1697138.37246
2025-03-01,0601011A0BBABAB,NovoRapid Penfill 100units/ml inj 3ml cartridges,NovoRapid,Cartridge,Pen/cartridge,45972.0,359224.0,107767200.0,2023651.5744699996
2025-03-01,0601011A0BBADAC,NovoRapid FlexPen 100units/ml inj 3ml pre-filled pens,NovoRapid,FlexPen U100,Pen/cartridge,83393.0,543221.0,162966300.0,3311967.5900200005
2025-03-01,0601011A0BBAEAC,NovoRapid FlexTouch 100units/ml inj 3ml pre-filled pens,NovoRapid,FlexTouch U100,Pen/cartridge,3075.0,20601.0,6180300.0,131947.5839
2025-03-01,0601011A0BBAFAD,NovoRapid PumpCart 100units/ml inj 1.6ml cartridges,NovoRapid,PumpCart,Vial/pump,3794.0,56305.0,9008800.0,169186.22640999997
2025-03-01,0601011A0BCAAAC,Fiasp FlexTouch 100units/ml inj 3ml pre-filled pens,Fiasp,FlexTouch U100,Pen/cartridge,1704.0,10334.0,3100200.0,63135.19795999999
2025-03-01,0601011A0BCABAB,Fiasp Penfill 100units/ml inj 3ml cartridges,Fiasp,Cartridge,Pen/cartridge,26955.0,179407.0,53822100.0,1010656.2687199998
2025-03-01,0601011A0BCACAA,Fiasp 100units/ml solution for injection 10ml vials,Fiasp,Vial,Vial/pump,6048.0,23553.0,23553000.0,329734.51193
2025-03-01,0601011A0BDAAAB,Trurapi 100units/ml solution for injection 3ml cartridges,Trurapi,Cartridge,Pen/cartridge,1332.0,9671.0,2901300.0,38030.54320999999
2025-03-01,0601011A0BDABAC,Trurapi 100units/ml inj 3ml pre-filled Solostar pens,Trurapi,Pen U100,Pen/cartridge,16604.0,96148.0,28844400.0,410143.9219
2025-03-01,0601011A0BDACAA,Trurapi 100units/ml solution for injection 10ml vial,Trurapi,Vial,Vial/pump,529.0,1999.0,1999000.0,23864.624229999998
2025-03-01,0601011L0BBABAB,Humalog 100units/ml solution for injection 10ml vials,Humalog,Vial,Vial/pump,2737.0,11246.0,11246000.0,185863.25551
2025-03-01,0601011L0BBACAC,Humalog 100units/ml solution for injection 3ml cartridges,Humalog,Cartridge,Pen/cartridge,8668.0,74785.0,22435500.0,420736.28483
2025-03-01,0601011L0BBAGAF,Humalog KwikPen 100units/ml inj 3ml pre-filled pens,Humalog,KwikPen U100,Pen/cartridge,15859.0,108882.0,32664600.0,639202.76367
2025-03-01,0601011L0BBAHAG,Humalog KwikPen 200units/ml inj 3ml pre-filled pens,Humalog,KwikPen U200,Pen/cartridge,3037.0,25916.0,15549600.0,304146.06388
2025-03-01,0601011L0BBAIAF,Humalog Junior KwikPen 100units/ml inj 3ml pre-filled pens,Humalog,Junior KwikPen,Pen/cartridge,590.0,3337.0,1001100.0,19599.23107
2025-03-01,0601011L0BDAAAG,Lyumjev KwikPen 200units/ml inj 3ml pre-filled pens,Lyumjev,KwikPen U200,Pen/cartridge,341.0,2519.0,1511400.0,29512.81592
2025-03-01,0601011L0BDABAB,Lyumjev 100units/ml solution for injection 10ml vials,Lyumjev,Vial,Vial/pump,1386.0,5190.0,5190000.0,85836.79772999999
2025-03-01,0601011L0BDACAC,Lyumjev 100units/ml solution for injection 3ml cartridges,Lyumjev,Cartridge,Pen/cartridge,1014.0,7561.0,2268300.0,42594.85664
2025-03-01,0601011L0BDADAF,Lyumjev KwikPen 100units/ml inj 3ml pre-filled pens,Lyumjev,KwikPen U100,Pen/cartridge,5546.0,33719.0,10115700.0,197908.76497
2025-03-01,0601011L0BDAEAF,Lyumjev Junior KwikPen 100units/ml inj 3ml pre-filled pens,Lyumjev,Junior KwikPen,Pen/cartridge,536.0,2987.0,896100.0,17552.11318
2025-03-01,0601011P0BBAAAA,Apidra 100units/ml solution for injection 10ml vials,Apidra,Vial,Vial/pump,274.0,1128.0,1128000.0,17828.81629
2025-03-01,0601011P0BBABAB,Apidra 100units/ml solution for injection 3ml cartridges,Apidra,Cartridge,Pen/cartridge,496.0,3689.0,1106700.0,20708.043890000004
2025-03-01,0601011P0BBAEAC,Apidra 100units/ml inj 3ml pre-filled SoloStar pens,Apidra,Pen U100,Pen/cartridge,5833.0,40053.0,12015900.0,225758.8191
2025-04-01,0601011A0BBAAAA,NovoRapid 100units/ml solution for injection 10ml vials,NovoRapid,Vial,Vial/pump,29890.0,119744.0,119744000.0,1678205.22234
2025-04-01,0601011A0BBABAB,NovoRapid Penfill 100units/ml inj 3ml cartridges,NovoRapid,Cartridge,Pen/cartridge,45360.0,352274.0,105682200.0,1984779.55095
2025-04-01,0601011A0BBADAC,NovoRapid FlexPen 100units/ml inj 3ml pre-filled pens,NovoRapid,FlexPen U100,Pen/cartridge,82804.0,537180.0,161154000.0,3275635.6197
2025-04-01,0601011A0BBAEAC,NovoRapid FlexTouch 100units/ml inj 3ml pre-filled pens,NovoRapid,FlexTouch U100,Pen/cartridge,2632.0,16938.0,5081400.0,108439.59902
2025-04-01,0601011A0BBAFAD,NovoRapid PumpCart 100units/ml inj 1.6ml cartridges,NovoRapid,PumpCart,Vial/pump,3886.0,57771.0,9243360.0,173633.97663
2025-04-01,0601011A0BCAAAC,Fiasp FlexTouch 100units/ml inj 3ml pre-filled pens,Fiasp,FlexTouch U100,Pen/cartridge,2038.0,12325.0,3697500.0,75163.25795
2025-04-01,0601011A0BCABAB,Fiasp Penfill 100units/ml inj 3ml cartridges,Fiasp,Cartridge,Pen/cartridge,26948.0,179949.0,53984700.0,1013754.00918
2025-04-01,0601011A0BCACAA,Fiasp 100units/ml solution for injection 10ml vials,Fiasp,Vial,Vial/pump,6708.0,26245.0,26245000.0,367793.55525
2025-04-01,0601011A0BDAAAB,Trurapi 100units/ml solution for injection 3ml cartridges,Trurapi,Cartridge,Pen/cartridge,1352.0,9747.0,2924100.0,38338.77549
2025-04-01,0601011A0BDABAC,Trurapi 100units/ml inj 3ml pre-filled Solostar pens,Trurapi,Pen U100,Pen/cartridge,17654.0,101835.0,30550500.0,434542.25642
2025-04-01,0601011A0BDACAA,Trurapi 100units/ml solution for injection 10ml vial,Trurapi,Vial,Vial/pump,537.0,2101.0,2101000.0,25029.07191
2025-04-01,0601011L0BBABAB,Humalog 100units/ml solution for injection 10ml vials,Humalog,Vial,Vial/pump,2704.0,10918.0,10918000.0,180477.63354
2025-04-01,0601011L0BBACAC,Humalog 100units/ml solution for injection 3ml cartridges,Humalog,Cartridge,Pen/cartridge,8703.0,74915.0,22474500.0,421639.4565
2025-04-01,0601011L0BBAGAF,Humalog KwikPen 100units/ml inj 3ml pre-filled pens,Humalog,KwikPen U100,Pen/cartridge,15858.0,108838.0,32651400.0,638991.84818
2025-04-01,0601011L0BBAHAG,Humalog KwikPen 200units/ml inj 3ml pre-filled pens,Humalog,KwikPen U200,Pen/cartridge,2870.0,24165.0,14499000.0,283437.62265
2025-04-01,0601011L0BBAIAF,Humalog Junior KwikPen 100units/ml inj 3ml pre-filled pens,Humalog,Junior KwikPen,Pen/cartridge,605.0,3336.0,1000800.0,19596.56345
2025-04-01,0601011L0BDAAAG,Lyumjev KwikPen 200units/ml inj 3ml pre-filled pens,Lyumjev,KwikPen U200,Pen/cartridge,365.0,2721.0,1632600.0,31919.09431
2025-04-01,0601011L0BDABAB,Lyumjev 100units/ml solution for injection 10ml vials,Lyumjev,Vial,Vial/pump,1453.0,5558.0,5558000.0,91952.01558
2025-04-01,0601011L0BDACAC,Lyumjev 100units/ml solution for injection 3ml cartridges,Lyumjev,Cartridge,Pen/cartridge,1017.0,7649.0,2294700.0,43084.86205
2025-04-01,0601011L0BDADAF,Lyumjev KwikPen 100units/ml inj 3ml pre-filled pens,Lyumjev,KwikPen U100,Pen/cartridge,5739.0,35304.0,10591200.0,207193.17877
2025-04-01,0601011L0BDAEAF,Lyumjev Junior KwikPen 100units/ml inj 3ml pre-filled pens,Lyumjev,Junior KwikPen,Pen/cartridge,520.0,2877.0,863100.0,16913.17976
2025-04-01,0601011P0BBAAAA,Apidra 100units/ml solution for injection 10ml vials,Apidra,Vial,Vial/pump,321.0,1304.0,1304000.0,20688.13934
2025-04-01,0601011P0BBABAB,Apidra 100units/ml solution for injection 3ml cartridges,Apidra,Cartridge,Pen/cartridge,520.0,3882.0,1164600.0,21769.77804
2025-04-01,0601011P0BBAEAC,Apidra 100units/ml inj 3ml pre-filled SoloStar pens,Apidra,Pen U100,Pen/cartridge,5869.0,40177.0,12053100.0,226527.16519
2025-05-01,0601011A0BBAAAA,NovoRapid 100units/ml solution for injection 10ml vials,NovoRapid,Vial,Vial/pump,32271.0,130003.0,130003000.0,1821753.71726
2025-05-01,0601011A0BBABAB,NovoRapid Penfill 100units/ml inj 3ml cartridges,NovoRapid,Cartridge,Pen/cartridge,47455.0,369911.0,110973300.0,2083997.77859
2025-05-01,0601011A0BBADAC,NovoRapid FlexPen 100units/ml inj 3ml pre-filled pens,NovoRapid,FlexPen U100,Pen/cartridge,86183.0,560985.0,168295500.0,3420484.0155
2025-05-01,0601011A0BBAEAC,NovoRapid FlexTouch 100units/ml inj 3ml pre-filled pens,NovoRapid,FlexTouch U100,Pen/cartridge,2469.0,16024.0,4807200.0,102558.67309
2025-05-01,0601011A0BBAFAD,NovoRapid PumpCart 100units/ml inj 1.6ml cartridges,NovoRapid,PumpCart,Vial/pump,4300.0,63816.0,10210560.0,191698.93313
2025-05-01,0601011A0BCAAAC,Fiasp FlexTouch 100units/ml inj 3ml pre-filled pens,Fiasp,FlexTouch U100,Pen/cartridge,2185.0,13283.0,3984900.0,80980.82289
2025-05-01,0601011A0BCABAB,Fiasp Penfill 100units/ml inj 3ml cartridges,Fiasp,Cartridge,Pen/cartridge,28355.0,190271.0,57081300.0,1071928.32327
2025-05-01,0601011A0BCACAA,Fiasp 100units/ml solution for injection 10ml vials,Fiasp,Vial,Vial/pump,7109.0,27891.0,27891000.0,390757.03197999997
2025-05-01,0601011A0BDAAAB,Trurapi 100units/ml solution for injection 3ml cartridges,Trurapi,Cartridge,Pen/cartridge,1485.0,10864.0,3259200.0,42736.44281
2025-05-01,0601011A0BDABAC,Trurapi 100units/ml inj 3ml pre-filled Solostar pens,Trurapi,Pen U100,Pen/cartridge,19078.0,110544.0,33163200.0,471672.67122
2025-05-01,0601011A0BDACAA,Trurapi 100units/ml solution for injection 10ml vial,Trurapi,Vial,Vial/pump,576.0,2184.0,2184000.0,26037.68409
2025-05-01,0601011L0BBABAB,Humalog 100units/ml solution for injection 10ml vials,Humalog,Vial,Vial/pump,2952.0,12221.0,12221000.0,201749.73771000002
2025-05-01,0601011L0BBACAC,Humalog 100units/ml solution for injection 3ml cartridges,Humalog,Cartridge,Pen/cartridge,9070.0,77906.0,23371800.0,438489.68472
2025-05-01,0601011L0BBAFAF,Humalog Pen 100units/ml inj 3ml pre-filled pens,Humalog,Pen U100,Pen/cartridge,1.0,5.0,1500.0,49.5224
2025-05-01,0601011L0BBAGAF,Humalog KwikPen 100units/ml inj 3ml pre-filled pens,Humalog,KwikPen U100,Pen/cartridge,16454.0,113205.0,33961500.0,664520.19518
2025-05-01,0601011L0BBAHAG,Humalog KwikPen 200units/ml inj 3ml pre-filled pens,Humalog,KwikPen U200,Pen/cartridge,3108.0,26041.0,15624600.0,305554.59631
2025-05-01,0601011L0BBAIAF,Humalog Junior KwikPen 100units/ml inj 3ml pre-filled pens,Humalog,Junior KwikPen,Pen/cartridge,632.0,3367.0,1010100.0,19761.59891
2025-05-01,0601011L0BDAAAG,Lyumjev KwikPen 200units/ml inj 3ml pre-filled pens,Lyumjev,KwikPen U200,Pen/cartridge,355.0,2660.0,1596000.0,31217.81301
2025-05-01,0601011L0BDABAB,Lyumjev 100units/ml solution for injection 10ml vials,Lyumjev,Vial,Vial/pump,1593.0,6157.0,6157000.0,101769.94241
2025-05-01,0601011L0BDACAC,Lyumjev 100units/ml solution for injection 3ml cartridges,Lyumjev,Cartridge,Pen/cartridge,1015.0,7592.0,2277600.0,42749.45765
2025-05-01,0601011L0BDADAF,Lyumjev KwikPen 100units/ml inj 3ml pre-filled pens,Lyumjev,KwikPen U100,Pen/cartridge,6125.0,37508.0,11252400.0,220188.72383
2025-05-01,0601011L0BDAEAF,Lyumjev Junior KwikPen 100units/ml inj 3ml pre-filled pens,Lyumjev,Junior KwikPen,Pen/cartridge,541.0,3082.0,924600.0,18115.50668
2025-05-01,0601011P0BBAAAA,Apidra 100units/ml solution for injection 10ml vials,Apidra,Vial,Vial/pump,295.0,1120.0,1120000.0,17733.04365
2025-05-01,0601011P0BBABAB,Apidra 100units/ml solution for injection 3ml cartridges,Apidra,Cartridge,Pen/cartridge,533.0,4111.0,1233300.0,23140.182240000002
2025-05-01,0601011P0BBAEAC,Apidra 100units/ml inj 3ml pre-filled SoloStar pens,Apidra,Pen U100,Pen/cartridge,5980.0,40598.0,12179400.0,228829.51816
2025-06-01,0601011A0BBAAAA,NovoRapid 100units/ml solution for injection 10ml vials,NovoRapid,Vial,Vial/pump,32660.0,131912.0,131912000.0,1848570.14997
2025-06-01,0601011A0BBABAB,NovoRapid Penfill 100units/ml inj 3ml cartridges,NovoRapid,Cartridge,Pen/cartridge,46469.0,361007.0,108302100.0,2033769.54458
2025-06-01,0601011A0BBADAC,NovoRapid FlexPen 100units/ml inj 3ml pre-filled pens,NovoRapid,FlexPen U100,Pen/cartridge,82179.0,533196.0,159958800.0,3251006.4533
2025-06-01,0601011A0BBAEAC,NovoRapid FlexTouch 100units/ml inj 3ml pre-filled pens,NovoRapid,FlexTouch U100,Pen/cartridge,2239.0,14026.0,4207800.0,89748.4016
2025-06-01,0601011A0BBAFAD,NovoRapid PumpCart 100units/ml inj 1.6ml cartridges,NovoRapid,PumpCart,Vial/pump,3646.0,55012.0,8801920.0,165495.98053
2025-06-01,0601011A0BCAAAC,Fiasp FlexTouch 100units/ml inj 3ml pre-filled pens,Fiasp,FlexTouch U100,Pen/cartridge,2302.0,13821.0,4146300.0,84217.28214
2025-06-01,0601011A0BCABAB,Fiasp Penfill 100units/ml inj 3ml cartridges,Fiasp,Cartridge,Pen/cartridge,27698.0,186287.0,55886100.0,1049688.88452
2025-06-01,0601011A0BCACAA,Fiasp 100units/ml solution for injection 10ml vials,Fiasp,Vial,Vial/pump,7084.0,28112.0,28112000.0,393927.15439
2025-06-01,0601011A0BDAAAB,Trurapi 100units/ml solution for injection 3ml cartridges,Trurapi,Cartridge,Pen/cartridge,1442.0,10355.0,3106500.0,40694.12839
2025-06-01,0601011A0BDABAC,Trurapi 100units/ml inj 3ml pre-filled Solostar pens,Trurapi,Pen U100,Pen/cartridge,18899.0,109738.0,32921400.0,468228.26245
2025-06-01,0601011A0BDACAA,Trurapi 100units/ml solution for injection 10ml vial,Trurapi,Vial,Vial/pump,605.0,2267.0,2267000.0,26998.1617
2025-06-01,0601011L0BBABAB,Humalog 100units/ml solution for injection 10ml vials,Humalog,Vial,Vial/pump,2898.0,11987.0,11987000.0,198035.7213
2025-06-01,0601011L0BBACAC,Humalog 100units/ml solution for injection 3ml cartridges,Humalog,Cartridge,Pen/cartridge,8501.0,73308.0,21992400.0,412472.4218
2025-06-01,0601011L0BBAGAF,Humalog KwikPen 100units/ml inj 3ml pre-filled pens,Humalog,KwikPen U100,Pen/cartridge,15926.0,108759.0,32627700.0,638566.27774
2025-06-01,0601011L0BBAHAG,Humalog KwikPen 200units/ml inj 3ml pre-filled pens,Humalog,KwikPen U200,Pen/cartridge,2929.0,24456.0,14673600.0,287027.3411
2025-06-01,0601011L0BBAIAF,Humalog Junior KwikPen 100units/ml inj 3ml pre-filled pens,Humalog,Junior KwikPen,Pen/cartridge,616.0,3350.0,1005000.0,19666.58783
2025-06-01,0601011L0BDAAAG,Lyumjev KwikPen 200units/ml inj 3ml pre-filled pens,Lyumjev,KwikPen U200,Pen/cartridge,381.0,2839.0,1703400.0,33232.13804
2025-06-01,0601011L0BDABAB,Lyumjev 100units/ml solution for injection 10ml vials,Lyumjev,Vial,Vial/pump,1540.0,5781.0,5781000.0,95558.86703
2025-06-01,0601011L0BDACAC,Lyumjev 100units/ml solution for injection 3ml cartridges,Lyumjev,Cartridge,Pen/cartridge,1063.0,7737.0,2321100.0,43572.69339
2025-06-01,0601011L0BDADAF,Lyumjev KwikPen 100units/ml inj 3ml pre-filled pens,Lyumjev,KwikPen U100,Pen/cartridge,6088.0,37497.0,11249100.0,220018.58671
2025-06-01,0601011L0BDAEAF,Lyumjev Junior KwikPen 100units/ml inj 3ml pre-filled pens,Lyumjev,Junior KwikPen,Pen/cartridge,547.0,3060.0,918000.0,17954.18983
2025-06-01,0601011P0BBAAAA,Apidra 100units/ml solution for injection 10ml vials,Apidra,Vial,Vial/pump,315.0,1246.0,1246000.0,19735.03374
2025-06-01,0601011P0BBABAB,Apidra 100units/ml solution for injection 3ml cartridges,Apidra,Cartridge,Pen/cartridge,442.0,3371.0,1011300.0,18909.01097
2025-06-01,0601011P0BBAEAC,Apidra 100units/ml inj 3ml pre-filled SoloStar pens,Apidra,Pen U100,Pen/cartridge,5693.0,38875.0,11662500.0,219069.63358
2025-07-01,0601011A0BBAAAA,NovoRapid 100units/ml solution for injection 10ml vials,NovoRapid,Vial,Vial/pump,36516.0,147339.0,147339000.0,2065266.80535
2025-07-01,0601011A0BBABAB,NovoRapid Penfill 100units/ml inj 3ml cartridges,NovoRapid,Cartridge,Pen/cartridge,48781.0,376786.0,113035800.0,2122863.80681
2025-07-01,0601011A0BBADAC,NovoRapid FlexPen 100units/ml inj 3ml pre-filled pens,NovoRapid,FlexPen U100,Pen/cartridge,86294.0,558818.0,167645400.0,3407556.83065
2025-07-01,0601011A0BBAEAC,NovoRapid FlexTouch 100units/ml inj 3ml pre-filled pens,NovoRapid,FlexTouch U100,Pen/cartridge,2349.0,15114.0,4534200.0,96679.03909
2025-07-01,0601011A0BBAFAD,NovoRapid PumpCart 100units/ml inj 1.6ml cartridges,NovoRapid,PumpCart,Vial/pump,4306.0,66544.0,10647040.0,200020.32321
2025-07-01,0601011A0BCAAAC,Fiasp FlexTouch 100units/ml inj 3ml pre-filled pens,Fiasp,FlexTouch U100,Pen/cartridge,2434.0,14421.0,4326300.0,87791.16596
2025-07-01,0601011A0BCABAB,Fiasp Penfill 100units/ml inj 3ml cartridges,Fiasp,Cartridge,Pen/cartridge,29167.0,196594.0,58978200.0,1107727.91183
2025-07-01,0601011A0BCACAA,Fiasp 100units/ml solution for injection 10ml vials,Fiasp,Vial,Vial/pump,7677.0,30293.0,30293000.0,424413.74038
2025-07-01,0601011A0BDAAAB,Trurapi 100units/ml solution for injection 3ml cartridges,Trurapi,Cartridge,Pen/cartridge,1529.0,11137.0,3341100.0,43842.87754
2025-07-01,0601011A0BDABAC,Trurapi 100units/ml inj 3ml pre-filled Solostar pens,Trurapi,Pen U100,Pen/cartridge,20271.0,116617.0,34985100.0,497641.45941
2025-07-01,0601011A0BDACAA,Trurapi 100units/ml solution for injection 10ml vial,Trurapi,Vial,Vial/pump,694.0,2654.0,2654000.0,31598.26663
2025-07-01,0601011L0BBABAB,Humalog 100units/ml solution for injection 10ml vials,Humalog,Vial,Vial/pump,3098.0,12902.0,12902000.0,212995.63928
2025-07-01,0601011L0BBACAC,Humalog 100units/ml solution for injection 3ml cartridges,Humalog,Cartridge,Pen/cartridge,8714.0,74926.0,22477800.0,421739.53002
2025-07-01,0601011L0BBAGAF,Humalog KwikPen 100units/ml inj 3ml pre-filled pens,Humalog,KwikPen U100,Pen/cartridge,16506.0,113724.0,34117200.0,667681.49925
2025-07-01,0601011L0BBAHAG,Humalog KwikPen 200units/ml inj 3ml pre-filled pens,Humalog,KwikPen U200,Pen/cartridge,3009.0,25539.0,15323400.0,299718.5686
2025-07-01,0601011L0BBAIAF,Humalog Junior KwikPen 100units/ml inj 3ml pre-filled pens,Humalog,Junior KwikPen,Pen/cartridge,659.0,3558.0,1067400.0,20898.11166
2025-07-01,0601011L0BDAAAG,Lyumjev KwikPen 200units/ml inj 3ml pre-filled pens,Lyumjev,KwikPen U200,Pen/cartridge,403.0,2976.0,1785600.0,34912.00497
2025-07-01,0601011L0BDABAB,Lyumjev 100units/ml solution for injection 10ml vials,Lyumjev,Vial,Vial/pump,1779.0,6836.0,6836000.0,112900.31024
2025-07-01,0601011L0BDACAC,Lyumjev 100units/ml solution for injection 3ml cartridges,Lyumjev,Cartridge,Pen/cartridge,1123.0,8339.0,2501700.0,47020.18402
2025-07-01,0601011L0BDADAF,Lyumjev KwikPen 100units/ml inj 3ml pre-filled pens,Lyumjev,KwikPen U100,Pen/cartridge,6374.0,39075.0,11722500.0,229324.09223
2025-07-01,0601011L0BDAEAF,Lyumjev Junior KwikPen 100units/ml inj 3ml pre-filled pens,Lyumjev,Junior KwikPen,Pen/cartridge,602.0,3306.0,991800.0,19425.47981
2025-07-01,0601011P0BBAAAA,Apidra 100units/ml solution for injection 10ml vials,Apidra,Vial,Vial/pump,312.0,1251.0,1251000.0,19814.91221
2025-07-01,0601011P0BBABAB,Apidra 100units/ml solution for injection 3ml cartridges,Apidra,Cartridge,Pen/cartridge,456.0,3360.0,1008000.0,18872.91097
2025-07-01,0601011P0BBAEAC,Apidra 100units/ml inj 3ml pre-filled SoloStar pens,Apidra,Pen U100,Pen/cartridge,5995.0,40750.0,12225000.0,229777.57782
2025-08-01,0601011A0BBAAAA,NovoRapid 100units/ml solution for injection 10ml vials,NovoRapid,Vial,Vial/pump,32566.0,130978.0,130978000.0,1835564.9654299999
2025-08-01,0601011A0BBABAB,NovoRapid Penfill 100units/ml inj 3ml cartridges,NovoRapid,Cartridge,Pen/cartridge,43410.0,337909.0,101372700.0,1903862.2905599999
2025-08-01,0601011A0BBADAC,NovoRapid FlexPen 100units/ml inj 3ml pre-filled pens,NovoRapid,FlexPen U100,Pen/cartridge,78181.0,506567.0,151970100.0,3089050.59743
2025-08-01,0601011A0BBAEAC,NovoRapid FlexTouch 100units/ml inj 3ml pre-filled pens,NovoRapid,FlexTouch U100,Pen/cartridge,2051.0,13283.0,3984900.0,84994.13105
2025-08-01,0601011A0BBAFAD,NovoRapid PumpCart 100units/ml inj 1.6ml cartridges,NovoRapid,PumpCart,Vial/pump,1611.0,24226.0,3876160.0,72849.35335
2025-08-01,0601011A0BCAAAC,Fiasp FlexTouch 100units/ml inj 3ml pre-filled pens,Fiasp,FlexTouch U100,Pen/cartridge,2270.0,13599.0,4079700.0,82844.59872
2025-08-01,0601011A0BCABAB,Fiasp Penfill 100units/ml inj 3ml cartridges,Fiasp,Cartridge,Pen/cartridge,25854.0,174283.0,52284900.0,982232.19251
2025-08-01,0601011A0BCACAA,Fiasp 100units/ml solution for injection 10ml vials,Fiasp,Vial,Vial/pump,7246.0,28778.0,28778000.0,402909.79005
2025-08-01,0601011A0BDAAAB,Trurapi 100units/ml solution for injection 3ml cartridges,Trurapi,Cartridge,Pen/cartridge,1398.0,10103.0,3030900.0,39747.10471
2025-08-01,0601011A0BDABAC,Trurapi 100units/ml inj 3ml pre-filled Solostar pens,Trurapi,Pen U100,Pen/cartridge,19220.0,110822.0,33246600.0,472870.28354
2025-08-01,0601011A0BDACAA,Trurapi 100units/ml solution for injection 10ml vial,Trurapi,Vial,Vial/pump,662.0,2470.0,2470000.0,29414.17361
2025-08-01,0601011L0BBABAB,Humalog 100units/ml solution for injection 10ml vials,Humalog,Vial,Vial/pump,2840.0,11758.0,11758000.0,194396.28228
2025-08-01,0601011L0BBACAC,Humalog 100units/ml solution for injection 3ml cartridges,Humalog,Cartridge,Pen/cartridge,7932.0,67999.0,20399700.0,382726.0856
2025-08-01,0601011L0BBAGAF,Humalog KwikPen 100units/ml inj 3ml pre-filled pens,Humalog,KwikPen U100,Pen/cartridge,15051.0,102603.0,30780900.0,602247.2469
2025-08-01,0601011L0BBAHAG,Humalog KwikPen 200units/ml inj 3ml pre-filled pens,Humalog,KwikPen U200,Pen/cartridge,2763.0,23105.0,13863000.0,271030.31908
2025-08-01,0601011L0BBAIAF,Humalog Junior KwikPen 100units/ml inj 3ml pre-filled pens,Humalog,Junior KwikPen,Pen/cartridge,587.0,3219.0,965700.0,18896.9474
2025-08-01,0601011L0BDAAAG,Lyumjev KwikPen 200units/ml inj 3ml pre-filled pens,Lyumjev,KwikPen U200,Pen/cartridge,357.0,2589.0,1553400.0,30350.84375
2025-08-01,0601011L0BDABAB,Lyumjev 100units/ml solution for injection 10ml vials,Lyumjev,Vial,Vial/pump,1563.0,5939.0,5939000.0,98059.98659
2025-08-01,0601011L0BDACAC,Lyumjev 100units/ml solution for injection 3ml cartridges,Lyumjev,Cartridge,Pen/cartridge,1003.0,7449.0,2234700.0,41958.33103
2025-08-01,0601011L0BDADAF,Lyumjev KwikPen 100units/ml inj 3ml pre-filled pens,Lyumjev,KwikPen U100,Pen/cartridge,5828.0,35909.0,10772700.0,210733.51591
2025-08-01,0601011L0BDAEAF,Lyumjev Junior KwikPen 100units/ml inj 3ml pre-filled pens,Lyumjev,Junior KwikPen,Pen/cartridge,558.0,3128.0,938400.0,18364.13301
2025-08-01,0601011P0BBAAAA,Apidra 100units/ml solution for injection 10ml vials,Apidra,Vial,Vial/pump,279.0,1119.0,1119000.0,17677.80016
2025-08-01,0601011P0BBABAB,Apidra 100units/ml solution for injection 3ml cartridges,Apidra,Cartridge,Pen/cartridge,452.0,3413.0,1023900.0,19138.51149
2025-08-01,0601011P0BBAEAC,Apidra 100units/ml inj 3ml pre-filled SoloStar pens,Apidra,Pen U100,Pen/cartridge,5521.0,37926.0,11377800.0,213892.16076
2025-09-01,0601011A0BBAAAA,NovoRapid 100units/ml solution for injection 10ml vials,NovoRapid,Vial,Vial/pump,35644.0,142662.0,142662000.0,1999281.14742
2025-09-01,0601011A0BBABAB,NovoRapid Penfill 100units/ml inj 3ml cartridges,NovoRapid,Cartridge,Pen/cartridge,44906.0,347124.0,104137200.0,1955409.98108
2025-09-01,0601011A0BBADAC,NovoRapid FlexPen 100units/ml inj 3ml pre-filled pens,NovoRapid,FlexPen U100,Pen/cartridge,81263.0,527096.0,158128800.0,3214063.9489
2025-09-01,0601011A0BBAEAC,NovoRapid FlexTouch 100units/ml inj 3ml pre-filled pens,NovoRapid,FlexTouch U100,Pen/cartridge,2063.0,13124.0,3937200.0,83950.442
2025-09-01,0601011A0BBAFAD,NovoRapid PumpCart 100units/ml inj 1.6ml cartridges,NovoRapid,PumpCart,Vial/pump,1111.0,16802.0,2688320.0,50476.46366
2025-09-01,0601011A0BCAAAC,Fiasp FlexTouch 100units/ml inj 3ml pre-filled pens,Fiasp,FlexTouch U100,Pen/cartridge,2504.0,14648.0,4394400.0,89188.00415000001
2025-09-01,0601011A0BCABAB,Fiasp Penfill 100units/ml inj 3ml cartridges,Fiasp,Cartridge,Pen/cartridge,27108.0,181622.0,54486600.0,1023081.0357
2025-09-01,0601011A0BCACAA,Fiasp 100units/ml solution for injection 10ml vials,Fiasp,Vial,Vial/pump,7593.0,29946.0,29946000.0,419593.77519
2025-09-01,0601011A0BDAAAB,Trurapi 100units/ml solution for injection 3ml cartridges,Trurapi,Cartridge,Pen/cartridge,1575.0,11365.0,3409500.0,44740.1283
2025-09-01,0601011A0BDABAC,Trurapi 100units/ml inj 3ml pre-filled Solostar pens,Trurapi,Pen U100,Pen/cartridge,20888.0,119902.0,35970600.0,511783.01887
2025-09-01,0601011A0BDACAA,Trurapi 100units/ml solution for injection 10ml vial,Trurapi,Vial,Vial/pump,717.0,2735.0,2735000.0,32588.09506
2025-09-01,0601011L0BBABAB,Humalog 100units/ml solution for injection 10ml vials,Humalog,Vial,Vial/pump,3026.0,12332.0,12332000.0,203855.97357
2025-09-01,0601011L0BBACAC,Humalog 100units/ml solution for injection 3ml cartridges,Humalog,Cartridge,Pen/cartridge,8273.0,71321.0,21396300.0,401309.46643000003
2025-09-01,0601011L0BBAGAF,Humalog KwikPen 100units/ml inj 3ml pre-filled pens,Humalog,KwikPen U100,Pen/cartridge,15735.0,107981.0,32394300.0,633910.3441
2025-09-01,0601011L0BBAHAG,Humalog KwikPen 200units/ml inj 3ml pre-filled pens,Humalog,KwikPen U200,Pen/cartridge,2889.0,24301.0,14580600.0,285012.68464
2025-09-01,0601011L0BBAIAF,Humalog Junior KwikPen 100units/ml inj 3ml pre-filled pens,Humalog,Junior KwikPen,Pen/cartridge,619.0,3353.0,1005900.0,19680.53107
2025-09-01,0601011L0BDAAAG,Lyumjev KwikPen 200units/ml inj 3ml pre-filled pens,Lyumjev,KwikPen U200,Pen/cartridge,385.0,2863.0,1717800.0,33676.26922
2025-09-01,0601011L0BDABAB,Lyumjev 100units/ml solution for injection 10ml vials,Lyumjev,Vial,Vial/pump,1766.0,6740.0,6740000.0,111368.43439
2025-09-01,0601011L0BDACAC,Lyumjev 100units/ml solution for injection 3ml cartridges,Lyumjev,Cartridge,Pen/cartridge,1056.0,7753.0,2325900.0,43672.29665
2025-09-01,0601011L0BDADAF,Lyumjev KwikPen 100units/ml inj 3ml pre-filled pens,Lyumjev,KwikPen U100,Pen/cartridge,6240.0,38655.0,11596500.0,226918.55096
2025-09-01,0601011L0BDAEAF,Lyumjev Junior KwikPen 100units/ml inj 3ml pre-filled pens,Lyumjev,Junior KwikPen,Pen/cartridge,561.0,3066.0,919800.0,17991.50978
2025-09-01,0601011P0BBAAAA,Apidra 100units/ml solution for injection 10ml vials,Apidra,Vial,Vial/pump,281.0,1070.0,1070000.0,16918.51641
2025-09-01,0601011P0BBABAB,Apidra 100units/ml solution for injection 3ml cartridges,Apidra,Cartridge,Pen/cartridge,439.0,3241.0,972300.0,18208.57424
2025-09-01,0601011P0BBAEAC,Apidra 100units/ml inj 3ml pre-filled SoloStar pens,Apidra,Pen U100,Pen/cartridge,5650.0,38534.0,11560200.0,217221.58133
2025-10-01,0601011A0BBAAAA,NovoRapid 100units/ml solution for injection 10ml vials,NovoRapid,Vial,Vial/pump,36865.0,146991.0,146991000.0,2059881.3215
2025-10-01,0601011A0BBABAB,NovoRapid Penfill 100units/ml inj 3ml cartridges,NovoRapid,Cartridge,Pen/cartridge,45663.0,354455.0,106336500.0,1996864.67087
2025-10-01,0601011A0BBADAC,NovoRapid FlexPen 100units/ml inj 3ml pre-filled pens,NovoRapid,FlexPen U100,Pen/cartridge,82857.0,536187.0,160856100.0,3269505.15806
2025-10-01,0601011A0BBAEAC,NovoRapid FlexTouch 100units/ml inj 3ml pre-filled pens,NovoRapid,FlexTouch U100,Pen/cartridge,2222.0,14093.0,4227900.0,90127.30219
2025-10-01,0601011A0BBAFAD,NovoRapid PumpCart 100units/ml inj 1.6ml cartridges,NovoRapid,PumpCart,Vial/pump,2675.0,43239.0,6918240.0,130182.08017
2025-10-01,0601011A0BCAAAC,Fiasp FlexTouch 100units/ml inj 3ml pre-filled pens,Fiasp,FlexTouch U100,Pen/cartridge,2481.0,14701.0,4410300.0,89493.62324
2025-10-01,0601011A0BCABAB,Fiasp Penfill 100units/ml inj 3ml cartridges,Fiasp,Cartridge,Pen/cartridge,27893.0,187468.0,56240400.0,1056121.63932
2025-10-01,0601011A0BCACAA,Fiasp 100units/ml solution for injection 10ml vials,Fiasp,Vial,Vial/pump,8009.0,31649.0,31649000.0,443254.05691
2025-10-01,0601011A0BDAAAB,Trurapi 100units/ml solution for injection 3ml cartridges,Trurapi,Cartridge,Pen/cartridge,1675.0,12129.0,3638700.0,47765.59391
2025-10-01,0601011A0BDABAC,Trurapi 100units/ml inj 3ml pre-filled Solostar pens,Trurapi,Pen U100,Pen/cartridge,22442.0,128664.0,38599200.0,549310.62827
2025-10-01,0601011A0BDACAA,Trurapi 100units/ml solution for injection 10ml vial,Trurapi,Vial,Vial/pump,746.0,2792.0,2792000.0,33249.89534
2025-10-01,0601011L0BBABAB,Humalog 100units/ml solution for injection 10ml vials,Humalog,Vial,Vial/pump,3102.0,12534.0,12534000.0,206932.7382
2025-10-01,0601011L0BBACAC,Humalog 100units/ml solution for injection 3ml cartridges,Humalog,Cartridge,Pen/cartridge,8428.0,72388.0,21716400.0,407234.36292
2025-10-01,0601011L0BBAGAF,Humalog KwikPen 100units/ml inj 3ml pre-filled pens,Humalog,KwikPen U100,Pen/cartridge,16184.0,110654.0,33196200.0,649623.65653
2025-10-01,0601011L0BBAHAG,Humalog KwikPen 200units/ml inj 3ml pre-filled pens,Humalog,KwikPen U200,Pen/cartridge,3026.0,25122.0,15073200.0,294716.02088
2025-10-01,0601011L0BBAIAF,Humalog Junior KwikPen 100units/ml inj 3ml pre-filled pens,Humalog,Junior KwikPen,Pen/cartridge,656.0,3503.0,1050900.0,20559.83362
2025-10-01,0601011L0BDAAAG,Lyumjev KwikPen 200units/ml inj 3ml pre-filled pens,Lyumjev,KwikPen U200,Pen/cartridge,393.0,2995.0,1797000.0,35149.20596
2025-10-01,0601011L0BDABAB,Lyumjev 100units/ml solution for injection 10ml vials,Lyumjev,Vial,Vial/pump,1824.0,6992.0,6992000.0,115592.98604
2025-10-01,0601011L0BDACAC,Lyumjev 100units/ml solution for injection 3ml cartridges,Lyumjev,Cartridge,Pen/cartridge,1065.0,7784.0,2335200.0,43844.81028
2025-10-01,0601011L0BDADAF,Lyumjev KwikPen 100units/ml inj 3ml pre-filled pens,Lyumjev,KwikPen U100,Pen/cartridge,6494.0,39725.0,11917500.0,233235.83138
2025-10-01,0601011L0BDAEAF,Lyumjev Junior KwikPen 100units/ml inj 3ml pre-filled pens,Lyumjev,Junior KwikPen,Pen/cartridge,591.0,3288.0,986400.0,19299.9129
2025-10-01,0601011P0BBAAAA,Apidra 100units/ml solution for injection 10ml vials,Apidra,Vial,Vial/pump,315.0,1288.0,1288000.0,20427.50699
2025-10-01,0601011P0BBABAB,Apidra 100units/ml solution for injection 3ml cartridges,Apidra,Cartridge,Pen/cartridge,487.0,3661.0,1098300.0,20560.85085
2025-10-01,0601011P0BBAEAC,Apidra 100units/ml inj 3ml pre-filled SoloStar pens,Apidra,Pen U100,Pen/cartridge,5792.0,39835.0,11950500.0,224606.05915
2025-11-01,0601011A0BBAAAA,NovoRapid 100units/ml solution for injection 10ml vials,NovoRapid,Vial,Vial/pump,33703.0,134687.0,134687000.0,1888565.75131
2025-11-01,0601011A0BBABAB,NovoRapid Penfill 100units/ml inj 3ml cartridges,NovoRapid,Cartridge,Pen/cartridge,42390.0,328601.0,98580300.0,1851365.4561299998
2025-11-01,0601011A0BBADAC,NovoRapid FlexPen 100units/ml inj 3ml pre-filled pens,NovoRapid,FlexPen U100,Pen/cartridge,76295.0,493807.0,148142100.0,3011327.98101
2025-11-01,0601011A0BBAEAC,NovoRapid FlexTouch 100units/ml inj 3ml pre-filled pens,NovoRapid,FlexTouch U100,Pen/cartridge,1957.0,12536.0,3760800.0,80183.59552999999
2025-11-01,0601011A0BBAFAD,NovoRapid PumpCart 100units/ml inj 1.6ml cartridges,NovoRapid,PumpCart,Vial/pump,2432.0,39207.0,6273120.0,117957.31902999998
2025-11-01,0601011A0BCAAAC,Fiasp FlexTouch 100units/ml inj 3ml pre-filled pens,Fiasp,FlexTouch U100,Pen/cartridge,2105.0,12611.0,3783300.0,76917.32858999999
2025-11-01,0601011A0BCABAB,Fiasp Penfill 100units/ml inj 3ml cartridges,Fiasp,Cartridge,Pen/cartridge,26154.0,175832.0,52749600.0,990891.0765199999
2025-11-01,0601011A0BCACAA,Fiasp 100units/ml solution for injection 10ml vials,Fiasp,Vial,Vial/pump,7528.0,29349.0,29349000.0,411379.48614999995
2025-11-01,0601011A0BDAAAB,Trurapi 100units/ml solution for injection 3ml cartridges,Trurapi,Cartridge,Pen/cartridge,1620.0,11809.0,3542700.0,46459.32086999999
2025-11-01,0601011A0BDABAC,Trurapi 100units/ml inj 3ml pre-filled Solostar pens,Trurapi,Pen U100,Pen/cartridge,21496.0,124232.0,37269600.0,530298.1570100001
2025-11-01,0601011A0BDACAA,Trurapi 100units/ml solution for injection 10ml vial,Trurapi,Vial,Vial/pump,744.0,2766.0,2766000.0,32891.21494
2025-11-01,0601011L0BBABAB,Humalog 100units/ml solution for injection 10ml vials,Humalog,Vial,Vial/pump,3039.0,12613.0,12613000.0,208452.18302
2025-11-01,0601011L0BBACAC,Humalog 100units/ml solution for injection 3ml cartridges,Humalog,Cartridge,Pen/cartridge,7722.0,66208.0,19862400.0,372705.86659
2025-11-01,0601011L0BBAFAF,Humalog Pen 100units/ml inj 3ml pre-filled pens,Humalog,Pen U100,Pen/cartridge,1.0,5.0,1500.0,29.4724
2025-11-01,0601011L0BBAGAF,Humalog KwikPen 100units/ml inj 3ml pre-filled pens,Humalog,KwikPen U100,Pen/cartridge,14822.0,101401.0,30420300.0,595252.15885
2025-11-01,0601011L0BBAHAG,Humalog KwikPen 200units/ml inj 3ml pre-filled pens,Humalog,KwikPen U200,Pen/cartridge,2728.0,22613.0,13567800.0,265200.97095999995
2025-11-01,0601011L0BBAIAF,Humalog Junior KwikPen 100units/ml inj 3ml pre-filled pens,Humalog,Junior KwikPen,Pen/cartridge,593.0,3233.0,969900.0,18998.017550000004
2025-11-01,0601011L0BDAAAG,Lyumjev KwikPen 200units/ml inj 3ml pre-filled pens,Lyumjev,KwikPen U200,Pen/cartridge,387.0,2868.0,1720800.0,33644.9115
2025-11-01,0601011L0BDABAB,Lyumjev 100units/ml solution for injection 10ml vials,Lyumjev,Vial,Vial/pump,1832.0,6992.0,6992000.0,115624.65435999999
2025-11-01,0601011L0BDACAC,Lyumjev 100units/ml solution for injection 3ml cartridges,Lyumjev,Cartridge,Pen/cartridge,1037.0,7766.0,2329800.0,43718.09658
2025-11-01,0601011L0BDADAF,Lyumjev KwikPen 100units/ml inj 3ml pre-filled pens,Lyumjev,KwikPen U100,Pen/cartridge,6087.0,37447.0,11234100.0,219886.7167
2025-11-01,0601011L0BDAEAF,Lyumjev Junior KwikPen 100units/ml inj 3ml pre-filled pens,Lyumjev,Junior KwikPen,Pen/cartridge,555.0,3084.0,925200.0,18113.68301
2025-11-01,0601011P0BBAAAA,Apidra 100units/ml solution for injection 10ml vials,Apidra,Vial,Vial/pump,275.0,1075.0,1075000.0,17001.81667
2025-11-01,0601011P0BBABAB,Apidra 100units/ml solution for injection 3ml cartridges,Apidra,Cartridge,Pen/cartridge,413.0,2991.0,897300.0,16778.32197
2025-11-01,0601011P0BBAEAC,Apidra 100units/ml inj 3ml pre-filled SoloStar pens,Apidra,Pen U100,Pen/cartridge,5366.0,36309.0,10892700.0,204801.51372999998
2025-12-01,0601011A0BBAAAA,NovoRapid 100units/ml solution for injection 10ml vials,NovoRapid,Vial,Vial/pump,38203.0,153674.0,153674000.0,2153625.70403
2025-12-01,0601011A0BBABAB,NovoRapid Penfill 100units/ml inj 3ml cartridges,NovoRapid,Cartridge,Pen/cartridge,47586.0,370069.0,111020700.0,2084861.8051099996
2025-12-01,0601011A0BBADAC,NovoRapid FlexPen 100units/ml inj 3ml pre-filled pens,NovoRapid,FlexPen U100,Pen/cartridge,85244.0,554022.0,166206600.0,3377615.5136400005
2025-12-01,0601011A0BBAEAC,NovoRapid FlexTouch 100units/ml inj 3ml pre-filled pens,NovoRapid,FlexTouch U100,Pen/cartridge,1840.0,11422.0,3426600.0,73052.59154
2025-12-01,0601011A0BBAFAD,NovoRapid PumpCart 100units/ml inj 1.6ml cartridges,NovoRapid,PumpCart,Vial/pump,2650.0,41795.0,6687200.0,125517.10536999998
2025-12-01,0601011A0BCAAAC,Fiasp FlexTouch 100units/ml inj 3ml pre-filled pens,Fiasp,FlexTouch U100,Pen/cartridge,2352.0,14022.0,4206600.0,85397.26031999997
2025-12-01,0601011A0BCABAB,Fiasp Penfill 100units/ml inj 3ml cartridges,Fiasp,Cartridge,Pen/cartridge,29771.0,201038.0,60311400.0,1132481.4807299997
2025-12-01,0601011A0BCACAA,Fiasp 100units/ml solution for injection 10ml vials,Fiasp,Vial,Vial/pump,8572.0,33874.0,33874000.0,474550.36149
2025-12-01,0601011A0BDAAAB,Trurapi 100units/ml solution for injection 3ml cartridges,Trurapi,Cartridge,Pen/cartridge,1820.0,13259.0,3977700.0,52233.99338999998
2025-12-01,0601011A0BDABAC,Trurapi 100units/ml inj 3ml pre-filled Solostar pens,Trurapi,Pen U100,Pen/cartridge,24935.0,143167.0,42950100.0,611314.81565
2025-12-01,0601011A0BDACAA,Trurapi 100units/ml solution for injection 10ml vial,Trurapi,Vial,Vial/pump,813.0,3092.0,3092000.0,36763.68651
2025-12-01,0601011L0BBABAB,Humalog 100units/ml solution for injection 10ml vials,Humalog,Vial,Vial/pump,3371.0,13921.0,13921000.0,229878.98247999998
2025-12-01,0601011L0BBACAC,Humalog 100units/ml solution for injection 3ml cartridges,Humalog,Cartridge,Pen/cartridge,8753.0,75682.0,22704600.0,425853.15528999997
2025-12-01,0601011L0BBAGAF,Humalog KwikPen 100units/ml inj 3ml pre-filled pens,Humalog,KwikPen U100,Pen/cartridge,16798.0,115049.0,34514700.0,675285.6141700001
2025-12-01,0601011L0BBAHAG,Humalog KwikPen 200units/ml inj 3ml pre-filled pens,Humalog,KwikPen U200,Pen/cartridge,3066.0,25368.0,15220800.0,297800.93551999994
2025-12-01,0601011L0BBAIAF,Humalog Junior KwikPen 100units/ml inj 3ml pre-filled pens,Humalog,Junior KwikPen,Pen/cartridge,644.0,3484.0,1045200.0,20459.75786
2025-12-01,0601011L0BDAAAG,Lyumjev KwikPen 200units/ml inj 3ml pre-filled pens,Lyumjev,KwikPen U200,Pen/cartridge,398.0,3047.0,1828200.0,35782.89114
2025-12-01,0601011L0BDABAB,Lyumjev 100units/ml solution for injection 10ml vials,Lyumjev,Vial,Vial/pump,1960.0,7531.0,7531000.0,124490.32878999999
2025-12-01,0601011L0BDACAC,Lyumjev 100units/ml solution for injection 3ml cartridges,Lyumjev,Cartridge,Pen/cartridge,1159.0,8662.0,2598600.0,48751.716949999995
2025-12-01,0601011L0BDADAF,Lyumjev KwikPen 100units/ml inj 3ml pre-filled pens,Lyumjev,KwikPen U100,Pen/cartridge,6871.0,42563.0,12768900.0,249751.60500999997
2025-12-01,0601011L0BDAEAF,Lyumjev Junior KwikPen 100units/ml inj 3ml pre-filled pens,Lyumjev,Junior KwikPen,Pen/cartridge,622.0,3449.0,1034700.0,20275.762290000002
2025-12-01,0601011P0BBAAAA,Apidra 100units/ml solution for injection 10ml vials,Apidra,Vial,Vial/pump,299.0,1147.0,1147000.0,18170.16663
2025-12-01,0601011P0BBABAB,Apidra 100units/ml solution for injection 3ml cartridges,Apidra,Cartridge,Pen/cartridge,470.0,3389.0,1016700.0,19057.29058
2025-12-01,0601011P0BBAEAC,Apidra 100units/ml inj 3ml pre-filled SoloStar pens,Apidra,Pen U100,Pen/cartridge,6013.0,41255.0,12376500.0,232487.28212999998
2026-01-01,0601011A0BBAAAA,NovoRapid 100units/ml solution for injection 10ml vials,NovoRapid,Vial,Vial/pump,35881.0,143619.0,143619000.0,2013515.13157
2026-01-01,0601011A0BBABAB,NovoRapid Penfill 100units/ml inj 3ml cartridges,NovoRapid,Cartridge,Pen/cartridge,44669.0,343714.0,103114200.0,1936660.6415099995
2026-01-01,0601011A0BBADAC,NovoRapid FlexPen 100units/ml inj 3ml pre-filled pens,NovoRapid,FlexPen U100,Pen/cartridge,80178.0,514623.0,154386900.0,3138137.2667200007
2026-01-01,0601011A0BBAEAC,NovoRapid FlexTouch 100units/ml inj 3ml pre-filled pens,NovoRapid,FlexTouch U100,Pen/cartridge,1329.0,7926.0,2377800.0,50828.453199999996
2026-01-01,0601011A0BBAFAD,NovoRapid PumpCart 100units/ml inj 1.6ml cartridges,NovoRapid,PumpCart,Vial/pump,2569.0,39894.0,6383040.0,119935.23609999998
2026-01-01,0601011A0BCAAAC,Fiasp FlexTouch 100units/ml inj 3ml pre-filled pens,Fiasp,FlexTouch U100,Pen/cartridge,1676.0,9857.0,2957100.0,60148.953749999986
2026-01-01,0601011A0BCABAB,Fiasp Penfill 100units/ml inj 3ml cartridges,Fiasp,Cartridge,Pen/cartridge,28694.0,193313.0,57993900.0,1089128.6152399997
2026-01-01,0601011A0BCACAA,Fiasp 100units/ml solution for injection 10ml vials,Fiasp,Vial,Vial/pump,8258.0,32313.0,32313000.0,452791.1684099999
2026-01-01,0601011A0BDAAAB,Trurapi 100units/ml solution for injection 3ml cartridges,Trurapi,Cartridge,Pen/cartridge,1751.0,12493.0,3747900.0,49164.350089999985
2026-01-01,0601011A0BDABAC,Trurapi 100units/ml inj 3ml pre-filled Solostar pens,Trurapi,Pen U100,Pen/cartridge,24358.0,139078.0,41723400.0,593716.7530200001
2026-01-01,0601011A0BDACAA,Trurapi 100units/ml solution for injection 10ml vial,Trurapi,Vial,Vial/pump,820.0,3002.0,3002000.0,35713.24695
2026-01-01,0601011L0BBABAB,Humalog 100units/ml solution for injection 10ml vials,Humalog,Vial,Vial/pump,3145.0,12679.0,12679000.0,209520.99083999998
2026-01-01,0601011L0BBACAC,Humalog 100units/ml solution for injection 3ml cartridges,Humalog,Cartridge,Pen/cartridge,8002.0,68326.0,20497800.0,384462.67040999996
2026-01-01,0601011L0BBAFAF,Humalog Pen 100units/ml inj 3ml pre-filled pens,Humalog,Pen U100,Pen/cartridge,1.0,5.0,1500.0,29.4724
2026-01-01,0601011L0BBAGAF,Humalog KwikPen 100units/ml inj 3ml pre-filled pens,Humalog,KwikPen U100,Pen/cartridge,15777.0,107335.0,32200500.0,629972.84614
2026-01-01,0601011L0BBAHAG,Humalog KwikPen 200units/ml inj 3ml pre-filled pens,Humalog,KwikPen U200,Pen/cartridge,2908.0,24132.0,14479200.0,283145.3873199999
2026-01-01,0601011L0BBAIAF,Humalog Junior KwikPen 100units/ml inj 3ml pre-filled pens,Humalog,Junior KwikPen,Pen/cartridge,682.0,3679.0,1103700.0,21631.268630000002
2026-01-01,0601011L0BDAAAG,Lyumjev KwikPen 200units/ml inj 3ml pre-filled pens,Lyumjev,KwikPen U200,Pen/cartridge,423.0,3205.0,1923000.0,37579.243220000004
2026-01-01,0601011L0BDABAB,Lyumjev 100units/ml solution for injection 10ml vials,Lyumjev,Vial,Vial/pump,1947.0,7564.0,7564000.0,125136.62091999999
2026-01-01,0601011L0BDACAC,Lyumjev 100units/ml solution for injection 3ml cartridges,Lyumjev,Cartridge,Pen/cartridge,1158.0,8473.0,2541900.0,47720.51667
2026-01-01,0601011L0BDADAF,Lyumjev KwikPen 100units/ml inj 3ml pre-filled pens,Lyumjev,KwikPen U100,Pen/cartridge,6706.0,41283.0,12384900.0,242275.74287
2026-01-01,0601011L0BDAEAF,Lyumjev Junior KwikPen 100units/ml inj 3ml pre-filled pens,Lyumjev,Junior KwikPen,Pen/cartridge,592.0,3277.0,983100.0,19251.691620000005
2026-01-01,0601011P0BBAAAA,Apidra 100units/ml solution for injection 10ml vials,Apidra,Vial,Vial/pump,293.0,1183.0,1183000.0,18699.8618
2026-01-01,0601011P0BBABAB,Apidra 100units/ml solution for injection 3ml cartridges,Apidra,Cartridge,Pen/cartridge,422.0,3137.0,941100.0,17597.64025
2026-01-01,0601011P0BBAEAC,Apidra 100units/ml inj 3ml pre-filled SoloStar pens,Apidra,Pen U100,Pen/cartridge,5510.0,37217.0,11165100.0,209890.40844999996
2026-02-01,0601011A0BBAAAA,NovoRapid 100units/ml solution for injection 10ml vials,NovoRapid,Vial,Vial/pump,32942.0,132157.0,132157000.0,1851839.40697
2026-02-01,0601011A0BBABAB,NovoRapid Penfill 100units/ml inj 3ml cartridges,NovoRapid,Cartridge,Pen/cartridge,40050.0,306893.0,92067900.0,1728963.24014
2026-02-01,0601011A0BBADAC,NovoRapid FlexPen 100units/ml inj 3ml pre-filled pens,NovoRapid,FlexPen U100,Pen/cartridge,73372.0,471726.0,141517800.0,2876284.80096
2026-02-01,0601011A0BBAEAC,NovoRapid FlexTouch 100units/ml inj 3ml pre-filled pens,NovoRapid,FlexTouch U100,Pen/cartridge,1083.0,6542.0,1962600.0,41850.63937999999
2026-02-01,0601011A0BBAFAD,NovoRapid PumpCart 100units/ml inj 1.6ml cartridges,NovoRapid,PumpCart,Vial/pump,2510.0,39132.0,6261120.0,117608.68916999998
2026-02-01,0601011A0BCAAAC,Fiasp FlexTouch 100units/ml inj 3ml pre-filled pens,Fiasp,FlexTouch U100,Pen/cartridge,1336.0,7834.0,2350200.0,47766.502369999995
2026-02-01,0601011A0BCABAB,Fiasp Penfill 100units/ml inj 3ml cartridges,Fiasp,Cartridge,Pen/cartridge,26354.0,176539.0,52961700.0,994438.1878399998
2026-02-01,0601011A0BCACAA,Fiasp 100units/ml solution for injection 10ml vials,Fiasp,Vial,Vial/pump,7762.0,30445.0,30445000.0,426488.16838
2026-02-01,0601011A0BDAAAB,Trurapi 100units/ml solution for injection 3ml cartridges,Trurapi,Cartridge,Pen/cartridge,1575.0,11194.0,3358200.0,44064.68886999999
2026-02-01,0601011A0BDABAC,Trurapi 100units/ml inj 3ml pre-filled Solostar pens,Trurapi,Pen U100,Pen/cartridge,23156.0,131951.0,39585300.0,563308.5446899999
2026-02-01,0601011A0BDACAA,Trurapi 100units/ml solution for injection 10ml vial,Trurapi,Vial,Vial/pump,767.0,2872.0,2872000.0,34094.20493
2026-02-01,0601011L0BBABAB,Humalog 100units/ml solution for injection 10ml vials,Humalog,Vial,Vial/pump,2915.0,11886.0,11886000.0,196329.60726999998
2026-02-01,0601011L0BBACAC,Humalog 100units/ml solution for injection 3ml cartridges,Humalog,Cartridge,Pen/cartridge,7300.0,63417.0,19025100.0,356870.54802
2026-02-01,0601011L0BBAGAF,Humalog KwikPen 100units/ml inj 3ml pre-filled pens,Humalog,KwikPen U100,Pen/cartridge,14331.0,97164.0,29149200.0,570373.91955
2026-02-01,0601011L0BBAHAG,Humalog KwikPen 200units/ml inj 3ml pre-filled pens,Humalog,KwikPen U200,Pen/cartridge,2573.0,21780.0,13068000.0,255690.12907999996
2026-02-01,0601011L0BBAIAF,Humalog Junior KwikPen 100units/ml inj 3ml pre-filled pens,Humalog,Junior KwikPen,Pen/cartridge,579.0,3170.0,951000.0,18614.91124
2026-02-01,0601011L0BDAAAG,Lyumjev KwikPen 200units/ml inj 3ml pre-filled pens,Lyumjev,KwikPen U200,Pen/cartridge,345.0,2573.0,1543800.0,30184.118240000003
2026-02-01,0601011L0BDABAB,Lyumjev 100units/ml solution for injection 10ml vials,Lyumjev,Vial,Vial/pump,1813.0,6936.0,6936000.0,114630.79384999999
2026-02-01,0601011L0BDACAC,Lyumjev 100units/ml solution for injection 3ml cartridges,Lyumjev,Cartridge,Pen/cartridge,1046.0,7656.0,2296800.0,43118.99571
2026-02-01,0601011L0BDADAF,Lyumjev KwikPen 100units/ml inj 3ml pre-filled pens,Lyumjev,KwikPen U100,Pen/cartridge,6139.0,37456.0,11236800.0,219898.60119
2026-02-01,0601011L0BDAEAF,Lyumjev Junior KwikPen 100units/ml inj 3ml pre-filled pens,Lyumjev,Junior KwikPen,Pen/cartridge,546.0,3019.0,905700.0,17750.260870000002
2026-02-01,0601011P0BBAAAA,Apidra 100units/ml solution for injection 10ml vials,Apidra,Vial,Vial/pump,287.0,1123.0,1123000.0,17793.51435
2026-02-01,0601011P0BBABAB,Apidra 100units/ml solution for injection 3ml cartridges,Apidra,Cartridge,Pen/cartridge,389.0,2827.0,848100.0,15861.575700000001
2026-02-01,0601011P0BBAEAC,Apidra 100units/ml inj 3ml pre-filled SoloStar pens,Apidra,Pen U100,Pen/cartridge,5081.0,34241.0,10272300.0,193050.18701999998
2026-03-01,0601011A0BBAAAA,NovoRapid 100units/ml solution for injection 10ml vials,NovoRapid,Vial,Vial/pump,37708.0,151834.0,151834000.0,2128278.4279899998
2026-03-01,0601011A0BBABAB,NovoRapid Penfill 100units/ml inj 3ml cartridges,NovoRapid,Cartridge,Pen/cartridge,45089.0,346682.0,104004600.0,1953417.6541
2026-03-01,0601011A0BBADAC,NovoRapid FlexPen 100units/ml inj 3ml pre-filled pens,NovoRapid,FlexPen U100,Pen/cartridge,80469.0,515795.0,154738500.0,3145292.1188000003
2026-03-01,0601011A0BBAEAC,NovoRapid FlexTouch 100units/ml inj 3ml pre-filled pens,NovoRapid,FlexTouch U100,Pen/cartridge,959.0,5728.0,1718400.0,36745.14775
2026-03-01,0601011A0BBAFAD,NovoRapid PumpCart 100units/ml inj 1.6ml cartridges,NovoRapid,PumpCart,Vial/pump,2879.0,43771.0,7003360.0,131404.49508999998
2026-03-01,0601011A0BCAAAC,Fiasp FlexTouch 100units/ml inj 3ml pre-filled pens,Fiasp,FlexTouch U100,Pen/cartridge,1036.0,6011.0,1803300.0,36667.18878
2026-03-01,0601011A0BCABAB,Fiasp Penfill 100units/ml inj 3ml cartridges,Fiasp,Cartridge,Pen/cartridge,29809.0,199363.0,59808900.0,1123060.1053499999
2026-03-01,0601011A0BCACAA,Fiasp 100units/ml solution for injection 10ml vials,Fiasp,Vial,Vial/pump,8944.0,35036.0,35036000.0,491028.59495999996
2026-03-01,0601011A0BDAAAB,Trurapi 100units/ml solution for injection 3ml cartridges,Trurapi,Cartridge,Pen/cartridge,1837.0,13059.0,3917700.0,51353.59816999998
2026-03-01,0601011A0BDABAC,Trurapi 100units/ml inj 3ml pre-filled Solostar pens,Trurapi,Pen U100,Pen/cartridge,26039.0,148724.0,44617200.0,634966.93569
2026-03-01,0601011A0BDACAA,Trurapi 100units/ml solution for injection 10ml vial,Trurapi,Vial,Vial/pump,941.0,3617.0,3617000.0,42992.32628
2026-03-01,0601011L0BBABAB,Humalog 100units/ml solution for injection 10ml vials,Humalog,Vial,Vial/pump,3398.0,13825.0,13825000.0,228528.36036999998
2026-03-01,0601011L0BBACAC,Humalog 100units/ml solution for injection 3ml cartridges,Humalog,Cartridge,Pen/cartridge,7985.0,68269.0,20480700.0,384090.09696
2026-03-01,0601011L0BBAFAF,Humalog Pen 100units/ml inj 3ml pre-filled pens,Humalog,Pen U100,Pen/cartridge,1.0,5.0,1500.0,29.3124
2026-03-01,0601011L0BBAGAF,Humalog KwikPen 100units/ml inj 3ml pre-filled pens,Humalog,KwikPen U100,Pen/cartridge,15828.0,107593.0,32277900.0,631620.40604
2026-03-01,0601011L0BBAHAG,Humalog KwikPen 200units/ml inj 3ml pre-filled pens,Humalog,KwikPen U200,Pen/cartridge,2839.0,23933.0,14359800.0,280918.04438999994
2026-03-01,0601011L0BBAIAF,Humalog Junior KwikPen 100units/ml inj 3ml pre-filled pens,Humalog,Junior KwikPen,Pen/cartridge,644.0,3527.0,1058100.0,20732.17754
2026-03-01,0601011L0BDAAAG,Lyumjev KwikPen 200units/ml inj 3ml pre-filled pens,Lyumjev,KwikPen U200,Pen/cartridge,437.0,3243.0,1945800.0,38028.35348
2026-03-01,0601011L0BDABAB,Lyumjev 100units/ml solution for injection 10ml vials,Lyumjev,Vial,Vial/pump,2054.0,7877.0,7877000.0,130303.76167999997
2026-03-01,0601011L0BDACAC,Lyumjev 100units/ml solution for injection 3ml cartridges,Lyumjev,Cartridge,Pen/cartridge,1136.0,8173.0,2451900.0,46046.55657
2026-03-01,0601011L0BDADAF,Lyumjev KwikPen 100units/ml inj 3ml pre-filled pens,Lyumjev,KwikPen U100,Pen/cartridge,6880.0,42532.0,12759600.0,249655.32747999998
2026-03-01,0601011L0BDAEAF,Lyumjev Junior KwikPen 100units/ml inj 3ml pre-filled pens,Lyumjev,Junior KwikPen,Pen/cartridge,611.0,3423.0,1026900.0,20116.623540000004
2026-03-01,0601011P0BBAAAA,Apidra 100units/ml solution for injection 10ml vials,Apidra,Vial,Vial/pump,297.0,1175.0,1175000.0,18580.91799
2026-03-01,0601011P0BBABAB,Apidra 100units/ml solution for injection 3ml cartridges,Apidra,Cartridge,Pen/cartridge,433.0,3392.0,1017600.0,19053.327260000002
2026-03-01,0601011P0BBAEAC,Apidra 100units/ml inj 3ml pre-filled SoloStar pens,Apidra,Pen U100,Pen/cartridge,5550.0,37521.0,11256300.0,211649.29930999994
2026-04-01,0601011A0BBAAAA,NovoRapid 100units/ml solution for injection 10ml vials,NovoRapid,Vial,Vial/pump,36367.0,145760.0,145760000.0,2043116.4859600002
2026-04-01,0601011A0BBABAB,NovoRapid Penfill 100units/ml inj 3ml cartridges,NovoRapid,Cartridge,Pen/cartridge,43787.0,336694.0,101008200.0,1897004.8007699999
2026-04-01,0601011A0BBADAC,NovoRapid FlexPen 100units/ml inj 3ml pre-filled pens,NovoRapid,FlexPen U100,Pen/cartridge,79631.0,509737.0,152921100.0,3107927.7200100003
2026-04-01,0601011A0BBAEAC,NovoRapid FlexTouch 100units/ml inj 3ml pre-filled pens,NovoRapid,FlexTouch U100,Pen/cartridge,658.0,4077.0,1223100.0,26193.659229999997
2026-04-01,0601011A0BBAFAD,NovoRapid PumpCart 100units/ml inj 1.6ml cartridges,NovoRapid,PumpCart,Vial/pump,2949.0,44936.0,7189760.0,135083.76935
2026-04-01,0601011A0BCAAAC,Fiasp FlexTouch 100units/ml inj 3ml pre-filled pens,Fiasp,FlexTouch U100,Pen/cartridge,624.0,3683.0,1104900.0,22430.268739999996
2026-04-01,0601011A0BCABAB,Fiasp Penfill 100units/ml inj 3ml cartridges,Fiasp,Cartridge,Pen/cartridge,29273.0,196802.0,59040600.0,1108588.7373099998
2026-04-01,0601011A0BCACAA,Fiasp 100units/ml solution for injection 10ml vials,Fiasp,Vial,Vial/pump,8870.0,34497.0,34497000.0,483304.11924
2026-04-01,0601011A0BDAAAB,Trurapi 100units/ml solution for injection 3ml cartridges,Trurapi,Cartridge,Pen/cartridge,2059.0,14477.0,4343100.0,56918.836829999986
2026-04-01,0601011A0BDABAC,Trurapi 100units/ml inj 3ml pre-filled Solostar pens,Trurapi,Pen U100,Pen/cartridge,22340.0,125537.0,37661100.0,536488.2212
2026-04-01,0601011A0BDACAA,Trurapi 100units/ml solution for injection 10ml vial,Trurapi,Vial,Vial/pump,869.0,3310.0,3310000.0,39399.26474
2026-04-01,0601011L0BBABAB,Humalog 100units/ml solution for injection 10ml vials,Humalog,Vial,Vial/pump,3252.0,13303.0,13303000.0,219876.16521
2026-04-01,0601011L0BBACAC,Humalog 100units/ml solution for injection 3ml cartridges,Humalog,Cartridge,Pen/cartridge,7876.0,67359.0,20207700.0,379213.86344
2026-04-01,0601011L0BBAGAF,Humalog KwikPen 100units/ml inj 3ml pre-filled pens,Humalog,KwikPen U100,Pen/cartridge,15286.0,104154.0,31246200.0,611406.7300699999
2026-04-01,0601011L0BBAHAG,Humalog KwikPen 200units/ml inj 3ml pre-filled pens,Humalog,KwikPen U200,Pen/cartridge,2856.0,23593.0,14155800.0,276964.08485
2026-04-01,0601011L0BBAIAF,Humalog Junior KwikPen 100units/ml inj 3ml pre-filled pens,Humalog,Junior KwikPen,Pen/cartridge,601.0,3299.0,989700.0,19397.296400000003
2026-04-01,0601011L0BDAAAG,Lyumjev KwikPen 200units/ml inj 3ml pre-filled pens,Lyumjev,KwikPen U200,Pen/cartridge,396.0,2902.0,1741200.0,34055.24375
2026-04-01,0601011L0BDABAB,Lyumjev 100units/ml solution for injection 10ml vials,Lyumjev,Vial,Vial/pump,2129.0,8239.0,8239000.0,136195.21068
2026-04-01,0601011L0BDACAC,Lyumjev 100units/ml solution for injection 3ml cartridges,Lyumjev,Cartridge,Pen/cartridge,1087.0,7957.0,2387100.0,44760.52276
2026-04-01,0601011L0BDADAF,Lyumjev KwikPen 100units/ml inj 3ml pre-filled pens,Lyumjev,KwikPen U100,Pen/cartridge,6678.0,41152.0,12345600.0,241619.35237999997
2026-04-01,0601011L0BDAEAF,Lyumjev Junior KwikPen 100units/ml inj 3ml pre-filled pens,Lyumjev,Junior KwikPen,Pen/cartridge,603.0,3314.0,994200.0,19491.874290000003
2026-04-01,0601011P0BBAAAA,Apidra 100units/ml solution for injection 10ml vials,Apidra,Vial,Vial/pump,275.0,1096.0,1096000.0,17343.30463
2026-04-01,0601011P0BBABAB,Apidra 100units/ml solution for injection 3ml cartridges,Apidra,Cartridge,Pen/cartridge,422.0,3095.0,928500.0,17400.84859
2026-04-01,0601011P0BBAEAC,Apidra 100units/ml inj 3ml pre-filled SoloStar pens,Apidra,Pen U100,Pen/cartridge,5532.0,37611.0,11283300.0,212105.00077999997
2026-05-01,0601011A0BBAAAA,NovoRapid 100units/ml solution for injection 10ml vials,NovoRapid,Vial,Vial/pump,36625.0,147247.0,147247000.0,2064046.15371
2026-05-01,0601011A0BBABAB,NovoRapid Penfill 100units/ml inj 3ml cartridges,NovoRapid,Cartridge,Pen/cartridge,42975.0,330354.0,99106200.0,1861438.1777999997
2026-05-01,0601011A0BBADAC,NovoRapid FlexPen 100units/ml inj 3ml pre-filled pens,NovoRapid,FlexPen U100,Pen/cartridge,83583.0,530107.0,159032100.0,3232219.26466
2026-05-01,0601011A0BBAEAC,NovoRapid FlexTouch 100units/ml inj 3ml pre-filled pens,NovoRapid,FlexTouch U100,Pen/cartridge,324.0,2002.0,600600.0,12832.767829999999
2026-05-01,0601011A0BBAFAD,NovoRapid PumpCart 100units/ml inj 1.6ml cartridges,NovoRapid,PumpCart,Vial/pump,3102.0,47277.0,7564320.0,142118.41758999997
2026-05-01,0601011A0BCAAAC,Fiasp FlexTouch 100units/ml inj 3ml pre-filled pens,Fiasp,FlexTouch U100,Pen/cartridge,464.0,2745.0,823500.0,16741.98117
2026-05-01,0601011A0BCABAB,Fiasp Penfill 100units/ml inj 3ml cartridges,Fiasp,Cartridge,Pen/cartridge,29652.0,197961.0,59388300.0,1115498.1584599998
2026-05-01,0601011A0BCACAA,Fiasp 100units/ml solution for injection 10ml vials,Fiasp,Vial,Vial/pump,9155.0,35548.0,35548000.0,498116.98258999997
2026-05-01,0601011A0BDAAAB,Trurapi 100units/ml solution for injection 3ml cartridges,Trurapi,Cartridge,Pen/cartridge,3033.0,19928.0,5978400.0,78279.29905999998
2026-05-01,0601011A0BDABAC,Trurapi 100units/ml inj 3ml pre-filled Solostar pens,Trurapi,Pen U100,Pen/cartridge,17357.0,97578.0,29273400.0,417361.68758
2026-05-01,0601011A0BDACAA,Trurapi 100units/ml solution for injection 10ml vial,Trurapi,Vial,Vial/pump,981.0,3707.0,3707000.0,44068.77996
2026-05-01,0601011L0BBABAB,Humalog 100units/ml solution for injection 10ml vials,Humalog,Vial,Vial/pump,3348.0,13661.0,13661000.0,225728.04336
2026-05-01,0601011L0BBACAC,Humalog 100units/ml solution for injection 3ml cartridges,Humalog,Cartridge,Pen/cartridge,7456.0,63973.0,19191900.0,359979.84431
2026-05-01,0601011L0BBAGAF,Humalog KwikPen 100units/ml inj 3ml pre-filled pens,Humalog,KwikPen U100,Pen/cartridge,15112.0,102157.0,30647100.0,599724.94034
2026-05-01,0601011L0BBAHAG,Humalog KwikPen 200units/ml inj 3ml pre-filled pens,Humalog,KwikPen U200,Pen/cartridge,2678.0,22191.0,13314600.0,260344.01726999995
2026-05-01,0601011L0BBAIAF,Humalog Junior KwikPen 100units/ml inj 3ml pre-filled pens,Humalog,Junior KwikPen,Pen/cartridge,622.0,3345.0,1003500.0,19663.412430000004
2026-05-01,0601011L0BDAAAG,Lyumjev KwikPen 200units/ml inj 3ml pre-filled pens,Lyumjev,KwikPen U200,Pen/cartridge,437.0,3046.0,1827600.0,35759.54042
2026-05-01,0601011L0BDABAB,Lyumjev 100units/ml solution for injection 10ml vials,Lyumjev,Vial,Vial/pump,2130.0,8107.0,8107000.0,134100.87587999998
2026-05-01,0601011L0BDACAC,Lyumjev 100units/ml solution for injection 3ml cartridges,Lyumjev,Cartridge,Pen/cartridge,1154.0,8410.0,2523000.0,47364.62249
2026-05-01,0601011L0BDADAF,Lyumjev KwikPen 100units/ml inj 3ml pre-filled pens,Lyumjev,KwikPen U100,Pen/cartridge,6627.0,41058.0,12317400.0,241029.28078
2026-05-01,0601011L0BDAEAF,Lyumjev Junior KwikPen 100units/ml inj 3ml pre-filled pens,Lyumjev,Junior KwikPen,Pen/cartridge,610.0,3462.0,1038600.0,20339.163490000003
2026-05-01,0601011P0BBAAAA,Apidra 100units/ml solution for injection 10ml vials,Apidra,Vial,Vial/pump,276.0,1101.0,1101000.0,17446.500010000003
2026-05-01,0601011P0BBABAB,Apidra 100units/ml solution for injection 3ml cartridges,Apidra,Cartridge,Pen/cartridge,412.0,2995.0,898500.0,16808.04286
2026-05-01,0601011P0BBAEAC,Apidra 100units/ml inj 3ml pre-filled SoloStar pens,Apidra,Pen U100,Pen/cartridge,5431.0,36746.0,11023800.0,207230.01497
2026-06-01,0601011A0BBAAAA,NovoRapid 100units/ml solution for injection 10ml vials,NovoRapid,Vial,Vial/pump,38811.0,156302.0,156302000.0,2190567.69335
2026-06-01,0601011A0BBABAB,NovoRapid Penfill 100units/ml inj 3ml cartridges,NovoRapid,Cartridge,Pen/cartridge,44573.0,339665.0,101899500.0,1913630.7813599997
2026-06-01,0601011A0BBADAC,NovoRapid FlexPen 100units/ml inj 3ml pre-filled pens,NovoRapid,FlexPen U100,Pen/cartridge,86684.0,548350.0,164505000.0,3343849.89898
2026-06-01,0601011A0BBAEAC,NovoRapid FlexTouch 100units/ml inj 3ml pre-filled pens,NovoRapid,FlexTouch U100,Pen/cartridge,293.0,1780.0,534000.0,11450.310049999998
2026-06-01,0601011A0BBAFAD,NovoRapid PumpCart 100units/ml inj 1.6ml cartridges,NovoRapid,PumpCart,Vial/pump,3396.0,51133.0,8181280.0,153521.21220999997
2026-06-01,0601011A0BCAAAC,Fiasp FlexTouch 100units/ml inj 3ml pre-filled pens,Fiasp,FlexTouch U100,Pen/cartridge,368.0,2082.0,624600.0,12687.891099999999
2026-06-01,0601011A0BCABAB,Fiasp Penfill 100units/ml inj 3ml cartridges,Fiasp,Cartridge,Pen/cartridge,30521.0,204148.0,61244400.0,1150168.1051699999
2026-06-01,0601011A0BCACAA,Fiasp 100units/ml solution for injection 10ml vials,Fiasp,Vial,Vial/pump,9741.0,38299.0,38299000.0,536447.3041599999
2026-06-01,0601011A0BDAAAB,Trurapi 100units/ml solution for injection 3ml cartridges,Trurapi,Cartridge,Pen/cartridge,2983.0,19735.0,5920500.0,77642.35187999997
2026-06-01,0601011A0BDABAC,Trurapi 100units/ml inj 3ml pre-filled Solostar pens,Trurapi,Pen U100,Pen/cartridge,23739.0,135426.0,40627800.0,578696.1267200001
2026-06-01,0601011A0BDACAA,Trurapi 100units/ml solution for injection 10ml vial,Trurapi,Vial,Vial/pump,1053.0,3946.0,3946000.0,46928.962080000005
2026-06-01,0601011L0BBABAB,Humalog 100units/ml solution for injection 10ml vials,Humalog,Vial,Vial/pump,3495.0,14150.0,14150000.0,233643.99300999998
2026-06-01,0601011L0BBACAC,Humalog 100units/ml solution for injection 3ml cartridges,Humalog,Cartridge,Pen/cartridge,7816.0,66665.0,19999500.0,374987.93810999993
2026-06-01,0601011L0BBAGAF,Humalog KwikPen 100units/ml inj 3ml pre-filled pens,Humalog,KwikPen U100,Pen/cartridge,15864.0,106920.0,32076000.0,627702.15607
2026-06-01,0601011L0BBAHAG,Humalog KwikPen 200units/ml inj 3ml pre-filled pens,Humalog,KwikPen U200,Pen/cartridge,2944.0,24851.0,14910600.0,291636.27897999994
2026-06-01,0601011L0BBAIAF,Humalog Junior KwikPen 100units/ml inj 3ml pre-filled pens,Humalog,Junior KwikPen,Pen/cartridge,618.0,3301.0,990300.0,19377.778590000005
2026-06-01,0601011L0BDAAAG,Lyumjev KwikPen 200units/ml inj 3ml pre-filled pens,Lyumjev,KwikPen U200,Pen/cartridge,446.0,3364.0,2018400.0,39520.0156
2026-06-01,0601011L0BDABAB,Lyumjev 100units/ml solution for injection 10ml vials,Lyumjev,Vial,Vial/pump,2343.0,9047.0,9047000.0,149461.19874
2026-06-01,0601011L0BDACAC,Lyumjev 100units/ml solution for injection 3ml cartridges,Lyumjev,Cartridge,Pen/cartridge,1154.0,8407.0,2522100.0,47352.101239999996
2026-06-01,0601011L0BDADAF,Lyumjev KwikPen 100units/ml inj 3ml pre-filled pens,Lyumjev,KwikPen U100,Pen/cartridge,7051.0,43506.0,13051800.0,255439.48478999996
2026-06-01,0601011L0BDAEAF,Lyumjev Junior KwikPen 100units/ml inj 3ml pre-filled pens,Lyumjev,Junior KwikPen,Pen/cartridge,611.0,3398.0,1019400.0,19971.6545
2026-06-01,0601011P0BBAAAA,Apidra 100units/ml solution for injection 10ml vials,Apidra,Vial,Vial/pump,289.0,1151.0,1151000.0,18198.47295
2026-06-01,0601011P0BBABAB,Apidra 100units/ml solution for injection 3ml cartridges,Apidra,Cartridge,Pen/cartridge,398.0,3028.0,908400.0,17022.32615
2026-06-01,0601011P0BBAEAC,Apidra 100units/ml inj 3ml pre-filled SoloStar pens,Apidra,Pen U100,Pen/cartridge,5469.0,36925.0,11077500.0,208333.31746999998
2026-07-01,0601011A0BBAAAA,NovoRapid 100units/ml solution for injection 10ml vials,NovoRapid,Vial,Vial/pump,41365.0,167387.0,167387000.0,2346302.7835399997
2026-07-01,0601011A0BBABAB,NovoRapid Penfill 100units/ml inj 3ml cartridges,NovoRapid,Cartridge,Pen/cartridge,46225.0,352527.0,105758100.0,1986420.2259299997
2026-07-01,0601011A0BBADAC,NovoRapid FlexPen 100units/ml inj 3ml pre-filled pens,NovoRapid,FlexPen U100,Pen/cartridge,86941.0,553113.0,165933900.0,3373047.1021000003
2026-07-01,0601011A0BBAEAC,NovoRapid FlexTouch 100units/ml inj 3ml pre-filled pens,NovoRapid,FlexTouch U100,Pen/cartridge,251.0,1583.0,474900.0,10166.72478
2026-07-01,0601011A0BBAFAD,NovoRapid PumpCart 100units/ml inj 1.6ml cartridges,NovoRapid,PumpCart,Vial/pump,3770.0,56737.0,9077920.0,170397.31702999998
2026-07-01,0601011A0BCAAAC,Fiasp FlexTouch 100units/ml inj 3ml pre-filled pens,Fiasp,FlexTouch U100,Pen/cartridge,315.0,1943.0,582900.0,11864.485299999998
2026-07-01,0601011A0BCABAB,Fiasp Penfill 100units/ml inj 3ml cartridges,Fiasp,Cartridge,Pen/cartridge,31991.0,214242.0,64272600.0,1207156.07509
2026-07-01,0601011A0BCACAA,Fiasp 100units/ml solution for injection 10ml vials,Fiasp,Vial,Vial/pump,10502.0,41233.0,41233000.0,577700.1443399999
2026-07-01,0601011A0BDAAAB,Trurapi 100units/ml solution for injection 3ml cartridges,Trurapi,Cartridge,Pen/cartridge,2566.0,17714.0,5314200.0,69697.01553999998
2026-07-01,0601011A0BDABAC,Trurapi 100units/ml inj 3ml pre-filled Solostar pens,Trurapi,Pen U100,Pen/cartridge,26409.0,152025.0,45607500.0,649360.0406100001
2026-07-01,0601011A0BDACAA,Trurapi 100units/ml solution for injection 10ml vial,Trurapi,Vial,Vial/pump,1165.0,4490.0,4490000.0,53400.51144000001
2026-07-01,0601011L0BBABAB,Humalog 100units/ml solution for injection 10ml vials,Humalog,Vial,Vial/pump,3601.0,14991.0,14991000.0,247928.35330000002
2026-07-01,0601011L0BBACAC,Humalog 100units/ml solution for injection 3ml cartridges,Humalog,Cartridge,Pen/cartridge,7807.0,66632.0,19989600.0,374918.73634
2026-07-01,0601011L0BBAGAF,Humalog KwikPen 100units/ml inj 3ml pre-filled pens,Humalog,KwikPen U100,Pen/cartridge,16277.0,110294.0,33088200.0,647294.6163700001
2026-07-01,0601011L0BBAHAG,Humalog KwikPen 200units/ml inj 3ml pre-filled pens,Humalog,KwikPen U200,Pen/cartridge,2894.0,23904.0,14342400.0,280653.79021999997
2026-07-01,0601011L0BBAIAF,Humalog Junior KwikPen 100units/ml inj 3ml pre-filled pens,Humalog,Junior KwikPen,Pen/cartridge,672.0,3710.0,1113000.0,21753.916290000005
2026-07-01,0601011L0BBAJAF,Humalog Tempo Pen 100units/ml inj 3ml pre-filled pens,Humalog,Tempo Pen,Pen/cartridge,1.0,1.0,300.0,6.3124
2026-07-01,0601011L0BDAAAG,Lyumjev KwikPen 200units/ml inj 3ml pre-filled pens,Lyumjev,KwikPen U200,Pen/cartridge,443.0,3271.0,1962600.0,38430.14793
2026-07-01,0601011L0BDABAB,Lyumjev 100units/ml solution for injection 10ml vials,Lyumjev,Vial,Vial/pump,2391.0,9271.0,9271000.0,153222.83346
2026-07-01,0601011L0BDACAC,Lyumjev 100units/ml solution for injection 3ml cartridges,Lyumjev,Cartridge,Pen/cartridge,1215.0,8788.0,2636400.0,49469.11277
2026-07-01,0601011L0BDADAF,Lyumjev KwikPen 100units/ml inj 3ml pre-filled pens,Lyumjev,KwikPen U100,Pen/cartridge,7264.0,44645.0,13393500.0,262137.53067999997
2026-07-01,0601011L0BDAEAF,Lyumjev Junior KwikPen 100units/ml inj 3ml pre-filled pens,Lyumjev,Junior KwikPen,Pen/cartridge,660.0,3760.0,1128000.0,22085.025440000005
2026-07-01,0601011P0BBAAAA,Apidra 100units/ml solution for injection 10ml vials,Apidra,Vial,Vial/pump,311.0,1239.0,1239000.0,19661.91256
2026-07-01,0601011P0BBABAB,Apidra 100units/ml solution for injection 3ml cartridges,Apidra,Cartridge,Pen/cartridge,418.0,3098.0,929400.0,17402.467660000002
2026-07-01,0601011P0BBAEAC,Apidra 100units/ml inj 3ml pre-filled SoloStar pens,Apidra,Pen U100,Pen/cartridge,5665.0,38360.0,11508000.0,216253.16136999996
