practice,lyumjev_units_last12m,rank,cum_share_pct
B83033,2292800.0,1,0.7650886268814797
P81664,2254200.0,2,1.517296749140827
M81040,1094000.0,3,1.8823556107111072
B87016,1022400.0,4,2.2235221372828207
J84013,950600.0,5,2.54072959049005
L83100,890700.0,6,2.8379489031049023
L83006,869000.0,7,3.1279271030176754
J84011,806000.0,8,3.396882717666346
F81042,783200.0,9,3.6582301586003894
Y01008,782000.0,10,3.9191771693389263
L83008,767200.0,11,4.175185540999547
P81196,709400.0,12,4.411906524909928
B81048,688100.0,13,4.641519872850066
M81057,681900.0,14,4.869064331446751
B81061,647000.0,15,5.084962945190783
C81051,631100.0,16,5.295555858844351
C81017,627700.0,17,5.505014220277317
L83019,612500.0,18,5.709400465900533
F81115,595200.0,19,5.908013842871859
G82066,588800.0,20,6.104491592133816
B87030,587000.0,21,6.300368696102512
B81085,584700.0,22,6.495478308863155
B81008,577000.0,23,6.688018494535964
C81072,569700.0,24,6.878122729852771
C81006,568500.0,25,7.067826534974074
B87011,561900.0,26,7.255327974020089
B87017,559700.0,27,7.442095291041008
G81034,555300.0,28,7.627394364011737
F81636,546700.0,29,7.8098236872480005
G82744,539000.0,30,7.989683583396428
C82014,536300.0,31,8.168642511604968
G82028,531500.0,32,8.34599971903148
F81019,528400.0,33,8.522322481786265
B82050,517400.0,34,8.694974634415574
C84001,512500.0,35,8.865991697079895
L83064,503000.0,36,9.033838687363124
M81010,493800.0,37,9.198615712814133
G82122,493000.0,38,9.363125784801472
J84012,492100.0,39,9.52733553414218
C81069,486500.0,40,9.68967660923719
L82016,481800.0,41,9.850449332733133
J84015,478900.0,42,10.010254349923267
P81057,477500.0,43,10.169592198551976
C81038,475000.0,44,10.328095817606716
B83008,466900.0,45,10.483896532841783
C81005,466000.0,46,10.639396925430221
B87007,465000.0,47,10.794563626189069
L83113,458600.0,48,10.947594699238548
M81058,456000.0,49,11.099758173531097
F81133,455800.0,50,11.251854909457727
C81037,454500.0,51,11.403517846005892
N85002,445700.0,52,11.552244294453674
L84012,444300.0,53,11.700503574340033
F81108,437700.0,54,11.846560488151104
L84026,434800.0,55,11.991649695656367
B87021,434400.0,56,12.136605426429794
P84068,433400.0,57,12.281227465373632
F81021,431300.0,58,12.425148751475334
P81076,428300.0,59,12.568068962088269
G82014,428100.0,60,12.710922434335286
C82071,426600.0,61,12.853275368837922
L83076,423500.0,62,12.994593858668829
C82001,423500.0,63,13.135912348499737
C84077,422600.0,64,13.276930515684015
B81037,420000.0,65,13.417081084111363
M81056,413700.0,66,13.5551293940123
L83038,409500.0,67,13.691776198228963
B87026,408600.0,68,13.828122679798998
F81036,405800.0,69,13.963534824246182
B83063,405100.0,70,14.098713384412653
G82809,404500.0,71,14.233691729481373
F81681,404100.0,72,14.368536597818258
G81021,403300.0,73,14.503114512691468
G82099,402000.0,74,14.637258628186215
F81037,398000.0,75,14.770067976362606
C82038,397500.0,76,14.9027104786242
C81064,396500.0,77,15.035019289056208
G82071,387300.0,78,15.164258134656
B87005,386500.0,79,15.293230026792118
M83026,384500.0,80,15.421534535269057
P81020,382800.0,81,15.549271767635698
L84050,381500.0,82,15.676575200623871
A88003,380100.0,83,15.803411465050617
C81054,378500.0,84,15.929713822550026
F81052,378000.0,85,16.05584933413464
F81095,375100.0,86,16.18101713941344
P81015,374200.0,87,16.305884622045618
K81030,372700.0,88,16.43025156693341
M83042,372500.0,89,16.55455177345528
C81061,371000.0,90,16.67835144223277
J84019,368500.0,91,16.80131688143629
F81023,367500.0,92,16.92394862881022
L83089,364500.0,93,17.04557930069538
G82741,363000.0,94,17.166709434836157
L83101,362400.0,95,17.287639353879182
B85610,362000.0,96,17.408435796190375
C82013,361500.0,97,17.52906539258677
B87020,357800.0,98,17.648460329213687
L83648,354900.0,99,17.766887559534794
H82064,353700.0,100,17.884914359660396
C81048,353000.0,101,18.002707575505283
B87006,352900.0,102,18.120467422167216
A88013,352800.0,103,18.238193899646188
P89015,350500.0,104,18.355152885917104
Y02646,349000.0,105,18.471611334443637
C82055,343700.0,106,18.58630121627335
B81025,343200.0,107,18.700824252188266
L83021,340000.0,108,18.8142794742485
P81002,339600.0,109,18.927601219576896
C81004,337700.0,110,19.040288950429076
P84034,337500.0,111,19.15290994291534
C81081,335600.0,112,19.26489692092538
C81020,335500.0,113,19.376850529752467
Y02466,335100.0,114,19.488670661847713
H82057,334600.0,115,19.600323948028166
B87039,333800.0,116,19.711710280744946
J83021,333000.0,117,19.82282965999806
B87008,332600.0,118,19.93381556251933
L83048,331000.0,119,20.044267558113265
L82030,331000.0,120,20.1547195537072
M83074,330700.0,121,20.265071441752255
P81067,328000.0,122,20.374522361857423
C82009,328000.0,123,20.48397328196259
K82009,327000.0,124,20.593090510238167
M81068,320900.0,125,20.700172218353252
P81143,320700.0,126,20.807187188102418
K84052,320300.0,127,20.914068681119748
P81681,319500.0,128,21.020683220673412
L84080,319500.0,129,21.12729776022707
J82154,318500.0,130,21.23357860795114
B87003,318300.0,131,21.339792717309297
J84004,318000.0,132,21.445906719118575
C82124,317800.0,133,21.551953982561933
E86609,317700.0,134,21.657967876822333
C81009,317000.0,135,21.76374818680202
M81047,316000.0,136,21.86919480495212
P81025,314100.0,137,21.974007408626
B83039,313000.0,138,22.078452951287332
M81091,312400.0,139,22.182698278850914
B87031,311100.0,140,22.286509807036026
M81015,309500.0,141,22.389787428293797
M81006,309000.0,142,22.492898203636774
L83015,308000.0,143,22.59567528715016
C82007,308000.0,144,22.69845237066355
L84027,308000.0,145,22.801229454176937
M83027,307900.0,146,22.903973168507367
F81116,307500.0,147,23.00658340610596
M83617,305500.0,148,23.108526260045377
P88026,303500.0,149,23.209801730325612
P81169,303000.0,150,23.310910354691057
F81110,302500.0,151,23.411852133141707
C81059,302500.0,152,23.512793911592354
B85059,302100.0,153,23.613602213311164
J83016,301500.0,154,23.71421029993223
K81610,301300.0,155,23.814751648187368
B82053,300600.0,156,23.9150594121618
C81032,298500.0,157,24.01466642329409
C81110,297500.0,158,24.113939742596795
L84003,295000.0,159,24.21237883232553
M83680,295000.0,160,24.31081792205426
B87013,293500.0,161,24.408756474038608
P81740,292600.0,162,24.506394703376326
N81086,291600.0,163,24.60369924088446
F81716,291000.0,164,24.700803563294834
J82102,289800.0,165,24.797507455509702
E81038,288600.0,166,24.893810917529066
B87027,288000.0,167,24.989914164450674
C87002,287500.0,168,25.08585056545749
P87035,287200.0,169,25.18168685891543
L82046,286500.0,170,25.277289568092655
C82067,286200.0,171,25.372792169721002
K84613,284500.0,172,25.46772749523905
P81185,284500.0,173,25.562662820757097
P81133,284200.0,174,25.657498038726274
B87018,282100.0,175,25.751632503853305
C81094,281000.0,176,25.845399907967792
P81082,280600.0,177,25.939033835350443
G82231,280500.0,178,26.032634393550136
C85008,280500.0,179,26.126234951749826
N81022,279900.0,180,26.219635294851766
J83026,279300.0,181,26.312835422855958
C81060,279200.0,182,26.40600218167718
F81741,277500.0,183,26.498601664388104
P81040,276200.0,184,26.59076734772057
L83072,275000.0,185,26.682532600857524
C81083,275000.0,186,26.774297853994472
C81042,274300.0,187,26.865829522850714
C81010,274000.0,188,26.95726108415808
P81036,273200.0,189,27.048425692001775
L84018,273000.0,190,27.13952356147955
L83030,272000.0,191,27.230287739127736
G82799,271500.0,192,27.320885070861127
P81125,270900.0,193,27.411282187496766
L83147,269900.0,194,27.50134561230282
C81114,269100.0,195,27.5911420836452
J84007,268500.0,196,27.68073833988982
L84040,268400.0,197,27.77030122695149
L84075,268300.0,198,27.859830744830195
P87002,268000.0,199,27.949260155160026
M83006,267500.0,200,28.038522719575067
N81049,267000.0,201,28.12761843807531
P87024,266600.0,202,28.216580679843712
G82119,266500.0,203,28.305509552429157
L84033,266400.0,204,28.39440505583165
P81058,266000.0,205,28.483167082502302
P81006,265800.0,206,28.57186237080704
N81029,265500.0,207,28.660457551562896
M81082,263100.0,208,28.748251871927742
J82083,262500.0,209,28.835845977194836
J83011,262500.0,210,28.923440082461926
L84009,261500.0,211,29.010700495899428
F81044,261300.0,212,29.09789417097101
N81084,260300.0,213,29.18475415421301
C84016,260100.0,214,29.271547399089087
P88007,259800.0,215,29.35824053641629
C84036,259700.0,216,29.444900304560534
L83646,259500.0,217,29.531493334338858
F86038,259000.0,218,29.61791951820239
L84023,258500.0,219,29.704178856151124
B84008,258500.0,220,29.79043819409986
Y02622,258100.0,221,29.876564055316763
G82702,258000.0,222,29.9626565473507
G82026,258000.0,223,30.04874903938465
L84038,256500.0,224,30.1343409936742
Y02469,256500.0,225,30.219932947963763
N81077,256500.0,226,30.30552490225332
B87022,256500.0,227,30.391116856542876
H81069,254700.0,228,30.476108165539177
C82017,254500.0,229,30.561032736169558
N81062,253200.0,230,30.645523507421473
C81057,253000.0,231,30.729947540307474
M81075,253000.0,232,30.814371573193466
P81184,252900.0,233,30.898762236896506
C81068,252100.0,234,30.982885947135873
P81051,252100.0,235,31.067009657375237
N85044,250900.0,236,31.1507329374191
P81017,250100.0,237,31.23418926399929
G82687,250000.0,238,31.31761222139652
M83030,249500.0,239,31.400868332878957
L85008,248500.0,240,31.483790752531803
B85019,247000.0,241,31.566212634440266
G81070,245800.0,242,31.648234086153227
D81010,245600.0,243,31.730188799500265
G82693,245000.0,244,31.81194329774955
C87017,243000.0,245,31.893030412339655
P87620,241500.0,246,31.973616989185384
P87020,241400.0,247,32.05417019684815
B83014,240500.0,248,32.134423081864284
Y05286,240400.0,249,32.214642597697456
B81101,239900.0,250,32.29469526761584
C81052,239500.0,251,32.374614460802384
P87027,238700.0,252,32.45426670052527
M81008,238500.0,253,32.533852201882226
F81141,237500.0,254,32.6131040114096
L84058,236500.0,255,32.69202212910737
Y04995,235500.0,256,32.770606554975565
L84015,235500.0,257,32.84919098084375
Y00445,235100.0,258,32.927641929980105
M81049,235000.0,259,33.00605950993351
E81037,234600.0,260,33.08434361315506
M81629,234500.0,261,33.16259434719367
G82228,234000.0,262,33.240678235317475
J82085,234000.0,263,33.31876212344128
M81005,232500.0,264,33.39634547382071
G82161,232500.0,265,33.47392882420014
L84007,232000.0,266,33.55134532866476
B83055,231900.0,267,33.62872846394643
A89004,231700.0,268,33.706044860862185
F81156,231500.0,269,33.783294519412024
F84006,231400.0,270,33.8605108087789
J83010,230500.0,271,33.93742677549915
P84673,230100.0,272,34.01420926548756
C81031,230000.0,273,34.09095838629301
L84047,229500.0,274,34.167540661183665
J84005,229000.0,275,34.24395609015953
G82039,228600.0,276,34.32023804240355
H82035,228500.0,277,34.396486625464625
B81069,228500.0,278,34.4727352085257
G82057,228000.0,279,34.548816945671966
F81091,227800.0,280,34.624831944452325
B82013,227700.0,281,34.70081357404972
Y01812,227000.0,282,34.77656161936641
L84048,226500.0,283,34.85214281876829
C82041,226500.0,284,34.92772401817019
B87028,225900.0,285,35.00310500247433
G82052,225000.0,286,35.07818566413184
J84017,224500.0,287,35.15309947987454
L84037,224500.0,288,35.22801329561726
C84029,224500.0,289,35.30292711135997
L83639,224000.0,290,35.37767408118789
F81067,223500.0,291,35.45225420510101
B87002,223000.0,292,35.526667483099345
C81029,223000.0,293,35.60108076109767
F86001,222500.0,294,35.675327193181204
G81100,222500.0,295,35.749573625264745
E81057,220200.0,296,35.82305256614022
P81055,220000.0,297,35.896464768649786
B82008,219000.0,298,35.969543279329756
B83624,219000.0,299,36.04262179000973
C81040,218000.0,300,36.115366608860114
D81633,216800.0,301,36.187710997515
C82070,216600.0,302,36.25998864780396
L82022,216200.0,303,36.332132821361085
M83073,216000.0,304,36.40421025655229
F81017,216000.0,305,36.4762876917435
C84020,216000.0,306,36.5483651269347
H82003,215500.0,307,36.62027571621111
C84037,215100.0,308,36.69205282875569
P87040,215000.0,309,36.763796572117315
F81038,215000.0,310,36.83554031547893
F81679,214800.0,311,36.90721732047463
P81077,214500.0,312,36.978794217921454
P83012,214500.0,313,37.05037111536827
C85010,214200.0,314,37.12184790526622
M81037,213500.0,315,37.19309111088346
N81063,213300.0,316,37.26426757813478
F86036,213000.0,317,37.335343937837216
B84009,213000.0,318,37.406420297539654
G82100,212500.0,319,37.4773298113273
L84014,212500.0,320,37.54823932511495
N81030,211900.0,321,37.61894862380484
M83051,211500.0,322,37.68952444576289
E81021,211200.0,323,37.76000016017208
P84017,210600.0,324,37.830275659483505
L84054,210000.0,325,37.900350943697184
Y00969,210000.0,326,37.970426227910856
A88002,210000.0,327,38.04050151212452
P81038,209100.0,328,38.11027647369157
Y05248,208500.0,329,38.17985122016086
M81627,208500.0,330,38.24942596663015
C81073,208000.0,331,38.318833867184644
J84003,208000.0,332,38.38824176773914
C82018,207700.0,333,38.45754956074476
B84012,207300.0,334,38.52672387701854
C87006,207000.0,335,38.595798085743446
F81010,207000.0,336,38.66487229446835
J83040,207000.0,337,38.73394650319326
C84094,206800.0,338,38.80295397355225
J82110,206500.0,339,38.871861336362365
M81039,205000.0,340,38.940268161428094
C84059,204700.0,341,39.00857487894495
G82024,204500.0,342,39.07681485809588
P81160,204500.0,343,39.14505483724682
N81118,204200.0,344,39.213194708848874
C81023,204000.0,345,39.281267842085015
K84030,204000.0,346,39.34934097532115
G85038,204000.0,347,39.41741410855729
P87016,204000.0,348,39.48548724179343
M81022,203000.0,349,39.55322668319998
K84017,201600.0,350,39.62049895604511
C85619,201000.0,351,39.687571013792486
L82012,200500.0,352,39.75447622562506
C87029,200400.0,353,39.82134806827468
G82038,200300.0,354,39.88818654174134
C81108,200000.0,355,39.95492490765913
B82042,199800.0,356,40.021596535210996
A88016,199500.0,357,40.088168055213984
L84008,198300.0,358,40.15433914502147
Y00469,198300.0,359,40.22051023482895
M81004,198000.0,360,40.28658121708756
M83010,197600.0,361,40.35251872261433
Y03052,197100.0,362,40.418289382226305
L84065,196200.0,363,40.48375971919165
G82634,195000.0,364,40.54882962596149
E87063,194500.0,365,40.61373268681653
F81177,194000.0,366,40.67846890175679
K81020,193500.0,367,40.74303827078224
F81028,193400.0,368,40.80757427062474
C87005,193200.0,369,40.87204353210132
C81018,192500.0,370,40.93627920929719
F86691,192500.0,371,41.00051488649306
B87001,192500.0,372,41.064750563688925
B81027,192500.0,373,41.12898624088479
A89019,192500.0,374,41.19322191808066
B87004,192300.0,375,41.25739085691061
C82078,192000.0,376,41.32145968819168
G82044,191500.0,377,41.38536167355796
P87025,191000.0,378,41.44909681300945
P81213,190900.0,379,41.51279858327796
J82155,190500.0,380,41.57636687681466
A88613,190500.0,381,41.63993517035135
C84005,190500.0,382,41.70350346388803
P87610,189400.0,383,41.76670469641218
H82084,189000.0,384,41.82977245220448
P81032,188600.0,385,41.89270673126496
B82016,188000.0,386,41.95544079522767
F81153,187500.0,387,42.0180080132756
N81052,187500.0,388,42.08057523132352
L84059,187500.0,389,42.14314244937144
K83044,186800.0,390,42.205476083138656
B83016,186600.0,391,42.26774297853994
F81041,186300.0,392,42.32990976639236
L84030,186200.0,393,42.392043185061816
F81080,186100.0,394,42.45414323454831
C81071,186000.0,395,42.516209914851856
G82035,186000.0,396,42.578276595155394
D81057,184300.0,397,42.639775999348636
P81069,184000.0,398,42.701175295992996
B82007,184000.0,399,42.76257459263736
B82027,183700.0,400,42.82387378173284
J82049,183600.0,401,42.88513960164536
G82091,183500.0,402,42.94637205237494
L81073,183000.0,403,43.007437657189705
A82007,183000.0,404,43.068503262004484
F81746,183000.0,405,43.12956886681925
P81103,182700.0,406,43.190534364085146
F86627,182500.0,407,43.25143312298513
K81024,182500.0,408,43.31233188188511
D81004,182000.0,409,43.37306379487028
P81179,182000.0,410,43.433795707855474
F81011,181500.0,411,43.49436077492586
D83019,181500.0,412,43.55492584199625
M81063,181500.0,413,43.61549090906664
B87019,181100.0,414,43.675922499405196
N82053,181000.0,415,43.73632072056079
C86611,180900.0,416,43.79668557253342
B83067,180100.0,417,43.85678347104239
B82049,180000.0,418,43.9168480003684
J83042,180000.0,419,43.9769125296944
F81029,180000.0,420,44.03697705902041
E86036,179500.0,421,44.096874742431616
D83050,179500.0,422,44.15677242584283
P81181,179000.0,423,44.21650326333925
C81066,178800.0,424,44.27616736246975
B83642,178500.0,425,44.33573135405137
C81099,178000.0,426,44.3951284997182
N85023,177900.0,427,44.45449227620207
H82040,177600.0,428,44.513755945137056
D83057,177500.0,429,44.57298624488909
F81757,177300.0,430,44.63214980627521
G81076,176500.0,431,44.69104641419766
B81036,176500.0,432,44.7499430221201
C84051,176500.0,433,44.80883963004254
C87030,175500.0,434,44.8674025461354
C81047,174500.0,435,44.92563177039867
G81088,174500.0,436,44.98386099466193
F86607,174400.0,437,45.04205684974224
H82005,174100.0,438,45.10015259727367
D81027,174000.0,439,45.158214975622144
C81049,174000.0,440,45.21627735397061
C81014,174000.0,441,45.274339732319085
L83059,174000.0,442,45.33240211066756
G81046,174000.0,443,45.39046448901603
E81019,174000.0,444,45.4485268673645
B87042,174000.0,445,45.50658924571297
G82218,173000.0,446,45.564317932231866
C86007,172800.0,447,45.62197988038483
C81604,172500.0,448,45.679541720988915
E86004,172500.0,449,45.73710356159301
N81092,172500.0,450,45.79466540219709
A88006,172500.0,451,45.85222724280118
L82066,172000.0,452,45.909622237490474
A89007,171500.0,453,45.96685038626498
P87008,171300.0,454,46.024011796673555
A89020,171000.0,455,46.08107309953326
B87032,170500.0,456,46.13796755647817
F81069,170400.0,457,46.194828644240125
K81047,170300.0,458,46.25165636281912
G82060,170000.0,459,46.30838397384924
K81001,169500.0,460,46.36494473896456
H82047,169500.0,461,46.42150550407989
G82080,169000.0,462,46.47789942328041
C82002,168900.0,463,46.53425997329798
H82044,168300.0,464,46.590420308217794
Y00411,167500.0,465,46.64631368967394
G82006,167400.0,466,46.702173701947125
B81112,167100.0,467,46.75793360667143
N81027,166700.0,468,46.81356003466391
D81011,166500.0,469,46.869119724290464
B85015,166500.0,470,46.92467941391702
G82076,166500.0,471,46.980239103543575
L83071,166000.0,472,47.03563194725533
P81704,166000.0,473,47.0910247909671
B83002,165800.0,474,47.14635089631294
N81075,165600.0,475,47.201610263292864
C81021,165500.0,476,47.25683626108983
J83052,165300.0,477,47.31199552052088
B81029,165000.0,478,47.36705467240305
P81734,165000.0,479,47.42211382428522
B84613,163700.0,480,47.47673917678893
G82085,163500.0,481,47.53129779092672
B81034,163000.0,482,47.58568955914971
A83047,163000.0,483,47.640081327372705
D81061,162600.0,484,47.694339618863864
A83013,162500.0,485,47.748564541172065
C81027,162100.0,486,47.802655986748434
C87031,162000.0,487,47.85671406314184
E81033,162000.0,488,47.91077213953524
L84039,162000.0,489,47.96483021592864
F81213,161500.0,490,48.018721446407255
P91035,160500.0,491,48.07227898505628
B85028,160500.0,492,48.1258365237053
C84049,160000.0,493,48.17922721643953
G81638,160000.0,494,48.23261790917376
P81119,159700.0,495,48.285908494359106
B84011,159500.0,496,48.339132341178534
B83037,159400.0,497,48.39232281881502
B86064,159300.0,498,48.44547992726853
P81065,159100.0,499,48.498570297356125
C87622,159000.0,500,48.55162729826076
P84630,159000.0,501,48.6046842991654
C86023,159000.0,502,48.65774130007004
P81100,158800.0,503,48.710731562608764
F86621,158500.0,504,48.7636217175986
G82647,158500.0,505,48.81651187258845
E83600,158500.0,506,48.869402027578296
C82066,158300.0,507,48.92222544420222
P84064,158200.0,508,48.975015491643184
L83102,158000.0,509,49.02773880071824
C81086,158000.0,510,49.08046210979329
A89010,157500.0,511,49.13301857295354
G82032,157500.0,512,49.185575036113796
B87015,157500.0,513,49.238131499274054
B87025,157500.0,514,49.29068796243431
P84035,157200.0,515,49.34314431804569
D81050,157100.0,516,49.395567304474106
N81088,157000.0,517,49.447956921719566
M83035,157000.0,518,49.500346538965026
D83059,156900.0,519,49.55270278702753
C81007,156700.0,520,49.60499229672411
C81053,156100.0,521,49.65708159132294
E86015,156000.0,522,49.709137516738814
B85055,156000.0,523,49.76119344215469
A89001,156000.0,524,49.81324936757056
B85024,156000.0,525,49.865305292986434
C82062,155500.0,526,49.91719437248751
Y02849,155300.0,527,49.969016713622665
C84009,155300.0,528,50.02083905475783
K84051,155000.0,529,50.07256128834411
B87036,155000.0,530,50.124283521930394
G81104,155000.0,531,50.17600575551667
L84036,155000.0,532,50.22772798910295
F86004,155000.0,533,50.279450222689235
N81632,154600.0,534,50.331038979543685
B84016,154500.0,535,50.382594367215184
B81074,154500.0,536,50.43414975488667
G81095,154500.0,537,50.48570514255816
B83018,154500.0,538,50.537260530229645
C82039,154400.0,539,50.58878254871817
B85041,153600.0,540,50.640037613743026
P81191,153500.0,541,50.691259309584936
B83660,153300.0,542,50.74241426706091
K81630,153000.0,543,50.79346911698802
Y02807,152600.0,544,50.84439049018329
C84637,152500.0,545,50.895278494195594
G82808,152500.0,546,50.946166498207916
K84038,152000.0,547,50.996887656305425
C81097,152000.0,548,51.04760881440294
B85033,151600.0,549,51.09819649576862
N81087,151500.0,550,51.14875080795134
P87654,151500.0,551,51.19930512013406
C82054,151400.0,552,51.24982606313383
M91015,150500.0,553,51.300046683486954
P91013,150500.0,554,51.35026730384009
H82072,150100.0,555,51.400354447461396
P84635,150000.0,556,51.45040822189972
B81075,149800.0,557,51.50039525797215
P81022,149500.0,558,51.550282186495686
Y01291,149500.0,559,51.600169115019234
G82780,149500.0,560,51.65005604354278
F84717,149000.0,561,51.699776126151534
C82048,149000.0,562,51.749496208760284
P81170,148700.0,563,51.799116183820146
G82666,148500.0,564,51.848669420514106
L84084,148500.0,565,51.89822265720806
M81017,148000.0,566,51.94760904798722
C87009,147300.0,567,51.996761854485676
Y00352,146700.0,568,52.04571444588636
L84031,146100.0,569,52.094466822189304
H82056,146100.0,570,52.143219198492254
N81127,146000.0,571,52.19193820561223
C82096,145800.0,572,52.2405904743663
P81092,145800.0,573,52.289242743120354
E86017,145500.0,574,52.33779490432555
P81127,145500.0,575,52.386347065530735
J83050,145500.0,576,52.43489922673592
C85004,145500.0,577,52.483451387941116
C84061,145500.0,578,52.5320035491463
L81025,145500.0,579,52.58055571035148
A83005,145200.0,580,52.629007764007795
B81018,145000.0,581,52.6773930792982
P81044,144800.0,582,52.72571165622267
Y05690,144500.0,583,52.77393012559827
P81013,144100.0,584,52.82201511824203
G81038,144000.0,585,52.870066741702836
P81130,144000.0,586,52.918118365163636
J82119,144000.0,587,52.96616998862444
A89036,144000.0,588,53.01422161208526
P81070,143500.0,589,53.06210638963126
C82073,143400.0,590,53.10995779799431
G82105,143100.0,591,53.15770909880848
B85022,142800.0,592,53.20536029207379
L81045,142500.0,593,53.2529113777902
B85012,142500.0,594,53.300462463506626
J83008,142500.0,595,53.34801354922305
K84023,142500.0,596,53.395564634939475
M81094,142100.0,597,53.44298224392405
P81129,141700.0,598,53.49026637617681
M83037,141500.0,599,53.537483770063645
K84006,141500.0,600,53.58470116395046
F81013,141000.0,601,53.631751711922504
N81093,141000.0,602,53.67880225989454
J82028,140000.0,603,53.72551911603699
C87018,139600.0,604,53.772102495447605
J81620,139500.0,605,53.81865250567527
C84069,139500.0,606,53.86520251590292
H82023,139300.0,607,53.911685787764654
H82100,139200.0,608,53.958135690443434
P84678,139000.0,609,54.00451885475629
N81642,139000.0,610,54.050902019069156
P84019,138600.0,611,54.09715170665018
P81078,138600.0,612,54.143401394231205
C82033,138500.0,613,54.18961771262927
M81029,138500.0,614,54.23583403102733
B83020,138200.0,615,54.28195024187652
B81024,138000.0,616,54.3279997143598
F81221,138000.0,617,54.37404918684307
G82083,137800.0,618,54.42003192096042
N85007,137800.0,619,54.46601465507778
Y05369,137600.0,620,54.51193065082921
F81212,137600.0,621,54.55784664658064
K82007,137500.0,622,54.60372927314911
P81107,137500.0,623,54.6496118997176
M81027,137400.0,624,54.69546115710311
C82068,137400.0,625,54.74131041448863
C82024,137200.0,626,54.787092933508234
C84044,137000.0,627,54.83280871416192
G82021,137000.0,628,54.87852449481559
C87008,136800.0,629,54.92417353710336
L83028,136500.0,630,54.96972247184225
A89013,136500.0,631,55.015271406581135
J82067,136500.0,632,55.060820341320024
F81085,136500.0,633,55.106369276058906
B82019,136500.0,634,55.1519182107978
L84021,136500.0,635,55.197467145536685
B81042,136400.0,636,55.242982711092615
M91028,136000.0,637,55.288364799916714
J82125,136000.0,638,55.33374688874081
C82003,135900.0,639,55.37909560838193
G81028,135600.0,640,55.4243442204742
B84004,135600.0,641,55.46959283256645
N85020,135500.0,642,55.514808075475756
F86664,135000.0,643,55.55985647247026
B81017,135000.0,644,55.60490486946477
F84053,135000.0,645,55.64995326645926
G82682,135000.0,646,55.695001663453766
F81150,134000.0,647,55.73971636861869
C87012,133500.0,648,55.78426422786881
F86058,133500.0,649,55.828812087118926
A88025,133500.0,650,55.87335994636905
P81655,133300.0,651,55.91784106725325
P87004,133200.0,652,55.9622888189545
A89035,132900.0,653,56.006636463106865
B85054,132900.0,654,56.050984107259225
C87620,132400.0,655,56.09516490549681
F81055,132300.0,656,56.13931233455142
L84029,132000.0,657,56.18335965605715
G81029,131800.0,658,56.22734023919698
H82045,131500.0,659,56.271220714787916
B81047,131100.0,660,56.31496771364702
B84010,131000.0,661,56.358681343323184
M81070,130800.0,662,56.4023282346334
C82627,130500.0,663,56.445875018394766
K82015,130500.0,664,56.489421802156116
Y02519,130500.0,665,56.53296858591747
C84658,130200.0,666,56.576415262129956
J84008,130000.0,667,56.61979519997651
P88025,129900.0,668,56.663141768640116
H82004,129800.0,669,56.70645496812076
B85636,129700.0,670,56.74973479841844
G82113,129500.0,671,56.7929478903502
C84017,129400.0,672,56.83612761309901
C82030,129100.0,673,56.87920722829893
B85025,129000.0,674,56.92225347431591
G82233,129000.0,675,56.96529972033287
B85018,129000.0,676,57.00834596634985
P87634,128000.0,677,57.05105852053723
C86016,127500.0,678,57.09360422880982
P91014,127500.0,679,57.1361499370824
J82130,127500.0,680,57.17869564535499
G82077,127500.0,681,57.22124135362758
B83064,127200.0,682,57.263686954351286
B82036,127200.0,683,57.30613255507501
G82027,127000.0,684,57.34851141743279
B87033,127000.0,685,57.39089027979058
H81013,126800.0,686,57.43320240378247
H82026,126500.0,687,57.475414420225455
P87649,126300.0,688,57.51755969830255
L84046,126000.0,689,57.559604868830746
L83624,126000.0,690,57.60165003935895
C84014,125500.0,691,57.643528363972365
C82034,125500.0,692,57.68540668858577
B87009,125100.0,693,57.727151536467346
N84025,125000.0,694,57.76886301516596
K84019,124500.0,695,57.81040764794978
A83015,124500.0,696,57.8519522807336
B82004,124500.0,697,57.89349691351742
K81034,124500.0,698,57.93504154630125
G81047,124300.0,699,57.976519440719144
J82149,124000.0,700,58.01789722758818
K82615,123800.0,701,58.059208276091276
N85017,123600.0,702,58.10045258622847
A83040,123500.0,703,58.14166352718271
L82043,123400.0,704,58.18284109895397
C82022,123300.0,705,58.22398530154229
P84049,123300.0,706,58.265129504130606
P91631,123200.0,707,58.30624033753596
J82015,123000.0,708,58.3472844325754
J82194,123000.0,709,58.38832852761483
B85612,123000.0,710,58.42937262265428
G82138,123000.0,711,58.47041671769371
B85006,123000.0,712,58.51146081273315
A83010,123000.0,713,58.55250490777259
L84011,123000.0,714,58.59354900281202
H82063,122800.0,715,58.63452635948554
M91613,122500.0,716,58.67540360861019
F86032,122500.0,717,58.71628085773482
P86006,122300.0,718,58.757091368493555
P82015,122100.0,719,58.797835140886356
K83066,122000.0,720,58.83854554409621
M91034,122000.0,721,58.87925594730605
C84053,121700.0,722,58.919866242967025
C85003,121600.0,723,58.96044316944504
A88022,121500.0,724,59.00098672674009
K81074,121500.0,725,59.04153028403515
F81048,121000.0,726,59.08190699541541
K81075,120400.0,727,59.12208349169792
A88015,120300.0,728,59.16222661879746
C82056,120300.0,729,59.20236974589701
K84033,120100.0,730,59.24244613463063
A83031,120000.0,731,59.282489154181306
M81035,120000.0,732,59.32253217373198
C85023,120000.0,733,59.36257519328265
L84041,120000.0,734,59.402618212833325
B83031,120000.0,735,59.44266123238398
P92605,119600.0,736,59.482570775202824
C84667,119500.0,737,59.522446948838706
N82041,119500.0,738,59.56232312247458
P87015,119500.0,739,59.602199296110456
Y00137,119100.0,740,59.64194199301449
J84016,119000.0,741,59.681651320735575
J82066,118500.0,742,59.72119380254186
D83046,118500.0,743,59.76073628434815
L84077,118500.0,744,59.800278766154435
B83022,118500.0,745,59.83982124796072
N85012,118500.0,746,59.87936372976701
P84039,118500.0,747,59.9189062115733
K84058,118000.0,748,59.95828184746479
C85033,117900.0,749,59.997624114173334
P87019,117900.0,750,60.036966380881864
N81013,117500.0,751,60.07617517085856
B82060,117300.0,752,60.11531722246934
Y07158,117300.0,753,60.15445927408012
C82643,117200.0,754,60.19356795650794
C82111,117200.0,755,60.232676638935764
C82121,117200.0,756,60.27178532136358
B82041,117000.0,757,60.310827265425495
N85051,117000.0,758,60.349869209487395
Y05346,117000.0,759,60.388911153549294
B81004,117000.0,760,60.427953097611194
K83052,116800.0,761,60.466928303307185
B85061,116500.0,762,60.505803401454294
N85028,116400.0,763,60.54464513041845
C81022,116000.0,764,60.58335338265076
A88023,115800.0,765,60.621994896517165
G82719,115500.0,766,60.66053630283468
B85036,115500.0,767,60.69907770915219
B84021,115500.0,768,60.73761911546972
N81032,115500.0,769,60.77616052178724
L84010,115000.0,770,60.81453508218997
E86042,114500.0,771,60.852742796677894
F86074,114500.0,772,60.89095051116583
E81018,114500.0,773,60.92915822565376
C82046,114300.0,774,60.967299201775774
M81042,114300.0,775,61.00544017789778
P84072,114300.0,776,61.0435811540198
G82051,114000.0,777,61.08162202259294
J83014,114000.0,778,61.11966289116607
P81047,114000.0,779,61.15770375973921
B84019,113600.0,780,61.19561115158052
F81683,113600.0,781,61.233518543421816
Y00078,113500.0,782,61.271392566080166
K81022,113500.0,783,61.309266588738495
Y01794,113500.0,784,61.347140611396846
C82093,113500.0,785,61.38501463405519
K83059,113400.0,786,61.422855287530574
C86020,113000.0,787,61.46056246427412
P81748,113000.0,788,61.498269641017664
F86012,113000.0,789,61.53597681776122
A89023,112500.0,790,61.57351714858997
K82013,112500.0,791,61.61105747941872
C85018,112500.0,792,61.64859781024747
M81045,112500.0,793,61.68613814107623
M81033,112500.0,794,61.72367847190499
G82118,112500.0,795,61.761218802733744
C84692,112500.0,796,61.798759133562484
J83019,112300.0,797,61.83623272602533
C84019,112000.0,798,61.87360621093928
G84027,111500.0,799,61.910812849938445
M81608,111300.0,800,61.9479527505717
C84080,111200.0,801,61.98505928202198
K84041,111000.0,802,62.022099075106354
G82697,111000.0,803,62.05913886819072
M83013,111000.0,804,62.09617866127509
L84028,111000.0,805,62.133218454359465
B85042,111000.0,806,62.17025824744383
P81008,111000.0,807,62.2072980405282
A89017,111000.0,808,62.244337833612576
K83049,111000.0,809,62.281377626696944
P84071,110800.0,810,62.3183506814154
J82069,110500.0,811,62.35522362858498
H81027,110500.0,812,62.39209657575455
P87017,110400.0,813,62.42893615374116
D81043,110200.0,814,62.465708993361865
P81140,110100.0,815,62.50244846379961
G81018,110000.0,816,62.53915456505439
M81011,109900.0,817,62.57582729712621
A88601,109800.0,818,62.61246666001507
N81025,109600.0,819,62.64903928453802
G82165,109500.0,820,62.68557853987801
J82152,109500.0,821,62.72211779521799
G81044,109500.0,822,62.758657050557986
F86078,109500.0,823,62.795196305897974
F81068,109500.0,824,62.831735561237956
C81101,109500.0,825,62.86827481657794
B82066,109500.0,826,62.904814071917926
P84038,109300.0,827,62.941286588892
C81026,108500.0,828,62.97749215240239
J82073,108500.0,829,63.0136977159128
A82012,108000.0,830,63.0497364335084
A88010,108000.0,831,63.08577515110401
K84024,108000.0,832,63.121813868699604
K84055,108000.0,833,63.157852586295206
B81020,108000.0,834,63.193891303890815
B83052,107700.0,835,63.22982991393754
E81032,107500.0,836,63.26570178561835
G82002,107200.0,837,63.301473549750284
A83034,107200.0,838,63.33724531388222
E83653,107000.0,839,63.37295033964823
Y03222,107000.0,840,63.40865536541425
M83072,107000.0,841,63.444360391180254
E86018,106800.0,842,63.47999867858035
P81186,106700.0,843,63.51560359679749
L84049,106500.0,844,63.55114177664871
B84003,106500.0,845,63.586679956499935
B83029,106500.0,846,63.62221813635115
C82025,106500.0,847,63.657756316202374
M81021,106500.0,848,63.693294496053596
B85650,106500.0,849,63.72883267590481
C82097,106500.0,850,63.764370855756034
N85024,106500.0,851,63.79990903560725
J82161,106500.0,852,63.83544721545847
L84005,106300.0,853,63.87091865694378
P86001,106100.0,854,63.90632336006317
A83045,106000.0,855,63.94169469399959
E86640,105900.0,856,63.97703265875305
N81125,105900.0,857,64.01237062350653
B83041,105900.0,858,64.04770858826
H81638,105500.0,859,64.08291307628163
L83081,105500.0,860,64.11811756430325
J83007,105300.0,861,64.15325531395897
G82186,105000.0,862,64.1882929560658
D83024,105000.0,863,64.22333059817264
C84012,105000.0,864,64.25836824027947
C82020,105000.0,865,64.29340588238631
N81085,105000.0,866,64.32844352449315
C82021,104500.0,867,64.36331432068519
C84013,104500.0,868,64.39818511687723
G82111,104500.0,869,64.43305591306927
P84022,104400.0,870,64.46789334007835
G81011,103900.0,871,64.50256392117265
B85016,103500.0,872,64.53710102553511
E81029,103500.0,873,64.57163812989755
J82163,103500.0,874,64.60617523426001
F81632,103500.0,875,64.64071233862246
B81040,103500.0,876,64.67524944298492
M81007,103300.0,877,64.70971980898145
C81075,103000.0,878,64.7440900674291
C84664,103000.0,879,64.77846032587676
A89015,103000.0,880,64.81283058432442
C82063,102800.0,881,64.84713410440617
F81119,102600.0,882,64.88137088612199
F81137,102600.0,883,64.91560766783782
C82076,102500.0,884,64.94981108037068
C82042,102200.0,885,64.98391438535467
K82026,102000.0,886,65.01795095197274
B81011,102000.0,887,65.0519875185908
F83003,102000.0,888,65.08602408520888
C84123,102000.0,889,65.12006065182695
C82043,102000.0,890,65.15409721844502
P84059,102000.0,891,65.18813378506309
E86019,101700.0,892,65.22207024413228
E85124,101500.0,893,65.25593996483555
J82196,101000.0,894,65.28964283962404
P81083,101000.0,895,65.32334571441251
B85023,100800.0,896,65.35698185083508
K81083,100800.0,897,65.39061798725766
G82095,100500.0,898,65.42415401613133
P81018,100500.0,899,65.45769004500501
C81046,100500.0,900,65.4912260738787
Y02476,100500.0,901,65.52476210275239
J83030,100500.0,902,65.55829813162607
C81091,100500.0,903,65.59183416049976
M81081,100500.0,904,65.62537018937346
L84072,100500.0,905,65.65890621824714
K84037,100400.0,906,65.69240887793786
M85016,100200.0,907,65.72584479926267
P81027,100000.0,908,65.75921398222157
P88016,100000.0,909,65.79258316518046
C84023,100000.0,910,65.82595234813935
C82112,99500.0,911,65.85915468518346
G82729,99400.0,912,65.89232365304458
M91019,99300.0,913,65.92545925172276
F84070,99300.0,914,65.95859485040094
E87738,99000.0,915,65.99163034153025
M88013,99000.0,916,66.02466583265955
F81640,99000.0,917,66.05770132378885
B82059,99000.0,918,66.09073681491816
G81054,99000.0,919,66.12377230604747
E83035,99000.0,920,66.15680779717677
C82012,99000.0,921,66.18984328830607
P87624,99000.0,922,66.22287877943536
B86110,99000.0,923,66.25591427056467
C82031,98900.0,924,66.28891639251103
N85046,98700.0,925,66.32185177609145
G85633,98600.0,926,66.35475379048891
B86006,98500.0,927,66.38762243570342
M82048,98500.0,928,66.42049108091793
M85178,98400.0,929,66.45332635694949
D81045,98400.0,930,66.48616163298104
N82037,98200.0,931,66.51893017064666
P84669,98200.0,932,66.5516987083123
M91029,98200.0,933,66.58446724597793
L81029,98000.0,934,66.61716904527765
P87657,97800.0,935,66.64980410621143
C87616,97800.0,936,66.68243916714523
L83039,97700.0,937,66.71504085889607
P84645,97500.0,938,66.74757581228099
A88004,97500.0,939,66.78011076566591
P88015,97500.0,940,66.81264571905083
A88012,97500.0,941,66.84518067243576
A88608,97500.0,942,66.87771562582068
E86012,97500.0,943,66.91025057920558
M83065,97500.0,944,66.9427855325905
J82640,97500.0,945,66.97532048597543
P88017,97500.0,946,67.00785543936036
P81701,97200.0,947,67.04029028519639
P87028,97100.0,948,67.07269176184948
G81016,97000.0,949,67.1050598693196
C82094,96500.0,950,67.13726113087493
F84052,96500.0,951,67.16946239243026
P83009,96500.0,952,67.2016636539856
K81651,96500.0,953,67.23386491554093
G82097,96000.0,954,67.26589933118147
P81059,96000.0,955,67.297933746822
F86088,96000.0,956,67.32996816246254
D83051,95500.0,957,67.36183573218828
G81042,95500.0,958,67.39370330191402
Y04297,95300.0,959,67.42550413327385
D83001,95000.0,960,67.45720485708479
G82031,95000.0,961,67.48890558089575
L81039,95000.0,962,67.52060630470669
J83041,94800.0,963,67.55224029015172
C84113,94600.0,964,67.58380753723084
G82164,94500.0,965,67.61534141512698
B83611,94500.0,966,67.64687529302313
N85038,94500.0,967,67.6784091709193
B85030,94500.0,968,67.70994304881545
N81047,94500.0,969,67.7414769267116
B85021,94500.0,970,67.77301080460775
B83054,94500.0,971,67.8045446825039
C87016,94500.0,972,67.83607856040005
J82215,94500.0,973,67.8676124382962
P81066,94300.0,974,67.89907957782646
B83034,94200.0,975,67.93051334817373
N82104,94000.0,976,67.96188038015508
F81708,94000.0,977,67.99324741213644
C82080,93900.0,978,68.02458107493484
K81100,93900.0,979,68.05591473773323
K84001,93800.0,980,68.08721503134868
C86012,93600.0,981,68.1184485865982
G82115,93500.0,982,68.14964877266476
K84011,93500.0,983,68.18084895873133
G82790,93500.0,984,68.21204914479789
L82054,93500.0,985,68.24324933086446
Y02769,93500.0,986,68.27444951693103
L84060,93300.0,987,68.30558296463167
C82102,93000.0,988,68.33661630478343
N85008,93000.0,989,68.36764964493521
F81730,93000.0,990,68.39868298508698
C84021,93000.0,991,68.42971632523874
B87012,93000.0,992,68.46074966539052
K84075,93000.0,993,68.49178300554229
L83075,93000.0,994,68.52281634569405
K83042,93000.0,995,68.55384968584582
N81007,93000.0,996,68.5848830259976
P81062,93000.0,997,68.61591636614936
F81104,93000.0,998,68.64694970630114
J83005,92500.0,999,68.67781620053812
C85005,92500.0,1000,68.70868269477509
B81054,92100.0,1001,68.73941571228023
E87637,92000.0,1002,68.7701153606024
C81041,91900.0,1003,68.80078163974163
C82095,91500.0,1004,68.83131444214902
E86020,91500.0,1005,68.8618472445564
P91018,91500.0,1006,68.89238004696378
F81669,91500.0,1007,68.92291284937117
H81075,91500.0,1008,68.95344565177855
L84022,91500.0,1009,68.98397845418594
C87014,91500.0,1010,69.01451125659334
C83045,91200.0,1011,69.04494395145184
H82052,91000.0,1012,69.07530990794444
P91029,91000.0,1013,69.10567586443702
E86026,90900.0,1014,69.13600845174666
Y05113,90900.0,1015,69.16634103905629
D81082,90800.0,1016,69.19664025718296
E83016,90700.0,1017,69.22690610612669
G81065,90600.0,1018,69.25713858588743
A89024,90500.0,1019,69.28733769646523
J82010,90500.0,1020,69.31753680704304
A89005,90000.0,1021,69.34756907170603
P84012,90000.0,1022,69.37760133636904
G82737,90000.0,1023,69.40763360103203
G82079,90000.0,1024,69.43766586569504
G82135,90000.0,1025,69.46769813035804
K84016,90000.0,1026,69.49773039502105
P89002,90000.0,1027,69.52776265968406
B82023,89700.0,1028,69.55769481679818
B82029,89600.0,1029,69.58759360472935
C84087,89600.0,1030,69.61749239266052
E82129,89500.0,1031,69.64735781140872
C86609,89400.0,1032,69.67718986097398
E86618,89300.0,1033,69.70698854135627
G82050,89100.0,1034,69.73672048337264
P81709,89100.0,1035,69.76645242538902
Y00437,89000.0,1036,69.79615099822243
C82669,89000.0,1037,69.82584957105584
F86696,89000.0,1038,69.85554814388925
K84043,89000.0,1039,69.88524671672268
P81137,88800.0,1040,69.91487855119016
B83062,88800.0,1041,69.94451038565765
H82022,88800.0,1042,69.97414222012516
M83681,88700.0,1043,70.00374068540968
K81103,88500.0,1044,70.0332724123283
G82023,88500.0,1045,70.06280413924692
G82154,88500.0,1046,70.09233586616556
B84001,88500.0,1047,70.12186759308418
C81035,88200.0,1048,70.1512992124539
N81066,88100.0,1049,70.1806974626407
H82615,88000.0,1050,70.21006234364452
K83018,88000.0,1051,70.23942722464834
G82069,88000.0,1052,70.26879210565217
Y02676,87600.0,1053,70.29802350992415
E84039,87500.0,1054,70.3272215450132
P92004,87500.0,1055,70.35641958010223
B82030,87500.0,1056,70.38561761519125
A83051,87300.0,1057,70.41474891191437
Y02332,87300.0,1058,70.44388020863748
N82117,87200.0,1059,70.47297813617763
J82622,87000.0,1060,70.50200932535186
G82107,87000.0,1061,70.53104051452611
A83021,87000.0,1062,70.56007170370034
G82185,87000.0,1063,70.58910289287458
N83009,87000.0,1064,70.61813408204881
C81055,87000.0,1065,70.64716527122306
Y02657,87000.0,1066,70.67619646039729
L84606,87000.0,1067,70.70522764957153
K84044,87000.0,1068,70.73425883874576
N81044,87000.0,1069,70.76329002792001
E82014,87000.0,1070,70.79232121709424
C84076,86500.0,1071,70.82118556035367
N85047,86500.0,1072,70.85004990361311
J82026,86500.0,1073,70.87891424687255
C82091,86300.0,1074,70.90771185176608
F85002,86100.0,1075,70.93644271829369
G82053,86000.0,1076,70.96514021563833
K81017,86000.0,1077,70.99383771298298
M83059,86000.0,1078,71.02253521032763
G82143,86000.0,1079,71.05123270767227
A89025,86000.0,1080,71.07993020501692
E86612,85800.0,1081,71.10856096399564
P92028,85800.0,1082,71.13719172297438
K84004,85500.0,1083,71.16572237440424
B85010,85500.0,1084,71.19425302583409
P81005,85500.0,1085,71.22278367726395
G82652,85500.0,1086,71.2513143286938
G82721,85500.0,1087,71.27984498012364
E86625,85500.0,1088,71.3083756315535
A89028,85500.0,1089,71.33690628298335
C86614,85500.0,1090,71.36543693441321
B81051,85000.0,1091,71.39380073992825
Y00293,85000.0,1092,71.42216454544332
A83006,85000.0,1093,71.45052835095838
B82031,85000.0,1094,71.47889215647344
K84013,84700.0,1095,71.50715585443962
B83620,84600.0,1096,71.53538618322284
E81007,84600.0,1097,71.56361651200606
B82047,84500.0,1098,71.59181347160633
Y04266,84300.0,1099,71.61994369284066
N85625,84000.0,1100,71.64797380652614
P81755,84000.0,1101,71.67600392021161
A89008,84000.0,1102,71.70403403389707
M91637,84000.0,1103,71.73206414758255
J83039,84000.0,1104,71.76009426126802
Y05363,84000.0,1105,71.78812437495348
P81033,84000.0,1106,71.81615448863896
B85652,84000.0,1107,71.84418460232443
N81034,84000.0,1108,71.87221471600989
M81001,84000.0,1109,71.90024482969537
D83048,84000.0,1110,71.92827494338084
C85614,84000.0,1111,71.9563050570663
C87010,83700.0,1112,71.9842350632029
E86033,83100.0,1113,72.01196485424174
C81033,83000.0,1114,72.03966127609762
Y06007,83000.0,1115,72.06735769795351
K81012,82500.0,1116,72.09488727389459
J81076,82500.0,1117,72.12241684983567
C86038,82500.0,1118,72.14994642577676
B86020,82500.0,1119,72.17747600171785
F81149,82500.0,1120,72.20500557765894
G81037,82500.0,1121,72.23253515360003
B85014,82500.0,1122,72.26006472954111
P88013,82400.0,1123,72.28756093629923
J81020,82300.0,1124,72.3150237738744
E86007,82300.0,1125,72.34248661144956
C84654,82000.0,1126,72.36984934147586
C85017,82000.0,1127,72.39721207150215
K84010,82000.0,1128,72.42457480152844
P81117,81700.0,1129,72.45183742400586
K81085,81500.0,1130,72.47903330811735
F81633,81500.0,1131,72.50622919222886
Y05212,81300.0,1132,72.53335833797443
N81069,81100.0,1133,72.5604207453541
B85620,81000.0,1134,72.5874497835508
N85027,81000.0,1135,72.6144788217475
N81018,81000.0,1136,72.6415078599442
B83028,81000.0,1137,72.6685368981409
C81118,81000.0,1138,72.6955659363376
N85052,81000.0,1139,72.7225949745343
C83064,81000.0,1140,72.749624012731
A82016,81000.0,1141,72.7766530509277
J82033,81000.0,1142,72.80368208912441
C84140,81000.0,1143,72.83071112732112
F86650,80300.0,1144,72.8575065812371
C81084,80100.0,1145,72.88423529678718
G82036,80100.0,1146,72.91096401233726
P81707,80100.0,1147,72.93769272788732
M81046,80000.0,1148,72.96438807425444
B82075,80000.0,1149,72.99108342062155
Y02589,80000.0,1150,73.01777876698867
C84032,80000.0,1151,73.04447411335579
N84005,79800.0,1152,73.07110272135698
J82144,79500.0,1153,73.0976312218093
N85015,79500.0,1154,73.12415972226162
B82024,79500.0,1155,73.15068822271394
F81155,79500.0,1156,73.17721672316625
G82126,79500.0,1157,73.20374522361858
Y02890,79500.0,1158,73.2302737240709
K83021,79500.0,1159,73.25680222452321
D83020,79500.0,1160,73.28333072497554
P88623,79500.0,1161,73.30985922542786
B81645,79500.0,1162,73.33638772588017
N81046,79500.0,1163,73.36291622633249
F81215,79500.0,1164,73.38944472678482
G82073,79500.0,1165,73.41597322723713
G82650,79200.0,1166,73.44240162014057
P81771,79200.0,1167,73.46883001304401
E86010,79200.0,1168,73.49525840594747
M84012,79000.0,1169,73.52162006048498
P84066,79000.0,1170,73.5479817150225
F86020,79000.0,1171,73.57434336956004
J82056,79000.0,1172,73.60070502409755
H81056,79000.0,1173,73.62706667863507
A86023,79000.0,1174,73.65342833317261
N83032,78500.0,1175,73.67962314179533
M91650,78500.0,1176,73.70581795041807
K82006,78500.0,1177,73.7320127590408
F81012,78500.0,1178,73.75820756766352
P81147,78500.0,1179,73.78440237628627
G82056,78500.0,1180,73.81059718490899
F81122,78300.0,1181,73.8367252551658
C82005,78300.0,1182,73.86285332542262
K81078,78000.0,1183,73.88888128813055
F86044,78000.0,1184,73.91490925083848
A83041,78000.0,1185,73.94093721354642
M82007,78000.0,1186,73.96696517625435
J82134,78000.0,1187,73.99299313896229
C84067,78000.0,1188,74.01902110167022
J83046,78000.0,1189,74.04504906437816
P84010,78000.0,1190,74.07107702708609
P91627,78000.0,1191,74.09710498979403
K84624,78000.0,1192,74.12313295250198
L81072,78000.0,1193,74.1491609152099
C87007,78000.0,1194,74.17518887791785
K83601,78000.0,1195,74.20121684062579
N81082,78000.0,1196,74.22724480333372
P87630,78000.0,1197,74.25327276604166
M81038,78000.0,1198,74.27930072874959
F81026,78000.0,1199,74.30532869145752
G82018,77500.0,1200,74.33118980825067
E86637,77400.0,1201,74.35701755586085
C87015,77400.0,1202,74.38284530347103
B81006,77300.0,1203,74.40863968189825
P89018,77100.0,1204,74.43436732195956
Y01011,77000.0,1205,74.4600615928379
A83075,76800.0,1206,74.48568912535033
K83032,76800.0,1207,74.51131665786276
D83044,76700.0,1208,74.53691082119224
H82089,76600.0,1209,74.56247161533874
A89021,76500.0,1210,74.5879990403023
F86644,76500.0,1211,74.61352646526585
G81001,76500.0,1212,74.6390538902294
F81674,76500.0,1213,74.66458131519296
B83019,76500.0,1214,74.69010874015652
A89011,76500.0,1215,74.71563616512006
D82007,76500.0,1216,74.74116359008362
K82065,76500.0,1217,74.76669101504717
K83002,76300.0,1218,74.7921517016448
P81647,76300.0,1219,74.81761238824244
F81192,76200.0,1220,74.8430397056571
A88009,76200.0,1221,74.86846702307179
K83027,76000.0,1222,74.89382760212054
L84068,76000.0,1223,74.9191881811693
N81016,76000.0,1224,74.94454876021807
C82045,76000.0,1225,74.96990933926682
K83012,76000.0,1226,74.99526991831557
K84027,75700.0,1227,75.02053038981545
D81603,75500.0,1228,75.04572412294942
G81102,75500.0,1229,75.07091785608338
G82162,75500.0,1230,75.09611158921736
C82027,75000.0,1231,75.12113847643653
E86009,75000.0,1232,75.1461653636557
E82657,75000.0,1233,75.17119225087485
A88005,75000.0,1234,75.19621913809402
K84082,75000.0,1235,75.22124602531319
C85019,75000.0,1236,75.24627291253236
C85030,75000.0,1237,75.27129979975153
P84651,75000.0,1238,75.2963266869707
M85077,75000.0,1239,75.32135357418987
Y00228,75000.0,1240,75.34638046140904
M91623,75000.0,1241,75.37140734862821
M81077,75000.0,1242,75.39643423584738
P81095,75000.0,1243,75.42146112306655
L83086,75000.0,1244,75.44648801028572
Y00560,74700.0,1245,75.471414789956
C82103,74700.0,1246,75.4963415696263
J82007,74700.0,1247,75.5212683492966
K82032,74400.0,1248,75.54609502141801
M81074,74000.0,1249,75.5707882168076
L84034,73800.0,1250,75.59541467383126
Y06810,73700.0,1251,75.62000776167196
A83020,73600.0,1252,75.6445674803297
N81024,73600.0,1253,75.66912719898744
Y00999,73500.0,1254,75.69365354846224
N85005,73500.0,1255,75.71817989793702
N85018,73500.0,1256,75.7427062474118
B85038,73500.0,1257,75.76723259688659
K84078,73500.0,1258,75.79175894636137
B85660,73500.0,1259,75.81628529583617
E82115,73500.0,1260,75.84081164531095
E85697,73500.0,1261,75.86533799478573
J83048,73500.0,1262,75.88986434426052
E85042,73500.0,1263,75.9143906937353
F86005,73500.0,1264,75.93891704321008
A88008,73500.0,1265,75.96344339268487
C82072,73500.0,1266,75.98796974215965
N84021,73500.0,1267,76.01249609163445
C82028,73500.0,1268,76.03702244110923
P91604,73400.0,1269,76.06151542140105
N81028,73400.0,1270,76.08600840169288
K83041,73000.0,1271,76.11036790525287
C81106,73000.0,1272,76.13472740881286
K81644,73000.0,1273,76.15908691237287
M81019,72900.0,1274,76.18341304674989
K84072,72900.0,1275,76.20773918112693
P81208,72500.0,1276,76.23193183877211
L83112,72500.0,1277,76.25612449641733
G82679,72300.0,1278,76.2802504156966
A89041,72300.0,1279,76.30437633497587
E81044,72300.0,1280,76.32850225425516
P81732,72000.0,1281,76.35252806598555
F81158,72000.0,1282,76.37655387771596
K84046,72000.0,1283,76.40057968944636
Y06659,72000.0,1284,76.42460550117677
M83718,72000.0,1285,76.44863131290717
L84085,72000.0,1286,76.47265712463756
M81020,72000.0,1287,76.49668293636798
J82035,72000.0,1288,76.52070874809837
C82631,72000.0,1289,76.54473455982878
E86006,71700.0,1290,76.5686602640103
C82061,71500.0,1291,76.59251922982591
P81084,71500.0,1292,76.61637819564152
N84003,71500.0,1293,76.64023716145712
P81780,71500.0,1294,76.66409612727273
A89032,71100.0,1295,76.68782161635652
L84067,71100.0,1296,76.71154710544027
E81012,71100.0,1297,76.73527259452405
E81002,71100.0,1298,76.75899808360782
F86011,71000.0,1299,76.78269020350864
K84003,71000.0,1300,76.80638232340945
N85059,70500.0,1301,76.82990759739546
P91012,70500.0,1302,76.85343287138149
G81658,70500.0,1303,76.8769581453675
J83002,70500.0,1304,76.90048341935352
C84660,70500.0,1305,76.92400869333954
F81045,70500.0,1306,76.94753396732557
M81034,70500.0,1307,76.97105924131158
B82057,70500.0,1308,76.9945845152976
N81055,70500.0,1309,77.01810978928361
Y02611,70500.0,1310,77.04163506326964
E87021,70000.0,1311,77.06499349134086
N84020,70000.0,1312,77.08835191941209
K83010,70000.0,1313,77.11171034748331
J81033,70000.0,1314,77.13506877555454
P87022,69500.0,1315,77.15826035771097
N81002,69500.0,1316,77.1814519398674
M85086,69400.0,1317,77.20461015284087
N82103,69400.0,1318,77.22776836581434
G82020,69300.0,1319,77.25089320960485
B87044,69000.0,1320,77.27391794584649
E81632,69000.0,1321,77.29694268208812
B82014,69000.0,1322,77.31996741832975
F81025,69000.0,1323,77.3429921545714
C81001,69000.0,1324,77.36601689081303
C82032,69000.0,1325,77.38904162705467
A83070,69000.0,1326,77.4120663632963
P87627,69000.0,1327,77.43509109953793
P88005,69000.0,1328,77.45811583577958
C81115,69000.0,1329,77.48114057202122
B83009,69000.0,1330,77.50416530826284
P92014,69000.0,1331,77.52719004450448
N81040,69000.0,1332,77.55021478074612
P81010,69000.0,1333,77.57323951698774
H82025,69000.0,1334,77.59626425322938
H81020,69000.0,1335,77.61928898947103
P92017,69000.0,1336,77.64231372571265
N85025,69000.0,1337,77.66533846195429
N84625,69000.0,1338,77.68836319819593
J81006,68900.0,1339,77.71135456525461
M81069,68900.0,1340,77.73434593231329
A83025,68700.0,1341,77.75727056100604
K83006,68500.0,1342,77.78012845133289
C82614,68500.0,1343,77.80298634165972
B83614,68400.0,1344,77.8258108628036
F86666,68100.0,1345,77.84853527639861
G82063,68000.0,1346,77.87122632081066
C84629,68000.0,1347,77.8939173652227
P87658,68000.0,1348,77.91660840963475
G81012,68000.0,1349,77.93929945404679
P84053,68000.0,1350,77.96199049845885
C81025,67500.0,1351,77.9845146969561
E85693,67500.0,1352,78.00703889545335
P84043,67500.0,1353,78.0295630939506
Y01929,67500.0,1354,78.05208729244785
M86048,67500.0,1355,78.0746114909451
K82054,67500.0,1356,78.09713568944235
P88020,67500.0,1357,78.1196598879396
C81113,67500.0,1358,78.14218408643686
Y05495,67200.0,1359,78.16460817738525
L83131,67000.0,1360,78.1869655299677
G81023,67000.0,1361,78.20932288255015
C88007,67000.0,1362,78.2316802351326
M81076,67000.0,1363,78.25403758771506
C81652,66600.0,1364,78.27626146356569
P83004,66500.0,1365,78.29845197023334
G82048,66500.0,1366,78.32064247690101
Y03832,66500.0,1367,78.34283298356868
B83045,66300.0,1368,78.36495675187042
B84618,66300.0,1369,78.38708052017218
J83034,66300.0,1370,78.40920428847392
P84683,66100.0,1371,78.43126131840974
P89005,66100.0,1372,78.45331834834556
G82203,66000.0,1373,78.47534200909844
K83051,66000.0,1374,78.49736566985132
C87004,66000.0,1375,78.51938933060418
C84656,66000.0,1376,78.54141299135705
N81061,66000.0,1377,78.56343665210991
F81087,66000.0,1378,78.58546031286279
M87027,66000.0,1379,78.60748397361566
B82054,66000.0,1380,78.62950763436852
F84074,66000.0,1381,78.65153129512139
F86023,66000.0,1382,78.67355495587425
P87661,66000.0,1383,78.69557861662713
G82129,66000.0,1384,78.71760227738
C82052,66000.0,1385,78.73962593813286
L81054,66000.0,1386,78.76164959888574
D83079,66000.0,1387,78.7836732596386
P81197,66000.0,1388,78.80569692039148
D81085,66000.0,1389,78.82772058114435
C84024,66000.0,1390,78.84974424189721
K84618,66000.0,1391,78.87176790265008
P87032,66000.0,1392,78.89379156340294
Y02002,66000.0,1393,78.91581522415582
M83089,66000.0,1394,78.93783888490869
P92012,66000.0,1395,78.95986254566155
H82017,65700.0,1396,78.98178609886554
K82033,65500.0,1397,79.00364291370362
L84016,65500.0,1398,79.02549972854169
P84042,65500.0,1399,79.04735654337978
J82120,65500.0,1400,79.06921335821785
K84045,65500.0,1401,79.09107017305593
B82083,65500.0,1402,79.112926987894
N85019,65400.0,1403,79.1347504335491
M83638,65200.0,1404,79.1565071408383
E81028,65100.0,1405,79.17823047894454
M91032,65000.0,1406,79.19992044786783
A83074,65000.0,1407,79.22161041679111
F86062,65000.0,1408,79.24330038571439
E81050,64500.0,1409,79.26482350872287
E86001,64500.0,1410,79.28634663173135
C82037,64500.0,1411,79.30786975473984
K81097,64500.0,1412,79.32939287774833
K82057,64500.0,1413,79.35091600075681
C84106,64500.0,1414,79.3724391237653
P81041,64500.0,1415,79.39396224677378
D81014,64500.0,1416,79.41548536978227
K84026,64500.0,1417,79.43700849279075
E86610,64500.0,1418,79.45853161579925
J82669,64500.0,1419,79.48005473880772
J82132,64500.0,1420,79.5015778618162
L85056,64500.0,1421,79.52310098482471
F81060,64500.0,1422,79.54462410783319
J82098,64500.0,1423,79.56614723084166
L81082,64400.0,1424,79.5876369846672
D81049,64300.0,1425,79.60909336930976
P86023,64200.0,1426,79.63051638476936
N81053,64000.0,1427,79.65187266186307
G85057,64000.0,1428,79.67322893895675
C84084,64000.0,1429,79.69458521605044
L81089,64000.0,1430,79.71594149314414
P81695,64000.0,1431,79.73729777023783
J81081,64000.0,1432,79.75865404733152
Y02720,63500.0,1433,79.77984347851041
N84019,63300.0,1434,79.8009661713234
M82601,63300.0,1435,79.82208886413638
Y02960,63000.0,1436,79.84311144940047
N84028,63000.0,1437,79.86413403466457
F81134,63000.0,1438,79.88515661992868
F81096,63000.0,1439,79.90617920519277
N81079,63000.0,1440,79.92720179045688
B82032,63000.0,1441,79.94822437572098
C87013,63000.0,1442,79.96924696098509
G82160,63000.0,1443,79.99026954624918
D83060,63000.0,1444,80.01129213151329
E86027,63000.0,1445,80.03231471677739
B85037,63000.0,1446,80.0533373020415
M83075,63000.0,1447,80.07435988730559
E87004,63000.0,1448,80.0953824725697
M82041,63000.0,1449,80.11640505783379
P81741,63000.0,1450,80.13742764309791
F86030,63000.0,1451,80.158450228362
P81029,62500.0,1452,80.17930596771131
N84613,62500.0,1453,80.20016170706063
G82058,62500.0,1454,80.22101744640993
E86626,62400.0,1455,80.24183981657627
E81015,62400.0,1456,80.26266218674263
K81102,62000.0,1457,80.28335108017714
A89012,62000.0,1458,80.30403997361165
C81062,61800.0,1459,80.32466212868025
G82200,61500.0,1460,80.34518417619996
P88003,61500.0,1461,80.36570622371968
K81063,61500.0,1462,80.3862282712394
P81123,61500.0,1463,80.40675031875912
P81180,61500.0,1464,80.42727236627883
B82071,61500.0,1465,80.44779441379856
A89002,61500.0,1466,80.46831646131828
P84074,61500.0,1467,80.48883850883799
K83008,61500.0,1468,80.5093605563577
B82074,61500.0,1469,80.52988260387744
B84014,61000.0,1470,80.55023780548237
B81043,61000.0,1471,80.57059300708728
P81071,61000.0,1472,80.5909482086922
C84025,60500.0,1473,80.61113656438233
P87639,60500.0,1474,80.63132492007247
D81606,60500.0,1475,80.6515132757626
C82064,60500.0,1476,80.67170163145272
D81611,60500.0,1477,80.69188998714284
C82624,60300.0,1478,80.71201160446707
M85028,60300.0,1479,80.73213322179129
P81046,60300.0,1480,80.7522548391155
K81092,60000.0,1481,80.77227634889083
M87617,60000.0,1482,80.79229785866616
C82639,60000.0,1483,80.81231936844149
C81003,60000.0,1484,80.83234087821684
E82068,60000.0,1485,80.85236238799217
B85009,60000.0,1486,80.87238389776749
C82611,60000.0,1487,80.89240540754284
G81083,59900.0,1488,80.91239354813521
G81613,59600.0,1489,80.93228158117871
E87070,59500.0,1490,80.95213624503926
H82092,59500.0,1491,80.9719909088998
B82035,59300.0,1492,80.99177883439441
F81170,59100.0,1493,81.01150002152312
B82034,59000.0,1494,81.03118783946887
C82649,59000.0,1495,81.05087565741461
E85744,59000.0,1496,81.07056347536036
Y02718,59000.0,1497,81.09025129330611
B81119,59000.0,1498,81.10993911125185
H81047,58500.0,1499,81.12946008328281
P89003,58500.0,1500,81.14898105531377
K84014,58500.0,1501,81.16850202734472
G81098,58500.0,1502,81.18802299937566
B85002,58500.0,1503,81.20754397140661
C87024,58500.0,1504,81.22706494343757
A83046,58500.0,1505,81.24658591546851
B83626,58500.0,1506,81.26610688749946
K83014,58500.0,1507,81.28562785953042
J82012,58500.0,1508,81.30514883156137
N85037,58500.0,1509,81.32466980359233
K83622,58500.0,1510,81.34419077562328
J82040,58500.0,1511,81.36371174765424
J83049,58500.0,1512,81.38323271968518
F81186,58500.0,1513,81.40275369171613
F81216,58500.0,1514,81.42227466374709
K81014,58500.0,1515,81.44179563577804
L83088,58000.0,1516,81.46114976189419
K81036,58000.0,1517,81.48050388801035
F84069,58000.0,1518,81.49985801412652
C82634,57900.0,1519,81.51917877105971
K83070,57500.0,1520,81.53836605126106
L83651,57500.0,1521,81.55755333146243
C88069,57500.0,1522,81.5767406116638
P92019,57500.0,1523,81.59592789186516
B82063,57500.0,1524,81.61511517206652
C82079,57300.0,1525,81.63423571390197
G81071,57300.0,1526,81.65335625573742
P81622,57300.0,1527,81.67247679757286
G81634,57300.0,1528,81.6915973394083
C82662,57200.0,1529,81.7106845120608
P92023,57000.0,1530,81.72970494634735
E85029,57000.0,1531,81.74872538063393
K81004,57000.0,1532,81.7677458149205
E86016,57000.0,1533,81.78676624920706
K84035,57000.0,1534,81.80578668349364
A89016,57000.0,1535,81.82480711778021
K84054,57000.0,1536,81.84382755206677
C81640,57000.0,1537,81.86284798635334
N84002,57000.0,1538,81.8818684206399
P81118,57000.0,1539,81.90088885492648
C81611,57000.0,1540,81.91990928921304
M83071,57000.0,1541,81.93892972349961
G81663,57000.0,1542,81.95795015778619
G81646,57000.0,1543,81.97697059207275
K81060,57000.0,1544,81.99599102635932
C81002,57000.0,1545,82.0150114606459
E83622,57000.0,1546,82.03403189493245
P86004,57000.0,1547,82.05305232921903
M83122,56700.0,1548,82.07197265595671
P81721,56500.0,1549,82.09082624432848
D82621,56500.0,1550,82.10967983270027
B82069,56500.0,1551,82.12853342107204
C84035,56500.0,1552,82.14738700944382
L85023,56000.0,1553,82.1660737519008
C82053,55900.0,1554,82.18472712517482
P81149,55800.0,1555,82.20334712926588
E86632,55500.0,1556,82.22186702580807
D81059,55500.0,1557,82.24038692235025
P81155,55500.0,1558,82.25890681889243
B85051,55500.0,1559,82.27742671543461
N85031,55500.0,1560,82.2959466119768
K84034,55500.0,1561,82.31446650851899
K82066,55500.0,1562,82.33298640506118
G82796,55500.0,1563,82.35150630160337
L81012,55500.0,1564,82.37002619814554
C82086,55500.0,1565,82.38854609468773
P87648,55500.0,1566,82.40706599122991
F81014,55500.0,1567,82.4255858877721
B82005,55500.0,1568,82.44410578431427
J81027,55500.0,1569,82.46262568085648
F82624,55500.0,1570,82.48114557739865
G81075,55500.0,1571,82.49966547394084
Y02900,55500.0,1572,82.51818537048302
C82628,55500.0,1573,82.53670526702521
L81059,55000.0,1574,82.5550583176526
N81033,55000.0,1575,82.57341136827999
K83019,55000.0,1576,82.59176441890737
C82011,55000.0,1577,82.61011746953477
P84054,55000.0,1578,82.62847052016215
P87026,55000.0,1579,82.64682357078955
P91004,54900.0,1580,82.66514325223399
G81669,54500.0,1581,82.68332945694658
D82008,54500.0,1582,82.70151566165917
F86026,54500.0,1583,82.71970186637178
E81047,54500.0,1584,82.73788807108437
G82212,54500.0,1585,82.75607427579696
P91007,54500.0,1586,82.77426048050957
P83025,54400.0,1587,82.79241331603919
C82600,54300.0,1588,82.81053278238588
B81082,54000.0,1589,82.82855214118368
G82093,54000.0,1590,82.84657149998148
C84129,54000.0,1591,82.86459085877928
B83622,54000.0,1592,82.88261021757708
G85023,54000.0,1593,82.90062957637488
K81062,54000.0,1594,82.91864893517268
F81102,54000.0,1595,82.93666829397048
B82067,54000.0,1596,82.95468765276829
H81051,54000.0,1597,82.97270701156609
A89614,54000.0,1598,82.9907263703639
D83054,54000.0,1599,83.00874572916169
D82027,54000.0,1600,83.0267650879595
B82104,54000.0,1601,83.0447844467573
D83021,54000.0,1602,83.06280380555509
M91033,54000.0,1603,83.0808231643529
N84023,54000.0,1604,83.09884252315071
E85083,54000.0,1605,83.11686188194851
P88041,54000.0,1606,83.13488124074631
K83037,54000.0,1607,83.15290059954411
P89029,54000.0,1608,83.17091995834191
F81001,54000.0,1609,83.18893931713971
P92001,54000.0,1610,83.20695867593751
M82004,54000.0,1611,83.22497803473532
F81105,53900.0,1612,83.24296402435016
J82646,53700.0,1613,83.26088327559908
P85020,53500.0,1614,83.2787357884821
C82051,53000.0,1615,83.29642145545031
M83004,53000.0,1616,83.31410712241852
N83045,53000.0,1617,83.33179278938672
E81049,52800.0,1618,83.34941171798903
P88632,52500.0,1619,83.36693053904244
D82624,52500.0,1620,83.38444936009586
C81050,52500.0,1621,83.40196818114927
M84612,52500.0,1622,83.4194870022027
K81045,52500.0,1623,83.43700582325611
G81004,52500.0,1624,83.45452464430953
P88024,52500.0,1625,83.47204346536296
G81031,52500.0,1626,83.48956228641637
E84008,52500.0,1627,83.50708110746979
E86629,52500.0,1628,83.52459992852322
N81009,52500.0,1629,83.54211874957663
P85016,52500.0,1630,83.55963757063006
G82094,52500.0,1631,83.57715639168346
A81608,52500.0,1632,83.59467521273687
C82019,52500.0,1633,83.6121940337903
A89026,52500.0,1634,83.62971285484372
L84617,52500.0,1635,83.64723167589713
A83073,52400.0,1636,83.6647171277676
G85087,52100.0,1637,83.68210247208918
P88006,52000.0,1638,83.69945444722781
L84045,52000.0,1639,83.71680642236643
J83625,52000.0,1640,83.73415839750506
L85043,52000.0,1641,83.75151037264368
N81012,51900.0,1642,83.76882897859934
Y03789,51700.0,1643,83.7860808461891
P84009,51700.0,1644,83.80333271377883
L84063,51600.0,1645,83.82055121218562
M81002,51500.0,1646,83.83773634140945
P84030,51500.0,1647,83.85492147063329
F81031,51500.0,1648,83.8721065998571
F86731,51500.0,1649,83.88929172908094
P85010,51500.0,1650,83.90647685830477
M83018,51500.0,1651,83.9236619875286
K81605,51500.0,1652,83.94084711675242
P81171,51300.0,1653,83.95796550761034
L84024,51300.0,1654,83.97508389846826
L84006,51000.0,1655,83.99210218177728
A88001,51000.0,1656,84.00912046508633
C81096,51000.0,1657,84.02613874839537
L81071,51000.0,1658,84.0431570317044
C82100,51000.0,1659,84.06017531501342
M82056,51000.0,1660,84.07719359832247
C86021,51000.0,1661,84.0942118816315
G82139,51000.0,1662,84.11123016494054
H85002,51000.0,1663,84.12824844824956
K84079,51000.0,1664,84.14526673155859
P92637,51000.0,1665,84.16228501486765
D83037,51000.0,1666,84.17930329817668
G84001,51000.0,1667,84.1963215814857
H81615,51000.0,1668,84.21333986479475
N84615,51000.0,1669,84.23035814810378
M81044,51000.0,1670,84.24737643141282
J82009,51000.0,1671,84.26439471472185
B83026,51000.0,1672,84.28141299803087
P81157,51000.0,1673,84.29843128133993
J82104,51000.0,1674,84.31544956464896
B86033,51000.0,1675,84.33246784795799
M82028,51000.0,1676,84.34948613126703
B82044,50700.0,1677,84.36640430702718
K83028,50500.0,1678,84.38325574442143
P81053,50500.0,1679,84.40010718181567
E84702,50300.0,1680,84.41689188084399
C83026,50100.0,1681,84.4336098415064
C88088,50000.0,1682,84.45029443298584
P81683,50000.0,1683,84.46697902446529
M91016,50000.0,1684,84.48366361594472
E82084,50000.0,1685,84.50034820742418
F86712,50000.0,1686,84.51703279890363
G81039,49500.0,1687,84.53355054446827
J81647,49500.0,1688,84.55006829003293
C85024,49500.0,1689,84.56658603559758
A83008,49500.0,1690,84.58310378116222
K83620,49500.0,1691,84.59962152672688
J82025,49500.0,1692,84.61613927229153
G82691,49500.0,1693,84.63265701785619
C82050,49500.0,1694,84.64917476342083
N84017,49500.0,1695,84.66569250898549
F86638,49500.0,1696,84.68221025455014
F86641,49500.0,1697,84.69872800011478
C87604,49500.0,1698,84.71524574567944
J82181,49500.0,1699,84.7317634912441
B82026,49500.0,1700,84.74828123680874
P86008,49500.0,1701,84.7647989823734
F81006,49500.0,1702,84.78131672793805
E84057,49000.0,1703,84.7976676275879
C85006,49000.0,1704,84.81401852723776
Y01839,49000.0,1705,84.83036942688761
A83037,49000.0,1706,84.84672032653748
P84048,49000.0,1707,84.86307122618733
C82026,48600.0,1708,84.87928864910536
G81073,48600.0,1709,84.89550607202338
N81108,48500.0,1710,84.91169012575844
F84009,48500.0,1711,84.9278741794935
D83017,48500.0,1712,84.94405823322857
J82074,48500.0,1713,84.96024228696363
B81030,48500.0,1714,84.97642634069868
L81062,48400.0,1715,84.9925770252508
E86005,48300.0,1716,85.00869434061994
P83608,48100.0,1717,85.02474491762317
F86013,48000.0,1718,85.04076212544344
G82019,48000.0,1719,85.0567793332637
M91004,48000.0,1720,85.07279654108397
E81036,48000.0,1721,85.08881374890423
M82035,48000.0,1722,85.10483095672451
P87613,48000.0,1723,85.12084816454477
K81010,48000.0,1724,85.13686537236505
M85061,48000.0,1725,85.1528825801853
E81034,48000.0,1726,85.16889978800558
L84004,48000.0,1727,85.18491699582584
K81028,48000.0,1728,85.20093420364611
K81086,48000.0,1729,85.2169514114664
K83064,48000.0,1730,85.23296861928665
A82650,48000.0,1731,85.24898582710692
J82156,48000.0,1732,85.26500303492719
B85062,48000.0,1733,85.28102024274746
K82023,48000.0,1734,85.29703745056773
Y02354,48000.0,1735,85.313054658388
P81063,48000.0,1736,85.32907186620827
P86019,48000.0,1737,85.34508907402854
J81086,48000.0,1738,85.36110628184879
F85650,48000.0,1739,85.37712348966907
E86022,48000.0,1740,85.39314069748933
A89040,48000.0,1741,85.40915790530961
C85020,48000.0,1742,85.42517511312987
G82763,48000.0,1743,85.44119232095014
J83060,48000.0,1744,85.4572095287704
K83065,48000.0,1745,85.47322673659068
K84028,48000.0,1746,85.48924394441094
C81030,48000.0,1747,85.50526115223121
L82050,48000.0,1748,85.52127836005148
J82218,48000.0,1749,85.53729556787175
Y04977,48000.0,1750,85.55331277569202
K81076,48000.0,1751,85.56932998351229
B81631,48000.0,1752,85.58534719133254
A84039,48000.0,1753,85.60136439915283
E81074,48000.0,1754,85.61738160697308
K84071,48000.0,1755,85.63339881479337
B82002,48000.0,1756,85.64941602261362
J81041,48000.0,1757,85.66543323043389
C81080,48000.0,1758,85.68145043825417
J83033,48000.0,1759,85.69746764607443
H81126,47800.0,1760,85.71341811552878
N82617,47700.0,1761,85.72933521580018
N84007,47500.0,1762,85.74518557770566
M91010,47500.0,1763,85.76103593961112
G83053,47500.0,1764,85.7768863015166
D81625,47500.0,1765,85.79273666342206
P81182,47500.0,1766,85.80858702532754
H82037,47200.0,1767,85.82433727968414
Y03602,47000.0,1768,85.84002079567482
G85004,47000.0,1769,85.8557043116655
L81669,47000.0,1770,85.87138782765618
C84117,47000.0,1771,85.88707134364685
G83013,47000.0,1772,85.90275485963754
F81136,47000.0,1773,85.91843837562821
N84035,46900.0,1774,85.93408852243594
E81069,46800.0,1775,85.9497053000607
F81206,46800.0,1776,85.96532207768546
K82631,46500.0,1777,85.98083874776134
E81045,46500.0,1778,85.99635541783724
N85643,46500.0,1779,86.0118720879131
N81114,46500.0,1780,86.027388757989
K81025,46500.0,1781,86.04290542806488
P81042,46500.0,1782,86.05842209814078
A82651,46500.0,1783,86.07393876821665
M86006,46500.0,1784,86.08945543829253
N85620,46500.0,1785,86.10497210836843
C87020,46500.0,1786,86.1204887784443
B82012,46500.0,1787,86.1360054485202
A89027,46500.0,1788,86.15152211859608
E82081,46500.0,1789,86.16703878867197
H85114,46500.0,1790,86.18255545874784
E86011,46500.0,1791,86.19807212882374
B83038,46500.0,1792,86.21358879889962
D81084,46500.0,1793,86.2291054689755
L83014,46500.0,1794,86.24462213905139
E85050,46500.0,1795,86.26013880912727
L81010,46500.0,1796,86.27565547920317
E86028,46500.0,1797,86.29117214927903
N84029,46500.0,1798,86.30668881935493
Y04664,46500.0,1799,86.32220548943081
G85041,46500.0,1800,86.3377221595067
G85029,46000.0,1801,86.35307198366779
N82094,46000.0,1802,86.36842180782888
B81088,46000.0,1803,86.38377163198997
L83148,46000.0,1804,86.39912145615106
C84714,45800.0,1805,86.41440454194623
E85635,45500.0,1806,86.42958752019253
E87745,45500.0,1807,86.44477049843883
F81082,45300.0,1808,86.4598867383192
Y01206,45000.0,1809,86.47490287065071
A86006,45000.0,1810,86.4899190029822
Y04273,45000.0,1811,86.50493513531372
B83035,45000.0,1812,86.51995126764521
K84036,45000.0,1813,86.53496739997671
H81058,45000.0,1814,86.5499835323082
K82633,45000.0,1815,86.56499966463971
K83031,45000.0,1816,86.58001579697121
M91628,45000.0,1817,86.5950319293027
F81711,45000.0,1818,86.61004806163422
G81024,45000.0,1819,86.62506419396571
C84682,45000.0,1820,86.64008032629722
E84017,45000.0,1821,86.65509645862872
B81041,45000.0,1822,86.67011259096023
M84023,45000.0,1823,86.68512872329173
E81043,45000.0,1824,86.70014485562322
B81009,45000.0,1825,86.71516098795473
P89008,45000.0,1826,86.73017712028623
M83032,45000.0,1827,86.74519325261772
F84004,45000.0,1828,86.76020938494922
F81090,45000.0,1829,86.77522551728073
C88005,45000.0,1830,86.79024164961223
N84018,45000.0,1831,86.80525778194374
Y06218,45000.0,1832,86.82027391427523
P91006,44700.0,1833,86.83518993905787
B81039,44500.0,1834,86.85003922547457
G81656,44500.0,1835,86.86488851189128
N81068,44500.0,1836,86.87973779830799
N82082,44500.0,1837,86.89458708472469
H82640,44300.0,1838,86.90936963277548
A81610,44000.0,1839,86.9240520732774
G82730,44000.0,1840,86.93873451377931
L81013,44000.0,1841,86.95341695428121
N83031,44000.0,1842,86.96809939478312
E84024,44000.0,1843,86.98278183528504
N84041,44000.0,1844,86.99746427578695
F81675,44000.0,1845,87.01214671628887
D83080,43500.0,1846,87.02666231087598
N84006,43500.0,1847,87.0411779054631
P86026,43500.0,1848,87.05569350005022
G82227,43500.0,1849,87.07020909463733
F86057,43500.0,1850,87.08472468922446
C85007,43500.0,1851,87.09924028381157
N81006,43500.0,1852,87.11375587839869
B85020,43500.0,1853,87.1282714729858
M84047,43500.0,1854,87.14278706757293
J83003,43500.0,1855,87.15730266216005
K81608,43500.0,1856,87.17181825674717
P81692,43500.0,1857,87.18633385133428
M83100,43500.0,1858,87.2008494459214
M83046,43500.0,1859,87.21536504050852
G82046,43500.0,1860,87.22988063509564
P81770,43500.0,1861,87.24439622968275
B84612,43500.0,1862,87.25891182426987
L81030,43500.0,1863,87.273427418857
F86679,43500.0,1864,87.2879430134441
B84006,43500.0,1865,87.30245860803123
J83043,43300.0,1866,87.31690746425242
P92607,43300.0,1867,87.33135632047363
G81006,43100.0,1868,87.34573843832891
F84114,43000.0,1869,87.36008718700123
P82021,43000.0,1870,87.37443593567356
C81056,43000.0,1871,87.38878468434588
P88044,43000.0,1872,87.40313343301821
M81025,43000.0,1873,87.41748218169053
N81081,43000.0,1874,87.43183093036285
G82062,43000.0,1875,87.44617967903517
A83001,43000.0,1876,87.4605284277075
J81626,43000.0,1877,87.47487717637983
P81685,42900.0,1878,87.4891925558692
C82642,42900.0,1879,87.50350793535856
F84724,42900.0,1880,87.51782331484792
J82075,42500.0,1881,87.53200521760544
G83052,42500.0,1882,87.54618712036297
K83053,42500.0,1883,87.56036902312051
A89616,42500.0,1884,87.57455092587804
F81022,42500.0,1885,87.58873282863556
A83641,42300.0,1886,87.60284799302718
M82012,42000.0,1887,87.6168630498699
A82062,42000.0,1888,87.63087810671264
K81073,42000.0,1889,87.64489316355538
M84065,42000.0,1890,87.65890822039812
B85619,42000.0,1891,87.67292327724084
G85013,42000.0,1892,87.68693833408359
E84032,42000.0,1893,87.70095339092632
K81043,42000.0,1894,87.71496844776905
E82092,42000.0,1895,87.72898350461179
G82089,42000.0,1896,87.74299856145453
D81030,42000.0,1897,87.75701361829725
G81014,42000.0,1898,87.77102867514
F81076,42000.0,1899,87.78504373198273
M86638,42000.0,1900,87.79905878882546
N82035,42000.0,1901,87.8130738456682
M88021,42000.0,1902,87.82708890251094
F85034,42000.0,1903,87.84110395935366
A89009,42000.0,1904,87.8551190161964
P84045,42000.0,1905,87.86913407303913
F81197,42000.0,1906,87.88314912988187
P81061,41900.0,1907,87.89713081754165
C84030,41700.0,1908,87.9110457668355
M84004,41500.0,1909,87.92489397776345
P81212,41500.0,1910,87.93874218869139
E85020,41500.0,1911,87.95259039961933
N83019,41400.0,1912,87.96640524136431
C86605,41400.0,1913,87.98022008310929
A89018,41000.0,1914,87.99390144812243
P84020,41000.0,1915,88.00758281313557
M91021,41000.0,1916,88.02126417814873
F86657,41000.0,1917,88.03494554316187
N82018,41000.0,1918,88.04862690817502
Y08580,41000.0,1919,88.06230827318817
B85001,40800.0,1920,88.07592289983539
J82020,40800.0,1921,88.08953752648262
K81655,40800.0,1922,88.10315215312986
K81026,40500.0,1923,88.11666667222819
M82032,40500.0,1924,88.13018119132656
G81040,40500.0,1925,88.1436957104249
E86619,40500.0,1926,88.15721022952326
B82088,40500.0,1927,88.1707247486216
A83050,40500.0,1928,88.18423926771996
C82008,40500.0,1929,88.1977537868183
L85609,40500.0,1930,88.21126830591666
F81071,40500.0,1931,88.224782825015
A89006,40500.0,1932,88.23829734411336
F83623,40500.0,1933,88.25181186321171
E85049,40500.0,1934,88.26532638231006
G84011,40500.0,1935,88.27884090140842
G81086,40500.0,1936,88.29235542050677
E81060,40500.0,1937,88.30586993960512
F86689,40500.0,1938,88.31938445870347
C82676,40500.0,1939,88.33289897780182
P84027,40500.0,1940,88.34641349690017
C83617,40500.0,1941,88.35992801599852
K81042,40500.0,1942,88.37344253509687
C82644,40200.0,1943,88.38685694664635
D81041,40000.0,1944,88.4002046198299
M83632,40000.0,1945,88.41355229301347
C88627,40000.0,1946,88.42689996619701
E85004,40000.0,1947,88.44024763938057
M83650,40000.0,1948,88.45359531256413
Y03755,40000.0,1949,88.46694298574769
C82040,40000.0,1950,88.48029065893125
K82014,40000.0,1951,88.4936383321148
M84021,40000.0,1952,88.50698600529836
M81084,40000.0,1953,88.5203336784819
J81034,40000.0,1954,88.53368135166548
J82024,40000.0,1955,88.54702902484904
K82046,39800.0,1956,88.56030995966667
A84006,39600.0,1957,88.5735241561184
L85034,39500.0,1958,88.58670498338715
C84605,39500.0,1959,88.5998858106559
D81060,39500.0,1960,88.61306663792467
K83621,39500.0,1961,88.62624746519344
D82019,39500.0,1962,88.6394282924622
E84693,39500.0,1963,88.65260911973097
J83006,39300.0,1964,88.6657232086338
J83603,39300.0,1965,88.67883729753665
G82802,39000.0,1966,88.69185127889062
M83069,39000.0,1967,88.70486526024459
M91612,39000.0,1968,88.71787924159857
D81022,39000.0,1969,88.73089322295252
N85016,39000.0,1970,88.7439072043065
G85085,39000.0,1971,88.75692118566046
C81044,39000.0,1972,88.76993516701442
J82121,39000.0,1973,88.7829491483684
Y02606,39000.0,1974,88.79596312972237
F81613,39000.0,1975,88.80897711107633
M91602,39000.0,1976,88.8219910924303
J83056,39000.0,1977,88.83500507378427
A82008,39000.0,1978,88.84801905513824
M82038,39000.0,1979,88.86103303649222
K83616,39000.0,1980,88.87404701784617
E85057,39000.0,1981,88.88706099920014
D81064,39000.0,1982,88.90007498055411
L81024,39000.0,1983,88.91308896190807
M83110,39000.0,1984,88.92610294326204
E85680,39000.0,1985,88.93911692461602
C82016,39000.0,1986,88.95213090596998
G82665,39000.0,1987,88.96514488732394
G82117,39000.0,1988,88.97815886867791
L81044,39000.0,1989,88.99117285003189
C81653,39000.0,1990,89.00418683138585
N85648,39000.0,1991,89.01720081273982
G82106,39000.0,1992,89.03021479409378
E84009,39000.0,1993,89.04322877544776
A89022,39000.0,1994,89.05624275680172
B83012,39000.0,1995,89.06925673815569
F85666,39000.0,1996,89.08227071950967
H84005,39000.0,1997,89.09528470086363
K83047,39000.0,1998,89.1082986822176
N81070,39000.0,1999,89.12131266357156
B85032,39000.0,2000,89.13432664492554
Y02627,39000.0,2001,89.1473406262795
D81052,38500.0,2002,89.16018776171867
B82017,38500.0,2003,89.17303489715785
F84033,38500.0,2004,89.18588203259702
L81068,38500.0,2005,89.1987291680362
F83665,38500.0,2006,89.21157630347537
P84023,38500.0,2007,89.22442343891454
D83056,38400.0,2008,89.23723720517074
B83629,38400.0,2009,89.25005097142697
K82068,38100.0,2010,89.2627646301343
P91017,38000.0,2011,89.27544491965868
M88007,38000.0,2012,89.28812520918306
M84043,38000.0,2013,89.30080549870745
D82016,38000.0,2014,89.31348578823183
Y02767,37800.0,2015,89.32609933939028
C82098,37800.0,2016,89.33871289054875
J82210,37500.0,2017,89.35122633415833
H85075,37500.0,2018,89.36373977776792
J83009,37500.0,2019,89.3762532213775
M91036,37500.0,2020,89.38876666498709
M86010,37500.0,2021,89.40128010859667
M91008,37500.0,2022,89.41379355220626
L81026,37500.0,2023,89.42630699581584
J82039,37500.0,2024,89.43882043942543
N81050,37500.0,2025,89.451333883035
N81031,37500.0,2026,89.4638473266446
K81069,37500.0,2027,89.47636077025419
L85052,37500.0,2028,89.48887421386375
L85033,37500.0,2029,89.50138765747334
C86002,37500.0,2030,89.51390110108292
G85046,37500.0,2031,89.52641454469251
G82120,37500.0,2032,89.53892798830209
G81017,37500.0,2033,89.55144143191168
F81152,37500.0,2034,89.56395487552126
P88018,37500.0,2035,89.57646831913085
P86620,37500.0,2036,89.58898176274045
F81030,37500.0,2037,89.60149520635002
P82031,37500.0,2038,89.61400864995962
C81662,37500.0,2039,89.62652209356919
A89617,37500.0,2040,89.63903553717878
F84036,37500.0,2041,89.65154898078836
M83079,37500.0,2042,89.66406242439795
P81045,37500.0,2043,89.67657586800752
A83048,37500.0,2044,89.68908931161711
K84008,37300.0,2045,89.70153601686079
P81154,37300.0,2046,89.71398272210445
P91009,37200.0,2047,89.72639605816516
F81098,37000.0,2048,89.73874265585995
A85007,37000.0,2049,89.75108925355474
F83686,37000.0,2050,89.76343585124953
E81008,36900.0,2051,89.77574907976135
E86620,36900.0,2052,89.78806230827318
K84047,36500.0,2053,89.80024206005318
D82018,36500.0,2054,89.81242181183318
J82081,36500.0,2055,89.82460156361317
K84015,36500.0,2056,89.83678131539317
G83025,36500.0,2057,89.84896106717316
F81061,36500.0,2058,89.86114081895316
K81052,36300.0,2059,89.87325383236724
J82099,36300.0,2060,89.88536684578132
N82110,36000.0,2061,89.89737975164653
B82045,36000.0,2062,89.90939265751172
K83050,36000.0,2063,89.92140556337692
P88625,36000.0,2064,89.93341846924213
M91624,36000.0,2065,89.94543137510732
B81118,36000.0,2066,89.95744428097252
D83012,36000.0,2067,89.96945718683773
E85658,36000.0,2068,89.98147009270293
P88002,36000.0,2069,89.99348299856813
G82234,36000.0,2070,90.00549590443333
E83020,36000.0,2071,90.01750881029852
L85051,36000.0,2072,90.02952171616373
F85035,36000.0,2073,90.04153462202893
P83010,36000.0,2074,90.05354752789412
F86008,36000.0,2075,90.06556043375934
C84033,36000.0,2076,90.07757333962454
M83108,36000.0,2077,90.08958624548974
F83010,36000.0,2078,90.10159915135493
J81011,36000.0,2079,90.11361205722014
P81086,36000.0,2080,90.12562496308534
F81007,36000.0,2081,90.13763786895053
E86034,36000.0,2082,90.14965077481575
C85014,36000.0,2083,90.16166368068095
D82004,36000.0,2084,90.17367658654615
G81055,36000.0,2085,90.18568949241134
B87604,36000.0,2086,90.19770239827655
C84063,36000.0,2087,90.20971530414175
G81089,36000.0,2088,90.22172821000694
J82131,36000.0,2089,90.23374111587216
N82066,36000.0,2090,90.24575402173735
E86014,36000.0,2091,90.25776692760256
B82010,36000.0,2092,90.26977983346775
Y03124,36000.0,2093,90.28179273933296
N83018,36000.0,2094,90.29380564519815
K81056,36000.0,2095,90.30581855106335
P92033,36000.0,2096,90.31783145692856
K84080,36000.0,2097,90.32984436279376
H81077,36000.0,2098,90.34185726865897
F84050,36000.0,2099,90.35387017452416
E81035,36000.0,2100,90.36588308038937
M81055,36000.0,2101,90.37789598625456
F84092,36000.0,2102,90.38990889211976
G83027,36000.0,2103,90.40192179798497
A82009,36000.0,2104,90.41393470385017
C88043,36000.0,2105,90.42594760971538
N84004,36000.0,2106,90.43796051558057
Y05622,36000.0,2107,90.44997342144578
C83001,36000.0,2108,90.46198632731097
E81063,36000.0,2109,90.47399923317617
N81072,36000.0,2110,90.48601213904138
A86029,36000.0,2111,90.49802504490658
F81641,35700.0,2112,90.5099378432229
P92626,35700.0,2113,90.52185064153923
P91003,35600.0,2114,90.53373007067259
P81113,35600.0,2115,90.54560949980596
E85685,35500.0,2116,90.55745555975636
N82084,35500.0,2117,90.56930161970678
C84704,35500.0,2118,90.58114767965718
C84042,35500.0,2119,90.59299373960758
P84033,35500.0,2120,90.604839799558
J83053,35500.0,2121,90.6166858595084
B81035,35100.0,2122,90.62839844272696
P81035,35100.0,2123,90.64011102594553
P86010,35000.0,2124,90.65179023998115
D81081,35000.0,2125,90.66346945401676
P82002,35000.0,2126,90.67514866805237
E82094,35000.0,2127,90.686827882088
H81029,35000.0,2128,90.6985070961236
E85007,35000.0,2129,90.71018631015922
G81049,34600.0,2130,90.721732047463
P92642,34500.0,2131,90.73324441558381
B85005,34500.0,2132,90.74475678370463
P82005,34500.0,2133,90.75626915182544
F82013,34500.0,2134,90.76778151994627
J83037,34500.0,2135,90.77929388806709
M87005,34500.0,2136,90.79080625618789
N81019,34500.0,2137,90.80231862430873
C84078,34500.0,2138,90.81383099242953
J83047,34500.0,2139,90.82534336055035
C81070,34500.0,2140,90.83685572867117
E87034,34500.0,2141,90.84836809679199
M91647,34500.0,2142,90.8598804649128
F84093,34500.0,2143,90.87139283303362
K83080,34500.0,2144,90.88290520115444
N82655,34500.0,2145,90.89441756927525
J82042,34500.0,2146,90.90592993739608
K81656,34500.0,2147,90.9174423055169
C82667,34500.0,2148,90.9289546736377
P92020,34500.0,2149,90.94046704175854
A88014,34500.0,2150,90.95197940987934
G83630,34500.0,2151,90.96349177800016
C81034,34500.0,2152,90.97500414612098
B81038,34500.0,2153,90.9865165142418
D82058,34500.0,2154,90.99802888236262
K81027,34500.0,2155,91.00954125048344
H82053,34200.0,2156,91.02095351105538
L81617,34000.0,2157,91.0322990332614
C84057,34000.0,2158,91.04364455546742
K81019,34000.0,2159,91.05499007767345
A83044,34000.0,2160,91.06633559987947
P91016,34000.0,2161,91.0776811220855
Y02713,34000.0,2162,91.08902664429152
G82229,33900.0,2163,91.10033879731458
P89010,33600.0,2164,91.11155084278877
M83141,33500.0,2165,91.12272951908
P81620,33500.0,2166,91.13390819537123
C81036,33500.0,2167,91.14508687166246
L84052,33300.0,2168,91.15619880958776
N81097,33000.0,2169,91.1672106399642
B86673,33000.0,2170,91.17822247034063
C88647,33000.0,2171,91.18923430071708
D81033,33000.0,2172,91.20024613109351
P81159,33000.0,2173,91.21125796146994
L81118,33000.0,2174,91.22226979184637
F84716,33000.0,2175,91.2332816222228
Y01108,33000.0,2176,91.24429345259925
N81101,33000.0,2177,91.25530528297567
G82037,33000.0,2178,91.26631711335212
K83022,33000.0,2179,91.27732894372855
M83024,33000.0,2180,91.28834077410498
E85121,33000.0,2181,91.29935260448141
K84059,33000.0,2182,91.31036443485785
G82217,33000.0,2183,91.32137626523429
M81078,33000.0,2184,91.33238809561071
C86009,33000.0,2185,91.34339992598716
G83024,33000.0,2186,91.35441175636359
C84151,33000.0,2187,91.36542358674002
M84020,33000.0,2188,91.37643541711645
A85026,33000.0,2189,91.38744724749289
P87625,33000.0,2190,91.39845907786932
E85040,33000.0,2191,91.40947090824577
K81645,33000.0,2192,91.42048273862218
P84052,33000.0,2193,91.43149456899863
E82041,33000.0,2194,91.44250639937506
L85014,33000.0,2195,91.4535182297515
N84605,33000.0,2196,91.46453006012794
L85021,33000.0,2197,91.47554189050436
D83073,33000.0,2198,91.4865537208808
E85118,33000.0,2199,91.49756555125722
N82083,33000.0,2200,91.50857738163367
M85063,33000.0,2201,91.5195892120101
F81737,33000.0,2202,91.53060104238654
Y02755,33000.0,2203,91.54161287276297
N82070,33000.0,2204,91.5526247031394
P92010,33000.0,2205,91.56363653351583
K84050,33000.0,2206,91.57464836389228
M84036,33000.0,2207,91.58566019426871
J82139,33000.0,2208,91.59667202464514
M84029,33000.0,2209,91.60768385502158
B81616,32700.0,2210,91.61859557784913
L85029,32700.0,2211,91.62950730067669
D81021,32600.0,2212,91.64038565432129
G83628,32500.0,2213,91.65123063878293
C84144,32500.0,2214,91.66207562324458
J82201,32500.0,2215,91.6729206077062
F84039,32300.0,2216,91.68369885380193
P92621,32000.0,2217,91.69437699234878
H81068,32000.0,2218,91.70505513089563
C84136,32000.0,2219,91.71573326944247
H85020,32000.0,2220,91.72641140798932
P84650,32000.0,2221,91.73708954653617
N82073,32000.0,2222,91.747767685083
F81056,32000.0,2223,91.75844582362986
C83072,32000.0,2224,91.7691239621767
L85038,31800.0,2225,91.77973536235763
E85712,31800.0,2226,91.79034676253856
C84011,31800.0,2227,91.80095816271948
P82008,31800.0,2228,91.8115695629004
C83032,31500.0,2229,91.82208085553246
C86015,31500.0,2230,91.83259214816452
F81057,31500.0,2231,91.84310344079655
B85058,31500.0,2232,91.85361473342861
C85013,31500.0,2233,91.86412602606066
E84018,31500.0,2234,91.87463731869272
B85004,31500.0,2235,91.88514861132477
G81057,31500.0,2236,91.89565990395681
B84013,31500.0,2237,91.90617119658887
N84008,31500.0,2238,91.91668248922092
H81089,31500.0,2239,91.92719378185296
Y02663,31500.0,2240,91.93770507448502
B83058,31500.0,2241,91.94821636711707
K82039,31500.0,2242,91.95872765974913
M82047,31500.0,2243,91.96923895238118
D83026,31500.0,2244,91.97975024501322
K82008,31500.0,2245,91.99026153764528
E81052,31500.0,2246,92.00077283027733
M81090,31500.0,2247,92.01128412290937
Y02928,31500.0,2248,92.02179541554143
E85096,31500.0,2249,92.03230670817348
G81041,31500.0,2250,92.04281800080554
B85031,31500.0,2251,92.05332929343759
C82082,31500.0,2252,92.06384058606963
J81012,31500.0,2253,92.07435187870169
N81057,31500.0,2254,92.08486317133374
F86616,31500.0,2255,92.09537446396578
D81066,31500.0,2256,92.10588575659784
P83007,31500.0,2257,92.11639704922989
D82003,31500.0,2258,92.12690834186193
C81616,31500.0,2259,92.137419634494
J82016,31500.0,2260,92.14793092712604
G83067,31000.0,2261,92.1582753738433
F81732,31000.0,2262,92.16861982056056
D81037,31000.0,2263,92.1789642672778
H84041,31000.0,2264,92.18930871399506
F81183,30900.0,2265,92.19961979152936
C82088,30900.0,2266,92.20993086906365
K84002,30900.0,2267,92.22024194659795
N82011,30600.0,2268,92.23045291658339
K81050,30500.0,2269,92.24063051738585
P85021,30300.0,2270,92.25074137982239
Y02325,30300.0,2271,92.26085224225893
P85610,30000.0,2272,92.2708629971466
E84080,30000.0,2273,92.28087375203427
F81114,30000.0,2274,92.29088450692193
P86003,30000.0,2275,92.3008952618096
C88006,30000.0,2276,92.31090601669727
N81043,30000.0,2277,92.32091677158493
E85125,30000.0,2278,92.3309275264726
D82054,30000.0,2279,92.34093828136028
P82643,30000.0,2280,92.35094903624794
L85065,30000.0,2281,92.36095979113561
N81067,30000.0,2282,92.37097054602327
D81015,30000.0,2283,92.38098130091095
C88090,30000.0,2284,92.39099205579862
J83023,30000.0,2285,92.40100281068628
E87681,30000.0,2286,92.41101356557395
K82061,30000.0,2287,92.42102432046163
F84055,30000.0,2288,92.43103507534929
G81087,30000.0,2289,92.44104583023696
F84097,30000.0,2290,92.45105658512462
J81058,30000.0,2291,92.46106734001228
N81121,30000.0,2292,92.47107809489995
L81132,30000.0,2293,92.48108884978762
B86042,30000.0,2294,92.49109960467528
M83121,30000.0,2295,92.50111035956296
B85614,30000.0,2296,92.51112111445062
B85008,30000.0,2297,92.52113186933829
G81074,30000.0,2298,92.53114262422596
M91014,30000.0,2299,92.54115337911362
B82628,30000.0,2300,92.5511641340013
G82074,30000.0,2301,92.56117488888897
H83007,30000.0,2302,92.57118564377663
H83005,30000.0,2303,92.5811963986643
N82676,30000.0,2304,92.59120715355196
N83608,30000.0,2305,92.60121790843964
M84014,30000.0,2306,92.61122866332731
A82036,30000.0,2307,92.62123941821497
A82024,30000.0,2308,92.63125017310264
M88006,30000.0,2309,92.6412609279903
H81004,30000.0,2310,92.65127168287796
H81053,30000.0,2311,92.66128243776564
L81047,30000.0,2312,92.67129319265331
P86022,30000.0,2313,92.68130394754097
C84047,30000.0,2314,92.69131470242864
M85046,30000.0,2315,92.7013254573163
K81080,30000.0,2316,92.71133621220397
M83052,30000.0,2317,92.72134696709165
P81731,30000.0,2318,92.73135772197931
J82129,30000.0,2319,92.74136847686698
F81169,30000.0,2320,92.75137923175465
K83017,29500.0,2321,92.76122314072752
L83096,29500.0,2322,92.77106704970039
Y05080,29500.0,2323,92.78091095867327
A84011,29500.0,2324,92.79075486764614
C84150,29500.0,2325,92.80059877661901
A83054,29500.0,2326,92.81044268559188
M83738,29500.0,2327,92.82028659456476
E82075,29500.0,2328,92.83013050353763
G83680,29400.0,2329,92.83994104332754
K84063,29000.0,2330,92.84961810638562
P85013,29000.0,2331,92.8592951694437
K81068,29000.0,2332,92.86897223250179
H84010,29000.0,2333,92.87864929555987
L81007,29000.0,2334,92.88832635861795
Y00033,28800.0,2335,92.8979366833101
E86029,28600.0,2336,92.90748026963634
A83066,28500.0,2337,92.91699048677962
N82115,28500.0,2338,92.92650070392291
G82092,28500.0,2339,92.9360109210662
K83023,28500.0,2340,92.94552113820949
D83074,28500.0,2341,92.95503135535277
G82180,28500.0,2342,92.96454157249605
E85113,28500.0,2343,92.97405178963933
K84610,28500.0,2344,92.98356200678262
G82708,28500.0,2345,92.99307222392589
N81120,28500.0,2346,93.0025824410692
F86006,28500.0,2347,93.01209265821248
F86064,28500.0,2348,93.02160287535575
G82067,28500.0,2349,93.03111309249904
L84043,28500.0,2350,93.04062330964233
L84051,28500.0,2351,93.0501335267856
P81128,28500.0,2352,93.0596437439289
F84051,28500.0,2353,93.06915396107217
E84004,28500.0,2354,93.07866417821546
N81113,28500.0,2355,93.08817439535875
L85053,28500.0,2356,93.09768461250204
Y00347,28500.0,2357,93.10719482964531
M82011,28500.0,2358,93.1167050467886
L81023,28500.0,2359,93.12621526393188
K81040,28500.0,2360,93.13572548107517
J82199,28500.0,2361,93.14523569821846
B83056,28500.0,2362,93.15474591536173
J83609,28500.0,2363,93.16425613250502
F83056,28500.0,2364,93.1737663496483
J82094,28500.0,2365,93.18327656679159
G82041,28500.0,2366,93.19278678393488
F81219,28200.0,2367,93.20219689352928
B83659,28200.0,2368,93.21160700312369
L81103,28000.0,2369,93.22095037435217
E85035,28000.0,2370,93.23029374558067
A85013,28000.0,2371,93.23963711680916
E84044,28000.0,2372,93.24898048803765
F84696,28000.0,2373,93.25832385926614
D81051,28000.0,2374,93.26766723049464
J82092,28000.0,2375,93.27701060172312
P81087,28000.0,2376,93.2863539729516
L81125,28000.0,2377,93.2956973441801
Y06842,27800.0,2378,93.30497397704266
M82040,27500.0,2379,93.31415050235637
A82070,27500.0,2380,93.32332702767006
A81022,27500.0,2381,93.33250355298375
C84131,27500.0,2382,93.34168007829746
J82142,27500.0,2383,93.35085660361115
F82660,27300.0,2384,93.35996639055892
C88037,27000.0,2385,93.36897606995782
B83015,27000.0,2386,93.37798574935672
L81632,27000.0,2387,93.38699542875563
D81607,27000.0,2388,93.39600510815453
B82064,27000.0,2389,93.40501478755343
C83025,27000.0,2390,93.41402446695233
L85007,27000.0,2391,93.42303414635123
N81011,27000.0,2392,93.43204382575013
P86624,27000.0,2393,93.44105350514903
D81622,27000.0,2394,93.45006318454794
M88004,27000.0,2395,93.45907286394683
C84064,27000.0,2396,93.46808254334573
E82043,27000.0,2397,93.47709222274464
L84081,27000.0,2398,93.48610190214353
B87602,27000.0,2399,93.49511158154243
B82037,27000.0,2400,93.50412126094135
B83032,27000.0,2401,93.51313094034023
K82064,27000.0,2402,93.52214061973913
B85048,27000.0,2403,93.53115029913805
B81007,27000.0,2404,93.54015997853693
A86018,27000.0,2405,93.54916965793583
A83052,27000.0,2406,93.55817933733475
E81046,27000.0,2407,93.56718901673364
C85022,27000.0,2408,93.57619869613254
B82106,27000.0,2409,93.58520837553145
K82603,27000.0,2410,93.59421805493035
M83016,27000.0,2411,93.60322773432925
N81038,27000.0,2412,93.61223741372815
M84006,27000.0,2413,93.62124709312705
J81019,27000.0,2414,93.63025677252595
J82001,27000.0,2415,93.63926645192485
N82641,27000.0,2416,93.64827613132375
P82003,27000.0,2417,93.65728581072266
G82648,27000.0,2418,93.66629549012156
E87762,27000.0,2419,93.67530516952046
G83004,27000.0,2420,93.68431484891936
F84115,27000.0,2421,93.69332452831826
F81047,27000.0,2422,93.70233420771716
G83044,27000.0,2423,93.71134388711606
K81002,27000.0,2424,93.72035356651496
N82108,27000.0,2425,93.72936324591386
F84035,27000.0,2426,93.73837292531276
N85057,27000.0,2427,93.74738260471166
J83018,27000.0,2428,93.75639228411058
M82014,27000.0,2429,93.76540196350946
E87737,27000.0,2430,93.77441164290836
F81666,27000.0,2431,93.78342132230728
E84061,27000.0,2432,93.79243100170616
F81707,27000.0,2433,93.80144068110506
E83025,27000.0,2434,93.81045036050398
E83038,27000.0,2435,93.81946003990286
E87061,27000.0,2436,93.82846971930176
J81609,27000.0,2437,93.83747939870068
F86626,27000.0,2438,93.84648907809957
M82059,27000.0,2439,93.85549875749847
M82006,27000.0,2440,93.86450843689738
E85016,27000.0,2441,93.87351811629627
G81077,27000.0,2442,93.88252779569517
P89021,26600.0,2443,93.89140399836225
B82033,26500.0,2444,93.90024683184635
F84123,26500.0,2445,93.90908966533046
P88012,26500.0,2446,93.91793249881457
B82061,26500.0,2447,93.92677533229866
P89006,26500.0,2448,93.93561816578277
N82049,26500.0,2449,93.94446099926688
G83066,26500.0,2450,93.95330383275099
F83019,26500.0,2451,93.96214666623509
C81012,26400.0,2452,93.97095613053624
C86001,26300.0,2453,93.97973222565443
D81008,26000.0,2454,93.98840821322374
M88043,26000.0,2455,93.99708420079305
D83002,26000.0,2456,94.00576018836236
E82099,26000.0,2457,94.01443617593166
F81163,26000.0,2458,94.02311216350098
G85105,26000.0,2459,94.03178815107029
G82219,25800.0,2460,94.04039740027369
C88076,25500.0,2461,94.04890654192822
L81070,25500.0,2462,94.05741568358272
E87005,25500.0,2463,94.06592482523725
F83017,25500.0,2464,94.07443396689177
P84637,25500.0,2465,94.08294310854627
H81091,25500.0,2466,94.0914522502008
F81193,25500.0,2467,94.09996139185532
K81094,25500.0,2468,94.10847053350983
N84013,25500.0,2469,94.11697967516434
H85100,25500.0,2470,94.12548881681887
B85027,25500.0,2471,94.13399795847339
N81117,25500.0,2472,94.1425071001279
P81074,25500.0,2473,94.15101624178243
F86708,25500.0,2474,94.15952538343694
N81623,25500.0,2475,94.16803452509146
N81080,25500.0,2476,94.17654366674597
J82198,25500.0,2477,94.1850528084005
E85699,25500.0,2478,94.193561950055
C87022,25500.0,2479,94.20207109170953
J83618,25500.0,2480,94.21058023336406
D83004,25500.0,2481,94.21908937501856
M85060,25500.0,2482,94.22759851667308
C82075,25500.0,2483,94.2361076583276
C86032,25500.0,2484,94.24461679998211
C82060,25500.0,2485,94.25312594163663
N83002,25500.0,2486,94.26163508329115
N81100,25500.0,2487,94.27014422494567
K82059,25500.0,2488,94.27865336660018
P84016,25500.0,2489,94.28716250825471
J82630,25500.0,2490,94.29567164990922
C86003,25500.0,2491,94.30418079156374
H83023,25500.0,2492,94.31268993321825
N82074,25500.0,2493,94.32119907487278
A82068,25500.0,2494,94.32970821652728
D82015,25500.0,2495,94.33821735818181
Y00412,25500.0,2496,94.34672649983632
P81014,25100.0,2497,94.355102164759
B86672,25000.0,2498,94.36344446049873
D81062,25000.0,2499,94.37178675623845
K83025,25000.0,2500,94.38012905197817
M83719,25000.0,2501,94.3884713477179
H82091,25000.0,2502,94.39681364345762
E85122,25000.0,2503,94.40515593919734
L83007,25000.0,2504,94.41349823493707
N83028,25000.0,2505,94.42184053067679
A83030,25000.0,2506,94.43018282641651
L85624,25000.0,2507,94.43852512215624
A81030,25000.0,2508,94.44686741789596
A82013,24900.0,2509,94.45517634445272
F81083,24600.0,2510,94.46338516346061
K82610,24600.0,2511,94.47159398246849
K83614,24500.0,2512,94.47976943229342
G85136,24500.0,2513,94.48794488211836
E86030,24500.0,2514,94.49612033194329
Y03747,24500.0,2515,94.5042957817682
G84002,24500.0,2516,94.51247123159314
C84086,24500.0,2517,94.52064668141807
G82064,24500.0,2518,94.52882213124299
N81074,24500.0,2519,94.53699758106792
M83063,24500.0,2520,94.54517303089285
G82022,24500.0,2521,94.55334848071779
J82076,24300.0,2522,94.56145719217679
F81117,24300.0,2523,94.5695659036358
D81001,24300.0,2524,94.57767461509482
N81039,24300.0,2525,94.58578332655382
Y06276,24000.0,2526,94.59379193046396
C84039,24000.0,2527,94.60180053437409
A83071,24000.0,2528,94.60980913828423
C83056,24000.0,2529,94.61781774219436
C83075,24000.0,2530,94.6258263461045
N85006,24000.0,2531,94.63383495001463
C83613,24000.0,2532,94.64184355392476
P81694,24000.0,2533,94.6498521578349
H81071,24000.0,2534,94.65786076174504
A81017,24000.0,2535,94.66586936565517
C84066,24000.0,2536,94.6738779695653
M83723,24000.0,2537,94.68188657347544
Y01695,24000.0,2538,94.68989517738558
Y03777,24000.0,2539,94.69790378129571
P92647,24000.0,2540,94.70591238520583
M83088,24000.0,2541,94.71392098911598
P81073,24000.0,2542,94.7219295930261
G81059,24000.0,2543,94.72993819693623
L81087,24000.0,2544,94.73794680084637
B84007,24000.0,2545,94.74595540475651
N82062,24000.0,2546,94.75396400866664
M91621,24000.0,2547,94.76197261257678
G81099,24000.0,2548,94.76998121648691
B83042,24000.0,2549,94.77798982039704
C81615,24000.0,2550,94.78599842430718
J82017,24000.0,2551,94.79400702821732
G82142,24000.0,2552,94.80201563212745
L83111,24000.0,2553,94.81002423603758
Y02847,24000.0,2554,94.81803283994772
B81100,24000.0,2555,94.82604144385786
B81064,24000.0,2556,94.83405004776799
J82050,24000.0,2557,94.84205865167812
B81015,24000.0,2558,94.85006725558826
H81046,24000.0,2559,94.8580758594984
J83619,24000.0,2560,94.86608446340851
E87739,24000.0,2561,94.87409306731865
E86038,24000.0,2562,94.8821016712288
D81058,24000.0,2563,94.89011027513892
E87010,24000.0,2564,94.89811887904905
D81046,24000.0,2565,94.90612748295919
D82041,24000.0,2566,94.91413608686933
K81657,24000.0,2567,94.92214469077946
E85715,24000.0,2568,94.93015329468959
K81084,24000.0,2569,94.93816189859973
K82049,24000.0,2570,94.94617050250986
M83034,24000.0,2571,94.95417910642
J83064,24000.0,2572,94.96218771033013
E85708,24000.0,2573,94.97019631424027
P83011,24000.0,2574,94.9782049181504
F81222,24000.0,2575,94.98621352206054
J82138,24000.0,2576,94.99422212597068
K83055,24000.0,2577,95.0022307298808
M83028,24000.0,2578,95.01023933379093
E85605,24000.0,2579,95.01824793770108
E87663,24000.0,2580,95.0262565416112
E85033,24000.0,2581,95.03426514552133
P85026,24000.0,2582,95.04227374943147
B81104,23800.0,2583,95.05021561497568
N85021,23700.0,2584,95.05812411133695
C84120,23700.0,2585,95.0660326076982
L85035,23500.0,2586,95.07387436569354
D81042,23500.0,2587,95.08171612368889
F86612,23500.0,2588,95.08955788168423
P81150,23400.0,2589,95.09736627049661
G85711,23400.0,2590,95.10517465930899
A83061,23300.0,2591,95.1129496789384
N81060,23100.0,2592,95.12065796020191
F83005,23000.0,2593,95.12833287228246
P81714,23000.0,2594,95.136007784363
G85696,23000.0,2595,95.14368269644355
G84003,23000.0,2596,95.1513576085241
K81021,22500.0,2597,95.15886567468984
M86034,22500.0,2598,95.16637374085559
P84025,22500.0,2599,95.17388180702135
B86036,22500.0,2600,95.1813898731871
N82663,22500.0,2601,95.18889793935284
L83045,22500.0,2602,95.1964060055186
P88043,22500.0,2603,95.20391407168435
D83005,22500.0,2604,95.2114221378501
E87046,22500.0,2605,95.21893020401585
B81046,22500.0,2606,95.2264382701816
M84042,22500.0,2607,95.23394633634736
H82050,22500.0,2608,95.2414544025131
B86049,22500.0,2609,95.24896246867885
D82076,22500.0,2610,95.25647053484461
A83032,22500.0,2611,95.26397860101035
G84025,22500.0,2612,95.27148666717609
G82082,22500.0,2613,95.27899473334185
E87016,22500.0,2614,95.2865027995076
A83035,22500.0,2615,95.29401086567336
M83140,22500.0,2616,95.3015189318391
D82051,22500.0,2617,95.30902699800485
Y04957,22500.0,2618,95.31653506417061
M82043,22500.0,2619,95.32404313033635
B82100,22500.0,2620,95.3315511965021
H82011,22500.0,2621,95.33905926266786
E87008,22500.0,2622,95.34656732883361
B83641,22500.0,2623,95.35407539499936
E86605,22500.0,2624,95.36158346116511
C81008,22500.0,2625,95.36909152733087
P83001,22500.0,2626,95.3765995934966
N81607,22500.0,2627,95.38410765966236
F81100,22500.0,2628,95.39161572582812
P84644,22500.0,2629,95.39912379199387
C84045,22500.0,2630,95.40663185815961
E82009,22500.0,2631,95.41413992432537
M82034,22500.0,2632,95.42164799049112
C86019,22500.0,2633,95.42915605665686
F84668,22500.0,2634,95.43666412282262
F84105,22500.0,2635,95.44417218898838
H81009,22500.0,2636,95.45168025515413
C81063,22500.0,2637,95.45918832131987
M83009,22500.0,2638,95.46669638748561
F81123,22500.0,2639,95.47420445365137
F83632,22500.0,2640,95.48171251981712
C85001,22500.0,2641,95.48922058598286
F84022,22500.0,2642,95.49672865214862
M85172,22500.0,2643,95.50423671831437
L85042,22400.0,2644,95.51171141529716
A83003,22200.0,2645,95.51911937391404
M85145,22200.0,2646,95.52652733253092
F85066,22000.0,2647,95.53386855278188
P82034,22000.0,2648,95.54120977303283
J82051,22000.0,2649,95.54855099328378
Y06356,22000.0,2650,95.55589221353475
E85014,22000.0,2651,95.5632334337857
A82004,22000.0,2652,95.57057465403666
D81054,22000.0,2653,95.57791587428761
Y00200,22000.0,2654,95.58525709453856
D81044,22000.0,2655,95.59259831478953
E81615,21900.0,2656,95.59990616585752
Y02686,21600.0,2657,95.60711390937664
H85012,21500.0,2658,95.6142882837128
A85006,21500.0,2659,95.62146265804896
N82009,21500.0,2660,95.62863703238513
F84640,21500.0,2661,95.63581140672129
M85058,21300.0,2662,95.64291904269153
M83148,21100.0,2663,95.64995994029586
H82034,21000.0,2664,95.65696746871723
G82137,21000.0,2665,95.6639749971386
K82011,21000.0,2666,95.67098252555995
B82081,21000.0,2667,95.67799005398133
G85736,21000.0,2668,95.6849975824027
M83062,21000.0,2669,95.69200511082407
Y04023,21000.0,2670,95.69901263924542
C84055,21000.0,2671,95.7060201676668
B81031,21000.0,2672,95.71302769608816
K82017,21000.0,2673,95.72003522450953
D82073,21000.0,2674,95.7270427529309
H82059,21000.0,2675,95.73405028135227
M85025,21000.0,2676,95.74105780977364
F81751,21000.0,2677,95.748065338195
D83053,21000.0,2678,95.75507286661636
Y07275,21000.0,2679,95.76208039503774
D83010,21000.0,2680,95.76908792345911
M82025,21000.0,2681,95.77609545188047
H83024,21000.0,2682,95.78310298030183
M91614,21000.0,2683,95.7901105087232
J82071,21000.0,2684,95.79711803714457
P83623,21000.0,2685,95.80412556556594
N82024,21000.0,2686,95.81113309398731
D81002,21000.0,2687,95.81814062240868
E87067,21000.0,2688,95.82514815083005
N85013,21000.0,2689,95.8321556792514
P81099,21000.0,2690,95.83916320767277
N84011,21000.0,2691,95.84617073609414
M84002,21000.0,2692,95.85317826451552
F84694,21000.0,2693,95.86018579293687
C81658,21000.0,2694,95.86719332135824
K81018,21000.0,2695,95.87420084977961
L84613,21000.0,2696,95.88120837820098
M92011,21000.0,2697,95.88821590662235
C86024,21000.0,2698,95.89522343504372
M91006,21000.0,2699,95.90223096346509
N84027,21000.0,2700,95.90923849188646
C82610,21000.0,2701,95.91624602030781
G85722,21000.0,2702,95.92325354872918
F83666,21000.0,2703,95.93026107715055
E86041,21000.0,2704,95.93726860557193
L85009,21000.0,2705,95.94427613399328
H82016,21000.0,2706,95.95128366241465
Y00080,21000.0,2707,95.95829119083602
D83081,21000.0,2708,95.96529871925739
M91009,21000.0,2709,95.97230624767874
L85020,20500.0,2710,95.97914693018534
K83048,20500.0,2711,95.9859876126919
A87029,20500.0,2712,95.99282829519848
P81132,20100.0,2713,95.99953550097321
A83619,20000.0,2714,96.006209337565
G85705,20000.0,2715,96.01288317415677
Y04882,20000.0,2716,96.01955701074854
A85014,20000.0,2717,96.02623084734032
K81633,20000.0,2718,96.0329046839321
G84040,20000.0,2719,96.03957852052389
P84029,20000.0,2720,96.04625235711566
C82656,20000.0,2721,96.05292619370745
F81043,20000.0,2722,96.05960003029922
G82641,20000.0,2723,96.066273866891
C84090,20000.0,2724,96.07294770348277
F84635,20000.0,2725,96.07962154007456
H84006,20000.0,2726,96.08629537666633
M83130,20000.0,2727,96.0929692132581
K83618,20000.0,2728,96.09964304984989
M85062,20000.0,2729,96.10631688644166
Y02933,20000.0,2730,96.11299072303345
F83043,20000.0,2731,96.11966455962524
L82007,20000.0,2732,96.12633839621701
B86041,20000.0,2733,96.13301223280878
F82006,20000.0,2734,96.13968606940055
C88652,20000.0,2735,96.14635990599234
E81024,19800.0,2736,96.1529670042182
G85681,19500.0,2737,96.15947399489518
C81039,19500.0,2738,96.16598098557216
J83024,19500.0,2739,96.17248797624916
C88060,19500.0,2740,96.17899496692614
C86626,19500.0,2741,96.18550195760311
A81042,19500.0,2742,96.1920089482801
G83010,19500.0,2743,96.19851593895709
L85054,19500.0,2744,96.20502292963407
P81165,19500.0,2745,96.21152992031105
E85025,19500.0,2746,96.21803691098803
J82055,19500.0,2747,96.22454390166503
J82639,19500.0,2748,96.23105089234201
P81757,19500.0,2749,96.237557883019
F84014,19500.0,2750,96.24406487369598
C83033,19500.0,2751,96.25057186437296
P81218,19500.0,2752,96.25707885504994
F81125,19500.0,2753,96.26358584572692
P91021,19500.0,2754,96.2700928364039
K84042,19500.0,2755,96.27659982708089
E81022,19500.0,2756,96.28310681775788
J81073,19500.0,2757,96.28961380843486
J81078,19500.0,2758,96.29612079911185
B83661,19500.0,2759,96.30262778978883
D83038,19500.0,2760,96.30913478046581
D83016,19500.0,2761,96.31564177114281
G83029,19500.0,2762,96.32214876181978
P84028,19500.0,2763,96.32865575249676
D83011,19500.0,2764,96.33516274317375
K81003,19500.0,2765,96.34166973385074
B81635,19500.0,2766,96.34817672452772
E85719,19500.0,2767,96.3546837152047
E85119,19500.0,2768,96.36119070588168
H84007,19500.0,2769,96.36769769655868
M81043,19500.0,2770,96.37420468723565
A89031,19500.0,2771,96.38071167791263
F81690,19500.0,2772,96.38721866858963
H82012,19500.0,2773,96.39372565926661
H85061,19500.0,2774,96.40023264994359
F86086,19500.0,2775,96.40673964062057
G85020,19500.0,2776,96.41324663129755
A83028,19500.0,2777,96.41975362197455
F86700,19500.0,2778,96.42626061265153
B85646,19500.0,2779,96.4327676033285
B85606,19500.0,2780,96.4392745940055
F83022,19200.0,2781,96.4456814771336
G81022,19000.0,2782,96.4520216218958
C81082,19000.0,2783,96.45836176665797
N85054,19000.0,2784,96.46470191142016
K83009,19000.0,2785,96.47104205618236
E85745,18900.0,2786,96.47734883176159
P82652,18900.0,2787,96.48365560734082
M85124,18900.0,2788,96.48996238292004
A82025,18600.0,2789,96.49616905095041
-,18500.0,2790,96.5023423497978
B86024,18500.0,2791,96.5085156486452
G85032,18500.0,2792,96.51468894749259
A83616,18300.0,2793,96.52079550797407
C87003,18300.0,2794,96.52690206845554
K81046,18100.0,2795,96.5329418905711
E84062,18000.0,2796,96.5389483435037
M84629,18000.0,2797,96.5449547964363
G84035,18000.0,2798,96.55096124936891
G85016,18000.0,2799,96.5569677023015
P84067,18000.0,2800,96.5629741552341
H81025,18000.0,2801,96.56898060816671
E84646,18000.0,2802,96.5749870610993
H81055,18000.0,2803,96.58099351403192
G82226,18000.0,2804,96.5869999669645
N84012,18000.0,2805,96.59300641989711
D81034,18000.0,2806,96.59901287282972
P89014,18000.0,2807,96.60501932576231
H84018,18000.0,2808,96.61102577869491
C86034,18000.0,2809,96.6170322316275
C84693,18000.0,2810,96.62303868456011
M81041,18000.0,2811,96.62904513749271
G82711,18000.0,2812,96.63505159042532
F84619,18000.0,2813,96.64105804335792
H85026,18000.0,2814,96.64706449629051
M81605,18000.0,2815,96.65307094922312
F84747,18000.0,2816,96.65907740215572
M82003,18000.0,2817,96.66508385508831
F84087,18000.0,2818,96.67109030802091
F85029,18000.0,2819,96.67709676095352
P81112,18000.0,2820,96.68310321388613
F86082,18000.0,2821,96.68910966681872
P81633,18000.0,2822,96.69511611975132
F82018,18000.0,2823,96.70112257268391
F81211,18000.0,2824,96.70712902561652
F81088,18000.0,2825,96.71313547854912
F81142,18000.0,2826,96.71914193148172
G82025,18000.0,2827,96.72514838441433
G82042,18000.0,2828,96.73115483734692
G82125,18000.0,2829,96.73716129027953
F81126,18000.0,2830,96.74316774321213
G82155,18000.0,2831,96.74917419614472
M81083,18000.0,2832,96.75518064907732
G82211,18000.0,2833,96.76118710200993
F84669,18000.0,2834,96.76719355494252
C84112,18000.0,2835,96.77320000787513
F84730,18000.0,2836,96.77920646080773
M84017,18000.0,2837,96.78521291374032
K81070,18000.0,2838,96.79121936667293
P92003,18000.0,2839,96.79722581960553
A84009,18000.0,2840,96.80323227253812
K81077,18000.0,2841,96.80923872547072
N81045,18000.0,2842,96.81524517840333
B86012,18000.0,2843,96.82125163133594
B84623,18000.0,2844,96.82725808426854
B82098,18000.0,2845,96.83326453720113
B82073,18000.0,2846,96.83927099013373
Y02885,18000.0,2847,96.84527744306634
B81619,18000.0,2848,96.85128389599893
Y02906,18000.0,2849,96.85729034893154
M83608,18000.0,2850,96.86329680186414
Y04515,18000.0,2851,96.86930325479673
A85017,18000.0,2852,96.87530970772934
K83030,18000.0,2853,96.88131616066194
K83036,18000.0,2854,96.88732261359453
N81051,18000.0,2855,96.89332906652713
K81007,18000.0,2856,96.89933551945974
B86028,18000.0,2857,96.90534197239235
Y00252,18000.0,2858,96.91134842532495
H85680,18000.0,2859,96.91735487825754
N81628,18000.0,2860,96.92336133119014
C84028,18000.0,2861,96.92936778412275
J81648,18000.0,2862,96.93537423705534
J82018,18000.0,2863,96.94138068998794
N81102,18000.0,2864,96.94738714292055
A82026,18000.0,2865,96.95339359585314
Y00278,18000.0,2866,96.95940004878575
Y02045,18000.0,2867,96.96540650171835
L83136,18000.0,2868,96.97141295465094
C82035,18000.0,2869,96.97741940758354
L85046,18000.0,2870,96.98342586051615
J82169,18000.0,2871,96.98943231344876
B86089,18000.0,2872,96.99543876638134
M86007,18000.0,2873,97.00144521931395
M92607,18000.0,2874,97.00745167224655
E81030,17700.0,2875,97.01335801763027
E87013,17500.0,2876,97.01919762464809
E81009,17500.0,2877,97.02503723166589
D81031,17500.0,2878,97.03087683868368
Y04226,17100.0,2879,97.03658296896967
P81039,17100.0,2880,97.04228909925563
C84101,17100.0,2881,97.04799522954161
D81038,17000.0,2882,97.05366799064463
P81710,17000.0,2883,97.05934075174763
P84051,16800.0,2884,97.06494677448472
G81614,16800.0,2885,97.07055279722182
F84692,16500.0,2886,97.07605871241003
H85018,16500.0,2887,97.08156462759825
J82207,16500.0,2888,97.08707054278646
J82101,16500.0,2889,97.09257645797469
J82064,16500.0,2890,97.0980823731629
C83019,16500.0,2891,97.10358828835112
C83054,16500.0,2892,97.10909420353934
H85111,16500.0,2893,97.11460011872755
C85016,16500.0,2894,97.12010603391576
K81087,16500.0,2895,97.12561194910398
P89026,16500.0,2896,97.13111786429221
N82097,16500.0,2897,97.13662377948043
P89023,16500.0,2898,97.14212969466864
H82067,16500.0,2899,97.14763560985685
C88041,16500.0,2900,97.15314152504507
M85797,16500.0,2901,97.1586474402333
J83013,16500.0,2902,97.16415335542152
K81616,16500.0,2903,97.16965927060971
D83047,16500.0,2904,97.17516518579794
M91654,16500.0,2905,97.18067110098616
Y06131,16500.0,2906,97.18617701617438
Y05733,16500.0,2907,97.19168293136259
L84025,16500.0,2908,97.1971888465508
A84005,16500.0,2909,97.20269476173902
L83042,16500.0,2910,97.20820067692725
L81098,16500.0,2911,97.21370659211547
M86038,16500.0,2912,97.21921250730368
B85640,16500.0,2913,97.22471842249189
K83024,16500.0,2914,97.23022433768011
A89030,16500.0,2915,97.23573025286834
K82617,16500.0,2916,97.24123616805655
Y02842,16500.0,2917,97.24674208324477
K82010,16500.0,2918,97.25224799843298
K82001,16500.0,2919,97.2577539136212
H81062,16500.0,2920,97.26325982880942
C86018,16500.0,2921,97.26876574399763
L85019,16500.0,2922,97.27427165918586
H81036,16500.0,2923,97.27977757437407
F81009,16500.0,2924,97.28528348956229
F81015,16500.0,2925,97.2907894047505
H81023,16500.0,2926,97.29629531993872
H81033,16500.0,2927,97.30180123512694
G82147,16500.0,2928,97.30730715031515
G82016,16500.0,2929,97.31281306550336
M84051,16500.0,2930,97.31831898069159
E84075,16500.0,2931,97.32382489587981
F83059,16500.0,2932,97.32933081106803
F86701,16500.0,2933,97.33483672625624
M82002,16500.0,2934,97.34034264144445
P84689,16500.0,2935,97.34584855663267
E83018,16500.0,2936,97.3513544718209
P86021,16500.0,2937,97.35686038700912
E81061,16500.0,2938,97.36236630219733
E81031,16500.0,2939,97.36787221738554
G83018,16500.0,2940,97.37337813257376
F84122,16300.0,2941,97.37881730939606
G83039,16000.0,2942,97.38415637866949
A82028,16000.0,2943,97.3894954479429
L85066,16000.0,2944,97.39483451721634
K82044,16000.0,2945,97.40017358648974
A82003,16000.0,2946,97.40551265576318
H81043,16000.0,2947,97.4108517250366
D83035,16000.0,2948,97.41619079431003
N82078,16000.0,2949,97.42152986358344
J81016,16000.0,2950,97.42686893285686
H84639,16000.0,2951,97.4322080021303
N84024,16000.0,2952,97.43754707140371
P84040,16000.0,2953,97.44288614067713
H84053,16000.0,2954,97.44822520995055
L85013,16000.0,2955,97.45356427922398
K82047,15900.0,2956,97.45886997931444
P81072,15900.0,2957,97.4641756794049
B82101,15900.0,2958,97.46948137949538
P84611,15800.0,2959,97.47475371040288
E85636,15600.0,2960,97.47995930294447
J82062,15500.0,2961,97.48513152630309
N83603,15500.0,2962,97.49030374966172
Y02117,15500.0,2963,97.49547597302035
F81165,15500.0,2964,97.50064819637898
P81726,15000.0,2965,97.50565357382281
M86605,15000.0,2966,97.51065895126665
Y06443,15000.0,2967,97.51566432871049
N81054,15000.0,2968,97.52066970615432
P81735,15000.0,2969,97.52567508359814
P81730,15000.0,2970,97.53068046104197
Y04225,15000.0,2971,97.5356858384858
M84037,15000.0,2972,97.54069121592964
M86029,15000.0,2973,97.54569659337348
P81054,15000.0,2974,97.55070197081731
M84024,15000.0,2975,97.55570734826115
P84056,15000.0,2976,97.56071272570497
P82613,15000.0,2977,97.56571810314881
Y02578,15000.0,2978,97.57072348059265
Y02378,15000.0,2979,97.57572885803648
G85086,15000.0,2980,97.58073423548032
H85037,15000.0,2981,97.58573961292414
E85041,15000.0,2982,97.59074499036798
E85657,15000.0,2983,97.59575036781182
K81055,15000.0,2984,97.60075574525565
B81013,15000.0,2985,97.60576112269949
K81041,15000.0,2986,97.61076650014331
B81022,15000.0,2987,97.61577187758715
G83028,15000.0,2988,97.62077725503099
E85062,15000.0,2989,97.62578263247482
L85607,15000.0,2990,97.63078800991866
A82072,15000.0,2991,97.6357933873625
E84601,15000.0,2992,97.64079876480632
E84086,15000.0,2993,97.64580414225016
E84066,15000.0,2994,97.650809519694
J83004,15000.0,2995,97.65581489713783
E83638,15000.0,2996,97.66082027458167
E83017,15000.0,2997,97.66582565202549
G85100,15000.0,2998,97.67083102946933
L84053,15000.0,2999,97.67583640691316
C82044,15000.0,3000,97.680841784357
G82604,15000.0,3001,97.68584716180084
K82048,15000.0,3002,97.69085253924466
F83673,15000.0,3003,97.6958579166885
L81075,15000.0,3004,97.70086329413233
L81027,15000.0,3005,97.70586867157617
F84749,15000.0,3006,97.71087404902
F81606,15000.0,3007,97.71587942646384
F81132,15000.0,3008,97.72088480390767
L82006,15000.0,3009,97.72589018135149
L82008,15000.0,3010,97.73089555879532
K84060,15000.0,3011,97.73590093623916
A84038,15000.0,3012,97.740906313683
L83010,15000.0,3013,97.74591169112684
A84031,15000.0,3014,97.75091706857066
F86066,15000.0,3015,97.7559224460145
G81051,15000.0,3016,97.76092782345833
G82090,15000.0,3017,97.76593320090217
J82122,15000.0,3018,97.770938578346
L85064,15000.0,3019,97.77594395578984
G85644,15000.0,3020,97.78094933323366
D81012,15000.0,3021,97.7859547106775
B82021,15000.0,3022,97.79096008812134
H81067,15000.0,3023,97.79596546556517
B86019,15000.0,3024,97.80097084300901
H81005,15000.0,3025,97.80597622045283
M82060,15000.0,3026,97.81098159789667
D81047,15000.0,3027,97.81598697534051
M83001,15000.0,3028,97.82099235278434
D83608,15000.0,3029,97.82599773022818
B86003,15000.0,3030,97.831003107672
H83044,15000.0,3031,97.83600848511584
D82105,15000.0,3032,97.84101386255968
D82099,15000.0,3033,97.84601924000351
D82071,15000.0,3034,97.85102461744735
A81002,15000.0,3035,97.85602999489117
D82035,15000.0,3036,97.86103537233501
E82013,15000.0,3037,97.86604074977885
B82080,15000.0,3038,97.87104612722268
L81051,15000.0,3039,97.87605150466652
D81005,15000.0,3040,97.88105688211036
E82124,15000.0,3041,97.88606225955418
H81040,15000.0,3042,97.89106763699802
M82010,15000.0,3043,97.89607301444185
M81617,14500.0,3044,97.9009115459709
E87038,14500.0,3045,97.90575007749993
C84705,14400.0,3046,97.910555239846
H82014,14400.0,3047,97.91536040219209
C85623,14100.0,3048,97.92006545698929
C82660,14100.0,3049,97.92477051178649
P81037,14000.0,3050,97.92944219740075
N81059,14000.0,3051,97.93411388301499
F84034,14000.0,3052,97.93878556862923
H82070,13800.0,3053,97.94339051587755
E84021,13800.0,3054,97.94799546312588
P84032,13800.0,3055,97.95260041037422
C86621,13800.0,3056,97.95720535762254
F84010,13700.0,3057,97.96177693568791
K84605,13500.0,3058,97.96628177538736
F86010,13500.0,3059,97.97078661508681
N81014,13500.0,3060,97.97529145478626
N82116,13500.0,3061,97.97979629448571
J82072,13500.0,3062,97.98430113418516
G85021,13500.0,3063,97.98880597388461
L81033,13500.0,3064,97.99331081358406
N82077,13500.0,3065,97.99781565328351
J82082,13500.0,3066,98.00232049298296
P92634,13500.0,3067,98.00682533268241
C82678,13500.0,3068,98.01133017238186
H84042,13500.0,3069,98.01583501208131
Y01163,13500.0,3070,98.02033985178076
C83010,13500.0,3071,98.02484469148021
Y01221,13500.0,3072,98.02934953117966
G83046,13500.0,3073,98.03385437087911
C82651,13500.0,3074,98.03835921057856
P81043,13500.0,3075,98.04286405027801
G83031,13500.0,3076,98.04736888997748
J82058,13500.0,3077,98.05187372967691
G83049,13500.0,3078,98.05637856937636
H82036,13500.0,3079,98.06088340907581
K81066,13500.0,3080,98.06538824877526
B81005,13500.0,3081,98.06989308847471
Y02790,13500.0,3082,98.07439792817418
G83065,13500.0,3083,98.07890276787361
G82232,13500.0,3084,98.08340760757306
H82066,13500.0,3085,98.08791244727252
G82141,13500.0,3086,98.09241728697197
H82051,13500.0,3087,98.09692212667142
G82087,13500.0,3088,98.10142696637088
Y00297,13500.0,3089,98.10593180607032
J83615,13500.0,3090,98.11043664576977
G82007,13500.0,3091,98.11494148546922
P81079,13500.0,3092,98.11944632516867
C81095,13500.0,3093,98.12395116486813
K83011,13500.0,3094,98.12845600456758
C81015,13500.0,3095,98.13296084426703
A85611,13500.0,3096,98.13746568396647
E83010,13500.0,3097,98.14197052366592
E86024,13500.0,3098,98.14647536336537
L83663,13500.0,3099,98.15098020306483
C84696,13500.0,3100,98.15548504276428
E85114,13500.0,3101,98.15998988246373
L85012,13500.0,3102,98.16449472216317
C84703,13500.0,3103,98.16899956186262
M87013,13500.0,3104,98.17350440156207
E85008,13500.0,3105,98.17800924126153
P89020,13500.0,3106,98.18251408096098
M81061,13500.0,3107,98.18701892066044
C88092,13500.0,3108,98.19152376035987
L83094,13500.0,3109,98.19602860005932
P86015,13500.0,3110,98.20053343975879
E83008,13500.0,3111,98.20503827945824
E83005,13500.0,3112,98.20954311915769
E82019,13500.0,3113,98.21404795885714
Y06275,13500.0,3114,98.21855279855657
E81073,13500.0,3115,98.22305763825602
E81014,13500.0,3116,98.22756247795549
M82057,13500.0,3117,98.23206731765494
A81035,13500.0,3118,98.23657215735439
D83006,13500.0,3119,98.24107699705384
E86615,13500.0,3120,98.24558183675329
E84637,13500.0,3121,98.25008667645272
F83023,13500.0,3122,98.25459151615219
P82007,13500.0,3123,98.25909635585164
A85002,13500.0,3124,98.26360119555109
F82030,13500.0,3125,98.26810603525054
F81112,13500.0,3126,98.27261087494999
F83615,13500.0,3127,98.27711571464944
P82006,13500.0,3128,98.28162055434889
L82003,13500.0,3129,98.28612539404834
P92006,13200.0,3130,98.29053012619892
Y02946,13000.0,3131,98.29486811998358
A81602,13000.0,3132,98.29920611376822
E81631,12600.0,3133,98.30341063082105
C84034,12500.0,3134,98.30758177869092
D81637,12500.0,3135,98.31175292656077
C84646,12500.0,3136,98.31592407443063
Y02423,12500.0,3137,98.3200952223005
N83014,12300.0,3138,98.32419963180443
F84088,12000.0,3139,98.32820393375951
H81130,12000.0,3140,98.33220823571457
E81612,12000.0,3141,98.33621253766964
C83002,12000.0,3142,98.3402168396247
F81739,12000.0,3143,98.34422114157977
E83003,12000.0,3144,98.34822544353484
H81030,12000.0,3145,98.35222974548991
N84034,12000.0,3146,98.35623404744497
F81729,12000.0,3147,98.36023834940005
H81015,12000.0,3148,98.3642426513551
Y02321,12000.0,3149,98.36824695331016
D82040,12000.0,3150,98.37225125526524
E81040,12000.0,3151,98.3762555572203
H84060,12000.0,3152,98.38025985917538
N83601,12000.0,3153,98.38426416113045
N82076,12000.0,3154,98.38826846308551
D81035,12000.0,3155,98.39227276504057
N83026,12000.0,3156,98.39627706699564
F81645,12000.0,3157,98.4002813689507
H82055,12000.0,3158,98.40428567090578
D81630,12000.0,3159,98.40828997286084
D83064,12000.0,3160,98.41229427481592
B83627,12000.0,3161,98.41629857677098
B85641,12000.0,3162,98.42030287872603
D82044,12000.0,3163,98.42430718068111
P92042,12000.0,3164,98.42831148263618
E87733,12000.0,3165,98.43231578459125
G85706,12000.0,3166,98.43632008654632
F86702,12000.0,3167,98.44032438850138
Y00206,12000.0,3168,98.44432869045644
G83033,12000.0,3169,98.44833299241151
E85026,12000.0,3170,98.45233729436657
P84046,12000.0,3171,98.45634159632165
E85069,12000.0,3172,98.46034589827671
F81113,12000.0,3173,98.46435020023179
P81031,12000.0,3174,98.46835450218686
G85109,12000.0,3175,98.47235880414192
F81099,12000.0,3176,98.47636310609698
P92011,12000.0,3177,98.48036740805205
P91020,12000.0,3178,98.48437171000711
G82055,12000.0,3179,98.48837601196219
G82631,12000.0,3180,98.49238031391725
C84142,12000.0,3181,98.49638461587233
E85006,12000.0,3182,98.50038891782738
C86017,12000.0,3183,98.50439321978244
G83058,12000.0,3184,98.50839752173752
P81167,12000.0,3185,98.51240182369258
E84031,12000.0,3186,98.51640612564765
P81003,12000.0,3187,98.52041042760273
Y01066,12000.0,3188,98.52441472955779
C81016,12000.0,3189,98.52841903151285
N85616,12000.0,3190,98.53242333346792
Y01132,12000.0,3191,98.53642763542298
P85015,12000.0,3192,98.54043193737806
G85022,12000.0,3193,98.54443623933312
E83013,12000.0,3194,98.5484405412882
F81128,12000.0,3195,98.55244484324326
Y01281,12000.0,3196,98.55644914519831
E87722,12000.0,3197,98.56045344715339
F85700,12000.0,3198,98.56445774910846
F81131,12000.0,3199,98.56846205106352
M84008,12000.0,3200,98.5724663530186
D82002,12000.0,3201,98.57647065497366
H85656,12000.0,3202,98.58047495692873
Y07239,12000.0,3203,98.58447925888379
A81013,12000.0,3204,98.58848356083885
M81012,12000.0,3205,98.59248786279393
J82147,12000.0,3206,98.596492164749
M81032,12000.0,3207,98.60049646670406
M86004,12000.0,3208,98.60450076865914
L81008,12000.0,3209,98.6085050706142
A83012,12000.0,3210,98.61250937256926
L81004,12000.0,3211,98.61651367452433
K83069,12000.0,3212,98.62051797647939
M84061,12000.0,3213,98.62452227843447
M85732,12000.0,3214,98.62852658038953
K82003,12000.0,3215,98.6325308823446
N81048,12000.0,3216,98.63653518429967
M82046,12000.0,3217,98.64053948625472
J83645,12000.0,3218,98.6445437882098
J83059,12000.0,3219,98.64854809016487
M82042,12000.0,3220,98.65255239211993
M82022,12000.0,3221,98.65655669407501
J82124,12000.0,3222,98.66056099603007
M82026,12000.0,3223,98.66456529798513
L82004,12000.0,3224,98.6685695999402
N81107,12000.0,3225,98.67257390189526
H85618,12000.0,3226,98.67657820385034
A83627,12000.0,3227,98.6805825058054
L85055,12000.0,3228,98.68458680776047
L85001,12000.0,3229,98.68859110971555
B85044,11700.0,3230,98.69249530412173
F81144,11500.0,3231,98.696332760162
A86003,11500.0,3232,98.70017021620228
E85088,11500.0,3233,98.70400767224254
F81147,11500.0,3234,98.70784512828283
Y04227,11500.0,3235,98.71168258432309
P84665,11500.0,3236,98.71552004036337
E82086,11100.0,3237,98.7192240196718
Y03049,11000.0,3238,98.72289462979728
E85019,11000.0,3239,98.72656523992276
M87018,10800.0,3240,98.73016911168232
N84016,10800.0,3241,98.73377298344188
N82002,10800.0,3242,98.73737685520145
G81641,10500.0,3243,98.74088061941212
K82021,10500.0,3244,98.7443843836228
M83012,10500.0,3245,98.74788814783348
C82084,10500.0,3246,98.75139191204417
M85711,10500.0,3247,98.75489567625486
G82013,10500.0,3248,98.75839944046554
M84615,10500.0,3249,98.76190320467623
J82084,10500.0,3250,98.76540696888691
K83007,10500.0,3251,98.7689107330976
H85649,10500.0,3252,98.77241449730828
Y00155,10500.0,3253,98.77591826151895
G83016,10500.0,3254,98.77942202572964
C81058,10500.0,3255,98.78292578994032
J82145,10500.0,3256,98.78642955415101
H85045,10500.0,3257,98.78993331836169
E82032,10500.0,3258,98.79343708257238
J82216,10500.0,3259,98.79694084678306
G84627,10500.0,3260,98.80044461099374
N85633,10500.0,3261,98.80394837520443
E85624,10500.0,3262,98.8074521394151
G85642,10500.0,3263,98.8109559036258
E85696,10500.0,3264,98.81445966783647
Y00446,10500.0,3265,98.81796343204716
G83057,10500.0,3266,98.82146719625786
B83025,10500.0,3267,98.82497096046853
B85026,10500.0,3268,98.82847472467921
J82060,10500.0,3269,98.83197848888989
A86038,10500.0,3270,98.83548225310058
G85011,10500.0,3271,98.83898601731127
C88034,10500.0,3272,98.84248978152195
L83085,10500.0,3273,98.84599354573264
L81123,10500.0,3274,98.84949730994332
M86015,10500.0,3275,98.85300107415401
F81725,10500.0,3276,98.85650483836469
L81644,10500.0,3277,98.86000860257536
M83625,10500.0,3278,98.86351236678605
J81030,10500.0,3279,98.86701613099673
N82678,10500.0,3280,98.87051989520742
M83021,10500.0,3281,98.8740236594181
B85634,10500.0,3282,98.87752742362879
N82668,10500.0,3283,98.88103118783947
P81736,10500.0,3284,98.88453495205015
E85005,10500.0,3285,98.88803871626084
A83027,10500.0,3286,98.89154248047151
C86011,10500.0,3287,98.8950462446822
F83021,10500.0,3288,98.89855000889288
E84069,10500.0,3289,98.90205377310357
C83028,10500.0,3290,98.90555753731427
F83660,10500.0,3291,98.90906130152494
D83055,10500.0,3292,98.91256506573562
E87677,10500.0,3293,98.9160688299463
P84004,10500.0,3294,98.91957259415699
N84014,10500.0,3295,98.92307635836767
N82086,10500.0,3296,98.92658012257836
E84015,10500.0,3297,98.93008388678905
F84620,10500.0,3298,98.93358765099973
E87003,10500.0,3299,98.9370914152104
E87011,10500.0,3300,98.94059517942108
L81055,10500.0,3301,98.94409894363177
J82021,10500.0,3302,98.94760270784246
N81109,10500.0,3303,98.95110647205314
E87715,10200.0,3304,98.95451012871494
M87008,10000.0,3305,98.95784704701084
L83066,10000.0,3306,98.96118396530673
E85600,10000.0,3307,98.96452088360262
G85685,10000.0,3308,98.9678578018985
H84039,10000.0,3309,98.9711947201944
F82638,9600.0,3310,98.97439816175844
Y04098,9600.0,3311,98.97760160332251
L81042,9500.0,3312,98.9807716757036
J82080,9500.0,3313,98.98394174808469
E82061,9300.0,3314,98.98704508209987
G84016,9300.0,3315,98.99014841611505
B86035,9300.0,3316,98.99325175013021
K84032,9000.0,3317,98.99625497659652
F83681,9000.0,3318,98.99925820306282
H82041,9000.0,3319,99.00226142952913
B86013,9000.0,3320,99.00526465599543
F82042,9000.0,3321,99.00826788246172
A83018,9000.0,3322,99.01127110892803
F83006,9000.0,3323,99.01427433539432
F83033,9000.0,3324,99.01727756186062
P81214,9000.0,3325,99.02028078832693
E84068,9000.0,3326,99.02328401479322
B82072,9000.0,3327,99.02628724125952
D83008,9000.0,3328,99.02929046772583
H81119,9000.0,3329,99.03229369419213
M83123,9000.0,3330,99.03529692065842
F86658,9000.0,3331,99.03830014712473
F86085,9000.0,3332,99.04130337359103
P84663,9000.0,3333,99.04430660005733
E84645,9000.0,3334,99.04730982652363
F84054,9000.0,3335,99.05031305298992
H81104,9000.0,3336,99.05331627945623
D83015,9000.0,3337,99.05631950592253
F84642,9000.0,3338,99.05932273238884
F84735,9000.0,3339,99.06232595885514
F84739,9000.0,3340,99.06532918532143
F85669,9000.0,3341,99.06833241178774
D82011,9000.0,3342,99.07133563825403
P89609,9000.0,3343,99.07433886472033
E84647,9000.0,3344,99.07734209118662
H83053,9000.0,3345,99.08034531765293
E85108,9000.0,3346,99.08334854411923
M88003,9000.0,3347,99.08635177058554
L85003,9000.0,3348,99.08935499705184
B83657,9000.0,3349,99.09235822351813
M87021,9000.0,3350,99.09536144998444
C84691,9000.0,3351,99.09836467645073
E85739,9000.0,3352,99.10136790291703
A83057,9000.0,3353,99.10437112938334
H84020,9000.0,3354,99.10737435584963
M88022,9000.0,3355,99.11037758231593
C84628,9000.0,3356,99.11338080878224
A83635,9000.0,3357,99.11638403524854
E85045,9000.0,3358,99.11938726171483
N82095,9000.0,3359,99.12239048818114
Y00265,9000.0,3360,99.12539371464743
M88038,9000.0,3361,99.12839694111373
C84074,9000.0,3362,99.13140016758004
E87701,9000.0,3363,99.13440339404633
B83010,9000.0,3364,99.13740662051264
E87720,9000.0,3365,99.14040984697894
M89003,9000.0,3366,99.14341307344525
J81010,9000.0,3367,99.14641629991154
A84026,9000.0,3368,99.14941952637784
J81046,9000.0,3369,99.15242275284413
A83022,9000.0,3370,99.15542597931044
N83025,9000.0,3371,99.15842920577674
A81021,9000.0,3372,99.16143243224303
M91609,9000.0,3373,99.16443565870934
G81030,9000.0,3374,99.16743888517564
P86007,9000.0,3375,99.17044211164195
H81003,9000.0,3376,99.17344533810825
B86043,9000.0,3377,99.17644856457454
A89623,9000.0,3378,99.17945179104083
C82116,9000.0,3379,99.18245501750714
G83021,9000.0,3380,99.18545824397344
C88077,9000.0,3381,99.18846147043973
G85132,9000.0,3382,99.19146469690604
D81028,9000.0,3383,99.19446792337234
A83009,9000.0,3384,99.19747114983865
N84617,9000.0,3385,99.20047437630495
B81032,9000.0,3386,99.20347760277124
G85121,9000.0,3387,99.20648082923755
C81649,9000.0,3388,99.20948405570384
E81004,9000.0,3389,99.21248728217014
J83022,9000.0,3390,99.21549050863645
G85698,9000.0,3391,99.21849373510274
K83013,9000.0,3392,99.22149696156904
J82157,9000.0,3393,99.22450018803535
N85617,9000.0,3394,99.22750341450165
Y01652,9000.0,3395,99.23050664096795
H81026,9000.0,3396,99.23350986743425
E82035,9000.0,3397,99.23651309390054
A85005,8500.0,3398,99.23934947445206
H82060,8300.0,3399,99.24211911663764
B83628,8100.0,3400,99.2448220204573
J81072,8000.0,3401,99.24749155509403
B82078,8000.0,3402,99.25016108973074
E85032,8000.0,3403,99.25283062436745
G85001,8000.0,3404,99.25550015900416
H81080,8000.0,3405,99.25816969364087
M85029,7800.0,3406,99.26077248991166
Y02068,7800.0,3407,99.26337528618245
B81097,7800.0,3408,99.26597808245324
N81083,7800.0,3409,99.26858087872404
Y04594,7600.0,3410,99.27111693662893
E85001,7500.0,3411,99.27361962535085
P88014,7500.0,3412,99.27612231407275
G85123,7500.0,3413,99.27862500279467
N85048,7500.0,3414,99.28112769151659
P81724,7500.0,3415,99.2836303802385
C84008,7500.0,3416,99.28613306896042
B83604,7500.0,3417,99.28863575768234
D82079,7500.0,3418,99.29113844640426
G83015,7500.0,3419,99.29364113512618
G85061,7500.0,3420,99.29614382384808
G85076,7500.0,3421,99.29864651257
L82010,7500.0,3422,99.30114920129192
L85062,7500.0,3423,99.30365189001384
J83001,7500.0,3424,99.30615457873574
B86069,7500.0,3425,99.30865726745766
N82090,7500.0,3426,99.31115995617958
C84081,7500.0,3427,99.3136626449015
H83004,7500.0,3428,99.31616533362342
E82063,7500.0,3429,99.31866802234534
B81653,7500.0,3430,99.32117071106725
A84013,7500.0,3431,99.32367339978917
C86006,7500.0,3432,99.32617608851109
A84036,7500.0,3433,99.32867877723301
P92008,7500.0,3434,99.33118146595493
E87750,7500.0,3435,99.33368415467683
L83069,7500.0,3436,99.33618684339875
H82098,7500.0,3437,99.33868953212067
B85645,7500.0,3438,99.34119222084259
B82105,7500.0,3439,99.3436949095645
P92016,7500.0,3440,99.34619759828642
N85634,7500.0,3441,99.34870028700834
B86010,7500.0,3442,99.35120297573026
L81022,7500.0,3443,99.35370566445218
G82108,7500.0,3444,99.3562083531741
F84672,7500.0,3445,99.35871104189602
B86032,7500.0,3446,99.36121373061792
C83011,7500.0,3447,99.36371641933984
Y04029,7500.0,3448,99.36621910806176
G82152,7500.0,3449,99.36872179678367
Y03797,7500.0,3450,99.37122448550559
G81694,7500.0,3451,99.37372717422751
Y03921,7500.0,3452,99.37622986294943
P86013,7500.0,3453,99.37873255167135
P89007,7500.0,3454,99.38123524039327
L81019,7500.0,3455,99.38373792911518
E84005,7500.0,3456,99.3862406178371
D83018,7500.0,3457,99.38874330655901
Y05614,7500.0,3458,99.39124599528093
E83024,7500.0,3459,99.39374868400284
F85687,7500.0,3460,99.39625137272476
H81061,7500.0,3461,99.39875406144668
E81010,7500.0,3462,99.4012567501686
C82659,7500.0,3463,99.40375943889052
B86030,7500.0,3464,99.40626212761244
G82698,7500.0,3465,99.40876481633435
F83053,7500.0,3466,99.41126750505627
C83030,7500.0,3467,99.41377019377818
P89013,7500.0,3468,99.4162728825001
F83063,7500.0,3469,99.41877557122201
A85021,7500.0,3470,99.42127825994393
F83044,7500.0,3471,99.42378094866585
E83046,7500.0,3472,99.42628363738777
M83014,7500.0,3473,99.42878632610969
P92615,7500.0,3474,99.4312890148316
G82600,7500.0,3475,99.43379170355352
K82027,7500.0,3476,99.43629439227544
F83020,7500.0,3477,99.43879708099736
C82650,7500.0,3478,99.44129976971927
M81066,7500.0,3479,99.44380245844118
H81073,7200.0,3480,99.44620503961423
K82016,7000.0,3481,99.44854088242134
E87043,7000.0,3482,99.45087672522847
Y00459,6900.0,3483,99.45317919885264
Y05023,6900.0,3484,99.4554816724768
Y04228,6900.0,3485,99.45778414610096
F81130,6600.0,3486,99.45998651217624
F81697,6600.0,3487,99.46218887825154
N81037,6500.0,3488,99.46435787514386
D83040,6500.0,3489,99.46652687203618
P81115,6300.0,3490,99.4686291305626
Y00540,6100.0,3491,99.4706646507231
P88021,6000.0,3492,99.47266680170063
C88019,6000.0,3493,99.47466895267816
L85027,6000.0,3494,99.47667110365569
E81633,6000.0,3495,99.47867325463324
D81056,6000.0,3496,99.48067540561077
03R998,6000.0,3497,99.4826775565883
E82007,6000.0,3498,99.48467970756583
M83640,6000.0,3499,99.48668185854336
M81604,6000.0,3500,99.4886840095209
L85039,6000.0,3501,99.49068616049843
C88622,6000.0,3502,99.49268831147596
M85070,6000.0,3503,99.49469046245349
M82008,6000.0,3504,99.49669261343102
E84063,6000.0,3505,99.49869476440857
D82065,6000.0,3506,99.5006969153861
E85109,6000.0,3507,99.50269906636363
P91008,6000.0,3508,99.50470121734116
D82045,6000.0,3509,99.5067033683187
Y06259,6000.0,3510,99.50870551929623
A81631,6000.0,3511,99.51070767027377
C87608,6000.0,3512,99.5127098212513
Y06281,6000.0,3513,99.51471197222884
M85803,6000.0,3514,99.51671412320636
M81048,6000.0,3515,99.51871627418389
P88011,6000.0,3516,99.52071842516143
E83028,6000.0,3517,99.52272057613897
H85048,6000.0,3518,99.5247227271165
C82047,6000.0,3519,99.52672487809403
G85102,6000.0,3520,99.52872702907156
J82151,6000.0,3521,99.53072918004911
G85006,6000.0,3522,99.53273133102664
Y01118,6000.0,3523,99.53473348200417
J82628,6000.0,3524,99.5367356329817
G83642,6000.0,3525,99.53873778395923
J83029,6000.0,3526,99.54073993493677
J83038,6000.0,3527,99.5427420859143
G83019,6000.0,3528,99.54474423689183
G82768,6000.0,3529,99.54674638786936
C81655,6000.0,3530,99.5487485388469
G82684,6000.0,3531,99.55075068982443
G82658,6000.0,3532,99.55275284080197
G82114,6000.0,3533,99.5547549917795
K82051,6000.0,3534,99.55675714275704
K82073,6000.0,3535,99.55875929373457
A87017,6000.0,3536,99.5607614447121
C82620,6000.0,3537,99.56276359568965
G81019,6000.0,3538,99.56476574666718
G81003,6000.0,3539,99.56676789764471
G85034,6000.0,3540,99.56877004862224
G85120,6000.0,3541,99.57077219959977
F86060,6000.0,3542,99.5727743505773
G85134,6000.0,3543,99.57477650155484
Y02692,6000.0,3544,99.57677865253237
B85060,6000.0,3545,99.5787808035099
H83037,6000.0,3546,99.58078295448743
Y02605,6000.0,3547,99.58278510546496
H85659,6000.0,3548,99.58478725644251
H82061,6000.0,3549,99.58678940742004
Y02463,6000.0,3550,99.58879155839757
H81134,6000.0,3551,99.5907937093751
N84010,6000.0,3552,99.59279586035264
H81076,6000.0,3553,99.59479801133017
H81072,6000.0,3554,99.5968001623077
B82025,6000.0,3555,99.59880231328523
H81066,6000.0,3556,99.60080446426277
H81035,6000.0,3557,99.6028066152403
J82079,6000.0,3558,99.60480876621784
B86038,6000.0,3559,99.60681091719538
J82103,6000.0,3560,99.6088130681729
B86050,6000.0,3561,99.61081521915044
J82106,6000.0,3562,99.61281737012797
G81002,6000.0,3563,99.61481952110552
L81037,6000.0,3564,99.61682167208305
F85625,6000.0,3565,99.61882382306058
E85726,6000.0,3566,99.62082597403811
E85746,6000.0,3567,99.62282812501564
C84122,6000.0,3568,99.62483027599318
C83083,6000.0,3569,99.62683242697071
F82022,6000.0,3570,99.62883457794824
F82019,6000.0,3571,99.63083672892577
M88016,6000.0,3572,99.6328388799033
L83054,6000.0,3573,99.63484103088084
F81075,6000.0,3574,99.63684318185838
C84010,6000.0,3575,99.63884533283591
C84026,6000.0,3576,99.64084748381345
E87753,6000.0,3577,99.64284963479098
M88640,6000.0,3578,99.64485178576851
P82023,6000.0,3579,99.64685393674606
P82634,6000.0,3580,99.64885608772359
C84091,6000.0,3581,99.65085823870112
E85734,6000.0,3582,99.65286038967864
E87029,6000.0,3583,99.65486254065617
E85623,6000.0,3584,99.6568646916337
L81069,6000.0,3585,99.65886684261125
F83055,6000.0,3586,99.66086899358878
E85725,6000.0,3587,99.66287114456631
F84656,6000.0,3588,99.66487329554384
F84601,6000.0,3589,99.66687544652137
F84015,6000.0,3590,99.66887759749892
P92633,6000.0,3591,99.67087974847645
Y04566,5700.0,3592,99.67278179190511
C82671,5700.0,3593,99.67468383533375
F81740,5500.0,3594,99.67651914039651
M86027,5500.0,3595,99.67835444545923
Y03023,5500.0,3596,99.68018975052198
F82625,5400.0,3597,99.68199168640176
Y06030,5300.0,3598,99.68376025309857
L85004,5000.0,3599,99.68542871224653
Y01655,5000.0,3600,99.68709717139447
F85014,5000.0,3601,99.6887656305424
G85127,5000.0,3602,99.69043408969036
L82001,5000.0,3603,99.6921025488383
P84021,5000.0,3604,99.69377100798624
C83007,5000.0,3605,99.6954394671342
J82128,5000.0,3606,99.69710792628213
J81053,5000.0,3607,99.69877638543008
H84623,5000.0,3608,99.70044484457803
L81020,5000.0,3609,99.70211330372597
M81018,5000.0,3610,99.70378176287392
P85605,4800.0,3611,99.70538348365594
Y03627,4800.0,3612,99.70698520443797
E81027,4800.0,3613,99.70858692522
B82079,4500.0,3614,99.71008853845315
B85623,4500.0,3615,99.7115901516863
Y07057,4500.0,3616,99.71309176491945
B82097,4500.0,3617,99.7145933781526
A81629,4500.0,3618,99.71609499138575
B86034,4500.0,3619,99.71759660461889
Y01952,4500.0,3620,99.71909821785204
B86066,4500.0,3621,99.7205998310852
C86025,4500.0,3622,99.72210144431834
P89602,4500.0,3623,99.72360305755149
Y00758,4500.0,3624,99.72510467078465
B81068,4500.0,3625,99.72660628401779
C83049,4500.0,3626,99.72810789725095
A82047,4500.0,3627,99.7296095104841
P92620,4500.0,3628,99.73111112371724
A85616,4500.0,3629,99.7326127369504
Y00049,4500.0,3630,99.73411435018355
C88047,4500.0,3631,99.7356159634167
A83060,4500.0,3632,99.73711757664985
F81053,4500.0,3633,99.738619189883
H81113,4500.0,3634,99.74012080311616
K84021,4500.0,3635,99.7416224163493
J82054,4500.0,3636,99.74312402958245
H82042,4500.0,3637,99.74462564281559
H82049,4500.0,3638,99.74612725604874
M85027,4500.0,3639,99.7476288692819
N82648,4500.0,3640,99.74913048251504
M92010,4500.0,3641,99.7506320957482
M83139,4500.0,3642,99.75213370898135
E87754,4500.0,3643,99.75363532221449
E85012,4500.0,3644,99.75513693544765
P83017,4500.0,3645,99.7566385486808
H83013,4500.0,3646,99.75814016191394
H84055,4500.0,3647,99.7596417751471
H85066,4500.0,3648,99.76114338838025
E87037,4500.0,3649,99.76264500161341
E85090,4500.0,3650,99.76414661484655
E85628,4500.0,3651,99.7656482280797
E85643,4500.0,3652,99.76714984131286
H85009,4500.0,3653,99.768651454546
M82030,4500.0,3654,99.77015306777915
P83605,4500.0,3655,99.77165468101231
E83053,4500.0,3656,99.77315629424545
L82041,4500.0,3657,99.7746579074786
M86021,4500.0,3658,99.77615952071174
D83076,4500.0,3659,99.7776611339449
M87602,4500.0,3660,99.77916274717805
K81082,4500.0,3661,99.7806643604112
G82215,4500.0,3662,99.78216597364435
E81025,4500.0,3663,99.7836675868775
K81051,4500.0,3664,99.78516920011066
J83630,4500.0,3665,99.7866708133438
G83651,4500.0,3666,99.78817242657695
G84004,4500.0,3667,99.78967403981011
P86011,4500.0,3668,99.79117565304325
M81092,4500.0,3669,99.79267726627641
G84629,4500.0,3670,99.79417887950956
G85015,4500.0,3671,99.7956804927427
E87741,4300.0,3672,99.79711536760993
P82012,4200.0,3673,99.7985168732942
Y00626,4100.0,3674,99.79988500979552
G81043,4000.0,3675,99.80121977711389
G81036,4000.0,3676,99.80255454443223
F82661,4000.0,3677,99.8038893117506
G85104,4000.0,3678,99.80522407906895
D82024,4000.0,3679,99.8065588463873
P85019,4000.0,3680,99.80789361370566
K83077,4000.0,3681,99.80922838102401
J81625,4000.0,3682,99.81056314834237
Y04078,4000.0,3683,99.81189791566074
Y07386,3900.0,3684,99.81319931379612
Y00203,3700.0,3685,99.8144339735656
M88018,3600.0,3686,99.81563526415212
Y00185,3300.0,3687,99.81673644718977
Y02707,3300.0,3688,99.81783763022742
E83049,3300.0,3689,99.81893881326505
Y00754,3300.0,3690,99.82003999630268
Y05167,3300.0,3691,99.82114117934033
Y03402,3000.0,3692,99.8221422548291
G85040,3000.0,3693,99.82314333031788
N85032,3000.0,3694,99.82414440580663
G85025,3000.0,3695,99.82514548129541
G85024,3000.0,3696,99.82614655678417
A86027,3000.0,3697,99.82714763227294
L83056,3000.0,3698,99.82814870776171
M88619,3000.0,3699,99.82914978325047
C81045,3000.0,3700,99.83015085873924
C81067,3000.0,3701,99.831151934228
G84024,3000.0,3702,99.83215300971678
C81647,3000.0,3703,99.83315408520555
G83062,3000.0,3704,99.83415516069431
L83044,3000.0,3705,99.83515623618308
J83027,3000.0,3706,99.83615731167184
Y03784,3000.0,3707,99.83715838716061
J83058,3000.0,3708,99.83815946264937
Y02989,3000.0,3709,99.83916053813815
K82004,3000.0,3710,99.8401616136269
N81056,3000.0,3711,99.84116268911566
Y04094,3000.0,3712,99.84216376460444
M91017,3000.0,3713,99.8431648400932
Y04965,3000.0,3714,99.84416591558197
Y03887,3000.0,3715,99.84516699107074
H85055,3000.0,3716,99.8461680665595
K84056,3000.0,3717,99.84716914204827
H85112,3000.0,3718,99.84817021753703
N82079,3000.0,3719,99.8491712930258
H84002,3000.0,3720,99.85017236851458
G82753,3000.0,3721,99.85117344400334
K84020,3000.0,3722,99.85217451949211
H83008,3000.0,3723,99.85317559498087
H83001,3000.0,3724,99.85417667046964
Y02575,3000.0,3725,99.85517774595841
N81119,3000.0,3726,99.85617882144717
L81034,3000.0,3727,99.85717989693595
M91640,3000.0,3728,99.8581809724247
Y02671,3000.0,3729,99.85918204791348
B82077,3000.0,3730,99.86018312340225
M91626,3000.0,3731,99.86118419889101
J82019,3000.0,3732,99.86218527437978
H82039,3000.0,3733,99.86318634986854
J82022,3000.0,3734,99.86418742535731
H82038,3000.0,3735,99.86518850084607
Y02322,3000.0,3736,99.86618957633485
Y03795,3000.0,3737,99.8671906518236
Y03794,3000.0,3738,99.86819172731238
H81088,3000.0,3739,99.86919280280114
L81106,3000.0,3740,99.87019387828991
N81071,3000.0,3741,99.87119495377867
Y05336,3000.0,3742,99.87219602926744
C82010,3000.0,3743,99.8731971047562
E85021,3000.0,3744,99.87419818024497
E83050,3000.0,3745,99.87519925573375
C86013,3000.0,3746,99.8762003312225
F84072,3000.0,3747,99.87720140671128
C88015,3000.0,3748,99.87820248220004
F84016,3000.0,3749,99.87920355768881
P84065,3000.0,3750,99.88020463317757
P89022,3000.0,3751,99.88120570866634
E84048,3000.0,3752,99.88220678415512
M85030,3000.0,3753,99.88320785964387
F83635,3000.0,3754,99.88420893513265
P92041,3000.0,3755,99.8852100106214
C83041,3000.0,3756,99.88621108611018
C83042,3000.0,3757,99.88721216159895
P92026,3000.0,3758,99.88821323708771
M82033,3000.0,3759,99.88921431257648
M85009,3000.0,3760,99.89021538806524
M86035,3000.0,3761,99.89121646355402
F81198,3000.0,3762,99.89221753904278
M83143,3000.0,3763,99.89321861453155
M83701,3000.0,3764,99.89421969002031
M84060,3000.0,3765,99.89522076550908
M83067,3000.0,3766,99.89622184099784
Y06460,3000.0,3767,99.89722291648661
P83006,3000.0,3768,99.89822399197537
A82005,3000.0,3769,99.89922506746414
M84018,3000.0,3770,99.9002261429529
E85003,3000.0,3771,99.90122721844168
F84647,3000.0,3772,99.90222829393045
E85074,3000.0,3773,99.90322936941921
F86022,3000.0,3774,99.90423044490798
M81093,3000.0,3775,99.90523152039674
Y06926,3000.0,3776,99.90623259588551
E82018,3000.0,3777,99.90723367137429
F85069,3000.0,3778,99.90823474686304
P83021,3000.0,3779,99.90923582235182
D81017,3000.0,3780,99.91023689784058
E81013,3000.0,3781,99.91123797332935
F85032,3000.0,3782,99.91223904881812
E82123,3000.0,3783,99.91324012430688
E81003,3000.0,3784,99.91424119979565
A82045,3000.0,3785,99.91524227528441
C86005,3000.0,3786,99.91624335077319
M86008,3000.0,3787,99.91724442626195
F86018,3000.0,3788,99.91824550175072
N82048,2700.0,3789,99.9191464696906
Y06871,2700.0,3790,99.9200474376305
Y01126,2700.0,3791,99.92094840557039
Y03287,2600.0,3792,99.92181600432731
Y07165,2400.0,3793,99.92261686471832
Y00448,2400.0,3794,99.92341772510935
M84016,2400.0,3795,99.92421858550036
F84077,2100.0,3796,99.92491933834249
Y00301,2100.0,3797,99.92562009118463
Y01897,2100.0,3798,99.92632084402676
Y07188,2000.0,3799,99.92698822768594
N84001,2000.0,3800,99.92765561134512
Y00675,2000.0,3801,99.92832299500431
Y02591,1900.0,3802,99.92895700948053
C88031,1800.0,3803,99.92955765477379
E83009,1800.0,3804,99.93015830006703
Y04070,1500.0,3805,99.93065883781142
Y04032,1500.0,3806,99.9311593755558
Y03662,1500.0,3807,99.93165991330018
Y07060,1500.0,3808,99.93216045104457
A86024,1500.0,3809,99.93266098878895
M83601,1500.0,3810,99.93316152653334
Y07634,1500.0,3811,99.93366206427771
Y07842,1500.0,3812,99.9341626020221
K83081,1500.0,3813,99.93466313976649
Y08364,1500.0,3814,99.93516367751087
A87004,1500.0,3815,99.93566421525526
Y08378,1500.0,3816,99.93616475299963
K84009,1500.0,3817,99.93666529074402
A81618,1500.0,3818,99.9371658284884
Y06979,1500.0,3819,99.93766636623279
M83127,1500.0,3820,99.93816690397718
L85025,1500.0,3821,99.93866744172155
Y05401,1500.0,3822,99.93916797946594
M85794,1500.0,3823,99.93966851721032
Y05528,1500.0,3824,99.94016905495471
M85759,1500.0,3825,99.9406695926991
M81064,1500.0,3826,99.94117013044347
M88035,1500.0,3827,99.94167066818785
Y05750,1500.0,3828,99.94217120593224
Y05819,1500.0,3829,99.94267174367663
Y05076,1500.0,3830,99.94317228142101
Y05960,1500.0,3831,99.94367281916539
Y05971,1500.0,3832,99.94417335690977
M81636,1500.0,3833,99.94467389465416
Y06072,1500.0,3834,99.94517443239855
L83016,1500.0,3835,99.94567497014293
L83011,1500.0,3836,99.9461755078873
Y04900,1500.0,3837,99.94667604563169
L82058,1500.0,3838,99.94717658337608
M91611,1500.0,3839,99.94767712112046
Y06163,1500.0,3840,99.94817765886485
Y04314,1500.0,3841,99.94867819660922
Y06244,1500.0,3842,99.94917873435361
A85016,1500.0,3843,99.949679272098
Y06270,1500.0,3844,99.95017980984238
L81065,1500.0,3845,99.95068034758677
Y06360,1500.0,3846,99.95118088533114
Y06459,1500.0,3847,99.95168142307553
K84062,1500.0,3848,99.95218196081991
Y04100,1500.0,3849,99.9526824985643
Y03734,1500.0,3850,99.95318303630867
B85655,1500.0,3851,99.95368357405306
G84039,1500.0,3852,99.95418411179745
B86104,1500.0,3853,99.95468464954183
G81032,1500.0,3854,99.9551851872862
G82086,1500.0,3855,99.95568572503059
Y00333,1500.0,3856,99.95618626277498
E84709,1500.0,3857,99.95668680051935
Y00351,1500.0,3858,99.95718733826374
Y03209,1500.0,3859,99.95768787600812
Y00390,1500.0,3860,99.95818841375251
G82733,1500.0,3861,99.95868895149688
C86026,1500.0,3862,99.95918948924127
E84656,1500.0,3863,99.95969002698565
Y00502,1500.0,3864,99.96019056473004
G84010,1500.0,3865,99.96069110247443
Y00902,1500.0,3866,99.9611916402188
C81089,1500.0,3867,99.96169217796319
P84626,1500.0,3868,99.96219271570757
G84032,1500.0,3869,99.96269325345196
C86616,1500.0,3870,99.96319379119633
G81008,1500.0,3871,99.96369432894072
E85055,1500.0,3872,99.9641948666851
E85735,1500.0,3873,99.96469540442949
F81081,1500.0,3874,99.96519594217388
P92024,1500.0,3875,99.96569647991825
F83057,1500.0,3876,99.96619701766264
F84003,1500.0,3877,99.96669755540702
F84008,1500.0,3878,99.96719809315141
C83022,1500.0,3879,99.9676986308958
C83015,1500.0,3880,99.96819916864017
F82028,1500.0,3881,99.96869970638456
F84096,1500.0,3882,99.96920024412894
P83015,1500.0,3883,99.96970078187333
Y00050,1500.0,3884,99.97020131961771
Y00054,1500.0,3885,99.97070185736209
F85033,1500.0,3886,99.97120239510647
E87609,1500.0,3887,99.97170293285086
E87048,1500.0,3888,99.97220347059525
F85682,1500.0,3889,99.97270400833963
P92002,1500.0,3890,99.973204546084
C83059,1500.0,3891,99.97370508382839
P81687,1500.0,3892,99.97420562157278
G85053,1500.0,3893,99.97470615931717
G85073,1500.0,3894,99.97520669706155
C88048,1500.0,3895,99.97570723480592
J81018,1500.0,3896,99.97620777255031
J81028,1500.0,3897,99.9767083102947
Y02721,1500.0,3898,99.97720884803908
E83027,1500.0,3899,99.97770938578347
J81051,1500.0,3900,99.97820992352784
J81087,1500.0,3901,99.97871046127223
Y02824,1500.0,3902,99.97921099901662
E82046,1500.0,3903,99.979711536761
B81666,1500.0,3904,99.98021207450537
J82112,1500.0,3905,99.98071261224976
D81016,1500.0,3906,99.98121314999415
B81092,1500.0,3907,99.98171368773853
J83036,1500.0,3908,99.9822142254829
D83043,1500.0,3909,99.98271476322729
Y03039,1500.0,3910,99.98321530097168
K81015,1500.0,3911,99.98371583871605
H85049,1500.0,3912,99.98421637646044
Y02628,1500.0,3913,99.98471691420482
Y02625,1500.0,3914,99.98521745194921
02P998,1500.0,3915,99.98571798969358
H82078,1500.0,3916,99.98621852743797
D82042,1500.0,3917,99.98671906518236
B86008,1500.0,3918,99.98721960292674
Y02428,1500.0,3919,99.98772014067113
H82046,1500.0,3920,99.9882206784155
E84013,1500.0,3921,99.98872121615989
H81045,1500.0,3922,99.98922175390427
Y01660,1500.0,3923,99.98972229164866
H84044,1500.0,3924,99.99022282939305
H81021,1500.0,3925,99.99072336713742
H81017,1500.0,3926,99.9912239048818
N84038,1500.0,3927,99.9917244426262
G85727,1500.0,3928,99.99222498037058
Y04956,1200.0,3929,99.99262541056608
E84078,1200.0,3930,99.99302584076159
G83647,1200.0,3931,99.9934262709571
Y08623,1200.0,3932,99.9938267011526
E87768,1000.0,3933,99.9941603929822
G82224,1000.0,3934,99.99449408481178
F84079,1000.0,3935,99.99482777664137
Y05928,1000.0,3936,99.99516146847097
A86020,1000.0,3937,99.99549516030055
Y06160,900.0,3938,99.99579548294719
Y08590,900.0,3939,99.99609580559381
Y03780,900.0,3940,99.99639612824043
D83084,900.0,3941,99.99669645088707
Y00222,900.0,3942,99.9969967735337
Y05456,900.0,3943,99.99729709618033
Y03798,600.0,3944,99.99749731127808
N81655,600.0,3945,99.99769752637584
H81041,600.0,3946,99.99789774147358
Y05110,600.0,3947,99.99809795657134
N81041,600.0,3948,99.99829817166909
F86025,600.0,3949,99.99849838676685
Y00175,600.0,3950,99.9986986018646
A81052,600.0,3951,99.99889881696235
Y05887,600.0,3952,99.99909903206012
F84737,600.0,3953,99.99929924715786
Y05339,300.0,3954,99.99939935470674
Y01086,300.0,3955,99.99949946225561
H82028,300.0,3956,99.9995995698045
C84085,300.0,3957,99.99969967735338
Y05783,300.0,3958,99.99979978490224
B81109,300.0,3959,99.99989989245113
G83002,300.0,3960,100.0
