code,name,items,quantity,actual_cost,month,date,class,units
0601011A0BBADAC,NovoRapid FlexPen 100units/ml inj 3ml pre-filled pens,60156.0,433263.0,2497307.1047299993,201401,2014-01-01,originator,129978900.0
0601011N0BFAEAL,Actrapid 100units/ml solution for injection 10ml vials,990.0,2924.0,20601.79404000001,201401,2014-01-01,human soluble,2924000.0
0601011A0AAACAC,Insulin aspart 100units/ml inj 3ml pf dispos dev,484.0,3824.0,22050.81244999999,201401,2014-01-01,generic analogue,1147200.0
0601011R0BBABAB,Humulin R 500units/ml solution for injection 20ml vials,48.0,93.0,31839.382409999995,201401,2014-01-01,human soluble,930000.0
0601011N0AAACAC,Insulin soluble porcine 100units/ml inj 10ml vials,4.0,15.0,355.91359,201401,2014-01-01,human soluble,15000.0
0601011N0BHADAP,Humulin S 100units/ml solution for injection 3ml cartridges,2584.0,22896.0,82288.89685,201401,2014-01-01,human soluble,6868800.0
0601011L0AAACAC,Insulin lispro 100units/ml inj 3ml cartridges,1649.0,15255.0,81337.60199,201401,2014-01-01,generic analogue,4576500.0
0601011L0BBACAC,Humalog 100units/ml solution for injection 3ml cartridges,17196.0,151632.0,808525.4099099999,201401,2014-01-01,originator,45489600.0
0601011A0AAABAB,Insulin aspart 100units/ml inj 3ml cartridges,1238.0,11376.0,60661.641849999985,201401,2014-01-01,generic analogue,3412800.0
0601011N0BKABAP,Insuman Rapid 100units/ml inj 3ml cartridges,161.0,1290.0,4252.806910000001,201401,2014-01-01,human soluble,387000.0
0601011L0BBAFAF,Humalog Pen 100units/ml inj 3ml pre-filled pens,22.0,195.0,1081.9299,201401,2014-01-01,originator,58500.0
0601011A0BBAAAA,NovoRapid 100units/ml solution for injection 10ml vials,9062.0,33017.0,437814.9162399998,201401,2014-01-01,originator,33017000.0
0601011L0AAABAB,Insulin lispro 100units/ml solution for injection 10ml vials,782.0,2790.0,43637.539619999996,201401,2014-01-01,generic analogue,2790000.0
0601011P0AAABAB,Insulin glulisine 100units/ml inj 3ml cartridges,43.0,370.0,1977.6341300000001,201401,2014-01-01,generic analogue,111000.0
0601011N0AAAPAP,Insulin soluble human 100units/ml inj 3ml cartridges,5.0,35.0,122.82566999999999,201401,2014-01-01,human soluble,10500.0
0601011P0BBADAB,Apidra 100units/ml inj 3ml OptiClik cartridges,1.0,5.0,28.50976,201401,2014-01-01,originator,1500.0
0601011N0BFAJAD,Human Actrapid Penfill 100units/ml inj 1.5ml cartridges,1.0,3.0,6.57067,201401,2014-01-01,human soluble,450.0
0601011L0BBABAB,Humalog 100units/ml solution for injection 10ml vials,2893.0,10207.0,159642.3758300001,201401,2014-01-01,originator,10207000.0
0601011P0BBABAB,Apidra 100units/ml solution for injection 3ml cartridges,656.0,5139.0,27392.30944999998,201401,2014-01-01,originator,1541700.0
0601011L0BBAGAF,Humalog KwikPen 100units/ml inj 3ml pre-filled pens,9314.0,66627.0,369716.90799999994,201401,2014-01-01,originator,19988100.0
0601011P0BBAAAA,Apidra 100units/ml solution for injection 10ml vials,479.0,1584.0,23864.613140000005,201401,2014-01-01,originator,1584000.0
0601011N0BCAAAA,Hypurin Bovine Neutral 100units/ml inj 10ml vials,194.0,678.0,17695.776750000005,201401,2014-01-01,human soluble,678000.0
0601011P0AAAAAA,Insulin glulisine 100units/ml inj 10ml vials,86.0,288.0,4339.217850000001,201401,2014-01-01,generic analogue,288000.0
0601011N0BCAEAC,Hypurin Porcine Neutral 100units/ml inj 10ml vials,340.0,1004.0,23822.43805,201401,2014-01-01,human soluble,1004000.0
0601011N0AAAAAA,Insulin soluble bovine 100units/ml inj 10ml vials,6.0,16.0,417.62147,201401,2014-01-01,human soluble,16000.0
0601011N0BCAGAY,Hypurin Bovine Neutral 100units/ml inj 3ml cartridges,59.0,525.0,4110.836730000001,201401,2014-01-01,human soluble,157500.0
0601011N0AAALAL,Insulin soluble human 100units/ml inj 10ml vials,7.0,23.0,239.25000999999997,201401,2014-01-01,human soluble,23000.0
0601011P0BBACAC,Apidra 100units/ml inj 3ml pre-filled OptiSet pens,1.0,5.0,28.50976,201401,2014-01-01,originator,1500.0
0601011P0BBAEAC,Apidra 100units/ml inj 3ml pre-filled SoloStar pens,4308.0,28611.0,152527.06302000006,201401,2014-01-01,originator,8583300.0
0601011N0BCAHAZ,Hypurin Porcine Neutral 100units/ml inj 3ml cartridges,433.0,3624.0,25803.01947999998,201401,2014-01-01,human soluble,1087200.0
0601011P0AAACAC,Insulin glulisine 100units/ml inj 3ml pf dispos dev,116.0,754.0,4021.4162800000026,201401,2014-01-01,generic analogue,226200.0
0601011L0AAAFAF,Insulin lispro 100units/ml inj 3ml pf dispos dev,328.0,2513.0,13945.014990000001,201401,2014-01-01,generic analogue,753900.0
0601011N0BHAAAG,Humulin S 100units/ml solution for injection 10ml vials,418.0,1235.0,18235.452239999995,201401,2014-01-01,human soluble,1235000.0
0601011N0AAAZAZ,Insulin soluble porcine 100units/ml inj 3ml cartridges,2.0,45.0,320.30239,201401,2014-01-01,human soluble,13500.0
0601011A0BBABAB,NovoRapid Penfill 100units/ml inj 3ml cartridges,53687.0,458327.0,2443770.598289997,201401,2014-01-01,originator,137498100.0
0601011A0BBAEAC,NovoRapid FlexTouch 100units/ml inj 3ml pre-filled pens,1246.0,9479.0,57363.28123,201401,2014-01-01,originator,2843700.0
0601011A0AAAAAA,Insulin aspart 100units/ml solution for injection 10ml vials,448.0,1728.0,22910.846230000003,201401,2014-01-01,generic analogue,1728000.0
0601011P0BBABAB,Apidra 100units/ml solution for injection 3ml cartridges,609.0,4762.0,25243.81060999999,201402,2014-02-01,originator,1428600.0
0601011L0BBABAB,Humalog 100units/ml solution for injection 10ml vials,2677.0,9626.0,149730.67815,201402,2014-02-01,originator,9626000.0
0601011A0BBABAB,NovoRapid Penfill 100units/ml inj 3ml cartridges,48961.0,418202.0,2217625.29819,201402,2014-02-01,originator,125460600.0
0601011A0BBAEAC,NovoRapid FlexTouch 100units/ml inj 3ml pre-filled pens,1166.0,8758.0,52710.283120000015,201402,2014-02-01,originator,2627400.0
0601011A0AAAAAA,Insulin aspart 100units/ml solution for injection 10ml vials,439.0,1650.0,21763.327699999998,201402,2014-02-01,generic analogue,1650000.0
0601011N0BCAGAY,Hypurin Bovine Neutral 100units/ml inj 3ml cartridges,54.0,495.0,3854.72177,201402,2014-02-01,human soluble,148500.0
0601011N0AAALAL,Insulin soluble human 100units/ml inj 10ml vials,3.0,10.0,85.42631,201402,2014-02-01,human soluble,10000.0
0601011A0BBAAAA,NovoRapid 100units/ml solution for injection 10ml vials,8513.0,30902.0,407474.64100999996,201402,2014-02-01,originator,30902000.0
0601011L0AAABAB,Insulin lispro 100units/ml solution for injection 10ml vials,772.0,2865.0,44564.82601,201402,2014-02-01,generic analogue,2865000.0
0601011P0AAABAB,Insulin glulisine 100units/ml inj 3ml cartridges,40.0,362.0,1922.6562600000009,201402,2014-02-01,generic analogue,108600.0
0601011N0AAAPAP,Insulin soluble human 100units/ml inj 3ml cartridges,5.0,45.0,159.36138,201402,2014-02-01,human soluble,13500.0
0601011N0AAAZAZ,Insulin soluble porcine 100units/ml inj 3ml cartridges,1.0,5.0,35.40394,201402,2014-02-01,human soluble,1500.0
0601011N0BCAEAC,Hypurin Porcine Neutral 100units/ml inj 10ml vials,291.0,896.0,21143.870669999997,201402,2014-02-01,human soluble,896000.0
0601011N0AAAAAA,Insulin soluble bovine 100units/ml inj 10ml vials,7.0,31.0,804.65451,201402,2014-02-01,human soluble,31000.0
0601011P0AAAAAA,Insulin glulisine 100units/ml inj 10ml vials,67.0,267.0,4000.611969999999,201402,2014-02-01,generic analogue,267000.0
0601011L0BBAGAF,Humalog KwikPen 100units/ml inj 3ml pre-filled pens,8483.0,60217.0,332323.2453,201402,2014-02-01,originator,18065100.0
0601011N0BCAAAA,Hypurin Bovine Neutral 100units/ml inj 10ml vials,167.0,598.0,15522.242940000004,201402,2014-02-01,human soluble,598000.0
0601011P0BBAAAA,Apidra 100units/ml solution for injection 10ml vials,454.0,1446.0,21666.966829999994,201402,2014-02-01,originator,1446000.0
0601011R0BBAAAD,Humulin R 100units/ml solution for injection 10ml vials,1.0,2.0,931.83987,201402,2014-02-01,human soluble,2000.0
0601011L0BBAFAF,Humalog Pen 100units/ml inj 3ml pre-filled pens,13.0,80.0,441.47567999999995,201402,2014-02-01,originator,24000.0
0601011P0BBAEAC,Apidra 100units/ml inj 3ml pre-filled SoloStar pens,3963.0,26389.0,139911.11664,201402,2014-02-01,originator,7916700.0
0601011P0AAACAC,Insulin glulisine 100units/ml inj 3ml pf dispos dev,107.0,674.0,3575.3329900000012,201402,2014-02-01,generic analogue,202200.0
0601011N0BCAHAZ,Hypurin Porcine Neutral 100units/ml inj 3ml cartridges,390.0,3250.0,23013.565020000013,201402,2014-02-01,human soluble,975000.0
0601011L0AAACAC,Insulin lispro 100units/ml inj 3ml cartridges,1488.0,13661.0,72440.03684000003,201402,2014-02-01,generic analogue,4098300.0
0601011N0BHADAP,Humulin S 100units/ml solution for injection 3ml cartridges,2412.0,21171.0,75675.12525000001,201402,2014-02-01,human soluble,6351300.0
0601011L0BBACAC,Humalog 100units/ml solution for injection 3ml cartridges,15733.0,138692.0,735445.7509200003,201402,2014-02-01,originator,41607600.0
0601011N0BKABAP,Insuman Rapid 100units/ml inj 3ml cartridges,149.0,1171.0,3839.53382,201402,2014-02-01,human soluble,351300.0
0601011A0AAABAB,Insulin aspart 100units/ml inj 3ml cartridges,1108.0,10221.0,54199.24403999998,201402,2014-02-01,generic analogue,3066300.0
0601011N0BHAAAG,Humulin S 100units/ml solution for injection 10ml vials,390.0,1207.0,17724.341400000005,201402,2014-02-01,human soluble,1207000.0
0601011L0AAAFAF,Insulin lispro 100units/ml inj 3ml pf dispos dev,283.0,2144.0,11833.050170000006,201402,2014-02-01,generic analogue,643200.0
0601011A0BBADAC,NovoRapid FlexPen 100units/ml inj 3ml pre-filled pens,54854.0,396453.0,2272517.1189299994,201402,2014-02-01,originator,118935900.0
0601011N0BFAEAL,Actrapid 100units/ml solution for injection 10ml vials,899.0,2622.0,18373.19751,201402,2014-02-01,human soluble,2622000.0
0601011A0AAACAC,Insulin aspart 100units/ml inj 3ml pf dispos dev,450.0,3607.0,20680.200810000006,201402,2014-02-01,generic analogue,1082100.0
0601011R0BBABAB,Humulin R 500units/ml solution for injection 20ml vials,28.0,46.0,19513.33976,201402,2014-02-01,human soluble,460000.0
0601011N0AAACAC,Insulin soluble porcine 100units/ml inj 10ml vials,2.0,7.0,165.18533,201402,2014-02-01,human soluble,7000.0
0601011L0BBABAB,Humalog 100units/ml solution for injection 10ml vials,2977.0,10945.0,167960.85319999998,201403,2014-03-01,originator,10945000.0
0601011P0BBABAB,Apidra 100units/ml solution for injection 3ml cartridges,636.0,4895.0,25600.353209999994,201403,2014-03-01,originator,1468500.0
0601011N0BCAEAC,Hypurin Porcine Neutral 100units/ml inj 10ml vials,316.0,985.0,22932.02840999999,201403,2014-03-01,human soluble,985000.0
0601011N0AAAAAA,Insulin soluble bovine 100units/ml inj 10ml vials,8.0,39.0,998.70428,201403,2014-03-01,human soluble,39000.0
0601011L0BBAFAF,Humalog Pen 100units/ml inj 3ml pre-filled pens,10.0,110.0,598.7869000000001,201403,2014-03-01,originator,33000.0
0601011N0BCAGAY,Hypurin Bovine Neutral 100units/ml inj 3ml cartridges,59.0,547.0,4202.553400000002,201403,2014-03-01,human soluble,164100.0
0601011N0AAALAL,Insulin soluble human 100units/ml inj 10ml vials,5.0,19.0,207.08401,201403,2014-03-01,human soluble,19000.0
0601011A0AAAAAA,Insulin aspart 100units/ml solution for injection 10ml vials,439.0,1738.0,22609.504210000006,201403,2014-03-01,generic analogue,1738000.0
0601011A0BBAEAC,NovoRapid FlexTouch 100units/ml inj 3ml pre-filled pens,1244.0,9280.0,55102.35080999997,201403,2014-03-01,originator,2784000.0
0601011N0BHADAP,Humulin S 100units/ml solution for injection 3ml cartridges,2577.0,23029.0,81210.82126000004,201403,2014-03-01,human soluble,6908700.0
0601011L0AAACAC,Insulin lispro 100units/ml inj 3ml cartridges,1637.0,15479.0,80977.29701,201403,2014-03-01,generic analogue,4643700.0
0601011A0BBAAAA,NovoRapid 100units/ml solution for injection 10ml vials,9321.0,34290.0,446007.10082999995,201403,2014-03-01,originator,34290000.0
0601011L0AAABAB,Insulin lispro 100units/ml solution for injection 10ml vials,842.0,3073.0,47158.633090000025,201403,2014-03-01,generic analogue,3073000.0
0601011P0AAABAB,Insulin glulisine 100units/ml inj 3ml cartridges,44.0,380.0,1989.282069999999,201403,2014-03-01,generic analogue,114000.0
0601011N0AAAPAP,Insulin soluble human 100units/ml inj 3ml cartridges,3.0,30.0,104.32414,201403,2014-03-01,human soluble,9000.0
0601011L0BBACAC,Humalog 100units/ml solution for injection 3ml cartridges,17156.0,151052.0,790295.4437899999,201403,2014-03-01,originator,45315600.0
0601011N0BKABAP,Insuman Rapid 100units/ml inj 3ml cartridges,184.0,1515.0,4900.858120000004,201403,2014-03-01,human soluble,454500.0
0601011A0AAABAB,Insulin aspart 100units/ml inj 3ml cartridges,1216.0,11542.0,60380.7813,201403,2014-03-01,generic analogue,3462600.0
0601011L0BBAGAF,Humalog KwikPen 100units/ml inj 3ml pre-filled pens,9323.0,68080.0,370665.1198899998,201403,2014-03-01,originator,20424000.0
0601011P0BBAAAA,Apidra 100units/ml solution for injection 10ml vials,525.0,1756.0,25958.46372000002,201403,2014-03-01,originator,1756000.0
0601011N0BCAAAA,Hypurin Bovine Neutral 100units/ml inj 10ml vials,204.0,740.0,18950.20982,201403,2014-03-01,human soluble,740000.0
0601011P0AAAAAA,Insulin glulisine 100units/ml inj 10ml vials,84.0,303.0,4479.17831,201403,2014-03-01,generic analogue,303000.0
0601011A0BBABAB,NovoRapid Penfill 100units/ml inj 3ml cartridges,52946.0,451638.0,2362778.3548400016,201403,2014-03-01,originator,135491400.0
0601011P0BBAEAC,Apidra 100units/ml inj 3ml pre-filled SoloStar pens,4310.0,29146.0,152451.68399000002,201403,2014-03-01,originator,8743800.0
0601011N0BCAHAZ,Hypurin Porcine Neutral 100units/ml inj 3ml cartridges,407.0,3196.0,22329.698019999996,201403,2014-03-01,human soluble,958800.0
0601011P0AAACAC,Insulin glulisine 100units/ml inj 3ml pf dispos dev,119.0,782.0,4099.128109999997,201403,2014-03-01,generic analogue,234600.0
0601011N0BHAAAG,Humulin S 100units/ml solution for injection 10ml vials,387.0,1179.0,17080.86757,201403,2014-03-01,human soluble,1179000.0
0601011L0AAAFAF,Insulin lispro 100units/ml inj 3ml pf dispos dev,336.0,2557.0,13921.86776,201403,2014-03-01,generic analogue,767100.0
0601011A0BBADAC,NovoRapid FlexPen 100units/ml inj 3ml pre-filled pens,59239.0,428247.0,2421805.7776399995,201403,2014-03-01,originator,128474100.0
0601011N0BFAEAL,Actrapid 100units/ml solution for injection 10ml vials,978.0,2853.0,19723.73786999999,201403,2014-03-01,human soluble,2853000.0
0601011A0AAACAC,Insulin aspart 100units/ml inj 3ml pf dispos dev,477.0,3830.0,21660.04763,201403,2014-03-01,generic analogue,1149000.0
0601011R0BBABAB,Humulin R 500units/ml solution for injection 20ml vials,39.0,64.0,22994.097680000003,201403,2014-03-01,human soluble,640000.0
0601011N0AAACAC,Insulin soluble porcine 100units/ml inj 10ml vials,1.0,3.0,69.84492,201403,2014-03-01,human soluble,3000.0
0601011N0AAAYAY,Insulin soluble bovine 100units/ml inj 3ml cartridges,1.0,5.0,38.42029,201403,2014-03-01,human soluble,1500.0
0601011N0AAAZAZ,Insulin soluble porcine 100units/ml inj 3ml cartridges,2.0,25.0,174.68824999999998,201404,2014-04-01,human soluble,7500.0
0601011N0BKACAM,Insuman Rapid 100units/ml inj 3ml pre-filled OptiSet pen,1.0,10.0,32.35748,201404,2014-04-01,human soluble,3000.0
0601011P0BBABAB,Apidra 100units/ml solution for injection 3ml cartridges,619.0,4925.0,25769.104549999993,201404,2014-04-01,originator,1477500.0
0601011L0BBABAB,Humalog 100units/ml solution for injection 10ml vials,2880.0,10506.0,161300.34613,201404,2014-04-01,originator,10506000.0
0601011L0BBAFAF,Humalog Pen 100units/ml inj 3ml pre-filled pens,17.0,110.0,599.14304,201404,2014-04-01,originator,33000.0
0601011N0BFAQAP,Actrapid Penfill 100units/ml inj 3ml cartridges,1.0,20.0,74.23975,201404,2014-04-01,human soluble,6000.0
0601011N0BCAEAC,Hypurin Porcine Neutral 100units/ml inj 10ml vials,307.0,880.0,20496.836720000014,201404,2014-04-01,human soluble,880000.0
0601011N0AAAAAA,Insulin soluble bovine 100units/ml inj 10ml vials,5.0,20.0,512.40814,201404,2014-04-01,human soluble,20000.0
0601011N0BCAGAY,Hypurin Bovine Neutral 100units/ml inj 3ml cartridges,60.0,521.0,4004.7211300000026,201404,2014-04-01,human soluble,156300.0
0601011N0AAALAL,Insulin soluble human 100units/ml inj 10ml vials,4.0,18.0,147.21049,201404,2014-04-01,human soluble,18000.0
0601011A0BBAEAC,NovoRapid FlexTouch 100units/ml inj 3ml pre-filled pens,1282.0,9541.0,56679.756369999996,201404,2014-04-01,originator,2862300.0
0601011A0AAAAAA,Insulin aspart 100units/ml solution for injection 10ml vials,457.0,1696.0,22079.948310000003,201404,2014-04-01,generic analogue,1696000.0
0601011A0BBAAAA,NovoRapid 100units/ml solution for injection 10ml vials,9219.0,33592.0,437223.1280699999,201404,2014-04-01,originator,33592000.0
0601011L0AAABAB,Insulin lispro 100units/ml solution for injection 10ml vials,776.0,2851.0,43772.26494000002,201404,2014-04-01,generic analogue,2851000.0
0601011P0AAABAB,Insulin glulisine 100units/ml inj 3ml cartridges,50.0,430.0,2251.62528,201404,2014-04-01,generic analogue,129000.0
0601011P0BBADAB,Apidra 100units/ml inj 3ml OptiClik cartridges,1.0,10.0,55.96016,201404,2014-04-01,originator,3000.0
0601011N0AAAPAP,Insulin soluble human 100units/ml inj 3ml cartridges,2.0,25.0,88.18826,201404,2014-04-01,human soluble,7500.0
0601011N0BHADAP,Humulin S 100units/ml solution for injection 3ml cartridges,2582.0,23122.0,81575.49300000003,201404,2014-04-01,human soluble,6936600.0
0601011L0AAACAC,Insulin lispro 100units/ml inj 3ml cartridges,1581.0,14260.0,74636.09038999997,201404,2014-04-01,generic analogue,4278000.0
0601011L0BBAGAF,Humalog KwikPen 100units/ml inj 3ml pre-filled pens,9159.0,65527.0,356936.0107800003,201404,2014-04-01,originator,19658100.0
0601011P0BBAAAA,Apidra 100units/ml solution for injection 10ml vials,501.0,1638.0,24225.579269999984,201404,2014-04-01,originator,1638000.0
0601011N0BCAAAA,Hypurin Bovine Neutral 100units/ml inj 10ml vials,187.0,635.0,16269.073100000003,201404,2014-04-01,human soluble,635000.0
0601011P0AAAAAA,Insulin glulisine 100units/ml inj 10ml vials,77.0,282.0,4170.685859999999,201404,2014-04-01,generic analogue,282000.0
0601011R0BBAAAD,Humulin R 100units/ml solution for injection 10ml vials,1.0,2.0,473.3781,201404,2014-04-01,human soluble,2000.0
0601011L0BBACAC,Humalog 100units/ml solution for injection 3ml cartridges,16983.0,149741.0,783822.1469100005,201404,2014-04-01,originator,44922300.0
0601011A0AAABAB,Insulin aspart 100units/ml inj 3ml cartridges,1208.0,10867.0,56877.71108000001,201404,2014-04-01,generic analogue,3260100.0
0601011N0BKABAP,Insuman Rapid 100units/ml inj 3ml cartridges,170.0,1341.0,4340.647140000001,201404,2014-04-01,human soluble,402300.0
0601011R0BDAAAC,Insuman Infusat 100units/ml inj 3.15ml cartridges,1.0,20.0,1815.88395,201404,2014-04-01,human soluble,6300.0
0601011A0BBABAB,NovoRapid Penfill 100units/ml inj 3ml cartridges,52260.0,445604.0,2332304.4378900016,201404,2014-04-01,originator,133681200.0
0601011N0BHAAAG,Humulin S 100units/ml solution for injection 10ml vials,405.0,1217.0,17639.75759000001,201404,2014-04-01,human soluble,1217000.0
0601011L0AAAFAF,Insulin lispro 100units/ml inj 3ml pf dispos dev,292.0,2161.0,11771.980609999999,201404,2014-04-01,generic analogue,648300.0
0601011P0BBAEAC,Apidra 100units/ml inj 3ml pre-filled SoloStar pens,4267.0,28396.0,148599.82027999999,201404,2014-04-01,originator,8518800.0
0601011N0BCAHAZ,Hypurin Porcine Neutral 100units/ml inj 3ml cartridges,394.0,3372.0,23567.382150000012,201404,2014-04-01,human soluble,1011600.0
0601011P0AAACAC,Insulin glulisine 100units/ml inj 3ml pf dispos dev,112.0,728.0,3809.7107800000017,201404,2014-04-01,generic analogue,218400.0
0601011A0BBADAC,NovoRapid FlexPen 100units/ml inj 3ml pre-filled pens,59374.0,427162.0,2416816.536289999,201404,2014-04-01,originator,128148600.0
0601011A0AAACAC,Insulin aspart 100units/ml inj 3ml pf dispos dev,457.0,3592.0,20331.357339999995,201404,2014-04-01,generic analogue,1077600.0
0601011N0BFAEAL,Actrapid 100units/ml solution for injection 10ml vials,940.0,2919.0,20188.736539999994,201404,2014-04-01,human soluble,2919000.0
0601011R0BBABAB,Humulin R 500units/ml solution for injection 20ml vials,42.0,71.0,30195.495020000002,201404,2014-04-01,human soluble,710000.0
0601011N0AAACAC,Insulin soluble porcine 100units/ml inj 10ml vials,5.0,16.0,372.67737,201404,2014-04-01,human soluble,16000.0
0601011A0BBAEAC,NovoRapid FlexTouch 100units/ml inj 3ml pre-filled pens,1382.0,10242.0,60799.839669999994,201405,2014-05-01,originator,3072600.0
0601011A0AAAAAA,Insulin aspart 100units/ml solution for injection 10ml vials,496.0,1959.0,25478.254340000025,201405,2014-05-01,generic analogue,1959000.0
0601011A0BBAAAA,NovoRapid 100units/ml solution for injection 10ml vials,9953.0,36834.0,479113.19753,201405,2014-05-01,originator,36834000.0
0601011L0AAABAB,Insulin lispro 100units/ml solution for injection 10ml vials,824.0,3011.0,46195.75465999998,201405,2014-05-01,generic analogue,3011000.0
0601011P0AAABAB,Insulin glulisine 100units/ml inj 3ml cartridges,44.0,350.0,1837.2303600000005,201405,2014-05-01,generic analogue,105000.0
0601011N0BFAJAD,Human Actrapid Penfill 100units/ml inj 1.5ml cartridges,1.0,3.0,6.44749,201405,2014-05-01,human soluble,450.0
0601011N0AAAPAP,Insulin soluble human 100units/ml inj 3ml cartridges,2.0,10.0,33.80582,201405,2014-05-01,human soluble,3000.0
0601011N0BHADAP,Humulin S 100units/ml solution for injection 3ml cartridges,2699.0,23899.0,84257.41698999997,201405,2014-05-01,human soluble,7169700.0
0601011L0AAACAC,Insulin lispro 100units/ml inj 3ml cartridges,1599.0,14822.0,77520.92219,201405,2014-05-01,generic analogue,4446600.0
0601011L0BBAFAF,Humalog Pen 100units/ml inj 3ml pre-filled pens,12.0,100.0,544.25266,201405,2014-05-01,originator,30000.0
0601011N0AAAZAZ,Insulin soluble porcine 100units/ml inj 3ml cartridges,1.0,15.0,104.73539,201405,2014-05-01,human soluble,4500.0
0601011L0BBABAB,Humalog 100units/ml solution for injection 10ml vials,3104.0,11048.0,169500.73184000002,201405,2014-05-01,originator,11048000.0
0601011P0BBABAB,Apidra 100units/ml solution for injection 3ml cartridges,685.0,5408.0,28276.515410000015,201405,2014-05-01,originator,1622400.0
0601011N0BCAEAC,Hypurin Porcine Neutral 100units/ml inj 10ml vials,337.0,1079.0,25114.165220000017,201405,2014-05-01,human soluble,1079000.0
0601011N0AAAAAA,Insulin soluble bovine 100units/ml inj 10ml vials,6.0,23.0,588.85033,201405,2014-05-01,human soluble,23000.0
0601011N0BCAGAY,Hypurin Bovine Neutral 100units/ml inj 3ml cartridges,61.0,535.0,4109.252049999999,201405,2014-05-01,human soluble,160500.0
0601011N0AAALAL,Insulin soluble human 100units/ml inj 10ml vials,6.0,24.0,165.85810999999998,201405,2014-05-01,human soluble,24000.0
0601011P0BBAEAC,Apidra 100units/ml inj 3ml pre-filled SoloStar pens,4569.0,30733.0,160755.8448699999,201405,2014-05-01,originator,9219900.0
0601011N0BCAHAZ,Hypurin Porcine Neutral 100units/ml inj 3ml cartridges,412.0,3405.0,23782.505450000008,201405,2014-05-01,human soluble,1021500.0
0601011P0AAACAC,Insulin glulisine 100units/ml inj 3ml pf dispos dev,137.0,901.0,4718.7258699999975,201405,2014-05-01,generic analogue,270300.0
0601011L0AAAFAF,Insulin lispro 100units/ml inj 3ml pf dispos dev,342.0,2595.0,14125.711640000001,201405,2014-05-01,generic analogue,778500.0
0601011N0BHAAAG,Humulin S 100units/ml solution for injection 10ml vials,403.0,1164.0,16859.659190000006,201405,2014-05-01,human soluble,1164000.0
0601011R0AAABAB,Insulin human 500units/ml solution for injection 20ml vials,1.0,5.0,1115.81097,201405,2014-05-01,human soluble,50000.0
0601011P0BBAAAA,Apidra 100units/ml solution for injection 10ml vials,538.0,1843.0,27237.611350000003,201405,2014-05-01,originator,1843000.0
0601011L0BBAGAF,Humalog KwikPen 100units/ml inj 3ml pre-filled pens,9776.0,70146.0,381822.3863500001,201405,2014-05-01,originator,21043800.0
0601011P0AAAAAA,Insulin glulisine 100units/ml inj 10ml vials,85.0,331.0,4891.79609,201405,2014-05-01,generic analogue,331000.0
0601011N0BCAAAA,Hypurin Bovine Neutral 100units/ml inj 10ml vials,188.0,648.0,16590.2798,201405,2014-05-01,human soluble,648000.0
0601011A0BBADAC,NovoRapid FlexPen 100units/ml inj 3ml pre-filled pens,62108.0,449603.0,2541998.8105500005,201405,2014-05-01,originator,134880900.0
0601011N0BFAEAL,Actrapid 100units/ml solution for injection 10ml vials,996.0,3064.0,21176.534549999997,201405,2014-05-01,human soluble,3064000.0
0601011R0BBABAB,Humulin R 500units/ml solution for injection 20ml vials,37.0,80.0,27041.70313,201405,2014-05-01,human soluble,800000.0
0601011A0AAACAC,Insulin aspart 100units/ml inj 3ml pf dispos dev,475.0,3912.0,22119.70995000001,201405,2014-05-01,generic analogue,1173600.0
0601011N0AAACAC,Insulin soluble porcine 100units/ml inj 10ml vials,1.0,2.0,46.55595,201405,2014-05-01,human soluble,2000.0
0601011L0BBACAC,Humalog 100units/ml solution for injection 3ml cartridges,17823.0,156997.0,821193.2848300008,201405,2014-05-01,originator,47099100.0
0601011A0AAABAB,Insulin aspart 100units/ml inj 3ml cartridges,1279.0,12211.0,63865.63427000001,201405,2014-05-01,generic analogue,3663300.0
0601011N0BKABAP,Insuman Rapid 100units/ml inj 3ml cartridges,212.0,1828.0,5911.588489999996,201405,2014-05-01,human soluble,548400.0
0601011A0BBABAB,NovoRapid Penfill 100units/ml inj 3ml cartridges,55808.0,478791.0,2504207.4019099986,201405,2014-05-01,originator,143637300.0
0601011N0AAAZAZ,Insulin soluble porcine 100units/ml inj 3ml cartridges,1.0,15.0,104.87171,201406,2014-06-01,human soluble,4500.0
0601011L0AAACAC,Insulin lispro 100units/ml inj 3ml cartridges,1578.0,14660.0,76774.03762,201406,2014-06-01,generic analogue,4398000.0
0601011N0BHADAP,Humulin S 100units/ml solution for injection 3ml cartridges,2580.0,23232.0,82011.38210000002,201406,2014-06-01,human soluble,6969600.0
0601011L0BBAFAF,Humalog Pen 100units/ml inj 3ml pre-filled pens,18.0,160.0,871.9177400000002,201406,2014-06-01,originator,48000.0
0601011A0BBAAAA,NovoRapid 100units/ml solution for injection 10ml vials,9652.0,35741.0,465325.7944199999,201406,2014-06-01,originator,35741000.0
0601011L0AAABAB,Insulin lispro 100units/ml solution for injection 10ml vials,805.0,3190.0,49005.00196999999,201406,2014-06-01,generic analogue,3190000.0
0601011P0AAABAB,Insulin glulisine 100units/ml inj 3ml cartridges,42.0,370.0,1936.9842600000009,201406,2014-06-01,generic analogue,111000.0
0601011N0BFAJAD,Human Actrapid Penfill 100units/ml inj 1.5ml cartridges,1.0,2.0,4.34746,201406,2014-06-01,human soluble,300.0
0601011N0AAAPAP,Insulin soluble human 100units/ml inj 3ml cartridges,3.0,20.0,66.22616,201406,2014-06-01,human soluble,6000.0
0601011L0BBACAC,Humalog 100units/ml solution for injection 3ml cartridges,16926.0,149692.0,784122.34497,201406,2014-06-01,originator,44907600.0
0601011N0BKABAP,Insuman Rapid 100units/ml inj 3ml cartridges,179.0,1427.0,4620.99784,201406,2014-06-01,human soluble,428100.0
0601011A0AAABAB,Insulin aspart 100units/ml inj 3ml cartridges,1198.0,10943.0,57308.750199999995,201406,2014-06-01,generic analogue,3282900.0
0601011N0BCAEAC,Hypurin Porcine Neutral 100units/ml inj 10ml vials,298.0,915.0,21321.27716,201406,2014-06-01,human soluble,915000.0
0601011N0AAAAAA,Insulin soluble bovine 100units/ml inj 10ml vials,7.0,16.0,410.20320000000004,201406,2014-06-01,human soluble,16000.0
0601011N0BCAGAY,Hypurin Bovine Neutral 100units/ml inj 3ml cartridges,56.0,520.0,3999.2301100000022,201406,2014-06-01,human soluble,156000.0
0601011N0AAALAL,Insulin soluble human 100units/ml inj 10ml vials,4.0,13.0,127.87809,201406,2014-06-01,human soluble,13000.0
0601011L0BBABAB,Humalog 100units/ml solution for injection 10ml vials,3026.0,11221.0,172377.7609299999,201406,2014-06-01,originator,11221000.0
0601011P0BBABAB,Apidra 100units/ml solution for injection 3ml cartridges,662.0,5140.0,26909.91548,201406,2014-06-01,originator,1542000.0
0601011A0BBABAB,NovoRapid Penfill 100units/ml inj 3ml cartridges,52853.0,451902.0,2366640.410880002,201406,2014-06-01,originator,135570600.0
0601011A0BBADAC,NovoRapid FlexPen 100units/ml inj 3ml pre-filled pens,59526.0,430932.0,2439552.511740002,201406,2014-06-01,originator,129279600.0
0601011A0AAACAC,Insulin aspart 100units/ml inj 3ml pf dispos dev,431.0,3349.0,18968.123209999994,201406,2014-06-01,generic analogue,1004700.0
0601011N0BFAEAL,Actrapid 100units/ml solution for injection 10ml vials,931.0,2880.0,19930.765230000005,201406,2014-06-01,human soluble,2880000.0
0601011R0BBABAB,Humulin R 500units/ml solution for injection 20ml vials,50.0,118.0,39481.27732,201406,2014-06-01,human soluble,1180000.0
0601011L0BBAGAF,Humalog KwikPen 100units/ml inj 3ml pre-filled pens,9391.0,67922.0,370197.6040799999,201406,2014-06-01,originator,20376600.0
0601011N0BCAAAA,Hypurin Bovine Neutral 100units/ml inj 10ml vials,199.0,733.0,18790.764329999998,201406,2014-06-01,human soluble,733000.0
0601011P0BBAAAA,Apidra 100units/ml solution for injection 10ml vials,508.0,1724.0,25512.085579999995,201406,2014-06-01,originator,1724000.0
0601011P0AAAAAA,Insulin glulisine 100units/ml inj 10ml vials,80.0,333.0,4927.690239999997,201406,2014-06-01,generic analogue,333000.0
0601011L0AAAFAF,Insulin lispro 100units/ml inj 3ml pf dispos dev,314.0,2413.0,13152.36477999999,201406,2014-06-01,generic analogue,723900.0
0601011N0BHAAAG,Humulin S 100units/ml solution for injection 10ml vials,415.0,1280.0,18562.873929999994,201406,2014-06-01,human soluble,1280000.0
0601011A0BBAEAC,NovoRapid FlexTouch 100units/ml inj 3ml pre-filled pens,1324.0,9899.0,58840.422210000004,201406,2014-06-01,originator,2969700.0
0601011A0AAAAAA,Insulin aspart 100units/ml solution for injection 10ml vials,482.0,1891.0,24632.034110000015,201406,2014-06-01,generic analogue,1891000.0
0601011P0BBAEAC,Apidra 100units/ml inj 3ml pre-filled SoloStar pens,4435.0,29756.0,155807.56367999996,201406,2014-06-01,originator,8926800.0
0601011N0BCAHAZ,Hypurin Porcine Neutral 100units/ml inj 3ml cartridges,418.0,3538.0,24741.777259999995,201406,2014-06-01,human soluble,1061400.0
0601011P0AAACAC,Insulin glulisine 100units/ml inj 3ml pf dispos dev,129.0,843.0,4419.276779999999,201406,2014-06-01,generic analogue,252900.0
0601011L0BBAFAF,Humalog Pen 100units/ml inj 3ml pre-filled pens,18.0,178.0,969.6228900000001,201407,2014-07-01,originator,53400.0
0601011L0BBABAB,Humalog 100units/ml solution for injection 10ml vials,3141.0,11669.0,179151.98096000004,201407,2014-07-01,originator,11669000.0
0601011P0BBABAB,Apidra 100units/ml solution for injection 3ml cartridges,680.0,5337.0,27924.776680000017,201407,2014-07-01,originator,1601100.0
0601011N0AAAZAZ,Insulin soluble porcine 100units/ml inj 3ml cartridges,3.0,25.0,174.69775,201407,2014-07-01,human soluble,7500.0
0601011A0BBAAAA,NovoRapid 100units/ml solution for injection 10ml vials,10921.0,40688.0,529672.1271999998,201407,2014-07-01,originator,40688000.0
0601011L0AAABAB,Insulin lispro 100units/ml solution for injection 10ml vials,803.0,2883.0,44263.03632999999,201407,2014-07-01,generic analogue,2883000.0
0601011P0AAABAB,Insulin glulisine 100units/ml inj 3ml cartridges,50.0,441.0,2316.5060899999994,201407,2014-07-01,generic analogue,132300.0
0601011N0AAAPAP,Insulin soluble human 100units/ml inj 3ml cartridges,4.0,20.0,69.11907,201407,2014-07-01,human soluble,6000.0
0601011L0BBAAAA,Humalog 100units/ml solution for injection 1.5ml cartridges,1.0,20.0,54.46213,201407,2014-07-01,originator,3000.0
0601011N0BHADAP,Humulin S 100units/ml solution for injection 3ml cartridges,2693.0,24101.0,85029.64072,201407,2014-07-01,human soluble,7230300.0
0601011L0AAACAC,Insulin lispro 100units/ml inj 3ml cartridges,1669.0,15527.0,81265.73808000002,201407,2014-07-01,generic analogue,4658100.0
0601011A0AAAAAA,Insulin aspart 100units/ml solution for injection 10ml vials,553.0,2086.0,27149.23956000001,201407,2014-07-01,generic analogue,2086000.0
0601011A0BBAEAC,NovoRapid FlexTouch 100units/ml inj 3ml pre-filled pens,1471.0,10634.0,63171.33383000001,201407,2014-07-01,originator,3190200.0
0601011N0BCAGAY,Hypurin Bovine Neutral 100units/ml inj 3ml cartridges,66.0,598.0,4596.648939999998,201407,2014-07-01,human soluble,179400.0
0601011N0AAALAL,Insulin soluble human 100units/ml inj 10ml vials,4.0,12.0,120.88880999999999,201407,2014-07-01,human soluble,12000.0
0601011P0BBACAC,Apidra 100units/ml inj 3ml pre-filled OptiSet pens,2.0,8.0,44.88041,201407,2014-07-01,originator,2400.0
0601011L0BBAGAF,Humalog KwikPen 100units/ml inj 3ml pre-filled pens,10223.0,73837.0,402193.23704,201407,2014-07-01,originator,22151100.0
0601011P0BBAAAA,Apidra 100units/ml solution for injection 10ml vials,566.0,1937.0,28646.932089999988,201407,2014-07-01,originator,1937000.0
0601011N0BCAAAA,Hypurin Bovine Neutral 100units/ml inj 10ml vials,190.0,654.0,16755.584659999997,201407,2014-07-01,human soluble,654000.0
0601011P0AAAAAA,Insulin glulisine 100units/ml inj 10ml vials,85.0,294.0,4348.136059999999,201407,2014-07-01,generic analogue,294000.0
0601011N0BHAAAG,Humulin S 100units/ml solution for injection 10ml vials,408.0,1230.0,17827.763150000006,201407,2014-07-01,human soluble,1230000.0
0601011L0AAAFAF,Insulin lispro 100units/ml inj 3ml pf dispos dev,354.0,2607.0,14201.81576999998,201407,2014-07-01,generic analogue,782100.0
0601011R0AAABAB,Insulin human 500units/ml solution for injection 20ml vials,1.0,1.0,487.59255,201407,2014-07-01,human soluble,10000.0
0601011A0BBADAC,NovoRapid FlexPen 100units/ml inj 3ml pre-filled pens,63953.0,463161.0,2620435.0192499976,201407,2014-07-01,originator,138948300.0
0601011A0AAACAC,Insulin aspart 100units/ml inj 3ml pf dispos dev,472.0,3789.0,21451.682619999992,201407,2014-07-01,generic analogue,1136700.0
0601011N0BFAEAL,Actrapid 100units/ml solution for injection 10ml vials,1007.0,3094.0,21398.84162000001,201407,2014-07-01,human soluble,3094000.0
0601011R0BBABAB,Humulin R 500units/ml solution for injection 20ml vials,41.0,86.0,33170.20535,201407,2014-07-01,human soluble,860000.0
0601011N0AAACAC,Insulin soluble porcine 100units/ml inj 10ml vials,3.0,12.0,279.49406,201407,2014-07-01,human soluble,12000.0
0601011L0BBACAC,Humalog 100units/ml solution for injection 3ml cartridges,18190.0,160969.0,842556.4593099996,201407,2014-07-01,originator,48290700.0
0601011A0AAABAB,Insulin aspart 100units/ml inj 3ml cartridges,1289.0,11739.0,61440.362369999995,201407,2014-07-01,generic analogue,3521700.0
0601011N0BKABAP,Insuman Rapid 100units/ml inj 3ml cartridges,211.0,1837.0,5944.697230000003,201407,2014-07-01,human soluble,551100.0
0601011A0BBABAB,NovoRapid Penfill 100units/ml inj 3ml cartridges,56863.0,486040.0,2543929.8209399995,201407,2014-07-01,originator,145812000.0
0601011N0BCAHAZ,Hypurin Porcine Neutral 100units/ml inj 3ml cartridges,402.0,3204.0,22394.10767000001,201407,2014-07-01,human soluble,961200.0
0601011P0BBAEAC,Apidra 100units/ml inj 3ml pre-filled SoloStar pens,4796.0,31919.0,167031.72787,201407,2014-07-01,originator,9575700.0
0601011P0AAACAC,Insulin glulisine 100units/ml inj 3ml pf dispos dev,162.0,998.0,5230.192000000004,201407,2014-07-01,generic analogue,299400.0
0601011N0BCAEAC,Hypurin Porcine Neutral 100units/ml inj 10ml vials,327.0,995.0,23175.38871,201407,2014-07-01,human soluble,995000.0
0601011N0AAAAAA,Insulin soluble bovine 100units/ml inj 10ml vials,7.0,31.0,794.21007,201407,2014-07-01,human soluble,31000.0
0601011L0BBAFAF,Humalog Pen 100units/ml inj 3ml pre-filled pens,15.0,105.0,572.65055,201408,2014-08-01,originator,31500.0
0601011N0BHADAP,Humulin S 100units/ml solution for injection 3ml cartridges,2596.0,23399.0,82659.86816999997,201408,2014-08-01,human soluble,7019700.0
0601011L0AAACAC,Insulin lispro 100units/ml inj 3ml cartridges,1526.0,13843.0,72548.06133000003,201408,2014-08-01,generic analogue,4152900.0
0601011N0BHAAAG,Humulin S 100units/ml solution for injection 10ml vials,363.0,1132.0,16428.891930000005,201408,2014-08-01,human soluble,1132000.0
0601011L0AAAFAF,Insulin lispro 100units/ml inj 3ml pf dispos dev,351.0,2609.0,14231.230979999995,201408,2014-08-01,generic analogue,782700.0
0601011P0BBAEAC,Apidra 100units/ml inj 3ml pre-filled SoloStar pens,4508.0,30440.0,159502.0561699999,201408,2014-08-01,originator,9132000.0
0601011N0BCAHAZ,Hypurin Porcine Neutral 100units/ml inj 3ml cartridges,398.0,3334.0,23333.21713,201408,2014-08-01,human soluble,1000200.0
0601011P0AAACAC,Insulin glulisine 100units/ml inj 3ml pf dispos dev,137.0,881.0,4621.87512,201408,2014-08-01,generic analogue,264300.0
0601011A0BBAEAC,NovoRapid FlexTouch 100units/ml inj 3ml pre-filled pens,1340.0,10100.0,60077.39820000002,201408,2014-08-01,originator,3030000.0
0601011A0AAAAAA,Insulin aspart 100units/ml solution for injection 10ml vials,455.0,1726.0,22493.543310000005,201408,2014-08-01,generic analogue,1726000.0
0601011A0BBAAAA,NovoRapid 100units/ml solution for injection 10ml vials,9358.0,34431.0,448710.3016400001,201408,2014-08-01,originator,34431000.0
0601011L0AAABAB,Insulin lispro 100units/ml solution for injection 10ml vials,730.0,2675.0,41123.76616000002,201408,2014-08-01,generic analogue,2675000.0
0601011P0AAABAB,Insulin glulisine 100units/ml inj 3ml cartridges,44.0,420.0,2203.9330999999997,201408,2014-08-01,generic analogue,126000.0
0601011P0BBADAB,Apidra 100units/ml inj 3ml OptiClik cartridges,1.0,5.0,28.02274,201408,2014-08-01,originator,1500.0
0601011N0AAAPAP,Insulin soluble human 100units/ml inj 3ml cartridges,3.0,20.0,69.19785,201408,2014-08-01,human soluble,6000.0
0601011A0BBABAB,NovoRapid Penfill 100units/ml inj 3ml cartridges,51851.0,446325.0,2339102.2400199994,201408,2014-08-01,originator,133897500.0
0601011L0BBAGAF,Humalog KwikPen 100units/ml inj 3ml pre-filled pens,9370.0,67207.0,366564.62135,201408,2014-08-01,originator,20162100.0
0601011P0BBAAAA,Apidra 100units/ml solution for injection 10ml vials,473.0,1621.0,24005.181370000002,201408,2014-08-01,originator,1621000.0
0601011N0BCAAAA,Hypurin Bovine Neutral 100units/ml inj 10ml vials,197.0,700.0,17957.733000000007,201408,2014-08-01,human soluble,700000.0
0601011P0AAAAAA,Insulin glulisine 100units/ml inj 10ml vials,73.0,259.0,3835.5550299999995,201408,2014-08-01,generic analogue,259000.0
0601011L0BBABAB,Humalog 100units/ml solution for injection 10ml vials,2962.0,10815.0,166259.51838999992,201408,2014-08-01,originator,10815000.0
0601011P0BBABAB,Apidra 100units/ml solution for injection 3ml cartridges,645.0,5123.0,26839.761559999995,201408,2014-08-01,originator,1536900.0
0601011L0BBACAC,Humalog 100units/ml solution for injection 3ml cartridges,16640.0,146105.0,765766.2021299999,201408,2014-08-01,originator,43831500.0
0601011A0AAABAB,Insulin aspart 100units/ml inj 3ml cartridges,1153.0,10640.0,55762.30927000001,201408,2014-08-01,generic analogue,3192000.0
0601011N0BKABAP,Insuman Rapid 100units/ml inj 3ml cartridges,203.0,1541.0,4993.868510000003,201408,2014-08-01,human soluble,462300.0
0601011R0BDAAAC,Insuman Infusat 100units/ml inj 3.15ml cartridges,1.0,10.0,909.13162,201408,2014-08-01,human soluble,3150.0
0601011N0AAAAAA,Insulin soluble bovine 100units/ml inj 10ml vials,7.0,28.0,718.30634,201408,2014-08-01,human soluble,28000.0
0601011N0BCAEAC,Hypurin Porcine Neutral 100units/ml inj 10ml vials,318.0,1033.0,24092.082179999998,201408,2014-08-01,human soluble,1033000.0
0601011N0AAAZAZ,Insulin soluble porcine 100units/ml inj 3ml cartridges,1.0,15.0,104.94707,201408,2014-08-01,human soluble,4500.0
0601011N0AAALAL,Insulin soluble human 100units/ml inj 10ml vials,6.0,19.0,139.17299,201408,2014-08-01,human soluble,19000.0
0601011N0BCAGAY,Hypurin Bovine Neutral 100units/ml inj 3ml cartridges,54.0,501.0,3855.9120499999995,201408,2014-08-01,human soluble,150300.0
0601011A0BBADAC,NovoRapid FlexPen 100units/ml inj 3ml pre-filled pens,59778.0,430788.0,2440618.1344499993,201408,2014-08-01,originator,129236400.0
0601011N0BFAEAL,Actrapid 100units/ml solution for injection 10ml vials,910.0,2873.0,19896.357369999994,201408,2014-08-01,human soluble,2873000.0
0601011R0BBABAB,Humulin R 500units/ml solution for injection 20ml vials,35.0,120.0,31577.676989999996,201408,2014-08-01,human soluble,1200000.0
0601011A0AAACAC,Insulin aspart 100units/ml inj 3ml pf dispos dev,435.0,3222.0,18253.964969999997,201408,2014-08-01,generic analogue,966600.0
0601011N0AAACAC,Insulin soluble porcine 100units/ml inj 10ml vials,2.0,7.0,163.25652000000002,201408,2014-08-01,human soluble,7000.0
0601011L0BBABAB,Humalog 100units/ml solution for injection 10ml vials,3130.0,11756.0,180545.74459,201409,2014-09-01,originator,11756000.0
0601011P0BBABAB,Apidra 100units/ml solution for injection 3ml cartridges,672.0,5238.0,27415.153670000007,201409,2014-09-01,originator,1571400.0
0601011L0AAABAB,Insulin lispro 100units/ml solution for injection 10ml vials,803.0,3091.0,47471.21758,201409,2014-09-01,generic analogue,3091000.0
0601011A0BBAAAA,NovoRapid 100units/ml solution for injection 10ml vials,9860.0,36397.0,473759.63087000005,201409,2014-09-01,originator,36397000.0
0601011N0AAAPAP,Insulin soluble human 100units/ml inj 3ml cartridges,5.0,30.0,102.96935,201409,2014-09-01,human soluble,9000.0
0601011P0AAABAB,Insulin glulisine 100units/ml inj 3ml cartridges,48.0,410.0,2145.8234700000003,201409,2014-09-01,generic analogue,123000.0
0601011N0BFAJAD,Human Actrapid Penfill 100units/ml inj 1.5ml cartridges,1.0,2.0,4.34628,201409,2014-09-01,human soluble,300.0
0601011N0BCAEAC,Hypurin Porcine Neutral 100units/ml inj 10ml vials,311.0,929.0,21643.537949999998,201409,2014-09-01,human soluble,929000.0
0601011N0AAAAAA,Insulin soluble bovine 100units/ml inj 10ml vials,5.0,16.0,410.06444999999997,201409,2014-09-01,human soluble,16000.0
0601011L0BBAFAF,Humalog Pen 100units/ml inj 3ml pre-filled pens,15.0,90.0,490.39187999999996,201409,2014-09-01,originator,27000.0
0601011N0BHADAP,Humulin S 100units/ml solution for injection 3ml cartridges,2607.0,23183.0,81816.36607999999,201409,2014-09-01,human soluble,6954900.0
0601011L0AAACAC,Insulin lispro 100units/ml inj 3ml cartridges,1529.0,13922.0,72889.02468999995,201409,2014-09-01,generic analogue,4176600.0
0601011L0AAAFAF,Insulin lispro 100units/ml inj 3ml pf dispos dev,349.0,2729.0,14870.517179999999,201409,2014-09-01,generic analogue,818700.0
0601011N0BHAAAG,Humulin S 100units/ml solution for injection 10ml vials,398.0,1186.0,17195.77513,201409,2014-09-01,human soluble,1186000.0
0601011A0AAABAB,Insulin aspart 100units/ml inj 3ml cartridges,1244.0,11204.0,58660.073950000035,201409,2014-09-01,generic analogue,3361200.0
0601011L0BBACAC,Humalog 100units/ml solution for injection 3ml cartridges,17069.0,150802.0,789597.7945900004,201409,2014-09-01,originator,45240600.0
0601011N0BKABAP,Insuman Rapid 100units/ml inj 3ml cartridges,220.0,1858.0,6014.749250000001,201409,2014-09-01,human soluble,557400.0
0601011A0BBAEAC,NovoRapid FlexTouch 100units/ml inj 3ml pre-filled pens,1452.0,11121.0,66085.23416999995,201409,2014-09-01,originator,3336300.0
0601011A0AAAAAA,Insulin aspart 100units/ml solution for injection 10ml vials,484.0,1905.0,24801.31246,201409,2014-09-01,generic analogue,1905000.0
0601011P0BBAEAC,Apidra 100units/ml inj 3ml pre-filled SoloStar pens,4623.0,31412.0,164431.0132600001,201409,2014-09-01,originator,9423600.0
0601011N0BCAHAZ,Hypurin Porcine Neutral 100units/ml inj 3ml cartridges,377.0,3198.0,22357.857100000012,201409,2014-09-01,human soluble,959400.0
0601011P0AAACAC,Insulin glulisine 100units/ml inj 3ml pf dispos dev,122.0,772.0,4044.9629399999967,201409,2014-09-01,generic analogue,231600.0
0601011L0BBAGAF,Humalog KwikPen 100units/ml inj 3ml pre-filled pens,9940.0,71399.0,389040.2713499998,201409,2014-09-01,originator,21419700.0
0601011P0BBAAAA,Apidra 100units/ml solution for injection 10ml vials,548.0,1851.0,27384.03231,201409,2014-09-01,originator,1851000.0
0601011P0AAAAAA,Insulin glulisine 100units/ml inj 10ml vials,87.0,334.0,4941.199019999998,201409,2014-09-01,generic analogue,334000.0
0601011N0BCAAAA,Hypurin Bovine Neutral 100units/ml inj 10ml vials,180.0,641.0,16427.731960000012,201409,2014-09-01,human soluble,641000.0
0601011R0BBAAAD,Humulin R 100units/ml solution for injection 10ml vials,1.0,1.0,427.30166,201409,2014-09-01,human soluble,1000.0
0601011A0BBADAC,NovoRapid FlexPen 100units/ml inj 3ml pre-filled pens,61236.0,444280.0,2514477.830290001,201409,2014-09-01,originator,133284000.0
0601011R0BBABAB,Humulin R 500units/ml solution for injection 20ml vials,40.0,76.0,30837.78502,201409,2014-09-01,human soluble,760000.0
0601011A0AAACAC,Insulin aspart 100units/ml inj 3ml pf dispos dev,464.0,3513.0,19887.28873,201409,2014-09-01,generic analogue,1053900.0
0601011N0BFAEAL,Actrapid 100units/ml solution for injection 10ml vials,934.0,2769.0,19157.59622999999,201409,2014-09-01,human soluble,2769000.0
0601011A0BBAFAD,NovoRapid PumpCart 100units/ml inj 1.6ml cartridges,64.0,555.0,1550.5908699999998,201409,2014-09-01,originator,88800.0
0601011N0AAACAC,Insulin soluble porcine 100units/ml inj 10ml vials,1.0,2.0,46.60359,201409,2014-09-01,human soluble,2000.0
0601011A0BBABAB,NovoRapid Penfill 100units/ml inj 3ml cartridges,53614.0,457685.0,2396259.0956199993,201409,2014-09-01,originator,137305500.0
0601011N0AAAZAZ,Insulin soluble porcine 100units/ml inj 3ml cartridges,1.0,5.0,34.95579,201409,2014-09-01,human soluble,1500.0
0601011N0AAALAL,Insulin soluble human 100units/ml inj 10ml vials,6.0,24.0,279.73247,201409,2014-09-01,human soluble,24000.0
0601011N0BCAGAY,Hypurin Bovine Neutral 100units/ml inj 3ml cartridges,55.0,438.0,3367.7926000000007,201409,2014-09-01,human soluble,131400.0
0601011P0BBACAC,Apidra 100units/ml inj 3ml pre-filled OptiSet pens,1.0,3.0,16.90002,201409,2014-09-01,originator,900.0
0601011A0BBADAC,NovoRapid FlexPen 100units/ml inj 3ml pre-filled pens,63756.0,461019.0,2603021.479099999,201410,2014-10-01,originator,138305700.0
0601011N0BFAEAL,Actrapid 100units/ml solution for injection 10ml vials,1001.0,3006.0,20748.36524000001,201410,2014-10-01,human soluble,3006000.0
0601011R0BBABAB,Humulin R 500units/ml solution for injection 20ml vials,52.0,102.0,39007.226299999995,201410,2014-10-01,human soluble,1020000.0
0601011A0BBAFAD,NovoRapid PumpCart 100units/ml inj 1.6ml cartridges,14.0,130.0,362.23841999999996,201410,2014-10-01,originator,20800.0
0601011A0AAACAC,Insulin aspart 100units/ml inj 3ml pf dispos dev,484.0,3851.0,21742.60901000002,201410,2014-10-01,generic analogue,1155300.0
0601011N0AAACAC,Insulin soluble porcine 100units/ml inj 10ml vials,4.0,17.0,395.14348,201410,2014-10-01,human soluble,17000.0
0601011L0BBAGAF,Humalog KwikPen 100units/ml inj 3ml pre-filled pens,10301.0,74454.0,404732.27012000006,201410,2014-10-01,originator,22336200.0
0601011P0BBAAAA,Apidra 100units/ml solution for injection 10ml vials,530.0,1875.0,27673.628429999997,201410,2014-10-01,originator,1875000.0
0601011N0BCAAAA,Hypurin Bovine Neutral 100units/ml inj 10ml vials,204.0,737.0,18843.63677,201410,2014-10-01,human soluble,737000.0
0601011P0AAAAAA,Insulin glulisine 100units/ml inj 10ml vials,76.0,290.0,4280.203910000001,201410,2014-10-01,generic analogue,290000.0
0601011L0AAACAC,Insulin lispro 100units/ml inj 3ml cartridges,1661.0,15338.0,80113.84417999997,201410,2014-10-01,generic analogue,4601400.0
0601011N0BHADAP,Humulin S 100units/ml solution for injection 3ml cartridges,2716.0,24467.0,86144.33708999993,201410,2014-10-01,human soluble,7340100.0
0601011A0BBAAAA,NovoRapid 100units/ml solution for injection 10ml vials,10529.0,38736.0,503120.41289000015,201410,2014-10-01,originator,38736000.0
0601011L0AAABAB,Insulin lispro 100units/ml solution for injection 10ml vials,794.0,3001.0,45870.32091000001,201410,2014-10-01,generic analogue,3001000.0
0601011P0AAABAB,Insulin glulisine 100units/ml inj 3ml cartridges,47.0,368.0,1925.1608099999996,201410,2014-10-01,generic analogue,110400.0
0601011N0AAAPAP,Insulin soluble human 100units/ml inj 3ml cartridges,2.0,6.0,20.94931,201410,2014-10-01,human soluble,1800.0
0601011N0BCADAT,Hypurin Bovine Neutral 100units/ml inj 1.5ml cartridges,1.0,6.0,15.44949,201410,2014-10-01,human soluble,900.0
0601011P0BBADAB,Apidra 100units/ml inj 3ml OptiClik cartridges,1.0,5.0,27.92905,201410,2014-10-01,originator,1500.0
0601011N0BHAAAG,Humulin S 100units/ml solution for injection 10ml vials,395.0,1237.0,17892.774519999995,201410,2014-10-01,human soluble,1237000.0
0601011L0AAAFAF,Insulin lispro 100units/ml inj 3ml pf dispos dev,397.0,2875.0,15630.395820000005,201410,2014-10-01,generic analogue,862500.0
0601011L0BBACAC,Humalog 100units/ml solution for injection 3ml cartridges,17656.0,155007.0,809766.5669700003,201410,2014-10-01,originator,46502100.0
0601011A0AAABAB,Insulin aspart 100units/ml inj 3ml cartridges,1235.0,11526.0,60203.20173,201410,2014-10-01,generic analogue,3457800.0
0601011N0BKABAP,Insuman Rapid 100units/ml inj 3ml cartridges,258.0,1996.0,6446.547060000001,201410,2014-10-01,human soluble,598800.0
0601011P0BBAEAC,Apidra 100units/ml inj 3ml pre-filled SoloStar pens,4781.0,32122.0,167751.66654,201410,2014-10-01,originator,9636600.0
0601011N0BCAHAZ,Hypurin Porcine Neutral 100units/ml inj 3ml cartridges,366.0,3090.0,21551.29111000001,201410,2014-10-01,human soluble,927000.0
0601011P0AAACAC,Insulin glulisine 100units/ml inj 3ml pf dispos dev,150.0,992.0,5182.153749999999,201410,2014-10-01,generic analogue,297600.0
0601011A0BBABAB,NovoRapid Penfill 100units/ml inj 3ml cartridges,54741.0,466114.0,2434654.697310002,201410,2014-10-01,originator,139834200.0
0601011N0BCAEAC,Hypurin Porcine Neutral 100units/ml inj 10ml vials,333.0,1077.0,25034.191100000007,201410,2014-10-01,human soluble,1077000.0
0601011N0AAAAAA,Insulin soluble bovine 100units/ml inj 10ml vials,4.0,10.0,255.69859,201410,2014-10-01,human soluble,10000.0
0601011N0BCAGAY,Hypurin Bovine Neutral 100units/ml inj 3ml cartridges,62.0,591.0,4533.40512,201410,2014-10-01,human soluble,177300.0
0601011N0AAALAL,Insulin soluble human 100units/ml inj 10ml vials,4.0,9.0,92.38573,201410,2014-10-01,human soluble,9000.0
0601011R0AAADAD,Insulin human 100units/ml solution for injection 10ml vials,1.0,2.0,32.29131,201410,2014-10-01,human soluble,2000.0
0601011P0BBACAC,Apidra 100units/ml inj 3ml pre-filled OptiSet pens,1.0,5.0,27.92905,201410,2014-10-01,originator,1500.0
0601011L0BBAFAF,Humalog Pen 100units/ml inj 3ml pre-filled pens,19.0,160.0,869.6262599999999,201410,2014-10-01,originator,48000.0
0601011A0BBAEAC,NovoRapid FlexTouch 100units/ml inj 3ml pre-filled pens,1514.0,11391.0,67530.46900999997,201410,2014-10-01,originator,3417300.0
0601011A0AAAAAA,Insulin aspart 100units/ml solution for injection 10ml vials,507.0,2014.0,26158.69820999999,201410,2014-10-01,generic analogue,2014000.0
0601011L0BBABAB,Humalog 100units/ml solution for injection 10ml vials,3138.0,11605.0,177808.34682000004,201410,2014-10-01,originator,11605000.0
0601011P0BBABAB,Apidra 100units/ml solution for injection 3ml cartridges,703.0,5496.0,28698.979980000004,201410,2014-10-01,originator,1648800.0
0601011N0AAAZAZ,Insulin soluble porcine 100units/ml inj 3ml cartridges,3.0,35.0,244.06579,201410,2014-10-01,human soluble,10500.0
0601011N0BCAEAC,Hypurin Porcine Neutral 100units/ml inj 10ml vials,301.0,862.0,20069.35789,201411,2014-11-01,human soluble,862000.0
0601011N0AAAAAA,Insulin soluble bovine 100units/ml inj 10ml vials,3.0,5.0,128.06754999999998,201411,2014-11-01,human soluble,5000.0
0601011L0BBAFAF,Humalog Pen 100units/ml inj 3ml pre-filled pens,12.0,85.0,462.77625999999987,201411,2014-11-01,originator,25500.0
0601011A0AAADAD,Insulin aspart 100units/ml inj 1.6ml cartridges,3.0,40.0,111.61259,201411,2014-11-01,generic analogue,6400.0
0601011P0BBACAC,Apidra 100units/ml inj 3ml pre-filled OptiSet pens,1.0,3.0,16.88752,201411,2014-11-01,originator,900.0
0601011N0BCAGAY,Hypurin Bovine Neutral 100units/ml inj 3ml cartridges,51.0,496.0,3810.8328999999994,201411,2014-11-01,human soluble,148800.0
0601011N0AAALAL,Insulin soluble human 100units/ml inj 10ml vials,1.0,4.0,27.6507,201411,2014-11-01,human soluble,4000.0
0601011A0BBAEAC,NovoRapid FlexTouch 100units/ml inj 3ml pre-filled pens,1412.0,10778.0,63998.679520000005,201411,2014-11-01,originator,3233400.0
0601011A0AAAAAA,Insulin aspart 100units/ml solution for injection 10ml vials,436.0,1726.0,22454.171680000014,201411,2014-11-01,generic analogue,1726000.0
0601011A0BBAAAA,NovoRapid 100units/ml solution for injection 10ml vials,9605.0,35479.0,461597.85042999976,201411,2014-11-01,originator,35479000.0
0601011L0AAABAB,Insulin lispro 100units/ml solution for injection 10ml vials,779.0,2940.0,45118.735929999966,201411,2014-11-01,generic analogue,2940000.0
0601011P0AAABAB,Insulin glulisine 100units/ml inj 3ml cartridges,46.0,415.0,2173.9826799999996,201411,2014-11-01,generic analogue,124500.0
0601011N0AAAPAP,Insulin soluble human 100units/ml inj 3ml cartridges,3.0,15.0,51.45257,201411,2014-11-01,human soluble,4500.0
0601011N0AAAZAZ,Insulin soluble porcine 100units/ml inj 3ml cartridges,2.0,35.0,244.44638999999998,201411,2014-11-01,human soluble,10500.0
0601011L0BBABAB,Humalog 100units/ml solution for injection 10ml vials,2952.0,10693.0,164071.85990999994,201411,2014-11-01,originator,10693000.0
0601011P0BBABAB,Apidra 100units/ml solution for injection 3ml cartridges,653.0,5248.0,27446.42805,201411,2014-11-01,originator,1574400.0
0601011L0BBAGAF,Humalog KwikPen 100units/ml inj 3ml pre-filled pens,9560.0,68634.0,373697.48842999997,201411,2014-11-01,originator,20590200.0
0601011P0AAAAAA,Insulin glulisine 100units/ml inj 10ml vials,81.0,299.0,4420.16409,201411,2014-11-01,generic analogue,299000.0
0601011N0BCAAAA,Hypurin Bovine Neutral 100units/ml inj 10ml vials,182.0,694.0,17772.647479999996,201411,2014-11-01,human soluble,694000.0
0601011P0BBAAAA,Apidra 100units/ml solution for injection 10ml vials,472.0,1645.0,24318.13136,201411,2014-11-01,originator,1645000.0
0601011N0BHADAP,Humulin S 100units/ml solution for injection 3ml cartridges,2466.0,22034.0,77703.06063000007,201411,2014-11-01,human soluble,6610200.0
0601011L0AAACAC,Insulin lispro 100units/ml inj 3ml cartridges,1431.0,12938.0,67687.62629,201411,2014-11-01,generic analogue,3881400.0
0601011L0BBACAC,Humalog 100units/ml solution for injection 3ml cartridges,15936.0,140631.0,735855.2023200002,201411,2014-11-01,originator,42189300.0
0601011A0AAABAB,Insulin aspart 100units/ml inj 3ml cartridges,1147.0,10371.0,54258.533620000024,201411,2014-11-01,generic analogue,3111300.0
0601011N0BKABAP,Insuman Rapid 100units/ml inj 3ml cartridges,222.0,1738.0,5621.864000000002,201411,2014-11-01,human soluble,521400.0
0601011N0BHAAAG,Humulin S 100units/ml solution for injection 10ml vials,347.0,1070.0,15502.18247,201411,2014-11-01,human soluble,1070000.0
0601011L0AAAFAF,Insulin lispro 100units/ml inj 3ml pf dispos dev,311.0,2357.0,12833.712060000013,201411,2014-11-01,generic analogue,707100.0
0601011A0BBABAB,NovoRapid Penfill 100units/ml inj 3ml cartridges,50415.0,431007.0,2254884.93181,201411,2014-11-01,originator,129302100.0
0601011P0BBAEAC,Apidra 100units/ml inj 3ml pre-filled SoloStar pens,4364.0,29194.0,152706.5257,201411,2014-11-01,originator,8758200.0
0601011P0AAACAC,Insulin glulisine 100units/ml inj 3ml pf dispos dev,156.0,951.0,4975.162779999997,201411,2014-11-01,generic analogue,285300.0
0601011N0BCAHAZ,Hypurin Porcine Neutral 100units/ml inj 3ml cartridges,358.0,3158.0,22061.25251000001,201411,2014-11-01,human soluble,947400.0
0601011A0BBADAC,NovoRapid FlexPen 100units/ml inj 3ml pre-filled pens,58700.0,425177.0,2404505.08349,201411,2014-11-01,originator,127553100.0
0601011N0BFAEAL,Actrapid 100units/ml solution for injection 10ml vials,928.0,2668.0,18445.60656,201411,2014-11-01,human soluble,2668000.0
0601011A0AAACAC,Insulin aspart 100units/ml inj 3ml pf dispos dev,419.0,3219.0,18205.80769,201411,2014-11-01,generic analogue,965700.0
0601011A0BBAFAD,NovoRapid PumpCart 100units/ml inj 1.6ml cartridges,208.0,2023.0,5647.994979999998,201411,2014-11-01,originator,323680.0
0601011R0BBABAB,Humulin R 500units/ml solution for injection 20ml vials,35.0,78.0,28990.180510000002,201411,2014-11-01,human soluble,780000.0
0601011L0BBABAB,Humalog 100units/ml solution for injection 10ml vials,3494.0,13073.0,200449.47986999992,201412,2014-12-01,originator,13073000.0
0601011P0BBABAB,Apidra 100units/ml solution for injection 3ml cartridges,787.0,6357.0,33218.046460000005,201412,2014-12-01,originator,1907100.0
0601011L0BBAFAF,Humalog Pen 100units/ml inj 3ml pre-filled pens,15.0,120.0,652.74354,201412,2014-12-01,originator,36000.0
0601011A0AAADAD,Insulin aspart 100units/ml inj 1.6ml cartridges,6.0,75.0,209.10854999999998,201412,2014-12-01,generic analogue,12000.0
0601011A0BBAEAC,NovoRapid FlexTouch 100units/ml inj 3ml pre-filled pens,1595.0,11839.0,70237.28128,201412,2014-12-01,originator,3551700.0
0601011A0AAAAAA,Insulin aspart 100units/ml solution for injection 10ml vials,536.0,2009.0,26113.380419999994,201412,2014-12-01,generic analogue,2009000.0
0601011N0BHADAP,Humulin S 100units/ml solution for injection 3ml cartridges,2855.0,25778.0,90826.59892999998,201412,2014-12-01,human soluble,7733400.0
0601011L0AAACAC,Insulin lispro 100units/ml inj 3ml cartridges,1673.0,15736.0,82252.6885,201412,2014-12-01,generic analogue,4720800.0
0601011N0BCAEAC,Hypurin Porcine Neutral 100units/ml inj 10ml vials,370.0,1191.0,27703.054170000018,201412,2014-12-01,human soluble,1191000.0
0601011N0AAAAAA,Insulin soluble bovine 100units/ml inj 10ml vials,4.0,14.0,358.22528,201412,2014-12-01,human soluble,14000.0
0601011A0BBADAC,NovoRapid FlexPen 100units/ml inj 3ml pre-filled pens,68530.0,496421.0,2804985.65442,201412,2014-12-01,originator,148926300.0
0601011N0BFAEAL,Actrapid 100units/ml solution for injection 10ml vials,1020.0,3074.0,21233.48629000001,201412,2014-12-01,human soluble,3074000.0
0601011A0BBAFAD,NovoRapid PumpCart 100units/ml inj 1.6ml cartridges,537.0,5832.0,16263.561719999996,201412,2014-12-01,originator,933120.0
0601011A0AAACAC,Insulin aspart 100units/ml inj 3ml pf dispos dev,503.0,3957.0,22364.340090000016,201412,2014-12-01,generic analogue,1187100.0
0601011R0BBABAB,Humulin R 500units/ml solution for injection 20ml vials,37.0,65.0,26467.59909,201412,2014-12-01,human soluble,650000.0
0601011N0AAACAC,Insulin soluble porcine 100units/ml inj 10ml vials,2.0,7.0,162.83192,201412,2014-12-01,human soluble,7000.0
0601011N0BHAAAG,Humulin S 100units/ml solution for injection 10ml vials,429.0,1290.0,18673.572079999994,201412,2014-12-01,human soluble,1290000.0
0601011L0AAAFAF,Insulin lispro 100units/ml inj 3ml pf dispos dev,356.0,2669.0,14520.570920000006,201412,2014-12-01,generic analogue,800700.0
0601011P0BBAEAC,Apidra 100units/ml inj 3ml pre-filled SoloStar pens,5249.0,34996.0,182899.3506600001,201412,2014-12-01,originator,10498800.0
0601011N0BCAHAZ,Hypurin Porcine Neutral 100units/ml inj 3ml cartridges,397.0,3667.0,25593.952669999966,201412,2014-12-01,human soluble,1100100.0
0601011P0AAACAC,Insulin glulisine 100units/ml inj 3ml pf dispos dev,182.0,1158.0,6054.0009199999995,201412,2014-12-01,generic analogue,347400.0
0601011A0BBABAB,NovoRapid Penfill 100units/ml inj 3ml cartridges,59473.0,512267.0,2677707.4519699994,201412,2014-12-01,originator,153680100.0
0601011L0BBACAC,Humalog 100units/ml solution for injection 3ml cartridges,19055.0,169014.0,883460.3925399997,201412,2014-12-01,originator,50704200.0
0601011A0AAABAB,Insulin aspart 100units/ml inj 3ml cartridges,1334.0,12165.0,63588.59302000001,201412,2014-12-01,generic analogue,3649500.0
0601011N0BKABAP,Insuman Rapid 100units/ml inj 3ml cartridges,263.0,2110.0,6819.4338,201412,2014-12-01,human soluble,633000.0
0601011L0BBAGAF,Humalog KwikPen 100units/ml inj 3ml pre-filled pens,11064.0,79776.0,433985.4856500002,201412,2014-12-01,originator,23932800.0
0601011P0BBAAAA,Apidra 100units/ml solution for injection 10ml vials,544.0,1991.0,29407.220169999993,201412,2014-12-01,originator,1991000.0
0601011P0AAAAAA,Insulin glulisine 100units/ml inj 10ml vials,97.0,381.0,5627.450150000001,201412,2014-12-01,generic analogue,381000.0
0601011N0BCAAAA,Hypurin Bovine Neutral 100units/ml inj 10ml vials,180.0,640.0,16375.791000000003,201412,2014-12-01,human soluble,640000.0
0601011N0BCAGAY,Hypurin Bovine Neutral 100units/ml inj 3ml cartridges,73.0,641.0,4920.683459999998,201412,2014-12-01,human soluble,192300.0
0601011N0AAALAL,Insulin soluble human 100units/ml inj 10ml vials,5.0,18.0,147.03142,201412,2014-12-01,human soluble,18000.0
0601011P0BBACAC,Apidra 100units/ml inj 3ml pre-filled OptiSet pens,1.0,5.0,27.94988,201412,2014-12-01,originator,1500.0
0601011A0BBAAAA,NovoRapid 100units/ml solution for injection 10ml vials,11335.0,42132.0,547631.9947000002,201412,2014-12-01,originator,42132000.0
0601011L0AAABAB,Insulin lispro 100units/ml solution for injection 10ml vials,855.0,3289.0,50430.97753999997,201412,2014-12-01,generic analogue,3289000.0
0601011P0AAABAB,Insulin glulisine 100units/ml inj 3ml cartridges,59.0,470.0,2466.853359999999,201412,2014-12-01,generic analogue,141000.0
0601011N0AAAPAP,Insulin soluble human 100units/ml inj 3ml cartridges,4.0,26.0,91.61159,201412,2014-12-01,human soluble,7800.0
0601011A0BBAEAC,NovoRapid FlexTouch 100units/ml inj 3ml pre-filled pens,1509.0,11349.0,67475.22565999998,201501,2015-01-01,originator,3404700.0
0601011A0AAAAAA,Insulin aspart 100units/ml solution for injection 10ml vials,468.0,1990.0,25920.828070000018,201501,2015-01-01,generic analogue,1990000.0
0601011N0AAAZAZ,Insulin soluble porcine 100units/ml inj 3ml cartridges,1.0,15.0,104.89673,201501,2015-01-01,human soluble,4500.0
0601011P0BBAEAC,Apidra 100units/ml inj 3ml pre-filled SoloStar pens,4696.0,31908.0,167119.43114999993,201501,2015-01-01,originator,9572400.0
0601011P0AAACAC,Insulin glulisine 100units/ml inj 3ml pf dispos dev,159.0,1112.0,5824.2430200000035,201501,2015-01-01,generic analogue,333600.0
0601011N0BCAHAZ,Hypurin Porcine Neutral 100units/ml inj 3ml cartridges,356.0,2914.0,20383.821150000018,201501,2015-01-01,human soluble,874200.0
0601011L0BBACAC,Humalog 100units/ml solution for injection 3ml cartridges,16458.0,143728.0,753048.1059699995,201501,2015-01-01,originator,43118400.0
0601011A0AAABAB,Insulin aspart 100units/ml inj 3ml cartridges,1165.0,10741.0,56264.50006000003,201501,2015-01-01,generic analogue,3222300.0
0601011N0BKABAP,Insuman Rapid 100units/ml inj 3ml cartridges,226.0,1842.0,5965.659020000001,201501,2015-01-01,human soluble,552600.0
0601011L0AAACAC,Insulin lispro 100units/ml inj 3ml cartridges,1476.0,13283.0,69579.94511999999,201501,2015-01-01,generic analogue,3984900.0
0601011N0BHADAP,Humulin S 100units/ml solution for injection 3ml cartridges,2548.0,23227.0,82012.39966,201501,2015-01-01,human soluble,6968100.0
0601011L0BBAFAF,Humalog Pen 100units/ml inj 3ml pre-filled pens,13.0,100.0,545.1157900000001,201501,2015-01-01,originator,30000.0
0601011A0AAADAD,Insulin aspart 100units/ml inj 1.6ml cartridges,5.0,55.0,153.67648,201501,2015-01-01,generic analogue,8800.0
0601011N0BFAQAP,Actrapid Penfill 100units/ml inj 3ml cartridges,1.0,1.0,3.83052,201501,2015-01-01,human soluble,300.0
0601011A0BBAAAA,NovoRapid 100units/ml solution for injection 10ml vials,10031.0,37564.0,489299.51392999984,201501,2015-01-01,originator,37564000.0
0601011P0AAABAB,Insulin glulisine 100units/ml inj 3ml cartridges,54.0,415.0,2191.389370000001,201501,2015-01-01,generic analogue,124500.0
0601011L0AAABAB,Insulin lispro 100units/ml solution for injection 10ml vials,753.0,2728.0,41918.43742000001,201501,2015-01-01,generic analogue,2728000.0
0601011N0AAAPAP,Insulin soluble human 100units/ml inj 3ml cartridges,3.0,25.0,85.35052,201501,2015-01-01,human soluble,7500.0
0601011L0BBAGAF,Humalog KwikPen 100units/ml inj 3ml pre-filled pens,10018.0,72312.0,394216.7188199999,201501,2015-01-01,originator,21693600.0
0601011P0BBAAAA,Apidra 100units/ml solution for injection 10ml vials,495.0,1765.0,26124.773950000003,201501,2015-01-01,originator,1765000.0
0601011P0AAAAAA,Insulin glulisine 100units/ml inj 10ml vials,84.0,299.0,4425.7790300000015,201501,2015-01-01,generic analogue,299000.0
0601011N0BCAAAA,Hypurin Bovine Neutral 100units/ml inj 10ml vials,185.0,655.0,16795.304279999982,201501,2015-01-01,human soluble,655000.0
0601011R0BBAAAD,Humulin R 100units/ml solution for injection 10ml vials,1.0,2.0,791.54688,201501,2015-01-01,human soluble,2000.0
0601011N0BCAGAY,Hypurin Bovine Neutral 100units/ml inj 3ml cartridges,55.0,520.0,4000.19684,201501,2015-01-01,human soluble,156000.0
0601011N0AAALAL,Insulin soluble human 100units/ml inj 10ml vials,6.0,25.0,195.78447,201501,2015-01-01,human soluble,25000.0
0601011P0BBACAC,Apidra 100units/ml inj 3ml pre-filled OptiSet pens,1.0,3.0,16.90869,201501,2015-01-01,originator,900.0
0601011A0BBABAB,NovoRapid Penfill 100units/ml inj 3ml cartridges,51735.0,440815.0,2309189.036140001,201501,2015-01-01,originator,132244500.0
0601011A0BBADAC,NovoRapid FlexPen 100units/ml inj 3ml pre-filled pens,62155.0,448811.0,2541374.98888,201501,2015-01-01,originator,134643300.0
0601011A0BBAFAD,NovoRapid PumpCart 100units/ml inj 1.6ml cartridges,572.0,6584.0,18401.108220000002,201501,2015-01-01,originator,1053440.0
0601011A0AAACAC,Insulin aspart 100units/ml inj 3ml pf dispos dev,444.0,3548.0,20089.977660000008,201501,2015-01-01,generic analogue,1064400.0
0601011N0BFAEAL,Actrapid 100units/ml solution for injection 10ml vials,920.0,2824.0,19547.84564,201501,2015-01-01,human soluble,2824000.0
0601011R0BBABAB,Humulin R 500units/ml solution for injection 20ml vials,44.0,100.0,42434.25445,201501,2015-01-01,human soluble,1000000.0
0601011N0AAACAC,Insulin soluble porcine 100units/ml inj 10ml vials,2.0,9.0,209.79345999999998,201501,2015-01-01,human soluble,9000.0
0601011L0BBABAB,Humalog 100units/ml solution for injection 10ml vials,3065.0,11334.0,174155.4277899999,201501,2015-01-01,originator,11334000.0
0601011P0BBABAB,Apidra 100units/ml solution for injection 3ml cartridges,689.0,5342.0,27974.906440000013,201501,2015-01-01,originator,1602600.0
0601011L0AAAFAF,Insulin lispro 100units/ml inj 3ml pf dispos dev,303.0,2221.0,12108.956259999988,201501,2015-01-01,generic analogue,666300.0
0601011N0BHAAAG,Humulin S 100units/ml solution for injection 10ml vials,373.0,1035.0,15014.45265999999,201501,2015-01-01,human soluble,1035000.0
0601011N0BCAEAC,Hypurin Porcine Neutral 100units/ml inj 10ml vials,285.0,850.0,19814.721289999994,201501,2015-01-01,human soluble,850000.0
0601011N0AAAAAA,Insulin soluble bovine 100units/ml inj 10ml vials,2.0,5.0,128.21676,201501,2015-01-01,human soluble,5000.0
0601011N0BCAGAY,Hypurin Bovine Neutral 100units/ml inj 3ml cartridges,53.0,588.0,4527.012760000001,201502,2015-02-01,human soluble,176400.0
0601011N0AAALAL,Insulin soluble human 100units/ml inj 10ml vials,5.0,17.0,163.31287999999998,201502,2015-02-01,human soluble,17000.0
0601011P0BBACAC,Apidra 100units/ml inj 3ml pre-filled OptiSet pens,1.0,3.0,16.92254,201502,2015-02-01,originator,900.0
0601011L0AAACAC,Insulin lispro 100units/ml inj 3ml cartridges,1386.0,12920.0,67733.85395,201502,2015-02-01,generic analogue,3876000.0
0601011N0BHADAP,Humulin S 100units/ml solution for injection 3ml cartridges,2322.0,20345.0,71898.6728,201502,2015-02-01,human soluble,6103500.0
0601011A0BBAEAC,NovoRapid FlexTouch 100units/ml inj 3ml pre-filled pens,1363.0,10124.0,60329.60723,201502,2015-02-01,originator,3037200.0
0601011A0AAAAAA,Insulin aspart 100units/ml solution for injection 10ml vials,424.0,1732.0,22579.049369999975,201502,2015-02-01,generic analogue,1732000.0
0601011A0BBADAC,NovoRapid FlexPen 100units/ml inj 3ml pre-filled pens,57542.0,415224.0,2353281.9590700013,201502,2015-02-01,originator,124567200.0
0601011A0AAACAC,Insulin aspart 100units/ml inj 3ml pf dispos dev,430.0,3294.0,18675.6241,201502,2015-02-01,generic analogue,988200.0
0601011A0BBAFAD,NovoRapid PumpCart 100units/ml inj 1.6ml cartridges,1007.0,11857.0,33163.79140999999,201502,2015-02-01,originator,1897120.0
0601011N0BFAEAL,Actrapid 100units/ml solution for injection 10ml vials,814.0,2432.0,16848.52957999999,201502,2015-02-01,human soluble,2432000.0
0601011R0BBABAB,Humulin R 500units/ml solution for injection 20ml vials,39.0,79.0,28533.494560000003,201502,2015-02-01,human soluble,790000.0
0601011N0BHAAAG,Humulin S 100units/ml solution for injection 10ml vials,330.0,964.0,13995.827500000007,201502,2015-02-01,human soluble,964000.0
0601011L0AAAFAF,Insulin lispro 100units/ml inj 3ml pf dispos dev,322.0,2581.0,14083.52585,201502,2015-02-01,generic analogue,774300.0
0601011L0BBAGAF,Humalog KwikPen 100units/ml inj 3ml pre-filled pens,9357.0,66660.0,363767.7755600001,201502,2015-02-01,originator,19998000.0
0601011P0BBAAAA,Apidra 100units/ml solution for injection 10ml vials,485.0,1752.0,25953.766270000004,201502,2015-02-01,originator,1752000.0
0601011P0AAAAAA,Insulin glulisine 100units/ml inj 10ml vials,70.0,239.0,3540.5989200000004,201502,2015-02-01,generic analogue,239000.0
0601011N0BCAAAA,Hypurin Bovine Neutral 100units/ml inj 10ml vials,173.0,682.0,17501.781109999996,201502,2015-02-01,human soluble,682000.0
0601011A0AAADAD,Insulin aspart 100units/ml inj 1.6ml cartridges,13.0,191.0,534.2928099999999,201502,2015-02-01,generic analogue,30560.0
0601011L0BBAFAF,Humalog Pen 100units/ml inj 3ml pre-filled pens,7.0,60.0,327.31668,201502,2015-02-01,originator,18000.0
0601011A0BBABAB,NovoRapid Penfill 100units/ml inj 3ml cartridges,48749.0,415493.0,2178299.9707899997,201502,2015-02-01,originator,124647900.0
0601011L0BBABAB,Humalog 100units/ml solution for injection 10ml vials,2811.0,10437.0,160504.26083999992,201502,2015-02-01,originator,10437000.0
0601011P0BBABAB,Apidra 100units/ml solution for injection 3ml cartridges,668.0,5060.0,26519.559120000027,201502,2015-02-01,originator,1518000.0
0601011L0BBACAC,Humalog 100units/ml solution for injection 3ml cartridges,15599.0,136779.0,717132.2103099996,201502,2015-02-01,originator,41033700.0
0601011A0AAABAB,Insulin aspart 100units/ml inj 3ml cartridges,1037.0,9247.0,48479.00694999998,201502,2015-02-01,generic analogue,2774100.0
0601011N0BKABAP,Insuman Rapid 100units/ml inj 3ml cartridges,228.0,1747.0,5663.328159999998,201502,2015-02-01,human soluble,524100.0
0601011R0BDAAAC,Insuman Infusat 100units/ml inj 3.15ml cartridges,1.0,10.0,909.44453,201502,2015-02-01,human soluble,3150.0
0601011A0BBAAAA,NovoRapid 100units/ml solution for injection 10ml vials,9231.0,34593.0,450970.93522000004,201502,2015-02-01,originator,34593000.0
0601011L0AAABAB,Insulin lispro 100units/ml solution for injection 10ml vials,712.0,2648.0,40722.52367999997,201502,2015-02-01,generic analogue,2648000.0
0601011P0AAABAB,Insulin glulisine 100units/ml inj 3ml cartridges,55.0,395.0,2082.963590000001,201502,2015-02-01,generic analogue,118500.0
0601011N0AAAPAP,Insulin soluble human 100units/ml inj 3ml cartridges,5.0,42.0,141.31535,201502,2015-02-01,human soluble,12600.0
0601011P0BBADAB,Apidra 100units/ml inj 3ml OptiClik cartridges,1.0,5.0,28.03238,201502,2015-02-01,originator,1500.0
0601011P0BBAEAC,Apidra 100units/ml inj 3ml pre-filled SoloStar pens,4386.0,29775.0,156072.21926999989,201502,2015-02-01,originator,8932500.0
0601011N0BCAHAZ,Hypurin Porcine Neutral 100units/ml inj 3ml cartridges,333.0,2890.0,20231.453299999994,201502,2015-02-01,human soluble,867000.0
0601011P0AAACAC,Insulin glulisine 100units/ml inj 3ml pf dispos dev,152.0,1048.0,5493.253020000004,201502,2015-02-01,generic analogue,314400.0
0601011N0AAAZAZ,Insulin soluble porcine 100units/ml inj 3ml cartridges,2.0,20.0,139.98585,201502,2015-02-01,human soluble,6000.0
0601011N0BCAEAC,Hypurin Porcine Neutral 100units/ml inj 10ml vials,287.0,959.0,22373.80179000001,201502,2015-02-01,human soluble,959000.0
0601011A0AAADAD,Insulin aspart 100units/ml inj 1.6ml cartridges,11.0,92.0,257.16098999999997,201503,2015-03-01,generic analogue,14720.0
0601011L0BBAFAF,Humalog Pen 100units/ml inj 3ml pre-filled pens,16.0,100.0,545.03185,201503,2015-03-01,originator,30000.0
0601011L0BBABAB,Humalog 100units/ml solution for injection 10ml vials,3078.0,11499.0,176655.21053999997,201503,2015-03-01,originator,11499000.0
0601011P0BBABAB,Apidra 100units/ml solution for injection 3ml cartridges,732.0,5659.0,29629.142610000017,201503,2015-03-01,originator,1697700.0
0601011N0BCAEAC,Hypurin Porcine Neutral 100units/ml inj 10ml vials,313.0,1041.0,24262.02298,201503,2015-03-01,human soluble,1041000.0
0601011N0AAAAAA,Insulin soluble bovine 100units/ml inj 10ml vials,2.0,3.0,76.92464,201503,2015-03-01,human soluble,3000.0
0601011N0BCAGAY,Hypurin Bovine Neutral 100units/ml inj 3ml cartridges,63.0,565.0,4345.535029999999,201503,2015-03-01,human soluble,169500.0
0601011P0BBACAC,Apidra 100units/ml inj 3ml pre-filled OptiSet pens,1.0,5.0,28.00372,201503,2015-03-01,originator,1500.0
0601011N0AAALAL,Insulin soluble human 100units/ml inj 10ml vials,6.0,22.0,250.82188000000002,201503,2015-03-01,human soluble,22000.0
0601011N0AAAMAM,Insulin soluble human 100units/ml inj 3ml pf dispos dev,1.0,5.0,18.38661,201503,2015-03-01,human soluble,1500.0
0601011A0BBAEAC,NovoRapid FlexTouch 100units/ml inj 3ml pre-filled pens,1561.0,11746.0,69819.33973999997,201503,2015-03-01,originator,3523800.0
0601011A0AAAAAA,Insulin aspart 100units/ml solution for injection 10ml vials,456.0,1834.0,23884.390449999995,201503,2015-03-01,generic analogue,1834000.0
0601011A0BBAAAA,NovoRapid 100units/ml solution for injection 10ml vials,10320.0,38192.0,497379.1049800002,201503,2015-03-01,originator,38192000.0
0601011L0AAABAB,Insulin lispro 100units/ml solution for injection 10ml vials,765.0,2835.0,43553.76898,201503,2015-03-01,generic analogue,2835000.0
0601011P0AAABAB,Insulin glulisine 100units/ml inj 3ml cartridges,53.0,480.0,2516.5838300000005,201503,2015-03-01,generic analogue,144000.0
0601011N0AAAPAP,Insulin soluble human 100units/ml inj 3ml cartridges,6.0,50.0,175.05018,201503,2015-03-01,human soluble,15000.0
0601011L0BBAGAF,Humalog KwikPen 100units/ml inj 3ml pre-filled pens,10405.0,75069.0,409195.0926800003,201503,2015-03-01,originator,22520700.0
0601011P0BBAAAA,Apidra 100units/ml solution for injection 10ml vials,471.0,1593.0,23574.545189999997,201503,2015-03-01,originator,1593000.0
0601011P0AAAAAA,Insulin glulisine 100units/ml inj 10ml vials,73.0,280.0,4143.632400000001,201503,2015-03-01,generic analogue,280000.0
0601011N0BCAAAA,Hypurin Bovine Neutral 100units/ml inj 10ml vials,185.0,632.0,16202.339719999985,201503,2015-03-01,human soluble,632000.0
0601011R0BBAAAD,Humulin R 100units/ml solution for injection 10ml vials,1.0,2.0,705.83377,201503,2015-03-01,human soluble,2000.0
0601011N0BHADAP,Humulin S 100units/ml solution for injection 3ml cartridges,2632.0,23530.0,83067.31039000003,201503,2015-03-01,human soluble,7059000.0
0601011L0AAACAC,Insulin lispro 100units/ml inj 3ml cartridges,1567.0,14053.0,73599.91896999998,201503,2015-03-01,generic analogue,4215900.0
0601011L0BBACAC,Humalog 100units/ml solution for injection 3ml cartridges,17270.0,151804.0,795037.5907200001,201503,2015-03-01,originator,45541200.0
0601011N0BKABAP,Insuman Rapid 100units/ml inj 3ml cartridges,258.0,1987.0,6434.901399999996,201503,2015-03-01,human soluble,596100.0
0601011A0AAABAB,Insulin aspart 100units/ml inj 3ml cartridges,1213.0,10698.0,56029.217590000015,201503,2015-03-01,generic analogue,3209400.0
0601011N0BHAAAG,Humulin S 100units/ml solution for injection 10ml vials,371.0,1090.0,15808.938630000002,201503,2015-03-01,human soluble,1090000.0
0601011L0AAAFAF,Insulin lispro 100units/ml inj 3ml pf dispos dev,347.0,2493.0,13589.042489999987,201503,2015-03-01,generic analogue,747900.0
0601011P0BBAEAC,Apidra 100units/ml inj 3ml pre-filled SoloStar pens,4921.0,33104.0,173343.08958000006,201503,2015-03-01,originator,9931200.0
0601011N0BCAHAZ,Hypurin Porcine Neutral 100units/ml inj 3ml cartridges,360.0,3079.0,21531.466990000015,201503,2015-03-01,human soluble,923700.0
0601011P0AAACAC,Insulin glulisine 100units/ml inj 3ml pf dispos dev,162.0,1096.0,5741.0106200000055,201503,2015-03-01,generic analogue,328800.0
0601011A0BBABAB,NovoRapid Penfill 100units/ml inj 3ml cartridges,54061.0,462231.0,2420850.6587700006,201503,2015-03-01,originator,138669300.0
0601011A0BBADAC,NovoRapid FlexPen 100units/ml inj 3ml pre-filled pens,63868.0,460409.0,2606586.466150001,201503,2015-03-01,originator,138122700.0
0601011N0BFAEAL,Actrapid 100units/ml solution for injection 10ml vials,937.0,2892.0,20014.56026999999,201503,2015-03-01,human soluble,2892000.0
0601011A0BBAFAD,NovoRapid PumpCart 100units/ml inj 1.6ml cartridges,1585.0,18647.0,52103.345240000024,201503,2015-03-01,originator,2983520.0
0601011A0AAACAC,Insulin aspart 100units/ml inj 3ml pf dispos dev,491.0,3844.0,21764.011950000004,201503,2015-03-01,generic analogue,1153200.0
0601011R0BBABAB,Humulin R 500units/ml solution for injection 20ml vials,29.0,47.0,26161.992560000002,201503,2015-03-01,human soluble,470000.0
0601011N0AAACAC,Insulin soluble porcine 100units/ml inj 10ml vials,2.0,3.0,69.93374,201503,2015-03-01,human soluble,3000.0
0601011L0BBACAC,Humalog 100units/ml solution for injection 3ml cartridges,16631.0,145328.0,761284.8564499997,201504,2015-04-01,originator,43598400.0
0601011A0AAABAB,Insulin aspart 100units/ml inj 3ml cartridges,1205.0,10763.0,56375.73133,201504,2015-04-01,generic analogue,3228900.0
0601011N0BKABAP,Insuman Rapid 100units/ml inj 3ml cartridges,254.0,1925.0,6234.892590000003,201504,2015-04-01,human soluble,577500.0
0601011R0BDAAAC,Insuman Infusat 100units/ml inj 3.15ml cartridges,1.0,10.0,908.61712,201504,2015-04-01,human soluble,3150.0
0601011N0BHADAP,Humulin S 100units/ml solution for injection 3ml cartridges,2549.0,22967.0,81088.98082000003,201504,2015-04-01,human soluble,6890100.0
0601011L0AAACAC,Insulin lispro 100units/ml inj 3ml cartridges,1498.0,13560.0,71053.23016,201504,2015-04-01,generic analogue,4068000.0
0601011A0BBAAAA,NovoRapid 100units/ml solution for injection 10ml vials,9929.0,37088.0,483054.99802999996,201504,2015-04-01,originator,37088000.0
0601011L0AAABAB,Insulin lispro 100units/ml solution for injection 10ml vials,747.0,2701.0,41516.52638000001,201504,2015-04-01,generic analogue,2701000.0
0601011P0AAABAB,Insulin glulisine 100units/ml inj 3ml cartridges,64.0,507.0,2665.7122699999995,201504,2015-04-01,generic analogue,152100.0
0601011N0AAAPAP,Insulin soluble human 100units/ml inj 3ml cartridges,4.0,40.0,139.75384,201504,2015-04-01,human soluble,12000.0
0601011P0BBAEAC,Apidra 100units/ml inj 3ml pre-filled SoloStar pens,4993.0,33389.0,174858.19068999993,201504,2015-04-01,originator,10016700.0
0601011P0AAACAC,Insulin glulisine 100units/ml inj 3ml pf dispos dev,164.0,1098.0,5750.83218,201504,2015-04-01,generic analogue,329400.0
0601011N0BCAHAZ,Hypurin Porcine Neutral 100units/ml inj 3ml cartridges,352.0,2954.0,20661.144679999998,201504,2015-04-01,human soluble,886200.0
0601011L0AAAFAF,Insulin lispro 100units/ml inj 3ml pf dispos dev,322.0,2372.0,12930.875630000002,201504,2015-04-01,generic analogue,711600.0
0601011N0BHAAAG,Humulin S 100units/ml solution for injection 10ml vials,352.0,1054.0,15288.497010000003,201504,2015-04-01,human soluble,1054000.0
0601011R0AAABAB,Insulin human 500units/ml solution for injection 20ml vials,2.0,4.0,1253.90411,201504,2015-04-01,human soluble,40000.0
0601011A0BBADAC,NovoRapid FlexPen 100units/ml inj 3ml pre-filled pens,63289.0,455818.0,2580949.566169998,201504,2015-04-01,originator,136745400.0
0601011N0BFAEAL,Actrapid 100units/ml solution for injection 10ml vials,881.0,2750.0,19033.855309999988,201504,2015-04-01,human soluble,2750000.0
0601011A0BBAFAD,NovoRapid PumpCart 100units/ml inj 1.6ml cartridges,1957.0,24170.0,67538.00078999999,201504,2015-04-01,originator,3867200.0
0601011A0AAACAC,Insulin aspart 100units/ml inj 3ml pf dispos dev,477.0,3762.0,21305.552959999975,201504,2015-04-01,generic analogue,1128600.0
0601011R0BBABAB,Humulin R 500units/ml solution for injection 20ml vials,38.0,86.0,36515.54612999999,201504,2015-04-01,human soluble,860000.0
0601011N0AAACAC,Insulin soluble porcine 100units/ml inj 10ml vials,3.0,11.0,256.39902,201504,2015-04-01,human soluble,11000.0
0601011L0BBAFAF,Humalog Pen 100units/ml inj 3ml pre-filled pens,14.0,112.0,610.5663999999999,201504,2015-04-01,originator,33600.0
0601011A0AAADAD,Insulin aspart 100units/ml inj 1.6ml cartridges,22.0,250.0,698.6793899999999,201504,2015-04-01,generic analogue,40000.0
0601011L0BBAHAG,Humalog KwikPen 200units/ml inj 3ml pre-filled pens,3.0,20.0,218.00024000000002,201504,2015-04-01,originator,12000.0
0601011L0AAAGAG,Insulin lispro 200units/ml inj 3ml pf dispos dev,1.0,5.0,54.50316,201504,2015-04-01,generic analogue,3000.0
0601011N0AAAZAZ,Insulin soluble porcine 100units/ml inj 3ml cartridges,2.0,45.0,314.65066,201504,2015-04-01,human soluble,13500.0
0601011N0BCAEAC,Hypurin Porcine Neutral 100units/ml inj 10ml vials,298.0,932.0,21721.43608,201504,2015-04-01,human soluble,932000.0
0601011N0AAAAAA,Insulin soluble bovine 100units/ml inj 10ml vials,2.0,3.0,76.93334,201504,2015-04-01,human soluble,3000.0
0601011A0AAAAAA,Insulin aspart 100units/ml solution for injection 10ml vials,443.0,1716.0,22350.389849999992,201504,2015-04-01,generic analogue,1716000.0
0601011A0BBAEAC,NovoRapid FlexTouch 100units/ml inj 3ml pre-filled pens,1586.0,11628.0,69128.21968999998,201504,2015-04-01,originator,3488400.0
0601011N0BCAGAY,Hypurin Bovine Neutral 100units/ml inj 3ml cartridges,49.0,539.0,4145.975149999998,201504,2015-04-01,human soluble,161700.0
0601011N0AAALAL,Insulin soluble human 100units/ml inj 10ml vials,4.0,21.0,221.15704,201504,2015-04-01,human soluble,21000.0
0601011P0BBACAC,Apidra 100units/ml inj 3ml pre-filled OptiSet pens,1.0,3.0,16.90724,201504,2015-04-01,originator,900.0
0601011L0BBABAB,Humalog 100units/ml solution for injection 10ml vials,2922.0,10938.0,168055.72012999994,201504,2015-04-01,originator,10938000.0
0601011P0BBABAB,Apidra 100units/ml solution for injection 3ml cartridges,716.0,5634.0,29529.10996999999,201504,2015-04-01,originator,1690200.0
0601011L0BBAGAF,Humalog KwikPen 100units/ml inj 3ml pre-filled pens,10395.0,74565.0,406638.1609,201504,2015-04-01,originator,22369500.0
0601011N0BCAAAA,Hypurin Bovine Neutral 100units/ml inj 10ml vials,182.0,692.0,17742.30822,201504,2015-04-01,human soluble,692000.0
0601011P0BBAAAA,Apidra 100units/ml solution for injection 10ml vials,477.0,1843.0,27276.60617000001,201504,2015-04-01,originator,1843000.0
0601011P0AAAAAA,Insulin glulisine 100units/ml inj 10ml vials,80.0,296.0,4380.956349999999,201504,2015-04-01,generic analogue,296000.0
0601011A0BBABAB,NovoRapid Penfill 100units/ml inj 3ml cartridges,52976.0,451072.0,2362693.4878099984,201504,2015-04-01,originator,135321600.0
0601011L0BBAHAG,Humalog KwikPen 200units/ml inj 3ml pre-filled pens,16.0,81.0,883.3876700000001,201505,2015-05-01,originator,48600.0
0601011N0AAAZAZ,Insulin soluble porcine 100units/ml inj 3ml cartridges,1.0,5.0,34.98489,201505,2015-05-01,human soluble,1500.0
0601011L0BBABAB,Humalog 100units/ml solution for injection 10ml vials,2950.0,10863.0,166987.49663999988,201505,2015-05-01,originator,10863000.0
0601011P0BBABAB,Apidra 100units/ml solution for injection 3ml cartridges,711.0,5721.0,30011.34573,201505,2015-05-01,originator,1716300.0
0601011N0BCAEAC,Hypurin Porcine Neutral 100units/ml inj 10ml vials,294.0,952.0,22196.21276,201505,2015-05-01,human soluble,952000.0
0601011N0AAAAAA,Insulin soluble bovine 100units/ml inj 10ml vials,3.0,10.0,256.50212999999997,201505,2015-05-01,human soluble,10000.0
0601011L0BBAFAF,Humalog Pen 100units/ml inj 3ml pre-filled pens,22.0,185.0,1008.7573699999999,201505,2015-05-01,originator,55500.0
0601011A0AAADAD,Insulin aspart 100units/ml inj 1.6ml cartridges,20.0,260.0,726.9136299999999,201505,2015-05-01,generic analogue,41600.0
0601011N0BCAGAY,Hypurin Bovine Neutral 100units/ml inj 3ml cartridges,47.0,440.0,3385.8331200000016,201505,2015-05-01,human soluble,132000.0
0601011N0AAALAL,Insulin soluble human 100units/ml inj 10ml vials,4.0,12.0,90.68201,201505,2015-05-01,human soluble,12000.0
0601011P0BBACAC,Apidra 100units/ml inj 3ml pre-filled OptiSet pens,2.0,8.0,44.93215,201505,2015-05-01,originator,2400.0
0601011A0BBAEAC,NovoRapid FlexTouch 100units/ml inj 3ml pre-filled pens,1577.0,11752.0,69892.05415000001,201505,2015-05-01,originator,3525600.0
0601011A0AAAAAA,Insulin aspart 100units/ml solution for injection 10ml vials,438.0,1796.0,23401.4593,201505,2015-05-01,generic analogue,1796000.0
0601011A0BBAAAA,NovoRapid 100units/ml solution for injection 10ml vials,9865.0,37630.0,490310.6316199999,201505,2015-05-01,originator,37630000.0
0601011L0AAABAB,Insulin lispro 100units/ml solution for injection 10ml vials,707.0,2767.0,42530.55701999998,201505,2015-05-01,generic analogue,2767000.0
0601011P0AAABAB,Insulin glulisine 100units/ml inj 3ml cartridges,60.0,450.0,2364.50202,201505,2015-05-01,generic analogue,135000.0
0601011N0AAAPAP,Insulin soluble human 100units/ml inj 3ml cartridges,4.0,20.0,67.7371,201505,2015-05-01,human soluble,6000.0
0601011N0BHADAP,Humulin S 100units/ml solution for injection 3ml cartridges,2494.0,22362.0,78982.97967999997,201505,2015-05-01,human soluble,6708600.0
0601011L0AAACAC,Insulin lispro 100units/ml inj 3ml cartridges,1485.0,13743.0,72011.49123,201505,2015-05-01,generic analogue,4122900.0
0601011L0BBAGAF,Humalog KwikPen 100units/ml inj 3ml pre-filled pens,10145.0,73560.0,401380.1328499996,201505,2015-05-01,originator,22068000.0
0601011P0BBAAAA,Apidra 100units/ml solution for injection 10ml vials,492.0,1789.0,26488.303190000013,201505,2015-05-01,originator,1789000.0
0601011N0BCAAAA,Hypurin Bovine Neutral 100units/ml inj 10ml vials,174.0,616.0,15798.524799999992,201505,2015-05-01,human soluble,616000.0
0601011P0AAAAAA,Insulin glulisine 100units/ml inj 10ml vials,74.0,278.0,4116.186589999999,201505,2015-05-01,generic analogue,278000.0
0601011L0AAAFAF,Insulin lispro 100units/ml inj 3ml pf dispos dev,353.0,2682.0,14626.558370000008,201505,2015-05-01,generic analogue,804600.0
0601011N0BHAAAG,Humulin S 100units/ml solution for injection 10ml vials,341.0,995.0,14438.613760000007,201505,2015-05-01,human soluble,995000.0
0601011R0AAABAB,Insulin human 500units/ml solution for injection 20ml vials,3.0,5.0,1971.83806,201505,2015-05-01,human soluble,50000.0
0601011L0BBACAC,Humalog 100units/ml solution for injection 3ml cartridges,16688.0,146138.0,765782.7129599995,201505,2015-05-01,originator,43841400.0
0601011A0AAABAB,Insulin aspart 100units/ml inj 3ml cartridges,1200.0,10947.0,57362.54251999998,201505,2015-05-01,generic analogue,3284100.0
0601011N0BKABAP,Insuman Rapid 100units/ml inj 3ml cartridges,260.0,2071.0,6709.899350000005,201505,2015-05-01,human soluble,621300.0
0601011A0BBABAB,NovoRapid Penfill 100units/ml inj 3ml cartridges,52560.0,449699.0,2356419.9984899997,201505,2015-05-01,originator,134909700.0
0601011P0BBAEAC,Apidra 100units/ml inj 3ml pre-filled SoloStar pens,4786.0,32692.0,171301.80009000012,201505,2015-05-01,originator,9807600.0
0601011N0BCAHAZ,Hypurin Porcine Neutral 100units/ml inj 3ml cartridges,336.0,2909.0,20353.913209999977,201505,2015-05-01,human soluble,872700.0
0601011P0AAACAC,Insulin glulisine 100units/ml inj 3ml pf dispos dev,165.0,1127.0,5908.651739999997,201505,2015-05-01,generic analogue,338100.0
0601011A0BBADAC,NovoRapid FlexPen 100units/ml inj 3ml pre-filled pens,62772.0,451403.0,2556974.3911299985,201505,2015-05-01,originator,135420900.0
0601011A0BBAFAD,NovoRapid PumpCart 100units/ml inj 1.6ml cartridges,2347.0,29301.0,81906.75067000002,201505,2015-05-01,originator,4688160.0
0601011A0AAACAC,Insulin aspart 100units/ml inj 3ml pf dispos dev,490.0,3687.0,20896.650079999992,201505,2015-05-01,generic analogue,1106100.0
0601011N0BFAEAL,Actrapid 100units/ml solution for injection 10ml vials,863.0,2563.0,17747.10244,201505,2015-05-01,human soluble,2563000.0
0601011R0BBABAB,Humulin R 500units/ml solution for injection 20ml vials,40.0,70.0,33608.75474,201505,2015-05-01,human soluble,700000.0
0601011N0AAACAC,Insulin soluble porcine 100units/ml inj 10ml vials,2.0,5.0,116.59977,201505,2015-05-01,human soluble,5000.0
0601011N0BCAEAC,Hypurin Porcine Neutral 100units/ml inj 10ml vials,294.0,929.0,21652.55945000001,201506,2015-06-01,human soluble,929000.0
0601011N0AAAAAA,Insulin soluble bovine 100units/ml inj 10ml vials,2.0,6.0,153.82957,201506,2015-06-01,human soluble,6000.0
0601011A0BBAEAC,NovoRapid FlexTouch 100units/ml inj 3ml pre-filled pens,1630.0,12290.0,73056.23838999997,201506,2015-06-01,originator,3687000.0
0601011A0AAAAAA,Insulin aspart 100units/ml solution for injection 10ml vials,471.0,1903.0,24783.796160000005,201506,2015-06-01,generic analogue,1903000.0
0601011N0BCAGAY,Hypurin Bovine Neutral 100units/ml inj 3ml cartridges,56.0,500.0,3845.7514999999985,201506,2015-06-01,human soluble,150000.0
0601011N0AAALAL,Insulin soluble human 100units/ml inj 10ml vials,4.0,10.0,91.96997,201506,2015-06-01,human soluble,10000.0
0601011L0BBABAB,Humalog 100units/ml solution for injection 10ml vials,3057.0,11423.0,175493.33562000009,201506,2015-06-01,originator,11423000.0
0601011P0BBABAB,Apidra 100units/ml solution for injection 3ml cartridges,737.0,5705.0,29897.056920000014,201506,2015-06-01,originator,1711500.0
0601011L0BBAFAF,Humalog Pen 100units/ml inj 3ml pre-filled pens,21.0,146.0,795.8474799999998,201506,2015-06-01,originator,43800.0
0601011A0AAADAD,Insulin aspart 100units/ml inj 1.6ml cartridges,30.0,374.0,1045.1362000000004,201506,2015-06-01,generic analogue,59840.0
0601011N0BFAQAP,Actrapid Penfill 100units/ml inj 3ml cartridges,1.0,25.0,92.85751,201506,2015-06-01,human soluble,7500.0
0601011N0BHAAAG,Humulin S 100units/ml solution for injection 10ml vials,347.0,1013.0,14692.65697,201506,2015-06-01,human soluble,1013000.0
0601011L0AAAFAF,Insulin lispro 100units/ml inj 3ml pf dispos dev,354.0,2594.0,14140.30924,201506,2015-06-01,generic analogue,778200.0
0601011R0AAABAB,Insulin human 500units/ml solution for injection 20ml vials,1.0,2.0,791.41524,201506,2015-06-01,human soluble,20000.0
0601011L0BBACAC,Humalog 100units/ml solution for injection 3ml cartridges,17076.0,151846.0,795386.9756299999,201506,2015-06-01,originator,45553800.0
0601011A0AAABAB,Insulin aspart 100units/ml inj 3ml cartridges,1179.0,10964.0,57423.12479000001,201506,2015-06-01,generic analogue,3289200.0
0601011N0BKABAP,Insuman Rapid 100units/ml inj 3ml cartridges,275.0,2180.0,7059.749460000005,201506,2015-06-01,human soluble,654000.0
0601011R0BDAAAC,Insuman Infusat 100units/ml inj 3.15ml cartridges,1.0,5.0,454.27837,201506,2015-06-01,human soluble,1575.0
0601011N0BHADAP,Humulin S 100units/ml solution for injection 3ml cartridges,2607.0,23427.0,82705.95052999997,201506,2015-06-01,human soluble,7028100.0
0601011L0AAACAC,Insulin lispro 100units/ml inj 3ml cartridges,1453.0,13292.0,69615.40302000001,201506,2015-06-01,generic analogue,3987600.0
0601011A0BBAAAA,NovoRapid 100units/ml solution for injection 10ml vials,10670.0,40658.0,529507.7914499999,201506,2015-06-01,originator,40658000.0
0601011L0AAABAB,Insulin lispro 100units/ml solution for injection 10ml vials,762.0,2905.0,44630.43416999998,201506,2015-06-01,generic analogue,2905000.0
0601011P0AAABAB,Insulin glulisine 100units/ml inj 3ml cartridges,59.0,480.0,2514.9073399999997,201506,2015-06-01,generic analogue,144000.0
0601011N0AAAPAP,Insulin soluble human 100units/ml inj 3ml cartridges,5.0,52.0,180.15574999999998,201506,2015-06-01,human soluble,15600.0
0601011P0BBADAB,Apidra 100units/ml inj 3ml OptiClik cartridges,1.0,5.0,28.00465,201506,2015-06-01,originator,1500.0
0601011L0BBAHAG,Humalog KwikPen 200units/ml inj 3ml pre-filled pens,18.0,110.0,1198.92383,201506,2015-06-01,originator,66000.0
0601011L0BBAGAF,Humalog KwikPen 100units/ml inj 3ml pre-filled pens,10598.0,76714.0,418228.31740999984,201506,2015-06-01,originator,23014200.0
0601011P0AAAAAA,Insulin glulisine 100units/ml inj 10ml vials,75.0,286.0,4232.583160000003,201506,2015-06-01,generic analogue,286000.0
0601011P0BBAAAA,Apidra 100units/ml solution for injection 10ml vials,469.0,1713.0,25350.751250000012,201506,2015-06-01,originator,1713000.0
0601011N0BCAAAA,Hypurin Bovine Neutral 100units/ml inj 10ml vials,188.0,666.0,17074.44964999998,201506,2015-06-01,human soluble,666000.0
0601011A0BBABAB,NovoRapid Penfill 100units/ml inj 3ml cartridges,54610.0,464950.0,2435246.3956999998,201506,2015-06-01,originator,139485000.0
0601011P0BBAEAC,Apidra 100units/ml inj 3ml pre-filled SoloStar pens,5106.0,34306.0,179670.91470999998,201506,2015-06-01,originator,10291800.0
0601011P0AAACAC,Insulin glulisine 100units/ml inj 3ml pf dispos dev,184.0,1268.0,6643.859660000002,201506,2015-06-01,generic analogue,380400.0
0601011N0BCAHAZ,Hypurin Porcine Neutral 100units/ml inj 3ml cartridges,366.0,3124.0,21847.85631000001,201506,2015-06-01,human soluble,937200.0
0601011A0BBADAC,NovoRapid FlexPen 100units/ml inj 3ml pre-filled pens,65418.0,470163.0,2661967.6600099974,201506,2015-06-01,originator,141048900.0
0601011N0BFAEAL,Actrapid 100units/ml solution for injection 10ml vials,941.0,2743.0,18984.43362,201506,2015-06-01,human soluble,2743000.0
0601011A0BBAFAD,NovoRapid PumpCart 100units/ml inj 1.6ml cartridges,2774.0,34885.0,97468.01361999993,201506,2015-06-01,originator,5581600.0
0601011R0BBABAB,Humulin R 500units/ml solution for injection 20ml vials,32.0,83.0,32460.31422,201506,2015-06-01,human soluble,830000.0
0601011A0AAACAC,Insulin aspart 100units/ml inj 3ml pf dispos dev,459.0,3443.0,19495.40665,201506,2015-06-01,generic analogue,1032900.0
0601011N0AAACAC,Insulin soluble porcine 100units/ml inj 10ml vials,1.0,2.0,46.61991,201506,2015-06-01,human soluble,2000.0
0601011N0BHADAP,Humulin S 100units/ml solution for injection 3ml cartridges,2602.0,23109.0,81553.51107999997,201507,2015-07-01,human soluble,6932700.0
0601011L0AAACAC,Insulin lispro 100units/ml inj 3ml cartridges,1532.0,14177.0,74222.90941,201507,2015-07-01,generic analogue,4253100.0
0601011P0BBAEAC,Apidra 100units/ml inj 3ml pre-filled SoloStar pens,5363.0,36117.0,189111.94110999999,201507,2015-07-01,originator,10835100.0
0601011N0BCAHAZ,Hypurin Porcine Neutral 100units/ml inj 3ml cartridges,369.0,3076.0,21504.651700000013,201507,2015-07-01,human soluble,922800.0
0601011P0AAACAC,Insulin glulisine 100units/ml inj 3ml pf dispos dev,168.0,1099.0,5753.361059999999,201507,2015-07-01,generic analogue,329700.0
0601011A0BBAAAA,NovoRapid 100units/ml solution for injection 10ml vials,11246.0,43809.0,570324.99012,201507,2015-07-01,originator,43809000.0
0601011L0AAABAB,Insulin lispro 100units/ml solution for injection 10ml vials,790.0,2908.0,44660.05679999999,201507,2015-07-01,generic analogue,2908000.0
0601011P0AAABAB,Insulin glulisine 100units/ml inj 3ml cartridges,53.0,425.0,2235.2281300000013,201507,2015-07-01,generic analogue,127500.0
0601011N0AAAPAP,Insulin soluble human 100units/ml inj 3ml cartridges,2.0,25.0,88.21305000000001,201507,2015-07-01,human soluble,7500.0
0601011L0BBACAC,Humalog 100units/ml solution for injection 3ml cartridges,17953.0,158144.0,827998.4056100004,201507,2015-07-01,originator,47443200.0
0601011A0AAABAB,Insulin aspart 100units/ml inj 3ml cartridges,1217.0,11125.0,58244.27843999999,201507,2015-07-01,generic analogue,3337500.0
0601011N0BKABAP,Insuman Rapid 100units/ml inj 3ml cartridges,256.0,1995.0,6458.284779999998,201507,2015-07-01,human soluble,598500.0
0601011R0BDAAAC,Insuman Infusat 100units/ml inj 3.15ml cartridges,1.0,25.0,1155.51892,201507,2015-07-01,human soluble,7875.0
0601011A0BBABAB,NovoRapid Penfill 100units/ml inj 3ml cartridges,57505.0,491186.0,2571676.3587100017,201507,2015-07-01,originator,147355800.0
0601011L0BBAHAG,Humalog KwikPen 200units/ml inj 3ml pre-filled pens,36.0,227.0,2473.45625,201507,2015-07-01,originator,136200.0
0601011A0AAADAD,Insulin aspart 100units/ml inj 1.6ml cartridges,33.0,445.0,1242.89264,201507,2015-07-01,generic analogue,71200.0
0601011L0BBAFAF,Humalog Pen 100units/ml inj 3ml pre-filled pens,20.0,126.0,686.5924300000001,201507,2015-07-01,originator,37800.0
0601011L0BBABAB,Humalog 100units/ml solution for injection 10ml vials,3239.0,12198.0,187362.47088999997,201507,2015-07-01,originator,12198000.0
0601011P0BBABAB,Apidra 100units/ml solution for injection 3ml cartridges,758.0,6092.0,31884.58849,201507,2015-07-01,originator,1827600.0
0601011A0AAAAAA,Insulin aspart 100units/ml solution for injection 10ml vials,489.0,2073.0,26987.41799999999,201507,2015-07-01,generic analogue,2073000.0
0601011A0BBAEAC,NovoRapid FlexTouch 100units/ml inj 3ml pre-filled pens,1719.0,12904.0,76678.59289000001,201507,2015-07-01,originator,3871200.0
0601011L0BBAGAF,Humalog KwikPen 100units/ml inj 3ml pre-filled pens,11262.0,80888.0,440904.60329000006,201507,2015-07-01,originator,24266400.0
0601011P0BBAAAA,Apidra 100units/ml solution for injection 10ml vials,531.0,1848.0,27338.691140000014,201507,2015-07-01,originator,1848000.0
0601011N0BCAAAA,Hypurin Bovine Neutral 100units/ml inj 10ml vials,174.0,607.0,15556.088280000004,201507,2015-07-01,human soluble,607000.0
0601011P0AAAAAA,Insulin glulisine 100units/ml inj 10ml vials,84.0,333.0,4926.26023,201507,2015-07-01,generic analogue,333000.0
0601011R0BBAAAD,Humulin R 100units/ml solution for injection 10ml vials,2.0,2.0,1280.6033499999999,201507,2015-07-01,human soluble,2000.0
0601011N0BHAAAG,Humulin S 100units/ml solution for injection 10ml vials,388.0,1204.0,17456.17538,201507,2015-07-01,human soluble,1204000.0
0601011L0AAAFAF,Insulin lispro 100units/ml inj 3ml pf dispos dev,375.0,2785.0,15175.882879999996,201507,2015-07-01,generic analogue,835500.0
0601011R0AAABAB,Insulin human 500units/ml solution for injection 20ml vials,1.0,2.0,791.11839,201507,2015-07-01,human soluble,20000.0
0601011A0BBADAC,NovoRapid FlexPen 100units/ml inj 3ml pre-filled pens,68752.0,494785.0,2800327.9597599986,201507,2015-07-01,originator,148435500.0
0601011N0BFAEAL,Actrapid 100units/ml solution for injection 10ml vials,958.0,3076.0,21280.194140000014,201507,2015-07-01,human soluble,3076000.0
0601011A0AAACAC,Insulin aspart 100units/ml inj 3ml pf dispos dev,489.0,3593.0,20340.614179999997,201507,2015-07-01,generic analogue,1077900.0
0601011A0BBAFAD,NovoRapid PumpCart 100units/ml inj 1.6ml cartridges,3220.0,42962.0,119982.46925000002,201507,2015-07-01,originator,6873920.0
0601011R0BBABAB,Humulin R 500units/ml solution for injection 20ml vials,37.0,76.0,39705.80442,201507,2015-07-01,human soluble,760000.0
0601011N0AAACAC,Insulin soluble porcine 100units/ml inj 10ml vials,3.0,12.0,279.57732999999996,201507,2015-07-01,human soluble,12000.0
0601011R0BCAAAD,Insuman Infusat 100units/ml inj 10ml vials,1.0,10.0,908.20355,201507,2015-07-01,human soluble,10000.0
0601011N0BCAGAY,Hypurin Bovine Neutral 100units/ml inj 3ml cartridges,62.0,512.0,3937.0394300000007,201507,2015-07-01,human soluble,153600.0
0601011N0AAALAL,Insulin soluble human 100units/ml inj 10ml vials,5.0,24.0,241.81245,201507,2015-07-01,human soluble,24000.0
0601011N0BCAEAC,Hypurin Porcine Neutral 100units/ml inj 10ml vials,338.0,1127.0,26257.202090000002,201507,2015-07-01,human soluble,1127000.0
0601011N0AAAAAA,Insulin soluble bovine 100units/ml inj 10ml vials,3.0,11.0,281.90684,201507,2015-07-01,human soluble,11000.0
0601011L0BBABAB,Humalog 100units/ml solution for injection 10ml vials,2804.0,10542.0,162036.4999999999,201508,2015-08-01,originator,10542000.0
0601011P0BBABAB,Apidra 100units/ml solution for injection 3ml cartridges,691.0,5495.0,28783.88526999999,201508,2015-08-01,originator,1648500.0
0601011L0BBAHAG,Humalog KwikPen 200units/ml inj 3ml pre-filled pens,37.0,279.0,3042.3625299999994,201508,2015-08-01,originator,167400.0
0601011N0AAAZAZ,Insulin soluble porcine 100units/ml inj 3ml cartridges,1.0,15.0,104.92991,201508,2015-08-01,human soluble,4500.0
0601011L0AAAGAG,Insulin lispro 200units/ml inj 3ml pf dispos dev,2.0,35.0,381.61368,201508,2015-08-01,generic analogue,21000.0
0601011N0BCAEAC,Hypurin Porcine Neutral 100units/ml inj 10ml vials,265.0,794.0,18515.136960000003,201508,2015-08-01,human soluble,794000.0
0601011N0AAAAAA,Insulin soluble bovine 100units/ml inj 10ml vials,1.0,2.0,51.30541,201508,2015-08-01,human soluble,2000.0
0601011A0AAADAD,Insulin aspart 100units/ml inj 1.6ml cartridges,21.0,276.0,771.61943,201508,2015-08-01,generic analogue,44160.0
0601011L0BBAFAF,Humalog Pen 100units/ml inj 3ml pre-filled pens,22.0,157.0,856.2060699999997,201508,2015-08-01,originator,47100.0
0601011N0BCAGAY,Hypurin Bovine Neutral 100units/ml inj 3ml cartridges,43.0,485.0,3731.987719999999,201508,2015-08-01,human soluble,145500.0
0601011N0AAALAL,Insulin soluble human 100units/ml inj 10ml vials,2.0,7.0,71.22808,201508,2015-08-01,human soluble,7000.0
0601011P0BBACAC,Apidra 100units/ml inj 3ml pre-filled OptiSet pens,1.0,3.0,16.914,201508,2015-08-01,originator,900.0
0601011A0BBAEAC,NovoRapid FlexTouch 100units/ml inj 3ml pre-filled pens,1600.0,12107.0,72004.61945999999,201508,2015-08-01,originator,3632100.0
0601011A0AAAAAA,Insulin aspart 100units/ml solution for injection 10ml vials,410.0,1606.0,20926.029239999993,201508,2015-08-01,generic analogue,1606000.0
0601011A0BBAAAA,NovoRapid 100units/ml solution for injection 10ml vials,9291.0,35529.0,462934.00979000004,201508,2015-08-01,originator,35529000.0
0601011L0AAABAB,Insulin lispro 100units/ml solution for injection 10ml vials,665.0,2448.0,37627.76569999999,201508,2015-08-01,generic analogue,2448000.0
0601011N0BFAJAD,Human Actrapid Penfill 100units/ml inj 1.5ml cartridges,1.0,10.0,21.18094,201508,2015-08-01,human soluble,1500.0
0601011P0AAABAB,Insulin glulisine 100units/ml inj 3ml cartridges,55.0,515.0,2701.1761,201508,2015-08-01,generic analogue,154500.0
0601011P0BBADAB,Apidra 100units/ml inj 3ml OptiClik cartridges,1.0,5.0,28.01816,201508,2015-08-01,originator,1500.0
0601011N0AAAPAP,Insulin soluble human 100units/ml inj 3ml cartridges,4.0,40.0,141.27191,201508,2015-08-01,human soluble,12000.0
0601011N0BHADAP,Humulin S 100units/ml solution for injection 3ml cartridges,2413.0,21875.0,77282.93668000001,201508,2015-08-01,human soluble,6562500.0
0601011L0AAACAC,Insulin lispro 100units/ml inj 3ml cartridges,1398.0,12648.0,66273.22561,201508,2015-08-01,generic analogue,3794400.0
0601011L0BBAGAF,Humalog KwikPen 100units/ml inj 3ml pre-filled pens,10189.0,73592.0,401584.69369000016,201508,2015-08-01,originator,22077600.0
0601011N0BCAAAA,Hypurin Bovine Neutral 100units/ml inj 10ml vials,169.0,619.0,15877.1322,201508,2015-08-01,human soluble,619000.0
0601011P0BBAAAA,Apidra 100units/ml solution for injection 10ml vials,424.0,1492.0,22090.988500000014,201508,2015-08-01,originator,1492000.0
0601011P0AAAAAA,Insulin glulisine 100units/ml inj 10ml vials,80.0,314.0,4649.16445,201508,2015-08-01,generic analogue,314000.0
0601011R0BBAAAD,Humulin R 100units/ml solution for injection 10ml vials,1.0,1.0,672.87227,201508,2015-08-01,human soluble,1000.0
0601011N0BHAAAG,Humulin S 100units/ml solution for injection 10ml vials,342.0,974.0,14133.908590000012,201508,2015-08-01,human soluble,974000.0
0601011L0AAAFAF,Insulin lispro 100units/ml inj 3ml pf dispos dev,323.0,2367.0,12909.220739999997,201508,2015-08-01,generic analogue,710100.0
0601011R0AAABAB,Insulin human 500units/ml solution for injection 20ml vials,1.0,2.0,791.79728,201508,2015-08-01,human soluble,20000.0
0601011L0BBACAC,Humalog 100units/ml solution for injection 3ml cartridges,16035.0,140474.0,736070.5407700004,201508,2015-08-01,originator,42142200.0
0601011A0AAABAB,Insulin aspart 100units/ml inj 3ml cartridges,1090.0,9664.0,50638.55381000001,201508,2015-08-01,generic analogue,2899200.0
0601011N0BKABAP,Insuman Rapid 100units/ml inj 3ml cartridges,261.0,2194.0,7108.337240000005,201508,2015-08-01,human soluble,658200.0
0601011R0BDAAAC,Insuman Infusat 100units/ml inj 3.15ml cartridges,1.0,25.0,1156.51054,201508,2015-08-01,human soluble,7875.0
0601011A0BBABAB,NovoRapid Penfill 100units/ml inj 3ml cartridges,50669.0,432031.0,2263828.388719999,201508,2015-08-01,originator,129609300.0
0601011L0AAAAAA,Insulin lispro 100units/ml inj 1.5ml cartridges,1.0,10.0,27.26875,201508,2015-08-01,generic analogue,1500.0
0601011P0BBAEAC,Apidra 100units/ml inj 3ml pre-filled SoloStar pens,4840.0,32880.0,172309.16730999996,201508,2015-08-01,originator,9864000.0
0601011N0BCAHAZ,Hypurin Porcine Neutral 100units/ml inj 3ml cartridges,348.0,3156.0,22081.973980000006,201508,2015-08-01,human soluble,946800.0
0601011P0AAACAC,Insulin glulisine 100units/ml inj 3ml pf dispos dev,175.0,1188.0,6229.046990000006,201508,2015-08-01,generic analogue,356400.0
0601011A0BBADAC,NovoRapid FlexPen 100units/ml inj 3ml pre-filled pens,61366.0,443293.0,2510913.028999999,201508,2015-08-01,originator,132987900.0
0601011A0BBAFAD,NovoRapid PumpCart 100units/ml inj 1.6ml cartridges,2983.0,39430.0,110210.36498000004,201508,2015-08-01,originator,6308800.0
0601011A0AAACAC,Insulin aspart 100units/ml inj 3ml pf dispos dev,440.0,3286.0,18622.061970000006,201508,2015-08-01,generic analogue,985800.0
0601011N0BFAEAL,Actrapid 100units/ml solution for injection 10ml vials,829.0,2498.0,17296.686459999997,201508,2015-08-01,human soluble,2498000.0
0601011R0BBABAB,Humulin R 500units/ml solution for injection 20ml vials,49.0,134.0,52860.42732000001,201508,2015-08-01,human soluble,1340000.0
0601011L0BBAHAG,Humalog KwikPen 200units/ml inj 3ml pre-filled pens,59.0,430.0,4685.799969999999,201509,2015-09-01,originator,258000.0
0601011L0AAAGAG,Insulin lispro 200units/ml inj 3ml pf dispos dev,2.0,10.0,108.97224,201509,2015-09-01,generic analogue,6000.0
0601011A0AAADAD,Insulin aspart 100units/ml inj 1.6ml cartridges,37.0,463.0,1293.2894999999999,201509,2015-09-01,generic analogue,74080.0
0601011L0BBAFAF,Humalog Pen 100units/ml inj 3ml pre-filled pens,23.0,147.0,801.4203300000003,201509,2015-09-01,originator,44100.0
0601011A0BBAEAC,NovoRapid FlexTouch 100units/ml inj 3ml pre-filled pens,1753.0,13287.0,78964.95029000001,201509,2015-09-01,originator,3986100.0
0601011A0AAAAAA,Insulin aspart 100units/ml solution for injection 10ml vials,449.0,1852.0,24113.890959999982,201509,2015-09-01,generic analogue,1852000.0
0601011N0AAAYAY,Insulin soluble bovine 100units/ml inj 3ml cartridges,1.0,5.0,38.45465,201509,2015-09-01,human soluble,1500.0
0601011L0AAACAC,Insulin lispro 100units/ml inj 3ml cartridges,1413.0,12848.0,67273.84433,201509,2015-09-01,generic analogue,3854400.0
0601011N0BHADAP,Humulin S 100units/ml solution for injection 3ml cartridges,2529.0,22629.0,79870.23166000002,201509,2015-09-01,human soluble,6788700.0
0601011N0BCAGAY,Hypurin Bovine Neutral 100units/ml inj 3ml cartridges,48.0,440.0,3383.4384600000003,201509,2015-09-01,human soluble,132000.0
0601011N0AAALAL,Insulin soluble human 100units/ml inj 10ml vials,4.0,14.0,142.35432,201509,2015-09-01,human soluble,14000.0
0601011P0BBACAC,Apidra 100units/ml inj 3ml pre-filled OptiSet pens,1.0,3.0,16.90199,201509,2015-09-01,originator,900.0
0601011A0BBABAB,NovoRapid Penfill 100units/ml inj 3ml cartridges,53407.0,455725.0,2386264.441879999,201509,2015-09-01,originator,136717500.0
0601011L0BBAGAF,Humalog KwikPen 100units/ml inj 3ml pre-filled pens,10638.0,76668.0,417831.33978000015,201509,2015-09-01,originator,23000400.0
0601011N0BCAAAA,Hypurin Bovine Neutral 100units/ml inj 10ml vials,181.0,647.0,16583.467740000004,201509,2015-09-01,human soluble,647000.0
0601011P0AAAAAA,Insulin glulisine 100units/ml inj 10ml vials,67.0,231.0,3417.9067200000027,201509,2015-09-01,generic analogue,231000.0
0601011P0BBAAAA,Apidra 100units/ml solution for injection 10ml vials,458.0,1741.0,25759.08298000001,201509,2015-09-01,originator,1741000.0
0601011A0BBAAAA,NovoRapid 100units/ml solution for injection 10ml vials,10114.0,38874.0,506154.0201000002,201509,2015-09-01,originator,38874000.0
0601011L0AAABAB,Insulin lispro 100units/ml solution for injection 10ml vials,687.0,2595.0,39878.60103,201509,2015-09-01,generic analogue,2595000.0
0601011P0AAABAB,Insulin glulisine 100units/ml inj 3ml cartridges,66.0,458.0,2404.86215,201509,2015-09-01,generic analogue,137400.0
0601011N0AAAPAP,Insulin soluble human 100units/ml inj 3ml cartridges,5.0,35.0,122.08238,201509,2015-09-01,human soluble,10500.0
0601011N0BFAJAD,Human Actrapid Penfill 100units/ml inj 1.5ml cartridges,1.0,3.0,6.45472,201509,2015-09-01,human soluble,450.0
0601011L0BBACAC,Humalog 100units/ml solution for injection 3ml cartridges,16699.0,146517.0,767270.7460000002,201509,2015-09-01,originator,43955100.0
0601011A0AAABAB,Insulin aspart 100units/ml inj 3ml cartridges,1196.0,10853.0,56828.95953,201509,2015-09-01,generic analogue,3255900.0
0601011N0BKABAP,Insuman Rapid 100units/ml inj 3ml cartridges,257.0,1924.0,6229.957419999995,201509,2015-09-01,human soluble,577200.0
0601011R0BDAAAC,Insuman Infusat 100units/ml inj 3.15ml cartridges,1.0,25.0,1155.68355,201509,2015-09-01,human soluble,7875.0
0601011N0BFAEAL,Actrapid 100units/ml solution for injection 10ml vials,834.0,2602.0,18003.760809999996,201509,2015-09-01,human soluble,2602000.0
0601011A0BBADAC,NovoRapid FlexPen 100units/ml inj 3ml pre-filled pens,65411.0,470560.0,2663502.3281699996,201509,2015-09-01,originator,141168000.0
0601011A0BBAFAD,NovoRapid PumpCart 100units/ml inj 1.6ml cartridges,3218.0,43453.0,121367.87624999996,201509,2015-09-01,originator,6952480.0
0601011A0AAACAC,Insulin aspart 100units/ml inj 3ml pf dispos dev,466.0,3463.0,19606.301280000007,201509,2015-09-01,generic analogue,1038900.0
0601011R0BBABAB,Humulin R 500units/ml solution for injection 20ml vials,37.0,67.0,40557.62844,201509,2015-09-01,human soluble,670000.0
0601011N0AAACAC,Insulin soluble porcine 100units/ml inj 10ml vials,1.0,6.0,139.80238,201509,2015-09-01,human soluble,6000.0
0601011R0AAACAC,Insulin human 100units/ml inj 3.15ml cartridges,1.0,15.0,52.93289,201509,2015-09-01,human soluble,4725.0
0601011N0BHAAAG,Humulin S 100units/ml solution for injection 10ml vials,319.0,901.0,13065.269790000002,201509,2015-09-01,human soluble,901000.0
0601011L0AAAFAF,Insulin lispro 100units/ml inj 3ml pf dispos dev,361.0,2737.0,14916.642439999989,201509,2015-09-01,generic analogue,821100.0
0601011R0AAABAB,Insulin human 500units/ml solution for injection 20ml vials,1.0,2.0,790.49147,201509,2015-09-01,human soluble,20000.0
0601011P0BBAEAC,Apidra 100units/ml inj 3ml pre-filled SoloStar pens,5096.0,34240.0,179257.20141999994,201509,2015-09-01,originator,10272000.0
0601011N0BCAHAZ,Hypurin Porcine Neutral 100units/ml inj 3ml cartridges,369.0,3059.0,21389.04388,201509,2015-09-01,human soluble,917700.0
0601011P0AAACAC,Insulin glulisine 100units/ml inj 3ml pf dispos dev,186.0,1255.0,6570.144300000001,201509,2015-09-01,generic analogue,376500.0
0601011L0BBABAB,Humalog 100units/ml solution for injection 10ml vials,2815.0,10758.0,165237.65768000003,201509,2015-09-01,originator,10758000.0
0601011P0BBABAB,Apidra 100units/ml solution for injection 3ml cartridges,705.0,5685.0,29758.100280000002,201509,2015-09-01,originator,1705500.0
0601011N0BCAEAC,Hypurin Porcine Neutral 100units/ml inj 10ml vials,324.0,1013.0,23605.002710000008,201509,2015-09-01,human soluble,1013000.0
0601011N0AAAAAA,Insulin soluble bovine 100units/ml inj 10ml vials,4.0,12.0,307.58756,201509,2015-09-01,human soluble,12000.0
0601011L0BBAHAG,Humalog KwikPen 200units/ml inj 3ml pre-filled pens,61.0,467.0,5083.817889999999,201510,2015-10-01,originator,280200.0
0601011N0AAAZAZ,Insulin soluble porcine 100units/ml inj 3ml cartridges,4.0,60.0,419.00828,201510,2015-10-01,human soluble,18000.0
0601011L0BBABAB,Humalog 100units/ml solution for injection 10ml vials,2916.0,10835.0,166294.1217299999,201510,2015-10-01,originator,10835000.0
0601011P0BBABAB,Apidra 100units/ml solution for injection 3ml cartridges,744.0,6000.0,31376.228929999997,201510,2015-10-01,originator,1800000.0
0601011N0BCAEAC,Hypurin Porcine Neutral 100units/ml inj 10ml vials,280.0,883.0,20555.438480000004,201510,2015-10-01,human soluble,883000.0
0601011N0AAAAAA,Insulin soluble bovine 100units/ml inj 10ml vials,2.0,5.0,128.03995,201510,2015-10-01,human soluble,5000.0
0601011L0BBAFAF,Humalog Pen 100units/ml inj 3ml pre-filled pens,20.0,138.0,751.3518199999999,201510,2015-10-01,originator,41400.0
0601011A0AAADAD,Insulin aspart 100units/ml inj 1.6ml cartridges,31.0,403.0,1124.59781,201510,2015-10-01,generic analogue,64480.0
0601011N0BCAGAY,Hypurin Bovine Neutral 100units/ml inj 3ml cartridges,48.0,490.0,3764.15401,201510,2015-10-01,human soluble,147000.0
0601011N0AAALAL,Insulin soluble human 100units/ml inj 10ml vials,1.0,3.0,20.73866,201510,2015-10-01,human soluble,3000.0
0601011A0BBAEAC,NovoRapid FlexTouch 100units/ml inj 3ml pre-filled pens,1676.0,13012.0,77254.72796,201510,2015-10-01,originator,3903600.0
0601011A0AAAAAA,Insulin aspart 100units/ml solution for injection 10ml vials,437.0,1823.0,23712.938190000008,201510,2015-10-01,generic analogue,1823000.0
0601011A0BBAAAA,NovoRapid 100units/ml solution for injection 10ml vials,10258.0,39321.0,511474.0185700003,201510,2015-10-01,originator,39321000.0
0601011P0AAABAB,Insulin glulisine 100units/ml inj 3ml cartridges,52.0,470.0,2463.1323499999994,201510,2015-10-01,generic analogue,141000.0
0601011L0AAABAB,Insulin lispro 100units/ml solution for injection 10ml vials,661.0,2479.0,38039.53586,201510,2015-10-01,generic analogue,2479000.0
0601011N0AAAPAP,Insulin soluble human 100units/ml inj 3ml cartridges,4.0,35.0,123.40966,201510,2015-10-01,human soluble,10500.0
0601011N0BHADAP,Humulin S 100units/ml solution for injection 3ml cartridges,2559.0,23455.0,82703.39609999993,201510,2015-10-01,human soluble,7036500.0
0601011L0AAACAC,Insulin lispro 100units/ml inj 3ml cartridges,1447.0,13317.0,69661.80855000002,201510,2015-10-01,generic analogue,3995100.0
0601011L0BBAGAF,Humalog KwikPen 100units/ml inj 3ml pre-filled pens,11019.0,79069.0,430524.6103800002,201510,2015-10-01,originator,23720700.0
0601011N0BCAAAA,Hypurin Bovine Neutral 100units/ml inj 10ml vials,190.0,686.0,17564.605230000012,201510,2015-10-01,human soluble,686000.0
0601011P0BBAAAA,Apidra 100units/ml solution for injection 10ml vials,464.0,1651.0,24403.89963999999,201510,2015-10-01,originator,1651000.0
0601011P0AAAAAA,Insulin glulisine 100units/ml inj 10ml vials,82.0,339.0,5010.77498,201510,2015-10-01,generic analogue,339000.0
0601011L0BBACAC,Humalog 100units/ml solution for injection 3ml cartridges,16778.0,147959.0,774083.9394200003,201510,2015-10-01,originator,44387700.0
0601011N0BKABAP,Insuman Rapid 100units/ml inj 3ml cartridges,257.0,1977.0,6394.385360000004,201510,2015-10-01,human soluble,593100.0
0601011A0AAABAB,Insulin aspart 100units/ml inj 3ml cartridges,1142.0,10325.0,54010.66396999997,201510,2015-10-01,generic analogue,3097500.0
0601011R0BDAAAC,Insuman Infusat 100units/ml inj 3.15ml cartridges,2.0,35.0,1616.37776,201510,2015-10-01,human soluble,11025.0
0601011N0BHAAAG,Humulin S 100units/ml solution for injection 10ml vials,355.0,1059.0,15341.158410000004,201510,2015-10-01,human soluble,1059000.0
0601011L0AAAFAF,Insulin lispro 100units/ml inj 3ml pf dispos dev,359.0,2677.0,14575.265570000007,201510,2015-10-01,generic analogue,803100.0
0601011R0AAABAB,Insulin human 500units/ml solution for injection 20ml vials,1.0,2.0,790.45518,201510,2015-10-01,human soluble,20000.0
0601011A0BBABAB,NovoRapid Penfill 100units/ml inj 3ml cartridges,53622.0,456083.0,2385811.679040001,201510,2015-10-01,originator,136824900.0
0601011P0BBAEAC,Apidra 100units/ml inj 3ml pre-filled SoloStar pens,5251.0,35796.0,187217.26575999995,201510,2015-10-01,originator,10738800.0
0601011P0AAACAC,Insulin glulisine 100units/ml inj 3ml pf dispos dev,198.0,1373.0,7182.5596,201510,2015-10-01,generic analogue,411900.0
0601011N0BCAHAZ,Hypurin Porcine Neutral 100units/ml inj 3ml cartridges,347.0,3040.0,21234.33193000001,201510,2015-10-01,human soluble,912000.0
0601011A0BBADAC,NovoRapid FlexPen 100units/ml inj 3ml pre-filled pens,66101.0,474730.0,2684442.76105,201510,2015-10-01,originator,142419000.0
0601011A0AAACAC,Insulin aspart 100units/ml inj 3ml pf dispos dev,461.0,3349.0,18952.55111000001,201510,2015-10-01,generic analogue,1004700.0
0601011A0BBAFAD,NovoRapid PumpCart 100units/ml inj 1.6ml cartridges,3332.0,45952.0,128225.67649000003,201510,2015-10-01,originator,7352320.0
0601011N0BFAEAL,Actrapid 100units/ml solution for injection 10ml vials,863.0,2989.0,20660.087089999997,201510,2015-10-01,human soluble,2989000.0
0601011R0BBABAB,Humulin R 500units/ml solution for injection 20ml vials,41.0,85.0,45574.55614000001,201510,2015-10-01,human soluble,850000.0
0601011N0AAACAC,Insulin soluble porcine 100units/ml inj 10ml vials,1.0,3.0,69.83885,201510,2015-10-01,human soluble,3000.0
0601011R0AAACAC,Insulin human 100units/ml inj 3.15ml cartridges,1.0,5.0,230.91997,201510,2015-10-01,human soluble,1575.0
0601011A0BBAAAA,NovoRapid 100units/ml solution for injection 10ml vials,9903.0,37695.0,490879.88794,201511,2015-11-01,originator,37695000.0
0601011L0AAABAB,Insulin lispro 100units/ml solution for injection 10ml vials,665.0,2484.0,38156.72675999998,201511,2015-11-01,generic analogue,2484000.0
0601011P0AAABAB,Insulin glulisine 100units/ml inj 3ml cartridges,52.0,390.0,2041.599979999999,201511,2015-11-01,generic analogue,117000.0
0601011P0BBADAB,Apidra 100units/ml inj 3ml OptiClik cartridges,1.0,5.0,28.00029,201511,2015-11-01,originator,1500.0
0601011N0AAAPAP,Insulin soluble human 100units/ml inj 3ml cartridges,5.0,50.0,176.47723000000002,201511,2015-11-01,human soluble,15000.0
0601011L0BBAHAG,Humalog KwikPen 200units/ml inj 3ml pre-filled pens,77.0,607.0,6614.56365,201511,2015-11-01,originator,364200.0
0601011N0AAAZAZ,Insulin soluble porcine 100units/ml inj 3ml cartridges,2.0,10.0,69.92518,201511,2015-11-01,human soluble,3000.0
0601011A0BBAEAC,NovoRapid FlexTouch 100units/ml inj 3ml pre-filled pens,1739.0,13092.0,77812.09135000005,201511,2015-11-01,originator,3927600.0
0601011A0AAAAAA,Insulin aspart 100units/ml solution for injection 10ml vials,433.0,1769.0,23034.990919999986,201511,2015-11-01,generic analogue,1769000.0
0601011P0BBAEAC,Apidra 100units/ml inj 3ml pre-filled SoloStar pens,5098.0,34373.0,179969.2413599999,201511,2015-11-01,originator,10311900.0
0601011N0BCAHAZ,Hypurin Porcine Neutral 100units/ml inj 3ml cartridges,347.0,2952.0,20641.497549999985,201511,2015-11-01,human soluble,885600.0
0601011P0AAACAC,Insulin glulisine 100units/ml inj 3ml pf dispos dev,197.0,1477.0,7733.263140000006,201511,2015-11-01,generic analogue,443100.0
0601011A0BBADAC,NovoRapid FlexPen 100units/ml inj 3ml pre-filled pens,63589.0,458852.0,2597402.73489,201511,2015-11-01,originator,137655600.0
0601011A0BBAFAD,NovoRapid PumpCart 100units/ml inj 1.6ml cartridges,3443.0,48220.0,134690.90243999998,201511,2015-11-01,originator,7715200.0
0601011N0BFAEAL,Actrapid 100units/ml solution for injection 10ml vials,853.0,2573.0,17804.858820000005,201511,2015-11-01,human soluble,2573000.0
0601011R0BBABAB,Humulin R 500units/ml solution for injection 20ml vials,32.0,56.0,26797.668460000004,201511,2015-11-01,human soluble,560000.0
0601011A0AAACAC,Insulin aspart 100units/ml inj 3ml pf dispos dev,497.0,3662.0,20734.28247000001,201511,2015-11-01,generic analogue,1098600.0
0601011N0AAACAC,Insulin soluble porcine 100units/ml inj 10ml vials,1.0,6.0,139.81315,201511,2015-11-01,human soluble,6000.0
0601011A0BBABAB,NovoRapid Penfill 100units/ml inj 3ml cartridges,51566.0,438853.0,2298128.09325,201511,2015-11-01,originator,131655900.0
0601011L0BBAGAF,Humalog KwikPen 100units/ml inj 3ml pre-filled pens,10533.0,75951.0,413997.4328200001,201511,2015-11-01,originator,22785300.0
0601011P0BBAAAA,Apidra 100units/ml solution for injection 10ml vials,468.0,1702.0,25184.074559999997,201511,2015-11-01,originator,1702000.0
0601011N0BCAAAA,Hypurin Bovine Neutral 100units/ml inj 10ml vials,162.0,568.0,14558.465480000004,201511,2015-11-01,human soluble,568000.0
0601011P0AAAAAA,Insulin glulisine 100units/ml inj 10ml vials,71.0,292.0,4320.624779999998,201511,2015-11-01,generic analogue,292000.0
0601011L0BBABAB,Humalog 100units/ml solution for injection 10ml vials,2873.0,10792.0,165773.24521000002,201511,2015-11-01,originator,10792000.0
0601011P0BBABAB,Apidra 100units/ml solution for injection 3ml cartridges,715.0,5670.0,29682.51776999999,201511,2015-11-01,originator,1701000.0
0601011N0BCAEAC,Hypurin Porcine Neutral 100units/ml inj 10ml vials,287.0,892.0,20786.960969999982,201511,2015-11-01,human soluble,892000.0
0601011N0AAAAAA,Insulin soluble bovine 100units/ml inj 10ml vials,2.0,4.0,102.54535,201511,2015-11-01,human soluble,4000.0
0601011L0BBACAC,Humalog 100units/ml solution for injection 3ml cartridges,16018.0,139756.0,732034.0955199999,201511,2015-11-01,originator,41926800.0
0601011A0AAABAB,Insulin aspart 100units/ml inj 3ml cartridges,1074.0,9409.0,49271.37209999999,201511,2015-11-01,generic analogue,2822700.0
0601011N0BKABAP,Insuman Rapid 100units/ml inj 3ml cartridges,241.0,1860.0,6022.926280000006,201511,2015-11-01,human soluble,558000.0
0601011L0BBAFAF,Humalog Pen 100units/ml inj 3ml pre-filled pens,16.0,129.0,703.1653100000001,201511,2015-11-01,originator,38700.0
0601011A0AAADAD,Insulin aspart 100units/ml inj 1.6ml cartridges,31.0,383.0,1069.9169100000001,201511,2015-11-01,generic analogue,61280.0
0601011N0BFAQAP,Actrapid Penfill 100units/ml inj 3ml cartridges,1.0,25.0,92.84306,201511,2015-11-01,human soluble,7500.0
0601011N0BHADAP,Humulin S 100units/ml solution for injection 3ml cartridges,2406.0,21533.0,76008.19480000003,201511,2015-11-01,human soluble,6459900.0
0601011L0AAACAC,Insulin lispro 100units/ml inj 3ml cartridges,1335.0,12545.0,65712.27215999996,201511,2015-11-01,generic analogue,3763500.0
0601011L0AAAFAF,Insulin lispro 100units/ml inj 3ml pf dispos dev,362.0,2610.0,14225.487859999994,201511,2015-11-01,generic analogue,783000.0
0601011N0BHAAAG,Humulin S 100units/ml solution for injection 10ml vials,328.0,974.0,14124.755790000007,201511,2015-11-01,human soluble,974000.0
0601011R0AAABAB,Insulin human 500units/ml solution for injection 20ml vials,1.0,2.0,1022.4441,201511,2015-11-01,human soluble,20000.0
0601011N0BCAGAY,Hypurin Bovine Neutral 100units/ml inj 3ml cartridges,50.0,431.0,3314.62614,201511,2015-11-01,human soluble,129300.0
0601011N0AAALAL,Insulin soluble human 100units/ml inj 10ml vials,5.0,20.0,183.87410999999997,201511,2015-11-01,human soluble,20000.0
0601011P0BBACAC,Apidra 100units/ml inj 3ml pre-filled OptiSet pens,2.0,6.0,33.80657,201511,2015-11-01,originator,1800.0
0601011A0BBADAC,NovoRapid FlexPen 100units/ml inj 3ml pre-filled pens,73278.0,529001.0,2991183.1464299983,201512,2015-12-01,originator,158700300.0
0601011A0BBAFAD,NovoRapid PumpCart 100units/ml inj 1.6ml cartridges,3829.0,53852.0,150250.83030000003,201512,2015-12-01,originator,8616320.0
0601011N0BFAEAL,Actrapid 100units/ml solution for injection 10ml vials,960.0,3109.0,21488.796810000007,201512,2015-12-01,human soluble,3109000.0
0601011R0BBABAB,Humulin R 500units/ml solution for injection 20ml vials,51.0,117.0,63278.43765,201512,2015-12-01,human soluble,1170000.0
0601011A0AAACAC,Insulin aspart 100units/ml inj 3ml pf dispos dev,482.0,3625.0,20505.381439999997,201512,2015-12-01,generic analogue,1087500.0
0601011L0BBAHAG,Humalog KwikPen 200units/ml inj 3ml pre-filled pens,88.0,630.0,6881.688989999995,201512,2015-12-01,originator,378000.0
0601011N0BKACAM,Insuman Rapid 100units/ml inj 3ml pre-filled OptiSet pen,1.0,3.0,9.8098,201512,2015-12-01,human soluble,900.0
0601011N0BHADAP,Humulin S 100units/ml solution for injection 3ml cartridges,2851.0,26056.0,91867.29802,201512,2015-12-01,human soluble,7816800.0
0601011L0AAACAC,Insulin lispro 100units/ml inj 3ml cartridges,1509.0,14017.0,73365.95521999997,201512,2015-12-01,generic analogue,4205100.0
0601011N0BCAEAC,Hypurin Porcine Neutral 100units/ml inj 10ml vials,328.0,998.0,23230.990460000005,201512,2015-12-01,human soluble,998000.0
0601011N0AAAAAA,Insulin soluble bovine 100units/ml inj 10ml vials,2.0,6.0,153.63159,201512,2015-12-01,human soluble,6000.0
0601011L0AAAFAF,Insulin lispro 100units/ml inj 3ml pf dispos dev,427.0,3287.0,17894.125649999987,201512,2015-12-01,generic analogue,986100.0
0601011N0BHAAAG,Humulin S 100units/ml solution for injection 10ml vials,344.0,1006.0,14572.366920000006,201512,2015-12-01,human soluble,1006000.0
0601011R0AAABAB,Insulin human 500units/ml solution for injection 20ml vials,1.0,2.0,1021.28698,201512,2015-12-01,human soluble,20000.0
0601011N0BCAAAA,Hypurin Bovine Neutral 100units/ml inj 10ml vials,200.0,671.0,17180.566299999995,201512,2015-12-01,human soluble,671000.0
0601011L0BBAGAF,Humalog KwikPen 100units/ml inj 3ml pre-filled pens,12418.0,89762.0,488662.4577100001,201512,2015-12-01,originator,26928600.0
0601011P0BBAAAA,Apidra 100units/ml solution for injection 10ml vials,515.0,1943.0,28717.39144,201512,2015-12-01,originator,1943000.0
0601011P0AAAAAA,Insulin glulisine 100units/ml inj 10ml vials,99.0,361.0,5335.720250000004,201512,2015-12-01,generic analogue,361000.0
0601011A0BBAAAA,NovoRapid 100units/ml solution for injection 10ml vials,11670.0,45230.0,588378.8878199998,201512,2015-12-01,originator,45230000.0
0601011L0AAABAB,Insulin lispro 100units/ml solution for injection 10ml vials,748.0,2737.0,42015.592919999974,201512,2015-12-01,generic analogue,2737000.0
0601011P0AAABAB,Insulin glulisine 100units/ml inj 3ml cartridges,58.0,495.0,2595.51497,201512,2015-12-01,generic analogue,148500.0
0601011N0AAAPAP,Insulin soluble human 100units/ml inj 3ml cartridges,4.0,30.0,105.76655000000001,201512,2015-12-01,human soluble,9000.0
0601011N0BFAJAD,Human Actrapid Penfill 100units/ml inj 1.5ml cartridges,1.0,4.0,8.56299,201512,2015-12-01,human soluble,600.0
0601011A0BBABAB,NovoRapid Penfill 100units/ml inj 3ml cartridges,60268.0,516071.0,2699468.99144,201512,2015-12-01,originator,154821300.0
0601011A0AAADAD,Insulin aspart 100units/ml inj 1.6ml cartridges,43.0,549.0,1531.9800200000002,201512,2015-12-01,generic analogue,87840.0
0601011L0BBAFAF,Humalog Pen 100units/ml inj 3ml pre-filled pens,19.0,120.0,653.2307200000002,201512,2015-12-01,originator,36000.0
0601011L0BBACAC,Humalog 100units/ml solution for injection 3ml cartridges,18865.0,166801.0,872609.3223499998,201512,2015-12-01,originator,50040300.0
0601011A0AAABAB,Insulin aspart 100units/ml inj 3ml cartridges,1270.0,11848.0,61972.47379999999,201512,2015-12-01,generic analogue,3554400.0
0601011N0BKABAP,Insuman Rapid 100units/ml inj 3ml cartridges,287.0,2324.0,7516.399029999996,201512,2015-12-01,human soluble,697200.0
0601011R0BDAAAC,Insuman Infusat 100units/ml inj 3.15ml cartridges,1.0,15.0,692.68371,201512,2015-12-01,human soluble,4725.0
0601011N0BCAHAZ,Hypurin Porcine Neutral 100units/ml inj 3ml cartridges,374.0,3214.0,22448.895290000004,201512,2015-12-01,human soluble,964200.0
0601011P0BBAEAC,Apidra 100units/ml inj 3ml pre-filled SoloStar pens,5813.0,39607.0,207136.7339599999,201512,2015-12-01,originator,11882100.0
0601011P0AAACAC,Insulin glulisine 100units/ml inj 3ml pf dispos dev,194.0,1344.0,7028.676799999994,201512,2015-12-01,generic analogue,403200.0
0601011A0BBAEAC,NovoRapid FlexTouch 100units/ml inj 3ml pre-filled pens,1911.0,14655.0,87004.50689000005,201512,2015-12-01,originator,4396500.0
0601011A0AAAAAA,Insulin aspart 100units/ml solution for injection 10ml vials,462.0,1894.0,24644.793389999995,201512,2015-12-01,generic analogue,1894000.0
0601011L0BBABAB,Humalog 100units/ml solution for injection 10ml vials,3336.0,12783.0,196150.23001000006,201512,2015-12-01,originator,12783000.0
0601011P0BBABAB,Apidra 100units/ml solution for injection 3ml cartridges,802.0,6137.0,32091.531320000013,201512,2015-12-01,originator,1841100.0
0601011N0BCAGAY,Hypurin Bovine Neutral 100units/ml inj 3ml cartridges,56.0,520.0,3994.3716700000004,201512,2015-12-01,human soluble,156000.0
0601011P0BBACAC,Apidra 100units/ml inj 3ml pre-filled OptiSet pens,1.0,5.0,27.96861,201512,2015-12-01,originator,1500.0
0601011N0AAALAL,Insulin soluble human 100units/ml inj 10ml vials,3.0,10.0,91.83924000000002,201512,2015-12-01,human soluble,10000.0
0601011A0BBABAB,NovoRapid Penfill 100units/ml inj 3ml cartridges,49629.0,419262.0,2197435.11684,201601,2016-01-01,originator,125778600.0
0601011N0BHADAP,Humulin S 100units/ml solution for injection 3ml cartridges,2301.0,20447.0,72237.34396,201601,2016-01-01,human soluble,6134100.0
0601011L0AAACAC,Insulin lispro 100units/ml inj 3ml cartridges,1283.0,11612.0,60853.066410000036,201601,2016-01-01,generic analogue,3483600.0
0601011P0BBAEAC,Apidra 100units/ml inj 3ml pre-filled SoloStar pens,4943.0,33359.0,174836.48999999996,201601,2016-01-01,originator,10007700.0
0601011N0BCAHAZ,Hypurin Porcine Neutral 100units/ml inj 3ml cartridges,307.0,2513.0,17586.74403,201601,2016-01-01,human soluble,753900.0
0601011P0AAACAC,Insulin glulisine 100units/ml inj 3ml pf dispos dev,182.0,1189.0,6232.395759999997,201601,2016-01-01,generic analogue,356700.0
0601011N0BCAEAC,Hypurin Porcine Neutral 100units/ml inj 10ml vials,249.0,774.0,18038.989040000008,201601,2016-01-01,human soluble,774000.0
0601011N0AAAAAA,Insulin soluble bovine 100units/ml inj 10ml vials,3.0,15.0,384.82021000000003,201601,2016-01-01,human soluble,15000.0
0601011N0AAALAL,Insulin soluble human 100units/ml inj 10ml vials,2.0,6.0,64.32188,201601,2016-01-01,human soluble,6000.0
0601011N0BCAGAY,Hypurin Bovine Neutral 100units/ml inj 3ml cartridges,41.0,385.0,2963.25072,201601,2016-01-01,human soluble,115500.0
0601011P0BBACAC,Apidra 100units/ml inj 3ml pre-filled OptiSet pens,1.0,5.0,28.02438,201601,2016-01-01,originator,1500.0
0601011L0BBAGAF,Humalog KwikPen 100units/ml inj 3ml pre-filled pens,10572.0,75625.0,412581.16312000016,201601,2016-01-01,originator,22687500.0
0601011P0BBAAAA,Apidra 100units/ml solution for injection 10ml vials,439.0,1645.0,24361.54456999999,201601,2016-01-01,originator,1645000.0
0601011N0BCAAAA,Hypurin Bovine Neutral 100units/ml inj 10ml vials,147.0,564.0,14469.53971,201601,2016-01-01,human soluble,564000.0
0601011P0AAAAAA,Insulin glulisine 100units/ml inj 10ml vials,78.0,328.0,4857.462749999999,201601,2016-01-01,generic analogue,328000.0
0601011L0BBAFAF,Humalog Pen 100units/ml inj 3ml pre-filled pens,19.0,138.0,752.7816499999999,201601,2016-01-01,originator,41400.0
0601011A0AAADAD,Insulin aspart 100units/ml inj 1.6ml cartridges,27.0,348.0,972.9974300000001,201601,2016-01-01,generic analogue,55680.0
0601011N0BHAAAG,Humulin S 100units/ml solution for injection 10ml vials,319.0,924.0,13411.23308,201601,2016-01-01,human soluble,924000.0
0601011L0AAAFAF,Insulin lispro 100units/ml inj 3ml pf dispos dev,346.0,2575.0,14047.1442,201601,2016-01-01,generic analogue,772500.0
0601011R0AAABAB,Insulin human 500units/ml solution for injection 20ml vials,1.0,2.0,1032.57825,201601,2016-01-01,human soluble,20000.0
0601011A0BBAAAA,NovoRapid 100units/ml solution for injection 10ml vials,9685.0,37874.0,493596.6014700001,201601,2016-01-01,originator,37874000.0
0601011L0AAABAB,Insulin lispro 100units/ml solution for injection 10ml vials,645.0,2444.0,37574.416860000034,201601,2016-01-01,generic analogue,2444000.0
0601011P0AAABAB,Insulin glulisine 100units/ml inj 3ml cartridges,54.0,415.0,2174.3262500000005,201601,2016-01-01,generic analogue,124500.0
0601011N0AAAPAP,Insulin soluble human 100units/ml inj 3ml cartridges,1.0,15.0,52.98253,201601,2016-01-01,human soluble,4500.0
0601011L0BBAHAG,Humalog KwikPen 200units/ml inj 3ml pre-filled pens,115.0,879.0,9587.007140000003,201601,2016-01-01,originator,527400.0
0601011A0AAABAB,Insulin aspart 100units/ml inj 3ml cartridges,1057.0,9205.0,48245.59647999998,201601,2016-01-01,generic analogue,2761500.0
0601011L0BBACAC,Humalog 100units/ml solution for injection 3ml cartridges,15502.0,134914.0,707124.5803399996,201601,2016-01-01,originator,40474200.0
0601011N0BKABAP,Insuman Rapid 100units/ml inj 3ml cartridges,243.0,1868.0,6053.768240000003,201601,2016-01-01,human soluble,560400.0
0601011R0BDAAAC,Insuman Infusat 100units/ml inj 3.15ml cartridges,2.0,40.0,1850.83293,201601,2016-01-01,human soluble,12600.0
0601011L0BBABAB,Humalog 100units/ml solution for injection 10ml vials,2782.0,10456.0,160750.32977,201601,2016-01-01,originator,10456000.0
0601011P0BBABAB,Apidra 100units/ml solution for injection 3ml cartridges,708.0,5696.0,29842.75733999997,201601,2016-01-01,originator,1708800.0
0601011A0AAAAAA,Insulin aspart 100units/ml solution for injection 10ml vials,393.0,1615.0,21067.759929999993,201601,2016-01-01,generic analogue,1615000.0
0601011A0BBAEAC,NovoRapid FlexTouch 100units/ml inj 3ml pre-filled pens,1709.0,12823.0,76279.89377000002,201601,2016-01-01,originator,3846900.0
0601011A0BBADAC,NovoRapid FlexPen 100units/ml inj 3ml pre-filled pens,63090.0,452419.0,2563192.06802,201601,2016-01-01,originator,135725700.0
0601011A0BBAFAD,NovoRapid PumpCart 100units/ml inj 1.6ml cartridges,3365.0,46679.0,130498.34578,201601,2016-01-01,originator,7468640.0
0601011A0AAACAC,Insulin aspart 100units/ml inj 3ml pf dispos dev,439.0,3333.0,18886.380200000007,201601,2016-01-01,generic analogue,999900.0
0601011N0BFAEAL,Actrapid 100units/ml solution for injection 10ml vials,783.0,2337.0,16185.323030000003,201601,2016-01-01,human soluble,2337000.0
0601011R0BBABAB,Humulin R 500units/ml solution for injection 20ml vials,37.0,76.0,38954.69495,201601,2016-01-01,human soluble,760000.0
0601011R0BCAAAD,Insuman Infusat 100units/ml inj 10ml vials,1.0,3.0,231.36342,201601,2016-01-01,human soluble,3000.0
0601011N0AAACAC,Insulin soluble porcine 100units/ml inj 10ml vials,1.0,3.0,69.97295,201601,2016-01-01,human soluble,3000.0
0601011A0BBACAC,NovoRapid Novolet 100units/ml solution for injection,1.0,10.0,57.29491,201601,2016-01-01,originator,3000.0
0601011L0BBAHAG,Humalog KwikPen 200units/ml inj 3ml pre-filled pens,134.0,1041.0,11357.051660000001,201602,2016-02-01,originator,624600.0
0601011L0AAAGAG,Insulin lispro 200units/ml inj 3ml pf dispos dev,1.0,5.0,54.55037,201602,2016-02-01,generic analogue,3000.0
0601011A0BBABAB,NovoRapid Penfill 100units/ml inj 3ml cartridges,49951.0,422155.0,2213136.328,201602,2016-02-01,originator,126646500.0
0601011P0BBAEAC,Apidra 100units/ml inj 3ml pre-filled SoloStar pens,5080.0,34397.0,180289.57366999995,201602,2016-02-01,originator,10319100.0
0601011N0BCAHAZ,Hypurin Porcine Neutral 100units/ml inj 3ml cartridges,313.0,2933.0,20530.20347000001,201602,2016-02-01,human soluble,879900.0
0601011P0AAACAC,Insulin glulisine 100units/ml inj 3ml pf dispos dev,181.0,1313.0,6881.669350000003,201602,2016-02-01,generic analogue,393900.0
0601011N0BCAGAY,Hypurin Bovine Neutral 100units/ml inj 3ml cartridges,61.0,681.0,5242.770660000002,201602,2016-02-01,human soluble,204300.0
0601011N0AAALAL,Insulin soluble human 100units/ml inj 10ml vials,2.0,9.0,130.64935,201602,2016-02-01,human soluble,9000.0
0601011L0BBABAB,Humalog 100units/ml solution for injection 10ml vials,2804.0,10511.0,161667.8351299999,201602,2016-02-01,originator,10511000.0
0601011P0BBABAB,Apidra 100units/ml solution for injection 3ml cartridges,666.0,5267.0,27603.23480000001,201602,2016-02-01,originator,1580100.0
0601011N0BCAEAC,Hypurin Porcine Neutral 100units/ml inj 10ml vials,283.0,916.0,21369.742039999994,201602,2016-02-01,human soluble,916000.0
0601011N0AAAAAA,Insulin soluble bovine 100units/ml inj 10ml vials,2.0,4.0,102.65836999999999,201602,2016-02-01,human soluble,4000.0
0601011L0BBAFAF,Humalog Pen 100units/ml inj 3ml pre-filled pens,20.0,116.0,632.9866499999999,201602,2016-02-01,originator,34800.0
0601011A0AAADAD,Insulin aspart 100units/ml inj 1.6ml cartridges,30.0,395.0,1104.5529900000001,201602,2016-02-01,generic analogue,63200.0
0601011A0AAAAAA,Insulin aspart 100units/ml solution for injection 10ml vials,371.0,1439.0,18758.737679999995,201602,2016-02-01,generic analogue,1439000.0
0601011A0BBAEAC,NovoRapid FlexTouch 100units/ml inj 3ml pre-filled pens,1684.0,12694.0,75531.08346000002,201602,2016-02-01,originator,3808200.0
0601011A0BBADAC,NovoRapid FlexPen 100units/ml inj 3ml pre-filled pens,63153.0,452259.0,2562937.9499,201602,2016-02-01,originator,135677700.0
0601011A0BBAFAD,NovoRapid PumpCart 100units/ml inj 1.6ml cartridges,3467.0,48745.0,136305.46349000005,201602,2016-02-01,originator,7799200.0
0601011N0BFAEAL,Actrapid 100units/ml solution for injection 10ml vials,801.0,2385.0,16522.196990000004,201602,2016-02-01,human soluble,2385000.0
0601011A0AAACAC,Insulin aspart 100units/ml inj 3ml pf dispos dev,434.0,3264.0,18515.09290999999,201602,2016-02-01,generic analogue,979200.0
0601011R0BCAAAD,Insuman Infusat 100units/ml inj 10ml vials,1.0,9.0,694.233,201602,2016-02-01,human soluble,9000.0
0601011R0BBABAB,Humulin R 500units/ml solution for injection 20ml vials,41.0,203.0,43095.23644,201602,2016-02-01,human soluble,2030000.0
0601011N0AAACAC,Insulin soluble porcine 100units/ml inj 10ml vials,1.0,3.0,69.98984,201602,2016-02-01,human soluble,3000.0
0601011A0BBAAAA,NovoRapid 100units/ml solution for injection 10ml vials,9772.0,37500.0,488857.8720100001,201602,2016-02-01,originator,37500000.0
0601011L0AAABAB,Insulin lispro 100units/ml solution for injection 10ml vials,597.0,2174.0,33431.70439,201602,2016-02-01,generic analogue,2174000.0
0601011N0AAAPAP,Insulin soluble human 100units/ml inj 3ml cartridges,6.0,45.0,157.56065,201602,2016-02-01,human soluble,13500.0
0601011P0AAABAB,Insulin glulisine 100units/ml inj 3ml cartridges,51.0,410.0,2152.27803,201602,2016-02-01,generic analogue,123000.0
0601011N0BHADAP,Humulin S 100units/ml solution for injection 3ml cartridges,2441.0,21673.0,76586.40434999995,201602,2016-02-01,human soluble,6501900.0
0601011L0AAACAC,Insulin lispro 100units/ml inj 3ml cartridges,1227.0,11308.0,59280.72863000003,201602,2016-02-01,generic analogue,3392400.0
0601011L0BBAGAF,Humalog KwikPen 100units/ml inj 3ml pre-filled pens,10739.0,77313.0,421864.37067,201602,2016-02-01,originator,23193900.0
0601011P0BBAAAA,Apidra 100units/ml solution for injection 10ml vials,459.0,1713.0,25374.707270000006,201602,2016-02-01,originator,1713000.0
0601011N0BCAAAA,Hypurin Bovine Neutral 100units/ml inj 10ml vials,156.0,530.0,13600.684530000004,201602,2016-02-01,human soluble,530000.0
0601011P0AAAAAA,Insulin glulisine 100units/ml inj 10ml vials,57.0,204.0,3021.9549500000003,201602,2016-02-01,generic analogue,204000.0
0601011L0BBACAC,Humalog 100units/ml solution for injection 3ml cartridges,15507.0,135482.0,710370.9965299997,201602,2016-02-01,originator,40644600.0
0601011N0BKABAP,Insuman Rapid 100units/ml inj 3ml cartridges,229.0,1775.0,5753.901659999999,201602,2016-02-01,human soluble,532500.0
0601011A0AAABAB,Insulin aspart 100units/ml inj 3ml cartridges,1066.0,9379.0,49168.346959999966,201602,2016-02-01,generic analogue,2813700.0
0601011R0BDAAAC,Insuman Infusat 100units/ml inj 3.15ml cartridges,1.0,15.0,694.233,201602,2016-02-01,human soluble,4725.0
0601011L0AAAFAF,Insulin lispro 100units/ml inj 3ml pf dispos dev,377.0,2802.0,15289.117940000006,201602,2016-02-01,generic analogue,840600.0
0601011N0BHAAAG,Humulin S 100units/ml solution for injection 10ml vials,319.0,966.0,14024.162720000002,201602,2016-02-01,human soluble,966000.0
0601011N0BCAEAC,Hypurin Porcine Neutral 100units/ml inj 10ml vials,275.0,836.0,19593.020530000005,201603,2016-03-01,human soluble,836000.0
0601011N0AAAAAA,Insulin soluble bovine 100units/ml inj 10ml vials,6.0,15.0,384.8406,201603,2016-03-01,human soluble,15000.0
0601011L0BBAHAG,Humalog KwikPen 200units/ml inj 3ml pre-filled pens,161.0,1410.0,15377.584460000004,201603,2016-03-01,originator,846000.0
0601011N0AAAZAZ,Insulin soluble porcine 100units/ml inj 3ml cartridges,1.0,30.0,209.88488,201603,2016-03-01,human soluble,9000.0
0601011L0AAAGAG,Insulin lispro 200units/ml inj 3ml pf dispos dev,1.0,5.0,54.53483,201603,2016-03-01,generic analogue,3000.0
0601011L0BBABAB,Humalog 100units/ml solution for injection 10ml vials,2928.0,10752.0,165334.54238,201603,2016-03-01,originator,10752000.0
0601011P0BBABAB,Apidra 100units/ml solution for injection 3ml cartridges,742.0,6095.0,31932.91139999998,201603,2016-03-01,originator,1828500.0
0601011L0BBAFAF,Humalog Pen 100units/ml inj 3ml pre-filled pens,18.0,120.0,654.4799,201603,2016-03-01,originator,36000.0
0601011A0AAADAD,Insulin aspart 100units/ml inj 1.6ml cartridges,32.0,478.0,1336.3147800000002,201603,2016-03-01,generic analogue,76480.0
0601011N0BCAGAY,Hypurin Bovine Neutral 100units/ml inj 3ml cartridges,56.0,449.0,3456.004439999998,201603,2016-03-01,human soluble,134700.0
0601011N0AAALAL,Insulin soluble human 100units/ml inj 10ml vials,2.0,7.0,71.24079,201603,2016-03-01,human soluble,7000.0
0601011A0BBAEAC,NovoRapid FlexTouch 100units/ml inj 3ml pre-filled pens,1848.0,13809.0,82142.41419000001,201603,2016-03-01,originator,4142700.0
0601011A0AAAAAA,Insulin aspart 100units/ml solution for injection 10ml vials,406.0,1726.0,22493.221230000006,201603,2016-03-01,generic analogue,1726000.0
0601011A0BBAAAA,NovoRapid 100units/ml solution for injection 10ml vials,10511.0,40419.0,526745.1790100002,201603,2016-03-01,originator,40419000.0
0601011L0AAABAB,Insulin lispro 100units/ml solution for injection 10ml vials,635.0,2345.0,36071.00596999999,201603,2016-03-01,generic analogue,2345000.0
0601011P0AAABAB,Insulin glulisine 100units/ml inj 3ml cartridges,53.0,410.0,2151.67718,201603,2016-03-01,generic analogue,123000.0
0601011N0AAAPAP,Insulin soluble human 100units/ml inj 3ml cartridges,2.0,15.0,52.99262,201603,2016-03-01,human soluble,4500.0
0601011P0BBADAB,Apidra 100units/ml inj 3ml OptiClik cartridges,1.0,5.0,28.02316,201603,2016-03-01,originator,1500.0
0601011L0AAACAC,Insulin lispro 100units/ml inj 3ml cartridges,1313.0,12145.0,63649.630269999994,201603,2016-03-01,generic analogue,3643500.0
0601011N0BHADAP,Humulin S 100units/ml solution for injection 3ml cartridges,2405.0,21559.0,76161.90201,201603,2016-03-01,human soluble,6467700.0
0601011L0BBAGAF,Humalog KwikPen 100units/ml inj 3ml pre-filled pens,11198.0,80312.0,438138.11636000016,201603,2016-03-01,originator,24093600.0
0601011P0BBAAAA,Apidra 100units/ml solution for injection 10ml vials,449.0,1645.0,24360.457359999986,201603,2016-03-01,originator,1645000.0
0601011P0AAAAAA,Insulin glulisine 100units/ml inj 10ml vials,87.0,299.0,4427.968960000002,201603,2016-03-01,generic analogue,299000.0
0601011N0BCAAAA,Hypurin Bovine Neutral 100units/ml inj 10ml vials,190.0,654.0,16777.902250000006,201603,2016-03-01,human soluble,654000.0
0601011A0AAABAB,Insulin aspart 100units/ml inj 3ml cartridges,1142.0,10178.0,53342.43826000002,201603,2016-03-01,generic analogue,3053400.0
0601011L0BBACAC,Humalog 100units/ml solution for injection 3ml cartridges,16254.0,141789.0,743257.8448099998,201603,2016-03-01,originator,42536700.0
0601011N0BKABAP,Insuman Rapid 100units/ml inj 3ml cartridges,241.0,1826.0,5917.663409999999,201603,2016-03-01,human soluble,547800.0
0601011R0BDAAAC,Insuman Infusat 100units/ml inj 3.15ml cartridges,1.0,10.0,462.69424,201603,2016-03-01,human soluble,3150.0
0601011N0BHAAAG,Humulin S 100units/ml solution for injection 10ml vials,347.0,1014.0,14716.842770000007,201603,2016-03-01,human soluble,1014000.0
0601011L0AAAFAF,Insulin lispro 100units/ml inj 3ml pf dispos dev,388.0,2915.0,15900.55178000001,201603,2016-03-01,generic analogue,874500.0
0601011R0AAABAB,Insulin human 500units/ml solution for injection 20ml vials,1.0,1.0,374.35902,201603,2016-03-01,human soluble,10000.0
0601011A0BBABAB,NovoRapid Penfill 100units/ml inj 3ml cartridges,52561.0,443132.0,2322427.15416,201603,2016-03-01,originator,132939600.0
0601011N0BCAHAZ,Hypurin Porcine Neutral 100units/ml inj 3ml cartridges,324.0,2728.0,19089.82442,201603,2016-03-01,human soluble,818400.0
0601011P0BBAEAC,Apidra 100units/ml inj 3ml pre-filled SoloStar pens,5277.0,35396.0,185515.63007,201603,2016-03-01,originator,10618800.0
0601011P0AAACAC,Insulin glulisine 100units/ml inj 3ml pf dispos dev,201.0,1478.0,7803.154039999996,201603,2016-03-01,generic analogue,443400.0
0601011A0BBADAC,NovoRapid FlexPen 100units/ml inj 3ml pre-filled pens,66643.0,475451.0,2693670.4543400016,201603,2016-03-01,originator,142635300.0
0601011A0BBAFAD,NovoRapid PumpCart 100units/ml inj 1.6ml cartridges,3849.0,53446.0,149407.45792,201603,2016-03-01,originator,8551360.0
0601011N0BFAEAL,Actrapid 100units/ml solution for injection 10ml vials,809.0,2566.0,17770.359189999992,201603,2016-03-01,human soluble,2566000.0
0601011A0AAACAC,Insulin aspart 100units/ml inj 3ml pf dispos dev,459.0,3434.0,19470.733140000008,201603,2016-03-01,generic analogue,1030200.0
0601011N0AAACAC,Insulin soluble porcine 100units/ml inj 10ml vials,1.0,6.0,139.92739,201603,2016-03-01,human soluble,6000.0
0601011R0BBABAB,Humulin R 500units/ml solution for injection 20ml vials,38.0,74.0,45232.38598000001,201603,2016-03-01,human soluble,740000.0
0601011R0BCAAAD,Insuman Infusat 100units/ml inj 10ml vials,1.0,3.0,231.35332,201603,2016-03-01,human soluble,3000.0
0601011R0AAACAC,Insulin human 100units/ml inj 3.15ml cartridges,1.0,5.0,231.35332,201603,2016-03-01,human soluble,1575.0
0601011L0BBACAC,Humalog 100units/ml solution for injection 3ml cartridges,16959.0,147715.0,774521.37985,201604,2016-04-01,originator,44314500.0
0601011A0AAABAB,Insulin aspart 100units/ml inj 3ml cartridges,1154.0,10373.0,54370.41580999999,201604,2016-04-01,generic analogue,3111900.0
0601011N0BKABAP,Insuman Rapid 100units/ml inj 3ml cartridges,224.0,1772.0,5742.928600000001,201604,2016-04-01,human soluble,531600.0
0601011R0BDAAAC,Insuman Infusat 100units/ml inj 3.15ml cartridges,2.0,10.0,462.75858,201604,2016-04-01,human soluble,3150.0
0601011N0BHADAP,Humulin S 100units/ml solution for injection 3ml cartridges,2628.0,23448.0,82844.23207000003,201604,2016-04-01,human soluble,7034400.0
0601011L0AAACAC,Insulin lispro 100units/ml inj 3ml cartridges,1330.0,11985.0,62839.06883999997,201604,2016-04-01,generic analogue,3595500.0
0601011A0BBAAAA,NovoRapid 100units/ml solution for injection 10ml vials,10779.0,41773.0,544451.9174400002,201604,2016-04-01,originator,41773000.0
0601011L0AAABAB,Insulin lispro 100units/ml solution for injection 10ml vials,631.0,2333.0,35870.52678,201604,2016-04-01,generic analogue,2333000.0
0601011P0AAABAB,Insulin glulisine 100units/ml inj 3ml cartridges,56.0,500.0,2621.57827,201604,2016-04-01,generic analogue,150000.0
0601011N0AAAPAP,Insulin soluble human 100units/ml inj 3ml cartridges,1.0,10.0,35.32824,201604,2016-04-01,human soluble,3000.0
0601011A0BBABAB,NovoRapid Penfill 100units/ml inj 3ml cartridges,54733.0,463373.0,2428805.249139999,201604,2016-04-01,originator,139011900.0
0601011A0BBAFAD,NovoRapid PumpCart 100units/ml inj 1.6ml cartridges,3880.0,54979.0,153712.11602000004,201604,2016-04-01,originator,8796640.0
0601011A0BBADAC,NovoRapid FlexPen 100units/ml inj 3ml pre-filled pens,69080.0,493011.0,2793393.441400001,201604,2016-04-01,originator,147903300.0
0601011A0AAACAC,Insulin aspart 100units/ml inj 3ml pf dispos dev,470.0,3535.0,20052.62039,201604,2016-04-01,generic analogue,1060500.0
0601011N0BFAEAL,Actrapid 100units/ml solution for injection 10ml vials,806.0,2389.0,16547.10821,201604,2016-04-01,human soluble,2389000.0
0601011R0BBABAB,Humulin R 500units/ml solution for injection 20ml vials,34.0,69.0,37756.51780000001,201604,2016-04-01,human soluble,690000.0
0601011L0BBAGAF,Humalog KwikPen 100units/ml inj 3ml pre-filled pens,11704.0,84133.0,459010.45900999993,201604,2016-04-01,originator,25239900.0
0601011P0AAAAAA,Insulin glulisine 100units/ml inj 10ml vials,81.0,322.0,4768.975919999999,201604,2016-04-01,generic analogue,322000.0
0601011P0BBAAAA,Apidra 100units/ml solution for injection 10ml vials,468.0,1736.0,25711.056099999998,201604,2016-04-01,originator,1736000.0
0601011N0BCAAAA,Hypurin Bovine Neutral 100units/ml inj 10ml vials,184.0,644.0,16523.233509999995,201604,2016-04-01,human soluble,644000.0
0601011P0BBAEAC,Apidra 100units/ml inj 3ml pre-filled SoloStar pens,5507.0,37660.0,197387.27130999992,201604,2016-04-01,originator,11298000.0
0601011P0AAACAC,Insulin glulisine 100units/ml inj 3ml pf dispos dev,194.0,1402.0,7347.086599999998,201604,2016-04-01,generic analogue,420600.0
0601011N0BCAHAZ,Hypurin Porcine Neutral 100units/ml inj 3ml cartridges,322.0,2741.0,19183.308970000006,201604,2016-04-01,human soluble,822300.0
0601011L0BBABAB,Humalog 100units/ml solution for injection 10ml vials,3007.0,11543.0,177493.03195999993,201604,2016-04-01,originator,11543000.0
0601011P0BBABAB,Apidra 100units/ml solution for injection 3ml cartridges,791.0,6250.0,32748.94024999999,201604,2016-04-01,originator,1875000.0
0601011L0BBAHAG,Humalog KwikPen 200units/ml inj 3ml pre-filled pens,166.0,1347.0,14692.921219999997,201604,2016-04-01,originator,808200.0
0601011L0AAAGAG,Insulin lispro 200units/ml inj 3ml pf dispos dev,1.0,3.0,32.82768,201604,2016-04-01,generic analogue,1800.0
0601011N0BCAGAY,Hypurin Bovine Neutral 100units/ml inj 3ml cartridges,57.0,544.0,4187.639449999999,201604,2016-04-01,human soluble,163200.0
0601011N0AAALAL,Insulin soluble human 100units/ml inj 10ml vials,4.0,15.0,103.88706,201604,2016-04-01,human soluble,15000.0
0601011N0BCAEAC,Hypurin Porcine Neutral 100units/ml inj 10ml vials,297.0,924.0,21552.748879999996,201604,2016-04-01,human soluble,924000.0
0601011N0AAAAAA,Insulin soluble bovine 100units/ml inj 10ml vials,2.0,3.0,76.98668,201604,2016-04-01,human soluble,3000.0
0601011A0BBAEAC,NovoRapid FlexTouch 100units/ml inj 3ml pre-filled pens,1868.0,13971.0,83147.32687,201604,2016-04-01,originator,4191300.0
0601011A0AAAAAA,Insulin aspart 100units/ml solution for injection 10ml vials,418.0,1779.0,23186.528989999995,201604,2016-04-01,generic analogue,1779000.0
0601011N0BHAAAG,Humulin S 100units/ml solution for injection 10ml vials,320.0,935.0,13571.90098000001,201604,2016-04-01,human soluble,935000.0
0601011L0AAAFAF,Insulin lispro 100units/ml inj 3ml pf dispos dev,378.0,2782.0,15176.947739999998,201604,2016-04-01,generic analogue,834600.0
0601011A0AAADAD,Insulin aspart 100units/ml inj 1.6ml cartridges,34.0,488.0,1364.4386599999996,201604,2016-04-01,generic analogue,78080.0
0601011L0BBAFAF,Humalog Pen 100units/ml inj 3ml pre-filled pens,16.0,99.0,540.13286,201604,2016-04-01,originator,29700.0
0601011L0BBAHAG,Humalog KwikPen 200units/ml inj 3ml pre-filled pens,238.0,2043.0,22290.076349999985,201605,2016-05-01,originator,1225800.0
0601011L0AAAGAG,Insulin lispro 200units/ml inj 3ml pf dispos dev,8.0,55.0,600.07638,201605,2016-05-01,generic analogue,33000.0
0601011L0BBABAB,Humalog 100units/ml solution for injection 10ml vials,2987.0,11267.0,173277.31218999997,201605,2016-05-01,originator,11267000.0
0601011P0BBABAB,Apidra 100units/ml solution for injection 3ml cartridges,719.0,5735.0,30058.03760000001,201605,2016-05-01,originator,1720500.0
0601011N0BCAEAC,Hypurin Porcine Neutral 100units/ml inj 10ml vials,275.0,873.0,20368.579229999996,201605,2016-05-01,human soluble,873000.0
0601011N0AAAAAA,Insulin soluble bovine 100units/ml inj 10ml vials,2.0,8.0,205.31232,201605,2016-05-01,human soluble,8000.0
0601011A0AAADAD,Insulin aspart 100units/ml inj 1.6ml cartridges,21.0,263.0,735.6221699999999,201605,2016-05-01,generic analogue,42080.0
0601011L0BBAFAF,Humalog Pen 100units/ml inj 3ml pre-filled pens,19.0,150.0,818.3863,201605,2016-05-01,originator,45000.0
0601011N0BCAGAY,Hypurin Bovine Neutral 100units/ml inj 3ml cartridges,51.0,435.0,3349.810610000001,201605,2016-05-01,human soluble,130500.0
0601011N0AAALAL,Insulin soluble human 100units/ml inj 10ml vials,3.0,8.0,78.20494,201605,2016-05-01,human soluble,8000.0
0601011A0BBAEAC,NovoRapid FlexTouch 100units/ml inj 3ml pre-filled pens,1812.0,13375.0,79590.36146000001,201605,2016-05-01,originator,4012500.0
0601011A0AAAAAA,Insulin aspart 100units/ml solution for injection 10ml vials,416.0,1716.0,22371.65994999997,201605,2016-05-01,generic analogue,1716000.0
0601011N0BHADAP,Humulin S 100units/ml solution for injection 3ml cartridges,2447.0,21787.0,76996.96266000003,201605,2016-05-01,human soluble,6536100.0
0601011L0AAACAC,Insulin lispro 100units/ml inj 3ml cartridges,1324.0,12052.0,63318.07297,201605,2016-05-01,generic analogue,3615600.0
0601011A0BBAAAA,NovoRapid 100units/ml solution for injection 10ml vials,10474.0,40227.0,524478.7434499997,201605,2016-05-01,originator,40227000.0
0601011L0AAABAB,Insulin lispro 100units/ml solution for injection 10ml vials,615.0,2285.0,35142.027519999974,201605,2016-05-01,generic analogue,2285000.0
0601011P0AAABAB,Insulin glulisine 100units/ml inj 3ml cartridges,61.0,540.0,2833.75988,201605,2016-05-01,generic analogue,162000.0
0601011P0BBADAB,Apidra 100units/ml inj 3ml OptiClik cartridges,1.0,5.0,28.03392,201605,2016-05-01,originator,1500.0
0601011N0AAAPAP,Insulin soluble human 100units/ml inj 3ml cartridges,1.0,5.0,17.67512,201605,2016-05-01,human soluble,1500.0
0601011N0BFAJAD,Human Actrapid Penfill 100units/ml inj 1.5ml cartridges,3.0,8.0,17.28711,201605,2016-05-01,human soluble,1200.0
0601011L0BBAGAF,Humalog KwikPen 100units/ml inj 3ml pre-filled pens,11396.0,81182.0,442973.78310000023,201605,2016-05-01,originator,24354600.0
0601011P0BBAAAA,Apidra 100units/ml solution for injection 10ml vials,485.0,1807.0,26769.729099999993,201605,2016-05-01,originator,1807000.0
0601011N0BCAAAA,Hypurin Bovine Neutral 100units/ml inj 10ml vials,146.0,517.0,13268.367479999994,201605,2016-05-01,human soluble,517000.0
0601011P0AAAAAA,Insulin glulisine 100units/ml inj 10ml vials,80.0,352.0,5214.6307799999995,201605,2016-05-01,generic analogue,352000.0
0601011R0BBAAAD,Humulin R 100units/ml solution for injection 10ml vials,1.0,2.0,2798.79512,201605,2016-05-01,human soluble,2000.0
0601011N0BHAAAG,Humulin S 100units/ml solution for injection 10ml vials,339.0,1009.0,14649.859590000002,201605,2016-05-01,human soluble,1009000.0
0601011L0AAAFAF,Insulin lispro 100units/ml inj 3ml pf dispos dev,352.0,2624.0,14318.556699999992,201605,2016-05-01,generic analogue,787200.0
0601011R0AAABAB,Insulin human 500units/ml solution for injection 20ml vials,1.0,1.0,673.25102,201605,2016-05-01,human soluble,10000.0
0601011L0BBACAC,Humalog 100units/ml solution for injection 3ml cartridges,16275.0,143608.0,752938.7861999997,201605,2016-05-01,originator,43082400.0
0601011A0AAABAB,Insulin aspart 100units/ml inj 3ml cartridges,1092.0,9607.0,50369.600740000016,201605,2016-05-01,generic analogue,2882100.0
0601011N0BKABAP,Insuman Rapid 100units/ml inj 3ml cartridges,213.0,1621.0,5254.661239999998,201605,2016-05-01,human soluble,486300.0
0601011R0BDAAAC,Insuman Infusat 100units/ml inj 3.15ml cartridges,3.0,30.0,1388.61616,201605,2016-05-01,human soluble,9450.0
0601011A0BBABAB,NovoRapid Penfill 100units/ml inj 3ml cartridges,52412.0,442209.0,2318478.6792200003,201605,2016-05-01,originator,132662700.0
0601011P0BBAEAC,Apidra 100units/ml inj 3ml pre-filled SoloStar pens,5313.0,35555.0,186380.78433000002,201605,2016-05-01,originator,10666500.0
0601011N0BCAHAZ,Hypurin Porcine Neutral 100units/ml inj 3ml cartridges,297.0,2625.0,18376.35937,201605,2016-05-01,human soluble,787500.0
0601011P0AAACAC,Insulin glulisine 100units/ml inj 3ml pf dispos dev,184.0,1339.0,7018.730579999996,201605,2016-05-01,generic analogue,401700.0
0601011A0BBADAC,NovoRapid FlexPen 100units/ml inj 3ml pre-filled pens,66490.0,475712.0,2696446.5673399987,201605,2016-05-01,originator,142713600.0
0601011A0BBAFAD,NovoRapid PumpCart 100units/ml inj 1.6ml cartridges,3942.0,55823.0,156112.69581,201605,2016-05-01,originator,8931680.0
0601011N0BFAEAL,Actrapid 100units/ml solution for injection 10ml vials,733.0,2198.0,15228.306140000004,201605,2016-05-01,human soluble,2198000.0
0601011A0AAACAC,Insulin aspart 100units/ml inj 3ml pf dispos dev,469.0,3502.0,19857.201349999992,201605,2016-05-01,generic analogue,1050600.0
0601011R0BBABAB,Humulin R 500units/ml solution for injection 20ml vials,32.0,65.0,42884.13372999999,201605,2016-05-01,human soluble,650000.0
0601011R0BCAAAD,Insuman Infusat 100units/ml inj 10ml vials,1.0,3.0,231.44223,201605,2016-05-01,human soluble,3000.0
0601011N0AAACAC,Insulin soluble porcine 100units/ml inj 10ml vials,1.0,6.0,139.98116,201605,2016-05-01,human soluble,6000.0
0601011A0BBABAB,NovoRapid Penfill 100units/ml inj 3ml cartridges,54497.0,459371.0,2410728.8873600005,201606,2016-06-01,originator,137811300.0
0601011P0BBAEAC,Apidra 100units/ml inj 3ml pre-filled SoloStar pens,5643.0,37963.0,199216.61086000004,201606,2016-06-01,originator,11388900.0
0601011N0BCAHAZ,Hypurin Porcine Neutral 100units/ml inj 3ml cartridges,317.0,2731.0,19137.319279999996,201606,2016-06-01,human soluble,819300.0
0601011P0AAACAC,Insulin glulisine 100units/ml inj 3ml pf dispos dev,192.0,1287.0,6753.265410000004,201606,2016-06-01,generic analogue,386100.0
0601011P0BBAAAA,Apidra 100units/ml solution for injection 10ml vials,502.0,1946.0,28855.684699999998,201606,2016-06-01,originator,1946000.0
0601011L0BBAGAF,Humalog KwikPen 100units/ml inj 3ml pre-filled pens,11902.0,85551.0,467306.98142000026,201606,2016-06-01,originator,25665300.0
0601011N0BCAAAA,Hypurin Bovine Neutral 100units/ml inj 10ml vials,172.0,597.0,15335.83376,201606,2016-06-01,human soluble,597000.0
0601011P0AAAAAA,Insulin glulisine 100units/ml inj 10ml vials,66.0,249.0,3692.306830000001,201606,2016-06-01,generic analogue,249000.0
0601011N0BCAGAY,Hypurin Bovine Neutral 100units/ml inj 3ml cartridges,63.0,609.0,4693.57074,201606,2016-06-01,human soluble,182700.0
0601011N0AAALAL,Insulin soluble human 100units/ml inj 10ml vials,1.0,5.0,34.66655,201606,2016-06-01,human soluble,5000.0
0601011A0BBAEAC,NovoRapid FlexTouch 100units/ml inj 3ml pre-filled pens,2015.0,15123.0,90076.45563000001,201606,2016-06-01,originator,4536900.0
0601011A0AAAAAA,Insulin aspart 100units/ml solution for injection 10ml vials,405.0,1676.0,21870.505900000004,201606,2016-06-01,generic analogue,1676000.0
0601011L0BBACAC,Humalog 100units/ml solution for injection 3ml cartridges,16706.0,145749.0,764887.5964500003,201606,2016-06-01,originator,43724700.0
0601011A0AAABAB,Insulin aspart 100units/ml inj 3ml cartridges,1058.0,9207.0,48317.13464000001,201606,2016-06-01,generic analogue,2762100.0
0601011N0BKABAP,Insuman Rapid 100units/ml inj 3ml cartridges,221.0,1816.0,5892.743910000003,201606,2016-06-01,human soluble,544800.0
0601011R0BDAAAC,Insuman Infusat 100units/ml inj 3.15ml cartridges,2.0,15.0,694.96097,201606,2016-06-01,human soluble,4725.0
0601011N0BHADAP,Humulin S 100units/ml solution for injection 3ml cartridges,2498.0,22706.0,80318.64528000001,201606,2016-06-01,human soluble,6811800.0
0601011L0AAACAC,Insulin lispro 100units/ml inj 3ml cartridges,1246.0,11588.0,60810.59465999999,201606,2016-06-01,generic analogue,3476400.0
0601011L0AAAFAF,Insulin lispro 100units/ml inj 3ml pf dispos dev,337.0,2521.0,13769.337099999997,201606,2016-06-01,generic analogue,756300.0
0601011N0BHAAAG,Humulin S 100units/ml solution for injection 10ml vials,356.0,1038.0,15085.035349999986,201606,2016-06-01,human soluble,1038000.0
0601011A0AAADAD,Insulin aspart 100units/ml inj 1.6ml cartridges,32.0,473.0,1324.0690499999996,201606,2016-06-01,generic analogue,75680.0
0601011L0BBAFAF,Humalog Pen 100units/ml inj 3ml pre-filled pens,20.0,101.0,551.74739,201606,2016-06-01,originator,30300.0
0601011A0BBADAC,NovoRapid FlexPen 100units/ml inj 3ml pre-filled pens,69347.0,495204.0,2809272.274529999,201606,2016-06-01,originator,148561200.0
0601011A0BBAFAD,NovoRapid PumpCart 100units/ml inj 1.6ml cartridges,4001.0,56925.0,159342.43947000004,201606,2016-06-01,originator,9108000.0
0601011A0AAACAC,Insulin aspart 100units/ml inj 3ml pf dispos dev,487.0,3558.0,20215.65490999999,201606,2016-06-01,generic analogue,1067400.0
0601011N0BFAEAL,Actrapid 100units/ml solution for injection 10ml vials,819.0,2400.0,16643.428400000004,201606,2016-06-01,human soluble,2400000.0
0601011R0BBABAB,Humulin R 500units/ml solution for injection 20ml vials,36.0,62.0,35628.13432,201606,2016-06-01,human soluble,620000.0
0601011N0AAACAC,Insulin soluble porcine 100units/ml inj 10ml vials,1.0,3.0,70.06197,201606,2016-06-01,human soluble,3000.0
0601011N0BCAEAC,Hypurin Porcine Neutral 100units/ml inj 10ml vials,284.0,809.0,18893.24488000001,201606,2016-06-01,human soluble,809000.0
0601011N0AAAAAA,Insulin soluble bovine 100units/ml inj 10ml vials,6.0,19.0,488.08637,201606,2016-06-01,human soluble,19000.0
0601011A0BBAAAA,NovoRapid 100units/ml solution for injection 10ml vials,11162.0,43519.0,567888.67379,201606,2016-06-01,originator,43519000.0
0601011L0AAABAB,Insulin lispro 100units/ml solution for injection 10ml vials,588.0,2159.0,33235.22547999999,201606,2016-06-01,generic analogue,2159000.0
0601011P0AAABAB,Insulin glulisine 100units/ml inj 3ml cartridges,55.0,450.0,2373.4380500000007,201606,2016-06-01,generic analogue,135000.0
0601011N0AAAPAP,Insulin soluble human 100units/ml inj 3ml cartridges,3.0,25.0,82.57708,201606,2016-06-01,human soluble,7500.0
0601011L0BBAHAG,Humalog KwikPen 200units/ml inj 3ml pre-filled pens,261.0,2214.0,24178.54737999999,201606,2016-06-01,originator,1328400.0
0601011L0AAAGAG,Insulin lispro 200units/ml inj 3ml pf dispos dev,22.0,187.0,2042.2600200000002,201606,2016-06-01,generic analogue,112200.0
0601011L0BBABAB,Humalog 100units/ml solution for injection 10ml vials,3090.0,11818.0,181940.21991999992,201606,2016-06-01,originator,11818000.0
0601011P0BBABAB,Apidra 100units/ml solution for injection 3ml cartridges,762.0,6136.0,32190.610589999986,201606,2016-06-01,originator,1840800.0
0601011L0BBABAB,Humalog 100units/ml solution for injection 10ml vials,3164.0,12240.0,188405.70915000004,201607,2016-07-01,originator,12240000.0
0601011P0BBABAB,Apidra 100units/ml solution for injection 3ml cartridges,751.0,6068.0,31831.795250000006,201607,2016-07-01,originator,1820400.0
0601011L0BBAHAG,Humalog KwikPen 200units/ml inj 3ml pre-filled pens,295.0,2440.0,26644.466180000025,201607,2016-07-01,originator,1464000.0
0601011L0AAAGAG,Insulin lispro 200units/ml inj 3ml pf dispos dev,8.0,50.0,546.0113999999999,201607,2016-07-01,generic analogue,30000.0
0601011N0BCAEAC,Hypurin Porcine Neutral 100units/ml inj 10ml vials,260.0,785.0,18331.65361000001,201607,2016-07-01,human soluble,785000.0
0601011N0AAAAAA,Insulin soluble bovine 100units/ml inj 10ml vials,2.0,5.0,128.44201999999999,201607,2016-07-01,human soluble,5000.0
0601011L0BBAFAF,Humalog Pen 100units/ml inj 3ml pre-filled pens,18.0,140.0,764.50028,201607,2016-07-01,originator,42000.0
0601011N0BFAQAP,Actrapid Penfill 100units/ml inj 3ml cartridges,11.0,135.0,502.68456000000003,201607,2016-07-01,human soluble,40500.0
0601011A0AAADAD,Insulin aspart 100units/ml inj 1.6ml cartridges,35.0,448.0,1254.09359,201607,2016-07-01,generic analogue,71680.0
0601011N0AAADAD,Insulin soluble human 100units/ml inj 1.5ml cartridges,1.0,5.0,10.63192,201607,2016-07-01,human soluble,750.0
0601011N0BCAGAY,Hypurin Bovine Neutral 100units/ml inj 3ml cartridges,48.0,442.0,3406.243720000001,201607,2016-07-01,human soluble,132600.0
0601011N0AAALAL,Insulin soluble human 100units/ml inj 10ml vials,5.0,16.0,110.98924000000001,201607,2016-07-01,human soluble,16000.0
0601011P0BBACAC,Apidra 100units/ml inj 3ml pre-filled OptiSet pens,1.0,5.0,28.0585,201607,2016-07-01,originator,1500.0
0601011A0BBAEAC,NovoRapid FlexTouch 100units/ml inj 3ml pre-filled pens,1843.0,13742.0,81846.25009999995,201607,2016-07-01,originator,4122600.0
0601011A0AAAAAA,Insulin aspart 100units/ml solution for injection 10ml vials,416.0,1759.0,22952.243499999997,201607,2016-07-01,generic analogue,1759000.0
0601011A0BBAAAA,NovoRapid 100units/ml solution for injection 10ml vials,11520.0,44943.0,586441.1348200004,201607,2016-07-01,originator,44943000.0
0601011L0AAABAB,Insulin lispro 100units/ml solution for injection 10ml vials,648.0,2479.0,38158.88666,201607,2016-07-01,generic analogue,2479000.0
0601011P0AAABAB,Insulin glulisine 100units/ml inj 3ml cartridges,38.0,315.0,1656.0341900000003,201607,2016-07-01,generic analogue,94500.0
0601011N0AAAPAP,Insulin soluble human 100units/ml inj 3ml cartridges,2.0,10.0,37.27429,201607,2016-07-01,human soluble,3000.0
0601011N0BFAJAD,Human Actrapid Penfill 100units/ml inj 1.5ml cartridges,6.0,60.0,127.38859000000001,201607,2016-07-01,human soluble,9000.0
0601011N0BHADAP,Humulin S 100units/ml solution for injection 3ml cartridges,2461.0,22459.0,79441.43605999993,201607,2016-07-01,human soluble,6737700.0
0601011L0AAACAC,Insulin lispro 100units/ml inj 3ml cartridges,1266.0,11748.0,61647.04566000003,201607,2016-07-01,generic analogue,3524400.0
0601011L0BBAGAF,Humalog KwikPen 100units/ml inj 3ml pre-filled pens,11533.0,82391.0,449993.45960999985,201607,2016-07-01,originator,24717300.0
0601011P0BBAAAA,Apidra 100units/ml solution for injection 10ml vials,499.0,1900.0,28172.141879999996,201607,2016-07-01,originator,1900000.0
0601011P0AAAAAA,Insulin glulisine 100units/ml inj 10ml vials,70.0,257.0,3810.7520500000005,201607,2016-07-01,generic analogue,257000.0
0601011N0BCAAAA,Hypurin Bovine Neutral 100units/ml inj 10ml vials,160.0,627.0,16105.243310000003,201607,2016-07-01,human soluble,627000.0
0601011L0BBACAC,Humalog 100units/ml solution for injection 3ml cartridges,16868.0,148415.0,778845.4705699999,201607,2016-07-01,originator,44524500.0
0601011A0AAABAB,Insulin aspart 100units/ml inj 3ml cartridges,1161.0,10280.0,53944.996780000016,201607,2016-07-01,generic analogue,3084000.0
0601011N0BKABAP,Insuman Rapid 100units/ml inj 3ml cartridges,234.0,1808.0,5866.330050000004,201607,2016-07-01,human soluble,542400.0
0601011R0BDAAAC,Insuman Infusat 100units/ml inj 3.15ml cartridges,2.0,30.0,1389.8216,201607,2016-07-01,human soluble,9450.0
0601011L0AAAFAF,Insulin lispro 100units/ml inj 3ml pf dispos dev,362.0,2608.0,14244.596000000003,201607,2016-07-01,generic analogue,782400.0
0601011N0BHAAAG,Humulin S 100units/ml solution for injection 10ml vials,326.0,923.0,13413.339889999988,201607,2016-07-01,human soluble,923000.0
0601011A0BBABAB,NovoRapid Penfill 100units/ml inj 3ml cartridges,54741.0,462581.0,2427450.9152,201607,2016-07-01,originator,138774300.0
0601011P0AAACAC,Insulin glulisine 100units/ml inj 3ml pf dispos dev,212.0,1472.0,7728.505369999993,201607,2016-07-01,generic analogue,441600.0
0601011P0BBAEAC,Apidra 100units/ml inj 3ml pre-filled SoloStar pens,5560.0,37407.0,196288.66884,201607,2016-07-01,originator,11222100.0
0601011N0BCAHAZ,Hypurin Porcine Neutral 100units/ml inj 3ml cartridges,303.0,2698.0,18903.818049999998,201607,2016-07-01,human soluble,809400.0
0601011A0BBADAC,NovoRapid FlexPen 100units/ml inj 3ml pre-filled pens,68410.0,489977.0,2779472.25046,201607,2016-07-01,originator,146993100.0
0601011A0BBAFAD,NovoRapid PumpCart 100units/ml inj 1.6ml cartridges,4347.0,62203.0,174107.3006399999,201607,2016-07-01,originator,9952480.0
0601011A0AAACAC,Insulin aspart 100units/ml inj 3ml pf dispos dev,430.0,3128.0,17755.846999999994,201607,2016-07-01,generic analogue,938400.0
0601011R0BBABAB,Humulin R 500units/ml solution for injection 20ml vials,37.0,94.0,45830.41372999999,201607,2016-07-01,human soluble,940000.0
0601011N0BFAEAL,Actrapid 100units/ml solution for injection 10ml vials,773.0,2346.0,16267.968710000008,201607,2016-07-01,human soluble,2346000.0
0601011P0BBABAB,Apidra 100units/ml solution for injection 3ml cartridges,727.0,5567.0,29200.5397,201608,2016-08-01,originator,1670100.0
0601011L0BBABAB,Humalog 100units/ml solution for injection 10ml vials,3026.0,11501.0,177009.20501,201608,2016-08-01,originator,11501000.0
0601011N0BCAEAC,Hypurin Porcine Neutral 100units/ml inj 10ml vials,274.0,852.0,19893.68772000001,201608,2016-08-01,human soluble,852000.0
0601011N0AAAAAA,Insulin soluble bovine 100units/ml inj 10ml vials,2.0,4.0,102.74601,201608,2016-08-01,human soluble,4000.0
0601011A0AAADAD,Insulin aspart 100units/ml inj 1.6ml cartridges,33.0,395.0,1105.5330900000001,201608,2016-08-01,generic analogue,63200.0
0601011L0BBAFAF,Humalog Pen 100units/ml inj 3ml pre-filled pens,16.0,90.0,491.44685999999996,201608,2016-08-01,originator,27000.0
0601011N0BCAGAY,Hypurin Bovine Neutral 100units/ml inj 3ml cartridges,67.0,578.0,4453.748689999997,201608,2016-08-01,human soluble,173400.0
0601011N0AAALAL,Insulin soluble human 100units/ml inj 10ml vials,4.0,14.0,119.85395999999999,201608,2016-08-01,human soluble,14000.0
0601011P0BBACAC,Apidra 100units/ml inj 3ml pre-filled OptiSet pens,1.0,5.0,28.05507,201608,2016-08-01,originator,1500.0
0601011L0BBAHAG,Humalog KwikPen 200units/ml inj 3ml pre-filled pens,371.0,2947.0,32178.05611,201608,2016-08-01,originator,1768200.0
0601011L0AAAGAG,Insulin lispro 200units/ml inj 3ml pf dispos dev,13.0,132.0,1441.29498,201608,2016-08-01,generic analogue,79200.0
0601011A0BBAEAC,NovoRapid FlexTouch 100units/ml inj 3ml pre-filled pens,1956.0,14686.0,87489.45383000003,201608,2016-08-01,originator,4405800.0
0601011A0AAAAAA,Insulin aspart 100units/ml solution for injection 10ml vials,376.0,1567.0,20444.479980000004,201608,2016-08-01,generic analogue,1567000.0
0601011A0BBAAAA,NovoRapid 100units/ml solution for injection 10ml vials,10779.0,42466.0,554049.5206199999,201608,2016-08-01,originator,42466000.0
0601011L0AAABAB,Insulin lispro 100units/ml solution for injection 10ml vials,600.0,2213.0,34060.44633,201608,2016-08-01,generic analogue,2213000.0
0601011P0AAABAB,Insulin glulisine 100units/ml inj 3ml cartridges,54.0,412.0,2166.5523900000003,201608,2016-08-01,generic analogue,123600.0
0601011N0AAAPAP,Insulin soluble human 100units/ml inj 3ml cartridges,2.0,15.0,53.05296,201608,2016-08-01,human soluble,4500.0
0601011N0BHADAP,Humulin S 100units/ml solution for injection 3ml cartridges,2599.0,22899.0,80989.58255999995,201608,2016-08-01,human soluble,6869700.0
0601011L0AAACAC,Insulin lispro 100units/ml inj 3ml cartridges,1237.0,11155.0,58548.502689999994,201608,2016-08-01,generic analogue,3346500.0
0601011L0AAAFAF,Insulin lispro 100units/ml inj 3ml pf dispos dev,326.0,2434.0,13291.691620000007,201608,2016-08-01,generic analogue,730200.0
0601011N0BHAAAG,Humulin S 100units/ml solution for injection 10ml vials,299.0,836.0,12147.378159999991,201608,2016-08-01,human soluble,836000.0
0601011L0BBAGAF,Humalog KwikPen 100units/ml inj 3ml pre-filled pens,11778.0,84583.0,461897.0131799998,201608,2016-08-01,originator,25374900.0
0601011P0BBAAAA,Apidra 100units/ml solution for injection 10ml vials,497.0,1845.0,27353.374820000012,201608,2016-08-01,originator,1845000.0
0601011P0AAAAAA,Insulin glulisine 100units/ml inj 10ml vials,74.0,300.0,4447.723579999999,201608,2016-08-01,generic analogue,300000.0
0601011N0BCAAAA,Hypurin Bovine Neutral 100units/ml inj 10ml vials,165.0,563.0,14459.85897,201608,2016-08-01,human soluble,563000.0
0601011L0BBACAC,Humalog 100units/ml solution for injection 3ml cartridges,16189.0,140929.0,739530.3047199995,201608,2016-08-01,originator,42278700.0
0601011A0AAABAB,Insulin aspart 100units/ml inj 3ml cartridges,1107.0,10299.0,54037.05429999999,201608,2016-08-01,generic analogue,3089700.0
0601011N0BKABAP,Insuman Rapid 100units/ml inj 3ml cartridges,208.0,1618.0,5249.24721,201608,2016-08-01,human soluble,485400.0
0601011P0BBAEAC,Apidra 100units/ml inj 3ml pre-filled SoloStar pens,5582.0,38014.0,199418.45141000004,201608,2016-08-01,originator,11404200.0
0601011N0BCAHAZ,Hypurin Porcine Neutral 100units/ml inj 3ml cartridges,289.0,2539.0,17787.416409999998,201608,2016-08-01,human soluble,761700.0
0601011P0AAACAC,Insulin glulisine 100units/ml inj 3ml pf dispos dev,182.0,1219.0,6398.964440000001,201608,2016-08-01,generic analogue,365700.0
0601011A0BBABAB,NovoRapid Penfill 100units/ml inj 3ml cartridges,52525.0,444916.0,2334464.3228999996,201608,2016-08-01,originator,133474800.0
0601011A0BBADAC,NovoRapid FlexPen 100units/ml inj 3ml pre-filled pens,68519.0,488269.0,2769402.2654199987,201608,2016-08-01,originator,146480700.0
0601011N0BFAEAL,Actrapid 100units/ml solution for injection 10ml vials,747.0,2285.0,15842.594540000004,201608,2016-08-01,human soluble,2285000.0
0601011A0BBAFAD,NovoRapid PumpCart 100units/ml inj 1.6ml cartridges,4113.0,59145.0,165600.05113,201608,2016-08-01,originator,9463200.0
0601011A0AAACAC,Insulin aspart 100units/ml inj 3ml pf dispos dev,445.0,3407.0,19336.82980000001,201608,2016-08-01,generic analogue,1022100.0
0601011R0BBABAB,Humulin R 500units/ml solution for injection 20ml vials,38.0,81.0,45313.476830000014,201608,2016-08-01,human soluble,810000.0
0601011N0AAACAC,Insulin soluble porcine 100units/ml inj 10ml vials,5.0,15.0,350.24797,201608,2016-08-01,human soluble,15000.0
0601011R0AAACAC,Insulin human 100units/ml inj 3.15ml cartridges,1.0,5.0,231.61688,201608,2016-08-01,human soluble,1575.0
0601011L0BBABAB,Humalog 100units/ml solution for injection 10ml vials,3035.0,11605.0,178544.34853999998,201609,2016-09-01,originator,11605000.0
0601011P0BBABAB,Apidra 100units/ml solution for injection 3ml cartridges,742.0,5901.0,30940.718329999992,201609,2016-09-01,originator,1770300.0
0601011N0BCAEAC,Hypurin Porcine Neutral 100units/ml inj 10ml vials,278.0,837.0,19536.37251,201609,2016-09-01,human soluble,837000.0
0601011N0AAAAAA,Insulin soluble bovine 100units/ml inj 10ml vials,2.0,14.0,359.41697999999997,201609,2016-09-01,human soluble,14000.0
0601011L0BBAHAG,Humalog KwikPen 200units/ml inj 3ml pre-filled pens,388.0,3149.0,34370.876530000016,201609,2016-09-01,originator,1889400.0
0601011L0AAAGAG,Insulin lispro 200units/ml inj 3ml pf dispos dev,7.0,35.0,382.02583000000004,201609,2016-09-01,generic analogue,21000.0
0601011A0AAADAD,Insulin aspart 100units/ml inj 1.6ml cartridges,29.0,438.0,1225.4378999999997,201609,2016-09-01,generic analogue,70080.0
0601011L0BBAFAF,Humalog Pen 100units/ml inj 3ml pre-filled pens,21.0,141.0,769.7178,201609,2016-09-01,originator,42300.0
0601011N0BCAGAY,Hypurin Bovine Neutral 100units/ml inj 3ml cartridges,49.0,504.0,3882.1649200000006,201609,2016-09-01,human soluble,151200.0
0601011P0BBACAC,Apidra 100units/ml inj 3ml pre-filled OptiSet pens,1.0,5.0,28.04477,201609,2016-09-01,originator,1500.0
0601011L0BBAGAF,Humalog KwikPen 100units/ml inj 3ml pre-filled pens,11809.0,84325.0,460322.86132999987,201609,2016-09-01,originator,25297500.0
0601011N0BCAAAA,Hypurin Bovine Neutral 100units/ml inj 10ml vials,160.0,594.0,15250.356779999993,201609,2016-09-01,human soluble,594000.0
0601011P0BBAAAA,Apidra 100units/ml solution for injection 10ml vials,501.0,1903.0,28202.72628000001,201609,2016-09-01,originator,1903000.0
0601011P0AAAAAA,Insulin glulisine 100units/ml inj 10ml vials,78.0,291.0,4312.771720000001,201609,2016-09-01,generic analogue,291000.0
0601011A0BBABAB,NovoRapid Penfill 100units/ml inj 3ml cartridges,53882.0,453828.0,2380374.0833099997,201609,2016-09-01,originator,136148400.0
0601011A0BBADAC,NovoRapid FlexPen 100units/ml inj 3ml pre-filled pens,69257.0,494896.0,2806003.457640002,201609,2016-09-01,originator,148468800.0
0601011N0BFAEAL,Actrapid 100units/ml solution for injection 10ml vials,779.0,2242.0,15539.461819999995,201609,2016-09-01,human soluble,2242000.0
0601011A0BBAFAD,NovoRapid PumpCart 100units/ml inj 1.6ml cartridges,4301.0,61046.0,170785.18887,201609,2016-09-01,originator,9767360.0
0601011R0BBABAB,Humulin R 500units/ml solution for injection 20ml vials,36.0,73.0,45332.63997,201609,2016-09-01,human soluble,730000.0
0601011A0AAACAC,Insulin aspart 100units/ml inj 3ml pf dispos dev,434.0,3208.0,18199.760170000005,201609,2016-09-01,generic analogue,962400.0
0601011N0AAACAC,Insulin soluble porcine 100units/ml inj 10ml vials,2.0,5.0,116.71056999999999,201609,2016-09-01,human soluble,5000.0
0601011R0AAACAC,Insulin human 100units/ml inj 3.15ml cartridges,1.0,5.0,231.53179,201609,2016-09-01,human soluble,1575.0
0601011N0BHAAAG,Humulin S 100units/ml solution for injection 10ml vials,322.0,953.0,13842.158719999996,201609,2016-09-01,human soluble,953000.0
0601011L0AAAFAF,Insulin lispro 100units/ml inj 3ml pf dispos dev,330.0,2547.0,13903.882700000013,201609,2016-09-01,generic analogue,764100.0
0601011P0BBAEAC,Apidra 100units/ml inj 3ml pre-filled SoloStar pens,5616.0,38279.0,200735.65697999994,201609,2016-09-01,originator,11483700.0
0601011N0BCAHAZ,Hypurin Porcine Neutral 100units/ml inj 3ml cartridges,286.0,2721.0,19054.479870000006,201609,2016-09-01,human soluble,816300.0
0601011P0AAACAC,Insulin glulisine 100units/ml inj 3ml pf dispos dev,193.0,1474.0,7731.621730000007,201609,2016-09-01,generic analogue,442200.0
0601011A0BBAAAA,NovoRapid 100units/ml solution for injection 10ml vials,11137.0,43081.0,561883.0905699998,201609,2016-09-01,originator,43081000.0
0601011L0AAABAB,Insulin lispro 100units/ml solution for injection 10ml vials,604.0,2346.0,36093.84744999999,201609,2016-09-01,generic analogue,2346000.0
0601011P0AAABAB,Insulin glulisine 100units/ml inj 3ml cartridges,49.0,400.0,2100.895809999999,201609,2016-09-01,generic analogue,120000.0
0601011N0AAAPAP,Insulin soluble human 100units/ml inj 3ml cartridges,3.0,25.0,81.06899,201609,2016-09-01,human soluble,7500.0
0601011A0BBAEAC,NovoRapid FlexTouch 100units/ml inj 3ml pre-filled pens,2033.0,15193.0,90444.17893,201609,2016-09-01,originator,4557900.0
0601011A0AAAAAA,Insulin aspart 100units/ml solution for injection 10ml vials,419.0,1676.0,21858.773530000002,201609,2016-09-01,generic analogue,1676000.0
0601011L0BBACAC,Humalog 100units/ml solution for injection 3ml cartridges,16294.0,141731.0,743531.9626200005,201609,2016-09-01,originator,42519300.0
0601011A0AAABAB,Insulin aspart 100units/ml inj 3ml cartridges,1113.0,9809.0,51448.62006,201609,2016-09-01,generic analogue,2942700.0
0601011N0BKABAP,Insuman Rapid 100units/ml inj 3ml cartridges,230.0,1726.0,5597.799640000001,201609,2016-09-01,human soluble,517800.0
0601011R0BDAAAC,Insuman Infusat 100units/ml inj 3.15ml cartridges,1.0,5.0,231.53179,201609,2016-09-01,human soluble,1575.0
0601011N0BHADAP,Humulin S 100units/ml solution for injection 3ml cartridges,2514.0,22480.0,79476.37143000001,201609,2016-09-01,human soluble,6744000.0
0601011L0AAACAC,Insulin lispro 100units/ml inj 3ml cartridges,1236.0,11321.0,59377.46006999999,201609,2016-09-01,generic analogue,3396300.0
0601011L0BBACAC,Humalog 100units/ml solution for injection 3ml cartridges,15675.0,136610.0,716177.6581300001,201610,2016-10-01,originator,40983000.0
0601011A0AAABAB,Insulin aspart 100units/ml inj 3ml cartridges,985.0,8446.0,44276.38823,201610,2016-10-01,generic analogue,2533800.0
0601011N0BKABAP,Insuman Rapid 100units/ml inj 3ml cartridges,194.0,1442.0,4674.438979999996,201610,2016-10-01,human soluble,432600.0
0601011R0BDAAAC,Insuman Infusat 100units/ml inj 3.15ml cartridges,1.0,10.0,462.81165,201610,2016-10-01,human soluble,3150.0
0601011L0BBAGAF,Humalog KwikPen 100units/ml inj 3ml pre-filled pens,11503.0,82074.0,447826.2442899998,201610,2016-10-01,originator,24622200.0
0601011P0BBAAAA,Apidra 100units/ml solution for injection 10ml vials,505.0,1951.0,28899.112249999987,201610,2016-10-01,originator,1951000.0
0601011P0AAAAAA,Insulin glulisine 100units/ml inj 10ml vials,75.0,314.0,4651.112000000001,201610,2016-10-01,generic analogue,314000.0
0601011N0BCAAAA,Hypurin Bovine Neutral 100units/ml inj 10ml vials,148.0,530.0,13600.246319999995,201610,2016-10-01,human soluble,530000.0
0601011N0BHAAAG,Humulin S 100units/ml solution for injection 10ml vials,298.0,921.0,13370.398150000008,201610,2016-10-01,human soluble,921000.0
0601011L0AAAFAF,Insulin lispro 100units/ml inj 3ml pf dispos dev,357.0,2843.0,15510.730990000007,201610,2016-10-01,generic analogue,852900.0
0601011P0BBAEAC,Apidra 100units/ml inj 3ml pre-filled SoloStar pens,5347.0,36323.0,190382.62785000002,201610,2016-10-01,originator,10896900.0
0601011N0BCAHAZ,Hypurin Porcine Neutral 100units/ml inj 3ml cartridges,280.0,2486.0,17400.70739999999,201610,2016-10-01,human soluble,745800.0
0601011P0AAACAC,Insulin glulisine 100units/ml inj 3ml pf dispos dev,222.0,1486.0,7788.8401099999965,201610,2016-10-01,generic analogue,445800.0
0601011A0BBABAB,NovoRapid Penfill 100units/ml inj 3ml cartridges,51584.0,435634.0,2283790.44215,201610,2016-10-01,originator,130690200.0
0601011A0BBADAC,NovoRapid FlexPen 100units/ml inj 3ml pre-filled pens,67078.0,476813.0,2702058.800430002,201610,2016-10-01,originator,143043900.0
0601011A0BBAFAD,NovoRapid PumpCart 100units/ml inj 1.6ml cartridges,4238.0,59799.0,167209.81793999998,201610,2016-10-01,originator,9567840.0
0601011N0BFAEAL,Actrapid 100units/ml solution for injection 10ml vials,725.0,2372.0,16430.893959999994,201610,2016-10-01,human soluble,2372000.0
0601011R0BBABAB,Humulin R 500units/ml solution for injection 20ml vials,37.0,93.0,48981.221489999996,201610,2016-10-01,human soluble,930000.0
0601011A0AAACAC,Insulin aspart 100units/ml inj 3ml pf dispos dev,419.0,3124.0,17716.710069999986,201610,2016-10-01,generic analogue,937200.0
0601011N0BCAGAY,Hypurin Bovine Neutral 100units/ml inj 3ml cartridges,58.0,518.0,3988.048650000001,201610,2016-10-01,human soluble,155400.0
0601011N0AAALAL,Insulin soluble human 100units/ml inj 10ml vials,6.0,18.0,147.4667,201610,2016-10-01,human soluble,18000.0
0601011N0BCAEAC,Hypurin Porcine Neutral 100units/ml inj 10ml vials,245.0,742.0,17310.075150000004,201610,2016-10-01,human soluble,742000.0
0601011N0AAAAAA,Insulin soluble bovine 100units/ml inj 10ml vials,2.0,7.0,179.62793,201610,2016-10-01,human soluble,7000.0
0601011A0AAADAD,Insulin aspart 100units/ml inj 1.6ml cartridges,38.0,524.0,1465.41228,201610,2016-10-01,generic analogue,83840.0
0601011L0BBAFAF,Humalog Pen 100units/ml inj 3ml pre-filled pens,15.0,95.0,518.2804699999999,201610,2016-10-01,originator,28500.0
0601011P0BBABAB,Apidra 100units/ml solution for injection 3ml cartridges,722.0,5815.0,30473.603200000005,201610,2016-10-01,originator,1744500.0
0601011L0BBABAB,Humalog 100units/ml solution for injection 10ml vials,2876.0,10955.0,168476.68675000002,201610,2016-10-01,originator,10955000.0
0601011N0BHADAP,Humulin S 100units/ml solution for injection 3ml cartridges,2476.0,22368.0,79039.16136999999,201610,2016-10-01,human soluble,6710400.0
0601011L0AAACAC,Insulin lispro 100units/ml inj 3ml cartridges,1225.0,11110.0,58241.457670000025,201610,2016-10-01,generic analogue,3333000.0
0601011A0BBAEAC,NovoRapid FlexTouch 100units/ml inj 3ml pre-filled pens,1909.0,14135.0,84102.57907000007,201610,2016-10-01,originator,4240500.0
0601011A0AAAAAA,Insulin aspart 100units/ml solution for injection 10ml vials,388.0,1511.0,19696.75816999999,201610,2016-10-01,generic analogue,1511000.0
0601011L0BBAHAG,Humalog KwikPen 200units/ml inj 3ml pre-filled pens,465.0,3782.0,41258.80144,201610,2016-10-01,originator,2269200.0
0601011L0AAAGAG,Insulin lispro 200units/ml inj 3ml pf dispos dev,12.0,83.0,905.6489100000001,201610,2016-10-01,generic analogue,49800.0
0601011A0BBAAAA,NovoRapid 100units/ml solution for injection 10ml vials,10548.0,40718.0,530796.2907100001,201610,2016-10-01,originator,40718000.0
0601011L0AAABAB,Insulin lispro 100units/ml solution for injection 10ml vials,576.0,2134.0,32835.44250999999,201610,2016-10-01,generic analogue,2134000.0
0601011P0AAABAB,Insulin glulisine 100units/ml inj 3ml cartridges,47.0,366.0,1918.1033700000007,201610,2016-10-01,generic analogue,109800.0
0601011N0AAAPAP,Insulin soluble human 100units/ml inj 3ml cartridges,3.0,20.0,67.75399,201610,2016-10-01,human soluble,6000.0
0601011A0BBAAAA,NovoRapid 100units/ml solution for injection 10ml vials,11223.0,43528.0,567858.1365700002,201611,2016-11-01,originator,43528000.0
0601011L0AAABAB,Insulin lispro 100units/ml solution for injection 10ml vials,541.0,2058.0,31669.877879999985,201611,2016-11-01,generic analogue,2058000.0
0601011P0AAABAB,Insulin glulisine 100units/ml inj 3ml cartridges,54.0,420.0,2202.60299,201611,2016-11-01,generic analogue,126000.0
0601011N0AAAPAP,Insulin soluble human 100units/ml inj 3ml cartridges,3.0,22.0,72.04409,201611,2016-11-01,human soluble,6600.0
0601011N0BHADAP,Humulin S 100units/ml solution for injection 3ml cartridges,2465.0,22130.0,78256.49724999999,201611,2016-11-01,human soluble,6639000.0
0601011L0AAACAC,Insulin lispro 100units/ml inj 3ml cartridges,1225.0,11253.0,59062.16172000001,201611,2016-11-01,generic analogue,3375900.0
0601011L0BBAGAF,Humalog KwikPen 100units/ml inj 3ml pre-filled pens,12018.0,85887.0,468932.30179000006,201611,2016-11-01,originator,25766100.0
0601011P0BBAAAA,Apidra 100units/ml solution for injection 10ml vials,494.0,1902.0,28194.09388000001,201611,2016-11-01,originator,1902000.0
0601011N0BCAAAA,Hypurin Bovine Neutral 100units/ml inj 10ml vials,156.0,607.0,15587.31089,201611,2016-11-01,human soluble,607000.0
0601011P0AAAAAA,Insulin glulisine 100units/ml inj 10ml vials,59.0,239.0,3542.8151900000025,201611,2016-11-01,generic analogue,239000.0
0601011L0BBACAC,Humalog 100units/ml solution for injection 3ml cartridges,16369.0,143208.0,751277.2512899995,201611,2016-11-01,originator,42962400.0
0601011N0BKABAP,Insuman Rapid 100units/ml inj 3ml cartridges,216.0,1827.0,5925.796289999996,201611,2016-11-01,human soluble,548100.0
0601011A0AAABAB,Insulin aspart 100units/ml inj 3ml cartridges,1098.0,9809.0,51459.17310999999,201611,2016-11-01,generic analogue,2942700.0
0601011R0BDAAAC,Insuman Infusat 100units/ml inj 3.15ml cartridges,1.0,15.0,694.72021,201611,2016-11-01,human soluble,4725.0
0601011L0AAAFAF,Insulin lispro 100units/ml inj 3ml pf dispos dev,365.0,2680.0,14632.948239999998,201611,2016-11-01,generic analogue,804000.0
0601011N0BHAAAG,Humulin S 100units/ml solution for injection 10ml vials,321.0,958.0,13917.6362,201611,2016-11-01,human soluble,958000.0
0601011R0AAABAB,Insulin human 500units/ml solution for injection 20ml vials,1.0,1.0,353.51678,201611,2016-11-01,human soluble,10000.0
0601011A0BBABAB,NovoRapid Penfill 100units/ml inj 3ml cartridges,53179.0,446932.0,2344682.0907900007,201611,2016-11-01,originator,134079600.0
0601011N0BCAEAC,Hypurin Porcine Neutral 100units/ml inj 10ml vials,272.0,854.0,19938.74893,201611,2016-11-01,human soluble,854000.0
0601011N0AAAAAA,Insulin soluble bovine 100units/ml inj 10ml vials,1.0,1.0,25.6888,201611,2016-11-01,human soluble,1000.0
0601011A0AAADAD,Insulin aspart 100units/ml inj 1.6ml cartridges,31.0,488.0,1365.5945299999998,201611,2016-11-01,generic analogue,78080.0
0601011L0BBAFAF,Humalog Pen 100units/ml inj 3ml pre-filled pens,15.0,90.0,491.37221999999997,201611,2016-11-01,originator,27000.0
0601011L0BBABAB,Humalog 100units/ml solution for injection 10ml vials,3040.0,11630.0,178967.63226000004,201611,2016-11-01,originator,11630000.0
0601011P0BBABAB,Apidra 100units/ml solution for injection 3ml cartridges,726.0,5816.0,30501.401570000016,201611,2016-11-01,originator,1744800.0
0601011L0BBAHAG,Humalog KwikPen 200units/ml inj 3ml pre-filled pens,468.0,3958.0,43209.91366999999,201611,2016-11-01,originator,2374800.0
0601011L0AAAGAG,Insulin lispro 200units/ml inj 3ml pf dispos dev,3.0,7.0,76.63654,201611,2016-11-01,generic analogue,4200.0
0601011P0BBAEAC,Apidra 100units/ml inj 3ml pre-filled SoloStar pens,5508.0,37106.0,194652.31661000004,201611,2016-11-01,originator,11131800.0
0601011P0AAACAC,Insulin glulisine 100units/ml inj 3ml pf dispos dev,215.0,1462.0,7668.322139999994,201611,2016-11-01,generic analogue,438600.0
0601011N0BCAHAZ,Hypurin Porcine Neutral 100units/ml inj 3ml cartridges,302.0,2657.0,18611.550140000003,201611,2016-11-01,human soluble,797100.0
0601011N0BCAGAY,Hypurin Bovine Neutral 100units/ml inj 3ml cartridges,58.0,644.0,4961.64328,201611,2016-11-01,human soluble,193200.0
0601011N0AAALAL,Insulin soluble human 100units/ml inj 10ml vials,2.0,6.0,41.59612,201611,2016-11-01,human soluble,6000.0
0601011A0BBAEAC,NovoRapid FlexTouch 100units/ml inj 3ml pre-filled pens,2033.0,15206.0,90542.61076,201611,2016-11-01,originator,4561800.0
0601011A0AAAAAA,Insulin aspart 100units/ml solution for injection 10ml vials,443.0,1803.0,23520.13603999999,201611,2016-11-01,generic analogue,1803000.0
0601011A0BBAFAD,NovoRapid PumpCart 100units/ml inj 1.6ml cartridges,4403.0,63379.0,177350.58043999993,201611,2016-11-01,originator,10140640.0
0601011A0BBADAC,NovoRapid FlexPen 100units/ml inj 3ml pre-filled pens,69786.0,496922.0,2818065.620829999,201611,2016-11-01,originator,149076600.0
0601011N0BFAEAL,Actrapid 100units/ml solution for injection 10ml vials,704.0,2042.0,14156.289259999998,201611,2016-11-01,human soluble,2042000.0
0601011R0BBABAB,Humulin R 500units/ml solution for injection 20ml vials,28.0,52.0,29876.308960000006,201611,2016-11-01,human soluble,520000.0
0601011A0AAACAC,Insulin aspart 100units/ml inj 3ml pf dispos dev,460.0,3348.0,18989.004309999997,201611,2016-11-01,generic analogue,1004400.0
0601011N0AAACAC,Insulin soluble porcine 100units/ml inj 10ml vials,1.0,3.0,70.03895,201611,2016-11-01,human soluble,3000.0
0601011L0BBABAB,Humalog 100units/ml solution for injection 10ml vials,3424.0,13045.0,200620.34580999997,201612,2016-12-01,originator,13045000.0
0601011P0BBABAB,Apidra 100units/ml solution for injection 3ml cartridges,787.0,6272.0,32872.509789999975,201612,2016-12-01,originator,1881600.0
0601011N0BCAEAC,Hypurin Porcine Neutral 100units/ml inj 10ml vials,297.0,959.0,22375.01568999999,201612,2016-12-01,human soluble,959000.0
0601011N0AAAAAA,Insulin soluble bovine 100units/ml inj 10ml vials,3.0,11.0,282.30605,201612,2016-12-01,human soluble,11000.0
0601011A0AAADAD,Insulin aspart 100units/ml inj 1.6ml cartridges,34.0,425.0,1188.57615,201612,2016-12-01,generic analogue,68000.0
0601011L0BBAHAG,Humalog KwikPen 200units/ml inj 3ml pre-filled pens,566.0,4590.0,50079.39328000002,201612,2016-12-01,originator,2754000.0
0601011L0AAAGAG,Insulin lispro 200units/ml inj 3ml pf dispos dev,1.0,5.0,54.5555,201612,2016-12-01,generic analogue,3000.0
0601011N0BCAGAY,Hypurin Bovine Neutral 100units/ml inj 3ml cartridges,56.0,507.0,3903.701770000002,201612,2016-12-01,human soluble,152100.0
0601011N0AAALAL,Insulin soluble human 100units/ml inj 10ml vials,1.0,3.0,20.78543,201612,2016-12-01,human soluble,3000.0
0601011A0AAAAAA,Insulin aspart 100units/ml solution for injection 10ml vials,414.0,1680.0,21902.267229999998,201612,2016-12-01,generic analogue,1680000.0
0601011A0BBAEAC,NovoRapid FlexTouch 100units/ml inj 3ml pre-filled pens,2201.0,16422.0,97722.21322999996,201612,2016-12-01,originator,4926600.0
0601011A0BBAAAA,NovoRapid 100units/ml solution for injection 10ml vials,12375.0,48908.0,637614.17742,201612,2016-12-01,originator,48908000.0
0601011L0AAABAB,Insulin lispro 100units/ml solution for injection 10ml vials,630.0,2356.0,36233.74541999999,201612,2016-12-01,generic analogue,2356000.0
0601011P0AAABAB,Insulin glulisine 100units/ml inj 3ml cartridges,44.0,385.0,2017.7576299999998,201612,2016-12-01,generic analogue,115500.0
0601011N0BHADAP,Humulin S 100units/ml solution for injection 3ml cartridges,2723.0,24137.0,85302.47704000001,201612,2016-12-01,human soluble,7241100.0
0601011L0AAACAC,Insulin lispro 100units/ml inj 3ml cartridges,1284.0,11896.0,62368.722199999975,201612,2016-12-01,generic analogue,3568800.0
0601011L0BBACAC,Humalog 100units/ml solution for injection 3ml cartridges,17815.0,155926.0,817498.2603099998,201612,2016-12-01,originator,46777800.0
0601011A0AAABAB,Insulin aspart 100units/ml inj 3ml cartridges,1181.0,10438.0,54725.73587000001,201612,2016-12-01,generic analogue,3131400.0
0601011N0BKABAP,Insuman Rapid 100units/ml inj 3ml cartridges,232.0,1906.0,6178.606360000002,201612,2016-12-01,human soluble,571800.0
0601011N0BHAAAG,Humulin S 100units/ml solution for injection 10ml vials,317.0,917.0,13314.173750000005,201612,2016-12-01,human soluble,917000.0
0601011L0AAAFAF,Insulin lispro 100units/ml inj 3ml pf dispos dev,398.0,3050.0,16642.777589999994,201612,2016-12-01,generic analogue,915000.0
0601011N0BCAAAA,Hypurin Bovine Neutral 100units/ml inj 10ml vials,173.0,650.0,16681.556519999995,201612,2016-12-01,human soluble,650000.0
0601011L0BBAGAF,Humalog KwikPen 100units/ml inj 3ml pre-filled pens,12914.0,92865.0,506718.4047999999,201612,2016-12-01,originator,27859500.0
0601011P0BBAAAA,Apidra 100units/ml solution for injection 10ml vials,523.0,1989.0,29465.739069999996,201612,2016-12-01,originator,1989000.0
0601011P0AAAAAA,Insulin glulisine 100units/ml inj 10ml vials,80.0,311.0,4607.347040000001,201612,2016-12-01,generic analogue,311000.0
0601011R0BBAAAD,Humulin R 100units/ml solution for injection 10ml vials,1.0,1.0,561.21753,201612,2016-12-01,human soluble,1000.0
0601011A0BBABAB,NovoRapid Penfill 100units/ml inj 3ml cartridges,58543.0,497274.0,2607161.9583199997,201612,2016-12-01,originator,149182200.0
0601011P0BBAEAC,Apidra 100units/ml inj 3ml pre-filled SoloStar pens,5937.0,40456.0,212067.35675000006,201612,2016-12-01,originator,12136800.0
0601011P0AAACAC,Insulin glulisine 100units/ml inj 3ml pf dispos dev,182.0,1234.0,6468.854089999996,201612,2016-12-01,generic analogue,370200.0
0601011N0BCAHAZ,Hypurin Porcine Neutral 100units/ml inj 3ml cartridges,331.0,2911.0,20377.815989999996,201612,2016-12-01,human soluble,873300.0
0601011A0BBADAC,NovoRapid FlexPen 100units/ml inj 3ml pre-filled pens,75251.0,537985.0,3049055.773740001,201612,2016-12-01,originator,161395500.0
0601011A0BBAFAD,NovoRapid PumpCart 100units/ml inj 1.6ml cartridges,4849.0,70103.0,196043.64895999996,201612,2016-12-01,originator,11216480.0
0601011N0BFAEAL,Actrapid 100units/ml solution for injection 10ml vials,837.0,2508.0,17375.975989999988,201612,2016-12-01,human soluble,2508000.0
0601011A0AAACAC,Insulin aspart 100units/ml inj 3ml pf dispos dev,476.0,3623.0,20533.721220000003,201612,2016-12-01,generic analogue,1086900.0
0601011R0BBABAB,Humulin R 500units/ml solution for injection 20ml vials,34.0,59.0,44174.924250000004,201612,2016-12-01,human soluble,590000.0
0601011N0AAACAC,Insulin soluble porcine 100units/ml inj 10ml vials,2.0,4.0,93.33682,201612,2016-12-01,human soluble,4000.0
0601011R0AAACAC,Insulin human 100units/ml inj 3.15ml cartridges,1.0,1.0,46.39812,201612,2016-12-01,human soluble,315.0
0601011L0BBACAC,Humalog 100units/ml solution for injection 3ml cartridges,15226.0,131439.0,689851.1320300002,201701,2017-01-01,originator,39431700.0
0601011A0AAABAB,Insulin aspart 100units/ml inj 3ml cartridges,1046.0,9187.0,48218.10188000002,201701,2017-01-01,generic analogue,2756100.0
0601011N0BKABAP,Insuman Rapid 100units/ml inj 3ml cartridges,199.0,1556.0,5050.283779999998,201701,2017-01-01,human soluble,466800.0
0601011R0BDAAAC,Insuman Infusat 100units/ml inj 3.15ml cartridges,1.0,10.0,463.36081,201701,2017-01-01,human soluble,3150.0
0601011A0BBABAB,NovoRapid Penfill 100units/ml inj 3ml cartridges,50670.0,423467.0,2222576.7098000012,201701,2017-01-01,originator,127040100.0
0601011A0BBAAAA,NovoRapid 100units/ml solution for injection 10ml vials,10658.0,41026.0,535426.1046600001,201701,2017-01-01,originator,41026000.0
0601011L0AAABAB,Insulin lispro 100units/ml solution for injection 10ml vials,555.0,2179.0,33546.834660000015,201701,2017-01-01,generic analogue,2179000.0
0601011P0AAABAB,Insulin glulisine 100units/ml inj 3ml cartridges,42.0,290.0,1521.5885600000001,201701,2017-01-01,generic analogue,87000.0
0601011N0AAAPAP,Insulin soluble human 100units/ml inj 3ml cartridges,1.0,10.0,32.44679,201701,2017-01-01,human soluble,3000.0
0601011N0BHADAP,Humulin S 100units/ml solution for injection 3ml cartridges,2330.0,20818.0,73650.48542999999,201701,2017-01-01,human soluble,6245400.0
0601011L0AAACAC,Insulin lispro 100units/ml inj 3ml cartridges,1109.0,9926.0,52096.28408999998,201701,2017-01-01,generic analogue,2977800.0
0601011A0BBADAC,NovoRapid FlexPen 100units/ml inj 3ml pre-filled pens,67317.0,476824.0,2705340.425449999,201701,2017-01-01,originator,143047200.0
0601011A0BBAFAD,NovoRapid PumpCart 100units/ml inj 1.6ml cartridges,4295.0,62555.0,175142.01014999993,201701,2017-01-01,originator,10008800.0
0601011N0BFAEAL,Actrapid 100units/ml solution for injection 10ml vials,708.0,2106.0,14606.314529999996,201701,2017-01-01,human soluble,2106000.0
0601011A0AAACAC,Insulin aspart 100units/ml inj 3ml pf dispos dev,400.0,2867.0,16266.906099999982,201701,2017-01-01,generic analogue,860100.0
0601011R0BBABAB,Humulin R 500units/ml solution for injection 20ml vials,37.0,62.0,48375.94025000001,201701,2017-01-01,human soluble,620000.0
0601011N0AAACAC,Insulin soluble porcine 100units/ml inj 10ml vials,4.0,11.0,256.92996,201701,2017-01-01,human soluble,11000.0
0601011P0BBAEAC,Apidra 100units/ml inj 3ml pre-filled SoloStar pens,5377.0,36043.0,189142.45376000003,201701,2017-01-01,originator,10812900.0
0601011P0AAACAC,Insulin glulisine 100units/ml inj 3ml pf dispos dev,180.0,1208.0,6339.10524,201701,2017-01-01,generic analogue,362400.0
0601011N0BCAHAZ,Hypurin Porcine Neutral 100units/ml inj 3ml cartridges,269.0,2332.0,16342.752900000014,201701,2017-01-01,human soluble,699600.0
0601011N0BCAGAY,Hypurin Bovine Neutral 100units/ml inj 3ml cartridges,54.0,427.0,3291.305919999999,201701,2017-01-01,human soluble,128100.0
0601011N0AAALAL,Insulin soluble human 100units/ml inj 10ml vials,4.0,8.0,85.8988,201701,2017-01-01,human soluble,8000.0
0601011N0BHAAAG,Humulin S 100units/ml solution for injection 10ml vials,285.0,846.0,12296.215900000007,201701,2017-01-01,human soluble,846000.0
0601011L0AAAFAF,Insulin lispro 100units/ml inj 3ml pf dispos dev,341.0,2548.0,13918.5373,201701,2017-01-01,generic analogue,764400.0
0601011N0BCAEAC,Hypurin Porcine Neutral 100units/ml inj 10ml vials,241.0,717.0,16748.19411999999,201701,2017-01-01,human soluble,717000.0
0601011N0AAAAAA,Insulin soluble bovine 100units/ml inj 10ml vials,3.0,5.0,128.47737999999998,201701,2017-01-01,human soluble,5000.0
0601011A0AAADAD,Insulin aspart 100units/ml inj 1.6ml cartridges,33.0,416.0,1164.8369200000002,201701,2017-01-01,generic analogue,66560.0
0601011L0BBAGAF,Humalog KwikPen 100units/ml inj 3ml pre-filled pens,11776.0,83164.0,454289.7865499999,201701,2017-01-01,originator,24949200.0
0601011P0BBAAAA,Apidra 100units/ml solution for injection 10ml vials,449.0,1738.0,25774.595500000003,201701,2017-01-01,originator,1738000.0
0601011N0BCAAAA,Hypurin Bovine Neutral 100units/ml inj 10ml vials,148.0,488.0,12537.46021000001,201701,2017-01-01,human soluble,488000.0
0601011P0AAAAAA,Insulin glulisine 100units/ml inj 10ml vials,56.0,208.0,3084.7291399999995,201701,2017-01-01,generic analogue,208000.0
0601011A0BBAEAC,NovoRapid FlexTouch 100units/ml inj 3ml pre-filled pens,1981.0,14623.0,87111.23101000003,201701,2017-01-01,originator,4386900.0
0601011A0AAAAAA,Insulin aspart 100units/ml solution for injection 10ml vials,413.0,1762.0,22995.418290000012,201701,2017-01-01,generic analogue,1762000.0
0601011L0BBABAB,Humalog 100units/ml solution for injection 10ml vials,2906.0,11062.0,170344.49875,201701,2017-01-01,originator,11062000.0
0601011P0BBABAB,Apidra 100units/ml solution for injection 3ml cartridges,673.0,5379.0,28221.903199999986,201701,2017-01-01,originator,1613700.0
0601011L0BBAHAG,Humalog KwikPen 200units/ml inj 3ml pre-filled pens,522.0,4371.0,47740.65878,201701,2017-01-01,originator,2622600.0
0601011N0BCAEAC,Hypurin Porcine Neutral 100units/ml inj 10ml vials,241.0,768.0,17946.38947,201702,2017-02-01,human soluble,768000.0
0601011N0AAAAAA,Insulin soluble bovine 100units/ml inj 10ml vials,5.0,17.0,436.96996,201702,2017-02-01,human soluble,17000.0
0601011L0BBABAB,Humalog 100units/ml solution for injection 10ml vials,2711.0,10232.0,157602.45240000007,201702,2017-02-01,originator,10232000.0
0601011P0BBABAB,Apidra 100units/ml solution for injection 3ml cartridges,646.0,5044.0,26477.46231999999,201702,2017-02-01,originator,1513200.0
0601011L0BBAHAG,Humalog KwikPen 200units/ml inj 3ml pre-filled pens,528.0,4604.0,50309.77925,201702,2017-02-01,originator,2762400.0
0601011L0AAAGAG,Insulin lispro 200units/ml inj 3ml pf dispos dev,3.0,17.0,185.85983000000002,201702,2017-02-01,generic analogue,10200.0
0601011A0AAADAD,Insulin aspart 100units/ml inj 1.6ml cartridges,35.0,473.0,1324.89921,201702,2017-02-01,generic analogue,75680.0
0601011L0BBAFAF,Humalog Pen 100units/ml inj 3ml pre-filled pens,4.0,20.0,109.3044,201702,2017-02-01,originator,6000.0
0601011N0BCAGAY,Hypurin Bovine Neutral 100units/ml inj 3ml cartridges,42.0,381.0,2938.204379999999,201702,2017-02-01,human soluble,114300.0
0601011A0BBAAAA,NovoRapid 100units/ml solution for injection 10ml vials,10464.0,40865.0,533581.5304800001,201702,2017-02-01,originator,40865000.0
0601011L0AAABAB,Insulin lispro 100units/ml solution for injection 10ml vials,482.0,1797.0,27679.432190000003,201702,2017-02-01,generic analogue,1797000.0
0601011P0AAABAB,Insulin glulisine 100units/ml inj 3ml cartridges,54.0,415.0,2178.4288600000004,201702,2017-02-01,generic analogue,124500.0
0601011A0AAAAAA,Insulin aspart 100units/ml solution for injection 10ml vials,353.0,1369.0,17875.536260000008,201702,2017-02-01,generic analogue,1369000.0
0601011A0BBAEAC,NovoRapid FlexTouch 100units/ml inj 3ml pre-filled pens,1946.0,14142.0,84286.49932000003,201702,2017-02-01,originator,4242600.0
0601011N0BHADAP,Humulin S 100units/ml solution for injection 3ml cartridges,2186.0,19459.0,68874.88362000002,201702,2017-02-01,human soluble,5837700.0
0601011L0AAACAC,Insulin lispro 100units/ml inj 3ml cartridges,1037.0,9504.0,49905.46714000002,201702,2017-02-01,generic analogue,2851200.0
0601011L0BBAGAF,Humalog KwikPen 100units/ml inj 3ml pre-filled pens,11140.0,80340.0,439053.8211599998,201702,2017-02-01,originator,24102000.0
0601011P0BBAAAA,Apidra 100units/ml solution for injection 10ml vials,467.0,1780.0,26410.332159999984,201702,2017-02-01,originator,1780000.0
0601011N0BCAAAA,Hypurin Bovine Neutral 100units/ml inj 10ml vials,159.0,594.0,15267.901249999994,201702,2017-02-01,human soluble,594000.0
0601011P0AAAAAA,Insulin glulisine 100units/ml inj 10ml vials,59.0,226.0,3353.2891600000007,201702,2017-02-01,generic analogue,226000.0
0601011R0BBAAAD,Humulin R 100units/ml solution for injection 10ml vials,1.0,2.0,282.79173,201702,2017-02-01,human soluble,2000.0
0601011A0AAABAB,Insulin aspart 100units/ml inj 3ml cartridges,950.0,8348.0,43836.06169000001,201702,2017-02-01,generic analogue,2504400.0
0601011L0BBACAC,Humalog 100units/ml solution for injection 3ml cartridges,14388.0,124377.0,653101.3091399999,201702,2017-02-01,originator,37313100.0
0601011N0BKABAP,Insuman Rapid 100units/ml inj 3ml cartridges,181.0,1431.0,4646.44008,201702,2017-02-01,human soluble,429300.0
0601011R0BDAAAC,Insuman Infusat 100units/ml inj 3.15ml cartridges,3.0,45.0,2086.1142,201702,2017-02-01,human soluble,14175.0
0601011L0AAAFAF,Insulin lispro 100units/ml inj 3ml pf dispos dev,329.0,2414.0,13193.141230000008,201702,2017-02-01,generic analogue,724200.0
0601011N0BHAAAG,Humulin S 100units/ml solution for injection 10ml vials,266.0,757.0,11008.055770000004,201702,2017-02-01,human soluble,757000.0
0601011P0BBAEAC,Apidra 100units/ml inj 3ml pre-filled SoloStar pens,5171.0,34892.0,183189.52143000005,201702,2017-02-01,originator,10467600.0
0601011P0AAACAC,Insulin glulisine 100units/ml inj 3ml pf dispos dev,162.0,1029.0,5402.62057,201702,2017-02-01,generic analogue,308700.0
0601011N0BCAHAZ,Hypurin Porcine Neutral 100units/ml inj 3ml cartridges,260.0,2435.0,17071.548080000008,201702,2017-02-01,human soluble,730500.0
0601011A0BBABAB,NovoRapid Penfill 100units/ml inj 3ml cartridges,48009.0,402368.0,2112853.5583499996,201702,2017-02-01,originator,120710400.0
0601011A0BCAAAC,Fiasp FlexTouch 100units/ml inj 3ml pre-filled pens,1.0,5.0,28.37065,201702,2017-02-01,ultra-rapid,1500.0
0601011A0BBADAC,NovoRapid FlexPen 100units/ml inj 3ml pre-filled pens,63975.0,453820.0,2576140.281290001,201702,2017-02-01,originator,136146000.0
0601011A0BBAFAD,NovoRapid PumpCart 100units/ml inj 1.6ml cartridges,4235.0,60790.0,170263.86341000005,201702,2017-02-01,originator,9726400.0
0601011N0BFAEAL,Actrapid 100units/ml solution for injection 10ml vials,638.0,1935.0,13426.656769999998,201702,2017-02-01,human soluble,1935000.0
0601011A0AAACAC,Insulin aspart 100units/ml inj 3ml pf dispos dev,367.0,2683.0,15229.727740000006,201702,2017-02-01,generic analogue,804900.0
0601011R0BBABAB,Humulin R 500units/ml solution for injection 20ml vials,25.0,38.0,29576.817600000002,201702,2017-02-01,human soluble,380000.0
0601011N0AAACAC,Insulin soluble porcine 100units/ml inj 10ml vials,2.0,6.0,140.20918,201702,2017-02-01,human soluble,6000.0
0601011P0BBABAB,Apidra 100units/ml solution for injection 3ml cartridges,752.0,5860.0,30713.784639999973,201703,2017-03-01,originator,1758000.0
0601011L0BBABAB,Humalog 100units/ml solution for injection 10ml vials,3206.0,12113.0,186286.82590000005,201703,2017-03-01,originator,12113000.0
0601011L0BBAHAG,Humalog KwikPen 200units/ml inj 3ml pre-filled pens,661.0,5435.0,59299.56651999997,201703,2017-03-01,originator,3261000.0
0601011A0BCABAB,Fiasp Penfill 100units/ml inj 3ml cartridges,1.0,10.0,52.42622,201703,2017-03-01,ultra-rapid,3000.0
0601011L0AAAGAG,Insulin lispro 200units/ml inj 3ml pf dispos dev,8.0,51.0,556.82446,201703,2017-03-01,generic analogue,30600.0
0601011N0BCAEAC,Hypurin Porcine Neutral 100units/ml inj 10ml vials,280.0,886.0,20671.79844000001,201703,2017-03-01,human soluble,886000.0
0601011N0AAAAAA,Insulin soluble bovine 100units/ml inj 10ml vials,1.0,1.0,25.67314,201703,2017-03-01,human soluble,1000.0
0601011A0AAADAD,Insulin aspart 100units/ml inj 1.6ml cartridges,35.0,553.0,1546.5041400000002,201703,2017-03-01,generic analogue,88480.0
0601011L0BBAFAF,Humalog Pen 100units/ml inj 3ml pre-filled pens,8.0,42.0,229.37593000000004,201703,2017-03-01,originator,12600.0
0601011N0BCAGAY,Hypurin Bovine Neutral 100units/ml inj 3ml cartridges,48.0,430.0,3311.0689100000013,201703,2017-03-01,human soluble,129000.0
0601011N0AAALAL,Insulin soluble human 100units/ml inj 10ml vials,5.0,20.0,138.53615000000002,201703,2017-03-01,human soluble,20000.0
0601011A0BBAEAC,NovoRapid FlexTouch 100units/ml inj 3ml pre-filled pens,2204.0,16094.0,95774.00485999996,201703,2017-03-01,originator,4828200.0
0601011A0AAAAAA,Insulin aspart 100units/ml solution for injection 10ml vials,419.0,1736.0,22632.193650000012,201703,2017-03-01,generic analogue,1736000.0
0601011A0BBAAAA,NovoRapid 100units/ml solution for injection 10ml vials,11918.0,45967.0,599273.2824400002,201703,2017-03-01,originator,45967000.0
0601011L0AAABAB,Insulin lispro 100units/ml solution for injection 10ml vials,652.0,2532.0,38940.120860000025,201703,2017-03-01,generic analogue,2532000.0
0601011P0AAABAB,Insulin glulisine 100units/ml inj 3ml cartridges,42.0,345.0,1808.1467099999993,201703,2017-03-01,generic analogue,103500.0
0601011N0BHADAP,Humulin S 100units/ml solution for injection 3ml cartridges,2588.0,23263.0,82212.40254000001,201703,2017-03-01,human soluble,6978900.0
0601011L0AAACAC,Insulin lispro 100units/ml inj 3ml cartridges,1205.0,11001.0,57676.737709999994,201703,2017-03-01,generic analogue,3300300.0
0601011L0BBAGAF,Humalog KwikPen 100units/ml inj 3ml pre-filled pens,12960.0,91922.0,501617.6809399997,201703,2017-03-01,originator,27576600.0
0601011N0BCAAAA,Hypurin Bovine Neutral 100units/ml inj 10ml vials,160.0,567.0,14551.500700000004,201703,2017-03-01,human soluble,567000.0
0601011P0BBAAAA,Apidra 100units/ml solution for injection 10ml vials,526.0,1979.0,29317.530129999974,201703,2017-03-01,originator,1979000.0
0601011P0AAAAAA,Insulin glulisine 100units/ml inj 10ml vials,59.0,216.0,3199.9930299999996,201703,2017-03-01,generic analogue,216000.0
0601011L0BBACAC,Humalog 100units/ml solution for injection 3ml cartridges,16980.0,147676.0,774243.2575699998,201703,2017-03-01,originator,44302800.0
0601011A0AAABAB,Insulin aspart 100units/ml inj 3ml cartridges,1107.0,9825.0,51511.399110000035,201703,2017-03-01,generic analogue,2947500.0
0601011N0BKABAP,Insuman Rapid 100units/ml inj 3ml cartridges,212.0,1695.0,5494.641820000004,201703,2017-03-01,human soluble,508500.0
0601011R0BDAAAC,Insuman Infusat 100units/ml inj 3.15ml cartridges,4.0,55.0,2545.75816,201703,2017-03-01,human soluble,17325.0
0601011L0AAAFAF,Insulin lispro 100units/ml inj 3ml pf dispos dev,352.0,2684.0,14645.80141000001,201703,2017-03-01,generic analogue,805200.0
0601011N0BHAAAG,Humulin S 100units/ml solution for injection 10ml vials,309.0,944.0,13705.950709999994,201703,2017-03-01,human soluble,944000.0
0601011R0AAABAB,Insulin human 500units/ml solution for injection 20ml vials,1.0,1.0,666.76587,201703,2017-03-01,human soluble,10000.0
0601011A0BBABAB,NovoRapid Penfill 100units/ml inj 3ml cartridges,55387.0,464115.0,2433322.1758000012,201703,2017-03-01,originator,139234500.0
0601011A0BCAAAC,Fiasp FlexTouch 100units/ml inj 3ml pre-filled pens,4.0,30.0,170.01036,201703,2017-03-01,ultra-rapid,9000.0
0601011P0BBAEAC,Apidra 100units/ml inj 3ml pre-filled SoloStar pens,5992.0,40053.0,209961.00382999994,201703,2017-03-01,originator,12015900.0
0601011P0AAACAC,Insulin glulisine 100units/ml inj 3ml pf dispos dev,188.0,1301.0,6820.048950000007,201703,2017-03-01,generic analogue,390300.0
0601011N0BCAHAZ,Hypurin Porcine Neutral 100units/ml inj 3ml cartridges,279.0,2566.0,17962.302550000004,201703,2017-03-01,human soluble,769800.0
0601011A0BCACAA,Fiasp 100units/ml solution for injection 10ml vials,1.0,1.0,13.04643,201703,2017-03-01,ultra-rapid,1000.0
0601011A0BBADAC,NovoRapid FlexPen 100units/ml inj 3ml pre-filled pens,73497.0,521919.0,2958116.40247,201703,2017-03-01,originator,156575700.0
0601011A0BBAFAD,NovoRapid PumpCart 100units/ml inj 1.6ml cartridges,4937.0,71840.0,200901.77278999993,201703,2017-03-01,originator,11494400.0
0601011A0AAACAC,Insulin aspart 100units/ml inj 3ml pf dispos dev,428.0,3005.0,17032.497369999997,201703,2017-03-01,generic analogue,901500.0
0601011N0BFAEAL,Actrapid 100units/ml solution for injection 10ml vials,743.0,2229.0,15443.017320000004,201703,2017-03-01,human soluble,2229000.0
0601011R0BBABAB,Humulin R 500units/ml solution for injection 20ml vials,29.0,74.0,45491.09911999999,201703,2017-03-01,human soluble,740000.0
0601011N0AAACAC,Insulin soluble porcine 100units/ml inj 10ml vials,1.0,2.0,46.6683,201703,2017-03-01,human soluble,2000.0
0601011L0BBAHAG,Humalog KwikPen 200units/ml inj 3ml pre-filled pens,614.0,5153.0,56295.92027,201704,2017-04-01,originator,3091800.0
0601011A0BCABAB,Fiasp Penfill 100units/ml inj 3ml cartridges,10.0,71.0,372.84396000000004,201704,2017-04-01,ultra-rapid,21300.0
0601011L0AAAGAG,Insulin lispro 200units/ml inj 3ml pf dispos dev,5.0,65.0,710.04212,201704,2017-04-01,generic analogue,39000.0
0601011P0BBABAB,Apidra 100units/ml solution for injection 3ml cartridges,655.0,5340.0,28024.639889999962,201704,2017-04-01,originator,1602000.0
0601011L0BBABAB,Humalog 100units/ml solution for injection 10ml vials,2921.0,11032.0,169902.45488999996,201704,2017-04-01,originator,11032000.0
0601011N0BCAEAC,Hypurin Porcine Neutral 100units/ml inj 10ml vials,242.0,761.0,17778.49409000001,201704,2017-04-01,human soluble,761000.0
0601011N0AAAAAA,Insulin soluble bovine 100units/ml inj 10ml vials,2.0,5.0,128.49527,201704,2017-04-01,human soluble,5000.0
0601011A0AAADAD,Insulin aspart 100units/ml inj 1.6ml cartridges,25.0,400.0,1120.01134,201704,2017-04-01,generic analogue,64000.0
0601011L0BBAFAF,Humalog Pen 100units/ml inj 3ml pre-filled pens,1.0,5.0,27.31933,201704,2017-04-01,originator,1500.0
0601011N0BCAGAY,Hypurin Bovine Neutral 100units/ml inj 3ml cartridges,49.0,472.0,3638.9398699999992,201704,2017-04-01,human soluble,141600.0
0601011N0AAALAL,Insulin soluble human 100units/ml inj 10ml vials,1.0,3.0,20.81238,201704,2017-04-01,human soluble,3000.0
0601011A0BBAEAC,NovoRapid FlexTouch 100units/ml inj 3ml pre-filled pens,2048.0,14947.0,89062.70529000001,201704,2017-04-01,originator,4484100.0
0601011A0AAAAAA,Insulin aspart 100units/ml solution for injection 10ml vials,376.0,1551.0,20246.61638,201704,2017-04-01,generic analogue,1551000.0
0601011A0BBAAAA,NovoRapid 100units/ml solution for injection 10ml vials,10533.0,40954.0,534611.5390000001,201704,2017-04-01,originator,40954000.0
0601011L0AAABAB,Insulin lispro 100units/ml solution for injection 10ml vials,499.0,1965.0,30259.255970000017,201704,2017-04-01,generic analogue,1965000.0
0601011P0AAABAB,Insulin glulisine 100units/ml inj 3ml cartridges,33.0,270.0,1416.92137,201704,2017-04-01,generic analogue,81000.0
0601011N0BHADAP,Humulin S 100units/ml solution for injection 3ml cartridges,2320.0,21120.0,74735.59503000004,201704,2017-04-01,human soluble,6336000.0
0601011L0AAACAC,Insulin lispro 100units/ml inj 3ml cartridges,1049.0,9449.0,49604.904170000016,201704,2017-04-01,generic analogue,2834700.0
0601011L0BBAGAF,Humalog KwikPen 100units/ml inj 3ml pre-filled pens,11638.0,82716.0,451950.54758999986,201704,2017-04-01,originator,24814800.0
0601011N0BCAAAA,Hypurin Bovine Neutral 100units/ml inj 10ml vials,142.0,499.0,12823.002310000002,201704,2017-04-01,human soluble,499000.0
0601011P0BBAAAA,Apidra 100units/ml solution for injection 10ml vials,435.0,1707.0,25320.935639999978,201704,2017-04-01,originator,1707000.0
0601011P0AAAAAA,Insulin glulisine 100units/ml inj 10ml vials,56.0,239.0,3545.206509999998,201704,2017-04-01,generic analogue,239000.0
0601011L0BBACAC,Humalog 100units/ml solution for injection 3ml cartridges,15037.0,130928.0,687331.6340799993,201704,2017-04-01,originator,39278400.0
0601011A0AAABAB,Insulin aspart 100units/ml inj 3ml cartridges,972.0,8400.0,44097.81448,201704,2017-04-01,generic analogue,2520000.0
0601011N0BKABAP,Insuman Rapid 100units/ml inj 3ml cartridges,183.0,1502.0,4875.689189999999,201704,2017-04-01,human soluble,450600.0
0601011R0BDAAAC,Insuman Infusat 100units/ml inj 3.15ml cartridges,1.0,15.0,695.19895,201704,2017-04-01,human soluble,4725.0
0601011A0BBABAB,NovoRapid Penfill 100units/ml inj 3ml cartridges,49675.0,414793.0,2177590.830540001,201704,2017-04-01,originator,124437900.0
0601011A0BCAAAC,Fiasp FlexTouch 100units/ml inj 3ml pre-filled pens,10.0,40.0,227.42047000000005,201704,2017-04-01,ultra-rapid,12000.0
0601011L0AAAFAF,Insulin lispro 100units/ml inj 3ml pf dispos dev,320.0,2411.0,13172.705280000007,201704,2017-04-01,generic analogue,723300.0
0601011N0BHAAAG,Humulin S 100units/ml solution for injection 10ml vials,274.0,818.0,11892.013770000003,201704,2017-04-01,human soluble,818000.0
0601011R0AAABAB,Insulin human 500units/ml solution for injection 20ml vials,1.0,1.0,667.63248,201704,2017-04-01,human soluble,10000.0
0601011P0BBAEAC,Apidra 100units/ml inj 3ml pre-filled SoloStar pens,5457.0,36868.0,193514.5566500001,201704,2017-04-01,originator,11060400.0
0601011N0BCAHAZ,Hypurin Porcine Neutral 100units/ml inj 3ml cartridges,264.0,2214.0,15518.661170000001,201704,2017-04-01,human soluble,664200.0
0601011A0BCACAA,Fiasp 100units/ml solution for injection 10ml vials,20.0,72.0,939.91776,201704,2017-04-01,ultra-rapid,72000.0
0601011P0AAACAC,Insulin glulisine 100units/ml inj 3ml pf dispos dev,177.0,1120.0,5879.059959999999,201704,2017-04-01,generic analogue,336000.0
0601011A0BBADAC,NovoRapid FlexPen 100units/ml inj 3ml pre-filled pens,66373.0,469525.0,2664549.1103599994,201704,2017-04-01,originator,140857500.0
0601011A0BBAFAD,NovoRapid PumpCart 100units/ml inj 1.6ml cartridges,4356.0,63936.0,179029.18012000006,201704,2017-04-01,originator,10229760.0
0601011R0BBABAB,Humulin R 500units/ml solution for injection 20ml vials,26.0,62.0,40167.46902999999,201704,2017-04-01,human soluble,620000.0
0601011N0BFAEAL,Actrapid 100units/ml solution for injection 10ml vials,652.0,1949.0,13520.45731000001,201704,2017-04-01,human soluble,1949000.0
0601011A0AAACAC,Insulin aspart 100units/ml inj 3ml pf dispos dev,377.0,2765.0,15691.726470000005,201704,2017-04-01,generic analogue,829500.0
0601011N0AAACAC,Insulin soluble porcine 100units/ml inj 10ml vials,1.0,3.0,70.0872,201704,2017-04-01,human soluble,3000.0
0601011L0BBAHAG,Humalog KwikPen 200units/ml inj 3ml pre-filled pens,695.0,5789.0,63189.69045999995,201705,2017-05-01,originator,3473400.0
0601011A0BCABAB,Fiasp Penfill 100units/ml inj 3ml cartridges,35.0,225.0,1180.26391,201705,2017-05-01,ultra-rapid,67500.0
0601011L0AAAGAG,Insulin lispro 200units/ml inj 3ml pf dispos dev,3.0,20.0,218.30732,201705,2017-05-01,generic analogue,12000.0
0601011N0AAAZAZ,Insulin soluble porcine 100units/ml inj 3ml cartridges,1.0,5.0,35.02008,201705,2017-05-01,human soluble,1500.0
0601011P0BBABAB,Apidra 100units/ml solution for injection 3ml cartridges,715.0,5598.0,29353.979370000012,201705,2017-05-01,originator,1679400.0
0601011L0BBABAB,Humalog 100units/ml solution for injection 10ml vials,3098.0,11680.0,179708.72259999995,201705,2017-05-01,originator,11680000.0
0601011N0BCAEAC,Hypurin Porcine Neutral 100units/ml inj 10ml vials,267.0,810.0,18907.211910000005,201705,2017-05-01,human soluble,810000.0
0601011A0AAADAD,Insulin aspart 100units/ml inj 1.6ml cartridges,40.0,626.0,1751.54928,201705,2017-05-01,generic analogue,100160.0
0601011N0BCAGAY,Hypurin Bovine Neutral 100units/ml inj 3ml cartridges,46.0,395.0,3042.67601,201705,2017-05-01,human soluble,118500.0
0601011A0BBAEAC,NovoRapid FlexTouch 100units/ml inj 3ml pre-filled pens,2310.0,17062.0,101579.85183999996,201705,2017-05-01,originator,5118600.0
0601011A0AAAAAA,Insulin aspart 100units/ml solution for injection 10ml vials,426.0,1720.0,22433.84681,201705,2017-05-01,generic analogue,1720000.0
0601011N0BHADAP,Humulin S 100units/ml solution for injection 3ml cartridges,2418.0,21317.0,75369.06469999996,201705,2017-05-01,human soluble,6395100.0
0601011L0AAACAC,Insulin lispro 100units/ml inj 3ml cartridges,1164.0,10641.0,55815.06559999996,201705,2017-05-01,generic analogue,3192300.0
0601011A0BBAAAA,NovoRapid 100units/ml solution for injection 10ml vials,12103.0,47108.0,614443.9562999997,201705,2017-05-01,originator,47108000.0
0601011L0AAABAB,Insulin lispro 100units/ml solution for injection 10ml vials,601.0,2396.0,36864.972870000005,201705,2017-05-01,generic analogue,2396000.0
0601011P0AAABAB,Insulin glulisine 100units/ml inj 3ml cartridges,44.0,405.0,2123.51159,201705,2017-05-01,generic analogue,121500.0
0601011L0BBAGAF,Humalog KwikPen 100units/ml inj 3ml pre-filled pens,12859.0,91557.0,499837.8532000004,201705,2017-05-01,originator,27467100.0
0601011P0BBAAAA,Apidra 100units/ml solution for injection 10ml vials,546.0,2186.0,32398.53112999999,201705,2017-05-01,originator,2186000.0
0601011P0AAAAAA,Insulin glulisine 100units/ml inj 10ml vials,69.0,263.0,3898.0071399999997,201705,2017-05-01,generic analogue,263000.0
0601011N0BCAAAA,Hypurin Bovine Neutral 100units/ml inj 10ml vials,163.0,579.0,14866.14681000001,201705,2017-05-01,human soluble,579000.0
0601011A0AAABAB,Insulin aspart 100units/ml inj 3ml cartridges,1125.0,10024.0,52578.793059999996,201705,2017-05-01,generic analogue,3007200.0
0601011L0BBACAC,Humalog 100units/ml solution for injection 3ml cartridges,16310.0,141949.0,744602.6360499995,201705,2017-05-01,originator,42584700.0
0601011N0BKABAP,Insuman Rapid 100units/ml inj 3ml cartridges,211.0,1810.0,5870.2329700000055,201705,2017-05-01,human soluble,543000.0
0601011R0BDAAAC,Insuman Infusat 100units/ml inj 3.15ml cartridges,1.0,15.0,694.60929,201705,2017-05-01,human soluble,4725.0
0601011N0BHAAAG,Humulin S 100units/ml solution for injection 10ml vials,281.0,790.0,11475.359109999998,201705,2017-05-01,human soluble,790000.0
0601011L0AAAFAF,Insulin lispro 100units/ml inj 3ml pf dispos dev,348.0,2592.0,14151.126079999985,201705,2017-05-01,generic analogue,777600.0
0601011R0AAABAB,Insulin human 500units/ml solution for injection 20ml vials,2.0,2.0,1492.44493,201705,2017-05-01,human soluble,20000.0
0601011P0BBAEAC,Apidra 100units/ml inj 3ml pre-filled SoloStar pens,5764.0,38690.0,202907.01776000008,201705,2017-05-01,originator,11607000.0
0601011P0AAACAC,Insulin glulisine 100units/ml inj 3ml pf dispos dev,180.0,1222.0,6408.898409999998,201705,2017-05-01,generic analogue,366600.0
0601011N0BCAHAZ,Hypurin Porcine Neutral 100units/ml inj 3ml cartridges,287.0,2619.0,18341.734379999998,201705,2017-05-01,human soluble,785700.0
0601011A0BCACAA,Fiasp 100units/ml solution for injection 10ml vials,45.0,141.0,1839.1466100000005,201705,2017-05-01,ultra-rapid,141000.0
0601011A0BBABAB,NovoRapid Penfill 100units/ml inj 3ml cartridges,54277.0,456742.0,2395774.0272500003,201705,2017-05-01,originator,137022600.0
0601011A0BCAAAC,Fiasp FlexTouch 100units/ml inj 3ml pre-filled pens,68.0,435.0,2466.5974300000007,201705,2017-05-01,ultra-rapid,130500.0
0601011A0BBADAC,NovoRapid FlexPen 100units/ml inj 3ml pre-filled pens,72346.0,513272.0,2910306.670950001,201705,2017-05-01,originator,153981600.0
0601011A0BBAFAD,NovoRapid PumpCart 100units/ml inj 1.6ml cartridges,5033.0,72995.0,204260.61359999998,201705,2017-05-01,originator,11679200.0
0601011N0BFAEAL,Actrapid 100units/ml solution for injection 10ml vials,673.0,1981.0,13731.133399999999,201705,2017-05-01,human soluble,1981000.0
0601011A0AAACAC,Insulin aspart 100units/ml inj 3ml pf dispos dev,423.0,3106.0,17611.763000000017,201705,2017-05-01,generic analogue,931800.0
0601011R0BBABAB,Humulin R 500units/ml solution for injection 20ml vials,26.0,58.0,38342.09075,201705,2017-05-01,human soluble,580000.0
0601011N0AAACAC,Insulin soluble porcine 100units/ml inj 10ml vials,2.0,9.0,210.0709,201705,2017-05-01,human soluble,9000.0
0601011L0BBAHAG,Humalog KwikPen 200units/ml inj 3ml pre-filled pens,724.0,6029.0,65741.711,201706,2017-06-01,originator,3617400.0
0601011A0BCABAB,Fiasp Penfill 100units/ml inj 3ml cartridges,74.0,467.0,2478.37563,201706,2017-06-01,ultra-rapid,140100.0
0601011L0AAAGAG,Insulin lispro 200units/ml inj 3ml pf dispos dev,2.0,35.0,381.60503,201706,2017-06-01,generic analogue,21000.0
0601011N0BCAEAC,Hypurin Porcine Neutral 100units/ml inj 10ml vials,258.0,765.0,17838.486860000005,201706,2017-06-01,human soluble,765000.0
0601011N0AAAAAA,Insulin soluble bovine 100units/ml inj 10ml vials,1.0,2.0,51.30424,201706,2017-06-01,human soluble,2000.0
0601011N0BCAGAY,Hypurin Bovine Neutral 100units/ml inj 3ml cartridges,54.0,472.0,3632.1558499999987,201706,2017-06-01,human soluble,141600.0
0601011N0AAALAL,Insulin soluble human 100units/ml inj 10ml vials,4.0,11.0,98.93257000000001,201706,2017-06-01,human soluble,11000.0
0601011A0BBAEAC,NovoRapid FlexTouch 100units/ml inj 3ml pre-filled pens,2347.0,17167.0,102099.26855000001,201706,2017-06-01,originator,5150100.0
0601011A0AAAAAA,Insulin aspart 100units/ml solution for injection 10ml vials,423.0,1839.0,23960.904299999995,201706,2017-06-01,generic analogue,1839000.0
0601011A0AAADAD,Insulin aspart 100units/ml inj 1.6ml cartridges,44.0,658.0,1839.1089999999995,201706,2017-06-01,generic analogue,105280.0
0601011L0BBAFAF,Humalog Pen 100units/ml inj 3ml pre-filled pens,4.0,30.0,163.58398,201706,2017-06-01,originator,9000.0
0601011N0BHADAP,Humulin S 100units/ml solution for injection 3ml cartridges,2513.0,22495.0,79451.13772000004,201706,2017-06-01,human soluble,6748500.0
0601011L0AAACAC,Insulin lispro 100units/ml inj 3ml cartridges,1126.0,10276.0,53844.98302000001,201706,2017-06-01,generic analogue,3082800.0
0601011L0BBACAC,Humalog 100units/ml solution for injection 3ml cartridges,16327.0,141367.0,740739.2111500002,201706,2017-06-01,originator,42410100.0
0601011A0AAABAB,Insulin aspart 100units/ml inj 3ml cartridges,1048.0,8909.0,46682.874970000004,201706,2017-06-01,generic analogue,2672700.0
0601011N0BKABAP,Insuman Rapid 100units/ml inj 3ml cartridges,196.0,1482.0,4802.3767300000045,201706,2017-06-01,human soluble,444600.0
0601011A0BBAAAA,NovoRapid 100units/ml solution for injection 10ml vials,12084.0,47272.0,615927.6180699997,201706,2017-06-01,originator,47272000.0
0601011L0AAABAB,Insulin lispro 100units/ml solution for injection 10ml vials,572.0,2210.0,33968.45536,201706,2017-06-01,generic analogue,2210000.0
0601011P0AAABAB,Insulin glulisine 100units/ml inj 3ml cartridges,52.0,430.0,2252.329429999999,201706,2017-06-01,generic analogue,129000.0
0601011L0BBABAB,Humalog 100units/ml solution for injection 10ml vials,3134.0,12001.0,184457.36354000002,201706,2017-06-01,originator,12001000.0
0601011P0BBABAB,Apidra 100units/ml solution for injection 3ml cartridges,772.0,6186.0,32404.071740000014,201706,2017-06-01,originator,1855800.0
0601011A0BBABAB,NovoRapid Penfill 100units/ml inj 3ml cartridges,55326.0,464246.0,2432652.7678500004,201706,2017-06-01,originator,139273800.0
0601011A0BCAAAC,Fiasp FlexTouch 100units/ml inj 3ml pre-filled pens,174.0,1042.0,5978.392120000001,201706,2017-06-01,ultra-rapid,312600.0
0601011N0BHAAAG,Humulin S 100units/ml solution for injection 10ml vials,304.0,897.0,13016.131650000001,201706,2017-06-01,human soluble,897000.0
0601011L0AAAFAF,Insulin lispro 100units/ml inj 3ml pf dispos dev,334.0,2746.0,14975.224710000011,201706,2017-06-01,generic analogue,823800.0
0601011R0AAABAB,Insulin human 500units/ml solution for injection 20ml vials,4.0,4.0,2805.15094,201706,2017-06-01,human soluble,40000.0
0601011P0BBAEAC,Apidra 100units/ml inj 3ml pre-filled SoloStar pens,5968.0,40213.0,210678.13489000016,201706,2017-06-01,originator,12063900.0
0601011N0BCAHAZ,Hypurin Porcine Neutral 100units/ml inj 3ml cartridges,288.0,2514.0,17588.773740000004,201706,2017-06-01,human soluble,754200.0
0601011A0BCACAA,Fiasp 100units/ml solution for injection 10ml vials,118.0,387.0,5042.594700000001,201706,2017-06-01,ultra-rapid,387000.0
0601011P0AAACAC,Insulin glulisine 100units/ml inj 3ml pf dispos dev,179.0,1188.0,6223.837519999997,201706,2017-06-01,generic analogue,356400.0
0601011A0BBADAC,NovoRapid FlexPen 100units/ml inj 3ml pre-filled pens,73673.0,522798.0,2961361.30203,201706,2017-06-01,originator,156839400.0
0601011N0BFAEAL,Actrapid 100units/ml solution for injection 10ml vials,707.0,2195.0,15198.242430000002,201706,2017-06-01,human soluble,2195000.0
0601011A0BBAFAD,NovoRapid PumpCart 100units/ml inj 1.6ml cartridges,4982.0,72343.0,202191.08097999982,201706,2017-06-01,originator,11574880.0
0601011A0AAACAC,Insulin aspart 100units/ml inj 3ml pf dispos dev,422.0,3074.0,17412.862280000012,201706,2017-06-01,generic analogue,922200.0
0601011R0BBABAB,Humulin R 500units/ml solution for injection 20ml vials,38.0,106.0,67949.03946,201706,2017-06-01,human soluble,1060000.0
0601011L0BBAGAF,Humalog KwikPen 100units/ml inj 3ml pre-filled pens,13013.0,92512.0,504503.01675999985,201706,2017-06-01,originator,27753600.0
0601011P0AAAAAA,Insulin glulisine 100units/ml inj 10ml vials,72.0,274.0,4056.84629,201706,2017-06-01,generic analogue,274000.0
0601011P0BBAAAA,Apidra 100units/ml solution for injection 10ml vials,498.0,1957.0,28974.68921000001,201706,2017-06-01,originator,1957000.0
0601011N0BCAAAA,Hypurin Bovine Neutral 100units/ml inj 10ml vials,167.0,560.0,14363.625900000005,201706,2017-06-01,human soluble,560000.0
0601011A0AAADAD,Insulin aspart 100units/ml inj 1.6ml cartridges,41.0,665.0,1858.8875700000003,201707,2017-07-01,generic analogue,106400.0
0601011L0BBAFAF,Humalog Pen 100units/ml inj 3ml pre-filled pens,3.0,25.0,136.3265,201707,2017-07-01,originator,7500.0
0601011P0BBAEAC,Apidra 100units/ml inj 3ml pre-filled SoloStar pens,5711.0,38171.0,199996.65281,201707,2017-07-01,originator,11451300.0
0601011N0BCAHAZ,Hypurin Porcine Neutral 100units/ml inj 3ml cartridges,279.0,2522.0,17646.057839999994,201707,2017-07-01,human soluble,756600.0
0601011A0BCACAA,Fiasp 100units/ml solution for injection 10ml vials,165.0,533.0,7009.995039999999,201707,2017-07-01,ultra-rapid,533000.0
0601011P0AAACAC,Insulin glulisine 100units/ml inj 3ml pf dispos dev,176.0,1184.0,6203.47618,201707,2017-07-01,generic analogue,355200.0
0601011N0BCAEAC,Hypurin Porcine Neutral 100units/ml inj 10ml vials,235.0,727.0,16953.712099999986,201707,2017-07-01,human soluble,727000.0
0601011N0AAAAAA,Insulin soluble bovine 100units/ml inj 10ml vials,2.0,5.0,128.26442,201707,2017-07-01,human soluble,5000.0
0601011L0BBAHAG,Humalog KwikPen 200units/ml inj 3ml pre-filled pens,775.0,6423.0,70043.65608999999,201707,2017-07-01,originator,3853800.0
0601011A0BCABAB,Fiasp Penfill 100units/ml inj 3ml cartridges,103.0,678.0,3553.488580000001,201707,2017-07-01,ultra-rapid,203400.0
0601011L0AAAGAG,Insulin lispro 200units/ml inj 3ml pf dispos dev,4.0,25.0,272.6282,201707,2017-07-01,generic analogue,15000.0
0601011N0BCAGAY,Hypurin Bovine Neutral 100units/ml inj 3ml cartridges,47.0,383.0,2947.7567799999993,201707,2017-07-01,human soluble,114900.0
0601011R0AAADAD,Insulin human 100units/ml solution for injection 10ml vials,1.0,1.0,536.86085,201707,2017-07-01,human soluble,1000.0
0601011N0AAALAL,Insulin soluble human 100units/ml inj 10ml vials,3.0,10.0,69.24588,201707,2017-07-01,human soluble,10000.0
0601011L0AAAFAF,Insulin lispro 100units/ml inj 3ml pf dispos dev,326.0,2328.0,12697.431329999989,201707,2017-07-01,generic analogue,698400.0
0601011N0BHAAAG,Humulin S 100units/ml solution for injection 10ml vials,283.0,812.0,11783.788819999992,201707,2017-07-01,human soluble,812000.0
0601011R0AAABAB,Insulin human 500units/ml solution for injection 20ml vials,2.0,2.0,1402.6850100000001,201707,2017-07-01,human soluble,20000.0
0601011L0BBACAC,Humalog 100units/ml solution for injection 3ml cartridges,15783.0,137369.0,719847.5886600001,201707,2017-07-01,originator,41210700.0
0601011A0AAABAB,Insulin aspart 100units/ml inj 3ml cartridges,1081.0,9603.0,50322.255930000014,201707,2017-07-01,generic analogue,2880900.0
0601011N0BKABAP,Insuman Rapid 100units/ml inj 3ml cartridges,197.0,1524.0,4938.350780000001,201707,2017-07-01,human soluble,457200.0
0601011R0BDAAAC,Insuman Infusat 100units/ml inj 3.15ml cartridges,1.0,20.0,925.26221,201707,2017-07-01,human soluble,6300.0
0601011A0BBABAB,NovoRapid Penfill 100units/ml inj 3ml cartridges,54689.0,458024.0,2400220.3048000005,201707,2017-07-01,originator,137407200.0
0601011A0BCAAAC,Fiasp FlexTouch 100units/ml inj 3ml pre-filled pens,214.0,1258.0,7161.802939999993,201707,2017-07-01,ultra-rapid,377400.0
0601011P0BBABAB,Apidra 100units/ml solution for injection 3ml cartridges,780.0,6066.0,31778.160700000004,201707,2017-07-01,originator,1819800.0
0601011L0BBABAB,Humalog 100units/ml solution for injection 10ml vials,3186.0,12317.0,189329.11028999987,201707,2017-07-01,originator,12317000.0
0601011A0BBAAAA,NovoRapid 100units/ml solution for injection 10ml vials,12173.0,48259.0,628855.8219399998,201707,2017-07-01,originator,48259000.0
0601011L0AAABAB,Insulin lispro 100units/ml solution for injection 10ml vials,568.0,2206.0,33909.547240000014,201707,2017-07-01,generic analogue,2206000.0
0601011P0AAABAB,Insulin glulisine 100units/ml inj 3ml cartridges,40.0,350.0,1833.4035,201707,2017-07-01,generic analogue,105000.0
0601011A0AAAAAA,Insulin aspart 100units/ml solution for injection 10ml vials,407.0,1746.0,22751.02979,201707,2017-07-01,generic analogue,1746000.0
0601011A0BBAEAC,NovoRapid FlexTouch 100units/ml inj 3ml pre-filled pens,2316.0,17042.0,101362.15143000003,201707,2017-07-01,originator,5112600.0
0601011L0BBAGAF,Humalog KwikPen 100units/ml inj 3ml pre-filled pens,12854.0,91655.0,499871.13527999993,201707,2017-07-01,originator,27496500.0
0601011P0BBAAAA,Apidra 100units/ml solution for injection 10ml vials,553.0,2164.0,32041.938060000033,201707,2017-07-01,originator,2164000.0
0601011P0AAAAAA,Insulin glulisine 100units/ml inj 10ml vials,53.0,227.0,3361.152140000001,201707,2017-07-01,generic analogue,227000.0
0601011N0BCAAAA,Hypurin Bovine Neutral 100units/ml inj 10ml vials,135.0,523.0,13415.426910000006,201707,2017-07-01,human soluble,523000.0
0601011A0BBADAC,NovoRapid FlexPen 100units/ml inj 3ml pre-filled pens,71794.0,509985.0,2888928.7064799974,201707,2017-07-01,originator,152995500.0
0601011A0BBAFAD,NovoRapid PumpCart 100units/ml inj 1.6ml cartridges,5192.0,76643.0,214224.45867000002,201707,2017-07-01,originator,12262880.0
0601011N0BFAEAL,Actrapid 100units/ml solution for injection 10ml vials,638.0,1863.0,12900.931880000007,201707,2017-07-01,human soluble,1863000.0
0601011R0BBABAB,Humulin R 500units/ml solution for injection 20ml vials,36.0,87.0,67744.84957,201707,2017-07-01,human soluble,870000.0
0601011A0AAACAC,Insulin aspart 100units/ml inj 3ml pf dispos dev,424.0,3043.0,17237.88271999999,201707,2017-07-01,generic analogue,912900.0
0601011N0BHADAP,Humulin S 100units/ml solution for injection 3ml cartridges,2409.0,21565.0,76174.89739,201707,2017-07-01,human soluble,6469500.0
0601011L0AAACAC,Insulin lispro 100units/ml inj 3ml cartridges,1083.0,9665.0,50647.553210000005,201707,2017-07-01,generic analogue,2899500.0
0601011P0AAACAC,Insulin glulisine 100units/ml inj 3ml pf dispos dev,177.0,1173.0,6152.535520000002,201708,2017-08-01,generic analogue,351900.0
0601011P0BBAEAC,Apidra 100units/ml inj 3ml pre-filled SoloStar pens,5811.0,39131.0,205274.35213,201708,2017-08-01,originator,11739300.0
0601011N0BCAHAZ,Hypurin Porcine Neutral 100units/ml inj 3ml cartridges,257.0,2184.0,15298.635909999997,201708,2017-08-01,human soluble,655200.0
0601011A0BCACAA,Fiasp 100units/ml solution for injection 10ml vials,197.0,650.0,8612.707300000002,201708,2017-08-01,ultra-rapid,650000.0
0601011A0BBABAB,NovoRapid Penfill 100units/ml inj 3ml cartridges,52700.0,442981.0,2323959.2863700013,201708,2017-08-01,originator,132894300.0
0601011A0BCAAAC,Fiasp FlexTouch 100units/ml inj 3ml pre-filled pens,285.0,1501.0,8546.41388999999,201708,2017-08-01,ultra-rapid,450300.0
0601011A0BBAFAD,NovoRapid PumpCart 100units/ml inj 1.6ml cartridges,4834.0,71379.0,199736.29682999998,201708,2017-08-01,originator,11420640.0
0601011A0BBADAC,NovoRapid FlexPen 100units/ml inj 3ml pre-filled pens,72320.0,511862.0,2902833.792509998,201708,2017-08-01,originator,153558600.0
0601011N0BFAEAL,Actrapid 100units/ml solution for injection 10ml vials,731.0,2261.0,15674.042469999991,201708,2017-08-01,human soluble,2261000.0
0601011A0AAACAC,Insulin aspart 100units/ml inj 3ml pf dispos dev,411.0,3016.0,17104.739109999988,201708,2017-08-01,generic analogue,904800.0
0601011R0BBABAB,Humulin R 500units/ml solution for injection 20ml vials,22.0,57.0,45989.591010000004,201708,2017-08-01,human soluble,570000.0
0601011N0AAACAC,Insulin soluble porcine 100units/ml inj 10ml vials,3.0,12.0,280.14659,201708,2017-08-01,human soluble,12000.0
0601011L0AAAFAF,Insulin lispro 100units/ml inj 3ml pf dispos dev,368.0,2768.0,15113.369290000013,201708,2017-08-01,generic analogue,830400.0
0601011N0BHAAAG,Humulin S 100units/ml solution for injection 10ml vials,287.0,817.0,11869.574029999989,201708,2017-08-01,human soluble,817000.0
0601011R0AAABAB,Insulin human 500units/ml solution for injection 20ml vials,3.0,3.0,2271.05366,201708,2017-08-01,human soluble,30000.0
0601011L0BBACAC,Humalog 100units/ml solution for injection 3ml cartridges,15584.0,135981.0,713369.9956000005,201708,2017-08-01,originator,40794300.0
0601011N0BKABAP,Insuman Rapid 100units/ml inj 3ml cartridges,213.0,1704.0,5527.808839999999,201708,2017-08-01,human soluble,511200.0
0601011A0AAABAB,Insulin aspart 100units/ml inj 3ml cartridges,1054.0,9448.0,49565.58305000001,201708,2017-08-01,generic analogue,2834400.0
0601011R0BDAAAC,Insuman Infusat 100units/ml inj 3.15ml cartridges,1.0,10.0,463.15622,201708,2017-08-01,human soluble,3150.0
0601011L0BBAGAF,Humalog KwikPen 100units/ml inj 3ml pre-filled pens,12783.0,90701.0,495226.20281000005,201708,2017-08-01,originator,27210300.0
0601011N0BCAAAA,Hypurin Bovine Neutral 100units/ml inj 10ml vials,155.0,564.0,14483.440660000006,201708,2017-08-01,human soluble,564000.0
0601011P0BBAAAA,Apidra 100units/ml solution for injection 10ml vials,511.0,2043.0,30284.11979000001,201708,2017-08-01,originator,2043000.0
0601011P0AAAAAA,Insulin glulisine 100units/ml inj 10ml vials,49.0,192.0,2846.1632100000006,201708,2017-08-01,generic analogue,192000.0
0601011L0BBAHAG,Humalog KwikPen 200units/ml inj 3ml pre-filled pens,791.0,6267.0,68419.53071000004,201708,2017-08-01,originator,3760200.0
0601011A0BCABAB,Fiasp Penfill 100units/ml inj 3ml cartridges,175.0,1145.0,6100.895379999997,201708,2017-08-01,ultra-rapid,343500.0
0601011L0AAAGAG,Insulin lispro 200units/ml inj 3ml pf dispos dev,3.0,7.0,76.63741,201708,2017-08-01,generic analogue,4200.0
0601011N0BCAEAC,Hypurin Porcine Neutral 100units/ml inj 10ml vials,270.0,841.0,19634.037530000005,201708,2017-08-01,human soluble,841000.0
0601011N0AAAAAA,Insulin soluble bovine 100units/ml inj 10ml vials,2.0,2.0,51.37819,201708,2017-08-01,human soluble,2000.0
0601011L0BBABAB,Humalog 100units/ml solution for injection 10ml vials,2952.0,11222.0,172691.08337000004,201708,2017-08-01,originator,11222000.0
0601011P0BBABAB,Apidra 100units/ml solution for injection 3ml cartridges,666.0,5292.0,27754.297300000002,201708,2017-08-01,originator,1587600.0
0601011A0BBAAAA,NovoRapid 100units/ml solution for injection 10ml vials,11668.0,46295.0,603928.7939500001,201708,2017-08-01,originator,46295000.0
0601011L0AAABAB,Insulin lispro 100units/ml solution for injection 10ml vials,498.0,1937.0,29808.019430000004,201708,2017-08-01,generic analogue,1937000.0
0601011P0AAABAB,Insulin glulisine 100units/ml inj 3ml cartridges,39.0,295.0,1547.1060599999998,201708,2017-08-01,generic analogue,88500.0
0601011N0AAAPAP,Insulin soluble human 100units/ml inj 3ml cartridges,1.0,25.0,81.06257,201708,2017-08-01,human soluble,7500.0
0601011N0BCAGAY,Hypurin Bovine Neutral 100units/ml inj 3ml cartridges,47.0,390.0,3004.8939199999995,201708,2017-08-01,human soluble,117000.0
0601011N0AAALAL,Insulin soluble human 100units/ml inj 10ml vials,2.0,7.0,71.3119,201708,2017-08-01,human soluble,7000.0
0601011L0AAACAC,Insulin lispro 100units/ml inj 3ml cartridges,1034.0,9210.0,48317.38521999999,201708,2017-08-01,generic analogue,2763000.0
0601011N0BHADAP,Humulin S 100units/ml solution for injection 3ml cartridges,2390.0,21223.0,75049.74337999999,201708,2017-08-01,human soluble,6366900.0
0601011A0AAADAD,Insulin aspart 100units/ml inj 1.6ml cartridges,37.0,533.0,1491.5669700000005,201708,2017-08-01,generic analogue,85280.0
0601011L0BBAFAF,Humalog Pen 100units/ml inj 3ml pre-filled pens,4.0,16.0,86.54445,201708,2017-08-01,originator,4800.0
0601011A0BBAEAC,NovoRapid FlexTouch 100units/ml inj 3ml pre-filled pens,2378.0,17375.0,103461.06567,201708,2017-08-01,originator,5212500.0
0601011A0AAAAAA,Insulin aspart 100units/ml solution for injection 10ml vials,384.0,1546.0,20167.832580000006,201708,2017-08-01,generic analogue,1546000.0
0601011L0BBAHAG,Humalog KwikPen 200units/ml inj 3ml pre-filled pens,862.0,7124.0,77720.32169000004,201709,2017-09-01,originator,4274400.0
0601011A0BCABAB,Fiasp Penfill 100units/ml inj 3ml cartridges,155.0,942.0,4939.500780000003,201709,2017-09-01,ultra-rapid,282600.0
0601011L0AAAGAG,Insulin lispro 200units/ml inj 3ml pf dispos dev,3.0,15.0,163.64195,201709,2017-09-01,generic analogue,9000.0
0601011L0BBABAB,Humalog 100units/ml solution for injection 10ml vials,2955.0,11220.0,172540.94241000008,201709,2017-09-01,originator,11220000.0
0601011P0BBABAB,Apidra 100units/ml solution for injection 3ml cartridges,715.0,5591.0,29302.42965000001,201709,2017-09-01,originator,1677300.0
0601011N0BCAEAC,Hypurin Porcine Neutral 100units/ml inj 10ml vials,249.0,765.0,20524.217009999997,201709,2017-09-01,human soluble,765000.0
0601011A0AAADAD,Insulin aspart 100units/ml inj 1.6ml cartridges,36.0,538.0,1504.4986999999996,201709,2017-09-01,generic analogue,86080.0
0601011L0BBAFAF,Humalog Pen 100units/ml inj 3ml pre-filled pens,5.0,40.0,218.21821999999997,201709,2017-09-01,originator,12000.0
0601011N0BCAGAY,Hypurin Bovine Neutral 100units/ml inj 3ml cartridges,51.0,460.0,3541.71131,201709,2017-09-01,human soluble,138000.0
0601011N0AAALAL,Insulin soluble human 100units/ml inj 10ml vials,2.0,6.0,64.33867000000001,201709,2017-09-01,human soluble,6000.0
0601011A0BBAEAC,NovoRapid FlexTouch 100units/ml inj 3ml pre-filled pens,2375.0,17295.0,102912.61596999996,201709,2017-09-01,originator,5188500.0
0601011A0AAAAAA,Insulin aspart 100units/ml solution for injection 10ml vials,390.0,1589.0,20714.35965000001,201709,2017-09-01,generic analogue,1589000.0
0601011A0BBAAAA,NovoRapid 100units/ml solution for injection 10ml vials,11465.0,45005.0,586654.6372100001,201709,2017-09-01,originator,45005000.0
0601011L0AAABAB,Insulin lispro 100units/ml solution for injection 10ml vials,535.0,2035.0,31294.552789999987,201709,2017-09-01,generic analogue,2035000.0
0601011P0AAABAB,Insulin glulisine 100units/ml inj 3ml cartridges,40.0,365.0,1912.7878600000004,201709,2017-09-01,generic analogue,109500.0
0601011L0AAACAC,Insulin lispro 100units/ml inj 3ml cartridges,1109.0,9900.0,51900.84160000003,201709,2017-09-01,generic analogue,2970000.0
0601011N0BHADAP,Humulin S 100units/ml solution for injection 3ml cartridges,2372.0,20937.0,73989.34193,201709,2017-09-01,human soluble,6281100.0
0601011L0BBACAC,Humalog 100units/ml solution for injection 3ml cartridges,15537.0,133807.0,701486.0766399998,201709,2017-09-01,originator,40142100.0
0601011A0AAABAB,Insulin aspart 100units/ml inj 3ml cartridges,963.0,8591.0,45038.78255999998,201709,2017-09-01,generic analogue,2577300.0
0601011N0BKABAP,Insuman Rapid 100units/ml inj 3ml cartridges,181.0,1524.0,4940.201849999999,201709,2017-09-01,human soluble,457200.0
0601011L0BBAGAF,Humalog KwikPen 100units/ml inj 3ml pre-filled pens,12585.0,89077.0,486023.5480900002,201709,2017-09-01,originator,26723100.0
0601011P0BBAAAA,Apidra 100units/ml solution for injection 10ml vials,506.0,1918.0,28411.861680000024,201709,2017-09-01,originator,1918000.0
0601011N0BCAAAA,Hypurin Bovine Neutral 100units/ml inj 10ml vials,134.0,488.0,12523.119560000012,201709,2017-09-01,human soluble,488000.0
0601011P0AAAAAA,Insulin glulisine 100units/ml inj 10ml vials,53.0,213.0,3155.258269999999,201709,2017-09-01,generic analogue,213000.0
0601011L0AAAFAF,Insulin lispro 100units/ml inj 3ml pf dispos dev,336.0,2587.0,14115.607579999994,201709,2017-09-01,generic analogue,776100.0
0601011N0BHAAAG,Humulin S 100units/ml solution for injection 10ml vials,300.0,895.0,12993.67733,201709,2017-09-01,human soluble,895000.0
0601011R0AAABAB,Insulin human 500units/ml solution for injection 20ml vials,1.0,1.0,537.09063,201709,2017-09-01,human soluble,10000.0
0601011A0BBABAB,NovoRapid Penfill 100units/ml inj 3ml cartridges,52443.0,438130.0,2296928.2580099995,201709,2017-09-01,originator,131439000.0
0601011A0BCAAAC,Fiasp FlexTouch 100units/ml inj 3ml pre-filled pens,337.0,1900.0,10770.15285,201709,2017-09-01,ultra-rapid,570000.0
0601011P0BBAEAC,Apidra 100units/ml inj 3ml pre-filled SoloStar pens,5759.0,38651.0,202596.90548999998,201709,2017-09-01,originator,11595300.0
0601011P0AAACAC,Insulin glulisine 100units/ml inj 3ml pf dispos dev,187.0,1306.0,6845.706659999998,201709,2017-09-01,generic analogue,391800.0
0601011A0BCACAA,Fiasp 100units/ml solution for injection 10ml vials,246.0,853.0,11150.971510000005,201709,2017-09-01,ultra-rapid,853000.0
0601011N0BCAHAZ,Hypurin Porcine Neutral 100units/ml inj 3ml cartridges,272.0,2529.0,20356.658170000006,201709,2017-09-01,human soluble,758700.0
0601011A0BBADAC,NovoRapid FlexPen 100units/ml inj 3ml pre-filled pens,71083.0,503849.0,2855423.7242800007,201709,2017-09-01,originator,151154700.0
0601011N0BFAEAL,Actrapid 100units/ml solution for injection 10ml vials,663.0,2083.0,14430.126190000004,201709,2017-09-01,human soluble,2083000.0
0601011A0BBAFAD,NovoRapid PumpCart 100units/ml inj 1.6ml cartridges,4782.0,70480.0,197082.81595999995,201709,2017-09-01,originator,11276800.0
0601011A0AAACAC,Insulin aspart 100units/ml inj 3ml pf dispos dev,413.0,2956.0,16752.683749999993,201709,2017-09-01,generic analogue,886800.0
0601011N0AAACAC,Insulin soluble porcine 100units/ml inj 10ml vials,1.0,2.0,53.66283,201709,2017-09-01,human soluble,2000.0
0601011R0BBABAB,Humulin R 500units/ml solution for injection 20ml vials,29.0,73.0,46032.33574,201709,2017-09-01,human soluble,730000.0
0601011R0AAACAC,Insulin human 100units/ml inj 3.15ml cartridges,1.0,1.0,46.39469,201709,2017-09-01,human soluble,315.0
0601011L0BBABAB,Humalog 100units/ml solution for injection 10ml vials,2953.0,11208.0,172186.19075000007,201710,2017-10-01,originator,11208000.0
0601011P0BBABAB,Apidra 100units/ml solution for injection 3ml cartridges,723.0,5796.0,30346.723039999986,201710,2017-10-01,originator,1738800.0
0601011N0BCAEAC,Hypurin Porcine Neutral 100units/ml inj 10ml vials,262.0,825.0,22111.948950000016,201710,2017-10-01,human soluble,825000.0
0601011N0AAAAAA,Insulin soluble bovine 100units/ml inj 10ml vials,2.0,5.0,128.19254999999998,201710,2017-10-01,human soluble,5000.0
0601011A0AAADAD,Insulin aspart 100units/ml inj 1.6ml cartridges,35.0,613.0,1712.4394300000004,201710,2017-10-01,generic analogue,98080.0
0601011L0BBAFAF,Humalog Pen 100units/ml inj 3ml pre-filled pens,4.0,35.0,190.73525999999998,201710,2017-10-01,originator,10500.0
0601011A0BCABAB,Fiasp Penfill 100units/ml inj 3ml cartridges,215.0,1354.0,7162.9085199999945,201710,2017-10-01,ultra-rapid,406200.0
0601011L0BBAHAG,Humalog KwikPen 200units/ml inj 3ml pre-filled pens,933.0,7769.0,84672.81899000004,201710,2017-10-01,originator,4661400.0
0601011L0AAAGAG,Insulin lispro 200units/ml inj 3ml pf dispos dev,8.0,37.0,403.48199000000005,201710,2017-10-01,generic analogue,22200.0
0601011N0BCAGAY,Hypurin Bovine Neutral 100units/ml inj 3ml cartridges,40.0,443.0,3407.23445,201710,2017-10-01,human soluble,132900.0
0601011N0AAALAL,Insulin soluble human 100units/ml inj 10ml vials,1.0,3.0,20.76337,201710,2017-10-01,human soluble,3000.0
0601011A0BBAEAC,NovoRapid FlexTouch 100units/ml inj 3ml pre-filled pens,2400.0,17504.0,104052.81636999999,201710,2017-10-01,originator,5251200.0
0601011A0AAAAAA,Insulin aspart 100units/ml solution for injection 10ml vials,371.0,1592.0,20811.69659,201710,2017-10-01,generic analogue,1592000.0
0601011A0BBAAAA,NovoRapid 100units/ml solution for injection 10ml vials,11601.0,45211.0,588828.0669700002,201710,2017-10-01,originator,45211000.0
0601011L0AAABAB,Insulin lispro 100units/ml solution for injection 10ml vials,547.0,2150.0,33030.17257,201710,2017-10-01,generic analogue,2150000.0
0601011P0AAABAB,Insulin glulisine 100units/ml inj 3ml cartridges,35.0,265.0,1387.4258999999997,201710,2017-10-01,generic analogue,79500.0
0601011N0AAAPAP,Insulin soluble human 100units/ml inj 3ml cartridges,2.0,20.0,70.60028,201710,2017-10-01,human soluble,6000.0
0601011L0AAACAC,Insulin lispro 100units/ml inj 3ml cartridges,1052.0,9413.0,49299.18665999997,201710,2017-10-01,generic analogue,2823900.0
0601011N0BHADAP,Humulin S 100units/ml solution for injection 3ml cartridges,2299.0,20245.0,71471.75681999997,201710,2017-10-01,human soluble,6073500.0
0601011L0BBACAC,Humalog 100units/ml solution for injection 3ml cartridges,15439.0,133682.0,700132.1006499995,201710,2017-10-01,originator,40104600.0
0601011A0AAABAB,Insulin aspart 100units/ml inj 3ml cartridges,989.0,8839.0,46293.03149999997,201710,2017-10-01,generic analogue,2651700.0
0601011N0BKABAP,Insuman Rapid 100units/ml inj 3ml cartridges,175.0,1443.0,4673.2383100000025,201710,2017-10-01,human soluble,432900.0
0601011R0BDAAAC,Insuman Infusat 100units/ml inj 3.15ml cartridges,1.0,20.0,924.7436,201710,2017-10-01,human soluble,6300.0
0601011L0BBAGAF,Humalog KwikPen 100units/ml inj 3ml pre-filled pens,12857.0,91404.0,498386.73531000025,201710,2017-10-01,originator,27421200.0
0601011P0BBAAAA,Apidra 100units/ml solution for injection 10ml vials,457.0,1789.0,26474.64036000001,201710,2017-10-01,originator,1789000.0
0601011P0AAAAAA,Insulin glulisine 100units/ml inj 10ml vials,49.0,195.0,2885.7690599999987,201710,2017-10-01,generic analogue,195000.0
0601011N0BCAAAA,Hypurin Bovine Neutral 100units/ml inj 10ml vials,154.0,627.0,16073.958909999992,201710,2017-10-01,human soluble,627000.0
0601011A0BBABAB,NovoRapid Penfill 100units/ml inj 3ml cartridges,52076.0,436706.0,2287354.14427,201710,2017-10-01,originator,131011800.0
0601011A0BCAAAC,Fiasp FlexTouch 100units/ml inj 3ml pre-filled pens,415.0,2467.0,13968.975280000013,201710,2017-10-01,ultra-rapid,740100.0
0601011N0BHAAAG,Humulin S 100units/ml solution for injection 10ml vials,267.0,827.0,11994.484669999998,201710,2017-10-01,human soluble,827000.0
0601011L0AAAFAF,Insulin lispro 100units/ml inj 3ml pf dispos dev,322.0,2455.0,13382.003639999984,201710,2017-10-01,generic analogue,736500.0
0601011P0BBAEAC,Apidra 100units/ml inj 3ml pre-filled SoloStar pens,5878.0,39854.0,208693.57297000004,201710,2017-10-01,originator,11956200.0
0601011A0BCACAA,Fiasp 100units/ml solution for injection 10ml vials,285.0,963.0,12541.654400000009,201710,2017-10-01,ultra-rapid,963000.0
0601011N0BCAHAZ,Hypurin Porcine Neutral 100units/ml inj 3ml cartridges,252.0,2407.0,19355.846400000013,201710,2017-10-01,human soluble,722100.0
0601011P0AAACAC,Insulin glulisine 100units/ml inj 3ml pf dispos dev,211.0,1394.0,7299.7576899999995,201710,2017-10-01,generic analogue,418200.0
0601011A0BBADAC,NovoRapid FlexPen 100units/ml inj 3ml pre-filled pens,71708.0,506880.0,2869976.350009999,201710,2017-10-01,originator,152064000.0
0601011N0BFAEAL,Actrapid 100units/ml solution for injection 10ml vials,630.0,1775.0,12304.81183,201710,2017-10-01,human soluble,1775000.0
0601011A0AAACAC,Insulin aspart 100units/ml inj 3ml pf dispos dev,456.0,3138.0,17767.184560000012,201710,2017-10-01,generic analogue,941400.0
0601011A0BBAFAD,NovoRapid PumpCart 100units/ml inj 1.6ml cartridges,5198.0,76144.0,212791.19894000003,201710,2017-10-01,originator,12183040.0
0601011R0BBABAB,Humulin R 500units/ml solution for injection 20ml vials,20.0,32.0,21413.194010000003,201710,2017-10-01,human soluble,320000.0
0601011N0AAACAC,Insulin soluble porcine 100units/ml inj 10ml vials,1.0,3.0,80.40853,201710,2017-10-01,human soluble,3000.0
0601011L0BBAHAG,Humalog KwikPen 200units/ml inj 3ml pre-filled pens,983.0,7953.0,86821.60234,201711,2017-11-01,originator,4771800.0
0601011A0BCABAB,Fiasp Penfill 100units/ml inj 3ml cartridges,288.0,1998.0,10482.112000000001,201711,2017-11-01,ultra-rapid,599400.0
0601011L0AAAGAG,Insulin lispro 200units/ml inj 3ml pf dispos dev,7.0,75.0,818.7038999999999,201711,2017-11-01,generic analogue,45000.0
0601011L0BBABAB,Humalog 100units/ml solution for injection 10ml vials,2977.0,11355.0,174750.08052000005,201711,2017-11-01,originator,11355000.0
0601011P0BBABAB,Apidra 100units/ml solution for injection 3ml cartridges,704.0,5661.0,29688.143649999984,201711,2017-11-01,originator,1698300.0
0601011N0BCAEAC,Hypurin Porcine Neutral 100units/ml inj 10ml vials,229.0,683.0,18351.120250000007,201711,2017-11-01,human soluble,683000.0
0601011A0AAADAD,Insulin aspart 100units/ml inj 1.6ml cartridges,37.0,639.0,1788.0993700000004,201711,2017-11-01,generic analogue,102240.0
0601011L0BBAFAF,Humalog Pen 100units/ml inj 3ml pre-filled pens,2.0,15.0,57.07235,201711,2017-11-01,originator,4500.0
0601011N0BCAGAY,Hypurin Bovine Neutral 100units/ml inj 3ml cartridges,49.0,425.0,3274.4175499999988,201711,2017-11-01,human soluble,127500.0
0601011N0AAALAL,Insulin soluble human 100units/ml inj 10ml vials,5.0,16.0,156.48659,201711,2017-11-01,human soluble,16000.0
0601011A0BBAEAC,NovoRapid FlexTouch 100units/ml inj 3ml pre-filled pens,2421.0,17929.0,106753.75865999996,201711,2017-11-01,originator,5378700.0
0601011A0AAAAAA,Insulin aspart 100units/ml solution for injection 10ml vials,377.0,1581.0,20623.30345,201711,2017-11-01,generic analogue,1581000.0
0601011A0BBAAAA,NovoRapid 100units/ml solution for injection 10ml vials,11636.0,45557.0,594221.9371800001,201711,2017-11-01,originator,45557000.0
0601011L0AAABAB,Insulin lispro 100units/ml solution for injection 10ml vials,499.0,1925.0,29622.129589999993,201711,2017-11-01,generic analogue,1925000.0
0601011P0AAABAB,Insulin glulisine 100units/ml inj 3ml cartridges,40.0,376.0,1971.7978100000007,201711,2017-11-01,generic analogue,112800.0
0601011N0AAAPAP,Insulin soluble human 100units/ml inj 3ml cartridges,1.0,5.0,17.68519,201711,2017-11-01,human soluble,1500.0
0601011L0AAACAC,Insulin lispro 100units/ml inj 3ml cartridges,1016.0,9236.0,48450.633300000016,201711,2017-11-01,generic analogue,2770800.0
0601011N0BHADAP,Humulin S 100units/ml solution for injection 3ml cartridges,2360.0,20914.0,73974.92444000005,201711,2017-11-01,human soluble,6274200.0
0601011L0BBAGAF,Humalog KwikPen 100units/ml inj 3ml pre-filled pens,13318.0,94860.0,518004.90416000003,201711,2017-11-01,originator,28458000.0
0601011P0BBAAAA,Apidra 100units/ml solution for injection 10ml vials,479.0,1940.0,28755.171479999994,201711,2017-11-01,originator,1940000.0
0601011P0AAAAAA,Insulin glulisine 100units/ml inj 10ml vials,42.0,148.0,2193.87373,201711,2017-11-01,generic analogue,148000.0
0601011N0BCAAAA,Hypurin Bovine Neutral 100units/ml inj 10ml vials,152.0,580.0,14893.60182,201711,2017-11-01,human soluble,580000.0
0601011N0BHAAAG,Humulin S 100units/ml solution for injection 10ml vials,293.0,803.0,11665.810749999995,201711,2017-11-01,human soluble,803000.0
0601011L0AAAFAF,Insulin lispro 100units/ml inj 3ml pf dispos dev,332.0,2524.0,13780.784779999993,201711,2017-11-01,generic analogue,757200.0
0601011R0AAABAB,Insulin human 500units/ml solution for injection 20ml vials,3.0,3.0,1941.63615,201711,2017-11-01,human soluble,30000.0
0601011L0BBACAC,Humalog 100units/ml solution for injection 3ml cartridges,15670.0,136454.0,715901.2862300002,201711,2017-11-01,originator,40936200.0
0601011N0BKABAP,Insuman Rapid 100units/ml inj 3ml cartridges,199.0,1551.0,5031.387409999999,201711,2017-11-01,human soluble,465300.0
0601011A0AAABAB,Insulin aspart 100units/ml inj 3ml cartridges,964.0,8649.0,45371.62969,201711,2017-11-01,generic analogue,2594700.0
0601011R0BDAAAC,Insuman Infusat 100units/ml inj 3.15ml cartridges,2.0,20.0,926.27179,201711,2017-11-01,human soluble,6300.0
0601011A0BCAAAC,Fiasp FlexTouch 100units/ml inj 3ml pre-filled pens,531.0,3029.0,17180.522200000007,201711,2017-11-01,ultra-rapid,908700.0
0601011A0BBABAB,NovoRapid Penfill 100units/ml inj 3ml cartridges,52365.0,438716.0,2301568.953770001,201711,2017-11-01,originator,131614800.0
0601011A0BCACAA,Fiasp 100units/ml solution for injection 10ml vials,352.0,1280.0,16697.03808000001,201711,2017-11-01,ultra-rapid,1280000.0
0601011P0BBAEAC,Apidra 100units/ml inj 3ml pre-filled SoloStar pens,5834.0,39417.0,206747.21979000003,201711,2017-11-01,originator,11825100.0
0601011N0BCAHAZ,Hypurin Porcine Neutral 100units/ml inj 3ml cartridges,261.0,2224.0,17913.452940000006,201711,2017-11-01,human soluble,667200.0
0601011P0AAACAC,Insulin glulisine 100units/ml inj 3ml pf dispos dev,180.0,1221.0,6404.158120000003,201711,2017-11-01,generic analogue,366300.0
0601011A0BBADAC,NovoRapid FlexPen 100units/ml inj 3ml pre-filled pens,73146.0,516871.0,2931266.7058100016,201711,2017-11-01,originator,155061300.0
0601011A0BBAFAD,NovoRapid PumpCart 100units/ml inj 1.6ml cartridges,5091.0,74871.0,209497.8923499999,201711,2017-11-01,originator,11979360.0
0601011A0AAACAC,Insulin aspart 100units/ml inj 3ml pf dispos dev,402.0,2940.0,16672.437450000016,201711,2017-11-01,generic analogue,882000.0
0601011N0BFAEAL,Actrapid 100units/ml solution for injection 10ml vials,682.0,2058.0,14266.323740000002,201711,2017-11-01,human soluble,2058000.0
0601011R0BBABAB,Humulin R 500units/ml solution for injection 20ml vials,25.0,56.0,43102.12084,201711,2017-11-01,human soluble,560000.0
0601011N0BCAEAC,Hypurin Porcine Neutral 100units/ml inj 10ml vials,281.0,847.0,22747.965410000004,201712,2017-12-01,human soluble,847000.0
0601011N0AAAAAA,Insulin soluble bovine 100units/ml inj 10ml vials,1.0,1.0,25.69816,201712,2017-12-01,human soluble,1000.0
0601011L0BBAFAF,Humalog Pen 100units/ml inj 3ml pre-filled pens,2.0,15.0,81.91901,201712,2017-12-01,originator,4500.0
0601011A0AAADAD,Insulin aspart 100units/ml inj 1.6ml cartridges,46.0,823.0,2303.7219299999992,201712,2017-12-01,generic analogue,131680.0
0601011L0BBABAB,Humalog 100units/ml solution for injection 10ml vials,3176.0,12123.0,186622.17833000002,201712,2017-12-01,originator,12123000.0
0601011P0BBABAB,Apidra 100units/ml solution for injection 3ml cartridges,781.0,6025.0,31610.19373,201712,2017-12-01,originator,1807500.0
0601011A0BBAEAC,NovoRapid FlexTouch 100units/ml inj 3ml pre-filled pens,2622.0,19272.0,114796.14327,201712,2017-12-01,originator,5781600.0
0601011A0AAAAAA,Insulin aspart 100units/ml solution for injection 10ml vials,402.0,1709.0,22380.707159999987,201712,2017-12-01,generic analogue,1709000.0
0601011N0BCAGAY,Hypurin Bovine Neutral 100units/ml inj 3ml cartridges,37.0,361.0,2782.2683200000006,201712,2017-12-01,human soluble,108300.0
0601011N0AAALAL,Insulin soluble human 100units/ml inj 10ml vials,1.0,10.0,69.32318,201712,2017-12-01,human soluble,10000.0
0601011L0BBAHAG,Humalog KwikPen 200units/ml inj 3ml pre-filled pens,1107.0,9212.0,100606.11,201712,2017-12-01,originator,5527200.0
0601011A0BCABAB,Fiasp Penfill 100units/ml inj 3ml cartridges,364.0,2404.0,12617.951030000002,201712,2017-12-01,ultra-rapid,721200.0
0601011L0AAAGAG,Insulin lispro 200units/ml inj 3ml pf dispos dev,7.0,55.0,600.6443399999999,201712,2017-12-01,generic analogue,33000.0
0601011N0BHADAP,Humulin S 100units/ml solution for injection 3ml cartridges,2413.0,21595.0,76393.26374,201712,2017-12-01,human soluble,6478500.0
0601011L0AAACAC,Insulin lispro 100units/ml inj 3ml cartridges,1091.0,9842.0,51650.44421000001,201712,2017-12-01,generic analogue,2952600.0
0601011A0BBAAAA,NovoRapid 100units/ml solution for injection 10ml vials,12518.0,49594.0,647160.8447699999,201712,2017-12-01,originator,49594000.0
0601011L0AAABAB,Insulin lispro 100units/ml solution for injection 10ml vials,554.0,2158.0,33220.58847000001,201712,2017-12-01,generic analogue,2158000.0
0601011P0AAABAB,Insulin glulisine 100units/ml inj 3ml cartridges,46.0,410.0,2150.8725799999997,201712,2017-12-01,generic analogue,123000.0
0601011N0AAAPAP,Insulin soluble human 100units/ml inj 3ml cartridges,1.0,10.0,35.37202,201712,2017-12-01,human soluble,3000.0
0601011L0BBAGAF,Humalog KwikPen 100units/ml inj 3ml pre-filled pens,13839.0,98698.0,539075.1436199999,201712,2017-12-01,originator,29609400.0
0601011P0BBAAAA,Apidra 100units/ml solution for injection 10ml vials,522.0,2013.0,29850.272559999998,201712,2017-12-01,originator,2013000.0
0601011P0AAAAAA,Insulin glulisine 100units/ml inj 10ml vials,47.0,241.0,3573.6092199999985,201712,2017-12-01,generic analogue,241000.0
0601011N0BCAAAA,Hypurin Bovine Neutral 100units/ml inj 10ml vials,155.0,622.0,15978.291260000007,201712,2017-12-01,human soluble,622000.0
0601011N0BHAAAG,Humulin S 100units/ml solution for injection 10ml vials,297.0,879.0,12774.731459999995,201712,2017-12-01,human soluble,879000.0
0601011L0AAAFAF,Insulin lispro 100units/ml inj 3ml pf dispos dev,346.0,2732.0,14921.593280000006,201712,2017-12-01,generic analogue,819600.0
0601011R0AAABAB,Insulin human 500units/ml solution for injection 20ml vials,3.0,3.0,1231.38773,201712,2017-12-01,human soluble,30000.0
0601011A0BBABAB,NovoRapid Penfill 100units/ml inj 3ml cartridges,55827.0,469972.0,2466469.2543500005,201712,2017-12-01,originator,140991600.0
0601011A0BCAAAC,Fiasp FlexTouch 100units/ml inj 3ml pre-filled pens,637.0,3877.0,21996.74879000001,201712,2017-12-01,ultra-rapid,1163100.0
0601011A0BBAFAD,NovoRapid PumpCart 100units/ml inj 1.6ml cartridges,5471.0,81510.0,228163.9716999999,201712,2017-12-01,originator,13041600.0
0601011A0BBADAC,NovoRapid FlexPen 100units/ml inj 3ml pre-filled pens,75978.0,539418.0,3060329.0535399998,201712,2017-12-01,originator,161825400.0
0601011N0BFAEAL,Actrapid 100units/ml solution for injection 10ml vials,700.0,2160.0,14979.20153,201712,2017-12-01,human soluble,2160000.0
0601011A0AAACAC,Insulin aspart 100units/ml inj 3ml pf dispos dev,441.0,3226.0,18301.621430000003,201712,2017-12-01,generic analogue,967800.0
0601011R0BBABAB,Humulin R 500units/ml solution for injection 20ml vials,31.0,66.0,41065.08423,201712,2017-12-01,human soluble,660000.0
0601011N0AAACAC,Insulin soluble porcine 100units/ml inj 10ml vials,1.0,6.0,161.13217,201712,2017-12-01,human soluble,6000.0
0601011L0BBACAC,Humalog 100units/ml solution for injection 3ml cartridges,16596.0,143871.0,755029.8095600007,201712,2017-12-01,originator,43161300.0
0601011A0AAABAB,Insulin aspart 100units/ml inj 3ml cartridges,979.0,8682.0,45562.88569,201712,2017-12-01,generic analogue,2604600.0
0601011N0BKABAP,Insuman Rapid 100units/ml inj 3ml cartridges,182.0,1485.0,4819.33796,201712,2017-12-01,human soluble,445500.0
0601011P0BBAEAC,Apidra 100units/ml inj 3ml pre-filled SoloStar pens,6113.0,41521.0,217866.2353999999,201712,2017-12-01,originator,12456300.0
0601011A0BCACAA,Fiasp 100units/ml solution for injection 10ml vials,399.0,1494.0,19496.249870000007,201712,2017-12-01,ultra-rapid,1494000.0
0601011P0AAACAC,Insulin glulisine 100units/ml inj 3ml pf dispos dev,189.0,1284.0,6737.635889999999,201712,2017-12-01,generic analogue,385200.0
0601011N0BCAHAZ,Hypurin Porcine Neutral 100units/ml inj 3ml cartridges,281.0,2552.0,20563.233600000014,201712,2017-12-01,human soluble,765600.0
0601011L0BBAHAG,Humalog KwikPen 200units/ml inj 3ml pre-filled pens,1049.0,8557.0,93475.96881000002,201801,2018-01-01,originator,5134200.0
0601011A0BCABAB,Fiasp Penfill 100units/ml inj 3ml cartridges,381.0,2549.0,13381.857100000001,201801,2018-01-01,ultra-rapid,764700.0
0601011L0AAAGAG,Insulin lispro 200units/ml inj 3ml pf dispos dev,5.0,40.0,436.93936,201801,2018-01-01,generic analogue,24000.0
0601011L0BBABAB,Humalog 100units/ml solution for injection 10ml vials,3043.0,11650.0,179385.26134999987,201801,2018-01-01,originator,11650000.0
0601011P0BBABAB,Apidra 100units/ml solution for injection 3ml cartridges,729.0,5704.0,29933.483570000008,201801,2018-01-01,originator,1711200.0
0601011N0BCAEAC,Hypurin Porcine Neutral 100units/ml inj 10ml vials,260.0,797.0,21410.39344000001,201801,2018-01-01,human soluble,797000.0
0601011N0AAAAAA,Insulin soluble bovine 100units/ml inj 10ml vials,2.0,6.0,154.17756,201801,2018-01-01,human soluble,6000.0
0601011N0BCAGAY,Hypurin Bovine Neutral 100units/ml inj 3ml cartridges,27.0,270.0,2081.347460000001,201801,2018-01-01,human soluble,81000.0
0601011N0AAALAL,Insulin soluble human 100units/ml inj 10ml vials,2.0,8.0,55.48716,201801,2018-01-01,human soluble,8000.0
0601011L0BBAFAF,Humalog Pen 100units/ml inj 3ml pre-filled pens,7.0,55.0,300.44001000000003,201801,2018-01-01,originator,16500.0
0601011A0AAADAD,Insulin aspart 100units/ml inj 1.6ml cartridges,29.0,418.0,1170.45846,201801,2018-01-01,generic analogue,66880.0
0601011A0BBAAAA,NovoRapid 100units/ml solution for injection 10ml vials,11763.0,46693.0,609478.1063000002,201801,2018-01-01,originator,46693000.0
0601011L0AAABAB,Insulin lispro 100units/ml solution for injection 10ml vials,498.0,1923.0,29610.366550000002,201801,2018-01-01,generic analogue,1923000.0
0601011P0AAABAB,Insulin glulisine 100units/ml inj 3ml cartridges,45.0,380.0,1994.01497,201801,2018-01-01,generic analogue,114000.0
0601011L0AAACAC,Insulin lispro 100units/ml inj 3ml cartridges,1024.0,9060.0,47558.675010000006,201801,2018-01-01,generic analogue,2718000.0
0601011N0BHADAP,Humulin S 100units/ml solution for injection 3ml cartridges,2282.0,19899.0,70411.89933000001,201801,2018-01-01,human soluble,5969700.0
0601011L0BBAGAF,Humalog KwikPen 100units/ml inj 3ml pre-filled pens,13493.0,94924.0,518595.68249999976,201801,2018-01-01,originator,28477200.0
0601011P0BBAAAA,Apidra 100units/ml solution for injection 10ml vials,472.0,1835.0,27217.408619999995,201801,2018-01-01,originator,1835000.0
0601011N0BCAAAA,Hypurin Bovine Neutral 100units/ml inj 10ml vials,122.0,451.0,11588.513140000003,201801,2018-01-01,human soluble,451000.0
0601011P0AAAAAA,Insulin glulisine 100units/ml inj 10ml vials,49.0,195.0,2892.3620600000013,201801,2018-01-01,generic analogue,195000.0
0601011A0BBAEAC,NovoRapid FlexTouch 100units/ml inj 3ml pre-filled pens,2525.0,18247.0,108718.13421,201801,2018-01-01,originator,5474100.0
0601011A0AAAAAA,Insulin aspart 100units/ml solution for injection 10ml vials,381.0,1673.0,21837.249209999976,201801,2018-01-01,generic analogue,1673000.0
0601011A0BBABAB,NovoRapid Penfill 100units/ml inj 3ml cartridges,52180.0,434254.0,2279642.303830001,201801,2018-01-01,originator,130276200.0
0601011A0BCAAAC,Fiasp FlexTouch 100units/ml inj 3ml pre-filled pens,710.0,4360.0,24743.86945000002,201801,2018-01-01,ultra-rapid,1308000.0
0601011L0BBACAC,Humalog 100units/ml solution for injection 3ml cartridges,15358.0,132189.0,693940.6225700005,201801,2018-01-01,originator,39656700.0
0601011A0AAABAB,Insulin aspart 100units/ml inj 3ml cartridges,952.0,8290.0,43517.33929999999,201801,2018-01-01,generic analogue,2487000.0
0601011N0BKABAP,Insuman Rapid 100units/ml inj 3ml cartridges,175.0,1276.0,4142.40754,201801,2018-01-01,human soluble,382800.0
0601011N0BHAAAG,Humulin S 100units/ml solution for injection 10ml vials,275.0,796.0,11571.36632000001,201801,2018-01-01,human soluble,796000.0
0601011L0AAAFAF,Insulin lispro 100units/ml inj 3ml pf dispos dev,327.0,2381.0,13008.263390000002,201801,2018-01-01,generic analogue,714300.0
0601011R0AAABAB,Insulin human 500units/ml solution for injection 20ml vials,2.0,2.0,548.4201,201801,2018-01-01,human soluble,20000.0
0601011A0BBAFAD,NovoRapid PumpCart 100units/ml inj 1.6ml cartridges,5105.0,76611.0,214503.71410999983,201801,2018-01-01,originator,12257760.0
0601011A0BBADAC,NovoRapid FlexPen 100units/ml inj 3ml pre-filled pens,73185.0,515217.0,2923903.637390002,201801,2018-01-01,originator,154565100.0
0601011N0BFAEAL,Actrapid 100units/ml solution for injection 10ml vials,665.0,1992.0,13817.842760000003,201801,2018-01-01,human soluble,1992000.0
0601011A0AAACAC,Insulin aspart 100units/ml inj 3ml pf dispos dev,403.0,2921.0,16575.150150000016,201801,2018-01-01,generic analogue,876300.0
0601011R0BBABAB,Humulin R 500units/ml solution for injection 20ml vials,23.0,42.0,38746.09479,201801,2018-01-01,human soluble,420000.0
0601011N0AAACAC,Insulin soluble porcine 100units/ml inj 10ml vials,2.0,5.0,134.32455000000002,201801,2018-01-01,human soluble,5000.0
0601011A0BCACAA,Fiasp 100units/ml solution for injection 10ml vials,425.0,1548.0,20206.027939999967,201801,2018-01-01,ultra-rapid,1548000.0
0601011P0BBAEAC,Apidra 100units/ml inj 3ml pre-filled SoloStar pens,5902.0,39371.0,206643.49776000003,201801,2018-01-01,originator,11811300.0
0601011N0BCAHAZ,Hypurin Porcine Neutral 100units/ml inj 3ml cartridges,285.0,2740.0,22083.29362000001,201801,2018-01-01,human soluble,822000.0
0601011P0AAACAC,Insulin glulisine 100units/ml inj 3ml pf dispos dev,173.0,1157.0,6072.372359999999,201801,2018-01-01,generic analogue,347100.0
0601011A0BCABAB,Fiasp Penfill 100units/ml inj 3ml cartridges,389.0,2657.0,13975.977729999993,201802,2018-02-01,ultra-rapid,797100.0
0601011L0BBAHAG,Humalog KwikPen 200units/ml inj 3ml pre-filled pens,1085.0,8960.0,98014.20006999998,201802,2018-02-01,originator,5376000.0
0601011L0AAAGAG,Insulin lispro 200units/ml inj 3ml pf dispos dev,4.0,30.0,328.15934000000004,201802,2018-02-01,generic analogue,18000.0
0601011L0BBABAB,Humalog 100units/ml solution for injection 10ml vials,2634.0,9991.0,154112.49088999996,201802,2018-02-01,originator,9991000.0
0601011P0BBABAB,Apidra 100units/ml solution for injection 3ml cartridges,670.0,5202.0,27336.07334999999,201802,2018-02-01,originator,1560600.0
0601011N0BCAEAC,Hypurin Porcine Neutral 100units/ml inj 10ml vials,245.0,787.0,21170.75045,201802,2018-02-01,human soluble,787000.0
0601011N0AAAAAA,Insulin soluble bovine 100units/ml inj 10ml vials,7.0,28.0,720.45808,201802,2018-02-01,human soluble,28000.0
0601011A0AAADAD,Insulin aspart 100units/ml inj 1.6ml cartridges,35.0,605.0,1696.2059799999997,201802,2018-02-01,generic analogue,96800.0
0601011L0BBAFAF,Humalog Pen 100units/ml inj 3ml pre-filled pens,1.0,5.0,27.35488,201802,2018-02-01,originator,1500.0
0601011N0BCAGAY,Hypurin Bovine Neutral 100units/ml inj 3ml cartridges,12.0,105.0,810.55411,201802,2018-02-01,human soluble,31500.0
0601011A0BBAEAC,NovoRapid FlexTouch 100units/ml inj 3ml pre-filled pens,2296.0,16585.0,98952.08676000002,201802,2018-02-01,originator,4975500.0
0601011A0AAAAAA,Insulin aspart 100units/ml solution for injection 10ml vials,302.0,1280.0,16730.634390000003,201802,2018-02-01,generic analogue,1280000.0
0601011A0BBAAAA,NovoRapid 100units/ml solution for injection 10ml vials,10830.0,42887.0,560570.85258,201802,2018-02-01,originator,42887000.0
0601011L0AAABAB,Insulin lispro 100units/ml solution for injection 10ml vials,508.0,1947.0,30021.290150000004,201802,2018-02-01,generic analogue,1947000.0
0601011P0AAABAB,Insulin glulisine 100units/ml inj 3ml cartridges,37.0,317.0,1665.8017400000006,201802,2018-02-01,generic analogue,95100.0
0601011N0AAAPAP,Insulin soluble human 100units/ml inj 3ml cartridges,1.0,10.0,35.42954,201802,2018-02-01,human soluble,3000.0
0601011N0BHADAP,Humulin S 100units/ml solution for injection 3ml cartridges,2097.0,18538.0,65687.12178000002,201802,2018-02-01,human soluble,5561400.0
0601011L0AAACAC,Insulin lispro 100units/ml inj 3ml cartridges,889.0,7971.0,41899.83414,201802,2018-02-01,generic analogue,2391300.0
0601011L0BBAGAF,Humalog KwikPen 100units/ml inj 3ml pre-filled pens,12218.0,86513.0,473405.24734000035,201802,2018-02-01,originator,25953900.0
0601011P0BBAAAA,Apidra 100units/ml solution for injection 10ml vials,457.0,1893.0,28116.059710000005,201802,2018-02-01,originator,1893000.0
0601011N0BCAAAA,Hypurin Bovine Neutral 100units/ml inj 10ml vials,95.0,347.0,8928.57432,201802,2018-02-01,human soluble,347000.0
0601011P0AAAAAA,Insulin glulisine 100units/ml inj 10ml vials,39.0,152.0,2257.67663,201802,2018-02-01,generic analogue,152000.0
0601011L0BBACAC,Humalog 100units/ml solution for injection 3ml cartridges,14182.0,121738.0,640078.7623999998,201802,2018-02-01,originator,36521400.0
0601011A0AAABAB,Insulin aspart 100units/ml inj 3ml cartridges,795.0,6908.0,36312.712849999996,201802,2018-02-01,generic analogue,2072400.0
0601011N0BKABAP,Insuman Rapid 100units/ml inj 3ml cartridges,168.0,1324.0,4303.489969999999,201802,2018-02-01,human soluble,397200.0
0601011R0BDAAAC,Insuman Infusat 100units/ml inj 3.15ml cartridges,1.0,15.0,696.10401,201802,2018-02-01,human soluble,4725.0
0601011N0BHAAAG,Humulin S 100units/ml solution for injection 10ml vials,245.0,688.0,10015.33508000001,201802,2018-02-01,human soluble,688000.0
0601011L0AAAFAF,Insulin lispro 100units/ml inj 3ml pf dispos dev,297.0,2048.0,11204.679390000008,201802,2018-02-01,generic analogue,614400.0
0601011R0AAABAB,Insulin human 500units/ml solution for injection 20ml vials,2.0,2.0,1397.9809300000002,201802,2018-02-01,human soluble,20000.0
0601011A0BBABAB,NovoRapid Penfill 100units/ml inj 3ml cartridges,47278.0,395038.0,2076559.4851100005,201802,2018-02-01,originator,118511400.0
0601011A0BCAAAC,Fiasp FlexTouch 100units/ml inj 3ml pre-filled pens,784.0,4944.0,28096.378049999992,201802,2018-02-01,ultra-rapid,1483200.0
0601011P0BBAEAC,Apidra 100units/ml inj 3ml pre-filled SoloStar pens,5502.0,37052.0,194765.62579000005,201802,2018-02-01,originator,11115600.0
0601011N0BCAHAZ,Hypurin Porcine Neutral 100units/ml inj 3ml cartridges,247.0,2182.0,17610.50768,201802,2018-02-01,human soluble,654600.0
0601011A0BCACAA,Fiasp 100units/ml solution for injection 10ml vials,405.0,1501.0,19619.47195,201802,2018-02-01,ultra-rapid,1501000.0
0601011P0AAACAC,Insulin glulisine 100units/ml inj 3ml pf dispos dev,170.0,1173.0,6164.6780800000015,201802,2018-02-01,generic analogue,351900.0
0601011A0BBADAC,NovoRapid FlexPen 100units/ml inj 3ml pre-filled pens,67315.0,474594.0,2696936.72479,201802,2018-02-01,originator,142378200.0
0601011A0BBAFAD,NovoRapid PumpCart 100units/ml inj 1.6ml cartridges,4754.0,69123.0,193806.63785000003,201802,2018-02-01,originator,11059680.0
0601011A0AAACAC,Insulin aspart 100units/ml inj 3ml pf dispos dev,371.0,2587.0,14701.302070000016,201802,2018-02-01,generic analogue,776100.0
0601011N0BFAEAL,Actrapid 100units/ml solution for injection 10ml vials,613.0,1805.0,12538.015970000002,201802,2018-02-01,human soluble,1805000.0
0601011R0BBABAB,Humulin R 500units/ml solution for injection 20ml vials,16.0,48.0,34357.33625,201802,2018-02-01,human soluble,480000.0
0601011L0BBAHAG,Humalog KwikPen 200units/ml inj 3ml pre-filled pens,1177.0,9810.0,107223.42165999998,201803,2018-03-01,originator,5886000.0
0601011A0BCABAB,Fiasp Penfill 100units/ml inj 3ml cartridges,508.0,3440.0,18069.34715000001,201803,2018-03-01,ultra-rapid,1032000.0
0601011L0AAAGAG,Insulin lispro 200units/ml inj 3ml pf dispos dev,6.0,38.0,415.32435,201803,2018-03-01,generic analogue,22800.0
0601011P0BBABAB,Apidra 100units/ml solution for injection 3ml cartridges,705.0,5472.0,28732.283370000005,201803,2018-03-01,originator,1641600.0
0601011L0BBABAB,Humalog 100units/ml solution for injection 10ml vials,3087.0,11917.0,183598.35458000004,201803,2018-03-01,originator,11917000.0
0601011N0BCAEAC,Hypurin Porcine Neutral 100units/ml inj 10ml vials,246.0,777.0,20884.695850000007,201803,2018-03-01,human soluble,777000.0
0601011N0AAAAAA,Insulin soluble bovine 100units/ml inj 10ml vials,1.0,1.0,25.71881,201803,2018-03-01,human soluble,1000.0
0601011A0AAADAD,Insulin aspart 100units/ml inj 1.6ml cartridges,32.0,625.0,1750.7756499999996,201803,2018-03-01,generic analogue,100000.0
0601011L0BBAFAF,Humalog Pen 100units/ml inj 3ml pre-filled pens,4.0,26.0,196.85183,201803,2018-03-01,originator,7800.0
0601011N0BCAGAY,Hypurin Bovine Neutral 100units/ml inj 3ml cartridges,25.0,235.0,1812.57452,201803,2018-03-01,human soluble,70500.0
0601011L0BBAIAF,Humalog Junior KwikPen 100units/ml inj 3ml pre-filled pens,7.0,50.0,273.28693,201803,2018-03-01,originator,15000.0
0601011N0AAALAL,Insulin soluble human 100units/ml inj 10ml vials,1.0,3.0,20.82235,201803,2018-03-01,human soluble,3000.0
0601011A0BBAEAC,NovoRapid FlexTouch 100units/ml inj 3ml pre-filled pens,2587.0,18994.0,113231.52227000004,201803,2018-03-01,originator,5698200.0
0601011A0AAAAAA,Insulin aspart 100units/ml solution for injection 10ml vials,358.0,1567.0,20544.00819,201803,2018-03-01,generic analogue,1567000.0
0601011A0BBAAAA,NovoRapid 100units/ml solution for injection 10ml vials,12035.0,47160.0,615917.9105200003,201803,2018-03-01,originator,47160000.0
0601011L0AAABAB,Insulin lispro 100units/ml solution for injection 10ml vials,532.0,2099.0,32338.262280000003,201803,2018-03-01,generic analogue,2099000.0
0601011P0AAABAB,Insulin glulisine 100units/ml inj 3ml cartridges,35.0,295.0,1548.8339499999997,201803,2018-03-01,generic analogue,88500.0
0601011L0BBAGAF,Humalog KwikPen 100units/ml inj 3ml pre-filled pens,13721.0,97355.0,532246.5077900001,201803,2018-03-01,originator,29206500.0
0601011P0BBAAAA,Apidra 100units/ml solution for injection 10ml vials,477.0,1884.0,27959.535350000006,201803,2018-03-01,originator,1884000.0
0601011N0BCAAAA,Hypurin Bovine Neutral 100units/ml inj 10ml vials,120.0,494.0,12700.279879999998,201803,2018-03-01,human soluble,494000.0
0601011P0AAAAAA,Insulin glulisine 100units/ml inj 10ml vials,40.0,162.0,2404.21206,201803,2018-03-01,generic analogue,162000.0
0601011L0AAACAC,Insulin lispro 100units/ml inj 3ml cartridges,1035.0,9345.0,49109.658460000006,201803,2018-03-01,generic analogue,2803500.0
0601011N0BHADAP,Humulin S 100units/ml solution for injection 3ml cartridges,2321.0,20776.0,73556.26887999999,201803,2018-03-01,human soluble,6232800.0
0601011L0BBACAC,Humalog 100units/ml solution for injection 3ml cartridges,15463.0,133271.0,700056.67948,201803,2018-03-01,originator,39981300.0
0601011A0AAABAB,Insulin aspart 100units/ml inj 3ml cartridges,909.0,8031.0,42180.72565999999,201803,2018-03-01,generic analogue,2409300.0
0601011N0BKABAP,Insuman Rapid 100units/ml inj 3ml cartridges,169.0,1347.0,4374.2828,201803,2018-03-01,human soluble,404100.0
0601011R0BDAAAC,Insuman Infusat 100units/ml inj 3.15ml cartridges,4.0,65.0,3013.96825,201803,2018-03-01,human soluble,20475.0
0601011L0AAAFAF,Insulin lispro 100units/ml inj 3ml pf dispos dev,306.0,2340.0,12791.089140000004,201803,2018-03-01,generic analogue,702000.0
0601011N0BHAAAG,Humulin S 100units/ml solution for injection 10ml vials,276.0,789.0,11476.05925,201803,2018-03-01,human soluble,789000.0
0601011A0BBABAB,NovoRapid Penfill 100units/ml inj 3ml cartridges,53318.0,443166.0,2327633.0850800006,201803,2018-03-01,originator,132949800.0
0601011A0BCAAAC,Fiasp FlexTouch 100units/ml inj 3ml pre-filled pens,932.0,5715.0,32450.727409999992,201803,2018-03-01,ultra-rapid,1714500.0
0601011P0BBAEAC,Apidra 100units/ml inj 3ml pre-filled SoloStar pens,5948.0,39343.0,206609.96887,201803,2018-03-01,originator,11802900.0
0601011N0BCAHAZ,Hypurin Porcine Neutral 100units/ml inj 3ml cartridges,259.0,2353.0,18975.06759999999,201803,2018-03-01,human soluble,705900.0
0601011A0BCACAA,Fiasp 100units/ml solution for injection 10ml vials,494.0,1744.0,22777.302239999997,201803,2018-03-01,ultra-rapid,1744000.0
0601011P0AAACAC,Insulin glulisine 100units/ml inj 3ml pf dispos dev,180.0,1254.0,6585.496550000002,201803,2018-03-01,generic analogue,376200.0
0601011A0BBADAC,NovoRapid FlexPen 100units/ml inj 3ml pre-filled pens,74315.0,523656.0,2973504.5168699995,201803,2018-03-01,originator,157096800.0
0601011A0BBAFAD,NovoRapid PumpCart 100units/ml inj 1.6ml cartridges,5325.0,79182.0,221825.83385,201803,2018-03-01,originator,12669120.0
0601011A0AAACAC,Insulin aspart 100units/ml inj 3ml pf dispos dev,396.0,2931.0,16641.126660000005,201803,2018-03-01,generic analogue,879300.0
0601011N0BFAEAL,Actrapid 100units/ml solution for injection 10ml vials,624.0,1890.0,13117.48529,201803,2018-03-01,human soluble,1890000.0
0601011R0BBABAB,Humulin R 500units/ml solution for injection 20ml vials,20.0,34.0,29572.947610000003,201803,2018-03-01,human soluble,340000.0
0601011R0BEAAAE,Humulin R KwikPen 500units/ml inj 3ml pre-filled pens,5.0,46.0,2415.8966100000002,201803,2018-03-01,human soluble,69000.0
0601011N0AAACAC,Insulin soluble porcine 100units/ml inj 10ml vials,2.0,9.0,241.89872000000003,201803,2018-03-01,human soluble,9000.0
0601011N0BCAGAY,Hypurin Bovine Neutral 100units/ml inj 3ml cartridges,25.0,301.0,2323.4029299999997,201804,2018-04-01,human soluble,90300.0
0601011L0BBAIAF,Humalog Junior KwikPen 100units/ml inj 3ml pre-filled pens,1.0,5.0,27.35257,201804,2018-04-01,originator,1500.0
0601011N0AAALAL,Insulin soluble human 100units/ml inj 10ml vials,1.0,3.0,43.66759,201804,2018-04-01,human soluble,3000.0
0601011P0BBABAB,Apidra 100units/ml solution for injection 3ml cartridges,708.0,5640.0,29635.287159999978,201804,2018-04-01,originator,1692000.0
0601011L0BBABAB,Humalog 100units/ml solution for injection 10ml vials,2968.0,11176.0,172309.90434,201804,2018-04-01,originator,11176000.0
0601011A0BBAEAC,NovoRapid FlexTouch 100units/ml inj 3ml pre-filled pens,2587.0,18762.0,111933.91619999996,201804,2018-04-01,originator,5628600.0
0601011A0AAAAAA,Insulin aspart 100units/ml solution for injection 10ml vials,342.0,1423.0,18598.293550000006,201804,2018-04-01,generic analogue,1423000.0
0601011L0BBACAC,Humalog 100units/ml solution for injection 3ml cartridges,15243.0,131271.0,689972.3774299998,201804,2018-04-01,originator,39381300.0
0601011A0AAABAB,Insulin aspart 100units/ml inj 3ml cartridges,891.0,7960.0,41839.45915,201804,2018-04-01,generic analogue,2388000.0
0601011N0BKABAP,Insuman Rapid 100units/ml inj 3ml cartridges,176.0,1448.0,4705.622389999999,201804,2018-04-01,human soluble,434400.0
0601011N0BCAEAC,Hypurin Porcine Neutral 100units/ml inj 10ml vials,256.0,824.0,22164.25683000001,201804,2018-04-01,human soluble,824000.0
0601011N0BHAAAG,Humulin S 100units/ml solution for injection 10ml vials,252.0,755.0,10989.519,201804,2018-04-01,human soluble,755000.0
0601011L0AAAFAF,Insulin lispro 100units/ml inj 3ml pf dispos dev,294.0,2193.0,11997.393569999998,201804,2018-04-01,generic analogue,657900.0
0601011A0BBAAAA,NovoRapid 100units/ml solution for injection 10ml vials,11731.0,46453.0,607083.56248,201804,2018-04-01,originator,46453000.0
0601011L0AAABAB,Insulin lispro 100units/ml solution for injection 10ml vials,484.0,1863.0,28723.656179999994,201804,2018-04-01,generic analogue,1863000.0
0601011P0AAABAB,Insulin glulisine 100units/ml inj 3ml cartridges,33.0,280.0,1471.1484099999998,201804,2018-04-01,generic analogue,84000.0
0601011N0BHADAP,Humulin S 100units/ml solution for injection 3ml cartridges,2175.0,19600.0,69443.50671999998,201804,2018-04-01,human soluble,5880000.0
0601011L0AAACAC,Insulin lispro 100units/ml inj 3ml cartridges,950.0,8651.0,45469.83777999998,201804,2018-04-01,generic analogue,2595300.0
0601011P0BBAEAC,Apidra 100units/ml inj 3ml pre-filled SoloStar pens,5963.0,40064.0,210550.82056,201804,2018-04-01,originator,12019200.0
0601011A0BCACAA,Fiasp 100units/ml solution for injection 10ml vials,510.0,1864.0,24362.291020000004,201804,2018-04-01,ultra-rapid,1864000.0
0601011P0AAACAC,Insulin glulisine 100units/ml inj 3ml pf dispos dev,184.0,1335.0,7015.6742300000005,201804,2018-04-01,generic analogue,400500.0
0601011N0BCAHAZ,Hypurin Porcine Neutral 100units/ml inj 3ml cartridges,259.0,2423.0,19553.528840000003,201804,2018-04-01,human soluble,726900.0
0601011A0BBABAB,NovoRapid Penfill 100units/ml inj 3ml cartridges,51907.0,432412.0,2272866.9922100017,201804,2018-04-01,originator,129723600.0
0601011A0BCAAAC,Fiasp FlexTouch 100units/ml inj 3ml pre-filled pens,1072.0,6584.0,37413.38473000001,201804,2018-04-01,ultra-rapid,1975200.0
0601011A0BBADAC,NovoRapid FlexPen 100units/ml inj 3ml pre-filled pens,72518.0,508910.0,2891677.922200001,201804,2018-04-01,originator,152673000.0
0601011A0BBAFAD,NovoRapid PumpCart 100units/ml inj 1.6ml cartridges,5264.0,79349.0,222456.53303999992,201804,2018-04-01,originator,12695840.0
0601011A0AAACAC,Insulin aspart 100units/ml inj 3ml pf dispos dev,389.0,2740.0,15568.481340000013,201804,2018-04-01,generic analogue,822000.0
0601011N0BFAEAL,Actrapid 100units/ml solution for injection 10ml vials,618.0,1917.0,13314.488480000002,201804,2018-04-01,human soluble,1917000.0
0601011R0BBABAB,Humulin R 500units/ml solution for injection 20ml vials,9.0,12.0,9270.75753,201804,2018-04-01,human soluble,120000.0
0601011R0BEAAAE,Humulin R KwikPen 500units/ml inj 3ml pre-filled pens,6.0,50.0,1906.6478399999996,201804,2018-04-01,human soluble,75000.0
0601011N0AAACAC,Insulin soluble porcine 100units/ml inj 10ml vials,1.0,6.0,161.38068,201804,2018-04-01,human soluble,6000.0
0601011L0BBAHAG,Humalog KwikPen 200units/ml inj 3ml pre-filled pens,1227.0,10217.0,111753.43508000002,201804,2018-04-01,originator,6130200.0
0601011A0BCABAB,Fiasp Penfill 100units/ml inj 3ml cartridges,512.0,3290.0,17295.27856000001,201804,2018-04-01,ultra-rapid,987000.0
0601011L0AAAGAG,Insulin lispro 200units/ml inj 3ml pf dispos dev,6.0,55.0,601.55823,201804,2018-04-01,generic analogue,33000.0
0601011L0BBAGAF,Humalog KwikPen 100units/ml inj 3ml pre-filled pens,13343.0,94520.0,517072.98718,201804,2018-04-01,originator,28356000.0
0601011P0BBAAAA,Apidra 100units/ml solution for injection 10ml vials,514.0,1965.0,29183.56645,201804,2018-04-01,originator,1965000.0
0601011N0BCAAAA,Hypurin Bovine Neutral 100units/ml inj 10ml vials,103.0,397.0,10214.21505,201804,2018-04-01,human soluble,397000.0
0601011P0AAAAAA,Insulin glulisine 100units/ml inj 10ml vials,42.0,164.0,2435.70806,201804,2018-04-01,generic analogue,164000.0
0601011A0AAADAD,Insulin aspart 100units/ml inj 1.6ml cartridges,31.0,520.0,1457.7846,201804,2018-04-01,generic analogue,83200.0
0601011L0BBAFAF,Humalog Pen 100units/ml inj 3ml pre-filled pens,1.0,10.0,54.69275,201804,2018-04-01,originator,3000.0
0601011A0BBABAB,NovoRapid Penfill 100units/ml inj 3ml cartridges,52930.0,440449.0,2314438.3829399985,201805,2018-05-01,originator,132134700.0
0601011A0BCAAAC,Fiasp FlexTouch 100units/ml inj 3ml pre-filled pens,1234.0,7350.0,41755.92935000003,201805,2018-05-01,ultra-rapid,2205000.0
0601011R0BBABAB,Humulin R 500units/ml solution for injection 20ml vials,7.0,21.0,10460.24113,201805,2018-05-01,human soluble,210000.0
0601011A0BBADAC,NovoRapid FlexPen 100units/ml inj 3ml pre-filled pens,75665.0,532081.0,3022452.805570001,201805,2018-05-01,originator,159624300.0
0601011A0BBAFAD,NovoRapid PumpCart 100units/ml inj 1.6ml cartridges,5308.0,78481.0,219963.39085999998,201805,2018-05-01,originator,12556960.0
0601011A0AAACAC,Insulin aspart 100units/ml inj 3ml pf dispos dev,391.0,2736.0,15542.057390000018,201805,2018-05-01,generic analogue,820800.0
0601011N0BFAEAL,Actrapid 100units/ml solution for injection 10ml vials,623.0,1855.0,12880.569559999998,201805,2018-05-01,human soluble,1855000.0
0601011R0BEAAAE,Humulin R KwikPen 500units/ml inj 3ml pre-filled pens,11.0,73.0,2515.70841,201805,2018-05-01,human soluble,109500.0
0601011N0AAACAC,Insulin soluble porcine 100units/ml inj 10ml vials,1.0,3.0,87.13193,201805,2018-05-01,human soluble,3000.0
0601011L0BBAGAF,Humalog KwikPen 100units/ml inj 3ml pre-filled pens,13692.0,96911.0,529990.0530199998,201805,2018-05-01,originator,29073300.0
0601011P0AAAAAA,Insulin glulisine 100units/ml inj 10ml vials,52.0,226.0,3355.535220000001,201805,2018-05-01,generic analogue,226000.0
0601011P0BBAAAA,Apidra 100units/ml solution for injection 10ml vials,469.0,1879.0,27898.28895,201805,2018-05-01,originator,1879000.0
0601011N0BCAAAA,Hypurin Bovine Neutral 100units/ml inj 10ml vials,101.0,396.0,10185.670589999998,201805,2018-05-01,human soluble,396000.0
0601011A0AAADAD,Insulin aspart 100units/ml inj 1.6ml cartridges,32.0,495.0,1387.33845,201805,2018-05-01,generic analogue,79200.0
0601011L0BBAFAF,Humalog Pen 100units/ml inj 3ml pre-filled pens,2.0,20.0,164.02105,201805,2018-05-01,originator,6000.0
0601011L0AAAFAF,Insulin lispro 100units/ml inj 3ml pf dispos dev,338.0,2401.0,13131.031480000005,201805,2018-05-01,generic analogue,720300.0
0601011N0BHAAAG,Humulin S 100units/ml solution for injection 10ml vials,269.0,769.0,11190.324050000001,201805,2018-05-01,human soluble,769000.0
0601011L0BBACAC,Humalog 100units/ml solution for injection 3ml cartridges,15497.0,134300.0,705702.1520500005,201805,2018-05-01,originator,40290000.0
0601011A0AAABAB,Insulin aspart 100units/ml inj 3ml cartridges,933.0,8108.0,42605.419839999966,201805,2018-05-01,generic analogue,2432400.0
0601011N0BKABAP,Insuman Rapid 100units/ml inj 3ml cartridges,160.0,1312.0,4262.435889999999,201805,2018-05-01,human soluble,393600.0
0601011R0BDAAAC,Insuman Infusat 100units/ml inj 3.15ml cartridges,1.0,15.0,695.85528,201805,2018-05-01,human soluble,4725.0
0601011P0BBAEAC,Apidra 100units/ml inj 3ml pre-filled SoloStar pens,6093.0,40808.0,214402.49685000003,201805,2018-05-01,originator,12242400.0
0601011A0BCACAA,Fiasp 100units/ml solution for injection 10ml vials,563.0,2089.0,27295.512039999994,201805,2018-05-01,ultra-rapid,2089000.0
0601011P0AAACAC,Insulin glulisine 100units/ml inj 3ml pf dispos dev,189.0,1335.0,7013.721119999997,201805,2018-05-01,generic analogue,400500.0
0601011N0BCAHAZ,Hypurin Porcine Neutral 100units/ml inj 3ml cartridges,262.0,2494.0,21731.810899999975,201805,2018-05-01,human soluble,748200.0
0601011A0BBAAAA,NovoRapid 100units/ml solution for injection 10ml vials,12369.0,48757.0,637069.70524,201805,2018-05-01,originator,48757000.0
0601011L0AAABAB,Insulin lispro 100units/ml solution for injection 10ml vials,474.0,1890.0,29131.787610000007,201805,2018-05-01,generic analogue,1890000.0
0601011P0AAABAB,Insulin glulisine 100units/ml inj 3ml cartridges,48.0,355.0,1864.7921800000006,201805,2018-05-01,generic analogue,106500.0
0601011N0AAAPAP,Insulin soluble human 100units/ml inj 3ml cartridges,1.0,5.0,17.71464,201805,2018-05-01,human soluble,1500.0
0601011L0BBABAB,Humalog 100units/ml solution for injection 10ml vials,3076.0,11695.0,180262.07145,201805,2018-05-01,originator,11695000.0
0601011P0BBABAB,Apidra 100units/ml solution for injection 3ml cartridges,697.0,5548.0,29143.551800000016,201805,2018-05-01,originator,1664400.0
0601011L0AAACAC,Insulin lispro 100units/ml inj 3ml cartridges,995.0,9032.0,47459.59872,201805,2018-05-01,generic analogue,2709600.0
0601011N0BHADAP,Humulin S 100units/ml solution for injection 3ml cartridges,2270.0,20035.0,70964.17238999999,201805,2018-05-01,human soluble,6010500.0
0601011L0BBAHAG,Humalog KwikPen 200units/ml inj 3ml pre-filled pens,1268.0,10718.0,117203.22750000005,201805,2018-05-01,originator,6430800.0
0601011A0BCABAB,Fiasp Penfill 100units/ml inj 3ml cartridges,588.0,4074.0,21410.29434999999,201805,2018-05-01,ultra-rapid,1222200.0
0601011L0AAAGAG,Insulin lispro 200units/ml inj 3ml pf dispos dev,5.0,37.0,404.68795,201805,2018-05-01,generic analogue,22200.0
0601011N0BCAEAC,Hypurin Porcine Neutral 100units/ml inj 10ml vials,252.0,772.0,22421.623319999988,201805,2018-05-01,human soluble,772000.0
0601011L0BBAIAF,Humalog Junior KwikPen 100units/ml inj 3ml pre-filled pens,7.0,35.0,191.41577,201805,2018-05-01,originator,10500.0
0601011N0BCAGAY,Hypurin Bovine Neutral 100units/ml inj 3ml cartridges,21.0,181.0,1396.8583000000003,201805,2018-05-01,human soluble,54300.0
0601011P0BBACAC,Apidra 100units/ml inj 3ml pre-filled OptiSet pens,1.0,5.0,26.26887,201805,2018-05-01,originator,1500.0
0601011N0AAALAL,Insulin soluble human 100units/ml inj 10ml vials,1.0,4.0,27.77189,201805,2018-05-01,human soluble,4000.0
0601011A0BBAEAC,NovoRapid FlexTouch 100units/ml inj 3ml pre-filled pens,2683.0,19636.0,117114.45508000003,201805,2018-05-01,originator,5890800.0
0601011A0AAAAAA,Insulin aspart 100units/ml solution for injection 10ml vials,344.0,1394.0,18214.40506999998,201805,2018-05-01,generic analogue,1394000.0
0601011N0BCAHAZ,Hypurin Porcine Neutral 100units/ml inj 3ml cartridges,249.0,2251.0,19622.992809999996,201806,2018-06-01,human soluble,675300.0
0601011P0BBAEAC,Apidra 100units/ml inj 3ml pre-filled SoloStar pens,6028.0,40808.0,214507.16698000004,201806,2018-06-01,originator,12242400.0
0601011A0BCACAA,Fiasp 100units/ml solution for injection 10ml vials,552.0,2059.0,26915.085379999993,201806,2018-06-01,ultra-rapid,2059000.0
0601011P0AAACAC,Insulin glulisine 100units/ml inj 3ml pf dispos dev,182.0,1280.0,6727.405069999998,201806,2018-06-01,generic analogue,384000.0
0601011A0AAABAB,Insulin aspart 100units/ml inj 3ml cartridges,876.0,7840.0,41214.78845999999,201806,2018-06-01,generic analogue,2352000.0
0601011L0BBACAC,Humalog 100units/ml solution for injection 3ml cartridges,15095.0,130825.0,687735.5383200005,201806,2018-06-01,originator,39247500.0
0601011N0BKABAP,Insuman Rapid 100units/ml inj 3ml cartridges,168.0,1419.0,4612.125440000004,201806,2018-06-01,human soluble,425700.0
0601011R0BDAAAC,Insuman Infusat 100units/ml inj 3.15ml cartridges,1.0,15.0,696.15459,201806,2018-06-01,human soluble,4725.0
0601011A0BBAAAA,NovoRapid 100units/ml solution for injection 10ml vials,12377.0,50024.0,653922.4044800005,201806,2018-06-01,originator,50024000.0
0601011L0AAABAB,Insulin lispro 100units/ml solution for injection 10ml vials,533.0,2044.0,31519.24026,201806,2018-06-01,generic analogue,2044000.0
0601011P0AAABAB,Insulin glulisine 100units/ml inj 3ml cartridges,34.0,235.0,1234.99426,201806,2018-06-01,generic analogue,70500.0
0601011L0BBAHAG,Humalog KwikPen 200units/ml inj 3ml pre-filled pens,1326.0,11261.0,123192.34558000002,201806,2018-06-01,originator,6756600.0
0601011A0BCABAB,Fiasp Penfill 100units/ml inj 3ml cartridges,684.0,4747.0,24957.15476,201806,2018-06-01,ultra-rapid,1424100.0
0601011L0AAAGAG,Insulin lispro 200units/ml inj 3ml pf dispos dev,9.0,65.0,711.06769,201806,2018-06-01,generic analogue,39000.0
0601011P0BBABAB,Apidra 100units/ml solution for injection 3ml cartridges,708.0,5499.0,28899.124109999997,201806,2018-06-01,originator,1649700.0
0601011L0BBABAB,Humalog 100units/ml solution for injection 10ml vials,2915.0,11153.0,171984.54228,201806,2018-06-01,originator,11153000.0
0601011A0BBABAB,NovoRapid Penfill 100units/ml inj 3ml cartridges,52870.0,439647.0,2311251.3757300004,201806,2018-06-01,originator,131894100.0
0601011A0BCAAAC,Fiasp FlexTouch 100units/ml inj 3ml pre-filled pens,1300.0,7997.0,45448.75798000002,201806,2018-06-01,ultra-rapid,2399100.0
0601011A0BBAEAC,NovoRapid FlexTouch 100units/ml inj 3ml pre-filled pens,2773.0,20051.0,119640.85979000002,201806,2018-06-01,originator,6015300.0
0601011A0AAAAAA,Insulin aspart 100units/ml solution for injection 10ml vials,326.0,1350.0,17646.959000000003,201806,2018-06-01,generic analogue,1350000.0
0601011N0BCAEAC,Hypurin Porcine Neutral 100units/ml inj 10ml vials,256.0,770.0,22373.33524,201806,2018-06-01,human soluble,770000.0
0601011N0BHAAAG,Humulin S 100units/ml solution for injection 10ml vials,260.0,787.0,11457.009110000006,201806,2018-06-01,human soluble,787000.0
0601011L0AAAFAF,Insulin lispro 100units/ml inj 3ml pf dispos dev,271.0,1967.0,10762.120259999992,201806,2018-06-01,generic analogue,590100.0
0601011A0AAADAD,Insulin aspart 100units/ml inj 1.6ml cartridges,31.0,510.0,1429.98202,201806,2018-06-01,generic analogue,81600.0
0601011L0BBAFAF,Humalog Pen 100units/ml inj 3ml pre-filled pens,6.0,37.0,202.61973,201806,2018-06-01,originator,11100.0
0601011L0BBAGAF,Humalog KwikPen 100units/ml inj 3ml pre-filled pens,13840.0,98464.0,538740.7379599999,201806,2018-06-01,originator,29539200.0
0601011P0BBAAAA,Apidra 100units/ml solution for injection 10ml vials,515.0,2041.0,30316.638270000007,201806,2018-06-01,originator,2041000.0
0601011P0AAAAAA,Insulin glulisine 100units/ml inj 10ml vials,38.0,167.0,2480.59379,201806,2018-06-01,generic analogue,167000.0
0601011N0BCAAAA,Hypurin Bovine Neutral 100units/ml inj 10ml vials,92.0,385.0,9906.891370000001,201806,2018-06-01,human soluble,385000.0
0601011N0BCAGAY,Hypurin Bovine Neutral 100units/ml inj 3ml cartridges,21.0,181.0,1397.4589600000002,201806,2018-06-01,human soluble,54300.0
0601011L0BBAIAF,Humalog Junior KwikPen 100units/ml inj 3ml pre-filled pens,23.0,106.0,580.3861,201806,2018-06-01,originator,31800.0
0601011N0AAALAL,Insulin soluble human 100units/ml inj 10ml vials,3.0,10.0,92.29924,201806,2018-06-01,human soluble,10000.0
0601011L0AAACAC,Insulin lispro 100units/ml inj 3ml cartridges,955.0,8664.0,45545.13715999999,201806,2018-06-01,generic analogue,2599200.0
0601011N0BHADAP,Humulin S 100units/ml solution for injection 3ml cartridges,2218.0,19861.0,70379.20211000001,201806,2018-06-01,human soluble,5958300.0
0601011A0BBADAC,NovoRapid FlexPen 100units/ml inj 3ml pre-filled pens,74844.0,525990.0,2989165.917380001,201806,2018-06-01,originator,157797000.0
0601011A0BBAFAD,NovoRapid PumpCart 100units/ml inj 1.6ml cartridges,5486.0,82378.0,230984.41237,201806,2018-06-01,originator,13180480.0
0601011A0AAACAC,Insulin aspart 100units/ml inj 3ml pf dispos dev,367.0,2596.0,14752.743740000002,201806,2018-06-01,generic analogue,778800.0
0601011N0BFAEAL,Actrapid 100units/ml solution for injection 10ml vials,613.0,1922.0,13351.241500000006,201806,2018-06-01,human soluble,1922000.0
0601011R0BEAAAE,Humulin R KwikPen 500units/ml inj 3ml pre-filled pens,14.0,108.0,3604.46669,201806,2018-06-01,human soluble,162000.0
0601011N0AAACAC,Insulin soluble porcine 100units/ml inj 10ml vials,1.0,3.0,87.1694,201806,2018-06-01,human soluble,3000.0
0601011R0BBABAB,Humulin R 500units/ml solution for injection 20ml vials,4.0,7.0,7606.25697,201806,2018-06-01,human soluble,70000.0
0601011L0BBAHAG,Humalog KwikPen 200units/ml inj 3ml pre-filled pens,1302.0,11119.0,121709.71775000005,201807,2018-07-01,originator,6671400.0
0601011A0BCABAB,Fiasp Penfill 100units/ml inj 3ml cartridges,729.0,5010.0,26355.00947000001,201807,2018-07-01,ultra-rapid,1503000.0
0601011L0AAAGAG,Insulin lispro 200units/ml inj 3ml pf dispos dev,5.0,40.0,437.82736,201807,2018-07-01,generic analogue,24000.0
0601011L0BBABAB,Humalog 100units/ml solution for injection 10ml vials,3102.0,11952.0,184409.34320999993,201807,2018-07-01,originator,11952000.0
0601011P0BBABAB,Apidra 100units/ml solution for injection 3ml cartridges,713.0,5601.0,29452.22511000001,201807,2018-07-01,originator,1680300.0
0601011N0BCAEAC,Hypurin Porcine Neutral 100units/ml inj 10ml vials,270.0,811.0,23578.242579999995,201807,2018-07-01,human soluble,811000.0
0601011A0AAADAD,Insulin aspart 100units/ml inj 1.6ml cartridges,33.0,550.0,1543.0020599999998,201807,2018-07-01,generic analogue,88000.0
0601011L0BBAFAF,Humalog Pen 100units/ml inj 3ml pre-filled pens,5.0,35.0,191.58435,201807,2018-07-01,originator,10500.0
0601011L0BBAIAF,Humalog Junior KwikPen 100units/ml inj 3ml pre-filled pens,27.0,132.0,722.8440300000002,201807,2018-07-01,originator,39600.0
0601011N0BCAGAY,Hypurin Bovine Neutral 100units/ml inj 3ml cartridges,17.0,161.0,1243.7541400000002,201807,2018-07-01,human soluble,48300.0
0601011N0AAALAL,Insulin soluble human 100units/ml inj 10ml vials,2.0,5.0,34.75924,201807,2018-07-01,human soluble,5000.0
0601011A0BBAEAC,NovoRapid FlexTouch 100units/ml inj 3ml pre-filled pens,2808.0,20479.0,122264.18843999998,201807,2018-07-01,originator,6143700.0
0601011A0AAAAAA,Insulin aspart 100units/ml solution for injection 10ml vials,361.0,1515.0,19815.22899,201807,2018-07-01,generic analogue,1515000.0
0601011A0BBAAAA,NovoRapid 100units/ml solution for injection 10ml vials,12938.0,52113.0,681604.21746,201807,2018-07-01,originator,52113000.0
0601011L0AAABAB,Insulin lispro 100units/ml solution for injection 10ml vials,503.0,2088.0,32215.970889999997,201807,2018-07-01,generic analogue,2088000.0
0601011P0AAABAB,Insulin glulisine 100units/ml inj 3ml cartridges,45.0,380.0,1998.0543799999998,201807,2018-07-01,generic analogue,114000.0
0601011N0AAAPAP,Insulin soluble human 100units/ml inj 3ml cartridges,1.0,10.0,35.45267,201807,2018-07-01,human soluble,3000.0
0601011N0BHADAP,Humulin S 100units/ml solution for injection 3ml cartridges,2171.0,19508.0,69167.95047000001,201807,2018-07-01,human soluble,5852400.0
0601011L0AAACAC,Insulin lispro 100units/ml inj 3ml cartridges,926.0,8309.0,43704.30239000002,201807,2018-07-01,generic analogue,2492700.0
0601011L0BBAGAF,Humalog KwikPen 100units/ml inj 3ml pre-filled pens,13825.0,97573.0,534209.5185699998,201807,2018-07-01,originator,29271900.0
0601011P0BBAAAA,Apidra 100units/ml solution for injection 10ml vials,524.0,2083.0,30958.584150000006,201807,2018-07-01,originator,2083000.0
0601011N0BCAAAA,Hypurin Bovine Neutral 100units/ml inj 10ml vials,93.0,369.0,9500.780680000003,201807,2018-07-01,human soluble,369000.0
0601011P0AAAAAA,Insulin glulisine 100units/ml inj 10ml vials,37.0,159.0,2363.1435999999994,201807,2018-07-01,generic analogue,159000.0
0601011L0AAAFAF,Insulin lispro 100units/ml inj 3ml pf dispos dev,328.0,2363.0,12935.979199999996,201807,2018-07-01,generic analogue,708900.0
0601011N0BHAAAG,Humulin S 100units/ml solution for injection 10ml vials,270.0,783.0,11405.530980000005,201807,2018-07-01,human soluble,783000.0
0601011L0BBACAC,Humalog 100units/ml solution for injection 3ml cartridges,15272.0,131331.0,690838.5826200002,201807,2018-07-01,originator,39399300.0
0601011A0AAABAB,Insulin aspart 100units/ml inj 3ml cartridges,906.0,7974.0,41943.31999000001,201807,2018-07-01,generic analogue,2392200.0
0601011N0BKABAP,Insuman Rapid 100units/ml inj 3ml cartridges,191.0,1411.0,4589.269440000002,201807,2018-07-01,human soluble,423300.0
0601011R0BDAAAC,Insuman Infusat 100units/ml inj 3.15ml cartridges,1.0,15.0,696.55863,201807,2018-07-01,human soluble,4725.0
0601011A0BBABAB,NovoRapid Penfill 100units/ml inj 3ml cartridges,54139.0,451550.0,2375189.3206199985,201807,2018-07-01,originator,135465000.0
0601011A0BCAAAC,Fiasp FlexTouch 100units/ml inj 3ml pre-filled pens,1553.0,9459.0,53791.07315999999,201807,2018-07-01,ultra-rapid,2837700.0
0601011P0BBAEAC,Apidra 100units/ml inj 3ml pre-filled SoloStar pens,6202.0,41853.0,220111.8815099999,201807,2018-07-01,originator,12555900.0
0601011A0BCACAA,Fiasp 100units/ml solution for injection 10ml vials,667.0,2469.0,32313.4905,201807,2018-07-01,ultra-rapid,2469000.0
0601011N0BCAHAZ,Hypurin Porcine Neutral 100units/ml inj 3ml cartridges,259.0,2294.0,20009.29628000001,201807,2018-07-01,human soluble,688200.0
0601011P0AAACAC,Insulin glulisine 100units/ml inj 3ml pf dispos dev,188.0,1241.0,6527.174299999998,201807,2018-07-01,generic analogue,372300.0
0601011A0BBADAC,NovoRapid FlexPen 100units/ml inj 3ml pre-filled pens,75236.0,530880.0,3018842.632920001,201807,2018-07-01,originator,159264000.0
0601011A0BBAFAD,NovoRapid PumpCart 100units/ml inj 1.6ml cartridges,5599.0,85010.0,238503.39277000006,201807,2018-07-01,originator,13601600.0
0601011A0AAACAC,Insulin aspart 100units/ml inj 3ml pf dispos dev,368.0,2528.0,14395.141080000009,201807,2018-07-01,generic analogue,758400.0
0601011N0BFAEAL,Actrapid 100units/ml solution for injection 10ml vials,612.0,1913.0,13296.527020000007,201807,2018-07-01,human soluble,1913000.0
0601011R0BEAAAE,Humulin R KwikPen 500units/ml inj 3ml pre-filled pens,17.0,146.0,5500.75893,201807,2018-07-01,human soluble,219000.0
0601011R0AAACAC,Insulin human 100units/ml inj 3.15ml cartridges,1.0,10.0,464.37655,201807,2018-07-01,human soluble,3150.0
0601011R0BBABAB,Humulin R 500units/ml solution for injection 20ml vials,2.0,3.0,1246.5825,201807,2018-07-01,human soluble,30000.0
0601011N0AAACAC,Insulin soluble porcine 100units/ml inj 10ml vials,1.0,6.0,174.42757,201807,2018-07-01,human soluble,6000.0
0601011L0BBABAB,Humalog 100units/ml solution for injection 10ml vials,3017.0,11640.0,179414.17737999992,201808,2018-08-01,originator,11640000.0
0601011P0BBABAB,Apidra 100units/ml solution for injection 3ml cartridges,696.0,5528.0,29039.36754,201808,2018-08-01,originator,1658400.0
0601011N0BCAEAC,Hypurin Porcine Neutral 100units/ml inj 10ml vials,291.0,945.0,27445.91115000002,201808,2018-08-01,human soluble,945000.0
0601011L0BBAHAG,Humalog KwikPen 200units/ml inj 3ml pre-filled pens,1460.0,12716.0,139048.97667,201808,2018-08-01,originator,7629600.0
0601011A0BCABAB,Fiasp Penfill 100units/ml inj 3ml cartridges,830.0,5765.0,30296.609109999994,201808,2018-08-01,ultra-rapid,1729500.0
0601011L0AAAGAG,Insulin lispro 200units/ml inj 3ml pf dispos dev,7.0,60.0,656.0688,201808,2018-08-01,generic analogue,36000.0
0601011A0AAADAD,Insulin aspart 100units/ml inj 1.6ml cartridges,33.0,490.0,1373.3472399999996,201808,2018-08-01,generic analogue,78400.0
0601011L0BBAFAF,Humalog Pen 100units/ml inj 3ml pre-filled pens,9.0,55.0,300.77001,201808,2018-08-01,originator,16500.0
0601011N0BCAGAY,Hypurin Bovine Neutral 100units/ml inj 3ml cartridges,14.0,134.0,1034.1181499999998,201808,2018-08-01,human soluble,40200.0
0601011L0BBAIAF,Humalog Junior KwikPen 100units/ml inj 3ml pre-filled pens,52.0,252.0,1379.3846100000005,201808,2018-08-01,originator,75600.0
0601011A0BBAEAC,NovoRapid FlexTouch 100units/ml inj 3ml pre-filled pens,2782.0,20357.0,121413.71393000003,201808,2018-08-01,originator,6107100.0
0601011A0AAAAAA,Insulin aspart 100units/ml solution for injection 10ml vials,371.0,1577.0,20605.19015999999,201808,2018-08-01,generic analogue,1577000.0
0601011A0BBAAAA,NovoRapid 100units/ml solution for injection 10ml vials,12755.0,51151.0,668350.9320999997,201808,2018-08-01,originator,51151000.0
0601011P0AAABAB,Insulin glulisine 100units/ml inj 3ml cartridges,40.0,310.0,1628.3773199999998,201808,2018-08-01,generic analogue,93000.0
0601011L0AAABAB,Insulin lispro 100units/ml solution for injection 10ml vials,471.0,1824.0,28114.510699999995,201808,2018-08-01,generic analogue,1824000.0
0601011N0AAAPAP,Insulin soluble human 100units/ml inj 3ml cartridges,1.0,15.0,53.11889,201808,2018-08-01,human soluble,4500.0
0601011N0BHADAP,Humulin S 100units/ml solution for injection 3ml cartridges,2234.0,19570.0,69318.96304,201808,2018-08-01,human soluble,5871000.0
0601011L0AAACAC,Insulin lispro 100units/ml inj 3ml cartridges,939.0,8246.0,43330.08502000003,201808,2018-08-01,generic analogue,2473800.0
0601011L0BBAGAF,Humalog KwikPen 100units/ml inj 3ml pre-filled pens,14070.0,99860.0,546119.9444899998,201808,2018-08-01,originator,29958000.0
0601011P0BBAAAA,Apidra 100units/ml solution for injection 10ml vials,504.0,1977.0,29353.240260000002,201808,2018-08-01,originator,1977000.0
0601011N0BCAAAA,Hypurin Bovine Neutral 100units/ml inj 10ml vials,76.0,300.0,7716.388280000001,201808,2018-08-01,human soluble,300000.0
0601011P0AAAAAA,Insulin glulisine 100units/ml inj 10ml vials,54.0,195.0,2895.362699999999,201808,2018-08-01,generic analogue,195000.0
0601011L0BBACAC,Humalog 100units/ml solution for injection 3ml cartridges,15334.0,132951.0,698632.0982900002,201808,2018-08-01,originator,39885300.0
0601011N0BKABAP,Insuman Rapid 100units/ml inj 3ml cartridges,169.0,1217.0,3954.4144600000022,201808,2018-08-01,human soluble,365100.0
0601011A0AAABAB,Insulin aspart 100units/ml inj 3ml cartridges,899.0,7977.0,41916.85506000001,201808,2018-08-01,generic analogue,2393100.0
0601011N0BHAAAG,Humulin S 100units/ml solution for injection 10ml vials,289.0,868.0,12630.717119999998,201808,2018-08-01,human soluble,868000.0
0601011L0AAAFAF,Insulin lispro 100units/ml inj 3ml pf dispos dev,317.0,2347.0,12835.795029999983,201808,2018-08-01,generic analogue,704100.0
0601011A0BBABAB,NovoRapid Penfill 100units/ml inj 3ml cartridges,53751.0,448378.0,2356089.037829999,201808,2018-08-01,originator,134513400.0
0601011A0BCAAAC,Fiasp FlexTouch 100units/ml inj 3ml pre-filled pens,1631.0,10110.0,57433.13640999995,201808,2018-08-01,ultra-rapid,3033000.0
0601011P0BBAEAC,Apidra 100units/ml inj 3ml pre-filled SoloStar pens,6123.0,41030.0,215606.2968599999,201808,2018-08-01,originator,12309000.0
0601011A0BCACAA,Fiasp 100units/ml solution for injection 10ml vials,628.0,2425.0,31685.438070000004,201808,2018-08-01,ultra-rapid,2425000.0
0601011P0AAACAC,Insulin glulisine 100units/ml inj 3ml pf dispos dev,186.0,1276.0,6703.826930000004,201808,2018-08-01,generic analogue,382800.0
0601011N0BCAHAZ,Hypurin Porcine Neutral 100units/ml inj 3ml cartridges,279.0,2538.0,22115.37097,201808,2018-08-01,human soluble,761400.0
0601011A0BBADAC,NovoRapid FlexPen 100units/ml inj 3ml pre-filled pens,76281.0,534780.0,3037822.6734999996,201808,2018-08-01,originator,160434000.0
0601011A0BBAFAD,NovoRapid PumpCart 100units/ml inj 1.6ml cartridges,5374.0,81090.0,227275.43134000004,201808,2018-08-01,originator,12974400.0
0601011N0BFAEAL,Actrapid 100units/ml solution for injection 10ml vials,660.0,2199.0,15268.261499999997,201808,2018-08-01,human soluble,2199000.0
0601011A0AAACAC,Insulin aspart 100units/ml inj 3ml pf dispos dev,395.0,2743.0,15612.457409999985,201808,2018-08-01,generic analogue,822900.0
0601011R0BEAAAE,Humulin R KwikPen 500units/ml inj 3ml pre-filled pens,18.0,128.0,5398.59805,201808,2018-08-01,human soluble,192000.0
0601011N0AAACAC,Insulin soluble porcine 100units/ml inj 10ml vials,2.0,6.0,174.26306,201808,2018-08-01,human soluble,6000.0
0601011L0BBAHAG,Humalog KwikPen 200units/ml inj 3ml pre-filled pens,1356.0,11661.0,127536.75713999997,201809,2018-09-01,originator,6996600.0
0601011A0BCABAB,Fiasp Penfill 100units/ml inj 3ml cartridges,819.0,5785.0,30406.346879999997,201809,2018-09-01,ultra-rapid,1735500.0
0601011L0AAAGAG,Insulin lispro 200units/ml inj 3ml pf dispos dev,5.0,31.0,339.14322000000004,201809,2018-09-01,generic analogue,18600.0
0601011L0BBABAB,Humalog 100units/ml solution for injection 10ml vials,2900.0,11353.0,175019.2584200001,201809,2018-09-01,originator,11353000.0
0601011P0BBABAB,Apidra 100units/ml solution for injection 3ml cartridges,736.0,5774.0,30336.189670000003,201809,2018-09-01,originator,1732200.0
0601011N0BCAEAC,Hypurin Porcine Neutral 100units/ml inj 10ml vials,234.0,711.0,20655.621089999997,201809,2018-09-01,human soluble,711000.0
0601011A0AAADAD,Insulin aspart 100units/ml inj 1.6ml cartridges,33.0,590.0,1653.83575,201809,2018-09-01,generic analogue,94400.0
0601011L0BBAFAF,Humalog Pen 100units/ml inj 3ml pre-filled pens,11.0,70.0,437.53627000000006,201809,2018-09-01,originator,21000.0
0601011A0BBAEAC,NovoRapid FlexTouch 100units/ml inj 3ml pre-filled pens,2743.0,20091.0,119847.03204999997,201809,2018-09-01,originator,6027300.0
0601011A0AAAAAA,Insulin aspart 100units/ml solution for injection 10ml vials,292.0,1210.0,15812.894769999995,201809,2018-09-01,generic analogue,1210000.0
0601011L0BBAIAF,Humalog Junior KwikPen 100units/ml inj 3ml pre-filled pens,52.0,241.0,1318.9791199999993,201809,2018-09-01,originator,72300.0
0601011N0BCAGAY,Hypurin Bovine Neutral 100units/ml inj 3ml cartridges,19.0,235.0,1813.6968299999999,201809,2018-09-01,human soluble,70500.0
0601011N0AAALAL,Insulin soluble human 100units/ml inj 10ml vials,2.0,7.0,48.61241,201809,2018-09-01,human soluble,7000.0
0601011A0BBAAAA,NovoRapid 100units/ml solution for injection 10ml vials,11824.0,47085.0,615326.8923300001,201809,2018-09-01,originator,47085000.0
0601011L0AAABAB,Insulin lispro 100units/ml solution for injection 10ml vials,448.0,1740.0,26824.59438000001,201809,2018-09-01,generic analogue,1740000.0
0601011P0AAABAB,Insulin glulisine 100units/ml inj 3ml cartridges,41.0,310.0,1628.6946900000007,201809,2018-09-01,generic analogue,93000.0
0601011N0BHADAP,Humulin S 100units/ml solution for injection 3ml cartridges,2051.0,18449.0,65359.01415,201809,2018-09-01,human soluble,5534700.0
0601011L0AAACAC,Insulin lispro 100units/ml inj 3ml cartridges,914.0,8623.0,45317.76692999998,201809,2018-09-01,generic analogue,2586900.0
0601011L0BBACAC,Humalog 100units/ml solution for injection 3ml cartridges,14143.0,121943.0,640880.1500899999,201809,2018-09-01,originator,36582900.0
0601011A0AAABAB,Insulin aspart 100units/ml inj 3ml cartridges,838.0,8335.0,43804.195339999984,201809,2018-09-01,generic analogue,2500500.0
0601011N0BKABAP,Insuman Rapid 100units/ml inj 3ml cartridges,173.0,1368.0,4445.60948,201809,2018-09-01,human soluble,410400.0
0601011R0BDAAAC,Insuman Infusat 100units/ml inj 3.15ml cartridges,1.0,15.0,695.97709,201809,2018-09-01,human soluble,4725.0
0601011L0BBAGAF,Humalog KwikPen 100units/ml inj 3ml pre-filled pens,13187.0,92990.0,508656.23762999993,201809,2018-09-01,originator,27897000.0
0601011P0BBAAAA,Apidra 100units/ml solution for injection 10ml vials,454.0,1764.0,26195.565060000023,201809,2018-09-01,originator,1764000.0
0601011N0BCAAAA,Hypurin Bovine Neutral 100units/ml inj 10ml vials,76.0,338.0,8695.19285,201809,2018-09-01,human soluble,338000.0
0601011P0AAAAAA,Insulin glulisine 100units/ml inj 10ml vials,40.0,203.0,3014.4870500000006,201809,2018-09-01,generic analogue,203000.0
0601011N0BHAAAG,Humulin S 100units/ml solution for injection 10ml vials,247.0,731.0,10639.097750000004,201809,2018-09-01,human soluble,731000.0
0601011L0AAAFAF,Insulin lispro 100units/ml inj 3ml pf dispos dev,306.0,2166.0,11847.932469999994,201809,2018-09-01,generic analogue,649800.0
0601011A0BBABAB,NovoRapid Penfill 100units/ml inj 3ml cartridges,50323.0,417947.0,2196607.5397200007,201809,2018-09-01,originator,125384100.0
0601011A0BCAAAC,Fiasp FlexTouch 100units/ml inj 3ml pre-filled pens,1670.0,10380.0,58974.43692999999,201809,2018-09-01,ultra-rapid,3114000.0
0601011P0BBAEAC,Apidra 100units/ml inj 3ml pre-filled SoloStar pens,5845.0,39374.0,206899.94275999992,201809,2018-09-01,originator,11812200.0
0601011A0BCACAA,Fiasp 100units/ml solution for injection 10ml vials,629.0,2401.0,31375.41242000002,201809,2018-09-01,ultra-rapid,2401000.0
0601011N0BCAHAZ,Hypurin Porcine Neutral 100units/ml inj 3ml cartridges,225.0,1979.0,17246.989369999992,201809,2018-09-01,human soluble,593700.0
0601011P0AAACAC,Insulin glulisine 100units/ml inj 3ml pf dispos dev,158.0,1087.0,5711.715650000001,201809,2018-09-01,generic analogue,326100.0
0601011A0BBADAC,NovoRapid FlexPen 100units/ml inj 3ml pre-filled pens,71446.0,500471.0,2843364.32214,201809,2018-09-01,originator,150141300.0
0601011A0BBAFAD,NovoRapid PumpCart 100units/ml inj 1.6ml cartridges,5148.0,78298.0,219487.8449200001,201809,2018-09-01,originator,12527680.0
0601011N0BFAEAL,Actrapid 100units/ml solution for injection 10ml vials,569.0,1682.0,11681.457529999998,201809,2018-09-01,human soluble,1682000.0
0601011A0AAACAC,Insulin aspart 100units/ml inj 3ml pf dispos dev,377.0,2714.0,15419.714150000014,201809,2018-09-01,generic analogue,814200.0
0601011R0BEAAAE,Humulin R KwikPen 500units/ml inj 3ml pre-filled pens,10.0,51.0,2217.81084,201809,2018-09-01,human soluble,76500.0
0601011N0AAACAC,Insulin soluble porcine 100units/ml inj 10ml vials,2.0,4.0,116.19211000000001,201809,2018-09-01,human soluble,4000.0
0601011R0BBABAB,Humulin R 500units/ml solution for injection 20ml vials,2.0,2.0,1076.85848,201809,2018-09-01,human soluble,20000.0
0601011L0BBAGAF,Humalog KwikPen 100units/ml inj 3ml pre-filled pens,14475.0,102352.0,559325.5359799999,201810,2018-10-01,originator,30705600.0
0601011P0BBAAAA,Apidra 100units/ml solution for injection 10ml vials,489.0,2014.0,29874.919450000005,201810,2018-10-01,originator,2014000.0
0601011N0BCAAAA,Hypurin Bovine Neutral 100units/ml inj 10ml vials,79.0,396.0,10176.00518,201810,2018-10-01,human soluble,396000.0
0601011P0AAAAAA,Insulin glulisine 100units/ml inj 10ml vials,50.0,192.0,2848.1480699999997,201810,2018-10-01,generic analogue,192000.0
0601011A0BBABAB,NovoRapid Penfill 100units/ml inj 3ml cartridges,53578.0,446003.0,2341460.5798400007,201810,2018-10-01,originator,133800900.0
0601011A0BCAAAC,Fiasp FlexTouch 100units/ml inj 3ml pre-filled pens,1845.0,11465.0,65068.76864,201810,2018-10-01,ultra-rapid,3439500.0
0601011L0AAAFAF,Insulin lispro 100units/ml inj 3ml pf dispos dev,293.0,2148.0,11736.862850000003,201810,2018-10-01,generic analogue,644400.0
0601011N0BHAAAG,Humulin S 100units/ml solution for injection 10ml vials,250.0,688.0,10002.526270000002,201810,2018-10-01,human soluble,688000.0
0601011N0BHADAP,Humulin S 100units/ml solution for injection 3ml cartridges,2167.0,19081.0,67524.012,201810,2018-10-01,human soluble,5724300.0
0601011L0AAACAC,Insulin lispro 100units/ml inj 3ml cartridges,897.0,7877.0,41352.993900000016,201810,2018-10-01,generic analogue,2363100.0
0601011L0BBABAB,Humalog 100units/ml solution for injection 10ml vials,3053.0,11843.0,182374.15872000006,201810,2018-10-01,originator,11843000.0
0601011P0BBABAB,Apidra 100units/ml solution for injection 3ml cartridges,702.0,5515.0,28943.865199999997,201810,2018-10-01,originator,1654500.0
0601011P0BBAEAC,Apidra 100units/ml inj 3ml pre-filled SoloStar pens,6297.0,42408.0,222629.98170000012,201810,2018-10-01,originator,12722400.0
0601011N0BCAHAZ,Hypurin Porcine Neutral 100units/ml inj 3ml cartridges,285.0,2575.0,22416.87328000001,201810,2018-10-01,human soluble,772500.0
0601011A0BCACAA,Fiasp 100units/ml solution for injection 10ml vials,703.0,2697.0,35207.03220999999,201810,2018-10-01,ultra-rapid,2697000.0
0601011P0AAACAC,Insulin glulisine 100units/ml inj 3ml pf dispos dev,199.0,1454.0,7631.873310000006,201810,2018-10-01,generic analogue,436200.0
0601011L0BCACAF,Insulin lispro Sanofi 100units/ml inj 3ml pre-filled pens,2.0,6.0,27.96676,201810,2018-10-01,biosimilar,1800.0
0601011A0BBADAC,NovoRapid FlexPen 100units/ml inj 3ml pre-filled pens,77308.0,544492.0,3090096.3665400003,201810,2018-10-01,originator,163347600.0
0601011A0BBAFAD,NovoRapid PumpCart 100units/ml inj 1.6ml cartridges,5591.0,83272.0,233177.06427999993,201810,2018-10-01,originator,13323520.0
0601011N0BFAEAL,Actrapid 100units/ml solution for injection 10ml vials,611.0,1883.0,13062.793439999998,201810,2018-10-01,human soluble,1883000.0
0601011R0BEAAAE,Humulin R KwikPen 500units/ml inj 3ml pre-filled pens,10.0,114.0,4155.2971099999995,201810,2018-10-01,human soluble,171000.0
0601011A0AAACAC,Insulin aspart 100units/ml inj 3ml pf dispos dev,375.0,2808.0,15935.743690000003,201810,2018-10-01,generic analogue,842400.0
0601011N0AAACAC,Insulin soluble porcine 100units/ml inj 10ml vials,2.0,11.0,319.16808000000003,201810,2018-10-01,human soluble,11000.0
0601011R0BBABAB,Humulin R 500units/ml solution for injection 20ml vials,1.0,5.0,1765.82114,201810,2018-10-01,human soluble,50000.0
0601011A0BBAAAA,NovoRapid 100units/ml solution for injection 10ml vials,12627.0,50667.0,661431.8484599998,201810,2018-10-01,originator,50667000.0
0601011L0AAABAB,Insulin lispro 100units/ml solution for injection 10ml vials,458.0,1886.0,29043.033600000002,201810,2018-10-01,generic analogue,1886000.0
0601011P0AAABAB,Insulin glulisine 100units/ml inj 3ml cartridges,47.0,377.0,1978.5800599999998,201810,2018-10-01,generic analogue,113100.0
0601011N0AAAPAP,Insulin soluble human 100units/ml inj 3ml cartridges,2.0,10.0,35.39659,201810,2018-10-01,human soluble,3000.0
0601011L0BBAFAF,Humalog Pen 100units/ml inj 3ml pre-filled pens,7.0,36.0,196.79871000000003,201810,2018-10-01,originator,10800.0
0601011A0AAADAD,Insulin aspart 100units/ml inj 1.6ml cartridges,34.0,510.0,1428.0602000000001,201810,2018-10-01,generic analogue,81600.0
0601011N0BCAEAC,Hypurin Porcine Neutral 100units/ml inj 10ml vials,252.0,800.0,23213.334530000004,201810,2018-10-01,human soluble,800000.0
0601011L0BBAHAG,Humalog KwikPen 200units/ml inj 3ml pre-filled pens,1572.0,13018.0,142222.66696,201810,2018-10-01,originator,7810800.0
0601011A0BCABAB,Fiasp Penfill 100units/ml inj 3ml cartridges,973.0,6835.0,35885.45686000002,201810,2018-10-01,ultra-rapid,2050500.0
0601011L0AAAGAG,Insulin lispro 200units/ml inj 3ml pf dispos dev,9.0,70.0,764.7206700000002,201810,2018-10-01,generic analogue,42000.0
0601011L0BBACAC,Humalog 100units/ml solution for injection 3ml cartridges,15351.0,133018.0,698318.8513700002,201810,2018-10-01,originator,39905400.0
0601011A0AAABAB,Insulin aspart 100units/ml inj 3ml cartridges,849.0,7819.0,41048.199020000015,201810,2018-10-01,generic analogue,2345700.0
0601011N0BKABAP,Insuman Rapid 100units/ml inj 3ml cartridges,187.0,1369.0,4444.122489999998,201810,2018-10-01,human soluble,410700.0
0601011A0BBAEAC,NovoRapid FlexTouch 100units/ml inj 3ml pre-filled pens,2929.0,21290.0,126860.82184999992,201810,2018-10-01,originator,6387000.0
0601011A0AAAAAA,Insulin aspart 100units/ml solution for injection 10ml vials,327.0,1360.0,17753.648620000014,201810,2018-10-01,generic analogue,1360000.0
0601011N0BCAGAY,Hypurin Bovine Neutral 100units/ml inj 3ml cartridges,26.0,281.0,2166.4686899999992,201810,2018-10-01,human soluble,84300.0
0601011L0BBAIAF,Humalog Junior KwikPen 100units/ml inj 3ml pre-filled pens,69.0,391.0,2136.9729700000003,201810,2018-10-01,originator,117300.0
0601011N0AAALAL,Insulin soluble human 100units/ml inj 10ml vials,4.0,14.0,119.92067,201810,2018-10-01,human soluble,14000.0
0601011L0BBACAC,Humalog 100units/ml solution for injection 3ml cartridges,15095.0,131494.0,690918.6643400003,201811,2018-11-01,originator,39448200.0
0601011N0BKABAP,Insuman Rapid 100units/ml inj 3ml cartridges,176.0,1370.0,4450.927090000002,201811,2018-11-01,human soluble,411000.0
0601011A0AAABAB,Insulin aspart 100units/ml inj 3ml cartridges,818.0,7037.0,36975.43832000001,201811,2018-11-01,generic analogue,2111100.0
0601011A0AAADAD,Insulin aspart 100units/ml inj 1.6ml cartridges,37.0,638.0,1788.0811999999996,201811,2018-11-01,generic analogue,102080.0
0601011L0BBAFAF,Humalog Pen 100units/ml inj 3ml pre-filled pens,7.0,45.0,218.73686,201811,2018-11-01,originator,13500.0
0601011N0BCAEAC,Hypurin Porcine Neutral 100units/ml inj 10ml vials,266.0,840.0,24395.223350000007,201811,2018-11-01,human soluble,840000.0
0601011N0AAAAAA,Insulin soluble bovine 100units/ml inj 10ml vials,1.0,10.0,257.18228,201811,2018-11-01,human soluble,10000.0
0601011P0BBAEAC,Apidra 100units/ml inj 3ml pre-filled SoloStar pens,6150.0,41376.0,217399.3733899999,201811,2018-11-01,originator,12412800.0
0601011P0AAACAC,Insulin glulisine 100units/ml inj 3ml pf dispos dev,171.0,1132.0,5947.370360000001,201811,2018-11-01,generic analogue,339600.0
0601011A0BCACAA,Fiasp 100units/ml solution for injection 10ml vials,743.0,2778.0,36296.176579999985,201811,2018-11-01,ultra-rapid,2778000.0
0601011N0BCAHAZ,Hypurin Porcine Neutral 100units/ml inj 3ml cartridges,277.0,2519.0,21948.555480000003,201811,2018-11-01,human soluble,755700.0
0601011L0BCACAF,Insulin lispro Sanofi 100units/ml inj 3ml pre-filled pens,6.0,50.0,232.38080000000002,201811,2018-11-01,biosimilar,15000.0
0601011A0BBAAAA,NovoRapid 100units/ml solution for injection 10ml vials,12508.0,50496.0,659790.5824400001,201811,2018-11-01,originator,50496000.0
0601011L0AAABAB,Insulin lispro 100units/ml solution for injection 10ml vials,469.0,1850.0,28513.73885999998,201811,2018-11-01,generic analogue,1850000.0
0601011P0AAABAB,Insulin glulisine 100units/ml inj 3ml cartridges,58.0,415.0,2179.8783499999986,201811,2018-11-01,generic analogue,124500.0
0601011N0AAAPAP,Insulin soluble human 100units/ml inj 3ml cartridges,1.0,5.0,17.7137,201811,2018-11-01,human soluble,1500.0
0601011A0BCABAB,Fiasp Penfill 100units/ml inj 3ml cartridges,1047.0,7076.0,37183.753009999986,201811,2018-11-01,ultra-rapid,2122800.0
0601011L0BBAHAG,Humalog KwikPen 200units/ml inj 3ml pre-filled pens,1557.0,13124.0,143504.52202999996,201811,2018-11-01,originator,7874400.0
0601011L0AAAGAG,Insulin lispro 200units/ml inj 3ml pf dispos dev,6.0,35.0,382.71198999999996,201811,2018-11-01,generic analogue,21000.0
0601011L0BCABAC,Insulin lispro Sanofi 100units/ml inj 3ml cartridges,1.0,5.0,22.33385,201811,2018-11-01,biosimilar,1500.0
0601011L0BBAGAF,Humalog KwikPen 100units/ml inj 3ml pre-filled pens,14177.0,99977.0,546844.56208,201811,2018-11-01,originator,29993100.0
0601011N0BCAAAA,Hypurin Bovine Neutral 100units/ml inj 10ml vials,59.0,245.0,6301.36884,201811,2018-11-01,human soluble,245000.0
0601011P0BBAAAA,Apidra 100units/ml solution for injection 10ml vials,495.0,2064.0,30643.207850000006,201811,2018-11-01,originator,2064000.0
0601011P0AAAAAA,Insulin glulisine 100units/ml inj 10ml vials,50.0,220.0,3266.2691999999984,201811,2018-11-01,generic analogue,220000.0
0601011L0BBAIAF,Humalog Junior KwikPen 100units/ml inj 3ml pre-filled pens,79.0,402.0,2199.53781,201811,2018-11-01,originator,120600.0
0601011N0BCAGAY,Hypurin Bovine Neutral 100units/ml inj 3ml cartridges,18.0,152.0,1173.12523,201811,2018-11-01,human soluble,45600.0
0601011N0AAALAL,Insulin soluble human 100units/ml inj 10ml vials,1.0,2.0,13.89141,201811,2018-11-01,human soluble,2000.0
0601011L0BBABAB,Humalog 100units/ml solution for injection 10ml vials,3014.0,11619.0,179080.53236,201811,2018-11-01,originator,11619000.0
0601011P0BBABAB,Apidra 100units/ml solution for injection 3ml cartridges,717.0,5591.0,29367.701680000006,201811,2018-11-01,originator,1677300.0
0601011A0BBABAB,NovoRapid Penfill 100units/ml inj 3ml cartridges,52551.0,436626.0,2294229.0909,201811,2018-11-01,originator,130987800.0
0601011A0BCAAAC,Fiasp FlexTouch 100units/ml inj 3ml pre-filled pens,2049.0,12752.0,72436.48310999997,201811,2018-11-01,ultra-rapid,3825600.0
0601011L0AAACAC,Insulin lispro 100units/ml inj 3ml cartridges,895.0,8089.0,42502.83512000002,201811,2018-11-01,generic analogue,2426700.0
0601011N0BHADAP,Humulin S 100units/ml solution for injection 3ml cartridges,2207.0,19908.0,70511.51568000005,201811,2018-11-01,human soluble,5972400.0
0601011A0BBAEAC,NovoRapid FlexTouch 100units/ml inj 3ml pre-filled pens,2935.0,21348.0,127317.6528,201811,2018-11-01,originator,6404400.0
0601011A0AAAAAA,Insulin aspart 100units/ml solution for injection 10ml vials,307.0,1275.0,16658.530619999998,201811,2018-11-01,generic analogue,1275000.0
0601011N0BHAAAG,Humulin S 100units/ml solution for injection 10ml vials,255.0,793.0,11538.683990000001,201811,2018-11-01,human soluble,793000.0
0601011L0AAAFAF,Insulin lispro 100units/ml inj 3ml pf dispos dev,291.0,2135.0,11675.59633,201811,2018-11-01,generic analogue,640500.0
0601011A0BBADAC,NovoRapid FlexPen 100units/ml inj 3ml pre-filled pens,75944.0,532564.0,3025044.591730002,201811,2018-11-01,originator,159769200.0
0601011A0BBAFAD,NovoRapid PumpCart 100units/ml inj 1.6ml cartridges,5450.0,82515.0,231256.52587999994,201811,2018-11-01,originator,13202400.0
0601011N0BFAEAL,Actrapid 100units/ml solution for injection 10ml vials,627.0,1974.0,13705.860359999999,201811,2018-11-01,human soluble,1974000.0
0601011A0AAACAC,Insulin aspart 100units/ml inj 3ml pf dispos dev,358.0,2595.0,14741.47552000001,201811,2018-11-01,generic analogue,778500.0
0601011R0BEAAAE,Humulin R KwikPen 500units/ml inj 3ml pre-filled pens,20.0,168.0,7533.744000000001,201811,2018-11-01,human soluble,252000.0
0601011N0AAACAC,Insulin soluble porcine 100units/ml inj 10ml vials,2.0,8.0,232.33121,201811,2018-11-01,human soluble,8000.0
0601011P0BBABAB,Apidra 100units/ml solution for injection 3ml cartridges,726.0,5676.0,29828.633680000024,201812,2018-12-01,originator,1702800.0
0601011L0BBABAB,Humalog 100units/ml solution for injection 10ml vials,3177.0,12422.0,191547.24884000007,201812,2018-12-01,originator,12422000.0
0601011L0BBAHAG,Humalog KwikPen 200units/ml inj 3ml pre-filled pens,1597.0,14024.0,153415.60476999992,201812,2018-12-01,originator,8414400.0
0601011A0BCABAB,Fiasp Penfill 100units/ml inj 3ml cartridges,1157.0,8217.0,43199.396510000006,201812,2018-12-01,ultra-rapid,2465100.0
0601011L0AAAGAG,Insulin lispro 200units/ml inj 3ml pf dispos dev,10.0,65.0,711.0737199999999,201812,2018-12-01,generic analogue,39000.0
0601011N0BCAEAC,Hypurin Porcine Neutral 100units/ml inj 10ml vials,277.0,835.0,24261.66886000001,201812,2018-12-01,human soluble,835000.0
0601011A0AAADAD,Insulin aspart 100units/ml inj 1.6ml cartridges,33.0,530.0,1486.0437000000002,201812,2018-12-01,generic analogue,84800.0
0601011L0BBAFAF,Humalog Pen 100units/ml inj 3ml pre-filled pens,2.0,15.0,82.05745999999999,201812,2018-12-01,originator,4500.0
0601011L0BBAIAF,Humalog Junior KwikPen 100units/ml inj 3ml pre-filled pens,88.0,484.0,2648.742300000001,201812,2018-12-01,originator,145200.0
0601011N0BCAGAY,Hypurin Bovine Neutral 100units/ml inj 3ml cartridges,18.0,155.0,1196.60555,201812,2018-12-01,human soluble,46500.0
0601011N0AAALAL,Insulin soluble human 100units/ml inj 10ml vials,1.0,4.0,58.22793,201812,2018-12-01,human soluble,4000.0
0601011A0BBAEAC,NovoRapid FlexTouch 100units/ml inj 3ml pre-filled pens,3053.0,21760.0,129837.00430000002,201812,2018-12-01,originator,6528000.0
0601011A0AAAAAA,Insulin aspart 100units/ml solution for injection 10ml vials,325.0,1374.0,17960.439730000002,201812,2018-12-01,generic analogue,1374000.0
0601011A0BBAAAA,NovoRapid 100units/ml solution for injection 10ml vials,12992.0,52524.0,686585.2999200001,201812,2018-12-01,originator,52524000.0
0601011P0AAABAB,Insulin glulisine 100units/ml inj 3ml cartridges,50.0,405.0,2128.26513,201812,2018-12-01,generic analogue,121500.0
0601011L0AAABAB,Insulin lispro 100units/ml solution for injection 10ml vials,455.0,1788.0,27571.202140000005,201812,2018-12-01,generic analogue,1788000.0
0601011L0BCAAAB,Insulin lispro Sanofi 100units/ml inj 10ml vials,3.0,10.0,131.09640000000002,201812,2018-12-01,biosimilar,10000.0
0601011N0AAAPAP,Insulin soluble human 100units/ml inj 3ml cartridges,2.0,15.0,53.15390000000001,201812,2018-12-01,human soluble,4500.0
0601011N0BHADAP,Humulin S 100units/ml solution for injection 3ml cartridges,2236.0,19684.0,69750.70420000002,201812,2018-12-01,human soluble,5905200.0
0601011L0AAACAC,Insulin lispro 100units/ml inj 3ml cartridges,942.0,8528.0,44830.615419999995,201812,2018-12-01,generic analogue,2558400.0
0601011L0BBAGAF,Humalog KwikPen 100units/ml inj 3ml pre-filled pens,14874.0,106382.0,582030.8347700002,201812,2018-12-01,originator,31914600.0
0601011P0BBAAAA,Apidra 100units/ml solution for injection 10ml vials,487.0,1923.0,28563.61338999999,201812,2018-12-01,originator,1923000.0
0601011N0BCAAAA,Hypurin Bovine Neutral 100units/ml inj 10ml vials,47.0,227.0,5841.095469999999,201812,2018-12-01,human soluble,227000.0
0601011P0AAAAAA,Insulin glulisine 100units/ml inj 10ml vials,43.0,205.0,3044.9677699999993,201812,2018-12-01,generic analogue,205000.0
0601011L0BBACAC,Humalog 100units/ml solution for injection 3ml cartridges,15857.0,139178.0,731634.8698100004,201812,2018-12-01,originator,41753400.0
0601011A0AAABAB,Insulin aspart 100units/ml inj 3ml cartridges,822.0,7723.0,40598.075639999995,201812,2018-12-01,generic analogue,2316900.0
0601011N0BKABAP,Insuman Rapid 100units/ml inj 3ml cartridges,165.0,1312.0,4264.530509999999,201812,2018-12-01,human soluble,393600.0
0601011N0BHAAAG,Humulin S 100units/ml solution for injection 10ml vials,289.0,840.0,12228.634629999997,201812,2018-12-01,human soluble,840000.0
0601011L0AAAFAF,Insulin lispro 100units/ml inj 3ml pf dispos dev,290.0,2004.0,10965.69614999999,201812,2018-12-01,generic analogue,601200.0
0601011P0BBAEAC,Apidra 100units/ml inj 3ml pre-filled SoloStar pens,6431.0,43806.0,230248.09209000008,201812,2018-12-01,originator,13141800.0
0601011N0BCAHAZ,Hypurin Porcine Neutral 100units/ml inj 3ml cartridges,277.0,2406.0,20974.623250000015,201812,2018-12-01,human soluble,721800.0
0601011A0BCACAA,Fiasp 100units/ml solution for injection 10ml vials,825.0,3093.0,40431.08856000002,201812,2018-12-01,ultra-rapid,3093000.0
0601011P0AAACAC,Insulin glulisine 100units/ml inj 3ml pf dispos dev,178.0,1267.0,6658.999309999999,201812,2018-12-01,generic analogue,380100.0
0601011L0BCACAF,Insulin lispro Sanofi 100units/ml inj 3ml pre-filled pens,12.0,171.0,795.11542,201812,2018-12-01,biosimilar,51300.0
0601011A0BBABAB,NovoRapid Penfill 100units/ml inj 3ml cartridges,55668.0,468570.0,2463228.2008200004,201812,2018-12-01,originator,140571000.0
0601011A0BCAAAC,Fiasp FlexTouch 100units/ml inj 3ml pre-filled pens,2255.0,13843.0,78673.37699000003,201812,2018-12-01,ultra-rapid,4152900.0
0601011A0BBAFAD,NovoRapid PumpCart 100units/ml inj 1.6ml cartridges,5724.0,88191.0,247278.67432,201812,2018-12-01,originator,14110560.0
0601011A0BBADAC,NovoRapid FlexPen 100units/ml inj 3ml pre-filled pens,78577.0,554797.0,3152798.864520001,201812,2018-12-01,originator,166439100.0
0601011N0BFAEAL,Actrapid 100units/ml solution for injection 10ml vials,588.0,1804.0,12531.636770000003,201812,2018-12-01,human soluble,1804000.0
0601011A0AAACAC,Insulin aspart 100units/ml inj 3ml pf dispos dev,354.0,2635.0,14973.701810000002,201812,2018-12-01,generic analogue,790500.0
0601011R0BEAAAE,Humulin R KwikPen 500units/ml inj 3ml pre-filled pens,10.0,46.0,1543.6966699999998,201812,2018-12-01,human soluble,69000.0
0601011N0BHAAAG,Humulin S 100units/ml solution for injection 10ml vials,239.0,710.0,10335.524009999997,201901,2019-01-01,human soluble,710000.0
0601011L0AAAFAF,Insulin lispro 100units/ml inj 3ml pf dispos dev,305.0,2211.0,12096.103990000005,201901,2019-01-01,generic analogue,663300.0
0601011A0BBAEAC,NovoRapid FlexTouch 100units/ml inj 3ml pre-filled pens,3113.0,22411.0,133717.17498,201901,2019-01-01,originator,6723300.0
0601011A0AAAAAA,Insulin aspart 100units/ml solution for injection 10ml vials,324.0,1410.0,18430.237199999996,201901,2019-01-01,generic analogue,1410000.0
0601011A0BBABAB,NovoRapid Penfill 100units/ml inj 3ml cartridges,54493.0,453943.0,2386265.22063,201901,2019-01-01,originator,136182900.0
0601011A0BCAAAC,Fiasp FlexTouch 100units/ml inj 3ml pre-filled pens,2380.0,14458.0,82167.24435000001,201901,2019-01-01,ultra-rapid,4337400.0
0601011A0BBAAAA,NovoRapid 100units/ml solution for injection 10ml vials,13268.0,53756.0,702668.4371199997,201901,2019-01-01,originator,53756000.0
0601011L0AAABAB,Insulin lispro 100units/ml solution for injection 10ml vials,459.0,1855.0,28603.237269999983,201901,2019-01-01,generic analogue,1855000.0
0601011P0AAABAB,Insulin glulisine 100units/ml inj 3ml cartridges,47.0,345.0,1812.964420000001,201901,2019-01-01,generic analogue,103500.0
0601011L0BCAAAB,Insulin lispro Sanofi 100units/ml inj 10ml vials,2.0,4.0,52.44658,201901,2019-01-01,biosimilar,4000.0
0601011N0AAAPAP,Insulin soluble human 100units/ml inj 3ml cartridges,1.0,5.0,17.72146,201901,2019-01-01,human soluble,1500.0
0601011L0BBAIAF,Humalog Junior KwikPen 100units/ml inj 3ml pre-filled pens,98.0,531.0,2906.3621500000004,201901,2019-01-01,originator,159300.0
0601011N0BCAGAY,Hypurin Bovine Neutral 100units/ml inj 3ml cartridges,17.0,141.0,1088.5824599999999,201901,2019-01-01,human soluble,42300.0
0601011N0AAALAL,Insulin soluble human 100units/ml inj 10ml vials,2.0,7.0,101.89829,201901,2019-01-01,human soluble,7000.0
0601011N0BHADAP,Humulin S 100units/ml solution for injection 3ml cartridges,2155.0,18334.0,64967.18578999996,201901,2019-01-01,human soluble,5500200.0
0601011L0AAACAC,Insulin lispro 100units/ml inj 3ml cartridges,914.0,8420.0,44260.79802000001,201901,2019-01-01,generic analogue,2526000.0
0601011P0BBAEAC,Apidra 100units/ml inj 3ml pre-filled SoloStar pens,6547.0,44042.0,231502.3002200001,201901,2019-01-01,originator,13212600.0
0601011N0BCAHAZ,Hypurin Porcine Neutral 100units/ml inj 3ml cartridges,291.0,2383.0,20773.60048999999,201901,2019-01-01,human soluble,714900.0
0601011P0AAACAC,Insulin glulisine 100units/ml inj 3ml pf dispos dev,169.0,1176.0,6180.79521,201901,2019-01-01,generic analogue,352800.0
0601011A0BCACAA,Fiasp 100units/ml solution for injection 10ml vials,833.0,3176.0,41514.40829999999,201901,2019-01-01,ultra-rapid,3176000.0
0601011L0BCACAF,Insulin lispro Sanofi 100units/ml inj 3ml pre-filled pens,10.0,66.0,306.99228,201901,2019-01-01,biosimilar,19800.0
0601011R0AAAEAE,Insulin human 500units/ml inj 3ml pf dispos dev,1.0,10.0,424.91842,201901,2019-01-01,human soluble,15000.0
0601011L0BBAHAG,Humalog KwikPen 200units/ml inj 3ml pre-filled pens,1643.0,14154.0,154834.06905999992,201901,2019-01-01,originator,8492400.0
0601011A0BCABAB,Fiasp Penfill 100units/ml inj 3ml cartridges,1312.0,9090.0,47787.201019999986,201901,2019-01-01,ultra-rapid,2727000.0
0601011L0BCABAC,Insulin lispro Sanofi 100units/ml inj 3ml cartridges,2.0,10.0,44.68726,201901,2019-01-01,biosimilar,3000.0
0601011L0AAAGAG,Insulin lispro 200units/ml inj 3ml pf dispos dev,5.0,35.0,382.86724000000004,201901,2019-01-01,generic analogue,21000.0
0601011N0AAAZAZ,Insulin soluble porcine 100units/ml inj 3ml cartridges,1.0,1.0,8.82771,201901,2019-01-01,human soluble,300.0
0601011L0BBACAC,Humalog 100units/ml solution for injection 3ml cartridges,15461.0,133336.0,700908.4004300002,201901,2019-01-01,originator,40000800.0
0601011A0AAABAB,Insulin aspart 100units/ml inj 3ml cartridges,863.0,7829.0,41154.060590000016,201901,2019-01-01,generic analogue,2348700.0
0601011N0BKABAP,Insuman Rapid 100units/ml inj 3ml cartridges,178.0,1299.0,4222.294050000002,201901,2019-01-01,human soluble,389700.0
0601011R0BDAAAC,Insuman Infusat 100units/ml inj 3.15ml cartridges,1.0,20.0,928.16011,201901,2019-01-01,human soluble,6300.0
0601011A0BBADAC,NovoRapid FlexPen 100units/ml inj 3ml pre-filled pens,78717.0,550592.0,3128802.5360400006,201901,2019-01-01,originator,165177600.0
0601011A0BBAFAD,NovoRapid PumpCart 100units/ml inj 1.6ml cartridges,5497.0,84152.0,235946.56133000003,201901,2019-01-01,originator,13464320.0
0601011N0BFAEAL,Actrapid 100units/ml solution for injection 10ml vials,604.0,1779.0,12357.705479999997,201901,2019-01-01,human soluble,1779000.0
0601011A0AAACAC,Insulin aspart 100units/ml inj 3ml pf dispos dev,376.0,2647.0,15041.284010000007,201901,2019-01-01,generic analogue,794100.0
0601011R0BEAAAE,Humulin R KwikPen 500units/ml inj 3ml pre-filled pens,19.0,152.0,5108.97818,201901,2019-01-01,human soluble,228000.0
0601011N0AAACAC,Insulin soluble porcine 100units/ml inj 10ml vials,2.0,8.0,232.43299,201901,2019-01-01,human soluble,8000.0
0601011N0BCAEAC,Hypurin Porcine Neutral 100units/ml inj 10ml vials,274.0,876.0,25451.90815,201901,2019-01-01,human soluble,876000.0
0601011L0BBAGAF,Humalog KwikPen 100units/ml inj 3ml pre-filled pens,14542.0,102097.0,558602.4049499999,201901,2019-01-01,originator,30629100.0
0601011P0BBAAAA,Apidra 100units/ml solution for injection 10ml vials,491.0,2026.0,30092.304560000004,201901,2019-01-01,originator,2026000.0
0601011N0BCAAAA,Hypurin Bovine Neutral 100units/ml inj 10ml vials,53.0,201.0,5172.023939999999,201901,2019-01-01,human soluble,201000.0
0601011P0AAAAAA,Insulin glulisine 100units/ml inj 10ml vials,43.0,169.0,2510.2446299999997,201901,2019-01-01,generic analogue,169000.0
0601011A0AAADAD,Insulin aspart 100units/ml inj 1.6ml cartridges,35.0,615.0,1724.2702999999995,201901,2019-01-01,generic analogue,98400.0
0601011L0BBAFAF,Humalog Pen 100units/ml inj 3ml pre-filled pens,7.0,47.0,257.30945,201901,2019-01-01,originator,14100.0
0601011L0BBABAB,Humalog 100units/ml solution for injection 10ml vials,3128.0,12174.0,187716.67758000002,201901,2019-01-01,originator,12174000.0
0601011P0BBABAB,Apidra 100units/ml solution for injection 3ml cartridges,748.0,5946.0,31245.859399999987,201901,2019-01-01,originator,1783800.0
0601011L0BBAHAG,Humalog KwikPen 200units/ml inj 3ml pre-filled pens,1580.0,13500.0,147754.81235999995,201902,2019-02-01,originator,8100000.0
0601011A0BCABAB,Fiasp Penfill 100units/ml inj 3ml cartridges,1188.0,8153.0,42883.32191,201902,2019-02-01,ultra-rapid,2445900.0
0601011L0AAAGAG,Insulin lispro 200units/ml inj 3ml pf dispos dev,6.0,35.0,383.07441,201902,2019-02-01,generic analogue,21000.0
0601011L0BCABAC,Insulin lispro Sanofi 100units/ml inj 3ml cartridges,2.0,16.0,71.61925,201902,2019-02-01,biosimilar,4800.0
0601011L0BBABAB,Humalog 100units/ml solution for injection 10ml vials,2848.0,11171.0,172338.40242000003,201902,2019-02-01,originator,11171000.0
0601011P0BBABAB,Apidra 100units/ml solution for injection 3ml cartridges,657.0,5306.0,27896.928200000028,201902,2019-02-01,originator,1591800.0
0601011A0AAADAD,Insulin aspart 100units/ml inj 1.6ml cartridges,32.0,521.0,1461.5935300000003,201902,2019-02-01,generic analogue,83360.0
0601011L0BBAFAF,Humalog Pen 100units/ml inj 3ml pre-filled pens,4.0,20.0,109.47817,201902,2019-02-01,originator,6000.0
0601011L0BBAIAF,Humalog Junior KwikPen 100units/ml inj 3ml pre-filled pens,97.0,496.0,2716.161240000001,201902,2019-02-01,originator,148800.0
0601011N0BCAGAY,Hypurin Bovine Neutral 100units/ml inj 3ml cartridges,14.0,141.0,1089.1114,201902,2019-02-01,human soluble,42300.0
0601011N0AAALAL,Insulin soluble human 100units/ml inj 10ml vials,2.0,7.0,101.95012,201902,2019-02-01,human soluble,7000.0
0601011N0BCAEAC,Hypurin Porcine Neutral 100units/ml inj 10ml vials,260.0,876.0,25464.632640000014,201902,2019-02-01,human soluble,876000.0
0601011N0AAAAAA,Insulin soluble bovine 100units/ml inj 10ml vials,1.0,6.0,154.46047,201902,2019-02-01,human soluble,6000.0
0601011A0BBAEAC,NovoRapid FlexTouch 100units/ml inj 3ml pre-filled pens,2795.0,20193.0,120544.49868,201902,2019-02-01,originator,6057900.0
0601011A0AAAAAA,Insulin aspart 100units/ml solution for injection 10ml vials,271.0,1166.0,15248.711770000004,201902,2019-02-01,generic analogue,1166000.0
0601011L0AAABAB,Insulin lispro 100units/ml solution for injection 10ml vials,415.0,1631.0,25162.118980000007,201902,2019-02-01,generic analogue,1631000.0
0601011A0BBAAAA,NovoRapid 100units/ml solution for injection 10ml vials,12050.0,48704.0,636943.1301999994,201902,2019-02-01,originator,48704000.0
0601011P0AAABAB,Insulin glulisine 100units/ml inj 3ml cartridges,41.0,325.0,1708.6923099999997,201902,2019-02-01,generic analogue,97500.0
0601011N0AAAPAP,Insulin soluble human 100units/ml inj 3ml cartridges,2.0,35.0,124.05127999999999,201902,2019-02-01,human soluble,10500.0
0601011L0BCAAAB,Insulin lispro Sanofi 100units/ml inj 10ml vials,2.0,7.0,91.80959,201902,2019-02-01,biosimilar,7000.0
0601011N0BHADAP,Humulin S 100units/ml solution for injection 3ml cartridges,1980.0,17486.0,61991.86398000003,201902,2019-02-01,human soluble,5245800.0
0601011L0AAACAC,Insulin lispro 100units/ml inj 3ml cartridges,811.0,7484.0,39361.178520000016,201902,2019-02-01,generic analogue,2245200.0
0601011L0BBACAC,Humalog 100units/ml solution for injection 3ml cartridges,13974.0,121726.0,640198.6413699997,201902,2019-02-01,originator,36517800.0
0601011A0AAABAB,Insulin aspart 100units/ml inj 3ml cartridges,761.0,6947.0,36536.80207000001,201902,2019-02-01,generic analogue,2084100.0
0601011N0BKABAP,Insuman Rapid 100units/ml inj 3ml cartridges,171.0,1340.0,4357.6613499999985,201902,2019-02-01,human soluble,402000.0
0601011L0BBAGAF,Humalog KwikPen 100units/ml inj 3ml pre-filled pens,13497.0,95185.0,521016.9916800001,201902,2019-02-01,originator,28555500.0
0601011P0BBAAAA,Apidra 100units/ml solution for injection 10ml vials,458.0,1826.0,27135.557669999995,201902,2019-02-01,originator,1826000.0
0601011N0BCAAAA,Hypurin Bovine Neutral 100units/ml inj 10ml vials,38.0,177.0,4556.323839999999,201902,2019-02-01,human soluble,177000.0
0601011P0AAAAAA,Insulin glulisine 100units/ml inj 10ml vials,44.0,202.0,3001.8452099999995,201902,2019-02-01,generic analogue,202000.0
0601011N0BHAAAG,Humulin S 100units/ml solution for injection 10ml vials,250.0,735.0,10705.060250000002,201902,2019-02-01,human soluble,735000.0
0601011L0AAAFAF,Insulin lispro 100units/ml inj 3ml pf dispos dev,269.0,1946.0,10652.181039999992,201902,2019-02-01,generic analogue,583800.0
0601011A0BBABAB,NovoRapid Penfill 100units/ml inj 3ml cartridges,50096.0,418416.0,2200623.9275599997,201902,2019-02-01,originator,125524800.0
0601011A0BCAAAC,Fiasp FlexTouch 100units/ml inj 3ml pre-filled pens,2301.0,13963.0,79394.71111999996,201902,2019-02-01,ultra-rapid,4188900.0
0601011P0BBAEAC,Apidra 100units/ml inj 3ml pre-filled SoloStar pens,5718.0,38397.0,201914.5865099999,201902,2019-02-01,originator,11519100.0
0601011P0AAACAC,Insulin glulisine 100units/ml inj 3ml pf dispos dev,166.0,1146.0,6026.0214,201902,2019-02-01,generic analogue,343800.0
0601011N0BCAHAZ,Hypurin Porcine Neutral 100units/ml inj 3ml cartridges,279.0,2646.0,23077.159320000006,201902,2019-02-01,human soluble,793800.0
0601011A0BCACAA,Fiasp 100units/ml solution for injection 10ml vials,782.0,2993.0,39142.17270999999,201902,2019-02-01,ultra-rapid,2993000.0
0601011L0BCACAF,Insulin lispro Sanofi 100units/ml inj 3ml pre-filled pens,7.0,33.0,153.75979999999998,201902,2019-02-01,biosimilar,9900.0
0601011A0BBADAC,NovoRapid FlexPen 100units/ml inj 3ml pre-filled pens,72014.0,504778.0,2869937.32343,201902,2019-02-01,originator,151433400.0
0601011N0BFAEAL,Actrapid 100units/ml solution for injection 10ml vials,545.0,1718.0,11939.57277,201902,2019-02-01,human soluble,1718000.0
0601011A0BBAFAD,NovoRapid PumpCart 100units/ml inj 1.6ml cartridges,5094.0,78417.0,219978.86716999998,201902,2019-02-01,originator,12546720.0
0601011A0AAACAC,Insulin aspart 100units/ml inj 3ml pf dispos dev,328.0,2373.0,13491.579240000001,201902,2019-02-01,generic analogue,711900.0
0601011R0BEAAAE,Humulin R KwikPen 500units/ml inj 3ml pre-filled pens,16.0,126.0,5107.369379999999,201902,2019-02-01,human soluble,189000.0
0601011A0BBABAB,NovoRapid Penfill 100units/ml inj 3ml cartridges,54178.0,450860.0,2372401.779899998,201903,2019-03-01,originator,135258000.0
0601011A0BCAAAC,Fiasp FlexTouch 100units/ml inj 3ml pre-filled pens,2572.0,15626.0,88891.24000000003,201903,2019-03-01,ultra-rapid,4687800.0
0601011N0BCAEAC,Hypurin Porcine Neutral 100units/ml inj 10ml vials,258.0,791.0,23004.931430000015,201903,2019-03-01,human soluble,791000.0
0601011P0BBAEAC,Apidra 100units/ml inj 3ml pre-filled SoloStar pens,6309.0,42899.0,225720.81072000004,201903,2019-03-01,originator,12869700.0
0601011A0BCACAA,Fiasp 100units/ml solution for injection 10ml vials,883.0,3388.0,44328.69275000002,201903,2019-03-01,ultra-rapid,3388000.0
0601011N0BCAHAZ,Hypurin Porcine Neutral 100units/ml inj 3ml cartridges,269.0,2564.0,22371.998740000017,201903,2019-03-01,human soluble,769200.0
0601011P0AAACAC,Insulin glulisine 100units/ml inj 3ml pf dispos dev,161.0,1043.0,5487.372239999998,201903,2019-03-01,generic analogue,312900.0
0601011L0BCACAF,Insulin lispro Sanofi 100units/ml inj 3ml pre-filled pens,31.0,209.0,973.3189100000002,201903,2019-03-01,biosimilar,62700.0
0601011A0AAADAD,Insulin aspart 100units/ml inj 1.6ml cartridges,28.0,431.0,1209.61381,201903,2019-03-01,generic analogue,68960.0
0601011L0BBAFAF,Humalog Pen 100units/ml inj 3ml pre-filled pens,7.0,45.0,246.41693000000004,201903,2019-03-01,originator,13500.0
0601011L0BBABAB,Humalog 100units/ml solution for injection 10ml vials,3097.0,12163.0,187730.19643999994,201903,2019-03-01,originator,12163000.0
0601011P0BBABAB,Apidra 100units/ml solution for injection 3ml cartridges,726.0,5612.0,29520.470930000014,201903,2019-03-01,originator,1683600.0
0601011L0BBAGAF,Humalog KwikPen 100units/ml inj 3ml pre-filled pens,14527.0,102549.0,561752.29257,201903,2019-03-01,originator,30764700.0
0601011P0BBAAAA,Apidra 100units/ml solution for injection 10ml vials,479.0,1965.0,29214.867700000013,201903,2019-03-01,originator,1965000.0
0601011P0AAAAAA,Insulin glulisine 100units/ml inj 10ml vials,33.0,131.0,1947.712400000001,201903,2019-03-01,generic analogue,131000.0
0601011N0BCAAAA,Hypurin Bovine Neutral 100units/ml inj 10ml vials,43.0,190.0,4893.67744,201903,2019-03-01,human soluble,190000.0
0601011A0BBADAC,NovoRapid FlexPen 100units/ml inj 3ml pre-filled pens,77514.0,543673.0,3092554.7867800016,201903,2019-03-01,originator,163101900.0
0601011A0BBAFAD,NovoRapid PumpCart 100units/ml inj 1.6ml cartridges,5504.0,84059.0,235916.10668,201903,2019-03-01,originator,13449440.0
0601011R0BEAAAE,Humulin R KwikPen 500units/ml inj 3ml pre-filled pens,14.0,77.0,2959.8337199999996,201903,2019-03-01,human soluble,115500.0
0601011N0BFAEAL,Actrapid 100units/ml solution for injection 10ml vials,573.0,1788.0,12432.014430000003,201903,2019-03-01,human soluble,1788000.0
0601011A0AAACAC,Insulin aspart 100units/ml inj 3ml pf dispos dev,333.0,2394.0,13617.176639999989,201903,2019-03-01,generic analogue,718200.0
0601011N0AAACAC,Insulin soluble porcine 100units/ml inj 10ml vials,2.0,11.0,319.89908,201903,2019-03-01,human soluble,11000.0
0601011L0BBAHAG,Humalog KwikPen 200units/ml inj 3ml pre-filled pens,1711.0,14542.0,159235.04354999997,201903,2019-03-01,originator,8725200.0
0601011A0BCABAB,Fiasp Penfill 100units/ml inj 3ml cartridges,1427.0,10219.0,53774.25973999999,201903,2019-03-01,ultra-rapid,3065700.0
0601011L0BCABAC,Insulin lispro Sanofi 100units/ml inj 3ml cartridges,4.0,21.0,94.0308,201903,2019-03-01,biosimilar,6300.0
0601011L0AAAGAG,Insulin lispro 200units/ml inj 3ml pf dispos dev,7.0,55.0,602.22713,201903,2019-03-01,generic analogue,33000.0
0601011L0BBAIAF,Humalog Junior KwikPen 100units/ml inj 3ml pre-filled pens,104.0,543.0,2974.8867500000024,201903,2019-03-01,originator,162900.0
0601011N0BCAGAY,Hypurin Bovine Neutral 100units/ml inj 3ml cartridges,9.0,78.0,603.0536099999999,201903,2019-03-01,human soluble,23400.0
0601011N0AAALAL,Insulin soluble human 100units/ml inj 10ml vials,1.0,3.0,43.71523,201903,2019-03-01,human soluble,3000.0
0601011A0BBAAAA,NovoRapid 100units/ml solution for injection 10ml vials,13358.0,53899.0,705213.95773,201903,2019-03-01,originator,53899000.0
0601011L0AAABAB,Insulin lispro 100units/ml solution for injection 10ml vials,441.0,1862.0,28739.084730000002,201903,2019-03-01,generic analogue,1862000.0
0601011P0AAABAB,Insulin glulisine 100units/ml inj 3ml cartridges,31.0,205.0,1078.36911,201903,2019-03-01,generic analogue,61500.0
0601011L0BCAAAB,Insulin lispro Sanofi 100units/ml inj 10ml vials,1.0,4.0,52.48553,201903,2019-03-01,biosimilar,4000.0
0601011A0AAAAAA,Insulin aspart 100units/ml solution for injection 10ml vials,318.0,1361.0,17807.22356000001,201903,2019-03-01,generic analogue,1361000.0
0601011A0BBAEAC,NovoRapid FlexTouch 100units/ml inj 3ml pre-filled pens,3066.0,21620.0,129125.0279900001,201903,2019-03-01,originator,6486000.0
0601011L0BBACAC,Humalog 100units/ml solution for injection 3ml cartridges,15288.0,132178.0,695499.3346900005,201903,2019-03-01,originator,39653400.0
0601011A0AAABAB,Insulin aspart 100units/ml inj 3ml cartridges,793.0,7008.0,36875.18499999998,201903,2019-03-01,generic analogue,2102400.0
0601011N0BKABAP,Insuman Rapid 100units/ml inj 3ml cartridges,174.0,1413.0,4597.108709999997,201903,2019-03-01,human soluble,423900.0
0601011N0BHADAP,Humulin S 100units/ml solution for injection 3ml cartridges,2080.0,18408.0,65291.42747999998,201903,2019-03-01,human soluble,5522400.0
0601011L0AAACAC,Insulin lispro 100units/ml inj 3ml cartridges,865.0,7739.0,40721.80171999999,201903,2019-03-01,generic analogue,2321700.0
0601011L0AAAFAF,Insulin lispro 100units/ml inj 3ml pf dispos dev,296.0,2198.0,12037.457700000003,201903,2019-03-01,generic analogue,659400.0
0601011N0BHAAAG,Humulin S 100units/ml solution for injection 10ml vials,245.0,795.0,11584.053319999994,201903,2019-03-01,human soluble,795000.0
0601011L0BBAHAG,Humalog KwikPen 200units/ml inj 3ml pre-filled pens,1755.0,14451.0,158244.84235999998,201904,2019-04-01,originator,8670600.0
0601011A0BCABAB,Fiasp Penfill 100units/ml inj 3ml cartridges,1377.0,9449.0,49725.777739999976,201904,2019-04-01,ultra-rapid,2834700.0
0601011L0AAAGAG,Insulin lispro 200units/ml inj 3ml pf dispos dev,7.0,65.0,711.7296799999999,201904,2019-04-01,generic analogue,39000.0
0601011L0BCABAC,Insulin lispro Sanofi 100units/ml inj 3ml cartridges,6.0,46.0,205.82763,201904,2019-04-01,biosimilar,13800.0
0601011N0BCAEAC,Hypurin Porcine Neutral 100units/ml inj 10ml vials,252.0,773.0,22482.087539999997,201904,2019-04-01,human soluble,773000.0
0601011L0BBAIAF,Humalog Junior KwikPen 100units/ml inj 3ml pre-filled pens,96.0,526.0,2881.5245500000005,201904,2019-04-01,originator,157800.0
0601011N0BCAGAY,Hypurin Bovine Neutral 100units/ml inj 3ml cartridges,12.0,110.0,850.0397300000001,201904,2019-04-01,human soluble,33000.0
0601011N0AAALAL,Insulin soluble human 100units/ml inj 10ml vials,2.0,7.0,102.00130999999999,201904,2019-04-01,human soluble,7000.0
0601011A0BBAEAC,NovoRapid FlexTouch 100units/ml inj 3ml pre-filled pens,3052.0,21898.0,130788.36791000002,201904,2019-04-01,originator,6569400.0
0601011A0AAAAAA,Insulin aspart 100units/ml solution for injection 10ml vials,288.0,1178.0,15413.556339999996,201904,2019-04-01,generic analogue,1178000.0
0601011L0BBABAB,Humalog 100units/ml solution for injection 10ml vials,2855.0,11157.0,172209.04677999998,201904,2019-04-01,originator,11157000.0
0601011P0BBABAB,Apidra 100units/ml solution for injection 3ml cartridges,687.0,5247.0,27601.057129999987,201904,2019-04-01,originator,1574100.0
0601011A0AAADAD,Insulin aspart 100units/ml inj 1.6ml cartridges,27.0,375.0,1052.5125400000002,201904,2019-04-01,generic analogue,60000.0
0601011L0BBAFAF,Humalog Pen 100units/ml inj 3ml pre-filled pens,3.0,25.0,135.82315,201904,2019-04-01,originator,7500.0
0601011L0AAACAC,Insulin lispro 100units/ml inj 3ml cartridges,765.0,6708.0,35297.965879999996,201904,2019-04-01,generic analogue,2012400.0
0601011N0BHADAP,Humulin S 100units/ml solution for injection 3ml cartridges,1954.0,17091.0,60623.12167999998,201904,2019-04-01,human soluble,5127300.0
0601011A0BBAAAA,NovoRapid 100units/ml solution for injection 10ml vials,12328.0,49261.0,644627.22107,201904,2019-04-01,originator,49261000.0
0601011L0AAABAB,Insulin lispro 100units/ml solution for injection 10ml vials,388.0,1558.0,24047.921039999994,201904,2019-04-01,generic analogue,1558000.0
0601011P0AAABAB,Insulin glulisine 100units/ml inj 3ml cartridges,34.0,300.0,1577.9728000000005,201904,2019-04-01,generic analogue,90000.0
0601011L0BCAAAB,Insulin lispro Sanofi 100units/ml inj 10ml vials,4.0,10.0,131.23659,201904,2019-04-01,biosimilar,10000.0
0601011L0AAAFAF,Insulin lispro 100units/ml inj 3ml pf dispos dev,266.0,1931.0,10575.446700000008,201904,2019-04-01,generic analogue,579300.0
0601011N0BHAAAG,Humulin S 100units/ml solution for injection 10ml vials,239.0,710.0,10346.058869999999,201904,2019-04-01,human soluble,710000.0
0601011L0BBAGAF,Humalog KwikPen 100units/ml inj 3ml pre-filled pens,14020.0,98745.0,540826.02742,201904,2019-04-01,originator,29623500.0
0601011P0BBAAAA,Apidra 100units/ml solution for injection 10ml vials,456.0,1923.0,28591.284049999984,201904,2019-04-01,originator,1923000.0
0601011N0BCAAAA,Hypurin Bovine Neutral 100units/ml inj 10ml vials,30.0,142.0,3657.465949999999,201904,2019-04-01,human soluble,142000.0
0601011P0AAAAAA,Insulin glulisine 100units/ml inj 10ml vials,32.0,153.0,2274.79993,201904,2019-04-01,generic analogue,153000.0
0601011A0BCACAA,Fiasp 100units/ml solution for injection 10ml vials,850.0,3151.0,41229.449330000025,201904,2019-04-01,ultra-rapid,3151000.0
0601011N0BCAHAZ,Hypurin Porcine Neutral 100units/ml inj 3ml cartridges,256.0,2324.0,20279.14295000001,201904,2019-04-01,human soluble,697200.0
0601011P0BBAEAC,Apidra 100units/ml inj 3ml pre-filled SoloStar pens,6093.0,41396.0,217791.66428999993,201904,2019-04-01,originator,12418800.0
0601011P0AAACAC,Insulin glulisine 100units/ml inj 3ml pf dispos dev,164.0,1135.0,5971.176390000001,201904,2019-04-01,generic analogue,340500.0
0601011L0BCACAF,Insulin lispro Sanofi 100units/ml inj 3ml pre-filled pens,24.0,131.0,610.2091299999998,201904,2019-04-01,biosimilar,39300.0
0601011A0BBABAB,NovoRapid Penfill 100units/ml inj 3ml cartridges,50771.0,420395.0,2212152.28774,201904,2019-04-01,originator,126118500.0
0601011A0BCAAAC,Fiasp FlexTouch 100units/ml inj 3ml pre-filled pens,2635.0,16030.0,91191.85611999997,201904,2019-04-01,ultra-rapid,4809000.0
0601011L0BBACAC,Humalog 100units/ml solution for injection 3ml cartridges,14163.0,122186.0,642973.3370199999,201904,2019-04-01,originator,36655800.0
0601011N0BKABAP,Insuman Rapid 100units/ml inj 3ml cartridges,169.0,1231.0,4005.5894399999984,201904,2019-04-01,human soluble,369300.0
0601011A0AAABAB,Insulin aspart 100units/ml inj 3ml cartridges,749.0,6294.0,33120.192579999995,201904,2019-04-01,generic analogue,1888200.0
0601011R0BDAAAC,Insuman Infusat 100units/ml inj 3.15ml cartridges,1.0,15.0,696.82707,201904,2019-04-01,human soluble,4725.0
0601011A0BBADAC,NovoRapid FlexPen 100units/ml inj 3ml pre-filled pens,75150.0,524292.0,2982373.660340002,201904,2019-04-01,originator,157287600.0
0601011A0BBAFAD,NovoRapid PumpCart 100units/ml inj 1.6ml cartridges,5063.0,77057.0,216273.20486,201904,2019-04-01,originator,12329120.0
0601011A0AAACAC,Insulin aspart 100units/ml inj 3ml pf dispos dev,327.0,2317.0,13179.710300000006,201904,2019-04-01,generic analogue,695100.0
0601011N0BFAEAL,Actrapid 100units/ml solution for injection 10ml vials,525.0,1572.0,10930.791009999995,201904,2019-04-01,human soluble,1572000.0
0601011R0BEAAAE,Humulin R KwikPen 500units/ml inj 3ml pre-filled pens,8.0,82.0,2534.39853,201904,2019-04-01,human soluble,123000.0
0601011N0AAACAC,Insulin soluble porcine 100units/ml inj 10ml vials,1.0,3.0,87.2536,201904,2019-04-01,human soluble,3000.0
0601011L0AAAFAF,Insulin lispro 100units/ml inj 3ml pf dispos dev,286.0,2204.0,12059.932459999998,201905,2019-05-01,generic analogue,661200.0
0601011N0BHAAAG,Humulin S 100units/ml solution for injection 10ml vials,238.0,656.0,9554.996149999992,201905,2019-05-01,human soluble,656000.0
0601011L0BBAIAF,Humalog Junior KwikPen 100units/ml inj 3ml pre-filled pens,118.0,620.0,3395.517090000001,201905,2019-05-01,originator,186000.0
0601011N0AAALAL,Insulin soluble human 100units/ml inj 10ml vials,1.0,4.0,58.25779,201905,2019-05-01,human soluble,4000.0
0601011N0BCAGAY,Hypurin Bovine Neutral 100units/ml inj 3ml cartridges,5.0,66.0,509.8648400000001,201905,2019-05-01,human soluble,19800.0
0601011N0BHADAP,Humulin S 100units/ml solution for injection 3ml cartridges,2096.0,18626.0,66036.84449,201905,2019-05-01,human soluble,5587800.0
0601011L0AAACAC,Insulin lispro 100units/ml inj 3ml cartridges,810.0,7242.0,38089.530210000026,201905,2019-05-01,generic analogue,2172600.0
0601011A0BBABAB,NovoRapid Penfill 100units/ml inj 3ml cartridges,53247.0,437954.0,2303522.2895999993,201905,2019-05-01,originator,131386200.0
0601011A0BCAAAC,Fiasp FlexTouch 100units/ml inj 3ml pre-filled pens,2947.0,18138.0,103136.51479000002,201905,2019-05-01,ultra-rapid,5441400.0
0601011A0BCABAB,Fiasp Penfill 100units/ml inj 3ml cartridges,1531.0,10487.0,55161.977450000006,201905,2019-05-01,ultra-rapid,3146100.0
0601011L0BBAHAG,Humalog KwikPen 200units/ml inj 3ml pre-filled pens,1864.0,15743.0,172312.95734999998,201905,2019-05-01,originator,9445800.0
0601011L0AAAGAG,Insulin lispro 200units/ml inj 3ml pf dispos dev,10.0,80.0,875.5878199999999,201905,2019-05-01,generic analogue,48000.0
0601011L0BCABAC,Insulin lispro Sanofi 100units/ml inj 3ml cartridges,1.0,15.0,67.04288,201905,2019-05-01,biosimilar,4500.0
0601011A0BBAEAC,NovoRapid FlexTouch 100units/ml inj 3ml pre-filled pens,3276.0,23510.0,140352.41253999996,201905,2019-05-01,originator,7053000.0
0601011A0AAAAAA,Insulin aspart 100units/ml solution for injection 10ml vials,325.0,1407.0,18401.126909999995,201905,2019-05-01,generic analogue,1407000.0
0601011N0BCAEAC,Hypurin Porcine Neutral 100units/ml inj 10ml vials,247.0,787.0,24705.74277999999,201905,2019-05-01,human soluble,787000.0
0601011P0BBAEAC,Apidra 100units/ml inj 3ml pre-filled SoloStar pens,6562.0,44526.0,234156.12397999995,201905,2019-05-01,originator,13357800.0
0601011N0BCAHAZ,Hypurin Porcine Neutral 100units/ml inj 3ml cartridges,275.0,2487.0,23428.29602,201905,2019-05-01,human soluble,746100.0
0601011P0AAACAC,Insulin glulisine 100units/ml inj 3ml pf dispos dev,164.0,1072.0,5637.480089999997,201905,2019-05-01,generic analogue,321600.0
0601011A0BCACAA,Fiasp 100units/ml solution for injection 10ml vials,923.0,3474.0,45434.73334999999,201905,2019-05-01,ultra-rapid,3474000.0
0601011L0BCACAF,Insulin lispro Sanofi 100units/ml inj 3ml pre-filled pens,32.0,265.0,1233.6550799999995,201905,2019-05-01,biosimilar,79500.0
0601011R0AAAEAE,Insulin human 500units/ml inj 3ml pf dispos dev,1.0,10.0,335.72201,201905,2019-05-01,human soluble,15000.0
0601011P0BBABAB,Apidra 100units/ml solution for injection 3ml cartridges,711.0,5523.0,29039.76557999998,201905,2019-05-01,originator,1656900.0
0601011L0BBABAB,Humalog 100units/ml solution for injection 10ml vials,3012.0,11671.0,180059.57242000004,201905,2019-05-01,originator,11671000.0
0601011A0AAADAD,Insulin aspart 100units/ml inj 1.6ml cartridges,28.0,505.0,1416.6424599999998,201905,2019-05-01,generic analogue,80800.0
0601011L0BBAFAF,Humalog Pen 100units/ml inj 3ml pre-filled pens,5.0,55.0,318.29427,201905,2019-05-01,originator,16500.0
0601011L0BBAGAF,Humalog KwikPen 100units/ml inj 3ml pre-filled pens,14764.0,104059.0,569702.17734,201905,2019-05-01,originator,31217700.0
0601011P0BBAAAA,Apidra 100units/ml solution for injection 10ml vials,479.0,1889.0,28073.02033999999,201905,2019-05-01,originator,1889000.0
0601011P0AAAAAA,Insulin glulisine 100units/ml inj 10ml vials,33.0,126.0,1872.5822800000005,201905,2019-05-01,generic analogue,126000.0
0601011N0BCAAAA,Hypurin Bovine Neutral 100units/ml inj 10ml vials,33.0,196.0,5045.878499999999,201905,2019-05-01,human soluble,196000.0
0601011L0BBACAC,Humalog 100units/ml solution for injection 3ml cartridges,14849.0,127243.0,669277.31388,201905,2019-05-01,originator,38172900.0
0601011N0BKABAP,Insuman Rapid 100units/ml inj 3ml cartridges,160.0,1239.0,4029.456759999998,201905,2019-05-01,human soluble,371700.0
0601011A0AAABAB,Insulin aspart 100units/ml inj 3ml cartridges,762.0,6856.0,36059.55049000002,201905,2019-05-01,generic analogue,2056800.0
0601011R0BDAAAC,Insuman Infusat 100units/ml inj 3.15ml cartridges,1.0,15.0,696.50537,201905,2019-05-01,human soluble,4725.0
0601011A0BBADAC,NovoRapid FlexPen 100units/ml inj 3ml pre-filled pens,80560.0,561574.0,3192981.185359998,201905,2019-05-01,originator,168472200.0
0601011N0BFAEAL,Actrapid 100units/ml solution for injection 10ml vials,524.0,1637.0,11377.299040000004,201905,2019-05-01,human soluble,1637000.0
0601011A0BBAFAD,NovoRapid PumpCart 100units/ml inj 1.6ml cartridges,5327.0,80965.0,227136.65555000002,201905,2019-05-01,originator,12954400.0
0601011A0AAACAC,Insulin aspart 100units/ml inj 3ml pf dispos dev,356.0,2592.0,14737.242049999995,201905,2019-05-01,generic analogue,777600.0
0601011R0BEAAAE,Humulin R KwikPen 500units/ml inj 3ml pre-filled pens,16.0,125.0,4229.76976,201905,2019-05-01,human soluble,187500.0
0601011N0AAACAC,Insulin soluble porcine 100units/ml inj 10ml vials,3.0,13.0,408.08921,201905,2019-05-01,human soluble,13000.0
0601011A0BBAAAA,NovoRapid 100units/ml solution for injection 10ml vials,13487.0,54081.0,707370.9082999993,201905,2019-05-01,originator,54081000.0
0601011L0AAABAB,Insulin lispro 100units/ml solution for injection 10ml vials,421.0,1740.0,26844.58024000001,201905,2019-05-01,generic analogue,1740000.0
0601011P0AAABAB,Insulin glulisine 100units/ml inj 3ml cartridges,35.0,320.0,1682.3932600000003,201905,2019-05-01,generic analogue,96000.0
0601011L0BCAAAB,Insulin lispro Sanofi 100units/ml inj 10ml vials,1.0,4.0,52.46296,201905,2019-05-01,biosimilar,4000.0
0601011N0AAAPAP,Insulin soluble human 100units/ml inj 3ml cartridges,1.0,10.0,35.44996,201905,2019-05-01,human soluble,3000.0
0601011A0BCABAB,Fiasp Penfill 100units/ml inj 3ml cartridges,1548.0,10662.0,56123.93640999999,201906,2019-06-01,ultra-rapid,3198600.0
0601011L0BBAHAG,Humalog KwikPen 200units/ml inj 3ml pre-filled pens,1688.0,14000.0,153346.88398000004,201906,2019-06-01,originator,8400000.0
0601011L0BCABAC,Insulin lispro Sanofi 100units/ml inj 3ml cartridges,7.0,55.0,246.04303000000002,201906,2019-06-01,biosimilar,16500.0
0601011L0AAAGAG,Insulin lispro 200units/ml inj 3ml pf dispos dev,5.0,42.0,460.11481999999995,201906,2019-06-01,generic analogue,25200.0
0601011L0BBABAB,Humalog 100units/ml solution for injection 10ml vials,2849.0,11263.0,173890.22877,201906,2019-06-01,originator,11263000.0
0601011P0BBABAB,Apidra 100units/ml solution for injection 3ml cartridges,657.0,5043.0,26535.043409999987,201906,2019-06-01,originator,1512900.0
0601011N0BCAEAC,Hypurin Porcine Neutral 100units/ml inj 10ml vials,223.0,706.0,22592.293910000004,201906,2019-06-01,human soluble,706000.0
0601011A0AAADAD,Insulin aspart 100units/ml inj 1.6ml cartridges,30.0,485.0,1361.5602099999999,201906,2019-06-01,generic analogue,77600.0
0601011L0BBAFAF,Humalog Pen 100units/ml inj 3ml pre-filled pens,10.0,46.0,252.10004000000004,201906,2019-06-01,originator,13800.0
0601011L0BBAIAF,Humalog Junior KwikPen 100units/ml inj 3ml pre-filled pens,113.0,632.0,3463.1754199999978,201906,2019-06-01,originator,189600.0
0601011N0BCAGAY,Hypurin Bovine Neutral 100units/ml inj 3ml cartridges,3.0,40.0,309.1692,201906,2019-06-01,human soluble,12000.0
0601011A0BBAEAC,NovoRapid FlexTouch 100units/ml inj 3ml pre-filled pens,3065.0,22380.0,133702.92180999997,201906,2019-06-01,originator,6714000.0
0601011A0AAAAAA,Insulin aspart 100units/ml solution for injection 10ml vials,264.0,1112.0,14553.728699999994,201906,2019-06-01,generic analogue,1112000.0
0601011A0BBAAAA,NovoRapid 100units/ml solution for injection 10ml vials,12900.0,51920.0,679559.75949,201906,2019-06-01,originator,51920000.0
0601011L0AAABAB,Insulin lispro 100units/ml solution for injection 10ml vials,384.0,1458.0,22510.552239999994,201906,2019-06-01,generic analogue,1458000.0
0601011L0BCAAAB,Insulin lispro Sanofi 100units/ml inj 10ml vials,7.0,18.0,236.28506000000002,201906,2019-06-01,biosimilar,18000.0
0601011P0AAABAB,Insulin glulisine 100units/ml inj 3ml cartridges,30.0,221.0,1162.9200500000002,201906,2019-06-01,generic analogue,66300.0
0601011N0BHADAP,Humulin S 100units/ml solution for injection 3ml cartridges,1971.0,17146.0,60834.369019999984,201906,2019-06-01,human soluble,5143800.0
0601011L0AAACAC,Insulin lispro 100units/ml inj 3ml cartridges,784.0,6990.0,36790.753939999995,201906,2019-06-01,generic analogue,2097000.0
0601011L0BBAGAF,Humalog KwikPen 100units/ml inj 3ml pre-filled pens,14128.0,99911.0,547374.6701699995,201906,2019-06-01,originator,29973300.0
0601011P0BBAAAA,Apidra 100units/ml solution for injection 10ml vials,436.0,1720.0,25579.98284000001,201906,2019-06-01,originator,1720000.0
0601011P0AAAAAA,Insulin glulisine 100units/ml inj 10ml vials,28.0,124.0,1844.12359,201906,2019-06-01,generic analogue,124000.0
0601011N0BCAAAA,Hypurin Bovine Neutral 100units/ml inj 10ml vials,32.0,155.0,3993.3270099999986,201906,2019-06-01,human soluble,155000.0
0601011L0BBACAC,Humalog 100units/ml solution for injection 3ml cartridges,13861.0,119480.0,628871.7244800001,201906,2019-06-01,originator,35844000.0
0601011A0AAABAB,Insulin aspart 100units/ml inj 3ml cartridges,721.0,6793.0,35753.55266000002,201906,2019-06-01,generic analogue,2037900.0
0601011N0BKABAP,Insuman Rapid 100units/ml inj 3ml cartridges,152.0,1265.0,4116.939659999998,201906,2019-06-01,human soluble,379500.0
0601011R0BDAAAC,Insuman Infusat 100units/ml inj 3.15ml cartridges,3.0,25.0,1161.69847,201906,2019-06-01,human soluble,7875.0
0601011N0BHAAAG,Humulin S 100units/ml solution for injection 10ml vials,224.0,616.0,8978.745430000006,201906,2019-06-01,human soluble,616000.0
0601011L0AAAFAF,Insulin lispro 100units/ml inj 3ml pf dispos dev,235.0,1782.0,9761.888470000007,201906,2019-06-01,generic analogue,534600.0
0601011A0BBABAB,NovoRapid Penfill 100units/ml inj 3ml cartridges,50418.0,417420.0,2197102.5756299994,201906,2019-06-01,originator,125226000.0
0601011A0BCAAAC,Fiasp FlexTouch 100units/ml inj 3ml pre-filled pens,2874.0,17675.0,100574.40443999998,201906,2019-06-01,ultra-rapid,5302500.0
0601011P0BBAEAC,Apidra 100units/ml inj 3ml pre-filled SoloStar pens,6095.0,41591.0,218885.20723000006,201906,2019-06-01,originator,12477300.0
0601011A0BCACAA,Fiasp 100units/ml solution for injection 10ml vials,906.0,3344.0,43766.04288999997,201906,2019-06-01,ultra-rapid,3344000.0
0601011P0AAACAC,Insulin glulisine 100units/ml inj 3ml pf dispos dev,162.0,1076.0,5662.670969999999,201906,2019-06-01,generic analogue,322800.0
0601011N0BCAHAZ,Hypurin Porcine Neutral 100units/ml inj 3ml cartridges,243.0,2092.0,20083.908849999996,201906,2019-06-01,human soluble,627600.0
0601011L0BCACAF,Insulin lispro Sanofi 100units/ml inj 3ml pre-filled pens,33.0,213.0,992.3121,201906,2019-06-01,biosimilar,63900.0
0601011A0BBADAC,NovoRapid FlexPen 100units/ml inj 3ml pre-filled pens,74381.0,519517.0,2956015.406490001,201906,2019-06-01,originator,155855100.0
0601011N0BFAEAL,Actrapid 100units/ml solution for injection 10ml vials,503.0,1508.0,10488.4233,201906,2019-06-01,human soluble,1508000.0
0601011A0BBAFAD,NovoRapid PumpCart 100units/ml inj 1.6ml cartridges,4923.0,74593.0,209411.7124,201906,2019-06-01,originator,11934880.0
0601011A0AAACAC,Insulin aspart 100units/ml inj 3ml pf dispos dev,296.0,2057.0,11704.407980000004,201906,2019-06-01,generic analogue,617100.0
0601011R0BEAAAE,Humulin R KwikPen 500units/ml inj 3ml pre-filled pens,11.0,77.0,2871.6532500000003,201906,2019-06-01,human soluble,115500.0
0601011N0AAACAC,Insulin soluble porcine 100units/ml inj 10ml vials,3.0,11.0,352.00197000000003,201906,2019-06-01,human soluble,11000.0
0601011L0BBAHAG,Humalog KwikPen 200units/ml inj 3ml pre-filled pens,1836.0,15059.0,164989.49822,201907,2019-07-01,originator,9035400.0
0601011A0BCABAB,Fiasp Penfill 100units/ml inj 3ml cartridges,1680.0,11437.0,60218.633929999996,201907,2019-07-01,ultra-rapid,3431100.0
0601011L0BCABAC,Insulin lispro Sanofi 100units/ml inj 3ml cartridges,4.0,35.0,156.59495,201907,2019-07-01,biosimilar,10500.0
0601011L0AAAGAG,Insulin lispro 200units/ml inj 3ml pf dispos dev,7.0,55.0,602.55809,201907,2019-07-01,generic analogue,33000.0
0601011L0BBABAB,Humalog 100units/ml solution for injection 10ml vials,2983.0,11696.0,180625.54592000006,201907,2019-07-01,originator,11696000.0
0601011P0BBABAB,Apidra 100units/ml solution for injection 3ml cartridges,672.0,5066.0,26662.934419999998,201907,2019-07-01,originator,1519800.0
0601011N0BCAEAC,Hypurin Porcine Neutral 100units/ml inj 10ml vials,234.0,737.0,23590.44440000001,201907,2019-07-01,human soluble,737000.0
0601011L0BBAIAF,Humalog Junior KwikPen 100units/ml inj 3ml pre-filled pens,137.0,687.0,3765.9216800000017,201907,2019-07-01,originator,206100.0
0601011N0BCAGAY,Hypurin Bovine Neutral 100units/ml inj 3ml cartridges,2.0,11.0,85.16164,201907,2019-07-01,human soluble,3300.0
0601011N0AAALAL,Insulin soluble human 100units/ml inj 10ml vials,3.0,12.0,136.83234,201907,2019-07-01,human soluble,12000.0
0601011A0AAADAD,Insulin aspart 100units/ml inj 1.6ml cartridges,32.0,565.0,1586.5178300000002,201907,2019-07-01,generic analogue,90400.0
0601011L0BBAFAF,Humalog Pen 100units/ml inj 3ml pre-filled pens,4.0,16.0,87.77993,201907,2019-07-01,originator,4800.0
0601011A0BBAAAA,NovoRapid 100units/ml solution for injection 10ml vials,14038.0,56929.0,745267.0037400002,201907,2019-07-01,originator,56929000.0
0601011L0AAABAB,Insulin lispro 100units/ml solution for injection 10ml vials,413.0,1708.0,26376.76479000001,201907,2019-07-01,generic analogue,1708000.0
0601011P0AAABAB,Insulin glulisine 100units/ml inj 3ml cartridges,26.0,220.0,1157.80744,201907,2019-07-01,generic analogue,66000.0
0601011L0BCAAAB,Insulin lispro Sanofi 100units/ml inj 10ml vials,3.0,11.0,144.40521,201907,2019-07-01,biosimilar,11000.0
0601011A0BBAEAC,NovoRapid FlexTouch 100units/ml inj 3ml pre-filled pens,3192.0,23013.0,137523.04230999993,201907,2019-07-01,originator,6903900.0
0601011A0AAAAAA,Insulin aspart 100units/ml solution for injection 10ml vials,309.0,1342.0,17568.244439999995,201907,2019-07-01,generic analogue,1342000.0
0601011N0BHADAP,Humulin S 100units/ml solution for injection 3ml cartridges,1977.0,17310.0,61430.94802,201907,2019-07-01,human soluble,5193000.0
0601011L0AAACAC,Insulin lispro 100units/ml inj 3ml cartridges,735.0,6765.0,35615.61412999999,201907,2019-07-01,generic analogue,2029500.0
0601011L0BBAGAF,Humalog KwikPen 100units/ml inj 3ml pre-filled pens,14528.0,102138.0,559671.46735,201907,2019-07-01,originator,30641400.0
0601011P0BBAAAA,Apidra 100units/ml solution for injection 10ml vials,453.0,1889.0,28100.220520000006,201907,2019-07-01,originator,1889000.0
0601011P0AAAAAA,Insulin glulisine 100units/ml inj 10ml vials,29.0,106.0,1576.9060799999997,201907,2019-07-01,generic analogue,106000.0
0601011N0BCAAAA,Hypurin Bovine Neutral 100units/ml inj 10ml vials,29.0,125.0,3221.2736900000004,201907,2019-07-01,human soluble,125000.0
0601011L0BBACAC,Humalog 100units/ml solution for injection 3ml cartridges,14099.0,121314.0,638719.5413299999,201907,2019-07-01,originator,36394200.0
0601011N0BKABAP,Insuman Rapid 100units/ml inj 3ml cartridges,145.0,1055.0,3434.3513499999985,201907,2019-07-01,human soluble,316500.0
0601011A0AAABAB,Insulin aspart 100units/ml inj 3ml cartridges,724.0,6059.0,31899.698969999983,201907,2019-07-01,generic analogue,1817700.0
0601011R0BDAAAC,Insuman Infusat 100units/ml inj 3.15ml cartridges,3.0,45.0,2091.56406,201907,2019-07-01,human soluble,14175.0
0601011L0AAAFAF,Insulin lispro 100units/ml inj 3ml pf dispos dev,278.0,2048.0,11221.843190000003,201907,2019-07-01,generic analogue,614400.0
0601011N0BHAAAG,Humulin S 100units/ml solution for injection 10ml vials,212.0,633.0,9228.77198,201907,2019-07-01,human soluble,633000.0
0601011P0BBAEAC,Apidra 100units/ml inj 3ml pre-filled SoloStar pens,6136.0,40996.0,215804.16501999996,201907,2019-07-01,originator,12298800.0
0601011A0BCACAA,Fiasp 100units/ml solution for injection 10ml vials,1014.0,3848.0,50375.200170000004,201907,2019-07-01,ultra-rapid,3848000.0
0601011L0BCACAF,Insulin lispro Sanofi 100units/ml inj 3ml pre-filled pens,32.0,267.0,1244.0338699999998,201907,2019-07-01,biosimilar,80100.0
0601011P0AAACAC,Insulin glulisine 100units/ml inj 3ml pf dispos dev,161.0,1134.0,5968.769570000005,201907,2019-07-01,generic analogue,340200.0
0601011N0BCAHAZ,Hypurin Porcine Neutral 100units/ml inj 3ml cartridges,274.0,2406.0,23103.671010000005,201907,2019-07-01,human soluble,721800.0
0601011A0BBABAB,NovoRapid Penfill 100units/ml inj 3ml cartridges,52007.0,429678.0,2262178.635199999,201907,2019-07-01,originator,128903400.0
0601011A0BCAAAC,Fiasp FlexTouch 100units/ml inj 3ml pre-filled pens,3147.0,19299.0,109844.50205999996,201907,2019-07-01,ultra-rapid,5789700.0
0601011N0BFAEAL,Actrapid 100units/ml solution for injection 10ml vials,491.0,1569.0,10915.156800000004,201907,2019-07-01,human soluble,1569000.0
0601011A0BBADAC,NovoRapid FlexPen 100units/ml inj 3ml pre-filled pens,77836.0,543302.0,3092142.4158200016,201907,2019-07-01,originator,162990600.0
0601011A0BBAFAD,NovoRapid PumpCart 100units/ml inj 1.6ml cartridges,5189.0,78789.0,221248.01694000006,201907,2019-07-01,originator,12606240.0
0601011A0AAACAC,Insulin aspart 100units/ml inj 3ml pf dispos dev,329.0,2297.0,13073.205459999986,201907,2019-07-01,generic analogue,689100.0
0601011R0BEAAAE,Humulin R KwikPen 500units/ml inj 3ml pre-filled pens,13.0,99.0,4565.12079,201907,2019-07-01,human soluble,148500.0
0601011A0BCABAB,Fiasp Penfill 100units/ml inj 3ml cartridges,1949.0,13546.0,71329.97260999997,201908,2019-08-01,ultra-rapid,4063800.0
0601011L0BBAHAG,Humalog KwikPen 200units/ml inj 3ml pre-filled pens,1978.0,16669.0,182405.26121999993,201908,2019-08-01,originator,10001400.0
0601011L0BCABAC,Insulin lispro Sanofi 100units/ml inj 3ml cartridges,10.0,89.0,397.94475000000006,201908,2019-08-01,biosimilar,26700.0
0601011L0AAAGAG,Insulin lispro 200units/ml inj 3ml pf dispos dev,6.0,55.0,601.81151,201908,2019-08-01,generic analogue,33000.0
0601011L0BBABAB,Humalog 100units/ml solution for injection 10ml vials,3166.0,12410.0,191458.2190999999,201908,2019-08-01,originator,12410000.0
0601011P0BBABAB,Apidra 100units/ml solution for injection 3ml cartridges,777.0,6018.0,31634.697610000007,201908,2019-08-01,originator,1805400.0
0601011N0BCAEAC,Hypurin Porcine Neutral 100units/ml inj 10ml vials,263.0,914.0,29219.98173000001,201908,2019-08-01,human soluble,914000.0
0601011L0BBAIAF,Humalog Junior KwikPen 100units/ml inj 3ml pre-filled pens,154.0,786.0,4303.0629500000005,201908,2019-08-01,originator,235800.0
0601011L0BBAFAF,Humalog Pen 100units/ml inj 3ml pre-filled pens,6.0,35.0,246.2396,201908,2019-08-01,originator,10500.0
0601011A0AAADAD,Insulin aspart 100units/ml inj 1.6ml cartridges,33.0,515.0,1444.3913200000006,201908,2019-08-01,generic analogue,82400.0
0601011A0BBAAAA,NovoRapid 100units/ml solution for injection 10ml vials,14257.0,58054.0,759074.8781699999,201908,2019-08-01,originator,58054000.0
0601011P0AAABAB,Insulin glulisine 100units/ml inj 3ml cartridges,40.0,300.0,1576.9781600000001,201908,2019-08-01,generic analogue,90000.0
0601011L0AAABAB,Insulin lispro 100units/ml solution for injection 10ml vials,419.0,1710.0,26375.544680000003,201908,2019-08-01,generic analogue,1710000.0
0601011L0BCAAAB,Insulin lispro Sanofi 100units/ml inj 10ml vials,3.0,13.0,170.46068,201908,2019-08-01,biosimilar,13000.0
0601011L0BBAGAF,Humalog KwikPen 100units/ml inj 3ml pre-filled pens,15529.0,109626.0,599977.9148899997,201908,2019-08-01,originator,32887800.0
0601011P0BBAAAA,Apidra 100units/ml solution for injection 10ml vials,470.0,1862.0,27665.085780000016,201908,2019-08-01,originator,1862000.0
0601011P0AAAAAA,Insulin glulisine 100units/ml inj 10ml vials,43.0,183.0,2718.9900800000005,201908,2019-08-01,generic analogue,183000.0
0601011N0BCAAAA,Hypurin Bovine Neutral 100units/ml inj 10ml vials,21.0,86.0,2213.54968,201908,2019-08-01,human soluble,86000.0
0601011A0BBAEAC,NovoRapid FlexTouch 100units/ml inj 3ml pre-filled pens,3389.0,24608.0,146873.51174,201908,2019-08-01,originator,7382400.0
0601011A0AAAAAA,Insulin aspart 100units/ml solution for injection 10ml vials,313.0,1333.0,17429.238520000006,201908,2019-08-01,generic analogue,1333000.0
0601011N0BHADAP,Humulin S 100units/ml solution for injection 3ml cartridges,2127.0,18529.0,65678.27146999996,201908,2019-08-01,human soluble,5558700.0
0601011L0AAACAC,Insulin lispro 100units/ml inj 3ml cartridges,839.0,7563.0,39768.4263,201908,2019-08-01,generic analogue,2268900.0
0601011N0BHAAAG,Humulin S 100units/ml solution for injection 10ml vials,244.0,709.0,10324.2979,201908,2019-08-01,human soluble,709000.0
0601011L0AAAFAF,Insulin lispro 100units/ml inj 3ml pf dispos dev,290.0,2197.0,12023.014270000005,201908,2019-08-01,generic analogue,659100.0
0601011L0BBACAC,Humalog 100units/ml solution for injection 3ml cartridges,15487.0,133872.0,703945.3098800002,201908,2019-08-01,originator,40161600.0
0601011A0AAABAB,Insulin aspart 100units/ml inj 3ml cartridges,788.0,6816.0,35841.80723999999,201908,2019-08-01,generic analogue,2044800.0
0601011N0BKABAP,Insuman Rapid 100units/ml inj 3ml cartridges,180.0,1502.0,4883.302049999999,201908,2019-08-01,human soluble,450600.0
0601011R0BDAAAC,Insuman Infusat 100units/ml inj 3.15ml cartridges,2.0,10.0,464.24216,201908,2019-08-01,human soluble,3150.0
0601011A0BBABAB,NovoRapid Penfill 100units/ml inj 3ml cartridges,55764.0,466501.0,2453077.1602399983,201908,2019-08-01,originator,139950300.0
0601011A0BCAAAC,Fiasp FlexTouch 100units/ml inj 3ml pre-filled pens,3463.0,21475.0,122079.44570000007,201908,2019-08-01,ultra-rapid,6442500.0
0601011P0BBAEAC,Apidra 100units/ml inj 3ml pre-filled SoloStar pens,6744.0,46499.0,244468.64430000004,201908,2019-08-01,originator,13949700.0
0601011A0BCACAA,Fiasp 100units/ml solution for injection 10ml vials,1110.0,4378.0,57243.42995000004,201908,2019-08-01,ultra-rapid,4378000.0
0601011N0BCAHAZ,Hypurin Porcine Neutral 100units/ml inj 3ml cartridges,296.0,2526.0,24226.470220000007,201908,2019-08-01,human soluble,757800.0
0601011L0BCACAF,Insulin lispro Sanofi 100units/ml inj 3ml pre-filled pens,47.0,230.0,1071.06943,201908,2019-08-01,biosimilar,69000.0
0601011P0AAACAC,Insulin glulisine 100units/ml inj 3ml pf dispos dev,154.0,1005.0,5283.82484,201908,2019-08-01,generic analogue,301500.0
0601011A0BBADAC,NovoRapid FlexPen 100units/ml inj 3ml pre-filled pens,82493.0,575520.0,3271554.8441199977,201908,2019-08-01,originator,172656000.0
0601011A0BBAFAD,NovoRapid PumpCart 100units/ml inj 1.6ml cartridges,5281.0,81797.0,229413.45836000005,201908,2019-08-01,originator,13087520.0
0601011N0BFAEAL,Actrapid 100units/ml solution for injection 10ml vials,555.0,1677.0,11652.52245,201908,2019-08-01,human soluble,1677000.0
0601011A0AAACAC,Insulin aspart 100units/ml inj 3ml pf dispos dev,324.0,2296.0,13130.39955,201908,2019-08-01,generic analogue,688800.0
0601011R0BEAAAE,Humulin R KwikPen 500units/ml inj 3ml pre-filled pens,13.0,70.0,4056.4390099999996,201908,2019-08-01,human soluble,105000.0
0601011N0AAACAC,Insulin soluble porcine 100units/ml inj 10ml vials,1.0,6.0,191.80845,201908,2019-08-01,human soluble,6000.0
0601011R0AAACAC,Insulin human 100units/ml inj 3.15ml cartridges,1.0,10.0,464.22976,201908,2019-08-01,human soluble,3150.0
0601011A0BCABAB,Fiasp Penfill 100units/ml inj 3ml cartridges,1934.0,13467.0,70824.07093000002,201909,2019-09-01,ultra-rapid,4040100.0
0601011L0BBAHAG,Humalog KwikPen 200units/ml inj 3ml pre-filled pens,1894.0,15627.0,171011.34864999997,201909,2019-09-01,originator,9376200.0
0601011L0BCABAC,Insulin lispro Sanofi 100units/ml inj 3ml cartridges,12.0,82.0,366.71103,201909,2019-09-01,biosimilar,24600.0
0601011L0AAAGAG,Insulin lispro 200units/ml inj 3ml pf dispos dev,9.0,70.0,766.00157,201909,2019-09-01,generic analogue,42000.0
0601011L0BBABAB,Humalog 100units/ml solution for injection 10ml vials,3146.0,12487.0,192618.95829000007,201909,2019-09-01,originator,12487000.0
0601011P0BBABAB,Apidra 100units/ml solution for injection 3ml cartridges,725.0,5760.0,30281.981470000006,201909,2019-09-01,originator,1728000.0
0601011N0BCAEAC,Hypurin Porcine Neutral 100units/ml inj 10ml vials,284.0,941.0,30085.014289999992,201909,2019-09-01,human soluble,941000.0
0601011A0AAADAD,Insulin aspart 100units/ml inj 1.6ml cartridges,32.0,520.0,1458.4920499999998,201909,2019-09-01,generic analogue,83200.0
0601011L0BBAFAF,Humalog Pen 100units/ml inj 3ml pre-filled pens,8.0,47.0,253.04251,201909,2019-09-01,originator,14100.0
0601011L0BBAIAF,Humalog Junior KwikPen 100units/ml inj 3ml pre-filled pens,166.0,902.0,4938.384369999998,201909,2019-09-01,originator,270600.0
0601011N0BCAGAY,Hypurin Bovine Neutral 100units/ml inj 3ml cartridges,2.0,10.0,77.23774,201909,2019-09-01,human soluble,3000.0
0601011N0AAALAL,Insulin soluble human 100units/ml inj 10ml vials,2.0,6.0,87.37682,201909,2019-09-01,human soluble,6000.0
0601011A0BBAEAC,NovoRapid FlexTouch 100units/ml inj 3ml pre-filled pens,3266.0,23715.0,141550.35254,201909,2019-09-01,originator,7114500.0
0601011A0AAAAAA,Insulin aspart 100units/ml solution for injection 10ml vials,303.0,1377.0,18005.30296,201909,2019-09-01,generic analogue,1377000.0
0601011A0BBAAAA,NovoRapid 100units/ml solution for injection 10ml vials,14341.0,58884.0,770046.95521,201909,2019-09-01,originator,58884000.0
0601011L0AAABAB,Insulin lispro 100units/ml solution for injection 10ml vials,437.0,1776.0,27395.00283,201909,2019-09-01,generic analogue,1776000.0
0601011L0BCAAAB,Insulin lispro Sanofi 100units/ml inj 10ml vials,4.0,14.0,183.59282000000002,201909,2019-09-01,biosimilar,14000.0
0601011P0AAABAB,Insulin glulisine 100units/ml inj 3ml cartridges,28.0,250.0,1314.1432600000003,201909,2019-09-01,generic analogue,75000.0
0601011N0BHADAP,Humulin S 100units/ml solution for injection 3ml cartridges,1947.0,17283.0,61263.337400000004,201909,2019-09-01,human soluble,5184900.0
0601011L0AAACAC,Insulin lispro 100units/ml inj 3ml cartridges,804.0,7438.0,39112.97712000001,201909,2019-09-01,generic analogue,2231400.0
0601011L0BBAGAF,Humalog KwikPen 100units/ml inj 3ml pre-filled pens,14753.0,104362.0,571178.11108,201909,2019-09-01,originator,31308600.0
0601011P0BBAAAA,Apidra 100units/ml solution for injection 10ml vials,472.0,1935.0,28751.12593999999,201909,2019-09-01,originator,1935000.0
0601011P0AAAAAA,Insulin glulisine 100units/ml inj 10ml vials,35.0,157.0,2332.7921499999993,201909,2019-09-01,generic analogue,157000.0
0601011N0BCAAAA,Hypurin Bovine Neutral 100units/ml inj 10ml vials,8.0,32.0,823.7039,201909,2019-09-01,human soluble,32000.0
0601011L0BBACAC,Humalog 100units/ml solution for injection 3ml cartridges,14643.0,127724.0,671693.45038,201909,2019-09-01,originator,38317200.0
0601011N0BKABAP,Insuman Rapid 100units/ml inj 3ml cartridges,159.0,1190.0,3869.3433600000003,201909,2019-09-01,human soluble,357000.0
0601011A0AAABAB,Insulin aspart 100units/ml inj 3ml cartridges,779.0,7087.0,37267.63327000002,201909,2019-09-01,generic analogue,2126100.0
0601011R0BDAAAC,Insuman Infusat 100units/ml inj 3.15ml cartridges,1.0,15.0,696.37729,201909,2019-09-01,human soluble,4725.0
0601011N0BHAAAG,Humulin S 100units/ml solution for injection 10ml vials,239.0,721.0,10499.540650000006,201909,2019-09-01,human soluble,721000.0
0601011L0AAAFAF,Insulin lispro 100units/ml inj 3ml pf dispos dev,265.0,2017.0,11038.549770000001,201909,2019-09-01,generic analogue,605100.0
0601011A0BBABAB,NovoRapid Penfill 100units/ml inj 3ml cartridges,53942.0,449123.0,2361818.8993400005,201909,2019-09-01,originator,134736900.0
0601011A0BCAAAC,Fiasp FlexTouch 100units/ml inj 3ml pre-filled pens,3544.0,21989.0,125009.61096999992,201909,2019-09-01,ultra-rapid,6596700.0
0601011P0BBAEAC,Apidra 100units/ml inj 3ml pre-filled SoloStar pens,6554.0,44374.0,233341.12641,201909,2019-09-01,originator,13312200.0
0601011A0BCACAA,Fiasp 100units/ml solution for injection 10ml vials,1204.0,4570.0,59757.847379999985,201909,2019-09-01,ultra-rapid,4570000.0
0601011N0BCAHAZ,Hypurin Porcine Neutral 100units/ml inj 3ml cartridges,299.0,2715.0,26040.03832000001,201909,2019-09-01,human soluble,814500.0
0601011P0AAACAC,Insulin glulisine 100units/ml inj 3ml pf dispos dev,162.0,1137.0,5980.609789999998,201909,2019-09-01,generic analogue,341100.0
0601011L0BCACAF,Insulin lispro Sanofi 100units/ml inj 3ml pre-filled pens,51.0,382.0,1777.4177000000002,201909,2019-09-01,biosimilar,114600.0
0601011R0AAAEAE,Insulin human 500units/ml inj 3ml pf dispos dev,1.0,10.0,335.66028,201909,2019-09-01,human soluble,15000.0
0601011A0BBAFAD,NovoRapid PumpCart 100units/ml inj 1.6ml cartridges,5078.0,78711.0,220776.1928900001,201909,2019-09-01,originator,12593760.0
0601011A0BBADAC,NovoRapid FlexPen 100units/ml inj 3ml pre-filled pens,78304.0,545864.0,3103137.69085,201909,2019-09-01,originator,163759200.0
0601011A0AAACAC,Insulin aspart 100units/ml inj 3ml pf dispos dev,332.0,2333.0,13262.310960000008,201909,2019-09-01,generic analogue,699900.0
0601011N0BFAEAL,Actrapid 100units/ml solution for injection 10ml vials,563.0,1772.0,12313.191440000008,201909,2019-09-01,human soluble,1772000.0
0601011R0BEAAAE,Humulin R KwikPen 500units/ml inj 3ml pre-filled pens,10.0,66.0,2489.73214,201909,2019-09-01,human soluble,99000.0
0601011N0AAACAC,Insulin soluble porcine 100units/ml inj 10ml vials,3.0,12.0,383.65070000000003,201909,2019-09-01,human soluble,12000.0
0601011A0BBACAC,NovoRapid Novolet 100units/ml solution for injection,1.0,5.0,28.42409,201909,2019-09-01,originator,1500.0
0601011N0BCAEAC,Hypurin Porcine Neutral 100units/ml inj 10ml vials,282.0,927.0,29639.949560000034,201910,2019-10-01,human soluble,927000.0
0601011N0BHAAAL,Humulin S 100units/ml solution for injection 10ml vials,240.0,728.0,10602.315399999998,201910,2019-10-01,human soluble,728000.0
0601011A0BBADAC,NovoRapid FlexPen 100units/ml inj 3ml pre-filled pens,82829.0,577135.0,3281150.8295700005,201910,2019-10-01,originator,173140500.0
0601011A0AAADAD,Insulin aspart 100units/ml inj 1.6ml cartridges,31.0,492.0,1380.18248,201910,2019-10-01,generic analogue,78720.0
0601011A0BCAAAC,Fiasp FlexTouch 100units/ml inj 3ml pre-filled pens,3759.0,23493.0,133570.81911999994,201910,2019-10-01,ultra-rapid,7047900.0
0601011P0BBABAB,Apidra 100units/ml solution for injection 3ml cartridges,770.0,5956.0,31313.423809999982,201910,2019-10-01,originator,1786800.0
0601011L0BBABAB,Humalog 100units/ml solution for injection 10ml vials,3226.0,12871.0,198454.8562800001,201910,2019-10-01,originator,12871000.0
0601011A0BCABAB,Fiasp Penfill 100units/ml inj 3ml cartridges,2173.0,14917.0,78460.56295000002,201910,2019-10-01,ultra-rapid,4475100.0
0601011L0BCABAC,Insulin lispro Sanofi 100units/ml inj 3ml cartridges,8.0,71.0,317.44321,201910,2019-10-01,biosimilar,21300.0
0601011L0AAAGAG,Insulin lispro 200units/ml inj 3ml pf dispos dev,10.0,85.0,930.21122,201910,2019-10-01,generic analogue,51000.0
0601011L0BBAFAF,Humalog Pen 100units/ml inj 3ml pre-filled pens,5.0,30.0,162.39362999999997,201910,2019-10-01,originator,9000.0
0601011N0AAALAL,Insulin soluble human 100units/ml inj 10ml vials,2.0,9.0,92.99267,201910,2019-10-01,human soluble,9000.0
0601011N0BCAGAY,Hypurin Bovine Neutral 100units/ml inj 3ml cartridges,2.0,40.0,308.90245,201910,2019-10-01,human soluble,12000.0
0601011N0BHADAP,Humulin S 100units/ml solution for injection 3ml cartridges,2044.0,17743.0,62900.72548999999,201910,2019-10-01,human soluble,5322900.0
0601011L0AAACAC,Insulin lispro 100units/ml inj 3ml cartridges,781.0,7141.0,37554.500300000014,201910,2019-10-01,generic analogue,2142300.0
0601011A0BBAAAA,NovoRapid 100units/ml solution for injection 10ml vials,14692.0,59451.0,777053.7069800001,201910,2019-10-01,originator,59451000.0
0601011L0AAABAB,Insulin lispro 100units/ml solution for injection 10ml vials,412.0,1708.0,26348.28199,201910,2019-10-01,generic analogue,1708000.0
0601011P0AAABAB,Insulin glulisine 100units/ml inj 3ml cartridges,31.0,300.0,1577.0742400000001,201910,2019-10-01,generic analogue,90000.0
0601011N0AAAPAP,Insulin soluble human 100units/ml inj 3ml cartridges,2.0,15.0,53.175830000000005,201910,2019-10-01,human soluble,4500.0
0601011L0BCAAAB,Insulin lispro Sanofi 100units/ml inj 10ml vials,5.0,27.0,354.06786999999997,201910,2019-10-01,biosimilar,27000.0
0601011L0BBACAC,Humalog 100units/ml solution for injection 3ml cartridges,15401.0,134743.0,708613.08168,201910,2019-10-01,originator,40422900.0
0601011A0AAABAB,Insulin aspart 100units/ml inj 3ml cartridges,765.0,6714.0,35309.948269999986,201910,2019-10-01,generic analogue,2014200.0
0601011N0BKABAP,Insuman Rapid 100units/ml inj 3ml cartridges,159.0,1325.0,4308.27741,201910,2019-10-01,human soluble,397500.0
0601011R0BDAAAC,Insuman Infusat 100units/ml inj 3.15ml cartridges,2.0,10.0,464.30698,201910,2019-10-01,human soluble,3150.0
0601011P0BBAAAA,Apidra 100units/ml solution for injection 10ml vials,483.0,1918.0,28100.00053000001,201910,2019-10-01,originator,1918000.0
0601011L0BCACAF,Insulin lispro Sanofi 100units/ml inj 3ml pre-filled pens,56.0,312.0,1452.2986400000002,201910,2019-10-01,biosimilar,93600.0
0601011P0AAAAAA,Insulin glulisine 100units/ml inj 10ml vials,31.0,126.0,1872.3701800000001,201910,2019-10-01,generic analogue,126000.0
0601011N0BCAAAA,Hypurin Bovine Neutral 100units/ml inj 10ml vials,7.0,24.0,617.8421000000001,201910,2019-10-01,human soluble,24000.0
0601011A0AAAAAA,Insulin aspart 100units/ml solution for injection 10ml vials,307.0,1370.0,17915.35538999999,201910,2019-10-01,generic analogue,1370000.0
0601011L0BBAIAF,Humalog Junior KwikPen 100units/ml inj 3ml pre-filled pens,174.0,915.0,5009.510129999999,201910,2019-10-01,originator,274500.0
0601011A0BBABAB,NovoRapid Penfill 100units/ml inj 3ml cartridges,56008.0,467131.0,2456720.1561499983,201910,2019-10-01,originator,140139300.0
0601011L0BBAHAG,Humalog KwikPen 200units/ml inj 3ml pre-filled pens,2157.0,17929.0,196220.6463399999,201910,2019-10-01,originator,10757400.0
0601011A0BBAFAD,NovoRapid PumpCart 100units/ml inj 1.6ml cartridges,5157.0,81058.0,227372.24279000013,201910,2019-10-01,originator,12969280.0
0601011A0AAACAC,Insulin aspart 100units/ml inj 3ml pf dispos dev,338.0,2429.0,13809.53402,201910,2019-10-01,generic analogue,728700.0
0601011N0BFAEAL,Actrapid 100units/ml solution for injection 10ml vials,515.0,1622.0,11271.715230000002,201910,2019-10-01,human soluble,1622000.0
0601011R0BBABAB,Humulin R 500units/ml solution for injection 20ml vials,1.0,1.0,32.0943,201910,2019-10-01,human soluble,10000.0
0601011N0AAACAC,Insulin soluble porcine 100units/ml inj 10ml vials,1.0,3.0,95.92381,201910,2019-10-01,human soluble,3000.0
0601011R0BCAAAD,Insuman Infusat 100units/ml inj 10ml vials,1.0,1.0,77.48967,201910,2019-10-01,human soluble,1000.0
0601011L0AAAFAF,Insulin lispro 100units/ml inj 3ml pf dispos dev,273.0,2143.0,11724.942600000002,201910,2019-10-01,generic analogue,642900.0
0601011L0BBAGAF,Humalog KwikPen 100units/ml inj 3ml pre-filled pens,15764.0,111829.0,612104.34105,201910,2019-10-01,originator,33548700.0
0601011P0BBAEAC,Apidra 100units/ml inj 3ml pre-filled SoloStar pens,6712.0,46040.0,242142.4181200001,201910,2019-10-01,originator,13812000.0
0601011A0BBAEAC,NovoRapid FlexTouch 100units/ml inj 3ml pre-filled pens,3440.0,24900.0,148634.95857999995,201910,2019-10-01,originator,7470000.0
0601011N0BCAHAZ,Hypurin Porcine Neutral 100units/ml inj 3ml cartridges,296.0,2785.0,26713.336890000002,201910,2019-10-01,human soluble,835500.0
0601011A0BCACAA,Fiasp 100units/ml solution for injection 10ml vials,1231.0,4695.0,61373.75042,201910,2019-10-01,ultra-rapid,4695000.0
0601011P0AAACAC,Insulin glulisine 100units/ml inj 3ml pf dispos dev,165.0,1115.0,5865.022609999999,201910,2019-10-01,generic analogue,334500.0
0601011R0BEAAAE,Humulin R KwikPen 500units/ml inj 3ml pre-filled pens,13.0,153.0,6040.932419999999,201910,2019-10-01,human soluble,229500.0
0601011A0BBADAC,NovoRapid FlexPen 100units/ml inj 3ml pre-filled pens,77250.0,536669.0,3053911.10886,201911,2019-11-01,originator,161000700.0
0601011A0AAADAD,Insulin aspart 100units/ml inj 1.6ml cartridges,21.0,360.0,1010.6401599999999,201911,2019-11-01,generic analogue,57600.0
0601011N0AAALAL,Insulin soluble human 100units/ml inj 10ml vials,2.0,7.0,102.02929,201911,2019-11-01,human soluble,7000.0
0601011L0BBAFAF,Humalog Pen 100units/ml inj 3ml pre-filled pens,7.0,37.0,202.89246,201911,2019-11-01,originator,11100.0
0601011A0BCABAB,Fiasp Penfill 100units/ml inj 3ml cartridges,2045.0,14168.0,74580.47675000002,201911,2019-11-01,ultra-rapid,4250400.0
0601011L0AAAGAG,Insulin lispro 200units/ml inj 3ml pf dispos dev,9.0,75.0,821.46334,201911,2019-11-01,generic analogue,45000.0
0601011L0BCABAC,Insulin lispro Sanofi 100units/ml inj 3ml cartridges,11.0,77.0,344.67591000000004,201911,2019-11-01,biosimilar,23100.0
0601011L0BBABAB,Humalog 100units/ml solution for injection 10ml vials,2854.0,11150.0,172150.8313300001,201911,2019-11-01,originator,11150000.0
0601011A0BCAAAC,Fiasp FlexTouch 100units/ml inj 3ml pre-filled pens,3773.0,23479.0,133602.56387,201911,2019-11-01,ultra-rapid,7043700.0
0601011P0BBABAB,Apidra 100units/ml solution for injection 3ml cartridges,646.0,4735.0,24915.066269999992,201911,2019-11-01,originator,1420500.0
0601011N0BHAAAL,Humulin S 100units/ml solution for injection 10ml vials,213.0,645.0,9401.390750000004,201911,2019-11-01,human soluble,645000.0
0601011N0BCAEAC,Hypurin Porcine Neutral 100units/ml inj 10ml vials,229.0,726.0,23232.695899999995,201911,2019-11-01,human soluble,726000.0
0601011A0AAAAAA,Insulin aspart 100units/ml solution for injection 10ml vials,275.0,1131.0,14802.611120000003,201911,2019-11-01,generic analogue,1131000.0
0601011L0BBAIAF,Humalog Junior KwikPen 100units/ml inj 3ml pre-filled pens,196.0,1042.0,5709.731390000003,201911,2019-11-01,originator,312600.0
0601011A0BBAAAA,NovoRapid 100units/ml solution for injection 10ml vials,13286.0,53113.0,695161.4714699999,201911,2019-11-01,originator,53113000.0
0601011L0AAABAB,Insulin lispro 100units/ml solution for injection 10ml vials,379.0,1498.0,23128.21378999999,201911,2019-11-01,generic analogue,1498000.0
0601011P0AAABAB,Insulin glulisine 100units/ml inj 3ml cartridges,26.0,218.0,1147.1055600000004,201911,2019-11-01,generic analogue,65400.0
0601011L0BCAAAB,Insulin lispro Sanofi 100units/ml inj 10ml vials,3.0,18.0,236.23856,201911,2019-11-01,biosimilar,18000.0
0601011N0AAAPAP,Insulin soluble human 100units/ml inj 3ml cartridges,2.0,15.0,53.22029,201911,2019-11-01,human soluble,4500.0
0601011N0BHADAP,Humulin S 100units/ml solution for injection 3ml cartridges,1923.0,16960.0,60175.33375,201911,2019-11-01,human soluble,5088000.0
0601011L0AAACAC,Insulin lispro 100units/ml inj 3ml cartridges,693.0,6239.0,32838.68332000001,201911,2019-11-01,generic analogue,1871700.0
0601011P0BBAAAA,Apidra 100units/ml solution for injection 10ml vials,423.0,1687.0,25089.540140000005,201911,2019-11-01,originator,1687000.0
0601011L0BCACAF,Insulin lispro Sanofi 100units/ml inj 3ml pre-filled pens,75.0,395.0,1840.3225000000007,201911,2019-11-01,biosimilar,118500.0
0601011P0AAAAAA,Insulin glulisine 100units/ml inj 10ml vials,30.0,117.0,1740.09879,201911,2019-11-01,generic analogue,117000.0
0601011N0BCAAAA,Hypurin Bovine Neutral 100units/ml inj 10ml vials,2.0,5.0,128.83149,201911,2019-11-01,human soluble,5000.0
0601011L0BBACAC,Humalog 100units/ml solution for injection 3ml cartridges,13536.0,115696.0,608989.6944400001,201911,2019-11-01,originator,34708800.0
0601011A0AAABAB,Insulin aspart 100units/ml inj 3ml cartridges,716.0,6763.0,35596.73405000003,201911,2019-11-01,generic analogue,2028900.0
0601011N0BKABAP,Insuman Rapid 100units/ml inj 3ml cartridges,160.0,1254.0,4081.0251499999995,201911,2019-11-01,human soluble,376200.0
0601011R0BDAAAC,Insuman Infusat 100units/ml inj 3.15ml cartridges,4.0,60.0,2788.0732099999996,201911,2019-11-01,human soluble,18900.0
0601011L0AAAFAF,Insulin lispro 100units/ml inj 3ml pf dispos dev,253.0,1910.0,10463.126719999998,201911,2019-11-01,generic analogue,573000.0
0601011A0BBABAB,NovoRapid Penfill 100units/ml inj 3ml cartridges,50492.0,416684.0,2193259.424850001,201911,2019-11-01,originator,125005200.0
0601011L0BBAGAF,Humalog KwikPen 100units/ml inj 3ml pre-filled pens,14428.0,102280.0,560325.1124499998,201911,2019-11-01,originator,30684000.0
0601011P0BBAEAC,Apidra 100units/ml inj 3ml pre-filled SoloStar pens,6314.0,42959.0,226088.07619000002,201911,2019-11-01,originator,12887700.0
0601011A0BBAEAC,NovoRapid FlexTouch 100units/ml inj 3ml pre-filled pens,3272.0,23554.0,140740.8239,201911,2019-11-01,originator,7066200.0
0601011A0BCACAA,Fiasp 100units/ml solution for injection 10ml vials,1163.0,4268.0,55860.528829999996,201911,2019-11-01,ultra-rapid,4268000.0
0601011P0AAACAC,Insulin glulisine 100units/ml inj 3ml pf dispos dev,140.0,948.0,4989.0712899999935,201911,2019-11-01,generic analogue,284400.0
0601011R0BEAAAE,Humulin R KwikPen 500units/ml inj 3ml pre-filled pens,10.0,71.0,3790.63872,201911,2019-11-01,human soluble,106500.0
0601011N0BCAHAZ,Hypurin Porcine Neutral 100units/ml inj 3ml cartridges,252.0,2151.0,20650.62064,201911,2019-11-01,human soluble,645300.0
0601011R0AAAEAE,Insulin human 500units/ml inj 3ml pf dispos dev,1.0,10.0,335.96925,201911,2019-11-01,human soluble,15000.0
0601011A0BBAFAD,NovoRapid PumpCart 100units/ml inj 1.6ml cartridges,4697.0,71052.0,199474.63157,201911,2019-11-01,originator,11368320.0
0601011A0AAACAC,Insulin aspart 100units/ml inj 3ml pf dispos dev,327.0,2252.0,12814.333240000009,201911,2019-11-01,generic analogue,675600.0
0601011L0BBAHAG,Humalog KwikPen 200units/ml inj 3ml pre-filled pens,1980.0,16523.0,180984.27133999998,201911,2019-11-01,originator,9913800.0
0601011N0BFAEAL,Actrapid 100units/ml solution for injection 10ml vials,517.0,1528.0,10627.813390000001,201911,2019-11-01,human soluble,1528000.0
0601011N0AAACAC,Insulin soluble porcine 100units/ml inj 10ml vials,3.0,14.0,447.99825000000004,201911,2019-11-01,human soluble,14000.0
0601011L0BBABAB,Humalog 100units/ml solution for injection 10ml vials,3050.0,11928.0,184196.6301100001,201912,2019-12-01,originator,11928000.0
0601011A0BCAAAC,Fiasp FlexTouch 100units/ml inj 3ml pre-filled pens,4146.0,25754.0,146574.40256000002,201912,2019-12-01,ultra-rapid,7726200.0
0601011P0BBABAB,Apidra 100units/ml solution for injection 3ml cartridges,677.0,5338.0,28092.780909999998,201912,2019-12-01,originator,1601400.0
0601011N0BCAEAC,Hypurin Porcine Neutral 100units/ml inj 10ml vials,254.0,788.0,25221.413760000014,201912,2019-12-01,human soluble,788000.0
0601011N0BHAAAL,Humulin S 100units/ml solution for injection 10ml vials,222.0,669.0,9755.83963,201912,2019-12-01,human soluble,669000.0
0601011A0BBADAC,NovoRapid FlexPen 100units/ml inj 3ml pre-filled pens,81745.0,570025.0,3244081.7760099987,201912,2019-12-01,originator,171007500.0
0601011A0AAADAD,Insulin aspart 100units/ml inj 1.6ml cartridges,26.0,450.0,1263.52964,201912,2019-12-01,generic analogue,72000.0
0601011L0BBAFAF,Humalog Pen 100units/ml inj 3ml pre-filled pens,8.0,33.0,242.46278999999998,201912,2019-12-01,originator,9900.0
0601011A0BCABAB,Fiasp Penfill 100units/ml inj 3ml cartridges,2237.0,15288.0,80491.80358999997,201912,2019-12-01,ultra-rapid,4586400.0
0601011L0AAAGAG,Insulin lispro 200units/ml inj 3ml pf dispos dev,12.0,95.0,1040.71927,201912,2019-12-01,generic analogue,57000.0
0601011L0BCABAC,Insulin lispro Sanofi 100units/ml inj 3ml cartridges,16.0,111.0,496.75401000000005,201912,2019-12-01,biosimilar,33300.0
0601011A0AAAAAA,Insulin aspart 100units/ml solution for injection 10ml vials,314.0,1421.0,18601.15445000001,201912,2019-12-01,generic analogue,1421000.0
0601011L0BBAIAF,Humalog Junior KwikPen 100units/ml inj 3ml pre-filled pens,202.0,1057.0,5792.9564100000025,201912,2019-12-01,originator,317100.0
0601011P0BBAAAA,Apidra 100units/ml solution for injection 10ml vials,471.0,1843.0,27414.666719999997,201912,2019-12-01,originator,1843000.0
0601011P0AAAAAA,Insulin glulisine 100units/ml inj 10ml vials,34.0,155.0,2305.61208,201912,2019-12-01,generic analogue,155000.0
0601011L0BCACAF,Insulin lispro Sanofi 100units/ml inj 3ml pre-filled pens,83.0,407.0,1897.177559999999,201912,2019-12-01,biosimilar,122100.0
0601011N0BCAAAA,Hypurin Bovine Neutral 100units/ml inj 10ml vials,4.0,12.0,309.24257,201912,2019-12-01,human soluble,12000.0
0601011A0BBAAAA,NovoRapid 100units/ml solution for injection 10ml vials,14303.0,57714.0,755499.7990799999,201912,2019-12-01,originator,57714000.0
0601011L0AAABAB,Insulin lispro 100units/ml solution for injection 10ml vials,390.0,1588.0,24522.198549999994,201912,2019-12-01,generic analogue,1588000.0
0601011P0AAABAB,Insulin glulisine 100units/ml inj 3ml cartridges,36.0,298.0,1568.3238800000006,201912,2019-12-01,generic analogue,89400.0
0601011L0BCAAAB,Insulin lispro Sanofi 100units/ml inj 10ml vials,3.0,12.0,157.53375999999997,201912,2019-12-01,biosimilar,12000.0
0601011N0AAAPAP,Insulin soluble human 100units/ml inj 3ml cartridges,1.0,5.0,17.74749,201912,2019-12-01,human soluble,1500.0
0601011L0AAAFAF,Insulin lispro 100units/ml inj 3ml pf dispos dev,270.0,1906.0,10438.761979999997,201912,2019-12-01,generic analogue,571800.0
0601011N0BHADAP,Humulin S 100units/ml solution for injection 3ml cartridges,1977.0,17571.0,62354.03061999997,201912,2019-12-01,human soluble,5271300.0
0601011L0AAACAC,Insulin lispro 100units/ml inj 3ml cartridges,769.0,6866.0,36146.143929999984,201912,2019-12-01,generic analogue,2059800.0
0601011L0BBACAC,Humalog 100units/ml solution for injection 3ml cartridges,14746.0,126726.0,667145.9392099996,201912,2019-12-01,originator,38017800.0
0601011A0AAABAB,Insulin aspart 100units/ml inj 3ml cartridges,682.0,6058.0,31892.40118000001,201912,2019-12-01,generic analogue,1817400.0
0601011N0BKABAP,Insuman Rapid 100units/ml inj 3ml cartridges,152.0,1170.0,3808.175960000002,201912,2019-12-01,human soluble,351000.0
0601011A0BBABAB,NovoRapid Penfill 100units/ml inj 3ml cartridges,53239.0,441176.0,2322585.2252400015,201912,2019-12-01,originator,132352800.0
0601011A0BBAFAD,NovoRapid PumpCart 100units/ml inj 1.6ml cartridges,4853.0,75285.0,211394.77980000002,201912,2019-12-01,originator,12045600.0
0601011L0BBAHAG,Humalog KwikPen 200units/ml inj 3ml pre-filled pens,2135.0,17450.0,191182.95235,201912,2019-12-01,originator,10470000.0
0601011N0BFAEAL,Actrapid 100units/ml solution for injection 10ml vials,519.0,1532.0,10657.56772,201912,2019-12-01,human soluble,1532000.0
0601011A0AAACAC,Insulin aspart 100units/ml inj 3ml pf dispos dev,323.0,2291.0,13038.01072,201912,2019-12-01,generic analogue,687300.0
0601011N0AAACAC,Insulin soluble porcine 100units/ml inj 10ml vials,2.0,8.0,256.04967,201912,2019-12-01,human soluble,8000.0
0601011L0BBAGAF,Humalog KwikPen 100units/ml inj 3ml pre-filled pens,15292.0,108022.0,591887.4444199996,201912,2019-12-01,originator,32406600.0
0601011N0BCAHAZ,Hypurin Porcine Neutral 100units/ml inj 3ml cartridges,251.0,2191.0,21037.770329999996,201912,2019-12-01,human soluble,657300.0
0601011P0BBAEAC,Apidra 100units/ml inj 3ml pre-filled SoloStar pens,6524.0,44876.0,236260.24212000004,201912,2019-12-01,originator,13462800.0
0601011A0BCACAA,Fiasp 100units/ml solution for injection 10ml vials,1323.0,5021.0,65727.71996,201912,2019-12-01,ultra-rapid,5021000.0
0601011A0BBAEAC,NovoRapid FlexTouch 100units/ml inj 3ml pre-filled pens,3423.0,24077.0,143873.28161999997,201912,2019-12-01,originator,7223100.0
0601011R0AAAEAE,Insulin human 500units/ml inj 3ml pf dispos dev,1.0,10.0,336.0311,201912,2019-12-01,human soluble,15000.0
0601011P0AAACAC,Insulin glulisine 100units/ml inj 3ml pf dispos dev,148.0,1022.0,5378.905590000002,201912,2019-12-01,generic analogue,306600.0
0601011R0BEAAAE,Humulin R KwikPen 500units/ml inj 3ml pre-filled pens,12.0,126.0,5817.50329,201912,2019-12-01,human soluble,189000.0
0601011N0BHAAAL,Humulin S 100units/ml solution for injection 10ml vials,227.0,661.0,9639.566340000003,202001,2020-01-01,human soluble,661000.0
0601011N0BCAEAC,Hypurin Porcine Neutral 100units/ml inj 10ml vials,248.0,761.0,24372.81665,202001,2020-01-01,human soluble,761000.0
0601011A0BCAAAC,Fiasp FlexTouch 100units/ml inj 3ml pre-filled pens,4235.0,26007.0,148060.68053000004,202001,2020-01-01,ultra-rapid,7802100.0
0601011L0BBABAB,Humalog 100units/ml solution for injection 10ml vials,2930.0,11277.0,174203.7325100001,202001,2020-01-01,originator,11277000.0
0601011P0BBABAB,Apidra 100units/ml solution for injection 3ml cartridges,685.0,5156.0,27143.83077,202001,2020-01-01,originator,1546800.0
0601011A0BCABAB,Fiasp Penfill 100units/ml inj 3ml cartridges,2393.0,16123.0,84913.84734999998,202001,2020-01-01,ultra-rapid,4836900.0
0601011L0BCABAC,Insulin lispro Sanofi 100units/ml inj 3ml cartridges,10.0,76.0,340.26448,202001,2020-01-01,biosimilar,22800.0
0601011L0AAAGAG,Insulin lispro 200units/ml inj 3ml pf dispos dev,11.0,100.0,1095.99857,202001,2020-01-01,generic analogue,60000.0
0601011A0BBADAC,NovoRapid FlexPen 100units/ml inj 3ml pre-filled pens,80565.0,556755.0,3169636.226439998,202001,2020-01-01,originator,167026500.0
0601011A0AAADAD,Insulin aspart 100units/ml inj 1.6ml cartridges,28.0,437.0,1227.5533199999998,202001,2020-01-01,generic analogue,69920.0
0601011L0BBAFAF,Humalog Pen 100units/ml inj 3ml pre-filled pens,8.0,47.0,312.51047,202001,2020-01-01,originator,14100.0
0601011A0BBAAAA,NovoRapid 100units/ml solution for injection 10ml vials,13818.0,55420.0,725864.1641,202001,2020-01-01,originator,55420000.0
0601011L0AAABAB,Insulin lispro 100units/ml solution for injection 10ml vials,359.0,1418.0,21904.150569999994,202001,2020-01-01,generic analogue,1418000.0
0601011P0AAABAB,Insulin glulisine 100units/ml inj 3ml cartridges,26.0,220.0,1158.09587,202001,2020-01-01,generic analogue,66000.0
0601011L0BCAAAB,Insulin lispro Sanofi 100units/ml inj 10ml vials,3.0,9.0,118.19733,202001,2020-01-01,biosimilar,9000.0
0601011N0AAAPAP,Insulin soluble human 100units/ml inj 3ml cartridges,1.0,5.0,17.75316,202001,2020-01-01,human soluble,1500.0
0601011N0BHADAP,Humulin S 100units/ml solution for injection 3ml cartridges,1976.0,16790.0,59603.808930000014,202001,2020-01-01,human soluble,5037000.0
0601011L0AAACAC,Insulin lispro 100units/ml inj 3ml cartridges,730.0,6531.0,34393.889259999996,202001,2020-01-01,generic analogue,1959300.0
0601011A0AAAAAA,Insulin aspart 100units/ml solution for injection 10ml vials,273.0,1187.0,15543.159340000006,202001,2020-01-01,generic analogue,1187000.0
0601011L0BBAIAF,Humalog Junior KwikPen 100units/ml inj 3ml pre-filled pens,239.0,1275.0,6989.740510000001,202001,2020-01-01,originator,382500.0
0601011P0BBAAAA,Apidra 100units/ml solution for injection 10ml vials,423.0,1653.0,24596.139739999984,202001,2020-01-01,originator,1653000.0
0601011L0BCACAF,Insulin lispro Sanofi 100units/ml inj 3ml pre-filled pens,78.0,414.0,1929.993840000001,202001,2020-01-01,biosimilar,124200.0
0601011P0AAAAAA,Insulin glulisine 100units/ml inj 10ml vials,24.0,97.0,1443.36119,202001,2020-01-01,generic analogue,97000.0
0601011N0BCAAAA,Hypurin Bovine Neutral 100units/ml inj 10ml vials,5.0,12.0,309.35367,202001,2020-01-01,human soluble,12000.0
0601011L0BBACAC,Humalog 100units/ml solution for injection 3ml cartridges,13834.0,117861.0,620689.63447,202001,2020-01-01,originator,35358300.0
0601011A0AAABAB,Insulin aspart 100units/ml inj 3ml cartridges,685.0,5960.0,31386.036919999995,202001,2020-01-01,generic analogue,1788000.0
0601011N0BKABAP,Insuman Rapid 100units/ml inj 3ml cartridges,168.0,1361.0,4431.391569999997,202001,2020-01-01,human soluble,408300.0
0601011R0BDAAAC,Insuman Infusat 100units/ml inj 3.15ml cartridges,1.0,5.0,232.46466,202001,2020-01-01,human soluble,1575.0
0601011L0AAAFAF,Insulin lispro 100units/ml inj 3ml pf dispos dev,289.0,2217.0,12150.479689999995,202001,2020-01-01,generic analogue,665100.0
0601011A0BBABAB,NovoRapid Penfill 100units/ml inj 3ml cartridges,51994.0,426233.0,2244660.2177600022,202001,2020-01-01,originator,127869900.0
0601011A0BBAFAD,NovoRapid PumpCart 100units/ml inj 1.6ml cartridges,4660.0,71512.0,200864.592,202001,2020-01-01,originator,11441920.0
0601011L0BBAHAG,Humalog KwikPen 200units/ml inj 3ml pre-filled pens,2123.0,17488.0,191654.64632999996,202001,2020-01-01,originator,10492800.0
0601011N0BFAEAL,Actrapid 100units/ml solution for injection 10ml vials,541.0,1606.0,11175.94562,202001,2020-01-01,human soluble,1606000.0
0601011A0AAACAC,Insulin aspart 100units/ml inj 3ml pf dispos dev,320.0,2288.0,13025.162510000006,202001,2020-01-01,generic analogue,686400.0
0601011N0AAACAC,Insulin soluble porcine 100units/ml inj 10ml vials,1.0,5.0,160.07902,202001,2020-01-01,human soluble,5000.0
0601011A0BBAEAC,NovoRapid FlexTouch 100units/ml inj 3ml pre-filled pens,3420.0,24560.0,146805.37481999997,202001,2020-01-01,originator,7368000.0
0601011L0BBAGAF,Humalog KwikPen 100units/ml inj 3ml pre-filled pens,15102.0,106379.0,583064.5744300002,202001,2020-01-01,originator,31913700.0
0601011P0BBAEAC,Apidra 100units/ml inj 3ml pre-filled SoloStar pens,6502.0,44229.0,232929.17977000008,202001,2020-01-01,originator,13268700.0
0601011A0BCACAA,Fiasp 100units/ml solution for injection 10ml vials,1394.0,5382.0,70475.41043999998,202001,2020-01-01,ultra-rapid,5382000.0
0601011N0BCAHAZ,Hypurin Porcine Neutral 100units/ml inj 3ml cartridges,273.0,2377.0,22831.17945,202001,2020-01-01,human soluble,713100.0
0601011P0AAACAC,Insulin glulisine 100units/ml inj 3ml pf dispos dev,141.0,997.0,5252.467209999998,202001,2020-01-01,generic analogue,299100.0
0601011R0BEAAAE,Humulin R KwikPen 500units/ml inj 3ml pre-filled pens,10.0,104.0,4382.051289999999,202001,2020-01-01,human soluble,156000.0
0601011A0BCABAB,Fiasp Penfill 100units/ml inj 3ml cartridges,2548.0,16951.0,89373.82903000005,202002,2020-02-01,ultra-rapid,5085300.0
0601011L0BCABAC,Insulin lispro Sanofi 100units/ml inj 3ml cartridges,17.0,115.0,515.2604400000001,202002,2020-02-01,biosimilar,34500.0
0601011L0AAAGAG,Insulin lispro 200units/ml inj 3ml pf dispos dev,11.0,77.0,844.8959600000001,202002,2020-02-01,generic analogue,46200.0
0601011N0BCAEAC,Hypurin Porcine Neutral 100units/ml inj 10ml vials,235.0,725.0,23237.245830000018,202002,2020-02-01,human soluble,725000.0
0601011N0BHAAAL,Humulin S 100units/ml solution for injection 10ml vials,207.0,614.0,8963.664980000005,202002,2020-02-01,human soluble,614000.0
0601011L0BBABAB,Humalog 100units/ml solution for injection 10ml vials,2819.0,11042.0,170748.37620999987,202002,2020-02-01,originator,11042000.0
0601011A0BCAAAC,Fiasp FlexTouch 100units/ml inj 3ml pre-filled pens,4320.0,26350.0,150175.84023000003,202002,2020-02-01,ultra-rapid,7905000.0
0601011P0BBABAB,Apidra 100units/ml solution for injection 3ml cartridges,638.0,4835.0,25481.52047,202002,2020-02-01,originator,1450500.0
0601011L0BBAFAF,Humalog Pen 100units/ml inj 3ml pre-filled pens,5.0,30.0,219.43327000000002,202002,2020-02-01,originator,9000.0
0601011N0AAALAL,Insulin soluble human 100units/ml inj 10ml vials,1.0,3.0,43.7973,202002,2020-02-01,human soluble,3000.0
0601011A0BBADAC,NovoRapid FlexPen 100units/ml inj 3ml pre-filled pens,74671.0,515382.0,2937180.3685699995,202002,2020-02-01,originator,154614600.0
0601011A0AAADAD,Insulin aspart 100units/ml inj 1.6ml cartridges,26.0,460.0,1293.3916299999996,202002,2020-02-01,generic analogue,73600.0
0601011A0AAAAAA,Insulin aspart 100units/ml solution for injection 10ml vials,260.0,1084.0,14209.74759,202002,2020-02-01,generic analogue,1084000.0
0601011L0BBAIAF,Humalog Junior KwikPen 100units/ml inj 3ml pre-filled pens,236.0,1301.0,7139.569960000009,202002,2020-02-01,originator,390300.0
0601011L0AAACAC,Insulin lispro 100units/ml inj 3ml cartridges,656.0,5874.0,30966.13937000002,202002,2020-02-01,generic analogue,1762200.0
0601011N0BHADAP,Humulin S 100units/ml solution for injection 3ml cartridges,1773.0,15428.0,54826.60695,202002,2020-02-01,human soluble,4628400.0
0601011A0BBAAAA,NovoRapid 100units/ml solution for injection 10ml vials,13369.0,53137.0,696642.3958099998,202002,2020-02-01,originator,53137000.0
0601011L0AAABAB,Insulin lispro 100units/ml solution for injection 10ml vials,349.0,1412.0,21834.610449999996,202002,2020-02-01,generic analogue,1412000.0
0601011N0AAAPAP,Insulin soluble human 100units/ml inj 3ml cartridges,1.0,5.0,17.77209,202002,2020-02-01,human soluble,1500.0
0601011P0AAABAB,Insulin glulisine 100units/ml inj 3ml cartridges,22.0,215.0,1132.9650300000003,202002,2020-02-01,generic analogue,64500.0
0601011L0BCAAAB,Insulin lispro Sanofi 100units/ml inj 10ml vials,6.0,34.0,446.93352000000004,202002,2020-02-01,biosimilar,34000.0
0601011L0BCACAF,Insulin lispro Sanofi 100units/ml inj 3ml pre-filled pens,95.0,538.0,2509.584359999999,202002,2020-02-01,biosimilar,161400.0
0601011P0BBAAAA,Apidra 100units/ml solution for injection 10ml vials,426.0,1695.0,25248.21907999999,202002,2020-02-01,originator,1695000.0
0601011P0AAAAAA,Insulin glulisine 100units/ml inj 10ml vials,30.0,112.0,1668.36806,202002,2020-02-01,generic analogue,112000.0
0601011N0BCAAAA,Hypurin Bovine Neutral 100units/ml inj 10ml vials,1.0,1.0,25.81421,202002,2020-02-01,human soluble,1000.0
0601011L0BBACAC,Humalog 100units/ml solution for injection 3ml cartridges,12890.0,110117.0,580516.41061,202002,2020-02-01,originator,33035100.0
0601011A0AAABAB,Insulin aspart 100units/ml inj 3ml cartridges,648.0,5669.0,29885.67224999999,202002,2020-02-01,generic analogue,1700700.0
0601011N0BKABAP,Insuman Rapid 100units/ml inj 3ml cartridges,124.0,916.0,2985.9494400000003,202002,2020-02-01,human soluble,274800.0
0601011L0AAAFAF,Insulin lispro 100units/ml inj 3ml pf dispos dev,249.0,1804.0,9897.56890000001,202002,2020-02-01,generic analogue,541200.0
0601011A0BBABAB,NovoRapid Penfill 100units/ml inj 3ml cartridges,48219.0,395343.0,2084214.8832599989,202002,2020-02-01,originator,118602900.0
0601011L0BBAGAF,Humalog KwikPen 100units/ml inj 3ml pre-filled pens,13969.0,98665.0,541379.4798799999,202002,2020-02-01,originator,29599500.0
0601011N0BCAHAZ,Hypurin Porcine Neutral 100units/ml inj 3ml cartridges,251.0,2014.0,19367.50076,202002,2020-02-01,human soluble,604200.0
0601011A0BBAEAC,NovoRapid FlexTouch 100units/ml inj 3ml pre-filled pens,3235.0,22855.0,136761.32299999997,202002,2020-02-01,originator,6856500.0
0601011P0BBAEAC,Apidra 100units/ml inj 3ml pre-filled SoloStar pens,5968.0,40549.0,213737.9004,202002,2020-02-01,originator,12164700.0
0601011A0BCACAA,Fiasp 100units/ml solution for injection 10ml vials,1412.0,5320.0,69738.82577999993,202002,2020-02-01,ultra-rapid,5320000.0
0601011R0BEAAAE,Humulin R KwikPen 500units/ml inj 3ml pre-filled pens,13.0,116.0,8128.02889,202002,2020-02-01,human soluble,174000.0
0601011P0AAACAC,Insulin glulisine 100units/ml inj 3ml pf dispos dev,139.0,1007.0,5307.525520000003,202002,2020-02-01,generic analogue,302100.0
0601011R0AAAEAE,Insulin human 500units/ml inj 3ml pf dispos dev,1.0,10.0,336.4971,202002,2020-02-01,human soluble,15000.0
0601011A0BBAFAD,NovoRapid PumpCart 100units/ml inj 1.6ml cartridges,4452.0,68686.0,193132.63272999998,202002,2020-02-01,originator,10989760.0
0601011L0BBAHAG,Humalog KwikPen 200units/ml inj 3ml pre-filled pens,1993.0,16660.0,182772.89211999992,202002,2020-02-01,originator,9996000.0
0601011A0AAACAC,Insulin aspart 100units/ml inj 3ml pf dispos dev,300.0,2127.0,12120.859579999995,202002,2020-02-01,generic analogue,638100.0
0601011N0BFAEAL,Actrapid 100units/ml solution for injection 10ml vials,451.0,1372.0,9557.711899999998,202002,2020-02-01,human soluble,1372000.0
0601011N0AAACAC,Insulin soluble porcine 100units/ml inj 10ml vials,3.0,14.0,448.70208,202002,2020-02-01,human soluble,14000.0
0601011A0BCABAB,Fiasp Penfill 100units/ml inj 3ml cartridges,3544.0,24484.0,128820.76072999997,202003,2020-03-01,ultra-rapid,7345200.0
0601011L0BCABAC,Insulin lispro Sanofi 100units/ml inj 3ml cartridges,43.0,318.0,1421.9643299999998,202003,2020-03-01,biosimilar,95400.0
0601011L0AAAGAG,Insulin lispro 200units/ml inj 3ml pf dispos dev,16.0,117.0,1281.0759500000001,202003,2020-03-01,generic analogue,70200.0
0601011L0BBABAB,Humalog 100units/ml solution for injection 10ml vials,3967.0,16435.0,253621.82008999994,202003,2020-03-01,originator,16435000.0
0601011A0BCAAAC,Fiasp FlexTouch 100units/ml inj 3ml pre-filled pens,5972.0,37049.0,210801.6766000001,202003,2020-03-01,ultra-rapid,11114700.0
0601011P0BBABAB,Apidra 100units/ml solution for injection 3ml cartridges,879.0,6884.0,36205.134739999994,202003,2020-03-01,originator,2065200.0
0601011N0BHAAAL,Humulin S 100units/ml solution for injection 10ml vials,282.0,875.0,12747.7134,202003,2020-03-01,human soluble,875000.0
0601011N0BCAEAC,Hypurin Porcine Neutral 100units/ml inj 10ml vials,313.0,1067.0,34134.24812999999,202003,2020-03-01,human soluble,1067000.0
0601011A0BBADAC,NovoRapid FlexPen 100units/ml inj 3ml pre-filled pens,99629.0,699943.0,3980735.00601,202003,2020-03-01,originator,209982900.0
0601011A0AAADAD,Insulin aspart 100units/ml inj 1.6ml cartridges,25.0,450.0,1262.6820400000001,202003,2020-03-01,generic analogue,72000.0
0601011L0BBAFAF,Humalog Pen 100units/ml inj 3ml pre-filled pens,5.0,26.0,142.45986,202003,2020-03-01,originator,7800.0
0601011N0AAALAL,Insulin soluble human 100units/ml inj 10ml vials,1.0,4.0,58.27287,202003,2020-03-01,human soluble,4000.0
0601011L0BBAIAF,Humalog Junior KwikPen 100units/ml inj 3ml pre-filled pens,332.0,1838.0,10065.741990000006,202003,2020-03-01,originator,551400.0
0601011A0AAAAAA,Insulin aspart 100units/ml solution for injection 10ml vials,388.0,1782.0,23311.313400000014,202003,2020-03-01,generic analogue,1782000.0
0601011A0BBAAAA,NovoRapid 100units/ml solution for injection 10ml vials,19141.0,80081.0,1047671.6231599997,202003,2020-03-01,originator,80081000.0
0601011L0AAABAB,Insulin lispro 100units/ml solution for injection 10ml vials,480.0,2008.0,30987.218260000012,202003,2020-03-01,generic analogue,2008000.0
0601011P0AAABAB,Insulin glulisine 100units/ml inj 3ml cartridges,31.0,300.0,1577.6280100000001,202003,2020-03-01,generic analogue,90000.0
0601011L0BCAAAB,Insulin lispro Sanofi 100units/ml inj 10ml vials,6.0,28.0,367.32342,202003,2020-03-01,biosimilar,28000.0
0601011N0AAAPAP,Insulin soluble human 100units/ml inj 3ml cartridges,1.0,5.0,17.73577,202003,2020-03-01,human soluble,1500.0
0601011N0BHADAP,Humulin S 100units/ml solution for injection 3ml cartridges,2247.0,19994.0,70907.03666000004,202003,2020-03-01,human soluble,5998200.0
0601011L0AAACAC,Insulin lispro 100units/ml inj 3ml cartridges,932.0,8564.0,45054.6643,202003,2020-03-01,generic analogue,2569200.0
0601011P0BBAAAA,Apidra 100units/ml solution for injection 10ml vials,564.0,2389.0,35512.38763000002,202003,2020-03-01,originator,2389000.0
0601011L0BCACAF,Insulin lispro Sanofi 100units/ml inj 3ml pre-filled pens,147.0,830.0,3863.4427999999994,202003,2020-03-01,biosimilar,249000.0
0601011P0AAAAAA,Insulin glulisine 100units/ml inj 10ml vials,40.0,155.0,2304.15003,202003,2020-03-01,generic analogue,155000.0
0601011N0BCAAAA,Hypurin Bovine Neutral 100units/ml inj 10ml vials,3.0,4.0,103.03338,202003,2020-03-01,human soluble,4000.0
0601011L0BBACAC,Humalog 100units/ml solution for injection 3ml cartridges,18460.0,162298.0,853849.3032299997,202003,2020-03-01,originator,48689400.0
0601011A0AAABAB,Insulin aspart 100units/ml inj 3ml cartridges,891.0,8187.0,43071.58881999996,202003,2020-03-01,generic analogue,2456100.0
0601011N0BKABAP,Insuman Rapid 100units/ml inj 3ml cartridges,165.0,1302.0,4235.258489999997,202003,2020-03-01,human soluble,390600.0
0601011R0BDAAAC,Insuman Infusat 100units/ml inj 3.15ml cartridges,1.0,15.0,696.68571,202003,2020-03-01,human soluble,4725.0
0601011L0AAAFAF,Insulin lispro 100units/ml inj 3ml pf dispos dev,324.0,2371.0,12981.898920000003,202003,2020-03-01,generic analogue,711300.0
0601011A0BBABAB,NovoRapid Penfill 100units/ml inj 3ml cartridges,70271.0,589502.0,3101400.6012699977,202003,2020-03-01,originator,176850600.0
0601011A0BBAFAD,NovoRapid PumpCart 100units/ml inj 1.6ml cartridges,5952.0,96033.0,269471.17604999995,202003,2020-03-01,originator,15365280.0
0601011L0BBAHAG,Humalog KwikPen 200units/ml inj 3ml pre-filled pens,2429.0,20261.0,221824.69338999997,202003,2020-03-01,originator,12156600.0
0601011N0BFAEAL,Actrapid 100units/ml solution for injection 10ml vials,614.0,1944.0,13514.14613,202003,2020-03-01,human soluble,1944000.0
0601011A0AAACAC,Insulin aspart 100units/ml inj 3ml pf dispos dev,373.0,2606.0,14821.142429999993,202003,2020-03-01,generic analogue,781800.0
0601011N0AAACAC,Insulin soluble porcine 100units/ml inj 10ml vials,1.0,5.0,159.92215,202003,2020-03-01,human soluble,5000.0
0601011R0AAACAC,Insulin human 100units/ml inj 3.15ml cartridges,1.0,5.0,232.23684,202003,2020-03-01,human soluble,1575.0
0601011L0BBAGAF,Humalog KwikPen 100units/ml inj 3ml pre-filled pens,18463.0,131852.0,721952.6546799996,202003,2020-03-01,originator,39555600.0
0601011P0BBAEAC,Apidra 100units/ml inj 3ml pre-filled SoloStar pens,7802.0,53281.0,280283.9887200001,202003,2020-03-01,originator,15984300.0
0601011A0BBAEAC,NovoRapid FlexTouch 100units/ml inj 3ml pre-filled pens,4216.0,29795.0,177921.83195,202003,2020-03-01,originator,8938500.0
0601011A0BCACAA,Fiasp 100units/ml solution for injection 10ml vials,1984.0,7697.0,100690.63319000002,202003,2020-03-01,ultra-rapid,7697000.0
0601011N0BCAHAZ,Hypurin Porcine Neutral 100units/ml inj 3ml cartridges,360.0,3230.0,30994.52873000002,202003,2020-03-01,human soluble,969000.0
0601011P0AAACAC,Insulin glulisine 100units/ml inj 3ml pf dispos dev,167.0,1138.0,5985.950970000002,202003,2020-03-01,generic analogue,341400.0
0601011R0BEAAAE,Humulin R KwikPen 500units/ml inj 3ml pre-filled pens,9.0,63.0,2434.71877,202003,2020-03-01,human soluble,94500.0
0601011L0BBABAB,Humalog 100units/ml solution for injection 10ml vials,2811.0,11033.0,170385.69229000012,202004,2020-04-01,originator,11033000.0
0601011A0BCAAAC,Fiasp FlexTouch 100units/ml inj 3ml pre-filled pens,4925.0,30757.0,175071.24481999993,202004,2020-04-01,ultra-rapid,9227100.0
0601011P0BBABAB,Apidra 100units/ml solution for injection 3ml cartridges,664.0,5049.0,26573.91902000003,202004,2020-04-01,originator,1514700.0
0601011N0BHAAAL,Humulin S 100units/ml solution for injection 10ml vials,232.0,679.0,9899.623349999998,202004,2020-04-01,human soluble,679000.0
0601011N0BCAEAC,Hypurin Porcine Neutral 100units/ml inj 10ml vials,256.0,757.0,24236.34573,202004,2020-04-01,human soluble,757000.0
0601011N0AAAAAA,Insulin soluble bovine 100units/ml inj 10ml vials,1.0,4.0,103.0844,202004,2020-04-01,human soluble,4000.0
0601011A0BBADAC,NovoRapid FlexPen 100units/ml inj 3ml pre-filled pens,81497.0,564559.0,3213209.354050002,202004,2020-04-01,originator,169367700.0
0601011A0AAADAD,Insulin aspart 100units/ml inj 1.6ml cartridges,30.0,500.0,1404.0400600000003,202004,2020-04-01,generic analogue,80000.0
0601011L0BBAFAF,Humalog Pen 100units/ml inj 3ml pre-filled pens,3.0,11.0,60.392669999999995,202004,2020-04-01,originator,3300.0
0601011A0BCABAB,Fiasp Penfill 100units/ml inj 3ml cartridges,2816.0,19441.0,102364.31401,202004,2020-04-01,ultra-rapid,5832300.0
0601011L0AAAGAG,Insulin lispro 200units/ml inj 3ml pf dispos dev,15.0,162.0,1774.9447400000004,202004,2020-04-01,generic analogue,97200.0
0601011L0BCABAC,Insulin lispro Sanofi 100units/ml inj 3ml cartridges,41.0,355.0,1588.3885100000002,202004,2020-04-01,biosimilar,106500.0
0601011L0BBAIAF,Humalog Junior KwikPen 100units/ml inj 3ml pre-filled pens,239.0,1265.0,6934.038949999992,202004,2020-04-01,originator,379500.0
0601011A0AAAAAA,Insulin aspart 100units/ml solution for injection 10ml vials,235.0,1003.0,13130.650309999999,202004,2020-04-01,generic analogue,1003000.0
0601011N0BHADAP,Humulin S 100units/ml solution for injection 3ml cartridges,2018.0,17268.0,61284.80668,202004,2020-04-01,human soluble,5180400.0
0601011L0AAACAC,Insulin lispro 100units/ml inj 3ml cartridges,697.0,6460.0,34010.94920000002,202004,2020-04-01,generic analogue,1938000.0
0601011A0BBAAAA,NovoRapid 100units/ml solution for injection 10ml vials,13009.0,52590.0,688478.5640000005,202004,2020-04-01,originator,52590000.0
0601011L0AAABAB,Insulin lispro 100units/ml solution for injection 10ml vials,346.0,1429.0,22068.43857,202004,2020-04-01,generic analogue,1429000.0
0601011P0AAABAB,Insulin glulisine 100units/ml inj 3ml cartridges,23.0,195.0,1026.25194,202004,2020-04-01,generic analogue,58500.0
0601011N0AAAPAP,Insulin soluble human 100units/ml inj 3ml cartridges,1.0,5.0,17.74882,202004,2020-04-01,human soluble,1500.0
0601011L0BCAAAB,Insulin lispro Sanofi 100units/ml inj 10ml vials,6.0,22.0,288.8396,202004,2020-04-01,biosimilar,22000.0
0601011P0BBACAC,Apidra 100units/ml inj 3ml pre-filled OptiSet pens,1.0,5.0,26.31956,202004,2020-04-01,originator,1500.0
0601011P0BBAAAA,Apidra 100units/ml solution for injection 10ml vials,405.0,1731.0,25750.27807000001,202004,2020-04-01,originator,1731000.0
0601011P0AAAAAA,Insulin glulisine 100units/ml inj 10ml vials,27.0,108.0,1606.6516900000001,202004,2020-04-01,generic analogue,108000.0
0601011L0BCACAF,Insulin lispro Sanofi 100units/ml inj 3ml pre-filled pens,148.0,841.0,3918.4798900000005,202004,2020-04-01,biosimilar,252300.0
0601011L0BBACAC,Humalog 100units/ml solution for injection 3ml cartridges,13778.0,119035.0,626717.05529,202004,2020-04-01,originator,35710500.0
0601011A0AAABAB,Insulin aspart 100units/ml inj 3ml cartridges,678.0,5990.0,31536.45366999999,202004,2020-04-01,generic analogue,1797000.0
0601011N0BKABAP,Insuman Rapid 100units/ml inj 3ml cartridges,155.0,1084.0,3529.10478,202004,2020-04-01,human soluble,325200.0
0601011R0BDAAAC,Insuman Infusat 100units/ml inj 3.15ml cartridges,1.0,5.0,232.40778,202004,2020-04-01,human soluble,1575.0
0601011A0BBABAB,NovoRapid Penfill 100units/ml inj 3ml cartridges,50810.0,423330.0,2228802.3606700012,202004,2020-04-01,originator,126999000.0
0601011A0BCACAA,Fiasp 100units/ml solution for injection 10ml vials,1463.0,5698.0,74595.11999,202004,2020-04-01,ultra-rapid,5698000.0
0601011L0BBAGAF,Humalog KwikPen 100units/ml inj 3ml pre-filled pens,15278.0,107405.0,588548.9485199996,202004,2020-04-01,originator,32221500.0
0601011P0BBAEAC,Apidra 100units/ml inj 3ml pre-filled SoloStar pens,6518.0,44322.0,233318.84577000007,202004,2020-04-01,originator,13296600.0
0601011A0BBAEAC,NovoRapid FlexTouch 100units/ml inj 3ml pre-filled pens,3643.0,25664.0,153370.28321000002,202004,2020-04-01,originator,7699200.0
0601011P0AAACAC,Insulin glulisine 100units/ml inj 3ml pf dispos dev,150.0,1033.0,5437.61867,202004,2020-04-01,generic analogue,309900.0
0601011R0BEAAAE,Humulin R KwikPen 500units/ml inj 3ml pre-filled pens,11.0,90.0,5821.72837,202004,2020-04-01,human soluble,135000.0
0601011N0BCAHAZ,Hypurin Porcine Neutral 100units/ml inj 3ml cartridges,295.0,2574.0,24717.80979000001,202004,2020-04-01,human soluble,772200.0
0601011L0AAAFAF,Insulin lispro 100units/ml inj 3ml pf dispos dev,261.0,1847.0,10120.707830000001,202004,2020-04-01,generic analogue,554100.0
0601011A0BBAFAD,NovoRapid PumpCart 100units/ml inj 1.6ml cartridges,4335.0,67271.0,188906.51527,202004,2020-04-01,originator,10763360.0
0601011A0AAACAC,Insulin aspart 100units/ml inj 3ml pf dispos dev,337.0,2341.0,13323.45637,202004,2020-04-01,generic analogue,702300.0
0601011L0BBAHAG,Humalog KwikPen 200units/ml inj 3ml pre-filled pens,2215.0,18292.0,200414.80594000005,202004,2020-04-01,originator,10975200.0
0601011N0BFAEAL,Actrapid 100units/ml solution for injection 10ml vials,506.0,1556.0,10831.603720000005,202004,2020-04-01,human soluble,1556000.0
0601011N0AAACAC,Insulin soluble porcine 100units/ml inj 10ml vials,1.0,3.0,96.02888,202004,2020-04-01,human soluble,3000.0
0601011A0BCABAB,Fiasp Penfill 100units/ml inj 3ml cartridges,2565.0,17442.0,91826.35752999996,202005,2020-05-01,ultra-rapid,5232600.0
0601011L0BCABAC,Insulin lispro Sanofi 100units/ml inj 3ml cartridges,40.0,288.0,1288.5708100000002,202005,2020-05-01,biosimilar,86400.0
0601011L0AAAGAG,Insulin lispro 200units/ml inj 3ml pf dispos dev,15.0,170.0,1862.4112900000005,202005,2020-05-01,generic analogue,102000.0
0601011P0BBABAB,Apidra 100units/ml solution for injection 3ml cartridges,648.0,5065.0,26653.933370000013,202005,2020-05-01,originator,1519500.0
0601011L0BBABAB,Humalog 100units/ml solution for injection 10ml vials,2636.0,10287.0,158842.70901999995,202005,2020-05-01,originator,10287000.0
0601011A0BCAAAC,Fiasp FlexTouch 100units/ml inj 3ml pre-filled pens,4517.0,27928.0,158936.83136,202005,2020-05-01,ultra-rapid,8378400.0
0601011N0BHAAAL,Humulin S 100units/ml solution for injection 10ml vials,200.0,616.0,8979.695049999998,202005,2020-05-01,human soluble,616000.0
0601011N0BCAEAC,Hypurin Porcine Neutral 100units/ml inj 10ml vials,196.0,610.0,19522.88950999999,202005,2020-05-01,human soluble,610000.0
0601011A0BBADAC,NovoRapid FlexPen 100units/ml inj 3ml pre-filled pens,74939.0,517620.0,2945651.8833,202005,2020-05-01,originator,155286000.0
0601011A0AAADAD,Insulin aspart 100units/ml inj 1.6ml cartridges,13.0,205.0,575.58322,202005,2020-05-01,generic analogue,32800.0
0601011L0BBAFAF,Humalog Pen 100units/ml inj 3ml pre-filled pens,3.0,7.0,38.58627,202005,2020-05-01,originator,2100.0
0601011N0AAALAL,Insulin soluble human 100units/ml inj 10ml vials,1.0,3.0,43.73369,202005,2020-05-01,human soluble,3000.0
0601011A0AAAAAA,Insulin aspart 100units/ml solution for injection 10ml vials,199.0,838.0,10968.98877,202005,2020-05-01,generic analogue,838000.0
0601011L0BBAIAF,Humalog Junior KwikPen 100units/ml inj 3ml pre-filled pens,236.0,1298.0,7113.528250000006,202005,2020-05-01,originator,389400.0
0601011A0BBAAAA,NovoRapid 100units/ml solution for injection 10ml vials,11985.0,47667.0,623946.15192,202005,2020-05-01,originator,47667000.0
0601011L0AAABAB,Insulin lispro 100units/ml solution for injection 10ml vials,298.0,1239.0,19131.48921000001,202005,2020-05-01,generic analogue,1239000.0
0601011P0AAABAB,Insulin glulisine 100units/ml inj 3ml cartridges,17.0,125.0,657.78367,202005,2020-05-01,generic analogue,37500.0
0601011L0BCAAAB,Insulin lispro Sanofi 100units/ml inj 10ml vials,9.0,38.0,498.81683999999996,202005,2020-05-01,biosimilar,38000.0
0601011N0AAAPAP,Insulin soluble human 100units/ml inj 3ml cartridges,1.0,5.0,17.74629,202005,2020-05-01,human soluble,1500.0
0601011N0BHADAP,Humulin S 100units/ml solution for injection 3ml cartridges,1728.0,15100.0,53581.79939999999,202005,2020-05-01,human soluble,4530000.0
0601011L0AAACAC,Insulin lispro 100units/ml inj 3ml cartridges,616.0,5583.0,29389.461729999988,202005,2020-05-01,generic analogue,1674900.0
0601011P0BBAAAA,Apidra 100units/ml solution for injection 10ml vials,372.0,1489.0,22147.363299999994,202005,2020-05-01,originator,1489000.0
0601011L0BCACAF,Insulin lispro Sanofi 100units/ml inj 3ml pre-filled pens,131.0,791.0,3684.642829999999,202005,2020-05-01,biosimilar,237300.0
0601011P0AAAAAA,Insulin glulisine 100units/ml inj 10ml vials,21.0,86.0,1279.1824499999998,202005,2020-05-01,generic analogue,86000.0
0601011L0BBACAC,Humalog 100units/ml solution for injection 3ml cartridges,12375.0,105630.0,556060.6033700003,202005,2020-05-01,originator,31689000.0
0601011A0AAABAB,Insulin aspart 100units/ml inj 3ml cartridges,575.0,4697.0,24726.55609,202005,2020-05-01,generic analogue,1409100.0
0601011N0BKABAP,Insuman Rapid 100units/ml inj 3ml cartridges,131.0,1038.0,3378.45115,202005,2020-05-01,human soluble,311400.0
0601011R0BDAAAC,Insuman Infusat 100units/ml inj 3.15ml cartridges,3.0,25.0,1161.83626,202005,2020-05-01,human soluble,7875.0
0601011L0AAAFAF,Insulin lispro 100units/ml inj 3ml pf dispos dev,243.0,1728.0,9466.673870000002,202005,2020-05-01,generic analogue,518400.0
0601011A0BBABAB,NovoRapid Penfill 100units/ml inj 3ml cartridges,45659.0,372448.0,1960646.5269000013,202005,2020-05-01,originator,111734400.0
0601011P0BBAEAC,Apidra 100units/ml inj 3ml pre-filled SoloStar pens,5928.0,40440.0,212859.97812000004,202005,2020-05-01,originator,12132000.0
0601011P0AAACAC,Insulin glulisine 100units/ml inj 3ml pf dispos dev,134.0,973.0,5124.28055,202005,2020-05-01,generic analogue,291900.0
0601011A0BBAEAC,NovoRapid FlexTouch 100units/ml inj 3ml pre-filled pens,3295.0,23190.0,138565.49718999985,202005,2020-05-01,originator,6957000.0
0601011L0BBAGAF,Humalog KwikPen 100units/ml inj 3ml pre-filled pens,13984.0,99060.0,542731.9433900001,202005,2020-05-01,originator,29718000.0
0601011N0BCAHAZ,Hypurin Porcine Neutral 100units/ml inj 3ml cartridges,214.0,1751.0,16811.89328999999,202005,2020-05-01,human soluble,525300.0
0601011R0BEAAAE,Humulin R KwikPen 500units/ml inj 3ml pre-filled pens,6.0,69.0,2430.80483,202005,2020-05-01,human soluble,103500.0
0601011A0BCACAA,Fiasp 100units/ml solution for injection 10ml vials,1393.0,5355.0,70095.0509,202005,2020-05-01,ultra-rapid,5355000.0
0601011R0AAAEAE,Insulin human 500units/ml inj 3ml pf dispos dev,1.0,10.0,336.00828,202005,2020-05-01,human soluble,15000.0
0601011A0BBAFAD,NovoRapid PumpCart 100units/ml inj 1.6ml cartridges,3945.0,61007.0,171291.2367700001,202005,2020-05-01,originator,9761120.0
0601011L0BBAHAG,Humalog KwikPen 200units/ml inj 3ml pre-filled pens,2160.0,17831.0,195340.49669000006,202005,2020-05-01,originator,10698600.0
0601011A0AAACAC,Insulin aspart 100units/ml inj 3ml pf dispos dev,295.0,2050.0,11665.38953,202005,2020-05-01,generic analogue,615000.0
0601011N0BFAEAL,Actrapid 100units/ml solution for injection 10ml vials,442.0,1318.0,9168.226240000002,202005,2020-05-01,human soluble,1318000.0
0601011N0AAACAC,Insulin soluble porcine 100units/ml inj 10ml vials,1.0,6.0,192.01801,202005,2020-05-01,human soluble,6000.0
0601011A0BBABAB,NovoRapid Penfill 100units/ml inj 3ml cartridges,47655.0,389062.0,2047032.9499300006,202006,2020-06-01,originator,116718600.0
0601011L0BBAIAF,Humalog Junior KwikPen 100units/ml inj 3ml pre-filled pens,272.0,1472.0,8062.970379999995,202006,2020-06-01,originator,441600.0
0601011A0AAAAAA,Insulin aspart 100units/ml solution for injection 10ml vials,260.0,1069.0,13985.428030000003,202006,2020-06-01,generic analogue,1069000.0
0601011L0AAAFAF,Insulin lispro 100units/ml inj 3ml pf dispos dev,235.0,1686.0,9232.546049999994,202006,2020-06-01,generic analogue,505800.0
0601011L0AAAGAG,Insulin lispro 200units/ml inj 3ml pf dispos dev,15.0,101.0,1105.9056200000002,202006,2020-06-01,generic analogue,60600.0
0601011P0BBAAAA,Apidra 100units/ml solution for injection 10ml vials,410.0,1647.0,24484.62086000001,202006,2020-06-01,originator,1647000.0
0601011L0BCACAF,Insulin lispro Sanofi 100units/ml inj 3ml pre-filled pens,161.0,918.0,4273.9462200000025,202006,2020-06-01,biosimilar,275400.0
0601011P0AAAAAA,Insulin glulisine 100units/ml inj 10ml vials,32.0,110.0,1635.3700199999998,202006,2020-06-01,generic analogue,110000.0
0601011P0BBABAB,Apidra 100units/ml solution for injection 3ml cartridges,643.0,4883.0,25717.053059999987,202006,2020-06-01,originator,1464900.0
0601011L0BBABAB,Humalog 100units/ml solution for injection 10ml vials,2724.0,10661.0,164531.26575999998,202006,2020-06-01,originator,10661000.0
0601011A0BCAAAC,Fiasp FlexTouch 100units/ml inj 3ml pre-filled pens,4757.0,29446.0,167487.99401000002,202006,2020-06-01,ultra-rapid,8833800.0
0601011A0BCABAB,Fiasp Penfill 100units/ml inj 3ml cartridges,2717.0,18175.0,95633.82161000001,202006,2020-06-01,ultra-rapid,5452500.0
0601011L0BCABAC,Insulin lispro Sanofi 100units/ml inj 3ml cartridges,45.0,429.0,1918.2988099999998,202006,2020-06-01,biosimilar,128700.0
0601011L0BBACAC,Humalog 100units/ml solution for injection 3ml cartridges,12812.0,109638.0,576858.0452299995,202006,2020-06-01,originator,32891400.0
0601011N0BKABAP,Insuman Rapid 100units/ml inj 3ml cartridges,144.0,1092.0,3552.6918799999994,202006,2020-06-01,human soluble,327600.0
0601011A0AAABAB,Insulin aspart 100units/ml inj 3ml cartridges,621.0,5664.0,29799.634790000007,202006,2020-06-01,generic analogue,1699200.0
0601011R0BDAAAC,Insuman Infusat 100units/ml inj 3.15ml cartridges,2.0,20.0,928.98684,202006,2020-06-01,human soluble,6300.0
0601011A0BBADAC,NovoRapid FlexPen 100units/ml inj 3ml pre-filled pens,77902.0,536388.0,3050852.5666200016,202006,2020-06-01,originator,160916400.0
0601011A0AAADAD,Insulin aspart 100units/ml inj 1.6ml cartridges,21.0,325.0,912.0366200000001,202006,2020-06-01,generic analogue,52000.0
0601011L0BBAFAF,Humalog Pen 100units/ml inj 3ml pre-filled pens,4.0,20.0,109.51848,202006,2020-06-01,originator,6000.0
0601011N0AAALAL,Insulin soluble human 100units/ml inj 10ml vials,1.0,4.0,58.2769,202006,2020-06-01,human soluble,4000.0
0601011A0BBAFAD,NovoRapid PumpCart 100units/ml inj 1.6ml cartridges,4224.0,65450.0,183670.38612999997,202006,2020-06-01,originator,10472000.0
0601011L0BBAHAG,Humalog KwikPen 200units/ml inj 3ml pre-filled pens,2189.0,18347.0,200881.85386999996,202006,2020-06-01,originator,11008200.0
0601011A0AAACAC,Insulin aspart 100units/ml inj 3ml pf dispos dev,285.0,2004.0,11398.145970000009,202006,2020-06-01,generic analogue,601200.0
0601011N0BFAEAL,Actrapid 100units/ml solution for injection 10ml vials,436.0,1369.0,9517.642859999996,202006,2020-06-01,human soluble,1369000.0
0601011N0AAACAC,Insulin soluble porcine 100units/ml inj 10ml vials,1.0,5.0,175.91136,202006,2020-06-01,human soluble,5000.0
0601011N0BHAAAL,Humulin S 100units/ml solution for injection 10ml vials,186.0,544.0,7926.1416500000005,202006,2020-06-01,human soluble,544000.0
0601011N0BCAEAC,Hypurin Porcine Neutral 100units/ml inj 10ml vials,213.0,664.0,23365.07498999998,202006,2020-06-01,human soluble,664000.0
0601011L0BBAGAF,Humalog KwikPen 100units/ml inj 3ml pre-filled pens,14385.0,101085.0,553550.73274,202006,2020-06-01,originator,30325500.0
0601011P0BBAEAC,Apidra 100units/ml inj 3ml pre-filled SoloStar pens,6174.0,42100.0,221479.67713,202006,2020-06-01,originator,12630000.0
0601011A0BBAEAC,NovoRapid FlexTouch 100units/ml inj 3ml pre-filled pens,3423.0,24471.0,146142.28298,202006,2020-06-01,originator,7341300.0
0601011A0BCACAA,Fiasp 100units/ml solution for injection 10ml vials,1506.0,5819.0,76128.80552000001,202006,2020-06-01,ultra-rapid,5819000.0
0601011P0AAACAC,Insulin glulisine 100units/ml inj 3ml pf dispos dev,122.0,815.0,4287.209589999997,202006,2020-06-01,generic analogue,244500.0
0601011N0BCAHAZ,Hypurin Porcine Neutral 100units/ml inj 3ml cartridges,233.0,2059.0,21736.26627999998,202006,2020-06-01,human soluble,617700.0
0601011R0BEAAAE,Humulin R KwikPen 500units/ml inj 3ml pre-filled pens,11.0,114.0,3906.6540400000004,202006,2020-06-01,human soluble,171000.0
0601011L0AAACAC,Insulin lispro 100units/ml inj 3ml cartridges,596.0,5313.0,27953.341989999986,202006,2020-06-01,generic analogue,1593900.0
0601011N0BHADAP,Humulin S 100units/ml solution for injection 3ml cartridges,1791.0,15275.0,54177.19879000003,202006,2020-06-01,human soluble,4582500.0
0601011A0BBAAAA,NovoRapid 100units/ml solution for injection 10ml vials,12929.0,51790.0,677555.81978,202006,2020-06-01,originator,51790000.0
0601011L0AAABAB,Insulin lispro 100units/ml solution for injection 10ml vials,303.0,1188.0,18334.544449999994,202006,2020-06-01,generic analogue,1188000.0
0601011P0AAABAB,Insulin glulisine 100units/ml inj 3ml cartridges,28.0,235.0,1235.9472600000001,202006,2020-06-01,generic analogue,70500.0
0601011L0BCAAAB,Insulin lispro Sanofi 100units/ml inj 10ml vials,9.0,28.0,367.38602999999995,202006,2020-06-01,biosimilar,28000.0
0601011N0AAAPAP,Insulin soluble human 100units/ml inj 3ml cartridges,1.0,5.0,17.737,202006,2020-06-01,human soluble,1500.0
0601011N0BHAAAL,Humulin S 100units/ml solution for injection 10ml vials,217.0,632.0,9207.665749999996,202007,2020-07-01,human soluble,632000.0
0601011N0BCAEAC,Hypurin Porcine Neutral 100units/ml inj 10ml vials,225.0,710.0,24983.729499999994,202007,2020-07-01,human soluble,710000.0
0601011A0BCAAAC,Fiasp FlexTouch 100units/ml inj 3ml pre-filled pens,5139.0,32356.0,184027.08959,202007,2020-07-01,ultra-rapid,9706800.0
0601011L0BBABAB,Humalog 100units/ml solution for injection 10ml vials,2885.0,11044.0,170430.91152000005,202007,2020-07-01,originator,11044000.0
0601011P0BBABAB,Apidra 100units/ml solution for injection 3ml cartridges,678.0,5071.0,26670.093410000012,202007,2020-07-01,originator,1521300.0
0601011L0BCABAC,Insulin lispro Sanofi 100units/ml inj 3ml cartridges,47.0,375.0,1676.6515200000003,202007,2020-07-01,biosimilar,112500.0
0601011A0BCABAB,Fiasp Penfill 100units/ml inj 3ml cartridges,3025.0,20382.0,107240.17224999999,202007,2020-07-01,ultra-rapid,6114600.0
0601011A0BBADAC,NovoRapid FlexPen 100units/ml inj 3ml pre-filled pens,81782.0,562326.0,3198169.8607100006,202007,2020-07-01,originator,168697800.0
0601011A0AAADAD,Insulin aspart 100units/ml inj 1.6ml cartridges,21.0,380.0,1066.26142,202007,2020-07-01,generic analogue,60800.0
0601011L0BBAFAF,Humalog Pen 100units/ml inj 3ml pre-filled pens,3.0,11.0,60.348229999999994,202007,2020-07-01,originator,3300.0
0601011A0BBAAAA,NovoRapid 100units/ml solution for injection 10ml vials,13846.0,55478.0,725763.5571099997,202007,2020-07-01,originator,55478000.0
0601011L0AAABAB,Insulin lispro 100units/ml solution for injection 10ml vials,355.0,1397.0,21558.537920000002,202007,2020-07-01,generic analogue,1397000.0
0601011P0AAABAB,Insulin glulisine 100units/ml inj 3ml cartridges,28.0,260.0,1367.29813,202007,2020-07-01,generic analogue,78000.0
0601011L0BCAAAB,Insulin lispro Sanofi 100units/ml inj 10ml vials,8.0,30.0,393.57951,202007,2020-07-01,biosimilar,30000.0
0601011N0AAAPAP,Insulin soluble human 100units/ml inj 3ml cartridges,2.0,6.0,21.09927,202007,2020-07-01,human soluble,1800.0
0601011L0BBAIAF,Humalog Junior KwikPen 100units/ml inj 3ml pre-filled pens,277.0,1439.0,7881.119489999996,202007,2020-07-01,originator,431700.0
0601011A0AAAAAA,Insulin aspart 100units/ml solution for injection 10ml vials,240.0,1033.0,13513.297209999993,202007,2020-07-01,generic analogue,1033000.0
0601011N0BHADAP,Humulin S 100units/ml solution for injection 3ml cartridges,1926.0,16380.0,58091.92702000002,202007,2020-07-01,human soluble,4914000.0
0601011L0AAACAC,Insulin lispro 100units/ml inj 3ml cartridges,618.0,5465.0,28751.53047,202007,2020-07-01,generic analogue,1639500.0
0601011P0BBAAAA,Apidra 100units/ml solution for injection 10ml vials,433.0,1746.0,25954.473739999998,202007,2020-07-01,originator,1746000.0
0601011L0BCACAF,Insulin lispro Sanofi 100units/ml inj 3ml pre-filled pens,159.0,870.0,4050.4005799999977,202007,2020-07-01,biosimilar,261000.0
0601011P0AAAAAA,Insulin glulisine 100units/ml inj 10ml vials,23.0,98.0,1456.7940699999997,202007,2020-07-01,generic analogue,98000.0
0601011L0BBACAC,Humalog 100units/ml solution for injection 3ml cartridges,13149.0,112460.0,591660.6254600004,202007,2020-07-01,originator,33738000.0
0601011A0AAABAB,Insulin aspart 100units/ml inj 3ml cartridges,602.0,5337.0,28077.38304000001,202007,2020-07-01,generic analogue,1601100.0
0601011N0BKABAP,Insuman Rapid 100units/ml inj 3ml cartridges,149.0,1056.0,3435.3348199999996,202007,2020-07-01,human soluble,316800.0
0601011R0BDAAAC,Insuman Infusat 100units/ml inj 3.15ml cartridges,2.0,20.0,928.92076,202007,2020-07-01,human soluble,6300.0
0601011L0AAAFAF,Insulin lispro 100units/ml inj 3ml pf dispos dev,255.0,1868.0,10228.038849999992,202007,2020-07-01,generic analogue,560400.0
0601011A0BBABAB,NovoRapid Penfill 100units/ml inj 3ml cartridges,50060.0,409683.0,2155395.107830001,202007,2020-07-01,originator,122904900.0
0601011L0BBAGAF,Humalog KwikPen 100units/ml inj 3ml pre-filled pens,14967.0,105798.0,579331.4720099999,202007,2020-07-01,originator,31739400.0
0601011P0BBAEAC,Apidra 100units/ml inj 3ml pre-filled SoloStar pens,6470.0,44137.0,232205.5974400002,202007,2020-07-01,originator,13241100.0
0601011A0BBAEAC,NovoRapid FlexTouch 100units/ml inj 3ml pre-filled pens,3590.0,25565.0,152664.0697999999,202007,2020-07-01,originator,7669500.0
0601011N0BCAHAZ,Hypurin Porcine Neutral 100units/ml inj 3ml cartridges,243.0,2127.0,22453.26315000001,202007,2020-07-01,human soluble,638100.0
0601011P0AAACAC,Insulin glulisine 100units/ml inj 3ml pf dispos dev,131.0,897.0,4718.347989999997,202007,2020-07-01,generic analogue,269100.0
0601011A0BCACAA,Fiasp 100units/ml solution for injection 10ml vials,1668.0,6435.0,84181.64256000005,202007,2020-07-01,ultra-rapid,6435000.0
0601011R0BEAAAE,Humulin R KwikPen 500units/ml inj 3ml pre-filled pens,13.0,89.0,3127.68906,202007,2020-07-01,human soluble,133500.0
0601011L0AAAGAG,Insulin lispro 200units/ml inj 3ml pf dispos dev,11.0,71.0,777.39409,202007,2020-07-01,generic analogue,42600.0
0601011L0BBAHAG,Humalog KwikPen 200units/ml inj 3ml pre-filled pens,2265.0,19008.0,208129.13384999998,202007,2020-07-01,originator,11404800.0
0601011A0BBAFAD,NovoRapid PumpCart 100units/ml inj 1.6ml cartridges,4345.0,67907.0,190549.98280999996,202007,2020-07-01,originator,10865120.0
0601011A0AAACAC,Insulin aspart 100units/ml inj 3ml pf dispos dev,325.0,2256.0,12830.811910000002,202007,2020-07-01,generic analogue,676800.0
0601011N0BFAEAL,Actrapid 100units/ml solution for injection 10ml vials,468.0,1392.0,9677.294139999996,202007,2020-07-01,human soluble,1392000.0
0601011L0BBAFAF,Humalog Pen 100units/ml inj 3ml pre-filled pens,4.0,16.0,87.81062,202008,2020-08-01,originator,4800.0
0601011N0AAALAL,Insulin soluble human 100units/ml inj 10ml vials,1.0,4.0,58.3291,202008,2020-08-01,human soluble,4000.0
0601011A0BCABAB,Fiasp Penfill 100units/ml inj 3ml cartridges,2842.0,19222.0,101233.83604999998,202008,2020-08-01,ultra-rapid,5766600.0
0601011L0BCABAC,Insulin lispro Sanofi 100units/ml inj 3ml cartridges,36.0,266.0,1190.6367199999997,202008,2020-08-01,biosimilar,79800.0
0601011A0AAAAAA,Insulin aspart 100units/ml solution for injection 10ml vials,255.0,1069.0,13997.906929999996,202008,2020-08-01,generic analogue,1069000.0
0601011L0BBAIAF,Humalog Junior KwikPen 100units/ml inj 3ml pre-filled pens,269.0,1419.0,7778.955719999997,202008,2020-08-01,originator,425700.0
0601011N0BHAAAL,Humulin S 100units/ml solution for injection 10ml vials,196.0,593.0,8647.708240000002,202008,2020-08-01,human soluble,593000.0
0601011N0BCAEAC,Hypurin Porcine Neutral 100units/ml inj 10ml vials,214.0,722.0,25425.085570000007,202008,2020-08-01,human soluble,722000.0
0601011P0BBAAAA,Apidra 100units/ml solution for injection 10ml vials,372.0,1463.0,21768.780759999998,202008,2020-08-01,originator,1463000.0
0601011L0BCACAF,Insulin lispro Sanofi 100units/ml inj 3ml pre-filled pens,157.0,880.0,4100.82023,202008,2020-08-01,biosimilar,264000.0
0601011P0AAAAAA,Insulin glulisine 100units/ml inj 10ml vials,22.0,79.0,1175.5328899999997,202008,2020-08-01,generic analogue,79000.0
0601011A0BBABAB,NovoRapid Penfill 100units/ml inj 3ml cartridges,45858.0,375573.0,1977835.6350399996,202008,2020-08-01,originator,112671900.0
0601011A0BBADAC,NovoRapid FlexPen 100units/ml inj 3ml pre-filled pens,74219.0,511539.0,2912153.0222300016,202008,2020-08-01,originator,153461700.0
0601011A0AAADAD,Insulin aspart 100units/ml inj 1.6ml cartridges,19.0,335.0,940.9085899999998,202008,2020-08-01,generic analogue,53600.0
0601011A0BBAFAD,NovoRapid PumpCart 100units/ml inj 1.6ml cartridges,3828.0,60840.0,170884.65057999987,202008,2020-08-01,originator,9734400.0
0601011L0BBAHAG,Humalog KwikPen 200units/ml inj 3ml pre-filled pens,2102.0,17790.0,194961.04362999994,202008,2020-08-01,originator,10674000.0
0601011A0AAACAC,Insulin aspart 100units/ml inj 3ml pf dispos dev,304.0,2119.0,12062.766950000007,202008,2020-08-01,generic analogue,635700.0
0601011N0BFAEAL,Actrapid 100units/ml solution for injection 10ml vials,423.0,1291.0,8983.587370000005,202008,2020-08-01,human soluble,1291000.0
0601011L0BBACAC,Humalog 100units/ml solution for injection 3ml cartridges,12099.0,102585.0,540230.6144299997,202008,2020-08-01,originator,30775500.0
0601011A0AAABAB,Insulin aspart 100units/ml inj 3ml cartridges,570.0,4976.0,26203.877259999983,202008,2020-08-01,generic analogue,1492800.0
0601011N0BKABAP,Insuman Rapid 100units/ml inj 3ml cartridges,126.0,956.0,3112.8550400000004,202008,2020-08-01,human soluble,286800.0
0601011L0BBABAB,Humalog 100units/ml solution for injection 10ml vials,2673.0,10473.0,161778.36742000005,202008,2020-08-01,originator,10473000.0
0601011A0BCAAAC,Fiasp FlexTouch 100units/ml inj 3ml pre-filled pens,4744.0,29388.0,167314.82056999998,202008,2020-08-01,ultra-rapid,8816400.0
0601011P0BBABAB,Apidra 100units/ml solution for injection 3ml cartridges,620.0,4779.0,25158.405179999987,202008,2020-08-01,originator,1433700.0
0601011L0BBAGAF,Humalog KwikPen 100units/ml inj 3ml pre-filled pens,13684.0,96221.0,527370.7461999999,202008,2020-08-01,originator,28866300.0
0601011P0BBAEAC,Apidra 100units/ml inj 3ml pre-filled SoloStar pens,5851.0,40439.0,212929.87629000001,202008,2020-08-01,originator,12131700.0
0601011A0BCACAA,Fiasp 100units/ml solution for injection 10ml vials,1598.0,6185.0,80999.73418000006,202008,2020-08-01,ultra-rapid,6185000.0
0601011A0BBAEAC,NovoRapid FlexTouch 100units/ml inj 3ml pre-filled pens,3331.0,23588.0,140993.6872,202008,2020-08-01,originator,7076400.0
0601011P0AAACAC,Insulin glulisine 100units/ml inj 3ml pf dispos dev,120.0,877.0,4617.519869999999,202008,2020-08-01,generic analogue,263100.0
0601011R0BEAAAE,Humulin R KwikPen 500units/ml inj 3ml pre-filled pens,10.0,51.0,2727.8805899999998,202008,2020-08-01,human soluble,76500.0
0601011N0BCAHAZ,Hypurin Porcine Neutral 100units/ml inj 3ml cartridges,238.0,2232.0,23583.02724,202008,2020-08-01,human soluble,669600.0
0601011L0AAAGAG,Insulin lispro 200units/ml inj 3ml pf dispos dev,14.0,189.0,2071.3621000000003,202008,2020-08-01,generic analogue,113400.0
0601011A0BBAAAA,NovoRapid 100units/ml solution for injection 10ml vials,12771.0,51172.0,670072.5468499999,202008,2020-08-01,originator,51172000.0
0601011L0AAABAB,Insulin lispro 100units/ml solution for injection 10ml vials,286.0,1162.0,17949.241080000007,202008,2020-08-01,generic analogue,1162000.0
0601011P0AAABAB,Insulin glulisine 100units/ml inj 3ml cartridges,18.0,150.0,789.6062099999997,202008,2020-08-01,generic analogue,45000.0
0601011L0BCAAAB,Insulin lispro Sanofi 100units/ml inj 10ml vials,11.0,53.0,695.94491,202008,2020-08-01,biosimilar,53000.0
0601011N0AAAPAP,Insulin soluble human 100units/ml inj 3ml cartridges,1.0,5.0,17.75288,202008,2020-08-01,human soluble,1500.0
0601011L0AAAFAF,Insulin lispro 100units/ml inj 3ml pf dispos dev,243.0,1726.0,9459.904549999994,202008,2020-08-01,generic analogue,517800.0
0601011N0BHADAP,Humulin S 100units/ml solution for injection 3ml cartridges,1737.0,15008.0,53275.72703,202008,2020-08-01,human soluble,4502400.0
0601011L0AAACAC,Insulin lispro 100units/ml inj 3ml cartridges,566.0,5034.0,26509.762830000018,202008,2020-08-01,generic analogue,1510200.0
0601011A0BCAAAC,Fiasp FlexTouch 100units/ml inj 3ml pre-filled pens,5313.0,32787.0,186441.15813000005,202009,2020-09-01,ultra-rapid,9836100.0
0601011L0BBABAB,Humalog 100units/ml solution for injection 10ml vials,2892.0,11407.0,175979.68792,202009,2020-09-01,originator,11407000.0
0601011P0BBABAB,Apidra 100units/ml solution for injection 3ml cartridges,647.0,4954.0,26046.597809999996,202009,2020-09-01,originator,1486200.0
0601011A0BCABAB,Fiasp Penfill 100units/ml inj 3ml cartridges,3296.0,22707.0,119435.24798999989,202009,2020-09-01,ultra-rapid,6812100.0
0601011L0BCABAC,Insulin lispro Sanofi 100units/ml inj 3ml cartridges,45.0,325.0,1452.7689000000003,202009,2020-09-01,biosimilar,97500.0
0601011N0BCAEAC,Hypurin Porcine Neutral 100units/ml inj 10ml vials,230.0,715.0,25152.676890000006,202009,2020-09-01,human soluble,715000.0
0601011N0BHAAAL,Humulin S 100units/ml solution for injection 10ml vials,203.0,609.0,8869.798319999998,202009,2020-09-01,human soluble,609000.0
0601011A0BBADAC,NovoRapid FlexPen 100units/ml inj 3ml pre-filled pens,81136.0,561614.0,3193171.589949999,202009,2020-09-01,originator,168484200.0
0601011A0AAADAD,Insulin aspart 100units/ml inj 1.6ml cartridges,24.0,350.0,981.85169,202009,2020-09-01,generic analogue,56000.0
0601011L0BBAFAF,Humalog Pen 100units/ml inj 3ml pre-filled pens,6.0,31.0,166.6826,202009,2020-09-01,originator,9300.0
0601011A0BBAAAA,NovoRapid 100units/ml solution for injection 10ml vials,14447.0,58071.0,759448.3828199996,202009,2020-09-01,originator,58071000.0
0601011L0AAABAB,Insulin lispro 100units/ml solution for injection 10ml vials,310.0,1305.0,20132.652679999996,202009,2020-09-01,generic analogue,1305000.0
0601011P0AAABAB,Insulin glulisine 100units/ml inj 3ml cartridges,19.0,145.0,762.3437799999999,202009,2020-09-01,generic analogue,43500.0
0601011L0BCAAAB,Insulin lispro Sanofi 100units/ml inj 10ml vials,10.0,40.0,524.61005,202009,2020-09-01,biosimilar,40000.0
0601011L0BBAIAF,Humalog Junior KwikPen 100units/ml inj 3ml pre-filled pens,326.0,1817.0,9947.685390000002,202009,2020-09-01,originator,545100.0
0601011A0AAAAAA,Insulin aspart 100units/ml solution for injection 10ml vials,256.0,1036.0,13548.782010000006,202009,2020-09-01,generic analogue,1036000.0
0601011N0BHADAP,Humulin S 100units/ml solution for injection 3ml cartridges,1844.0,15935.0,56496.63512999999,202009,2020-09-01,human soluble,4780500.0
0601011L0AAACAC,Insulin lispro 100units/ml inj 3ml cartridges,606.0,5486.0,28853.45691999999,202009,2020-09-01,generic analogue,1645800.0
0601011P0BBAAAA,Apidra 100units/ml solution for injection 10ml vials,409.0,1642.0,24401.287410000015,202009,2020-09-01,originator,1642000.0
0601011L0BCACAF,Insulin lispro Sanofi 100units/ml inj 3ml pre-filled pens,170.0,924.0,4300.742639999999,202009,2020-09-01,biosimilar,277200.0
0601011P0AAAAAA,Insulin glulisine 100units/ml inj 10ml vials,33.0,110.0,1634.78501,202009,2020-09-01,generic analogue,110000.0
0601011L0AAAFAF,Insulin lispro 100units/ml inj 3ml pf dispos dev,269.0,1915.0,10482.070620000004,202009,2020-09-01,generic analogue,574500.0
0601011L0BBACAC,Humalog 100units/ml solution for injection 3ml cartridges,13110.0,113082.0,594760.1769100002,202009,2020-09-01,originator,33924600.0
0601011A0AAABAB,Insulin aspart 100units/ml inj 3ml cartridges,647.0,5432.0,28569.36710999998,202009,2020-09-01,generic analogue,1629600.0
0601011N0BKABAP,Insuman Rapid 100units/ml inj 3ml cartridges,143.0,1079.0,3509.1423200000004,202009,2020-09-01,human soluble,323700.0
0601011R0BDAAAC,Insuman Infusat 100units/ml inj 3.15ml cartridges,1.0,20.0,928.63502,202009,2020-09-01,human soluble,6300.0
0601011A0BBABAB,NovoRapid Penfill 100units/ml inj 3ml cartridges,50933.0,415524.0,2185464.020630001,202009,2020-09-01,originator,124657200.0
0601011P0BBAEAC,Apidra 100units/ml inj 3ml pre-filled SoloStar pens,6374.0,43540.0,228972.04497000002,202009,2020-09-01,originator,13062000.0
0601011L0BBAGAF,Humalog KwikPen 100units/ml inj 3ml pre-filled pens,14998.0,106200.0,581330.5449599997,202009,2020-09-01,originator,31860000.0
0601011A0BCACAA,Fiasp 100units/ml solution for injection 10ml vials,1740.0,6656.0,87057.14603,202009,2020-09-01,ultra-rapid,6656000.0
0601011A0BBAEAC,NovoRapid FlexTouch 100units/ml inj 3ml pre-filled pens,3654.0,25627.0,152992.39683,202009,2020-09-01,originator,7688100.0
0601011N0BCAHAZ,Hypurin Porcine Neutral 100units/ml inj 3ml cartridges,254.0,2109.0,22256.274399999984,202009,2020-09-01,human soluble,632700.0
0601011R0BEAAAE,Humulin R KwikPen 500units/ml inj 3ml pre-filled pens,7.0,79.0,2727.6061999999997,202009,2020-09-01,human soluble,118500.0
0601011P0AAACAC,Insulin glulisine 100units/ml inj 3ml pf dispos dev,138.0,968.0,5092.8106700000035,202009,2020-09-01,generic analogue,290400.0
0601011L0AAAGAG,Insulin lispro 200units/ml inj 3ml pf dispos dev,11.0,75.0,820.84065,202009,2020-09-01,generic analogue,45000.0
0601011A0BBAFAD,NovoRapid PumpCart 100units/ml inj 1.6ml cartridges,4253.0,66678.0,187046.12278,202009,2020-09-01,originator,10668480.0
0601011L0BBAHAG,Humalog KwikPen 200units/ml inj 3ml pre-filled pens,2337.0,19357.0,211887.23116999998,202009,2020-09-01,originator,11614200.0
0601011A0AAACAC,Insulin aspart 100units/ml inj 3ml pf dispos dev,293.0,2008.0,11416.626540000001,202009,2020-09-01,generic analogue,602400.0
0601011N0BFAEAL,Actrapid 100units/ml solution for injection 10ml vials,475.0,1439.0,10000.777970000001,202009,2020-09-01,human soluble,1439000.0
0601011N0AAACAC,Insulin soluble porcine 100units/ml inj 10ml vials,2.0,8.0,281.36031,202009,2020-09-01,human soluble,8000.0
0601011L0BBAIAF,Humalog Junior KwikPen 100units/ml inj 3ml pre-filled pens,327.0,1770.0,9687.38389,202010,2020-10-01,originator,531000.0
0601011A0AAAAAA,Insulin aspart 100units/ml solution for injection 10ml vials,240.0,1018.0,13308.399310000004,202010,2020-10-01,generic analogue,1018000.0
0601011L0BDABAB,Lyumjev 100units/ml solution for injection 10ml vials,1.0,5.0,77.1065,202010,2020-10-01,ultra-rapid,5000.0
0601011P0BBAAAA,Apidra 100units/ml solution for injection 10ml vials,450.0,1792.0,26620.807770000003,202010,2020-10-01,originator,1792000.0
0601011L0BCACAF,Insulin lispro Sanofi 100units/ml inj 3ml pre-filled pens,192.0,1060.0,4931.794780000002,202010,2020-10-01,biosimilar,318000.0
0601011P0AAAAAA,Insulin glulisine 100units/ml inj 10ml vials,34.0,123.0,1827.2872099999993,202010,2020-10-01,generic analogue,123000.0
0601011L0AAAGAG,Insulin lispro 200units/ml inj 3ml pf dispos dev,9.0,60.0,656.42167,202010,2020-10-01,generic analogue,36000.0
0601011L0BBACAC,Humalog 100units/ml solution for injection 3ml cartridges,13410.0,115110.0,605196.26531,202010,2020-10-01,originator,34533000.0
0601011N0BKABAP,Insuman Rapid 100units/ml inj 3ml cartridges,130.0,956.0,3108.2299100000014,202010,2020-10-01,human soluble,286800.0
0601011A0AAABAB,Insulin aspart 100units/ml inj 3ml cartridges,594.0,5449.0,28647.37531,202010,2020-10-01,generic analogue,1634700.0
0601011R0BDAAAC,Insuman Infusat 100units/ml inj 3.15ml cartridges,1.0,15.0,696.22643,202010,2020-10-01,human soluble,4725.0
0601011A0BCABAB,Fiasp Penfill 100units/ml inj 3ml cartridges,3474.0,23686.0,124541.38254999995,202010,2020-10-01,ultra-rapid,7105800.0
0601011L0BCABAC,Insulin lispro Sanofi 100units/ml inj 3ml cartridges,47.0,375.0,1675.56215,202010,2020-10-01,biosimilar,112500.0
0601011A0BBADAC,NovoRapid FlexPen 100units/ml inj 3ml pre-filled pens,82483.0,567660.0,3226419.0657999977,202010,2020-10-01,originator,170298000.0
0601011A0AAADAD,Insulin aspart 100units/ml inj 1.6ml cartridges,26.0,455.0,1275.87939,202010,2020-10-01,generic analogue,72800.0
0601011N0BHADAP,Humulin S 100units/ml solution for injection 3ml cartridges,1834.0,15754.0,55834.65034,202010,2020-10-01,human soluble,4726200.0
0601011L0AAACAC,Insulin lispro 100units/ml inj 3ml cartridges,611.0,5483.0,28827.231379999997,202010,2020-10-01,generic analogue,1644900.0
0601011A0BBABAB,NovoRapid Penfill 100units/ml inj 3ml cartridges,51279.0,420540.0,2211036.06413,202010,2020-10-01,originator,126162000.0
0601011A0BCAAAC,Fiasp FlexTouch 100units/ml inj 3ml pre-filled pens,5651.0,35192.0,200027.5595300001,202010,2020-10-01,ultra-rapid,10557600.0
0601011L0BBABAB,Humalog 100units/ml solution for injection 10ml vials,3024.0,11971.0,184613.6126200001,202010,2020-10-01,originator,11971000.0
0601011P0BBABAB,Apidra 100units/ml solution for injection 3ml cartridges,673.0,5255.0,27618.83336,202010,2020-10-01,originator,1576500.0
0601011L0AAAFAF,Insulin lispro 100units/ml inj 3ml pf dispos dev,244.0,1794.0,9816.431760000001,202010,2020-10-01,generic analogue,538200.0
0601011L0BDADAF,Lyumjev KwikPen 100units/ml inj 3ml pre-filled pens,1.0,5.0,27.35969,202010,2020-10-01,ultra-rapid,1500.0
0601011A0BBAFAD,NovoRapid PumpCart 100units/ml inj 1.6ml cartridges,4125.0,64841.0,181826.57382000005,202010,2020-10-01,originator,10374560.0
0601011N0BFAEAL,Actrapid 100units/ml solution for injection 10ml vials,486.0,1421.0,9872.374319999997,202010,2020-10-01,human soluble,1421000.0
0601011A0AAACAC,Insulin aspart 100units/ml inj 3ml pf dispos dev,309.0,2176.0,12366.994709999999,202010,2020-10-01,generic analogue,652800.0
0601011L0BBAHAG,Humalog KwikPen 200units/ml inj 3ml pre-filled pens,2370.0,20215.0,221177.06352000003,202010,2020-10-01,originator,12129000.0
0601011N0AAACAC,Insulin soluble porcine 100units/ml inj 10ml vials,3.0,15.0,527.34971,202010,2020-10-01,human soluble,15000.0
0601011P0BBAEAC,Apidra 100units/ml inj 3ml pre-filled SoloStar pens,6489.0,44700.0,234983.5553800001,202010,2020-10-01,originator,13410000.0
0601011L0BBAGAF,Humalog KwikPen 100units/ml inj 3ml pre-filled pens,15401.0,108904.0,595919.9858400001,202010,2020-10-01,originator,32671200.0
0601011A0BBAEAC,NovoRapid FlexTouch 100units/ml inj 3ml pre-filled pens,3727.0,26617.0,158840.29208999986,202010,2020-10-01,originator,7985100.0
0601011A0BCACAA,Fiasp 100units/ml solution for injection 10ml vials,1889.0,7166.0,93683.09372,202010,2020-10-01,ultra-rapid,7166000.0
0601011N0BCAHAZ,Hypurin Porcine Neutral 100units/ml inj 3ml cartridges,249.0,2186.0,23059.972489999975,202010,2020-10-01,human soluble,655800.0
0601011P0AAACAC,Insulin glulisine 100units/ml inj 3ml pf dispos dev,130.0,848.0,4457.7725100000025,202010,2020-10-01,generic analogue,254400.0
0601011R0BEAAAE,Humulin R KwikPen 500units/ml inj 3ml pre-filled pens,11.0,100.0,2634.6811799999996,202010,2020-10-01,human soluble,150000.0
0601011L0BDACAC,Lyumjev 100units/ml solution for injection 3ml cartridges,1.0,5.0,26.29216,202010,2020-10-01,ultra-rapid,1500.0
0601011N0BCAEAC,Hypurin Porcine Neutral 100units/ml inj 10ml vials,233.0,708.0,24891.853299999995,202010,2020-10-01,human soluble,708000.0
0601011N0BHAAAL,Humulin S 100units/ml solution for injection 10ml vials,202.0,573.0,8342.616159999996,202010,2020-10-01,human soluble,573000.0
0601011A0BBAAAA,NovoRapid 100units/ml solution for injection 10ml vials,14435.0,58216.0,761066.6032200005,202010,2020-10-01,originator,58216000.0
0601011L0AAABAB,Insulin lispro 100units/ml solution for injection 10ml vials,331.0,1328.0,20480.18576000001,202010,2020-10-01,generic analogue,1328000.0
0601011P0AAABAB,Insulin glulisine 100units/ml inj 3ml cartridges,26.0,220.0,1156.2233700000002,202010,2020-10-01,generic analogue,66000.0
0601011L0BCAAAB,Insulin lispro Sanofi 100units/ml inj 10ml vials,12.0,47.0,616.19613,202010,2020-10-01,biosimilar,47000.0
0601011L0BBAFAF,Humalog Pen 100units/ml inj 3ml pre-filled pens,1.0,5.0,27.3504,202010,2020-10-01,originator,1500.0
0601011N0AAALAL,Insulin soluble human 100units/ml inj 10ml vials,1.0,4.0,58.23446,202010,2020-10-01,human soluble,4000.0
0601011A0AAAAAA,Insulin aspart 100units/ml solution for injection 10ml vials,284.0,1161.0,15208.80268,,2020-11-01,generic analogue,1161000.0
0601011A0AAABAB,Insulin aspart 100units/ml inj 3ml cartridges,591.0,5336.0,28110.79973,,2020-11-01,generic analogue,1600800.0
0601011A0AAACAC,Insulin aspart 100units/ml inj 3ml pf dispos dev,277.0,1925.0,10963.39158,,2020-11-01,generic analogue,577500.0
0601011A0AAADAD,Insulin aspart 100units/ml inj 1.6ml cartridges,17.0,310.0,871.03181,,2020-11-01,generic analogue,49600.0
0601011A0BBAAAA,NovoRapid 100units/ml solution for injection 10ml vials,14347.0,58041.0,760324.81989,,2020-11-01,originator,58041000.0
0601011A0BBABAB,NovoRapid Penfill 100units/ml inj 3ml cartridges,49841.0,407289.0,2145741.0971399997,,2020-11-01,originator,122186700.0
0601011A0BBADAC,NovoRapid FlexPen 100units/ml inj 3ml pre-filled pens,80213.0,553060.0,3149761.15958,,2020-11-01,originator,165918000.0
0601011A0BBAEAC,NovoRapid FlexTouch 100units/ml inj 3ml pre-filled pens,3630.0,25673.0,153518.70259,,2020-11-01,originator,7701900.0
0601011A0BBAFAD,NovoRapid PumpCart 100units/ml inj 1.6ml cartridges,4014.0,64114.0,180152.31563,,2020-11-01,originator,10258240.0
0601011A0BCAAAC,Fiasp FlexTouch 100units/ml inj 3ml pre-filled pens,5620.0,35153.0,200212.93611,,2020-11-01,ultra-rapid,10545900.0
0601011A0BCABAB,Fiasp Penfill 100units/ml inj 3ml cartridges,3566.0,23988.0,126384.8575,,2020-11-01,ultra-rapid,7196400.0
0601011A0BCACAA,Fiasp 100units/ml solution for injection 10ml vials,1943.0,7516.0,98457.37026,,2020-11-01,ultra-rapid,7516000.0
0601011L0AAABAB,Insulin lispro 100units/ml solution for injection 10ml vials,326.0,1407.0,21742.13943,,2020-11-01,generic analogue,1407000.0
0601011L0AAACAC,Insulin lispro 100units/ml inj 3ml cartridges,575.0,5205.0,27420.6982,,2020-11-01,generic analogue,1561500.0
0601011L0AAAFAF,Insulin lispro 100units/ml inj 3ml pf dispos dev,269.0,2018.0,11064.39967,,2020-11-01,generic analogue,605400.0
0601011L0AAAGAG,Insulin lispro 200units/ml inj 3ml pf dispos dev,11.0,77.0,844.24079,,2020-11-01,generic analogue,46200.0
0601011L0BBABAB,Humalog 100units/ml solution for injection 10ml vials,2942.0,11564.0,178702.24744,,2020-11-01,originator,11564000.0
0601011L0BBACAC,Humalog 100units/ml solution for injection 3ml cartridges,12899.0,111190.0,585772.59546,,2020-11-01,originator,33357000.0
0601011L0BBAFAF,Humalog Pen 100units/ml inj 3ml pre-filled pens,4.0,16.0,87.84562,,2020-11-01,originator,4800.0
0601011L0BBAGAF,Humalog KwikPen 100units/ml inj 3ml pre-filled pens,14876.0,105387.0,577846.9421699999,,2020-11-01,originator,31616100.0
0601011L0BBAHAG,Humalog KwikPen 200units/ml inj 3ml pre-filled pens,2298.0,19223.0,210762.80149,,2020-11-01,originator,11533800.0
0601011L0BBAIAF,Humalog Junior KwikPen 100units/ml inj 3ml pre-filled pens,302.0,1680.0,9213.727509999999,,2020-11-01,originator,504000.0
0601011L0BCAAAB,Insulin lispro Sanofi 100units/ml inj 10ml vials,12.0,35.0,459.83666,,2020-11-01,biosimilar,35000.0
0601011L0BCABAC,Insulin lispro Sanofi 100units/ml inj 3ml cartridges,56.0,453.0,2028.3073200000001,,2020-11-01,biosimilar,135900.0
0601011L0BCACAF,Insulin lispro Sanofi 100units/ml inj 3ml pre-filled pens,187.0,1039.0,4842.82331,,2020-11-01,biosimilar,311700.0
0601011L0BDABAB,Lyumjev 100units/ml solution for injection 10ml vials,7.0,34.0,525.38852,,2020-11-01,ultra-rapid,34000.0
0601011L0BDACAC,Lyumjev 100units/ml solution for injection 3ml cartridges,5.0,35.0,184.39292,,2020-11-01,ultra-rapid,10500.0
0601011L0BDADAF,Lyumjev KwikPen 100units/ml inj 3ml pre-filled pens,10.0,50.0,274.1508,,2020-11-01,ultra-rapid,15000.0
0601011L0BDAEAF,Lyumjev Junior KwikPen 100units/ml inj 3ml pre-filled pens,1.0,5.0,27.40268,,2020-11-01,ultra-rapid,1500.0
0601011N0AAACAC,Insulin soluble porcine 100units/ml inj 10ml vials,2.0,9.0,317.05315,,2020-11-01,human soluble,9000.0
0601011N0BCAEAC,Hypurin Porcine Neutral 100units/ml inj 10ml vials,233.0,696.0,24519.58685,,2020-11-01,human soluble,696000.0
0601011N0BCAHAZ,Hypurin Porcine Neutral 100units/ml inj 3ml cartridges,236.0,2139.0,22609.96031,,2020-11-01,human soluble,641700.0
0601011N0BFAEAL,Actrapid 100units/ml solution for injection 10ml vials,438.0,1294.0,9008.20733,,2020-11-01,human soluble,1294000.0
0601011N0BHAAAL,Humulin S 100units/ml solution for injection 10ml vials,196.0,584.0,8519.8452,,2020-11-01,human soluble,584000.0
0601011N0BHADAP,Humulin S 100units/ml solution for injection 3ml cartridges,1784.0,15547.0,55213.63188,,2020-11-01,human soluble,4664100.0
0601011N0BKABAP,Insuman Rapid 100units/ml inj 3ml cartridges,119.0,835.0,2720.22278,,2020-11-01,human soluble,250500.0
0601011P0AAAAAA,Insulin glulisine 100units/ml inj 10ml vials,24.0,88.0,1309.9708,,2020-11-01,generic analogue,88000.0
0601011P0AAABAB,Insulin glulisine 100units/ml inj 3ml cartridges,18.0,175.0,921.55225,,2020-11-01,generic analogue,52500.0
0601011P0AAACAC,Insulin glulisine 100units/ml inj 3ml pf dispos dev,129.0,934.0,4919.252,,2020-11-01,generic analogue,280200.0
0601011P0BBAAAA,Apidra 100units/ml solution for injection 10ml vials,385.0,1587.0,23623.05594,,2020-11-01,originator,1587000.0
0601011P0BBABAB,Apidra 100units/ml solution for injection 3ml cartridges,651.0,5061.0,26653.81484,,2020-11-01,originator,1518300.0
0601011P0BBAEAC,Apidra 100units/ml inj 3ml pre-filled SoloStar pens,6258.0,42813.0,225520.95843,,2020-11-01,originator,12843900.0
0601011R0BEAAAE,Humulin R KwikPen 500units/ml inj 3ml pre-filled pens,12.0,121.0,4196.54293,,2020-11-01,human soluble,181500.0
0601011A0AAAAAA,Insulin aspart 100units/ml solution for injection 10ml vials,292.0,1251.0,16383.83602,,2020-12-01,generic analogue,1251000.0
0601011A0AAABAB,Insulin aspart 100units/ml inj 3ml cartridges,665.0,5911.0,31133.00032,,2020-12-01,generic analogue,1773300.0
0601011A0AAACAC,Insulin aspart 100units/ml inj 3ml pf dispos dev,316.0,2224.0,12662.97483,,2020-12-01,generic analogue,667200.0
0601011A0AAADAD,Insulin aspart 100units/ml inj 1.6ml cartridges,20.0,345.0,969.14332,,2020-12-01,generic analogue,55200.0
0601011A0BBAAAA,NovoRapid 100units/ml solution for injection 10ml vials,16279.0,65896.0,863026.84516,,2020-12-01,originator,65896000.0
0601011A0BBABAB,NovoRapid Penfill 100units/ml inj 3ml cartridges,56749.0,471005.0,2480803.88924,,2020-12-01,originator,141301500.0
0601011A0BBADAC,NovoRapid FlexPen 100units/ml inj 3ml pre-filled pens,89642.0,618399.0,3521113.57436,,2020-12-01,originator,185519700.0
0601011A0BBAEAC,NovoRapid FlexTouch 100units/ml inj 3ml pre-filled pens,4080.0,28706.0,171617.30957,,2020-12-01,originator,8611800.0
0601011A0BBAFAD,NovoRapid PumpCart 100units/ml inj 1.6ml cartridges,4389.0,69935.0,196463.83951,,2020-12-01,originator,11189600.0
0601011A0BCAAAC,Fiasp FlexTouch 100units/ml inj 3ml pre-filled pens,6547.0,40724.0,231886.46016,,2020-12-01,ultra-rapid,12217200.0
0601011A0BCABAB,Fiasp Penfill 100units/ml inj 3ml cartridges,4162.0,28455.0,149885.05009,,2020-12-01,ultra-rapid,8536500.0
0601011A0BCACAA,Fiasp 100units/ml solution for injection 10ml vials,2227.0,8532.0,111746.67416,,2020-12-01,ultra-rapid,8532000.0
0601011L0AAABAB,Insulin lispro 100units/ml solution for injection 10ml vials,344.0,1407.0,21737.44152,,2020-12-01,generic analogue,1407000.0
0601011L0AAACAC,Insulin lispro 100units/ml inj 3ml cartridges,645.0,5885.0,30996.52566,,2020-12-01,generic analogue,1765500.0
0601011L0AAAFAF,Insulin lispro 100units/ml inj 3ml pf dispos dev,270.0,1876.0,10284.37082,,2020-12-01,generic analogue,562800.0
0601011L0AAAGAG,Insulin lispro 200units/ml inj 3ml pf dispos dev,13.0,72.0,789.3350399999999,,2020-12-01,generic analogue,43200.0
0601011L0BBABAB,Humalog 100units/ml solution for injection 10ml vials,3322.0,13313.0,205678.27501,,2020-12-01,originator,13313000.0
0601011L0BBACAC,Humalog 100units/ml solution for injection 3ml cartridges,14792.0,128216.0,675315.76791,,2020-12-01,originator,38464800.0
0601011L0BBAFAF,Humalog Pen 100units/ml inj 3ml pre-filled pens,5.0,13.0,71.47566,,2020-12-01,originator,3900.0
0601011L0BBAGAF,Humalog KwikPen 100units/ml inj 3ml pre-filled pens,16503.0,117226.0,642625.17715,,2020-12-01,originator,35167800.0
0601011L0BBAHAG,Humalog KwikPen 200units/ml inj 3ml pre-filled pens,2610.0,22398.0,245501.07606,,2020-12-01,originator,13438800.0
0601011L0BBAIAF,Humalog Junior KwikPen 100units/ml inj 3ml pre-filled pens,368.0,2095.0,11485.72914,,2020-12-01,originator,628500.0
0601011L0BCAAAB,Insulin lispro Sanofi 100units/ml inj 10ml vials,20.0,68.0,893.15359,,2020-12-01,biosimilar,68000.0
0601011L0BCABAC,Insulin lispro Sanofi 100units/ml inj 3ml cartridges,48.0,447.0,1765.62285,,2020-12-01,biosimilar,134100.0
0601011L0BCACAF,Insulin lispro Sanofi 100units/ml inj 3ml pre-filled pens,214.0,1197.0,4924.50555,,2020-12-01,biosimilar,359100.0
0601011L0BDABAB,Lyumjev 100units/ml solution for injection 10ml vials,22.0,82.0,1266.87772,,2020-12-01,ultra-rapid,82000.0
0601011L0BDACAC,Lyumjev 100units/ml solution for injection 3ml cartridges,7.0,35.0,184.37599,,2020-12-01,ultra-rapid,10500.0
0601011L0BDADAF,Lyumjev KwikPen 100units/ml inj 3ml pre-filled pens,16.0,68.0,373.18492,,2020-12-01,ultra-rapid,20400.0
0601011L0BDAEAF,Lyumjev Junior KwikPen 100units/ml inj 3ml pre-filled pens,4.0,35.0,191.80013,,2020-12-01,ultra-rapid,10500.0
0601011N0AAALAL,Insulin soluble human 100units/ml inj 10ml vials,1.0,4.0,58.33918,,2020-12-01,human soluble,4000.0
0601011N0AAAPAP,Insulin soluble human 100units/ml inj 3ml cartridges,1.0,5.0,17.75594,,2020-12-01,human soluble,1500.0
0601011N0BCAEAC,Hypurin Porcine Neutral 100units/ml inj 10ml vials,260.0,820.0,28881.34033,,2020-12-01,human soluble,820000.0
0601011N0BCAHAZ,Hypurin Porcine Neutral 100units/ml inj 3ml cartridges,277.0,2445.0,25838.93682,,2020-12-01,human soluble,733500.0
0601011N0BFAEAL,Actrapid 100units/ml solution for injection 10ml vials,505.0,1616.0,11246.76454,,2020-12-01,human soluble,1616000.0
0601011N0BHAAAL,Humulin S 100units/ml solution for injection 10ml vials,239.0,760.0,11088.61577,,2020-12-01,human soluble,760000.0
0601011N0BHADAP,Humulin S 100units/ml solution for injection 3ml cartridges,1923.0,17032.0,60471.09932,,2020-12-01,human soluble,5109600.0
0601011N0BKABAP,Insuman Rapid 100units/ml inj 3ml cartridges,153.0,1107.0,3605.75835,,2020-12-01,human soluble,332100.0
0601011P0AAAAAA,Insulin glulisine 100units/ml inj 10ml vials,29.0,123.0,1830.51105,,2020-12-01,generic analogue,123000.0
0601011P0AAABAB,Insulin glulisine 100units/ml inj 3ml cartridges,22.0,185.0,974.01633,,2020-12-01,generic analogue,55500.0
0601011P0AAACAC,Insulin glulisine 100units/ml inj 3ml pf dispos dev,137.0,927.0,4881.593,,2020-12-01,generic analogue,278100.0
0601011P0BBAAAA,Apidra 100units/ml solution for injection 10ml vials,462.0,1901.0,28290.62017,,2020-12-01,originator,1901000.0
0601011P0BBABAB,Apidra 100units/ml solution for injection 3ml cartridges,760.0,5844.0,30770.41473,,2020-12-01,originator,1753200.0
0601011P0BBAEAC,Apidra 100units/ml inj 3ml pre-filled SoloStar pens,6944.0,47689.0,251155.61057,,2020-12-01,originator,14306700.0
0601011R0BEAAAE,Humulin R KwikPen 500units/ml inj 3ml pre-filled pens,9.0,84.0,2885.3854499999998,,2020-12-01,human soluble,126000.0
0601011A0AAAAAA,Insulin aspart 100units/ml solution for injection 10ml vials,222.0,888.0,11639.90168,,2021-01-01,generic analogue,888000.0
0601011A0AAABAB,Insulin aspart 100units/ml inj 3ml cartridges,556.0,4988.0,26293.65725,,2021-01-01,generic analogue,1496400.0
0601011A0AAACAC,Insulin aspart 100units/ml inj 3ml pf dispos dev,274.0,1751.0,9978.89507,,2021-01-01,generic analogue,525300.0
0601011A0AAADAD,Insulin aspart 100units/ml inj 1.6ml cartridges,17.0,315.0,885.63379,,2021-01-01,generic analogue,50400.0
0601011A0BBAAAA,NovoRapid 100units/ml solution for injection 10ml vials,14320.0,57415.0,752600.00404,,2021-01-01,originator,57415000.0
0601011A0BBABAB,NovoRapid Penfill 100units/ml inj 3ml cartridges,48628.0,397107.0,2093384.91408,,2021-01-01,originator,119132100.0
0601011A0BBADAC,NovoRapid FlexPen 100units/ml inj 3ml pre-filled pens,80633.0,551016.0,3140137.36954,,2021-01-01,originator,165304800.0
0601011A0BBAEAC,NovoRapid FlexTouch 100units/ml inj 3ml pre-filled pens,3660.0,25986.0,155490.0996,,2021-01-01,originator,7795800.0
0601011A0BBAFAD,NovoRapid PumpCart 100units/ml inj 1.6ml cartridges,3731.0,59310.0,166758.04964,,2021-01-01,originator,9489600.0
0601011A0BCAAAC,Fiasp FlexTouch 100units/ml inj 3ml pre-filled pens,6047.0,37182.0,211905.11626,,2021-01-01,ultra-rapid,11154600.0
0601011A0BCABAB,Fiasp Penfill 100units/ml inj 3ml cartridges,3780.0,25728.0,135637.43875,,2021-01-01,ultra-rapid,7718400.0
0601011A0BCACAA,Fiasp 100units/ml solution for injection 10ml vials,2011.0,7789.0,102097.72727,,2021-01-01,ultra-rapid,7789000.0
0601011L0AAABAB,Insulin lispro 100units/ml solution for injection 10ml vials,297.0,1241.0,19189.153019999998,,2021-01-01,generic analogue,1241000.0
0601011L0AAACAC,Insulin lispro 100units/ml inj 3ml cartridges,554.0,5080.0,26778.96671,,2021-01-01,generic analogue,1524000.0
0601011L0AAAFAF,Insulin lispro 100units/ml inj 3ml pf dispos dev,228.0,1632.0,8953.94261,,2021-01-01,generic analogue,489600.0
0601011L0AAAGAG,Insulin lispro 200units/ml inj 3ml pf dispos dev,10.0,127.0,1393.24798,,2021-01-01,generic analogue,76200.0
0601011L0BBABAB,Humalog 100units/ml solution for injection 10ml vials,2832.0,11082.0,171357.89951000002,,2021-01-01,originator,11082000.0
0601011L0BBACAC,Humalog 100units/ml solution for injection 3ml cartridges,12437.0,106144.0,559544.8934,,2021-01-01,originator,31843200.0
0601011L0BBAFAF,Humalog Pen 100units/ml inj 3ml pre-filled pens,2.0,10.0,54.86462,,2021-01-01,originator,3000.0
0601011L0BBAGAF,Humalog KwikPen 100units/ml inj 3ml pre-filled pens,14953.0,105250.0,577457.62898,,2021-01-01,originator,31575000.0
0601011L0BBAHAG,Humalog KwikPen 200units/ml inj 3ml pre-filled pens,2364.0,19516.0,214094.54907,,2021-01-01,originator,11709600.0
0601011L0BBAIAF,Humalog Junior KwikPen 100units/ml inj 3ml pre-filled pens,344.0,1885.0,10344.14225,,2021-01-01,originator,565500.0
0601011L0BCAAAB,Insulin lispro Sanofi 100units/ml inj 10ml vials,13.0,39.0,512.70688,,2021-01-01,biosimilar,39000.0
0601011L0BCABAC,Insulin lispro Sanofi 100units/ml inj 3ml cartridges,48.0,400.0,1581.30746,,2021-01-01,biosimilar,120000.0
0601011L0BCACAF,Insulin lispro Sanofi 100units/ml inj 3ml pre-filled pens,191.0,1065.0,4385.04237,,2021-01-01,biosimilar,319500.0
0601011L0BDABAB,Lyumjev 100units/ml solution for injection 10ml vials,28.0,122.0,1886.43866,,2021-01-01,ultra-rapid,122000.0
0601011L0BDACAC,Lyumjev 100units/ml solution for injection 3ml cartridges,8.0,50.0,263.59467,,2021-01-01,ultra-rapid,15000.0
0601011L0BDADAF,Lyumjev KwikPen 100units/ml inj 3ml pre-filled pens,20.0,112.0,614.55026,,2021-01-01,ultra-rapid,33600.0
0601011L0BDAEAF,Lyumjev Junior KwikPen 100units/ml inj 3ml pre-filled pens,2.0,10.0,54.85222,,2021-01-01,ultra-rapid,3000.0
0601011N0AAAPAP,Insulin soluble human 100units/ml inj 3ml cartridges,1.0,5.0,17.77112,,2021-01-01,human soluble,1500.0
0601011N0BCAEAC,Hypurin Porcine Neutral 100units/ml inj 10ml vials,199.0,632.0,22278.72737,,2021-01-01,human soluble,632000.0
0601011N0BCAHAZ,Hypurin Porcine Neutral 100units/ml inj 3ml cartridges,227.0,2108.0,22296.07469,,2021-01-01,human soluble,632400.0
0601011N0BFAEAL,Actrapid 100units/ml solution for injection 10ml vials,464.0,1560.0,10866.04881,,2021-01-01,human soluble,1560000.0
0601011N0BHAAAL,Humulin S 100units/ml solution for injection 10ml vials,188.0,552.0,8062.00048,,2021-01-01,human soluble,552000.0
0601011N0BHADAP,Humulin S 100units/ml solution for injection 3ml cartridges,1733.0,15126.0,53751.70228,,2021-01-01,human soluble,4537800.0
0601011N0BKABAP,Insuman Rapid 100units/ml inj 3ml cartridges,129.0,923.0,3008.90218,,2021-01-01,human soluble,276900.0
0601011P0AAAAAA,Insulin glulisine 100units/ml inj 10ml vials,32.0,128.0,1906.57381,,2021-01-01,generic analogue,128000.0
0601011P0AAABAB,Insulin glulisine 100units/ml inj 3ml cartridges,20.0,170.0,895.81616,,2021-01-01,generic analogue,51000.0
0601011P0AAACAC,Insulin glulisine 100units/ml inj 3ml pf dispos dev,113.0,757.0,3989.80114,,2021-01-01,generic analogue,227100.0
0601011P0BBAAAA,Apidra 100units/ml solution for injection 10ml vials,415.0,1687.0,25127.39285,,2021-01-01,originator,1687000.0
0601011P0BBABAB,Apidra 100units/ml solution for injection 3ml cartridges,593.0,4690.0,24714.91627,,2021-01-01,originator,1407000.0
0601011P0BBAEAC,Apidra 100units/ml inj 3ml pre-filled SoloStar pens,6244.0,42842.0,225815.33075999998,,2021-01-01,originator,12852600.0
0601011R0BDAAAC,Insuman Infusat 100units/ml inj 3.15ml cartridges,3.0,40.0,1861.53821,,2021-01-01,human soluble,12600.0
0601011R0BEAAAE,Humulin R KwikPen 500units/ml inj 3ml pre-filled pens,6.0,55.0,3560.33923,,2021-01-01,human soluble,82500.0
0601011A0AAAAAA,Insulin aspart 100units/ml solution for injection 10ml vials,205.0,835.0,10952.90805,,2021-02-01,generic analogue,835000.0
0601011A0AAABAB,Insulin aspart 100units/ml inj 3ml cartridges,524.0,4529.0,23891.56068,,2021-02-01,generic analogue,1358700.0
0601011A0AAACAC,Insulin aspart 100units/ml inj 3ml pf dispos dev,258.0,1845.0,10521.01093,,2021-02-01,generic analogue,553500.0
0601011A0AAADAD,Insulin aspart 100units/ml inj 1.6ml cartridges,20.0,314.0,883.5866699999999,,2021-02-01,generic analogue,50240.0
0601011A0BBAAAA,NovoRapid 100units/ml solution for injection 10ml vials,13301.0,52960.0,694689.02382,,2021-02-01,originator,52960000.0
0601011A0BBABAB,NovoRapid Penfill 100units/ml inj 3ml cartridges,45158.0,367561.0,1939013.66638,,2021-02-01,originator,110268300.0
0601011A0BBADAC,NovoRapid FlexPen 100units/ml inj 3ml pre-filled pens,76327.0,519951.0,2965214.9350300003,,2021-02-01,originator,155985300.0
0601011A0BBAEAC,NovoRapid FlexTouch 100units/ml inj 3ml pre-filled pens,3531.0,25117.0,150395.55642,,2021-02-01,originator,7535100.0
0601011A0BBAFAD,NovoRapid PumpCart 100units/ml inj 1.6ml cartridges,3355.0,52626.0,148070.88521,,2021-02-01,originator,8420160.0
0601011A0BCAAAC,Fiasp FlexTouch 100units/ml inj 3ml pre-filled pens,5753.0,35404.0,201912.07158,,2021-02-01,ultra-rapid,10621200.0
0601011A0BCABAB,Fiasp Penfill 100units/ml inj 3ml cartridges,3546.0,24098.0,127132.72823,,2021-02-01,ultra-rapid,7229400.0
0601011A0BCACAA,Fiasp 100units/ml solution for injection 10ml vials,1874.0,7140.0,93661.20381,,2021-02-01,ultra-rapid,7140000.0
0601011L0AAABAB,Insulin lispro 100units/ml solution for injection 10ml vials,258.0,995.0,15396.51189,,2021-02-01,generic analogue,995000.0
0601011L0AAACAC,Insulin lispro 100units/ml inj 3ml cartridges,518.0,4541.0,23954.99217,,2021-02-01,generic analogue,1362300.0
0601011L0AAAFAF,Insulin lispro 100units/ml inj 3ml pf dispos dev,232.0,1632.0,8960.44616,,2021-02-01,generic analogue,489600.0
0601011L0AAAGAG,Insulin lispro 200units/ml inj 3ml pf dispos dev,13.0,132.0,1449.1279700000002,,2021-02-01,generic analogue,79200.0
0601011L0BBABAB,Humalog 100units/ml solution for injection 10ml vials,2590.0,10226.0,158233.76699,,2021-02-01,originator,10226000.0
0601011L0BBACAC,Humalog 100units/ml solution for injection 3ml cartridges,11527.0,99447.0,524609.12173,,2021-02-01,originator,29834100.0
0601011L0BBAFAF,Humalog Pen 100units/ml inj 3ml pre-filled pens,4.0,16.0,88.41014,,2021-02-01,originator,4800.0
0601011L0BBAGAF,Humalog KwikPen 100units/ml inj 3ml pre-filled pens,13885.0,97717.0,536535.08517,,2021-02-01,originator,29315100.0
0601011L0BBAHAG,Humalog KwikPen 200units/ml inj 3ml pre-filled pens,2215.0,18611.0,204310.13973,,2021-02-01,originator,11166600.0
0601011L0BBAIAF,Humalog Junior KwikPen 100units/ml inj 3ml pre-filled pens,349.0,1927.0,10582.20173,,2021-02-01,originator,578100.0
0601011L0BCAAAB,Insulin lispro Sanofi 100units/ml inj 10ml vials,12.0,46.0,605.11904,,2021-02-01,biosimilar,46000.0
0601011L0BCABAC,Insulin lispro Sanofi 100units/ml inj 3ml cartridges,34.0,329.0,1301.47281,,2021-02-01,biosimilar,98700.0
0601011L0BCACAF,Insulin lispro Sanofi 100units/ml inj 3ml pre-filled pens,223.0,1206.0,4969.26103,,2021-02-01,biosimilar,361800.0
0601011L0BDAAAG,Lyumjev KwikPen 200units/ml inj 3ml pre-filled pens,1.0,5.0,54.89115,,2021-02-01,ultra-rapid,3000.0
0601011L0BDABAB,Lyumjev 100units/ml solution for injection 10ml vials,20.0,71.0,1098.67058,,2021-02-01,ultra-rapid,71000.0
0601011L0BDACAC,Lyumjev 100units/ml solution for injection 3ml cartridges,4.0,35.0,184.62736,,2021-02-01,ultra-rapid,10500.0
0601011L0BDADAF,Lyumjev KwikPen 100units/ml inj 3ml pre-filled pens,30.0,170.0,933.31087,,2021-02-01,ultra-rapid,51000.0
0601011L0BDAEAF,Lyumjev Junior KwikPen 100units/ml inj 3ml pre-filled pens,3.0,15.0,82.34293,,2021-02-01,ultra-rapid,4500.0
0601011N0AAACAC,Insulin soluble porcine 100units/ml inj 10ml vials,1.0,6.0,211.64767,,2021-02-01,human soluble,6000.0
0601011N0BCAEAC,Hypurin Porcine Neutral 100units/ml inj 10ml vials,198.0,680.0,23987.66143,,2021-02-01,human soluble,680000.0
0601011N0BCAHAZ,Hypurin Porcine Neutral 100units/ml inj 3ml cartridges,197.0,1591.0,16840.57871,,2021-02-01,human soluble,477300.0
0601011N0BFAEAL,Actrapid 100units/ml solution for injection 10ml vials,398.0,1241.0,8650.44466,,2021-02-01,human soluble,1241000.0
0601011N0BHAAAL,Humulin S 100units/ml solution for injection 10ml vials,189.0,528.0,7713.38608,,2021-02-01,human soluble,528000.0
0601011N0BHADAP,Humulin S 100units/ml solution for injection 3ml cartridges,1608.0,13642.0,48512.83711,,2021-02-01,human soluble,4092600.0
0601011N0BKABAP,Insuman Rapid 100units/ml inj 3ml cartridges,129.0,995.0,3245.97733,,2021-02-01,human soluble,298500.0
0601011P0AAAAAA,Insulin glulisine 100units/ml inj 10ml vials,20.0,72.0,1073.23376,,2021-02-01,generic analogue,72000.0
0601011P0AAABAB,Insulin glulisine 100units/ml inj 3ml cartridges,18.0,135.0,711.91458,,2021-02-01,generic analogue,40500.0
0601011P0AAACAC,Insulin glulisine 100units/ml inj 3ml pf dispos dev,102.0,696.0,3672.80444,,2021-02-01,generic analogue,208800.0
0601011P0BBAAAA,Apidra 100units/ml solution for injection 10ml vials,368.0,1524.0,22715.67357,,2021-02-01,originator,1524000.0
0601011P0BBABAB,Apidra 100units/ml solution for injection 3ml cartridges,591.0,4616.0,24341.96846,,2021-02-01,originator,1384800.0
0601011P0BBAEAC,Apidra 100units/ml inj 3ml pre-filled SoloStar pens,5908.0,40410.0,213147.96127,,2021-02-01,originator,12123000.0
0601011R0BDAAAC,Insuman Infusat 100units/ml inj 3.15ml cartridges,2.0,10.0,465.71804,,2021-02-01,human soluble,3150.0
0601011R0BEAAAE,Humulin R KwikPen 500units/ml inj 3ml pre-filled pens,7.0,70.0,3382.80241,,2021-02-01,human soluble,105000.0
0601011A0AAAAAA,Insulin aspart 100units/ml solution for injection 10ml vials,228.0,932.0,12213.55706,,2021-03-01,generic analogue,932000.0
0601011A0AAABAB,Insulin aspart 100units/ml inj 3ml cartridges,540.0,4861.0,25618.172140000002,,2021-03-01,generic analogue,1458300.0
0601011A0AAACAC,Insulin aspart 100units/ml inj 3ml pf dispos dev,277.0,1834.0,10449.16213,,2021-03-01,generic analogue,550200.0
0601011A0AAADAD,Insulin aspart 100units/ml inj 1.6ml cartridges,18.0,300.0,843.276,,2021-03-01,generic analogue,48000.0
0601011A0BBAAAA,NovoRapid 100units/ml solution for injection 10ml vials,15203.0,60335.0,790682.63963,,2021-03-01,originator,60335000.0
0601011A0BBABAB,NovoRapid Penfill 100units/ml inj 3ml cartridges,50303.0,406181.0,2140733.42885,,2021-03-01,originator,121854300.0
0601011A0BBADAC,NovoRapid FlexPen 100units/ml inj 3ml pre-filled pens,84734.0,576375.0,3283867.8942,,2021-03-01,originator,172912500.0
0601011A0BBAEAC,NovoRapid FlexTouch 100units/ml inj 3ml pre-filled pens,3890.0,27367.0,163712.22056,,2021-03-01,originator,8210100.0
0601011A0BBAFAD,NovoRapid PumpCart 100units/ml inj 1.6ml cartridges,3697.0,58860.0,165452.07579,,2021-03-01,originator,9417600.0
0601011A0BCAAAC,Fiasp FlexTouch 100units/ml inj 3ml pre-filled pens,6668.0,41076.0,234039.20996,,2021-03-01,ultra-rapid,12322800.0
0601011A0BCABAB,Fiasp Penfill 100units/ml inj 3ml cartridges,4118.0,27446.0,144658.35546,,2021-03-01,ultra-rapid,8233800.0
0601011A0BCACAA,Fiasp 100units/ml solution for injection 10ml vials,2145.0,7970.0,104445.50729,,2021-03-01,ultra-rapid,7970000.0
0601011L0AAABAB,Insulin lispro 100units/ml solution for injection 10ml vials,290.0,1175.0,18164.23439,,2021-03-01,generic analogue,1175000.0
0601011L0AAACAC,Insulin lispro 100units/ml inj 3ml cartridges,550.0,4875.0,25692.199,,2021-03-01,generic analogue,1462500.0
0601011L0AAAFAF,Insulin lispro 100units/ml inj 3ml pf dispos dev,263.0,1849.0,10142.224320000001,,2021-03-01,generic analogue,554700.0
0601011L0AAAGAG,Insulin lispro 200units/ml inj 3ml pf dispos dev,13.0,76.0,833.6056,,2021-03-01,generic analogue,45600.0
0601011L0BBABAB,Humalog 100units/ml solution for injection 10ml vials,2900.0,11246.0,173855.14592,,2021-03-01,originator,11246000.0
0601011L0BBACAC,Humalog 100units/ml solution for injection 3ml cartridges,12865.0,109633.0,577794.00446,,2021-03-01,originator,32889900.0
0601011L0BBAFAF,Humalog Pen 100units/ml inj 3ml pre-filled pens,2.0,10.0,54.85114,,2021-03-01,originator,3000.0
0601011L0BBAGAF,Humalog KwikPen 100units/ml inj 3ml pre-filled pens,15599.0,109162.0,598794.13561,,2021-03-01,originator,32748600.0
0601011L0BBAHAG,Humalog KwikPen 200units/ml inj 3ml pre-filled pens,2455.0,20174.0,221269.79816,,2021-03-01,originator,12104400.0
0601011L0BBAIAF,Humalog Junior KwikPen 100units/ml inj 3ml pre-filled pens,401.0,2264.0,12422.219340000001,,2021-03-01,originator,679200.0
0601011L0BCAAAB,Insulin lispro Sanofi 100units/ml inj 10ml vials,16.0,45.0,591.4396,,2021-03-01,biosimilar,45000.0
0601011L0BCABAC,Insulin lispro Sanofi 100units/ml inj 3ml cartridges,49.0,396.0,1565.11893,,2021-03-01,biosimilar,118800.0
0601011L0BCACAF,Insulin lispro Sanofi 100units/ml inj 3ml pre-filled pens,218.0,1180.0,4857.085,,2021-03-01,biosimilar,354000.0
0601011L0BDAAAG,Lyumjev KwikPen 200units/ml inj 3ml pre-filled pens,3.0,15.0,164.51624999999999,,2021-03-01,ultra-rapid,9000.0
0601011L0BDABAB,Lyumjev 100units/ml solution for injection 10ml vials,30.0,120.0,1855.0633699999998,,2021-03-01,ultra-rapid,120000.0
0601011L0BDACAC,Lyumjev 100units/ml solution for injection 3ml cartridges,10.0,60.0,316.24087,,2021-03-01,ultra-rapid,18000.0
0601011L0BDADAF,Lyumjev KwikPen 100units/ml inj 3ml pre-filled pens,53.0,312.0,1711.53546,,2021-03-01,ultra-rapid,93600.0
0601011L0BDAEAF,Lyumjev Junior KwikPen 100units/ml inj 3ml pre-filled pens,12.0,60.0,329.09445,,2021-03-01,ultra-rapid,18000.0
0601011N0AAALAL,Insulin soluble human 100units/ml inj 10ml vials,1.0,4.0,58.37473,,2021-03-01,human soluble,4000.0
0601011N0AAAPAP,Insulin soluble human 100units/ml inj 3ml cartridges,1.0,5.0,17.76676,,2021-03-01,human soluble,1500.0
0601011N0BCAEAC,Hypurin Porcine Neutral 100units/ml inj 10ml vials,213.0,620.0,21850.56283,,2021-03-01,human soluble,620000.0
0601011N0BCAHAZ,Hypurin Porcine Neutral 100units/ml inj 3ml cartridges,211.0,1943.0,20545.43195,,2021-03-01,human soluble,582900.0
0601011N0BFAEAL,Actrapid 100units/ml solution for injection 10ml vials,429.0,1390.0,9679.76938,,2021-03-01,human soluble,1390000.0
0601011N0BHAAAL,Humulin S 100units/ml solution for injection 10ml vials,204.0,582.0,8497.83816,,2021-03-01,human soluble,582000.0
0601011N0BHADAP,Humulin S 100units/ml solution for injection 3ml cartridges,1772.0,15492.0,55036.21274,,2021-03-01,human soluble,4647600.0
0601011N0BKABAP,Insuman Rapid 100units/ml inj 3ml cartridges,130.0,909.0,2962.76813,,2021-03-01,human soluble,272700.0
0601011P0AAAAAA,Insulin glulisine 100units/ml inj 10ml vials,33.0,126.0,1876.3413,,2021-03-01,generic analogue,126000.0
0601011P0AAABAB,Insulin glulisine 100units/ml inj 3ml cartridges,20.0,180.0,948.25131,,2021-03-01,generic analogue,54000.0
0601011P0AAACAC,Insulin glulisine 100units/ml inj 3ml pf dispos dev,127.0,851.0,4483.88246,,2021-03-01,generic analogue,255300.0
0601011P0BBAAAA,Apidra 100units/ml solution for injection 10ml vials,415.0,1683.0,25061.66863,,2021-03-01,originator,1683000.0
0601011P0BBABAB,Apidra 100units/ml solution for injection 3ml cartridges,623.0,4749.0,25020.04543,,2021-03-01,originator,1424700.0
0601011P0BBAEAC,Apidra 100units/ml inj 3ml pre-filled SoloStar pens,6460.0,44523.0,234620.4689,,2021-03-01,originator,13356900.0
0601011R0BEAAAE,Humulin R KwikPen 500units/ml inj 3ml pre-filled pens,9.0,62.0,3691.40265,,2021-03-01,human soluble,93000.0
0601011A0AAAAAA,Insulin aspart 100units/ml solution for injection 10ml vials,213.0,944.0,12382.54473,,2021-04-01,generic analogue,944000.0
0601011A0AAABAB,Insulin aspart 100units/ml inj 3ml cartridges,545.0,5081.0,26802.82144,,2021-04-01,generic analogue,1524300.0
0601011A0AAACAC,Insulin aspart 100units/ml inj 3ml pf dispos dev,270.0,1814.0,10345.09632,,2021-04-01,generic analogue,544200.0
0601011A0AAADAD,Insulin aspart 100units/ml inj 1.6ml cartridges,18.0,320.0,900.345,,2021-04-01,generic analogue,51200.0
0601011A0BBAAAA,NovoRapid 100units/ml solution for injection 10ml vials,15013.0,59892.0,785623.27692,,2021-04-01,originator,59892000.0
0601011A0BBABAB,NovoRapid Penfill 100units/ml inj 3ml cartridges,49375.0,402669.0,2124224.88464,,2021-04-01,originator,120800700.0
0601011A0BBADAC,NovoRapid FlexPen 100units/ml inj 3ml pre-filled pens,83333.0,568272.0,3240812.09936,,2021-04-01,originator,170481600.0
0601011A0BBAEAC,NovoRapid FlexTouch 100units/ml inj 3ml pre-filled pens,3836.0,27242.0,163121.57138,,2021-04-01,originator,8172600.0
0601011A0BBAFAD,NovoRapid PumpCart 100units/ml inj 1.6ml cartridges,3627.0,57745.0,162473.61442,,2021-04-01,originator,9239200.0
0601011A0BCAAAC,Fiasp FlexTouch 100units/ml inj 3ml pre-filled pens,6790.0,42120.0,240216.45351,,2021-04-01,ultra-rapid,12636000.0
0601011A0BCABAB,Fiasp Penfill 100units/ml inj 3ml cartridges,4244.0,28558.0,150670.26552,,2021-04-01,ultra-rapid,8567400.0
0601011A0BCACAA,Fiasp 100units/ml solution for injection 10ml vials,2262.0,8682.0,113884.88869,,2021-04-01,ultra-rapid,8682000.0
0601011L0AAABAB,Insulin lispro 100units/ml solution for injection 10ml vials,278.0,1120.0,17330.69264,,2021-04-01,generic analogue,1120000.0
0601011L0AAACAC,Insulin lispro 100units/ml inj 3ml cartridges,535.0,4820.0,25426.43243,,2021-04-01,generic analogue,1446000.0
0601011L0AAAFAF,Insulin lispro 100units/ml inj 3ml pf dispos dev,230.0,1684.0,9245.7317,,2021-04-01,generic analogue,505200.0
0601011L0AAAGAG,Insulin lispro 200units/ml inj 3ml pf dispos dev,13.0,100.0,1097.73106,,2021-04-01,generic analogue,60000.0
0601011L0BBABAB,Humalog 100units/ml solution for injection 10ml vials,2919.0,11373.0,175983.54297,,2021-04-01,originator,11373000.0
0601011L0BBACAC,Humalog 100units/ml solution for injection 3ml cartridges,12493.0,106940.0,564146.93919,,2021-04-01,originator,32082000.0
0601011L0BBAFAF,Humalog Pen 100units/ml inj 3ml pre-filled pens,4.0,12.0,66.11945,,2021-04-01,originator,3600.0
0601011L0BBAGAF,Humalog KwikPen 100units/ml inj 3ml pre-filled pens,15351.0,107462.0,590022.50092,,2021-04-01,originator,32238600.0
0601011L0BBAHAG,Humalog KwikPen 200units/ml inj 3ml pre-filled pens,2492.0,20570.0,225819.09233,,2021-04-01,originator,12342000.0
0601011L0BBAIAF,Humalog Junior KwikPen 100units/ml inj 3ml pre-filled pens,403.0,2339.0,12843.28227,,2021-04-01,originator,701700.0
0601011L0BCAAAB,Insulin lispro Sanofi 100units/ml inj 10ml vials,14.0,51.0,670.9059,,2021-04-01,biosimilar,51000.0
0601011L0BCABAC,Insulin lispro Sanofi 100units/ml inj 3ml cartridges,46.0,395.0,1562.6536700000001,,2021-04-01,biosimilar,118500.0
0601011L0BCACAF,Insulin lispro Sanofi 100units/ml inj 3ml pre-filled pens,245.0,1408.0,5800.96036,,2021-04-01,biosimilar,422400.0
0601011L0BDAAAG,Lyumjev KwikPen 200units/ml inj 3ml pre-filled pens,7.0,27.0,296.62655,,2021-04-01,ultra-rapid,16200.0
0601011L0BDABAB,Lyumjev 100units/ml solution for injection 10ml vials,52.0,173.0,2677.0759,,2021-04-01,ultra-rapid,173000.0
0601011L0BDACAC,Lyumjev 100units/ml solution for injection 3ml cartridges,24.0,187.0,986.56067,,2021-04-01,ultra-rapid,56100.0
0601011L0BDADAF,Lyumjev KwikPen 100units/ml inj 3ml pre-filled pens,96.0,590.0,3249.54578,,2021-04-01,ultra-rapid,177000.0
0601011L0BDAEAF,Lyumjev Junior KwikPen 100units/ml inj 3ml pre-filled pens,16.0,90.0,494.08566,,2021-04-01,ultra-rapid,27000.0
0601011N0AAACAC,Insulin soluble porcine 100units/ml inj 10ml vials,1.0,3.0,105.83073,,2021-04-01,human soluble,3000.0
0601011N0AAAPAP,Insulin soluble human 100units/ml inj 3ml cartridges,1.0,5.0,17.78384,,2021-04-01,human soluble,1500.0
0601011N0BCAEAC,Hypurin Porcine Neutral 100units/ml inj 10ml vials,223.0,708.0,24975.80446,,2021-04-01,human soluble,708000.0
0601011N0BCAHAZ,Hypurin Porcine Neutral 100units/ml inj 3ml cartridges,219.0,1959.0,20735.51449,,2021-04-01,human soluble,587700.0
0601011N0BFAEAL,Actrapid 100units/ml solution for injection 10ml vials,413.0,1221.0,8511.37166,,2021-04-01,human soluble,1221000.0
0601011N0BHAAAL,Humulin S 100units/ml solution for injection 10ml vials,185.0,519.0,7581.89632,,2021-04-01,human soluble,519000.0
0601011N0BHADAP,Humulin S 100units/ml solution for injection 3ml cartridges,1728.0,14852.0,52816.03319,,2021-04-01,human soluble,4455600.0
0601011N0BKABAP,Insuman Rapid 100units/ml inj 3ml cartridges,127.0,922.0,3008.40895,,2021-04-01,human soluble,276600.0
0601011P0AAAAAA,Insulin glulisine 100units/ml inj 10ml vials,24.0,99.0,1475.6627799999999,,2021-04-01,generic analogue,99000.0
0601011P0AAABAB,Insulin glulisine 100units/ml inj 3ml cartridges,21.0,175.0,922.82934,,2021-04-01,generic analogue,52500.0
0601011P0AAACAC,Insulin glulisine 100units/ml inj 3ml pf dispos dev,115.0,784.0,4135.22249,,2021-04-01,generic analogue,235200.0
0601011P0BBAAAA,Apidra 100units/ml solution for injection 10ml vials,421.0,1760.0,26233.38916,,2021-04-01,originator,1760000.0
0601011P0BBABAB,Apidra 100units/ml solution for injection 3ml cartridges,636.0,4912.0,25903.45885,,2021-04-01,originator,1473600.0
0601011P0BBAEAC,Apidra 100units/ml inj 3ml pre-filled SoloStar pens,6430.0,43972.0,231942.38251,,2021-04-01,originator,13191600.0
0601011R0BEAAAE,Humulin R KwikPen 500units/ml inj 3ml pre-filled pens,9.0,64.0,2285.348,,2021-04-01,human soluble,96000.0
0601011A0AAAAAA,Insulin aspart 100units/ml solution for injection 10ml vials,231.0,962.0,12623.58536,,2021-05-01,generic analogue,962000.0
0601011A0AAABAB,Insulin aspart 100units/ml inj 3ml cartridges,551.0,4788.0,25267.48239,,2021-05-01,generic analogue,1436400.0
0601011A0AAACAC,Insulin aspart 100units/ml inj 3ml pf dispos dev,283.0,1836.0,10474.79867,,2021-05-01,generic analogue,550800.0
0601011A0AAADAD,Insulin aspart 100units/ml inj 1.6ml cartridges,18.0,335.0,942.89364,,2021-05-01,generic analogue,53600.0
0601011A0BBAAAA,NovoRapid 100units/ml solution for injection 10ml vials,14724.0,58754.0,770999.7387699999,,2021-05-01,originator,58754000.0
0601011A0BBABAB,NovoRapid Penfill 100units/ml inj 3ml cartridges,47217.0,383398.0,2023331.22517,,2021-05-01,originator,115019400.0
0601011A0BBADAC,NovoRapid FlexPen 100units/ml inj 3ml pre-filled pens,79821.0,544117.0,3104240.81942,,2021-05-01,originator,163235100.0
0601011A0BBAEAC,NovoRapid FlexTouch 100units/ml inj 3ml pre-filled pens,3793.0,26787.0,160458.59365,,2021-05-01,originator,8036100.0
0601011A0BBAFAD,NovoRapid PumpCart 100units/ml inj 1.6ml cartridges,3386.0,53894.0,151696.11503,,2021-05-01,originator,8623040.0
0601011A0BCAAAC,Fiasp FlexTouch 100units/ml inj 3ml pre-filled pens,6701.0,41156.0,234801.2488,,2021-05-01,ultra-rapid,12346800.0
0601011A0BCABAB,Fiasp Penfill 100units/ml inj 3ml cartridges,4198.0,28315.0,149442.38482,,2021-05-01,ultra-rapid,8494500.0
0601011A0BCACAA,Fiasp 100units/ml solution for injection 10ml vials,2250.0,8504.0,111592.2048,,2021-05-01,ultra-rapid,8504000.0
0601011L0AAABAB,Insulin lispro 100units/ml solution for injection 10ml vials,269.0,1080.0,16718.04997,,2021-05-01,generic analogue,1080000.0
0601011L0AAACAC,Insulin lispro 100units/ml inj 3ml cartridges,526.0,4703.0,24819.087480000002,,2021-05-01,generic analogue,1410900.0
0601011L0AAAFAF,Insulin lispro 100units/ml inj 3ml pf dispos dev,254.0,1740.0,9557.10577,,2021-05-01,generic analogue,522000.0
0601011L0AAAGAG,Insulin lispro 200units/ml inj 3ml pf dispos dev,15.0,105.0,1153.06969,,2021-05-01,generic analogue,63000.0
0601011L0BBABAB,Humalog 100units/ml solution for injection 10ml vials,2904.0,11516.0,178263.23931,,2021-05-01,originator,11516000.0
0601011L0BBACAC,Humalog 100units/ml solution for injection 3ml cartridges,11872.0,101841.0,537444.87668,,2021-05-01,originator,30552300.0
0601011L0BBAFAF,Humalog Pen 100units/ml inj 3ml pre-filled pens,4.0,25.0,137.29913,,2021-05-01,originator,7500.0
0601011L0BBAGAF,Humalog KwikPen 100units/ml inj 3ml pre-filled pens,14452.0,101467.0,557326.2631,,2021-05-01,originator,30440100.0
0601011L0BBAHAG,Humalog KwikPen 200units/ml inj 3ml pre-filled pens,2358.0,19398.0,213033.04671,,2021-05-01,originator,11638800.0
0601011L0BBAIAF,Humalog Junior KwikPen 100units/ml inj 3ml pre-filled pens,357.0,1930.0,10604.52693,,2021-05-01,originator,579000.0
0601011L0BCAAAB,Insulin lispro Sanofi 100units/ml inj 10ml vials,7.0,14.0,184.27883,,2021-05-01,biosimilar,14000.0
0601011L0BCABAC,Insulin lispro Sanofi 100units/ml inj 3ml cartridges,43.0,407.0,1610.83909,,2021-05-01,biosimilar,122100.0
0601011L0BCACAF,Insulin lispro Sanofi 100units/ml inj 3ml pre-filled pens,257.0,1518.0,6255.53449,,2021-05-01,biosimilar,455400.0
0601011L0BDAAAG,Lyumjev KwikPen 200units/ml inj 3ml pre-filled pens,10.0,42.0,461.47498,,2021-05-01,ultra-rapid,25200.0
0601011L0BDABAB,Lyumjev 100units/ml solution for injection 10ml vials,87.0,312.0,4829.74074,,2021-05-01,ultra-rapid,312000.0
0601011L0BDACAC,Lyumjev 100units/ml solution for injection 3ml cartridges,33.0,235.0,1240.19271,,2021-05-01,ultra-rapid,70500.0
0601011L0BDADAF,Lyumjev KwikPen 100units/ml inj 3ml pre-filled pens,128.0,801.0,4399.14808,,2021-05-01,ultra-rapid,240300.0
0601011L0BDAEAF,Lyumjev Junior KwikPen 100units/ml inj 3ml pre-filled pens,18.0,105.0,576.64647,,2021-05-01,ultra-rapid,31500.0
0601011N0AAACAC,Insulin soluble porcine 100units/ml inj 10ml vials,1.0,5.0,183.52425,,2021-05-01,human soluble,5000.0
0601011N0BCAEAC,Hypurin Porcine Neutral 100units/ml inj 10ml vials,190.0,645.0,23675.26079,,2021-05-01,human soluble,645000.0
0601011N0BCAHAZ,Hypurin Porcine Neutral 100units/ml inj 3ml cartridges,212.0,1815.0,19986.1778,,2021-05-01,human soluble,544500.0
0601011N0BFAEAL,Actrapid 100units/ml solution for injection 10ml vials,405.0,1263.0,8807.3299,,2021-05-01,human soluble,1263000.0
0601011N0BHAAAL,Humulin S 100units/ml solution for injection 10ml vials,167.0,493.0,7204.7180100000005,,2021-05-01,human soluble,493000.0
0601011N0BHADAP,Humulin S 100units/ml solution for injection 3ml cartridges,1614.0,14045.0,49964.41595,,2021-05-01,human soluble,4213500.0
0601011N0BKABAP,Insuman Rapid 100units/ml inj 3ml cartridges,133.0,1048.0,3420.0405,,2021-05-01,human soluble,314400.0
0601011P0AAAAAA,Insulin glulisine 100units/ml inj 10ml vials,25.0,101.0,1506.0483,,2021-05-01,generic analogue,101000.0
0601011P0AAABAB,Insulin glulisine 100units/ml inj 3ml cartridges,16.0,155.0,817.63915,,2021-05-01,generic analogue,46500.0
0601011P0AAACAC,Insulin glulisine 100units/ml inj 3ml pf dispos dev,120.0,859.0,4535.19195,,2021-05-01,generic analogue,257700.0
0601011P0BBAAAA,Apidra 100units/ml solution for injection 10ml vials,359.0,1420.0,21173.7416,,2021-05-01,originator,1420000.0
0601011P0BBABAB,Apidra 100units/ml solution for injection 3ml cartridges,597.0,4775.0,25190.01938,,2021-05-01,originator,1432500.0
0601011P0BBAEAC,Apidra 100units/ml inj 3ml pre-filled SoloStar pens,6068.0,41386.0,218374.06167999998,,2021-05-01,originator,12415800.0
0601011R0BDAAAC,Insuman Infusat 100units/ml inj 3.15ml cartridges,1.0,15.0,698.83896,,2021-05-01,human soluble,4725.0
0601011R0BEAAAE,Humulin R KwikPen 500units/ml inj 3ml pre-filled pens,12.0,96.0,4945.6263,,2021-05-01,human soluble,144000.0
0601011A0AAAAAA,Insulin aspart 100units/ml solution for injection 10ml vials,248.0,1036.0,13586.53944,,2021-06-01,generic analogue,1036000.0
0601011A0AAABAB,Insulin aspart 100units/ml inj 3ml cartridges,546.0,4693.0,24751.4432,,2021-06-01,generic analogue,1407900.0
0601011A0AAACAC,Insulin aspart 100units/ml inj 3ml pf dispos dev,272.0,1902.0,10844.49817,,2021-06-01,generic analogue,570600.0
0601011A0AAADAD,Insulin aspart 100units/ml inj 1.6ml cartridges,19.0,330.0,928.2707,,2021-06-01,generic analogue,52800.0
0601011A0BBAAAA,NovoRapid 100units/ml solution for injection 10ml vials,16313.0,65434.0,858130.82391,,2021-06-01,originator,65434000.0
0601011A0BBABAB,NovoRapid Penfill 100units/ml inj 3ml cartridges,51404.0,418618.0,2207879.81133,,2021-06-01,originator,125585400.0
0601011A0BBADAC,NovoRapid FlexPen 100units/ml inj 3ml pre-filled pens,86062.0,585217.0,3336719.90161,,2021-06-01,originator,175565100.0
0601011A0BBAEAC,NovoRapid FlexTouch 100units/ml inj 3ml pre-filled pens,4029.0,28317.0,169523.05692,,2021-06-01,originator,8495100.0
0601011A0BBAFAD,NovoRapid PumpCart 100units/ml inj 1.6ml cartridges,3544.0,56330.0,158458.16134,,2021-06-01,originator,9012800.0
0601011A0BCAAAC,Fiasp FlexTouch 100units/ml inj 3ml pre-filled pens,7422.0,45920.0,261834.52693,,2021-06-01,ultra-rapid,13776000.0
0601011A0BCABAB,Fiasp Penfill 100units/ml inj 3ml cartridges,4769.0,32183.0,169751.77538,,2021-06-01,ultra-rapid,9654900.0
0601011A0BCACAA,Fiasp 100units/ml solution for injection 10ml vials,2496.0,9580.0,125640.40813,,2021-06-01,ultra-rapid,9580000.0
0601011A0BDABAC,Trurapi 100units/ml inj 3ml pre-filled Solostar pens,1.0,4.0,15.961,,2021-06-01,biosimilar,1200.0
0601011L0AAABAB,Insulin lispro 100units/ml solution for injection 10ml vials,279.0,1148.0,17759.98969,,2021-06-01,generic analogue,1148000.0
0601011L0AAACAC,Insulin lispro 100units/ml inj 3ml cartridges,552.0,4800.0,25316.103329999998,,2021-06-01,generic analogue,1440000.0
0601011L0AAAFAF,Insulin lispro 100units/ml inj 3ml pf dispos dev,257.0,1925.0,10567.14577,,2021-06-01,generic analogue,577500.0
0601011L0AAAGAG,Insulin lispro 200units/ml inj 3ml pf dispos dev,12.0,96.0,1053.69351,,2021-06-01,generic analogue,57600.0
0601011L0BBABAB,Humalog 100units/ml solution for injection 10ml vials,3065.0,12118.0,187470.08164,,2021-06-01,originator,12118000.0
0601011L0BBACAC,Humalog 100units/ml solution for injection 3ml cartridges,12757.0,109590.0,577992.60774,,2021-06-01,originator,32877000.0
0601011L0BBAFAF,Humalog Pen 100units/ml inj 3ml pre-filled pens,5.0,27.0,148.41809,,2021-06-01,originator,8100.0
0601011L0BBAGAF,Humalog KwikPen 100units/ml inj 3ml pre-filled pens,15962.0,112341.0,616671.14586,,2021-06-01,originator,33702300.0
0601011L0BBAHAG,Humalog KwikPen 200units/ml inj 3ml pre-filled pens,2601.0,21681.0,237965.54629,,2021-06-01,originator,13008600.0
0601011L0BBAIAF,Humalog Junior KwikPen 100units/ml inj 3ml pre-filled pens,458.0,2588.0,14210.09748,,2021-06-01,originator,776400.0
0601011L0BCAAAB,Insulin lispro Sanofi 100units/ml inj 10ml vials,22.0,71.0,933.83307,,2021-06-01,biosimilar,71000.0
0601011L0BCABAC,Insulin lispro Sanofi 100units/ml inj 3ml cartridges,52.0,421.0,1665.29221,,2021-06-01,biosimilar,126300.0
0601011L0BCACAF,Insulin lispro Sanofi 100units/ml inj 3ml pre-filled pens,262.0,1527.0,6289.06463,,2021-06-01,biosimilar,458100.0
0601011L0BDAAAG,Lyumjev KwikPen 200units/ml inj 3ml pre-filled pens,10.0,51.0,559.86478,,2021-06-01,ultra-rapid,30600.0
0601011L0BDABAB,Lyumjev 100units/ml solution for injection 10ml vials,105.0,372.0,5755.13434,,2021-06-01,ultra-rapid,372000.0
0601011L0BDACAC,Lyumjev 100units/ml solution for injection 3ml cartridges,51.0,368.0,1941.0153400000002,,2021-06-01,ultra-rapid,110400.0
0601011L0BDADAF,Lyumjev KwikPen 100units/ml inj 3ml pre-filled pens,148.0,907.0,4988.74079,,2021-06-01,ultra-rapid,272100.0
0601011L0BDAEAF,Lyumjev Junior KwikPen 100units/ml inj 3ml pre-filled pens,22.0,116.0,636.81694,,2021-06-01,ultra-rapid,34800.0
0601011N0AAALAL,Insulin soluble human 100units/ml inj 10ml vials,1.0,4.0,58.41812,,2021-06-01,human soluble,4000.0
0601011N0BCAEAC,Hypurin Porcine Neutral 100units/ml inj 10ml vials,222.0,733.0,26889.36378,,2021-06-01,human soluble,733000.0
0601011N0BCAHAZ,Hypurin Porcine Neutral 100units/ml inj 3ml cartridges,209.0,1922.0,21151.53988,,2021-06-01,human soluble,576600.0
0601011N0BFAEAL,Actrapid 100units/ml solution for injection 10ml vials,411.0,1302.0,9073.88856,,2021-06-01,human soluble,1302000.0
0601011N0BHAAAL,Humulin S 100units/ml solution for injection 10ml vials,193.0,583.0,8514.81603,,2021-06-01,human soluble,583000.0
0601011N0BHADAP,Humulin S 100units/ml solution for injection 3ml cartridges,1699.0,14800.0,52618.63568,,2021-06-01,human soluble,4440000.0
0601011N0BKABAP,Insuman Rapid 100units/ml inj 3ml cartridges,146.0,1067.0,3480.3286000000003,,2021-06-01,human soluble,320100.0
0601011P0AAAAAA,Insulin glulisine 100units/ml inj 10ml vials,23.0,66.0,983.64678,,2021-06-01,generic analogue,66000.0
0601011P0AAABAB,Insulin glulisine 100units/ml inj 3ml cartridges,20.0,145.0,764.49506,,2021-06-01,generic analogue,43500.0
0601011P0AAACAC,Insulin glulisine 100units/ml inj 3ml pf dispos dev,120.0,785.0,4139.36351,,2021-06-01,generic analogue,235500.0
0601011P0BBAAAA,Apidra 100units/ml solution for injection 10ml vials,408.0,1652.0,24618.2775,,2021-06-01,originator,1652000.0
0601011P0BBABAB,Apidra 100units/ml solution for injection 3ml cartridges,655.0,4984.0,26277.53025,,2021-06-01,originator,1495200.0
0601011P0BBAEAC,Apidra 100units/ml inj 3ml pre-filled SoloStar pens,6534.0,44676.0,235594.04341,,2021-06-01,originator,13402800.0
0601011R0BDAAAC,Insuman Infusat 100units/ml inj 3.15ml cartridges,3.0,40.0,1862.45202,,2021-06-01,human soluble,12600.0
0601011R0BEAAAE,Humulin R KwikPen 500units/ml inj 3ml pre-filled pens,7.0,45.0,1525.6122500000001,,2021-06-01,human soluble,67500.0
0601011A0AAAAAA,Insulin aspart 100units/ml solution for injection 10ml vials,234.0,1005.0,13198.22632,,2021-07-01,generic analogue,1005000.0
0601011A0AAABAB,Insulin aspart 100units/ml inj 3ml cartridges,519.0,4563.0,24099.38341,,2021-07-01,generic analogue,1368900.0
0601011A0AAACAC,Insulin aspart 100units/ml inj 3ml pf dispos dev,262.0,1829.0,10442.704240000001,,2021-07-01,generic analogue,548700.0
0601011A0AAADAD,Insulin aspart 100units/ml inj 1.6ml cartridges,18.0,310.0,873.2388900000001,,2021-07-01,generic analogue,49600.0
0601011A0BBAAAA,NovoRapid 100units/ml solution for injection 10ml vials,16858.0,66926.0,878917.50379,,2021-07-01,originator,66926000.0
0601011A0BBABAB,NovoRapid Penfill 100units/ml inj 3ml cartridges,51315.0,416969.0,2202241.49753,,2021-07-01,originator,125090700.0
0601011A0BBADAC,NovoRapid FlexPen 100units/ml inj 3ml pre-filled pens,86675.0,591377.0,3376524.36073,,2021-07-01,originator,177413100.0
0601011A0BBAEAC,NovoRapid FlexTouch 100units/ml inj 3ml pre-filled pens,4063.0,28805.0,172681.72919,,2021-07-01,originator,8641500.0
0601011A0BBAFAD,NovoRapid PumpCart 100units/ml inj 1.6ml cartridges,3524.0,56908.0,160305.99533,,2021-07-01,originator,9105280.0
0601011A0BCAAAC,Fiasp FlexTouch 100units/ml inj 3ml pre-filled pens,7710.0,47501.0,271227.61137,,2021-07-01,ultra-rapid,14250300.0
0601011A0BCABAB,Fiasp Penfill 100units/ml inj 3ml cartridges,4924.0,33499.0,176937.76512,,2021-07-01,ultra-rapid,10049700.0
0601011A0BCACAA,Fiasp 100units/ml solution for injection 10ml vials,2611.0,10072.0,132272.62971,,2021-07-01,ultra-rapid,10072000.0
0601011A0BDABAC,Trurapi 100units/ml inj 3ml pre-filled Solostar pens,1.0,4.0,15.98322,,2021-07-01,biosimilar,1200.0
0601011L0AAABAB,Insulin lispro 100units/ml solution for injection 10ml vials,277.0,1143.0,17707.26118,,2021-07-01,generic analogue,1143000.0
0601011L0AAACAC,Insulin lispro 100units/ml inj 3ml cartridges,531.0,4995.0,26380.73897,,2021-07-01,generic analogue,1498500.0
0601011L0AAAFAF,Insulin lispro 100units/ml inj 3ml pf dispos dev,222.0,1558.0,8564.86079,,2021-07-01,generic analogue,467400.0
0601011L0AAAGAG,Insulin lispro 200units/ml inj 3ml pf dispos dev,13.0,101.0,1110.11575,,2021-07-01,generic analogue,60600.0
0601011L0BBABAB,Humalog 100units/ml solution for injection 10ml vials,3073.0,11993.0,185794.87111,,2021-07-01,originator,11993000.0
0601011L0BBACAC,Humalog 100units/ml solution for injection 3ml cartridges,12787.0,109676.0,579257.18405,,2021-07-01,originator,32902800.0
0601011L0BBAFAF,Humalog Pen 100units/ml inj 3ml pre-filled pens,3.0,15.0,82.54567,,2021-07-01,originator,4500.0
0601011L0BBAGAF,Humalog KwikPen 100units/ml inj 3ml pre-filled pens,15641.0,109972.0,604511.38335,,2021-07-01,originator,32991600.0
0601011L0BBAHAG,Humalog KwikPen 200units/ml inj 3ml pre-filled pens,2602.0,21577.0,237153.27644,,2021-07-01,originator,12946200.0
0601011L0BBAIAF,Humalog Junior KwikPen 100units/ml inj 3ml pre-filled pens,454.0,2424.0,13327.61072,,2021-07-01,originator,727200.0
0601011L0BCAAAB,Insulin lispro Sanofi 100units/ml inj 10ml vials,14.0,45.0,592.69035,,2021-07-01,biosimilar,45000.0
0601011L0BCABAC,Insulin lispro Sanofi 100units/ml inj 3ml cartridges,51.0,468.0,1853.5762200000001,,2021-07-01,biosimilar,140400.0
0601011L0BCACAF,Insulin lispro Sanofi 100units/ml inj 3ml pre-filled pens,263.0,1441.0,5944.123729999999,,2021-07-01,biosimilar,432300.0
0601011L0BDAAAG,Lyumjev KwikPen 200units/ml inj 3ml pre-filled pens,20.0,110.0,1212.29523,,2021-07-01,ultra-rapid,66000.0
0601011L0BDABAB,Lyumjev 100units/ml solution for injection 10ml vials,105.0,403.0,6243.27732,,2021-07-01,ultra-rapid,403000.0
0601011L0BDACAC,Lyumjev 100units/ml solution for injection 3ml cartridges,52.0,325.0,1716.80271,,2021-07-01,ultra-rapid,97500.0
0601011L0BDADAF,Lyumjev KwikPen 100units/ml inj 3ml pre-filled pens,183.0,1165.0,6424.0071,,2021-07-01,ultra-rapid,349500.0
0601011L0BDAEAF,Lyumjev Junior KwikPen 100units/ml inj 3ml pre-filled pens,21.0,105.0,577.1297400000001,,2021-07-01,ultra-rapid,31500.0
0601011N0AAACAC,Insulin soluble porcine 100units/ml inj 10ml vials,2.0,11.0,404.07198,,2021-07-01,human soluble,11000.0
0601011N0AAALAL,Insulin soluble human 100units/ml inj 10ml vials,1.0,4.0,58.49942,,2021-07-01,human soluble,4000.0
0601011N0BCAEAC,Hypurin Porcine Neutral 100units/ml inj 10ml vials,221.0,731.0,26853.36275,,2021-07-01,human soluble,731000.0
0601011N0BCAHAZ,Hypurin Porcine Neutral 100units/ml inj 3ml cartridges,222.0,1907.0,21015.760440000002,,2021-07-01,human soluble,572100.0
0601011N0BFAEAL,Actrapid 100units/ml solution for injection 10ml vials,434.0,1311.0,9149.30061,,2021-07-01,human soluble,1311000.0
0601011N0BHAAAL,Humulin S 100units/ml solution for injection 10ml vials,183.0,523.0,7649.2481099999995,,2021-07-01,human soluble,523000.0
0601011N0BHADAP,Humulin S 100units/ml solution for injection 3ml cartridges,1707.0,14696.0,52321.48704,,2021-07-01,human soluble,4408800.0
0601011N0BKABAP,Insuman Rapid 100units/ml inj 3ml cartridges,156.0,1144.0,3736.8795400000004,,2021-07-01,human soluble,343200.0
0601011P0AAAAAA,Insulin glulisine 100units/ml inj 10ml vials,30.0,141.0,2104.1141,,2021-07-01,generic analogue,141000.0
0601011P0AAABAB,Insulin glulisine 100units/ml inj 3ml cartridges,23.0,190.0,1003.09389,,2021-07-01,generic analogue,57000.0
0601011P0AAACAC,Insulin glulisine 100units/ml inj 3ml pf dispos dev,116.0,786.0,4152.65095,,2021-07-01,generic analogue,235800.0
0601011P0BBAAAA,Apidra 100units/ml solution for injection 10ml vials,416.0,1786.0,26652.00053,,2021-07-01,originator,1786000.0
0601011P0BBABAB,Apidra 100units/ml solution for injection 3ml cartridges,632.0,5019.0,26498.71547,,2021-07-01,originator,1505700.0
0601011P0BBAEAC,Apidra 100units/ml inj 3ml pre-filled SoloStar pens,6554.0,44692.0,236017.16864,,2021-07-01,originator,13407600.0
0601011R0BEAAAE,Humulin R KwikPen 500units/ml inj 3ml pre-filled pens,9.0,67.0,3861.04884,,2021-07-01,human soluble,100500.0
0601011A0AAAAAA,Insulin aspart 100units/ml solution for injection 10ml vials,218.0,957.0,12577.74666,,2021-08-01,generic analogue,957000.0
0601011A0AAABAB,Insulin aspart 100units/ml inj 3ml cartridges,470.0,4440.0,23467.69768,,2021-08-01,generic analogue,1332000.0
0601011A0AAACAC,Insulin aspart 100units/ml inj 3ml pf dispos dev,263.0,1787.0,10210.98863,,2021-08-01,generic analogue,536100.0
0601011A0AAADAD,Insulin aspart 100units/ml inj 1.6ml cartridges,17.0,345.0,972.5646899999999,,2021-08-01,generic analogue,55200.0
0601011A0BBAAAA,NovoRapid 100units/ml solution for injection 10ml vials,15661.0,62376.0,819817.90277,,2021-08-01,originator,62376000.0
0601011A0BBABAB,NovoRapid Penfill 100units/ml inj 3ml cartridges,47900.0,390349.0,2063289.8053599999,,2021-08-01,originator,117104700.0
0601011A0BBADAC,NovoRapid FlexPen 100units/ml inj 3ml pre-filled pens,81783.0,555428.0,3173796.68104,,2021-08-01,originator,166628400.0
0601011A0BBAEAC,NovoRapid FlexTouch 100units/ml inj 3ml pre-filled pens,3969.0,27432.0,164586.26203,,2021-08-01,originator,8229600.0
0601011A0BBAFAD,NovoRapid PumpCart 100units/ml inj 1.6ml cartridges,3249.0,52285.0,147400.2718,,2021-08-01,originator,8365600.0
0601011A0BCAAAC,Fiasp FlexTouch 100units/ml inj 3ml pre-filled pens,7343.0,45298.0,258859.82361,,2021-08-01,ultra-rapid,13589400.0
0601011A0BCABAB,Fiasp Penfill 100units/ml inj 3ml cartridges,4812.0,32423.0,171389.70693,,2021-08-01,ultra-rapid,9726900.0
0601011A0BCACAA,Fiasp 100units/ml solution for injection 10ml vials,2454.0,9272.0,121867.50488,,2021-08-01,ultra-rapid,9272000.0
0601011L0AAABAB,Insulin lispro 100units/ml solution for injection 10ml vials,237.0,1011.0,15674.63552,,2021-08-01,generic analogue,1011000.0
0601011L0AAACAC,Insulin lispro 100units/ml inj 3ml cartridges,482.0,4232.0,22368.948660000002,,2021-08-01,generic analogue,1269600.0
0601011L0AAAFAF,Insulin lispro 100units/ml inj 3ml pf dispos dev,244.0,1664.0,9154.90595,,2021-08-01,generic analogue,499200.0
0601011L0AAAGAG,Insulin lispro 200units/ml inj 3ml pf dispos dev,13.0,91.0,1000.99843,,2021-08-01,generic analogue,54600.0
0601011L0BBABAB,Humalog 100units/ml solution for injection 10ml vials,2889.0,11445.0,177445.74069,,2021-08-01,originator,11445000.0
0601011L0BBACAC,Humalog 100units/ml solution for injection 3ml cartridges,11802.0,101638.0,537228.68381,,2021-08-01,originator,30491400.0
0601011L0BBAGAF,Humalog KwikPen 100units/ml inj 3ml pre-filled pens,14928.0,104158.0,573010.6780900001,,2021-08-01,originator,31247400.0
0601011L0BBAHAG,Humalog KwikPen 200units/ml inj 3ml pre-filled pens,2511.0,21201.0,233210.20739,,2021-08-01,originator,12720600.0
0601011L0BBAIAF,Humalog Junior KwikPen 100units/ml inj 3ml pre-filled pens,414.0,2349.0,12924.27137,,2021-08-01,originator,704700.0
0601011L0BCAAAB,Insulin lispro Sanofi 100units/ml inj 10ml vials,17.0,50.0,659.0858,,2021-08-01,biosimilar,50000.0
0601011L0BCABAC,Insulin lispro Sanofi 100units/ml inj 3ml cartridges,57.0,491.0,1946.22678,,2021-08-01,biosimilar,147300.0
0601011L0BCACAF,Insulin lispro Sanofi 100units/ml inj 3ml pre-filled pens,266.0,1650.0,6810.3476,,2021-08-01,biosimilar,495000.0
0601011L0BDAAAG,Lyumjev KwikPen 200units/ml inj 3ml pre-filled pens,14.0,90.0,989.9419399999999,,2021-08-01,ultra-rapid,54000.0
0601011L0BDABAB,Lyumjev 100units/ml solution for injection 10ml vials,111.0,462.0,7162.89985,,2021-08-01,ultra-rapid,462000.0
0601011L0BDACAC,Lyumjev 100units/ml solution for injection 3ml cartridges,66.0,485.0,2563.56535,,2021-08-01,ultra-rapid,145500.0
0601011L0BDADAF,Lyumjev KwikPen 100units/ml inj 3ml pre-filled pens,229.0,1347.0,7411.02208,,2021-08-01,ultra-rapid,404100.0
0601011L0BDAEAF,Lyumjev Junior KwikPen 100units/ml inj 3ml pre-filled pens,43.0,231.0,1270.79694,,2021-08-01,ultra-rapid,69300.0
0601011N0AAACAC,Insulin soluble porcine 100units/ml inj 10ml vials,1.0,3.0,110.29463,,2021-08-01,human soluble,3000.0
0601011N0BCAEAC,Hypurin Porcine Neutral 100units/ml inj 10ml vials,193.0,549.0,20183.855770000002,,2021-08-01,human soluble,549000.0
0601011N0BCAHAZ,Hypurin Porcine Neutral 100units/ml inj 3ml cartridges,199.0,1786.0,19698.3911,,2021-08-01,human soluble,535800.0
0601011N0BFAEAL,Actrapid 100units/ml solution for injection 10ml vials,388.0,1197.0,8360.35592,,2021-08-01,human soluble,1197000.0
0601011N0BHAAAL,Humulin S 100units/ml solution for injection 10ml vials,173.0,514.0,7523.48667,,2021-08-01,human soluble,514000.0
0601011N0BHADAP,Humulin S 100units/ml solution for injection 3ml cartridges,1585.0,13733.0,48932.52965,,2021-08-01,human soluble,4119900.0
0601011N0BKABAP,Insuman Rapid 100units/ml inj 3ml cartridges,122.0,889.0,2906.09755,,2021-08-01,human soluble,266700.0
0601011P0AAAAAA,Insulin glulisine 100units/ml inj 10ml vials,20.0,77.0,1150.0128,,2021-08-01,generic analogue,77000.0
0601011P0AAABAB,Insulin glulisine 100units/ml inj 3ml cartridges,18.0,180.0,951.00656,,2021-08-01,generic analogue,54000.0
0601011P0AAACAC,Insulin glulisine 100units/ml inj 3ml pf dispos dev,108.0,806.0,4259.19134,,2021-08-01,generic analogue,241800.0
0601011P0BBAAAA,Apidra 100units/ml solution for injection 10ml vials,376.0,1500.0,22402.145,,2021-08-01,originator,1500000.0
0601011P0BBABAB,Apidra 100units/ml solution for injection 3ml cartridges,598.0,4657.0,24607.21937,,2021-08-01,originator,1397100.0
0601011P0BBAEAC,Apidra 100units/ml inj 3ml pre-filled SoloStar pens,6135.0,41676.0,220256.62329,,2021-08-01,originator,12502800.0
0601011R0BEAAAE,Humulin R KwikPen 500units/ml inj 3ml pre-filled pens,9.0,83.0,2871.33827,,2021-08-01,human soluble,124500.0
0601011A0AAAAAA,Insulin aspart 100units/ml solution for injection 10ml vials,236.0,987.0,12959.050009999999,,2021-09-01,generic analogue,987000.0
0601011A0AAABAB,Insulin aspart 100units/ml inj 3ml cartridges,493.0,4517.0,23850.78254,,2021-09-01,generic analogue,1355100.0
0601011A0AAACAC,Insulin aspart 100units/ml inj 3ml pf dispos dev,240.0,1621.0,9252.80133,,2021-09-01,generic analogue,486300.0
0601011A0AAADAD,Insulin aspart 100units/ml inj 1.6ml cartridges,18.0,265.0,746.34788,,2021-09-01,generic analogue,42400.0
0601011A0BBAAAA,NovoRapid 100units/ml solution for injection 10ml vials,16988.0,67575.0,887246.46883,,2021-09-01,originator,67575000.0
0601011A0BBABAB,NovoRapid Penfill 100units/ml inj 3ml cartridges,50841.0,414907.0,2190871.79936,,2021-09-01,originator,124472100.0
0601011A0BBADAC,NovoRapid FlexPen 100units/ml inj 3ml pre-filled pens,86197.0,586392.0,3347339.61472,,2021-09-01,originator,175917600.0
0601011A0BBAEAC,NovoRapid FlexTouch 100units/ml inj 3ml pre-filled pens,4155.0,29135.0,174622.1967,,2021-09-01,originator,8740500.0
0601011A0BBAFAD,NovoRapid PumpCart 100units/ml inj 1.6ml cartridges,3193.0,51221.0,144255.26639,,2021-09-01,originator,8195360.0
0601011A0BCAAAC,Fiasp FlexTouch 100units/ml inj 3ml pre-filled pens,7833.0,48028.0,274186.30675,,2021-09-01,ultra-rapid,14408400.0
0601011A0BCABAB,Fiasp Penfill 100units/ml inj 3ml cartridges,5198.0,35591.0,187945.96004,,2021-09-01,ultra-rapid,10677300.0
0601011A0BCACAA,Fiasp 100units/ml solution for injection 10ml vials,2695.0,10381.0,136300.96019,,2021-09-01,ultra-rapid,10381000.0
0601011A0BDABAC,Trurapi 100units/ml inj 3ml pre-filled Solostar pens,1.0,4.0,16.09213,,2021-09-01,biosimilar,1200.0
0601011L0AAABAB,Insulin lispro 100units/ml solution for injection 10ml vials,280.0,1142.0,17687.94793,,2021-09-01,generic analogue,1142000.0
0601011L0AAACAC,Insulin lispro 100units/ml inj 3ml cartridges,539.0,5001.0,26406.7203,,2021-09-01,generic analogue,1500300.0
0601011L0AAAFAF,Insulin lispro 100units/ml inj 3ml pf dispos dev,242.0,1679.0,9228.09929,,2021-09-01,generic analogue,503700.0
0601011L0AAAGAG,Insulin lispro 200units/ml inj 3ml pf dispos dev,15.0,111.0,1219.74879,,2021-09-01,generic analogue,66600.0
0601011L0BBABAB,Humalog 100units/ml solution for injection 10ml vials,3017.0,11857.0,183647.83081,,2021-09-01,originator,11857000.0
0601011L0BBACAC,Humalog 100units/ml solution for injection 3ml cartridges,12416.0,107475.0,567508.15598,,2021-09-01,originator,32242500.0
0601011L0BBAFAF,Humalog Pen 100units/ml inj 3ml pre-filled pens,2.0,10.0,54.95628,,2021-09-01,originator,3000.0
0601011L0BBAGAF,Humalog KwikPen 100units/ml inj 3ml pre-filled pens,15567.0,108956.0,598862.68142,,2021-09-01,originator,32686800.0
0601011L0BBAHAG,Humalog KwikPen 200units/ml inj 3ml pre-filled pens,2600.0,21481.0,236044.56812,,2021-09-01,originator,12888600.0
0601011L0BBAIAF,Humalog Junior KwikPen 100units/ml inj 3ml pre-filled pens,480.0,2671.0,14681.80381,,2021-09-01,originator,801300.0
0601011L0BCAAAB,Insulin lispro Sanofi 100units/ml inj 10ml vials,17.0,61.0,803.22481,,2021-09-01,biosimilar,61000.0
0601011L0BCABAC,Insulin lispro Sanofi 100units/ml inj 3ml cartridges,46.0,368.0,1457.27723,,2021-09-01,biosimilar,110400.0
0601011L0BCACAF,Insulin lispro Sanofi 100units/ml inj 3ml pre-filled pens,270.0,1534.0,6325.56044,,2021-09-01,biosimilar,460200.0
0601011L0BDAAAG,Lyumjev KwikPen 200units/ml inj 3ml pre-filled pens,20.0,114.0,1252.88024,,2021-09-01,ultra-rapid,68400.0
0601011L0BDABAB,Lyumjev 100units/ml solution for injection 10ml vials,118.0,413.0,6396.95676,,2021-09-01,ultra-rapid,413000.0
0601011L0BDACAC,Lyumjev 100units/ml solution for injection 3ml cartridges,93.0,660.0,3485.06988,,2021-09-01,ultra-rapid,198000.0
0601011L0BDADAF,Lyumjev KwikPen 100units/ml inj 3ml pre-filled pens,251.0,1593.0,8754.371000000001,,2021-09-01,ultra-rapid,477900.0
0601011L0BDAEAF,Lyumjev Junior KwikPen 100units/ml inj 3ml pre-filled pens,31.0,182.0,1000.32124,,2021-09-01,ultra-rapid,54600.0
0601011N0AAACAC,Insulin soluble porcine 100units/ml inj 10ml vials,1.0,5.0,183.63012,,2021-09-01,human soluble,5000.0
0601011N0AAALAL,Insulin soluble human 100units/ml inj 10ml vials,1.0,4.0,27.907,,2021-09-01,human soluble,4000.0
0601011N0BCAEAC,Hypurin Porcine Neutral 100units/ml inj 10ml vials,203.0,629.0,23101.50202,,2021-09-01,human soluble,629000.0
0601011N0BCAHAZ,Hypurin Porcine Neutral 100units/ml inj 3ml cartridges,216.0,1838.0,20251.026859999998,,2021-09-01,human soluble,551400.0
0601011N0BFAEAL,Actrapid 100units/ml solution for injection 10ml vials,453.0,1432.0,9991.46266,,2021-09-01,human soluble,1432000.0
0601011N0BHAAAL,Humulin S 100units/ml solution for injection 10ml vials,179.0,511.0,7472.03185,,2021-09-01,human soluble,511000.0
0601011N0BHADAP,Humulin S 100units/ml solution for injection 3ml cartridges,1635.0,14152.0,50374.07406,,2021-09-01,human soluble,4245600.0
0601011N0BKABAP,Insuman Rapid 100units/ml inj 3ml cartridges,116.0,907.0,2961.9827,,2021-09-01,human soluble,272100.0
0601011P0AAAAAA,Insulin glulisine 100units/ml inj 10ml vials,31.0,113.0,1685.9941000000001,,2021-09-01,generic analogue,113000.0
0601011P0AAABAB,Insulin glulisine 100units/ml inj 3ml cartridges,22.0,200.0,1055.6435,,2021-09-01,generic analogue,60000.0
0601011P0AAACAC,Insulin glulisine 100units/ml inj 3ml pf dispos dev,114.0,742.0,3917.23889,,2021-09-01,generic analogue,222600.0
0601011P0BBAAAA,Apidra 100units/ml solution for injection 10ml vials,412.0,1655.0,24692.1071,,2021-09-01,originator,1655000.0
0601011P0BBABAB,Apidra 100units/ml solution for injection 3ml cartridges,627.0,4853.0,25617.13692,,2021-09-01,originator,1455900.0
0601011P0BBAEAC,Apidra 100units/ml inj 3ml pre-filled SoloStar pens,6421.0,44108.0,232873.72076,,2021-09-01,originator,13232400.0
0601011R0BDAAAC,Insuman Infusat 100units/ml inj 3.15ml cartridges,1.0,20.0,932.31865,,2021-09-01,human soluble,6300.0
0601011R0BEAAAE,Humulin R KwikPen 500units/ml inj 3ml pre-filled pens,10.0,112.0,5387.31021,,2021-09-01,human soluble,168000.0
0601011A0AAAAAA,Insulin aspart 100units/ml solution for injection 10ml vials,198.0,815.0,10695.61341,,2021-10-01,generic analogue,815000.0
0601011A0AAABAB,Insulin aspart 100units/ml inj 3ml cartridges,459.0,4352.0,22967.67972,,2021-10-01,generic analogue,1305600.0
0601011A0AAACAC,Insulin aspart 100units/ml inj 3ml pf dispos dev,242.0,1703.0,9716.57753,,2021-10-01,generic analogue,510900.0
0601011A0AAADAD,Insulin aspart 100units/ml inj 1.6ml cartridges,20.0,320.0,900.79244,,2021-10-01,generic analogue,51200.0
0601011A0BBAAAA,NovoRapid 100units/ml solution for injection 10ml vials,16095.0,63929.0,838977.19635,,2021-10-01,originator,63929000.0
0601011A0BBABAB,NovoRapid Penfill 100units/ml inj 3ml cartridges,48272.0,392310.0,2070553.74596,,2021-10-01,originator,117693000.0
0601011A0BBADAC,NovoRapid FlexPen 100units/ml inj 3ml pre-filled pens,81865.0,554644.0,3164564.66066,,2021-10-01,originator,166393200.0
0601011A0BBAEAC,NovoRapid FlexTouch 100units/ml inj 3ml pre-filled pens,3997.0,28604.0,171355.80581,,2021-10-01,originator,8581200.0
0601011A0BBAFAD,NovoRapid PumpCart 100units/ml inj 1.6ml cartridges,3051.0,48421.0,136304.13749,,2021-10-01,originator,7747360.0
0601011A0BCAAAC,Fiasp FlexTouch 100units/ml inj 3ml pre-filled pens,7902.0,48952.0,279312.83766,,2021-10-01,ultra-rapid,14685600.0
0601011A0BCABAB,Fiasp Penfill 100units/ml inj 3ml cartridges,5023.0,33857.0,178706.51338,,2021-10-01,ultra-rapid,10157100.0
0601011A0BCACAA,Fiasp 100units/ml solution for injection 10ml vials,2609.0,10059.0,132012.90108,,2021-10-01,ultra-rapid,10059000.0
0601011A0BDABAC,Trurapi 100units/ml inj 3ml pre-filled Solostar pens,6.0,40.0,159.75704,,2021-10-01,biosimilar,12000.0
0601011L0AAABAB,Insulin lispro 100units/ml solution for injection 10ml vials,255.0,1076.0,16657.54421,,2021-10-01,generic analogue,1076000.0
0601011L0AAACAC,Insulin lispro 100units/ml inj 3ml cartridges,483.0,4162.0,21966.21672,,2021-10-01,generic analogue,1248600.0
0601011L0AAAFAF,Insulin lispro 100units/ml inj 3ml pf dispos dev,219.0,1597.0,8772.85642,,2021-10-01,generic analogue,479100.0
0601011L0AAAGAG,Insulin lispro 200units/ml inj 3ml pf dispos dev,14.0,86.0,944.62145,,2021-10-01,generic analogue,51600.0
0601011L0BBABAB,Humalog 100units/ml solution for injection 10ml vials,2900.0,11536.0,178589.19441999999,,2021-10-01,originator,11536000.0
0601011L0BBACAC,Humalog 100units/ml solution for injection 3ml cartridges,11778.0,100592.0,530908.58018,,2021-10-01,originator,30177600.0
0601011L0BBAFAF,Humalog Pen 100units/ml inj 3ml pre-filled pens,2.0,10.0,54.92968,,2021-10-01,originator,3000.0
0601011L0BBAGAF,Humalog KwikPen 100units/ml inj 3ml pre-filled pens,15195.0,106756.0,586418.7748,,2021-10-01,originator,32026800.0
0601011L0BBAHAG,Humalog KwikPen 200units/ml inj 3ml pre-filled pens,2458.0,20531.0,225498.49349,,2021-10-01,originator,12318600.0
0601011L0BBAIAF,Humalog Junior KwikPen 100units/ml inj 3ml pre-filled pens,482.0,2608.0,14328.44714,,2021-10-01,originator,782400.0
0601011L0BCAAAB,Insulin lispro Sanofi 100units/ml inj 10ml vials,22.0,87.0,1144.98813,,2021-10-01,biosimilar,87000.0
0601011L0BCABAC,Insulin lispro Sanofi 100units/ml inj 3ml cartridges,42.0,358.0,1417.24025,,2021-10-01,biosimilar,107400.0
0601011L0BCACAF,Insulin lispro Sanofi 100units/ml inj 3ml pre-filled pens,271.0,1604.0,6610.53967,,2021-10-01,biosimilar,481200.0
0601011L0BDAAAG,Lyumjev KwikPen 200units/ml inj 3ml pre-filled pens,21.0,110.0,1208.4585,,2021-10-01,ultra-rapid,66000.0
0601011L0BDABAB,Lyumjev 100units/ml solution for injection 10ml vials,88.0,294.0,4551.61773,,2021-10-01,ultra-rapid,294000.0
0601011L0BDACAC,Lyumjev 100units/ml solution for injection 3ml cartridges,82.0,573.0,3024.40244,,2021-10-01,ultra-rapid,171900.0
0601011L0BDADAF,Lyumjev KwikPen 100units/ml inj 3ml pre-filled pens,304.0,1880.0,10326.74477,,2021-10-01,ultra-rapid,564000.0
0601011L0BDAEAF,Lyumjev Junior KwikPen 100units/ml inj 3ml pre-filled pens,42.0,232.0,1274.48552,,2021-10-01,ultra-rapid,69600.0
0601011N0AAACAC,Insulin soluble porcine 100units/ml inj 10ml vials,1.0,6.0,220.24696,,2021-10-01,human soluble,6000.0
0601011N0AAALAL,Insulin soluble human 100units/ml inj 10ml vials,1.0,4.0,58.45833,,2021-10-01,human soluble,4000.0
0601011N0BCAEAC,Hypurin Porcine Neutral 100units/ml inj 10ml vials,196.0,641.0,23530.73578,,2021-10-01,human soluble,641000.0
0601011N0BCAHAZ,Hypurin Porcine Neutral 100units/ml inj 3ml cartridges,198.0,1747.0,19239.09096,,2021-10-01,human soluble,524100.0
0601011N0BFAEAL,Actrapid 100units/ml solution for injection 10ml vials,389.0,1173.0,8180.620010000001,,2021-10-01,human soluble,1173000.0
0601011N0BHAAAL,Humulin S 100units/ml solution for injection 10ml vials,176.0,558.0,8155.17936,,2021-10-01,human soluble,558000.0
0601011N0BHADAP,Humulin S 100units/ml solution for injection 3ml cartridges,1599.0,13808.0,49126.34344,,2021-10-01,human soluble,4142400.0
0601011N0BKABAP,Insuman Rapid 100units/ml inj 3ml cartridges,142.0,1047.0,3417.76847,,2021-10-01,human soluble,314100.0
0601011P0AAAAAA,Insulin glulisine 100units/ml inj 10ml vials,19.0,63.0,939.54521,,2021-10-01,generic analogue,63000.0
0601011P0AAABAB,Insulin glulisine 100units/ml inj 3ml cartridges,14.0,100.0,527.6034,,2021-10-01,generic analogue,30000.0
0601011P0AAACAC,Insulin glulisine 100units/ml inj 3ml pf dispos dev,112.0,767.0,4276.50483,,2021-10-01,generic analogue,230100.0
0601011P0BBAAAA,Apidra 100units/ml solution for injection 10ml vials,374.0,1545.0,23039.51767,,2021-10-01,originator,1545000.0
0601011P0BBABAB,Apidra 100units/ml solution for injection 3ml cartridges,586.0,4648.0,24522.58439,,2021-10-01,originator,1394400.0
0601011P0BBAEAC,Apidra 100units/ml inj 3ml pre-filled SoloStar pens,6248.0,43174.0,227829.11381,,2021-10-01,originator,12952200.0
0601011R0BDAAAC,Insuman Infusat 100units/ml inj 3.15ml cartridges,1.0,5.0,232.9637,,2021-10-01,human soluble,1575.0
0601011R0BEAAAE,Humulin R KwikPen 500units/ml inj 3ml pre-filled pens,8.0,87.0,3292.6441299999997,,2021-10-01,human soluble,130500.0
0601011A0AAAAAA,Insulin aspart 100units/ml solution for injection 10ml vials,229.0,1013.0,13306.39861,,2021-11-01,generic analogue,1013000.0
0601011A0AAABAB,Insulin aspart 100units/ml inj 3ml cartridges,455.0,3963.0,20935.37339,,2021-11-01,generic analogue,1188900.0
0601011A0AAACAC,Insulin aspart 100units/ml inj 3ml pf dispos dev,219.0,1477.0,8435.00393,,2021-11-01,generic analogue,443100.0
0601011A0AAADAD,Insulin aspart 100units/ml inj 1.6ml cartridges,19.0,375.0,1056.5577600000001,,2021-11-01,generic analogue,60000.0
0601011A0BBAAAA,NovoRapid 100units/ml solution for injection 10ml vials,16861.0,67032.0,880522.13388,,2021-11-01,originator,67032000.0
0601011A0BBABAB,NovoRapid Penfill 100units/ml inj 3ml cartridges,50014.0,407776.0,2154215.00621,,2021-11-01,originator,122332800.0
0601011A0BBADAC,NovoRapid FlexPen 100units/ml inj 3ml pre-filled pens,85499.0,580313.0,3314173.75115,,2021-11-01,originator,174093900.0
0601011A0BBAEAC,NovoRapid FlexTouch 100units/ml inj 3ml pre-filled pens,4164.0,29105.0,174530.0275,,2021-11-01,originator,8731500.0
0601011A0BBAFAD,NovoRapid PumpCart 100units/ml inj 1.6ml cartridges,3089.0,49745.0,140162.52869,,2021-11-01,originator,7959200.0
0601011A0BCAAAC,Fiasp FlexTouch 100units/ml inj 3ml pre-filled pens,8374.0,51560.0,294463.8579,,2021-11-01,ultra-rapid,15468000.0
0601011A0BCABAB,Fiasp Penfill 100units/ml inj 3ml cartridges,5650.0,38459.0,203185.49035,,2021-11-01,ultra-rapid,11537700.0
0601011A0BCACAA,Fiasp 100units/ml solution for injection 10ml vials,2775.0,10496.0,137874.8948,,2021-11-01,ultra-rapid,10496000.0
0601011A0BDABAC,Trurapi 100units/ml inj 3ml pre-filled Solostar pens,15.0,95.0,379.77801,,2021-11-01,biosimilar,28500.0
0601011L0AAABAB,Insulin lispro 100units/ml solution for injection 10ml vials,236.0,1010.0,15650.52857,,2021-11-01,generic analogue,1010000.0
0601011L0AAACAC,Insulin lispro 100units/ml inj 3ml cartridges,497.0,4364.0,23054.15141,,2021-11-01,generic analogue,1309200.0
0601011L0AAAFAF,Insulin lispro 100units/ml inj 3ml pf dispos dev,228.0,1646.0,9050.501470000001,,2021-11-01,generic analogue,493800.0
0601011L0AAAGAG,Insulin lispro 200units/ml inj 3ml pf dispos dev,14.0,91.0,1000.47001,,2021-11-01,generic analogue,54600.0
0601011L0BBABAB,Humalog 100units/ml solution for injection 10ml vials,2752.0,10921.0,169241.7004,,2021-11-01,originator,10921000.0
0601011L0BBACAC,Humalog 100units/ml solution for injection 3ml cartridges,12278.0,105464.0,557149.06433,,2021-11-01,originator,31639200.0
0601011L0BBAFAF,Humalog Pen 100units/ml inj 3ml pre-filled pens,2.0,10.0,54.98154,,2021-11-01,originator,3000.0
0601011L0BBAGAF,Humalog KwikPen 100units/ml inj 3ml pre-filled pens,15734.0,109597.0,602597.16609,,2021-11-01,originator,32879100.0
0601011L0BBAHAG,Humalog KwikPen 200units/ml inj 3ml pre-filled pens,2645.0,21923.0,241012.64915,,2021-11-01,originator,13153800.0
0601011L0BBAIAF,Humalog Junior KwikPen 100units/ml inj 3ml pre-filled pens,515.0,2878.0,15826.05892,,2021-11-01,originator,863400.0
0601011L0BCAAAB,Insulin lispro Sanofi 100units/ml inj 10ml vials,14.0,51.0,671.8545300000001,,2021-11-01,biosimilar,51000.0
0601011L0BCABAC,Insulin lispro Sanofi 100units/ml inj 3ml cartridges,58.0,530.0,2099.86494,,2021-11-01,biosimilar,159000.0
0601011L0BCACAF,Insulin lispro Sanofi 100units/ml inj 3ml pre-filled pens,293.0,1765.0,7281.754900000001,,2021-11-01,biosimilar,529500.0
0601011L0BDAAAG,Lyumjev KwikPen 200units/ml inj 3ml pre-filled pens,38.0,214.0,2352.78897,,2021-11-01,ultra-rapid,128400.0
0601011L0BDABAB,Lyumjev 100units/ml solution for injection 10ml vials,148.0,566.0,8770.64284,,2021-11-01,ultra-rapid,566000.0
0601011L0BDACAC,Lyumjev 100units/ml solution for injection 3ml cartridges,110.0,851.0,4495.66618,,2021-11-01,ultra-rapid,255300.0
0601011L0BDADAF,Lyumjev KwikPen 100units/ml inj 3ml pre-filled pens,391.0,2292.0,12602.81723,,2021-11-01,ultra-rapid,687600.0
0601011L0BDAEAF,Lyumjev Junior KwikPen 100units/ml inj 3ml pre-filled pens,35.0,191.0,1050.18099,,2021-11-01,ultra-rapid,57300.0
0601011N0AAACAC,Insulin soluble porcine 100units/ml inj 10ml vials,2.0,8.0,293.94818,,2021-11-01,human soluble,8000.0
0601011N0AAAPAP,Insulin soluble human 100units/ml inj 3ml cartridges,1.0,5.0,17.80898,,2021-11-01,human soluble,1500.0
0601011N0BCAEAC,Hypurin Porcine Neutral 100units/ml inj 10ml vials,213.0,689.0,25316.65631,,2021-11-01,human soluble,689000.0
0601011N0BCAHAZ,Hypurin Porcine Neutral 100units/ml inj 3ml cartridges,212.0,1811.0,19963.0638,,2021-11-01,human soluble,543300.0
0601011N0BFAEAL,Actrapid 100units/ml solution for injection 10ml vials,428.0,1336.0,9326.00259,,2021-11-01,human soluble,1336000.0
0601011N0BHAAAL,Humulin S 100units/ml solution for injection 10ml vials,190.0,528.0,7724.29338,,2021-11-01,human soluble,528000.0
0601011N0BHADAP,Humulin S 100units/ml solution for injection 3ml cartridges,1579.0,13548.0,48246.30874,,2021-11-01,human soluble,4064400.0
0601011N0BKABAP,Insuman Rapid 100units/ml inj 3ml cartridges,126.0,974.0,3182.09342,,2021-11-01,human soluble,292200.0
0601011P0AAAAAA,Insulin glulisine 100units/ml inj 10ml vials,24.0,73.0,1089.73182,,2021-11-01,generic analogue,73000.0
0601011P0AAABAB,Insulin glulisine 100units/ml inj 3ml cartridges,17.0,150.0,792.10258,,2021-11-01,generic analogue,45000.0
0601011P0AAACAC,Insulin glulisine 100units/ml inj 3ml pf dispos dev,125.0,927.0,4895.84131,,2021-11-01,generic analogue,278100.0
0601011P0BBAAAA,Apidra 100units/ml solution for injection 10ml vials,355.0,1325.0,19777.90825,,2021-11-01,originator,1325000.0
0601011P0BBABAB,Apidra 100units/ml solution for injection 3ml cartridges,611.0,4925.0,26008.84111,,2021-11-01,originator,1477500.0
0601011P0BBAEAC,Apidra 100units/ml inj 3ml pre-filled SoloStar pens,6556.0,44861.0,236959.3718,,2021-11-01,originator,13458300.0
0601011R0BEAAAE,Humulin R KwikPen 500units/ml inj 3ml pre-filled pens,8.0,85.0,3721.7705499999997,,2021-11-01,human soluble,127500.0
0601011A0AAAAAA,Insulin aspart 100units/ml solution for injection 10ml vials,224.0,992.0,13040.66661,,2021-12-01,generic analogue,992000.0
0601011A0AAABAB,Insulin aspart 100units/ml inj 3ml cartridges,464.0,4366.0,23081.33152,,2021-12-01,generic analogue,1309800.0
0601011A0AAACAC,Insulin aspart 100units/ml inj 3ml pf dispos dev,246.0,1692.0,9670.11328,,2021-12-01,generic analogue,507600.0
0601011A0AAADAD,Insulin aspart 100units/ml inj 1.6ml cartridges,15.0,260.0,733.1376200000001,,2021-12-01,generic analogue,41600.0
0601011A0BBAAAA,NovoRapid 100units/ml solution for injection 10ml vials,18478.0,74500.0,979376.83717,,2021-12-01,originator,74500000.0
0601011A0BBABAB,NovoRapid Penfill 100units/ml inj 3ml cartridges,55081.0,450097.0,2379627.1964600002,,2021-12-01,originator,135029100.0
0601011A0BBADAC,NovoRapid FlexPen 100units/ml inj 3ml pre-filled pens,93201.0,633665.0,3621649.85059,,2021-12-01,originator,190099500.0
0601011A0BBAEAC,NovoRapid FlexTouch 100units/ml inj 3ml pre-filled pens,4550.0,31619.0,189748.42938,,2021-12-01,originator,9485700.0
0601011A0BBAFAD,NovoRapid PumpCart 100units/ml inj 1.6ml cartridges,3299.0,53133.0,149824.45531,,2021-12-01,originator,8501280.0
0601011A0BCAAAC,Fiasp FlexTouch 100units/ml inj 3ml pre-filled pens,9413.0,58640.0,335164.26459,,2021-12-01,ultra-rapid,17592000.0
0601011A0BCABAB,Fiasp Penfill 100units/ml inj 3ml cartridges,6291.0,42446.0,224424.58728,,2021-12-01,ultra-rapid,12733800.0
0601011A0BCACAA,Fiasp 100units/ml solution for injection 10ml vials,3055.0,11837.0,155610.00299,,2021-12-01,ultra-rapid,11837000.0
0601011A0BDAAAB,Trurapi 100units/ml solution for injection 3ml cartridges,2.0,10.0,37.0147,,2021-12-01,biosimilar,3000.0
0601011A0BDABAC,Trurapi 100units/ml inj 3ml pre-filled Solostar pens,52.0,275.0,1100.90874,,2021-12-01,biosimilar,82500.0
0601011L0AAABAB,Insulin lispro 100units/ml solution for injection 10ml vials,279.0,1130.0,17523.74777,,2021-12-01,generic analogue,1130000.0
0601011L0AAACAC,Insulin lispro 100units/ml inj 3ml cartridges,521.0,4648.0,24573.42643,,2021-12-01,generic analogue,1394400.0
0601011L0AAAFAF,Insulin lispro 100units/ml inj 3ml pf dispos dev,234.0,1669.0,9183.90921,,2021-12-01,generic analogue,500700.0
0601011L0AAAGAG,Insulin lispro 200units/ml inj 3ml pf dispos dev,16.0,125.0,1375.4362,,2021-12-01,generic analogue,75000.0
0601011L0BBABAB,Humalog 100units/ml solution for injection 10ml vials,3482.0,14027.0,217525.45464,,2021-12-01,originator,14027000.0
0601011L0BBACAC,Humalog 100units/ml solution for injection 3ml cartridges,13388.0,116237.0,614525.72196,,2021-12-01,originator,34871100.0
0601011L0BBAFAF,Humalog Pen 100units/ml inj 3ml pre-filled pens,3.0,15.0,82.53626,,2021-12-01,originator,4500.0
0601011L0BBAGAF,Humalog KwikPen 100units/ml inj 3ml pre-filled pens,17006.0,119624.0,658238.50314,,2021-12-01,originator,35887200.0
0601011L0BBAHAG,Humalog KwikPen 200units/ml inj 3ml pre-filled pens,2868.0,24014.0,264201.57996,,2021-12-01,originator,14408400.0
0601011L0BBAIAF,Humalog Junior KwikPen 100units/ml inj 3ml pre-filled pens,558.0,3024.0,16642.13746,,2021-12-01,originator,907200.0
0601011L0BCAAAB,Insulin lispro Sanofi 100units/ml inj 10ml vials,27.0,113.0,1489.69904,,2021-12-01,biosimilar,113000.0
0601011L0BCABAC,Insulin lispro Sanofi 100units/ml inj 3ml cartridges,45.0,339.0,1344.52852,,2021-12-01,biosimilar,101700.0
0601011L0BCACAF,Insulin lispro Sanofi 100units/ml inj 3ml pre-filled pens,308.0,1829.0,7554.84335,,2021-12-01,biosimilar,548700.0
0601011L0BDAAAG,Lyumjev KwikPen 200units/ml inj 3ml pre-filled pens,41.0,232.0,2552.5687900000003,,2021-12-01,ultra-rapid,139200.0
0601011L0BDABAB,Lyumjev 100units/ml solution for injection 10ml vials,170.0,624.0,9676.9454,,2021-12-01,ultra-rapid,624000.0
0601011L0BDACAC,Lyumjev 100units/ml solution for injection 3ml cartridges,133.0,988.0,5223.5635,,2021-12-01,ultra-rapid,296400.0
0601011L0BDADAF,Lyumjev KwikPen 100units/ml inj 3ml pre-filled pens,500.0,3095.0,17028.94979,,2021-12-01,ultra-rapid,928500.0
0601011L0BDAEAF,Lyumjev Junior KwikPen 100units/ml inj 3ml pre-filled pens,59.0,309.0,1700.53044,,2021-12-01,ultra-rapid,92700.0
0601011L0BEAAAC,Admelog 100units/ml solution for injection 3ml cartridges,3.0,20.0,79.29409,,2021-12-01,biosimilar,6000.0
0601011L0BEABAB,Admelog 100units/ml solution for injection 10ml vials,1.0,3.0,39.5537,,2021-12-01,biosimilar,3000.0
0601011N0AAALAL,Insulin soluble human 100units/ml inj 10ml vials,1.0,4.0,58.55892,,2021-12-01,human soluble,4000.0
0601011N0AAAPAP,Insulin soluble human 100units/ml inj 3ml cartridges,1.0,5.0,17.82279,,2021-12-01,human soluble,1500.0
0601011N0BCAEAC,Hypurin Porcine Neutral 100units/ml inj 10ml vials,223.0,708.0,26034.98165,,2021-12-01,human soluble,708000.0
0601011N0BCAHAZ,Hypurin Porcine Neutral 100units/ml inj 3ml cartridges,233.0,2055.0,22669.76953,,2021-12-01,human soluble,616500.0
0601011N0BFAEAL,Actrapid 100units/ml solution for injection 10ml vials,413.0,1204.0,8411.35263,,2021-12-01,human soluble,1204000.0
0601011N0BHAAAL,Humulin S 100units/ml solution for injection 10ml vials,215.0,635.0,9296.71516,,2021-12-01,human soluble,635000.0
0601011N0BHADAP,Humulin S 100units/ml solution for injection 3ml cartridges,1817.0,15771.0,56205.07182,,2021-12-01,human soluble,4731300.0
0601011N0BKABAP,Insuman Rapid 100units/ml inj 3ml cartridges,137.0,1028.0,3361.02026,,2021-12-01,human soluble,308400.0
0601011P0AAAAAA,Insulin glulisine 100units/ml inj 10ml vials,27.0,118.0,1762.70443,,2021-12-01,generic analogue,118000.0
0601011P0AAABAB,Insulin glulisine 100units/ml inj 3ml cartridges,16.0,140.0,739.87096,,2021-12-01,generic analogue,42000.0
0601011P0AAACAC,Insulin glulisine 100units/ml inj 3ml pf dispos dev,119.0,800.0,4228.67591,,2021-12-01,generic analogue,240000.0
0601011P0BBAAAA,Apidra 100units/ml solution for injection 10ml vials,422.0,1756.0,26231.11238,,2021-12-01,originator,1756000.0
0601011P0BBABAB,Apidra 100units/ml solution for injection 3ml cartridges,691.0,5388.0,28475.45052,,2021-12-01,originator,1616400.0
0601011P0BBAEAC,Apidra 100units/ml inj 3ml pre-filled SoloStar pens,6975.0,47951.0,253481.90033,,2021-12-01,originator,14385300.0
0601011R0BDAAAC,Insuman Infusat 100units/ml inj 3.15ml cartridges,1.0,5.0,233.36462,,2021-12-01,human soluble,1575.0
0601011R0BEAAAE,Humulin R KwikPen 500units/ml inj 3ml pre-filled pens,8.0,64.0,3998.1829000000002,,2021-12-01,human soluble,96000.0
0601011A0AAAAAA,Insulin aspart 100units/ml solution for injection 10ml vials,200.0,836.0,11014.18166,,2022-01-01,generic analogue,836000.0
0601011A0AAABAB,Insulin aspart 100units/ml inj 3ml cartridges,423.0,3784.0,20048.84234,,2022-01-01,generic analogue,1135200.0
0601011A0AAACAC,Insulin aspart 100units/ml inj 3ml pf dispos dev,231.0,1665.0,9536.31056,,2022-01-01,generic analogue,499500.0
0601011A0AAADAD,Insulin aspart 100units/ml inj 1.6ml cartridges,13.0,225.0,635.84095,,2022-01-01,generic analogue,36000.0
0601011A0BBAAAA,NovoRapid 100units/ml solution for injection 10ml vials,16994.0,67271.0,886295.53649,,2022-01-01,originator,67271000.0
0601011A0BBABAB,NovoRapid Penfill 100units/ml inj 3ml cartridges,48861.0,396385.0,2100265.41133,,2022-01-01,originator,118915500.0
0601011A0BBADAC,NovoRapid FlexPen 100units/ml inj 3ml pre-filled pens,84640.0,571161.0,3271620.54738,,2022-01-01,originator,171348300.0
0601011A0BBAEAC,NovoRapid FlexTouch 100units/ml inj 3ml pre-filled pens,4070.0,28028.0,168567.72483,,2022-01-01,originator,8408400.0
0601011A0BBAFAD,NovoRapid PumpCart 100units/ml inj 1.6ml cartridges,2884.0,46166.0,130465.77801,,2022-01-01,originator,7386560.0
0601011A0BCAAAC,Fiasp FlexTouch 100units/ml inj 3ml pre-filled pens,8724.0,53916.0,308836.98348,,2022-01-01,ultra-rapid,16174800.0
0601011A0BCABAB,Fiasp Penfill 100units/ml inj 3ml cartridges,6026.0,40387.0,214008.01577,,2022-01-01,ultra-rapid,12116100.0
0601011A0BCACAA,Fiasp 100units/ml solution for injection 10ml vials,2904.0,11193.0,147467.42976,,2022-01-01,ultra-rapid,11193000.0
0601011A0BDAAAB,Trurapi 100units/ml solution for injection 3ml cartridges,6.0,35.0,129.85481000000001,,2022-01-01,biosimilar,10500.0
0601011A0BDABAC,Trurapi 100units/ml inj 3ml pre-filled Solostar pens,68.0,362.0,1452.56856,,2022-01-01,biosimilar,108600.0
0601011L0AAABAB,Insulin lispro 100units/ml solution for injection 10ml vials,253.0,1099.0,17080.25881,,2022-01-01,generic analogue,1099000.0
0601011L0AAACAC,Insulin lispro 100units/ml inj 3ml cartridges,448.0,4155.0,22014.90628,,2022-01-01,generic analogue,1246500.0
0601011L0AAAFAF,Insulin lispro 100units/ml inj 3ml pf dispos dev,225.0,1636.0,9021.96919,,2022-01-01,generic analogue,490800.0
0601011L0AAAGAG,Insulin lispro 200units/ml inj 3ml pf dispos dev,11.0,53.0,584.70046,,2022-01-01,generic analogue,31800.0
0601011L0BBABAB,Humalog 100units/ml solution for injection 10ml vials,3046.0,12060.0,187437.66976000002,,2022-01-01,originator,12060000.0
0601011L0BBACAC,Humalog 100units/ml solution for injection 3ml cartridges,11824.0,101395.0,537246.1587,,2022-01-01,originator,30418500.0
0601011L0BBAGAF,Humalog KwikPen 100units/ml inj 3ml pre-filled pens,15607.0,108859.0,600317.70048,,2022-01-01,originator,32657700.0
0601011L0BBAHAG,Humalog KwikPen 200units/ml inj 3ml pre-filled pens,2495.0,20261.0,223405.36549,,2022-01-01,originator,12156600.0
0601011L0BBAIAF,Humalog Junior KwikPen 100units/ml inj 3ml pre-filled pens,488.0,2746.0,15145.02105,,2022-01-01,originator,823800.0
0601011L0BCAAAB,Insulin lispro Sanofi 100units/ml inj 10ml vials,15.0,56.0,739.9132999999999,,2022-01-01,biosimilar,56000.0
0601011L0BCABAC,Insulin lispro Sanofi 100units/ml inj 3ml cartridges,41.0,378.0,1502.04471,,2022-01-01,biosimilar,113400.0
0601011L0BCACAF,Insulin lispro Sanofi 100units/ml inj 3ml pre-filled pens,271.0,1640.0,6785.49507,,2022-01-01,biosimilar,492000.0
0601011L0BDAAAG,Lyumjev KwikPen 200units/ml inj 3ml pre-filled pens,45.0,269.0,2966.2127,,2022-01-01,ultra-rapid,161400.0
0601011L0BDABAB,Lyumjev 100units/ml solution for injection 10ml vials,175.0,626.0,9729.33419,,2022-01-01,ultra-rapid,626000.0
0601011L0BDACAC,Lyumjev 100units/ml solution for injection 3ml cartridges,133.0,915.0,4848.14322,,2022-01-01,ultra-rapid,274500.0
0601011L0BDADAF,Lyumjev KwikPen 100units/ml inj 3ml pre-filled pens,507.0,3031.0,16714.56971,,2022-01-01,ultra-rapid,909300.0
0601011L0BDAEAF,Lyumjev Junior KwikPen 100units/ml inj 3ml pre-filled pens,68.0,357.0,1969.21927,,2022-01-01,ultra-rapid,107100.0
0601011L0BEAAAC,Admelog 100units/ml solution for injection 3ml cartridges,4.0,20.0,79.4436,,2022-01-01,biosimilar,6000.0
0601011L0BEABAB,Admelog 100units/ml solution for injection 10ml vials,2.0,6.0,79.26889999999999,,2022-01-01,biosimilar,6000.0
0601011L0BEACAF,Admelog 100units/ml inj 3ml pre-filled pens,4.0,30.0,124.09835,,2022-01-01,biosimilar,9000.0
0601011N0AAACAC,Insulin soluble porcine 100units/ml inj 10ml vials,1.0,6.0,221.11108,,2022-01-01,human soluble,6000.0
0601011N0AAAPAP,Insulin soluble human 100units/ml inj 3ml cartridges,1.0,10.0,35.7115,,2022-01-01,human soluble,3000.0
0601011N0BCAEAC,Hypurin Porcine Neutral 100units/ml inj 10ml vials,198.0,665.0,24507.45981,,2022-01-01,human soluble,665000.0
0601011N0BCAHAZ,Hypurin Porcine Neutral 100units/ml inj 3ml cartridges,197.0,1747.0,19314.19989,,2022-01-01,human soluble,524100.0
0601011N0BFAEAL,Actrapid 100units/ml solution for injection 10ml vials,407.0,1186.0,8303.95482,,2022-01-01,human soluble,1186000.0
0601011N0BHAAAL,Humulin S 100units/ml solution for injection 10ml vials,164.0,488.0,7160.24098,,2022-01-01,human soluble,488000.0
0601011N0BHADAP,Humulin S 100units/ml solution for injection 3ml cartridges,1599.0,13605.0,48593.54341,,2022-01-01,human soluble,4081500.0
0601011N0BKABAP,Insuman Rapid 100units/ml inj 3ml cartridges,136.0,977.0,3201.6043600000003,,2022-01-01,human soluble,293100.0
0601011P0AAAAAA,Insulin glulisine 100units/ml inj 10ml vials,22.0,85.0,1272.56782,,2022-01-01,generic analogue,85000.0
0601011P0AAABAB,Insulin glulisine 100units/ml inj 3ml cartridges,14.0,140.0,741.46015,,2022-01-01,generic analogue,42000.0
0601011P0AAACAC,Insulin glulisine 100units/ml inj 3ml pf dispos dev,95.0,629.0,3332.02833,,2022-01-01,generic analogue,188700.0
0601011P0BBAAAA,Apidra 100units/ml solution for injection 10ml vials,375.0,1536.0,22995.27348,,2022-01-01,originator,1536000.0
0601011P0BBABAB,Apidra 100units/ml solution for injection 3ml cartridges,591.0,4624.0,24492.24002,,2022-01-01,originator,1387200.0
0601011P0BBAEAC,Apidra 100units/ml inj 3ml pre-filled SoloStar pens,6254.0,43088.0,228269.21756000002,,2022-01-01,originator,12926400.0
0601011R0BDAAAC,Insuman Infusat 100units/ml inj 3.15ml cartridges,2.0,40.0,1871.04692,,2022-01-01,human soluble,12600.0
0601011R0BEAAAE,Humulin R KwikPen 500units/ml inj 3ml pre-filled pens,5.0,38.0,2787.79191,,2022-01-01,human soluble,57000.0
0601011A0AAAAAA,Insulin aspart 100units/ml solution for injection 10ml vials,184.0,831.0,10956.20059,,2022-02-01,generic analogue,831000.0
0601011A0AAABAB,Insulin aspart 100units/ml inj 3ml cartridges,376.0,3565.0,18902.12304,,2022-02-01,generic analogue,1069500.0
0601011A0AAACAC,Insulin aspart 100units/ml inj 3ml pf dispos dev,203.0,1411.0,8087.77312,,2022-02-01,generic analogue,423300.0
0601011A0AAADAD,Insulin aspart 100units/ml inj 1.6ml cartridges,11.0,230.0,650.42045,,2022-02-01,generic analogue,36800.0
0601011A0BBAAAA,NovoRapid 100units/ml solution for injection 10ml vials,15764.0,62836.0,828478.27679,,2022-02-01,originator,62836000.0
0601011A0BBABAB,NovoRapid Penfill 100units/ml inj 3ml cartridges,45978.0,374494.0,1985731.66611,,2022-02-01,originator,112348200.0
0601011A0BBADAC,NovoRapid FlexPen 100units/ml inj 3ml pre-filled pens,79813.0,539982.0,3095313.95832,,2022-02-01,originator,161994600.0
0601011A0BBAEAC,NovoRapid FlexTouch 100units/ml inj 3ml pre-filled pens,3924.0,26766.0,161099.23476,,2022-02-01,originator,8029800.0
0601011A0BBAFAD,NovoRapid PumpCart 100units/ml inj 1.6ml cartridges,2653.0,43188.0,122138.77012,,2022-02-01,originator,6910080.0
0601011A0BCAAAC,Fiasp FlexTouch 100units/ml inj 3ml pre-filled pens,8479.0,52769.0,302488.72334,,2022-02-01,ultra-rapid,15830700.0
0601011A0BCABAB,Fiasp Penfill 100units/ml inj 3ml cartridges,5695.0,38291.0,203049.03741,,2022-02-01,ultra-rapid,11487300.0
0601011A0BCACAA,Fiasp 100units/ml solution for injection 10ml vials,2776.0,10786.0,142209.80559,,2022-02-01,ultra-rapid,10786000.0
0601011A0BDAAAB,Trurapi 100units/ml solution for injection 3ml cartridges,7.0,35.0,129.97509,,2022-02-01,biosimilar,10500.0
0601011A0BDABAC,Trurapi 100units/ml inj 3ml pre-filled Solostar pens,137.0,667.0,2678.71073,,2022-02-01,biosimilar,200100.0
0601011L0AAABAB,Insulin lispro 100units/ml solution for injection 10ml vials,207.0,867.0,13484.61369,,2022-02-01,generic analogue,867000.0
0601011L0AAACAC,Insulin lispro 100units/ml inj 3ml cartridges,433.0,3924.0,20806.539530000002,,2022-02-01,generic analogue,1177200.0
0601011L0AAAFAF,Insulin lispro 100units/ml inj 3ml pf dispos dev,203.0,1483.0,8184.63626,,2022-02-01,generic analogue,444900.0
0601011L0AAAGAG,Insulin lispro 200units/ml inj 3ml pf dispos dev,13.0,79.0,871.89717,,2022-02-01,generic analogue,47400.0
0601011L0BBABAB,Humalog 100units/ml solution for injection 10ml vials,2839.0,11148.0,173387.28236,,2022-02-01,originator,11148000.0
0601011L0BBACAC,Humalog 100units/ml solution for injection 3ml cartridges,11022.0,94842.0,502893.81776999997,,2022-02-01,originator,28452600.0
0601011L0BBAFAF,Humalog Pen 100units/ml inj 3ml pre-filled pens,2.0,10.0,55.18566,,2022-02-01,originator,3000.0
0601011L0BBAGAF,Humalog KwikPen 100units/ml inj 3ml pre-filled pens,14537.0,101209.0,558551.45768,,2022-02-01,originator,30362700.0
0601011L0BBAHAG,Humalog KwikPen 200units/ml inj 3ml pre-filled pens,2417.0,20183.0,222706.90034,,2022-02-01,originator,12109800.0
0601011L0BBAIAF,Humalog Junior KwikPen 100units/ml inj 3ml pre-filled pens,489.0,2708.0,14946.42102,,2022-02-01,originator,812400.0
0601011L0BCAAAB,Insulin lispro Sanofi 100units/ml inj 10ml vials,16.0,50.0,661.15512,,2022-02-01,biosimilar,50000.0
0601011L0BCABAC,Insulin lispro Sanofi 100units/ml inj 3ml cartridges,40.0,343.0,1364.03307,,2022-02-01,biosimilar,102900.0
0601011L0BCACAF,Insulin lispro Sanofi 100units/ml inj 3ml pre-filled pens,212.0,1218.0,5043.11519,,2022-02-01,biosimilar,365400.0
0601011L0BDAAAG,Lyumjev KwikPen 200units/ml inj 3ml pre-filled pens,35.0,197.0,2174.04896,,2022-02-01,ultra-rapid,118200.0
0601011L0BDABAB,Lyumjev 100units/ml solution for injection 10ml vials,196.0,767.0,11929.30149,,2022-02-01,ultra-rapid,767000.0
0601011L0BDACAC,Lyumjev 100units/ml solution for injection 3ml cartridges,128.0,891.0,4724.60063,,2022-02-01,ultra-rapid,267300.0
0601011L0BDADAF,Lyumjev KwikPen 100units/ml inj 3ml pre-filled pens,497.0,3028.0,16711.16176,,2022-02-01,ultra-rapid,908400.0
0601011L0BDAEAF,Lyumjev Junior KwikPen 100units/ml inj 3ml pre-filled pens,65.0,369.0,2036.4436,,2022-02-01,ultra-rapid,110700.0
0601011L0BEAAAC,Admelog 100units/ml solution for injection 3ml cartridges,7.0,45.0,178.91679,,2022-02-01,biosimilar,13500.0
0601011L0BEABAB,Admelog 100units/ml solution for injection 10ml vials,3.0,32.0,423.04949,,2022-02-01,biosimilar,32000.0
0601011L0BEACAF,Admelog 100units/ml inj 3ml pre-filled pens,19.0,105.0,434.68846,,2022-02-01,biosimilar,31500.0
0601011N0AAAPAP,Insulin soluble human 100units/ml inj 3ml cartridges,1.0,2.0,7.2556,,2022-02-01,human soluble,600.0
0601011N0BCAEAC,Hypurin Porcine Neutral 100units/ml inj 10ml vials,196.0,617.0,22755.33513,,2022-02-01,human soluble,617000.0
0601011N0BCAHAZ,Hypurin Porcine Neutral 100units/ml inj 3ml cartridges,178.0,1520.0,16817.63415,,2022-02-01,human soluble,456000.0
0601011N0BFAEAL,Actrapid 100units/ml solution for injection 10ml vials,355.0,1137.0,7966.25404,,2022-02-01,human soluble,1137000.0
0601011N0BHAAAL,Humulin S 100units/ml solution for injection 10ml vials,173.0,558.0,8193.22804,,2022-02-01,human soluble,558000.0
0601011N0BHADAP,Humulin S 100units/ml solution for injection 3ml cartridges,1538.0,13122.0,46903.76298,,2022-02-01,human soluble,3936600.0
0601011N0BKABAP,Insuman Rapid 100units/ml inj 3ml cartridges,106.0,763.0,2502.08498,,2022-02-01,human soluble,228900.0
0601011P0AAAAAA,Insulin glulisine 100units/ml inj 10ml vials,21.0,66.0,988.88685,,2022-02-01,generic analogue,66000.0
0601011P0AAABAB,Insulin glulisine 100units/ml inj 3ml cartridges,14.0,140.0,742.00552,,2022-02-01,generic analogue,42000.0
0601011P0AAACAC,Insulin glulisine 100units/ml inj 3ml pf dispos dev,94.0,667.0,3535.92389,,2022-02-01,generic analogue,200100.0
0601011P0BBAAAA,Apidra 100units/ml solution for injection 10ml vials,343.0,1429.0,21409.0302,,2022-02-01,originator,1429000.0
0601011P0BBABAB,Apidra 100units/ml solution for injection 3ml cartridges,556.0,4295.0,22766.26035,,2022-02-01,originator,1288500.0
0601011P0BBAEAC,Apidra 100units/ml inj 3ml pre-filled SoloStar pens,5902.0,40699.0,215769.81833,,2022-02-01,originator,12209700.0
0601011R0BEAAAE,Humulin R KwikPen 500units/ml inj 3ml pre-filled pens,9.0,104.0,3732.70408,,2022-02-01,human soluble,156000.0
0601011A0AAAAAA,Insulin aspart 100units/ml solution for injection 10ml vials,193.0,816.0,10746.74437,,2022-03-01,generic analogue,816000.0
0601011A0AAABAB,Insulin aspart 100units/ml inj 3ml cartridges,445.0,3984.0,21100.8896,,2022-03-01,generic analogue,1195200.0
0601011A0AAACAC,Insulin aspart 100units/ml inj 3ml pf dispos dev,240.0,1808.0,10351.54139,,2022-03-01,generic analogue,542400.0
0601011A0AAADAD,Insulin aspart 100units/ml inj 1.6ml cartridges,14.0,270.0,762.70916,,2022-03-01,generic analogue,43200.0
0601011A0BBAAAA,NovoRapid 100units/ml solution for injection 10ml vials,18885.0,76025.0,1001254.1451600001,,2022-03-01,originator,76025000.0
0601011A0BBABAB,NovoRapid Penfill 100units/ml inj 3ml cartridges,53256.0,433208.0,2294538.89179,,2022-03-01,originator,129962400.0
0601011A0BBADAC,NovoRapid FlexPen 100units/ml inj 3ml pre-filled pens,91051.0,615503.0,3524336.17343,,2022-03-01,originator,184650900.0
0601011A0BBAEAC,NovoRapid FlexTouch 100units/ml inj 3ml pre-filled pens,4444.0,30645.0,184241.99852,,2022-03-01,originator,9193500.0
0601011A0BBAFAD,NovoRapid PumpCart 100units/ml inj 1.6ml cartridges,2992.0,48555.0,137165.5172,,2022-03-01,originator,7768800.0
0601011A0BCAAAC,Fiasp FlexTouch 100units/ml inj 3ml pre-filled pens,9927.0,61958.0,354770.70290000003,,2022-03-01,ultra-rapid,18587400.0
0601011A0BCABAB,Fiasp Penfill 100units/ml inj 3ml cartridges,6987.0,46990.0,248902.98382,,2022-03-01,ultra-rapid,14097000.0
0601011A0BCACAA,Fiasp 100units/ml solution for injection 10ml vials,3375.0,12929.0,170276.90904,,2022-03-01,ultra-rapid,12929000.0
0601011A0BDAAAB,Trurapi 100units/ml solution for injection 3ml cartridges,4.0,20.0,74.17728,,2022-03-01,biosimilar,6000.0
0601011A0BDABAC,Trurapi 100units/ml inj 3ml pre-filled Solostar pens,167.0,891.0,3573.29963,,2022-03-01,biosimilar,267300.0
0601011A0BDACAA,Trurapi 100units/ml solution for injection 10ml vial,2.0,2.0,22.4127,,2022-03-01,biosimilar,2000.0
0601011L0AAABAB,Insulin lispro 100units/ml solution for injection 10ml vials,247.0,1092.0,16965.16809,,2022-03-01,generic analogue,1092000.0
0601011L0AAACAC,Insulin lispro 100units/ml inj 3ml cartridges,474.0,4295.0,22748.56704,,2022-03-01,generic analogue,1288500.0
0601011L0AAAFAF,Insulin lispro 100units/ml inj 3ml pf dispos dev,223.0,1563.0,8616.98764,,2022-03-01,generic analogue,468900.0
0601011L0AAAGAG,Insulin lispro 200units/ml inj 3ml pf dispos dev,14.0,74.0,815.79939,,2022-03-01,generic analogue,44400.0
0601011L0BBABAB,Humalog 100units/ml solution for injection 10ml vials,3333.0,13503.0,209782.82365,,2022-03-01,originator,13503000.0
0601011L0BBACAC,Humalog 100units/ml solution for injection 3ml cartridges,12853.0,110753.0,586607.89254,,2022-03-01,originator,33225900.0
0601011L0BBAFAF,Humalog Pen 100units/ml inj 3ml pre-filled pens,1.0,5.0,27.51568,,2022-03-01,originator,1500.0
0601011L0BBAGAF,Humalog KwikPen 100units/ml inj 3ml pre-filled pens,16761.0,117336.0,646836.25608,,2022-03-01,originator,35200800.0
0601011L0BBAHAG,Humalog KwikPen 200units/ml inj 3ml pre-filled pens,2766.0,22638.0,249522.67384,,2022-03-01,originator,13582800.0
0601011L0BBAIAF,Humalog Junior KwikPen 100units/ml inj 3ml pre-filled pens,544.0,3048.0,16804.23255,,2022-03-01,originator,914400.0
0601011L0BCAAAB,Insulin lispro Sanofi 100units/ml inj 10ml vials,30.0,100.0,1320.81602,,2022-03-01,biosimilar,100000.0
0601011L0BCABAC,Insulin lispro Sanofi 100units/ml inj 3ml cartridges,30.0,226.0,897.80915,,2022-03-01,biosimilar,67800.0
0601011L0BCACAF,Insulin lispro Sanofi 100units/ml inj 3ml pre-filled pens,204.0,1300.0,5376.81565,,2022-03-01,biosimilar,390000.0
0601011L0BDAAAG,Lyumjev KwikPen 200units/ml inj 3ml pre-filled pens,56.0,323.0,3560.21967,,2022-03-01,ultra-rapid,193800.0
0601011L0BDABAB,Lyumjev 100units/ml solution for injection 10ml vials,223.0,871.0,13531.94915,,2022-03-01,ultra-rapid,871000.0
0601011L0BDACAC,Lyumjev 100units/ml solution for injection 3ml cartridges,178.0,1258.0,6663.25967,,2022-03-01,ultra-rapid,377400.0
0601011L0BDADAF,Lyumjev KwikPen 100units/ml inj 3ml pre-filled pens,737.0,4376.0,24124.02259,,2022-03-01,ultra-rapid,1312800.0
0601011L0BDAEAF,Lyumjev Junior KwikPen 100units/ml inj 3ml pre-filled pens,92.0,497.0,2739.93591,,2022-03-01,ultra-rapid,149100.0
0601011L0BEAAAC,Admelog 100units/ml solution for injection 3ml cartridges,16.0,147.0,583.81509,,2022-03-01,biosimilar,44100.0
0601011L0BEABAB,Admelog 100units/ml solution for injection 10ml vials,1.0,20.0,264.10369,,2022-03-01,biosimilar,20000.0
0601011L0BEACAF,Admelog 100units/ml inj 3ml pre-filled pens,65.0,373.0,1542.67993,,2022-03-01,biosimilar,111900.0
0601011N0AAALAL,Insulin soluble human 100units/ml inj 10ml vials,2.0,8.0,86.65871,,2022-03-01,human soluble,8000.0
0601011N0AAAPAP,Insulin soluble human 100units/ml inj 3ml cartridges,1.0,5.0,17.8554,,2022-03-01,human soluble,1500.0
0601011N0BCAEAC,Hypurin Porcine Neutral 100units/ml inj 10ml vials,197.0,655.0,24130.06022,,2022-03-01,human soluble,655000.0
0601011N0BCAHAZ,Hypurin Porcine Neutral 100units/ml inj 3ml cartridges,223.0,1881.0,20788.39348,,2022-03-01,human soluble,564300.0
0601011N0BFAEAL,Actrapid 100units/ml solution for injection 10ml vials,416.0,1228.0,8594.68667,,2022-03-01,human soluble,1228000.0
0601011N0BHAAAL,Humulin S 100units/ml solution for injection 10ml vials,184.0,547.0,8022.95223,,2022-03-01,human soluble,547000.0
0601011N0BHADAP,Humulin S 100units/ml solution for injection 3ml cartridges,1691.0,14616.0,52185.37878,,2022-03-01,human soluble,4384800.0
0601011N0BKABAP,Insuman Rapid 100units/ml inj 3ml cartridges,122.0,897.0,2938.04614,,2022-03-01,human soluble,269100.0
0601011P0AAAAAA,Insulin glulisine 100units/ml inj 10ml vials,24.0,96.0,1436.71486,,2022-03-01,generic analogue,96000.0
0601011P0AAABAB,Insulin glulisine 100units/ml inj 3ml cartridges,16.0,103.0,545.48234,,2022-03-01,generic analogue,30900.0
0601011P0AAACAC,Insulin glulisine 100units/ml inj 3ml pf dispos dev,112.0,761.0,4029.8983200000002,,2022-03-01,generic analogue,228300.0
0601011P0BBAAAA,Apidra 100units/ml solution for injection 10ml vials,402.0,1615.0,24169.129820000002,,2022-03-01,originator,1615000.0
0601011P0BBABAB,Apidra 100units/ml solution for injection 3ml cartridges,634.0,5029.0,26627.10472,,2022-03-01,originator,1508700.0
0601011P0BBAEAC,Apidra 100units/ml inj 3ml pre-filled SoloStar pens,6750.0,46382.0,245628.7194,,2022-03-01,originator,13914600.0
0601011R0BDAAAC,Insuman Infusat 100units/ml inj 3.15ml cartridges,1.0,2.0,93.62915,,2022-03-01,human soluble,630.0
0601011R0BEAAAE,Humulin R KwikPen 500units/ml inj 3ml pre-filled pens,29.0,191.0,6678.7323400000005,,2022-03-01,human soluble,286500.0
0601011A0AAAAAA,Insulin aspart 100units/ml solution for injection 10ml vials,172.0,761.0,10027.94937,,2022-04-01,generic analogue,761000.0
0601011A0AAABAB,Insulin aspart 100units/ml inj 3ml cartridges,407.0,3764.0,19946.43942,,2022-04-01,generic analogue,1129200.0
0601011A0AAACAC,Insulin aspart 100units/ml inj 3ml pf dispos dev,197.0,1385.0,7934.94909,,2022-04-01,generic analogue,415500.0
0601011A0AAADAD,Insulin aspart 100units/ml inj 1.6ml cartridges,11.0,215.0,607.6835599999999,,2022-04-01,generic analogue,34400.0
0601011A0BBAAAA,NovoRapid 100units/ml solution for injection 10ml vials,17080.0,68388.0,901188.18712,,2022-04-01,originator,68388000.0
0601011A0BBABAB,NovoRapid Penfill 100units/ml inj 3ml cartridges,49343.0,399147.0,2115326.91022,,2022-04-01,originator,119744100.0
0601011A0BBADAC,NovoRapid FlexPen 100units/ml inj 3ml pre-filled pens,85522.0,577881.0,3310780.33119,,2022-04-01,originator,173364300.0
0601011A0BBAEAC,NovoRapid FlexTouch 100units/ml inj 3ml pre-filled pens,4287.0,29779.0,179136.35566,,2022-04-01,originator,8933700.0
0601011A0BBAFAD,NovoRapid PumpCart 100units/ml inj 1.6ml cartridges,2676.0,42576.0,120344.06497,,2022-04-01,originator,6812160.0
0601011A0BCAAAC,Fiasp FlexTouch 100units/ml inj 3ml pre-filled pens,9498.0,59274.0,339591.01586,,2022-04-01,ultra-rapid,17782200.0
0601011A0BCABAB,Fiasp Penfill 100units/ml inj 3ml cartridges,6705.0,45458.0,240923.88403000002,,2022-04-01,ultra-rapid,13637400.0
0601011A0BCACAA,Fiasp 100units/ml solution for injection 10ml vials,3111.0,11868.0,156391.83385,,2022-04-01,ultra-rapid,11868000.0
0601011A0BDAAAB,Trurapi 100units/ml solution for injection 3ml cartridges,15.0,85.0,315.4097,,2022-04-01,biosimilar,25500.0
0601011A0BDABAC,Trurapi 100units/ml inj 3ml pre-filled Solostar pens,250.0,1241.0,4980.3677099999995,,2022-04-01,biosimilar,372300.0
0601011A0BDACAA,Trurapi 100units/ml solution for injection 10ml vial,4.0,4.0,44.8507,,2022-04-01,biosimilar,4000.0
0601011L0AAABAB,Insulin lispro 100units/ml solution for injection 10ml vials,209.0,847.0,13166.53483,,2022-04-01,generic analogue,847000.0
0601011L0AAACAC,Insulin lispro 100units/ml inj 3ml cartridges,412.0,3624.0,19205.69205,,2022-04-01,generic analogue,1087200.0
0601011L0AAAFAF,Insulin lispro 100units/ml inj 3ml pf dispos dev,201.0,1459.0,8047.78161,,2022-04-01,generic analogue,437700.0
0601011L0AAAGAG,Insulin lispro 200units/ml inj 3ml pf dispos dev,16.0,130.0,1433.7627,,2022-04-01,generic analogue,78000.0
0601011L0BBABAB,Humalog 100units/ml solution for injection 10ml vials,2920.0,11535.0,179309.73995000002,,2022-04-01,originator,11535000.0
0601011L0BBACAC,Humalog 100units/ml solution for injection 3ml cartridges,11724.0,100845.0,534433.73263,,2022-04-01,originator,30253500.0
0601011L0BBAFAF,Humalog Pen 100units/ml inj 3ml pre-filled pens,1.0,5.0,27.57799,,2022-04-01,originator,1500.0
0601011L0BBAGAF,Humalog KwikPen 100units/ml inj 3ml pre-filled pens,15506.0,108403.0,597920.25833,,2022-04-01,originator,32520900.0
0601011L0BBAHAG,Humalog KwikPen 200units/ml inj 3ml pre-filled pens,2655.0,21747.0,239838.08185000002,,2022-04-01,originator,13048200.0
0601011L0BBAIAF,Humalog Junior KwikPen 100units/ml inj 3ml pre-filled pens,510.0,2847.0,15704.64897,,2022-04-01,originator,854100.0
0601011L0BCAAAB,Insulin lispro Sanofi 100units/ml inj 10ml vials,15.0,49.0,647.5750800000001,,2022-04-01,biosimilar,49000.0
0601011L0BCABAC,Insulin lispro Sanofi 100units/ml inj 3ml cartridges,28.0,251.0,997.62765,,2022-04-01,biosimilar,75300.0
0601011L0BCACAF,Insulin lispro Sanofi 100units/ml inj 3ml pre-filled pens,161.0,899.0,3720.75851,,2022-04-01,biosimilar,269700.0
0601011L0BDAAAG,Lyumjev KwikPen 200units/ml inj 3ml pre-filled pens,52.0,338.0,3727.58635,,2022-04-01,ultra-rapid,202800.0
0601011L0BDABAB,Lyumjev 100units/ml solution for injection 10ml vials,282.0,1092.0,16975.08237,,2022-04-01,ultra-rapid,1092000.0
0601011L0BDACAC,Lyumjev 100units/ml solution for injection 3ml cartridges,200.0,1366.0,7239.58474,,2022-04-01,ultra-rapid,409800.0
0601011L0BDADAF,Lyumjev KwikPen 100units/ml inj 3ml pre-filled pens,800.0,4777.0,26349.49299,,2022-04-01,ultra-rapid,1433100.0
0601011L0BDAEAF,Lyumjev Junior KwikPen 100units/ml inj 3ml pre-filled pens,104.0,581.0,3204.43212,,2022-04-01,ultra-rapid,174300.0
0601011L0BEAAAC,Admelog 100units/ml solution for injection 3ml cartridges,19.0,205.0,814.63116,,2022-04-01,biosimilar,61500.0
0601011L0BEABAB,Admelog 100units/ml solution for injection 10ml vials,2.0,40.0,528.50568,,2022-04-01,biosimilar,40000.0
0601011L0BEACAF,Admelog 100units/ml inj 3ml pre-filled pens,98.0,561.0,2321.79794,,2022-04-01,biosimilar,168300.0
0601011N0AAACAC,Insulin soluble porcine 100units/ml inj 10ml vials,1.0,6.0,221.1547,,2022-04-01,human soluble,6000.0
0601011N0AAAPAP,Insulin soluble human 100units/ml inj 3ml cartridges,2.0,10.0,35.73094,,2022-04-01,human soluble,3000.0
0601011N0BCAEAC,Hypurin Porcine Neutral 100units/ml inj 10ml vials,144.0,429.0,15813.39805,,2022-04-01,human soluble,429000.0
0601011N0BCAHAZ,Hypurin Porcine Neutral 100units/ml inj 3ml cartridges,196.0,1819.0,20113.98436,,2022-04-01,human soluble,545700.0
0601011N0BFAEAL,Actrapid 100units/ml solution for injection 10ml vials,401.0,1254.0,8781.28855,,2022-04-01,human soluble,1254000.0
0601011N0BHAAAL,Humulin S 100units/ml solution for injection 10ml vials,169.0,501.0,7352.45956,,2022-04-01,human soluble,501000.0
0601011N0BHADAP,Humulin S 100units/ml solution for injection 3ml cartridges,1599.0,13556.0,48427.3738,,2022-04-01,human soluble,4066800.0
0601011N0BKABAP,Insuman Rapid 100units/ml inj 3ml cartridges,118.0,830.0,2720.38444,,2022-04-01,human soluble,249000.0
0601011P0AAAAAA,Insulin glulisine 100units/ml inj 10ml vials,20.0,64.0,958.40032,,2022-04-01,generic analogue,64000.0
0601011P0AAABAB,Insulin glulisine 100units/ml inj 3ml cartridges,12.0,135.0,715.10142,,2022-04-01,generic analogue,40500.0
0601011P0AAACAC,Insulin glulisine 100units/ml inj 3ml pf dispos dev,100.0,663.0,3512.81277,,2022-04-01,generic analogue,198900.0
0601011P0BBAAAA,Apidra 100units/ml solution for injection 10ml vials,405.0,1671.0,25021.27181,,2022-04-01,originator,1671000.0
0601011P0BBABAB,Apidra 100units/ml solution for injection 3ml cartridges,626.0,4755.0,25191.08744,,2022-04-01,originator,1426500.0
0601011P0BBAEAC,Apidra 100units/ml inj 3ml pre-filled SoloStar pens,6218.0,42905.0,227346.57217,,2022-04-01,originator,12871500.0
0601011R0BEAAAE,Humulin R KwikPen 500units/ml inj 3ml pre-filled pens,5.0,37.0,3125.67542,,2022-04-01,human soluble,55500.0
0601011A0AAAAAA,Insulin aspart 100units/ml solution for injection 10ml vials,174.0,769.0,10131.287980000001,,2022-05-01,generic analogue,769000.0
0601011A0AAABAB,Insulin aspart 100units/ml inj 3ml cartridges,442.0,4064.0,21532.33185,,2022-05-01,generic analogue,1219200.0
0601011A0AAACAC,Insulin aspart 100units/ml inj 3ml pf dispos dev,204.0,1451.0,8310.678100000001,,2022-05-01,generic analogue,435300.0
0601011A0AAADAD,Insulin aspart 100units/ml inj 1.6ml cartridges,13.0,300.0,847.72507,,2022-05-01,generic analogue,48000.0
0601011A0BBAAAA,NovoRapid 100units/ml solution for injection 10ml vials,18400.0,74090.0,976121.79023,,2022-05-01,originator,74090000.0
0601011A0BBABAB,NovoRapid Penfill 100units/ml inj 3ml cartridges,50949.0,412889.0,2187704.07123,,2022-05-01,originator,123866700.0
0601011A0BBADAC,NovoRapid FlexPen 100units/ml inj 3ml pre-filled pens,89557.0,602478.0,3451002.89929,,2022-05-01,originator,180743400.0
0601011A0BBAEAC,NovoRapid FlexTouch 100units/ml inj 3ml pre-filled pens,4363.0,30206.0,181692.41659,,2022-05-01,originator,9061800.0
0601011A0BBAFAD,NovoRapid PumpCart 100units/ml inj 1.6ml cartridges,2707.0,43979.0,124283.08517,,2022-05-01,originator,7036640.0
0601011A0BCAAAC,Fiasp FlexTouch 100units/ml inj 3ml pre-filled pens,9997.0,62440.0,357650.42397,,2022-05-01,ultra-rapid,18732000.0
0601011A0BCABAB,Fiasp Penfill 100units/ml inj 3ml cartridges,7117.0,48246.0,255646.78917,,2022-05-01,ultra-rapid,14473800.0
0601011A0BCACAA,Fiasp 100units/ml solution for injection 10ml vials,3447.0,13209.0,174026.59157,,2022-05-01,ultra-rapid,13209000.0
0601011A0BDAAAB,Trurapi 100units/ml solution for injection 3ml cartridges,20.0,112.0,415.74821000000003,,2022-05-01,biosimilar,33600.0
0601011A0BDABAC,Trurapi 100units/ml inj 3ml pre-filled Solostar pens,385.0,1978.0,7936.773639999999,,2022-05-01,biosimilar,593400.0
0601011A0BDACAA,Trurapi 100units/ml solution for injection 10ml vial,2.0,4.0,44.81659,,2022-05-01,biosimilar,4000.0
0601011L0AAABAB,Insulin lispro 100units/ml solution for injection 10ml vials,230.0,952.0,14795.5669,,2022-05-01,generic analogue,952000.0
0601011L0AAACAC,Insulin lispro 100units/ml inj 3ml cartridges,434.0,3885.0,20584.67455,,2022-05-01,generic analogue,1165500.0
0601011L0AAAFAF,Insulin lispro 100units/ml inj 3ml pf dispos dev,211.0,1479.0,8157.07805,,2022-05-01,generic analogue,443700.0
0601011L0AAAGAG,Insulin lispro 200units/ml inj 3ml pf dispos dev,12.0,86.0,948.57003,,2022-05-01,generic analogue,51600.0
0601011L0BBABAB,Humalog 100units/ml solution for injection 10ml vials,3202.0,12837.0,199507.29705,,2022-05-01,originator,12837000.0
0601011L0BBACAC,Humalog 100units/ml solution for injection 3ml cartridges,12076.0,103592.0,548875.70348,,2022-05-01,originator,31077600.0
0601011L0BBAFAF,Humalog Pen 100units/ml inj 3ml pre-filled pens,3.0,15.0,82.62323,,2022-05-01,originator,4500.0
0601011L0BBAGAF,Humalog KwikPen 100units/ml inj 3ml pre-filled pens,16281.0,113560.0,626239.88186,,2022-05-01,originator,34068000.0
0601011L0BBAHAG,Humalog KwikPen 200units/ml inj 3ml pre-filled pens,2772.0,23016.0,253777.29867,,2022-05-01,originator,13809600.0
0601011L0BBAIAF,Humalog Junior KwikPen 100units/ml inj 3ml pre-filled pens,536.0,3081.0,16991.27326,,2022-05-01,originator,924300.0
0601011L0BCAAAB,Insulin lispro Sanofi 100units/ml inj 10ml vials,20.0,61.0,806.01368,,2022-05-01,biosimilar,61000.0
0601011L0BCABAC,Insulin lispro Sanofi 100units/ml inj 3ml cartridges,35.0,250.0,993.46834,,2022-05-01,biosimilar,75000.0
0601011L0BCACAF,Insulin lispro Sanofi 100units/ml inj 3ml pre-filled pens,113.0,688.0,2846.67246,,2022-05-01,biosimilar,206400.0
0601011L0BDAAAG,Lyumjev KwikPen 200units/ml inj 3ml pre-filled pens,52.0,333.0,3671.70365,,2022-05-01,ultra-rapid,199800.0
0601011L0BDABAB,Lyumjev 100units/ml solution for injection 10ml vials,307.0,1164.0,18090.70736,,2022-05-01,ultra-rapid,1164000.0
0601011L0BDACAC,Lyumjev 100units/ml solution for injection 3ml cartridges,241.0,1713.0,9076.80095,,2022-05-01,ultra-rapid,513900.0
0601011L0BDADAF,Lyumjev KwikPen 100units/ml inj 3ml pre-filled pens,943.0,5602.0,30893.01876,,2022-05-01,ultra-rapid,1680600.0
0601011L0BDAEAF,Lyumjev Junior KwikPen 100units/ml inj 3ml pre-filled pens,130.0,729.0,4020.13284,,2022-05-01,ultra-rapid,218700.0
0601011L0BEAAAC,Admelog 100units/ml solution for injection 3ml cartridges,13.0,160.0,635.66594,,2022-05-01,biosimilar,48000.0
0601011L0BEABAB,Admelog 100units/ml solution for injection 10ml vials,4.0,46.0,607.6761700000001,,2022-05-01,biosimilar,46000.0
0601011L0BEACAF,Admelog 100units/ml inj 3ml pre-filled pens,136.0,794.0,3285.3221300000005,,2022-05-01,biosimilar,238200.0
0601011N0AAACAC,Insulin soluble porcine 100units/ml inj 10ml vials,1.0,10.0,368.50622,,2022-05-01,human soluble,10000.0
0601011N0AAALAL,Insulin soluble human 100units/ml inj 10ml vials,1.0,4.0,58.68702,,2022-05-01,human soluble,4000.0
0601011N0BCAEAC,Hypurin Porcine Neutral 100units/ml inj 10ml vials,159.0,512.0,18868.780730000002,,2022-05-01,human soluble,512000.0
0601011N0BCAHAZ,Hypurin Porcine Neutral 100units/ml inj 3ml cartridges,221.0,1797.0,19867.40559,,2022-05-01,human soluble,539100.0
0601011N0BFAEAL,Actrapid 100units/ml solution for injection 10ml vials,432.0,1362.0,9535.68099,,2022-05-01,human soluble,1362000.0
0601011N0BHAAAL,Humulin S 100units/ml solution for injection 10ml vials,181.0,523.0,7673.75223,,2022-05-01,human soluble,523000.0
0601011N0BHADAP,Humulin S 100units/ml solution for injection 3ml cartridges,1613.0,14086.0,50312.24135,,2022-05-01,human soluble,4225800.0
0601011N0BKABAP,Insuman Rapid 100units/ml inj 3ml cartridges,108.0,795.0,2604.8335,,2022-05-01,human soluble,238500.0
0601011P0AAAAAA,Insulin glulisine 100units/ml inj 10ml vials,22.0,80.0,1197.7140299999999,,2022-05-01,generic analogue,80000.0
0601011P0AAABAB,Insulin glulisine 100units/ml inj 3ml cartridges,18.0,155.0,820.9382,,2022-05-01,generic analogue,46500.0
0601011P0AAACAC,Insulin glulisine 100units/ml inj 3ml pf dispos dev,106.0,778.0,4121.17414,,2022-05-01,generic analogue,233400.0
0601011P0BBAAAA,Apidra 100units/ml solution for injection 10ml vials,362.0,1499.0,22441.08515,,2022-05-01,originator,1499000.0
0601011P0BBABAB,Apidra 100units/ml solution for injection 3ml cartridges,611.0,4757.0,25196.65109,,2022-05-01,originator,1427100.0
0601011P0BBAEAC,Apidra 100units/ml inj 3ml pre-filled SoloStar pens,6478.0,44969.0,238230.61692,,2022-05-01,originator,13490700.0
0601011R0BEAAAE,Humulin R KwikPen 500units/ml inj 3ml pre-filled pens,5.0,31.0,1078.1900600000001,,2022-05-01,human soluble,46500.0
0601011A0AAAAAA,Insulin aspart 100units/ml solution for injection 10ml vials,174.0,770.0,10144.37428,,2022-06-01,generic analogue,770000.0
0601011A0AAABAB,Insulin aspart 100units/ml inj 3ml cartridges,370.0,3370.0,17855.12554,,2022-06-01,generic analogue,1011000.0
0601011A0AAACAC,Insulin aspart 100units/ml inj 3ml pf dispos dev,204.0,1492.0,8545.05917,,2022-06-01,generic analogue,447600.0
0601011A0AAADAD,Insulin aspart 100units/ml inj 1.6ml cartridges,15.0,230.0,649.98267,,2022-06-01,generic analogue,36800.0
0601011A0BBAAAA,NovoRapid 100units/ml solution for injection 10ml vials,18309.0,73655.0,970389.00142,,2022-06-01,originator,73655000.0
0601011A0BBABAB,NovoRapid Penfill 100units/ml inj 3ml cartridges,49065.0,397453.0,2105908.82362,,2022-06-01,originator,119235900.0
0601011A0BBADAC,NovoRapid FlexPen 100units/ml inj 3ml pre-filled pens,87446.0,588157.0,3368965.89811,,2022-06-01,originator,176447100.0
0601011A0BBAEAC,NovoRapid FlexTouch 100units/ml inj 3ml pre-filled pens,4306.0,29422.0,176953.65834999998,,2022-06-01,originator,8826600.0
0601011A0BBAFAD,NovoRapid PumpCart 100units/ml inj 1.6ml cartridges,2566.0,41375.0,116923.63058,,2022-06-01,originator,6620000.0
0601011A0BCAAAC,Fiasp FlexTouch 100units/ml inj 3ml pre-filled pens,10066.0,62967.0,360674.96409,,2022-06-01,ultra-rapid,18890100.0
0601011A0BCABAB,Fiasp Penfill 100units/ml inj 3ml cartridges,7183.0,48276.0,255806.80004,,2022-06-01,ultra-rapid,14482800.0
0601011A0BCACAA,Fiasp 100units/ml solution for injection 10ml vials,3469.0,13260.0,174698.29497,,2022-06-01,ultra-rapid,13260000.0
0601011A0BDAAAB,Trurapi 100units/ml solution for injection 3ml cartridges,25.0,147.0,545.48417,,2022-06-01,biosimilar,44100.0
0601011A0BDABAC,Trurapi 100units/ml inj 3ml pre-filled Solostar pens,458.0,2513.0,10082.20906,,2022-06-01,biosimilar,753900.0
0601011A0BDACAA,Trurapi 100units/ml solution for injection 10ml vial,4.0,4.0,44.841229999999996,,2022-06-01,biosimilar,4000.0
0601011L0AAABAB,Insulin lispro 100units/ml solution for injection 10ml vials,210.0,881.0,13692.09958,,2022-06-01,generic analogue,881000.0
0601011L0AAACAC,Insulin lispro 100units/ml inj 3ml cartridges,434.0,3852.0,20410.29289,,2022-06-01,generic analogue,1155600.0
0601011L0AAAFAF,Insulin lispro 100units/ml inj 3ml pf dispos dev,184.0,1396.0,7698.62448,,2022-06-01,generic analogue,418800.0
0601011L0AAAGAG,Insulin lispro 200units/ml inj 3ml pf dispos dev,11.0,62.0,683.79856,,2022-06-01,generic analogue,37200.0
0601011L0BBABAB,Humalog 100units/ml solution for injection 10ml vials,3069.0,12243.0,190275.10806,,2022-06-01,originator,12243000.0
0601011L0BBACAC,Humalog 100units/ml solution for injection 3ml cartridges,11811.0,102291.0,541983.78317,,2022-06-01,originator,30687300.0
0601011L0BBAFAF,Humalog Pen 100units/ml inj 3ml pre-filled pens,1.0,5.0,27.52539,,2022-06-01,originator,1500.0
0601011L0BBAGAF,Humalog KwikPen 100units/ml inj 3ml pre-filled pens,15949.0,110933.0,611760.04025,,2022-06-01,originator,33279900.0
0601011L0BBAHAG,Humalog KwikPen 200units/ml inj 3ml pre-filled pens,2716.0,22314.0,246040.47838,,2022-06-01,originator,13388400.0
0601011L0BBAIAF,Humalog Junior KwikPen 100units/ml inj 3ml pre-filled pens,528.0,2915.0,16076.9244,,2022-06-01,originator,874500.0
0601011L0BCAAAB,Insulin lispro Sanofi 100units/ml inj 10ml vials,23.0,83.0,1096.65102,,2022-06-01,biosimilar,83000.0
0601011L0BCABAC,Insulin lispro Sanofi 100units/ml inj 3ml cartridges,26.0,210.0,834.44336,,2022-06-01,biosimilar,63000.0
0601011L0BCACAF,Insulin lispro Sanofi 100units/ml inj 3ml pre-filled pens,91.0,526.0,2176.83614,,2022-06-01,biosimilar,157800.0
0601011L0BDAAAG,Lyumjev KwikPen 200units/ml inj 3ml pre-filled pens,64.0,424.0,4675.08608,,2022-06-01,ultra-rapid,254400.0
0601011L0BDABAB,Lyumjev 100units/ml solution for injection 10ml vials,336.0,1243.0,19318.51704,,2022-06-01,ultra-rapid,1243000.0
0601011L0BDACAC,Lyumjev 100units/ml solution for injection 3ml cartridges,234.0,1667.0,8832.68195,,2022-06-01,ultra-rapid,500100.0
0601011L0BDADAF,Lyumjev KwikPen 100units/ml inj 3ml pre-filled pens,1078.0,6306.0,34776.18856,,2022-06-01,ultra-rapid,1891800.0
0601011L0BDAEAF,Lyumjev Junior KwikPen 100units/ml inj 3ml pre-filled pens,165.0,952.0,5249.84616,,2022-06-01,ultra-rapid,285600.0
0601011L0BEAAAC,Admelog 100units/ml solution for injection 3ml cartridges,15.0,170.0,675.38488,,2022-06-01,biosimilar,51000.0
0601011L0BEABAB,Admelog 100units/ml solution for injection 10ml vials,3.0,27.0,356.68631,,2022-06-01,biosimilar,27000.0
0601011L0BEACAF,Admelog 100units/ml inj 3ml pre-filled pens,144.0,838.0,3467.6827700000003,,2022-06-01,biosimilar,251400.0
0601011N0AAAPAP,Insulin soluble human 100units/ml inj 3ml cartridges,1.0,5.0,17.86169,,2022-06-01,human soluble,1500.0
0601011N0AAAZAZ,Insulin soluble porcine 100units/ml inj 3ml cartridges,1.0,5.0,55.2816,,2022-06-01,human soluble,1500.0
0601011N0BCAEAC,Hypurin Porcine Neutral 100units/ml inj 10ml vials,163.0,518.0,19089.63598,,2022-06-01,human soluble,518000.0
0601011N0BCAHAZ,Hypurin Porcine Neutral 100units/ml inj 3ml cartridges,217.0,2072.0,22906.72526,,2022-06-01,human soluble,621600.0
0601011N0BFAEAL,Actrapid 100units/ml solution for injection 10ml vials,412.0,1265.0,8856.63911,,2022-06-01,human soluble,1265000.0
0601011N0BHAAAL,Humulin S 100units/ml solution for injection 10ml vials,163.0,475.0,6969.34728,,2022-06-01,human soluble,475000.0
0601011N0BHADAP,Humulin S 100units/ml solution for injection 3ml cartridges,1580.0,13484.0,48160.84356,,2022-06-01,human soluble,4045200.0
0601011N0BKABAP,Insuman Rapid 100units/ml inj 3ml cartridges,130.0,1048.0,3433.94308,,2022-06-01,human soluble,314400.0
0601011P0AAAAAA,Insulin glulisine 100units/ml inj 10ml vials,24.0,90.0,1347.41418,,2022-06-01,generic analogue,90000.0
0601011P0AAABAB,Insulin glulisine 100units/ml inj 3ml cartridges,13.0,108.0,572.11219,,2022-06-01,generic analogue,32400.0
0601011P0AAACAC,Insulin glulisine 100units/ml inj 3ml pf dispos dev,96.0,637.0,3374.4522699999998,,2022-06-01,generic analogue,191100.0
0601011P0BBAAAA,Apidra 100units/ml solution for injection 10ml vials,386.0,1509.0,22590.85852,,2022-06-01,originator,1509000.0
0601011P0BBABAB,Apidra 100units/ml solution for injection 3ml cartridges,609.0,4777.0,25301.7603,,2022-06-01,originator,1433100.0
0601011P0BBAEAC,Apidra 100units/ml inj 3ml pre-filled SoloStar pens,6254.0,42775.0,226610.5238,,2022-06-01,originator,12832500.0
0601011R0AAACAC,Insulin human 100units/ml inj 3.15ml cartridges,1.0,5.0,233.88681,,2022-06-01,human soluble,1575.0
0601011R0BDAAAC,Insuman Infusat 100units/ml inj 3.15ml cartridges,1.0,20.0,935.51003,,2022-06-01,human soluble,6300.0
0601011R0BEAAAE,Humulin R KwikPen 500units/ml inj 3ml pre-filled pens,7.0,59.0,2571.21849,,2022-06-01,human soluble,88500.0
0601011A0AAAAAA,Insulin aspart 100units/ml solution for injection 10ml vials,188.0,857.0,11284.97715,,2022-07-01,generic analogue,857000.0
0601011A0AAABAB,Insulin aspart 100units/ml inj 3ml cartridges,394.0,3821.0,20234.31129,,2022-07-01,generic analogue,1146300.0
0601011A0AAACAC,Insulin aspart 100units/ml inj 3ml pf dispos dev,197.0,1455.0,8329.52595,,2022-07-01,generic analogue,436500.0
0601011A0AAADAD,Insulin aspart 100units/ml inj 1.6ml cartridges,14.0,260.0,734.3648900000001,,2022-07-01,generic analogue,41600.0
0601011A0BBAAAA,NovoRapid 100units/ml solution for injection 10ml vials,19286.0,77832.0,1024915.7435,,2022-07-01,originator,77832000.0
0601011A0BBABAB,NovoRapid Penfill 100units/ml inj 3ml cartridges,46834.0,375910.0,1990791.95949,,2022-07-01,originator,112773000.0
0601011A0BBADAC,NovoRapid FlexPen 100units/ml inj 3ml pre-filled pens,90912.0,611226.0,3499374.03304,,2022-07-01,originator,183367800.0
0601011A0BBAEAC,NovoRapid FlexTouch 100units/ml inj 3ml pre-filled pens,4536.0,31176.0,187407.76024,,2022-07-01,originator,9352800.0
0601011A0BBAFAD,NovoRapid PumpCart 100units/ml inj 1.6ml cartridges,2549.0,41309.0,116679.87473,,2022-07-01,originator,6609440.0
0601011A0BCAAAC,Fiasp FlexTouch 100units/ml inj 3ml pre-filled pens,10552.0,65945.0,377547.84636,,2022-07-01,ultra-rapid,19783500.0
0601011A0BCABAB,Fiasp Penfill 100units/ml inj 3ml cartridges,7845.0,53108.0,281271.39855,,2022-07-01,ultra-rapid,15932400.0
0601011A0BCACAA,Fiasp 100units/ml solution for injection 10ml vials,3673.0,14095.0,185607.81871,,2022-07-01,ultra-rapid,14095000.0
0601011A0BDAAAB,Trurapi 100units/ml solution for injection 3ml cartridges,34.0,186.0,690.04088,,2022-07-01,biosimilar,55800.0
0601011A0BDABAC,Trurapi 100units/ml inj 3ml pre-filled Solostar pens,536.0,2716.0,10893.27079,,2022-07-01,biosimilar,814800.0
0601011A0BDACAA,Trurapi 100units/ml solution for injection 10ml vial,4.0,4.0,44.8192,,2022-07-01,biosimilar,4000.0
0601011L0AAABAB,Insulin lispro 100units/ml solution for injection 10ml vials,207.0,868.0,13483.37365,,2022-07-01,generic analogue,868000.0
0601011L0AAACAC,Insulin lispro 100units/ml inj 3ml cartridges,388.0,3510.0,18588.96794,,2022-07-01,generic analogue,1053000.0
0601011L0AAAFAF,Insulin lispro 100units/ml inj 3ml pf dispos dev,200.0,1388.0,7651.071419999999,,2022-07-01,generic analogue,416400.0
0601011L0AAAGAG,Insulin lispro 200units/ml inj 3ml pf dispos dev,9.0,51.0,562.15031,,2022-07-01,generic analogue,30600.0
0601011L0BBABAB,Humalog 100units/ml solution for injection 10ml vials,3206.0,12894.0,200293.61437,,2022-07-01,originator,12894000.0
0601011L0BBACAC,Humalog 100units/ml solution for injection 3ml cartridges,11665.0,100455.0,531991.01803,,2022-07-01,originator,30136500.0
0601011L0BBAGAF,Humalog KwikPen 100units/ml inj 3ml pre-filled pens,15901.0,110831.0,610898.87071,,2022-07-01,originator,33249300.0
0601011L0BBAHAG,Humalog KwikPen 200units/ml inj 3ml pre-filled pens,2725.0,22778.0,251034.65112,,2022-07-01,originator,13666800.0
0601011L0BBAIAF,Humalog Junior KwikPen 100units/ml inj 3ml pre-filled pens,563.0,3166.0,17452.47597,,2022-07-01,originator,949800.0
0601011L0BCAAAB,Insulin lispro Sanofi 100units/ml inj 10ml vials,20.0,73.0,964.03461,,2022-07-01,biosimilar,73000.0
0601011L0BCABAC,Insulin lispro Sanofi 100units/ml inj 3ml cartridges,33.0,240.0,953.23712,,2022-07-01,biosimilar,72000.0
0601011L0BCACAF,Insulin lispro Sanofi 100units/ml inj 3ml pre-filled pens,82.0,448.0,1853.00287,,2022-07-01,biosimilar,134400.0
0601011L0BDAAAG,Lyumjev KwikPen 200units/ml inj 3ml pre-filled pens,94.0,594.0,6546.4623,,2022-07-01,ultra-rapid,356400.0
0601011L0BDABAB,Lyumjev 100units/ml solution for injection 10ml vials,436.0,1610.0,25010.05584,,2022-07-01,ultra-rapid,1610000.0
0601011L0BDACAC,Lyumjev 100units/ml solution for injection 3ml cartridges,260.0,1856.0,9829.40128,,2022-07-01,ultra-rapid,556800.0
0601011L0BDADAF,Lyumjev KwikPen 100units/ml inj 3ml pre-filled pens,1237.0,7333.0,40419.45955,,2022-07-01,ultra-rapid,2199900.0
0601011L0BDAEAF,Lyumjev Junior KwikPen 100units/ml inj 3ml pre-filled pens,146.0,842.0,4641.4029,,2022-07-01,ultra-rapid,252600.0
0601011L0BEAAAC,Admelog 100units/ml solution for injection 3ml cartridges,17.0,170.0,675.08977,,2022-07-01,biosimilar,51000.0
0601011L0BEABAB,Admelog 100units/ml solution for injection 10ml vials,4.0,48.0,633.78044,,2022-07-01,biosimilar,48000.0
0601011L0BEACAF,Admelog 100units/ml inj 3ml pre-filled pens,142.0,835.0,3452.9795200000003,,2022-07-01,biosimilar,250500.0
0601011N0AAACAC,Insulin soluble porcine 100units/ml inj 10ml vials,1.0,6.0,220.99911,,2022-07-01,human soluble,6000.0
0601011N0AAALAL,Insulin soluble human 100units/ml inj 10ml vials,1.0,4.0,58.65794,,2022-07-01,human soluble,4000.0
0601011N0AAAPAP,Insulin soluble human 100units/ml inj 3ml cartridges,1.0,5.0,17.85291,,2022-07-01,human soluble,1500.0
0601011N0BCAEAC,Hypurin Porcine Neutral 100units/ml inj 10ml vials,264.0,861.0,31714.79182,,2022-07-01,human soluble,861000.0
0601011N0BCAHAZ,Hypurin Porcine Neutral 100units/ml inj 3ml cartridges,189.0,1571.0,17360.94433,,2022-07-01,human soluble,471300.0
0601011N0BFAEAL,Actrapid 100units/ml solution for injection 10ml vials,388.0,1177.0,8236.48246,,2022-07-01,human soluble,1177000.0
0601011N0BHAAAL,Humulin S 100units/ml solution for injection 10ml vials,169.0,489.0,7171.4009399999995,,2022-07-01,human soluble,489000.0
0601011N0BHADAP,Humulin S 100units/ml solution for injection 3ml cartridges,1563.0,13545.0,48355.06575,,2022-07-01,human soluble,4063500.0
0601011N0BKABAP,Insuman Rapid 100units/ml inj 3ml cartridges,114.0,857.0,2806.70805,,2022-07-01,human soluble,257100.0
0601011P0AAAAAA,Insulin glulisine 100units/ml inj 10ml vials,21.0,71.0,1062.46272,,2022-07-01,generic analogue,71000.0
0601011P0AAABAB,Insulin glulisine 100units/ml inj 3ml cartridges,18.0,155.0,820.53137,,2022-07-01,generic analogue,46500.0
0601011P0AAACAC,Insulin glulisine 100units/ml inj 3ml pf dispos dev,88.0,622.0,3293.2084,,2022-07-01,generic analogue,186600.0
0601011P0BBAAAA,Apidra 100units/ml solution for injection 10ml vials,388.0,1598.0,23911.31038,,2022-07-01,originator,1598000.0
0601011P0BBABAB,Apidra 100units/ml solution for injection 3ml cartridges,582.0,4485.0,23744.72192,,2022-07-01,originator,1345500.0
0601011P0BBAEAC,Apidra 100units/ml inj 3ml pre-filled SoloStar pens,6294.0,43443.0,230040.3703,,2022-07-01,originator,13032900.0
0601011R0BDAAAC,Insuman Infusat 100units/ml inj 3.15ml cartridges,3.0,20.0,935.0496499999999,,2022-07-01,human soluble,6300.0
0601011R0BEAAAE,Humulin R KwikPen 500units/ml inj 3ml pre-filled pens,7.0,69.0,2407.1914100000004,,2022-07-01,human soluble,103500.0
0601011A0AAAAAA,Insulin aspart 100units/ml solution for injection 10ml vials,163.0,712.0,9370.7024,,2022-08-01,generic analogue,712000.0
0601011A0AAABAB,Insulin aspart 100units/ml inj 3ml cartridges,382.0,3395.0,17969.19374,,2022-08-01,generic analogue,1018500.0
0601011A0AAACAC,Insulin aspart 100units/ml inj 3ml pf dispos dev,219.0,1515.0,8668.59958,,2022-08-01,generic analogue,454500.0
0601011A0AAADAD,Insulin aspart 100units/ml inj 1.6ml cartridges,11.0,275.0,776.27329,,2022-08-01,generic analogue,44000.0
0601011A0BBAAAA,NovoRapid 100units/ml solution for injection 10ml vials,18785.0,75072.0,988061.0286600001,,2022-08-01,originator,75072000.0
0601011A0BBABAB,NovoRapid Penfill 100units/ml inj 3ml cartridges,52020.0,425189.0,2250557.50462,,2022-08-01,originator,127556700.0
0601011A0BBADAC,NovoRapid FlexPen 100units/ml inj 3ml pre-filled pens,89192.0,598506.0,3424763.70466,,2022-08-01,originator,179551800.0
0601011A0BBAEAC,NovoRapid FlexTouch 100units/ml inj 3ml pre-filled pens,4485.0,31158.0,187199.87521,,2022-08-01,originator,9347400.0
0601011A0BBAFAD,NovoRapid PumpCart 100units/ml inj 1.6ml cartridges,2322.0,36910.0,104200.09187,,2022-08-01,originator,5905600.0
0601011A0BCAAAC,Fiasp FlexTouch 100units/ml inj 3ml pre-filled pens,10768.0,67394.0,385636.12349,,2022-08-01,ultra-rapid,20218200.0
0601011A0BCABAB,Fiasp Penfill 100units/ml inj 3ml cartridges,7666.0,51659.0,273453.12772,,2022-08-01,ultra-rapid,15497700.0
0601011A0BCACAA,Fiasp 100units/ml solution for injection 10ml vials,3684.0,14178.0,186607.31497,,2022-08-01,ultra-rapid,14178000.0
0601011A0BDAAAB,Trurapi 100units/ml solution for injection 3ml cartridges,60.0,347.0,1286.58216,,2022-08-01,biosimilar,104100.0
0601011A0BDABAC,Trurapi 100units/ml inj 3ml pre-filled Solostar pens,695.0,3521.0,14113.84281,,2022-08-01,biosimilar,1056300.0
0601011A0BDACAA,Trurapi 100units/ml solution for injection 10ml vial,3.0,3.0,33.59659,,2022-08-01,biosimilar,3000.0
0601011L0AAABAB,Insulin lispro 100units/ml solution for injection 10ml vials,202.0,817.0,12684.51963,,2022-08-01,generic analogue,817000.0
0601011L0AAACAC,Insulin lispro 100units/ml inj 3ml cartridges,408.0,3830.0,20272.48935,,2022-08-01,generic analogue,1149000.0
0601011L0AAAFAF,Insulin lispro 100units/ml inj 3ml pf dispos dev,180.0,1349.0,7432.1066599999995,,2022-08-01,generic analogue,404700.0
0601011L0AAAGAG,Insulin lispro 200units/ml inj 3ml pf dispos dev,9.0,64.0,705.10252,,2022-08-01,generic analogue,38400.0
0601011L0BBABAB,Humalog 100units/ml solution for injection 10ml vials,3060.0,12288.0,190778.7922,,2022-08-01,originator,12288000.0
0601011L0BBACAC,Humalog 100units/ml solution for injection 3ml cartridges,11612.0,99861.0,528566.62893,,2022-08-01,originator,29958300.0
0601011L0BBAFAF,Humalog Pen 100units/ml inj 3ml pre-filled pens,1.0,5.0,27.544,,2022-08-01,originator,1500.0
0601011L0BBAGAF,Humalog KwikPen 100units/ml inj 3ml pre-filled pens,16198.0,112555.0,620060.48139,,2022-08-01,originator,33766500.0
0601011L0BBAHAG,Humalog KwikPen 200units/ml inj 3ml pre-filled pens,2748.0,22706.0,250107.29355,,2022-08-01,originator,13623600.0
0601011L0BBAIAF,Humalog Junior KwikPen 100units/ml inj 3ml pre-filled pens,561.0,3126.0,17223.86288,,2022-08-01,originator,937800.0
0601011L0BCAAAB,Insulin lispro Sanofi 100units/ml inj 10ml vials,10.0,35.0,461.96211,,2022-08-01,biosimilar,35000.0
0601011L0BCABAC,Insulin lispro Sanofi 100units/ml inj 3ml cartridges,14.0,100.0,396.94280000000003,,2022-08-01,biosimilar,30000.0
0601011L0BCACAF,Insulin lispro Sanofi 100units/ml inj 3ml pre-filled pens,68.0,614.0,2537.23993,,2022-08-01,biosimilar,184200.0
0601011L0BDAAAG,Lyumjev KwikPen 200units/ml inj 3ml pre-filled pens,68.0,430.0,4736.63161,,2022-08-01,ultra-rapid,258000.0
0601011L0BDABAB,Lyumjev 100units/ml solution for injection 10ml vials,452.0,1668.0,25897.28351,,2022-08-01,ultra-rapid,1668000.0
0601011L0BDACAC,Lyumjev 100units/ml solution for injection 3ml cartridges,294.0,2043.0,10813.71912,,2022-08-01,ultra-rapid,612900.0
0601011L0BDADAF,Lyumjev KwikPen 100units/ml inj 3ml pre-filled pens,1328.0,7921.0,43637.33187,,2022-08-01,ultra-rapid,2376300.0
0601011L0BDAEAF,Lyumjev Junior KwikPen 100units/ml inj 3ml pre-filled pens,178.0,990.0,5454.44595,,2022-08-01,ultra-rapid,297000.0
0601011L0BEAAAC,Admelog 100units/ml solution for injection 3ml cartridges,18.0,183.0,726.46838,,2022-08-01,biosimilar,54900.0
0601011L0BEABAB,Admelog 100units/ml solution for injection 10ml vials,7.0,57.0,752.24334,,2022-08-01,biosimilar,57000.0
0601011L0BEACAF,Admelog 100units/ml inj 3ml pre-filled pens,141.0,878.0,3629.03148,,2022-08-01,biosimilar,263400.0
0601011N0AAALAL,Insulin soluble human 100units/ml inj 10ml vials,1.0,4.0,58.62686,,2022-08-01,human soluble,4000.0
0601011N0AAAPAP,Insulin soluble human 100units/ml inj 3ml cartridges,1.0,5.0,17.84346,,2022-08-01,human soluble,1500.0
0601011N0BCAEAC,Hypurin Porcine Neutral 100units/ml inj 10ml vials,167.0,555.0,20432.35834,,2022-08-01,human soluble,555000.0
0601011N0BCAHAZ,Hypurin Porcine Neutral 100units/ml inj 3ml cartridges,173.0,1435.0,15848.56416,,2022-08-01,human soluble,430500.0
0601011N0BFAEAL,Actrapid 100units/ml solution for injection 10ml vials,400.0,1161.0,8120.39713,,2022-08-01,human soluble,1161000.0
0601011N0BHAAAL,Humulin S 100units/ml solution for injection 10ml vials,153.0,470.0,6888.93456,,2022-08-01,human soluble,470000.0
0601011N0BHADAP,Humulin S 100units/ml solution for injection 3ml cartridges,1567.0,13521.0,48243.237030000004,,2022-08-01,human soluble,4056300.0
0601011N0BKABAP,Insuman Rapid 100units/ml inj 3ml cartridges,115.0,903.0,2955.50788,,2022-08-01,human soluble,270900.0
0601011P0AAAAAA,Insulin glulisine 100units/ml inj 10ml vials,21.0,84.0,1256.28444,,2022-08-01,generic analogue,84000.0
0601011P0AAABAB,Insulin glulisine 100units/ml inj 3ml cartridges,14.0,81.0,428.72359,,2022-08-01,generic analogue,24300.0
0601011P0AAACAC,Insulin glulisine 100units/ml inj 3ml pf dispos dev,95.0,639.0,3381.87235,,2022-08-01,generic analogue,191700.0
0601011P0BBAAAA,Apidra 100units/ml solution for injection 10ml vials,408.0,1708.0,25543.68143,,2022-08-01,originator,1708000.0
0601011P0BBABAB,Apidra 100units/ml solution for injection 3ml cartridges,618.0,4672.0,24721.50285,,2022-08-01,originator,1401600.0
0601011P0BBAEAC,Apidra 100units/ml inj 3ml pre-filled SoloStar pens,6371.0,44080.0,233293.44209,,2022-08-01,originator,13224000.0
0601011R0AAAEAE,Insulin human 500units/ml inj 3ml pf dispos dev,1.0,4.0,140.64223,,2022-08-01,human soluble,6000.0
0601011R0BDAAAC,Insuman Infusat 100units/ml inj 3.15ml cartridges,2.0,30.0,1401.83734,,2022-08-01,human soluble,9450.0
0601011R0BEAAAE,Humulin R KwikPen 500units/ml inj 3ml pre-filled pens,4.0,21.0,915.44908,,2022-08-01,human soluble,31500.0
0601011A0AAAAAA,Insulin aspart 100units/ml solution for injection 10ml vials,161.0,708.0,9319.41868,,2022-09-01,generic analogue,708000.0
0601011A0AAABAB,Insulin aspart 100units/ml inj 3ml cartridges,358.0,3173.0,16796.63213,,2022-09-01,generic analogue,951900.0
0601011A0AAACAC,Insulin aspart 100units/ml inj 3ml pf dispos dev,181.0,1292.0,7393.76886,,2022-09-01,generic analogue,387600.0
0601011A0AAADAD,Insulin aspart 100units/ml inj 1.6ml cartridges,8.0,135.0,381.16805999999997,,2022-09-01,generic analogue,21600.0
0601011A0BBAAAA,NovoRapid 100units/ml solution for injection 10ml vials,19262.0,77192.0,1016117.72896,,2022-09-01,originator,77192000.0
0601011A0BBABAB,NovoRapid Penfill 100units/ml inj 3ml cartridges,48749.0,395118.0,2091707.70582,,2022-09-01,originator,118535400.0
0601011A0BBADAC,NovoRapid FlexPen 100units/ml inj 3ml pre-filled pens,88209.0,592133.0,3388832.97187,,2022-09-01,originator,177639900.0
0601011A0BBAEAC,NovoRapid FlexTouch 100units/ml inj 3ml pre-filled pens,4389.0,30098.0,180858.82764,,2022-09-01,originator,9029400.0
0601011A0BBAFAD,NovoRapid PumpCart 100units/ml inj 1.6ml cartridges,2158.0,34419.0,97182.51253,,2022-09-01,originator,5507040.0
0601011A0BCAAAC,Fiasp FlexTouch 100units/ml inj 3ml pre-filled pens,10932.0,68120.0,389853.55224,,2022-09-01,ultra-rapid,20436000.0
0601011A0BCABAB,Fiasp Penfill 100units/ml inj 3ml cartridges,7807.0,52662.0,278811.01847999997,,2022-09-01,ultra-rapid,15798600.0
0601011A0BCACAA,Fiasp 100units/ml solution for injection 10ml vials,3830.0,14801.0,194829.82334,,2022-09-01,ultra-rapid,14801000.0
0601011A0BDAAAB,Trurapi 100units/ml solution for injection 3ml cartridges,81.0,531.0,1968.4820300000001,,2022-09-01,biosimilar,159300.0
0601011A0BDABAC,Trurapi 100units/ml inj 3ml pre-filled Solostar pens,868.0,4535.0,18179.55622,,2022-09-01,biosimilar,1360500.0
0601011A0BDACAA,Trurapi 100units/ml solution for injection 10ml vial,19.0,41.0,458.8987,,2022-09-01,biosimilar,41000.0
0601011L0AAABAB,Insulin lispro 100units/ml solution for injection 10ml vials,191.0,777.0,12065.26549,,2022-09-01,generic analogue,777000.0
0601011L0AAACAC,Insulin lispro 100units/ml inj 3ml cartridges,370.0,3332.0,17638.72096,,2022-09-01,generic analogue,999600.0
0601011L0AAAFAF,Insulin lispro 100units/ml inj 3ml pf dispos dev,191.0,1336.0,7361.7640200000005,,2022-09-01,generic analogue,400800.0
0601011L0AAAGAG,Insulin lispro 200units/ml inj 3ml pf dispos dev,12.0,130.0,1432.2814,,2022-09-01,generic analogue,78000.0
0601011L0BBABAB,Humalog 100units/ml solution for injection 10ml vials,3096.0,12266.0,190476.16299,,2022-09-01,originator,12266000.0
0601011L0BBACAC,Humalog 100units/ml solution for injection 3ml cartridges,11365.0,97667.0,517033.98398,,2022-09-01,originator,29300100.0
0601011L0BBAFAF,Humalog Pen 100units/ml inj 3ml pre-filled pens,2.0,10.0,55.09612,,2022-09-01,originator,3000.0
0601011L0BBAGAF,Humalog KwikPen 100units/ml inj 3ml pre-filled pens,15746.0,109907.0,605574.95734,,2022-09-01,originator,32972100.0
0601011L0BBAHAG,Humalog KwikPen 200units/ml inj 3ml pre-filled pens,2748.0,23028.0,253696.47629,,2022-09-01,originator,13816800.0
0601011L0BBAIAF,Humalog Junior KwikPen 100units/ml inj 3ml pre-filled pens,522.0,2897.0,15963.59473,,2022-09-01,originator,869100.0
0601011L0BCAAAB,Insulin lispro Sanofi 100units/ml inj 10ml vials,10.0,33.0,435.64730999999995,,2022-09-01,biosimilar,33000.0
0601011L0BCABAC,Insulin lispro Sanofi 100units/ml inj 3ml cartridges,10.0,76.0,301.83274,,2022-09-01,biosimilar,22800.0
0601011L0BCACAF,Insulin lispro Sanofi 100units/ml inj 3ml pre-filled pens,46.0,245.0,1012.73498,,2022-09-01,biosimilar,73500.0
0601011L0BDAAAG,Lyumjev KwikPen 200units/ml inj 3ml pre-filled pens,75.0,481.0,5298.7881,,2022-09-01,ultra-rapid,288600.0
0601011L0BDABAB,Lyumjev 100units/ml solution for injection 10ml vials,451.0,1702.0,26428.94184,,2022-09-01,ultra-rapid,1702000.0
0601011L0BDACAC,Lyumjev 100units/ml solution for injection 3ml cartridges,323.0,2260.0,11964.12976,,2022-09-01,ultra-rapid,678000.0
0601011L0BDADAF,Lyumjev KwikPen 100units/ml inj 3ml pre-filled pens,1397.0,8333.0,45913.26562,,2022-09-01,ultra-rapid,2499900.0
0601011L0BDAEAF,Lyumjev Junior KwikPen 100units/ml inj 3ml pre-filled pens,198.0,1103.0,6077.617,,2022-09-01,ultra-rapid,330900.0
0601011L0BEAAAC,Admelog 100units/ml solution for injection 3ml cartridges,20.0,255.0,1012.19166,,2022-09-01,biosimilar,76500.0
0601011L0BEABAB,Admelog 100units/ml solution for injection 10ml vials,7.0,33.0,435.61010999999996,,2022-09-01,biosimilar,33000.0
0601011L0BEACAF,Admelog 100units/ml inj 3ml pre-filled pens,132.0,774.0,3199.90182,,2022-09-01,biosimilar,232200.0
0601011N0AAACAC,Insulin soluble porcine 100units/ml inj 10ml vials,1.0,10.0,368.18269,,2022-09-01,human soluble,10000.0
0601011N0AAAPAP,Insulin soluble human 100units/ml inj 3ml cartridges,1.0,5.0,17.84609,,2022-09-01,human soluble,1500.0
0601011N0AAAZAZ,Insulin soluble porcine 100units/ml inj 3ml cartridges,1.0,1.0,11.16031,,2022-09-01,human soluble,300.0
0601011N0BCAEAC,Hypurin Porcine Neutral 100units/ml inj 10ml vials,181.0,572.0,21061.47387,,2022-09-01,human soluble,572000.0
0601011N0BCAHAZ,Hypurin Porcine Neutral 100units/ml inj 3ml cartridges,211.0,1795.0,19828.95995,,2022-09-01,human soluble,538500.0
0601011N0BFAEAL,Actrapid 100units/ml solution for injection 10ml vials,397.0,1183.0,8275.38089,,2022-09-01,human soluble,1183000.0
0601011N0BHAAAL,Humulin S 100units/ml solution for injection 10ml vials,150.0,451.0,6617.17937,,2022-09-01,human soluble,451000.0
0601011N0BHADAP,Humulin S 100units/ml solution for injection 3ml cartridges,1544.0,13178.0,47027.31989,,2022-09-01,human soluble,3953400.0
0601011N0BKABAP,Insuman Rapid 100units/ml inj 3ml cartridges,126.0,876.0,2868.01562,,2022-09-01,human soluble,262800.0
0601011P0AAAAAA,Insulin glulisine 100units/ml inj 10ml vials,22.0,70.0,1047.1139600000001,,2022-09-01,generic analogue,70000.0
0601011P0AAABAB,Insulin glulisine 100units/ml inj 3ml cartridges,11.0,105.0,555.60409,,2022-09-01,generic analogue,31500.0
0601011P0AAACAC,Insulin glulisine 100units/ml inj 3ml pf dispos dev,96.0,672.0,3556.46294,,2022-09-01,generic analogue,201600.0
0601011P0BBAAAA,Apidra 100units/ml solution for injection 10ml vials,342.0,1334.0,19953.52125,,2022-09-01,originator,1334000.0
0601011P0BBABAB,Apidra 100units/ml solution for injection 3ml cartridges,568.0,4336.0,22947.28022,,2022-09-01,originator,1300800.0
0601011P0BBAEAC,Apidra 100units/ml inj 3ml pre-filled SoloStar pens,6300.0,43481.0,230159.5877,,2022-09-01,originator,13044300.0
0601011R0BDAAAC,Insuman Infusat 100units/ml inj 3.15ml cartridges,1.0,20.0,934.69199,,2022-09-01,human soluble,6300.0
0601011R0BEAAAE,Humulin R KwikPen 500units/ml inj 3ml pre-filled pens,6.0,52.0,1810.2964200000001,,2022-09-01,human soluble,78000.0
0601011A0AAAAAA,Insulin aspart 100units/ml solution for injection 10ml vials,176.0,793.0,10428.6297,,2022-10-01,generic analogue,793000.0
0601011A0AAABAB,Insulin aspart 100units/ml inj 3ml cartridges,352.0,3273.0,17310.21239,,2022-10-01,generic analogue,981900.0
0601011A0AAACAC,Insulin aspart 100units/ml inj 3ml pf dispos dev,176.0,1348.0,7706.8596,,2022-10-01,generic analogue,404400.0
0601011A0AAADAD,Insulin aspart 100units/ml inj 1.6ml cartridges,9.0,135.0,380.81754,,2022-10-01,generic analogue,21600.0
0601011A0BBAAAA,NovoRapid 100units/ml solution for injection 10ml vials,19157.0,76353.0,1004166.80042,,2022-10-01,originator,76353000.0
0601011A0BBABAB,NovoRapid Penfill 100units/ml inj 3ml cartridges,48010.0,389552.0,2060406.91396,,2022-10-01,originator,116865600.0
0601011A0BBADAC,NovoRapid FlexPen 100units/ml inj 3ml pre-filled pens,87454.0,587968.0,3361979.74753,,2022-10-01,originator,176390400.0
0601011A0BBAEAC,NovoRapid FlexTouch 100units/ml inj 3ml pre-filled pens,4533.0,30936.0,185724.17086,,2022-10-01,originator,9280800.0
0601011A0BBAFAD,NovoRapid PumpCart 100units/ml inj 1.6ml cartridges,2020.0,31015.0,87491.76495,,2022-10-01,originator,4962400.0
0601011A0BCAAAC,Fiasp FlexTouch 100units/ml inj 3ml pre-filled pens,11013.0,68727.0,392974.2783,,2022-10-01,ultra-rapid,20618100.0
0601011A0BCABAB,Fiasp Penfill 100units/ml inj 3ml cartridges,8043.0,54503.0,288288.35626000003,,2022-10-01,ultra-rapid,16350900.0
0601011A0BCACAA,Fiasp 100units/ml solution for injection 10ml vials,3749.0,14258.0,187523.07377,,2022-10-01,ultra-rapid,14258000.0
0601011A0BDAAAB,Trurapi 100units/ml solution for injection 3ml cartridges,131.0,842.0,3118.97439,,2022-10-01,biosimilar,252600.0
0601011A0BDABAC,Trurapi 100units/ml inj 3ml pre-filled Solostar pens,1035.0,5385.0,21569.05743,,2022-10-01,biosimilar,1615500.0
0601011A0BDACAA,Trurapi 100units/ml solution for injection 10ml vial,36.0,88.0,984.05764,,2022-10-01,biosimilar,88000.0
0601011L0AAABAB,Insulin lispro 100units/ml solution for injection 10ml vials,188.0,811.0,12581.49749,,2022-10-01,generic analogue,811000.0
0601011L0AAACAC,Insulin lispro 100units/ml inj 3ml cartridges,377.0,3388.0,17919.47329,,2022-10-01,generic analogue,1016400.0
0601011L0AAAFAF,Insulin lispro 100units/ml inj 3ml pf dispos dev,179.0,1330.0,7321.83672,,2022-10-01,generic analogue,399000.0
0601011L0AAAGAG,Insulin lispro 200units/ml inj 3ml pf dispos dev,10.0,59.0,649.54982,,2022-10-01,generic analogue,35400.0
0601011L0BBABAB,Humalog 100units/ml solution for injection 10ml vials,3132.0,12412.0,192555.62776,,2022-10-01,originator,12412000.0
0601011L0BBACAC,Humalog 100units/ml solution for injection 3ml cartridges,11181.0,96623.0,511032.37176999997,,2022-10-01,originator,28986900.0
0601011L0BBAFAF,Humalog Pen 100units/ml inj 3ml pre-filled pens,1.0,5.0,27.52273,,2022-10-01,originator,1500.0
0601011L0BBAGAF,Humalog KwikPen 100units/ml inj 3ml pre-filled pens,15670.0,109906.0,605027.43148,,2022-10-01,originator,32971800.0
0601011L0BBAHAG,Humalog KwikPen 200units/ml inj 3ml pre-filled pens,2799.0,22963.0,252741.42315,,2022-10-01,originator,13777800.0
0601011L0BBAIAF,Humalog Junior KwikPen 100units/ml inj 3ml pre-filled pens,519.0,2896.0,15943.86912,,2022-10-01,originator,868800.0
0601011L0BBAJAF,Humalog Tempo Pen 100units/ml inj 3ml pre-filled pens,11.0,83.0,456.83722,,2022-10-01,originator,24900.0
0601011L0BCAAAB,Insulin lispro Sanofi 100units/ml inj 10ml vials,12.0,46.0,606.68345,,2022-10-01,biosimilar,46000.0
0601011L0BCABAC,Insulin lispro Sanofi 100units/ml inj 3ml cartridges,10.0,80.0,317.2867,,2022-10-01,biosimilar,24000.0
0601011L0BCACAF,Insulin lispro Sanofi 100units/ml inj 3ml pre-filled pens,40.0,232.0,958.1722399999999,,2022-10-01,biosimilar,69600.0
0601011L0BDAAAG,Lyumjev KwikPen 200units/ml inj 3ml pre-filled pens,94.0,613.0,6746.98844,,2022-10-01,ultra-rapid,367800.0
0601011L0BDABAB,Lyumjev 100units/ml solution for injection 10ml vials,521.0,2027.0,31446.49688,,2022-10-01,ultra-rapid,2027000.0
0601011L0BDACAC,Lyumjev 100units/ml solution for injection 3ml cartridges,356.0,2574.0,13614.06299,,2022-10-01,ultra-rapid,772200.0
0601011L0BDADAF,Lyumjev KwikPen 100units/ml inj 3ml pre-filled pens,1512.0,8918.0,49091.57289,,2022-10-01,ultra-rapid,2675400.0
0601011L0BDAEAF,Lyumjev Junior KwikPen 100units/ml inj 3ml pre-filled pens,219.0,1201.0,6611.60829,,2022-10-01,ultra-rapid,360300.0
0601011L0BDAFAF,Lyumjev Tempo Pen 100units/ml inj 3ml pre-filled pens,2.0,5.0,27.73513,,2022-10-01,ultra-rapid,1500.0
0601011L0BEAAAC,Admelog 100units/ml solution for injection 3ml cartridges,19.0,185.0,733.71077,,2022-10-01,biosimilar,55500.0
0601011L0BEABAB,Admelog 100units/ml solution for injection 10ml vials,5.0,85.0,1120.83254,,2022-10-01,biosimilar,85000.0
0601011L0BEACAF,Admelog 100units/ml inj 3ml pre-filled pens,144.0,879.0,3630.0198499999997,,2022-10-01,biosimilar,263700.0
0601011N0AAACAC,Insulin soluble porcine 100units/ml inj 10ml vials,1.0,10.0,367.84403,,2022-10-01,human soluble,10000.0
0601011N0BCAEAC,Hypurin Porcine Neutral 100units/ml inj 10ml vials,169.0,533.0,19607.32315,,2022-10-01,human soluble,533000.0
0601011N0BCAHAZ,Hypurin Porcine Neutral 100units/ml inj 3ml cartridges,155.0,1413.0,15593.29136,,2022-10-01,human soluble,423900.0
0601011N0BFAEAL,Actrapid 100units/ml solution for injection 10ml vials,404.0,1228.0,8582.14583,,2022-10-01,human soluble,1228000.0
0601011N0BHAAAL,Humulin S 100units/ml solution for injection 10ml vials,160.0,509.0,7460.55067,,2022-10-01,human soluble,509000.0
0601011N0BHADAP,Humulin S 100units/ml solution for injection 3ml cartridges,1541.0,13255.0,47258.48006,,2022-10-01,human soluble,3976500.0
0601011N0BKABAP,Insuman Rapid 100units/ml inj 3ml cartridges,116.0,798.0,2610.37239,,2022-10-01,human soluble,239400.0
0601011P0AAAAAA,Insulin glulisine 100units/ml inj 10ml vials,21.0,74.0,1105.90306,,2022-10-01,generic analogue,74000.0
0601011P0AAABAB,Insulin glulisine 100units/ml inj 3ml cartridges,10.0,105.0,555.09311,,2022-10-01,generic analogue,31500.0
0601011P0AAACAC,Insulin glulisine 100units/ml inj 3ml pf dispos dev,91.0,643.0,3400.05346,,2022-10-01,generic analogue,192900.0
0601011P0BBAAAA,Apidra 100units/ml solution for injection 10ml vials,372.0,1536.0,22953.672730000002,,2022-10-01,originator,1536000.0
0601011P0BBABAB,Apidra 100units/ml solution for injection 3ml cartridges,553.0,4277.0,22613.290979999998,,2022-10-01,originator,1283100.0
0601011P0BBAEAC,Apidra 100units/ml inj 3ml pre-filled SoloStar pens,6136.0,41995.0,222095.8785,,2022-10-01,originator,12598500.0
0601011R0BEAAAE,Humulin R KwikPen 500units/ml inj 3ml pre-filled pens,7.0,45.0,1573.71055,,2022-10-01,human soluble,67500.0
0601011A0AAAAAA,Insulin aspart 100units/ml solution for injection 10ml vials,167.0,745.0,9809.37364,,2022-11-01,generic analogue,745000.0
0601011A0AAABAB,Insulin aspart 100units/ml inj 3ml cartridges,365.0,3476.0,18405.85379,,2022-11-01,generic analogue,1042800.0
0601011A0AAACAC,Insulin aspart 100units/ml inj 3ml pf dispos dev,193.0,1375.0,7871.16568,,2022-11-01,generic analogue,412500.0
0601011A0AAADAD,Insulin aspart 100units/ml inj 1.6ml cartridges,5.0,80.0,225.94824,,2022-11-01,generic analogue,12800.0
0601011A0BBAAAA,NovoRapid 100units/ml solution for injection 10ml vials,19685.0,78413.0,1032501.44021,,2022-11-01,originator,78413000.0
0601011A0BBABAB,NovoRapid Penfill 100units/ml inj 3ml cartridges,49067.0,397737.0,2106224.09905,,2022-11-01,originator,119321100.0
0601011A0BBADAC,NovoRapid FlexPen 100units/ml inj 3ml pre-filled pens,85382.0,569945.0,3262866.59086,,2022-11-01,originator,170983500.0
0601011A0BBAEAC,NovoRapid FlexTouch 100units/ml inj 3ml pre-filled pens,5280.0,35573.0,213824.44536,,2022-11-01,originator,10671900.0
0601011A0BBAFAD,NovoRapid PumpCart 100units/ml inj 1.6ml cartridges,1953.0,30045.0,84858.48143,,2022-11-01,originator,4807200.0
0601011A0BCAAAC,Fiasp FlexTouch 100units/ml inj 3ml pre-filled pens,11538.0,71957.0,411943.95243,,2022-11-01,ultra-rapid,21587100.0
0601011A0BCABAB,Fiasp Penfill 100units/ml inj 3ml cartridges,8407.0,56643.0,299980.8621,,2022-11-01,ultra-rapid,16992900.0
0601011A0BCACAA,Fiasp 100units/ml solution for injection 10ml vials,4055.0,15604.0,205461.19259,,2022-11-01,ultra-rapid,15604000.0
0601011A0BDAAAB,Trurapi 100units/ml solution for injection 3ml cartridges,172.0,1269.0,4705.3728,,2022-11-01,biosimilar,380700.0
0601011A0BDABAC,Trurapi 100units/ml inj 3ml pre-filled Solostar pens,1488.0,7991.0,32043.00219,,2022-11-01,biosimilar,2397300.0
0601011A0BDACAA,Trurapi 100units/ml solution for injection 10ml vial,52.0,147.0,1645.7532,,2022-11-01,biosimilar,147000.0
0601011L0AAABAB,Insulin lispro 100units/ml solution for injection 10ml vials,195.0,745.0,11571.95506,,2022-11-01,generic analogue,745000.0
0601011L0AAACAC,Insulin lispro 100units/ml inj 3ml cartridges,359.0,3192.0,16903.14118,,2022-11-01,generic analogue,957600.0
0601011L0AAAFAF,Insulin lispro 100units/ml inj 3ml pf dispos dev,171.0,1258.0,6933.96582,,2022-11-01,generic analogue,377400.0
0601011L0AAAGAG,Insulin lispro 200units/ml inj 3ml pf dispos dev,10.0,69.0,760.5179,,2022-11-01,generic analogue,41400.0
0601011L0BBABAB,Humalog 100units/ml solution for injection 10ml vials,3134.0,12589.0,195539.53137,,2022-11-01,originator,12589000.0
0601011L0BBACAC,Humalog 100units/ml solution for injection 3ml cartridges,11204.0,97356.0,515542.31421,,2022-11-01,originator,29206800.0
0601011L0BBAGAF,Humalog KwikPen 100units/ml inj 3ml pre-filled pens,16217.0,112937.0,622473.43787,,2022-11-01,originator,33881100.0
0601011L0BBAHAG,Humalog KwikPen 200units/ml inj 3ml pre-filled pens,2838.0,23525.0,259248.05727000002,,2022-11-01,originator,14115000.0
0601011L0BBAIAF,Humalog Junior KwikPen 100units/ml inj 3ml pre-filled pens,562.0,3097.0,17071.43702,,2022-11-01,originator,929100.0
0601011L0BBAJAF,Humalog Tempo Pen 100units/ml inj 3ml pre-filled pens,13.0,64.0,352.90416,,2022-11-01,originator,19200.0
0601011L0BCAAAB,Insulin lispro Sanofi 100units/ml inj 10ml vials,7.0,23.0,303.72429,,2022-11-01,biosimilar,23000.0
0601011L0BCABAC,Insulin lispro Sanofi 100units/ml inj 3ml cartridges,13.0,95.0,377.28347,,2022-11-01,biosimilar,28500.0
0601011L0BCACAF,Insulin lispro Sanofi 100units/ml inj 3ml pre-filled pens,44.0,258.0,1066.8362100000002,,2022-11-01,biosimilar,77400.0
0601011L0BDAAAG,Lyumjev KwikPen 200units/ml inj 3ml pre-filled pens,106.0,682.0,7515.72358,,2022-11-01,ultra-rapid,409200.0
0601011L0BDABAB,Lyumjev 100units/ml solution for injection 10ml vials,541.0,2042.0,31718.01675,,2022-11-01,ultra-rapid,2042000.0
0601011L0BDACAC,Lyumjev 100units/ml solution for injection 3ml cartridges,407.0,2762.0,14626.762279999999,,2022-11-01,ultra-rapid,828600.0
0601011L0BDADAF,Lyumjev KwikPen 100units/ml inj 3ml pre-filled pens,1769.0,10477.0,57743.41732,,2022-11-01,ultra-rapid,3143100.0
0601011L0BDAEAF,Lyumjev Junior KwikPen 100units/ml inj 3ml pre-filled pens,224.0,1203.0,6630.66313,,2022-11-01,ultra-rapid,360900.0
0601011L0BEAAAC,Admelog 100units/ml solution for injection 3ml cartridges,18.0,185.0,734.59373,,2022-11-01,biosimilar,55500.0
0601011L0BEABAB,Admelog 100units/ml solution for injection 10ml vials,8.0,77.0,1016.6247000000001,,2022-11-01,biosimilar,77000.0
0601011L0BEACAF,Admelog 100units/ml inj 3ml pre-filled pens,155.0,916.0,3787.8126899999997,,2022-11-01,biosimilar,274800.0
0601011N0AAACAC,Insulin soluble porcine 100units/ml inj 10ml vials,2.0,16.0,589.27375,,2022-11-01,human soluble,16000.0
0601011N0AAALAL,Insulin soluble human 100units/ml inj 10ml vials,1.0,4.0,58.65307,,2022-11-01,human soluble,4000.0
0601011N0BCAEAC,Hypurin Porcine Neutral 100units/ml inj 10ml vials,175.0,595.0,21914.70439,,2022-11-01,human soluble,595000.0
0601011N0BCAHAZ,Hypurin Porcine Neutral 100units/ml inj 3ml cartridges,227.0,2056.0,22717.24862,,2022-11-01,human soluble,616800.0
0601011N0BFAEAL,Actrapid 100units/ml solution for injection 10ml vials,398.0,1230.0,8606.7024,,2022-11-01,human soluble,1230000.0
0601011N0BHAAAL,Humulin S 100units/ml solution for injection 10ml vials,157.0,469.0,6877.37894,,2022-11-01,human soluble,469000.0
0601011N0BHADAP,Humulin S 100units/ml solution for injection 3ml cartridges,1534.0,13114.0,46812.795079999996,,2022-11-01,human soluble,3934200.0
0601011N0BKABAP,Insuman Rapid 100units/ml inj 3ml cartridges,116.0,836.0,2737.76815,,2022-11-01,human soluble,250800.0
0601011P0AAAAAA,Insulin glulisine 100units/ml inj 10ml vials,20.0,69.0,1032.44343,,2022-11-01,generic analogue,69000.0
0601011P0AAABAB,Insulin glulisine 100units/ml inj 3ml cartridges,17.0,140.0,741.06041,,2022-11-01,generic analogue,42000.0
0601011P0AAACAC,Insulin glulisine 100units/ml inj 3ml pf dispos dev,83.0,638.0,3377.64316,,2022-11-01,generic analogue,191400.0
0601011P0BBAAAA,Apidra 100units/ml solution for injection 10ml vials,348.0,1433.0,21440.64798,,2022-11-01,originator,1433000.0
0601011P0BBABAB,Apidra 100units/ml solution for injection 3ml cartridges,568.0,4287.0,22694.32482,,2022-11-01,originator,1286100.0
0601011P0BBAEAC,Apidra 100units/ml inj 3ml pre-filled SoloStar pens,6403.0,44372.0,234953.50579999998,,2022-11-01,originator,13311600.0
0601011R0BDAAAC,Insuman Infusat 100units/ml inj 3.15ml cartridges,1.0,15.0,701.21971,,2022-11-01,human soluble,4725.0
0601011R0BEAAAE,Humulin R KwikPen 500units/ml inj 3ml pre-filled pens,3.0,28.0,986.3326,,2022-11-01,human soluble,42000.0
0601011A0AAAAAA,Insulin aspart 100units/ml solution for injection 10ml vials,157.0,653.0,8597.48285,,2022-12-01,generic analogue,653000.0
0601011A0AAABAB,Insulin aspart 100units/ml inj 3ml cartridges,355.0,3382.0,17906.65984,,2022-12-01,generic analogue,1014600.0
0601011A0AAACAC,Insulin aspart 100units/ml inj 3ml pf dispos dev,182.0,1288.0,7372.24184,,2022-12-01,generic analogue,386400.0
0601011A0AAADAD,Insulin aspart 100units/ml inj 1.6ml cartridges,9.0,205.0,578.90165,,2022-12-01,generic analogue,32800.0
0601011A0BBAAAA,NovoRapid 100units/ml solution for injection 10ml vials,20685.0,82932.0,1091921.8072,,2022-12-01,originator,82932000.0
0601011A0BBABAB,NovoRapid Penfill 100units/ml inj 3ml cartridges,50875.0,413543.0,2189739.86304,,2022-12-01,originator,124062900.0
0601011A0BBADAC,NovoRapid FlexPen 100units/ml inj 3ml pre-filled pens,93102.0,627699.0,3593223.51506,,2022-12-01,originator,188309700.0
0601011A0BBAEAC,NovoRapid FlexTouch 100units/ml inj 3ml pre-filled pens,5257.0,35673.0,214410.81962999998,,2022-12-01,originator,10701900.0
0601011A0BBAFAD,NovoRapid PumpCart 100units/ml inj 1.6ml cartridges,1932.0,29975.0,84655.37934,,2022-12-01,originator,4796000.0
0601011A0BCAAAC,Fiasp FlexTouch 100units/ml inj 3ml pre-filled pens,12319.0,77076.0,441207.04365,,2022-12-01,ultra-rapid,23122800.0
0601011A0BCABAB,Fiasp Penfill 100units/ml inj 3ml cartridges,9094.0,61813.0,327332.4966,,2022-12-01,ultra-rapid,18543900.0
0601011A0BCACAA,Fiasp 100units/ml solution for injection 10ml vials,4286.0,16626.0,218902.61382,,2022-12-01,ultra-rapid,16626000.0
0601011A0BDAAAB,Trurapi 100units/ml solution for injection 3ml cartridges,218.0,1453.0,5387.27146,,2022-12-01,biosimilar,435900.0
0601011A0BDABAC,Trurapi 100units/ml inj 3ml pre-filled Solostar pens,1671.0,8927.0,35795.46444,,2022-12-01,biosimilar,2678100.0
0601011A0BDACAA,Trurapi 100units/ml solution for injection 10ml vial,57.0,146.0,1634.4390700000001,,2022-12-01,biosimilar,146000.0
0601011L0AAABAB,Insulin lispro 100units/ml solution for injection 10ml vials,200.0,860.0,13356.9525,,2022-12-01,generic analogue,860000.0
0601011L0AAACAC,Insulin lispro 100units/ml inj 3ml cartridges,392.0,3344.0,17706.5438,,2022-12-01,generic analogue,1003200.0
0601011L0AAAFAF,Insulin lispro 100units/ml inj 3ml pf dispos dev,193.0,1455.0,8018.95405,,2022-12-01,generic analogue,436500.0
0601011L0AAAGAG,Insulin lispro 200units/ml inj 3ml pf dispos dev,18.0,199.0,2193.21419,,2022-12-01,generic analogue,119400.0
0601011L0BBABAB,Humalog 100units/ml solution for injection 10ml vials,3321.0,13365.0,207576.98118,,2022-12-01,originator,13365000.0
0601011L0BBACAC,Humalog 100units/ml solution for injection 3ml cartridges,11760.0,102174.0,541005.25338,,2022-12-01,originator,30652200.0
0601011L0BBAFAF,Humalog Pen 100units/ml inj 3ml pre-filled pens,3.0,15.0,101.72513000000001,,2022-12-01,originator,4500.0
0601011L0BBAGAF,Humalog KwikPen 100units/ml inj 3ml pre-filled pens,16744.0,116624.0,642721.0139199999,,2022-12-01,originator,34987200.0
0601011L0BBAHAG,Humalog KwikPen 200units/ml inj 3ml pre-filled pens,2996.0,24971.0,275163.04358,,2022-12-01,originator,14982600.0
0601011L0BBAIAF,Humalog Junior KwikPen 100units/ml inj 3ml pre-filled pens,584.0,3259.0,17962.2373,,2022-12-01,originator,977700.0
0601011L0BBAJAF,Humalog Tempo Pen 100units/ml inj 3ml pre-filled pens,13.0,83.0,457.31073000000004,,2022-12-01,originator,24900.0
0601011L0BCAAAB,Insulin lispro Sanofi 100units/ml inj 10ml vials,6.0,22.0,290.48847,,2022-12-01,biosimilar,22000.0
0601011L0BCABAC,Insulin lispro Sanofi 100units/ml inj 3ml cartridges,6.0,51.0,202.51233000000002,,2022-12-01,biosimilar,15300.0
0601011L0BCACAF,Insulin lispro Sanofi 100units/ml inj 3ml pre-filled pens,38.0,315.0,1302.11779,,2022-12-01,biosimilar,94500.0
0601011L0BDAAAG,Lyumjev KwikPen 200units/ml inj 3ml pre-filled pens,111.0,739.0,8142.82815,,2022-12-01,ultra-rapid,443400.0
0601011L0BDABAB,Lyumjev 100units/ml solution for injection 10ml vials,569.0,2171.0,33719.112329999996,,2022-12-01,ultra-rapid,2171000.0
0601011L0BDACAC,Lyumjev 100units/ml solution for injection 3ml cartridges,431.0,3109.0,16462.367580000002,,2022-12-01,ultra-rapid,932700.0
0601011L0BDADAF,Lyumjev KwikPen 100units/ml inj 3ml pre-filled pens,1845.0,11093.0,61134.70454,,2022-12-01,ultra-rapid,3327900.0
0601011L0BDAEAF,Lyumjev Junior KwikPen 100units/ml inj 3ml pre-filled pens,255.0,1422.0,7837.02488,,2022-12-01,ultra-rapid,426600.0
0601011L0BDAFAF,Lyumjev Tempo Pen 100units/ml inj 3ml pre-filled pens,3.0,11.0,60.61498,,2022-12-01,ultra-rapid,3300.0
0601011L0BEAAAC,Admelog 100units/ml solution for injection 3ml cartridges,23.0,215.0,853.67443,,2022-12-01,biosimilar,64500.0
0601011L0BEABAB,Admelog 100units/ml solution for injection 10ml vials,9.0,81.0,1069.36337,,2022-12-01,biosimilar,81000.0
0601011L0BEACAF,Admelog 100units/ml inj 3ml pre-filled pens,171.0,1043.0,4312.2681,,2022-12-01,biosimilar,312900.0
0601011N0AAALAL,Insulin soluble human 100units/ml inj 10ml vials,1.0,4.0,58.64867,,2022-12-01,human soluble,4000.0
0601011N0AAAPAP,Insulin soluble human 100units/ml inj 3ml cartridges,1.0,5.0,17.85009,,2022-12-01,human soluble,1500.0
0601011N0BCAEAC,Hypurin Porcine Neutral 100units/ml inj 10ml vials,168.0,504.0,18561.89587,,2022-12-01,human soluble,504000.0
0601011N0BCAHAZ,Hypurin Porcine Neutral 100units/ml inj 3ml cartridges,202.0,1672.0,18473.47905,,2022-12-01,human soluble,501600.0
0601011N0BFAEAL,Actrapid 100units/ml solution for injection 10ml vials,427.0,1288.0,9011.86,,2022-12-01,human soluble,1288000.0
0601011N0BHAAAL,Humulin S 100units/ml solution for injection 10ml vials,160.0,488.0,7161.197700000001,,2022-12-01,human soluble,488000.0
0601011N0BHADAP,Humulin S 100units/ml solution for injection 3ml cartridges,1657.0,14009.0,50004.42553,,2022-12-01,human soluble,4202700.0
0601011N0BKABAP,Insuman Rapid 100units/ml inj 3ml cartridges,115.0,917.0,3002.392,,2022-12-01,human soluble,275100.0
0601011P0AAAAAA,Insulin glulisine 100units/ml inj 10ml vials,20.0,59.0,882.7836500000001,,2022-12-01,generic analogue,59000.0
0601011P0AAABAB,Insulin glulisine 100units/ml inj 3ml cartridges,14.0,115.0,608.69312,,2022-12-01,generic analogue,34500.0
0601011P0AAACAC,Insulin glulisine 100units/ml inj 3ml pf dispos dev,91.0,682.0,3610.11373,,2022-12-01,generic analogue,204600.0
0601011P0BBAAAA,Apidra 100units/ml solution for injection 10ml vials,405.0,1656.0,24775.27034,,2022-12-01,originator,1656000.0
0601011P0BBABAB,Apidra 100units/ml solution for injection 3ml cartridges,633.0,4732.0,25047.72191,,2022-12-01,originator,1419600.0
0601011P0BBAEAC,Apidra 100units/ml inj 3ml pre-filled SoloStar pens,6591.0,45460.0,240702.39984,,2022-12-01,originator,13638000.0
0601011R0BDAAAC,Insuman Infusat 100units/ml inj 3.15ml cartridges,4.0,41.0,1916.6481800000001,,2022-12-01,human soluble,12915.0
0601011R0BEAAAE,Humulin R KwikPen 500units/ml inj 3ml pre-filled pens,7.0,46.0,1606.4090299999998,,2022-12-01,human soluble,69000.0
0601011A0AAAAAA,Insulin aspart 100units/ml solution for injection 10ml vials,166.0,768.0,10133.260909999999,,2023-01-01,generic analogue,768000.0
0601011A0AAABAB,Insulin aspart 100units/ml inj 3ml cartridges,326.0,3224.0,17107.07734,,2023-01-01,generic analogue,967200.0
0601011A0AAACAC,Insulin aspart 100units/ml inj 3ml pf dispos dev,172.0,1247.0,7152.89383,,2023-01-01,generic analogue,374100.0
0601011A0AAADAD,Insulin aspart 100units/ml inj 1.6ml cartridges,5.0,55.0,155.68305999999998,,2023-01-01,generic analogue,8800.0
0601011A0BBAAAA,NovoRapid 100units/ml solution for injection 10ml vials,20283.0,81203.0,1071464.55784,,2023-01-01,originator,81203000.0
0601011A0BBABAB,NovoRapid Penfill 100units/ml inj 3ml cartridges,48848.0,393913.0,2090333.15698,,2023-01-01,originator,118173900.0
0601011A0BBADAC,NovoRapid FlexPen 100units/ml inj 3ml pre-filled pens,88998.0,595573.0,3416662.35533,,2023-01-01,originator,178671900.0
0601011A0BBAEAC,NovoRapid FlexTouch 100units/ml inj 3ml pre-filled pens,4969.0,33343.0,200843.40984,,2023-01-01,originator,10002900.0
0601011A0BBAFAD,NovoRapid PumpCart 100units/ml inj 1.6ml cartridges,1878.0,28017.0,79298.08949,,2023-01-01,originator,4482720.0
0601011A0BCAAAC,Fiasp FlexTouch 100units/ml inj 3ml pre-filled pens,12094.0,75519.0,433228.38312,,2023-01-01,ultra-rapid,22655700.0
0601011A0BCABAB,Fiasp Penfill 100units/ml inj 3ml cartridges,9279.0,62381.0,331058.8847,,2023-01-01,ultra-rapid,18714300.0
0601011A0BCACAA,Fiasp 100units/ml solution for injection 10ml vials,4197.0,16154.0,213151.75877,,2023-01-01,ultra-rapid,16154000.0
0601011A0BDAAAB,Trurapi 100units/ml solution for injection 3ml cartridges,225.0,1566.0,5818.94365,,2023-01-01,biosimilar,469800.0
0601011A0BDABAC,Trurapi 100units/ml inj 3ml pre-filled Solostar pens,1857.0,10011.0,40226.18567,,2023-01-01,biosimilar,3003300.0
0601011A0BDACAA,Trurapi 100units/ml solution for injection 10ml vial,60.0,145.0,1626.8454100000001,,2023-01-01,biosimilar,145000.0
0601011L0AAABAB,Insulin lispro 100units/ml solution for injection 10ml vials,185.0,770.0,11985.09038,,2023-01-01,generic analogue,770000.0
0601011L0AAACAC,Insulin lispro 100units/ml inj 3ml cartridges,358.0,3430.0,18200.57954,,2023-01-01,generic analogue,1029000.0
0601011L0AAAFAF,Insulin lispro 100units/ml inj 3ml pf dispos dev,178.0,1204.0,6650.5157,,2023-01-01,generic analogue,361200.0
0601011L0AAAGAG,Insulin lispro 200units/ml inj 3ml pf dispos dev,12.0,87.0,960.95837,,2023-01-01,generic analogue,52200.0
0601011L0BBABAB,Humalog 100units/ml solution for injection 10ml vials,3185.0,12713.0,197877.49013,,2023-01-01,originator,12713000.0
0601011L0BBACAC,Humalog 100units/ml solution for injection 3ml cartridges,11008.0,94780.0,502943.54849,,2023-01-01,originator,28434000.0
0601011L0BBAGAF,Humalog KwikPen 100units/ml inj 3ml pre-filled pens,16367.0,113445.0,626570.92092,,2023-01-01,originator,34033500.0
0601011L0BBAHAG,Humalog KwikPen 200units/ml inj 3ml pre-filled pens,2799.0,23286.0,257156.5144,,2023-01-01,originator,13971600.0
0601011L0BBAIAF,Humalog Junior KwikPen 100units/ml inj 3ml pre-filled pens,610.0,3477.0,19205.00879,,2023-01-01,originator,1043100.0
0601011L0BBAJAF,Humalog Tempo Pen 100units/ml inj 3ml pre-filled pens,13.0,80.0,441.69713,,2023-01-01,originator,24000.0
0601011L0BCAAAB,Insulin lispro Sanofi 100units/ml inj 10ml vials,5.0,15.0,198.49991,,2023-01-01,biosimilar,15000.0
0601011L0BCABAC,Insulin lispro Sanofi 100units/ml inj 3ml cartridges,12.0,95.0,378.05856,,2023-01-01,biosimilar,28500.0
0601011L0BCACAF,Insulin lispro Sanofi 100units/ml inj 3ml pre-filled pens,38.0,238.0,986.1401,,2023-01-01,biosimilar,71400.0
0601011L0BDAAAG,Lyumjev KwikPen 200units/ml inj 3ml pre-filled pens,135.0,916.0,10115.25982,,2023-01-01,ultra-rapid,549600.0
0601011L0BDABAB,Lyumjev 100units/ml solution for injection 10ml vials,627.0,2409.0,37496.60169,,2023-01-01,ultra-rapid,2409000.0
0601011L0BDACAC,Lyumjev 100units/ml solution for injection 3ml cartridges,484.0,3525.0,18705.40884,,2023-01-01,ultra-rapid,1057500.0
0601011L0BDADAF,Lyumjev KwikPen 100units/ml inj 3ml pre-filled pens,2007.0,11925.0,65863.91224,,2023-01-01,ultra-rapid,3577500.0
0601011L0BDAEAF,Lyumjev Junior KwikPen 100units/ml inj 3ml pre-filled pens,251.0,1372.0,7578.07084,,2023-01-01,ultra-rapid,411600.0
0601011L0BEAAAC,Admelog 100units/ml solution for injection 3ml cartridges,15.0,165.0,656.5522699999999,,2023-01-01,biosimilar,49500.0
0601011L0BEABAB,Admelog 100units/ml solution for injection 10ml vials,8.0,54.0,714.4757,,2023-01-01,biosimilar,54000.0
0601011L0BEACAF,Admelog 100units/ml inj 3ml pre-filled pens,140.0,833.0,3451.77758,,2023-01-01,biosimilar,249900.0
0601011N0AAACAC,Insulin soluble porcine 100units/ml inj 10ml vials,1.0,10.0,369.06196,,2023-01-01,human soluble,10000.0
0601011N0AAAPAP,Insulin soluble human 100units/ml inj 3ml cartridges,2.0,10.0,35.77736,,2023-01-01,human soluble,3000.0
0601011N0BCAEAC,Hypurin Porcine Neutral 100units/ml inj 10ml vials,189.0,614.0,22661.88769,,2023-01-01,human soluble,614000.0
0601011N0BCAHAZ,Hypurin Porcine Neutral 100units/ml inj 3ml cartridges,177.0,1575.0,17439.08152,,2023-01-01,human soluble,472500.0
0601011N0BFAEAL,Actrapid 100units/ml solution for injection 10ml vials,361.0,1146.0,8035.46142,,2023-01-01,human soluble,1146000.0
0601011N0BHAAAL,Humulin S 100units/ml solution for injection 10ml vials,166.0,489.0,7185.69945,,2023-01-01,human soluble,489000.0
0601011N0BHADAP,Humulin S 100units/ml solution for injection 3ml cartridges,1564.0,13103.0,46872.04651,,2023-01-01,human soluble,3930900.0
0601011N0BKABAP,Insuman Rapid 100units/ml inj 3ml cartridges,109.0,701.0,2300.4028,,2023-01-01,human soluble,210300.0
0601011P0AAAAAA,Insulin glulisine 100units/ml inj 10ml vials,22.0,80.0,1199.51997,,2023-01-01,generic analogue,80000.0
0601011P0AAABAB,Insulin glulisine 100units/ml inj 3ml cartridges,11.0,135.0,716.0307,,2023-01-01,generic analogue,40500.0
0601011P0AAACAC,Insulin glulisine 100units/ml inj 3ml pf dispos dev,76.0,557.0,2954.86923,,2023-01-01,generic analogue,167100.0
0601011P0BBAAAA,Apidra 100units/ml solution for injection 10ml vials,357.0,1375.0,20615.99139,,2023-01-01,originator,1375000.0
0601011P0BBABAB,Apidra 100units/ml solution for injection 3ml cartridges,576.0,4321.0,22921.94347,,2023-01-01,originator,1296300.0
0601011P0BBAEAC,Apidra 100units/ml inj 3ml pre-filled SoloStar pens,6342.0,43591.0,231293.18781,,2023-01-01,originator,13077300.0
0601011R0BBABAB,Humulin R 500units/ml solution for injection 20ml vials,1.0,5.0,352.47862,,2023-01-01,human soluble,50000.0
0601011R0BDAAAC,Insuman Infusat 100units/ml inj 3.15ml cartridges,2.0,10.0,468.4807,,2023-01-01,human soluble,3150.0
0601011R0BEAAAE,Humulin R KwikPen 500units/ml inj 3ml pre-filled pens,4.0,42.0,849.3788999999999,,2023-01-01,human soluble,63000.0
0601011A0AAAAAA,Insulin aspart 100units/ml solution for injection 10ml vials,139.0,675.0,8911.28169,,2023-02-01,generic analogue,675000.0
0601011A0AAABAB,Insulin aspart 100units/ml inj 3ml cartridges,280.0,2629.0,13958.27915,,2023-02-01,generic analogue,788700.0
0601011A0AAACAC,Insulin aspart 100units/ml inj 3ml pf dispos dev,160.0,1102.0,6325.00991,,2023-02-01,generic analogue,330600.0
0601011A0AAADAD,Insulin aspart 100units/ml inj 1.6ml cartridges,7.0,140.0,396.44379,,2023-02-01,generic analogue,22400.0
0601011A0BBAAAA,NovoRapid 100units/ml solution for injection 10ml vials,18522.0,74138.0,978817.61728,,2023-02-01,originator,74138000.0
0601011A0BBABAB,NovoRapid Penfill 100units/ml inj 3ml cartridges,44762.0,360741.0,1915423.53614,,2023-02-01,originator,108222300.0
0601011A0BBADAC,NovoRapid FlexPen 100units/ml inj 3ml pre-filled pens,80949.0,542285.0,3112799.0342800003,,2023-02-01,originator,162685500.0
0601011A0BBAEAC,NovoRapid FlexTouch 100units/ml inj 3ml pre-filled pens,4545.0,31176.0,187896.76684,,2023-02-01,originator,9352800.0
0601011A0BBAFAD,NovoRapid PumpCart 100units/ml inj 1.6ml cartridges,1723.0,26119.0,73968.9115,,2023-02-01,originator,4179040.0
0601011A0BCAAAC,Fiasp FlexTouch 100units/ml inj 3ml pre-filled pens,11264.0,70172.0,402787.66745,,2023-02-01,ultra-rapid,21051600.0
0601011A0BCABAB,Fiasp Penfill 100units/ml inj 3ml cartridges,8833.0,59626.0,316614.6835,,2023-02-01,ultra-rapid,17887800.0
0601011A0BCACAA,Fiasp 100units/ml solution for injection 10ml vials,3943.0,15242.0,201240.04428,,2023-02-01,ultra-rapid,15242000.0
0601011A0BDAAAB,Trurapi 100units/ml solution for injection 3ml cartridges,199.0,1393.0,5178.9895799999995,,2023-02-01,biosimilar,417900.0
0601011A0BDABAC,Trurapi 100units/ml inj 3ml pre-filled Solostar pens,1881.0,10174.0,40906.044350000004,,2023-02-01,biosimilar,3052200.0
0601011A0BDACAA,Trurapi 100units/ml solution for injection 10ml vial,45.0,127.0,1425.63422,,2023-02-01,biosimilar,127000.0
0601011L0AAABAB,Insulin lispro 100units/ml solution for injection 10ml vials,161.0,677.0,10543.627480000001,,2023-02-01,generic analogue,677000.0
0601011L0AAACAC,Insulin lispro 100units/ml inj 3ml cartridges,296.0,2605.0,13831.38183,,2023-02-01,generic analogue,781500.0
0601011L0AAAFAF,Insulin lispro 100units/ml inj 3ml pf dispos dev,158.0,1208.0,6675.71296,,2023-02-01,generic analogue,362400.0
0601011L0AAAGAG,Insulin lispro 200units/ml inj 3ml pf dispos dev,13.0,99.0,1093.9959900000001,,2023-02-01,generic analogue,59400.0
0601011L0BBABAB,Humalog 100units/ml solution for injection 10ml vials,2876.0,11580.0,180347.52981,,2023-02-01,originator,11580000.0
0601011L0BBACAC,Humalog 100units/ml solution for injection 3ml cartridges,10009.0,85708.0,455067.12744,,2023-02-01,originator,25712400.0
0601011L0BBAGAF,Humalog KwikPen 100units/ml inj 3ml pre-filled pens,14971.0,104068.0,575127.08154,,2023-02-01,originator,31220400.0
0601011L0BBAHAG,Humalog KwikPen 200units/ml inj 3ml pre-filled pens,2581.0,21656.0,239290.73634,,2023-02-01,originator,12993600.0
0601011L0BBAIAF,Humalog Junior KwikPen 100units/ml inj 3ml pre-filled pens,519.0,2925.0,16166.02405,,2023-02-01,originator,877500.0
0601011L0BBAJAF,Humalog Tempo Pen 100units/ml inj 3ml pre-filled pens,7.0,45.0,248.56988,,2023-02-01,originator,13500.0
0601011L0BCAAAB,Insulin lispro Sanofi 100units/ml inj 10ml vials,7.0,28.0,370.71999,,2023-02-01,biosimilar,28000.0
0601011L0BCABAC,Insulin lispro Sanofi 100units/ml inj 3ml cartridges,9.0,75.0,298.59532,,2023-02-01,biosimilar,22500.0
0601011L0BCACAF,Insulin lispro Sanofi 100units/ml inj 3ml pre-filled pens,35.0,198.0,821.1344700000001,,2023-02-01,biosimilar,59400.0
0601011L0BDAAAG,Lyumjev KwikPen 200units/ml inj 3ml pre-filled pens,119.0,776.0,8574.44623,,2023-02-01,ultra-rapid,465600.0
0601011L0BDABAB,Lyumjev 100units/ml solution for injection 10ml vials,579.0,2133.0,33222.23582,,2023-02-01,ultra-rapid,2133000.0
0601011L0BDACAC,Lyumjev 100units/ml solution for injection 3ml cartridges,434.0,3149.0,16719.81259,,2023-02-01,ultra-rapid,944700.0
0601011L0BDADAF,Lyumjev KwikPen 100units/ml inj 3ml pre-filled pens,1973.0,11769.0,65038.020019999996,,2023-02-01,ultra-rapid,3530700.0
0601011L0BDAEAF,Lyumjev Junior KwikPen 100units/ml inj 3ml pre-filled pens,214.0,1195.0,6604.52993,,2023-02-01,ultra-rapid,358500.0
0601011L0BDAFAF,Lyumjev Tempo Pen 100units/ml inj 3ml pre-filled pens,5.0,25.0,138.12469,,2023-02-01,ultra-rapid,7500.0
0601011L0BEAAAC,Admelog 100units/ml solution for injection 3ml cartridges,26.0,245.0,975.44442,,2023-02-01,biosimilar,73500.0
0601011L0BEABAB,Admelog 100units/ml solution for injection 10ml vials,5.0,34.0,450.11656999999997,,2023-02-01,biosimilar,34000.0
0601011L0BEACAF,Admelog 100units/ml inj 3ml pre-filled pens,165.0,991.0,4108.642330000001,,2023-02-01,biosimilar,297300.0
0601011N0BCAEAC,Hypurin Porcine Neutral 100units/ml inj 10ml vials,138.0,470.0,17357.05533,,2023-02-01,human soluble,470000.0
0601011N0BCAHAZ,Hypurin Porcine Neutral 100units/ml inj 3ml cartridges,156.0,1440.0,15953.42442,,2023-02-01,human soluble,432000.0
0601011N0BFAEAL,Actrapid 100units/ml solution for injection 10ml vials,342.0,1069.0,7499.9029199999995,,2023-02-01,human soluble,1069000.0
0601011N0BHAAAL,Humulin S 100units/ml solution for injection 10ml vials,148.0,442.0,6498.77923,,2023-02-01,human soluble,442000.0
0601011N0BHADAP,Humulin S 100units/ml solution for injection 3ml cartridges,1367.0,11966.0,42828.20893,,2023-02-01,human soluble,3589800.0
0601011N0BKABAP,Insuman Rapid 100units/ml inj 3ml cartridges,89.0,583.0,1914.62373,,2023-02-01,human soluble,174900.0
0601011P0AAAAAA,Insulin glulisine 100units/ml inj 10ml vials,20.0,70.0,1050.20039,,2023-02-01,generic analogue,70000.0
0601011P0AAABAB,Insulin glulisine 100units/ml inj 3ml cartridges,11.0,95.0,504.19489999999996,,2023-02-01,generic analogue,28500.0
0601011P0AAACAC,Insulin glulisine 100units/ml inj 3ml pf dispos dev,80.0,520.0,2760.71689,,2023-02-01,generic analogue,156000.0
0601011P0BBAAAA,Apidra 100units/ml solution for injection 10ml vials,332.0,1393.0,20897.75966,,2023-02-01,originator,1393000.0
0601011P0BBABAB,Apidra 100units/ml solution for injection 3ml cartridges,511.0,3928.0,20848.93192,,2023-02-01,originator,1178400.0
0601011P0BBAEAC,Apidra 100units/ml inj 3ml pre-filled SoloStar pens,5926.0,40682.0,215979.66242,,2023-02-01,originator,12204600.0
0601011R0BDAAAC,Insuman Infusat 100units/ml inj 3.15ml cartridges,1.0,20.0,937.46984,,2023-02-01,human soluble,6300.0
0601011R0BEAAAE,Humulin R KwikPen 500units/ml inj 3ml pre-filled pens,5.0,75.0,2230.9732200000003,,2023-02-01,human soluble,112500.0
0601011A0AAAAAA,Insulin aspart 100units/ml solution for injection 10ml vials,163.0,740.0,9768.656430000001,,2023-03-01,generic analogue,740000.0
0601011A0AAABAB,Insulin aspart 100units/ml inj 3ml cartridges,306.0,2786.0,14790.68231,,2023-03-01,generic analogue,835800.0
0601011A0AAACAC,Insulin aspart 100units/ml inj 3ml pf dispos dev,156.0,1096.0,6289.65481,,2023-03-01,generic analogue,328800.0
0601011A0AAADAD,Insulin aspart 100units/ml inj 1.6ml cartridges,4.0,50.0,141.59286,,2023-03-01,generic analogue,8000.0
0601011A0BBAAAA,NovoRapid 100units/ml solution for injection 10ml vials,21406.0,85889.0,1133850.65632,,2023-03-01,originator,85889000.0
0601011A0BBABAB,NovoRapid Penfill 100units/ml inj 3ml cartridges,50899.0,409564.0,2174445.64092,,2023-03-01,originator,122869200.0
0601011A0BBADAC,NovoRapid FlexPen 100units/ml inj 3ml pre-filled pens,91803.0,612927.0,3517997.90953,,2023-03-01,originator,183878100.0
0601011A0BBAEAC,NovoRapid FlexTouch 100units/ml inj 3ml pre-filled pens,5246.0,35423.0,213518.57868,,2023-03-01,originator,10626900.0
0601011A0BBAFAD,NovoRapid PumpCart 100units/ml inj 1.6ml cartridges,1986.0,30036.0,85054.00997,,2023-03-01,originator,4805760.0
0601011A0BCAAAC,Fiasp FlexTouch 100units/ml inj 3ml pre-filled pens,13220.0,82201.0,471791.05099,,2023-03-01,ultra-rapid,24660300.0
0601011A0BCABAB,Fiasp Penfill 100units/ml inj 3ml cartridges,10305.0,69373.0,368375.18609,,2023-03-01,ultra-rapid,20811900.0
0601011A0BCACAA,Fiasp 100units/ml solution for injection 10ml vials,4660.0,18238.0,240762.04789,,2023-03-01,ultra-rapid,18238000.0
0601011A0BDAAAB,Trurapi 100units/ml solution for injection 3ml cartridges,247.0,1655.0,6153.53051,,2023-03-01,biosimilar,496500.0
0601011A0BDABAC,Trurapi 100units/ml inj 3ml pre-filled Solostar pens,2447.0,13234.0,53209.6597,,2023-03-01,biosimilar,3970200.0
0601011A0BDACAA,Trurapi 100units/ml solution for injection 10ml vial,75.0,194.0,2177.6407,,2023-03-01,biosimilar,194000.0
0601011L0AAABAB,Insulin lispro 100units/ml solution for injection 10ml vials,195.0,782.0,12177.88286,,2023-03-01,generic analogue,782000.0
0601011L0AAACAC,Insulin lispro 100units/ml inj 3ml cartridges,351.0,3071.0,16304.50737,,2023-03-01,generic analogue,921300.0
0601011L0AAAFAF,Insulin lispro 100units/ml inj 3ml pf dispos dev,176.0,1206.0,6664.91476,,2023-03-01,generic analogue,361800.0
0601011L0AAAGAG,Insulin lispro 200units/ml inj 3ml pf dispos dev,8.0,44.0,486.30512,,2023-03-01,generic analogue,26400.0
0601011L0BBABAB,Humalog 100units/ml solution for injection 10ml vials,3339.0,13298.0,207087.93263,,2023-03-01,originator,13298000.0
0601011L0BBACAC,Humalog 100units/ml solution for injection 3ml cartridges,11576.0,100141.0,531648.20458,,2023-03-01,originator,30042300.0
0601011L0BBAGAF,Humalog KwikPen 100units/ml inj 3ml pre-filled pens,17095.0,118908.0,657056.98297,,2023-03-01,originator,35672400.0
0601011L0BBAHAG,Humalog KwikPen 200units/ml inj 3ml pre-filled pens,3002.0,24906.0,275176.67696,,2023-03-01,originator,14943600.0
0601011L0BBAIAF,Humalog Junior KwikPen 100units/ml inj 3ml pre-filled pens,633.0,3508.0,19385.95054,,2023-03-01,originator,1052400.0
0601011L0BBAJAF,Humalog Tempo Pen 100units/ml inj 3ml pre-filled pens,12.0,65.0,359.03219,,2023-03-01,originator,19500.0
0601011L0BCAAAB,Insulin lispro Sanofi 100units/ml inj 10ml vials,4.0,15.0,198.58511,,2023-03-01,biosimilar,15000.0
0601011L0BCABAC,Insulin lispro Sanofi 100units/ml inj 3ml cartridges,11.0,85.0,338.43114,,2023-03-01,biosimilar,25500.0
0601011L0BCACAF,Insulin lispro Sanofi 100units/ml inj 3ml pre-filled pens,31.0,185.0,766.8615299999999,,2023-03-01,biosimilar,55500.0
0601011L0BDAAAG,Lyumjev KwikPen 200units/ml inj 3ml pre-filled pens,140.0,950.0,10495.92907,,2023-03-01,ultra-rapid,570000.0
0601011L0BDABAB,Lyumjev 100units/ml solution for injection 10ml vials,726.0,2838.0,44195.59434,,2023-03-01,ultra-rapid,2838000.0
0601011L0BDACAC,Lyumjev 100units/ml solution for injection 3ml cartridges,535.0,3777.0,20053.01321,,2023-03-01,ultra-rapid,1133100.0
0601011L0BDADAF,Lyumjev KwikPen 100units/ml inj 3ml pre-filled pens,2316.0,13971.0,77198.72959,,2023-03-01,ultra-rapid,4191300.0
0601011L0BDAEAF,Lyumjev Junior KwikPen 100units/ml inj 3ml pre-filled pens,283.0,1611.0,8901.97956,,2023-03-01,ultra-rapid,483300.0
0601011L0BDAFAF,Lyumjev Tempo Pen 100units/ml inj 3ml pre-filled pens,1.0,5.0,27.615,,2023-03-01,ultra-rapid,1500.0
0601011L0BEAAAC,Admelog 100units/ml solution for injection 3ml cartridges,23.0,240.0,955.43096,,2023-03-01,biosimilar,72000.0
0601011L0BEABAB,Admelog 100units/ml solution for injection 10ml vials,7.0,25.0,330.97932,,2023-03-01,biosimilar,25000.0
0601011L0BEACAF,Admelog 100units/ml inj 3ml pre-filled pens,166.0,999.0,4141.4911600000005,,2023-03-01,biosimilar,299700.0
0601011N0AAALAL,Insulin soluble human 100units/ml inj 10ml vials,2.0,8.0,117.60882,,2023-03-01,human soluble,8000.0
0601011N0BCAEAC,Hypurin Porcine Neutral 100units/ml inj 10ml vials,176.0,521.0,19238.98453,,2023-03-01,human soluble,521000.0
0601011N0BCAHAZ,Hypurin Porcine Neutral 100units/ml inj 3ml cartridges,168.0,1492.0,16527.89166,,2023-03-01,human soluble,447600.0
0601011N0BFAEAL,Actrapid 100units/ml solution for injection 10ml vials,415.0,1264.0,8867.38185,,2023-03-01,human soluble,1264000.0
0601011N0BHAAAL,Humulin S 100units/ml solution for injection 10ml vials,144.0,409.0,6018.90712,,2023-03-01,human soluble,409000.0
0601011N0BHADAP,Humulin S 100units/ml solution for injection 3ml cartridges,1616.0,13605.0,48691.33303,,2023-03-01,human soluble,4081500.0
0601011N0BKABAP,Insuman Rapid 100units/ml inj 3ml cartridges,86.0,651.0,2137.02021,,2023-03-01,human soluble,195300.0
0601011P0AAAAAA,Insulin glulisine 100units/ml inj 10ml vials,17.0,61.0,915.08643,,2023-03-01,generic analogue,61000.0
0601011P0AAABAB,Insulin glulisine 100units/ml inj 3ml cartridges,10.0,105.0,557.20451,,2023-03-01,generic analogue,31500.0
0601011P0AAACAC,Insulin glulisine 100units/ml inj 3ml pf dispos dev,88.0,640.0,3396.92954,,2023-03-01,generic analogue,192000.0
0601011P0BBAAAA,Apidra 100units/ml solution for injection 10ml vials,337.0,1379.0,20685.8221,,2023-03-01,originator,1379000.0
0601011P0BBABAB,Apidra 100units/ml solution for injection 3ml cartridges,607.0,4744.0,25178.10942,,2023-03-01,originator,1423200.0
0601011P0BBAEAC,Apidra 100units/ml inj 3ml pre-filled SoloStar pens,6602.0,44891.0,238299.84904,,2023-03-01,originator,13467300.0
0601011R0BDAAAC,Insuman Infusat 100units/ml inj 3.15ml cartridges,1.0,3.0,140.71829,,2023-03-01,human soluble,945.0
0601011R0BEAAAE,Humulin R KwikPen 500units/ml inj 3ml pre-filled pens,5.0,50.0,1393.5694600000002,,2023-03-01,human soluble,75000.0
0601011A0AAAAAA,Insulin aspart 100units/ml solution for injection 10ml vials,152.0,690.0,9146.94007,,2023-04-01,generic analogue,690000.0
0601011A0AAABAB,Insulin aspart 100units/ml inj 3ml cartridges,279.0,2510.0,13381.08779,,2023-04-01,generic analogue,753000.0
0601011A0AAACAC,Insulin aspart 100units/ml inj 3ml pf dispos dev,155.0,1096.0,6316.20634,,2023-04-01,generic analogue,328800.0
0601011A0AAADAD,Insulin aspart 100units/ml inj 1.6ml cartridges,7.0,160.0,454.93163000000004,,2023-04-01,generic analogue,25600.0
0601011A0BBAAAA,NovoRapid 100units/ml solution for injection 10ml vials,19271.0,77006.0,1020867.19169,,2023-04-01,originator,77006000.0
0601011A0BBABAB,NovoRapid Penfill 100units/ml inj 3ml cartridges,45949.0,369720.0,1971165.37755,,2023-04-01,originator,110916000.0
0601011A0BBADAC,NovoRapid FlexPen 100units/ml inj 3ml pre-filled pens,83722.0,558400.0,3218473.45065,,2023-04-01,originator,167520000.0
0601011A0BBAEAC,NovoRapid FlexTouch 100units/ml inj 3ml pre-filled pens,4736.0,31791.0,192395.641,,2023-04-01,originator,9537300.0
0601011A0BBAFAD,NovoRapid PumpCart 100units/ml inj 1.6ml cartridges,1796.0,26995.0,76764.77296,,2023-04-01,originator,4319200.0
0601011A0BCAAAC,Fiasp FlexTouch 100units/ml inj 3ml pre-filled pens,11211.0,68822.0,396684.21498,,2023-04-01,ultra-rapid,20646600.0
0601011A0BCABAB,Fiasp Penfill 100units/ml inj 3ml cartridges,9688.0,64995.0,346561.98148,,2023-04-01,ultra-rapid,19498500.0
0601011A0BCACAA,Fiasp 100units/ml solution for injection 10ml vials,4288.0,16605.0,220132.38022,,2023-04-01,ultra-rapid,16605000.0
0601011A0BDAAAB,Trurapi 100units/ml solution for injection 3ml cartridges,285.0,2072.0,7735.44853,,2023-04-01,biosimilar,621600.0
0601011A0BDABAC,Trurapi 100units/ml inj 3ml pre-filled Solostar pens,2595.0,14052.0,56740.9996,,2023-04-01,biosimilar,4215600.0
0601011A0BDACAA,Trurapi 100units/ml solution for injection 10ml vial,78.0,230.0,2592.4476400000003,,2023-04-01,biosimilar,230000.0
0601011L0AAABAB,Insulin lispro 100units/ml solution for injection 10ml vials,166.0,684.0,10696.53584,,2023-04-01,generic analogue,684000.0
0601011L0AAACAC,Insulin lispro 100units/ml inj 3ml cartridges,322.0,2830.0,15087.63304,,2023-04-01,generic analogue,849000.0
0601011L0AAAFAF,Insulin lispro 100units/ml inj 3ml pf dispos dev,143.0,1013.0,5621.80558,,2023-04-01,generic analogue,303900.0
0601011L0AAAGAG,Insulin lispro 200units/ml inj 3ml pf dispos dev,9.0,83.0,921.16469,,2023-04-01,generic analogue,49800.0
0601011L0BBABAB,Humalog 100units/ml solution for injection 10ml vials,2818.0,11135.0,174131.53115,,2023-04-01,originator,11135000.0
0601011L0BBACAC,Humalog 100units/ml solution for injection 3ml cartridges,10174.0,87740.0,467773.0749,,2023-04-01,originator,26322000.0
0601011L0BBAGAF,Humalog KwikPen 100units/ml inj 3ml pre-filled pens,15286.0,106540.0,591196.91407,,2023-04-01,originator,31962000.0
0601011L0BBAHAG,Humalog KwikPen 200units/ml inj 3ml pre-filled pens,2670.0,22054.0,244692.71756,,2023-04-01,originator,13232400.0
0601011L0BBAIAF,Humalog Junior KwikPen 100units/ml inj 3ml pre-filled pens,558.0,3074.0,17060.33625,,2023-04-01,originator,922200.0
0601011L0BBAJAF,Humalog Tempo Pen 100units/ml inj 3ml pre-filled pens,13.0,90.0,499.21174,,2023-04-01,originator,27000.0
0601011L0BCAAAB,Insulin lispro Sanofi 100units/ml inj 10ml vials,3.0,6.0,79.78566,,2023-04-01,biosimilar,6000.0
0601011L0BCABAC,Insulin lispro Sanofi 100units/ml inj 3ml cartridges,2.0,20.0,79.94912,,2023-04-01,biosimilar,6000.0
0601011L0BCACAF,Insulin lispro Sanofi 100units/ml inj 3ml pre-filled pens,34.0,184.0,766.16428,,2023-04-01,biosimilar,55200.0
0601011L0BDAAAG,Lyumjev KwikPen 200units/ml inj 3ml pre-filled pens,137.0,929.0,10307.18039,,2023-04-01,ultra-rapid,557400.0
0601011L0BDABAB,Lyumjev 100units/ml solution for injection 10ml vials,683.0,2575.0,40268.97282,,2023-04-01,ultra-rapid,2575000.0
0601011L0BDACAC,Lyumjev 100units/ml solution for injection 3ml cartridges,525.0,3786.0,20184.83997,,2023-04-01,ultra-rapid,1135800.0
0601011L0BDADAF,Lyumjev KwikPen 100units/ml inj 3ml pre-filled pens,2269.0,13665.0,75825.60448,,2023-04-01,ultra-rapid,4099500.0
0601011L0BDAEAF,Lyumjev Junior KwikPen 100units/ml inj 3ml pre-filled pens,256.0,1438.0,7979.04634,,2023-04-01,ultra-rapid,431400.0
0601011L0BDAFAF,Lyumjev Tempo Pen 100units/ml inj 3ml pre-filled pens,2.0,10.0,55.47486,,2023-04-01,ultra-rapid,3000.0
0601011L0BEAAAC,Admelog 100units/ml solution for injection 3ml cartridges,17.0,160.0,639.66736,,2023-04-01,biosimilar,48000.0
0601011L0BEABAB,Admelog 100units/ml solution for injection 10ml vials,7.0,23.0,305.78923000000003,,2023-04-01,biosimilar,23000.0
0601011L0BEACAF,Admelog 100units/ml inj 3ml pre-filled pens,160.0,944.0,3930.30289,,2023-04-01,biosimilar,283200.0
0601011N0AAACAC,Insulin soluble porcine 100units/ml inj 10ml vials,1.0,6.0,222.48349,,2023-04-01,human soluble,6000.0
0601011N0BCAEAC,Hypurin Porcine Neutral 100units/ml inj 10ml vials,148.0,466.0,17280.286509999998,,2023-04-01,human soluble,466000.0
0601011N0BCAHAZ,Hypurin Porcine Neutral 100units/ml inj 3ml cartridges,154.0,1375.0,15295.53228,,2023-04-01,human soluble,412500.0
0601011N0BFAEAL,Actrapid 100units/ml solution for injection 10ml vials,337.0,1001.0,7051.98108,,2023-04-01,human soluble,1001000.0
0601011N0BHAAAL,Humulin S 100units/ml solution for injection 10ml vials,154.0,489.0,7219.29796,,2023-04-01,human soluble,489000.0
0601011N0BHADAP,Humulin S 100units/ml solution for injection 3ml cartridges,1473.0,12738.0,45779.6038,,2023-04-01,human soluble,3821400.0
0601011N0BKABAP,Insuman Rapid 100units/ml inj 3ml cartridges,75.0,522.0,1721.41779,,2023-04-01,human soluble,156600.0
0601011P0AAAAAA,Insulin glulisine 100units/ml inj 10ml vials,17.0,48.0,723.14303,,2023-04-01,generic analogue,48000.0
0601011P0AAABAB,Insulin glulisine 100units/ml inj 3ml cartridges,7.0,45.0,239.84050000000002,,2023-04-01,generic analogue,13500.0
0601011P0AAACAC,Insulin glulisine 100units/ml inj 3ml pf dispos dev,79.0,567.0,3022.0761899999998,,2023-04-01,generic analogue,170100.0
0601011P0BBAAAA,Apidra 100units/ml solution for injection 10ml vials,350.0,1396.0,21029.25899,,2023-04-01,originator,1396000.0
0601011P0BBABAB,Apidra 100units/ml solution for injection 3ml cartridges,542.0,4194.0,22352.25677,,2023-04-01,originator,1258200.0
0601011P0BBAEAC,Apidra 100units/ml inj 3ml pre-filled SoloStar pens,5958.0,41048.0,218830.78346,,2023-04-01,originator,12314400.0
0601011R0BEAAAE,Humulin R KwikPen 500units/ml inj 3ml pre-filled pens,4.0,38.0,1351.0762300000001,,2023-04-01,human soluble,57000.0
0601011A0AAAAAA,Insulin aspart 100units/ml solution for injection 10ml vials,154.0,748.0,9919.62378,,2023-05-01,generic analogue,748000.0
0601011A0AAABAB,Insulin aspart 100units/ml inj 3ml cartridges,279.0,2600.0,13866.24929,,2023-05-01,generic analogue,780000.0
0601011A0AAACAC,Insulin aspart 100units/ml inj 3ml pf dispos dev,164.0,1151.0,6636.11377,,2023-05-01,generic analogue,345300.0
0601011A0AAADAD,Insulin aspart 100units/ml inj 1.6ml cartridges,5.0,120.0,341.33125,,2023-05-01,generic analogue,19200.0
0601011A0BBAAAA,NovoRapid 100units/ml solution for injection 10ml vials,21015.0,83961.0,1113515.52554,,2023-05-01,originator,83961000.0
0601011A0BBABAB,NovoRapid Penfill 100units/ml inj 3ml cartridges,49233.0,395621.0,2110100.49131,,2023-05-01,originator,118686300.0
0601011A0BBADAC,NovoRapid FlexPen 100units/ml inj 3ml pre-filled pens,87894.0,585971.0,3378760.59338,,2023-05-01,originator,175791300.0
0601011A0BBAEAC,NovoRapid FlexTouch 100units/ml inj 3ml pre-filled pens,5040.0,33980.0,205765.1917,,2023-05-01,originator,10194000.0
0601011A0BBAFAD,NovoRapid PumpCart 100units/ml inj 1.6ml cartridges,1934.0,29069.0,82695.22578,,2023-05-01,originator,4651040.0
0601011A0BCAAAC,Fiasp FlexTouch 100units/ml inj 3ml pre-filled pens,13771.0,86434.0,498374.03577,,2023-05-01,ultra-rapid,25930200.0
0601011A0BCABAB,Fiasp Penfill 100units/ml inj 3ml cartridges,10891.0,73827.0,393833.35254,,2023-05-01,ultra-rapid,22148100.0
0601011A0BCACAA,Fiasp 100units/ml solution for injection 10ml vials,4729.0,18438.0,244532.99278,,2023-05-01,ultra-rapid,18438000.0
0601011A0BDAAAB,Trurapi 100units/ml solution for injection 3ml cartridges,295.0,2031.0,7586.10059,,2023-05-01,biosimilar,609300.0
0601011A0BDABAC,Trurapi 100units/ml inj 3ml pre-filled Solostar pens,2949.0,16017.0,64702.12702,,2023-05-01,biosimilar,4805100.0
0601011A0BDACAA,Trurapi 100units/ml solution for injection 10ml vial,93.0,298.0,3360.18847,,2023-05-01,biosimilar,298000.0
0601011L0AAABAB,Insulin lispro 100units/ml solution for injection 10ml vials,161.0,628.0,9824.83808,,2023-05-01,generic analogue,628000.0
0601011L0AAACAC,Insulin lispro 100units/ml inj 3ml cartridges,290.0,2490.0,13280.17926,,2023-05-01,generic analogue,747000.0
0601011L0AAAFAF,Insulin lispro 100units/ml inj 3ml pf dispos dev,165.0,1198.0,6650.86824,,2023-05-01,generic analogue,359400.0
0601011L0AAAGAG,Insulin lispro 200units/ml inj 3ml pf dispos dev,9.0,119.0,1320.82471,,2023-05-01,generic analogue,71400.0
0601011L0BBABAB,Humalog 100units/ml solution for injection 10ml vials,3356.0,13400.0,209712.55916,,2023-05-01,originator,13400000.0
0601011L0BBACAC,Humalog 100units/ml solution for injection 3ml cartridges,10881.0,93442.0,498450.62545,,2023-05-01,originator,28032600.0
0601011L0BBAFAF,Humalog Pen 100units/ml inj 3ml pre-filled pens,2.0,10.0,55.5093,,2023-05-01,originator,3000.0
0601011L0BBAGAF,Humalog KwikPen 100units/ml inj 3ml pre-filled pens,16329.0,113257.0,628952.09822,,2023-05-01,originator,33977100.0
0601011L0BBAHAG,Humalog KwikPen 200units/ml inj 3ml pre-filled pens,3006.0,25210.0,279818.5934,,2023-05-01,originator,15126000.0
0601011L0BBAIAF,Humalog Junior KwikPen 100units/ml inj 3ml pre-filled pens,587.0,3191.0,17793.45821,,2023-05-01,originator,957300.0
0601011L0BBAJAF,Humalog Tempo Pen 100units/ml inj 3ml pre-filled pens,12.0,67.0,372.10141,,2023-05-01,originator,20100.0
0601011L0BCAAAB,Insulin lispro Sanofi 100units/ml inj 10ml vials,7.0,22.0,292.60166,,2023-05-01,biosimilar,22000.0
0601011L0BCABAC,Insulin lispro Sanofi 100units/ml inj 3ml cartridges,7.0,50.0,200.00803000000002,,2023-05-01,biosimilar,15000.0
0601011L0BCACAF,Insulin lispro Sanofi 100units/ml inj 3ml pre-filled pens,32.0,175.0,728.78329,,2023-05-01,biosimilar,52500.0
0601011L0BDAAAG,Lyumjev KwikPen 200units/ml inj 3ml pre-filled pens,145.0,974.0,10810.29914,,2023-05-01,ultra-rapid,584400.0
0601011L0BDABAB,Lyumjev 100units/ml solution for injection 10ml vials,736.0,2794.0,43711.19975,,2023-05-01,ultra-rapid,2794000.0
0601011L0BDACAC,Lyumjev 100units/ml solution for injection 3ml cartridges,567.0,4022.0,21452.348009999998,,2023-05-01,ultra-rapid,1206600.0
0601011L0BDADAF,Lyumjev KwikPen 100units/ml inj 3ml pre-filled pens,2577.0,15571.0,86435.22413999999,,2023-05-01,ultra-rapid,4671300.0
0601011L0BDAEAF,Lyumjev Junior KwikPen 100units/ml inj 3ml pre-filled pens,304.0,1649.0,9154.479159999999,,2023-05-01,ultra-rapid,494700.0
0601011L0BDAFAF,Lyumjev Tempo Pen 100units/ml inj 3ml pre-filled pens,6.0,27.0,149.95398,,2023-05-01,ultra-rapid,8100.0
0601011L0BEAAAC,Admelog 100units/ml solution for injection 3ml cartridges,25.0,225.0,899.89357,,2023-05-01,biosimilar,67500.0
0601011L0BEABAB,Admelog 100units/ml solution for injection 10ml vials,11.0,58.0,771.3446299999999,,2023-05-01,biosimilar,58000.0
0601011L0BEACAF,Admelog 100units/ml inj 3ml pre-filled pens,161.0,978.0,4073.2320999999993,,2023-05-01,biosimilar,293400.0
0601011N0BCAEAC,Hypurin Porcine Neutral 100units/ml inj 10ml vials,189.0,616.0,22851.65195,,2023-05-01,human soluble,616000.0
0601011N0BCAHAZ,Hypurin Porcine Neutral 100units/ml inj 3ml cartridges,173.0,1529.0,17015.83893,,2023-05-01,human soluble,458700.0
0601011N0BFAEAL,Actrapid 100units/ml solution for injection 10ml vials,369.0,1079.0,7604.58861,,2023-05-01,human soluble,1079000.0
0601011N0BHAAAL,Humulin S 100units/ml solution for injection 10ml vials,152.0,472.0,6971.16216,,2023-05-01,human soluble,472000.0
0601011N0BHADAP,Humulin S 100units/ml solution for injection 3ml cartridges,1537.0,13046.0,46905.75622,,2023-05-01,human soluble,3913800.0
0601011N0BKABAP,Insuman Rapid 100units/ml inj 3ml cartridges,58.0,409.0,1349.33912,,2023-05-01,human soluble,122700.0
0601011P0AAAAAA,Insulin glulisine 100units/ml inj 10ml vials,15.0,44.0,663.1372700000001,,2023-05-01,generic analogue,44000.0
0601011P0AAABAB,Insulin glulisine 100units/ml inj 3ml cartridges,11.0,115.0,613.08385,,2023-05-01,generic analogue,34500.0
0601011P0AAACAC,Insulin glulisine 100units/ml inj 3ml pf dispos dev,88.0,610.0,3252.6776999999997,,2023-05-01,generic analogue,183000.0
0601011P0BBAAAA,Apidra 100units/ml solution for injection 10ml vials,321.0,1248.0,18807.2306,,2023-05-01,originator,1248000.0
0601011P0BBABAB,Apidra 100units/ml solution for injection 3ml cartridges,551.0,4228.0,22542.99614,,2023-05-01,originator,1268400.0
0601011P0BBAEAC,Apidra 100units/ml inj 3ml pre-filled SoloStar pens,6337.0,43419.0,231548.30078,,2023-05-01,originator,13025700.0
0601011R0AAACAC,Insulin human 100units/ml inj 3.15ml cartridges,1.0,5.0,235.42305,,2023-05-01,human soluble,1575.0
0601011R0BEAAAE,Humulin R KwikPen 500units/ml inj 3ml pre-filled pens,6.0,84.0,2953.39059,,2023-05-01,human soluble,126000.0
0601011A0AAAAAA,Insulin aspart 100units/ml solution for injection 10ml vials,137.0,635.0,8414.41014,,2023-06-01,generic analogue,635000.0
0601011A0AAABAB,Insulin aspart 100units/ml inj 3ml cartridges,291.0,2692.0,14346.04205,,2023-06-01,generic analogue,807600.0
0601011A0AAACAC,Insulin aspart 100units/ml inj 3ml pf dispos dev,163.0,1091.0,6285.17445,,2023-06-01,generic analogue,327300.0
0601011A0AAADAD,Insulin aspart 100units/ml inj 1.6ml cartridges,4.0,50.0,142.13119999999998,,2023-06-01,generic analogue,8000.0
0601011A0BBAAAA,NovoRapid 100units/ml solution for injection 10ml vials,22104.0,88754.0,1176124.21123,,2023-06-01,originator,88754000.0
0601011A0BBABAB,NovoRapid Penfill 100units/ml inj 3ml cartridges,50446.0,404678.0,2156677.78465,,2023-06-01,originator,121403400.0
0601011A0BBADAC,NovoRapid FlexPen 100units/ml inj 3ml pre-filled pens,90510.0,603302.0,3475921.73083,,2023-06-01,originator,180990600.0
0601011A0BBAEAC,NovoRapid FlexTouch 100units/ml inj 3ml pre-filled pens,5311.0,36027.0,217941.51102,,2023-06-01,originator,10808100.0
0601011A0BBAFAD,NovoRapid PumpCart 100units/ml inj 1.6ml cartridges,1926.0,28356.0,80603.42381,,2023-06-01,originator,4536960.0
0601011A0BCAAAC,Fiasp FlexTouch 100units/ml inj 3ml pre-filled pens,13721.0,85882.0,494796.28895,,2023-06-01,ultra-rapid,25764600.0
0601011A0BCABAB,Fiasp Penfill 100units/ml inj 3ml cartridges,11383.0,77573.0,413517.19643999997,,2023-06-01,ultra-rapid,23271900.0
0601011A0BCACAA,Fiasp 100units/ml solution for injection 10ml vials,4843.0,18942.0,251006.22082,,2023-06-01,ultra-rapid,18942000.0
0601011A0BDAAAB,Trurapi 100units/ml solution for injection 3ml cartridges,317.0,2186.0,8157.9371,,2023-06-01,biosimilar,655800.0
0601011A0BDABAC,Trurapi 100units/ml inj 3ml pre-filled Solostar pens,3303.0,18318.0,73933.51464000001,,2023-06-01,biosimilar,5495400.0
0601011A0BDACAA,Trurapi 100units/ml solution for injection 10ml vial,101.0,307.0,3458.92659,,2023-06-01,biosimilar,307000.0
0601011L0AAABAB,Insulin lispro 100units/ml solution for injection 10ml vials,182.0,782.0,12224.10356,,2023-06-01,generic analogue,782000.0
0601011L0AAACAC,Insulin lispro 100units/ml inj 3ml cartridges,323.0,2898.0,15444.19029,,2023-06-01,generic analogue,869400.0
0601011L0AAAFAF,Insulin lispro 100units/ml inj 3ml pf dispos dev,155.0,1117.0,6196.16922,,2023-06-01,generic analogue,335100.0
0601011L0AAAGAG,Insulin lispro 200units/ml inj 3ml pf dispos dev,12.0,103.0,1142.29958,,2023-06-01,generic analogue,61800.0
0601011L0BBABAB,Humalog 100units/ml solution for injection 10ml vials,3397.0,13725.0,214551.79443,,2023-06-01,originator,13725000.0
0601011L0BBACAC,Humalog 100units/ml solution for injection 3ml cartridges,10787.0,93978.0,500902.27179,,2023-06-01,originator,28193400.0
0601011L0BBAGAF,Humalog KwikPen 100units/ml inj 3ml pre-filled pens,16530.0,114539.0,635566.24758,,2023-06-01,originator,34361700.0
0601011L0BBAHAG,Humalog KwikPen 200units/ml inj 3ml pre-filled pens,2978.0,24827.0,275509.26936,,2023-06-01,originator,14896200.0
0601011L0BBAIAF,Humalog Junior KwikPen 100units/ml inj 3ml pre-filled pens,605.0,3372.0,18705.62471,,2023-06-01,originator,1011600.0
0601011L0BBAJAF,Humalog Tempo Pen 100units/ml inj 3ml pre-filled pens,11.0,60.0,332.90234,,2023-06-01,originator,18000.0
0601011L0BCAAAB,Insulin lispro Sanofi 100units/ml inj 10ml vials,5.0,12.0,159.49448999999998,,2023-06-01,biosimilar,12000.0
0601011L0BCABAC,Insulin lispro Sanofi 100units/ml inj 3ml cartridges,6.0,45.0,179.85939,,2023-06-01,biosimilar,13500.0
0601011L0BCACAF,Insulin lispro Sanofi 100units/ml inj 3ml pre-filled pens,29.0,185.0,769.7643400000001,,2023-06-01,biosimilar,55500.0
0601011L0BDAAAG,Lyumjev KwikPen 200units/ml inj 3ml pre-filled pens,156.0,1074.0,11987.99268,,2023-06-01,ultra-rapid,644400.0
0601011L0BDABAB,Lyumjev 100units/ml solution for injection 10ml vials,754.0,2929.0,45786.26059,,2023-06-01,ultra-rapid,2929000.0
0601011L0BDACAC,Lyumjev 100units/ml solution for injection 3ml cartridges,615.0,4490.0,23928.48181,,2023-06-01,ultra-rapid,1347000.0
0601011L0BDADAF,Lyumjev KwikPen 100units/ml inj 3ml pre-filled pens,2791.0,16686.0,92552.21135,,2023-06-01,ultra-rapid,5005800.0
0601011L0BDAEAF,Lyumjev Junior KwikPen 100units/ml inj 3ml pre-filled pens,321.0,1827.0,10133.79457,,2023-06-01,ultra-rapid,548100.0
0601011L0BDAFAF,Lyumjev Tempo Pen 100units/ml inj 3ml pre-filled pens,4.0,16.0,88.70221000000001,,2023-06-01,ultra-rapid,4800.0
0601011L0BEAAAC,Admelog 100units/ml solution for injection 3ml cartridges,25.0,235.0,939.11272,,2023-06-01,biosimilar,70500.0
0601011L0BEABAB,Admelog 100units/ml solution for injection 10ml vials,9.0,50.0,664.41365,,2023-06-01,biosimilar,50000.0
0601011L0BEACAF,Admelog 100units/ml inj 3ml pre-filled pens,165.0,941.0,3915.96408,,2023-06-01,biosimilar,282300.0
0601011N0BCAEAC,Hypurin Porcine Neutral 100units/ml inj 10ml vials,166.0,515.0,19089.6813,,2023-06-01,human soluble,515000.0
0601011N0BCAHAZ,Hypurin Porcine Neutral 100units/ml inj 3ml cartridges,177.0,1501.0,16691.08059,,2023-06-01,human soluble,450300.0
0601011N0BFAEAL,Actrapid 100units/ml solution for injection 10ml vials,375.0,1161.0,8175.64459,,2023-06-01,human soluble,1161000.0
0601011N0BHAAAL,Humulin S 100units/ml solution for injection 10ml vials,134.0,405.0,5976.868689999999,,2023-06-01,human soluble,405000.0
0601011N0BHADAP,Humulin S 100units/ml solution for injection 3ml cartridges,1501.0,12681.0,45557.7121,,2023-06-01,human soluble,3804300.0
0601011N0BKABAP,Insuman Rapid 100units/ml inj 3ml cartridges,69.0,505.0,1664.3382,,2023-06-01,human soluble,151500.0
0601011P0AAAAAA,Insulin glulisine 100units/ml inj 10ml vials,22.0,75.0,1129.39811,,2023-06-01,generic analogue,75000.0
0601011P0AAABAB,Insulin glulisine 100units/ml inj 3ml cartridges,10.0,90.0,479.43771,,2023-06-01,generic analogue,27000.0
0601011P0AAACAC,Insulin glulisine 100units/ml inj 3ml pf dispos dev,83.0,571.0,3196.50839,,2023-06-01,generic analogue,171300.0
0601011P0BBAAAA,Apidra 100units/ml solution for injection 10ml vials,361.0,1460.0,21984.4227,,2023-06-01,originator,1460000.0
0601011P0BBABAB,Apidra 100units/ml solution for injection 3ml cartridges,558.0,4181.0,22274.22081,,2023-06-01,originator,1254300.0
0601011P0BBAEAC,Apidra 100units/ml inj 3ml pre-filled SoloStar pens,6394.0,43560.0,232277.61803,,2023-06-01,originator,13068000.0
0601011R0BEAAAE,Humulin R KwikPen 500units/ml inj 3ml pre-filled pens,7.0,108.0,3756.79605,,2023-06-01,human soluble,162000.0
0601011A0AAAAAA,Insulin aspart 100units/ml solution for injection 10ml vials,152.0,701.0,9248.11053,,2023-07-01,generic analogue,701000.0
0601011A0AAABAB,Insulin aspart 100units/ml inj 3ml cartridges,281.0,2708.0,14367.3434,,2023-07-01,generic analogue,812400.0
0601011A0AAACAC,Insulin aspart 100units/ml inj 3ml pf dispos dev,153.0,1058.0,6068.10041,,2023-07-01,generic analogue,317400.0
0601011A0AAADAD,Insulin aspart 100units/ml inj 1.6ml cartridges,7.0,110.0,311.29164000000003,,2023-07-01,generic analogue,17600.0
0601011A0BBAAAA,NovoRapid 100units/ml solution for injection 10ml vials,22313.0,90438.0,1193182.7924,,2023-07-01,originator,90438000.0
0601011A0BBABAB,NovoRapid Penfill 100units/ml inj 3ml cartridges,49433.0,396731.0,2105031.27616,,2023-07-01,originator,119019300.0
0601011A0BBADAC,NovoRapid FlexPen 100units/ml inj 3ml pre-filled pens,88243.0,589100.0,3379129.26357,,2023-07-01,originator,176730000.0
0601011A0BBAEAC,NovoRapid FlexTouch 100units/ml inj 3ml pre-filled pens,5118.0,34041.0,205068.04681,,2023-07-01,originator,10212300.0
0601011A0BBAFAD,NovoRapid PumpCart 100units/ml inj 1.6ml cartridges,1931.0,29559.0,83731.22843,,2023-07-01,originator,4729440.0
0601011A0BCAAAC,Fiasp FlexTouch 100units/ml inj 3ml pre-filled pens,13295.0,82716.0,474460.01251000003,,2023-07-01,ultra-rapid,24814800.0
0601011A0BCABAB,Fiasp Penfill 100units/ml inj 3ml cartridges,11337.0,77333.0,410346.71547,,2023-07-01,ultra-rapid,23199900.0
0601011A0BCACAA,Fiasp 100units/ml solution for injection 10ml vials,4226.0,16404.0,216424.51834,,2023-07-01,ultra-rapid,16404000.0
0601011A0BDAAAB,Trurapi 100units/ml solution for injection 3ml cartridges,363.0,2575.0,9566.66877,,2023-07-01,biosimilar,772500.0
0601011A0BDABAC,Trurapi 100units/ml inj 3ml pre-filled Solostar pens,3611.0,19901.0,79968.70351,,2023-07-01,biosimilar,5970300.0
0601011A0BDACAA,Trurapi 100units/ml solution for injection 10ml vial,108.0,317.0,3555.9541400000003,,2023-07-01,biosimilar,317000.0
0601011L0AAABAB,Insulin lispro 100units/ml solution for injection 10ml vials,161.0,687.0,10691.80835,,2023-07-01,generic analogue,687000.0
0601011L0AAACAC,Insulin lispro 100units/ml inj 3ml cartridges,296.0,2641.0,14012.22184,,2023-07-01,generic analogue,792300.0
0601011L0AAAFAF,Insulin lispro 100units/ml inj 3ml pf dispos dev,149.0,1038.0,5732.6085,,2023-07-01,generic analogue,311400.0
0601011L0AAAGAG,Insulin lispro 200units/ml inj 3ml pf dispos dev,14.0,89.0,982.8485900000001,,2023-07-01,generic analogue,53400.0
0601011L0BBABAB,Humalog 100units/ml solution for injection 10ml vials,3215.0,12755.0,198512.37024,,2023-07-01,originator,12755000.0
0601011L0BBACAC,Humalog 100units/ml solution for injection 3ml cartridges,10420.0,90640.0,480914.81622,,2023-07-01,originator,27192000.0
0601011L0BBAGAF,Humalog KwikPen 100units/ml inj 3ml pre-filled pens,16196.0,112804.0,622945.18183,,2023-07-01,originator,33841200.0
0601011L0BBAHAG,Humalog KwikPen 200units/ml inj 3ml pre-filled pens,2982.0,25027.0,276343.29761,,2023-07-01,originator,15016200.0
0601011L0BBAIAF,Humalog Junior KwikPen 100units/ml inj 3ml pre-filled pens,623.0,3431.0,18951.71358,,2023-07-01,originator,1029300.0
0601011L0BBAJAF,Humalog Tempo Pen 100units/ml inj 3ml pre-filled pens,10.0,55.0,303.62892,,2023-07-01,originator,16500.0
0601011L0BCAAAB,Insulin lispro Sanofi 100units/ml inj 10ml vials,6.0,22.0,291.08183999999994,,2023-07-01,biosimilar,22000.0
0601011L0BCABAC,Insulin lispro Sanofi 100units/ml inj 3ml cartridges,7.0,60.0,238.74587000000002,,2023-07-01,biosimilar,18000.0
0601011L0BCACAF,Insulin lispro Sanofi 100units/ml inj 3ml pre-filled pens,18.0,105.0,434.99187,,2023-07-01,biosimilar,31500.0
0601011L0BDAAAG,Lyumjev KwikPen 200units/ml inj 3ml pre-filled pens,188.0,1273.0,14055.69504,,2023-07-01,ultra-rapid,763800.0
0601011L0BDABAB,Lyumjev 100units/ml solution for injection 10ml vials,815.0,3147.0,48977.80379,,2023-07-01,ultra-rapid,3147000.0
0601011L0BDACAC,Lyumjev 100units/ml solution for injection 3ml cartridges,613.0,4295.0,22789.35542,,2023-07-01,ultra-rapid,1288500.0
0601011L0BDADAF,Lyumjev KwikPen 100units/ml inj 3ml pre-filled pens,2835.0,17164.0,94782.61782,,2023-07-01,ultra-rapid,5149200.0
0601011L0BDAEAF,Lyumjev Junior KwikPen 100units/ml inj 3ml pre-filled pens,340.0,1850.0,10217.00305,,2023-07-01,ultra-rapid,555000.0
0601011L0BDAFAF,Lyumjev Tempo Pen 100units/ml inj 3ml pre-filled pens,5.0,25.0,138.00300000000001,,2023-07-01,ultra-rapid,7500.0
0601011L0BEAAAC,Admelog 100units/ml solution for injection 3ml cartridges,31.0,275.0,1094.17652,,2023-07-01,biosimilar,82500.0
0601011L0BEABAB,Admelog 100units/ml solution for injection 10ml vials,4.0,11.0,145.55331,,2023-07-01,biosimilar,11000.0
0601011L0BEACAF,Admelog 100units/ml inj 3ml pre-filled pens,187.0,1026.0,4251.18128,,2023-07-01,biosimilar,307800.0
0601011N0AAACAC,Insulin soluble porcine 100units/ml inj 10ml vials,1.0,6.0,221.41563,,2023-07-01,human soluble,6000.0
0601011N0AAALAL,Insulin soluble human 100units/ml inj 10ml vials,1.0,4.0,58.76847,,2023-07-01,human soluble,4000.0
0601011N0BCAEAC,Hypurin Porcine Neutral 100units/ml inj 10ml vials,171.0,532.0,19633.09516,,2023-07-01,human soluble,532000.0
0601011N0BCAHAZ,Hypurin Porcine Neutral 100units/ml inj 3ml cartridges,150.0,1366.0,15122.90748,,2023-07-01,human soluble,409800.0
0601011N0BFAEAL,Actrapid 100units/ml solution for injection 10ml vials,347.0,966.0,6772.98228,,2023-07-01,human soluble,966000.0
0601011N0BHAAAL,Humulin S 100units/ml solution for injection 10ml vials,136.0,408.0,5994.7069,,2023-07-01,human soluble,408000.0
0601011N0BHADAP,Humulin S 100units/ml solution for injection 3ml cartridges,1483.0,12293.0,43968.90759,,2023-07-01,human soluble,3687900.0
0601011N0BKABAP,Insuman Rapid 100units/ml inj 3ml cartridges,58.0,409.0,1342.3478499999999,,2023-07-01,human soluble,122700.0
0601011P0AAAAAA,Insulin glulisine 100units/ml inj 10ml vials,15.0,58.0,869.53606,,2023-07-01,generic analogue,58000.0
0601011P0AAABAB,Insulin glulisine 100units/ml inj 3ml cartridges,8.0,95.0,503.81637,,2023-07-01,generic analogue,28500.0
0601011P0AAACAC,Insulin glulisine 100units/ml inj 3ml pf dispos dev,90.0,642.0,3405.38361,,2023-07-01,generic analogue,192600.0
0601011P0BBAAAA,Apidra 100units/ml solution for injection 10ml vials,353.0,1486.0,22277.2669,,2023-07-01,originator,1486000.0
0601011P0BBABAB,Apidra 100units/ml solution for injection 3ml cartridges,521.0,3973.0,21073.48388,,2023-07-01,originator,1191900.0
0601011P0BBAEAC,Apidra 100units/ml inj 3ml pre-filled SoloStar pens,6164.0,42593.0,225965.94246,,2023-07-01,originator,12777900.0
0601011R0BEAAAE,Humulin R KwikPen 500units/ml inj 3ml pre-filled pens,10.0,96.0,3222.01241,,2023-07-01,human soluble,144000.0
0601011A0AAAAAA,Insulin aspart 100units/ml solution for injection 10ml vials,126.0,599.0,7900.74702,,2023-08-01,generic analogue,599000.0
0601011A0AAABAB,Insulin aspart 100units/ml inj 3ml cartridges,257.0,2389.0,12656.66764,,2023-08-01,generic analogue,716700.0
0601011A0AAACAC,Insulin aspart 100units/ml inj 3ml pf dispos dev,138.0,991.0,5682.79362,,2023-08-01,generic analogue,297300.0
0601011A0AAADAD,Insulin aspart 100units/ml inj 1.6ml cartridges,2.0,25.0,70.73799,,2023-08-01,generic analogue,4000.0
0601011A0BBAAAA,NovoRapid 100units/ml solution for injection 10ml vials,21541.0,86612.0,1142468.97687,,2023-08-01,originator,86612000.0
0601011A0BBABAB,NovoRapid Penfill 100units/ml inj 3ml cartridges,47572.0,379020.0,2010619.24859,,2023-08-01,originator,113706000.0
0601011A0BBADAC,NovoRapid FlexPen 100units/ml inj 3ml pre-filled pens,87455.0,581299.0,3333710.42484,,2023-08-01,originator,174389700.0
0601011A0BBAEAC,NovoRapid FlexTouch 100units/ml inj 3ml pre-filled pens,5135.0,34559.0,208142.30066,,2023-08-01,originator,10367700.0
0601011A0BBAFAD,NovoRapid PumpCart 100units/ml inj 1.6ml cartridges,1803.0,26599.0,75300.291,,2023-08-01,originator,4255840.0
0601011A0BCAAAC,Fiasp FlexTouch 100units/ml inj 3ml pre-filled pens,13085.0,81426.0,466974.91835,,2023-08-01,ultra-rapid,24427800.0
0601011A0BCABAB,Fiasp Penfill 100units/ml inj 3ml cartridges,11521.0,78324.0,415559.69395,,2023-08-01,ultra-rapid,23497200.0
0601011A0BCACAA,Fiasp 100units/ml solution for injection 10ml vials,5005.0,19709.0,259971.58991,,2023-08-01,ultra-rapid,19709000.0
0601011A0BDAAAB,Trurapi 100units/ml solution for injection 3ml cartridges,444.0,3214.0,11938.90785,,2023-08-01,biosimilar,964200.0
0601011A0BDABAC,Trurapi 100units/ml inj 3ml pre-filled Solostar pens,4143.0,23124.0,92898.27054,,2023-08-01,biosimilar,6937200.0
0601011A0BDACAA,Trurapi 100units/ml solution for injection 10ml vial,117.0,386.0,4328.86743,,2023-08-01,biosimilar,386000.0
0601011L0AAABAB,Insulin lispro 100units/ml solution for injection 10ml vials,152.0,648.0,10082.71983,,2023-08-01,generic analogue,648000.0
0601011L0AAACAC,Insulin lispro 100units/ml inj 3ml cartridges,266.0,2514.0,13335.73248,,2023-08-01,generic analogue,754200.0
0601011L0AAAFAF,Insulin lispro 100units/ml inj 3ml pf dispos dev,151.0,1099.0,6068.10107,,2023-08-01,generic analogue,329700.0
0601011L0AAAGAG,Insulin lispro 200units/ml inj 3ml pf dispos dev,11.0,113.0,1247.38925,,2023-08-01,generic analogue,67800.0
0601011L0BBABAB,Humalog 100units/ml solution for injection 10ml vials,3274.0,13386.0,208282.59357,,2023-08-01,originator,13386000.0
0601011L0BBACAC,Humalog 100units/ml solution for injection 3ml cartridges,10205.0,87662.0,465024.08887,,2023-08-01,originator,26298600.0
0601011L0BBAFAF,Humalog Pen 100units/ml inj 3ml pre-filled pens,1.0,5.0,27.60459,,2023-08-01,originator,1500.0
0601011L0BBAGAF,Humalog KwikPen 100units/ml inj 3ml pre-filled pens,16285.0,112714.0,622332.64919,,2023-08-01,originator,33814200.0
0601011L0BBAHAG,Humalog KwikPen 200units/ml inj 3ml pre-filled pens,3023.0,25147.0,277604.1733,,2023-08-01,originator,15088200.0
0601011L0BBAIAF,Humalog Junior KwikPen 100units/ml inj 3ml pre-filled pens,580.0,3092.0,17074.53758,,2023-08-01,originator,927600.0
0601011L0BBAJAF,Humalog Tempo Pen 100units/ml inj 3ml pre-filled pens,9.0,58.0,320.19798000000003,,2023-08-01,originator,17400.0
0601011L0BCAAAB,Insulin lispro Sanofi 100units/ml inj 10ml vials,2.0,4.0,52.92388,,2023-08-01,biosimilar,4000.0
0601011L0BCABAC,Insulin lispro Sanofi 100units/ml inj 3ml cartridges,5.0,30.0,119.36592999999999,,2023-08-01,biosimilar,9000.0
0601011L0BCACAF,Insulin lispro Sanofi 100units/ml inj 3ml pre-filled pens,27.0,155.0,641.98603,,2023-08-01,biosimilar,46500.0
0601011L0BDAAAG,Lyumjev KwikPen 200units/ml inj 3ml pre-filled pens,186.0,1289.0,14229.692939999999,,2023-08-01,ultra-rapid,773400.0
0601011L0BDABAB,Lyumjev 100units/ml solution for injection 10ml vials,791.0,2960.0,46057.72826,,2023-08-01,ultra-rapid,2960000.0
0601011L0BDACAC,Lyumjev 100units/ml solution for injection 3ml cartridges,639.0,4543.0,24099.99377,,2023-08-01,ultra-rapid,1362900.0
0601011L0BDADAF,Lyumjev KwikPen 100units/ml inj 3ml pre-filled pens,2976.0,17824.0,98406.33746,,2023-08-01,ultra-rapid,5347200.0
0601011L0BDAEAF,Lyumjev Junior KwikPen 100units/ml inj 3ml pre-filled pens,320.0,1777.0,9811.29374,,2023-08-01,ultra-rapid,533100.0
0601011L0BDAFAF,Lyumjev Tempo Pen 100units/ml inj 3ml pre-filled pens,5.0,21.0,116.01012999999999,,2023-08-01,ultra-rapid,6300.0
0601011L0BEAAAC,Admelog 100units/ml solution for injection 3ml cartridges,28.0,245.0,974.57576,,2023-08-01,biosimilar,73500.0
0601011L0BEABAB,Admelog 100units/ml solution for injection 10ml vials,2.0,5.0,66.14865,,2023-08-01,biosimilar,5000.0
0601011L0BEACAF,Admelog 100units/ml inj 3ml pre-filled pens,174.0,1029.0,4262.90265,,2023-08-01,biosimilar,308700.0
0601011N0AAACAC,Insulin soluble porcine 100units/ml inj 10ml vials,1.0,10.0,368.93856,,2023-08-01,human soluble,10000.0
0601011N0AAALAL,Insulin soluble human 100units/ml inj 10ml vials,1.0,4.0,58.75586,,2023-08-01,human soluble,4000.0
0601011N0BCAEAC,Hypurin Porcine Neutral 100units/ml inj 10ml vials,153.0,504.0,18595.66406,,2023-08-01,human soluble,504000.0
0601011N0BCAHAZ,Hypurin Porcine Neutral 100units/ml inj 3ml cartridges,174.0,1565.0,17322.13918,,2023-08-01,human soluble,469500.0
0601011N0BFAEAL,Actrapid 100units/ml solution for injection 10ml vials,360.0,1071.0,7507.25753,,2023-08-01,human soluble,1071000.0
0601011N0BHAAAL,Humulin S 100units/ml solution for injection 10ml vials,142.0,465.0,6830.58858,,2023-08-01,human soluble,465000.0
0601011N0BHADAP,Humulin S 100units/ml solution for injection 3ml cartridges,1490.0,12678.0,45336.23706,,2023-08-01,human soluble,3803400.0
0601011N0BKABAP,Insuman Rapid 100units/ml inj 3ml cartridges,36.0,235.0,771.1986400000001,,2023-08-01,human soluble,70500.0
0601011P0AAAAAA,Insulin glulisine 100units/ml inj 10ml vials,19.0,72.0,1079.1971,,2023-08-01,generic analogue,72000.0
0601011P0AAABAB,Insulin glulisine 100units/ml inj 3ml cartridges,11.0,95.0,503.74544,,2023-08-01,generic analogue,28500.0
0601011P0AAACAC,Insulin glulisine 100units/ml inj 3ml pf dispos dev,67.0,440.0,2333.6358999999998,,2023-08-01,generic analogue,132000.0
0601011P0BBAAAA,Apidra 100units/ml solution for injection 10ml vials,344.0,1422.0,21313.28416,,2023-08-01,originator,1422000.0
0601011P0BBABAB,Apidra 100units/ml solution for injection 3ml cartridges,552.0,4118.0,21837.41465,,2023-08-01,originator,1235400.0
0601011P0BBAEAC,Apidra 100units/ml inj 3ml pre-filled SoloStar pens,6203.0,42710.0,226538.05574,,2023-08-01,originator,12813000.0
0601011R0BEAAAE,Humulin R KwikPen 500units/ml inj 3ml pre-filled pens,21.0,184.0,5462.77795,,2023-08-01,human soluble,276000.0
0601011A0AAAAAA,Insulin aspart 100units/ml solution for injection 10ml vials,128.0,604.0,7953.98554,,2023-09-01,generic analogue,604000.0
0601011A0AAABAB,Insulin aspart 100units/ml inj 3ml cartridges,239.0,2253.0,11931.77938,,2023-09-01,generic analogue,675900.0
0601011A0AAACAC,Insulin aspart 100units/ml inj 3ml pf dispos dev,141.0,991.0,5673.7626,,2023-09-01,generic analogue,297300.0
0601011A0AAADAD,Insulin aspart 100units/ml inj 1.6ml cartridges,5.0,70.0,197.74327,,2023-09-01,generic analogue,11200.0
0601011A0BBAAAA,NovoRapid 100units/ml solution for injection 10ml vials,22027.0,88523.0,1165806.74037,,2023-09-01,originator,88523000.0
0601011A0BBABAB,NovoRapid Penfill 100units/ml inj 3ml cartridges,47330.0,377729.0,2000590.23776,,2023-09-01,originator,113318700.0
0601011A0BBADAC,NovoRapid FlexPen 100units/ml inj 3ml pre-filled pens,85285.0,566725.0,3244939.78079,,2023-09-01,originator,170017500.0
0601011A0BBAEAC,NovoRapid FlexTouch 100units/ml inj 3ml pre-filled pens,4951.0,33540.0,201642.81948,,2023-09-01,originator,10062000.0
0601011A0BBAFAD,NovoRapid PumpCart 100units/ml inj 1.6ml cartridges,1752.0,26369.0,74489.72401,,2023-09-01,originator,4219040.0
0601011A0BCAAAC,Fiasp FlexTouch 100units/ml inj 3ml pre-filled pens,12972.0,81393.0,466026.52107,,2023-09-01,ultra-rapid,24417900.0
0601011A0BCABAB,Fiasp Penfill 100units/ml inj 3ml cartridges,11687.0,79418.0,420660.27135,,2023-09-01,ultra-rapid,23825400.0
0601011A0BCACAA,Fiasp 100units/ml solution for injection 10ml vials,4735.0,18662.0,245768.74655,,2023-09-01,ultra-rapid,18662000.0
0601011A0BDAAAB,Trurapi 100units/ml solution for injection 3ml cartridges,502.0,3721.0,13799.45227,,2023-09-01,biosimilar,1116300.0
0601011A0BDABAC,Trurapi 100units/ml inj 3ml pre-filled Solostar pens,4419.0,24396.0,97852.88913,,2023-09-01,biosimilar,7318800.0
0601011A0BDACAA,Trurapi 100units/ml solution for injection 10ml vial,121.0,390.0,4366.80324,,2023-09-01,biosimilar,390000.0
0601011L0AAABAB,Insulin lispro 100units/ml solution for injection 10ml vials,154.0,616.0,9569.60881,,2023-09-01,generic analogue,616000.0
0601011L0AAACAC,Insulin lispro 100units/ml inj 3ml cartridges,269.0,2420.0,12816.99699,,2023-09-01,generic analogue,726000.0
0601011L0AAAFAF,Insulin lispro 100units/ml inj 3ml pf dispos dev,143.0,1065.0,5871.32812,,2023-09-01,generic analogue,319500.0
0601011L0AAAGAG,Insulin lispro 200units/ml inj 3ml pf dispos dev,9.0,83.0,914.81013,,2023-09-01,generic analogue,49800.0
0601011L0BBABAB,Humalog 100units/ml solution for injection 10ml vials,3164.0,12699.0,197279.16613,,2023-09-01,originator,12699000.0
0601011L0BBACAC,Humalog 100units/ml solution for injection 3ml cartridges,10001.0,87161.0,461621.2656,,2023-09-01,originator,26148300.0
0601011L0BBAGAF,Humalog KwikPen 100units/ml inj 3ml pre-filled pens,15937.0,110632.0,609845.13886,,2023-09-01,originator,33189600.0
0601011L0BBAHAG,Humalog KwikPen 200units/ml inj 3ml pre-filled pens,2980.0,24934.0,274819.68131,,2023-09-01,originator,14960400.0
0601011L0BBAIAF,Humalog Junior KwikPen 100units/ml inj 3ml pre-filled pens,579.0,3229.0,17801.14148,,2023-09-01,originator,968700.0
0601011L0BBAJAF,Humalog Tempo Pen 100units/ml inj 3ml pre-filled pens,10.0,63.0,347.26069,,2023-09-01,originator,18900.0
0601011L0BCAAAB,Insulin lispro Sanofi 100units/ml inj 10ml vials,8.0,27.0,356.57397000000003,,2023-09-01,biosimilar,27000.0
0601011L0BCABAC,Insulin lispro Sanofi 100units/ml inj 3ml cartridges,3.0,30.0,119.15091000000001,,2023-09-01,biosimilar,9000.0
0601011L0BCACAF,Insulin lispro Sanofi 100units/ml inj 3ml pre-filled pens,25.0,146.0,603.82743,,2023-09-01,biosimilar,43800.0
0601011L0BDAAAG,Lyumjev KwikPen 200units/ml inj 3ml pre-filled pens,204.0,1362.0,15011.60041,,2023-09-01,ultra-rapid,817200.0
0601011L0BDABAB,Lyumjev 100units/ml solution for injection 10ml vials,818.0,3111.0,48330.0724,,2023-09-01,ultra-rapid,3111000.0
0601011L0BDACAC,Lyumjev 100units/ml solution for injection 3ml cartridges,653.0,4661.0,24686.61066,,2023-09-01,ultra-rapid,1398300.0
0601011L0BDADAF,Lyumjev KwikPen 100units/ml inj 3ml pre-filled pens,3014.0,18130.0,99938.20066,,2023-09-01,ultra-rapid,5439000.0
0601011L0BDAEAF,Lyumjev Junior KwikPen 100units/ml inj 3ml pre-filled pens,330.0,1898.0,10462.47253,,2023-09-01,ultra-rapid,569400.0
0601011L0BDAFAF,Lyumjev Tempo Pen 100units/ml inj 3ml pre-filled pens,4.0,26.0,143.38599,,2023-09-01,ultra-rapid,7800.0
0601011L0BEAAAC,Admelog 100units/ml solution for injection 3ml cartridges,26.0,230.0,913.46561,,2023-09-01,biosimilar,69000.0
0601011L0BEABAB,Admelog 100units/ml solution for injection 10ml vials,7.0,16.0,211.34582,,2023-09-01,biosimilar,16000.0
0601011L0BEACAF,Admelog 100units/ml inj 3ml pre-filled pens,168.0,1014.0,4193.9274700000005,,2023-09-01,biosimilar,304200.0
0601011N0BCAEAC,Hypurin Porcine Neutral 100units/ml inj 10ml vials,176.0,553.0,20371.15001,,2023-09-01,human soluble,553000.0
0601011N0BCAHAZ,Hypurin Porcine Neutral 100units/ml inj 3ml cartridges,137.0,1277.0,14112.27087,,2023-09-01,human soluble,383100.0
0601011N0BFAEAL,Actrapid 100units/ml solution for injection 10ml vials,335.0,1018.0,7124.31008,,2023-09-01,human soluble,1018000.0
0601011N0BHAAAL,Humulin S 100units/ml solution for injection 10ml vials,138.0,444.0,6511.70345,,2023-09-01,human soluble,444000.0
0601011N0BHADAP,Humulin S 100units/ml solution for injection 3ml cartridges,1475.0,12493.0,44605.52972,,2023-09-01,human soluble,3747900.0
0601011N0BKABAP,Insuman Rapid 100units/ml inj 3ml cartridges,26.0,218.0,714.1078,,2023-09-01,human soluble,65400.0
0601011P0AAAAAA,Insulin glulisine 100units/ml inj 10ml vials,16.0,59.0,882.9378800000001,,2023-09-01,generic analogue,59000.0
0601011P0AAABAB,Insulin glulisine 100units/ml inj 3ml cartridges,10.0,75.0,397.07622000000003,,2023-09-01,generic analogue,22500.0
0601011P0AAACAC,Insulin glulisine 100units/ml inj 3ml pf dispos dev,78.0,535.0,2832.85965,,2023-09-01,generic analogue,160500.0
0601011P0BBAAAA,Apidra 100units/ml solution for injection 10ml vials,349.0,1410.0,21099.821210000002,,2023-09-01,originator,1410000.0
0601011P0BBABAB,Apidra 100units/ml solution for injection 3ml cartridges,499.0,3717.0,19679.85487,,2023-09-01,originator,1115100.0
0601011P0BBAEAC,Apidra 100units/ml inj 3ml pre-filled SoloStar pens,6244.0,43089.0,228186.88217,,2023-09-01,originator,12926700.0
0601011R0BCAAAD,Insuman Infusat 100units/ml inj 10ml vials,1.0,20.0,3421.30765,,2023-09-01,human soluble,20000.0
0601011R0BEAAAE,Humulin R KwikPen 500units/ml inj 3ml pre-filled pens,10.0,61.0,2063.42696,,2023-09-01,human soluble,91500.0
0601011A0AAAAAA,Insulin aspart 100units/ml solution for injection 10ml vials,121.0,554.0,7308.143599999999,,2023-10-01,generic analogue,554000.0
0601011A0AAABAB,Insulin aspart 100units/ml inj 3ml cartridges,251.0,2367.0,12557.183149999999,,2023-10-01,generic analogue,710100.0
0601011A0AAACAC,Insulin aspart 100units/ml inj 3ml pf dispos dev,152.0,1095.0,6279.63149,,2023-10-01,generic analogue,328500.0
0601011A0AAADAD,Insulin aspart 100units/ml inj 1.6ml cartridges,6.0,85.0,240.52845000000002,,2023-10-01,generic analogue,13600.0
0601011A0BBAAAA,NovoRapid 100units/ml solution for injection 10ml vials,22372.0,89993.0,1187205.42756,,2023-10-01,originator,89993000.0
0601011A0BBABAB,NovoRapid Penfill 100units/ml inj 3ml cartridges,47647.0,380506.0,2018769.81607,,2023-10-01,originator,114151800.0
0601011A0BBADAC,NovoRapid FlexPen 100units/ml inj 3ml pre-filled pens,86863.0,576829.0,3308508.03771,,2023-10-01,originator,173048700.0
0601011A0BBAEAC,NovoRapid FlexTouch 100units/ml inj 3ml pre-filled pens,5051.0,33840.0,203838.70193,,2023-10-01,originator,10152000.0
0601011A0BBAFAD,NovoRapid PumpCart 100units/ml inj 1.6ml cartridges,1689.0,25892.0,73307.35187,,2023-10-01,originator,4142720.0
0601011A0BCAAAC,Fiasp FlexTouch 100units/ml inj 3ml pre-filled pens,13593.0,84966.0,487321.85511,,2023-10-01,ultra-rapid,25489800.0
0601011A0BCABAB,Fiasp Penfill 100units/ml inj 3ml cartridges,11961.0,81092.0,430266.03916,,2023-10-01,ultra-rapid,24327600.0
0601011A0BCACAA,Fiasp 100units/ml solution for injection 10ml vials,4649.0,18166.0,239652.88822,,2023-10-01,ultra-rapid,18166000.0
0601011A0BDAAAB,Trurapi 100units/ml solution for injection 3ml cartridges,565.0,4093.0,15206.23947,,2023-10-01,biosimilar,1227900.0
0601011A0BDABAC,Trurapi 100units/ml inj 3ml pre-filled Solostar pens,4931.0,27811.0,111731.79918,,2023-10-01,biosimilar,8343300.0
0601011A0BDACAA,Trurapi 100units/ml solution for injection 10ml vial,131.0,420.0,4710.76487,,2023-10-01,biosimilar,420000.0
0601011L0AAABAB,Insulin lispro 100units/ml solution for injection 10ml vials,145.0,602.0,9368.17748,,2023-10-01,generic analogue,602000.0
0601011L0AAACAC,Insulin lispro 100units/ml inj 3ml cartridges,277.0,2568.0,13623.95201,,2023-10-01,generic analogue,770400.0
0601011L0AAAFAF,Insulin lispro 100units/ml inj 3ml pf dispos dev,151.0,1016.0,5610.6476,,2023-10-01,generic analogue,304800.0
0601011L0AAAGAG,Insulin lispro 200units/ml inj 3ml pf dispos dev,14.0,94.0,1038.04801,,2023-10-01,generic analogue,56400.0
0601011L0BBABAB,Humalog 100units/ml solution for injection 10ml vials,3285.0,13235.0,205959.25284,,2023-10-01,originator,13235000.0
0601011L0BBACAC,Humalog 100units/ml solution for injection 3ml cartridges,10094.0,87439.0,463888.41199,,2023-10-01,originator,26231700.0
0601011L0BBAGAF,Humalog KwikPen 100units/ml inj 3ml pre-filled pens,16168.0,112290.0,620060.429,,2023-10-01,originator,33687000.0
0601011L0BBAHAG,Humalog KwikPen 200units/ml inj 3ml pre-filled pens,3013.0,25496.0,281512.68735,,2023-10-01,originator,15297600.0
0601011L0BBAIAF,Humalog Junior KwikPen 100units/ml inj 3ml pre-filled pens,602.0,3406.0,18810.089659999998,,2023-10-01,originator,1021800.0
0601011L0BBAJAF,Humalog Tempo Pen 100units/ml inj 3ml pre-filled pens,21.0,141.0,778.40401,,2023-10-01,originator,42300.0
0601011L0BCAAAB,Insulin lispro Sanofi 100units/ml inj 10ml vials,7.0,12.0,158.80331999999999,,2023-10-01,biosimilar,12000.0
0601011L0BCABAC,Insulin lispro Sanofi 100units/ml inj 3ml cartridges,4.0,30.0,119.36800000000001,,2023-10-01,biosimilar,9000.0
0601011L0BCACAF,Insulin lispro Sanofi 100units/ml inj 3ml pre-filled pens,31.0,179.0,741.6923899999999,,2023-10-01,biosimilar,53700.0
0601011L0BDAAAG,Lyumjev KwikPen 200units/ml inj 3ml pre-filled pens,215.0,1426.0,15743.8138,,2023-10-01,ultra-rapid,855600.0
0601011L0BDABAB,Lyumjev 100units/ml solution for injection 10ml vials,859.0,3274.0,50949.67312,,2023-10-01,ultra-rapid,3274000.0
0601011L0BDACAC,Lyumjev 100units/ml solution for injection 3ml cartridges,689.0,4863.0,25800.737790000003,,2023-10-01,ultra-rapid,1458900.0
0601011L0BDADAF,Lyumjev KwikPen 100units/ml inj 3ml pre-filled pens,3208.0,19264.0,106373.12624,,2023-10-01,ultra-rapid,5779200.0
0601011L0BDAEAF,Lyumjev Junior KwikPen 100units/ml inj 3ml pre-filled pens,350.0,1913.0,10563.0378,,2023-10-01,ultra-rapid,573900.0
0601011L0BDAFAF,Lyumjev Tempo Pen 100units/ml inj 3ml pre-filled pens,6.0,30.0,165.62285,,2023-10-01,ultra-rapid,9000.0
0601011L0BEAAAC,Admelog 100units/ml solution for injection 3ml cartridges,30.0,285.0,1133.82245,,2023-10-01,biosimilar,85500.0
0601011L0BEABAB,Admelog 100units/ml solution for injection 10ml vials,8.0,29.0,383.66414,,2023-10-01,biosimilar,29000.0
0601011L0BEACAF,Admelog 100units/ml inj 3ml pre-filled pens,200.0,1127.0,4669.33899,,2023-10-01,biosimilar,338100.0
0601011N0AAACAC,Insulin soluble porcine 100units/ml inj 10ml vials,2.0,8.0,295.20157,,2023-10-01,human soluble,8000.0
0601011N0AAALAL,Insulin soluble human 100units/ml inj 10ml vials,1.0,4.0,58.76299,,2023-10-01,human soluble,4000.0
0601011N0BCAEAC,Hypurin Porcine Neutral 100units/ml inj 10ml vials,148.0,472.0,17417.16554,,2023-10-01,human soluble,472000.0
0601011N0BCAHAZ,Hypurin Porcine Neutral 100units/ml inj 3ml cartridges,163.0,1527.0,16903.40375,,2023-10-01,human soluble,458100.0
0601011N0BFAEAL,Actrapid 100units/ml solution for injection 10ml vials,325.0,1028.0,7206.56275,,2023-10-01,human soluble,1028000.0
0601011N0BHAAAL,Humulin S 100units/ml solution for injection 10ml vials,139.0,426.0,6258.51316,,2023-10-01,human soluble,426000.0
0601011N0BHADAP,Humulin S 100units/ml solution for injection 3ml cartridges,1481.0,12665.0,45295.44922,,2023-10-01,human soluble,3799500.0
0601011N0BKABAP,Insuman Rapid 100units/ml inj 3ml cartridges,23.0,169.0,554.4504400000001,,2023-10-01,human soluble,50700.0
0601011P0AAAAAA,Insulin glulisine 100units/ml inj 10ml vials,17.0,46.0,689.63103,,2023-10-01,generic analogue,46000.0
0601011P0AAABAB,Insulin glulisine 100units/ml inj 3ml cartridges,6.0,45.0,238.64262000000002,,2023-10-01,generic analogue,13500.0
0601011P0AAACAC,Insulin glulisine 100units/ml inj 3ml pf dispos dev,73.0,521.0,2763.6385600000003,,2023-10-01,generic analogue,156300.0
0601011P0BBAAAA,Apidra 100units/ml solution for injection 10ml vials,336.0,1358.0,20356.49287,,2023-10-01,originator,1358000.0
0601011P0BBABAB,Apidra 100units/ml solution for injection 3ml cartridges,526.0,3917.0,20774.21871,,2023-10-01,originator,1175100.0
0601011P0BBAEAC,Apidra 100units/ml inj 3ml pre-filled SoloStar pens,6262.0,43267.0,229532.87292,,2023-10-01,originator,12980100.0
0601011R0BCAAAD,Insuman Infusat 100units/ml inj 10ml vials,2.0,9.0,1039.77543,,2023-10-01,human soluble,9000.0
0601011R0BEAAAE,Humulin R KwikPen 500units/ml inj 3ml pre-filled pens,6.0,69.0,2549.04344,,2023-10-01,human soluble,103500.0
0601011A0AAAAAA,Insulin aspart 100units/ml solution for injection 10ml vials,145.0,683.0,9037.19643,,2023-11-01,generic analogue,683000.0
0601011A0AAABAB,Insulin aspart 100units/ml inj 3ml cartridges,240.0,2446.0,13015.41701,,2023-11-01,generic analogue,733800.0
0601011A0AAACAC,Insulin aspart 100units/ml inj 3ml pf dispos dev,152.0,1009.0,5804.33022,,2023-11-01,generic analogue,302700.0
0601011A0AAADAD,Insulin aspart 100units/ml inj 1.6ml cartridges,4.0,50.0,141.92376,,2023-11-01,generic analogue,8000.0
0601011A0BBAAAA,NovoRapid 100units/ml solution for injection 10ml vials,22944.0,92524.0,1224302.71662,,2023-11-01,originator,92524000.0
0601011A0BBABAB,NovoRapid Penfill 100units/ml inj 3ml cartridges,48612.0,387277.0,2060923.77099,,2023-11-01,originator,116183100.0
0601011A0BBADAC,NovoRapid FlexPen 100units/ml inj 3ml pre-filled pens,88508.0,589624.0,3392147.37554,,2023-11-01,originator,176887200.0
0601011A0BBAEAC,NovoRapid FlexTouch 100units/ml inj 3ml pre-filled pens,5347.0,36626.0,221284.26391,,2023-11-01,originator,10987800.0
0601011A0BBAFAD,NovoRapid PumpCart 100units/ml inj 1.6ml cartridges,1734.0,26032.0,73888.44787,,2023-11-01,originator,4165120.0
0601011A0BCAAAC,Fiasp FlexTouch 100units/ml inj 3ml pre-filled pens,13833.0,86591.0,498153.2891,,2023-11-01,ultra-rapid,25977300.0
0601011A0BCABAB,Fiasp Penfill 100units/ml inj 3ml cartridges,12780.0,87098.0,463520.4098,,2023-11-01,ultra-rapid,26129400.0
0601011A0BCACAA,Fiasp 100units/ml solution for injection 10ml vials,4783.0,18639.0,246635.51046,,2023-11-01,ultra-rapid,18639000.0
0601011A0BDAAAB,Trurapi 100units/ml solution for injection 3ml cartridges,662.0,4978.0,18549.11759,,2023-11-01,biosimilar,1493400.0
0601011A0BDABAC,Trurapi 100units/ml inj 3ml pre-filled Solostar pens,5661.0,32143.0,129525.96068,,2023-11-01,biosimilar,9642900.0
0601011A0BDACAA,Trurapi 100units/ml solution for injection 10ml vial,133.0,435.0,4893.8248,,2023-11-01,biosimilar,435000.0
0601011L0AAABAB,Insulin lispro 100units/ml solution for injection 10ml vials,148.0,617.0,9630.75977,,2023-11-01,generic analogue,617000.0
0601011L0AAACAC,Insulin lispro 100units/ml inj 3ml cartridges,286.0,2549.0,13564.52784,,2023-11-01,generic analogue,764700.0
0601011L0AAAFAF,Insulin lispro 100units/ml inj 3ml pf dispos dev,150.0,1041.0,5766.63807,,2023-11-01,generic analogue,312300.0
0601011L0AAAGAG,Insulin lispro 200units/ml inj 3ml pf dispos dev,9.0,63.0,697.73449,,2023-11-01,generic analogue,37800.0
0601011L0BBABAB,Humalog 100units/ml solution for injection 10ml vials,3329.0,13435.0,209707.36671,,2023-11-01,originator,13435000.0
0601011L0BBACAC,Humalog 100units/ml solution for injection 3ml cartridges,10154.0,87816.0,467308.98051,,2023-11-01,originator,26344800.0
0601011L0BBAGAF,Humalog KwikPen 100units/ml inj 3ml pre-filled pens,16403.0,113394.0,628062.24506,,2023-11-01,originator,34018200.0
0601011L0BBAHAG,Humalog KwikPen 200units/ml inj 3ml pre-filled pens,3063.0,25640.0,283948.88448999997,,2023-11-01,originator,15384000.0
0601011L0BBAIAF,Humalog Junior KwikPen 100units/ml inj 3ml pre-filled pens,625.0,3405.0,18860.75873,,2023-11-01,originator,1021500.0
0601011L0BBAJAF,Humalog Tempo Pen 100units/ml inj 3ml pre-filled pens,8.0,44.0,243.59432999999999,,2023-11-01,originator,13200.0
0601011L0BCAAAB,Insulin lispro Sanofi 100units/ml inj 10ml vials,6.0,17.0,225.60734000000002,,2023-11-01,biosimilar,17000.0
0601011L0BCABAC,Insulin lispro Sanofi 100units/ml inj 3ml cartridges,4.0,30.0,119.73125999999999,,2023-11-01,biosimilar,9000.0
0601011L0BCACAF,Insulin lispro Sanofi 100units/ml inj 3ml pre-filled pens,21.0,132.0,548.62719,,2023-11-01,biosimilar,39600.0
0601011L0BDAAAG,Lyumjev KwikPen 200units/ml inj 3ml pre-filled pens,232.0,1625.0,17995.859809999998,,2023-11-01,ultra-rapid,975000.0
0601011L0BDABAB,Lyumjev 100units/ml solution for injection 10ml vials,932.0,3549.0,55397.28794,,2023-11-01,ultra-rapid,3549000.0
0601011L0BDACAC,Lyumjev 100units/ml solution for injection 3ml cartridges,706.0,5042.0,26831.60903,,2023-11-01,ultra-rapid,1512600.0
0601011L0BDADAF,Lyumjev KwikPen 100units/ml inj 3ml pre-filled pens,3368.0,20378.0,112865.47014,,2023-11-01,ultra-rapid,6113400.0
0601011L0BDAEAF,Lyumjev Junior KwikPen 100units/ml inj 3ml pre-filled pens,372.0,2113.0,11703.471450000001,,2023-11-01,ultra-rapid,633900.0
0601011L0BDAFAF,Lyumjev Tempo Pen 100units/ml inj 3ml pre-filled pens,5.0,31.0,171.76095,,2023-11-01,ultra-rapid,9300.0
0601011L0BEAAAC,Admelog 100units/ml solution for injection 3ml cartridges,28.0,245.0,977.68539,,2023-11-01,biosimilar,73500.0
0601011L0BEABAB,Admelog 100units/ml solution for injection 10ml vials,6.0,24.0,318.47383,,2023-11-01,biosimilar,24000.0
0601011L0BEACAF,Admelog 100units/ml inj 3ml pre-filled pens,203.0,1214.0,5044.93094,,2023-11-01,biosimilar,364200.0
0601011N0BCAEAC,Hypurin Porcine Neutral 100units/ml inj 10ml vials,159.0,480.0,17766.3711,,2023-11-01,human soluble,480000.0
0601011N0BCAHAZ,Hypurin Porcine Neutral 100units/ml inj 3ml cartridges,158.0,1421.0,15778.21289,,2023-11-01,human soluble,426300.0
0601011N0BFAEAL,Actrapid 100units/ml solution for injection 10ml vials,347.0,1191.0,8374.23056,,2023-11-01,human soluble,1191000.0
0601011N0BHAAAL,Humulin S 100units/ml solution for injection 10ml vials,124.0,400.0,5894.38365,,2023-11-01,human soluble,400000.0
0601011N0BHADAP,Humulin S 100units/ml solution for injection 3ml cartridges,1478.0,12182.0,43701.83218,,2023-11-01,human soluble,3654600.0
0601011N0BKABAP,Insuman Rapid 100units/ml inj 3ml cartridges,11.0,67.0,220.76416,,2023-11-01,human soluble,20100.0
0601011P0AAAAAA,Insulin glulisine 100units/ml inj 10ml vials,18.0,52.0,781.94042,,2023-11-01,generic analogue,52000.0
0601011P0AAABAB,Insulin glulisine 100units/ml inj 3ml cartridges,12.0,150.0,797.8386,,2023-11-01,generic analogue,45000.0
0601011P0AAACAC,Insulin glulisine 100units/ml inj 3ml pf dispos dev,83.0,537.0,2856.94629,,2023-11-01,generic analogue,161100.0
0601011P0BBAAAA,Apidra 100units/ml solution for injection 10ml vials,315.0,1290.0,19396.09697,,2023-11-01,originator,1290000.0
0601011P0BBABAB,Apidra 100units/ml solution for injection 3ml cartridges,565.0,4252.0,22620.23205,,2023-11-01,originator,1275600.0
0601011P0BBAEAC,Apidra 100units/ml inj 3ml pre-filled SoloStar pens,6260.0,43033.0,229016.2732,,2023-11-01,originator,12909900.0
0601011R0BBABAB,Humulin R 500units/ml solution for injection 20ml vials,1.0,10.0,798.17198,,2023-11-01,human soluble,100000.0
0601011R0BEAAAE,Humulin R KwikPen 500units/ml inj 3ml pre-filled pens,6.0,87.0,3346.64752,,2023-11-01,human soluble,130500.0
0601011A0AAAAAA,Insulin aspart 100units/ml solution for injection 10ml vials,137.0,650.0,8606.652820000001,,2023-12-01,generic analogue,650000.0
0601011A0AAABAB,Insulin aspart 100units/ml inj 3ml cartridges,260.0,2451.0,13051.49434,,2023-12-01,generic analogue,735300.0
0601011A0AAACAC,Insulin aspart 100units/ml inj 3ml pf dispos dev,162.0,1108.0,6378.63847,,2023-12-01,generic analogue,332400.0
0601011A0AAADAD,Insulin aspart 100units/ml inj 1.6ml cartridges,3.0,40.0,113.61707,,2023-12-01,generic analogue,6400.0
0601011A0BBAAAA,NovoRapid 100units/ml solution for injection 10ml vials,23973.0,96712.0,1280611.784,,2023-12-01,originator,96712000.0
0601011A0BBABAB,NovoRapid Penfill 100units/ml inj 3ml cartridges,50265.0,401831.0,2139883.07161,,2023-12-01,originator,120549300.0
0601011A0BBADAC,NovoRapid FlexPen 100units/ml inj 3ml pre-filled pens,89830.0,597224.0,3438346.89322,,2023-12-01,originator,179167200.0
0601011A0BBAEAC,NovoRapid FlexTouch 100units/ml inj 3ml pre-filled pens,5202.0,35178.0,212687.85882,,2023-12-01,originator,10553400.0
0601011A0BBAFAD,NovoRapid PumpCart 100units/ml inj 1.6ml cartridges,1742.0,26029.0,73932.68095,,2023-12-01,originator,4164640.0
0601011A0BCAAAC,Fiasp FlexTouch 100units/ml inj 3ml pre-filled pens,14425.0,91067.0,524272.07938999997,,2023-12-01,ultra-rapid,27320100.0
0601011A0BCABAB,Fiasp Penfill 100units/ml inj 3ml cartridges,13403.0,92173.0,490884.36917,,2023-12-01,ultra-rapid,27651900.0
0601011A0BCACAA,Fiasp 100units/ml solution for injection 10ml vials,5046.0,20069.0,265741.25135,,2023-12-01,ultra-rapid,20069000.0
0601011A0BDAAAB,Trurapi 100units/ml solution for injection 3ml cartridges,664.0,4990.0,18607.41138,,2023-12-01,biosimilar,1497000.0
0601011A0BDABAC,Trurapi 100units/ml inj 3ml pre-filled Solostar pens,6358.0,36246.0,146159.62313,,2023-12-01,biosimilar,10873800.0
0601011A0BDACAA,Trurapi 100units/ml solution for injection 10ml vial,142.0,478.0,5381.34195,,2023-12-01,biosimilar,478000.0
0601011L0AAABAB,Insulin lispro 100units/ml solution for injection 10ml vials,142.0,566.0,8841.089390000001,,2023-12-01,generic analogue,566000.0
0601011L0AAACAC,Insulin lispro 100units/ml inj 3ml cartridges,295.0,2713.0,14447.11755,,2023-12-01,generic analogue,813900.0
0601011L0AAAFAF,Insulin lispro 100units/ml inj 3ml pf dispos dev,151.0,1102.0,6107.65324,,2023-12-01,generic analogue,330600.0
0601011L0AAAGAG,Insulin lispro 200units/ml inj 3ml pf dispos dev,10.0,114.0,1263.38931,,2023-12-01,generic analogue,68400.0
0601011L0BBABAB,Humalog 100units/ml solution for injection 10ml vials,3453.0,14002.0,218712.82098,,2023-12-01,originator,14002000.0
0601011L0BBACAC,Humalog 100units/ml solution for injection 3ml cartridges,10609.0,92304.0,491536.92118,,2023-12-01,originator,27691200.0
0601011L0BBAGAF,Humalog KwikPen 100units/ml inj 3ml pre-filled pens,16910.0,117529.0,651406.22807,,2023-12-01,originator,35258700.0
0601011L0BBAHAG,Humalog KwikPen 200units/ml inj 3ml pre-filled pens,3145.0,26334.0,291834.76292,,2023-12-01,originator,15800400.0
0601011L0BBAIAF,Humalog Junior KwikPen 100units/ml inj 3ml pre-filled pens,651.0,3686.0,20431.80002,,2023-12-01,originator,1105800.0
0601011L0BBAJAF,Humalog Tempo Pen 100units/ml inj 3ml pre-filled pens,15.0,81.0,448.88713,,2023-12-01,originator,24300.0
0601011L0BCAAAB,Insulin lispro Sanofi 100units/ml inj 10ml vials,6.0,18.0,239.04342,,2023-12-01,biosimilar,18000.0
0601011L0BCABAC,Insulin lispro Sanofi 100units/ml inj 3ml cartridges,5.0,35.0,139.7897,,2023-12-01,biosimilar,10500.0
0601011L0BCACAF,Insulin lispro Sanofi 100units/ml inj 3ml pre-filled pens,26.0,150.0,623.68298,,2023-12-01,biosimilar,45000.0
0601011L0BDAAAG,Lyumjev KwikPen 200units/ml inj 3ml pre-filled pens,256.0,1723.0,19094.55603,,2023-12-01,ultra-rapid,1033800.0
0601011L0BDABAB,Lyumjev 100units/ml solution for injection 10ml vials,924.0,3635.0,56779.55091,,2023-12-01,ultra-rapid,3635000.0
0601011L0BDACAC,Lyumjev 100units/ml solution for injection 3ml cartridges,784.0,5593.0,29784.88626,,2023-12-01,ultra-rapid,1677900.0
0601011L0BDADAF,Lyumjev KwikPen 100units/ml inj 3ml pre-filled pens,3529.0,21375.0,118472.98858,,2023-12-01,ultra-rapid,6412500.0
0601011L0BDAEAF,Lyumjev Junior KwikPen 100units/ml inj 3ml pre-filled pens,370.0,2155.0,11944.02196,,2023-12-01,ultra-rapid,646500.0
0601011L0BDAFAF,Lyumjev Tempo Pen 100units/ml inj 3ml pre-filled pens,4.0,16.0,88.77275,,2023-12-01,ultra-rapid,4800.0
0601011L0BEAAAC,Admelog 100units/ml solution for injection 3ml cartridges,23.0,260.0,1038.21272,,2023-12-01,biosimilar,78000.0
0601011L0BEABAB,Admelog 100units/ml solution for injection 10ml vials,9.0,29.0,385.11726,,2023-12-01,biosimilar,29000.0
0601011L0BEACAF,Admelog 100units/ml inj 3ml pre-filled pens,216.0,1278.0,5314.50538,,2023-12-01,biosimilar,383400.0
0601011N0AAACAC,Insulin soluble porcine 100units/ml inj 10ml vials,1.0,2.0,74.08377,,2023-12-01,human soluble,2000.0
0601011N0BCAEAC,Hypurin Porcine Neutral 100units/ml inj 10ml vials,143.0,451.0,16704.75636,,2023-12-01,human soluble,451000.0
0601011N0BCAHAZ,Hypurin Porcine Neutral 100units/ml inj 3ml cartridges,153.0,1385.0,15389.2687,,2023-12-01,human soluble,415500.0
0601011N0BFAEAL,Actrapid 100units/ml solution for injection 10ml vials,325.0,981.0,6903.03263,,2023-12-01,human soluble,981000.0
0601011N0BHAAAL,Humulin S 100units/ml solution for injection 10ml vials,111.0,357.0,5264.47526,,2023-12-01,human soluble,357000.0
0601011N0BHADAP,Humulin S 100units/ml solution for injection 3ml cartridges,1492.0,12120.0,43509.90146,,2023-12-01,human soluble,3636000.0
0601011N0BKABAP,Insuman Rapid 100units/ml inj 3ml cartridges,4.0,22.0,72.54737,,2023-12-01,human soluble,6600.0
0601011P0AAAAAA,Insulin glulisine 100units/ml inj 10ml vials,13.0,41.0,616.95252,,2023-12-01,generic analogue,41000.0
0601011P0AAABAB,Insulin glulisine 100units/ml inj 3ml cartridges,6.0,40.0,212.93024000000003,,2023-12-01,generic analogue,12000.0
0601011P0AAACAC,Insulin glulisine 100units/ml inj 3ml pf dispos dev,65.0,436.0,2321.26982,,2023-12-01,generic analogue,130800.0
0601011P0BBAAAA,Apidra 100units/ml solution for injection 10ml vials,364.0,1497.0,22524.42288,,2023-12-01,originator,1497000.0
0601011P0BBABAB,Apidra 100units/ml solution for injection 3ml cartridges,580.0,4299.0,22886.71076,,2023-12-01,originator,1289700.0
0601011P0BBAEAC,Apidra 100units/ml inj 3ml pre-filled SoloStar pens,6329.0,43610.0,232203.69082,,2023-12-01,originator,13083000.0
0601011R0BEAAAE,Humulin R KwikPen 500units/ml inj 3ml pre-filled pens,6.0,58.0,1958.03215,,2023-12-01,human soluble,87000.0
0601011A0AAAAAA,Insulin aspart 100units/ml solution for injection 10ml vials,138.0,618.0,8204.18205,,2024-01-01,generic analogue,618000.0
0601011A0AAABAB,Insulin aspart 100units/ml inj 3ml cartridges,240.0,2372.0,12663.22616,,2024-01-01,generic analogue,711600.0
0601011A0AAACAC,Insulin aspart 100units/ml inj 3ml pf dispos dev,164.0,1097.0,6331.610549999999,,2024-01-01,generic analogue,329100.0
0601011A0AAADAD,Insulin aspart 100units/ml inj 1.6ml cartridges,2.0,25.0,71.1956,,2024-01-01,generic analogue,4000.0
0601011A0BBAAAA,NovoRapid 100units/ml solution for injection 10ml vials,23936.0,95922.0,1273438.70225,,2024-01-01,originator,95922000.0
0601011A0BBABAB,NovoRapid Penfill 100units/ml inj 3ml cartridges,49545.0,391293.0,2089194.43148,,2024-01-01,originator,117387900.0
0601011A0BBADAC,NovoRapid FlexPen 100units/ml inj 3ml pre-filled pens,89864.0,593937.0,3428254.20163,,2024-01-01,originator,178181100.0
0601011A0BBAEAC,NovoRapid FlexTouch 100units/ml inj 3ml pre-filled pens,5332.0,35982.0,218112.23926,,2024-01-01,originator,10794600.0
0601011A0BBAFAD,NovoRapid PumpCart 100units/ml inj 1.6ml cartridges,1837.0,27093.0,77193.91376,,2024-01-01,originator,4334880.0
0601011A0BCAAAC,Fiasp FlexTouch 100units/ml inj 3ml pre-filled pens,14780.0,92437.0,533534.89358,,2024-01-01,ultra-rapid,27731100.0
0601011A0BCABAB,Fiasp Penfill 100units/ml inj 3ml cartridges,13680.0,92948.0,496293.98133,,2024-01-01,ultra-rapid,27884400.0
0601011A0BCACAA,Fiasp 100units/ml solution for injection 10ml vials,5028.0,19766.0,262419.338,,2024-01-01,ultra-rapid,19766000.0
0601011A0BDAAAB,Trurapi 100units/ml solution for injection 3ml cartridges,794.0,6046.0,22602.79089,,2024-01-01,biosimilar,1813800.0
0601011A0BDABAC,Trurapi 100units/ml inj 3ml pre-filled Solostar pens,7104.0,40533.0,163868.41246,,2024-01-01,biosimilar,12159900.0
0601011A0BDACAA,Trurapi 100units/ml solution for injection 10ml vial,142.0,517.0,5835.3754,,2024-01-01,biosimilar,517000.0
0601011L0AAABAB,Insulin lispro 100units/ml solution for injection 10ml vials,139.0,594.0,9302.273799999999,,2024-01-01,generic analogue,594000.0
0601011L0AAACAC,Insulin lispro 100units/ml inj 3ml cartridges,257.0,2265.0,12092.96742,,2024-01-01,generic analogue,679500.0
0601011L0AAAFAF,Insulin lispro 100units/ml inj 3ml pf dispos dev,143.0,1067.0,5929.6103,,2024-01-01,generic analogue,320100.0
0601011L0AAAGAG,Insulin lispro 200units/ml inj 3ml pf dispos dev,15.0,159.0,1766.9877,,2024-01-01,generic analogue,95400.0
0601011L0BBABAB,Humalog 100units/ml solution for injection 10ml vials,3387.0,13705.0,214626.13594,,2024-01-01,originator,13705000.0
0601011L0BBACAC,Humalog 100units/ml solution for injection 3ml cartridges,10005.0,86250.0,460486.75947,,2024-01-01,originator,25875000.0
0601011L0BBAFAF,Humalog Pen 100units/ml inj 3ml pre-filled pens,1.0,5.0,27.78315,,2024-01-01,originator,1500.0
0601011L0BBAGAF,Humalog KwikPen 100units/ml inj 3ml pre-filled pens,16610.0,114565.0,636640.88265,,2024-01-01,originator,34369500.0
0601011L0BBAHAG,Humalog KwikPen 200units/ml inj 3ml pre-filled pens,3248.0,26769.0,297453.32685,,2024-01-01,originator,16061400.0
0601011L0BBAIAF,Humalog Junior KwikPen 100units/ml inj 3ml pre-filled pens,634.0,3488.0,19385.07184,,2024-01-01,originator,1046400.0
0601011L0BBAJAF,Humalog Tempo Pen 100units/ml inj 3ml pre-filled pens,7.0,45.0,249.97395,,2024-01-01,originator,13500.0
0601011L0BCAAAB,Insulin lispro Sanofi 100units/ml inj 10ml vials,3.0,6.0,79.89932,,2024-01-01,biosimilar,6000.0
0601011L0BCABAC,Insulin lispro Sanofi 100units/ml inj 3ml cartridges,4.0,35.0,140.13825000000003,,2024-01-01,biosimilar,10500.0
0601011L0BCACAF,Insulin lispro Sanofi 100units/ml inj 3ml pre-filled pens,15.0,86.0,358.60977,,2024-01-01,biosimilar,25800.0
0601011L0BDAAAG,Lyumjev KwikPen 200units/ml inj 3ml pre-filled pens,279.0,1919.0,21321.16405,,2024-01-01,ultra-rapid,1151400.0
0601011L0BDABAB,Lyumjev 100units/ml solution for injection 10ml vials,941.0,3562.0,55783.45644,,2024-01-01,ultra-rapid,3562000.0
0601011L0BDACAC,Lyumjev 100units/ml solution for injection 3ml cartridges,798.0,5768.0,30796.04142,,2024-01-01,ultra-rapid,1730400.0
0601011L0BDADAF,Lyumjev KwikPen 100units/ml inj 3ml pre-filled pens,3658.0,21872.0,121541.15087,,2024-01-01,ultra-rapid,6561600.0
0601011L0BDAEAF,Lyumjev Junior KwikPen 100units/ml inj 3ml pre-filled pens,383.0,2168.0,12046.87659,,2024-01-01,ultra-rapid,650400.0
0601011L0BDAFAF,Lyumjev Tempo Pen 100units/ml inj 3ml pre-filled pens,6.0,30.0,166.6741,,2024-01-01,ultra-rapid,9000.0
0601011L0BEAAAC,Admelog 100units/ml solution for injection 3ml cartridges,23.0,225.0,900.83022,,2024-01-01,biosimilar,67500.0
0601011L0BEABAB,Admelog 100units/ml solution for injection 10ml vials,8.0,19.0,252.98352,,2024-01-01,biosimilar,19000.0
0601011L0BEACAF,Admelog 100units/ml inj 3ml pre-filled pens,216.0,1281.0,5341.11269,,2024-01-01,biosimilar,384300.0
0601011N0AAALAL,Insulin soluble human 100units/ml inj 10ml vials,1.0,4.0,59.13601,,2024-01-01,human soluble,4000.0
0601011N0BCAEAC,Hypurin Porcine Neutral 100units/ml inj 10ml vials,161.0,534.0,19829.9939,,2024-01-01,human soluble,534000.0
0601011N0BCAHAZ,Hypurin Porcine Neutral 100units/ml inj 3ml cartridges,136.0,1231.0,13713.75849,,2024-01-01,human soluble,369300.0
0601011N0BFAEAL,Actrapid 100units/ml solution for injection 10ml vials,333.0,1157.0,8161.921920000001,,2024-01-01,human soluble,1157000.0
0601011N0BHAAAL,Humulin S 100units/ml solution for injection 10ml vials,126.0,364.0,5387.47425,,2024-01-01,human soluble,364000.0
0601011N0BHADAP,Humulin S 100units/ml solution for injection 3ml cartridges,1468.0,12176.0,43825.13068,,2024-01-01,human soluble,3652800.0
0601011N0BKABAP,Insuman Rapid 100units/ml inj 3ml cartridges,5.0,32.0,105.73989,,2024-01-01,human soluble,9600.0
0601011P0AAAAAA,Insulin glulisine 100units/ml inj 10ml vials,19.0,62.0,935.3539099999999,,2024-01-01,generic analogue,62000.0
0601011P0AAABAB,Insulin glulisine 100units/ml inj 3ml cartridges,8.0,110.0,586.99905,,2024-01-01,generic analogue,33000.0
0601011P0AAACAC,Insulin glulisine 100units/ml inj 3ml pf dispos dev,73.0,510.0,2722.48636,,2024-01-01,generic analogue,153000.0
0601011P0BBAAAA,Apidra 100units/ml solution for injection 10ml vials,323.0,1330.0,20063.36716,,2024-01-01,originator,1330000.0
0601011P0BBABAB,Apidra 100units/ml solution for injection 3ml cartridges,556.0,4186.0,22341.41932,,2024-01-01,originator,1255800.0
0601011P0BBAEAC,Apidra 100units/ml inj 3ml pre-filled SoloStar pens,6402.0,44237.0,236170.36977,,2024-01-01,originator,13271100.0
0601011R0BEAAAE,Humulin R KwikPen 500units/ml inj 3ml pre-filled pens,10.0,102.0,3802.67337,,2024-01-01,human soluble,153000.0
0601011A0AAAAAA,Insulin aspart 100units/ml solution for injection 10ml vials,119.0,524.0,6953.62078,,2024-02-01,generic analogue,524000.0
0601011A0AAABAB,Insulin aspart 100units/ml inj 3ml cartridges,224.0,2482.0,13245.07337,,2024-02-01,generic analogue,744600.0
0601011A0AAACAC,Insulin aspart 100units/ml inj 3ml pf dispos dev,135.0,927.0,5348.68455,,2024-02-01,generic analogue,278100.0
0601011A0AAADAD,Insulin aspart 100units/ml inj 1.6ml cartridges,5.0,85.0,241.94888,,2024-02-01,generic analogue,13600.0
0601011A0BBAAAA,NovoRapid 100units/ml solution for injection 10ml vials,22954.0,92347.0,1225507.32293,,2024-02-01,originator,92347000.0
0601011A0BBABAB,NovoRapid Penfill 100units/ml inj 3ml cartridges,46319.0,368054.0,1964323.56122,,2024-02-01,originator,110416200.0
0601011A0BBADAC,NovoRapid FlexPen 100units/ml inj 3ml pre-filled pens,83974.0,555073.0,3202701.36971,,2024-02-01,originator,166521900.0
0601011A0BBAEAC,NovoRapid FlexTouch 100units/ml inj 3ml pre-filled pens,4929.0,33476.0,202804.63494000002,,2024-02-01,originator,10042800.0
0601011A0BBAFAD,NovoRapid PumpCart 100units/ml inj 1.6ml cartridges,1780.0,26028.0,74093.63932,,2024-02-01,originator,4164480.0
0601011A0BCAAAC,Fiasp FlexTouch 100units/ml inj 3ml pre-filled pens,13839.0,87100.0,502538.30092,,2024-02-01,ultra-rapid,26130000.0
0601011A0BCABAB,Fiasp Penfill 100units/ml inj 3ml cartridges,13029.0,88811.0,474013.88877,,2024-02-01,ultra-rapid,26643300.0
0601011A0BCACAA,Fiasp 100units/ml solution for injection 10ml vials,4898.0,19320.0,256390.38244,,2024-02-01,ultra-rapid,19320000.0
0601011A0BDAAAB,Trurapi 100units/ml solution for injection 3ml cartridges,716.0,5360.0,20030.66617,,2024-02-01,biosimilar,1608000.0
0601011A0BDABAC,Trurapi 100units/ml inj 3ml pre-filled Solostar pens,7022.0,40026.0,161755.0215,,2024-02-01,biosimilar,12007800.0
0601011A0BDACAA,Trurapi 100units/ml solution for injection 10ml vial,153.0,529.0,5968.55115,,2024-02-01,biosimilar,529000.0
0601011L0AAABAB,Insulin lispro 100units/ml solution for injection 10ml vials,124.0,486.0,7608.1559,,2024-02-01,generic analogue,486000.0
0601011L0AAACAC,Insulin lispro 100units/ml inj 3ml cartridges,210.0,1993.0,10636.07564,,2024-02-01,generic analogue,597900.0
0601011L0AAAFAF,Insulin lispro 100units/ml inj 3ml pf dispos dev,129.0,901.0,5004.8214,,2024-02-01,generic analogue,270300.0
0601011L0AAAGAG,Insulin lispro 200units/ml inj 3ml pf dispos dev,9.0,73.0,810.78877,,2024-02-01,generic analogue,43800.0
0601011L0BBABAB,Humalog 100units/ml solution for injection 10ml vials,3208.0,12898.0,201910.27134,,2024-02-01,originator,12898000.0
0601011L0BBACAC,Humalog 100units/ml solution for injection 3ml cartridges,9589.0,82617.0,440920.18994999997,,2024-02-01,originator,24785100.0
0601011L0BBAFAF,Humalog Pen 100units/ml inj 3ml pre-filled pens,1.0,5.0,20.46018,,2024-02-01,originator,1500.0
0601011L0BBAGAF,Humalog KwikPen 100units/ml inj 3ml pre-filled pens,15863.0,110327.0,612831.18403,,2024-02-01,originator,33098100.0
0601011L0BBAHAG,Humalog KwikPen 200units/ml inj 3ml pre-filled pens,2959.0,24373.0,270698.15165,,2024-02-01,originator,14623800.0
0601011L0BBAIAF,Humalog Junior KwikPen 100units/ml inj 3ml pre-filled pens,619.0,3354.0,18633.23044,,2024-02-01,originator,1006200.0
0601011L0BBAJAF,Humalog Tempo Pen 100units/ml inj 3ml pre-filled pens,8.0,48.0,266.64918,,2024-02-01,originator,14400.0
0601011L0BCAAAB,Insulin lispro Sanofi 100units/ml inj 10ml vials,6.0,22.0,292.7762,,2024-02-01,biosimilar,22000.0
0601011L0BCABAC,Insulin lispro Sanofi 100units/ml inj 3ml cartridges,6.0,45.0,180.11849999999998,,2024-02-01,biosimilar,13500.0
0601011L0BCACAF,Insulin lispro Sanofi 100units/ml inj 3ml pre-filled pens,11.0,61.0,254.29773999999998,,2024-02-01,biosimilar,18300.0
0601011L0BDAAAG,Lyumjev KwikPen 200units/ml inj 3ml pre-filled pens,245.0,1642.0,18236.602469999998,,2024-02-01,ultra-rapid,985200.0
0601011L0BDABAB,Lyumjev 100units/ml solution for injection 10ml vials,912.0,3477.0,54430.96609,,2024-02-01,ultra-rapid,3477000.0
0601011L0BDACAC,Lyumjev 100units/ml solution for injection 3ml cartridges,777.0,5680.0,30314.09306,,2024-02-01,ultra-rapid,1704000.0
0601011L0BDADAF,Lyumjev KwikPen 100units/ml inj 3ml pre-filled pens,3544.0,21835.0,121287.15602,,2024-02-01,ultra-rapid,6550500.0
0601011L0BDAEAF,Lyumjev Junior KwikPen 100units/ml inj 3ml pre-filled pens,373.0,2090.0,11609.36056,,2024-02-01,ultra-rapid,627000.0
0601011L0BDAFAF,Lyumjev Tempo Pen 100units/ml inj 3ml pre-filled pens,6.0,40.0,222.10464,,2024-02-01,ultra-rapid,12000.0
0601011L0BEAAAC,Admelog 100units/ml solution for injection 3ml cartridges,27.0,225.0,900.5057400000001,,2024-02-01,biosimilar,67500.0
0601011L0BEABAB,Admelog 100units/ml solution for injection 10ml vials,11.0,27.0,359.33937,,2024-02-01,biosimilar,27000.0
0601011L0BEACAF,Admelog 100units/ml inj 3ml pre-filled pens,177.0,1079.0,4496.39119,,2024-02-01,biosimilar,323700.0
0601011N0BCAEAC,Hypurin Porcine Neutral 100units/ml inj 10ml vials,145.0,443.0,16444.48748,,2024-02-01,human soluble,443000.0
0601011N0BCAHAZ,Hypurin Porcine Neutral 100units/ml inj 3ml cartridges,149.0,1307.0,14554.383389999999,,2024-02-01,human soluble,392100.0
0601011N0BFAEAL,Actrapid 100units/ml solution for injection 10ml vials,312.0,957.0,6748.86396,,2024-02-01,human soluble,957000.0
0601011N0BHAAAL,Humulin S 100units/ml solution for injection 10ml vials,111.0,362.0,5349.88874,,2024-02-01,human soluble,362000.0
0601011N0BHADAP,Humulin S 100units/ml solution for injection 3ml cartridges,1344.0,11364.0,40885.48013,,2024-02-01,human soluble,3409200.0
0601011N0BKABAP,Insuman Rapid 100units/ml inj 3ml cartridges,1.0,2.0,6.70846,,2024-02-01,human soluble,600.0
0601011P0AAAAAA,Insulin glulisine 100units/ml inj 10ml vials,11.0,26.0,392.13070000000005,,2024-02-01,generic analogue,26000.0
0601011P0AAABAB,Insulin glulisine 100units/ml inj 3ml cartridges,6.0,75.0,400.0782,,2024-02-01,generic analogue,22500.0
0601011P0AAACAC,Insulin glulisine 100units/ml inj 3ml pf dispos dev,66.0,478.0,2550.4759599999998,,2024-02-01,generic analogue,143400.0
0601011P0BBAAAA,Apidra 100units/ml solution for injection 10ml vials,287.0,1112.0,16768.46931,,2024-02-01,originator,1112000.0
0601011P0BBABAB,Apidra 100units/ml solution for injection 3ml cartridges,525.0,3889.0,20748.89479,,2024-02-01,originator,1166700.0
0601011P0BBAEAC,Apidra 100units/ml inj 3ml pre-filled SoloStar pens,6058.0,41946.0,223834.89598,,2024-02-01,originator,12583800.0
0601011R0BEAAAE,Humulin R KwikPen 500units/ml inj 3ml pre-filled pens,31.0,487.0,12929.1682,,2024-02-01,human soluble,730500.0
0601011A0AAAAAA,Insulin aspart 100units/ml solution for injection 10ml vials,111.0,545.0,7222.06084,,2024-03-01,generic analogue,545000.0
0601011A0AAABAB,Insulin aspart 100units/ml inj 3ml cartridges,220.0,2111.0,11249.86837,,2024-03-01,generic analogue,633300.0
0601011A0AAACAC,Insulin aspart 100units/ml inj 3ml pf dispos dev,156.0,1042.0,6003.88117,,2024-03-01,generic analogue,312600.0
0601011A0AAADAD,Insulin aspart 100units/ml inj 1.6ml cartridges,4.0,41.0,116.66183000000001,,2024-03-01,generic analogue,6560.0
0601011A0BBAAAA,NovoRapid 100units/ml solution for injection 10ml vials,23979.0,96067.0,1273115.66331,,2024-03-01,originator,96067000.0
0601011A0BBABAB,NovoRapid Penfill 100units/ml inj 3ml cartridges,47078.0,371522.0,1980102.52414,,2024-03-01,originator,111456600.0
0601011A0BBADAC,NovoRapid FlexPen 100units/ml inj 3ml pre-filled pens,85052.0,562696.0,3242155.70671,,2024-03-01,originator,168808800.0
0601011A0BBAEAC,NovoRapid FlexTouch 100units/ml inj 3ml pre-filled pens,5079.0,33898.0,205081.93076,,2024-03-01,originator,10169400.0
0601011A0BBAFAD,NovoRapid PumpCart 100units/ml inj 1.6ml cartridges,1943.0,28272.0,80407.79376,,2024-03-01,originator,4523520.0
0601011A0BCAAAC,Fiasp FlexTouch 100units/ml inj 3ml pre-filled pens,14053.0,88226.0,508335.25738,,2024-03-01,ultra-rapid,26467800.0
0601011A0BCABAB,Fiasp Penfill 100units/ml inj 3ml cartridges,14053.0,95723.0,510203.44287,,2024-03-01,ultra-rapid,28716900.0
0601011A0BCACAA,Fiasp 100units/ml solution for injection 10ml vials,5031.0,19817.0,262614.15697,,2024-03-01,ultra-rapid,19817000.0
0601011A0BDAAAB,Trurapi 100units/ml solution for injection 3ml cartridges,895.0,6657.0,24843.38422,,2024-03-01,biosimilar,1997100.0
0601011A0BDABAC,Trurapi 100units/ml inj 3ml pre-filled Solostar pens,7585.0,43339.0,174895.15435,,2024-03-01,biosimilar,13001700.0
0601011A0BDACAA,Trurapi 100units/ml solution for injection 10ml vial,131.0,455.0,5126.49721,,2024-03-01,biosimilar,455000.0
0601011L0AAABAB,Insulin lispro 100units/ml solution for injection 10ml vials,130.0,544.0,8504.13831,,2024-03-01,generic analogue,544000.0
0601011L0AAACAC,Insulin lispro 100units/ml inj 3ml cartridges,226.0,1981.0,10557.99673,,2024-03-01,generic analogue,594300.0
0601011L0AAAFAF,Insulin lispro 100units/ml inj 3ml pf dispos dev,137.0,959.0,5319.81633,,2024-03-01,generic analogue,287700.0
0601011L0AAAGAG,Insulin lispro 200units/ml inj 3ml pf dispos dev,12.0,216.0,2395.74273,,2024-03-01,generic analogue,129600.0
0601011L0BBABAB,Humalog 100units/ml solution for injection 10ml vials,3014.0,12003.0,187638.60078,,2024-03-01,originator,12003000.0
0601011L0BBACAC,Humalog 100units/ml solution for injection 3ml cartridges,9571.0,82772.0,441132.68979,,2024-03-01,originator,24831600.0
0601011L0BBAGAF,Humalog KwikPen 100units/ml inj 3ml pre-filled pens,16211.0,112665.0,624956.60094,,2024-03-01,originator,33799500.0
0601011L0BBAHAG,Humalog KwikPen 200units/ml inj 3ml pre-filled pens,3007.0,25629.0,284271.28982999997,,2024-03-01,originator,15377400.0
0601011L0BBAIAF,Humalog Junior KwikPen 100units/ml inj 3ml pre-filled pens,573.0,3231.0,17923.90592,,2024-03-01,originator,969300.0
0601011L0BBAJAF,Humalog Tempo Pen 100units/ml inj 3ml pre-filled pens,13.0,70.0,388.26006,,2024-03-01,originator,21000.0
0601011L0BCAAAB,Insulin lispro Sanofi 100units/ml inj 10ml vials,3.0,6.0,79.75708,,2024-03-01,biosimilar,6000.0
0601011L0BCABAC,Insulin lispro Sanofi 100units/ml inj 3ml cartridges,4.0,35.0,139.88873999999998,,2024-03-01,biosimilar,10500.0
0601011L0BCACAF,Insulin lispro Sanofi 100units/ml inj 3ml pre-filled pens,19.0,107.0,445.43820999999997,,2024-03-01,biosimilar,32100.0
0601011L0BDAAAG,Lyumjev KwikPen 200units/ml inj 3ml pre-filled pens,270.0,1885.0,20906.59528,,2024-03-01,ultra-rapid,1131000.0
0601011L0BDABAB,Lyumjev 100units/ml solution for injection 10ml vials,973.0,3743.0,58513.49684,,2024-03-01,ultra-rapid,3743000.0
0601011L0BDACAC,Lyumjev 100units/ml solution for injection 3ml cartridges,780.0,5529.0,29467.41678,,2024-03-01,ultra-rapid,1658700.0
0601011L0BDADAF,Lyumjev KwikPen 100units/ml inj 3ml pre-filled pens,3759.0,22509.0,124856.96057,,2024-03-01,ultra-rapid,6752700.0
0601011L0BDAEAF,Lyumjev Junior KwikPen 100units/ml inj 3ml pre-filled pens,379.0,2168.0,12025.84013,,2024-03-01,ultra-rapid,650400.0
0601011L0BDAFAF,Lyumjev Tempo Pen 100units/ml inj 3ml pre-filled pens,6.0,30.0,166.37734,,2024-03-01,ultra-rapid,9000.0
0601011L0BEAAAC,Admelog 100units/ml solution for injection 3ml cartridges,26.0,247.0,987.08611,,2024-03-01,biosimilar,74100.0
0601011L0BEABAB,Admelog 100units/ml solution for injection 10ml vials,17.0,71.0,943.55035,,2024-03-01,biosimilar,71000.0
0601011L0BEACAF,Admelog 100units/ml inj 3ml pre-filled pens,191.0,1161.0,4832.150030000001,,2024-03-01,biosimilar,348300.0
0601011N0AAACAC,Insulin soluble porcine 100units/ml inj 10ml vials,1.0,6.0,222.40377,,2024-03-01,human soluble,6000.0
0601011N0BCAEAC,Hypurin Porcine Neutral 100units/ml inj 10ml vials,149.0,468.0,17348.28814,,2024-03-01,human soluble,468000.0
0601011N0BCAHAZ,Hypurin Porcine Neutral 100units/ml inj 3ml cartridges,133.0,1089.0,12110.407870000001,,2024-03-01,human soluble,326700.0
0601011N0BFAEAL,Actrapid 100units/ml solution for injection 10ml vials,318.0,980.0,6901.39821,,2024-03-01,human soluble,980000.0
0601011N0BHAAAL,Humulin S 100units/ml solution for injection 10ml vials,116.0,361.0,5327.76617,,2024-03-01,human soluble,361000.0
0601011N0BHADAP,Humulin S 100units/ml solution for injection 3ml cartridges,1456.0,11977.0,43031.32194,,2024-03-01,human soluble,3593100.0
0601011N0BKABAP,Insuman Rapid 100units/ml inj 3ml cartridges,2.0,25.0,82.36061000000001,,2024-03-01,human soluble,7500.0
0601011P0AAAAAA,Insulin glulisine 100units/ml inj 10ml vials,17.0,62.0,933.66359,,2024-03-01,generic analogue,62000.0
0601011P0AAABAB,Insulin glulisine 100units/ml inj 3ml cartridges,7.0,55.0,293.00168,,2024-03-01,generic analogue,16500.0
0601011P0AAACAC,Insulin glulisine 100units/ml inj 3ml pf dispos dev,68.0,490.0,2611.24658,,2024-03-01,generic analogue,147000.0
0601011P0BBAAAA,Apidra 100units/ml solution for injection 10ml vials,318.0,1336.0,20117.92385,,2024-03-01,originator,1336000.0
0601011P0BBABAB,Apidra 100units/ml solution for injection 3ml cartridges,545.0,4122.0,21960.6558,,2024-03-01,originator,1236600.0
0601011P0BBAEAC,Apidra 100units/ml inj 3ml pre-filled SoloStar pens,6036.0,41715.0,222313.27683,,2024-03-01,originator,12514500.0
0601011R0BEAAAE,Humulin R KwikPen 500units/ml inj 3ml pre-filled pens,18.0,225.0,6696.47823,,2024-03-01,human soluble,337500.0
0601011A0AAAAAA,Insulin aspart 100units/ml solution for injection 10ml vials,123.0,544.0,7650.07135,,2024-04-01,generic analogue,544000.0
0601011A0AAABAB,Insulin aspart 100units/ml inj 3ml cartridges,225.0,2148.0,12152.55533,,2024-04-01,generic analogue,644400.0
0601011A0AAACAC,Insulin aspart 100units/ml inj 3ml pf dispos dev,157.0,1064.0,6505.66366,,2024-04-01,generic analogue,319200.0
0601011A0AAADAD,Insulin aspart 100units/ml inj 1.6ml cartridges,4.0,50.0,151.0496,,2024-04-01,generic analogue,8000.0
0601011A0BBAAAA,NovoRapid 100units/ml solution for injection 10ml vials,25332.0,101464.0,1421342.90117,,2024-04-01,originator,101464000.0
0601011A0BBABAB,NovoRapid Penfill 100units/ml inj 3ml cartridges,49061.0,386859.0,2179224.66861,,2024-04-01,originator,116057700.0
0601011A0BBADAC,NovoRapid FlexPen 100units/ml inj 3ml pre-filled pens,89134.0,587150.0,3579785.9224,,2024-04-01,originator,176145000.0
0601011A0BBAEAC,NovoRapid FlexTouch 100units/ml inj 3ml pre-filled pens,5301.0,35954.0,229630.7204,,2024-04-01,originator,10786200.0
0601011A0BBAFAD,NovoRapid PumpCart 100units/ml inj 1.6ml cartridges,2142.0,31064.0,93291.582,,2024-04-01,originator,4970240.0
0601011A0BCAAAC,Fiasp FlexTouch 100units/ml inj 3ml pre-filled pens,13909.0,87931.0,535628.904,,2024-04-01,ultra-rapid,26379300.0
0601011A0BCABAB,Fiasp Penfill 100units/ml inj 3ml cartridges,15948.0,107235.0,603680.46961,,2024-04-01,ultra-rapid,32170500.0
0601011A0BCACAA,Fiasp 100units/ml solution for injection 10ml vials,5379.0,21214.0,297024.55983,,2024-04-01,ultra-rapid,21214000.0
0601011A0BDAAAB,Trurapi 100units/ml solution for injection 3ml cartridges,965.0,7321.0,28767.483799999998,,2024-04-01,biosimilar,2196300.0
0601011A0BDABAC,Trurapi 100units/ml inj 3ml pre-filled Solostar pens,8485.0,48784.0,207941.84978,,2024-04-01,biosimilar,14635200.0
0601011A0BDACAA,Trurapi 100units/ml solution for injection 10ml vial,183.0,637.0,7584.508,,2024-04-01,biosimilar,637000.0
0601011L0AAABAB,Insulin lispro 100units/ml solution for injection 10ml vials,107.0,410.0,6800.33074,,2024-04-01,generic analogue,410000.0
0601011L0AAACAC,Insulin lispro 100units/ml inj 3ml cartridges,264.0,2503.0,14157.031790000001,,2024-04-01,generic analogue,750900.0
0601011L0AAAFAF,Insulin lispro 100units/ml inj 3ml pf dispos dev,127.0,922.0,5421.95432,,2024-04-01,generic analogue,276600.0
0601011L0AAAGAG,Insulin lispro 200units/ml inj 3ml pf dispos dev,13.0,89.0,1042.5733599999999,,2024-04-01,generic analogue,53400.0
0601011L0BBABAB,Humalog 100units/ml solution for injection 10ml vials,3009.0,12103.0,200060.77868,,2024-04-01,originator,12103000.0
0601011L0BBACAC,Humalog 100units/ml solution for injection 3ml cartridges,10161.0,88283.0,496925.08477,,2024-04-01,originator,26484900.0
0601011L0BBAGAF,Humalog KwikPen 100units/ml inj 3ml pre-filled pens,16906.0,117221.0,687958.20328,,2024-04-01,originator,35166300.0
0601011L0BBAHAG,Humalog KwikPen 200units/ml inj 3ml pre-filled pens,3283.0,27602.0,324057.92924,,2024-04-01,originator,16561200.0
0601011L0BBAIAF,Humalog Junior KwikPen 100units/ml inj 3ml pre-filled pens,648.0,3582.0,21003.80712,,2024-04-01,originator,1074600.0
0601011L0BBAJAF,Humalog Tempo Pen 100units/ml inj 3ml pre-filled pens,10.0,85.0,455.02672,,2024-04-01,originator,25500.0
0601011L0BCAAAB,Insulin lispro Sanofi 100units/ml inj 10ml vials,3.0,4.0,56.5172,,2024-04-01,biosimilar,4000.0
0601011L0BCABAC,Insulin lispro Sanofi 100units/ml inj 3ml cartridges,6.0,55.0,233.6044,,2024-04-01,biosimilar,16500.0
0601011L0BCACAF,Insulin lispro Sanofi 100units/ml inj 3ml pre-filled pens,11.0,71.0,314.0564,,2024-04-01,biosimilar,21300.0
0601011L0BDAAAG,Lyumjev KwikPen 200units/ml inj 3ml pre-filled pens,286.0,2024.0,23796.373040000002,,2024-04-01,ultra-rapid,1214400.0
0601011L0BDABAB,Lyumjev 100units/ml solution for injection 10ml vials,1032.0,4070.0,67249.48804,,2024-04-01,ultra-rapid,4070000.0
0601011L0BDACAC,Lyumjev 100units/ml solution for injection 3ml cartridges,858.0,6234.0,35121.17057,,2024-04-01,ultra-rapid,1870200.0
0601011L0BDADAF,Lyumjev KwikPen 100units/ml inj 3ml pre-filled pens,4105.0,24734.0,145191.88728,,2024-04-01,ultra-rapid,7420200.0
0601011L0BDAEAF,Lyumjev Junior KwikPen 100units/ml inj 3ml pre-filled pens,437.0,2400.0,14087.609919999999,,2024-04-01,ultra-rapid,720000.0
0601011L0BDAFAF,Lyumjev Tempo Pen 100units/ml inj 3ml pre-filled pens,4.0,25.0,140.79176,,2024-04-01,ultra-rapid,7500.0
0601011L0BEAAAC,Admelog 100units/ml solution for injection 3ml cartridges,22.0,215.0,896.60407,,2024-04-01,biosimilar,64500.0
0601011L0BEABAB,Admelog 100units/ml solution for injection 10ml vials,41.0,147.0,2072.99881,,2024-04-01,biosimilar,147000.0
0601011L0BEACAF,Admelog 100units/ml inj 3ml pre-filled pens,203.0,1215.0,5317.90881,,2024-04-01,biosimilar,364500.0
0601011N0AAACAC,Insulin soluble porcine 100units/ml inj 10ml vials,1.0,2.0,78.7924,,2024-04-01,human soluble,2000.0
0601011N0BCAEAC,Hypurin Porcine Neutral 100units/ml inj 10ml vials,132.0,413.0,16160.211449999999,,2024-04-01,human soluble,413000.0
0601011N0BCAHAZ,Hypurin Porcine Neutral 100units/ml inj 3ml cartridges,157.0,1433.0,16763.85966,,2024-04-01,human soluble,429900.0
0601011N0BFAEAL,Actrapid 100units/ml solution for injection 10ml vials,297.0,900.0,6688.07031,,2024-04-01,human soluble,900000.0
0601011N0BHAAAL,Humulin S 100units/ml solution for injection 10ml vials,103.0,316.0,4914.26491,,2024-04-01,human soluble,316000.0
0601011N0BHADAP,Humulin S 100units/ml solution for injection 3ml cartridges,1388.0,11410.0,43338.58828,,2024-04-01,human soluble,3423000.0
0601011N0BKABAP,Insuman Rapid 100units/ml inj 3ml cartridges,1.0,2.0,7.1124,,2024-04-01,human soluble,600.0
0601011P0AAAAAA,Insulin glulisine 100units/ml inj 10ml vials,16.0,55.0,880.1984,,2024-04-01,generic analogue,55000.0
0601011P0AAABAB,Insulin glulisine 100units/ml inj 3ml cartridges,9.0,95.0,534.65535,,2024-04-01,generic analogue,28500.0
0601011P0AAACAC,Insulin glulisine 100units/ml inj 3ml pf dispos dev,63.0,437.0,2468.5010899999997,,2024-04-01,generic analogue,131100.0
0601011P0BBAAAA,Apidra 100units/ml solution for injection 10ml vials,340.0,1319.0,20858.85298,,2024-04-01,originator,1319000.0
0601011P0BBABAB,Apidra 100units/ml solution for injection 3ml cartridges,535.0,3995.0,22390.60747,,2024-04-01,originator,1198500.0
0601011P0BBAEAC,Apidra 100units/ml inj 3ml pre-filled SoloStar pens,6369.0,43851.0,247210.98124,,2024-04-01,originator,13155300.0
0601011R0BCAAAD,Insuman Infusat 100units/ml inj 10ml vials,1.0,20.0,1615.0424,,2024-04-01,human soluble,20000.0
0601011R0BEAAAE,Humulin R KwikPen 500units/ml inj 3ml pre-filled pens,13.0,72.0,3501.17631,,2024-04-01,human soluble,108000.0
0601011A0AAAAAA,Insulin aspart 100units/ml solution for injection 10ml vials,110.0,519.0,7282.24657,,2024-05-01,generic analogue,519000.0
0601011A0AAABAB,Insulin aspart 100units/ml inj 3ml cartridges,223.0,2052.0,11608.76944,,2024-05-01,generic analogue,615600.0
0601011A0AAACAC,Insulin aspart 100units/ml inj 3ml pf dispos dev,152.0,1072.0,6555.62996,,2024-05-01,generic analogue,321600.0
0601011A0AAADAD,Insulin aspart 100units/ml inj 1.6ml cartridges,2.0,35.0,105.72479999999999,,2024-05-01,generic analogue,5600.0
0601011A0BBAAAA,NovoRapid 100units/ml solution for injection 10ml vials,27420.0,110361.0,1546276.8344999999,,2024-05-01,originator,110361000.0
0601011A0BBABAB,NovoRapid Penfill 100units/ml inj 3ml cartridges,50778.0,400483.0,2256239.28179,,2024-05-01,originator,120144900.0
0601011A0BBADAC,NovoRapid FlexPen 100units/ml inj 3ml pre-filled pens,90626.0,597273.0,3642454.49684,,2024-05-01,originator,179181900.0
0601011A0BBAEAC,NovoRapid FlexTouch 100units/ml inj 3ml pre-filled pens,5450.0,36649.0,234116.6951,,2024-05-01,originator,10994700.0
0601011A0BBAFAD,NovoRapid PumpCart 100units/ml inj 1.6ml cartridges,2338.0,33995.0,102103.8074,,2024-05-01,originator,5439200.0
0601011A0BCAAAC,Fiasp FlexTouch 100units/ml inj 3ml pre-filled pens,12519.0,78640.0,479014.19622,,2024-05-01,ultra-rapid,23592000.0
0601011A0BCABAB,Fiasp Penfill 100units/ml inj 3ml cartridges,16984.0,114942.0,647224.2813500001,,2024-05-01,ultra-rapid,34482600.0
0601011A0BCACAA,Fiasp 100units/ml solution for injection 10ml vials,5653.0,22323.0,312409.33736,,2024-05-01,ultra-rapid,22323000.0
0601011A0BDAAAB,Trurapi 100units/ml solution for injection 3ml cartridges,1024.0,7549.0,29715.74673,,2024-05-01,biosimilar,2264700.0
0601011A0BDABAC,Trurapi 100units/ml inj 3ml pre-filled Solostar pens,9421.0,54226.0,231174.83267,,2024-05-01,biosimilar,16267800.0
0601011A0BDACAA,Trurapi 100units/ml solution for injection 10ml vial,233.0,840.0,9981.7276,,2024-05-01,biosimilar,840000.0
0601011L0AAABAB,Insulin lispro 100units/ml solution for injection 10ml vials,125.0,526.0,8707.574920000001,,2024-05-01,generic analogue,526000.0
0601011L0AAACAC,Insulin lispro 100units/ml inj 3ml cartridges,270.0,2400.0,13561.6024,,2024-05-01,generic analogue,720000.0
0601011L0AAAFAF,Insulin lispro 100units/ml inj 3ml pf dispos dev,123.0,971.0,5720.46042,,2024-05-01,generic analogue,291300.0
0601011L0AAAGAG,Insulin lispro 200units/ml inj 3ml pf dispos dev,10.0,88.0,1037.504,,2024-05-01,generic analogue,52800.0
0601011L0BBABAB,Humalog 100units/ml solution for injection 10ml vials,2717.0,10880.0,180061.00874,,2024-05-01,originator,10880000.0
0601011L0BBACAC,Humalog 100units/ml solution for injection 3ml cartridges,10528.0,90848.0,511156.13341999997,,2024-05-01,originator,27254400.0
0601011L0BBAFAF,Humalog Pen 100units/ml inj 3ml pre-filled pens,4.0,20.0,117.8896,,2024-05-01,originator,6000.0
0601011L0BBAGAF,Humalog KwikPen 100units/ml inj 3ml pre-filled pens,17517.0,120584.0,707795.69892,,2024-05-01,originator,36175200.0
0601011L0BBAHAG,Humalog KwikPen 200units/ml inj 3ml pre-filled pens,3247.0,27025.0,316991.40147,,2024-05-01,originator,16215000.0
0601011L0BBAIAF,Humalog Junior KwikPen 100units/ml inj 3ml pre-filled pens,626.0,3432.0,20142.82941,,2024-05-01,originator,1029600.0
0601011L0BBAJAF,Humalog Tempo Pen 100units/ml inj 3ml pre-filled pens,13.0,71.0,392.43534999999997,,2024-05-01,originator,21300.0
0601011L0BDAAAG,Lyumjev KwikPen 200units/ml inj 3ml pre-filled pens,319.0,2233.0,26266.56307,,2024-05-01,ultra-rapid,1339800.0
0601011L0BDABAB,Lyumjev 100units/ml solution for injection 10ml vials,1082.0,4171.0,68979.4906,,2024-05-01,ultra-rapid,4171000.0
0601011L0BDACAC,Lyumjev 100units/ml solution for injection 3ml cartridges,891.0,6555.0,36936.00495,,2024-05-01,ultra-rapid,1966500.0
0601011L0BDADAF,Lyumjev KwikPen 100units/ml inj 3ml pre-filled pens,4356.0,26582.0,156054.98111,,2024-05-01,ultra-rapid,7974600.0
0601011L0BDAEAF,Lyumjev Junior KwikPen 100units/ml inj 3ml pre-filled pens,438.0,2491.0,14617.25132,,2024-05-01,ultra-rapid,747300.0
0601011L0BDAFAF,Lyumjev Tempo Pen 100units/ml inj 3ml pre-filled pens,1.0,5.0,29.4724,,2024-05-01,ultra-rapid,1500.0
0601011L0BEAAAC,Admelog 100units/ml solution for injection 3ml cartridges,40.0,380.0,1595.03597,,2024-05-01,biosimilar,114000.0
0601011L0BEABAB,Admelog 100units/ml solution for injection 10ml vials,110.0,404.0,5638.240159999999,,2024-05-01,biosimilar,404000.0
0601011L0BEACAF,Admelog 100units/ml inj 3ml pre-filled pens,210.0,1277.0,5604.23701,,2024-05-01,biosimilar,383100.0
0601011N0AAACAC,Insulin soluble porcine 100units/ml inj 10ml vials,1.0,2.0,78.7924,,2024-05-01,human soluble,2000.0
0601011N0AAALAL,Insulin soluble human 100units/ml inj 10ml vials,3.0,10.0,140.4372,,2024-05-01,human soluble,10000.0
0601011N0BCAEAC,Hypurin Porcine Neutral 100units/ml inj 10ml vials,154.0,494.0,19333.546730000002,,2024-05-01,human soluble,494000.0
0601011N0BCAHAZ,Hypurin Porcine Neutral 100units/ml inj 3ml cartridges,178.0,1634.0,19123.75129,,2024-05-01,human soluble,490200.0
0601011N0BFAEAL,Actrapid 100units/ml solution for injection 10ml vials,321.0,983.0,7290.83447,,2024-05-01,human soluble,983000.0
0601011N0BHAAAL,Humulin S 100units/ml solution for injection 10ml vials,123.0,361.0,5616.59658,,2024-05-01,human soluble,361000.0
0601011N0BHADAP,Humulin S 100units/ml solution for injection 3ml cartridges,1493.0,12263.0,46605.57207,,2024-05-01,human soluble,3678900.0
0601011N0BKABAP,Insuman Rapid 100units/ml inj 3ml cartridges,1.0,2.0,7.1124,,2024-05-01,human soluble,600.0
0601011P0AAAAAA,Insulin glulisine 100units/ml inj 10ml vials,13.0,47.0,752.1612,,2024-05-01,generic analogue,47000.0
0601011P0AAABAB,Insulin glulisine 100units/ml inj 3ml cartridges,7.0,95.0,537.7868,,2024-05-01,generic analogue,28500.0
0601011P0AAACAC,Insulin glulisine 100units/ml inj 3ml pf dispos dev,67.0,478.0,2703.55487,,2024-05-01,generic analogue,143400.0
0601011P0BBAAAA,Apidra 100units/ml solution for injection 10ml vials,324.0,1293.0,20488.9882,,2024-05-01,originator,1293000.0
0601011P0BBABAB,Apidra 100units/ml solution for injection 3ml cartridges,561.0,4211.0,23624.8672,,2024-05-01,originator,1263300.0
0601011P0BBAEAC,Apidra 100units/ml inj 3ml pre-filled SoloStar pens,6456.0,44234.0,249394.97576,,2024-05-01,originator,13270200.0
0601011R0AAAEAE,Insulin human 500units/ml inj 3ml pf dispos dev,2.0,9.0,381.0248,,2024-05-01,human soluble,13500.0
0601011R0BEAAAE,Humulin R KwikPen 500units/ml inj 3ml pre-filled pens,11.0,135.0,5623.8364,,2024-05-01,human soluble,202500.0
0601011A0AAAAAA,Insulin aspart 100units/ml solution for injection 10ml vials,115.0,538.0,7567.06465,,2024-06-01,generic analogue,538000.0
0601011A0AAABAB,Insulin aspart 100units/ml inj 3ml cartridges,248.0,2309.0,13058.02262,,2024-06-01,generic analogue,692700.0
0601011A0AAACAC,Insulin aspart 100units/ml inj 3ml pf dispos dev,131.0,856.0,5206.29853,,2024-06-01,generic analogue,256800.0
0601011A0AAADAD,Insulin aspart 100units/ml inj 1.6ml cartridges,2.0,30.0,90.6248,,2024-06-01,generic analogue,4800.0
0601011A0BBAAAA,NovoRapid 100units/ml solution for injection 10ml vials,26469.0,106863.0,1497008.4314899999,,2024-06-01,originator,106863000.0
0601011A0BBABAB,NovoRapid Penfill 100units/ml inj 3ml cartridges,47471.0,374244.0,2108105.85554,,2024-06-01,originator,112273200.0
0601011A0BBADAC,NovoRapid FlexPen 100units/ml inj 3ml pre-filled pens,85204.0,560785.0,3419503.26598,,2024-06-01,originator,168235500.0
0601011A0BBAEAC,NovoRapid FlexTouch 100units/ml inj 3ml pre-filled pens,5091.0,33774.0,215639.44008,,2024-06-01,originator,10132200.0
0601011A0BBAFAD,NovoRapid PumpCart 100units/ml inj 1.6ml cartridges,2407.0,35048.0,105165.17513,,2024-06-01,originator,5607680.0
0601011A0BCAAAC,Fiasp FlexTouch 100units/ml inj 3ml pre-filled pens,6721.0,40354.0,246129.74176,,2024-06-01,ultra-rapid,12106200.0
0601011A0BCABAB,Fiasp Penfill 100units/ml inj 3ml cartridges,19992.0,132920.0,748645.84686,,2024-06-01,ultra-rapid,39876000.0
0601011A0BCACAA,Fiasp 100units/ml solution for injection 10ml vials,5468.0,21542.0,301528.16419,,2024-06-01,ultra-rapid,21542000.0
0601011A0BDAAAB,Trurapi 100units/ml solution for injection 3ml cartridges,1056.0,8007.0,31452.58171,,2024-06-01,biosimilar,2402100.0
0601011A0BDABAC,Trurapi 100units/ml inj 3ml pre-filled Solostar pens,9589.0,55837.0,237928.63938,,2024-06-01,biosimilar,16751100.0
0601011A0BDACAA,Trurapi 100units/ml solution for injection 10ml vial,256.0,953.0,11357.33016,,2024-06-01,biosimilar,953000.0
0601011L0AAABAB,Insulin lispro 100units/ml solution for injection 10ml vials,112.0,474.0,7844.89881,,2024-06-01,generic analogue,474000.0
0601011L0AAACAC,Insulin lispro 100units/ml inj 3ml cartridges,223.0,1975.0,11173.30935,,2024-06-01,generic analogue,592500.0
0601011L0AAAFAF,Insulin lispro 100units/ml inj 3ml pf dispos dev,138.0,956.0,5617.5689999999995,,2024-06-01,generic analogue,286800.0
0601011L0AAAGAG,Insulin lispro 200units/ml inj 3ml pf dispos dev,8.0,66.0,778.0392,,2024-06-01,generic analogue,39600.0
0601011L0BBABAB,Humalog 100units/ml solution for injection 10ml vials,2364.0,9586.0,158499.1728,,2024-06-01,originator,9586000.0
0601011L0BBACAC,Humalog 100units/ml solution for injection 3ml cartridges,9584.0,82255.0,462804.03636,,2024-06-01,originator,24676500.0
0601011L0BBAFAF,Humalog Pen 100units/ml inj 3ml pre-filled pens,1.0,5.0,29.4724,,2024-06-01,originator,1500.0
0601011L0BBAGAF,Humalog KwikPen 100units/ml inj 3ml pre-filled pens,16258.0,112474.0,660288.34532,,2024-06-01,originator,33742200.0
0601011L0BBAHAG,Humalog KwikPen 200units/ml inj 3ml pre-filled pens,3082.0,25747.0,302257.63578,,2024-06-01,originator,15448200.0
0601011L0BBAIAF,Humalog Junior KwikPen 100units/ml inj 3ml pre-filled pens,618.0,3437.0,20183.40997,,2024-06-01,originator,1031100.0
0601011L0BBAJAF,Humalog Tempo Pen 100units/ml inj 3ml pre-filled pens,15.0,110.0,589.30076,,2024-06-01,originator,33000.0
0601011L0BCACAF,Insulin lispro Sanofi 100units/ml inj 3ml pre-filled pens,2.0,10.0,58.9448,,2024-06-01,biosimilar,3000.0
0601011L0BDAAAG,Lyumjev KwikPen 200units/ml inj 3ml pre-filled pens,283.0,2027.0,23845.32234,,2024-06-01,ultra-rapid,1216200.0
0601011L0BDABAB,Lyumjev 100units/ml solution for injection 10ml vials,1036.0,4014.0,66339.98245,,2024-06-01,ultra-rapid,4014000.0
0601011L0BDACAC,Lyumjev 100units/ml solution for injection 3ml cartridges,857.0,6249.0,35196.61343,,2024-06-01,ultra-rapid,1874700.0
0601011L0BDADAF,Lyumjev KwikPen 100units/ml inj 3ml pre-filled pens,4221.0,25823.0,151659.92174,,2024-06-01,ultra-rapid,7746900.0
0601011L0BDAEAF,Lyumjev Junior KwikPen 100units/ml inj 3ml pre-filled pens,475.0,2703.0,15874.49516,,2024-06-01,ultra-rapid,810900.0
0601011L0BDAFAF,Lyumjev Tempo Pen 100units/ml inj 3ml pre-filled pens,1.0,5.0,26.1902,,2024-06-01,ultra-rapid,1500.0
0601011L0BEAAAC,Admelog 100units/ml solution for injection 3ml cartridges,22.0,215.0,896.61878,,2024-06-01,biosimilar,64500.0
0601011L0BEABAB,Admelog 100units/ml solution for injection 10ml vials,76.0,262.0,3634.41132,,2024-06-01,biosimilar,262000.0
0601011L0BEACAF,Admelog 100units/ml inj 3ml pre-filled pens,182.0,1115.0,4884.262559999999,,2024-06-01,biosimilar,334500.0
0601011N0AAALAL,Insulin soluble human 100units/ml inj 10ml vials,1.0,4.0,62.7324,,2024-06-01,human soluble,4000.0
0601011N0BCAEAC,Hypurin Porcine Neutral 100units/ml inj 10ml vials,136.0,464.0,18186.73628,,2024-06-01,human soluble,464000.0
0601011N0BCAHAZ,Hypurin Porcine Neutral 100units/ml inj 3ml cartridges,136.0,1244.0,14571.35498,,2024-06-01,human soluble,373200.0
0601011N0BFAEAL,Actrapid 100units/ml solution for injection 10ml vials,303.0,983.0,7296.53647,,2024-06-01,human soluble,983000.0
0601011N0BHAAAL,Humulin S 100units/ml solution for injection 10ml vials,109.0,306.0,4768.03101,,2024-06-01,human soluble,306000.0
0601011N0BHADAP,Humulin S 100units/ml solution for injection 3ml cartridges,1343.0,11203.0,42554.26979,,2024-06-01,human soluble,3360900.0
0601011P0AAAAAA,Insulin glulisine 100units/ml inj 10ml vials,17.0,43.0,688.2108000000001,,2024-06-01,generic analogue,43000.0
0601011P0AAABAB,Insulin glulisine 100units/ml inj 3ml cartridges,7.0,80.0,452.88680000000005,,2024-06-01,generic analogue,24000.0
0601011P0AAACAC,Insulin glulisine 100units/ml inj 3ml pf dispos dev,59.0,410.0,2321.8316,,2024-06-01,generic analogue,123000.0
0601011P0BBAAAA,Apidra 100units/ml solution for injection 10ml vials,313.0,1241.0,19662.33905,,2024-06-01,originator,1241000.0
0601011P0BBABAB,Apidra 100units/ml solution for injection 3ml cartridges,510.0,3881.0,21712.28137,,2024-06-01,originator,1164300.0
0601011P0BBAEAC,Apidra 100units/ml inj 3ml pre-filled SoloStar pens,6067.0,41974.0,236658.37136,,2024-06-01,originator,12592200.0
0601011R0BEAAAE,Humulin R KwikPen 500units/ml inj 3ml pre-filled pens,16.0,165.0,6531.70214,,2024-06-01,human soluble,247500.0
0601011A0AAAAAA,Insulin aspart 100units/ml solution for injection 10ml vials,117.0,535.0,7512.29022,,2024-07-01,generic analogue,535000.0
0601011A0AAABAB,Insulin aspart 100units/ml inj 3ml cartridges,211.0,2296.0,12996.470370000001,,2024-07-01,generic analogue,688800.0
0601011A0AAACAC,Insulin aspart 100units/ml inj 3ml pf dispos dev,157.0,1068.0,6489.28572,,2024-07-01,generic analogue,320400.0
0601011A0AAADAD,Insulin aspart 100units/ml inj 1.6ml cartridges,4.0,70.0,211.44959999999998,,2024-07-01,generic analogue,11200.0
0601011A0BBAAAA,NovoRapid 100units/ml solution for injection 10ml vials,29819.0,120238.0,1684893.05679,,2024-07-01,originator,120238000.0
0601011A0BBABAB,NovoRapid Penfill 100units/ml inj 3ml cartridges,50834.0,399453.0,2250797.80863,,2024-07-01,originator,119835900.0
0601011A0BBADAC,NovoRapid FlexPen 100units/ml inj 3ml pre-filled pens,90971.0,597482.0,3643304.1095000003,,2024-07-01,originator,179244600.0
0601011A0BBAEAC,NovoRapid FlexTouch 100units/ml inj 3ml pre-filled pens,5523.0,37150.0,237354.35712,,2024-07-01,originator,11145000.0
0601011A0BBAFAD,NovoRapid PumpCart 100units/ml inj 1.6ml cartridges,2742.0,40029.0,120041.58179,,2024-07-01,originator,6404640.0
0601011A0BCAAAC,Fiasp FlexTouch 100units/ml inj 3ml pre-filled pens,5434.0,33266.0,203027.80322,,2024-07-01,ultra-rapid,9979800.0
0601011A0BCABAB,Fiasp Penfill 100units/ml inj 3ml cartridges,25411.0,167035.0,940765.21067,,2024-07-01,ultra-rapid,50110500.0
0601011A0BCACAA,Fiasp 100units/ml solution for injection 10ml vials,6041.0,24009.0,336241.11599,,2024-07-01,ultra-rapid,24009000.0
0601011A0BDAAAB,Trurapi 100units/ml solution for injection 3ml cartridges,1130.0,8359.0,32854.4404,,2024-07-01,biosimilar,2507700.0
0601011A0BDABAC,Trurapi 100units/ml inj 3ml pre-filled Solostar pens,11343.0,65978.0,281309.43908,,2024-07-01,biosimilar,19793400.0
0601011A0BDACAA,Trurapi 100units/ml solution for injection 10ml vial,306.0,1172.0,13933.95178,,2024-07-01,biosimilar,1172000.0
0601011L0AAABAB,Insulin lispro 100units/ml solution for injection 10ml vials,115.0,530.0,8797.32842,,2024-07-01,generic analogue,530000.0
0601011L0AAACAC,Insulin lispro 100units/ml inj 3ml cartridges,249.0,2240.0,12677.79995,,2024-07-01,generic analogue,672000.0
0601011L0AAAFAF,Insulin lispro 100units/ml inj 3ml pf dispos dev,128.0,1012.0,5951.97122,,2024-07-01,generic analogue,303600.0
0601011L0AAAGAG,Insulin lispro 200units/ml inj 3ml pf dispos dev,10.0,82.0,966.8040000000001,,2024-07-01,generic analogue,49200.0
0601011L0BBABAB,Humalog 100units/ml solution for injection 10ml vials,3048.0,12831.0,212363.60066,,2024-07-01,originator,12831000.0
0601011L0BBACAC,Humalog 100units/ml solution for injection 3ml cartridges,10265.0,89029.0,501118.13973,,2024-07-01,originator,26708700.0
0601011L0BBAGAF,Humalog KwikPen 100units/ml inj 3ml pre-filled pens,17568.0,121330.0,712049.6945,,2024-07-01,originator,36399000.0
0601011L0BBAHAG,Humalog KwikPen 200units/ml inj 3ml pre-filled pens,3226.0,26994.0,316607.00496,,2024-07-01,originator,16196400.0
0601011L0BBAIAF,Humalog Junior KwikPen 100units/ml inj 3ml pre-filled pens,677.0,3805.0,22369.7934,,2024-07-01,originator,1141500.0
0601011L0BBAJAF,Humalog Tempo Pen 100units/ml inj 3ml pre-filled pens,12.0,70.0,369.88206,,2024-07-01,originator,21000.0
0601011L0BCACAF,Insulin lispro Sanofi 100units/ml inj 3ml pre-filled pens,1.0,5.0,29.4724,,2024-07-01,biosimilar,1500.0
0601011L0BDAAAG,Lyumjev KwikPen 200units/ml inj 3ml pre-filled pens,339.0,2463.0,28964.79871,,2024-07-01,ultra-rapid,1477800.0
0601011L0BDABAB,Lyumjev 100units/ml solution for injection 10ml vials,1226.0,4789.0,79129.52453,,2024-07-01,ultra-rapid,4789000.0
0601011L0BDACAC,Lyumjev 100units/ml solution for injection 3ml cartridges,950.0,7013.0,39524.23866,,2024-07-01,ultra-rapid,2103900.0
0601011L0BDADAF,Lyumjev KwikPen 100units/ml inj 3ml pre-filled pens,4929.0,29869.0,175360.17639,,2024-07-01,ultra-rapid,8960700.0
0601011L0BDAEAF,Lyumjev Junior KwikPen 100units/ml inj 3ml pre-filled pens,490.0,2758.0,16205.300930000001,,2024-07-01,ultra-rapid,827400.0
0601011L0BDAFAF,Lyumjev Tempo Pen 100units/ml inj 3ml pre-filled pens,8.0,50.0,268.42764999999997,,2024-07-01,ultra-rapid,15000.0
0601011L0BEAAAC,Admelog 100units/ml solution for injection 3ml cartridges,30.0,266.0,1115.691,,2024-07-01,biosimilar,79800.0
0601011L0BEABAB,Admelog 100units/ml solution for injection 10ml vials,154.0,645.0,9011.78873,,2024-07-01,biosimilar,645000.0
0601011L0BEACAF,Admelog 100units/ml inj 3ml pre-filled pens,228.0,1351.0,5927.40061,,2024-07-01,biosimilar,405300.0
0601011N0AAACAC,Insulin soluble porcine 100units/ml inj 10ml vials,2.0,4.0,157.5848,,2024-07-01,human soluble,4000.0
0601011N0BCAEAC,Hypurin Porcine Neutral 100units/ml inj 10ml vials,144.0,433.0,16873.575960000002,,2024-07-01,human soluble,433000.0
0601011N0BCAHAZ,Hypurin Porcine Neutral 100units/ml inj 3ml cartridges,149.0,1283.0,15039.919030000001,,2024-07-01,human soluble,384900.0
0601011N0BFAEAL,Actrapid 100units/ml solution for injection 10ml vials,344.0,1020.0,7580.35559,,2024-07-01,human soluble,1020000.0
0601011N0BHAAAL,Humulin S 100units/ml solution for injection 10ml vials,127.0,399.0,6233.43192,,2024-07-01,human soluble,399000.0
0601011N0BHADAP,Humulin S 100units/ml solution for injection 3ml cartridges,1410.0,11561.0,43942.57582,,2024-07-01,human soluble,3468300.0
0601011N0BKABAP,Insuman Rapid 100units/ml inj 3ml cartridges,1.0,10.0,35.0124,,2024-07-01,human soluble,3000.0
0601011P0AAAAAA,Insulin glulisine 100units/ml inj 10ml vials,14.0,58.0,928.1736,,2024-07-01,generic analogue,58000.0
0601011P0AAABAB,Insulin glulisine 100units/ml inj 3ml cartridges,4.0,20.0,113.2496,,2024-07-01,generic analogue,6000.0
0601011P0AAACAC,Insulin glulisine 100units/ml inj 3ml pf dispos dev,63.0,409.0,2316.2212,,2024-07-01,generic analogue,122700.0
0601011P0BBAAAA,Apidra 100units/ml solution for injection 10ml vials,354.0,1460.0,23175.46046,,2024-07-01,originator,1460000.0
0601011P0BBABAB,Apidra 100units/ml solution for injection 3ml cartridges,567.0,4347.0,24354.46702,,2024-07-01,originator,1304100.0
0601011P0BBAEAC,Apidra 100units/ml inj 3ml pre-filled SoloStar pens,6380.0,43992.0,248043.09872,,2024-07-01,originator,13197600.0
0601011R0AAAEAE,Insulin human 500units/ml inj 3ml pf dispos dev,2.0,8.0,254.8748,,2024-07-01,human soluble,12000.0
0601011R0BEAAAE,Humulin R KwikPen 500units/ml inj 3ml pre-filled pens,23.0,159.0,8127.6852,,2024-07-01,human soluble,238500.0
0601011A0AAAAAA,Insulin aspart 100units/ml solution for injection 10ml vials,108.0,494.0,6933.35004,,2024-08-01,generic analogue,494000.0
0601011A0AAABAB,Insulin aspart 100units/ml inj 3ml cartridges,205.0,2179.0,12327.922129999999,,2024-08-01,generic analogue,653700.0
0601011A0AAACAC,Insulin aspart 100units/ml inj 3ml pf dispos dev,147.0,998.0,6066.89177,,2024-08-01,generic analogue,299400.0
0601011A0AAADAD,Insulin aspart 100units/ml inj 1.6ml cartridges,2.0,30.0,90.6248,,2024-08-01,generic analogue,4800.0
0601011A0BBAAAA,NovoRapid 100units/ml solution for injection 10ml vials,27755.0,112005.0,1569032.09327,,2024-08-01,originator,112005000.0
0601011A0BBABAB,NovoRapid Penfill 100units/ml inj 3ml cartridges,47990.0,378448.0,2131599.70988,,2024-08-01,originator,113534400.0
0601011A0BBADAC,NovoRapid FlexPen 100units/ml inj 3ml pre-filled pens,86693.0,568945.0,3468964.06562,,2024-08-01,originator,170683500.0
0601011A0BBAEAC,NovoRapid FlexTouch 100units/ml inj 3ml pre-filled pens,5317.0,35245.0,225169.74658,,2024-08-01,originator,10573500.0
0601011A0BBAFAD,NovoRapid PumpCart 100units/ml inj 1.6ml cartridges,2661.0,38858.0,116610.09233,,2024-08-01,originator,6217280.0
0601011A0BCAAAC,Fiasp FlexTouch 100units/ml inj 3ml pre-filled pens,3995.0,24449.0,149247.08583,,2024-08-01,ultra-rapid,7334700.0
0601011A0BCABAB,Fiasp Penfill 100units/ml inj 3ml cartridges,25520.0,167829.0,945438.13845,,2024-08-01,ultra-rapid,50348700.0
0601011A0BCACAA,Fiasp 100units/ml solution for injection 10ml vials,5835.0,22922.0,320943.23065,,2024-08-01,ultra-rapid,22922000.0
0601011A0BDAAAB,Trurapi 100units/ml solution for injection 3ml cartridges,1112.0,8435.0,33146.27512,,2024-08-01,biosimilar,2530500.0
0601011A0BDABAC,Trurapi 100units/ml inj 3ml pre-filled Solostar pens,11594.0,67327.0,287078.85102,,2024-08-01,biosimilar,20198100.0
0601011A0BDACAA,Trurapi 100units/ml solution for injection 10ml vial,293.0,1090.0,12985.6245,,2024-08-01,biosimilar,1090000.0
0601011L0AAABAB,Insulin lispro 100units/ml solution for injection 10ml vials,110.0,433.0,7171.30513,,2024-08-01,generic analogue,433000.0
0601011L0AAACAC,Insulin lispro 100units/ml inj 3ml cartridges,217.0,1974.0,11157.566280000001,,2024-08-01,generic analogue,592200.0
0601011L0AAAFAF,Insulin lispro 100units/ml inj 3ml pf dispos dev,120.0,853.0,5003.77859,,2024-08-01,generic analogue,255900.0
0601011L0AAAGAG,Insulin lispro 200units/ml inj 3ml pf dispos dev,11.0,79.0,918.24531,,2024-08-01,generic analogue,47400.0
0601011L0BBABAB,Humalog 100units/ml solution for injection 10ml vials,2880.0,11860.0,195996.46674,,2024-08-01,originator,11860000.0
0601011L0BBACAC,Humalog 100units/ml solution for injection 3ml cartridges,9512.0,82172.0,462316.25547,,2024-08-01,originator,24651600.0
0601011L0BBAFAF,Humalog Pen 100units/ml inj 3ml pre-filled pens,2.0,10.0,59.074799999999996,,2024-08-01,originator,3000.0
0601011L0BBAGAF,Humalog KwikPen 100units/ml inj 3ml pre-filled pens,16641.0,114494.0,671924.0029,,2024-08-01,originator,34348200.0
0601011L0BBAHAG,Humalog KwikPen 200units/ml inj 3ml pre-filled pens,3101.0,26026.0,305285.87507,,2024-08-01,originator,15615600.0
0601011L0BBAIAF,Humalog Junior KwikPen 100units/ml inj 3ml pre-filled pens,639.0,3468.0,20339.23424,,2024-08-01,originator,1040400.0
0601011L0BBAJAF,Humalog Tempo Pen 100units/ml inj 3ml pre-filled pens,8.0,45.0,242.24631,,2024-08-01,originator,13500.0
0601011L0BCABAC,Insulin lispro Sanofi 100units/ml inj 3ml cartridges,1.0,10.0,56.6324,,2024-08-01,biosimilar,3000.0
0601011L0BCACAF,Insulin lispro Sanofi 100units/ml inj 3ml pre-filled pens,3.0,20.0,147.03719999999998,,2024-08-01,biosimilar,6000.0
0601011L0BDAAAG,Lyumjev KwikPen 200units/ml inj 3ml pre-filled pens,351.0,2494.0,29278.4118,,2024-08-01,ultra-rapid,1496400.0
0601011L0BDABAB,Lyumjev 100units/ml solution for injection 10ml vials,1100.0,4210.0,69582.9518,,2024-08-01,ultra-rapid,4210000.0
0601011L0BDACAC,Lyumjev 100units/ml solution for injection 3ml cartridges,917.0,6524.0,36768.47268,,2024-08-01,ultra-rapid,1957200.0
0601011L0BDADAF,Lyumjev KwikPen 100units/ml inj 3ml pre-filled pens,4748.0,29101.0,170870.93698,,2024-08-01,ultra-rapid,8730300.0
0601011L0BDAEAF,Lyumjev Junior KwikPen 100units/ml inj 3ml pre-filled pens,515.0,2896.0,17001.82074,,2024-08-01,ultra-rapid,868800.0
0601011L0BEAAAC,Admelog 100units/ml solution for injection 3ml cartridges,31.0,301.0,1261.95645,,2024-08-01,biosimilar,90300.0
0601011L0BEABAB,Admelog 100units/ml solution for injection 10ml vials,84.0,265.0,3708.20665,,2024-08-01,biosimilar,265000.0
0601011L0BEACAF,Admelog 100units/ml inj 3ml pre-filled pens,216.0,1347.0,5886.65126,,2024-08-01,biosimilar,404100.0
0601011N0AAACAC,Insulin soluble porcine 100units/ml inj 10ml vials,2.0,8.0,315.1448,,2024-08-01,human soluble,8000.0
0601011N0BCAEAC,Hypurin Porcine Neutral 100units/ml inj 10ml vials,144.0,529.0,20720.77494,,2024-08-01,human soluble,529000.0
0601011N0BCAHAZ,Hypurin Porcine Neutral 100units/ml inj 3ml cartridges,140.0,1223.0,14379.63429,,2024-08-01,human soluble,366900.0
0601011N0BFAEAL,Actrapid 100units/ml solution for injection 10ml vials,321.0,938.0,6954.22537,,2024-08-01,human soluble,938000.0
0601011N0BHAAAL,Humulin S 100units/ml solution for injection 10ml vials,117.0,338.0,5273.34694,,2024-08-01,human soluble,338000.0
0601011N0BHADAP,Humulin S 100units/ml solution for injection 3ml cartridges,1373.0,11404.0,43331.61212,,2024-08-01,human soluble,3421200.0
0601011N0BKABAP,Insuman Rapid 100units/ml inj 3ml cartridges,1.0,2.0,7.1124,,2024-08-01,human soluble,600.0
0601011P0AAAAAA,Insulin glulisine 100units/ml inj 10ml vials,18.0,57.0,912.2232,,2024-08-01,generic analogue,57000.0
0601011P0AAABAB,Insulin glulisine 100units/ml inj 3ml cartridges,7.0,75.0,424.58680000000004,,2024-08-01,generic analogue,22500.0
0601011P0AAACAC,Insulin glulisine 100units/ml inj 3ml pf dispos dev,54.0,338.0,1910.89205,,2024-08-01,generic analogue,101400.0
0601011P0BBAAAA,Apidra 100units/ml solution for injection 10ml vials,316.0,1242.0,19667.41255,,2024-08-01,originator,1242000.0
0601011P0BBABAB,Apidra 100units/ml solution for injection 3ml cartridges,517.0,3817.0,21376.90715,,2024-08-01,originator,1145100.0
0601011P0BBAEAC,Apidra 100units/ml inj 3ml pre-filled SoloStar pens,6161.0,42335.0,238572.31227,,2024-08-01,originator,12700500.0
0601011R0AAAEAE,Insulin human 500units/ml inj 3ml pf dispos dev,1.0,2.0,755.8924,,2024-08-01,human soluble,3000.0
0601011R0BEAAAE,Humulin R KwikPen 500units/ml inj 3ml pre-filled pens,13.0,73.0,4325.19661,,2024-08-01,human soluble,109500.0
0601011A0AAAAAA,Insulin aspart 100units/ml solution for injection 10ml vials,96.0,463.0,6507.68486,,2024-09-01,generic analogue,463000.0
0601011A0AAABAB,Insulin aspart 100units/ml inj 3ml cartridges,208.0,1949.0,11031.80931,,2024-09-01,generic analogue,584700.0
0601011A0AAACAC,Insulin aspart 100units/ml inj 3ml pf dispos dev,117.0,774.0,4698.01792,,2024-09-01,generic analogue,232200.0
0601011A0AAADAD,Insulin aspart 100units/ml inj 1.6ml cartridges,4.0,75.0,226.5496,,2024-09-01,generic analogue,12000.0
0601011A0BBAAAA,NovoRapid 100units/ml solution for injection 10ml vials,27054.0,109183.0,1529522.18647,,2024-09-01,originator,109183000.0
0601011A0BBABAB,NovoRapid Penfill 100units/ml inj 3ml cartridges,45735.0,358517.0,2019060.99711,,2024-09-01,originator,107555100.0
0601011A0BBADAC,NovoRapid FlexPen 100units/ml inj 3ml pre-filled pens,83436.0,548339.0,3343285.22401,,2024-09-01,originator,164501700.0
0601011A0BBAEAC,NovoRapid FlexTouch 100units/ml inj 3ml pre-filled pens,4990.0,33813.0,215824.97031,,2024-09-01,originator,10143900.0
0601011A0BBAFAD,NovoRapid PumpCart 100units/ml inj 1.6ml cartridges,2712.0,39822.0,119492.18495,,2024-09-01,originator,6371520.0
0601011A0BCAAAC,Fiasp FlexTouch 100units/ml inj 3ml pre-filled pens,3335.0,20813.0,127088.59975,,2024-09-01,ultra-rapid,6243900.0
0601011A0BCABAB,Fiasp Penfill 100units/ml inj 3ml cartridges,25395.0,169186.0,952862.02628,,2024-09-01,ultra-rapid,50755800.0
0601011A0BCACAA,Fiasp 100units/ml solution for injection 10ml vials,5204.0,20312.0,284407.54488,,2024-09-01,ultra-rapid,20312000.0
0601011A0BDAAAB,Trurapi 100units/ml solution for injection 3ml cartridges,1119.0,8394.0,33012.07673,,2024-09-01,biosimilar,2518200.0
0601011A0BDABAC,Trurapi 100units/ml inj 3ml pre-filled Solostar pens,11831.0,69153.0,294863.35156,,2024-09-01,biosimilar,20745900.0
0601011A0BDACAA,Trurapi 100units/ml solution for injection 10ml vial,357.0,1347.0,16054.735349999999,,2024-09-01,biosimilar,1347000.0
0601011L0AAABAB,Insulin lispro 100units/ml solution for injection 10ml vials,102.0,431.0,7160.1748,,2024-09-01,generic analogue,431000.0
0601011L0AAACAC,Insulin lispro 100units/ml inj 3ml cartridges,192.0,1729.0,9779.84248,,2024-09-01,generic analogue,518700.0
0601011L0AAAFAF,Insulin lispro 100units/ml inj 3ml pf dispos dev,127.0,1024.0,6010.21095,,2024-09-01,generic analogue,307200.0
0601011L0AAAGAG,Insulin lispro 200units/ml inj 3ml pf dispos dev,11.0,78.0,906.2758200000001,,2024-09-01,generic analogue,46800.0
0601011L0BBABAB,Humalog 100units/ml solution for injection 10ml vials,2612.0,10905.0,180065.60996,,2024-09-01,originator,10905000.0
0601011L0BBACAC,Humalog 100units/ml solution for injection 3ml cartridges,8973.0,77603.0,436569.61538000003,,2024-09-01,originator,23280900.0
0601011L0BBAGAF,Humalog KwikPen 100units/ml inj 3ml pre-filled pens,15962.0,110812.0,650315.24972,,2024-09-01,originator,33243600.0
0601011L0BBAHAG,Humalog KwikPen 200units/ml inj 3ml pre-filled pens,3036.0,25626.0,300541.65787,,2024-09-01,originator,15375600.0
0601011L0BBAIAF,Humalog Junior KwikPen 100units/ml inj 3ml pre-filled pens,589.0,3213.0,18866.65988,,2024-09-01,originator,963900.0
0601011L0BBAJAF,Humalog Tempo Pen 100units/ml inj 3ml pre-filled pens,6.0,40.0,222.619,,2024-09-01,originator,12000.0
0601011L0BCABAC,Insulin lispro Sanofi 100units/ml inj 3ml cartridges,1.0,10.0,56.6324,,2024-09-01,biosimilar,3000.0
0601011L0BCACAF,Insulin lispro Sanofi 100units/ml inj 3ml pre-filled pens,1.0,5.0,28.3224,,2024-09-01,biosimilar,1500.0
0601011L0BDAAAG,Lyumjev KwikPen 200units/ml inj 3ml pre-filled pens,325.0,2344.0,27529.83261,,2024-09-01,ultra-rapid,1406400.0
0601011L0BDABAB,Lyumjev 100units/ml solution for injection 10ml vials,1189.0,4548.0,75189.26284,,2024-09-01,ultra-rapid,4548000.0
0601011L0BDACAC,Lyumjev 100units/ml solution for injection 3ml cartridges,925.0,6682.0,37640.2421,,2024-09-01,ultra-rapid,2004600.0
0601011L0BDADAF,Lyumjev KwikPen 100units/ml inj 3ml pre-filled pens,4578.0,27752.0,162969.86971,,2024-09-01,ultra-rapid,8325600.0
0601011L0BDAEAF,Lyumjev Junior KwikPen 100units/ml inj 3ml pre-filled pens,483.0,2648.0,15548.34772,,2024-09-01,ultra-rapid,794400.0
0601011L0BDAFAF,Lyumjev Tempo Pen 100units/ml inj 3ml pre-filled pens,4.0,25.0,130.94276,,2024-09-01,ultra-rapid,7500.0
0601011L0BEAAAC,Admelog 100units/ml solution for injection 3ml cartridges,33.0,310.0,1295.3770299999999,,2024-09-01,biosimilar,93000.0
0601011L0BEABAB,Admelog 100units/ml solution for injection 10ml vials,77.0,276.0,3852.50405,,2024-09-01,biosimilar,276000.0
0601011L0BEACAF,Admelog 100units/ml inj 3ml pre-filled pens,215.0,1357.0,5956.24225,,2024-09-01,biosimilar,407100.0
0601011N0AAACAC,Insulin soluble porcine 100units/ml inj 10ml vials,1.0,2.0,78.7924,,2024-09-01,human soluble,2000.0
0601011N0AAALAL,Insulin soluble human 100units/ml inj 10ml vials,1.0,4.0,62.7324,,2024-09-01,human soluble,4000.0
0601011N0BCAEAC,Hypurin Porcine Neutral 100units/ml inj 10ml vials,143.0,467.0,18269.94141,,2024-09-01,human soluble,467000.0
0601011N0BCAHAZ,Hypurin Porcine Neutral 100units/ml inj 3ml cartridges,130.0,1172.0,13756.8177,,2024-09-01,human soluble,351600.0
0601011N0BFAEAL,Actrapid 100units/ml solution for injection 10ml vials,285.0,912.0,6758.52105,,2024-09-01,human soluble,912000.0
0601011N0BHAAAL,Humulin S 100units/ml solution for injection 10ml vials,99.0,281.0,4388.0922,,2024-09-01,human soluble,281000.0
0601011N0BHADAP,Humulin S 100units/ml solution for injection 3ml cartridges,1314.0,10524.0,39986.67835,,2024-09-01,human soluble,3157200.0
0601011P0AAAAAA,Insulin glulisine 100units/ml inj 10ml vials,14.0,43.0,688.1736,,2024-09-01,generic analogue,43000.0
0601011P0AAABAB,Insulin glulisine 100units/ml inj 3ml cartridges,10.0,95.0,537.8240000000001,,2024-09-01,generic analogue,28500.0
0601011P0AAACAC,Insulin glulisine 100units/ml inj 3ml pf dispos dev,46.0,313.0,1769.29537,,2024-09-01,generic analogue,93900.0
0601011P0BBAAAA,Apidra 100units/ml solution for injection 10ml vials,294.0,1193.0,18943.80308,,2024-09-01,originator,1193000.0
0601011P0BBABAB,Apidra 100units/ml solution for injection 3ml cartridges,505.0,3899.0,21823.93433,,2024-09-01,originator,1169700.0
0601011P0BBAEAC,Apidra 100units/ml inj 3ml pre-filled SoloStar pens,5795.0,40009.0,225626.15348,,2024-09-01,originator,12002700.0
0601011R0AAAEAE,Insulin human 500units/ml inj 3ml pf dispos dev,2.0,10.0,1766.6348,,2024-09-01,human soluble,15000.0
0601011R0BEAAAE,Humulin R KwikPen 500units/ml inj 3ml pre-filled pens,12.0,110.0,4718.4488,,2024-09-01,human soluble,165000.0
0601011A0AAAAAA,Insulin aspart 100units/ml solution for injection 10ml vials,112.0,514.0,7230.62892,,2024-10-01,generic analogue,514000.0
0601011A0AAABAB,Insulin aspart 100units/ml inj 3ml cartridges,191.0,1893.0,10714.68606,,2024-10-01,generic analogue,567900.0
0601011A0AAACAC,Insulin aspart 100units/ml inj 3ml pf dispos dev,152.0,999.0,6071.335059999999,,2024-10-01,generic analogue,299700.0
0601011A0AAADAD,Insulin aspart 100units/ml inj 1.6ml cartridges,2.0,35.0,105.72479999999999,,2024-10-01,generic analogue,5600.0
0601011A0BBAAAA,NovoRapid 100units/ml solution for injection 10ml vials,29913.0,120376.0,1686695.48065,,2024-10-01,originator,120376000.0
0601011A0BBABAB,NovoRapid Penfill 100units/ml inj 3ml cartridges,48013.0,377182.0,2125008.78459,,2024-10-01,originator,113154600.0
0601011A0BBADAC,NovoRapid FlexPen 100units/ml inj 3ml pre-filled pens,88066.0,576811.0,3517414.23864,,2024-10-01,originator,173043300.0
0601011A0BBAEAC,NovoRapid FlexTouch 100units/ml inj 3ml pre-filled pens,5176.0,34863.0,222867.86361,,2024-10-01,originator,10458900.0
0601011A0BBAFAD,NovoRapid PumpCart 100units/ml inj 1.6ml cartridges,3066.0,44772.0,134044.2432,,2024-10-01,originator,7163520.0
0601011A0BCAAAC,Fiasp FlexTouch 100units/ml inj 3ml pre-filled pens,3202.0,19702.0,120246.59015999999,,2024-10-01,ultra-rapid,5910600.0
0601011A0BCABAB,Fiasp Penfill 100units/ml inj 3ml cartridges,26585.0,176272.0,992742.96584,,2024-10-01,ultra-rapid,52881600.0
0601011A0BCACAA,Fiasp 100units/ml solution for injection 10ml vials,6386.0,25217.0,352927.54188,,2024-10-01,ultra-rapid,25217000.0
0601011A0BDAAAB,Trurapi 100units/ml solution for injection 3ml cartridges,1200.0,8719.0,34282.38829,,2024-10-01,biosimilar,2615700.0
0601011A0BDABAC,Trurapi 100units/ml inj 3ml pre-filled Solostar pens,13302.0,76884.0,327860.1321,,2024-10-01,biosimilar,23065200.0
0601011A0BDACAA,Trurapi 100units/ml solution for injection 10ml vial,394.0,1454.0,17263.37658,,2024-10-01,biosimilar,1454000.0
0601011L0AAABAB,Insulin lispro 100units/ml solution for injection 10ml vials,99.0,399.0,6611.91303,,2024-10-01,generic analogue,399000.0
0601011L0AAACAC,Insulin lispro 100units/ml inj 3ml cartridges,198.0,1774.0,10022.02544,,2024-10-01,generic analogue,532200.0
0601011L0AAAFAF,Insulin lispro 100units/ml inj 3ml pf dispos dev,122.0,850.0,4993.24436,,2024-10-01,generic analogue,255000.0
0601011L0AAAGAG,Insulin lispro 200units/ml inj 3ml pf dispos dev,9.0,81.0,948.2250300000001,,2024-10-01,generic analogue,48600.0
0601011L0BBABAB,Humalog 100units/ml solution for injection 10ml vials,2730.0,11312.0,186988.5276,,2024-10-01,originator,11312000.0
0601011L0BBACAC,Humalog 100units/ml solution for injection 3ml cartridges,9296.0,79453.0,447096.11847,,2024-10-01,originator,23835900.0
0601011L0BBAGAF,Humalog KwikPen 100units/ml inj 3ml pre-filled pens,16796.0,115946.0,680664.5554899999,,2024-10-01,originator,34783800.0
0601011L0BBAHAG,Humalog KwikPen 200units/ml inj 3ml pre-filled pens,3143.0,25699.0,301634.60190999997,,2024-10-01,originator,15419400.0
0601011L0BBAIAF,Humalog Junior KwikPen 100units/ml inj 3ml pre-filled pens,597.0,3286.0,19308.05236,,2024-10-01,originator,985800.0
0601011L0BBAJAF,Humalog Tempo Pen 100units/ml inj 3ml pre-filled pens,17.0,120.0,641.32315,,2024-10-01,originator,36000.0
0601011L0BCAAAB,Insulin lispro Sanofi 100units/ml inj 10ml vials,3.0,3.0,5.0172,,2024-10-01,biosimilar,3000.0
0601011L0BCABAC,Insulin lispro Sanofi 100units/ml inj 3ml cartridges,1.0,10.0,56.2124,,2024-10-01,biosimilar,3000.0
0601011L0BCACAF,Insulin lispro Sanofi 100units/ml inj 3ml pre-filled pens,1.0,15.0,88.3924,,2024-10-01,biosimilar,4500.0
0601011L0BDAAAG,Lyumjev KwikPen 200units/ml inj 3ml pre-filled pens,342.0,2575.0,30198.2661,,2024-10-01,ultra-rapid,1545000.0
0601011L0BDABAB,Lyumjev 100units/ml solution for injection 10ml vials,1245.0,4719.0,77963.57261,,2024-10-01,ultra-rapid,4719000.0
0601011L0BDACAC,Lyumjev 100units/ml solution for injection 3ml cartridges,987.0,7250.0,40838.19653,,2024-10-01,ultra-rapid,2175000.0
0601011L0BDADAF,Lyumjev KwikPen 100units/ml inj 3ml pre-filled pens,5330.0,32401.0,190186.03013,,2024-10-01,ultra-rapid,9720300.0
0601011L0BDAEAF,Lyumjev Junior KwikPen 100units/ml inj 3ml pre-filled pens,520.0,2897.0,16971.58698,,2024-10-01,ultra-rapid,869100.0
0601011L0BDAFAF,Lyumjev Tempo Pen 100units/ml inj 3ml pre-filled pens,3.0,15.0,81.81824,,2024-10-01,ultra-rapid,4500.0
0601011L0BEAAAC,Admelog 100units/ml solution for injection 3ml cartridges,36.0,341.0,1431.79281,,2024-10-01,biosimilar,102300.0
0601011L0BEABAB,Admelog 100units/ml solution for injection 10ml vials,94.0,345.0,4810.99788,,2024-10-01,biosimilar,345000.0
0601011L0BEACAF,Admelog 100units/ml inj 3ml pre-filled pens,222.0,1347.0,5915.487,,2024-10-01,biosimilar,404100.0
0601011N0AAACAC,Insulin soluble porcine 100units/ml inj 10ml vials,1.0,2.0,78.7924,,2024-10-01,human soluble,2000.0
0601011N0AAALAL,Insulin soluble human 100units/ml inj 10ml vials,1.0,4.0,62.7324,,2024-10-01,human soluble,4000.0
0601011N0BCAEAC,Hypurin Porcine Neutral 100units/ml inj 10ml vials,146.0,490.0,19214.92253,,2024-10-01,human soluble,490000.0
0601011N0BCAHAZ,Hypurin Porcine Neutral 100units/ml inj 3ml cartridges,139.0,1227.0,14364.859339999999,,2024-10-01,human soluble,368100.0
0601011N0BFAEAL,Actrapid 100units/ml solution for injection 10ml vials,323.0,1030.0,7657.22162,,2024-10-01,human soluble,1030000.0
0601011N0BHAAAL,Humulin S 100units/ml solution for injection 10ml vials,112.0,331.0,5175.66093,,2024-10-01,human soluble,331000.0
0601011N0BHADAP,Humulin S 100units/ml solution for injection 3ml cartridges,1362.0,11087.0,42104.58019,,2024-10-01,human soluble,3326100.0
0601011P0AAAAAA,Insulin glulisine 100units/ml inj 10ml vials,9.0,50.0,800.1116000000001,,2024-10-01,generic analogue,50000.0
0601011P0AAABAB,Insulin glulisine 100units/ml inj 3ml cartridges,8.0,95.0,534.62915,,2024-10-01,generic analogue,28500.0
0601011P0AAACAC,Insulin glulisine 100units/ml inj 3ml pf dispos dev,48.0,341.0,1930.8552,,2024-10-01,generic analogue,102300.0
0601011P0BBAAAA,Apidra 100units/ml solution for injection 10ml vials,341.0,1399.0,22128.85931,,2024-10-01,originator,1399000.0
0601011P0BBABAB,Apidra 100units/ml solution for injection 3ml cartridges,537.0,3917.0,21988.32363,,2024-10-01,originator,1175100.0
0601011P0BBAEAC,Apidra 100units/ml inj 3ml pre-filled SoloStar pens,6324.0,43403.0,244755.64347,,2024-10-01,originator,13020900.0
0601011R0AAAEAE,Insulin human 500units/ml inj 3ml pf dispos dev,4.0,28.0,4573.9996,,2024-10-01,human soluble,42000.0
0601011R0BEAAAE,Humulin R KwikPen 500units/ml inj 3ml pre-filled pens,23.0,279.0,8598.653750000001,,2024-10-01,human soluble,418500.0
0601011A0AAAAAA,Insulin aspart 100units/ml solution for injection 10ml vials,107.0,543.0,7634.2216,,2024-11-01,generic analogue,543000.0
0601011A0AAABAB,Insulin aspart 100units/ml inj 3ml cartridges,202.0,1880.0,10644.19251,,2024-11-01,generic analogue,564000.0
0601011A0AAACAC,Insulin aspart 100units/ml inj 3ml pf dispos dev,118.0,779.0,4731.48674,,2024-11-01,generic analogue,233700.0
0601011A0AAADAD,Insulin aspart 100units/ml inj 1.6ml cartridges,2.0,25.0,75.5248,,2024-11-01,generic analogue,4000.0
0601011A0BBAAAA,NovoRapid 100units/ml solution for injection 10ml vials,28744.0,115355.0,1616335.3923,,2024-11-01,originator,115355000.0
0601011A0BBABAB,NovoRapid Penfill 100units/ml inj 3ml cartridges,46049.0,362810.0,2044341.66187,,2024-11-01,originator,108843000.0
0601011A0BBADAC,NovoRapid FlexPen 100units/ml inj 3ml pre-filled pens,83919.0,549921.0,3353267.54509,,2024-11-01,originator,164976300.0
0601011A0BBAEAC,NovoRapid FlexTouch 100units/ml inj 3ml pre-filled pens,4668.0,31411.0,200693.76944,,2024-11-01,originator,9423300.0
0601011A0BBAFAD,NovoRapid PumpCart 100units/ml inj 1.6ml cartridges,3112.0,45630.0,136928.59546,,2024-11-01,originator,7300800.0
0601011A0BCAAAC,Fiasp FlexTouch 100units/ml inj 3ml pre-filled pens,2997.0,18326.0,111839.21664,,2024-11-01,ultra-rapid,5497800.0
0601011A0BCABAB,Fiasp Penfill 100units/ml inj 3ml cartridges,25872.0,172164.0,969770.69444,,2024-11-01,ultra-rapid,51649200.0
0601011A0BCACAA,Fiasp 100units/ml solution for injection 10ml vials,6022.0,23802.0,333389.15381,,2024-11-01,ultra-rapid,23802000.0
0601011A0BDAAAB,Trurapi 100units/ml solution for injection 3ml cartridges,1228.0,9033.0,35537.33002,,2024-11-01,biosimilar,2709900.0
0601011A0BDABAC,Trurapi 100units/ml inj 3ml pre-filled Solostar pens,13235.0,76898.0,327972.69641,,2024-11-01,biosimilar,23069400.0
0601011A0BDACAA,Trurapi 100units/ml solution for injection 10ml vial,422.0,1608.0,19150.21853,,2024-11-01,biosimilar,1608000.0
0601011L0AAABAB,Insulin lispro 100units/ml solution for injection 10ml vials,100.0,396.0,6569.54711,,2024-11-01,generic analogue,396000.0
0601011L0AAACAC,Insulin lispro 100units/ml inj 3ml cartridges,196.0,1859.0,10516.15364,,2024-11-01,generic analogue,557700.0
0601011L0AAAFAF,Insulin lispro 100units/ml inj 3ml pf dispos dev,112.0,824.0,4843.24832,,2024-11-01,generic analogue,247200.0
0601011L0AAAGAG,Insulin lispro 200units/ml inj 3ml pf dispos dev,9.0,61.0,712.5635100000001,,2024-11-01,generic analogue,36600.0
0601011L0BBABAB,Humalog 100units/ml solution for injection 10ml vials,2634.0,10818.0,178582.87582000002,,2024-11-01,originator,10818000.0
0601011L0BBACAC,Humalog 100units/ml solution for injection 3ml cartridges,9133.0,79067.0,444944.58276,,2024-11-01,originator,23720100.0
0601011L0BBAGAF,Humalog KwikPen 100units/ml inj 3ml pre-filled pens,16171.0,111500.0,654448.28587,,2024-11-01,originator,33450000.0
0601011L0BBAHAG,Humalog KwikPen 200units/ml inj 3ml pre-filled pens,3019.0,25236.0,296181.99568,,2024-11-01,originator,15141600.0
0601011L0BBAIAF,Humalog Junior KwikPen 100units/ml inj 3ml pre-filled pens,574.0,3164.0,18564.17125,,2024-11-01,originator,949200.0
0601011L0BBAJAF,Humalog Tempo Pen 100units/ml inj 3ml pre-filled pens,1.0,10.0,58.9324,,2024-11-01,originator,3000.0
0601011L0BCACAF,Insulin lispro Sanofi 100units/ml inj 3ml pre-filled pens,2.0,10.0,44.2248,,2024-11-01,biosimilar,3000.0
0601011L0BDAAAG,Lyumjev KwikPen 200units/ml inj 3ml pre-filled pens,316.0,2379.0,27848.70679,,2024-11-01,ultra-rapid,1427400.0
0601011L0BDABAB,Lyumjev 100units/ml solution for injection 10ml vials,1294.0,5003.0,82817.79865,,2024-11-01,ultra-rapid,5003000.0
0601011L0BDACAC,Lyumjev 100units/ml solution for injection 3ml cartridges,959.0,7058.0,39728.40427,,2024-11-01,ultra-rapid,2117400.0
0601011L0BDADAF,Lyumjev KwikPen 100units/ml inj 3ml pre-filled pens,5053.0,30969.0,181861.88434,,2024-11-01,ultra-rapid,9290700.0
0601011L0BDAEAF,Lyumjev Junior KwikPen 100units/ml inj 3ml pre-filled pens,506.0,2792.0,16413.05343,,2024-11-01,ultra-rapid,837600.0
0601011L0BEAAAC,Admelog 100units/ml solution for injection 3ml cartridges,39.0,390.0,1642.20117,,2024-11-01,biosimilar,117000.0
0601011L0BEABAB,Admelog 100units/ml solution for injection 10ml vials,72.0,263.0,3693.96715,,2024-11-01,biosimilar,263000.0
0601011L0BEACAF,Admelog 100units/ml inj 3ml pre-filled pens,210.0,1288.0,5664.920160000001,,2024-11-01,biosimilar,386400.0
0601011N0AAACAC,Insulin soluble porcine 100units/ml inj 10ml vials,1.0,2.0,78.7924,,2024-11-01,human soluble,2000.0
0601011N0BCAEAC,Hypurin Porcine Neutral 100units/ml inj 10ml vials,137.0,413.0,16146.94171,,2024-11-01,human soluble,413000.0
0601011N0BCAHAZ,Hypurin Porcine Neutral 100units/ml inj 3ml cartridges,140.0,1259.0,14760.2672,,2024-11-01,human soluble,377700.0
0601011N0BFAEAL,Actrapid 100units/ml solution for injection 10ml vials,291.0,837.0,6213.34039,,2024-11-01,human soluble,837000.0
0601011N0BHAAAL,Humulin S 100units/ml solution for injection 10ml vials,99.0,298.0,4655.7916399999995,,2024-11-01,human soluble,298000.0
0601011N0BHADAP,Humulin S 100units/ml solution for injection 3ml cartridges,1294.0,10538.0,40071.91076,,2024-11-01,human soluble,3161400.0
0601011P0AAAAAA,Insulin glulisine 100units/ml inj 10ml vials,10.0,41.0,656.124,,2024-11-01,generic analogue,41000.0
0601011P0AAABAB,Insulin glulisine 100units/ml inj 3ml cartridges,7.0,50.0,283.0868,,2024-11-01,generic analogue,15000.0
0601011P0AAACAC,Insulin glulisine 100units/ml inj 3ml pf dispos dev,43.0,288.0,1630.7132,,2024-11-01,generic analogue,86400.0
0601011P0BBAAAA,Apidra 100units/ml solution for injection 10ml vials,289.0,1110.0,17592.29742,,2024-11-01,originator,1110000.0
0601011P0BBABAB,Apidra 100units/ml solution for injection 3ml cartridges,545.0,4028.0,22648.510580000002,,2024-11-01,originator,1208400.0
0601011P0BBAEAC,Apidra 100units/ml inj 3ml pre-filled SoloStar pens,5991.0,40849.0,230339.89754,,2024-11-01,originator,12254700.0
0601011R0BEAAAE,Humulin R KwikPen 500units/ml inj 3ml pre-filled pens,12.0,89.0,3744.6688,,2024-11-01,human soluble,133500.0
0601011A0AAAAAA,Insulin aspart 100units/ml solution for injection 10ml vials,105.0,496.0,6980.27373,,2024-12-01,generic analogue,496000.0
0601011A0AAABAB,Insulin aspart 100units/ml inj 3ml cartridges,188.0,1976.0,11162.141520000001,,2024-12-01,generic analogue,592800.0
0601011A0AAACAC,Insulin aspart 100units/ml inj 3ml pf dispos dev,124.0,867.0,5268.4551,,2024-12-01,generic analogue,260100.0
0601011A0AAADAD,Insulin aspart 100units/ml inj 1.6ml cartridges,2.0,45.0,135.9248,,2024-12-01,generic analogue,7200.0
0601011A0BBAAAA,NovoRapid 100units/ml solution for injection 10ml vials,30628.0,123325.0,1727268.02221,,2024-12-01,originator,123325000.0
0601011A0BBABAB,NovoRapid Penfill 100units/ml inj 3ml cartridges,48949.0,385895.0,2173812.50894,,2024-12-01,originator,115768500.0
0601011A0BBADAC,NovoRapid FlexPen 100units/ml inj 3ml pre-filled pens,87814.0,575648.0,3509377.44554,,2024-12-01,originator,172694400.0
0601011A0BBAEAC,NovoRapid FlexTouch 100units/ml inj 3ml pre-filled pens,4778.0,32181.0,205591.11887,,2024-12-01,originator,9654300.0
0601011A0BBAFAD,NovoRapid PumpCart 100units/ml inj 1.6ml cartridges,3188.0,46923.0,140913.48809,,2024-12-01,originator,7507680.0
0601011A0BCAAAC,Fiasp FlexTouch 100units/ml inj 3ml pre-filled pens,2435.0,15012.0,91619.28491,,2024-12-01,ultra-rapid,4503600.0
0601011A0BCABAB,Fiasp Penfill 100units/ml inj 3ml cartridges,27685.0,185659.0,1045613.58627,,2024-12-01,ultra-rapid,55697700.0
0601011A0BCACAA,Fiasp 100units/ml solution for injection 10ml vials,6430.0,25361.0,355024.67135,,2024-12-01,ultra-rapid,25361000.0
0601011A0BDAAAB,Trurapi 100units/ml solution for injection 3ml cartridges,1326.0,9761.0,38384.7626,,2024-12-01,biosimilar,2928300.0
0601011A0BDABAC,Trurapi 100units/ml inj 3ml pre-filled Solostar pens,14485.0,83852.0,357585.82737,,2024-12-01,biosimilar,25155600.0
0601011A0BDACAA,Trurapi 100units/ml solution for injection 10ml vial,478.0,1877.0,22290.936859999998,,2024-12-01,biosimilar,1877000.0
0601011L0AAABAB,Insulin lispro 100units/ml solution for injection 10ml vials,101.0,446.0,7409.3124,,2024-12-01,generic analogue,446000.0
0601011L0AAACAC,Insulin lispro 100units/ml inj 3ml cartridges,201.0,1925.0,10892.87584,,2024-12-01,generic analogue,577500.0
0601011L0AAAFAF,Insulin lispro 100units/ml inj 3ml pf dispos dev,102.0,803.0,4723.2723,,2024-12-01,generic analogue,240900.0
0601011L0AAAGAG,Insulin lispro 200units/ml inj 3ml pf dispos dev,9.0,58.0,677.119,,2024-12-01,generic analogue,34800.0
0601011L0BBABAB,Humalog 100units/ml solution for injection 10ml vials,2761.0,11447.0,189092.24185,,2024-12-01,originator,11447000.0
0601011L0BBACAC,Humalog 100units/ml solution for injection 3ml cartridges,9587.0,83148.0,467823.84069,,2024-12-01,originator,24944400.0
0601011L0BBAFAF,Humalog Pen 100units/ml inj 3ml pre-filled pens,1.0,5.0,49.5224,,2024-12-01,originator,1500.0
0601011L0BBAGAF,Humalog KwikPen 100units/ml inj 3ml pre-filled pens,16716.0,115348.0,676864.3956,,2024-12-01,originator,34604400.0
0601011L0BBAHAG,Humalog KwikPen 200units/ml inj 3ml pre-filled pens,3118.0,26263.0,308038.0948,,2024-12-01,originator,15757800.0
0601011L0BBAIAF,Humalog Junior KwikPen 100units/ml inj 3ml pre-filled pens,616.0,3340.0,19631.8358,,2024-12-01,originator,1002000.0
0601011L0BCAAAB,Insulin lispro Sanofi 100units/ml inj 10ml vials,1.0,3.0,49.8424,,2024-12-01,biosimilar,3000.0
0601011L0BCABAC,Insulin lispro Sanofi 100units/ml inj 3ml cartridges,1.0,10.0,42.4724,,2024-12-01,biosimilar,3000.0
0601011L0BCACAF,Insulin lispro Sanofi 100units/ml inj 3ml pre-filled pens,4.0,25.0,150.4696,,2024-12-01,biosimilar,7500.0
0601011L0BDAAAG,Lyumjev KwikPen 200units/ml inj 3ml pre-filled pens,356.0,2680.0,31397.143,,2024-12-01,ultra-rapid,1608000.0
0601011L0BDABAB,Lyumjev 100units/ml solution for injection 10ml vials,1368.0,5282.0,87353.21824,,2024-12-01,ultra-rapid,5282000.0
0601011L0BDACAC,Lyumjev 100units/ml solution for injection 3ml cartridges,1064.0,7782.0,43802.11065,,2024-12-01,ultra-rapid,2334600.0
0601011L0BDADAF,Lyumjev KwikPen 100units/ml inj 3ml pre-filled pens,5671.0,34935.0,205017.4094,,2024-12-01,ultra-rapid,10480500.0
0601011L0BDAEAF,Lyumjev Junior KwikPen 100units/ml inj 3ml pre-filled pens,559.0,3151.0,18482.754,,2024-12-01,ultra-rapid,945300.0
0601011L0BEAAAC,Admelog 100units/ml solution for injection 3ml cartridges,32.0,355.0,1500.62152,,2024-12-01,biosimilar,106500.0
0601011L0BEABAB,Admelog 100units/ml solution for injection 10ml vials,88.0,303.0,4240.121,,2024-12-01,biosimilar,303000.0
0601011L0BEACAF,Admelog 100units/ml inj 3ml pre-filled pens,226.0,1428.0,6277.75285,,2024-12-01,biosimilar,428400.0
0601011N0AAACAC,Insulin soluble porcine 100units/ml inj 10ml vials,1.0,2.0,78.7924,,2024-12-01,human soluble,2000.0
0601011N0BCAEAC,Hypurin Porcine Neutral 100units/ml inj 10ml vials,146.0,504.0,19722.87553,,2024-12-01,human soluble,504000.0
0601011N0BCAHAZ,Hypurin Porcine Neutral 100units/ml inj 3ml cartridges,139.0,1271.0,14842.70717,,2024-12-01,human soluble,381300.0
0601011N0BFAEAL,Actrapid 100units/ml solution for injection 10ml vials,298.0,919.0,6803.47156,,2024-12-01,human soluble,919000.0
0601011N0BHAAAL,Humulin S 100units/ml solution for injection 10ml vials,108.0,324.0,5030.99588,,2024-12-01,human soluble,324000.0
0601011N0BHADAP,Humulin S 100units/ml solution for injection 3ml cartridges,1370.0,11072.0,42048.7872,,2024-12-01,human soluble,3321600.0
0601011P0AAAAAA,Insulin glulisine 100units/ml inj 10ml vials,7.0,30.0,480.08680000000004,,2024-12-01,generic analogue,30000.0
0601011P0AAABAB,Insulin glulisine 100units/ml inj 3ml cartridges,10.0,95.0,537.8240000000001,,2024-12-01,generic analogue,28500.0
0601011P0AAACAC,Insulin glulisine 100units/ml inj 3ml pf dispos dev,44.0,283.0,1599.46706,,2024-12-01,generic analogue,84900.0
0601011P0BBAAAA,Apidra 100units/ml solution for injection 10ml vials,333.0,1309.0,20727.06981,,2024-12-01,originator,1309000.0
0601011P0BBABAB,Apidra 100units/ml solution for injection 3ml cartridges,545.0,4011.0,22456.59429,,2024-12-01,originator,1203300.0
0601011P0BBAEAC,Apidra 100units/ml inj 3ml pre-filled SoloStar pens,6229.0,42766.0,241044.25217,,2024-12-01,originator,12829800.0
0601011R0AAAEAE,Insulin human 500units/ml inj 3ml pf dispos dev,2.0,12.0,539.4248,,2024-12-01,human soluble,18000.0
0601011R0BEAAAE,Humulin R KwikPen 500units/ml inj 3ml pre-filled pens,14.0,135.0,5890.6336,,2024-12-01,human soluble,202500.0
0601011A0AAAAAA,Insulin aspart 100units/ml solution for injection 10ml vials,90.0,445.0,6258.86733,,2025-01-01,generic analogue,445000.0
0601011A0AAABAB,Insulin aspart 100units/ml inj 3ml cartridges,185.0,1724.0,9761.00538,,2025-01-01,generic analogue,517200.0
0601011A0AAACAC,Insulin aspart 100units/ml inj 3ml pf dispos dev,132.0,804.0,4885.36014,,2025-01-01,generic analogue,241200.0
0601011A0AAADAD,Insulin aspart 100units/ml inj 1.6ml cartridges,3.0,45.0,135.9372,,2025-01-01,generic analogue,7200.0
0601011A0BBAAAA,NovoRapid 100units/ml solution for injection 10ml vials,30242.0,121462.0,1701785.27264,,2025-01-01,originator,121462000.0
0601011A0BBABAB,NovoRapid Penfill 100units/ml inj 3ml cartridges,48303.0,377192.0,2124940.33183,,2025-01-01,originator,113157600.0
0601011A0BBADAC,NovoRapid FlexPen 100units/ml inj 3ml pre-filled pens,88290.0,575835.0,3511234.4867000002,,2025-01-01,originator,172750500.0
0601011A0BBAEAC,NovoRapid FlexTouch 100units/ml inj 3ml pre-filled pens,3825.0,24773.0,158473.01668,,2025-01-01,originator,7431900.0
0601011A0BBAFAD,NovoRapid PumpCart 100units/ml inj 1.6ml cartridges,3621.0,54047.0,162319.77997,,2025-01-01,originator,8647520.0
0601011A0BCAAAC,Fiasp FlexTouch 100units/ml inj 3ml pre-filled pens,2435.0,14880.0,90841.653,,2025-01-01,ultra-rapid,4464000.0
0601011A0BCABAB,Fiasp Penfill 100units/ml inj 3ml cartridges,28000.0,185857.0,1046845.50988,,2025-01-01,ultra-rapid,55757100.0
0601011A0BCACAA,Fiasp 100units/ml solution for injection 10ml vials,6440.0,25428.0,356114.61767,,2025-01-01,ultra-rapid,25428000.0
0601011A0BDAAAB,Trurapi 100units/ml solution for injection 3ml cartridges,1382.0,9981.0,39252.53486,,2025-01-01,biosimilar,2994300.0
0601011A0BDABAC,Trurapi 100units/ml inj 3ml pre-filled Solostar pens,15422.0,88984.0,379584.07445,,2025-01-01,biosimilar,26695200.0
0601011A0BDACAA,Trurapi 100units/ml solution for injection 10ml vial,513.0,1968.0,23473.30868,,2025-01-01,biosimilar,1968000.0
0601011L0AAABAB,Insulin lispro 100units/ml solution for injection 10ml vials,91.0,393.0,6517.75793,,2025-01-01,generic analogue,393000.0
0601011L0AAACAC,Insulin lispro 100units/ml inj 3ml cartridges,185.0,1632.0,9227.293310000001,,2025-01-01,generic analogue,489600.0
0601011L0AAAFAF,Insulin lispro 100units/ml inj 3ml pf dispos dev,115.0,912.0,5372.52958,,2025-01-01,generic analogue,273600.0
0601011L0AAAGAG,Insulin lispro 200units/ml inj 3ml pf dispos dev,10.0,84.0,983.71356,,2025-01-01,generic analogue,50400.0
0601011L0BBABAB,Humalog 100units/ml solution for injection 10ml vials,2757.0,11543.0,190714.57183,,2025-01-01,originator,11543000.0
0601011L0BBACAC,Humalog 100units/ml solution for injection 3ml cartridges,9232.0,78771.0,443232.65443,,2025-01-01,originator,23631300.0
0601011L0BBAFAF,Humalog Pen 100units/ml inj 3ml pre-filled pens,1.0,5.0,29.4724,,2025-01-01,originator,1500.0
0601011L0BBAGAF,Humalog KwikPen 100units/ml inj 3ml pre-filled pens,16765.0,114643.0,673123.24548,,2025-01-01,originator,34392900.0
0601011L0BBAHAG,Humalog KwikPen 200units/ml inj 3ml pre-filled pens,3191.0,27143.0,318434.93366,,2025-01-01,originator,16285800.0
0601011L0BBAIAF,Humalog Junior KwikPen 100units/ml inj 3ml pre-filled pens,608.0,3368.0,19766.64066,,2025-01-01,originator,1010400.0
0601011L0BCABAC,Insulin lispro Sanofi 100units/ml inj 3ml cartridges,3.0,15.0,84.9672,,2025-01-01,biosimilar,4500.0
0601011L0BCACAF,Insulin lispro Sanofi 100units/ml inj 3ml pre-filled pens,2.0,15.0,93.6948,,2025-01-01,biosimilar,4500.0
0601011L0BDAAAG,Lyumjev KwikPen 200units/ml inj 3ml pre-filled pens,377.0,2770.0,32458.07918,,2025-01-01,ultra-rapid,1662000.0
0601011L0BDABAB,Lyumjev 100units/ml solution for injection 10ml vials,1450.0,5557.0,91831.54035,,2025-01-01,ultra-rapid,5557000.0
0601011L0BDACAC,Lyumjev 100units/ml solution for injection 3ml cartridges,1007.0,7408.0,41728.7318,,2025-01-01,ultra-rapid,2222400.0
0601011L0BDADAF,Lyumjev KwikPen 100units/ml inj 3ml pre-filled pens,5624.0,34179.0,200588.40255,,2025-01-01,ultra-rapid,10253700.0
0601011L0BDAEAF,Lyumjev Junior KwikPen 100units/ml inj 3ml pre-filled pens,534.0,2936.0,17226.0435,,2025-01-01,ultra-rapid,880800.0
0601011L0BEAAAC,Admelog 100units/ml solution for injection 3ml cartridges,43.0,410.0,1720.09673,,2025-01-01,biosimilar,123000.0
0601011L0BEABAB,Admelog 100units/ml solution for injection 10ml vials,71.0,250.0,3486.83066,,2025-01-01,biosimilar,250000.0
0601011L0BEACAF,Admelog 100units/ml inj 3ml pre-filled pens,226.0,1433.0,6279.99636,,2025-01-01,biosimilar,429900.0
0601011N0AAACAC,Insulin soluble porcine 100units/ml inj 10ml vials,2.0,8.0,315.1448,,2025-01-01,human soluble,8000.0
0601011N0AAALAL,Insulin soluble human 100units/ml inj 10ml vials,1.0,4.0,62.7324,,2025-01-01,human soluble,4000.0
0601011N0BCAEAC,Hypurin Porcine Neutral 100units/ml inj 10ml vials,137.0,479.0,18786.23545,,2025-01-01,human soluble,479000.0
0601011N0BCAHAZ,Hypurin Porcine Neutral 100units/ml inj 3ml cartridges,145.0,1185.0,13899.20747,,2025-01-01,human soluble,355500.0
0601011N0BFAEAL,Actrapid 100units/ml solution for injection 10ml vials,326.0,935.0,6914.3046,,2025-01-01,human soluble,935000.0
0601011N0BHAAAL,Humulin S 100units/ml solution for injection 10ml vials,93.0,289.0,4511.71253,,2025-01-01,human soluble,289000.0
0601011N0BHADAP,Humulin S 100units/ml solution for injection 3ml cartridges,1334.0,10591.0,40223.33103,,2025-01-01,human soluble,3177300.0
0601011P0AAAAAA,Insulin glulisine 100units/ml inj 10ml vials,13.0,49.0,784.1612,,2025-01-01,generic analogue,49000.0
0601011P0AAABAB,Insulin glulisine 100units/ml inj 3ml cartridges,8.0,60.0,336.54169,,2025-01-01,generic analogue,18000.0
0601011P0AAACAC,Insulin glulisine 100units/ml inj 3ml pf dispos dev,33.0,238.0,1347.5892000000001,,2025-01-01,generic analogue,71400.0
0601011P0BBAAAA,Apidra 100units/ml solution for injection 10ml vials,305.0,1183.0,18746.44497,,2025-01-01,originator,1183000.0
0601011P0BBABAB,Apidra 100units/ml solution for injection 3ml cartridges,527.0,3975.0,22299.7074,,2025-01-01,originator,1192500.0
0601011P0BBAEAC,Apidra 100units/ml inj 3ml pre-filled SoloStar pens,6209.0,42529.0,239829.1847,,2025-01-01,originator,12758700.0
0601011R0AAAEAE,Insulin human 500units/ml inj 3ml pf dispos dev,2.0,8.0,278.6548,,2025-01-01,human soluble,12000.0
0601011R0BEAAAE,Humulin R KwikPen 500units/ml inj 3ml pre-filled pens,15.0,62.0,2782.78186,,2025-01-01,human soluble,93000.0
0601011A0AAAAAA,Insulin aspart 100units/ml solution for injection 10ml vials,80.0,373.0,5252.832,,2025-02-01,generic analogue,373000.0
0601011A0AAABAB,Insulin aspart 100units/ml inj 3ml cartridges,164.0,1628.0,9207.37865,,2025-02-01,generic analogue,488400.0
0601011A0AAACAC,Insulin aspart 100units/ml inj 3ml pf dispos dev,109.0,740.0,4483.16149,,2025-02-01,generic analogue,222000.0
0601011A0AAADAD,Insulin aspart 100units/ml inj 1.6ml cartridges,1.0,15.0,45.3124,,2025-02-01,generic analogue,2400.0
0601011A0BBAAAA,NovoRapid 100units/ml solution for injection 10ml vials,27687.0,111428.0,1561276.37081,,2025-02-01,originator,111428000.0
0601011A0BBABAB,NovoRapid Penfill 100units/ml inj 3ml cartridges,43090.0,336059.0,1893084.93144,,2025-02-01,originator,100817700.0
0601011A0BBADAC,NovoRapid FlexPen 100units/ml inj 3ml pre-filled pens,78945.0,513946.0,3133786.20145,,2025-02-01,originator,154183800.0
0601011A0BBAEAC,NovoRapid FlexTouch 100units/ml inj 3ml pre-filled pens,2340.0,14475.0,92790.56375,,2025-02-01,originator,4342500.0
0601011A0BBAFAD,NovoRapid PumpCart 100units/ml inj 1.6ml cartridges,3197.0,46662.0,140161.87311,,2025-02-01,originator,7465920.0
0601011A0BCAAAC,Fiasp FlexTouch 100units/ml inj 3ml pre-filled pens,1797.0,10859.0,66337.27984,,2025-02-01,ultra-rapid,3257700.0
0601011A0BCABAB,Fiasp Penfill 100units/ml inj 3ml cartridges,25072.0,167579.0,943959.51105,,2025-02-01,ultra-rapid,50273700.0
0601011A0BCACAA,Fiasp 100units/ml solution for injection 10ml vials,6019.0,23722.0,332371.3736,,2025-02-01,ultra-rapid,23722000.0
0601011A0BDAAAB,Trurapi 100units/ml solution for injection 3ml cartridges,1213.0,8803.0,34612.17995,,2025-02-01,biosimilar,2640900.0
0601011A0BDABAC,Trurapi 100units/ml inj 3ml pre-filled Solostar pens,14887.0,86070.0,367224.67021999997,,2025-02-01,biosimilar,25821000.0
0601011A0BDACAA,Trurapi 100units/ml solution for injection 10ml vial,427.0,1574.0,18713.02293,,2025-02-01,biosimilar,1574000.0
0601011L0AAABAB,Insulin lispro 100units/ml solution for injection 10ml vials,92.0,383.0,6362.7708,,2025-02-01,generic analogue,383000.0
0601011L0AAACAC,Insulin lispro 100units/ml inj 3ml cartridges,167.0,1481.0,8375.09345,,2025-02-01,generic analogue,444300.0
0601011L0AAAFAF,Insulin lispro 100units/ml inj 3ml pf dispos dev,94.0,663.0,3883.10561,,2025-02-01,generic analogue,198900.0
0601011L0AAAGAG,Insulin lispro 200units/ml inj 3ml pf dispos dev,12.0,132.0,1542.8336399999998,,2025-02-01,generic analogue,79200.0
0601011L0BBABAB,Humalog 100units/ml solution for injection 10ml vials,2511.0,10307.0,170307.39112,,2025-02-01,originator,10307000.0
0601011L0BBACAC,Humalog 100units/ml solution for injection 3ml cartridges,8261.0,70510.0,396809.51542,,2025-02-01,originator,21153000.0
0601011L0BBAFAF,Humalog Pen 100units/ml inj 3ml pre-filled pens,1.0,5.0,29.5024,,2025-02-01,originator,1500.0
0601011L0BBAGAF,Humalog KwikPen 100units/ml inj 3ml pre-filled pens,14873.0,102585.0,602177.71747,,2025-02-01,originator,30775500.0
0601011L0BBAHAG,Humalog KwikPen 200units/ml inj 3ml pre-filled pens,2696.0,22687.0,266285.83161,,2025-02-01,originator,13612200.0
0601011L0BBAIAF,Humalog Junior KwikPen 100units/ml inj 3ml pre-filled pens,570.0,3086.0,18135.62058,,2025-02-01,originator,925800.0
0601011L0BCAAAB,Insulin lispro Sanofi 100units/ml inj 10ml vials,2.0,6.0,84.7448,,2025-02-01,biosimilar,6000.0
0601011L0BCACAF,Insulin lispro Sanofi 100units/ml inj 3ml pre-filled pens,4.0,20.0,110.0696,,2025-02-01,biosimilar,6000.0
0601011L0BDAAAG,Lyumjev KwikPen 200units/ml inj 3ml pre-filled pens,316.0,2397.0,28179.15802,,2025-02-01,ultra-rapid,1438200.0
0601011L0BDABAB,Lyumjev 100units/ml solution for injection 10ml vials,1295.0,4931.0,81532.37444,,2025-02-01,ultra-rapid,4931000.0
0601011L0BDACAC,Lyumjev 100units/ml solution for injection 3ml cartridges,932.0,6854.0,38610.45743,,2025-02-01,ultra-rapid,2056200.0
0601011L0BDADAF,Lyumjev KwikPen 100units/ml inj 3ml pre-filled pens,5264.0,32254.0,189318.76455,,2025-02-01,ultra-rapid,9676200.0
0601011L0BDAEAF,Lyumjev Junior KwikPen 100units/ml inj 3ml pre-filled pens,484.0,2670.0,15694.21174,,2025-02-01,ultra-rapid,801000.0
0601011L0BEAAAC,Admelog 100units/ml solution for injection 3ml cartridges,48.0,460.0,1939.5895,,2025-02-01,biosimilar,138000.0
0601011L0BEABAB,Admelog 100units/ml solution for injection 10ml vials,59.0,211.0,2965.90677,,2025-02-01,biosimilar,211000.0
0601011L0BEACAF,Admelog 100units/ml inj 3ml pre-filled pens,226.0,1434.0,6308.9842,,2025-02-01,biosimilar,430200.0
0601011N0AAACAC,Insulin soluble porcine 100units/ml inj 10ml vials,2.0,4.0,157.5848,,2025-02-01,human soluble,4000.0
0601011N0AAAPAP,Insulin soluble human 100units/ml inj 3ml cartridges,1.0,5.0,19.0924,,2025-02-01,human soluble,1500.0
0601011N0BCAEAC,Hypurin Porcine Neutral 100units/ml inj 10ml vials,102.0,308.0,12089.63291,,2025-02-01,human soluble,308000.0
0601011N0BCAHAZ,Hypurin Porcine Neutral 100units/ml inj 3ml cartridges,126.0,1110.0,13010.50818,,2025-02-01,human soluble,333000.0
0601011N0BFAEAL,Actrapid 100units/ml solution for injection 10ml vials,251.0,730.0,5411.81351,,2025-02-01,human soluble,730000.0
0601011N0BHAAAL,Humulin S 100units/ml solution for injection 10ml vials,95.0,266.0,4152.86516,,2025-02-01,human soluble,266000.0
0601011N0BHADAP,Humulin S 100units/ml solution for injection 3ml cartridges,1162.0,9186.0,34924.61122,,2025-02-01,human soluble,2755800.0
0601011P0AAAAAA,Insulin glulisine 100units/ml inj 10ml vials,4.0,24.0,384.04960000000005,,2025-02-01,generic analogue,24000.0
0601011P0AAABAB,Insulin glulisine 100units/ml inj 3ml cartridges,5.0,55.0,311.362,,2025-02-01,generic analogue,16500.0
0601011P0AAACAC,Insulin glulisine 100units/ml inj 3ml pf dispos dev,43.0,308.0,1740.76187,,2025-02-01,generic analogue,92400.0
0601011P0BBAAAA,Apidra 100units/ml solution for injection 10ml vials,294.0,1168.0,18499.56076,,2025-02-01,originator,1168000.0
0601011P0BBABAB,Apidra 100units/ml solution for injection 3ml cartridges,471.0,3629.0,20409.26993,,2025-02-01,originator,1088700.0
0601011P0BBAEAC,Apidra 100units/ml inj 3ml pre-filled SoloStar pens,5441.0,37102.0,209185.73614,,2025-02-01,originator,11130600.0
0601011R0AAAEAE,Insulin human 500units/ml inj 3ml pf dispos dev,1.0,6.0,269.8624,,2025-02-01,human soluble,9000.0
0601011R0BEAAAE,Humulin R KwikPen 500units/ml inj 3ml pre-filled pens,9.0,89.0,3883.0616,,2025-02-01,human soluble,133500.0
0601011A0AAAAAA,Insulin aspart 100units/ml solution for injection 10ml vials,92.0,417.0,5867.796910000001,,2025-03-01,generic analogue,417000.0
0601011A0AAABAB,Insulin aspart 100units/ml inj 3ml cartridges,180.0,1568.0,8867.827519999999,,2025-03-01,generic analogue,470400.0
0601011A0AAACAC,Insulin aspart 100units/ml inj 3ml pf dispos dev,89.0,553.0,3353.5411000000004,,2025-03-01,generic analogue,165900.0
0601011A0AAADAD,Insulin aspart 100units/ml inj 1.6ml cartridges,3.0,65.0,196.3372,,2025-03-01,generic analogue,10400.0
0601011A0BBAAAA,NovoRapid 100units/ml solution for injection 10ml vials,30175.0,121143.0,1697138.37246,,2025-03-01,originator,121143000.0
0601011A0BBABAB,NovoRapid Penfill 100units/ml inj 3ml cartridges,45972.0,359224.0,2023651.5744699996,,2025-03-01,originator,107767200.0
0601011A0BBADAC,NovoRapid FlexPen 100units/ml inj 3ml pre-filled pens,83393.0,543221.0,3311967.5900200005,,2025-03-01,originator,162966300.0
0601011A0BBAEAC,NovoRapid FlexTouch 100units/ml inj 3ml pre-filled pens,3075.0,20601.0,131947.5839,,2025-03-01,originator,6180300.0
0601011A0BBAFAD,NovoRapid PumpCart 100units/ml inj 1.6ml cartridges,3794.0,56305.0,169186.22640999997,,2025-03-01,originator,9008800.0
0601011A0BCAAAC,Fiasp FlexTouch 100units/ml inj 3ml pre-filled pens,1704.0,10334.0,63135.19795999999,,2025-03-01,ultra-rapid,3100200.0
0601011A0BCABAB,Fiasp Penfill 100units/ml inj 3ml cartridges,26955.0,179407.0,1010656.2687199998,,2025-03-01,ultra-rapid,53822100.0
0601011A0BCACAA,Fiasp 100units/ml solution for injection 10ml vials,6048.0,23553.0,329734.51193,,2025-03-01,ultra-rapid,23553000.0
0601011A0BDAAAB,Trurapi 100units/ml solution for injection 3ml cartridges,1332.0,9671.0,38030.54320999999,,2025-03-01,biosimilar,2901300.0
0601011A0BDABAC,Trurapi 100units/ml inj 3ml pre-filled Solostar pens,16604.0,96148.0,410143.9219,,2025-03-01,biosimilar,28844400.0
0601011A0BDACAA,Trurapi 100units/ml solution for injection 10ml vial,529.0,1999.0,23864.624229999998,,2025-03-01,biosimilar,1999000.0
0601011L0AAABAB,Insulin lispro 100units/ml solution for injection 10ml vials,90.0,405.0,6718.92945,,2025-03-01,generic analogue,405000.0
0601011L0AAACAC,Insulin lispro 100units/ml inj 3ml cartridges,182.0,1721.0,9737.499039999999,,2025-03-01,generic analogue,516300.0
0601011L0AAAFAF,Insulin lispro 100units/ml inj 3ml pf dispos dev,95.0,763.0,4494.47355,,2025-03-01,generic analogue,228900.0
0601011L0AAAGAG,Insulin lispro 200units/ml inj 3ml pf dispos dev,7.0,43.0,500.34031,,2025-03-01,generic analogue,25800.0
0601011L0BBABAB,Humalog 100units/ml solution for injection 10ml vials,2737.0,11246.0,185863.25551,,2025-03-01,originator,11246000.0
0601011L0BBACAC,Humalog 100units/ml solution for injection 3ml cartridges,8668.0,74785.0,420736.28483,,2025-03-01,originator,22435500.0
0601011L0BBAGAF,Humalog KwikPen 100units/ml inj 3ml pre-filled pens,15859.0,108882.0,639202.76367,,2025-03-01,originator,32664600.0
0601011L0BBAHAG,Humalog KwikPen 200units/ml inj 3ml pre-filled pens,3037.0,25916.0,304146.06388,,2025-03-01,originator,15549600.0
0601011L0BBAIAF,Humalog Junior KwikPen 100units/ml inj 3ml pre-filled pens,590.0,3337.0,19599.23107,,2025-03-01,originator,1001100.0
0601011L0BCACAF,Insulin lispro Sanofi 100units/ml inj 3ml pre-filled pens,1.0,15.0,88.3924,,2025-03-01,biosimilar,4500.0
0601011L0BDAAAG,Lyumjev KwikPen 200units/ml inj 3ml pre-filled pens,341.0,2519.0,29512.81592,,2025-03-01,ultra-rapid,1511400.0
0601011L0BDABAB,Lyumjev 100units/ml solution for injection 10ml vials,1386.0,5190.0,85836.79772999999,,2025-03-01,ultra-rapid,5190000.0
0601011L0BDACAC,Lyumjev 100units/ml solution for injection 3ml cartridges,1014.0,7561.0,42594.85664,,2025-03-01,ultra-rapid,2268300.0
0601011L0BDADAF,Lyumjev KwikPen 100units/ml inj 3ml pre-filled pens,5546.0,33719.0,197908.76497,,2025-03-01,ultra-rapid,10115700.0
0601011L0BDAEAF,Lyumjev Junior KwikPen 100units/ml inj 3ml pre-filled pens,536.0,2987.0,17552.11318,,2025-03-01,ultra-rapid,896100.0
0601011L0BEAAAC,Admelog 100units/ml solution for injection 3ml cartridges,48.0,445.0,1885.3244799999998,,2025-03-01,biosimilar,133500.0
0601011L0BEABAB,Admelog 100units/ml solution for injection 10ml vials,75.0,267.0,3734.81295,,2025-03-01,biosimilar,267000.0
0601011L0BEACAF,Admelog 100units/ml inj 3ml pre-filled pens,256.0,1649.0,7236.45083,,2025-03-01,biosimilar,494700.0
0601011N0AAALAL,Insulin soluble human 100units/ml inj 10ml vials,1.0,4.0,62.7324,,2025-03-01,human soluble,4000.0
0601011N0BCAEAC,Hypurin Porcine Neutral 100units/ml inj 10ml vials,132.0,433.0,16934.89672,,2025-03-01,human soluble,433000.0
0601011N0BCAHAZ,Hypurin Porcine Neutral 100units/ml inj 3ml cartridges,118.0,1016.0,11888.71368,,2025-03-01,human soluble,304800.0
0601011N0BFAEAL,Actrapid 100units/ml solution for injection 10ml vials,286.0,831.0,6170.14973,,2025-03-01,human soluble,831000.0
0601011N0BHAAAL,Humulin S 100units/ml solution for injection 10ml vials,91.0,282.0,4400.16163,,2025-03-01,human soluble,282000.0
0601011N0BHADAP,Humulin S 100units/ml solution for injection 3ml cartridges,1268.0,10251.0,38930.37445,,2025-03-01,human soluble,3075300.0
0601011P0AAAAAA,Insulin glulisine 100units/ml inj 10ml vials,8.0,29.0,464.0992,,2025-03-01,generic analogue,29000.0
0601011P0AAABAB,Insulin glulisine 100units/ml inj 3ml cartridges,5.0,35.0,198.162,,2025-03-01,generic analogue,10500.0
0601011P0AAACAC,Insulin glulisine 100units/ml inj 3ml pf dispos dev,39.0,283.0,1602.3636000000001,,2025-03-01,generic analogue,84900.0
0601011P0BBAAAA,Apidra 100units/ml solution for injection 10ml vials,274.0,1128.0,17828.81629,,2025-03-01,originator,1128000.0
0601011P0BBABAB,Apidra 100units/ml solution for injection 3ml cartridges,496.0,3689.0,20708.043890000004,,2025-03-01,originator,1106700.0
0601011P0BBAEAC,Apidra 100units/ml inj 3ml pre-filled SoloStar pens,5833.0,40053.0,225758.8191,,2025-03-01,originator,12015900.0
0601011R0AAAEAE,Insulin human 500units/ml inj 3ml pf dispos dev,2.0,12.0,539.7248,,2025-03-01,human soluble,18000.0
0601011R0BBAAAD,Humulin R 100units/ml solution for injection 10ml vials,1.0,1.0,43.7224,,2025-03-01,human soluble,1000.0
0601011R0BEAAAE,Humulin R KwikPen 500units/ml inj 3ml pre-filled pens,11.0,158.0,7008.780000000001,,2025-03-01,human soluble,237000.0
0601011A0AAAAAA,Insulin aspart 100units/ml solution for injection 10ml vials,81.0,398.0,5600.1415799999995,,2025-04-01,generic analogue,398000.0
0601011A0AAABAB,Insulin aspart 100units/ml inj 3ml cartridges,172.0,2025.0,11461.86078,,2025-04-01,generic analogue,607500.0
0601011A0AAACAC,Insulin aspart 100units/ml inj 3ml pf dispos dev,117.0,773.0,4692.2749,,2025-04-01,generic analogue,231900.0
0601011A0AAADAD,Insulin aspart 100units/ml inj 1.6ml cartridges,4.0,60.0,181.2496,,2025-04-01,generic analogue,9600.0
0601011A0BBAAAA,NovoRapid 100units/ml solution for injection 10ml vials,29890.0,119744.0,1678205.22234,,2025-04-01,originator,119744000.0
0601011A0BBABAB,NovoRapid Penfill 100units/ml inj 3ml cartridges,45360.0,352274.0,1984779.55095,,2025-04-01,originator,105682200.0
0601011A0BBADAC,NovoRapid FlexPen 100units/ml inj 3ml pre-filled pens,82804.0,537180.0,3275635.6197,,2025-04-01,originator,161154000.0
0601011A0BBAEAC,NovoRapid FlexTouch 100units/ml inj 3ml pre-filled pens,2632.0,16938.0,108439.59902,,2025-04-01,originator,5081400.0
0601011A0BBAFAD,NovoRapid PumpCart 100units/ml inj 1.6ml cartridges,3886.0,57771.0,173633.97663,,2025-04-01,originator,9243360.0
0601011A0BCAAAC,Fiasp FlexTouch 100units/ml inj 3ml pre-filled pens,2038.0,12325.0,75163.25795,,2025-04-01,ultra-rapid,3697500.0
0601011A0BCABAB,Fiasp Penfill 100units/ml inj 3ml cartridges,26948.0,179949.0,1013754.00918,,2025-04-01,ultra-rapid,53984700.0
0601011A0BCACAA,Fiasp 100units/ml solution for injection 10ml vials,6708.0,26245.0,367793.55525,,2025-04-01,ultra-rapid,26245000.0
0601011A0BDAAAB,Trurapi 100units/ml solution for injection 3ml cartridges,1352.0,9747.0,38338.77549,,2025-04-01,biosimilar,2924100.0
0601011A0BDABAC,Trurapi 100units/ml inj 3ml pre-filled Solostar pens,17654.0,101835.0,434542.25642,,2025-04-01,biosimilar,30550500.0
0601011A0BDACAA,Trurapi 100units/ml solution for injection 10ml vial,537.0,2101.0,25029.07191,,2025-04-01,biosimilar,2101000.0
0601011L0AAABAB,Insulin lispro 100units/ml solution for injection 10ml vials,85.0,347.0,5764.724,,2025-04-01,generic analogue,347000.0
0601011L0AAACAC,Insulin lispro 100units/ml inj 3ml cartridges,170.0,1561.0,8823.33376,,2025-04-01,generic analogue,468300.0
0601011L0AAAFAF,Insulin lispro 100units/ml inj 3ml pf dispos dev,94.0,628.0,3680.85819,,2025-04-01,generic analogue,188400.0
0601011L0AAAGAG,Insulin lispro 200units/ml inj 3ml pf dispos dev,11.0,58.0,677.54139,,2025-04-01,generic analogue,34800.0
0601011L0BBABAB,Humalog 100units/ml solution for injection 10ml vials,2704.0,10918.0,180477.63354,,2025-04-01,originator,10918000.0
0601011L0BBACAC,Humalog 100units/ml solution for injection 3ml cartridges,8703.0,74915.0,421639.4565,,2025-04-01,originator,22474500.0
0601011L0BBAGAF,Humalog KwikPen 100units/ml inj 3ml pre-filled pens,15858.0,108838.0,638991.84818,,2025-04-01,originator,32651400.0
0601011L0BBAHAG,Humalog KwikPen 200units/ml inj 3ml pre-filled pens,2870.0,24165.0,283437.62265,,2025-04-01,originator,14499000.0
0601011L0BBAIAF,Humalog Junior KwikPen 100units/ml inj 3ml pre-filled pens,605.0,3336.0,19596.56345,,2025-04-01,originator,1000800.0
0601011L0BCAAAB,Insulin lispro Sanofi 100units/ml inj 10ml vials,4.0,15.0,249.1996,,2025-04-01,biosimilar,15000.0
0601011L0BCACAF,Insulin lispro Sanofi 100units/ml inj 3ml pre-filled pens,4.0,20.0,132.5496,,2025-04-01,biosimilar,6000.0
0601011L0BDAAAG,Lyumjev KwikPen 200units/ml inj 3ml pre-filled pens,365.0,2721.0,31919.09431,,2025-04-01,ultra-rapid,1632600.0
0601011L0BDABAB,Lyumjev 100units/ml solution for injection 10ml vials,1453.0,5558.0,91952.01558,,2025-04-01,ultra-rapid,5558000.0
0601011L0BDACAC,Lyumjev 100units/ml solution for injection 3ml cartridges,1017.0,7649.0,43084.86205,,2025-04-01,ultra-rapid,2294700.0
0601011L0BDADAF,Lyumjev KwikPen 100units/ml inj 3ml pre-filled pens,5739.0,35304.0,207193.17877,,2025-04-01,ultra-rapid,10591200.0
0601011L0BDAEAF,Lyumjev Junior KwikPen 100units/ml inj 3ml pre-filled pens,520.0,2877.0,16913.17976,,2025-04-01,ultra-rapid,863100.0
0601011L0BEAAAC,Admelog 100units/ml solution for injection 3ml cartridges,50.0,515.0,2163.66133,,2025-04-01,biosimilar,154500.0
0601011L0BEABAB,Admelog 100units/ml solution for injection 10ml vials,71.0,278.0,3885.40017,,2025-04-01,biosimilar,278000.0
0601011L0BEACAF,Admelog 100units/ml inj 3ml pre-filled pens,224.0,1511.0,6622.4496,,2025-04-01,biosimilar,453300.0
0601011N0AAACAC,Insulin soluble porcine 100units/ml inj 10ml vials,1.0,2.0,78.7924,,2025-04-01,human soluble,2000.0
0601011N0AAALAL,Insulin soluble human 100units/ml inj 10ml vials,2.0,5.0,78.4248,,2025-04-01,human soluble,5000.0
0601011N0BCAEAC,Hypurin Porcine Neutral 100units/ml inj 10ml vials,118.0,417.0,16348.287629999999,,2025-04-01,human soluble,417000.0
0601011N0BCAHAZ,Hypurin Porcine Neutral 100units/ml inj 3ml cartridges,136.0,1200.0,14032.92437,,2025-04-01,human soluble,360000.0
0601011N0BFAEAL,Actrapid 100units/ml solution for injection 10ml vials,270.0,857.0,6359.45886,,2025-04-01,human soluble,857000.0
0601011N0BHAAAL,Humulin S 100units/ml solution for injection 10ml vials,91.0,271.0,4220.72219,,2025-04-01,human soluble,271000.0
0601011N0BHADAP,Humulin S 100units/ml solution for injection 3ml cartridges,1251.0,9948.0,37813.11164,,2025-04-01,human soluble,2984400.0
0601011P0AAAAAA,Insulin glulisine 100units/ml inj 10ml vials,6.0,28.0,448.0744,,2025-04-01,generic analogue,28000.0
0601011P0AAABAB,Insulin glulisine 100units/ml inj 3ml cartridges,7.0,70.0,393.13190000000003,,2025-04-01,generic analogue,21000.0
0601011P0AAACAC,Insulin glulisine 100units/ml inj 3ml pf dispos dev,50.0,356.0,2016.18,,2025-04-01,generic analogue,106800.0
0601011P0BBAAAA,Apidra 100units/ml solution for injection 10ml vials,321.0,1304.0,20688.13934,,2025-04-01,originator,1304000.0
0601011P0BBABAB,Apidra 100units/ml solution for injection 3ml cartridges,520.0,3882.0,21769.77804,,2025-04-01,originator,1164600.0
0601011P0BBAEAC,Apidra 100units/ml inj 3ml pre-filled SoloStar pens,5869.0,40177.0,226527.16519,,2025-04-01,originator,12053100.0
0601011R0BEAAAE,Humulin R KwikPen 500units/ml inj 3ml pre-filled pens,14.0,138.0,6203.123600000001,,2025-04-01,human soluble,207000.0
0601011A0AAAAAA,Insulin aspart 100units/ml solution for injection 10ml vials,87.0,380.0,5351.4788,,2025-05-01,generic analogue,380000.0
0601011A0AAABAB,Insulin aspart 100units/ml inj 3ml cartridges,166.0,1375.0,7778.22599,,2025-05-01,generic analogue,412500.0
0601011A0AAACAC,Insulin aspart 100units/ml inj 3ml pf dispos dev,99.0,649.0,3930.22074,,2025-05-01,generic analogue,194700.0
0601011A0AAADAD,Insulin aspart 100units/ml inj 1.6ml cartridges,3.0,21.0,63.557199999999995,,2025-05-01,generic analogue,3360.0
0601011A0BBAAAA,NovoRapid 100units/ml solution for injection 10ml vials,32271.0,130003.0,1821753.71726,,2025-05-01,originator,130003000.0
0601011A0BBABAB,NovoRapid Penfill 100units/ml inj 3ml cartridges,47455.0,369911.0,2083997.77859,,2025-05-01,originator,110973300.0
0601011A0BBADAC,NovoRapid FlexPen 100units/ml inj 3ml pre-filled pens,86183.0,560985.0,3420484.0155,,2025-05-01,originator,168295500.0
0601011A0BBAEAC,NovoRapid FlexTouch 100units/ml inj 3ml pre-filled pens,2469.0,16024.0,102558.67309,,2025-05-01,originator,4807200.0
0601011A0BBAFAD,NovoRapid PumpCart 100units/ml inj 1.6ml cartridges,4300.0,63816.0,191698.93313,,2025-05-01,originator,10210560.0
0601011A0BCAAAC,Fiasp FlexTouch 100units/ml inj 3ml pre-filled pens,2185.0,13283.0,80980.82289,,2025-05-01,ultra-rapid,3984900.0
0601011A0BCABAB,Fiasp Penfill 100units/ml inj 3ml cartridges,28355.0,190271.0,1071928.32327,,2025-05-01,ultra-rapid,57081300.0
0601011A0BCACAA,Fiasp 100units/ml solution for injection 10ml vials,7109.0,27891.0,390757.03197999997,,2025-05-01,ultra-rapid,27891000.0
0601011A0BDAAAB,Trurapi 100units/ml solution for injection 3ml cartridges,1485.0,10864.0,42736.44281,,2025-05-01,biosimilar,3259200.0
0601011A0BDABAC,Trurapi 100units/ml inj 3ml pre-filled Solostar pens,19078.0,110544.0,471672.67122,,2025-05-01,biosimilar,33163200.0
0601011A0BDACAA,Trurapi 100units/ml solution for injection 10ml vial,576.0,2184.0,26037.68409,,2025-05-01,biosimilar,2184000.0
0601011L0AAABAB,Insulin lispro 100units/ml solution for injection 10ml vials,94.0,411.0,6814.93391,,2025-05-01,generic analogue,411000.0
0601011L0AAACAC,Insulin lispro 100units/ml inj 3ml cartridges,185.0,1677.0,9449.05625,,2025-05-01,generic analogue,503100.0
0601011L0AAAFAF,Insulin lispro 100units/ml inj 3ml pf dispos dev,102.0,747.0,4395.9248,,2025-05-01,generic analogue,224100.0
0601011L0AAAGAG,Insulin lispro 200units/ml inj 3ml pf dispos dev,7.0,38.0,434.8607,,2025-05-01,generic analogue,22800.0
0601011L0BBABAB,Humalog 100units/ml solution for injection 10ml vials,2952.0,12221.0,201749.73771000002,,2025-05-01,originator,12221000.0
0601011L0BBACAC,Humalog 100units/ml solution for injection 3ml cartridges,9070.0,77906.0,438489.68472,,2025-05-01,originator,23371800.0
0601011L0BBAFAF,Humalog Pen 100units/ml inj 3ml pre-filled pens,1.0,5.0,49.5224,,2025-05-01,originator,1500.0
0601011L0BBAGAF,Humalog KwikPen 100units/ml inj 3ml pre-filled pens,16454.0,113205.0,664520.19518,,2025-05-01,originator,33961500.0
0601011L0BBAHAG,Humalog KwikPen 200units/ml inj 3ml pre-filled pens,3108.0,26041.0,305554.59631,,2025-05-01,originator,15624600.0
0601011L0BBAIAF,Humalog Junior KwikPen 100units/ml inj 3ml pre-filled pens,632.0,3367.0,19761.59891,,2025-05-01,originator,1010100.0
0601011L0BCAAAB,Insulin lispro Sanofi 100units/ml inj 10ml vials,2.0,5.0,9.9848,,2025-05-01,biosimilar,5000.0
0601011L0BDAAAG,Lyumjev KwikPen 200units/ml inj 3ml pre-filled pens,355.0,2660.0,31217.81301,,2025-05-01,ultra-rapid,1596000.0
0601011L0BDABAB,Lyumjev 100units/ml solution for injection 10ml vials,1593.0,6157.0,101769.94241,,2025-05-01,ultra-rapid,6157000.0
0601011L0BDACAC,Lyumjev 100units/ml solution for injection 3ml cartridges,1015.0,7592.0,42749.45765,,2025-05-01,ultra-rapid,2277600.0
0601011L0BDADAF,Lyumjev KwikPen 100units/ml inj 3ml pre-filled pens,6125.0,37508.0,220188.72383,,2025-05-01,ultra-rapid,11252400.0
0601011L0BDAEAF,Lyumjev Junior KwikPen 100units/ml inj 3ml pre-filled pens,541.0,3082.0,18115.50668,,2025-05-01,ultra-rapid,924600.0
0601011L0BEAAAC,Admelog 100units/ml solution for injection 3ml cartridges,53.0,465.0,1944.2995999999998,,2025-05-01,biosimilar,139500.0
0601011L0BEABAB,Admelog 100units/ml solution for injection 10ml vials,74.0,272.0,3805.41675,,2025-05-01,biosimilar,272000.0
0601011L0BEACAF,Admelog 100units/ml inj 3ml pre-filled pens,240.0,1506.0,6588.998280000001,,2025-05-01,biosimilar,451800.0
0601011N0AAACAC,Insulin soluble porcine 100units/ml inj 10ml vials,1.0,6.0,236.3524,,2025-05-01,human soluble,6000.0
0601011N0AAALAL,Insulin soluble human 100units/ml inj 10ml vials,1.0,4.0,62.7324,,2025-05-01,human soluble,4000.0
0601011N0BCAEAC,Hypurin Porcine Neutral 100units/ml inj 10ml vials,124.0,422.0,16519.01947,,2025-05-01,human soluble,422000.0
0601011N0BCAHAZ,Hypurin Porcine Neutral 100units/ml inj 3ml cartridges,118.0,967.0,11308.59348,,2025-05-01,human soluble,290100.0
0601011N0BFAEAL,Actrapid 100units/ml solution for injection 10ml vials,312.0,969.0,7181.02055,,2025-05-01,human soluble,969000.0
0601011N0BHAAAL,Humulin S 100units/ml solution for injection 10ml vials,87.0,247.0,3858.31163,,2025-05-01,human soluble,247000.0
0601011N0BHADAP,Humulin S 100units/ml solution for injection 3ml cartridges,1280.0,10318.0,39195.08171,,2025-05-01,human soluble,3095400.0
0601011P0AAAAAA,Insulin glulisine 100units/ml inj 10ml vials,7.0,31.0,496.08680000000004,,2025-05-01,generic analogue,31000.0
0601011P0AAABAB,Insulin glulisine 100units/ml inj 3ml cartridges,6.0,80.0,452.8744,,2025-05-01,generic analogue,24000.0
0601011P0AAACAC,Insulin glulisine 100units/ml inj 3ml pf dispos dev,40.0,306.0,1732.756,,2025-05-01,generic analogue,91800.0
0601011P0BBAAAA,Apidra 100units/ml solution for injection 10ml vials,295.0,1120.0,17733.04365,,2025-05-01,originator,1120000.0
0601011P0BBABAB,Apidra 100units/ml solution for injection 3ml cartridges,533.0,4111.0,23140.182240000002,,2025-05-01,originator,1233300.0
0601011P0BBAEAC,Apidra 100units/ml inj 3ml pre-filled SoloStar pens,5980.0,40598.0,228829.51816,,2025-05-01,originator,12179400.0
0601011R0AAAEAE,Insulin human 500units/ml inj 3ml pf dispos dev,1.0,6.0,269.8624,,2025-05-01,human soluble,9000.0
0601011R0BEAAAE,Humulin R KwikPen 500units/ml inj 3ml pre-filled pens,15.0,161.0,7039.1759999999995,,2025-05-01,human soluble,241500.0
0601011A0AAAAAA,Insulin aspart 100units/ml solution for injection 10ml vials,83.0,418.0,5881.76304,,2025-06-01,generic analogue,418000.0
0601011A0AAABAB,Insulin aspart 100units/ml inj 3ml cartridges,160.0,1491.0,8441.25576,,2025-06-01,generic analogue,447300.0
0601011A0AAACAC,Insulin aspart 100units/ml inj 3ml pf dispos dev,99.0,657.0,3987.74805,,2025-06-01,generic analogue,197100.0
0601011A0AAADAD,Insulin aspart 100units/ml inj 1.6ml cartridges,1.0,15.0,45.3124,,2025-06-01,generic analogue,2400.0
0601011A0BBAAAA,NovoRapid 100units/ml solution for injection 10ml vials,32660.0,131912.0,1848570.14997,,2025-06-01,originator,131912000.0
0601011A0BBABAB,NovoRapid Penfill 100units/ml inj 3ml cartridges,46469.0,361007.0,2033769.54458,,2025-06-01,originator,108302100.0
0601011A0BBADAC,NovoRapid FlexPen 100units/ml inj 3ml pre-filled pens,82179.0,533196.0,3251006.4533,,2025-06-01,originator,159958800.0
0601011A0BBAEAC,NovoRapid FlexTouch 100units/ml inj 3ml pre-filled pens,2239.0,14026.0,89748.4016,,2025-06-01,originator,4207800.0
0601011A0BBAFAD,NovoRapid PumpCart 100units/ml inj 1.6ml cartridges,3646.0,55012.0,165495.98053,,2025-06-01,originator,8801920.0
0601011A0BCAAAC,Fiasp FlexTouch 100units/ml inj 3ml pre-filled pens,2302.0,13821.0,84217.28214,,2025-06-01,ultra-rapid,4146300.0
0601011A0BCABAB,Fiasp Penfill 100units/ml inj 3ml cartridges,27698.0,186287.0,1049688.88452,,2025-06-01,ultra-rapid,55886100.0
0601011A0BCACAA,Fiasp 100units/ml solution for injection 10ml vials,7084.0,28112.0,393927.15439,,2025-06-01,ultra-rapid,28112000.0
0601011A0BDAAAB,Trurapi 100units/ml solution for injection 3ml cartridges,1442.0,10355.0,40694.12839,,2025-06-01,biosimilar,3106500.0
0601011A0BDABAC,Trurapi 100units/ml inj 3ml pre-filled Solostar pens,18899.0,109738.0,468228.26245,,2025-06-01,biosimilar,32921400.0
0601011A0BDACAA,Trurapi 100units/ml solution for injection 10ml vial,605.0,2267.0,26998.1617,,2025-06-01,biosimilar,2267000.0
0601011L0AAABAB,Insulin lispro 100units/ml solution for injection 10ml vials,70.0,323.0,5365.898,,2025-06-01,generic analogue,323000.0
0601011L0AAACAC,Insulin lispro 100units/ml inj 3ml cartridges,174.0,1731.0,9787.5112,,2025-06-01,generic analogue,519300.0
0601011L0AAAFAF,Insulin lispro 100units/ml inj 3ml pf dispos dev,101.0,789.0,4647.34637,,2025-06-01,generic analogue,236700.0
0601011L0AAAGAG,Insulin lispro 200units/ml inj 3ml pf dispos dev,7.0,43.0,500.33714000000003,,2025-06-01,generic analogue,25800.0
0601011L0BBABAB,Humalog 100units/ml solution for injection 10ml vials,2898.0,11987.0,198035.7213,,2025-06-01,originator,11987000.0
0601011L0BBACAC,Humalog 100units/ml solution for injection 3ml cartridges,8501.0,73308.0,412472.4218,,2025-06-01,originator,21992400.0
0601011L0BBAGAF,Humalog KwikPen 100units/ml inj 3ml pre-filled pens,15926.0,108759.0,638566.27774,,2025-06-01,originator,32627700.0
0601011L0BBAHAG,Humalog KwikPen 200units/ml inj 3ml pre-filled pens,2929.0,24456.0,287027.3411,,2025-06-01,originator,14673600.0
0601011L0BBAIAF,Humalog Junior KwikPen 100units/ml inj 3ml pre-filled pens,616.0,3350.0,19666.58783,,2025-06-01,originator,1005000.0
0601011L0BCAAAB,Insulin lispro Sanofi 100units/ml inj 10ml vials,1.0,3.0,49.8424,,2025-06-01,biosimilar,3000.0
0601011L0BCABAC,Insulin lispro Sanofi 100units/ml inj 3ml cartridges,1.0,10.0,56.6324,,2025-06-01,biosimilar,3000.0
0601011L0BCACAF,Insulin lispro Sanofi 100units/ml inj 3ml pre-filled pens,1.0,5.0,22.1124,,2025-06-01,biosimilar,1500.0
0601011L0BDAAAG,Lyumjev KwikPen 200units/ml inj 3ml pre-filled pens,381.0,2839.0,33232.13804,,2025-06-01,ultra-rapid,1703400.0
0601011L0BDABAB,Lyumjev 100units/ml solution for injection 10ml vials,1540.0,5781.0,95558.86703,,2025-06-01,ultra-rapid,5781000.0
0601011L0BDACAC,Lyumjev 100units/ml solution for injection 3ml cartridges,1063.0,7737.0,43572.69339,,2025-06-01,ultra-rapid,2321100.0
0601011L0BDADAF,Lyumjev KwikPen 100units/ml inj 3ml pre-filled pens,6088.0,37497.0,220018.58671,,2025-06-01,ultra-rapid,11249100.0
0601011L0BDAEAF,Lyumjev Junior KwikPen 100units/ml inj 3ml pre-filled pens,547.0,3060.0,17954.18983,,2025-06-01,ultra-rapid,918000.0
0601011L0BEAAAC,Admelog 100units/ml solution for injection 3ml cartridges,46.0,420.0,1776.77589,,2025-06-01,biosimilar,126000.0
0601011L0BEABAB,Admelog 100units/ml solution for injection 10ml vials,77.0,271.0,3807.02779,,2025-06-01,biosimilar,271000.0
0601011L0BEACAF,Admelog 100units/ml inj 3ml pre-filled pens,242.0,1524.0,6676.84005,,2025-06-01,biosimilar,457200.0
0601011N0AAALAL,Insulin soluble human 100units/ml inj 10ml vials,2.0,5.0,78.4248,,2025-06-01,human soluble,5000.0
0601011N0BCAEAC,Hypurin Porcine Neutral 100units/ml inj 10ml vials,124.0,398.0,15551.67393,,2025-06-01,human soluble,398000.0
0601011N0BCAHAZ,Hypurin Porcine Neutral 100units/ml inj 3ml cartridges,130.0,1146.0,13432.66377,,2025-06-01,human soluble,343800.0
0601011N0BFAEAL,Actrapid 100units/ml solution for injection 10ml vials,276.0,859.0,6366.89978,,2025-06-01,human soluble,859000.0
0601011N0BHAAAL,Humulin S 100units/ml solution for injection 10ml vials,99.0,310.0,4835.8299,,2025-06-01,human soluble,310000.0
0601011N0BHADAP,Humulin S 100units/ml solution for injection 3ml cartridges,1285.0,10055.0,38223.709650000004,,2025-06-01,human soluble,3016500.0
0601011P0AAAAAA,Insulin glulisine 100units/ml inj 10ml vials,6.0,25.0,400.07439999999997,,2025-06-01,generic analogue,25000.0
0601011P0AAABAB,Insulin glulisine 100units/ml inj 3ml cartridges,8.0,80.0,452.8992,,2025-06-01,generic analogue,24000.0
0601011P0AAACAC,Insulin glulisine 100units/ml inj 3ml pf dispos dev,41.0,302.0,1706.97127,,2025-06-01,generic analogue,90600.0
0601011P0BBAAAA,Apidra 100units/ml solution for injection 10ml vials,315.0,1246.0,19735.03374,,2025-06-01,originator,1246000.0
0601011P0BBABAB,Apidra 100units/ml solution for injection 3ml cartridges,442.0,3371.0,18909.01097,,2025-06-01,originator,1011300.0
0601011P0BBAEAC,Apidra 100units/ml inj 3ml pre-filled SoloStar pens,5693.0,38875.0,219069.63358,,2025-06-01,originator,11662500.0
0601011R0BEAAAE,Humulin R KwikPen 500units/ml inj 3ml pre-filled pens,8.0,93.0,4182.8792,,2025-06-01,human soluble,139500.0
0601011A0AAAAAA,Insulin aspart 100units/ml solution for injection 10ml vials,88.0,404.0,5684.7031,,2025-07-01,generic analogue,404000.0
0601011A0AAABAB,Insulin aspart 100units/ml inj 3ml cartridges,167.0,1605.0,9080.80458,,2025-07-01,generic analogue,481500.0
0601011A0AAACAC,Insulin aspart 100units/ml inj 3ml pf dispos dev,95.0,582.0,3516.40804,,2025-07-01,generic analogue,174600.0
0601011A0AAADAD,Insulin aspart 100units/ml inj 1.6ml cartridges,3.0,65.0,196.3372,,2025-07-01,generic analogue,10400.0
0601011A0BBAAAA,NovoRapid 100units/ml solution for injection 10ml vials,36516.0,147339.0,2065266.80535,,2025-07-01,originator,147339000.0
0601011A0BBABAB,NovoRapid Penfill 100units/ml inj 3ml cartridges,48781.0,376786.0,2122863.80681,,2025-07-01,originator,113035800.0
0601011A0BBADAC,NovoRapid FlexPen 100units/ml inj 3ml pre-filled pens,86294.0,558818.0,3407556.83065,,2025-07-01,originator,167645400.0
0601011A0BBAEAC,NovoRapid FlexTouch 100units/ml inj 3ml pre-filled pens,2349.0,15114.0,96679.03909,,2025-07-01,originator,4534200.0
0601011A0BBAFAD,NovoRapid PumpCart 100units/ml inj 1.6ml cartridges,4306.0,66544.0,200020.32321,,2025-07-01,originator,10647040.0
0601011A0BCAAAC,Fiasp FlexTouch 100units/ml inj 3ml pre-filled pens,2434.0,14421.0,87791.16596,,2025-07-01,ultra-rapid,4326300.0
0601011A0BCABAB,Fiasp Penfill 100units/ml inj 3ml cartridges,29167.0,196594.0,1107727.91183,,2025-07-01,ultra-rapid,58978200.0
0601011A0BCACAA,Fiasp 100units/ml solution for injection 10ml vials,7677.0,30293.0,424413.74038,,2025-07-01,ultra-rapid,30293000.0
0601011A0BDAAAB,Trurapi 100units/ml solution for injection 3ml cartridges,1529.0,11137.0,43842.87754,,2025-07-01,biosimilar,3341100.0
0601011A0BDABAC,Trurapi 100units/ml inj 3ml pre-filled Solostar pens,20271.0,116617.0,497641.45941,,2025-07-01,biosimilar,34985100.0
0601011A0BDACAA,Trurapi 100units/ml solution for injection 10ml vial,694.0,2654.0,31598.26663,,2025-07-01,biosimilar,2654000.0
0601011L0AAABAB,Insulin lispro 100units/ml solution for injection 10ml vials,79.0,314.0,5207.27478,,2025-07-01,generic analogue,314000.0
0601011L0AAACAC,Insulin lispro 100units/ml inj 3ml cartridges,165.0,1508.0,8526.01911,,2025-07-01,generic analogue,452400.0
0601011L0AAAFAF,Insulin lispro 100units/ml inj 3ml pf dispos dev,102.0,766.0,4511.84742,,2025-07-01,generic analogue,229800.0
0601011L0AAAGAG,Insulin lispro 200units/ml inj 3ml pf dispos dev,9.0,64.0,747.91924,,2025-07-01,generic analogue,38400.0
0601011L0BBABAB,Humalog 100units/ml solution for injection 10ml vials,3098.0,12902.0,212995.63928,,2025-07-01,originator,12902000.0
0601011L0BBACAC,Humalog 100units/ml solution for injection 3ml cartridges,8714.0,74926.0,421739.53002,,2025-07-01,originator,22477800.0
0601011L0BBAGAF,Humalog KwikPen 100units/ml inj 3ml pre-filled pens,16506.0,113724.0,667681.49925,,2025-07-01,originator,34117200.0
0601011L0BBAHAG,Humalog KwikPen 200units/ml inj 3ml pre-filled pens,3009.0,25539.0,299718.5686,,2025-07-01,originator,15323400.0
0601011L0BBAIAF,Humalog Junior KwikPen 100units/ml inj 3ml pre-filled pens,659.0,3558.0,20898.11166,,2025-07-01,originator,1067400.0
0601011L0BCAAAB,Insulin lispro Sanofi 100units/ml inj 10ml vials,2.0,6.0,99.6848,,2025-07-01,biosimilar,6000.0
0601011L0BCACAF,Insulin lispro Sanofi 100units/ml inj 3ml pre-filled pens,3.0,15.0,66.6672,,2025-07-01,biosimilar,4500.0
0601011L0BDAAAG,Lyumjev KwikPen 200units/ml inj 3ml pre-filled pens,403.0,2976.0,34912.00497,,2025-07-01,ultra-rapid,1785600.0
0601011L0BDABAB,Lyumjev 100units/ml solution for injection 10ml vials,1779.0,6836.0,112900.31024,,2025-07-01,ultra-rapid,6836000.0
0601011L0BDACAC,Lyumjev 100units/ml solution for injection 3ml cartridges,1123.0,8339.0,47020.18402,,2025-07-01,ultra-rapid,2501700.0
0601011L0BDADAF,Lyumjev KwikPen 100units/ml inj 3ml pre-filled pens,6374.0,39075.0,229324.09223,,2025-07-01,ultra-rapid,11722500.0
0601011L0BDAEAF,Lyumjev Junior KwikPen 100units/ml inj 3ml pre-filled pens,602.0,3306.0,19425.47981,,2025-07-01,ultra-rapid,991800.0
0601011L0BEAAAC,Admelog 100units/ml solution for injection 3ml cartridges,46.0,446.0,1870.71523,,2025-07-01,biosimilar,133800.0
0601011L0BEABAB,Admelog 100units/ml solution for injection 10ml vials,80.0,280.0,3919.98466,,2025-07-01,biosimilar,280000.0
0601011L0BEACAF,Admelog 100units/ml inj 3ml pre-filled pens,249.0,1540.0,6759.18043,,2025-07-01,biosimilar,462000.0
0601011N0AAACAC,Insulin soluble porcine 100units/ml inj 10ml vials,2.0,4.0,157.5848,,2025-07-01,human soluble,4000.0
0601011N0AAALAL,Insulin soluble human 100units/ml inj 10ml vials,2.0,8.0,125.4648,,2025-07-01,human soluble,8000.0
0601011N0BCAEAC,Hypurin Porcine Neutral 100units/ml inj 10ml vials,141.0,434.0,16978.66731,,2025-07-01,human soluble,434000.0
0601011N0BCAHAZ,Hypurin Porcine Neutral 100units/ml inj 3ml cartridges,127.0,1061.0,12446.9675,,2025-07-01,human soluble,318300.0
0601011N0BFAEAL,Actrapid 100units/ml solution for injection 10ml vials,274.0,848.0,6290.48949,,2025-07-01,human soluble,848000.0
0601011N0BHAAAL,Humulin S 100units/ml solution for injection 10ml vials,84.0,246.0,3837.3424,,2025-07-01,human soluble,246000.0
0601011N0BHADAP,Humulin S 100units/ml solution for injection 3ml cartridges,1397.0,10863.0,41255.21595,,2025-07-01,human soluble,3258900.0
0601011P0AAAAAA,Insulin glulisine 100units/ml inj 10ml vials,5.0,16.0,256.062,,2025-07-01,generic analogue,16000.0
0601011P0AAABAB,Insulin glulisine 100units/ml inj 3ml cartridges,6.0,45.0,251.61597,,2025-07-01,generic analogue,13500.0
0601011P0AAACAC,Insulin glulisine 100units/ml inj 3ml pf dispos dev,30.0,230.0,1302.172,,2025-07-01,generic analogue,69000.0
0601011P0BBAAAA,Apidra 100units/ml solution for injection 10ml vials,312.0,1251.0,19814.91221,,2025-07-01,originator,1251000.0
0601011P0BBABAB,Apidra 100units/ml solution for injection 3ml cartridges,456.0,3360.0,18872.91097,,2025-07-01,originator,1008000.0
0601011P0BBAEAC,Apidra 100units/ml inj 3ml pre-filled SoloStar pens,5995.0,40750.0,229777.57782,,2025-07-01,originator,12225000.0
0601011R0BEAAAE,Humulin R KwikPen 500units/ml inj 3ml pre-filled pens,14.0,140.0,5971.6336,,2025-07-01,human soluble,210000.0
0601011A0AAAAAA,Insulin aspart 100units/ml solution for injection 10ml vials,81.0,396.0,5565.69946,,2025-08-01,generic analogue,396000.0
0601011A0AAABAB,Insulin aspart 100units/ml inj 3ml cartridges,163.0,1485.0,8407.23422,,2025-08-01,generic analogue,445500.0
0601011A0AAACAC,Insulin aspart 100units/ml inj 3ml pf dispos dev,89.0,587.0,3558.10313,,2025-08-01,generic analogue,176100.0
0601011A0BBAAAA,NovoRapid 100units/ml solution for injection 10ml vials,32566.0,130978.0,1835564.9654299999,,2025-08-01,originator,130978000.0
0601011A0BBABAB,NovoRapid Penfill 100units/ml inj 3ml cartridges,43410.0,337909.0,1903862.2905599999,,2025-08-01,originator,101372700.0
0601011A0BBADAC,NovoRapid FlexPen 100units/ml inj 3ml pre-filled pens,78181.0,506567.0,3089050.59743,,2025-08-01,originator,151970100.0
0601011A0BBAEAC,NovoRapid FlexTouch 100units/ml inj 3ml pre-filled pens,2051.0,13283.0,84994.13105,,2025-08-01,originator,3984900.0
0601011A0BBAFAD,NovoRapid PumpCart 100units/ml inj 1.6ml cartridges,1611.0,24226.0,72849.35335,,2025-08-01,originator,3876160.0
0601011A0BCAAAC,Fiasp FlexTouch 100units/ml inj 3ml pre-filled pens,2270.0,13599.0,82844.59872,,2025-08-01,ultra-rapid,4079700.0
0601011A0BCABAB,Fiasp Penfill 100units/ml inj 3ml cartridges,25854.0,174283.0,982232.19251,,2025-08-01,ultra-rapid,52284900.0
0601011A0BCACAA,Fiasp 100units/ml solution for injection 10ml vials,7246.0,28778.0,402909.79005,,2025-08-01,ultra-rapid,28778000.0
0601011A0BDAAAB,Trurapi 100units/ml solution for injection 3ml cartridges,1398.0,10103.0,39747.10471,,2025-08-01,biosimilar,3030900.0
0601011A0BDABAC,Trurapi 100units/ml inj 3ml pre-filled Solostar pens,19220.0,110822.0,472870.28354,,2025-08-01,biosimilar,33246600.0
0601011A0BDACAA,Trurapi 100units/ml solution for injection 10ml vial,662.0,2470.0,29414.17361,,2025-08-01,biosimilar,2470000.0
0601011L0AAABAB,Insulin lispro 100units/ml solution for injection 10ml vials,81.0,361.0,5997.2144,,2025-08-01,generic analogue,361000.0
0601011L0AAACAC,Insulin lispro 100units/ml inj 3ml cartridges,152.0,1377.0,7789.39625,,2025-08-01,generic analogue,413100.0
0601011L0AAAFAF,Insulin lispro 100units/ml inj 3ml pf dispos dev,86.0,649.0,3818.5064,,2025-08-01,generic analogue,194700.0
0601011L0AAAGAG,Insulin lispro 200units/ml inj 3ml pf dispos dev,11.0,91.0,1066.01935,,2025-08-01,generic analogue,54600.0
0601011L0BBABAB,Humalog 100units/ml solution for injection 10ml vials,2840.0,11758.0,194396.28228,,2025-08-01,originator,11758000.0
0601011L0BBACAC,Humalog 100units/ml solution for injection 3ml cartridges,7932.0,67999.0,382726.0856,,2025-08-01,originator,20399700.0
0601011L0BBAGAF,Humalog KwikPen 100units/ml inj 3ml pre-filled pens,15051.0,102603.0,602247.2469,,2025-08-01,originator,30780900.0
0601011L0BBAHAG,Humalog KwikPen 200units/ml inj 3ml pre-filled pens,2763.0,23105.0,271030.31908,,2025-08-01,originator,13863000.0
0601011L0BBAIAF,Humalog Junior KwikPen 100units/ml inj 3ml pre-filled pens,587.0,3219.0,18896.9474,,2025-08-01,originator,965700.0
0601011L0BCACAF,Insulin lispro Sanofi 100units/ml inj 3ml pre-filled pens,1.0,10.0,58.9324,,2025-08-01,biosimilar,3000.0
0601011L0BDAAAG,Lyumjev KwikPen 200units/ml inj 3ml pre-filled pens,357.0,2589.0,30350.84375,,2025-08-01,ultra-rapid,1553400.0
0601011L0BDABAB,Lyumjev 100units/ml solution for injection 10ml vials,1563.0,5939.0,98059.98659,,2025-08-01,ultra-rapid,5939000.0
0601011L0BDACAC,Lyumjev 100units/ml solution for injection 3ml cartridges,1003.0,7449.0,41958.33103,,2025-08-01,ultra-rapid,2234700.0
0601011L0BDADAF,Lyumjev KwikPen 100units/ml inj 3ml pre-filled pens,5828.0,35909.0,210733.51591,,2025-08-01,ultra-rapid,10772700.0
0601011L0BDAEAF,Lyumjev Junior KwikPen 100units/ml inj 3ml pre-filled pens,558.0,3128.0,18364.13301,,2025-08-01,ultra-rapid,938400.0
0601011L0BEAAAC,Admelog 100units/ml solution for injection 3ml cartridges,57.0,502.0,2111.12136,,2025-08-01,biosimilar,150600.0
0601011L0BEABAB,Admelog 100units/ml solution for injection 10ml vials,78.0,257.0,3595.21551,,2025-08-01,biosimilar,257000.0
0601011L0BEACAF,Admelog 100units/ml inj 3ml pre-filled pens,253.0,1664.0,7296.80491,,2025-08-01,biosimilar,499200.0
0601011N0AAACAC,Insulin soluble porcine 100units/ml inj 10ml vials,1.0,2.0,78.7924,,2025-08-01,human soluble,2000.0
0601011N0AAALAL,Insulin soluble human 100units/ml inj 10ml vials,1.0,5.0,69.69158,,2025-08-01,human soluble,5000.0
0601011N0BCAEAC,Hypurin Porcine Neutral 100units/ml inj 10ml vials,123.0,418.0,16418.35473,,2025-08-01,human soluble,418000.0
0601011N0BCAHAZ,Hypurin Porcine Neutral 100units/ml inj 3ml cartridges,117.0,1028.0,11992.49134,,2025-08-01,human soluble,308400.0
0601011N0BFAEAL,Actrapid 100units/ml solution for injection 10ml vials,251.0,815.0,6042.5539,,2025-08-01,human soluble,815000.0
0601011N0BHAAAL,Humulin S 100units/ml solution for injection 10ml vials,84.0,229.0,3593.67007,,2025-08-01,human soluble,229000.0
0601011N0BHADAP,Humulin S 100units/ml solution for injection 3ml cartridges,1230.0,9863.0,37524.77041,,2025-08-01,human soluble,2958900.0
0601011P0AAAAAA,Insulin glulisine 100units/ml inj 10ml vials,10.0,41.0,656.124,,2025-08-01,generic analogue,41000.0
0601011P0AAABAB,Insulin glulisine 100units/ml inj 3ml cartridges,7.0,75.0,424.5868,,2025-08-01,generic analogue,22500.0
0601011P0AAACAC,Insulin glulisine 100units/ml inj 3ml pf dispos dev,32.0,242.0,1367.2609300000001,,2025-08-01,generic analogue,72600.0
0601011P0BBAAAA,Apidra 100units/ml solution for injection 10ml vials,279.0,1119.0,17677.80016,,2025-08-01,originator,1119000.0
0601011P0BBABAB,Apidra 100units/ml solution for injection 3ml cartridges,452.0,3413.0,19138.51149,,2025-08-01,originator,1023900.0
0601011P0BBAEAC,Apidra 100units/ml inj 3ml pre-filled SoloStar pens,5521.0,37926.0,213892.16076,,2025-08-01,originator,11377800.0
0601011R0AAAEAE,Insulin human 500units/ml inj 3ml pf dispos dev,1.0,6.0,269.8624,,2025-08-01,human soluble,9000.0
0601011R0BEAAAE,Humulin R KwikPen 500units/ml inj 3ml pre-filled pens,6.0,80.0,3880.8844,,2025-08-01,human soluble,120000.0
0601011A0AAAAAA,Insulin aspart 100units/ml solution for injection 10ml vials,82.0,371.0,5221.5539499999995,,2025-09-01,generic analogue,371000.0
0601011A0AAABAB,Insulin aspart 100units/ml inj 3ml cartridges,159.0,1564.0,8857.6316,,2025-09-01,generic analogue,469200.0
0601011A0AAACAC,Insulin aspart 100units/ml inj 3ml pf dispos dev,87.0,559.0,3397.89945,,2025-09-01,generic analogue,167700.0
0601011A0AAADAD,Insulin aspart 100units/ml inj 1.6ml cartridges,2.0,30.0,90.6248,,2025-09-01,generic analogue,4800.0
0601011A0BBAAAA,NovoRapid 100units/ml solution for injection 10ml vials,35644.0,142662.0,1999281.14742,,2025-09-01,originator,142662000.0
0601011A0BBABAB,NovoRapid Penfill 100units/ml inj 3ml cartridges,44906.0,347124.0,1955409.98108,,2025-09-01,originator,104137200.0
0601011A0BBADAC,NovoRapid FlexPen 100units/ml inj 3ml pre-filled pens,81263.0,527096.0,3214063.9489,,2025-09-01,originator,158128800.0
0601011A0BBAEAC,NovoRapid FlexTouch 100units/ml inj 3ml pre-filled pens,2063.0,13124.0,83950.442,,2025-09-01,originator,3937200.0
0601011A0BBAFAD,NovoRapid PumpCart 100units/ml inj 1.6ml cartridges,1111.0,16802.0,50476.46366,,2025-09-01,originator,2688320.0
0601011A0BCAAAC,Fiasp FlexTouch 100units/ml inj 3ml pre-filled pens,2504.0,14648.0,89188.00415000001,,2025-09-01,ultra-rapid,4394400.0
0601011A0BCABAB,Fiasp Penfill 100units/ml inj 3ml cartridges,27108.0,181622.0,1023081.0357,,2025-09-01,ultra-rapid,54486600.0
0601011A0BCACAA,Fiasp 100units/ml solution for injection 10ml vials,7593.0,29946.0,419593.77519,,2025-09-01,ultra-rapid,29946000.0
0601011A0BDAAAB,Trurapi 100units/ml solution for injection 3ml cartridges,1575.0,11365.0,44740.1283,,2025-09-01,biosimilar,3409500.0
0601011A0BDABAC,Trurapi 100units/ml inj 3ml pre-filled Solostar pens,20888.0,119902.0,511783.01887,,2025-09-01,biosimilar,35970600.0
0601011A0BDACAA,Trurapi 100units/ml solution for injection 10ml vial,717.0,2735.0,32588.09506,,2025-09-01,biosimilar,2735000.0
0601011L0AAABAB,Insulin lispro 100units/ml solution for injection 10ml vials,69.0,294.0,4874.95082,,2025-09-01,generic analogue,294000.0
0601011L0AAACAC,Insulin lispro 100units/ml inj 3ml cartridges,185.0,1753.0,9918.61783,,2025-09-01,generic analogue,525900.0
0601011L0AAAFAF,Insulin lispro 100units/ml inj 3ml pf dispos dev,92.0,721.0,4249.9708,,2025-09-01,generic analogue,216300.0
0601011L0AAAGAG,Insulin lispro 200units/ml inj 3ml pf dispos dev,11.0,86.0,1007.09407,,2025-09-01,generic analogue,51600.0
0601011L0BBABAB,Humalog 100units/ml solution for injection 10ml vials,3026.0,12332.0,203855.97357,,2025-09-01,originator,12332000.0
0601011L0BBACAC,Humalog 100units/ml solution for injection 3ml cartridges,8273.0,71321.0,401309.46643000003,,2025-09-01,originator,21396300.0
0601011L0BBAGAF,Humalog KwikPen 100units/ml inj 3ml pre-filled pens,15735.0,107981.0,633910.3441,,2025-09-01,originator,32394300.0
0601011L0BBAHAG,Humalog KwikPen 200units/ml inj 3ml pre-filled pens,2889.0,24301.0,285012.68464,,2025-09-01,originator,14580600.0
0601011L0BBAIAF,Humalog Junior KwikPen 100units/ml inj 3ml pre-filled pens,619.0,3353.0,19680.53107,,2025-09-01,originator,1005900.0
0601011L0BCACAF,Insulin lispro Sanofi 100units/ml inj 3ml pre-filled pens,2.0,10.0,51.4948,,2025-09-01,biosimilar,3000.0
0601011L0BDAAAG,Lyumjev KwikPen 200units/ml inj 3ml pre-filled pens,385.0,2863.0,33676.26922,,2025-09-01,ultra-rapid,1717800.0
0601011L0BDABAB,Lyumjev 100units/ml solution for injection 10ml vials,1766.0,6740.0,111368.43439,,2025-09-01,ultra-rapid,6740000.0
0601011L0BDACAC,Lyumjev 100units/ml solution for injection 3ml cartridges,1056.0,7753.0,43672.29665,,2025-09-01,ultra-rapid,2325900.0
0601011L0BDADAF,Lyumjev KwikPen 100units/ml inj 3ml pre-filled pens,6240.0,38655.0,226918.55096,,2025-09-01,ultra-rapid,11596500.0
0601011L0BDAEAF,Lyumjev Junior KwikPen 100units/ml inj 3ml pre-filled pens,561.0,3066.0,17991.50978,,2025-09-01,ultra-rapid,919800.0
0601011L0BEAAAC,Admelog 100units/ml solution for injection 3ml cartridges,47.0,395.0,1668.27534,,2025-09-01,biosimilar,118500.0
0601011L0BEABAB,Admelog 100units/ml solution for injection 10ml vials,91.0,332.0,4622.9057999999995,,2025-09-01,biosimilar,332000.0
0601011L0BEACAF,Admelog 100units/ml inj 3ml pre-filled pens,253.0,1595.0,7000.04004,,2025-09-01,biosimilar,478500.0
0601011N0AAACAC,Insulin soluble porcine 100units/ml inj 10ml vials,3.0,6.0,236.3772,,2025-09-01,human soluble,6000.0
0601011N0AAALAL,Insulin soluble human 100units/ml inj 10ml vials,1.0,4.0,62.7324,,2025-09-01,human soluble,4000.0
0601011N0BCAEAC,Hypurin Porcine Neutral 100units/ml inj 10ml vials,109.0,368.0,14453.0211,,2025-09-01,human soluble,368000.0
0601011N0BCAHAZ,Hypurin Porcine Neutral 100units/ml inj 3ml cartridges,170.0,1486.0,17415.47579,,2025-09-01,human soluble,445800.0
0601011N0BFAEAL,Actrapid 100units/ml solution for injection 10ml vials,262.0,827.0,6146.54058,,2025-09-01,human soluble,827000.0
0601011N0BHAAAL,Humulin S 100units/ml solution for injection 10ml vials,84.0,248.0,3875.6996799999997,,2025-09-01,human soluble,248000.0
0601011N0BHADAP,Humulin S 100units/ml solution for injection 3ml cartridges,1302.0,10037.0,38142.93812,,2025-09-01,human soluble,3011100.0
0601011P0AAAAAA,Insulin glulisine 100units/ml inj 10ml vials,11.0,52.0,832.1364,,2025-09-01,generic analogue,52000.0
0601011P0AAABAB,Insulin glulisine 100units/ml inj 3ml cartridges,6.0,80.0,449.71599,,2025-09-01,generic analogue,24000.0
0601011P0AAACAC,Insulin glulisine 100units/ml inj 3ml pf dispos dev,30.0,235.0,1330.672,,2025-09-01,generic analogue,70500.0
0601011P0BBAAAA,Apidra 100units/ml solution for injection 10ml vials,281.0,1070.0,16918.51641,,2025-09-01,originator,1070000.0
0601011P0BBABAB,Apidra 100units/ml solution for injection 3ml cartridges,439.0,3241.0,18208.57424,,2025-09-01,originator,972300.0
0601011P0BBAEAC,Apidra 100units/ml inj 3ml pre-filled SoloStar pens,5650.0,38534.0,217221.58133,,2025-09-01,originator,11560200.0
0601011R0AAAEAE,Insulin human 500units/ml inj 3ml pf dispos dev,1.0,6.0,269.8624,,2025-09-01,human soluble,9000.0
0601011R0BEAAAE,Humulin R KwikPen 500units/ml inj 3ml pre-filled pens,7.0,34.0,1223.5968,,2025-09-01,human soluble,51000.0
0601011A0AAAAAA,Insulin aspart 100units/ml solution for injection 10ml vials,74.0,380.0,5346.58839,,2025-10-01,generic analogue,380000.0
0601011A0AAABAB,Insulin aspart 100units/ml inj 3ml cartridges,143.0,1573.0,8895.623239999999,,2025-10-01,generic analogue,471900.0
0601011A0AAACAC,Insulin aspart 100units/ml inj 3ml pf dispos dev,94.0,654.0,3952.35829,,2025-10-01,generic analogue,196200.0
0601011A0AAADAD,Insulin aspart 100units/ml inj 1.6ml cartridges,2.0,45.0,135.9248,,2025-10-01,generic analogue,7200.0
0601011A0BBAAAA,NovoRapid 100units/ml solution for injection 10ml vials,36865.0,146991.0,2059881.3215,,2025-10-01,originator,146991000.0
0601011A0BBABAB,NovoRapid Penfill 100units/ml inj 3ml cartridges,45663.0,354455.0,1996864.67087,,2025-10-01,originator,106336500.0
0601011A0BBADAC,NovoRapid FlexPen 100units/ml inj 3ml pre-filled pens,82857.0,536187.0,3269505.15806,,2025-10-01,originator,160856100.0
0601011A0BBAEAC,NovoRapid FlexTouch 100units/ml inj 3ml pre-filled pens,2222.0,14093.0,90127.30219,,2025-10-01,originator,4227900.0
0601011A0BBAFAD,NovoRapid PumpCart 100units/ml inj 1.6ml cartridges,2675.0,43239.0,130182.08017,,2025-10-01,originator,6918240.0
0601011A0BCAAAC,Fiasp FlexTouch 100units/ml inj 3ml pre-filled pens,2481.0,14701.0,89493.62324,,2025-10-01,ultra-rapid,4410300.0
0601011A0BCABAB,Fiasp Penfill 100units/ml inj 3ml cartridges,27893.0,187468.0,1056121.63932,,2025-10-01,ultra-rapid,56240400.0
0601011A0BCACAA,Fiasp 100units/ml solution for injection 10ml vials,8009.0,31649.0,443254.05691,,2025-10-01,ultra-rapid,31649000.0
0601011A0BDAAAB,Trurapi 100units/ml solution for injection 3ml cartridges,1675.0,12129.0,47765.59391,,2025-10-01,biosimilar,3638700.0
0601011A0BDABAC,Trurapi 100units/ml inj 3ml pre-filled Solostar pens,22442.0,128664.0,549310.62827,,2025-10-01,biosimilar,38599200.0
0601011A0BDACAA,Trurapi 100units/ml solution for injection 10ml vial,746.0,2792.0,33249.89534,,2025-10-01,biosimilar,2792000.0
0601011L0AAABAB,Insulin lispro 100units/ml solution for injection 10ml vials,74.0,325.0,5391.7360499999995,,2025-10-01,generic analogue,325000.0
0601011L0AAACAC,Insulin lispro 100units/ml inj 3ml cartridges,168.0,1501.0,8482.63586,,2025-10-01,generic analogue,450300.0
0601011L0AAAFAF,Insulin lispro 100units/ml inj 3ml pf dispos dev,87.0,648.0,3816.28669,,2025-10-01,generic analogue,194400.0
0601011L0AAAGAG,Insulin lispro 200units/ml inj 3ml pf dispos dev,9.0,67.0,776.6479800000001,,2025-10-01,generic analogue,40200.0
0601011L0BBABAB,Humalog 100units/ml solution for injection 10ml vials,3102.0,12534.0,206932.7382,,2025-10-01,originator,12534000.0
0601011L0BBACAC,Humalog 100units/ml solution for injection 3ml cartridges,8428.0,72388.0,407234.36292,,2025-10-01,originator,21716400.0
0601011L0BBAGAF,Humalog KwikPen 100units/ml inj 3ml pre-filled pens,16184.0,110654.0,649623.65653,,2025-10-01,originator,33196200.0
0601011L0BBAHAG,Humalog KwikPen 200units/ml inj 3ml pre-filled pens,3026.0,25122.0,294716.02088,,2025-10-01,originator,15073200.0
0601011L0BBAIAF,Humalog Junior KwikPen 100units/ml inj 3ml pre-filled pens,656.0,3503.0,20559.83362,,2025-10-01,originator,1050900.0
0601011L0BDAAAG,Lyumjev KwikPen 200units/ml inj 3ml pre-filled pens,393.0,2995.0,35149.20596,,2025-10-01,ultra-rapid,1797000.0
0601011L0BDABAB,Lyumjev 100units/ml solution for injection 10ml vials,1824.0,6992.0,115592.98604,,2025-10-01,ultra-rapid,6992000.0
0601011L0BDACAC,Lyumjev 100units/ml solution for injection 3ml cartridges,1065.0,7784.0,43844.81028,,2025-10-01,ultra-rapid,2335200.0
0601011L0BDADAF,Lyumjev KwikPen 100units/ml inj 3ml pre-filled pens,6494.0,39725.0,233235.83138,,2025-10-01,ultra-rapid,11917500.0
0601011L0BDAEAF,Lyumjev Junior KwikPen 100units/ml inj 3ml pre-filled pens,591.0,3288.0,19299.9129,,2025-10-01,ultra-rapid,986400.0
0601011L0BEAAAC,Admelog 100units/ml solution for injection 3ml cartridges,53.0,440.0,1849.88209,,2025-10-01,biosimilar,132000.0
0601011L0BEABAB,Admelog 100units/ml solution for injection 10ml vials,69.0,245.0,3434.95341,,2025-10-01,biosimilar,245000.0
0601011L0BEACAF,Admelog 100units/ml inj 3ml pre-filled pens,261.0,1631.0,7162.383330000001,,2025-10-01,biosimilar,489300.0
0601011N0AAALAL,Insulin soluble human 100units/ml inj 10ml vials,1.0,4.0,62.7324,,2025-10-01,human soluble,4000.0
0601011N0BCAEAC,Hypurin Porcine Neutral 100units/ml inj 10ml vials,105.0,316.0,12316.47364,,2025-10-01,human soluble,316000.0
0601011N0BCAHAZ,Hypurin Porcine Neutral 100units/ml inj 3ml cartridges,153.0,1299.0,15170.77635,,2025-10-01,human soluble,389700.0
0601011N0BFAEAL,Actrapid 100units/ml solution for injection 10ml vials,256.0,838.0,6229.40295,,2025-10-01,human soluble,838000.0
0601011N0BHAAAL,Humulin S 100units/ml solution for injection 10ml vials,87.0,249.0,3900.25411,,2025-10-01,human soluble,249000.0
0601011N0BHADAP,Humulin S 100units/ml solution for injection 3ml cartridges,1304.0,10316.0,39211.87274,,2025-10-01,human soluble,3094800.0
0601011P0AAAAAA,Insulin glulisine 100units/ml inj 10ml vials,5.0,19.0,304.062,,2025-10-01,generic analogue,19000.0
0601011P0AAABAB,Insulin glulisine 100units/ml inj 3ml cartridges,8.0,85.0,481.1992,,2025-10-01,generic analogue,25500.0
0601011P0AAACAC,Insulin glulisine 100units/ml inj 3ml pf dispos dev,34.0,233.0,1319.6016,,2025-10-01,generic analogue,69900.0
0601011P0BBAAAA,Apidra 100units/ml solution for injection 10ml vials,315.0,1288.0,20427.50699,,2025-10-01,originator,1288000.0
0601011P0BBABAB,Apidra 100units/ml solution for injection 3ml cartridges,487.0,3661.0,20560.85085,,2025-10-01,originator,1098300.0
0601011P0BBAEAC,Apidra 100units/ml inj 3ml pre-filled SoloStar pens,5792.0,39835.0,224606.05915,,2025-10-01,originator,11950500.0
0601011R0BEAAAE,Humulin R KwikPen 500units/ml inj 3ml pre-filled pens,15.0,255.0,12893.806,,2025-10-01,human soluble,382500.0
0601011A0AAAAAA,Insulin aspart 100units/ml solution for injection 10ml vials,79.0,363.0,5105.72705,,2025-11-01,generic analogue,363000.0
0601011A0AAABAB,Insulin aspart 100units/ml inj 3ml cartridges,140.0,1191.0,6745.466,,2025-11-01,generic analogue,357300.0
0601011A0AAACAC,Insulin aspart 100units/ml inj 3ml pf dispos dev,91.0,613.0,3723.42805,,2025-11-01,generic analogue,183900.0
0601011A0AAADAD,Insulin aspart 100units/ml inj 1.6ml cartridges,1.0,20.0,60.4124,,2025-11-01,generic analogue,3200.0
0601011A0BBAAAA,NovoRapid 100units/ml solution for injection 10ml vials,33703.0,134687.0,1888565.75131,,2025-11-01,originator,134687000.0
0601011A0BBABAB,NovoRapid Penfill 100units/ml inj 3ml cartridges,42390.0,328601.0,1851365.4561299998,,2025-11-01,originator,98580300.0
0601011A0BBADAC,NovoRapid FlexPen 100units/ml inj 3ml pre-filled pens,76295.0,493807.0,3011327.98101,,2025-11-01,originator,148142100.0
0601011A0BBAEAC,NovoRapid FlexTouch 100units/ml inj 3ml pre-filled pens,1957.0,12536.0,80183.59552999999,,2025-11-01,originator,3760800.0
0601011A0BBAFAD,NovoRapid PumpCart 100units/ml inj 1.6ml cartridges,2432.0,39207.0,117957.31902999998,,2025-11-01,originator,6273120.0
0601011A0BCAAAC,Fiasp FlexTouch 100units/ml inj 3ml pre-filled pens,2105.0,12611.0,76917.32858999999,,2025-11-01,ultra-rapid,3783300.0
0601011A0BCABAB,Fiasp Penfill 100units/ml inj 3ml cartridges,26154.0,175832.0,990891.0765199999,,2025-11-01,ultra-rapid,52749600.0
0601011A0BCACAA,Fiasp 100units/ml solution for injection 10ml vials,7528.0,29349.0,411379.48614999995,,2025-11-01,ultra-rapid,29349000.0
0601011A0BDAAAB,Trurapi 100units/ml solution for injection 3ml cartridges,1620.0,11809.0,46459.32086999999,,2025-11-01,biosimilar,3542700.0
0601011A0BDABAC,Trurapi 100units/ml inj 3ml pre-filled Solostar pens,21496.0,124232.0,530298.1570100001,,2025-11-01,biosimilar,37269600.0
0601011A0BDACAA,Trurapi 100units/ml solution for injection 10ml vial,744.0,2766.0,32891.21494,,2025-11-01,biosimilar,2766000.0
0601011L0AAABAB,Insulin lispro 100units/ml solution for injection 10ml vials,75.0,324.0,5375.1,,2025-11-01,generic analogue,324000.0
0601011L0AAACAC,Insulin lispro 100units/ml inj 3ml cartridges,139.0,1296.0,7324.28357,,2025-11-01,generic analogue,388800.0
0601011L0AAAFAF,Insulin lispro 100units/ml inj 3ml pf dispos dev,79.0,584.0,3442.4096,,2025-11-01,generic analogue,175200.0
0601011L0AAAGAG,Insulin lispro 200units/ml inj 3ml pf dispos dev,7.0,111.0,1301.6372999999999,,2025-11-01,generic analogue,66600.0
0601011L0BBABAB,Humalog 100units/ml solution for injection 10ml vials,3039.0,12613.0,208452.18302,,2025-11-01,originator,12613000.0
0601011L0BBACAC,Humalog 100units/ml solution for injection 3ml cartridges,7722.0,66208.0,372705.86659,,2025-11-01,originator,19862400.0
0601011L0BBAFAF,Humalog Pen 100units/ml inj 3ml pre-filled pens,1.0,5.0,29.4724,,2025-11-01,originator,1500.0
0601011L0BBAGAF,Humalog KwikPen 100units/ml inj 3ml pre-filled pens,14822.0,101401.0,595252.15885,,2025-11-01,originator,30420300.0
0601011L0BBAHAG,Humalog KwikPen 200units/ml inj 3ml pre-filled pens,2728.0,22613.0,265200.97095999995,,2025-11-01,originator,13567800.0
0601011L0BBAIAF,Humalog Junior KwikPen 100units/ml inj 3ml pre-filled pens,593.0,3233.0,18998.017550000004,,2025-11-01,originator,969900.0
0601011L0BCAAAB,Insulin lispro Sanofi 100units/ml inj 10ml vials,2.0,6.0,54.8348,,2025-11-01,biosimilar,6000.0
0601011L0BCACAF,Insulin lispro Sanofi 100units/ml inj 3ml pre-filled pens,1.0,5.0,29.4724,,2025-11-01,biosimilar,1500.0
0601011L0BDAAAG,Lyumjev KwikPen 200units/ml inj 3ml pre-filled pens,387.0,2868.0,33644.9115,,2025-11-01,ultra-rapid,1720800.0
0601011L0BDABAB,Lyumjev 100units/ml solution for injection 10ml vials,1832.0,6992.0,115624.65435999999,,2025-11-01,ultra-rapid,6992000.0
0601011L0BDACAC,Lyumjev 100units/ml solution for injection 3ml cartridges,1037.0,7766.0,43718.09658,,2025-11-01,ultra-rapid,2329800.0
0601011L0BDADAF,Lyumjev KwikPen 100units/ml inj 3ml pre-filled pens,6087.0,37447.0,219886.7167,,2025-11-01,ultra-rapid,11234100.0
0601011L0BDAEAF,Lyumjev Junior KwikPen 100units/ml inj 3ml pre-filled pens,555.0,3084.0,18113.68301,,2025-11-01,ultra-rapid,925200.0
0601011L0BEAAAC,Admelog 100units/ml solution for injection 3ml cartridges,42.0,388.0,1632.3275,,2025-11-01,biosimilar,116400.0
0601011L0BEABAB,Admelog 100units/ml solution for injection 10ml vials,66.0,247.0,3445.93174,,2025-11-01,biosimilar,247000.0
0601011L0BEACAF,Admelog 100units/ml inj 3ml pre-filled pens,185.0,1132.0,4975.695899999999,,2025-11-01,biosimilar,339600.0
0601011N0AAACAC,Insulin soluble porcine 100units/ml inj 10ml vials,1.0,2.0,78.7924,,2025-11-01,human soluble,2000.0
0601011N0AAALAL,Insulin soluble human 100units/ml inj 10ml vials,2.0,2.0,31.3848,,2025-11-01,human soluble,2000.0
0601011N0BCAEAC,Hypurin Porcine Neutral 100units/ml inj 10ml vials,91.0,315.0,12321.21881,,2025-11-01,human soluble,315000.0
0601011N0BCAHAZ,Hypurin Porcine Neutral 100units/ml inj 3ml cartridges,155.0,1333.0,15565.2616,,2025-11-01,human soluble,399900.0
0601011N0BFAEAL,Actrapid 100units/ml solution for injection 10ml vials,251.0,832.0,6169.59398,,2025-11-01,human soluble,832000.0
0601011N0BHAAAL,Humulin S 100units/ml solution for injection 10ml vials,68.0,209.0,3250.14383,,2025-11-01,human soluble,209000.0
0601011N0BHADAP,Humulin S 100units/ml solution for injection 3ml cartridges,1184.0,9345.0,35509.54039,,2025-11-01,human soluble,2803500.0
0601011P0AAAAAA,Insulin glulisine 100units/ml inj 10ml vials,3.0,11.0,176.03719999999998,,2025-11-01,generic analogue,11000.0
0601011P0AAABAB,Insulin glulisine 100units/ml inj 3ml cartridges,2.0,10.0,56.6248,,2025-11-01,generic analogue,3000.0
0601011P0AAACAC,Insulin glulisine 100units/ml inj 3ml pf dispos dev,33.0,247.0,1394.72506,,2025-11-01,generic analogue,74100.0
0601011P0BBAAAA,Apidra 100units/ml solution for injection 10ml vials,275.0,1075.0,17001.81667,,2025-11-01,originator,1075000.0
0601011P0BBABAB,Apidra 100units/ml solution for injection 3ml cartridges,413.0,2991.0,16778.32197,,2025-11-01,originator,897300.0
0601011P0BBAEAC,Apidra 100units/ml inj 3ml pre-filled SoloStar pens,5366.0,36309.0,204801.51372999998,,2025-11-01,originator,10892700.0
0601011R0BEAAAE,Humulin R KwikPen 500units/ml inj 3ml pre-filled pens,18.0,221.0,9778.713199999998,,2025-11-01,human soluble,331500.0
0601011A0AAAAAA,Insulin aspart 100units/ml solution for injection 10ml vials,80.0,376.0,5287.2147,,2025-12-01,generic analogue,376000.0
0601011A0AAABAB,Insulin aspart 100units/ml inj 3ml cartridges,147.0,1336.0,7563.48071,,2025-12-01,generic analogue,400800.0
0601011A0AAACAC,Insulin aspart 100units/ml inj 3ml pf dispos dev,96.0,665.0,4051.20161,,2025-12-01,generic analogue,199500.0
0601011A0AAADAD,Insulin aspart 100units/ml inj 1.6ml cartridges,2.0,30.0,90.6248,,2025-12-01,generic analogue,4800.0
0601011A0BBAAAA,NovoRapid 100units/ml solution for injection 10ml vials,38203.0,153674.0,2153625.70403,,2025-12-01,originator,153674000.0
0601011A0BBABAB,NovoRapid Penfill 100units/ml inj 3ml cartridges,47586.0,370069.0,2084861.8051099996,,2025-12-01,originator,111020700.0
0601011A0BBADAC,NovoRapid FlexPen 100units/ml inj 3ml pre-filled pens,85244.0,554022.0,3377615.5136400005,,2025-12-01,originator,166206600.0
0601011A0BBAEAC,NovoRapid FlexTouch 100units/ml inj 3ml pre-filled pens,1840.0,11422.0,73052.59154,,2025-12-01,originator,3426600.0
0601011A0BBAFAD,NovoRapid PumpCart 100units/ml inj 1.6ml cartridges,2650.0,41795.0,125517.10536999998,,2025-12-01,originator,6687200.0
0601011A0BCAAAC,Fiasp FlexTouch 100units/ml inj 3ml pre-filled pens,2352.0,14022.0,85397.26031999997,,2025-12-01,ultra-rapid,4206600.0
0601011A0BCABAB,Fiasp Penfill 100units/ml inj 3ml cartridges,29771.0,201038.0,1132481.4807299997,,2025-12-01,ultra-rapid,60311400.0
0601011A0BCACAA,Fiasp 100units/ml solution for injection 10ml vials,8572.0,33874.0,474550.36149,,2025-12-01,ultra-rapid,33874000.0
0601011A0BDAAAB,Trurapi 100units/ml solution for injection 3ml cartridges,1820.0,13259.0,52233.99338999998,,2025-12-01,biosimilar,3977700.0
0601011A0BDABAC,Trurapi 100units/ml inj 3ml pre-filled Solostar pens,24935.0,143167.0,611314.81565,,2025-12-01,biosimilar,42950100.0
0601011A0BDACAA,Trurapi 100units/ml solution for injection 10ml vial,813.0,3092.0,36763.68651,,2025-12-01,biosimilar,3092000.0
0601011L0AAABAB,Insulin lispro 100units/ml solution for injection 10ml vials,71.0,331.0,5498.7904,,2025-12-01,generic analogue,331000.0
0601011L0AAACAC,Insulin lispro 100units/ml inj 3ml cartridges,157.0,1429.0,8077.77117,,2025-12-01,generic analogue,428700.0
0601011L0AAAFAF,Insulin lispro 100units/ml inj 3ml pf dispos dev,90.0,754.0,4437.89594,,2025-12-01,generic analogue,226200.0
0601011L0AAAGAG,Insulin lispro 200units/ml inj 3ml pf dispos dev,9.0,62.0,724.34394,,2025-12-01,generic analogue,37200.0
0601011L0BBABAB,Humalog 100units/ml solution for injection 10ml vials,3371.0,13921.0,229878.98247999998,,2025-12-01,originator,13921000.0
0601011L0BBACAC,Humalog 100units/ml solution for injection 3ml cartridges,8753.0,75682.0,425853.15528999997,,2025-12-01,originator,22704600.0
0601011L0BBAGAF,Humalog KwikPen 100units/ml inj 3ml pre-filled pens,16798.0,115049.0,675285.6141700001,,2025-12-01,originator,34514700.0
0601011L0BBAHAG,Humalog KwikPen 200units/ml inj 3ml pre-filled pens,3066.0,25368.0,297800.93551999994,,2025-12-01,originator,15220800.0
0601011L0BBAIAF,Humalog Junior KwikPen 100units/ml inj 3ml pre-filled pens,644.0,3484.0,20459.75786,,2025-12-01,originator,1045200.0
0601011L0BCAAAB,Insulin lispro Sanofi 100units/ml inj 10ml vials,3.0,9.0,206.1972,,2025-12-01,biosimilar,9000.0
0601011L0BDAAAG,Lyumjev KwikPen 200units/ml inj 3ml pre-filled pens,398.0,3047.0,35782.89114,,2025-12-01,ultra-rapid,1828200.0
0601011L0BDABAB,Lyumjev 100units/ml solution for injection 10ml vials,1960.0,7531.0,124490.32878999999,,2025-12-01,ultra-rapid,7531000.0
0601011L0BDACAC,Lyumjev 100units/ml solution for injection 3ml cartridges,1159.0,8662.0,48751.716949999995,,2025-12-01,ultra-rapid,2598600.0
0601011L0BDADAF,Lyumjev KwikPen 100units/ml inj 3ml pre-filled pens,6871.0,42563.0,249751.60500999997,,2025-12-01,ultra-rapid,12768900.0
0601011L0BDAEAF,Lyumjev Junior KwikPen 100units/ml inj 3ml pre-filled pens,622.0,3449.0,20275.762290000002,,2025-12-01,ultra-rapid,1034700.0
0601011L0BEAAAC,Admelog 100units/ml solution for injection 3ml cartridges,42.0,335.0,1413.45805,,2025-12-01,biosimilar,100500.0
0601011L0BEABAB,Admelog 100units/ml solution for injection 10ml vials,58.0,210.0,2929.70055,,2025-12-01,biosimilar,210000.0
0601011L0BEACAF,Admelog 100units/ml inj 3ml pre-filled pens,228.0,1473.0,6460.362589999999,,2025-12-01,biosimilar,441900.0
0601011N0BCAEAC,Hypurin Porcine Neutral 100units/ml inj 10ml vials,53.0,202.0,7900.40381,,2025-12-01,human soluble,202000.0
0601011N0BCAHAZ,Hypurin Porcine Neutral 100units/ml inj 3ml cartridges,159.0,1301.0,15220.153779999999,,2025-12-01,human soluble,390300.0
0601011N0BFAEAL,Actrapid 100units/ml solution for injection 10ml vials,293.0,932.0,6900.555130000001,,2025-12-01,human soluble,932000.0
0601011N0BHAAAL,Humulin S 100units/ml solution for injection 10ml vials,81.0,231.0,3603.8575899999996,,2025-12-01,human soluble,231000.0
0601011N0BHADAP,Humulin S 100units/ml solution for injection 3ml cartridges,1311.0,10333.0,39300.67996,,2025-12-01,human soluble,3099900.0
0601011P0AAAAAA,Insulin glulisine 100units/ml inj 10ml vials,10.0,44.0,704.124,,2025-12-01,generic analogue,44000.0
0601011P0AAABAB,Insulin glulisine 100units/ml inj 3ml cartridges,8.0,75.0,421.43823,,2025-12-01,generic analogue,22500.0
0601011P0AAACAC,Insulin glulisine 100units/ml inj 3ml pf dispos dev,35.0,268.0,1517.414,,2025-12-01,generic analogue,80400.0
0601011P0BBAAAA,Apidra 100units/ml solution for injection 10ml vials,299.0,1147.0,18170.16663,,2025-12-01,originator,1147000.0
0601011P0BBABAB,Apidra 100units/ml solution for injection 3ml cartridges,470.0,3389.0,19057.29058,,2025-12-01,originator,1016700.0
0601011P0BBAEAC,Apidra 100units/ml inj 3ml pre-filled SoloStar pens,6013.0,41255.0,232487.28212999998,,2025-12-01,originator,12376500.0
0601011R0BEAAAE,Humulin R KwikPen 500units/ml inj 3ml pre-filled pens,6.0,155.0,6971.3044,,2025-12-01,human soluble,232500.0
0601011A0AAAAAA,Insulin aspart 100units/ml solution for injection 10ml vials,83.0,379.0,5329.49536,,2026-01-01,generic analogue,379000.0
0601011A0AAABAB,Insulin aspart 100units/ml inj 3ml cartridges,122.0,1017.0,5747.34481,,2026-01-01,generic analogue,305100.0
0601011A0AAACAC,Insulin aspart 100units/ml inj 3ml pf dispos dev,79.0,551.0,3334.20122,,2026-01-01,generic analogue,165300.0
0601011A0BBAAAA,NovoRapid 100units/ml solution for injection 10ml vials,35881.0,143619.0,2013515.13157,,2026-01-01,originator,143619000.0
0601011A0BBABAB,NovoRapid Penfill 100units/ml inj 3ml cartridges,44669.0,343714.0,1936660.6415099995,,2026-01-01,originator,103114200.0
0601011A0BBADAC,NovoRapid FlexPen 100units/ml inj 3ml pre-filled pens,80178.0,514623.0,3138137.2667200007,,2026-01-01,originator,154386900.0
0601011A0BBAEAC,NovoRapid FlexTouch 100units/ml inj 3ml pre-filled pens,1329.0,7926.0,50828.453199999996,,2026-01-01,originator,2377800.0
0601011A0BBAFAD,NovoRapid PumpCart 100units/ml inj 1.6ml cartridges,2569.0,39894.0,119935.23609999998,,2026-01-01,originator,6383040.0
0601011A0BCAAAC,Fiasp FlexTouch 100units/ml inj 3ml pre-filled pens,1676.0,9857.0,60148.953749999986,,2026-01-01,ultra-rapid,2957100.0
0601011A0BCABAB,Fiasp Penfill 100units/ml inj 3ml cartridges,28694.0,193313.0,1089128.6152399997,,2026-01-01,ultra-rapid,57993900.0
0601011A0BCACAA,Fiasp 100units/ml solution for injection 10ml vials,8258.0,32313.0,452791.1684099999,,2026-01-01,ultra-rapid,32313000.0
0601011A0BDAAAB,Trurapi 100units/ml solution for injection 3ml cartridges,1751.0,12493.0,49164.350089999985,,2026-01-01,biosimilar,3747900.0
0601011A0BDABAC,Trurapi 100units/ml inj 3ml pre-filled Solostar pens,24358.0,139078.0,593716.7530200001,,2026-01-01,biosimilar,41723400.0
0601011A0BDACAA,Trurapi 100units/ml solution for injection 10ml vial,820.0,3002.0,35713.24695,,2026-01-01,biosimilar,3002000.0
0601011L0AAABAB,Insulin lispro 100units/ml solution for injection 10ml vials,78.0,334.0,5548.7072,,2026-01-01,generic analogue,334000.0
0601011L0AAACAC,Insulin lispro 100units/ml inj 3ml cartridges,139.0,1260.0,7123.7356,,2026-01-01,generic analogue,378000.0
0601011L0AAAFAF,Insulin lispro 100units/ml inj 3ml pf dispos dev,65.0,433.0,2549.24741,,2026-01-01,generic analogue,129900.0
0601011L0AAAGAG,Insulin lispro 200units/ml inj 3ml pf dispos dev,7.0,47.0,547.56203,,2026-01-01,generic analogue,28200.0
0601011L0BBABAB,Humalog 100units/ml solution for injection 10ml vials,3145.0,12679.0,209520.99083999998,,2026-01-01,originator,12679000.0
0601011L0BBACAC,Humalog 100units/ml solution for injection 3ml cartridges,8002.0,68326.0,384462.67040999996,,2026-01-01,originator,20497800.0
0601011L0BBAFAF,Humalog Pen 100units/ml inj 3ml pre-filled pens,1.0,5.0,29.4724,,2026-01-01,originator,1500.0
0601011L0BBAGAF,Humalog KwikPen 100units/ml inj 3ml pre-filled pens,15777.0,107335.0,629972.84614,,2026-01-01,originator,32200500.0
0601011L0BBAHAG,Humalog KwikPen 200units/ml inj 3ml pre-filled pens,2908.0,24132.0,283145.3873199999,,2026-01-01,originator,14479200.0
0601011L0BBAIAF,Humalog Junior KwikPen 100units/ml inj 3ml pre-filled pens,682.0,3679.0,21631.268630000002,,2026-01-01,originator,1103700.0
0601011L0BCABAC,Insulin lispro Sanofi 100units/ml inj 3ml cartridges,3.0,15.0,84.9672,,2026-01-01,biosimilar,4500.0
0601011L0BCACAF,Insulin lispro Sanofi 100units/ml inj 3ml pre-filled pens,8.0,50.0,250.5392,,2026-01-01,biosimilar,15000.0
0601011L0BDAAAG,Lyumjev KwikPen 200units/ml inj 3ml pre-filled pens,423.0,3205.0,37579.243220000004,,2026-01-01,ultra-rapid,1923000.0
0601011L0BDABAB,Lyumjev 100units/ml solution for injection 10ml vials,1947.0,7564.0,125136.62091999999,,2026-01-01,ultra-rapid,7564000.0
0601011L0BDACAC,Lyumjev 100units/ml solution for injection 3ml cartridges,1158.0,8473.0,47720.51667,,2026-01-01,ultra-rapid,2541900.0
0601011L0BDADAF,Lyumjev KwikPen 100units/ml inj 3ml pre-filled pens,6706.0,41283.0,242275.74287,,2026-01-01,ultra-rapid,12384900.0
0601011L0BDAEAF,Lyumjev Junior KwikPen 100units/ml inj 3ml pre-filled pens,592.0,3277.0,19251.691620000005,,2026-01-01,ultra-rapid,983100.0
0601011L0BEAAAC,Admelog 100units/ml solution for injection 3ml cartridges,40.0,350.0,1467.6588299999999,,2026-01-01,biosimilar,105000.0
0601011L0BEABAB,Admelog 100units/ml solution for injection 10ml vials,63.0,237.0,3314.17141,,2026-01-01,biosimilar,237000.0
0601011L0BEACAF,Admelog 100units/ml inj 3ml pre-filled pens,195.0,1258.0,5507.80692,,2026-01-01,biosimilar,377400.0
0601011N0BCAEAC,Hypurin Porcine Neutral 100units/ml inj 10ml vials,36.0,110.0,4320.19255,,2026-01-01,human soluble,110000.0
0601011N0BCAHAZ,Hypurin Porcine Neutral 100units/ml inj 3ml cartridges,204.0,1692.0,19844.79496,,2026-01-01,human soluble,507600.0
0601011N0BFAEAL,Actrapid 100units/ml solution for injection 10ml vials,273.0,858.0,6369.40338,,2026-01-01,human soluble,858000.0
0601011N0BHAAAL,Humulin S 100units/ml solution for injection 10ml vials,92.0,273.0,4250.31908,,2026-01-01,human soluble,273000.0
0601011N0BHADAP,Humulin S 100units/ml solution for injection 3ml cartridges,1279.0,10124.0,38487.51153,,2026-01-01,human soluble,3037200.0
0601011P0AAAAAA,Insulin glulisine 100units/ml inj 10ml vials,6.0,18.0,288.07439999999997,,2026-01-01,generic analogue,18000.0
0601011P0AAABAB,Insulin glulisine 100units/ml inj 3ml cartridges,4.0,50.0,283.0496,,2026-01-01,generic analogue,15000.0
0601011P0AAACAC,Insulin glulisine 100units/ml inj 3ml pf dispos dev,36.0,269.0,1523.1864,,2026-01-01,generic analogue,80700.0
0601011P0BBAAAA,Apidra 100units/ml solution for injection 10ml vials,293.0,1183.0,18699.8618,,2026-01-01,originator,1183000.0
0601011P0BBABAB,Apidra 100units/ml solution for injection 3ml cartridges,422.0,3137.0,17597.64025,,2026-01-01,originator,941100.0
0601011P0BBAEAC,Apidra 100units/ml inj 3ml pre-filled SoloStar pens,5510.0,37217.0,209890.40844999996,,2026-01-01,originator,11165100.0
0601011R0BEAAAE,Humulin R KwikPen 500units/ml inj 3ml pre-filled pens,18.0,324.0,37936.713200000006,,2026-01-01,human soluble,486000.0
0601011A0AAAAAA,Insulin aspart 100units/ml solution for injection 10ml vials,73.0,384.0,5395.07987,,2026-02-01,generic analogue,384000.0
0601011A0AAABAB,Insulin aspart 100units/ml inj 3ml cartridges,122.0,1194.0,6762.2328,,2026-02-01,generic analogue,358200.0
0601011A0AAACAC,Insulin aspart 100units/ml inj 3ml pf dispos dev,83.0,534.0,3239.62813,,2026-02-01,generic analogue,160200.0
0601011A0AAADAD,Insulin aspart 100units/ml inj 1.6ml cartridges,1.0,15.0,45.3124,,2026-02-01,generic analogue,2400.0
0601011A0BBAAAA,NovoRapid 100units/ml solution for injection 10ml vials,32942.0,132157.0,1851839.40697,,2026-02-01,originator,132157000.0
0601011A0BBABAB,NovoRapid Penfill 100units/ml inj 3ml cartridges,40050.0,306893.0,1728963.24014,,2026-02-01,originator,92067900.0
0601011A0BBADAC,NovoRapid FlexPen 100units/ml inj 3ml pre-filled pens,73372.0,471726.0,2876284.80096,,2026-02-01,originator,141517800.0
0601011A0BBAEAC,NovoRapid FlexTouch 100units/ml inj 3ml pre-filled pens,1083.0,6542.0,41850.63937999999,,2026-02-01,originator,1962600.0
0601011A0BBAFAD,NovoRapid PumpCart 100units/ml inj 1.6ml cartridges,2510.0,39132.0,117608.68916999998,,2026-02-01,originator,6261120.0
0601011A0BCAAAC,Fiasp FlexTouch 100units/ml inj 3ml pre-filled pens,1336.0,7834.0,47766.502369999995,,2026-02-01,ultra-rapid,2350200.0
0601011A0BCABAB,Fiasp Penfill 100units/ml inj 3ml cartridges,26354.0,176539.0,994438.1878399998,,2026-02-01,ultra-rapid,52961700.0
0601011A0BCACAA,Fiasp 100units/ml solution for injection 10ml vials,7762.0,30445.0,426488.16838,,2026-02-01,ultra-rapid,30445000.0
0601011A0BDAAAB,Trurapi 100units/ml solution for injection 3ml cartridges,1575.0,11194.0,44064.68886999999,,2026-02-01,biosimilar,3358200.0
0601011A0BDABAC,Trurapi 100units/ml inj 3ml pre-filled Solostar pens,23156.0,131951.0,563308.5446899999,,2026-02-01,biosimilar,39585300.0
0601011A0BDACAA,Trurapi 100units/ml solution for injection 10ml vial,767.0,2872.0,34094.20493,,2026-02-01,biosimilar,2872000.0
0601011L0AAABAB,Insulin lispro 100units/ml solution for injection 10ml vials,74.0,298.0,4928.52685,,2026-02-01,generic analogue,298000.0
0601011L0AAACAC,Insulin lispro 100units/ml inj 3ml cartridges,137.0,1319.0,7451.36945,,2026-02-01,generic analogue,395700.0
0601011L0AAAFAF,Insulin lispro 100units/ml inj 3ml pf dispos dev,74.0,589.0,3464.4476,,2026-02-01,generic analogue,176700.0
0601011L0AAAGAG,Insulin lispro 200units/ml inj 3ml pf dispos dev,7.0,60.0,707.1268,,2026-02-01,generic analogue,36000.0
0601011L0BBABAB,Humalog 100units/ml solution for injection 10ml vials,2915.0,11886.0,196329.60726999998,,2026-02-01,originator,11886000.0
0601011L0BBACAC,Humalog 100units/ml solution for injection 3ml cartridges,7300.0,63417.0,356870.54802,,2026-02-01,originator,19025100.0
0601011L0BBAGAF,Humalog KwikPen 100units/ml inj 3ml pre-filled pens,14331.0,97164.0,570373.91955,,2026-02-01,originator,29149200.0
0601011L0BBAHAG,Humalog KwikPen 200units/ml inj 3ml pre-filled pens,2573.0,21780.0,255690.12907999996,,2026-02-01,originator,13068000.0
0601011L0BBAIAF,Humalog Junior KwikPen 100units/ml inj 3ml pre-filled pens,579.0,3170.0,18614.91124,,2026-02-01,originator,951000.0
0601011L0BCAAAB,Insulin lispro Sanofi 100units/ml inj 10ml vials,2.0,6.0,99.6848,,2026-02-01,biosimilar,6000.0
0601011L0BCACAF,Insulin lispro Sanofi 100units/ml inj 3ml pre-filled pens,2.0,20.0,110.50479999999999,,2026-02-01,biosimilar,6000.0
0601011L0BDAAAG,Lyumjev KwikPen 200units/ml inj 3ml pre-filled pens,345.0,2573.0,30184.118240000003,,2026-02-01,ultra-rapid,1543800.0
0601011L0BDABAB,Lyumjev 100units/ml solution for injection 10ml vials,1813.0,6936.0,114630.79384999999,,2026-02-01,ultra-rapid,6936000.0
0601011L0BDACAC,Lyumjev 100units/ml solution for injection 3ml cartridges,1046.0,7656.0,43118.99571,,2026-02-01,ultra-rapid,2296800.0
0601011L0BDADAF,Lyumjev KwikPen 100units/ml inj 3ml pre-filled pens,6139.0,37456.0,219898.60119,,2026-02-01,ultra-rapid,11236800.0
0601011L0BDAEAF,Lyumjev Junior KwikPen 100units/ml inj 3ml pre-filled pens,546.0,3019.0,17750.260870000002,,2026-02-01,ultra-rapid,905700.0
0601011L0BEAAAC,Admelog 100units/ml solution for injection 3ml cartridges,41.0,320.0,1349.76124,,2026-02-01,biosimilar,96000.0
0601011L0BEABAB,Admelog 100units/ml solution for injection 10ml vials,54.0,188.0,2626.94432,,2026-02-01,biosimilar,188000.0
0601011L0BEACAF,Admelog 100units/ml inj 3ml pre-filled pens,163.0,1015.0,4461.52368,,2026-02-01,biosimilar,304500.0
0601011N0AAALAL,Insulin soluble human 100units/ml inj 10ml vials,1.0,4.0,62.7324,,2026-02-01,human soluble,4000.0
0601011N0BCAEAC,Hypurin Porcine Neutral 100units/ml inj 10ml vials,26.0,76.0,2993.9624,,2026-02-01,human soluble,76000.0
0601011N0BCAHAZ,Hypurin Porcine Neutral 100units/ml inj 3ml cartridges,157.0,1285.0,15041.27384,,2026-02-01,human soluble,385500.0
0601011N0BFAEAL,Actrapid 100units/ml solution for injection 10ml vials,240.0,806.0,5987.62241,,2026-02-01,human soluble,806000.0
0601011N0BHAAAL,Humulin S 100units/ml solution for injection 10ml vials,82.0,217.0,3393.10486,,2026-02-01,human soluble,217000.0
0601011N0BHADAP,Humulin S 100units/ml solution for injection 3ml cartridges,1106.0,8589.0,32630.696610000003,,2026-02-01,human soluble,2576700.0
0601011P0AAAAAA,Insulin glulisine 100units/ml inj 10ml vials,8.0,33.0,528.0992,,2026-02-01,generic analogue,33000.0
0601011P0AAABAB,Insulin glulisine 100units/ml inj 3ml cartridges,7.0,80.0,449.73181999999997,,2026-02-01,generic analogue,24000.0
0601011P0AAACAC,Insulin glulisine 100units/ml inj 3ml pf dispos dev,24.0,198.0,1111.62506,,2026-02-01,generic analogue,59400.0
0601011P0BBAAAA,Apidra 100units/ml solution for injection 10ml vials,287.0,1123.0,17793.51435,,2026-02-01,originator,1123000.0
0601011P0BBABAB,Apidra 100units/ml solution for injection 3ml cartridges,389.0,2827.0,15861.575700000001,,2026-02-01,originator,848100.0
0601011P0BBAEAC,Apidra 100units/ml inj 3ml pre-filled SoloStar pens,5081.0,34241.0,193050.18701999998,,2026-02-01,originator,10272300.0
0601011R0BEAAAE,Humulin R KwikPen 500units/ml inj 3ml pre-filled pens,12.0,139.0,11983.6588,,2026-02-01,human soluble,208500.0
0601011A0AAAAAA,Insulin aspart 100units/ml solution for injection 10ml vials,81.0,375.0,5281.0044,,2026-03-01,generic analogue,375000.0
0601011A0AAABAB,Insulin aspart 100units/ml inj 3ml cartridges,131.0,1336.0,7563.38473,,2026-03-01,generic analogue,400800.0
0601011A0AAACAC,Insulin aspart 100units/ml inj 3ml pf dispos dev,84.0,532.0,3223.83909,,2026-03-01,generic analogue,159600.0
0601011A0AAADAD,Insulin aspart 100units/ml inj 1.6ml cartridges,2.0,35.0,105.72479999999999,,2026-03-01,generic analogue,5600.0
0601011A0BBAAAA,NovoRapid 100units/ml solution for injection 10ml vials,37708.0,151834.0,2128278.4279899998,,2026-03-01,originator,151834000.0
0601011A0BBABAB,NovoRapid Penfill 100units/ml inj 3ml cartridges,45089.0,346682.0,1953417.6541,,2026-03-01,originator,104004600.0
0601011A0BBADAC,NovoRapid FlexPen 100units/ml inj 3ml pre-filled pens,80469.0,515795.0,3145292.1188000003,,2026-03-01,originator,154738500.0
0601011A0BBAEAC,NovoRapid FlexTouch 100units/ml inj 3ml pre-filled pens,959.0,5728.0,36745.14775,,2026-03-01,originator,1718400.0
0601011A0BBAFAD,NovoRapid PumpCart 100units/ml inj 1.6ml cartridges,2879.0,43771.0,131404.49508999998,,2026-03-01,originator,7003360.0
0601011A0BCAAAC,Fiasp FlexTouch 100units/ml inj 3ml pre-filled pens,1036.0,6011.0,36667.18878,,2026-03-01,ultra-rapid,1803300.0
0601011A0BCABAB,Fiasp Penfill 100units/ml inj 3ml cartridges,29809.0,199363.0,1123060.1053499999,,2026-03-01,ultra-rapid,59808900.0
0601011A0BCACAA,Fiasp 100units/ml solution for injection 10ml vials,8944.0,35036.0,491028.59495999996,,2026-03-01,ultra-rapid,35036000.0
0601011A0BDAAAB,Trurapi 100units/ml solution for injection 3ml cartridges,1837.0,13059.0,51353.59816999998,,2026-03-01,biosimilar,3917700.0
0601011A0BDABAC,Trurapi 100units/ml inj 3ml pre-filled Solostar pens,26039.0,148724.0,634966.93569,,2026-03-01,biosimilar,44617200.0
0601011A0BDACAA,Trurapi 100units/ml solution for injection 10ml vial,941.0,3617.0,42992.32628,,2026-03-01,biosimilar,3617000.0
0601011L0AAABAB,Insulin lispro 100units/ml solution for injection 10ml vials,63.0,277.0,4601.7512,,2026-03-01,generic analogue,277000.0
0601011L0AAACAC,Insulin lispro 100units/ml inj 3ml cartridges,143.0,1324.0,7489.30659,,2026-03-01,generic analogue,397200.0
0601011L0AAAFAF,Insulin lispro 100units/ml inj 3ml pf dispos dev,77.0,559.0,3291.7972800000002,,2026-03-01,generic analogue,167700.0
0601011L0AAAGAG,Insulin lispro 200units/ml inj 3ml pf dispos dev,10.0,64.0,748.03137,,2026-03-01,generic analogue,38400.0
0601011L0BBABAB,Humalog 100units/ml solution for injection 10ml vials,3398.0,13825.0,228528.36036999998,,2026-03-01,originator,13825000.0
0601011L0BBACAC,Humalog 100units/ml solution for injection 3ml cartridges,7985.0,68269.0,384090.09696,,2026-03-01,originator,20480700.0
0601011L0BBAFAF,Humalog Pen 100units/ml inj 3ml pre-filled pens,1.0,5.0,29.3124,,2026-03-01,originator,1500.0
0601011L0BBAGAF,Humalog KwikPen 100units/ml inj 3ml pre-filled pens,15828.0,107593.0,631620.40604,,2026-03-01,originator,32277900.0
0601011L0BBAHAG,Humalog KwikPen 200units/ml inj 3ml pre-filled pens,2839.0,23933.0,280918.04438999994,,2026-03-01,originator,14359800.0
0601011L0BBAIAF,Humalog Junior KwikPen 100units/ml inj 3ml pre-filled pens,644.0,3527.0,20732.17754,,2026-03-01,originator,1058100.0
0601011L0BDAAAG,Lyumjev KwikPen 200units/ml inj 3ml pre-filled pens,437.0,3243.0,38028.35348,,2026-03-01,ultra-rapid,1945800.0
0601011L0BDABAB,Lyumjev 100units/ml solution for injection 10ml vials,2054.0,7877.0,130303.76167999997,,2026-03-01,ultra-rapid,7877000.0
0601011L0BDACAC,Lyumjev 100units/ml solution for injection 3ml cartridges,1136.0,8173.0,46046.55657,,2026-03-01,ultra-rapid,2451900.0
0601011L0BDADAF,Lyumjev KwikPen 100units/ml inj 3ml pre-filled pens,6880.0,42532.0,249655.32747999998,,2026-03-01,ultra-rapid,12759600.0
0601011L0BDAEAF,Lyumjev Junior KwikPen 100units/ml inj 3ml pre-filled pens,611.0,3423.0,20116.623540000004,,2026-03-01,ultra-rapid,1026900.0
0601011L0BEAAAC,Admelog 100units/ml solution for injection 3ml cartridges,38.0,320.0,1344.9929599999998,,2026-03-01,biosimilar,96000.0
0601011L0BEABAB,Admelog 100units/ml solution for injection 10ml vials,52.0,179.0,2490.36417,,2026-03-01,biosimilar,179000.0
0601011L0BEACAF,Admelog 100units/ml inj 3ml pre-filled pens,189.0,1166.0,5123.51346,,2026-03-01,biosimilar,349800.0
0601011N0AAAZAZ,Insulin soluble porcine 100units/ml inj 3ml cartridges,1.0,5.0,59.0924,,2026-03-01,human soluble,1500.0
0601011N0BCAEAC,Hypurin Porcine Neutral 100units/ml inj 10ml vials,24.0,85.0,3348.4476,,2026-03-01,human soluble,85000.0
0601011N0BCAHAZ,Hypurin Porcine Neutral 100units/ml inj 3ml cartridges,213.0,1674.0,19625.75072,,2026-03-01,human soluble,502200.0
0601011N0BFAEAL,Actrapid 100units/ml solution for injection 10ml vials,261.0,840.0,6232.09959,,2026-03-01,human soluble,840000.0
0601011N0BHAAAL,Humulin S 100units/ml solution for injection 10ml vials,74.0,214.0,3349.8404499999997,,2026-03-01,human soluble,214000.0
0601011N0BHADAP,Humulin S 100units/ml solution for injection 3ml cartridges,1190.0,9126.0,34664.83304,,2026-03-01,human soluble,2737800.0
0601011P0AAAAAA,Insulin glulisine 100units/ml inj 10ml vials,6.0,29.0,464.0744,,2026-03-01,generic analogue,29000.0
0601011P0AAABAB,Insulin glulisine 100units/ml inj 3ml cartridges,2.0,15.0,84.9248,,2026-03-01,generic analogue,4500.0
0601011P0AAACAC,Insulin glulisine 100units/ml inj 3ml pf dispos dev,37.0,271.0,1534.6188,,2026-03-01,generic analogue,81300.0
0601011P0BBAAAA,Apidra 100units/ml solution for injection 10ml vials,297.0,1175.0,18580.91799,,2026-03-01,originator,1175000.0
0601011P0BBABAB,Apidra 100units/ml solution for injection 3ml cartridges,433.0,3392.0,19053.327260000002,,2026-03-01,originator,1017600.0
0601011P0BBAEAC,Apidra 100units/ml inj 3ml pre-filled SoloStar pens,5550.0,37521.0,211649.29930999994,,2026-03-01,originator,11256300.0
0601011R0BEAAAE,Humulin R KwikPen 500units/ml inj 3ml pre-filled pens,6.0,26.0,1239.4944,,2026-03-01,human soluble,39000.0
0601011A0AAAAAA,Insulin aspart 100units/ml solution for injection 10ml vials,72.0,384.0,5395.04945,,2026-04-01,generic analogue,384000.0
0601011A0AAABAB,Insulin aspart 100units/ml inj 3ml cartridges,125.0,1305.0,7381.26815,,2026-04-01,generic analogue,391500.0
0601011A0AAACAC,Insulin aspart 100units/ml inj 3ml pf dispos dev,78.0,537.0,3262.45854,,2026-04-01,generic analogue,161100.0
0601011A0AAADAD,Insulin aspart 100units/ml inj 1.6ml cartridges,2.0,35.0,105.72479999999999,,2026-04-01,generic analogue,5600.0
0601011A0BBAAAA,NovoRapid 100units/ml solution for injection 10ml vials,36367.0,145760.0,2043116.4859600002,,2026-04-01,originator,145760000.0
0601011A0BBABAB,NovoRapid Penfill 100units/ml inj 3ml cartridges,43787.0,336694.0,1897004.8007699999,,2026-04-01,originator,101008200.0
0601011A0BBADAC,NovoRapid FlexPen 100units/ml inj 3ml pre-filled pens,79631.0,509737.0,3107927.7200100003,,2026-04-01,originator,152921100.0
0601011A0BBAEAC,NovoRapid FlexTouch 100units/ml inj 3ml pre-filled pens,658.0,4077.0,26193.659229999997,,2026-04-01,originator,1223100.0
0601011A0BBAFAD,NovoRapid PumpCart 100units/ml inj 1.6ml cartridges,2949.0,44936.0,135083.76935,,2026-04-01,originator,7189760.0
0601011A0BCAAAC,Fiasp FlexTouch 100units/ml inj 3ml pre-filled pens,624.0,3683.0,22430.268739999996,,2026-04-01,ultra-rapid,1104900.0
0601011A0BCABAB,Fiasp Penfill 100units/ml inj 3ml cartridges,29273.0,196802.0,1108588.7373099998,,2026-04-01,ultra-rapid,59040600.0
0601011A0BCACAA,Fiasp 100units/ml solution for injection 10ml vials,8870.0,34497.0,483304.11924,,2026-04-01,ultra-rapid,34497000.0
0601011A0BDAAAB,Trurapi 100units/ml solution for injection 3ml cartridges,2059.0,14477.0,56918.836829999986,,2026-04-01,biosimilar,4343100.0
0601011A0BDABAC,Trurapi 100units/ml inj 3ml pre-filled Solostar pens,22340.0,125537.0,536488.2212,,2026-04-01,biosimilar,37661100.0
0601011A0BDACAA,Trurapi 100units/ml solution for injection 10ml vial,869.0,3310.0,39399.26474,,2026-04-01,biosimilar,3310000.0
0601011L0AAABAB,Insulin lispro 100units/ml solution for injection 10ml vials,69.0,314.0,5216.3956,,2026-04-01,generic analogue,314000.0
0601011L0AAACAC,Insulin lispro 100units/ml inj 3ml cartridges,149.0,1402.0,7933.958769999999,,2026-04-01,generic analogue,420600.0
0601011L0AAAFAF,Insulin lispro 100units/ml inj 3ml pf dispos dev,83.0,664.0,3913.9092,,2026-04-01,generic analogue,199200.0
0601011L0AAAGAG,Insulin lispro 200units/ml inj 3ml pf dispos dev,9.0,88.0,1024.3623900000002,,2026-04-01,generic analogue,52800.0
0601011L0BBABAB,Humalog 100units/ml solution for injection 10ml vials,3252.0,13303.0,219876.16521,,2026-04-01,originator,13303000.0
0601011L0BBACAC,Humalog 100units/ml solution for injection 3ml cartridges,7876.0,67359.0,379213.86344,,2026-04-01,originator,20207700.0
0601011L0BBAGAF,Humalog KwikPen 100units/ml inj 3ml pre-filled pens,15286.0,104154.0,611406.7300699999,,2026-04-01,originator,31246200.0
0601011L0BBAHAG,Humalog KwikPen 200units/ml inj 3ml pre-filled pens,2856.0,23593.0,276964.08485,,2026-04-01,originator,14155800.0
0601011L0BBAIAF,Humalog Junior KwikPen 100units/ml inj 3ml pre-filled pens,601.0,3299.0,19397.296400000003,,2026-04-01,originator,989700.0
0601011L0BCACAF,Insulin lispro Sanofi 100units/ml inj 3ml pre-filled pens,1.0,5.0,22.1124,,2026-04-01,biosimilar,1500.0
0601011L0BDAAAG,Lyumjev KwikPen 200units/ml inj 3ml pre-filled pens,396.0,2902.0,34055.24375,,2026-04-01,ultra-rapid,1741200.0
0601011L0BDABAB,Lyumjev 100units/ml solution for injection 10ml vials,2129.0,8239.0,136195.21068,,2026-04-01,ultra-rapid,8239000.0
0601011L0BDACAC,Lyumjev 100units/ml solution for injection 3ml cartridges,1087.0,7957.0,44760.52276,,2026-04-01,ultra-rapid,2387100.0
0601011L0BDADAF,Lyumjev KwikPen 100units/ml inj 3ml pre-filled pens,6678.0,41152.0,241619.35237999997,,2026-04-01,ultra-rapid,12345600.0
0601011L0BDAEAF,Lyumjev Junior KwikPen 100units/ml inj 3ml pre-filled pens,603.0,3314.0,19491.874290000003,,2026-04-01,ultra-rapid,994200.0
0601011L0BEAAAC,Admelog 100units/ml solution for injection 3ml cartridges,29.0,260.0,1099.58543,,2026-04-01,biosimilar,78000.0
0601011L0BEABAB,Admelog 100units/ml solution for injection 10ml vials,53.0,192.0,2688.08197,,2026-04-01,biosimilar,192000.0
0601011L0BEACAF,Admelog 100units/ml inj 3ml pre-filled pens,154.0,945.0,4144.562419999999,,2026-04-01,biosimilar,283500.0
0601011N0AAAZAZ,Insulin soluble porcine 100units/ml inj 3ml cartridges,1.0,5.0,59.0924,,2026-04-01,human soluble,1500.0
0601011N0BCAEAC,Hypurin Porcine Neutral 100units/ml inj 10ml vials,12.0,64.0,2499.19456,,2026-04-01,human soluble,64000.0
0601011N0BCAHAZ,Hypurin Porcine Neutral 100units/ml inj 3ml cartridges,201.0,1734.0,20354.08184,,2026-04-01,human soluble,520200.0
0601011N0BFAEAL,Actrapid 100units/ml solution for injection 10ml vials,244.0,773.0,5719.88653,,2026-04-01,human soluble,773000.0
0601011N0BHAAAL,Humulin S 100units/ml solution for injection 10ml vials,86.0,239.0,3728.66918,,2026-04-01,human soluble,239000.0
0601011N0BHADAP,Humulin S 100units/ml solution for injection 3ml cartridges,1196.0,9257.0,35242.947490000006,,2026-04-01,human soluble,2777100.0
0601011P0AAAAAA,Insulin glulisine 100units/ml inj 10ml vials,9.0,40.0,640.1116000000001,,2026-04-01,generic analogue,40000.0
0601011P0AAABAB,Insulin glulisine 100units/ml inj 3ml cartridges,6.0,75.0,424.57439999999997,,2026-04-01,generic analogue,22500.0
0601011P0AAACAC,Insulin glulisine 100units/ml inj 3ml pf dispos dev,25.0,203.0,1149.39,,2026-04-01,generic analogue,60900.0
0601011P0BBAAAA,Apidra 100units/ml solution for injection 10ml vials,275.0,1096.0,17343.30463,,2026-04-01,originator,1096000.0
0601011P0BBABAB,Apidra 100units/ml solution for injection 3ml cartridges,422.0,3095.0,17400.84859,,2026-04-01,originator,928500.0
0601011P0BBAEAC,Apidra 100units/ml inj 3ml pre-filled SoloStar pens,5532.0,37611.0,212105.00077999997,,2026-04-01,originator,11283300.0
0601011R0BEAAAE,Humulin R KwikPen 500units/ml inj 3ml pre-filled pens,16.0,247.0,18949.8984,,2026-04-01,human soluble,370500.0
0601011A0AAAAAA,Insulin aspart 100units/ml solution for injection 10ml vials,75.0,366.0,5146.35873,,2026-05-01,generic analogue,366000.0
0601011A0AAABAB,Insulin aspart 100units/ml inj 3ml cartridges,120.0,1152.0,6524.698,,2026-05-01,generic analogue,345600.0
0601011A0AAACAC,Insulin aspart 100units/ml inj 3ml pf dispos dev,72.0,481.0,2926.6004700000003,,2026-05-01,generic analogue,144300.0
0601011A0AAADAD,Insulin aspart 100units/ml inj 1.6ml cartridges,3.0,65.0,196.3372,,2026-05-01,generic analogue,10400.0
0601011A0BBAAAA,NovoRapid 100units/ml solution for injection 10ml vials,36625.0,147247.0,2064046.15371,,2026-05-01,originator,147247000.0
0601011A0BBABAB,NovoRapid Penfill 100units/ml inj 3ml cartridges,42975.0,330354.0,1861438.1777999997,,2026-05-01,originator,99106200.0
0601011A0BBADAC,NovoRapid FlexPen 100units/ml inj 3ml pre-filled pens,83583.0,530107.0,3232219.26466,,2026-05-01,originator,159032100.0
0601011A0BBAEAC,NovoRapid FlexTouch 100units/ml inj 3ml pre-filled pens,324.0,2002.0,12832.767829999999,,2026-05-01,originator,600600.0
0601011A0BBAFAD,NovoRapid PumpCart 100units/ml inj 1.6ml cartridges,3102.0,47277.0,142118.41758999997,,2026-05-01,originator,7564320.0
0601011A0BCAAAC,Fiasp FlexTouch 100units/ml inj 3ml pre-filled pens,464.0,2745.0,16741.98117,,2026-05-01,ultra-rapid,823500.0
0601011A0BCABAB,Fiasp Penfill 100units/ml inj 3ml cartridges,29652.0,197961.0,1115498.1584599998,,2026-05-01,ultra-rapid,59388300.0
0601011A0BCACAA,Fiasp 100units/ml solution for injection 10ml vials,9155.0,35548.0,498116.98258999997,,2026-05-01,ultra-rapid,35548000.0
0601011A0BDAAAB,Trurapi 100units/ml solution for injection 3ml cartridges,3033.0,19928.0,78279.29905999998,,2026-05-01,biosimilar,5978400.0
0601011A0BDABAC,Trurapi 100units/ml inj 3ml pre-filled Solostar pens,17357.0,97578.0,417361.68758,,2026-05-01,biosimilar,29273400.0
0601011A0BDACAA,Trurapi 100units/ml solution for injection 10ml vial,981.0,3707.0,44068.77996,,2026-05-01,biosimilar,3707000.0
0601011L0AAABAB,Insulin lispro 100units/ml solution for injection 10ml vials,81.0,354.0,5877.23889,,2026-05-01,generic analogue,354000.0
0601011L0AAACAC,Insulin lispro 100units/ml inj 3ml cartridges,139.0,1247.0,7053.37702,,2026-05-01,generic analogue,374100.0
0601011L0AAAFAF,Insulin lispro 100units/ml inj 3ml pf dispos dev,65.0,483.0,2832.226,,2026-05-01,generic analogue,144900.0
0601011L0AAAGAG,Insulin lispro 200units/ml inj 3ml pf dispos dev,4.0,22.0,252.92698,,2026-05-01,generic analogue,13200.0
0601011L0BBABAB,Humalog 100units/ml solution for injection 10ml vials,3348.0,13661.0,225728.04336,,2026-05-01,originator,13661000.0
0601011L0BBACAC,Humalog 100units/ml solution for injection 3ml cartridges,7456.0,63973.0,359979.84431,,2026-05-01,originator,19191900.0
0601011L0BBAGAF,Humalog KwikPen 100units/ml inj 3ml pre-filled pens,15112.0,102157.0,599724.94034,,2026-05-01,originator,30647100.0
0601011L0BBAHAG,Humalog KwikPen 200units/ml inj 3ml pre-filled pens,2678.0,22191.0,260344.01726999995,,2026-05-01,originator,13314600.0
0601011L0BBAIAF,Humalog Junior KwikPen 100units/ml inj 3ml pre-filled pens,622.0,3345.0,19663.412430000004,,2026-05-01,originator,1003500.0
0601011L0BCAAAB,Insulin lispro Sanofi 100units/ml inj 10ml vials,2.0,6.0,9.9848,,2026-05-01,biosimilar,6000.0
0601011L0BDAAAG,Lyumjev KwikPen 200units/ml inj 3ml pre-filled pens,437.0,3046.0,35759.54042,,2026-05-01,ultra-rapid,1827600.0
0601011L0BDABAB,Lyumjev 100units/ml solution for injection 10ml vials,2130.0,8107.0,134100.87587999998,,2026-05-01,ultra-rapid,8107000.0
0601011L0BDACAC,Lyumjev 100units/ml solution for injection 3ml cartridges,1154.0,8410.0,47364.62249,,2026-05-01,ultra-rapid,2523000.0
0601011L0BDADAF,Lyumjev KwikPen 100units/ml inj 3ml pre-filled pens,6627.0,41058.0,241029.28078,,2026-05-01,ultra-rapid,12317400.0
0601011L0BDAEAF,Lyumjev Junior KwikPen 100units/ml inj 3ml pre-filled pens,610.0,3462.0,20339.163490000003,,2026-05-01,ultra-rapid,1038600.0
0601011L0BEAAAC,Admelog 100units/ml solution for injection 3ml cartridges,19.0,131.0,547.11253,,2026-05-01,biosimilar,39300.0
0601011L0BEABAB,Admelog 100units/ml solution for injection 10ml vials,48.0,171.0,2382.07626,,2026-05-01,biosimilar,171000.0
0601011L0BEACAF,Admelog 100units/ml inj 3ml pre-filled pens,89.0,497.0,2188.66644,,2026-05-01,biosimilar,149100.0
0601011N0AAALAL,Insulin soluble human 100units/ml inj 10ml vials,1.0,4.0,62.7324,,2026-05-01,human soluble,4000.0
0601011N0BCAEAC,Hypurin Porcine Neutral 100units/ml inj 10ml vials,12.0,49.0,1930.2588,,2026-05-01,human soluble,49000.0
0601011N0BCAHAZ,Hypurin Porcine Neutral 100units/ml inj 3ml cartridges,229.0,2050.0,23983.795449999998,,2026-05-01,human soluble,615000.0
0601011N0BFAEAL,Actrapid 100units/ml solution for injection 10ml vials,243.0,776.0,5756.51992,,2026-05-01,human soluble,776000.0
0601011N0BHAAAL,Humulin S 100units/ml solution for injection 10ml vials,40.0,107.0,1668.83157,,2026-05-01,human soluble,107000.0
0601011N0BHADAP,Humulin S 100units/ml solution for injection 3ml cartridges,1174.0,8886.0,33791.637240000004,,2026-05-01,human soluble,2665800.0
0601011P0AAAAAA,Insulin glulisine 100units/ml inj 10ml vials,5.0,16.0,256.062,,2026-05-01,generic analogue,16000.0
0601011P0AAABAB,Insulin glulisine 100units/ml inj 3ml cartridges,4.0,20.0,110.09105,,2026-05-01,generic analogue,6000.0
0601011P0AAACAC,Insulin glulisine 100units/ml inj 3ml pf dispos dev,27.0,206.0,1160.2901,,2026-05-01,generic analogue,61800.0
0601011P0BBAAAA,Apidra 100units/ml solution for injection 10ml vials,276.0,1101.0,17446.500010000003,,2026-05-01,originator,1101000.0
0601011P0BBABAB,Apidra 100units/ml solution for injection 3ml cartridges,412.0,2995.0,16808.04286,,2026-05-01,originator,898500.0
0601011P0BBAEAC,Apidra 100units/ml inj 3ml pre-filled SoloStar pens,5431.0,36746.0,207230.01497,,2026-05-01,originator,11023800.0
0601011R0BEAAAE,Humulin R KwikPen 500units/ml inj 3ml pre-filled pens,6.0,213.0,9599.8544,,2026-05-01,human soluble,319500.0
0601011A0AAAAAA,Insulin aspart 100units/ml solution for injection 10ml vials,72.0,372.0,5233.94159,,2026-06-01,generic analogue,372000.0
0601011A0AAABAB,Insulin aspart 100units/ml inj 3ml cartridges,115.0,1337.0,7559.0943099999995,,2026-06-01,generic analogue,401100.0
0601011A0AAACAC,Insulin aspart 100units/ml inj 3ml pf dispos dev,76.0,511.0,3112.9613799999997,,2026-06-01,generic analogue,153300.0
0601011A0AAADAD,Insulin aspart 100units/ml inj 1.6ml cartridges,2.0,30.0,90.6248,,2026-06-01,generic analogue,4800.0
0601011A0BBAAAA,NovoRapid 100units/ml solution for injection 10ml vials,38811.0,156302.0,2190567.69335,,2026-06-01,originator,156302000.0
0601011A0BBABAB,NovoRapid Penfill 100units/ml inj 3ml cartridges,44573.0,339665.0,1913630.7813599997,,2026-06-01,originator,101899500.0
0601011A0BBADAC,NovoRapid FlexPen 100units/ml inj 3ml pre-filled pens,86684.0,548350.0,3343849.89898,,2026-06-01,originator,164505000.0
0601011A0BBAEAC,NovoRapid FlexTouch 100units/ml inj 3ml pre-filled pens,293.0,1780.0,11450.310049999998,,2026-06-01,originator,534000.0
0601011A0BBAFAD,NovoRapid PumpCart 100units/ml inj 1.6ml cartridges,3396.0,51133.0,153521.21220999997,,2026-06-01,originator,8181280.0
0601011A0BCAAAC,Fiasp FlexTouch 100units/ml inj 3ml pre-filled pens,368.0,2082.0,12687.891099999999,,2026-06-01,ultra-rapid,624600.0
0601011A0BCABAB,Fiasp Penfill 100units/ml inj 3ml cartridges,30521.0,204148.0,1150168.1051699999,,2026-06-01,ultra-rapid,61244400.0
0601011A0BCACAA,Fiasp 100units/ml solution for injection 10ml vials,9741.0,38299.0,536447.3041599999,,2026-06-01,ultra-rapid,38299000.0
0601011A0BDAAAB,Trurapi 100units/ml solution for injection 3ml cartridges,2983.0,19735.0,77642.35187999997,,2026-06-01,biosimilar,5920500.0
0601011A0BDABAC,Trurapi 100units/ml inj 3ml pre-filled Solostar pens,23739.0,135426.0,578696.1267200001,,2026-06-01,biosimilar,40627800.0
0601011A0BDACAA,Trurapi 100units/ml solution for injection 10ml vial,1053.0,3946.0,46928.962080000005,,2026-06-01,biosimilar,3946000.0
0601011L0AAABAB,Insulin lispro 100units/ml solution for injection 10ml vials,57.0,252.0,4186.4268,,2026-06-01,generic analogue,252000.0
0601011L0AAACAC,Insulin lispro 100units/ml inj 3ml cartridges,151.0,1421.0,8045.0107800000005,,2026-06-01,generic analogue,426300.0
0601011L0AAAFAF,Insulin lispro 100units/ml inj 3ml pf dispos dev,87.0,669.0,3943.3288,,2026-06-01,generic analogue,200700.0
0601011L0AAAGAG,Insulin lispro 200units/ml inj 3ml pf dispos dev,6.0,37.0,429.70770000000005,,2026-06-01,generic analogue,22200.0
0601011L0BBABAB,Humalog 100units/ml solution for injection 10ml vials,3495.0,14150.0,233643.99300999998,,2026-06-01,originator,14150000.0
0601011L0BBACAC,Humalog 100units/ml solution for injection 3ml cartridges,7816.0,66665.0,374987.93810999993,,2026-06-01,originator,19999500.0
0601011L0BBAGAF,Humalog KwikPen 100units/ml inj 3ml pre-filled pens,15864.0,106920.0,627702.15607,,2026-06-01,originator,32076000.0
0601011L0BBAHAG,Humalog KwikPen 200units/ml inj 3ml pre-filled pens,2944.0,24851.0,291636.27897999994,,2026-06-01,originator,14910600.0
0601011L0BBAIAF,Humalog Junior KwikPen 100units/ml inj 3ml pre-filled pens,618.0,3301.0,19377.778590000005,,2026-06-01,originator,990300.0
0601011L0BCACAF,Insulin lispro Sanofi 100units/ml inj 3ml pre-filled pens,1.0,5.0,29.4724,,2026-06-01,biosimilar,1500.0
0601011L0BDAAAG,Lyumjev KwikPen 200units/ml inj 3ml pre-filled pens,446.0,3364.0,39520.0156,,2026-06-01,ultra-rapid,2018400.0
0601011L0BDABAB,Lyumjev 100units/ml solution for injection 10ml vials,2343.0,9047.0,149461.19874,,2026-06-01,ultra-rapid,9047000.0
0601011L0BDACAC,Lyumjev 100units/ml solution for injection 3ml cartridges,1154.0,8407.0,47352.101239999996,,2026-06-01,ultra-rapid,2522100.0
0601011L0BDADAF,Lyumjev KwikPen 100units/ml inj 3ml pre-filled pens,7051.0,43506.0,255439.48478999996,,2026-06-01,ultra-rapid,13051800.0
0601011L0BDAEAF,Lyumjev Junior KwikPen 100units/ml inj 3ml pre-filled pens,611.0,3398.0,19971.6545,,2026-06-01,ultra-rapid,1019400.0
0601011L0BEAAAC,Admelog 100units/ml solution for injection 3ml cartridges,6.0,50.0,212.37439999999998,,2026-06-01,biosimilar,15000.0
0601011L0BEABAB,Admelog 100units/ml solution for injection 10ml vials,50.0,174.0,2424.42811,,2026-06-01,biosimilar,174000.0
0601011L0BEACAF,Admelog 100units/ml inj 3ml pre-filled pens,59.0,348.0,1534.7623600000002,,2026-06-01,biosimilar,104400.0
0601011N0AAAZAZ,Insulin soluble porcine 100units/ml inj 3ml cartridges,1.0,5.0,59.0924,,2026-06-01,human soluble,1500.0
0601011N0BCAEAC,Hypurin Porcine Neutral 100units/ml inj 10ml vials,2.0,6.0,236.3648,,2026-06-01,human soluble,6000.0
0601011N0BCAHAZ,Hypurin Porcine Neutral 100units/ml inj 3ml cartridges,212.0,1680.0,19718.75972,,2026-06-01,human soluble,504000.0
0601011N0BFAEAL,Actrapid 100units/ml solution for injection 10ml vials,247.0,751.0,5585.39704,,2026-06-01,human soluble,751000.0
0601011N0BHAAAL,Humulin S 100units/ml solution for injection 10ml vials,36.0,89.0,1404.00975,,2026-06-01,human soluble,89000.0
0601011N0BHADAP,Humulin S 100units/ml solution for injection 3ml cartridges,1236.0,9176.0,34977.9769,,2026-06-01,human soluble,2752800.0
0601011P0AAAAAA,Insulin glulisine 100units/ml inj 10ml vials,9.0,41.0,656.1116,,2026-06-01,generic analogue,41000.0
0601011P0AAABAB,Insulin glulisine 100units/ml inj 3ml cartridges,8.0,80.0,452.8992,,2026-06-01,generic analogue,24000.0
0601011P0AAACAC,Insulin glulisine 100units/ml inj 3ml pf dispos dev,21.0,159.0,900.3004000000001,,2026-06-01,generic analogue,47700.0
0601011P0BBAAAA,Apidra 100units/ml solution for injection 10ml vials,289.0,1151.0,18198.47295,,2026-06-01,originator,1151000.0
0601011P0BBABAB,Apidra 100units/ml solution for injection 3ml cartridges,398.0,3028.0,17022.32615,,2026-06-01,originator,908400.0
0601011P0BBAEAC,Apidra 100units/ml inj 3ml pre-filled SoloStar pens,5469.0,36925.0,208333.31746999998,,2026-06-01,originator,11077500.0
0601011R0BEAAAE,Humulin R KwikPen 500units/ml inj 3ml pre-filled pens,8.0,161.0,24565.9292,,2026-06-01,human soluble,241500.0
0601011A0AAAAAA,Insulin aspart 100units/ml solution for injection 10ml vials,77.0,345.0,4850.69473,,2026-07-01,generic analogue,345000.0
0601011A0AAABAB,Insulin aspart 100units/ml inj 3ml cartridges,112.0,1000.0,5663.6788,,2026-07-01,generic analogue,300000.0
0601011A0AAACAC,Insulin aspart 100units/ml inj 3ml pf dispos dev,73.0,471.0,2858.16771,,2026-07-01,generic analogue,141300.0
0601011A0AAADAD,Insulin aspart 100units/ml inj 1.6ml cartridges,1.0,15.0,45.3124,,2026-07-01,generic analogue,2400.0
0601011A0BBAAAA,NovoRapid 100units/ml solution for injection 10ml vials,41365.0,167387.0,2346302.7835399997,,2026-07-01,originator,167387000.0
0601011A0BBABAB,NovoRapid Penfill 100units/ml inj 3ml cartridges,46225.0,352527.0,1986420.2259299997,,2026-07-01,originator,105758100.0
0601011A0BBADAC,NovoRapid FlexPen 100units/ml inj 3ml pre-filled pens,86941.0,553113.0,3373047.1021000003,,2026-07-01,originator,165933900.0
0601011A0BBAEAC,NovoRapid FlexTouch 100units/ml inj 3ml pre-filled pens,251.0,1583.0,10166.72478,,2026-07-01,originator,474900.0
0601011A0BBAFAD,NovoRapid PumpCart 100units/ml inj 1.6ml cartridges,3770.0,56737.0,170397.31702999998,,2026-07-01,originator,9077920.0
0601011A0BCAAAC,Fiasp FlexTouch 100units/ml inj 3ml pre-filled pens,315.0,1943.0,11864.485299999998,,2026-07-01,ultra-rapid,582900.0
0601011A0BCABAB,Fiasp Penfill 100units/ml inj 3ml cartridges,31991.0,214242.0,1207156.07509,,2026-07-01,ultra-rapid,64272600.0
0601011A0BCACAA,Fiasp 100units/ml solution for injection 10ml vials,10502.0,41233.0,577700.1443399999,,2026-07-01,ultra-rapid,41233000.0
0601011A0BDAAAB,Trurapi 100units/ml solution for injection 3ml cartridges,2566.0,17714.0,69697.01553999998,,2026-07-01,biosimilar,5314200.0
0601011A0BDABAC,Trurapi 100units/ml inj 3ml pre-filled Solostar pens,26409.0,152025.0,649360.0406100001,,2026-07-01,biosimilar,45607500.0
0601011A0BDACAA,Trurapi 100units/ml solution for injection 10ml vial,1165.0,4490.0,53400.51144000001,,2026-07-01,biosimilar,4490000.0
0601011L0AAABAB,Insulin lispro 100units/ml solution for injection 10ml vials,77.0,369.0,6111.53367,,2026-07-01,generic analogue,369000.0
0601011L0AAACAC,Insulin lispro 100units/ml inj 3ml cartridges,129.0,1168.0,6608.7932,,2026-07-01,generic analogue,350400.0
0601011L0AAAFAF,Insulin lispro 100units/ml inj 3ml pf dispos dev,64.0,466.0,2747.0636,,2026-07-01,generic analogue,139800.0
0601011L0AAAGAG,Insulin lispro 200units/ml inj 3ml pf dispos dev,8.0,58.0,677.19922,,2026-07-01,generic analogue,34800.0
0601011L0BBABAB,Humalog 100units/ml solution for injection 10ml vials,3601.0,14991.0,247928.35330000002,,2026-07-01,originator,14991000.0
0601011L0BBACAC,Humalog 100units/ml solution for injection 3ml cartridges,7807.0,66632.0,374918.73634,,2026-07-01,originator,19989600.0
0601011L0BBAGAF,Humalog KwikPen 100units/ml inj 3ml pre-filled pens,16277.0,110294.0,647294.6163700001,,2026-07-01,originator,33088200.0
0601011L0BBAHAG,Humalog KwikPen 200units/ml inj 3ml pre-filled pens,2894.0,23904.0,280653.79021999997,,2026-07-01,originator,14342400.0
0601011L0BBAIAF,Humalog Junior KwikPen 100units/ml inj 3ml pre-filled pens,672.0,3710.0,21753.916290000005,,2026-07-01,originator,1113000.0
0601011L0BBAJAF,Humalog Tempo Pen 100units/ml inj 3ml pre-filled pens,1.0,1.0,6.3124,,2026-07-01,originator,300.0
0601011L0BCAAAB,Insulin lispro Sanofi 100units/ml inj 10ml vials,1.0,3.0,49.8424,,2026-07-01,biosimilar,3000.0
0601011L0BCACAF,Insulin lispro Sanofi 100units/ml inj 3ml pre-filled pens,4.0,20.0,68.55959999999999,,2026-07-01,biosimilar,6000.0
0601011L0BDAAAG,Lyumjev KwikPen 200units/ml inj 3ml pre-filled pens,443.0,3271.0,38430.14793,,2026-07-01,ultra-rapid,1962600.0
0601011L0BDABAB,Lyumjev 100units/ml solution for injection 10ml vials,2391.0,9271.0,153222.83346,,2026-07-01,ultra-rapid,9271000.0
0601011L0BDACAC,Lyumjev 100units/ml solution for injection 3ml cartridges,1215.0,8788.0,49469.11277,,2026-07-01,ultra-rapid,2636400.0
0601011L0BDADAF,Lyumjev KwikPen 100units/ml inj 3ml pre-filled pens,7264.0,44645.0,262137.53067999997,,2026-07-01,ultra-rapid,13393500.0
0601011L0BDAEAF,Lyumjev Junior KwikPen 100units/ml inj 3ml pre-filled pens,660.0,3760.0,22085.025440000005,,2026-07-01,ultra-rapid,1128000.0
0601011L0BEAAAC,Admelog 100units/ml solution for injection 3ml cartridges,10.0,80.0,335.06596,,2026-07-01,biosimilar,24000.0
0601011L0BEABAB,Admelog 100units/ml solution for injection 10ml vials,52.0,186.0,2597.0318,,2026-07-01,biosimilar,186000.0
0601011L0BEACAF,Admelog 100units/ml inj 3ml pre-filled pens,30.0,187.0,827.1120000000001,,2026-07-01,biosimilar,56100.0
0601011N0BCAEAC,Hypurin Porcine Neutral 100units/ml inj 10ml vials,6.0,28.0,1102.9944,,2026-07-01,human soluble,28000.0
0601011N0BCAHAZ,Hypurin Porcine Neutral 100units/ml inj 3ml cartridges,207.0,1952.0,22919.624359999998,,2026-07-01,human soluble,585600.0
0601011N0BFAEAL,Actrapid 100units/ml solution for injection 10ml vials,263.0,795.0,5908.87044,,2026-07-01,human soluble,795000.0
0601011N0BHAAAL,Humulin S 100units/ml solution for injection 10ml vials,24.0,77.0,1198.91956,,2026-07-01,human soluble,77000.0
0601011N0BHADAP,Humulin S 100units/ml solution for injection 3ml cartridges,1296.0,9977.0,37904.75693,,2026-07-01,human soluble,2993100.0
0601011P0AAAAAA,Insulin glulisine 100units/ml inj 10ml vials,3.0,10.0,160.03719999999998,,2026-07-01,generic analogue,10000.0
0601011P0AAABAB,Insulin glulisine 100units/ml inj 3ml cartridges,4.0,30.0,169.8496,,2026-07-01,generic analogue,9000.0
0601011P0AAACAC,Insulin glulisine 100units/ml inj 3ml pf dispos dev,33.0,241.0,1361.60711,,2026-07-01,generic analogue,72300.0
0601011P0BBAAAA,Apidra 100units/ml solution for injection 10ml vials,311.0,1239.0,19661.91256,,2026-07-01,originator,1239000.0
0601011P0BBABAB,Apidra 100units/ml solution for injection 3ml cartridges,418.0,3098.0,17402.467660000002,,2026-07-01,originator,929400.0
0601011P0BBAEAC,Apidra 100units/ml inj 3ml pre-filled SoloStar pens,5665.0,38360.0,216253.16136999996,,2026-07-01,originator,11508000.0
0601011R0BEAAAE,Humulin R KwikPen 500units/ml inj 3ml pre-filled pens,8.0,134.0,6026.749199999999,,2026-07-01,human soluble,201000.0
