labeler_code,medicaid_amount_reimbursed,ndc,non_medicaid_amount_reimbursed,number_of_prescriptions,package_size,product_code,product_name,quarter,state,suppression_used,total_amount_reimbursed,units_reimbursed,utilization_type,year
00169,,00169255013,,,13,2550,TRESIBA FL,4,XX,true,,,FFSU,2015
00169,,00169255013,,,13,2550,TRESIBA FL,4,XX,true,,,MCOU,2015
00169,,00169266015,,,15,2660,TRESIBA FL,4,XX,true,,,FFSU,2015
00169,,00169266015,,,15,2660,TRESIBA FL,4,XX,true,,,MCOU,2015
00024,1104927.42,00024586903,27180.47,2236,03,5869,TOUJEO SOL,4,XX,false,1132107.89,14988.000,FFSU,2015
00024,3211445.37,00024586903,23286.85,6974,03,5869,TOUJEO SOL,4,XX,false,3234732.22,42960.710,MCOU,2015
00024,537635.62,00024586903,11979.18,1063,03,5869,TOUJEO SOL,3,XX,false,549614.80,7218.503,FFSU,2015
00024,1270573.64,00024586903,8069.98,2773,03,5869,TOUJEO SOL,3,XX,false,1278643.62,17024.001,MCOU,2015
00024,154591.80,00024586903,5845.90,290,03,5869,TOUJEO SOL,2,XX,false,160437.70,2140.601,FFSU,2015
00024,186682.18,00024586903,426.94,410,03,5869,TOUJEO SOL,2,XX,false,187109.12,2583.000,MCOU,2015
00024,,00024586903,,,03,5869,TOUJEO SOL,1,XX,true,,,MCOU,2015
00088,50753385.62,00088221905,1229127.76,119631,05,2219,LANTUS 3ML,4,XX,false,51982513.38,2059068.290,FFSU,2015
00088,111868084.36,00088221905,897604.54,278075,05,2219,LANTUS 3ML,4,XX,false,112765688.90,4474053.420,MCOU,2015
00088,56575612.28,00088222033,724202.87,155515,33,2220,LANTUS 10M,4,XX,false,57299815.15,2275147.170,FFSU,2015
00088,145941582.35,00088222033,851852.63,393550,33,2220,LANTUS 10M,4,XX,false,146793434.98,5852950.165,MCOU,2015
00088,,00088222060,,,60,2220,LANTUS 10M,4,XX,true,,,FFSU,2015
00088,,00088222060,,,60,2220,LANTUS 10M,4,XX,true,,,MCOU,2015
00088,51827994.48,00088221905,1303287.85,121426,05,2219,LANTUS 3ML,3,XX,false,53131282.33,2105241.400,FFSU,2015
00088,109851815.99,00088221905,800624.42,274030,05,2219,LANTUS 3ML,3,XX,false,110652440.41,4390084.090,MCOU,2015
00088,57884444.91,00088222033,811716.06,158855,33,2220,LANTUS 10M,3,XX,false,58696160.97,2329039.291,FFSU,2015
00088,144395471.61,00088222033,853770.23,385357,33,2220,LANTUS 10M,3,XX,false,145249241.84,5694911.754,MCOU,2015
00088,,00088222052,,,52,2220,LANTUS 10M,3,XX,true,,,MCOU,2015
00088,2140.92,00088222060,0.00,11,60,2220,LANTUS 10M,3,XX,false,2140.92,146.100,FFSU,2015
00088,1136.54,00088222060,5577.21,19,60,2220,LANTUS 10M,3,XX,false,6713.75,169.150,MCOU,2015
00088,52709533.55,00088221905,1437359.47,123007,05,2219,LANTUS 3ML,2,XX,false,54146893.02,2151655.350,FFSU,2015
00088,111746704.03,00088221905,1089820.33,278143,05,2219,LANTUS 3ML,2,XX,false,112836524.36,4471100.506,MCOU,2015
00088,61541732.97,00088222033,954653.55,169023,33,2220,LANTUS 10M,2,XX,false,62496386.52,2484458.490,FFSU,2015
00088,137036247.37,00088222033,1201082.31,362923,33,2220,LANTUS 10M,2,XX,false,138237329.68,5397006.689,MCOU,2015
00088,,00088222060,,,60,2220,LANTUS 10M,2,XX,true,,,FFSU,2015
00088,1509.81,00088222060,115.16,18,60,2220,LANTUS 10M,2,XX,false,1624.97,133.550,MCOU,2015
00088,53971767.52,00088221905,1360983.61,124462,05,2219,LANTUS 3ML,1,XX,false,55332751.13,2199563.150,FFSU,2015
00088,98471031.41,00088221905,751208.01,243839,05,2219,LANTUS 3ML,1,XX,false,99222239.42,3935650.100,MCOU,2015
00088,62710356.56,00088222033,851062.60,171978,33,2220,LANTUS 10M,1,XX,false,63561419.16,2534972.044,FFSU,2015
00088,125991731.21,00088222033,1110002.52,334311,33,2220,LANTUS 10M,1,XX,false,127101733.73,4939100.895,MCOU,2015
00088,,00088222060,,,60,2220,LANTUS 10M,1,XX,true,,,FFSU,2015
00088,759.54,00088222060,0.00,11,60,2220,LANTUS 10M,1,XX,false,759.54,37.400,MCOU,2015
00169,13540617.02,00169368712,131904.51,31100,12,3687,LEVEMIR 10,4,XX,false,13672521.53,506687.176,FFSU,2015
00169,19907483.31,00169368712,196147.89,48109,12,3687,LEVEMIR 10,4,XX,false,20103631.20,750319.668,MCOU,2015
00169,19077475.34,00169643810,428998.27,40419,10,6438,LEVEMIR FL,4,XX,false,19506473.61,720484.650,FFSU,2015
00169,31931908.84,00169643810,418396.63,69441,10,6438,LEVEMIR FL,4,XX,false,32350305.47,1198344.221,MCOU,2015
00169,48523.00,00169643910,585.10,165,10,6439,Levemir Fl,4,XX,false,49108.10,2143.550,FFSU,2015
00169,251066.54,00169643910,1270.16,873,10,6439,Levemir Fl,4,XX,false,252336.70,12830.409,MCOU,2015
00169,12505628.63,00169368712,177599.69,30345,12,3687,LEVEMIR 10,3,XX,false,12683228.32,488268.701,FFSU,2015
00169,18640860.24,00169368712,195963.81,47547,12,3687,LEVEMIR 10,3,XX,false,18836824.05,742349.012,MCOU,2015
00169,17282823.28,00169643810,408303.35,38655,10,6438,LEVEMIR FL,3,XX,false,17691126.63,692097.851,FFSU,2015
00169,29551386.95,00169643810,346969.31,68056,10,6438,LEVEMIR FL,3,XX,false,29898356.26,1167782.704,MCOU,2015
00169,106670.22,00169643910,2171.63,371,10,6439,Levemir Fl,3,XX,false,108841.85,4891.500,FFSU,2015
00169,345165.56,00169643910,3602.52,1250,10,6439,Levemir Fl,3,XX,false,348768.08,18462.890,MCOU,2015
00169,12469451.99,00169368712,176838.09,30578,12,3687,LEVEMIR 10,2,XX,false,12646290.08,506188.843,FFSU,2015
00169,16558437.79,00169368712,168023.58,42735,12,3687,LEVEMIR 10,2,XX,false,16726461.37,666101.801,MCOU,2015
00169,16968063.34,00169643810,397680.42,37557,10,6438,LEVEMIR FL,2,XX,false,17365743.76,694593.802,FFSU,2015
00169,26713849.48,00169643810,299384.44,63159,10,6438,LEVEMIR FL,2,XX,false,27013233.92,1081332.352,MCOU,2015
00169,184763.14,00169643910,8023.89,548,10,6439,Levemir Fl,2,XX,false,192787.03,8413.500,FFSU,2015
00169,562940.54,00169643910,3819.18,1746,10,6439,Levemir Fl,2,XX,false,566759.72,26517.940,MCOU,2015
00169,12456180.50,00169368712,163303.88,30860,12,3687,LEVEMIR 10,1,XX,false,12619484.38,508020.855,FFSU,2015
00169,16729183.70,00169368712,155446.52,42648,12,3687,LEVEMIR 10,1,XX,false,16884630.22,673557.974,MCOU,2015
00169,15933493.71,00169643810,403276.16,35806,10,6438,LEVEMIR FL,1,XX,false,16336769.87,660504.400,FFSU,2015
00169,23654865.99,00169643810,280999.23,55455,10,6438,LEVEMIR FL,1,XX,false,23935865.22,955018.850,MCOU,2015
00169,415775.61,00169643910,18087.07,1257,10,6439,Levemir Fl,1,XX,false,433862.68,19005.210,FFSU,2015
00169,1118013.27,00169643910,6931.55,3432,10,6439,Levemir Fl,1,XX,false,1124944.82,51683.985,MCOU,2015
00169,2343547.51,00169255013,50035.04,3214,13,2550,TRESIBA FL,4,XX,false,2393582.55,39821.000,FFSU,2016
00169,4802987.40,00169255013,39646.96,7166,13,2550,TRESIBA FL,4,XX,false,4842634.36,81562.000,MCOU,2016
00169,598440.16,00169266015,17707.11,1272,15,2660,TRESIBA FL,4,XX,false,616147.27,20511.000,FFSU,2016
00169,1272623.28,00169266015,11060.77,2928,15,2660,TRESIBA FL,4,XX,false,1283684.05,43296.000,MCOU,2016
00169,1620396.94,00169255013,39483.14,2269,13,2550,TRESIBA FL,3,XX,false,1659880.08,27582.000,FFSU,2016
00169,2988000.27,00169255013,13359.83,4471,13,2550,TRESIBA FL,3,XX,false,3001360.10,50480.000,MCOU,2016
00169,453493.81,00169266015,13421.31,936,15,2660,TRESIBA FL,3,XX,false,466915.12,15390.000,FFSU,2016
00169,758165.61,00169266015,7528.44,1776,15,2660,TRESIBA FL,3,XX,false,765694.05,25776.000,MCOU,2016
00169,808471.61,00169255013,20147.67,1135,13,2550,TRESIBA FL,2,XX,false,828619.28,13782.000,FFSU,2016
00169,1412618.96,00169255013,22459.70,2174,13,2550,TRESIBA FL,2,XX,false,1435078.66,24276.000,MCOU,2016
00169,201740.72,00169266015,8972.41,473,15,2660,TRESIBA FL,2,XX,false,210713.13,6882.000,FFSU,2016
00169,309268.10,00169266015,4792.78,735,15,2660,TRESIBA FL,2,XX,false,314060.88,10653.000,MCOU,2016
00169,172075.27,00169255013,13318.13,265,13,2550,TRESIBA FL,1,XX,false,185393.40,3126.000,FFSU,2016
00169,233941.54,00169255013,4269.45,371,13,2550,TRESIBA FL,1,XX,false,238210.99,4068.000,MCOU,2016
00169,43760.95,00169266015,2836.34,111,15,2660,TRESIBA FL,1,XX,false,46597.29,1515.000,FFSU,2016
00169,87146.40,00169266015,2538.78,189,15,2660,TRESIBA FL,1,XX,false,89685.18,2967.000,MCOU,2016
00024,3151408.27,00024586903,94514.70,6431,03,5869,TOUJEO SOL,4,XX,false,3245922.97,43614.550,FFSU,2016
00024,17517788.10,00024586903,133306.01,41370,03,5869,TOUJEO SOL,4,XX,false,17651094.11,236372.451,MCOU,2016
00024,2854582.85,00024586903,96473.58,5972,03,5869,TOUJEO SOL,3,XX,false,2951056.43,39528.750,FFSU,2016
00024,14320088.40,00024586903,81021.77,33516,03,5869,TOUJEO SOL,3,XX,false,14401110.17,192222.946,MCOU,2016
00024,2376887.88,00024586903,96007.15,4985,03,5869,TOUJEO SOL,2,XX,false,2472895.03,32897.000,FFSU,2016
00024,11293529.27,00024586903,66220.15,26290,03,5869,TOUJEO SOL,2,XX,false,11359749.42,151606.751,MCOU,2016
00024,1787195.58,00024586903,74712.15,3637,03,5869,TOUJEO SOL,1,XX,false,1861907.73,24831.125,FFSU,2016
00024,7217074.16,00024586903,50146.64,16229,03,5869,TOUJEO SOL,1,XX,false,7267220.80,97090.418,MCOU,2016
00088,51626617.31,00088221905,1122766.31,124875,05,2219,LANTUS 3ML,4,XX,false,52749383.62,2099757.350,FFSU,2016
00088,139374053.40,00088221905,1524354.58,361501,05,2219,LANTUS 3ML,4,XX,false,140898407.98,5708913.304,MCOU,2016
00088,47337900.37,00088222033,607024.75,130762,33,2220,LANTUS 10M,4,XX,false,47944925.12,1906809.674,FFSU,2016
00088,143300782.33,00088222033,846524.39,409602,33,2220,LANTUS 10M,4,XX,false,144147306.72,5951173.807,MCOU,2016
00088,1018.18,00088222060,6.00,17,60,2220,LANTUS 10M,4,XX,false,1024.18,73.000,FFSU,2016
00088,,00088222060,,,60,2220,LANTUS 10M,4,XX,true,,,MCOU,2016
00088,53821705.16,00088221905,1236556.68,129709,05,2219,LANTUS 3ML,3,XX,false,55058261.84,2191904.200,FFSU,2016
00088,135501348.29,00088221905,975945.19,345165,05,2219,LANTUS 3ML,3,XX,false,136477293.48,5467163.448,MCOU,2016
00088,50301146.13,00088222033,707634.71,138063,33,2220,LANTUS 10M,3,XX,false,51008780.84,2024666.890,FFSU,2016
00088,138711049.63,00088222033,763433.37,379975,33,2220,LANTUS 10M,3,XX,false,139474483.00,5559981.574,MCOU,2016
00088,,00088222052,,,52,2220,LANTUS 10M,3,XX,true,,,MCOU,2016
00088,919.71,00088222060,6.00,16,60,2220,LANTUS 10M,3,XX,false,925.71,65.050,FFSU,2016
00088,,00088222060,,,60,2220,LANTUS 10M,3,XX,true,,,MCOU,2016
00088,50758454.42,00088221905,1334231.78,122411,05,2219,LANTUS 3ML,2,XX,false,52092686.20,2069726.735,FFSU,2016
00088,133314770.47,00088221905,1000140.04,336366,05,2219,LANTUS 3ML,2,XX,false,134314910.51,5360962.958,MCOU,2016
00088,49855939.69,00088222033,755776.77,137503,33,2220,LANTUS 10M,2,XX,false,50611716.46,2006842.970,FFSU,2016
00088,147417823.88,00088222033,888755.17,396735,33,2220,LANTUS 10M,2,XX,false,148306579.05,5793396.183,MCOU,2016
00088,1328.21,00088222060,7.00,14,60,2220,LANTUS 10M,2,XX,false,1335.21,85.050,FFSU,2016
00088,460.20,00088222060,0.00,11,60,2220,LANTUS 10M,2,XX,false,460.20,197.250,MCOU,2016
00088,51892165.55,00088221905,1320806.20,123681,05,2219,LANTUS 3ML,1,XX,false,53212971.75,2115329.300,FFSU,2016
00088,139354267.65,00088221905,1017705.81,352090,05,2219,LANTUS 3ML,1,XX,false,140371973.46,5593248.963,MCOU,2016
00088,54057397.59,00088222033,795057.85,147758,33,2220,LANTUS 10M,1,XX,false,54852455.44,2177944.970,FFSU,2016
00088,155576715.78,00088222033,914414.82,421953,33,2220,LANTUS 10M,1,XX,false,156491130.60,6180563.690,MCOU,2016
00088,,00088222060,,,60,2220,LANTUS 10M,1,XX,true,,,FFSU,2016
00088,644.43,00088222060,0.00,19,60,2220,LANTUS 10M,1,XX,false,644.43,314.000,MCOU,2016
00002,,00002771559,,,59,7715,BASAGLAR  ,4,XX,true,,,FFSU,2016
00002,33524.96,00002771559,3.00,94,59,7715,BASAGLAR  ,4,XX,false,33527.96,1575.000,MCOU,2016
00169,11192462.24,00169368712,99019.37,25834,12,3687,LEVEMIR 10,4,XX,false,11291481.61,415863.970,FFSU,2016
00169,19341751.30,00169368712,171274.28,49183,12,3687,LEVEMIR 10,4,XX,false,19513025.58,735878.540,MCOU,2016
00169,19355772.95,00169643810,373869.26,41790,10,6438,LEVEMIR FL,4,XX,false,19729642.21,732575.200,FFSU,2016
00169,33141744.65,00169643810,487812.90,74314,10,6438,LEVEMIR FL,4,XX,false,33629557.55,1264689.300,MCOU,2016
00169,6033.28,00169643910,89.20,29,10,6439,Levemir Fl,4,XX,false,6122.48,259.950,FFSU,2016
00169,35645.19,00169643910,20459.76,84,10,6439,Levemir Fl,4,XX,false,56104.95,877.250,MCOU,2016
00169,11985219.18,00169368712,134005.12,27419,12,3687,LEVEMIR 10,3,XX,false,12119224.30,446192.760,FFSU,2016
00169,19138882.86,00169368712,147287.95,46997,12,3687,LEVEMIR 10,3,XX,false,19286170.81,719494.873,MCOU,2016
00169,19823581.63,00169643810,443265.17,42674,10,6438,LEVEMIR FL,3,XX,false,20266846.80,750587.320,FFSU,2016
00169,34218909.76,00169643810,411526.16,75795,10,6438,LEVEMIR FL,3,XX,false,34630435.92,1290067.900,MCOU,2016
00169,13233.64,00169643910,248.43,44,10,6439,Levemir Fl,3,XX,false,13482.07,509.400,FFSU,2016
00169,82733.86,00169643910,49749.08,319,10,6439,Levemir Fl,3,XX,false,132482.94,3592.480,MCOU,2016
00169,12104806.32,00169368712,168593.44,28022,12,3687,LEVEMIR 10,2,XX,false,12273399.76,454367.060,FFSU,2016
00169,20098111.44,00169368712,265614.68,50574,12,3687,LEVEMIR 10,2,XX,false,20363726.12,774974.794,MCOU,2016
00169,19370089.45,00169643810,479324.77,41662,10,6438,LEVEMIR FL,2,XX,false,19849414.22,736670.065,FFSU,2016
00169,35059600.13,00169643810,460235.66,77353,10,6438,LEVEMIR FL,2,XX,false,35519835.79,1320564.480,MCOU,2016
00169,22480.69,00169643910,750.58,81,10,6439,Levemir Fl,2,XX,false,23231.27,961.350,FFSU,2016
00169,98516.36,00169643910,13689.11,322,10,6439,Levemir Fl,2,XX,false,112205.47,4180.850,MCOU,2016
00169,13439557.14,00169368712,161815.14,30862,12,3687,LEVEMIR 10,1,XX,false,13601372.28,503711.930,FFSU,2016
00169,20401028.07,00169368712,196742.54,51894,12,3687,LEVEMIR 10,1,XX,false,20597770.61,793148.984,MCOU,2016
00169,19503954.28,00169643810,496592.00,41474,10,6438,LEVEMIR FL,1,XX,false,20000546.28,743148.850,FFSU,2016
00169,36283160.92,00169643810,461561.77,80540,10,6438,LEVEMIR FL,1,XX,false,36744722.69,1363695.900,MCOU,2016
00169,21923.03,00169643910,291.10,82,10,6439,Levemir Fl,1,XX,false,22214.13,956.250,FFSU,2016
00169,191671.52,00169643910,1090.05,1097,10,6439,Levemir Fl,1,XX,false,192761.57,17141.256,MCOU,2016
00169,4797243.79,00169255013,73464.61,6478,13,2550,TRESIBA FL,4,XX,false,4870708.40,84519.000,FFSU,2017
00169,10245644.23,00169255013,174684.98,15735,13,2550,TRESIBA FL,4,XX,false,10420329.21,177010.500,MCOU,2017
00169,1901729.50,00169266015,89211.47,4381,15,2660,TRESIBA FL,4,XX,false,1990940.97,68749.000,FFSU,2017
00169,5101669.74,00169266015,77390.28,11989,15,2660,TRESIBA FL,4,XX,false,5179060.02,176202.000,MCOU,2017
00169,4138531.85,00169255013,95066.35,5846,13,2550,TRESIBA FL,3,XX,false,4233598.20,74030.000,FFSU,2017
00169,9893411.21,00169255013,161440.62,15153,13,2550,TRESIBA FL,3,XX,false,10054851.83,169887.500,MCOU,2017
00169,1615015.99,00169266015,70014.31,3747,15,2660,TRESIBA FL,3,XX,false,1685030.30,57510.000,FFSU,2017
00169,4624882.69,00169266015,74740.60,10718,15,2660,TRESIBA FL,3,XX,false,4699623.29,159316.000,MCOU,2017
00169,3384329.53,00169255013,84341.80,4834,13,2550,TRESIBA FL,2,XX,false,3468671.33,61281.000,FFSU,2017
00169,9919603.13,00169255013,176764.00,15173,13,2550,TRESIBA FL,2,XX,false,10096367.13,169391.000,MCOU,2017
00169,1190534.29,00169266015,50677.64,2716,15,2660,TRESIBA FL,2,XX,false,1241211.93,42678.000,FFSU,2017
00169,4467021.05,00169266015,83586.88,10309,15,2660,TRESIBA FL,2,XX,false,4550607.93,153612.000,MCOU,2017
00169,2964788.09,00169255013,81341.87,4172,13,2550,TRESIBA FL,1,XX,false,3046129.96,51288.000,FFSU,2017
00169,7015860.04,00169255013,128023.79,10623,13,2550,TRESIBA FL,1,XX,false,7143883.83,119539.000,MCOU,2017
00169,843880.37,00169266015,44556.47,1890,15,2660,TRESIBA FL,1,XX,false,888436.84,30088.000,FFSU,2017
00169,2853046.14,00169266015,33682.70,6481,15,2660,TRESIBA FL,1,XX,false,2886728.84,97194.000,MCOU,2017
00024,,00024586901,,,01,5869,TOUJEO SOL,4,XX,true,,,MCOU,2017
00024,3427625.91,00024586903,90927.25,6421,03,5869,TOUJEO SOL,4,XX,false,3518553.16,46456.500,FFSU,2017
00024,22616502.66,00024586903,173561.22,51704,03,5869,TOUJEO SOL,4,XX,false,22790063.88,293690.103,MCOU,2017
00024,,00024586901,,,01,5869,TOUJEO SOL,3,XX,true,,,MCOU,2017
00024,3261087.21,00024586903,97058.42,6536,03,5869,TOUJEO SOL,3,XX,false,3358145.63,45715.000,FFSU,2017
00024,22876433.29,00024586903,172537.36,54668,03,5869,TOUJEO SOL,3,XX,false,23048970.65,310234.387,MCOU,2017
00024,,00024586901,,,01,5869,TOUJEO SOL,2,XX,true,,,MCOU,2017
00024,3181018.30,00024586903,112141.64,6489,03,5869,TOUJEO SOL,2,XX,false,3293159.94,45050.250,FFSU,2017
00024,24976132.21,00024586903,171603.77,59646,03,5869,TOUJEO SOL,2,XX,false,25147735.98,337123.330,MCOU,2017
00024,,00024586901,,,01,5869,TOUJEO SOL,1,XX,true,,,MCOU,2017
00024,3201839.95,00024586903,97997.11,6502,03,5869,TOUJEO SOL,1,XX,false,3299837.06,44647.550,FFSU,2017
00024,19477497.45,00024586903,155645.46,46424,03,5869,TOUJEO SOL,1,XX,false,19633142.91,262629.520,MCOU,2017
00088,54751369.64,00088221905,903585.18,135670,05,2219,LANTUS 3ML,4,XX,false,55654954.82,2226604.550,FFSU,2017
00088,67813410.96,00088221905,1472070.43,175886,05,2219,LANTUS 3ML,4,XX,false,69285481.39,2746025.468,MCOU,2017
00088,44249379.71,00088222033,524395.88,118340,33,2220,LANTUS 10M,4,XX,false,44773775.59,1788236.510,FFSU,2017
00088,64463359.51,00088222033,602153.77,176655,33,2220,LANTUS 10M,4,XX,false,65065513.28,2598088.976,MCOU,2017
00088,,00088222060,,,60,2220,LANTUS 10M,4,XX,true,,,FFSU,2017
00088,1296.83,00088502001,0.00,24,01,5020,LANTUS SOL,4,XX,false,1296.83,367.000,FFSU,2017
00088,29595.86,00088502005,367.82,73,05,5020,LANTUS SOL,4,XX,false,29963.68,1203.000,FFSU,2017
00088,22127.56,00088502005,1799.82,70,05,5020,LANTUS SOL,4,XX,false,23927.38,924.300,MCOU,2017
00088,24745.76,00088502101,868.32,70,01,5021,LANTUS NOV,4,XX,false,25614.08,1004.480,FFSU,2017
00088,46478.72,00088502101,510.36,131,01,5021,LANTUS NOV,4,XX,false,46989.08,1600.798,MCOU,2017
00088,52667014.40,00088221905,1008146.89,132278,05,2219,LANTUS 3ML,3,XX,false,53675161.29,2178101.420,FFSU,2017
00088,81968864.52,00088221905,1657007.02,217971,05,2219,LANTUS 3ML,3,XX,false,83625871.54,3381669.004,MCOU,2017
00088,45097230.03,00088222033,575048.34,123946,33,2220,LANTUS 10M,3,XX,false,45672278.37,1844476.070,FFSU,2017
00088,84963561.12,00088222033,1301597.74,240558,33,2220,LANTUS 10M,3,XX,false,86265158.86,3493104.734,MCOU,2017
00088,,00088222060,,,60,2220,LANTUS 10M,3,XX,true,,,FFSU,2017
00088,,00088222060,,,60,2220,LANTUS 10M,3,XX,true,,,MCOU,2017
00088,17407.02,00088502005,0.00,38,05,5020,LANTUS SOL,3,XX,false,17407.02,678.000,FFSU,2017
00088,15049.99,00088502005,337.07,38,05,5020,LANTUS SOL,3,XX,false,15387.06,627.000,MCOU,2017
00088,10223.74,00088502101,0.00,25,01,5021,LANTUS NOV,3,XX,false,10223.74,410.000,FFSU,2017
00088,34967.99,00088502101,0.00,115,01,5021,LANTUS NOV,3,XX,false,34967.99,1410.508,MCOU,2017
00088,47791140.46,00088221905,967680.68,120088,05,2219,LANTUS 3ML,2,XX,false,48758821.14,1988108.650,FFSU,2017
00088,118986557.06,00088221905,2059554.84,310883,05,2219,LANTUS 3ML,2,XX,false,121046111.90,4882972.831,MCOU,2017
00088,44112968.08,00088222033,734868.14,122921,33,2220,LANTUS 10M,2,XX,false,44847836.22,1804772.050,FFSU,2017
00088,113110448.60,00088222033,864447.22,316423,33,2220,LANTUS 10M,2,XX,false,113974895.82,4583034.107,MCOU,2017
00088,1573.88,00088222060,7.00,15,60,2220,LANTUS 10M,2,XX,false,1580.88,116.000,FFSU,2017
00088,,00088222060,,,60,2220,LANTUS 10M,2,XX,true,,,MCOU,2017
00088,51690341.71,00088221905,1150614.19,125899,05,2219,LANTUS 3ML,1,XX,false,52840955.90,2104260.700,FFSU,2017
00088,133969623.64,00088221905,1849409.50,349366,05,2219,LANTUS 3ML,1,XX,false,135819033.14,5483463.467,MCOU,2017
00088,45683506.91,00088222033,541965.83,127194,33,2220,LANTUS 10M,1,XX,false,46225472.74,1844083.870,FFSU,2017
00088,135772471.55,00088222033,869880.86,386952,33,2220,LANTUS 10M,1,XX,false,136642352.41,5631022.053,MCOU,2017
00088,1668.96,00088222060,0.00,16,60,2220,LANTUS 10M,1,XX,false,1668.96,121.000,FFSU,2017
00002,3233.91,00002771501,0.00,23,01,7715,BASAGLAR  ,4,XX,false,3233.91,168.000,FFSU,2017
00002,506264.37,00002771501,1185.65,1956,01,7715,BASAGLAR  ,4,XX,false,507450.02,24228.050,MCOU,2017
00002,2061385.92,00002771559,109897.60,6729,59,7715,BASAGLAR  ,4,XX,false,2171283.52,102240.000,FFSU,2017
00002,117893403.14,00002771559,320027.71,364935,59,7715,BASAGLAR  ,4,XX,false,118213430.85,5558902.750,MCOU,2017
00002,2817.95,00002771501,0.00,14,01,7715,BASAGLAR  ,3,XX,false,2817.95,132.000,FFSU,2017
00002,431902.38,00002771501,842.71,1685,01,7715,BASAGLAR  ,3,XX,false,432745.09,20571.000,MCOU,2017
00002,1398935.28,00002771559,67320.52,5100,59,7715,BASAGLAR  ,3,XX,false,1466255.80,76810.000,FFSU,2017
00002,89584938.13,00002771559,280560.21,277682,59,7715,BASAGLAR  ,3,XX,false,89865498.34,4236296.000,MCOU,2017
00002,3013.26,00002771501,0.00,11,01,7715,BASAGLAR  ,2,XX,false,3013.26,141.100,FFSU,2017
00002,322967.77,00002771501,460.17,1227,01,7715,BASAGLAR  ,2,XX,false,323427.94,15594.000,MCOU,2017
00002,939128.10,00002771559,66302.90,3544,59,7715,BASAGLAR  ,2,XX,false,1005431.00,50475.000,FFSU,2017
00002,56930823.19,00002771559,178375.65,174487,59,7715,BASAGLAR  ,2,XX,false,57109198.84,2690658.500,MCOU,2017
00002,,00002771501,,,01,7715,BASAGLAR  ,1,XX,true,,,FFSU,2017
00002,55946.71,00002771501,51.00,200,01,7715,BASAGLAR  ,1,XX,false,55997.71,2703.000,MCOU,2017
00002,226085.75,00002771559,24602.27,944,59,7715,BASAGLAR  ,1,XX,false,250688.02,11937.000,FFSU,2017
00002,14325813.27,00002771559,72899.81,41668,59,7715,BASAGLAR  ,1,XX,false,14398713.08,667304.000,MCOU,2017
00169,10339274.64,00169368712,138006.49,24656,12,3687,LEVEMIR 10,4,XX,false,10477281.13,398809.094,FFSU,2017
00169,11777356.61,00169368712,172065.87,30354,12,3687,LEVEMIR 10,4,XX,false,11949422.48,464436.086,MCOU,2017
00169,20540963.80,00169643810,454143.14,45455,10,6438,LEVEMIR FL,4,XX,false,20995106.94,796115.650,FFSU,2017
00169,23706664.45,00169643810,596682.52,55157,10,6438,LEVEMIR FL,4,XX,false,24303346.97,918656.163,MCOU,2017
00169,,00169643910,,,10,6439,Levemir Fl,4,XX,true,,,FFSU,2017
00169,315.39,00169643910,4.05,24,10,6439,Levemir Fl,4,XX,false,319.44,52.495,MCOU,2017
00169,10527699.17,00169368712,155217.14,24807,12,3687,LEVEMIR 10,3,XX,false,10682916.31,399661.330,FFSU,2017
00169,13503992.48,00169368712,162152.56,34167,12,3687,LEVEMIR 10,3,XX,false,13666145.04,520062.360,MCOU,2017
00169,20278557.17,00169643810,505486.29,44952,10,6438,LEVEMIR FL,3,XX,false,20784043.46,779366.750,FFSU,2017
00169,26299392.78,00169643810,647965.73,60438,10,6438,LEVEMIR FL,3,XX,false,26947358.51,1009413.860,MCOU,2017
00169,,00169643910,,,10,6439,Levemir Fl,3,XX,true,,,FFSU,2017
00169,27817.70,00169643910,0.00,110,10,6439,Levemir Fl,3,XX,false,27817.70,1418.400,MCOU,2017
00169,10797127.92,00169368712,156348.79,25325,12,3687,LEVEMIR 10,2,XX,false,10953476.71,410445.160,FFSU,2017
00169,16526602.25,00169368712,228486.82,40815,12,3687,LEVEMIR 10,2,XX,false,16755089.07,625386.995,MCOU,2017
00169,18573622.11,00169643810,541496.86,41423,10,6438,LEVEMIR FL,2,XX,false,19115118.97,718553.400,FFSU,2017
00169,33507833.66,00169643810,778829.66,75504,10,6438,LEVEMIR FL,2,XX,false,34286663.32,1277700.500,MCOU,2017
00169,,00169643910,,,10,6439,Levemir Fl,2,XX,true,,,FFSU,2017
00169,20120.80,00169643910,510.29,75,10,6439,Levemir Fl,2,XX,false,20631.09,1254.250,MCOU,2017
00169,11099588.13,00169368712,142390.00,25728,12,3687,LEVEMIR 10,1,XX,false,11241978.13,417506.710,FFSU,2017
00169,17089195.77,00169368712,172123.90,42383,12,3687,LEVEMIR 10,1,XX,false,17261319.67,648995.459,MCOU,2017
00169,19113795.42,00169643810,512517.14,41844,10,6438,LEVEMIR FL,1,XX,false,19626312.56,731069.300,FFSU,2017
00169,32198457.23,00169643810,661356.10,72277,10,6438,LEVEMIR FL,1,XX,false,32859813.33,1226807.800,MCOU,2017
00169,1285.03,00169643910,504.46,15,10,6439,Levemir Fl,1,XX,false,1789.49,126.500,FFSU,2017
00169,17256.51,00169643910,2357.27,82,10,6439,Levemir Fl,1,XX,false,19613.78,1051.700,MCOU,2017
00169,7013178.45,00169255013,136142.85,8505,13,2550,TRESIBA FL,4,XX,false,7149321.30,113885.000,FFSU,2018
00169,15484164.79,00169255013,197327.09,22259,13,2550,TRESIBA FL,4,XX,false,15681491.88,246176.000,MCOU,2018
00169,3699768.72,00169266015,134717.09,8183,15,2660,TRESIBA FL,4,XX,false,3834485.81,122328.100,FFSU,2018
00169,9084261.75,00169266015,138597.32,21400,15,2660,TRESIBA FL,4,XX,false,9222859.07,290780.250,MCOU,2018
00169,6678320.22,00169255013,129414.24,8331,13,2550,TRESIBA FL,3,XX,false,6807734.46,110145.000,FFSU,2018
00169,12979504.07,00169255013,199752.05,21277,13,2550,TRESIBA FL,3,XX,false,13179256.12,235568.000,MCOU,2018
00169,3358852.68,00169266015,134357.57,7511,15,2660,TRESIBA FL,3,XX,false,3493210.25,112881.000,FFSU,2018
00169,7234461.47,00169266015,169540.83,19859,15,2660,TRESIBA FL,3,XX,false,7404002.30,269883.000,MCOU,2018
00169,5828912.04,00169255013,132235.57,7619,13,2550,TRESIBA FL,2,XX,false,5961147.61,99907.000,FFSU,2018
00169,11646360.80,00169255013,235994.11,19796,13,2550,TRESIBA FL,2,XX,false,11882354.91,221116.000,MCOU,2018
00169,2741100.92,00169266015,129417.22,6253,15,2660,TRESIBA FL,2,XX,false,2870518.14,95664.000,FFSU,2018
00169,6081219.64,00169266015,167949.26,17480,15,2660,TRESIBA FL,2,XX,false,6249168.90,240425.000,MCOU,2018
00169,5336079.51,00169255013,117339.36,6993,13,2550,TRESIBA FL,1,XX,false,5453418.87,92478.000,FFSU,2018
00169,12171092.12,00169255013,233276.10,18009,13,2550,TRESIBA FL,1,XX,false,12404368.22,203163.000,MCOU,2018
00169,2413618.47,00169266015,95541.36,5416,15,2660,TRESIBA FL,1,XX,false,2509159.83,84754.000,FFSU,2018
00169,6349514.18,00169266015,146080.98,14571,15,2660,TRESIBA FL,1,XX,false,6495595.16,212977.000,MCOU,2018
00024,,00024586901,,,01,5869,TOUJEO SOL,4,XX,true,,,FFSU,2018
00024,11932.88,00024586901,9.00,29,01,5869,TOUJEO SOL,4,XX,false,11941.88,148.500,MCOU,2018
00024,3134770.43,00024586903,86377.63,5479,03,5869,TOUJEO SOL,4,XX,false,3221148.06,39967.800,FFSU,2018
00024,17955139.56,00024586903,150658.05,38125,03,5869,TOUJEO SOL,4,XX,false,18105797.61,223001.538,MCOU,2018
00024,,00024587100,,,00,5871,TOUJEO MAX,4,XX,true,,,MCOU,2018
00024,288102.55,00024587102,10790.15,340,02,5871,TOUJEO MAX,4,XX,false,298892.70,3688.500,FFSU,2018
00024,1127712.92,00024587102,11406.57,1664,02,5871,TOUJEO MAX,4,XX,false,1139119.49,14018.000,MCOU,2018
00024,1363.88,00024586901,3.00,13,01,5869,TOUJEO SOL,3,XX,false,1366.88,36.000,MCOU,2018
00024,3327095.86,00024586903,99142.96,5845,03,5869,TOUJEO SOL,3,XX,false,3426238.82,42705.600,FFSU,2018
00024,17094091.83,00024586903,169043.65,41648,03,5869,TOUJEO SOL,3,XX,false,17263135.48,240090.020,MCOU,2018
00024,,00024587100,,,00,5871,TOUJEO MAX,3,XX,true,,,MCOU,2018
00024,81005.76,00024587102,3968.94,96,02,5871,TOUJEO MAX,3,XX,false,84974.70,1027.500,FFSU,2018
00024,372001.48,00024587102,7063.05,638,02,5871,TOUJEO MAX,3,XX,false,379064.53,5157.000,MCOU,2018
00024,2084.06,00024586901,3.00,12,01,5869,TOUJEO SOL,2,XX,false,2087.06,34.500,MCOU,2018
00024,3385624.53,00024586903,98372.20,6115,03,5869,TOUJEO SOL,2,XX,false,3483996.73,44294.000,FFSU,2018
00024,18030360.31,00024586903,236051.56,44549,03,5869,TOUJEO SOL,2,XX,false,18266411.87,256016.504,MCOU,2018
00024,12396.49,00024587102,0.00,13,02,5871,TOUJEO MAX,2,XX,false,12396.49,154.500,FFSU,2018
00024,48903.56,00024587102,503.73,96,02,5871,TOUJEO MAX,2,XX,false,49407.29,714.000,MCOU,2018
00024,5676.79,00024586901,0.00,18,01,5869,TOUJEO SOL,1,XX,false,5676.79,73.500,MCOU,2018
00024,3399060.99,00024586903,113551.49,6311,03,5869,TOUJEO SOL,1,XX,false,3512612.48,45975.000,FFSU,2018
00024,21937107.43,00024586903,275416.97,50161,03,5869,TOUJEO SOL,1,XX,false,22212524.40,287327.086,MCOU,2018
00088,57795088.92,00088221905,945108.66,141691,05,2219,LANTUS 3ML,4,XX,false,58740197.58,2216464.290,FFSU,2018
00088,55062872.48,00088221905,705397.58,144843,05,2219,LANTUS 3ML,4,XX,false,55768270.06,2110130.336,MCOU,2018
00088,34684136.11,00088222033,514693.31,87121,33,2220,LANTUS 10M,4,XX,false,35198829.42,1332026.330,FFSU,2018
00088,49808384.70,00088222033,388377.70,129614,33,2220,LANTUS 10M,4,XX,false,50196762.40,1902639.979,MCOU,2018
00088,,00088502001,,,01,5020,LANTUS SOL,4,XX,true,,,FFSU,2018
00088,,00088502001,,,01,5020,LANTUS SOL,4,XX,true,,,MCOU,2018
00088,156269.62,00088502005,5561.60,344,05,5020,LANTUS SOL,4,XX,false,161831.22,5884.000,FFSU,2018
00088,75966.56,00088502005,563.34,199,05,5020,LANTUS SOL,4,XX,false,76529.90,2899.850,MCOU,2018
00088,44759.00,00088502101,1224.05,186,01,5021,LANTUS NOV,4,XX,false,45983.05,1715.050,FFSU,2018
00088,50228.60,00088502101,288.23,197,01,5021,LANTUS NOV,4,XX,false,50516.83,1880.105,MCOU,2018
00088,57600915.67,00088221905,1100721.21,141894,05,2219,LANTUS 3ML,3,XX,false,58701636.88,2214003.800,FFSU,2018
00088,54355242.51,00088221905,817565.55,148219,05,2219,LANTUS 3ML,3,XX,false,55172808.06,2170683.440,MCOU,2018
00088,36639453.06,00088222033,525063.55,93271,33,2220,LANTUS 10M,3,XX,false,37164516.61,1407296.359,FFSU,2018
00088,51200180.60,00088222033,617281.50,134408,33,2220,LANTUS 10M,3,XX,false,51817462.10,1968696.830,MCOU,2018
00088,,00088502001,,,01,5020,LANTUS SOL,3,XX,true,,,FFSU,2018
00088,,00088502001,,,01,5020,LANTUS SOL,3,XX,true,,,MCOU,2018
00088,65733.03,00088502005,1386.37,160,05,5020,LANTUS SOL,3,XX,false,67119.40,2406.000,FFSU,2018
00088,61983.99,00088502005,178.53,173,05,5020,LANTUS SOL,3,XX,false,62162.52,2470.200,MCOU,2018
00088,31403.96,00088502101,1030.44,151,01,5021,LANTUS NOV,3,XX,false,32434.40,1244.860,FFSU,2018
00088,60799.25,00088502101,7920.44,161,01,5021,LANTUS NOV,3,XX,false,68719.69,1855.260,MCOU,2018
00088,54899957.19,00088221905,1160816.92,136909,05,2219,LANTUS 3ML,2,XX,false,56060774.11,2159927.820,FFSU,2018
00088,58201258.69,00088221905,934238.23,157394,05,2219,LANTUS 3ML,2,XX,false,59135496.92,2345400.897,MCOU,2018
00088,36921176.12,00088222033,647634.38,95340,33,2220,LANTUS 10M,2,XX,false,37568810.50,1446661.460,FFSU,2018
00088,53660400.99,00088222033,684941.83,142439,33,2220,LANTUS 10M,2,XX,false,54345342.82,2099830.907,MCOU,2018
00088,,00088222060,,,60,2220,LANTUS 10M,2,XX,true,,,FFSU,2018
00088,,00088502001,,,01,5020,LANTUS SOL,2,XX,true,,,FFSU,2018
00088,,00088502001,,,01,5020,LANTUS SOL,2,XX,true,,,MCOU,2018
00088,56789.64,00088502005,119.60,139,05,5020,LANTUS SOL,2,XX,false,56909.24,2140.000,FFSU,2018
00088,49924.38,00088502005,701.06,136,05,5020,LANTUS SOL,2,XX,false,50625.44,1922.550,MCOU,2018
00088,33563.41,00088502101,486.85,147,01,5021,LANTUS NOV,2,XX,false,34050.26,1333.190,FFSU,2018
00088,49437.51,00088502101,140.75,167,01,5021,LANTUS NOV,2,XX,false,49578.26,1870.018,MCOU,2018
00088,55918451.64,00088221905,1115627.48,137587,05,2219,LANTUS 3ML,1,XX,false,57034079.12,2271308.250,FFSU,2018
00088,63467428.10,00088221905,1119896.16,164991,05,2219,LANTUS 3ML,1,XX,false,64587324.26,2576490.769,MCOU,2018
00088,41944556.26,00088222033,647149.24,111204,33,2220,LANTUS 10M,1,XX,false,42591705.50,1689256.780,FFSU,2018
00088,55518113.79,00088222033,950198.16,153222,33,2220,LANTUS 10M,1,XX,false,56468311.95,2270435.178,MCOU,2018
00088,,00088222060,,,60,2220,LANTUS 10M,1,XX,true,,,FFSU,2018
00088,,00088502001,,,01,5020,LANTUS SOL,1,XX,true,,,FFSU,2018
00088,,00088502001,,,01,5020,LANTUS SOL,1,XX,true,,,MCOU,2018
00088,35096.66,00088502005,403.26,92,05,5020,LANTUS SOL,1,XX,false,35499.92,1377.000,FFSU,2018
00088,29412.05,00088502005,682.96,88,05,5020,LANTUS SOL,1,XX,false,30095.01,1177.000,MCOU,2018
00088,24067.28,00088502101,890.21,108,01,5021,LANTUS NOV,1,XX,false,24957.49,971.180,FFSU,2018
00088,38427.05,00088502101,516.05,139,01,5021,LANTUS NOV,1,XX,false,38943.10,1443.434,MCOU,2018
00002,24618.54,00002771501,289.73,168,01,7715,BASAGLAR  ,4,XX,false,24908.27,1227.050,FFSU,2018
00002,803748.51,00002771501,2993.68,3702,01,7715,BASAGLAR  ,4,XX,false,806742.19,37812.200,MCOU,2018
00002,4621043.04,00002771559,202965.67,15778,59,7715,BASAGLAR  ,4,XX,false,4824008.71,224204.000,FFSU,2018
00002,161703666.77,00002771559,578363.28,522436,59,7715,BASAGLAR  ,4,XX,false,162282030.05,7507242.500,MCOU,2018
00002,15621.00,00002771501,88.94,121,01,7715,BASAGLAR  ,3,XX,false,15709.94,687.000,FFSU,2018
00002,534559.31,00002771501,3687.32,3624,01,7715,BASAGLAR  ,3,XX,false,538246.63,36922.300,MCOU,2018
00002,3712511.77,00002771559,171629.01,12656,59,7715,BASAGLAR  ,3,XX,false,3884140.78,182228.000,FFSU,2018
00002,135505953.65,00002771559,630855.43,509374,59,7715,BASAGLAR  ,3,XX,false,136136809.08,7354225.500,MCOU,2018
00002,14786.77,00002771501,273.89,134,01,7715,BASAGLAR  ,2,XX,false,15060.66,651.000,FFSU,2018
00002,455156.08,00002771501,391.28,2889,01,7715,BASAGLAR  ,2,XX,false,455547.36,32404.200,MCOU,2018
00002,3455306.84,00002771559,161204.06,11674,59,7715,BASAGLAR  ,2,XX,false,3616510.90,170063.000,FFSU,2018
00002,127348657.98,00002771559,594273.95,480094,59,7715,BASAGLAR  ,2,XX,false,127942931.93,7022479.500,MCOU,2018
00002,7827.05,00002771501,3.65,69,01,7715,BASAGLAR  ,1,XX,false,7830.70,348.000,FFSU,2018
00002,648206.08,00002771501,1531.47,2626,01,7715,BASAGLAR  ,1,XX,false,649737.55,30493.000,MCOU,2018
00002,2464990.18,00002771559,171386.94,8090,59,7715,BASAGLAR  ,1,XX,false,2636377.12,121702.000,FFSU,2018
00002,138975719.81,00002771559,476413.77,427553,59,7715,BASAGLAR  ,1,XX,false,139452133.58,6449747.500,MCOU,2018
00169,9343767.29,00169368712,132210.86,19995,12,3687,LEVEMIR 10,4,XX,false,9475978.15,331958.850,FFSU,2018
00169,10158796.81,00169368712,148790.20,22658,12,3687,LEVEMIR 10,4,XX,false,10307587.01,359103.675,MCOU,2018
00169,23065801.58,00169643810,414565.24,47844,10,6438,LEVEMIR FL,4,XX,false,23480366.82,818715.000,FFSU,2018
00169,23243355.57,00169643810,418621.80,51018,10,6438,LEVEMIR FL,4,XX,false,23661977.37,818736.050,MCOU,2018
00169,,00169643910,,,10,6439,Levemir Fl,4,XX,true,,,FFSU,2018
00169,,00169643910,,,10,6439,Levemir Fl,4,XX,true,,,MCOU,2018
00169,9589815.17,00169368712,150832.83,21182,12,3687,LEVEMIR 10,3,XX,false,9740648.00,345224.350,FFSU,2018
00169,10426595.02,00169368712,203608.53,24251,12,3687,LEVEMIR 10,3,XX,false,10630203.55,377403.093,MCOU,2018
00169,22384330.97,00169643810,468207.67,47608,10,6438,LEVEMIR FL,3,XX,false,22852538.64,807748.900,FFSU,2018
00169,22032690.87,00169643810,543786.11,53141,10,6438,LEVEMIR FL,3,XX,false,22576476.98,845505.350,MCOU,2018
00169,,00169643910,,,10,6439,Levemir Fl,3,XX,true,,,FFSU,2018
00169,,00169643910,,,10,6439,Levemir Fl,3,XX,true,,,MCOU,2018
00169,9857789.22,00169368712,184381.97,22572,12,3687,LEVEMIR 10,2,XX,false,10042171.19,369849.068,FFSU,2018
00169,10068914.40,00169368712,195144.45,25188,12,3687,LEVEMIR 10,2,XX,false,10264058.85,382585.343,MCOU,2018
00169,21566224.11,00169643810,555103.67,47079,10,6438,LEVEMIR FL,2,XX,false,22121327.78,812638.450,FFSU,2018
00169,21508930.66,00169643810,591838.49,54048,10,6438,LEVEMIR FL,2,XX,false,22100769.15,869399.100,MCOU,2018
00169,,00169643910,,,10,6439,Levemir Fl,2,XX,true,,,FFSU,2018
00169,,00169643910,,,10,6439,Levemir Fl,2,XX,true,,,MCOU,2018
00169,10234209.11,00169368712,159710.80,23560,12,3687,LEVEMIR 10,1,XX,false,10393919.91,385924.060,FFSU,2018
00169,11340499.31,00169368712,166045.01,27960,12,3687,LEVEMIR 10,1,XX,false,11506544.32,425100.676,MCOU,2018
00169,21439580.44,00169643810,574032.56,46312,10,6438,LEVEMIR FL,1,XX,false,22013613.00,813657.700,FFSU,2018
00169,24665556.57,00169643810,541463.20,55403,10,6438,LEVEMIR FL,1,XX,false,25207019.77,913625.950,MCOU,2018
00169,,00169643910,,,10,6439,Levemir Fl,1,XX,true,,,FFSU,2018
00169,,00169643910,,,10,6439,Levemir Fl,1,XX,true,,,MCOU,2018
00169,8497325.57,00169255013,165997.66,9965,13,2550,TRESIBA FL,4,XX,false,8663323.23,131655.000,FFSU,2019
00169,17504254.43,00169255013,206122.34,23819,13,2550,TRESIBA FL,4,XX,false,17710376.77,266682.000,MCOU,2019
00169,5237672.13,00169266015,207960.38,11516,15,2660,TRESIBA FL,4,XX,false,5445632.51,164944.000,FFSU,2019
00169,10156379.34,00169266015,221609.87,24684,15,2660,TRESIBA FL,4,XX,false,10377989.21,314427.300,MCOU,2019
00169,83761.44,00169266211,6233.97,170,11,2662,TRESIBA VI,4,XX,false,89995.41,2715.000,FFSU,2019
00169,208114.43,00169266211,6131.18,472,11,2662,TRESIBA VI,4,XX,false,214245.61,6422.200,MCOU,2019
00169,8550624.09,00169255013,171321.02,9875,13,2550,TRESIBA FL,3,XX,false,8721945.11,132721.000,FFSU,2019
00169,17690729.80,00169255013,235064.26,23976,13,2550,TRESIBA FL,3,XX,false,17925794.06,268469.500,MCOU,2019
00169,5122856.77,00169266015,200640.18,11018,15,2660,TRESIBA FL,3,XX,false,5323496.95,161247.000,FFSU,2019
00169,11007130.79,00169266015,266443.10,25969,15,2660,TRESIBA FL,3,XX,false,11273573.89,339098.200,MCOU,2019
00169,51048.65,00169266211,6947.34,107,11,2662,TRESIBA VI,3,XX,false,57995.99,1752.000,FFSU,2019
00169,178056.71,00169266211,6998.54,379,11,2662,TRESIBA VI,3,XX,false,185055.25,5513.000,MCOU,2019
00169,8289869.08,00169255013,206932.59,9634,13,2550,TRESIBA FL,2,XX,false,8496801.67,129407.000,FFSU,2019
00169,16096687.09,00169255013,238411.89,22228,13,2550,TRESIBA FL,2,XX,false,16335098.98,245591.000,MCOU,2019
00169,4533670.27,00169266015,211234.82,9835,15,2660,TRESIBA FL,2,XX,false,4744905.09,144589.550,FFSU,2019
00169,10354578.70,00169266015,236930.93,23950,15,2660,TRESIBA FL,2,XX,false,10591509.63,318498.200,MCOU,2019
00169,18765.34,00169266211,2806.58,40,11,2662,TRESIBA VI,2,XX,false,21571.92,650.000,FFSU,2019
00169,77933.64,00169266211,929.45,163,11,2662,TRESIBA VI,2,XX,false,78863.09,2430.000,MCOU,2019
00169,7579273.46,00169255013,183547.12,8959,13,2550,TRESIBA FL,1,XX,false,7762820.58,120045.000,FFSU,2019
00169,14260394.10,00169255013,231347.56,19843,13,2550,TRESIBA FL,1,XX,false,14491741.66,218155.500,MCOU,2019
00169,4129198.29,00169266015,185555.77,8935,15,2660,TRESIBA FL,1,XX,false,4314754.06,132738.000,FFSU,2019
00169,8720479.43,00169266015,214120.88,20279,15,2660,TRESIBA FL,1,XX,false,8934600.31,271580.200,MCOU,2019
00169,,00169266211,,,11,2662,TRESIBA VI,1,XX,true,,,FFSU,2019
00169,12736.11,00169266211,3.65,27,11,2662,TRESIBA VI,1,XX,false,12739.76,390.000,MCOU,2019
00024,5459.45,00024586901,5.00,17,01,5869,TOUJEO SOL,4,XX,false,5464.45,69.000,MCOU,2019
00024,2472375.33,00024586903,82793.51,4338,03,5869,TOUJEO SOL,4,XX,false,2555168.84,30599.750,FFSU,2019
00024,7437050.54,00024586903,119972.53,13766,03,5869,TOUJEO SOL,4,XX,false,7557023.07,90414.336,MCOU,2019
00024,,00024587100,,,00,5871,TOUJEO MAX,4,XX,true,,,FFSU,2019
00024,,00024587100,,,00,5871,TOUJEO MAX,4,XX,true,,,MCOU,2019
00024,900043.66,00024587102,18343.57,1045,02,5871,TOUJEO MAX,4,XX,false,918387.23,11040.000,FFSU,2019
00024,2587267.92,00024587102,30223.97,3328,02,5871,TOUJEO MAX,4,XX,false,2617491.89,31087.000,MCOU,2019
00024,5538.93,00024586901,6.00,15,01,5869,TOUJEO SOL,3,XX,false,5544.93,58.500,MCOU,2019
00024,2762510.61,00024586903,90866.65,4831,03,5869,TOUJEO SOL,3,XX,false,2853377.26,34063.200,FFSU,2019
00024,7842530.67,00024586903,168320.70,14475,03,5869,TOUJEO SOL,3,XX,false,8010851.37,95335.517,MCOU,2019
00024,808326.03,00024587102,35494.74,912,02,5871,TOUJEO MAX,3,XX,false,843820.77,10020.000,FFSU,2019
00024,2161382.97,00024587102,31696.52,2768,02,5871,TOUJEO MAX,3,XX,false,2193079.49,25992.000,MCOU,2019
00024,,00024586901,,,01,5869,TOUJEO SOL,2,XX,true,,,MCOU,2019
00024,2993831.33,00024586903,107645.61,5178,03,5869,TOUJEO SOL,2,XX,false,3101476.94,37009.500,FFSU,2019
00024,8722880.55,00024586903,154213.91,16150,03,5869,TOUJEO SOL,2,XX,false,8877094.46,105601.665,MCOU,2019
00024,637811.33,00024587102,30164.25,775,02,5871,TOUJEO MAX,2,XX,false,667975.58,7884.000,FFSU,2019
00024,1998032.96,00024587102,30281.15,2554,02,5871,TOUJEO MAX,2,XX,false,2028314.11,23719.500,MCOU,2019
00024,6261.16,00024586901,0.00,24,01,5869,TOUJEO SOL,1,XX,false,6261.16,184.500,MCOU,2019
00024,3070482.18,00024586903,91929.62,5168,03,5869,TOUJEO SOL,1,XX,false,3162411.80,38139.200,FFSU,2019
00024,11858884.52,00024586903,153002.07,22932,03,5869,TOUJEO SOL,1,XX,false,12011886.59,142245.854,MCOU,2019
00024,,00024587100,,,00,5871,TOUJEO MAX,1,XX,true,,,FFSU,2019
00024,,00024587100,,,00,5871,TOUJEO MAX,1,XX,true,,,MCOU,2019
00024,481436.52,00024587102,15851.56,575,02,5871,TOUJEO MAX,1,XX,false,497288.08,5953.500,FFSU,2019
00024,1520415.61,00024587102,34311.62,2091,02,5871,TOUJEO MAX,1,XX,false,1554727.23,18285.000,MCOU,2019
00088,13370.35,00088221901,172.83,28,01,2219,LANTUS 3ML,4,XX,false,13543.18,99.100,MCOU,2019
00088,63024100.98,00088221905,1001073.73,153409,05,2219,LANTUS 3ML,4,XX,false,64025174.71,2298932.050,FFSU,2019
00088,64935694.46,00088221905,935722.59,175485,05,2219,LANTUS 3ML,4,XX,false,65871417.05,2364757.950,MCOU,2019
00088,30156442.18,00088222033,392885.93,71931,33,2220,LANTUS 10M,4,XX,false,30549328.11,1104014.610,FFSU,2019
00088,35156819.21,00088222033,433736.18,86083,33,2220,LANTUS 10M,4,XX,false,35590555.39,1269596.913,MCOU,2019
00088,1070.14,00088502001,0.00,12,01,5020,LANTUS SOL,4,XX,false,1070.14,267.000,FFSU,2019
00088,6835.79,00088502001,0.00,33,01,5020,LANTUS SOL,4,XX,false,6835.79,325.000,MCOU,2019
00088,177631.55,00088502005,9918.26,446,05,5020,LANTUS SOL,4,XX,false,187549.81,6498.000,FFSU,2019
00088,172983.22,00088502005,2491.55,495,05,5020,LANTUS SOL,4,XX,false,175474.77,6435.650,MCOU,2019
00088,59199.84,00088502101,96.58,237,01,5021,LANTUS NOV,4,XX,false,59296.42,2191.550,FFSU,2019
00088,60182.04,00088502101,560.40,433,01,5021,LANTUS NOV,4,XX,false,60742.44,1672.120,MCOU,2019
00088,63362573.61,00088221905,1071808.96,153606,05,2219,LANTUS 3ML,3,XX,false,64434382.57,2313443.600,FFSU,2019
00088,68579290.78,00088221905,1005131.78,177813,05,2219,LANTUS 3ML,3,XX,false,69584422.56,2451854.550,MCOU,2019
00088,32665479.48,00088222033,477261.07,78147,33,2220,LANTUS 10M,3,XX,false,33142740.55,1196503.800,FFSU,2019
00088,39146151.91,00088222033,493437.02,94044,33,2220,LANTUS 10M,3,XX,false,39639588.93,1393020.736,MCOU,2019
00088,,00088502001,,,01,5020,LANTUS SOL,3,XX,true,,,FFSU,2019
00088,7172.51,00088502001,0.00,18,01,5020,LANTUS SOL,3,XX,false,7172.51,252.000,MCOU,2019
00088,172514.93,00088502005,11107.12,440,05,5020,LANTUS SOL,3,XX,false,183622.05,6352.150,FFSU,2019
00088,170587.22,00088502005,970.40,481,05,5020,LANTUS SOL,3,XX,false,171557.62,6413.150,MCOU,2019
00088,54971.12,00088502101,74.80,200,01,5021,LANTUS NOV,3,XX,false,55045.92,2054.820,FFSU,2019
00088,77508.88,00088502101,5282.61,419,01,5021,LANTUS NOV,3,XX,false,82791.49,1965.170,MCOU,2019
00088,61698972.02,00088221905,1241216.71,148144,05,2219,LANTUS 3ML,2,XX,false,62940188.73,2261526.700,FFSU,2019
00088,59804669.64,00088221905,896212.30,150273,05,2219,LANTUS 3ML,2,XX,false,60700881.94,2141526.250,MCOU,2019
00088,32029553.16,00088222033,571857.44,76690,33,2220,LANTUS 10M,2,XX,false,32601410.60,1177483.691,FFSU,2019
00088,38944314.81,00088222033,484906.80,93621,33,2220,LANTUS 10M,2,XX,false,39429221.61,1392472.922,MCOU,2019
00088,,00088502001,,,01,5020,LANTUS SOL,2,XX,true,,,FFSU,2019
00088,5777.82,00088502001,0.00,20,01,5020,LANTUS SOL,2,XX,false,5777.82,562.000,MCOU,2019
00088,170819.08,00088502005,8814.27,401,05,5020,LANTUS SOL,2,XX,false,179633.35,6183.300,FFSU,2019
00088,78036.54,00088502005,272.49,205,05,5020,LANTUS SOL,2,XX,false,78309.03,3122.900,MCOU,2019
00088,41467.52,00088502101,958.10,181,01,5021,LANTUS NOV,2,XX,false,42425.62,1600.450,FFSU,2019
00088,54476.73,00088502101,2758.69,173,01,5021,LANTUS NOV,2,XX,false,57235.42,1525.450,MCOU,2019
00088,60045881.84,00088221905,1071783.45,143914,05,2219,LANTUS 3ML,1,XX,false,61117665.29,2229551.650,FFSU,2019
00088,54230861.73,00088221905,793152.80,138980,05,2219,LANTUS 3ML,1,XX,false,55024014.53,2006123.750,MCOU,2019
00088,32665690.84,00088222033,488164.36,78939,33,2220,LANTUS 10M,1,XX,false,33153855.20,1212897.450,FFSU,2019
00088,45593627.20,00088222033,521002.67,114840,33,2220,LANTUS 10M,1,XX,false,46114629.87,1683775.581,MCOU,2019
00088,,00088502001,,,01,5020,LANTUS SOL,1,XX,true,,,FFSU,2019
00088,,00088502001,,,01,5020,LANTUS SOL,1,XX,true,,,MCOU,2019
00088,170219.35,00088502005,11815.12,396,05,5020,LANTUS SOL,1,XX,false,182034.47,6279.000,FFSU,2019
00088,69611.37,00088502005,1029.68,182,05,5020,LANTUS SOL,1,XX,false,70641.05,2679.350,MCOU,2019
00088,53779.87,00088502101,1234.72,222,01,5021,LANTUS NOV,1,XX,false,55014.59,2055.110,FFSU,2019
00088,68501.45,00088502101,352.14,229,01,5021,LANTUS NOV,1,XX,false,68853.59,2120.600,MCOU,2019
00002,22873.42,00002771501,264.57,154,01,7715,BASAGLAR  ,4,XX,false,23137.99,1020.600,FFSU,2019
00002,918822.79,00002771501,1791.87,4056,01,7715,BASAGLAR  ,4,XX,false,920614.66,42827.550,MCOU,2019
00002,5812949.23,00002771559,192898.32,19976,59,7715,BASAGLAR  ,4,XX,false,6005847.55,280425.100,FFSU,2019
00002,164455944.16,00002771559,434807.16,563619,59,7715,BASAGLAR  ,4,XX,false,164890751.32,7623067.417,MCOU,2019
00002,47863.79,00002771501,419.99,388,01,7715,BASAGLAR  ,3,XX,false,48283.78,2112.000,FFSU,2019
00002,1032526.95,00002771501,1586.06,4927,01,7715,BASAGLAR  ,3,XX,false,1034113.01,47882.100,MCOU,2019
00002,5442411.22,00002771559,219088.25,18469,59,7715,BASAGLAR  ,3,XX,false,5661499.47,263929.600,FFSU,2019
00002,168222598.04,00002771559,552943.76,564185,59,7715,BASAGLAR  ,3,XX,false,168775541.80,7755780.660,MCOU,2019
00002,36982.12,00002771501,502.74,318,01,7715,BASAGLAR  ,2,XX,false,37484.86,1617.650,FFSU,2019
00002,943170.81,00002771501,691.29,4392,01,7715,BASAGLAR  ,2,XX,false,943862.10,43872.050,MCOU,2019
00002,5652433.92,00002771559,253879.57,19225,59,7715,BASAGLAR  ,2,XX,false,5906313.49,275721.000,FFSU,2019
00002,170425638.51,00002771559,614535.29,564774,59,7715,BASAGLAR  ,2,XX,false,171040173.80,7848939.830,MCOU,2019
00002,25311.65,00002771501,166.83,211,01,7715,BASAGLAR  ,1,XX,false,25478.48,1278.000,FFSU,2019
00002,821131.12,00002771501,1606.07,3776,01,7715,BASAGLAR  ,1,XX,false,822737.19,39207.700,MCOU,2019
00002,4763937.64,00002771559,230356.75,16243,59,7715,BASAGLAR  ,1,XX,false,4994294.39,233004.800,FFSU,2019
00002,159752057.44,00002771559,691261.83,525205,59,7715,BASAGLAR  ,1,XX,false,160443319.27,7427787.190,MCOU,2019
00169,7634581.05,00169368712,110355.22,15753,12,3687,LEVEMIR 10,4,XX,false,7744936.27,258767.400,FFSU,2019
00169,8723855.45,00169368712,181683.22,18391,12,3687,LEVEMIR 10,4,XX,false,8905538.67,291111.940,MCOU,2019
00169,22273483.93,00169643810,396150.38,44812,10,6438,LEVEMIR FL,4,XX,false,22669634.31,755796.450,FFSU,2019
00169,22909556.92,00169643810,492798.05,50047,10,6438,LEVEMIR FL,4,XX,false,23402354.97,768097.500,MCOU,2019
00169,,00169643910,,,10,6439,Levemir Fl,4,XX,true,,,MCOU,2019
00169,8386992.42,00169368712,116632.83,17170,12,3687,LEVEMIR 10,3,XX,false,8503625.25,285516.661,FFSU,2019
00169,9684582.99,00169368712,178892.30,20134,12,3687,LEVEMIR 10,3,XX,false,9863475.29,320154.010,MCOU,2019
00169,23365230.76,00169643810,480986.84,46978,10,6438,LEVEMIR FL,3,XX,false,23846217.60,794890.250,FFSU,2019
00169,24791440.98,00169643810,543413.07,52576,10,6438,LEVEMIR FL,3,XX,false,25334854.05,825312.400,MCOU,2019
00169,,00169643910,,,10,6439,Levemir Fl,3,XX,true,,,MCOU,2019
00169,8927290.25,00169368712,163044.17,18198,12,3687,LEVEMIR 10,2,XX,false,9090334.42,303439.950,FFSU,2019
00169,9620337.34,00169368712,197516.92,20031,12,3687,LEVEMIR 10,2,XX,false,9817854.26,321118.460,MCOU,2019
00169,23727330.66,00169643810,508290.86,47257,10,6438,LEVEMIR FL,2,XX,false,24235621.52,806371.450,FFSU,2019
00169,24072241.34,00169643810,551444.07,50782,10,6438,LEVEMIR FL,2,XX,false,24623685.41,817355.670,MCOU,2019
00169,,00169643910,,,10,6439,Levemir Fl,2,XX,true,,,FFSU,2019
00169,9095922.29,00169368712,171091.40,18901,12,3687,LEVEMIR 10,1,XX,false,9267013.69,314215.960,FFSU,2019
00169,9801072.24,00169368712,195726.46,21296,12,3687,LEVEMIR 10,1,XX,false,9996798.70,334675.568,MCOU,2019
00169,23053261.47,00169643810,486797.63,46875,10,6438,LEVEMIR FL,1,XX,false,23540059.10,795691.950,FFSU,2019
00169,24140072.38,00169643810,547732.72,51314,10,6438,LEVEMIR FL,1,XX,false,24687805.10,822853.900,MCOU,2019
00169,,00169643910,,,10,6439,Levemir Fl,1,XX,true,,,MCOU,2019
00338,,00338012612,,,12,0126,Insulin in,4,XX,true,,,FFSU,2019
00338,3645.55,00338012612,1204.42,56,12,0126,Insulin in,4,XX,false,4849.97,5345.000,MCOU,2019
66733,584917.36,66733077301,10007.11,2200,01,0773,INSULIN LI,4,XX,false,594924.47,43252.000,FFSU,2019
66733,1953848.57,66733077301,19335.29,8772,01,0773,INSULIN LI,4,XX,false,1973183.86,145808.550,MCOU,2019
66733,,66733082201,,,01,0822,INSULIN LI,4,XX,true,,,FFSU,2019
66733,16054.03,66733082201,18.65,98,01,0822,INSULIN LI,4,XX,false,16072.68,939.000,MCOU,2019
66733,860610.50,66733082259,9126.61,3541,59,0822,INSULIN LI,4,XX,false,869737.11,48849.000,FFSU,2019
66733,3241668.09,66733082259,17016.45,13935,59,0822,INSULIN LI,4,XX,false,3258684.54,184759.000,MCOU,2019
66733,346785.59,66733077301,7086.15,1312,01,0773,INSULIN LI,3,XX,false,353871.74,25506.000,FFSU,2019
66733,1205186.02,66733077301,12292.71,4958,01,0773,INSULIN LI,3,XX,false,1217478.73,85942.050,MCOU,2019
66733,,66733082201,,,01,0822,INSULIN LI,3,XX,true,,,FFSU,2019
66733,14195.72,66733082201,562.66,76,01,0822,INSULIN LI,3,XX,false,14758.38,798.000,MCOU,2019
66733,454410.46,66733082259,3894.54,1781,59,0822,INSULIN LI,3,XX,false,458305.00,25455.000,FFSU,2019
66733,1863353.14,66733082259,11016.43,7440,59,0822,INSULIN LI,3,XX,false,1874369.57,101909.000,MCOU,2019
66733,16968.27,66733077301,300.99,77,01,0773,INSULIN LI,2,XX,false,17269.26,1300.000,FFSU,2019
66733,138278.39,66733077301,1255.83,536,01,0773,INSULIN LI,2,XX,false,139534.22,10145.050,MCOU,2019
66733,3863.13,66733082201,0.00,18,01,0822,INSULIN LI,2,XX,false,3863.13,217.000,MCOU,2019
66733,18061.16,66733082259,3.90,68,59,0822,INSULIN LI,2,XX,false,18065.06,999.000,FFSU,2019
66733,228557.60,66733082259,1616.64,891,59,0822,INSULIN LI,2,XX,false,230174.24,12967.000,MCOU,2019
00169,9801664.27,00169255013,266983.82,10242,13,2550,TRESIBA FL,4,XX,false,10068648.09,153483.000,FFSU,2020
00169,18718184.43,00169255013,227264.57,22452,13,2550,TRESIBA FL,4,XX,false,18945449.00,286932.350,MCOU,2020
00169,6510572.55,00169266015,263685.32,12370,15,2660,TRESIBA FL,4,XX,false,6774257.87,204976.150,FFSU,2020
00169,12705234.08,00169266015,280692.67,25098,15,2660,TRESIBA FL,4,XX,false,12985926.75,393422.200,MCOU,2020
00169,131912.27,00169266211,8766.60,240,11,2662,TRESIBA VI,4,XX,false,140678.87,4190.000,FFSU,2020
00169,359981.66,00169266211,11473.28,756,11,2662,TRESIBA VI,4,XX,false,371454.94,11309.350,MCOU,2020
00169,10451088.77,00169255013,282034.05,11352,13,2550,TRESIBA FL,3,XX,false,10733122.82,163696.000,FFSU,2020
00169,18816147.42,00169255013,195914.22,23193,13,2550,TRESIBA FL,3,XX,false,19012061.64,288294.625,MCOU,2020
00169,7060481.97,00169266015,301184.93,13955,15,2660,TRESIBA FL,3,XX,false,7361666.90,222535.300,FFSU,2020
00169,12394346.04,00169266015,274689.28,25803,15,2660,TRESIBA FL,3,XX,false,12669035.32,384942.050,MCOU,2020
00169,138401.08,00169266211,9155.41,274,11,2662,TRESIBA VI,3,XX,false,147556.49,4460.000,FFSU,2020
00169,332636.98,00169266211,5656.02,697,11,2662,TRESIBA VI,3,XX,false,338293.00,10303.350,MCOU,2020
00169,9063811.46,00169255013,234022.23,10041,13,2550,TRESIBA FL,2,XX,false,9297833.69,142056.000,FFSU,2020
00169,18027586.26,00169255013,232366.21,23324,13,2550,TRESIBA FL,2,XX,false,18259952.47,277456.200,MCOU,2020
00169,6079287.95,00169266015,234589.37,12461,15,2660,TRESIBA FL,2,XX,false,6313877.32,191595.100,FFSU,2020
00169,11907280.46,00169266015,248398.84,26617,15,2660,TRESIBA FL,2,XX,false,12155679.30,371309.900,MCOU,2020
00169,138609.72,00169266211,6099.47,261,11,2662,TRESIBA VI,2,XX,false,144709.19,4435.000,FFSU,2020
00169,303412.09,00169266211,8194.47,631,11,2662,TRESIBA VI,2,XX,false,311606.56,9532.700,MCOU,2020
00169,8601834.37,00169255013,209768.49,9962,13,2550,TRESIBA FL,1,XX,false,8811602.86,134321.000,FFSU,2020
00169,15138548.18,00169255013,202001.77,21048,13,2550,TRESIBA FL,1,XX,false,15340549.95,233532.000,MCOU,2020
00169,5731102.17,00169266015,249540.26,12599,15,2660,TRESIBA FL,1,XX,false,5980642.43,181077.050,FFSU,2020
00169,11233792.75,00169266015,251620.85,27161,15,2660,TRESIBA FL,1,XX,false,11485413.60,348113.750,MCOU,2020
00169,100137.23,00169266211,8328.59,199,11,2662,TRESIBA VI,1,XX,false,108465.82,3295.000,FFSU,2020
00169,254629.86,00169266211,5796.58,554,11,2662,TRESIBA VI,1,XX,false,260426.44,7838.000,MCOU,2020
00024,,00024586901,,,01,5869,TOUJEO SOL,4,XX,true,,,FFSU,2020
00024,4231.83,00024586901,0.00,11,01,5869,TOUJEO SOL,4,XX,false,4231.83,49.500,MCOU,2020
00024,2289024.57,00024586903,123360.72,3734,03,5869,TOUJEO SOL,4,XX,false,2412385.29,28917.000,FFSU,2020
00024,5680604.13,00024586903,107779.70,9862,03,5869,TOUJEO SOL,4,XX,false,5788383.83,69431.000,MCOU,2020
00024,,00024587100,,,00,5871,TOUJEO MAX,4,XX,true,,,MCOU,2020
00024,1520543.67,00024587102,51260.73,1592,02,5871,TOUJEO MAX,4,XX,false,1571804.40,18819.000,FFSU,2020
00024,3576692.67,00024587102,110156.98,4116,02,5871,TOUJEO MAX,4,XX,false,3686849.65,43128.500,MCOU,2020
00024,4170.40,00024586901,0.00,16,01,5869,TOUJEO SOL,3,XX,false,4170.40,49.900,MCOU,2020
00024,2576209.45,00024586903,152629.27,4300,03,5869,TOUJEO SOL,3,XX,false,2728838.72,32744.500,FFSU,2020
00024,6213598.95,00024586903,111799.45,11003,03,5869,TOUJEO SOL,3,XX,false,6325398.40,75743.403,MCOU,2020
00024,,00024587100,,,00,5871,TOUJEO MAX,3,XX,true,,,FFSU,2020
00024,,00024587100,,,00,5871,TOUJEO MAX,3,XX,true,,,MCOU,2020
00024,1524953.80,00024587102,58978.43,1692,02,5871,TOUJEO MAX,3,XX,false,1583932.23,18966.000,FFSU,2020
00024,3503266.82,00024587102,84076.97,4119,02,5871,TOUJEO MAX,3,XX,false,3587343.79,42232.500,MCOU,2020
00024,,00024586901,,,01,5869,TOUJEO SOL,2,XX,true,,,FFSU,2020
00024,,00024586901,,,01,5869,TOUJEO SOL,2,XX,true,,,MCOU,2020
00024,2315096.64,00024586903,88773.94,3841,03,5869,TOUJEO SOL,2,XX,false,2403870.58,28861.500,FFSU,2020
00024,6549709.85,00024586903,104779.35,11806,03,5869,TOUJEO SOL,2,XX,false,6654489.20,79936.700,MCOU,2020
00024,,00024587100,,,00,5871,TOUJEO MAX,2,XX,true,,,MCOU,2020
00024,1158744.27,00024587102,50245.93,1311,02,5871,TOUJEO MAX,2,XX,false,1208990.20,14463.000,FFSU,2020
00024,3200220.92,00024587102,39797.16,3897,02,5871,TOUJEO MAX,2,XX,false,3240018.08,38759.500,MCOU,2020
00024,,00024586901,,,01,5869,TOUJEO SOL,1,XX,true,,,FFSU,2020
00024,,00024586901,,,01,5869,TOUJEO SOL,1,XX,true,,,MCOU,2020
00024,2373295.04,00024586903,95755.84,4123,03,5869,TOUJEO SOL,1,XX,false,2469050.88,29530.200,FFSU,2020
00024,6675385.58,00024586903,98705.71,12472,03,5869,TOUJEO SOL,1,XX,false,6774091.29,81198.233,MCOU,2020
00024,,00024587100,,,00,5871,TOUJEO MAX,1,XX,true,,,FFSU,2020
00024,,00024587100,,,00,5871,TOUJEO MAX,1,XX,true,,,MCOU,2020
00024,972759.25,00024587102,30914.67,1141,02,5871,TOUJEO MAX,1,XX,false,1003673.92,12033.000,FFSU,2020
00024,2839225.45,00024587102,25005.43,3599,02,5871,TOUJEO MAX,1,XX,false,2864230.88,34141.000,MCOU,2020
00088,4087.05,00088221901,0.00,30,01,2219,LANTUS 3ML,4,XX,false,4087.05,143.000,FFSU,2020
00088,112189.35,00088221901,1441.28,332,01,2219,LANTUS 3ML,4,XX,false,113630.63,1262.800,MCOU,2020
00088,72980353.56,00088221905,1498706.23,153457,05,2219,LANTUS 3ML,4,XX,false,74479059.79,2672940.984,FFSU,2020
00088,139037406.33,00088221905,1453704.53,307539,05,2219,LANTUS 3ML,4,XX,false,140491110.86,5093320.998,MCOU,2020
00088,27269773.24,00088222033,437647.42,61180,33,2220,LANTUS 10M,4,XX,false,27707420.66,994314.520,FFSU,2020
00088,35069604.87,00088222033,529848.20,83443,33,2220,LANTUS 10M,4,XX,false,35599453.07,1320422.782,MCOU,2020
00088,1419.96,00088502001,0.00,13,01,5020,LANTUS SOL,4,XX,false,1419.96,45.000,FFSU,2020
00088,11144.14,00088502001,0.00,43,01,5020,LANTUS SOL,4,XX,false,11144.14,1195.000,MCOU,2020
00088,166387.19,00088502005,1761.34,356,05,5020,LANTUS SOL,4,XX,false,168148.53,6126.000,FFSU,2020
00088,342706.51,00088502005,2958.65,721,05,5020,LANTUS SOL,4,XX,false,345665.16,12484.100,MCOU,2020
00088,60564.90,00088502101,52.00,166,01,5021,LANTUS NOV,4,XX,false,60616.90,2217.100,FFSU,2020
00088,136462.09,00088502101,830.77,456,01,5021,LANTUS NOV,4,XX,false,137292.86,1701.230,MCOU,2020
00088,5279.03,00088221901,64.47,38,01,2219,LANTUS 3ML,3,XX,false,5343.50,167.000,FFSU,2020
00088,103828.88,00088221901,1585.69,296,01,2219,LANTUS 3ML,3,XX,false,105414.57,1198.800,MCOU,2020
00088,77981786.47,00088221905,1669395.45,169838,05,2219,LANTUS 3ML,3,XX,false,79651181.92,2856912.997,FFSU,2020
00088,117711696.85,00088221905,1359557.21,271456,05,2219,LANTUS 3ML,3,XX,false,119071254.06,4299036.650,MCOU,2020
00088,29284679.43,00088222033,489765.44,66759,33,2220,LANTUS 10M,3,XX,false,29774444.87,1070883.440,FFSU,2020
00088,31226156.36,00088222033,457842.67,75063,33,2220,LANTUS 10M,3,XX,false,31683999.03,1174456.582,MCOU,2020
00088,632.46,00088502001,0.00,11,01,5020,LANTUS SOL,3,XX,false,632.46,81.550,FFSU,2020
00088,8819.77,00088502001,0.00,34,01,5020,LANTUS SOL,3,XX,false,8819.77,768.000,MCOU,2020
00088,177775.18,00088502005,3381.13,416,05,5020,LANTUS SOL,3,XX,false,181156.31,6553.000,FFSU,2020
00088,319910.65,00088502005,3048.02,697,05,5020,LANTUS SOL,3,XX,false,322958.67,11902.900,MCOU,2020
00088,64807.93,00088502101,1564.50,208,01,5021,LANTUS NOV,3,XX,false,66372.43,2417.050,FFSU,2020
00088,102004.18,00088502101,15.24,425,01,5021,LANTUS NOV,3,XX,false,102019.42,1842.550,MCOU,2020
00088,,00088221901,,,01,2219,LANTUS 3ML,2,XX,true,,,FFSU,2020
00088,57042.03,00088221901,485.42,137,01,2219,LANTUS 3ML,2,XX,false,57527.45,696.400,MCOU,2020
00088,67286770.83,00088221905,1214566.56,151398,05,2219,LANTUS 3ML,2,XX,false,68501337.39,2459920.776,FFSU,2020
00088,105607535.60,00088221905,1194700.72,258195,05,2219,LANTUS 3ML,2,XX,false,106802236.32,3859217.500,MCOU,2020
00088,29047238.58,00088222033,424382.59,66776,33,2220,LANTUS 10M,2,XX,false,29471621.17,1062442.765,FFSU,2020
00088,32088741.22,00088222033,525896.56,78470,33,2220,LANTUS 10M,2,XX,false,32614637.78,1195948.314,MCOU,2020
00088,2447.85,00088502001,23.73,17,01,5020,LANTUS SOL,2,XX,false,2471.58,184.200,FFSU,2020
00088,13396.28,00088502001,275.89,40,01,5020,LANTUS SOL,2,XX,false,13672.17,827.050,MCOU,2020
00088,160203.81,00088502005,6742.16,399,05,5020,LANTUS SOL,2,XX,false,166945.97,5940.000,FFSU,2020
00088,289100.47,00088502005,3843.36,668,05,5020,LANTUS SOL,2,XX,false,292943.83,10686.500,MCOU,2020
00088,65917.53,00088502101,2890.07,214,01,5021,LANTUS NOV,2,XX,false,68807.60,2494.300,FFSU,2020
00088,82028.30,00088502101,91.80,395,01,5021,LANTUS NOV,2,XX,false,82120.10,1975.600,MCOU,2020
00088,,00088221901,,,01,2219,LANTUS 3ML,1,XX,true,,,FFSU,2020
00088,126162.78,00088221901,270.47,124,01,2219,LANTUS 3ML,1,XX,false,126433.25,458.600,MCOU,2020
00088,64592808.96,00088221905,1156309.86,157889,05,2219,LANTUS 3ML,1,XX,false,65749118.82,2362345.100,FFSU,2020
00088,90163249.76,00088221905,1111843.42,242699,05,2219,LANTUS 3ML,1,XX,false,91275093.18,3309665.100,MCOU,2020
00088,29647511.89,00088222033,480746.01,70755,33,2220,LANTUS 10M,1,XX,false,30128257.90,1087751.520,FFSU,2020
00088,33602358.11,00088222033,566920.21,86031,33,2220,LANTUS 10M,1,XX,false,34169278.32,1258850.347,MCOU,2020
00088,1589.24,00088502001,0.00,12,01,5020,LANTUS SOL,1,XX,false,1589.24,213.000,FFSU,2020
00088,9215.26,00088502001,536.52,44,01,5020,LANTUS SOL,1,XX,false,9751.78,579.000,MCOU,2020
00088,173835.95,00088502005,4586.49,463,05,5020,LANTUS SOL,1,XX,false,178422.44,6339.000,FFSU,2020
00088,223533.21,00088502005,2265.08,634,05,5020,LANTUS SOL,1,XX,false,225798.29,8382.000,MCOU,2020
00088,71539.10,00088502101,2559.80,248,01,5021,LANTUS NOV,1,XX,false,74098.90,2742.410,FFSU,2020
00088,82494.20,00088502101,1083.83,369,01,5021,LANTUS NOV,1,XX,false,83578.03,1835.240,MCOU,2020
00002,37651.33,00002771501,1132.34,197,01,7715,BASAGLAR  ,4,XX,false,38783.67,1714.000,FFSU,2020
00002,784647.81,00002771501,427.62,2992,01,7715,BASAGLAR  ,4,XX,false,785075.43,36499.750,MCOU,2020
00002,7377671.44,00002771559,282094.61,23237,59,7715,BASAGLAR  ,4,XX,false,7659766.05,355011.100,FFSU,2020
00002,137912802.28,00002771559,451233.69,410415,59,7715,BASAGLAR  ,4,XX,false,138364035.97,6483090.000,MCOU,2020
00002,31507.24,00002771501,418.80,192,01,7715,BASAGLAR  ,3,XX,false,31926.04,1420.000,FFSU,2020
00002,807883.60,00002771501,372.37,3168,01,7715,BASAGLAR  ,3,XX,false,808255.97,37887.450,MCOU,2020
00002,6150878.48,00002771559,289646.76,20448,59,7715,BASAGLAR  ,3,XX,false,6440525.24,299106.000,FFSU,2020
00002,154590742.50,00002771559,441501.63,473771,59,7715,BASAGLAR  ,3,XX,false,155032244.13,7252255.575,MCOU,2020
00002,35580.47,00002771501,1224.86,213,01,7715,BASAGLAR  ,2,XX,false,36805.33,1653.000,FFSU,2020
00002,810257.83,00002771501,1063.65,3268,01,7715,BASAGLAR  ,2,XX,false,811321.48,38221.900,MCOU,2020
00002,6645237.23,00002771559,240904.93,22365,59,7715,BASAGLAR  ,2,XX,false,6886142.16,323723.000,FFSU,2020
00002,157560266.63,00002771559,509223.19,505169,59,7715,BASAGLAR  ,2,XX,false,158069489.82,7387016.315,MCOU,2020
00002,27269.75,00002771501,336.74,151,01,7715,BASAGLAR  ,1,XX,false,27606.49,1270.150,FFSU,2020
00002,848302.46,00002771501,3114.07,3571,01,7715,BASAGLAR  ,1,XX,false,851416.53,39752.300,MCOU,2020
00002,5789995.84,00002771559,221295.52,20335,59,7715,BASAGLAR  ,1,XX,false,6011291.36,282736.222,FFSU,2020
00002,153248471.85,00002771559,472160.04,528468,59,7715,BASAGLAR  ,1,XX,false,153720631.89,7216346.763,MCOU,2020
49502,31636.81,49502019580,340.20,174,80,0195,Semglee In,4,XX,false,31977.01,2490.000,FFSU,2020
49502,45563.24,49502019580,15.00,315,80,0195,Semglee In,4,XX,false,45578.24,4585.500,MCOU,2020
49502,,49502019671,,,71,0196,Semglee In,4,XX,true,,,MCOU,2020
49502,52305.48,49502019675,258.20,311,75,0196,Semglee In,4,XX,false,52563.68,4506.000,FFSU,2020
49502,849433.03,49502019675,30.60,5370,75,0196,Semglee In,4,XX,false,849463.63,83202.000,MCOU,2020
49502,,49502019580,,,80,0195,Semglee In,3,XX,true,,,FFSU,2020
49502,,49502019580,,,80,0195,Semglee In,3,XX,true,,,MCOU,2020
49502,,49502019675,,,75,0196,Semglee In,3,XX,true,,,FFSU,2020
49502,2254.90,49502019675,0.00,13,75,0196,Semglee In,3,XX,false,2254.90,222.000,MCOU,2020
00169,6654190.67,00169368712,96122.45,12781,12,3687,LEVEMIR 10,4,XX,false,6750313.12,226081.820,FFSU,2020
00169,8417004.51,00169368712,132592.37,16698,12,3687,LEVEMIR 10,4,XX,false,8549596.88,283117.120,MCOU,2020
00169,23159338.37,00169643810,513831.50,41539,10,6438,LEVEMIR FL,4,XX,false,23673169.87,793317.300,FFSU,2020
00169,33349998.44,00169643810,515886.37,62472,10,6438,LEVEMIR FL,4,XX,false,33865884.81,1129062.250,MCOU,2020
00169,,00169643910,,,10,6439,Levemir Fl,4,XX,true,,,MCOU,2020
00169,7189946.33,00169368712,116331.75,14147,12,3687,LEVEMIR 10,3,XX,false,7306278.08,243970.710,FFSU,2020
00169,8616886.77,00169368712,154171.71,17399,12,3687,LEVEMIR 10,3,XX,false,8771058.48,290422.180,MCOU,2020
00169,25590826.08,00169643810,564570.79,47178,10,6438,LEVEMIR FL,3,XX,false,26155396.87,874067.200,FFSU,2020
00169,30558615.07,00169643810,517570.45,59513,10,6438,LEVEMIR FL,3,XX,false,31076185.52,1034780.900,MCOU,2020
00169,,00169643910,,,10,6439,Levemir Fl,3,XX,true,,,MCOU,2020
00169,7173566.13,00169368712,102145.95,14235,12,3687,LEVEMIR 10,2,XX,false,7275712.08,243237.700,FFSU,2020
00169,8898010.11,00169368712,204233.39,18258,12,3687,LEVEMIR 10,2,XX,false,9102243.50,301257.290,MCOU,2020
00169,22809568.81,00169643810,460764.98,42707,10,6438,LEVEMIR FL,2,XX,false,23270333.79,777159.150,FFSU,2020
00169,29382509.06,00169643810,478432.00,59795,10,6438,LEVEMIR FL,2,XX,false,29860941.06,993375.800,MCOU,2020
00169,,00169643910,,,10,6439,Levemir Fl,2,XX,true,,,FFSU,2020
00169,,00169643910,,,10,6439,Levemir Fl,2,XX,true,,,MCOU,2020
00169,7372751.58,00169368712,98678.88,15024,12,3687,LEVEMIR 10,1,XX,false,7471430.46,249072.000,FFSU,2020
00169,8877318.67,00169368712,185419.99,18889,12,3687,LEVEMIR 10,1,XX,false,9062738.66,299249.280,MCOU,2020
00169,22409442.74,00169643810,427474.05,44550,10,6438,LEVEMIR FL,1,XX,false,22836916.79,759580.150,FFSU,2020
00169,26615024.84,00169643810,457457.24,58560,10,6438,LEVEMIR FL,1,XX,false,27072482.08,892495.500,MCOU,2020
00169,,00169643910,,,10,6439,Levemir Fl,1,XX,true,,,MCOU,2020
00002,2709672.81,00002773701,80820.82,10611,01,7737,INSULIN LI,4,XX,false,2790493.63,204137.500,FFSU,2020
00002,9707407.20,00002773701,126258.24,33337,01,7737,INSULIN LI,4,XX,false,9833665.44,727561.300,MCOU,2020
00002,,00002775201,,,01,7752,INSULIN LI,4,XX,true,,,FFSU,2020
00002,,00002775201,,,01,7752,INSULIN LI,4,XX,true,,,MCOU,2020
00002,221115.34,00002775205,2290.78,551,05,7752,INSULIN LI,4,XX,false,223406.12,12327.000,FFSU,2020
00002,721842.68,00002775205,6841.28,2703,05,7752,INSULIN LI,4,XX,false,728683.96,41635.000,MCOU,2020
00002,4912.56,00002822201,498.15,65,01,8222,INSULIN LI,4,XX,false,5410.71,294.000,FFSU,2020
00002,12724.31,00002822201,6.00,152,01,8222,INSULIN LI,4,XX,false,12730.31,741.000,MCOU,2020
00002,2928178.64,00002822259,47628.93,10717,59,8222,INSULIN LI,4,XX,false,2975807.57,169119.000,FFSU,2020
00002,16565049.50,00002822259,80396.36,55602,59,8222,INSULIN LI,4,XX,false,16645445.86,958574.150,MCOU,2020
00002,5449.76,00002823301,0.00,16,01,8233,INSULIN LI,4,XX,false,5449.76,330.000,MCOU,2020
00002,97890.06,00002823305,582.03,236,05,8233,INSULIN LI,4,XX,false,98472.09,5697.000,FFSU,2020
00002,1256330.43,00002823305,3174.49,3109,05,8233,INSULIN LI,4,XX,false,1259504.92,71661.000,MCOU,2020
00338,2702.59,00338012612,0.00,72,12,0126,Insulin in,4,XX,false,2702.59,3476.000,FFSU,2020
00338,46602.40,00338012612,24.70,214,12,0126,Insulin in,4,XX,false,46627.10,15976.000,MCOU,2020
66733,102648.45,66733077301,1677.84,455,01,0773,INSULIN LI,4,XX,false,104326.29,7590.000,FFSU,2020
66733,488197.43,66733077301,5772.06,1884,01,0773,INSULIN LI,4,XX,false,493969.49,35811.000,MCOU,2020
66733,8911.37,66733082201,54.38,42,01,0822,INSULIN LI,4,XX,false,8965.75,498.000,FFSU,2020
66733,42039.52,66733082201,24.00,164,01,0822,INSULIN LI,4,XX,false,42063.52,2379.000,MCOU,2020
66733,103117.33,66733082259,2856.42,411,59,0822,INSULIN LI,4,XX,false,105973.75,5987.600,FFSU,2020
66733,1058481.51,66733082259,2178.83,3855,59,0822,INSULIN LI,4,XX,false,1060660.34,61218.200,MCOU,2020
73070,974593.48,73070010011,57568.50,3570,11,0100,INSULIN AS,4,XX,false,1032161.98,73253.600,FFSU,2020
73070,4011722.44,73070010011,113705.39,12105,11,0100,INSULIN AS,4,XX,false,4125427.83,295502.550,MCOU,2020
73070,,73070010210,,,10,0102,INSULIN AS,4,XX,true,,,MCOU,2020
73070,92862.79,73070010215,9516.99,280,15,0102,INSULIN AS,4,XX,false,102379.78,5682.000,FFSU,2020
73070,281159.01,73070010215,7355.97,953,15,0102,INSULIN AS,4,XX,false,288514.98,16893.000,MCOU,2020
73070,1982.03,73070010310,0.00,15,10,0103,INSULIN AS,4,XX,false,1982.03,108.000,FFSU,2020
73070,19960.86,73070010310,3144.36,111,10,0103,INSULIN AS,4,XX,false,23105.22,1437.100,MCOU,2020
73070,2381664.38,73070010315,50234.05,7865,15,0103,INSULIN AS,4,XX,false,2431898.43,130484.500,FFSU,2020
73070,8956521.55,73070010315,66116.66,28144,15,0103,INSULIN AS,4,XX,false,9022638.21,502941.000,MCOU,2020
73070,90206.16,73070020011,1676.94,288,11,0200,INSULIN AS,4,XX,false,91883.10,6150.000,FFSU,2020
73070,513226.54,73070020011,1125.05,1533,11,0200,INSULIN AS,4,XX,false,514351.59,34820.000,MCOU,2020
73070,4850.33,73070020310,0.00,12,10,0203,INSULIN AS,4,XX,false,4850.33,270.000,MCOU,2020
73070,168935.93,73070020315,4213.87,425,15,0203,INSULIN AS,4,XX,false,173149.80,9267.000,FFSU,2020
73070,1737000.87,73070020315,3739.39,4438,15,0203,INSULIN AS,4,XX,false,1740740.26,96417.000,MCOU,2020
00002,1885039.41,00002773701,57724.44,7450,01,7737,INSULIN LI,3,XX,false,1942763.85,142636.000,FFSU,2020
00002,8468081.02,00002773701,111769.31,29930,01,7737,INSULIN LI,3,XX,false,8579850.33,633650.000,MCOU,2020
00002,,00002775201,,,01,7752,INSULIN LI,3,XX,true,,,MCOU,2020
00002,204418.30,00002775205,2998.20,459,05,7752,INSULIN LI,3,XX,false,207416.50,11493.050,FFSU,2020
00002,512040.58,00002775205,4452.02,2013,05,7752,INSULIN LI,3,XX,false,516492.60,29600.000,MCOU,2020
00002,2389.38,00002822201,0.00,34,01,8222,INSULIN LI,3,XX,false,2389.38,129.000,FFSU,2020
00002,9336.02,00002822201,6.00,122,01,8222,INSULIN LI,3,XX,false,9342.02,540.000,MCOU,2020
00002,1997685.34,00002822259,29967.62,7180,59,8222,INSULIN LI,3,XX,false,2027652.96,114513.000,FFSU,2020
00002,13327757.04,00002822259,62976.98,45202,59,8222,INSULIN LI,3,XX,false,13390734.02,767588.000,MCOU,2020
00002,,00002823301,,,01,8233,INSULIN LI,3,XX,true,,,FFSU,2020
00002,,00002823301,,,01,8233,INSULIN LI,3,XX,true,,,MCOU,2020
00002,83689.07,00002823305,120.00,187,05,8233,INSULIN LI,3,XX,false,83809.07,4785.000,FFSU,2020
00002,956014.52,00002823305,1948.57,2311,05,8233,INSULIN LI,3,XX,false,957963.09,54675.000,MCOU,2020
00338,2278.22,00338012612,0.00,59,12,0126,Insulin in,3,XX,false,2278.22,3429.000,FFSU,2020
00338,47410.16,00338012612,0.00,163,12,0126,Insulin in,3,XX,false,47410.16,13336.000,MCOU,2020
66733,416800.92,66733077301,15187.34,1809,01,0773,INSULIN LI,3,XX,false,431988.26,31589.000,FFSU,2020
66733,1482745.98,66733077301,17582.20,5734,01,0773,INSULIN LI,3,XX,false,1500328.18,106841.050,MCOU,2020
66733,6257.71,66733082201,2.50,40,01,0822,INSULIN LI,3,XX,false,6260.21,354.000,FFSU,2020
66733,35196.78,66733082201,219.06,160,01,0822,INSULIN LI,3,XX,false,35415.84,2022.000,MCOU,2020
66733,426342.77,66733082259,10083.49,1878,59,0822,INSULIN LI,3,XX,false,436426.26,24826.000,FFSU,2020
66733,2570645.91,66733082259,10025.49,9593,59,0822,INSULIN LI,3,XX,false,2580671.40,146876.000,MCOU,2020
73070,816295.48,73070010011,49521.68,3150,11,0100,INSULIN AS,3,XX,false,865817.16,60890.100,FFSU,2020
73070,3271984.20,73070010011,80856.29,10409,11,0100,INSULIN AS,3,XX,false,3352840.49,240913.650,MCOU,2020
73070,,73070010210,,,10,0102,INSULIN AS,3,XX,true,,,MCOU,2020
73070,93887.60,73070010215,15282.29,293,15,0102,INSULIN AS,3,XX,false,109169.89,6030.000,FFSU,2020
73070,236117.44,73070010215,4664.60,851,15,0102,INSULIN AS,3,XX,false,240782.04,14064.000,MCOU,2020
73070,3939.66,73070010310,50.82,33,10,0103,INSULIN AS,3,XX,false,3990.48,212.000,FFSU,2020
73070,16042.36,73070010310,754.78,97,10,0103,INSULIN AS,3,XX,false,16797.14,994.200,MCOU,2020
73070,2647267.61,73070010315,64006.62,8645,15,0103,INSULIN AS,3,XX,false,2711274.23,144922.000,FFSU,2020
73070,7850568.04,73070010315,70303.98,25582,15,0103,INSULIN AS,3,XX,false,7920872.02,441167.000,MCOU,2020
73070,77172.15,73070020011,4439.95,219,11,0200,INSULIN AS,3,XX,false,81612.10,5340.000,FFSU,2020
73070,482928.11,73070020011,783.43,1447,11,0200,INSULIN AS,3,XX,false,483711.54,32756.000,MCOU,2020
73070,,73070020310,,,10,0203,INSULIN AS,3,XX,true,,,FFSU,2020
73070,,73070020310,,,10,0203,INSULIN AS,3,XX,true,,,MCOU,2020
73070,134289.54,73070020315,2696.05,357,15,0203,INSULIN AS,3,XX,false,136985.59,7362.000,FFSU,2020
73070,1353117.27,73070020315,2793.78,3471,15,0203,INSULIN AS,3,XX,false,1355911.05,74610.000,MCOU,2020
00002,56248.71,00002773701,527.74,183,01,7737,INSULIN LI,2,XX,false,56776.45,4110.000,FFSU,2020
00002,626583.13,00002773701,7863.95,2138,01,7737,INSULIN LI,2,XX,false,634447.08,46920.000,MCOU,2020
00002,,00002775201,,,01,7752,INSULIN LI,2,XX,true,,,MCOU,2020
00002,35858.28,00002775205,896.56,95,05,7752,INSULIN LI,2,XX,false,36754.84,2040.000,FFSU,2020
00002,146833.48,00002775205,1496.48,586,05,7752,INSULIN LI,2,XX,false,148329.96,8571.000,MCOU,2020
00002,,00002822201,,,01,8222,INSULIN LI,2,XX,true,,,FFSU,2020
00002,1361.23,00002822201,0.00,15,01,8222,INSULIN LI,2,XX,false,1361.23,78.000,MCOU,2020
00002,93472.26,00002822259,742.81,285,59,8222,INSULIN LI,2,XX,false,94215.07,5250.000,FFSU,2020
00002,1114397.56,00002822259,9535.16,3731,59,8222,INSULIN LI,2,XX,false,1123932.72,65643.000,MCOU,2020
00002,,00002823301,,,01,8233,INSULIN LI,2,XX,true,,,MCOU,2020
00002,25082.21,00002823305,47.64,50,05,8233,INSULIN LI,2,XX,false,25129.85,1407.000,FFSU,2020
00002,361549.32,00002823305,505.35,883,05,8233,INSULIN LI,2,XX,false,362054.67,20736.000,MCOU,2020
00338,968.78,00338012612,26.79,24,12,0126,Insulin in,2,XX,false,995.57,745.000,FFSU,2020
00338,25052.48,00338012612,2665.36,126,12,0126,Insulin in,2,XX,false,27717.84,10710.000,MCOU,2020
66733,1897214.55,66733077301,53206.21,7399,01,0773,INSULIN LI,2,XX,false,1950420.76,143721.000,FFSU,2020
66733,7111565.34,66733077301,89144.21,27254,01,0773,INSULIN LI,2,XX,false,7200709.55,535635.200,MCOU,2020
66733,8381.70,66733082201,0.00,76,01,0822,INSULIN LI,2,XX,false,8381.70,456.000,FFSU,2020
66733,53983.98,66733082201,21.00,281,01,0822,INSULIN LI,2,XX,false,54004.98,3072.000,MCOU,2020
66733,2095472.79,66733082259,29504.88,8574,59,0822,INSULIN LI,2,XX,false,2124977.67,120856.000,FFSU,2020
66733,11190552.02,66733082259,62155.92,41305,59,0822,INSULIN LI,2,XX,false,11252707.94,649932.000,MCOU,2020
73070,707991.68,73070010011,38443.80,2842,11,0100,INSULIN AS,2,XX,false,746435.48,51175.000,FFSU,2020
73070,2127869.86,73070010011,55704.98,7251,11,0100,INSULIN AS,2,XX,false,2183574.84,157925.000,MCOU,2020
73070,,73070010210,,,10,0102,INSULIN AS,2,XX,true,,,MCOU,2020
73070,54637.06,73070010215,8118.50,179,15,0102,INSULIN AS,2,XX,false,62755.56,3498.000,FFSU,2020
73070,137792.93,73070010215,3964.03,515,15,0102,INSULIN AS,2,XX,false,141756.96,8370.000,MCOU,2020
73070,2283.70,73070010310,5.00,19,10,0103,INSULIN AS,2,XX,false,2288.70,117.000,FFSU,2020
73070,10356.35,73070010310,330.05,68,10,0103,INSULIN AS,2,XX,false,10686.40,609.000,MCOU,2020
73070,1778284.32,73070010315,48244.54,6360,15,0103,INSULIN AS,2,XX,false,1826528.86,96754.000,FFSU,2020
73070,5390969.64,73070010315,53707.78,18526,15,0103,INSULIN AS,2,XX,false,5444677.42,303768.000,MCOU,2020
73070,56928.67,73070020011,703.45,172,11,0200,INSULIN AS,2,XX,false,57632.12,3780.350,FFSU,2020
73070,262339.74,73070020011,957.26,812,11,0200,INSULIN AS,2,XX,false,263297.00,17870.000,MCOU,2020
73070,,73070020310,,,10,0203,INSULIN AS,2,XX,true,,,MCOU,2020
73070,87228.47,73070020315,1949.37,216,15,0203,INSULIN AS,2,XX,false,89177.84,4728.000,FFSU,2020
73070,659380.57,73070020315,1007.48,1778,15,0203,INSULIN AS,2,XX,false,660388.05,36921.050,MCOU,2020
00338,493.65,00338012612,15.53,11,12,0126,Insulin in,1,XX,false,509.18,445.000,FFSU,2020
00338,40747.16,00338012612,1151.92,112,12,0126,Insulin in,1,XX,false,41899.08,10603.000,MCOU,2020
66733,1076925.11,66733077301,29179.68,4540,01,0773,INSULIN LI,1,XX,false,1106104.79,80715.000,FFSU,2020
66733,5167650.79,66733077301,69580.58,21266,01,0773,INSULIN LI,1,XX,false,5237231.37,397079.300,MCOU,2020
66733,10037.37,66733082201,10.80,80,01,0822,INSULIN LI,1,XX,false,10048.17,561.000,FFSU,2020
66733,51169.50,66733082201,152.10,288,01,0822,INSULIN LI,1,XX,false,51321.60,3033.000,MCOU,2020
66733,1407013.32,66733082259,16743.94,6256,59,0822,INSULIN LI,1,XX,false,1423757.26,80322.000,FFSU,2020
66733,8260365.70,66733082259,47185.69,33336,59,0822,INSULIN LI,1,XX,false,8307551.39,488316.000,MCOU,2020
73070,266925.22,73070010011,7035.13,1102,11,0100,INSULIN AS,1,XX,false,273960.35,18280.000,FFSU,2020
73070,819802.61,73070010011,19172.79,3016,11,0100,INSULIN AS,1,XX,false,838975.40,61512.000,MCOU,2020
73070,11111.88,73070010215,692.66,40,15,0102,INSULIN AS,1,XX,false,11804.54,654.000,FFSU,2020
73070,53905.49,73070010215,2180.63,207,15,0102,INSULIN AS,1,XX,false,56086.12,3348.000,MCOU,2020
73070,2276.82,73070010310,14.00,34,10,0103,INSULIN AS,1,XX,false,2290.82,105.000,FFSU,2020
73070,1599.54,73070010310,95.90,23,10,0103,INSULIN AS,1,XX,false,1695.44,93.000,MCOU,2020
73070,440823.91,73070010315,7399.50,1905,15,0103,INSULIN AS,1,XX,false,448223.41,23163.000,FFSU,2020
73070,1589061.00,73070010315,12986.49,6113,15,0103,INSULIN AS,1,XX,false,1602047.49,91467.000,MCOU,2020
73070,24724.58,73070020011,44.54,73,11,0200,INSULIN AS,1,XX,false,24769.12,1600.000,FFSU,2020
73070,94151.47,73070020011,440.70,266,11,0200,INSULIN AS,1,XX,false,94592.17,6420.000,MCOU,2020
73070,,73070020310,,,10,0203,INSULIN AS,1,XX,true,,,MCOU,2020
73070,49213.77,73070020315,523.59,115,15,0203,INSULIN AS,1,XX,false,49737.36,2622.000,FFSU,2020
73070,219621.79,73070020315,169.30,602,15,0203,INSULIN AS,1,XX,false,219791.09,12318.000,MCOU,2020
00169,8607063.37,00169255013,205988.63,8860,13,2550,TRESIBA FL,4,XX,false,8813052.00,134442.000,FFSU,2021
00169,18922364.11,00169255013,348731.54,22876,13,2550,TRESIBA FL,4,XX,false,19271095.65,291928.000,MCOU,2021
00169,5884959.99,00169266015,225196.16,11051,15,2660,TRESIBA FL,4,XX,false,6110156.15,184962.000,FFSU,2021
00169,13045887.64,00169266015,443016.51,25927,15,2660,TRESIBA FL,4,XX,false,13488904.15,407125.300,MCOU,2021
00169,204209.84,00169266211,6660.25,389,11,2662,TRESIBA VI,4,XX,false,210870.09,6330.000,FFSU,2021
00169,424247.81,00169266211,14649.43,853,11,2662,TRESIBA VI,4,XX,false,438897.24,13245.800,MCOU,2021
00169,9285041.27,00169255013,250265.64,9497,13,2550,TRESIBA FL,3,XX,false,9535306.91,145553.000,FFSU,2021
00169,19294438.40,00169255013,252946.49,23110,13,2550,TRESIBA FL,3,XX,false,19547384.89,298430.025,MCOU,2021
00169,6514909.81,00169266015,237630.79,12034,15,2660,TRESIBA FL,3,XX,false,6752540.60,204793.000,FFSU,2021
00169,13506308.96,00169266015,372166.65,26767,15,2660,TRESIBA FL,3,XX,false,13878475.61,424392.765,MCOU,2021
00169,159331.33,00169266211,5443.48,298,11,2662,TRESIBA VI,3,XX,false,164774.81,4960.000,FFSU,2021
00169,408300.33,00169266211,10796.78,828,11,2662,TRESIBA VI,3,XX,false,419097.11,12901.250,MCOU,2021
00169,10135261.17,00169255013,290319.86,10472,13,2550,TRESIBA FL,2,XX,false,10425581.03,159522.000,FFSU,2021
00169,18644869.36,00169255013,288310.73,21963,13,2550,TRESIBA FL,2,XX,false,18933180.09,288922.845,MCOU,2021
00169,6869294.56,00169266015,284309.96,12815,15,2660,TRESIBA FL,2,XX,false,7153604.52,217097.000,FFSU,2021
00169,12909528.32,00169266015,323810.22,24996,15,2660,TRESIBA FL,2,XX,false,13233338.54,404180.460,MCOU,2021
00169,162722.22,00169266211,9914.14,297,11,2662,TRESIBA VI,2,XX,false,172636.36,5210.000,FFSU,2021
00169,388501.81,00169266211,10499.95,786,11,2662,TRESIBA VI,2,XX,false,399001.76,12385.400,MCOU,2021
00169,10380555.89,00169255013,279632.25,10729,13,2550,TRESIBA FL,1,XX,false,10660188.14,163038.000,FFSU,2021
00169,18687296.35,00169255013,276770.62,22221,13,2550,TRESIBA FL,1,XX,false,18964066.97,289347.550,MCOU,2021
00169,6880537.84,00169266015,275503.23,12967,15,2660,TRESIBA FL,1,XX,false,7156041.07,217068.050,FFSU,2021
00169,11859933.29,00169266015,285476.91,23408,15,2660,TRESIBA FL,1,XX,false,12145410.20,371579.550,MCOU,2021
00169,137801.89,00169266211,11654.96,272,11,2662,TRESIBA VI,1,XX,false,149456.85,4491.000,FFSU,2021
00169,377900.65,00169266211,13106.86,770,11,2662,TRESIBA VI,1,XX,false,391007.51,11987.410,MCOU,2021
00024,3994.22,00024586901,0.00,15,01,5869,TOUJEO SOL,4,XX,false,3994.22,48.000,MCOU,2021
00024,2244123.74,00024586903,109072.16,3573,03,5869,TOUJEO SOL,4,XX,false,2353195.90,28185.000,FFSU,2021
00024,6090213.13,00024586903,292970.92,10488,03,5869,TOUJEO SOL,4,XX,false,6383184.05,75179.000,MCOU,2021
00024,,00024587100,,,00,5871,TOUJEO MAX,4,XX,true,,,FFSU,2021
00024,,00024587100,,,00,5871,TOUJEO MAX,4,XX,true,,,MCOU,2021
00024,2114680.87,00024587102,94075.25,2272,02,5871,TOUJEO MAX,4,XX,false,2208756.12,26705.000,FFSU,2021
00024,6463038.48,00024587102,186681.36,7144,02,5871,TOUJEO MAX,4,XX,false,6649719.84,78790.500,MCOU,2021
00024,,00024586901,,,01,5869,TOUJEO SOL,3,XX,true,,,FFSU,2021
00024,4204.73,00024586901,0.00,17,01,5869,TOUJEO SOL,3,XX,false,4204.73,64.500,MCOU,2021
00024,2188001.83,00024586903,96018.18,3479,03,5869,TOUJEO SOL,3,XX,false,2284020.01,27505.500,FFSU,2021
00024,5238516.69,00024586903,157179.07,9207,03,5869,TOUJEO SOL,3,XX,false,5395695.76,66518.666,MCOU,2021
00024,,00024587100,,,00,5871,TOUJEO MAX,3,XX,true,,,FFSU,2021
00024,,00024587100,,,00,5871,TOUJEO MAX,3,XX,true,,,MCOU,2021
00024,1952840.72,00024587102,74839.32,1978,02,5871,TOUJEO MAX,3,XX,false,2027680.04,24362.000,FFSU,2021
00024,4412289.87,00024587102,109423.02,5410,02,5871,TOUJEO MAX,3,XX,false,4521712.89,56607.000,MCOU,2021
00024,6163.81,00024586901,0.00,27,01,5869,TOUJEO SOL,2,XX,false,6163.81,73.500,MCOU,2021
00024,2137280.64,00024586903,95447.95,3450,03,5869,TOUJEO SOL,2,XX,false,2232728.59,26800.500,FFSU,2021
00024,5211696.97,00024586903,141245.13,9146,03,5869,TOUJEO SOL,2,XX,false,5352942.10,65143.350,MCOU,2021
00024,,00024587100,,,00,5871,TOUJEO MAX,2,XX,true,,,MCOU,2021
00024,1750077.71,00024587102,85920.77,1878,02,5871,TOUJEO MAX,2,XX,false,1835998.48,22074.000,FFSU,2021
00024,4332543.39,00024587102,103924.93,4963,02,5871,TOUJEO MAX,2,XX,false,4436468.32,53489.024,MCOU,2021
00024,,00024586901,,,01,5869,TOUJEO SOL,1,XX,true,,,FFSU,2021
00024,7134.88,00024586901,0.00,23,01,5869,TOUJEO SOL,1,XX,false,7134.88,84.000,MCOU,2021
00024,2301726.12,00024586903,113698.94,3676,03,5869,TOUJEO SOL,1,XX,false,2415425.06,28994.000,FFSU,2021
00024,5364992.90,00024586903,151857.64,9420,03,5869,TOUJEO SOL,1,XX,false,5516850.54,66656.045,MCOU,2021
00024,,00024587100,,,00,5871,TOUJEO MAX,1,XX,true,,,FFSU,2021
00024,7245.41,00024587100,0.00,12,00,5871,TOUJEO MAX,1,XX,false,7245.41,72.000,MCOU,2021
00024,1596332.90,00024587102,88966.86,1733,02,5871,TOUJEO MAX,1,XX,false,1685299.76,20199.000,FFSU,2021
00024,3846854.64,00024587102,76914.16,4445,02,5871,TOUJEO MAX,1,XX,false,3923768.80,47028.500,MCOU,2021
00088,7726.26,00088221901,70.65,70,01,2219,LANTUS 3ML,4,XX,false,7796.91,269.250,FFSU,2021
00088,24116.58,00088221901,561.51,153,01,2219,LANTUS 3ML,4,XX,false,24678.09,594.000,MCOU,2021
00088,74333149.02,00088221905,1779397.69,154727,05,2219,LANTUS 3ML,4,XX,false,76112546.71,2723878.145,FFSU,2021
00088,156463906.06,00088221905,2641014.96,343094,05,2219,LANTUS 3ML,4,XX,false,159104921.02,5755830.880,MCOU,2021
00088,23355300.88,00088222033,334946.79,53345,33,2220,LANTUS 10M,4,XX,false,23690247.67,854040.985,FFSU,2021
00088,31596726.95,00088222033,781443.70,78341,33,2220,LANTUS 10M,4,XX,false,32378170.65,1208854.390,MCOU,2021
00088,,00088502001,,,01,5020,LANTUS SOL,4,XX,true,,,FFSU,2021
00088,16118.29,00088502001,222.19,59,01,5020,LANTUS SOL,4,XX,false,16340.48,666.000,MCOU,2021
00088,200942.21,00088502005,5273.43,440,05,5020,LANTUS SOL,4,XX,false,206215.64,7896.900,FFSU,2021
00088,494106.71,00088502005,3235.74,1011,05,5020,LANTUS SOL,4,XX,false,497342.45,18056.200,MCOU,2021
00088,68479.61,00088502101,2074.22,226,01,5021,LANTUS NOV,4,XX,false,70553.83,1670.790,FFSU,2021
00088,124560.73,00088502101,464.51,664,01,5021,LANTUS NOV,4,XX,false,125025.24,1911.250,MCOU,2021
00088,8897.85,00088221901,1.50,65,01,2219,LANTUS 3ML,3,XX,false,8899.35,360.100,FFSU,2021
00088,44236.64,00088221901,233.58,292,01,2219,LANTUS 3ML,3,XX,false,44470.22,1410.950,MCOU,2021
00088,74201383.65,00088221905,1729865.86,154487,05,2219,LANTUS 3ML,3,XX,false,75931249.51,2718989.320,FFSU,2021
00088,159684596.50,00088221905,2237748.95,349242,05,2219,LANTUS 3ML,3,XX,false,161922345.45,5872006.855,MCOU,2021
00088,24386172.79,00088222033,384082.60,55141,33,2220,LANTUS 10M,3,XX,false,24770255.39,892959.969,FFSU,2021
00088,32839685.40,00088222033,725366.62,82288,33,2220,LANTUS 10M,3,XX,false,33565052.02,1284953.995,MCOU,2021
00088,,00088502001,,,01,5020,LANTUS SOL,3,XX,true,,,FFSU,2021
00088,11824.98,00088502001,0.00,62,01,5020,LANTUS SOL,3,XX,false,11824.98,796.000,MCOU,2021
00088,220274.55,00088502005,6199.05,488,05,5020,LANTUS SOL,3,XX,false,226473.60,8335.250,FFSU,2021
00088,555994.16,00088502005,4973.87,1172,05,5020,LANTUS SOL,3,XX,false,560968.03,20188.620,MCOU,2021
00088,54791.94,00088502101,1406.69,184,01,5021,LANTUS NOV,3,XX,false,56198.63,1881.320,FFSU,2021
00088,122211.69,00088502101,75.26,632,01,5021,LANTUS NOV,3,XX,false,122286.95,1892.430,MCOU,2021
00088,7525.72,00088221901,52.86,69,01,2219,LANTUS 3ML,2,XX,false,7578.58,260.200,FFSU,2021
00088,39992.65,00088221901,0.00,170,01,2219,LANTUS 3ML,2,XX,false,39992.65,666.400,MCOU,2021
00088,75860437.13,00088221905,1790930.51,157975,05,2219,LANTUS 3ML,2,XX,false,77651367.64,2785461.818,FFSU,2021
00088,149781802.19,00088221905,1754545.45,326735,05,2219,LANTUS 3ML,2,XX,false,151536347.64,5515474.682,MCOU,2021
00088,25743846.64,00088222033,439953.20,57608,33,2220,LANTUS 10M,2,XX,false,26183799.84,944270.615,FFSU,2021
00088,32506006.83,00088222033,655525.72,81858,33,2220,LANTUS 10M,2,XX,false,33161532.55,1287937.860,MCOU,2021
00088,1243.76,00088502001,0.00,15,01,5020,LANTUS SOL,2,XX,false,1243.76,276.000,FFSU,2021
00088,12722.99,00088502001,0.00,38,01,5020,LANTUS SOL,2,XX,false,12722.99,701.000,MCOU,2021
00088,195868.99,00088502005,5554.34,411,05,5020,LANTUS SOL,2,XX,false,201423.33,7423.000,FFSU,2021
00088,459105.23,00088502005,5134.46,957,05,5020,LANTUS SOL,2,XX,false,464239.69,16571.120,MCOU,2021
00088,55391.77,00088502101,2000.91,202,01,5021,LANTUS NOV,2,XX,false,57392.68,2101.630,FFSU,2021
00088,176506.53,00088502101,441.02,341,01,5021,LANTUS NOV,2,XX,false,176947.55,1452.000,MCOU,2021
00088,6205.89,00088221901,0.00,54,01,2219,LANTUS 3ML,1,XX,false,6205.89,260.110,FFSU,2021
00088,73525.26,00088221901,407.97,372,01,2219,LANTUS 3ML,1,XX,false,73933.23,1743.500,MCOU,2021
00088,76013325.79,00088221905,1800093.37,158105,05,2219,LANTUS 3ML,1,XX,false,77813419.16,2797505.407,FFSU,2021
00088,148004716.79,00088221905,1598794.87,324785,05,2219,LANTUS 3ML,1,XX,false,149603511.66,5440722.843,MCOU,2021
00088,26609793.26,00088222033,457365.98,59195,33,2220,LANTUS 10M,1,XX,false,27067159.24,975473.920,FFSU,2021
00088,30307325.06,00088222033,403386.89,75242,33,2220,LANTUS 10M,1,XX,false,30710711.95,1200841.170,MCOU,2021
00088,1003.65,00088502001,0.00,13,01,5020,LANTUS SOL,1,XX,false,1003.65,39.000,FFSU,2021
00088,12669.20,00088502001,0.00,51,01,5020,LANTUS SOL,1,XX,false,12669.20,852.000,MCOU,2021
00088,206405.30,00088502005,6917.62,432,05,5020,LANTUS SOL,1,XX,false,213322.92,7804.150,FFSU,2021
00088,404241.28,00088502005,4968.12,869,05,5020,LANTUS SOL,1,XX,false,409209.40,15244.745,MCOU,2021
00088,54820.58,00088502101,1649.17,167,01,5021,LANTUS NOV,1,XX,false,56469.75,2086.100,FFSU,2021
00088,87845.00,00088502101,905.06,340,01,5021,LANTUS NOV,1,XX,false,88750.06,1755.470,MCOU,2021
00002,30073.95,00002771501,330.42,149,01,7715,BASAGLAR  ,4,XX,false,30404.37,1338.000,FFSU,2021
00002,559167.61,00002771501,2945.61,2173,01,7715,BASAGLAR  ,4,XX,false,562113.22,25401.800,MCOU,2021
00002,6820919.48,00002771559,263219.25,21261,59,7715,BASAGLAR  ,4,XX,false,7084138.73,328966.050,FFSU,2021
00002,107559741.88,00002771559,608961.43,325901,59,7715,BASAGLAR  ,4,XX,false,108168703.31,5075904.100,MCOU,2021
00002,33802.16,00002771501,946.64,194,01,7715,BASAGLAR  ,3,XX,false,34748.80,1536.050,FFSU,2021
00002,580881.48,00002771501,272.07,2347,01,7715,BASAGLAR  ,3,XX,false,581153.55,27158.200,MCOU,2021
00002,8067719.79,00002771559,282638.06,24895,59,7715,BASAGLAR  ,3,XX,false,8350357.85,387658.100,FFSU,2021
00002,107667568.48,00002771559,515902.18,322395,59,7715,BASAGLAR  ,3,XX,false,108183470.66,5095202.745,MCOU,2021
00002,36428.95,00002771501,2009.83,247,01,7715,BASAGLAR  ,2,XX,false,38438.78,1689.000,FFSU,2021
00002,599219.13,00002771501,1990.06,2382,01,7715,BASAGLAR  ,2,XX,false,601209.19,28005.350,MCOU,2021
00002,8293676.04,00002771559,294363.59,25859,59,7715,BASAGLAR  ,2,XX,false,8588039.63,398181.200,FFSU,2021
00002,112001049.96,00002771559,494695.01,333691,59,7715,BASAGLAR  ,2,XX,false,112495744.97,5300073.102,MCOU,2021
00002,39480.00,00002771501,677.42,226,01,7715,BASAGLAR  ,1,XX,false,40157.42,1765.050,FFSU,2021
00002,654274.74,00002771501,1669.33,2567,01,7715,BASAGLAR  ,1,XX,false,655944.07,30861.350,MCOU,2021
00002,7342654.87,00002771559,271528.94,22954,59,7715,BASAGLAR  ,1,XX,false,7614183.81,353995.000,FFSU,2021
00002,119147774.11,00002771559,497478.22,352064,59,7715,BASAGLAR  ,1,XX,false,119645252.33,5636255.260,MCOU,2021
49502,97506.79,49502019580,692.03,600,80,0195,Semglee In,4,XX,false,98198.82,8666.679,FFSU,2021
49502,364950.09,49502019580,3055.72,2914,80,0195,Semglee In,4,XX,false,368005.81,38327.540,MCOU,2021
49502,,49502019671,,,71,0196,Semglee In,4,XX,true,,,FFSU,2021
49502,45406.66,49502019671,47.43,366,71,0196,Semglee In,4,XX,false,45454.09,4940.050,MCOU,2021
49502,282450.14,49502019675,1208.46,2135,75,0196,Semglee In,4,XX,false,283658.60,27108.000,FFSU,2021
49502,5555145.22,49502019675,10230.50,40233,75,0196,Semglee In,4,XX,false,5565375.72,596424.550,MCOU,2021
49502,,49502025080,,,80,0250,Semglee In,4,XX,true,,,FFSU,2021
49502,6888.17,49502025080,164.07,17,80,0250,Semglee In,4,XX,false,7052.24,272.000,MCOU,2021
49502,,49502025175,,,75,0251,Semglee In,4,XX,true,,,FFSU,2021
49502,172214.30,49502025175,399.23,350,75,0251,Semglee In,4,XX,false,172613.53,6561.000,MCOU,2021
49502,87545.04,49502019580,476.81,544,80,0195,Semglee In,3,XX,false,88021.85,7856.600,FFSU,2021
49502,380107.60,49502019580,3408.04,3113,80,0195,Semglee In,3,XX,false,383515.64,40274.350,MCOU,2021
49502,2694.04,49502019671,1.50,13,71,0196,Semglee In,3,XX,false,2695.54,136.000,FFSU,2021
49502,47646.06,49502019671,0.00,393,71,0196,Semglee In,3,XX,false,47646.06,5222.000,MCOU,2021
49502,200801.25,49502019675,822.19,1702,75,0196,Semglee In,3,XX,false,201623.44,19197.500,FFSU,2021
49502,7919837.46,49502019675,6856.89,56003,75,0196,Semglee In,3,XX,false,7926694.35,841098.800,MCOU,2021
49502,63156.90,49502019580,322.54,431,80,0195,Semglee In,2,XX,false,63479.44,6172.230,FFSU,2021
49502,298360.05,49502019580,264.88,2299,80,0195,Semglee In,2,XX,false,298624.93,30763.600,MCOU,2021
49502,2013.88,49502019671,0.00,13,71,0196,Semglee In,2,XX,false,2013.88,125.000,FFSU,2021
49502,47201.93,49502019671,0.00,378,71,0196,Semglee In,2,XX,false,47201.93,5046.000,MCOU,2021
49502,126818.07,49502019675,1895.39,1087,75,0196,Semglee In,2,XX,false,128713.46,12589.000,FFSU,2021
49502,6926860.78,49502019675,3215.50,49661,75,0196,Semglee In,2,XX,false,6930076.28,733997.000,MCOU,2021
49502,48248.78,49502019580,333.04,284,80,0195,Semglee In,1,XX,false,48581.82,4197.900,FFSU,2021
49502,197083.66,49502019580,54.00,1560,80,0195,Semglee In,1,XX,false,197137.66,20444.050,MCOU,2021
49502,,49502019671,,,71,0196,Semglee In,1,XX,true,,,FFSU,2021
49502,33221.31,49502019671,0.00,266,71,0196,Semglee In,1,XX,false,33221.31,3693.000,MCOU,2021
49502,84808.17,49502019675,1135.58,659,75,0196,Semglee In,1,XX,false,85943.75,8343.000,FFSU,2021
49502,5266042.35,49502019675,1270.88,37319,75,0196,Semglee In,1,XX,false,5267313.23,556895.000,MCOU,2021
00169,6225914.18,00169368712,101080.56,12356,12,3687,LEVEMIR 10,4,XX,false,6326994.74,212549.870,FFSU,2021
00169,8309031.59,00169368712,192606.20,16687,12,3687,LEVEMIR 10,4,XX,false,8501637.79,276093.910,MCOU,2021
00169,20737033.87,00169643810,504896.13,36848,10,6438,LEVEMIR FL,4,XX,false,21241930.00,707443.300,FFSU,2021
00169,36102294.53,00169643810,1023082.24,67624,10,6438,LEVEMIR FL,4,XX,false,37125376.77,1222487.565,MCOU,2021
00169,,00169643910,,,10,6439,Levemir Fl,4,XX,true,,,FFSU,2021
00169,,00169643910,,,10,6439,Levemir Fl,4,XX,true,,,MCOU,2021
00169,6119655.38,00169368712,84660.92,11904,12,3687,LEVEMIR 10,3,XX,false,6204316.30,208573.170,FFSU,2021
00169,8567500.46,00169368712,225716.10,17144,12,3687,LEVEMIR 10,3,XX,false,8793216.56,289009.143,MCOU,2021
00169,22438542.81,00169643810,503853.17,39881,10,6438,LEVEMIR FL,3,XX,false,22942395.98,766676.750,FFSU,2021
00169,38241840.54,00169643810,843208.49,71370,10,6438,LEVEMIR FL,3,XX,false,39085049.03,1304465.095,MCOU,2021
00169,,00169643910,,,10,6439,Levemir Fl,3,XX,true,,,FFSU,2021
00169,,00169643910,,,10,6439,Levemir Fl,3,XX,true,,,MCOU,2021
00169,6440123.87,00169368712,103444.97,12400,12,3687,LEVEMIR 10,2,XX,false,6543568.84,220489.650,FFSU,2021
00169,8431270.35,00169368712,178872.44,16542,12,3687,LEVEMIR 10,2,XX,false,8610142.79,283733.600,MCOU,2021
00169,23280092.33,00169643810,560395.83,41530,10,6438,LEVEMIR FL,2,XX,false,23840488.16,799395.450,FFSU,2021
00169,36732178.23,00169643810,651553.66,67922,10,6438,LEVEMIR FL,2,XX,false,37383731.89,1250873.381,MCOU,2021
00169,,00169643910,,,10,6439,Levemir Fl,2,XX,true,,,MCOU,2021
00169,6344359.69,00169368712,103759.43,12208,12,3687,LEVEMIR 10,1,XX,false,6448119.12,217580.050,FFSU,2021
00169,8554369.69,00169368712,172439.74,17072,12,3687,LEVEMIR 10,1,XX,false,8726809.43,289560.790,MCOU,2021
00169,24014939.56,00169643810,543093.44,42545,10,6438,LEVEMIR FL,1,XX,false,24558033.00,823787.200,FFSU,2021
00169,34411764.11,00169643810,656070.35,64140,10,6438,LEVEMIR FL,1,XX,false,35067834.46,1173030.255,MCOU,2021
00169,,00169643910,,,10,6439,Levemir Fl,1,XX,true,,,FFSU,2021
00169,,00169643910,,,10,6439,Levemir Fl,1,XX,true,,,MCOU,2021
00002,4225359.89,00002773701,114539.73,15825,01,7737,INSULIN LI,4,XX,false,4339899.62,317530.000,FFSU,2021
00002,13577199.26,00002773701,148494.40,45245,01,7737,INSULIN LI,4,XX,false,13725693.66,1024043.000,MCOU,2021
00002,,00002775201,,,01,7752,INSULIN LI,4,XX,true,,,FFSU,2021
00002,2746.41,00002775201,0.00,20,01,7752,INSULIN LI,4,XX,false,2746.41,162.000,MCOU,2021
00002,571666.88,00002775205,8659.20,1742,05,7752,INSULIN LI,4,XX,false,580326.08,32865.200,FFSU,2021
00002,1609189.98,00002775205,20230.02,5877,05,7752,INSULIN LI,4,XX,false,1629420.00,93345.000,MCOU,2021
00002,6007.13,00002822201,4.50,68,01,8222,INSULIN LI,4,XX,false,6011.63,324.000,FFSU,2021
00002,15754.74,00002822201,723.63,207,01,8222,INSULIN LI,4,XX,false,16478.37,981.250,MCOU,2021
00002,5649338.21,00002822259,59228.15,17937,59,8222,INSULIN LI,4,XX,false,5708566.36,324871.130,FFSU,2021
00002,25349649.35,00002822259,167245.57,84676,59,8222,INSULIN LI,4,XX,false,25516894.92,1477203.500,MCOU,2021
00002,9821.38,00002823301,0.00,32,01,8233,INSULIN LI,4,XX,false,9821.38,450.000,MCOU,2021
00002,316735.22,00002823305,5501.64,736,05,8233,INSULIN LI,4,XX,false,322236.86,18600.000,FFSU,2021
00002,1934465.23,00002823305,9899.80,5076,05,8233,INSULIN LI,4,XX,false,1944365.03,110993.000,MCOU,2021
00338,8513.73,00338012612,63.97,159,12,0126,Insulin in,4,XX,false,8577.70,12513.000,FFSU,2021
00338,77959.75,00338012612,16062.04,415,12,0126,Insulin in,4,XX,false,94021.79,29546.000,MCOU,2021
49502,10818.64,49502039380,109.34,93,80,0393,Insulin Gl,4,XX,false,10927.98,1030.000,FFSU,2021
49502,33914.01,49502039380,1988.50,315,80,0393,Insulin Gl,4,XX,false,35902.51,3572.000,MCOU,2021
49502,,49502039471,,,71,0394,Insulin Gl,4,XX,true,,,MCOU,2021
49502,58636.71,49502039475,11.26,521,75,0394,Insulin Gl,4,XX,false,58647.97,5746.000,FFSU,2021
49502,876103.24,49502039475,1165.08,5969,75,0394,Insulin Gl,4,XX,false,877268.32,94113.000,MCOU,2021
66733,73515.59,66733077301,81.50,269,01,0773,INSULIN LI,4,XX,false,73597.09,5370.000,FFSU,2021
66733,241694.64,66733077301,1871.25,835,01,0773,INSULIN LI,4,XX,false,243565.89,17596.350,MCOU,2021
66733,9259.11,66733082201,0.00,33,01,0822,INSULIN LI,4,XX,false,9259.11,510.000,FFSU,2021
66733,32712.72,66733082201,455.60,132,01,0822,INSULIN LI,4,XX,false,33168.32,1989.100,MCOU,2021
66733,58981.62,66733082259,311.80,204,59,0822,INSULIN LI,4,XX,false,59293.42,3342.000,FFSU,2021
66733,625098.21,66733082259,8431.29,2161,59,0822,INSULIN LI,4,XX,false,633529.50,36086.150,MCOU,2021
73070,1592531.16,73070010011,140749.05,5456,11,0100,INSULIN AS,4,XX,false,1733280.21,121349.700,FFSU,2021
73070,5480487.86,73070010011,142066.26,16341,11,0100,INSULIN AS,4,XX,false,5622554.12,404366.250,MCOU,2021
73070,,73070010210,,,10,0102,INSULIN AS,4,XX,true,,,MCOU,2021
73070,156088.05,73070010215,15328.34,493,15,0102,INSULIN AS,4,XX,false,171416.39,9528.000,FFSU,2021
73070,517133.51,73070010215,14311.57,1596,15,0102,INSULIN AS,4,XX,false,531445.08,30794.111,MCOU,2021
73070,6785.50,73070010310,0.00,81,10,0103,INSULIN AS,4,XX,false,6785.50,333.050,FFSU,2021
73070,23507.19,73070010310,1136.67,180,10,0103,INSULIN AS,4,XX,false,24643.86,1389.350,MCOU,2021
73070,3747564.66,73070010315,86817.93,11108,15,0103,INSULIN AS,4,XX,false,3834382.59,206492.400,FFSU,2021
73070,12451576.14,73070010315,139476.07,39382,15,0103,INSULIN AS,4,XX,false,12591052.21,700575.550,MCOU,2021
73070,97823.05,73070020011,387.06,314,11,0200,INSULIN AS,4,XX,false,98210.11,6540.000,FFSU,2021
73070,541124.08,73070020011,2742.66,1608,11,0200,INSULIN AS,4,XX,false,543866.74,37019.000,MCOU,2021
73070,,73070020310,,,10,0203,INSULIN AS,4,XX,true,,,FFSU,2021
73070,5338.94,73070020310,0.00,15,10,0203,INSULIN AS,4,XX,false,5338.94,342.000,MCOU,2021
73070,289306.56,73070020315,4619.92,672,15,0203,INSULIN AS,4,XX,false,293926.48,15933.000,FFSU,2021
73070,1996850.15,73070020315,4022.76,5235,15,0203,INSULIN AS,4,XX,false,2000872.91,111884.000,MCOU,2021
00002,3783293.11,00002773701,110694.94,14264,01,7737,INSULIN LI,3,XX,false,3893988.05,285885.700,FFSU,2021
00002,12635042.03,00002773701,143885.88,41557,01,7737,INSULIN LI,3,XX,false,12778927.91,945847.050,MCOU,2021
00002,,00002775201,,,01,7752,INSULIN LI,3,XX,true,,,FFSU,2021
00002,2129.52,00002775201,0.00,12,01,7752,INSULIN LI,3,XX,false,2129.52,129.000,MCOU,2021
00002,500613.36,00002775205,11387.42,1544,05,7752,INSULIN LI,3,XX,false,512000.78,28707.000,FFSU,2021
00002,1408942.36,00002775205,17687.05,5214,05,7752,INSULIN LI,3,XX,false,1426629.41,81627.000,MCOU,2021
00002,5983.47,00002822201,0.00,72,01,8222,INSULIN LI,3,XX,false,5983.47,327.000,FFSU,2021
00002,17208.64,00002822201,44.43,187,01,8222,INSULIN LI,3,XX,false,17253.07,1035.000,MCOU,2021
00002,4654534.99,00002822259,51560.63,15571,59,8222,INSULIN LI,3,XX,false,4706095.62,268428.130,FFSU,2021
00002,22196682.54,00002822259,115762.11,73668,59,8222,INSULIN LI,3,XX,false,22312444.65,1284704.261,MCOU,2021
00002,5484.57,00002823301,0.00,30,01,8233,INSULIN LI,3,XX,false,5484.57,336.000,MCOU,2021
00002,287551.10,00002823305,3217.80,707,05,8233,INSULIN LI,3,XX,false,290768.90,16827.000,FFSU,2021
00002,1756776.83,00002823305,4100.40,4571,05,8233,INSULIN LI,3,XX,false,1760877.23,99968.000,MCOU,2021
00338,10209.26,00338012612,200.31,162,12,0126,Insulin in,3,XX,false,10409.57,9466.000,FFSU,2021
00338,56614.74,00338012612,5191.27,324,12,0126,Insulin in,3,XX,false,61806.01,20182.000,MCOU,2021
66733,70938.39,66733077301,1075.71,267,01,0773,INSULIN LI,3,XX,false,72014.10,5129.000,FFSU,2021
66733,242179.00,66733077301,450.08,887,01,0773,INSULIN LI,3,XX,false,242629.08,17950.400,MCOU,2021
66733,9503.41,66733082201,8.00,33,01,0822,INSULIN LI,3,XX,false,9511.41,525.000,FFSU,2021
66733,30583.81,66733082201,461.60,132,01,0822,INSULIN LI,3,XX,false,31045.41,1869.000,MCOU,2021
66733,66268.77,66733082259,1525.55,231,59,0822,INSULIN LI,3,XX,false,67794.32,3756.150,FFSU,2021
66733,691217.40,66733082259,2063.84,2333,59,0822,INSULIN LI,3,XX,false,693281.24,38673.050,MCOU,2021
73070,1290702.62,73070010011,114250.99,4426,11,0100,INSULIN AS,3,XX,false,1404953.61,99034.800,FFSU,2021
73070,4830592.23,73070010011,141673.93,14276,11,0100,INSULIN AS,3,XX,false,4972266.16,356600.150,MCOU,2021
73070,,73070010210,,,10,0102,INSULIN AS,3,XX,true,,,MCOU,2021
73070,134661.21,73070010215,20336.34,426,15,0102,INSULIN AS,3,XX,false,154997.55,8553.200,FFSU,2021
73070,406488.16,73070010215,14943.57,1319,15,0102,INSULIN AS,3,XX,false,421431.73,24315.000,MCOU,2021
73070,4337.26,73070010310,0.00,56,10,0103,INSULIN AS,3,XX,false,4337.26,217.000,FFSU,2021
73070,20996.10,73070010310,12.00,126,10,0103,INSULIN AS,3,XX,false,21008.10,1273.000,MCOU,2021
73070,2919487.36,73070010315,84867.09,8941,15,0103,INSULIN AS,3,XX,false,3004354.45,160981.000,FFSU,2021
73070,10750688.42,73070010315,91041.60,33794,15,0103,INSULIN AS,3,XX,false,10841730.02,603747.000,MCOU,2021
73070,89029.64,73070020011,6269.14,290,11,0200,INSULIN AS,3,XX,false,95298.78,6070.000,FFSU,2021
73070,515862.88,73070020011,4557.64,1534,11,0200,INSULIN AS,3,XX,false,520420.52,35538.000,MCOU,2021
73070,,73070020310,,,10,0203,INSULIN AS,3,XX,true,,,FFSU,2021
73070,,73070020310,,,10,0203,INSULIN AS,3,XX,true,,,MCOU,2021
73070,244525.67,73070020315,3974.75,548,15,0203,INSULIN AS,3,XX,false,248500.42,13434.000,FFSU,2021
73070,1856111.21,73070020315,8577.19,4749,15,0203,INSULIN AS,3,XX,false,1864688.40,104145.000,MCOU,2021
00002,3327552.92,00002773701,121796.75,12869,01,7737,INSULIN LI,2,XX,false,3449349.67,252417.250,FFSU,2021
00002,11027567.92,00002773701,139168.33,36576,01,7737,INSULIN LI,2,XX,false,11166736.25,832023.311,MCOU,2021
00002,,00002775201,,,01,7752,INSULIN LI,2,XX,true,,,FFSU,2021
00002,3026.19,00002775201,0.00,14,01,7752,INSULIN LI,2,XX,false,3026.19,165.000,MCOU,2021
00002,346470.43,00002775205,10259.59,1017,05,7752,INSULIN LI,2,XX,false,356730.02,20121.000,FFSU,2021
00002,1082293.88,00002775205,14033.53,4044,05,7752,INSULIN LI,2,XX,false,1096327.41,62656.000,MCOU,2021
00002,5679.96,00002822201,31.15,67,01,8222,INSULIN LI,2,XX,false,5711.11,309.000,FFSU,2021
00002,14078.72,00002822201,0.00,168,01,8222,INSULIN LI,2,XX,false,14078.72,828.000,MCOU,2021
00002,3368609.68,00002822259,50300.65,12172,59,8222,INSULIN LI,2,XX,false,3418910.33,193930.440,FFSU,2021
00002,20751283.08,00002822259,117413.37,67772,59,8222,INSULIN LI,2,XX,false,20868696.45,1200453.250,MCOU,2021
00002,,00002823301,,,01,8233,INSULIN LI,2,XX,true,,,FFSU,2021
00002,4995.21,00002823301,0.00,23,01,8233,INSULIN LI,2,XX,false,4995.21,306.000,MCOU,2021
00002,156932.01,00002823305,1614.68,404,05,8233,INSULIN LI,2,XX,false,158546.69,9186.000,FFSU,2021
00002,1494874.27,00002823305,2854.80,3842,05,8233,INSULIN LI,2,XX,false,1497729.07,83819.050,MCOU,2021
00338,5546.69,00338012612,329.03,108,12,0126,Insulin in,2,XX,false,5875.72,5789.000,FFSU,2021
00338,54975.28,00338012612,1348.23,252,12,0126,Insulin in,2,XX,false,56323.51,18162.000,MCOU,2021
66733,63719.97,66733077301,2725.86,254,01,0773,INSULIN LI,2,XX,false,66445.83,4787.000,FFSU,2021
66733,251627.90,66733077301,898.58,927,01,0773,INSULIN LI,2,XX,false,252526.48,18512.350,MCOU,2021
66733,10518.58,66733082201,200.06,40,01,0822,INSULIN LI,2,XX,false,10718.64,594.000,FFSU,2021
66733,33877.60,66733082201,446.60,140,01,0822,INSULIN LI,2,XX,false,34324.20,1869.000,MCOU,2021
66733,64994.81,66733082259,1496.17,235,59,0822,INSULIN LI,2,XX,false,66490.98,3788.200,FFSU,2021
66733,713839.77,66733082259,935.61,2450,59,0822,INSULIN LI,2,XX,false,714775.38,40493.000,MCOU,2021
73070,1063605.70,73070010011,130957.87,3761,11,0100,INSULIN AS,2,XX,false,1194563.57,85422.950,FFSU,2021
73070,4311700.41,73070010011,153889.89,12716,11,0100,INSULIN AS,2,XX,false,4465590.30,319501.620,MCOU,2021
73070,,73070010210,,,10,0102,INSULIN AS,2,XX,true,,,MCOU,2021
73070,112653.07,73070010215,12331.19,358,15,0102,INSULIN AS,2,XX,false,124984.26,6957.000,FFSU,2021
73070,375578.81,73070010215,13257.00,1233,15,0102,INSULIN AS,2,XX,false,388835.81,22404.000,MCOU,2021
73070,2027.60,73070010310,0.00,19,10,0103,INSULIN AS,2,XX,false,2027.60,105.000,FFSU,2021
73070,19888.63,73070010310,23.78,142,10,0103,INSULIN AS,2,XX,false,19912.41,1783.100,MCOU,2021
73070,2479478.14,73070010315,78922.56,7756,15,0103,INSULIN AS,2,XX,false,2558400.70,137434.000,FFSU,2021
73070,9842358.47,73070010315,83365.80,30174,15,0103,INSULIN AS,2,XX,false,9925724.27,554304.000,MCOU,2021
73070,68170.99,73070020011,248.75,213,11,0200,INSULIN AS,2,XX,false,68419.74,4580.000,FFSU,2021
73070,514206.98,73070020011,2721.46,1491,11,0200,INSULIN AS,2,XX,false,516928.44,35399.000,MCOU,2021
73070,,73070020310,,,10,0203,INSULIN AS,2,XX,true,,,FFSU,2021
73070,2591.03,73070020310,0.00,11,10,0203,INSULIN AS,2,XX,false,2591.03,144.000,MCOU,2021
73070,187391.00,73070020315,1697.19,416,15,0203,INSULIN AS,2,XX,false,189088.19,10224.000,FFSU,2021
73070,1745092.93,73070020315,3559.68,4495,15,0203,INSULIN AS,2,XX,false,1748652.61,97819.000,MCOU,2021
00002,2881129.54,00002773701,102506.24,11329,01,7737,INSULIN LI,1,XX,false,2983635.78,218709.500,FFSU,2021
00002,10786568.63,00002773701,117669.92,36164,01,7737,INSULIN LI,1,XX,false,10904238.55,808665.000,MCOU,2021
00002,,00002775201,,,01,7752,INSULIN LI,1,XX,true,,,FFSU,2021
00002,2401.00,00002775201,0.00,11,01,7752,INSULIN LI,1,XX,false,2401.00,144.000,MCOU,2021
00002,246921.19,00002775205,9873.38,697,05,7752,INSULIN LI,1,XX,false,256794.57,14409.000,FFSU,2021
00002,869463.39,00002775205,12814.48,3281,05,7752,INSULIN LI,1,XX,false,882277.87,50438.000,MCOU,2021
00002,6940.29,00002822201,1.50,72,01,8222,INSULIN LI,1,XX,false,6941.79,381.000,FFSU,2021
00002,14945.59,00002822201,6.00,158,01,8222,INSULIN LI,1,XX,false,14951.59,864.000,MCOU,2021
00002,3023989.78,00002822259,45974.69,11005,59,8222,INSULIN LI,1,XX,false,3069964.47,174537.720,FFSU,2021
00002,19211783.47,00002822259,103931.59,63093,59,8222,INSULIN LI,1,XX,false,19315715.06,1111216.000,MCOU,2021
00002,5339.75,00002823301,0.00,22,01,8233,INSULIN LI,1,XX,false,5339.75,324.000,MCOU,2021
00002,136512.40,00002823305,1074.47,328,05,8233,INSULIN LI,1,XX,false,137586.87,7953.000,FFSU,2021
00002,1449337.99,00002823305,1960.27,3717,05,8233,INSULIN LI,1,XX,false,1451298.26,82920.000,MCOU,2021
00338,6042.10,00338012612,0.00,124,12,0126,Insulin in,1,XX,false,6042.10,7012.000,FFSU,2021
00338,41111.84,00338012612,27229.76,236,12,0126,Insulin in,1,XX,false,68341.60,18022.000,MCOU,2021
66733,65607.94,66733077301,1441.95,272,01,0773,INSULIN LI,1,XX,false,67049.89,4863.000,FFSU,2021
66733,328702.40,66733077301,1413.02,1223,01,0773,INSULIN LI,1,XX,false,330115.42,23691.000,MCOU,2021
66733,8004.34,66733082201,3.00,28,01,0822,INSULIN LI,1,XX,false,8007.34,444.000,FFSU,2021
66733,30844.97,66733082201,452.72,129,01,0822,INSULIN LI,1,XX,false,31297.69,1776.000,MCOU,2021
66733,75349.28,66733082259,732.24,276,59,0822,INSULIN LI,1,XX,false,76081.52,4290.100,FFSU,2021
66733,838261.65,66733082259,1483.79,2913,59,0822,INSULIN LI,1,XX,false,839745.44,47454.000,MCOU,2021
73070,925732.25,73070010011,106478.53,3324,11,0100,INSULIN AS,1,XX,false,1032210.78,73734.500,FFSU,2021
73070,4086905.12,73070010011,156282.61,12355,11,0100,INSULIN AS,1,XX,false,4243187.73,304261.100,MCOU,2021
73070,,73070010210,,,10,0102,INSULIN AS,1,XX,true,,,MCOU,2021
73070,103385.67,73070010215,13452.15,310,15,0102,INSULIN AS,1,XX,false,116837.82,6450.000,FFSU,2021
73070,347034.89,73070010215,11504.66,1153,15,0102,INSULIN AS,1,XX,false,358539.55,20607.000,MCOU,2021
73070,2322.99,73070010310,3.30,13,10,0103,INSULIN AS,1,XX,false,2326.29,123.000,FFSU,2021
73070,23933.62,73070010310,5209.79,142,10,0103,INSULIN AS,1,XX,false,29143.41,1845.550,MCOU,2021
73070,2299349.71,73070010315,71274.68,7371,15,0103,INSULIN AS,1,XX,false,2370624.39,127101.000,FFSU,2021
73070,9364185.00,73070010315,92008.34,28998,15,0103,INSULIN AS,1,XX,false,9456193.34,527772.000,MCOU,2021
73070,73224.19,73070020011,2005.24,243,11,0200,INSULIN AS,1,XX,false,75229.43,5050.000,FFSU,2021
73070,505564.83,73070020011,1419.60,1545,11,0200,INSULIN AS,1,XX,false,506984.43,34734.000,MCOU,2021
73070,,73070020310,,,10,0203,INSULIN AS,1,XX,true,,,FFSU,2021
73070,4033.39,73070020310,0.00,13,10,0203,INSULIN AS,1,XX,false,4033.39,282.000,MCOU,2021
73070,192654.69,73070020315,1698.83,415,15,0203,INSULIN AS,1,XX,false,194353.52,10515.000,FFSU,2021
73070,1750326.53,73070020315,2652.76,4472,15,0203,INSULIN AS,1,XX,false,1752979.29,98205.000,MCOU,2021
00169,9675485.02,00169255013,274576.41,10112,13,2550,TRESIBA FL,4,XX,false,9950061.43,152254.000,FFSU,2022
00169,16591166.79,00169255013,402824.01,19644,13,2550,TRESIBA FL,4,XX,false,16993990.80,259166.500,MCOU,2022
00169,7204446.91,00169266015,321169.21,13594,15,2660,TRESIBA FL,4,XX,false,7525616.12,228135.000,FFSU,2022
00169,12160173.94,00169266015,471155.73,24102,15,2660,TRESIBA FL,4,XX,false,12631329.67,383778.150,MCOU,2022
00169,267536.21,00169266211,15647.69,507,11,2662,TRESIBA VI,4,XX,false,283183.90,8543.000,FFSU,2022
00169,386277.63,00169266211,22037.99,892,11,2662,TRESIBA VI,4,XX,false,408315.62,12288.250,MCOU,2022
00169,10800758.49,00169255013,317227.07,11235,13,2550,TRESIBA FL,3,XX,false,11117985.56,170397.000,FFSU,2022
00169,16254415.81,00169255013,416396.31,19904,13,2550,TRESIBA FL,3,XX,false,16670812.12,253740.000,MCOU,2022
00169,7970712.42,00169266015,357049.47,14887,15,2660,TRESIBA FL,3,XX,false,8327761.89,252973.000,FFSU,2022
00169,13170135.62,00169266015,534519.89,25981,15,2660,TRESIBA FL,3,XX,false,13704655.51,416673.150,MCOU,2022
00169,271477.21,00169266211,25042.28,532,11,2662,TRESIBA VI,3,XX,false,296519.49,8910.000,FFSU,2022
00169,439286.48,00169266211,23146.53,938,11,2662,TRESIBA VI,3,XX,false,462433.01,13628.350,MCOU,2022
00169,10241970.66,00169255013,332542.32,10709,13,2550,TRESIBA FL,2,XX,false,10574512.98,162133.000,FFSU,2022
00169,17864812.16,00169255013,477016.73,21564,13,2550,TRESIBA FL,2,XX,false,18341828.89,278208.000,MCOU,2022
00169,7116249.82,00169266015,360980.02,13505,15,2660,TRESIBA FL,2,XX,false,7477229.84,227341.150,FFSU,2022
00169,13007466.14,00169266015,560033.83,25723,15,2660,TRESIBA FL,2,XX,false,13567499.97,410290.750,MCOU,2022
00169,253081.70,00169266211,15780.97,492,11,2662,TRESIBA VI,2,XX,false,268862.67,8130.000,FFSU,2022
00169,428799.87,00169266211,24802.47,935,11,2662,TRESIBA VI,2,XX,false,453602.34,13679.800,MCOU,2022
00169,9659588.71,00169255013,268215.31,10057,13,2550,TRESIBA FL,1,XX,false,9927804.02,151926.000,FFSU,2022
00169,17341615.62,00169255013,428508.88,20982,13,2550,TRESIBA FL,1,XX,false,17770124.50,267937.000,MCOU,2022
00169,6378628.08,00169266015,302966.58,12139,15,2660,TRESIBA FL,1,XX,false,6681594.66,203148.000,FFSU,2022
00169,12933338.66,00169266015,544499.25,25568,15,2660,TRESIBA FL,1,XX,false,13477837.91,403326.550,MCOU,2022
00169,226124.69,00169266211,14236.97,431,11,2662,TRESIBA VI,1,XX,false,240361.66,7320.000,FFSU,2022
00169,414116.31,00169266211,16985.39,845,11,2662,TRESIBA VI,1,XX,false,431101.70,12748.800,MCOU,2022
00024,8043.24,00024586901,0.00,16,01,5869,TOUJEO SOL,4,XX,false,8043.24,100.500,MCOU,2022
00024,3026802.39,00024586903,140013.94,4997,03,5869,TOUJEO SOL,4,XX,false,3166816.33,38097.100,FFSU,2022
00024,3831719.99,00024586903,283496.19,7142,03,5869,TOUJEO SOL,4,XX,false,4115216.18,49070.500,MCOU,2022
00024,11439.14,00024587100,0.00,23,00,5871,TOUJEO MAX,4,XX,false,11439.14,138.000,MCOU,2022
00024,3635902.11,00024587102,242847.01,4115,02,5871,TOUJEO MAX,4,XX,false,3878749.12,46632.000,FFSU,2022
00024,5586161.72,00024587102,254574.68,6702,02,5871,TOUJEO MAX,4,XX,false,5840736.40,69808.000,MCOU,2022
00024,,00024586901,,,01,5869,TOUJEO SOL,3,XX,true,,,FFSU,2022
00024,9241.28,00024586901,0.00,20,01,5869,TOUJEO SOL,3,XX,false,9241.28,111.000,MCOU,2022
00024,3329288.19,00024586903,181054.21,5436,03,5869,TOUJEO SOL,3,XX,false,3510342.40,42099.950,FFSU,2022
00024,4259600.03,00024586903,306216.04,7900,03,5869,TOUJEO SOL,3,XX,false,4565816.07,54514.028,MCOU,2022
00024,,00024587100,,,00,5871,TOUJEO MAX,3,XX,true,,,FFSU,2022
00024,12234.88,00024587100,1834.72,15,00,5871,TOUJEO MAX,3,XX,false,14069.60,159.000,MCOU,2022
00024,3807713.18,00024587102,231993.46,4355,02,5871,TOUJEO MAX,3,XX,false,4039706.64,48722.000,FFSU,2022
00024,5446405.83,00024587102,335327.60,6607,02,5871,TOUJEO MAX,3,XX,false,5781733.43,68771.000,MCOU,2022
00024,,00024586901,,,01,5869,TOUJEO SOL,2,XX,true,,,MCOU,2022
00024,3086436.42,00024586903,184246.77,5088,03,5869,TOUJEO SOL,2,XX,false,3270683.19,39109.000,FFSU,2022
00024,5440141.03,00024586903,459047.56,9659,03,5869,TOUJEO SOL,2,XX,false,5899188.59,68832.900,MCOU,2022
00024,8113.81,00024587100,0.00,14,00,5871,TOUJEO MAX,2,XX,false,8113.81,96.000,MCOU,2022
00024,3324762.06,00024587102,245349.16,3846,02,5871,TOUJEO MAX,2,XX,false,3570111.22,43005.000,FFSU,2022
00024,7346456.12,00024587102,445300.01,8177,02,5871,TOUJEO MAX,2,XX,false,7791756.13,91159.500,MCOU,2022
00024,4838.36,00024586901,0.00,14,01,5869,TOUJEO SOL,1,XX,false,4838.36,55.500,MCOU,2022
00024,2901688.12,00024586903,138921.87,4739,03,5869,TOUJEO SOL,1,XX,false,3040609.99,36391.500,FFSU,2022
00024,4110513.69,00024586903,294834.35,7597,03,5869,TOUJEO SOL,1,XX,false,4405348.04,51760.000,MCOU,2022
00024,,00024587100,,,00,5871,TOUJEO MAX,1,XX,true,,,MCOU,2022
00024,2827461.82,00024587102,166045.26,3080,02,5871,TOUJEO MAX,1,XX,false,2993507.08,36001.000,FFSU,2022
00024,6973541.69,00024587102,354457.90,7785,02,5871,TOUJEO MAX,1,XX,false,7327999.59,86654.500,MCOU,2022
00088,15254.44,00088221901,221.22,130,01,2219,LANTUS 3ML,4,XX,false,15475.66,533.000,FFSU,2022
00088,54114.64,00088221901,1138.65,444,01,2219,LANTUS 3ML,4,XX,false,55253.29,2071.450,MCOU,2022
00088,76886315.67,00088221905,1856785.68,162413,05,2219,LANTUS 3ML,4,XX,false,78743101.35,2836900.883,FFSU,2022
00088,147433526.63,00088221905,2824766.61,318411,05,2219,LANTUS 3ML,4,XX,false,150258293.24,5416854.550,MCOU,2022
00088,20549720.46,00088222033,336232.04,45244,33,2220,LANTUS 10M,4,XX,false,20885952.50,758178.205,FFSU,2022
00088,24084537.62,00088222033,938792.34,58739,33,2220,LANTUS 10M,4,XX,false,25023329.96,882241.582,MCOU,2022
00088,,00088502001,,,01,5020,LANTUS SOL,4,XX,true,,,FFSU,2022
00088,,00088502001,,,01,5020,LANTUS SOL,4,XX,true,,,MCOU,2022
00088,44105.76,00088502005,461.61,105,05,5020,LANTUS SOL,4,XX,false,44567.37,1614.250,FFSU,2022
00088,78882.44,00088502005,3179.37,216,05,5020,LANTUS SOL,4,XX,false,82061.81,3017.200,MCOU,2022
00088,17133.39,00088502101,6.56,70,01,5021,LANTUS NOV,4,XX,false,17139.95,651.900,FFSU,2022
00088,19316.71,00088502101,2765.76,101,01,5021,LANTUS NOV,4,XX,false,22082.47,1022.420,MCOU,2022
00088,17758.61,00088221901,0.00,150,01,2219,LANTUS 3ML,3,XX,false,17758.61,689.000,FFSU,2022
00088,46474.50,00088221901,6690.39,390,01,2219,LANTUS 3ML,3,XX,false,53164.89,2826.700,MCOU,2022
00088,85711828.44,00088221905,2061015.66,176674,05,2219,LANTUS 3ML,3,XX,false,87772844.10,3163518.806,FFSU,2022
00088,166113369.46,00088221905,3362922.12,358282,05,2219,LANTUS 3ML,3,XX,false,169476291.58,6123357.400,MCOU,2022
00088,24897944.28,00088222033,427301.47,54257,33,2220,LANTUS 10M,3,XX,false,25325245.75,917678.190,FFSU,2022
00088,25802048.59,00088222033,963191.62,62332,33,2220,LANTUS 10M,3,XX,false,26765240.21,942627.910,MCOU,2022
00088,,00088502001,,,01,5020,LANTUS SOL,3,XX,true,,,FFSU,2022
00088,3679.16,00088502001,0.00,22,01,5020,LANTUS SOL,3,XX,false,3679.16,316.000,MCOU,2022
00088,59472.58,00088502005,315.90,133,05,5020,LANTUS SOL,3,XX,false,59788.48,2188.160,FFSU,2022
00088,118885.77,00088502005,7890.13,283,05,5020,LANTUS SOL,3,XX,false,126775.90,4542.300,MCOU,2022
00088,26536.45,00088502101,459.65,133,01,5021,LANTUS NOV,3,XX,false,26996.10,978.200,FFSU,2022
00088,87163.77,00088502101,1942.09,257,01,5021,LANTUS NOV,3,XX,false,89105.86,1096.070,MCOU,2022
00088,13224.71,00088221901,1.50,139,01,2219,LANTUS 3ML,2,XX,false,13226.21,481.100,FFSU,2022
00088,21864.12,00088221901,978.72,189,01,2219,LANTUS 3ML,2,XX,false,22842.84,960.850,MCOU,2022
00088,82467138.20,00088221905,2063217.83,171280,05,2219,LANTUS 3ML,2,XX,false,84530356.03,3043942.701,FFSU,2022
00088,155852968.29,00088221905,3471395.88,339018,05,2219,LANTUS 3ML,2,XX,false,159324364.17,5751262.350,MCOU,2022
00088,25032202.59,00088222033,411301.56,54990,33,2220,LANTUS 10M,2,XX,false,25443504.15,920308.245,FFSU,2022
00088,26619926.11,00088222033,1013766.67,64892,33,2220,LANTUS 10M,2,XX,false,27633692.78,981493.230,MCOU,2022
00088,3765.69,00088502001,1.50,19,01,5020,LANTUS SOL,2,XX,false,3767.19,511.000,FFSU,2022
00088,8053.05,00088502001,0.00,44,01,5020,LANTUS SOL,2,XX,false,8053.05,507.000,MCOU,2022
00088,171223.10,00088502005,4035.33,363,05,5020,LANTUS SOL,2,XX,false,175258.43,6550.050,FFSU,2022
00088,243676.29,00088502005,12091.82,603,05,5020,LANTUS SOL,2,XX,false,255768.11,9503.900,MCOU,2022
00088,55915.60,00088502101,1335.57,242,01,5021,LANTUS NOV,2,XX,false,57251.17,2142.900,FFSU,2022
00088,164566.79,00088502101,3040.88,624,01,5021,LANTUS NOV,2,XX,false,167607.67,2174.510,MCOU,2022
00088,10865.43,00088221901,8.05,94,01,2219,LANTUS 3ML,1,XX,false,10873.48,488.000,FFSU,2022
00088,37943.16,00088221901,638.26,320,01,2219,LANTUS 3ML,1,XX,false,38581.42,1633.200,MCOU,2022
00088,76261931.54,00088221905,1756764.09,159491,05,2219,LANTUS 3ML,1,XX,false,78018695.63,2805303.873,FFSU,2022
00088,162326744.54,00088221905,3267183.48,353171,05,2219,LANTUS 3ML,1,XX,false,165593928.02,6003303.300,MCOU,2022
00088,23948894.86,00088222033,364422.52,53624,33,2220,LANTUS 10M,1,XX,false,24313317.38,876582.930,FFSU,2022
00088,27494497.91,00088222033,993777.31,67193,33,2220,LANTUS 10M,1,XX,false,28488275.22,1008357.220,MCOU,2022
00088,,00088502001,,,01,5020,LANTUS SOL,1,XX,true,,,FFSU,2022
00088,11603.48,00088502001,23.01,48,01,5020,LANTUS SOL,1,XX,false,11626.49,631.000,MCOU,2022
00088,211207.03,00088502005,5216.97,458,05,5020,LANTUS SOL,1,XX,false,216424.00,8083.100,FFSU,2022
00088,418269.93,00088502005,12278.66,915,05,5020,LANTUS SOL,1,XX,false,430548.59,15754.650,MCOU,2022
00088,43203.00,00088502101,921.27,150,01,5021,LANTUS NOV,1,XX,false,44124.27,1641.540,FFSU,2022
00088,135510.74,00088502101,8674.00,606,01,5021,LANTUS NOV,1,XX,false,144184.74,2131.970,MCOU,2022
00002,112847.22,00002771501,1275.63,407,01,7715,BASAGLAR  ,4,XX,false,114122.85,5022.000,FFSU,2022
00002,219156.75,00002771501,832.18,850,01,7715,BASAGLAR  ,4,XX,false,219988.93,10215.050,MCOU,2022
00002,28661381.95,00002771559,360396.68,76621,59,7715,BASAGLAR  ,4,XX,false,29021778.63,1346255.000,FFSU,2022
00002,56868123.11,00002771559,614612.11,168706,59,7715,BASAGLAR  ,4,XX,false,57482735.22,2724137.850,MCOU,2022
00002,208007.97,00002771501,2907.90,666,01,7715,BASAGLAR  ,3,XX,false,210915.87,9294.050,FFSU,2022
00002,227821.96,00002771501,2169.24,905,01,7715,BASAGLAR  ,3,XX,false,229991.20,10778.800,MCOU,2022
00002,39442535.70,00002771559,390598.20,106704,59,7715,BASAGLAR  ,3,XX,false,39833133.90,1848648.130,FFSU,2022
00002,63750928.10,00002771559,694924.89,189705,59,7715,BASAGLAR  ,3,XX,false,64445852.99,3070938.050,MCOU,2022
00002,192124.27,00002771501,1221.63,660,01,7715,BASAGLAR  ,2,XX,false,193345.90,8544.000,FFSU,2022
00002,271725.18,00002771501,1402.12,1006,01,7715,BASAGLAR  ,2,XX,false,273127.30,12068.300,MCOU,2022
00002,34970025.04,00002771559,440780.45,98203,59,7715,BASAGLAR  ,2,XX,false,35410805.49,1640532.100,FFSU,2022
00002,66166536.77,00002771559,734800.33,196091,59,7715,BASAGLAR  ,2,XX,false,66901337.10,3169128.877,MCOU,2022
00002,179855.64,00002771501,854.13,609,01,7715,BASAGLAR  ,1,XX,false,180709.77,8007.000,FFSU,2022
00002,259600.76,00002771501,5164.80,1028,01,7715,BASAGLAR  ,1,XX,false,264765.56,11597.400,MCOU,2022
00002,31623894.85,00002771559,397562.42,91784,59,7715,BASAGLAR  ,1,XX,false,32021457.27,1480831.333,FFSU,2022
00002,71802729.66,00002771559,789603.88,210220,59,7715,BASAGLAR  ,1,XX,false,72592333.54,3389725.150,MCOU,2022
49502,,49502019580,,,80,0195,Semglee In,4,XX,true,,,FFSU,2022
49502,1550.71,49502019580,2965.33,89,80,0195,Semglee In,4,XX,false,4516.04,195.000,MCOU,2022
49502,,49502019671,,,71,0196,Semglee In,4,XX,true,,,MCOU,2022
49502,15146.30,49502019675,6.00,102,75,0196,Semglee In,4,XX,false,15152.30,1407.750,FFSU,2022
49502,62690.49,49502019675,6.00,497,75,0196,Semglee In,4,XX,false,62696.49,6705.300,MCOU,2022
49502,69267.91,49502025080,20963.98,257,80,0250,Semglee In,4,XX,false,90231.89,3765.000,FFSU,2022
49502,74432.55,49502025080,11015.79,284,80,0250,Semglee In,4,XX,false,85448.34,3754.000,MCOU,2022
49502,,49502025171,,,71,0251,Semglee In,4,XX,true,,,MCOU,2022
49502,610905.62,49502025175,169634.41,2056,75,0251,Semglee In,4,XX,false,780540.03,32816.000,FFSU,2022
49502,808765.91,49502025175,92994.98,2415,75,0251,Semglee In,4,XX,false,901760.89,37286.000,MCOU,2022
49502,3366.18,49502019580,1.00,14,80,0195,Semglee In,3,XX,false,3367.18,130.250,FFSU,2022
49502,4937.44,49502019580,39718.88,155,80,0195,Semglee In,3,XX,false,44656.32,792.600,MCOU,2022
49502,,49502019671,,,71,0196,Semglee In,3,XX,true,,,FFSU,2022
49502,5643.57,49502019671,0.00,23,71,0196,Semglee In,3,XX,false,5643.57,369.050,MCOU,2022
49502,15929.05,49502019675,35.86,96,75,0196,Semglee In,3,XX,false,15964.91,1476.000,FFSU,2022
49502,136703.18,49502019675,1915.10,1086,75,0196,Semglee In,3,XX,false,138618.28,15170.450,MCOU,2022
49502,76324.50,49502025080,23656.62,284,80,0250,Semglee In,3,XX,false,99981.12,4030.400,FFSU,2022
49502,86027.03,49502025080,12870.28,286,80,0250,Semglee In,3,XX,false,98897.31,4395.100,MCOU,2022
49502,,49502025171,,,71,0251,Semglee In,3,XX,true,,,MCOU,2022
49502,740095.52,49502025175,177875.24,2347,75,0251,Semglee In,3,XX,false,917970.76,38051.000,FFSU,2022
49502,841030.18,49502025175,74507.39,2819,75,0251,Semglee In,3,XX,false,915537.57,50597.000,MCOU,2022
49502,10012.48,49502019580,420.51,77,80,0195,Semglee In,2,XX,false,10432.99,843.500,FFSU,2022
49502,21687.47,49502019580,16797.80,288,80,0195,Semglee In,2,XX,false,38485.27,2562.800,MCOU,2022
49502,7050.21,49502019671,3.00,59,71,0196,Semglee In,2,XX,false,7053.21,765.000,MCOU,2022
49502,29156.63,49502019675,137.25,204,75,0196,Semglee In,2,XX,false,29293.88,2776.050,FFSU,2022
49502,258376.07,49502019675,1034.39,2102,75,0196,Semglee In,2,XX,false,259410.46,28328.050,MCOU,2022
49502,47624.12,49502025080,24517.32,178,80,0250,Semglee In,2,XX,false,72141.44,2660.000,FFSU,2022
49502,77432.98,49502025080,16202.61,294,80,0250,Semglee In,2,XX,false,93635.59,4310.650,MCOU,2022
49502,,49502025171,,,71,0251,Semglee In,2,XX,true,,,MCOU,2022
49502,471386.02,49502025175,136753.72,1510,75,0251,Semglee In,2,XX,false,608139.74,24462.000,FFSU,2022
49502,838538.48,49502025175,91847.01,3275,75,0251,Semglee In,2,XX,false,930385.49,58612.000,MCOU,2022
49502,29148.88,49502019580,253.92,215,80,0195,Semglee In,1,XX,false,29402.80,2731.900,FFSU,2022
49502,111762.65,49502019580,492.02,986,80,0195,Semglee In,1,XX,false,112254.67,11822.480,MCOU,2022
49502,,49502019671,,,71,0196,Semglee In,1,XX,true,,,FFSU,2022
49502,14939.73,49502019671,3.00,127,71,0196,Semglee In,1,XX,false,14942.73,1566.000,MCOU,2022
49502,64247.64,49502019675,470.99,441,75,0196,Semglee In,1,XX,false,64718.63,5777.050,FFSU,2022
49502,625528.23,49502019675,2368.47,4945,75,0196,Semglee In,1,XX,false,627896.70,68956.400,MCOU,2022
49502,34384.40,49502025080,12679.72,113,80,0250,Semglee In,1,XX,false,47064.12,1720.000,FFSU,2022
49502,72146.66,49502025080,16970.88,225,80,0250,Semglee In,1,XX,false,89117.54,3362.000,MCOU,2022
49502,,49502025171,,,71,0251,Semglee In,1,XX,true,,,FFSU,2022
49502,,49502025171,,,71,0251,Semglee In,1,XX,true,,,MCOU,2022
49502,330243.68,49502025175,115566.18,1019,75,0251,Semglee In,1,XX,false,445809.86,16746.000,FFSU,2022
49502,1365120.17,49502025175,47136.34,3246,75,0251,Semglee In,1,XX,false,1412256.51,54504.000,MCOU,2022
00169,5179636.73,00169368712,108104.26,10203,12,3687,LEVEMIR 10,4,XX,false,5287740.99,177159.370,FFSU,2022
00169,6658398.64,00169368712,285172.17,13593,12,3687,LEVEMIR 10,4,XX,false,6943570.81,227044.240,MCOU,2022
00169,21222902.71,00169643810,655093.88,38371,10,6438,LEVEMIR FL,4,XX,false,21877996.59,729622.150,FFSU,2022
00169,37169240.19,00169643810,1251971.40,68817,10,6438,LEVEMIR FL,4,XX,false,38421211.59,1270983.000,MCOU,2022
00169,5765729.44,00169368712,100392.62,11454,12,3687,LEVEMIR 10,3,XX,false,5866122.06,197386.230,FFSU,2022
00169,7139013.30,00169368712,266565.49,14359,12,3687,LEVEMIR 10,3,XX,false,7405578.79,241500.770,MCOU,2022
00169,22642016.39,00169643810,699226.13,40353,10,6438,LEVEMIR FL,3,XX,false,23341242.52,780981.350,FFSU,2022
00169,36185503.68,00169643810,1291710.53,67703,10,6438,LEVEMIR FL,3,XX,false,37477214.21,1241893.500,MCOU,2022
00169,,00169643910,,,10,6439,Levemir Fl,3,XX,true,,,MCOU,2022
00169,5911020.09,00169368712,120279.40,11759,12,3687,LEVEMIR 10,2,XX,false,6031299.49,202234.830,FFSU,2022
00169,7378723.20,00169368712,275086.42,14723,12,3687,LEVEMIR 10,2,XX,false,7653809.62,245153.330,MCOU,2022
00169,21965886.84,00169643810,721012.71,39290,10,6438,LEVEMIR FL,2,XX,false,22686899.55,756890.300,FFSU,2022
00169,37951933.65,00169643810,1396942.38,70811,10,6438,LEVEMIR FL,2,XX,false,39348876.03,1295865.350,MCOU,2022
00169,,00169643910,,,10,6439,Levemir Fl,2,XX,true,,,MCOU,2022
00169,5735169.46,00169368712,99537.93,11406,12,3687,LEVEMIR 10,1,XX,false,5834707.39,196011.380,FFSU,2022
00169,7813440.13,00169368712,291727.75,15288,12,3687,LEVEMIR 10,1,XX,false,8105167.88,256670.251,MCOU,2022
00169,21234175.42,00169643810,580217.64,37777,10,6438,LEVEMIR FL,1,XX,false,21814393.06,728404.300,FFSU,2022
00169,36931996.27,00169643810,1352624.32,69331,10,6438,LEVEMIR FL,1,XX,false,38284620.59,1264237.961,MCOU,2022
00169,,00169643910,,,10,6439,Levemir Fl,1,XX,true,,,MCOU,2022
00002,4087997.12,00002773701,107008.76,23032,01,7737,INSULIN LI,4,XX,false,4195005.88,501743.100,FFSU,2022
00002,9839176.08,00002773701,110388.42,48416,01,7737,INSULIN LI,4,XX,false,9949564.50,1241433.410,MCOU,2022
00002,,00002775201,,,01,7752,INSULIN LI,4,XX,true,,,FFSU,2022
00002,3559.66,00002775201,0.00,25,01,7752,INSULIN LI,4,XX,false,3559.66,354.000,MCOU,2022
00002,643699.57,00002775205,8926.01,3270,05,7752,INSULIN LI,4,XX,false,652625.58,60753.000,FFSU,2022
00002,1718329.55,00002775205,12786.75,10045,05,7752,INSULIN LI,4,XX,false,1731116.30,165525.000,MCOU,2022
00002,4487.33,00002822201,0.00,80,01,8222,INSULIN LI,4,XX,false,4487.33,402.000,FFSU,2022
00002,18633.59,00002822201,0.00,338,01,8222,INSULIN LI,4,XX,false,18633.59,1734.800,MCOU,2022
00002,6703857.21,00002822259,67455.00,36730,59,8222,INSULIN LI,4,XX,false,6771312.21,629836.000,FFSU,2022
00002,17056523.35,00002822259,112529.25,89061,59,8222,INSULIN LI,4,XX,false,17169052.60,1637462.350,MCOU,2022
00002,1661.39,00002823301,0.00,13,01,8233,INSULIN LI,4,XX,false,1661.39,162.000,MCOU,2022
00002,358946.24,00002823305,517.75,1407,05,8233,INSULIN LI,4,XX,false,359463.99,33743.000,FFSU,2022
00002,1384671.69,00002823305,11390.21,5939,05,8233,INSULIN LI,4,XX,false,1396061.90,131886.000,MCOU,2022
00338,10280.17,00338012612,43.56,172,12,0126,Insulin in,4,XX,false,10323.73,15150.900,FFSU,2022
00338,144501.68,00338012612,1858.09,452,12,0126,Insulin in,4,XX,false,146359.77,33789.000,MCOU,2022
00955,,00955172801,,,01,1728,INSULIN GL,4,XX,true,,,MCOU,2022
00955,1704395.84,00955172805,8221.57,9463,05,1728,INSULIN GL,4,XX,false,1712617.41,147116.000,FFSU,2022
00955,1592711.32,00955172805,9711.93,10172,05,1728,INSULIN GL,4,XX,false,1602423.25,152735.000,MCOU,2022
00955,382814.62,00955172901,2075.68,2330,01,1729,INSULIN GL,4,XX,false,384890.30,32614.400,FFSU,2022
00955,235228.86,00955172901,2488.88,1527,01,1729,INSULIN GL,4,XX,false,237717.74,21767.550,MCOU,2022
49502,235451.03,49502039380,1895.80,1808,80,0393,Insulin Gl,4,XX,false,237346.83,21993.420,FFSU,2022
49502,816071.29,49502039380,56365.04,7435,80,0393,Insulin Gl,4,XX,false,872436.33,83319.890,MCOU,2022
49502,,49502039471,,,71,0394,Insulin Gl,4,XX,true,,,FFSU,2022
49502,27456.23,49502039471,3.00,268,71,0394,Insulin Gl,4,XX,false,27459.23,3204.150,MCOU,2022
49502,1276083.78,49502039475,17439.61,9402,75,0394,Insulin Gl,4,XX,false,1293523.39,124501.000,FFSU,2022
49502,11359502.29,49502039475,26040.24,80764,75,0394,Insulin Gl,4,XX,false,11385542.53,1196650.750,MCOU,2022
66733,49821.32,66733077301,273.75,281,01,0773,INSULIN LI,4,XX,false,50095.07,5940.000,FFSU,2022
66733,167321.10,66733077301,757.49,816,01,0773,INSULIN LI,4,XX,false,168078.59,19888.150,MCOU,2022
66733,,66733082201,,,01,0822,INSULIN LI,4,XX,true,,,FFSU,2022
66733,,66733082201,,,01,0822,INSULIN LI,4,XX,true,,,MCOU,2022
66733,3299.16,66733082259,456.78,22,59,0822,INSULIN LI,4,XX,false,3755.94,327.000,FFSU,2022
66733,29546.39,66733082259,3090.41,189,59,0822,INSULIN LI,4,XX,false,32636.80,3069.000,MCOU,2022
73070,2789998.53,73070010011,158539.26,7938,11,0100,INSULIN AS,4,XX,false,2948537.79,207229.370,FFSU,2022
73070,8585063.72,73070010011,245573.96,22243,11,0100,INSULIN AS,4,XX,false,8830637.68,637448.950,MCOU,2022
73070,259692.12,73070010215,16996.64,678,15,0102,INSULIN AS,4,XX,false,276688.76,15489.000,FFSU,2022
73070,978143.52,73070010215,25788.90,2880,15,0102,INSULIN AS,4,XX,false,1003932.42,58249.111,MCOU,2022
73070,3451.95,73070010310,3.00,22,10,0103,INSULIN AS,4,XX,false,3454.95,183.000,FFSU,2022
73070,26844.99,73070010310,46.45,187,10,0103,INSULIN AS,4,XX,false,26891.44,1515.000,MCOU,2022
73070,5537235.66,73070010315,117626.01,16579,15,0103,INSULIN AS,4,XX,false,5654861.67,304349.000,FFSU,2022
73070,16189825.69,73070010315,128111.47,48203,15,0103,INSULIN AS,4,XX,false,16317937.16,908890.150,MCOU,2022
73070,145246.89,73070020011,776.41,433,11,0200,INSULIN AS,4,XX,false,146023.30,9728.000,FFSU,2022
73070,623465.47,73070020011,2645.04,1823,11,0200,INSULIN AS,4,XX,false,626110.51,43273.000,MCOU,2022
73070,,73070020310,,,10,0203,INSULIN AS,4,XX,true,,,MCOU,2022
73070,728507.17,73070020315,10144.91,1797,15,0203,INSULIN AS,4,XX,false,738652.08,39935.000,FFSU,2022
73070,2518198.15,73070020315,7168.78,6412,15,0203,INSULIN AS,4,XX,false,2525366.93,141974.000,MCOU,2022
73070,1973.09,73070040011,34.92,11,11,0400,INSULIN DE,4,XX,false,2008.01,160.000,FFSU,2022
73070,2998.70,73070040011,63.35,17,11,0400,INSULIN DE,4,XX,false,3062.05,259.000,MCOU,2022
73070,27587.39,73070040315,678.10,137,15,0403,INSULIN DE,4,XX,false,28265.49,2202.000,FFSU,2022
73070,91038.67,73070040315,677.77,529,15,0403,INSULIN DE,4,XX,false,91716.44,8421.000,MCOU,2022
73070,27016.49,73070050315,180.67,80,15,0503,INSULIN DE,4,XX,false,27197.16,1122.000,FFSU,2022
73070,145348.15,73070050315,397.93,461,15,0503,INSULIN DE,4,XX,false,145746.08,6183.000,MCOU,2022
00002,4686747.71,00002773701,119641.25,26384,01,7737,INSULIN LI,3,XX,false,4806388.96,573776.900,FFSU,2022
00002,9641566.81,00002773701,128451.95,48128,01,7737,INSULIN LI,3,XX,false,9770018.76,1224428.043,MCOU,2022
00002,,00002775201,,,01,7752,INSULIN LI,3,XX,true,,,FFSU,2022
00002,3978.86,00002775201,0.00,28,01,7752,INSULIN LI,3,XX,false,3978.86,393.000,MCOU,2022
00002,668306.37,00002775205,12427.33,3375,05,7752,INSULIN LI,3,XX,false,680733.70,63168.000,FFSU,2022
00002,1567977.47,00002775205,16600.04,9273,05,7752,INSULIN LI,3,XX,false,1584577.51,151203.100,MCOU,2022
00002,4032.27,00002822201,0.00,87,01,8222,INSULIN LI,3,XX,false,4032.27,375.000,FFSU,2022
00002,13502.63,00002822201,0.00,243,01,8222,INSULIN LI,3,XX,false,13502.63,1371.000,MCOU,2022
00002,7606802.12,00002822259,68730.24,39882,59,8222,INSULIN LI,3,XX,false,7675532.36,714591.000,FFSU,2022
00002,16923499.65,00002822259,121630.56,88879,59,8222,INSULIN LI,3,XX,false,17045130.21,1634429.300,MCOU,2022
00002,3207.14,00002823301,0.00,18,01,8233,INSULIN LI,3,XX,false,3207.14,315.000,MCOU,2022
00002,405176.99,00002823305,1074.23,1544,05,8233,INSULIN LI,3,XX,false,406251.22,38292.000,FFSU,2022
00002,1382326.58,00002823305,9297.16,5988,05,8233,INSULIN LI,3,XX,false,1391623.74,133025.200,MCOU,2022
00338,8773.06,00338012612,37.32,180,12,0126,Insulin in,3,XX,false,8810.38,15097.000,FFSU,2022
00338,110933.59,00338012612,5990.38,435,12,0126,Insulin in,3,XX,false,116923.97,29374.000,MCOU,2022
00955,,00955172801,,,01,1728,INSULIN GL,3,XX,true,,,FFSU,2022
00955,,00955172801,,,01,1728,INSULIN GL,3,XX,true,,,MCOU,2022
00955,838361.43,00955172805,4129.47,4394,05,1728,INSULIN GL,3,XX,false,842490.90,70290.000,FFSU,2022
00955,517173.36,00955172805,5496.70,3165,05,1728,INSULIN GL,3,XX,false,522670.06,50483.500,MCOU,2022
00955,208051.95,00955172901,1970.34,1258,01,1729,INSULIN GL,3,XX,false,210022.29,17695.400,FFSU,2022
00955,90980.72,00955172901,1084.72,649,01,1729,INSULIN GL,3,XX,false,92065.44,8929.980,MCOU,2022
49502,249797.73,49502039380,2089.62,1919,80,0393,Insulin Gl,3,XX,false,251887.35,23378.600,FFSU,2022
49502,736775.23,49502039380,54392.07,6914,80,0393,Insulin Gl,3,XX,false,791167.30,75365.380,MCOU,2022
49502,,49502039471,,,71,0394,Insulin Gl,3,XX,true,,,FFSU,2022
49502,20148.72,49502039471,31.47,207,71,0394,Insulin Gl,3,XX,false,20180.19,2581.850,MCOU,2022
49502,1465146.12,49502039475,16720.17,11185,75,0394,Insulin Gl,3,XX,false,1481866.29,143165.000,FFSU,2022
49502,9924856.28,49502039475,21466.23,71164,75,0394,Insulin Gl,3,XX,false,9946322.51,1049536.550,MCOU,2022
66733,76685.27,66733077301,423.15,436,01,0773,INSULIN LI,3,XX,false,77108.42,9140.000,FFSU,2022
66733,169718.73,66733077301,999.86,825,01,0773,INSULIN LI,3,XX,false,170718.59,19937.100,MCOU,2022
66733,,66733082201,,,01,0822,INSULIN LI,3,XX,true,,,FFSU,2022
66733,5139.25,66733082201,3.00,33,01,0822,INSULIN LI,3,XX,false,5142.25,495.000,MCOU,2022
66733,38795.55,66733082259,99.76,246,59,0822,INSULIN LI,3,XX,false,38895.31,3552.000,FFSU,2022
66733,96623.57,66733082259,3599.32,628,59,0822,INSULIN LI,3,XX,false,100222.89,10710.300,MCOU,2022
73070,2780966.93,73070010011,153241.37,8045,11,0100,INSULIN AS,3,XX,false,2934208.30,206267.500,FFSU,2022
73070,8631034.97,73070010011,262014.81,22281,11,0100,INSULIN AS,3,XX,false,8893049.78,640973.590,MCOU,2022
73070,,73070010210,,,10,0102,INSULIN AS,3,XX,true,,,MCOU,2022
73070,261852.18,73070010215,21642.14,712,15,0102,INSULIN AS,3,XX,false,283494.32,15942.000,FFSU,2022
73070,920857.78,73070010215,29418.42,2757,15,0102,INSULIN AS,3,XX,false,950276.20,54792.000,MCOU,2022
73070,3184.55,73070010310,1.00,31,10,0103,INSULIN AS,3,XX,false,3185.55,160.000,FFSU,2022
73070,26711.93,73070010310,46.45,183,10,0103,INSULIN AS,3,XX,false,26758.38,1540.100,MCOU,2022
73070,5776686.39,73070010315,136855.59,17171,15,0103,INSULIN AS,3,XX,false,5913541.98,320121.000,FFSU,2022
73070,16060054.27,73070010315,140694.45,47862,15,0103,INSULIN AS,3,XX,false,16200748.72,903227.500,MCOU,2022
73070,147115.87,73070020011,139.00,439,11,0200,INSULIN AS,3,XX,false,147254.87,9791.400,FFSU,2022
73070,637878.99,73070020011,4408.67,1817,11,0200,INSULIN AS,3,XX,false,642287.66,44359.000,MCOU,2022
73070,4985.26,73070020310,0.00,15,10,0203,INSULIN AS,3,XX,false,4985.26,309.000,MCOU,2022
73070,739577.03,73070020315,3355.65,1764,15,0203,INSULIN AS,3,XX,false,742932.68,40404.000,FFSU,2022
73070,2491686.58,73070020315,8512.10,6270,15,0203,INSULIN AS,3,XX,false,2500198.68,140203.000,MCOU,2022
00002,3927366.61,00002773701,105495.16,22563,01,7737,INSULIN LI,2,XX,false,4032861.77,476349.200,FFSU,2022
00002,8977825.99,00002773701,118685.29,45527,01,7737,INSULIN LI,2,XX,false,9096511.28,1135399.800,MCOU,2022
00002,,00002775201,,,01,7752,INSULIN LI,2,XX,true,,,FFSU,2022
00002,2630.26,00002775201,0.00,19,01,7752,INSULIN LI,2,XX,false,2630.26,261.000,MCOU,2022
00002,495553.89,00002775205,10524.65,2469,05,7752,INSULIN LI,2,XX,false,506078.54,46662.000,FFSU,2022
00002,1326857.17,00002775205,14664.13,7894,05,7752,INSULIN LI,2,XX,false,1341521.30,128526.050,MCOU,2022
00002,6269.08,00002822201,1.50,120,01,8222,INSULIN LI,2,XX,false,6270.58,549.000,FFSU,2022
00002,9801.27,00002822201,226.02,205,01,8222,INSULIN LI,2,XX,false,10027.29,948.500,MCOU,2022
00002,6293119.91,00002822259,66527.80,33027,59,8222,INSULIN LI,2,XX,false,6359647.71,589065.100,FFSU,2022
00002,16118745.52,00002822259,147283.58,84854,59,8222,INSULIN LI,2,XX,false,16266029.10,1546338.690,MCOU,2022
00002,6430.30,00002823301,160.90,30,01,8233,INSULIN LI,2,XX,false,6591.20,651.000,MCOU,2022
00002,361094.73,00002823305,1294.90,1408,05,8233,INSULIN LI,2,XX,false,362389.63,34074.000,FFSU,2022
00002,1394412.19,00002823305,10078.88,5962,05,8233,INSULIN LI,2,XX,false,1404491.07,132225.250,MCOU,2022
00338,9143.72,00338012612,33.87,155,12,0126,Insulin in,2,XX,false,9177.59,12226.100,FFSU,2022
00338,81039.05,00338012612,9749.35,411,12,0126,Insulin in,2,XX,false,90788.40,29971.000,MCOU,2022
00955,41644.89,00955172805,352.01,218,05,1728,INSULIN GL,2,XX,false,41996.90,3432.000,FFSU,2022
00955,57140.05,00955172805,1191.59,377,05,1728,INSULIN GL,2,XX,false,58331.64,6183.000,MCOU,2022
00955,12193.74,00955172901,31.87,86,01,1729,INSULIN GL,2,XX,false,12225.61,1080.000,FFSU,2022
00955,12123.51,00955172901,0.00,99,01,1729,INSULIN GL,2,XX,false,12123.51,1227.750,MCOU,2022
49502,221001.00,49502039380,3004.50,1605,80,0393,Insulin Gl,2,XX,false,224005.50,20815.250,FFSU,2022
49502,566837.22,49502039380,24152.74,5456,80,0393,Insulin Gl,2,XX,false,590989.96,60100.300,MCOU,2022
49502,,49502039471,,,71,0394,Insulin Gl,2,XX,true,,,FFSU,2022
49502,13797.24,49502039471,154.95,152,71,0394,Insulin Gl,2,XX,false,13952.19,1813.600,MCOU,2022
49502,1176153.06,49502039475,9544.43,9357,75,0394,Insulin Gl,2,XX,false,1185697.49,113968.000,FFSU,2022
49502,8212911.32,49502039475,19850.91,59335,75,0394,Insulin Gl,2,XX,false,8232762.23,867997.350,MCOU,2022
66733,79895.64,66733077301,1154.05,467,01,0773,INSULIN LI,2,XX,false,81049.69,9502.000,FFSU,2022
66733,180876.61,66733077301,1298.18,906,01,0773,INSULIN LI,2,XX,false,182174.79,21868.100,MCOU,2022
66733,8023.48,66733082201,1.00,29,01,0822,INSULIN LI,2,XX,false,8024.48,492.000,FFSU,2022
66733,16983.03,66733082201,487.27,103,01,0822,INSULIN LI,2,XX,false,17470.30,1680.000,MCOU,2022
66733,82801.03,66733082259,538.97,492,59,0822,INSULIN LI,2,XX,false,83340.00,7574.000,FFSU,2022
66733,246725.50,66733082259,4910.09,1399,59,0822,INSULIN LI,2,XX,false,251635.59,24748.150,MCOU,2022
73070,2219063.31,73070010011,162919.98,6963,11,0100,INSULIN AS,2,XX,false,2381983.29,168037.250,FFSU,2022
73070,8247090.63,73070010011,259071.25,21687,11,0100,INSULIN AS,2,XX,false,8506161.88,606495.790,MCOU,2022
73070,,73070010210,,,10,0102,INSULIN AS,2,XX,true,,,MCOU,2022
73070,206250.45,73070010215,22103.25,559,15,0102,INSULIN AS,2,XX,false,228353.70,12561.000,FFSU,2022
73070,827566.81,73070010215,30828.40,2490,15,0102,INSULIN AS,2,XX,false,858395.21,49680.000,MCOU,2022
73070,11076.92,73070010310,0.00,85,10,0103,INSULIN AS,2,XX,false,11076.92,570.000,FFSU,2022
73070,25489.02,73070010310,27.80,169,10,0103,INSULIN AS,2,XX,false,25516.82,1719.000,MCOU,2022
73070,4888283.06,73070010315,140829.72,14449,15,0103,INSULIN AS,2,XX,false,5029112.78,272063.000,FFSU,2022
73070,15948981.19,73070010315,162722.37,47694,15,0103,INSULIN AS,2,XX,false,16111703.56,891560.650,MCOU,2022
73070,123841.16,73070020011,974.13,384,11,0200,INSULIN AS,2,XX,false,124815.29,8340.000,FFSU,2022
73070,577222.81,73070020011,429.35,1572,11,0200,INSULIN AS,2,XX,false,577652.16,39010.850,MCOU,2022
73070,5333.93,73070020310,0.00,14,10,0203,INSULIN AS,2,XX,false,5333.93,312.000,MCOU,2022
73070,560053.97,73070020315,6766.32,1341,15,0203,INSULIN AS,2,XX,false,566820.29,30735.000,FFSU,2022
73070,2339943.47,73070020315,3896.46,6003,15,0203,INSULIN AS,2,XX,false,2343839.93,130822.000,MCOU,2022
00002,3541019.81,00002773701,103343.31,18856,01,7737,INSULIN LI,1,XX,false,3644363.12,383271.100,FFSU,2022
00002,8707508.93,00002773701,111010.07,43996,01,7737,INSULIN LI,1,XX,false,8818519.00,1066984.600,MCOU,2022
00002,,00002775201,,,01,7752,INSULIN LI,1,XX,true,,,FFSU,2022
00002,2274.49,00002775201,0.00,20,01,7752,INSULIN LI,1,XX,false,2274.49,216.000,MCOU,2022
00002,428947.51,00002775205,7542.01,1932,05,7752,INSULIN LI,1,XX,false,436489.52,36378.000,FFSU,2022
00002,1170417.60,00002775205,11228.16,6856,05,7752,INSULIN LI,1,XX,false,1181645.76,111628.000,MCOU,2022
00002,4906.57,00002822201,428.97,73,01,8222,INSULIN LI,1,XX,false,5335.54,358.000,FFSU,2022
00002,10673.79,00002822201,220.10,210,01,8222,INSULIN LI,1,XX,false,10893.89,1011.200,MCOU,2022
00002,5527096.17,00002822259,55910.29,26316,59,8222,INSULIN LI,1,XX,false,5583006.46,466848.360,FFSU,2022
00002,15703595.46,00002822259,127306.12,81244,59,8222,INSULIN LI,1,XX,false,15830901.58,1485306.400,MCOU,2022
00002,,00002823301,,,01,8233,INSULIN LI,1,XX,true,,,FFSU,2022
00002,4719.56,00002823301,160.90,33,01,8233,INSULIN LI,1,XX,false,4880.46,471.000,MCOU,2022
00002,322736.71,00002823305,2265.06,1164,05,8233,INSULIN LI,1,XX,false,325001.77,27462.000,FFSU,2022
00002,1342960.66,00002823305,5252.89,5564,05,8233,INSULIN LI,1,XX,false,1348213.55,125169.050,MCOU,2022
00338,9394.08,00338012612,152.86,189,12,0126,Insulin in,1,XX,false,9546.94,14647.100,FFSU,2022
00338,68173.28,00338012612,25741.17,388,12,0126,Insulin in,1,XX,false,93914.45,27377.000,MCOU,2022
49502,125443.66,49502039380,974.70,1010,80,0393,Insulin Gl,1,XX,false,126418.36,11910.450,FFSU,2022
49502,338882.76,49502039380,19472.29,3249,80,0393,Insulin Gl,1,XX,false,358355.05,36390.550,MCOU,2022
49502,,49502039471,,,71,0394,Insulin Gl,1,XX,true,,,FFSU,2022
49502,6997.64,49502039471,0.00,73,71,0394,Insulin Gl,1,XX,false,6997.64,729.500,MCOU,2022
49502,837867.64,49502039475,4447.05,6425,75,0394,Insulin Gl,1,XX,false,842314.69,79556.000,FFSU,2022
49502,5591842.58,49502039475,21693.70,39864,75,0394,Insulin Gl,1,XX,false,5613536.28,584662.050,MCOU,2022
66733,72571.88,66733077301,457.74,394,01,0773,INSULIN LI,1,XX,false,73029.62,7860.150,FFSU,2022
66733,159788.80,66733077301,1675.12,818,01,0773,INSULIN LI,1,XX,false,161463.92,18536.100,MCOU,2022
66733,5584.18,66733082201,1.00,23,01,0822,INSULIN LI,1,XX,false,5585.18,309.000,FFSU,2022
66733,16339.19,66733082201,611.47,97,01,0822,INSULIN LI,1,XX,false,16950.66,1590.000,MCOU,2022
66733,83251.94,66733082259,132.86,416,59,0822,INSULIN LI,1,XX,false,83384.80,6735.350,FFSU,2022
66733,253982.92,66733082259,5527.22,1482,59,0822,INSULIN LI,1,XX,false,259510.14,23766.500,MCOU,2022
73070,1666417.58,73070010011,154136.65,5579,11,0100,INSULIN AS,1,XX,false,1820554.23,128940.100,FFSU,2022
73070,7681599.13,73070010011,231227.56,20737,11,0100,INSULIN AS,1,XX,false,7912826.69,567707.900,MCOU,2022
73070,,73070010210,,,10,0102,INSULIN AS,1,XX,true,,,FFSU,2022
73070,,73070010210,,,10,0102,INSULIN AS,1,XX,true,,,MCOU,2022
73070,160791.43,73070010215,27370.25,481,15,0102,INSULIN AS,1,XX,false,188161.68,10296.000,FFSU,2022
73070,728332.96,73070010215,25675.66,2209,15,0102,INSULIN AS,1,XX,false,754008.62,43650.000,MCOU,2022
73070,8517.75,73070010310,3.00,64,10,0103,INSULIN AS,1,XX,false,8520.75,453.000,FFSU,2022
73070,29967.26,73070010310,39.45,185,10,0103,INSULIN AS,1,XX,false,30006.71,2161.350,MCOU,2022
73070,3845977.82,73070010315,118019.82,11374,15,0103,INSULIN AS,1,XX,false,3963997.64,214212.300,FFSU,2022
73070,15184992.16,73070010315,158672.67,46121,15,0103,INSULIN AS,1,XX,false,15343664.83,857120.411,MCOU,2022
73070,86280.92,73070020011,242.63,279,11,0200,INSULIN AS,1,XX,false,86523.55,5770.000,FFSU,2022
73070,537654.12,73070020011,3050.89,1511,11,0200,INSULIN AS,1,XX,false,540705.01,37190.050,MCOU,2022
73070,,73070020310,,,10,0203,INSULIN AS,1,XX,true,,,FFSU,2022
73070,3223.66,73070020310,0.00,12,10,0203,INSULIN AS,1,XX,false,3223.66,231.000,MCOU,2022
73070,353506.70,73070020315,3694.37,807,15,0203,INSULIN AS,1,XX,false,357201.07,19371.000,FFSU,2022
73070,2231506.03,73070020315,19906.41,5807,15,0203,INSULIN AS,1,XX,false,2251412.44,125437.000,MCOU,2022
00169,9208785.28,00169255013,253978.89,9832,13,2550,TRESIBA FL,4,XX,false,9462764.17,144690.600,FFSU,2023
00169,9153632.35,00169255013,262931.75,10796,13,2550,TRESIBA FL,4,XX,false,9416564.10,146538.000,MCOU,2023
00169,7378291.45,00169266015,351269.97,13694,15,2660,TRESIBA FL,4,XX,false,7729561.42,233875.100,FFSU,2023
00169,7424733.19,00169266015,378381.45,14371,15,2660,TRESIBA FL,4,XX,false,7803114.64,239838.750,MCOU,2023
00169,217398.23,00169266211,16678.24,453,11,2662,TRESIBA VI,4,XX,false,234076.47,7124.000,FFSU,2023
00169,255422.30,00169266211,17438.67,563,11,2662,TRESIBA VI,4,XX,false,272860.97,8531.000,MCOU,2023
00169,10450379.76,00169255013,331774.99,11028,13,2550,TRESIBA FL,3,XX,false,10782154.75,165292.000,FFSU,2023
00169,10531484.01,00169255013,343982.27,12641,13,2550,TRESIBA FL,3,XX,false,10875466.28,167633.000,MCOU,2023
00169,8116076.98,00169266015,394792.46,15109,15,2660,TRESIBA FL,3,XX,false,8510869.44,257665.000,FFSU,2023
00169,8266017.25,00169266015,432473.56,16331,15,2660,TRESIBA FL,3,XX,false,8698490.81,268239.150,MCOU,2023
00169,232955.70,00169266211,21295.25,480,11,2662,TRESIBA VI,3,XX,false,254250.95,7708.000,FFSU,2023
00169,243006.58,00169266211,16963.25,561,11,2662,TRESIBA VI,3,XX,false,259969.83,8140.000,MCOU,2023
00169,10176977.51,00169255013,376415.64,11066,13,2550,TRESIBA FL,2,XX,false,10553393.15,161731.000,FFSU,2023
00169,11803398.02,00169255013,405752.49,14155,13,2550,TRESIBA FL,2,XX,false,12209150.51,189522.000,MCOU,2023
00169,7534252.43,00169266015,418886.45,14414,15,2660,TRESIBA FL,2,XX,false,7953138.88,241026.000,FFSU,2023
00169,8919880.68,00169266015,487142.59,17702,15,2660,TRESIBA FL,2,XX,false,9407023.27,291155.750,MCOU,2023
00169,240939.19,00169266211,28698.15,474,11,2662,TRESIBA VI,2,XX,false,269637.34,8155.000,FFSU,2023
00169,279056.53,00169266211,32645.28,643,11,2662,TRESIBA VI,2,XX,false,311701.81,9513.200,MCOU,2023
00169,10208046.09,00169255013,397345.84,10800,13,2550,TRESIBA FL,1,XX,false,10605391.93,162803.000,FFSU,2023
00169,13506869.77,00169255013,466611.70,16255,13,2550,TRESIBA FL,1,XX,false,13973481.47,218340.000,MCOU,2023
00169,7013421.12,00169266015,438145.80,13555,15,2660,TRESIBA FL,1,XX,false,7451566.92,225758.000,FFSU,2023
00169,10121054.93,00169266015,504955.51,20043,15,2660,TRESIBA FL,1,XX,false,10626010.44,325817.950,MCOU,2023
00169,276008.55,00169266211,23597.24,519,11,2662,TRESIBA VI,1,XX,false,299605.79,8740.000,FFSU,2023
00169,304351.56,00169266211,60624.45,758,11,2662,TRESIBA VI,1,XX,false,364976.01,10077.450,MCOU,2023
00024,,00024586901,,,01,5869,TOUJEO SOL,4,XX,true,,,MCOU,2023
00024,3078809.52,00024586903,139712.51,4738,03,5869,TOUJEO SOL,4,XX,false,3218522.03,36489.250,FFSU,2023
00024,4011653.08,00024586903,242060.58,6896,03,5869,TOUJEO SOL,4,XX,false,4253713.66,48171.000,MCOU,2023
00024,,00024587100,,,00,5871,TOUJEO MAX,4,XX,true,,,FFSU,2023
00024,,00024587100,,,00,5871,TOUJEO MAX,4,XX,true,,,MCOU,2023
00024,4628061.28,00024587102,177047.12,4791,02,5871,TOUJEO MAX,4,XX,false,4805108.40,54774.500,FFSU,2023
00024,6560082.38,00024587102,283590.00,7567,02,5871,TOUJEO MAX,4,XX,false,6843672.38,78286.000,MCOU,2023
00024,,00024586901,,,01,5869,TOUJEO SOL,3,XX,true,,,MCOU,2023
00024,3491501.64,00024586903,172062.81,5409,03,5869,TOUJEO SOL,3,XX,false,3663564.45,41508.500,FFSU,2023
00024,4380316.25,00024586903,251414.00,7537,03,5869,TOUJEO SOL,3,XX,false,4631730.25,52767.500,MCOU,2023
00024,,00024587100,,,00,5871,TOUJEO MAX,3,XX,true,,,FFSU,2023
00024,,00024587100,,,00,5871,TOUJEO MAX,3,XX,true,,,MCOU,2023
00024,5121404.48,00024587102,227481.72,5318,02,5871,TOUJEO MAX,3,XX,false,5348886.20,61059.000,FFSU,2023
00024,6905033.90,00024587102,351209.39,7987,02,5871,TOUJEO MAX,3,XX,false,7256243.29,82278.000,MCOU,2023
00024,,00024586901,,,01,5869,TOUJEO SOL,2,XX,true,,,FFSU,2023
00024,,00024586901,,,01,5869,TOUJEO SOL,2,XX,true,,,MCOU,2023
00024,3274290.88,00024586903,191480.42,5218,03,5869,TOUJEO SOL,2,XX,false,3465771.30,39313.000,FFSU,2023
00024,4547891.59,00024586903,282333.61,7828,03,5869,TOUJEO SOL,2,XX,false,4830225.20,54885.750,MCOU,2023
00024,,00024587100,,,00,5871,TOUJEO MAX,2,XX,true,,,FFSU,2023
00024,,00024587100,,,00,5871,TOUJEO MAX,2,XX,true,,,MCOU,2023
00024,4605164.77,00024587102,267985.82,4911,02,5871,TOUJEO MAX,2,XX,false,4873150.59,55849.500,FFSU,2023
00024,7038459.25,00024587102,349069.38,8071,02,5871,TOUJEO MAX,2,XX,false,7387528.63,83694.000,MCOU,2023
00024,,00024586901,,,01,5869,TOUJEO SOL,1,XX,true,,,FFSU,2023
00024,,00024586901,,,01,5869,TOUJEO SOL,1,XX,true,,,MCOU,2023
00024,3386046.19,00024586903,206561.25,5446,03,5869,TOUJEO SOL,1,XX,false,3592607.44,41460.800,FFSU,2023
00024,4588963.10,00024586903,295848.70,7958,03,5869,TOUJEO SOL,1,XX,false,4884811.80,56113.617,MCOU,2023
00024,,00024587100,,,00,5871,TOUJEO MAX,1,XX,true,,,FFSU,2023
00024,8307.61,00024587100,0.00,14,00,5871,TOUJEO MAX,1,XX,false,8307.61,93.000,MCOU,2023
00024,4313288.08,00024587102,312153.11,4721,02,5871,TOUJEO MAX,1,XX,false,4625441.19,53679.000,FFSU,2023
00024,6690480.02,00024587102,364497.39,7718,02,5871,TOUJEO MAX,1,XX,false,7054977.41,80457.000,MCOU,2023
00088,3603.93,00088221901,25.00,31,01,2219,LANTUS 3ML,4,XX,false,3628.93,128.100,FFSU,2023
00088,19964.69,00088221901,3137.35,280,01,2219,LANTUS 3ML,4,XX,false,23102.04,1007.550,MCOU,2023
00088,81641927.77,00088221905,1623710.19,176426,05,2219,LANTUS 3ML,4,XX,false,83265637.96,2933733.876,FFSU,2023
00088,126456998.43,00088221905,2032936.84,268166,05,2219,LANTUS 3ML,4,XX,false,128489935.27,4554129.900,MCOU,2023
00088,15168071.79,00088222033,235198.03,34826,33,2220,LANTUS 10M,4,XX,false,15403269.82,543110.265,FFSU,2023
00088,27164977.82,00088222033,325291.53,68101,33,2220,LANTUS 10M,4,XX,false,27490269.35,933438.576,MCOU,2023
00088,,00088502001,,,01,5020,LANTUS SOL,4,XX,true,,,FFSU,2023
00088,,00088502001,,,01,5020,LANTUS SOL,4,XX,true,,,MCOU,2023
00088,24646.33,00088502005,4.00,68,05,5020,LANTUS SOL,4,XX,false,24650.33,939.000,FFSU,2023
00088,20534.96,00088502005,477.45,90,05,5020,LANTUS SOL,4,XX,false,21012.41,751.020,MCOU,2023
00088,12394.59,00088502101,0.00,40,01,5021,LANTUS NOV,4,XX,false,12394.59,441.200,FFSU,2023
00088,55628.68,00088502101,8548.70,199,01,5021,LANTUS NOV,4,XX,false,64177.38,1911.710,MCOU,2023
00088,10679.78,00088221901,139.63,107,01,2219,LANTUS 3ML,3,XX,false,10819.41,555.050,FFSU,2023
00088,36447.36,00088221901,374.97,226,01,2219,LANTUS 3ML,3,XX,false,36822.33,1080.250,MCOU,2023
00088,88354489.41,00088221905,1988987.63,189470,05,2219,LANTUS 3ML,3,XX,false,90343477.04,3180704.847,FFSU,2023
00088,131405611.71,00088221905,2310594.21,281289,05,2219,LANTUS 3ML,3,XX,false,133716205.92,4728942.861,MCOU,2023
00088,17931737.41,00088222033,314003.97,39558,33,2220,LANTUS 10M,3,XX,false,18245741.38,644892.420,FFSU,2023
00088,30469217.86,00088222033,483320.20,75285,33,2220,LANTUS 10M,3,XX,false,30952538.06,1038853.150,MCOU,2023
00088,,00088222052,,,52,2220,LANTUS 10M,3,XX,true,,,FFSU,2023
00088,,00088222060,,,60,2220,LANTUS 10M,3,XX,true,,,FFSU,2023
00088,,00088502001,,,01,5020,LANTUS SOL,3,XX,true,,,FFSU,2023
00088,3793.53,00088502001,0.00,12,01,5020,LANTUS SOL,3,XX,false,3793.53,142.000,MCOU,2023
00088,40658.98,00088502005,1.00,112,05,5020,LANTUS SOL,3,XX,false,40659.98,1504.050,FFSU,2023
00088,37115.22,00088502005,1689.69,160,05,5020,LANTUS SOL,3,XX,false,38804.91,1531.400,MCOU,2023
00088,16370.95,00088502101,7.00,74,01,5021,LANTUS NOV,3,XX,false,16377.95,573.720,FFSU,2023
00088,62216.66,00088502101,3516.03,229,01,5021,LANTUS NOV,3,XX,false,65732.69,1842.960,MCOU,2023
00088,15071.31,00088221901,48.08,134,01,2219,LANTUS 3ML,2,XX,false,15119.39,528.200,FFSU,2023
00088,37269.52,00088221901,2014.70,238,01,2219,LANTUS 3ML,2,XX,false,39284.22,990.950,MCOU,2023
00088,82728821.30,00088221905,2114698.73,176774,05,2219,LANTUS 3ML,2,XX,false,84843520.03,2984702.879,FFSU,2023
00088,133630994.41,00088221905,2244758.03,282831,05,2219,LANTUS 3ML,2,XX,false,135875752.44,4802751.200,MCOU,2023
00088,18045095.84,00088222033,379358.48,39332,33,2220,LANTUS 10M,2,XX,false,18424454.32,652436.160,FFSU,2023
00088,32203254.68,00088222033,538898.45,80808,33,2220,LANTUS 10M,2,XX,false,32742153.13,1121494.179,MCOU,2023
00088,,00088502001,,,01,5020,LANTUS SOL,2,XX,true,,,FFSU,2023
00088,,00088502001,,,01,5020,LANTUS SOL,2,XX,true,,,MCOU,2023
00088,31965.92,00088502005,1909.31,80,05,5020,LANTUS SOL,2,XX,false,33875.23,1224.000,FFSU,2023
00088,67485.16,00088502005,10211.25,232,05,5020,LANTUS SOL,2,XX,false,77696.41,2937.860,MCOU,2023
00088,17076.91,00088502101,5.00,66,01,5021,LANTUS NOV,2,XX,false,17081.91,593.850,FFSU,2023
00088,47987.31,00088502101,7415.22,214,01,5021,LANTUS NOV,2,XX,false,55402.53,1743.450,MCOU,2023
00088,15709.30,00088221901,339.84,137,01,2219,LANTUS 3ML,1,XX,false,16049.14,622.000,FFSU,2023
00088,47063.74,00088221901,13769.47,349,01,2219,LANTUS 3ML,1,XX,false,60833.21,1569.350,MCOU,2023
00088,82361104.83,00088221905,2085073.54,174479,05,2219,LANTUS 3ML,1,XX,false,84446178.37,2967660.273,FFSU,2023
00088,159045932.10,00088221905,2595902.26,333994,05,2219,LANTUS 3ML,1,XX,false,161641834.36,5720524.350,MCOU,2023
00088,20630420.62,00088222033,373354.55,44632,33,2220,LANTUS 10M,1,XX,false,21003775.17,751406.085,FFSU,2023
00088,35242589.76,00088222033,699876.35,87383,33,2220,LANTUS 10M,1,XX,false,35942466.11,1231685.230,MCOU,2023
00088,,00088502001,,,01,5020,LANTUS SOL,1,XX,true,,,FFSU,2023
00088,,00088502001,,,01,5020,LANTUS SOL,1,XX,true,,,MCOU,2023
00088,31669.56,00088502005,1203.91,69,05,5020,LANTUS SOL,1,XX,false,32873.47,1170.000,FFSU,2023
00088,76469.11,00088502005,5770.46,219,05,5020,LANTUS SOL,1,XX,false,82239.57,3034.480,MCOU,2023
00088,24898.57,00088502101,2.00,102,01,5021,LANTUS NOV,1,XX,false,24900.57,858.110,FFSU,2023
00088,53963.12,00088502101,2791.34,233,01,5021,LANTUS NOV,1,XX,false,56754.46,4960.890,MCOU,2023
00002,156462.18,00002771501,501.59,527,01,7715,BASAGLAR  ,4,XX,false,156963.77,7071.000,FFSU,2023
00002,57146.15,00002771501,1302.49,205,01,7715,BASAGLAR  ,4,XX,false,58448.64,3006.000,MCOU,2023
00002,29000668.32,00002771559,400573.41,78032,59,7715,BASAGLAR  ,4,XX,false,29401241.73,1366490.161,FFSU,2023
00002,22712056.44,00002771559,691902.62,63798,59,7715,BASAGLAR  ,4,XX,false,23403959.06,1115319.550,MCOU,2023
00002,352416.67,00002821405,296.27,812,05,8214,BASAGLAR T,4,XX,false,352712.94,16473.000,FFSU,2023
00002,36179.23,00002821405,1273.32,97,05,8214,BASAGLAR T,4,XX,false,37452.55,1764.000,MCOU,2023
00002,179306.29,00002771501,190.77,508,01,7715,BASAGLAR  ,3,XX,false,179497.06,8043.000,FFSU,2023
00002,68337.66,00002771501,672.79,255,01,7715,BASAGLAR  ,3,XX,false,69010.45,3596.050,MCOU,2023
00002,36043130.24,00002771559,486761.44,95402,59,7715,BASAGLAR  ,3,XX,false,36529891.68,1698508.350,FFSU,2023
00002,29389789.78,00002771559,711729.59,81650,59,7715,BASAGLAR  ,3,XX,false,30101519.37,1444919.150,MCOU,2023
00002,318123.37,00002821405,156.46,744,05,8214,BASAGLAR T,3,XX,false,318279.83,14858.000,FFSU,2023
00002,32600.48,00002821405,625.88,87,05,8214,BASAGLAR T,3,XX,false,33226.36,1602.000,MCOU,2023
00002,160539.60,00002771501,289.12,541,01,7715,BASAGLAR  ,2,XX,false,160828.72,7311.050,FFSU,2023
00002,87462.30,00002771501,1933.76,287,01,7715,BASAGLAR  ,2,XX,false,89396.06,4215.000,MCOU,2023
00002,32992741.24,00002771559,499215.85,92489,59,7715,BASAGLAR  ,2,XX,false,33491957.09,1565524.450,FFSU,2023
00002,32473742.05,00002771559,794373.20,91214,59,7715,BASAGLAR  ,2,XX,false,33268115.25,1606135.645,MCOU,2023
00002,134670.04,00002821405,442.06,327,05,8214,BASAGLAR T,2,XX,false,135112.10,6302.000,FFSU,2023
00002,24246.37,00002821405,0.00,66,05,8214,BASAGLAR T,2,XX,false,24246.37,1233.000,MCOU,2023
00002,116577.65,00002771501,108.79,416,01,7715,BASAGLAR  ,1,XX,false,116686.44,5130.000,FFSU,2023
00002,198050.97,00002771501,1505.57,775,01,7715,BASAGLAR  ,1,XX,false,199556.54,9667.200,MCOU,2023
00002,29866962.28,00002771559,459108.86,79399,59,7715,BASAGLAR  ,1,XX,false,30326071.14,1405787.100,FFSU,2023
00002,51551938.49,00002771559,863551.79,155068,59,7715,BASAGLAR  ,1,XX,false,52415490.28,2473009.550,MCOU,2023
00002,35209.09,00002821405,0.00,85,05,8214,BASAGLAR T,1,XX,false,35209.09,1617.000,FFSU,2023
00002,11314.60,00002821405,149.46,24,05,8214,BASAGLAR T,1,XX,false,11464.06,474.000,MCOU,2023
49502,,49502019580,,,80,0195,Semglee In,4,XX,true,,,FFSU,2023
49502,,49502019580,,,80,0195,Semglee In,4,XX,true,,,MCOU,2023
49502,1651.40,49502019675,0.00,13,75,0196,Semglee In,4,XX,false,1651.40,165.000,MCOU,2023
49502,224121.39,49502025080,28257.50,634,80,0250,Semglee In,4,XX,false,252378.89,9430.200,FFSU,2023
49502,135509.10,49502025080,15926.84,488,80,0250,Semglee In,4,XX,false,151435.94,6030.500,MCOU,2023
49502,,49502025171,,,71,0251,Semglee In,4,XX,true,,,FFSU,2023
49502,6554.66,49502025171,0.00,14,71,0251,Semglee In,4,XX,false,6554.66,253.900,MCOU,2023
49502,2163476.31,49502025175,223888.68,5261,75,0251,Semglee In,4,XX,false,2387364.99,90475.800,FFSU,2023
49502,1746693.81,49502025175,163656.85,5084,75,0251,Semglee In,4,XX,false,1910350.66,80065.000,MCOU,2023
83257,,83257001233,,,33,0012,Semglee In,4,XX,true,,,FFSU,2023
83257,2701.25,83257001233,284.20,16,33,0012,Semglee In,4,XX,false,2985.45,243.000,MCOU,2023
49502,158.17,49502019580,0.00,11,80,0195,Semglee In,3,XX,false,158.17,1.800,FFSU,2023
49502,175.90,49502019580,1405.64,70,80,0195,Semglee In,3,XX,false,1581.54,46.700,MCOU,2023
49502,2533.19,49502019675,0.00,25,75,0196,Semglee In,3,XX,false,2533.19,397.000,MCOU,2023
49502,293878.65,49502025080,26237.17,768,80,0250,Semglee In,3,XX,false,320115.82,11965.200,FFSU,2023
49502,130301.64,49502025080,16116.05,523,80,0250,Semglee In,3,XX,false,146417.69,5844.000,MCOU,2023
49502,,49502025171,,,71,0251,Semglee In,3,XX,true,,,FFSU,2023
49502,,49502025171,,,71,0251,Semglee In,3,XX,true,,,MCOU,2023
49502,2394550.21,49502025175,285270.71,5879,75,0251,Semglee In,3,XX,false,2679820.92,101496.600,FFSU,2023
49502,1851421.50,49502025175,203461.96,5295,75,0251,Semglee In,3,XX,false,2054883.46,84982.000,MCOU,2023
49502,235.06,49502019580,9.02,14,80,0195,Semglee In,2,XX,false,244.08,204.200,FFSU,2023
49502,247.80,49502019580,25165.67,66,80,0195,Semglee In,2,XX,false,25413.47,32.000,MCOU,2023
49502,,49502019671,,,71,0196,Semglee In,2,XX,true,,,MCOU,2023
49502,,49502019675,,,75,0196,Semglee In,2,XX,true,,,FFSU,2023
49502,3720.60,49502019675,6.00,28,75,0196,Semglee In,2,XX,false,3726.60,409.050,MCOU,2023
49502,176133.09,49502025080,32904.63,525,80,0250,Semglee In,2,XX,false,209037.72,7772.000,FFSU,2023
49502,157370.40,49502025080,26214.45,559,80,0250,Semglee In,2,XX,false,183584.85,7066.900,MCOU,2023
49502,,49502025171,,,71,0251,Semglee In,2,XX,true,,,FFSU,2023
49502,,49502025171,,,71,0251,Semglee In,2,XX,true,,,MCOU,2023
49502,1770124.43,49502025175,266911.74,4556,75,0251,Semglee In,2,XX,false,2037036.17,77289.800,FFSU,2023
49502,1857320.16,49502025175,247656.61,5354,75,0251,Semglee In,2,XX,false,2104976.77,88125.500,MCOU,2023
49502,,49502019580,,,80,0195,Semglee In,1,XX,true,,,FFSU,2023
49502,576.59,49502019580,13164.99,100,80,0195,Semglee In,1,XX,false,13741.58,88.400,MCOU,2023
49502,,49502019671,,,71,0196,Semglee In,1,XX,true,,,MCOU,2023
49502,3470.82,49502019675,0.00,31,75,0196,Semglee In,1,XX,false,3470.82,303.000,FFSU,2023
49502,11221.24,49502019675,0.00,77,75,0196,Semglee In,1,XX,false,11221.24,1257.500,MCOU,2023
49502,83338.34,49502025080,38456.76,306,80,0250,Semglee In,1,XX,false,121795.10,4403.000,FFSU,2023
49502,114596.32,49502025080,18634.28,379,80,0250,Semglee In,1,XX,false,133230.60,6472.700,MCOU,2023
49502,,49502025171,,,71,0251,Semglee In,1,XX,true,,,MCOU,2023
49502,930561.23,49502025175,264727.76,2776,75,0251,Semglee In,1,XX,false,1195288.99,45876.000,FFSU,2023
49502,1143439.33,49502025175,144906.86,3622,75,0251,Semglee In,1,XX,false,1288346.19,60372.000,MCOU,2023
00002,922.49,00002898005,112.66,11,05,8980,REZVOGLAR ,4,XX,false,1035.15,156.000,FFSU,2023
00002,124156.49,00002898005,343.37,1158,05,8980,REZVOGLAR ,4,XX,false,124499.86,19821.000,MCOU,2023
00002,,00002898005,,,05,8980,REZVOGLAR ,3,XX,true,,,FFSU,2023
00002,48418.03,00002898005,69.40,432,05,8980,REZVOGLAR ,3,XX,false,48487.43,7905.000,MCOU,2023
00002,,00002898005,,,05,8980,REZVOGLAR ,2,XX,true,,,FFSU,2023
00002,1300.18,00002898005,0.00,17,05,8980,REZVOGLAR ,2,XX,false,1300.18,213.000,MCOU,2023
00169,4491733.50,00169368712,73878.90,9090,12,3687,LEVEMIR 10,4,XX,false,4565612.40,153143.810,FFSU,2023
00169,4646286.37,00169368712,93835.20,9835,12,3687,LEVEMIR 10,4,XX,false,4740121.57,160252.160,MCOU,2023
00169,20004583.13,00169643210,601346.30,37867,10,6432,LEVEMIR FL,4,XX,false,20605929.43,686547.200,FFSU,2023
00169,25612357.88,00169643210,693296.47,48884,10,6432,LEVEMIR FL,4,XX,false,26305654.35,884153.550,MCOU,2023
00169,,00169643255,,,55,6432,LEVEMIR FL,4,XX,true,,,FFSU,2023
00169,,00169643255,,,55,6432,LEVEMIR FL,4,XX,true,,,MCOU,2023
00169,262573.91,00169643810,8614.92,962,10,6438,LEVEMIR FL,4,XX,false,271188.83,14386.150,FFSU,2023
00169,346382.81,00169643810,28866.96,748,10,6438,LEVEMIR FL,4,XX,false,375249.77,12154.500,MCOU,2023
00169,5124231.13,00169368712,104008.50,10396,12,3687,LEVEMIR 10,3,XX,false,5228239.63,175067.110,FFSU,2023
00169,5435317.47,00169368712,141135.33,11451,12,3687,LEVEMIR 10,3,XX,false,5576452.80,187568.070,MCOU,2023
00169,21124124.77,00169643210,713809.86,40165,10,6432,LEVEMIR FL,3,XX,false,21837934.63,727566.000,FFSU,2023
00169,29792094.57,00169643210,898871.96,56822,10,6432,LEVEMIR FL,3,XX,false,30690966.53,1034783.550,MCOU,2023
00169,,00169643255,,,55,6432,LEVEMIR FL,3,XX,true,,,FFSU,2023
00169,2037.33,00169643255,63.02,17,55,6432,LEVEMIR FL,3,XX,false,2100.35,51.000,MCOU,2023
00169,508302.92,00169643810,14488.36,1570,10,6438,LEVEMIR FL,3,XX,false,522791.28,24746.200,FFSU,2023
00169,493297.84,00169643810,36866.91,1169,10,6438,LEVEMIR FL,3,XX,false,530164.75,17433.450,MCOU,2023
00169,,00169643910,,,10,6439,Levemir Fl,3,XX,true,,,MCOU,2023
00169,5378930.50,00169368712,114639.14,10906,12,3687,LEVEMIR 10,2,XX,false,5493569.64,183934.150,FFSU,2023
00169,6133107.94,00169368712,177958.86,12946,12,3687,LEVEMIR 10,2,XX,false,6311066.80,212769.830,MCOU,2023
00169,19275797.82,00169643210,808119.89,36269,10,6432,LEVEMIR FL,2,XX,false,20083917.71,662577.000,FFSU,2023
00169,30370614.57,00169643210,937034.94,57346,10,6432,LEVEMIR FL,2,XX,false,31307649.51,1053833.700,MCOU,2023
00169,,00169643255,,,55,6432,LEVEMIR FL,2,XX,true,,,FFSU,2023
00169,,00169643255,,,55,6432,LEVEMIR FL,2,XX,true,,,MCOU,2023
00169,1664083.31,00169643810,46837.73,3527,10,6438,LEVEMIR FL,2,XX,false,1710921.04,56427.350,FFSU,2023
00169,1325878.73,00169643810,69360.65,2824,10,6438,LEVEMIR FL,2,XX,false,1395239.38,45982.150,MCOU,2023
00169,5847223.10,00169368712,164101.17,11890,12,3687,LEVEMIR 10,1,XX,false,6011324.27,198728.480,FFSU,2023
00169,7355192.53,00169368712,246223.19,15040,12,3687,LEVEMIR 10,1,XX,false,7601415.72,251130.145,MCOU,2023
00169,6125360.44,00169643210,211899.01,10428,10,6432,LEVEMIR FL,1,XX,false,6337259.45,206364.000,FFSU,2023
00169,12824350.18,00169643210,379303.77,22871,10,6432,LEVEMIR FL,1,XX,false,13203653.95,436939.100,MCOU,2023
00169,,00169643255,,,55,6432,LEVEMIR FL,1,XX,true,,,MCOU,2023
00169,12973791.08,00169643810,476308.92,26211,10,6438,LEVEMIR FL,1,XX,false,13450100.00,446407.794,FFSU,2023
00169,17775302.37,00169643810,699044.40,35488,10,6438,LEVEMIR FL,1,XX,false,18474346.77,609492.700,MCOU,2023
00002,2005282.94,00002773701,57390.48,29451,01,7737,INSULIN LI,4,XX,false,2062673.42,732356.550,FFSU,2023
00002,3212398.47,00002773701,43793.62,53051,01,7737,INSULIN LI,4,XX,false,3256192.09,1299371.569,MCOU,2023
00002,,00002775201,,,01,7752,INSULIN LI,4,XX,true,,,FFSU,2023
00002,875.75,00002775201,3.00,17,01,7752,INSULIN LI,4,XX,false,878.75,95.000,MCOU,2023
00002,1011367.00,00002775205,15141.48,5039,05,7752,INSULIN LI,4,XX,false,1026508.48,95151.000,FFSU,2023
00002,1514756.89,00002775205,17822.13,8750,05,7752,INSULIN LI,4,XX,false,1532579.02,150082.000,MCOU,2023
00002,1678.61,00002822201,0.00,29,01,8222,INSULIN LI,4,XX,false,1678.61,142.020,FFSU,2023
00002,10713.71,00002822201,166.60,115,01,8222,INSULIN LI,4,XX,false,10880.31,1216.350,MCOU,2023
00002,10919526.66,00002822259,82070.65,61455,59,8222,INSULIN LI,4,XX,false,11001597.31,1019767.750,FFSU,2023
00002,16801438.97,00002822259,122422.11,87673,59,8222,INSULIN LI,4,XX,false,16923861.08,1648788.000,MCOU,2023
00002,2413.57,00002823301,0.00,12,01,8233,INSULIN LI,4,XX,false,2413.57,237.000,MCOU,2023
00002,446005.82,00002823305,3146.13,1787,05,8233,INSULIN LI,4,XX,false,449151.95,42192.000,FFSU,2023
00002,996006.02,00002823305,9906.23,4378,05,8233,INSULIN LI,4,XX,false,1005912.25,97731.000,MCOU,2023
00338,9980.14,00338012612,132.48,161,12,0126,Insulin in,4,XX,false,10112.62,13746.000,FFSU,2023
00338,94899.00,00338012612,9633.11,574,12,0126,Insulin in,4,XX,false,104532.11,36281.000,MCOU,2023
00955,1596.38,00955172801,4.00,11,01,1728,INSULIN GL,4,XX,false,1600.38,135.000,FFSU,2023
00955,16996.20,00955172801,128.39,131,01,1728,INSULIN GL,4,XX,false,17124.59,2429.000,MCOU,2023
00955,8087817.08,00955172805,16652.63,45146,05,1728,INSULIN GL,4,XX,false,8104469.71,702471.000,FFSU,2023
00955,6502554.83,00955172805,20671.08,38021,05,1728,INSULIN GL,4,XX,false,6523225.91,600320.600,MCOU,2023
00955,638413.66,00955172901,5370.38,4341,01,1729,INSULIN GL,4,XX,false,643784.04,54786.750,FFSU,2023
00955,1190535.48,00955172901,30481.63,7635,01,1729,INSULIN GL,4,XX,false,1221017.11,103773.290,MCOU,2023
49502,1012214.38,49502039380,23269.67,5940,80,0393,Insulin Gl,4,XX,false,1035484.05,106465.860,FFSU,2023
49502,784810.76,49502039380,90380.55,7564,80,0393,Insulin Gl,4,XX,false,875191.31,92173.807,MCOU,2023
49502,,49502039471,,,71,0394,Insulin Gl,4,XX,true,,,FFSU,2023
49502,28212.62,49502039471,40.17,231,71,0394,Insulin Gl,4,XX,false,28252.79,2687.650,MCOU,2023
49502,4319469.96,49502039475,59357.43,27212,75,0394,Insulin Gl,4,XX,false,4378827.39,429897.600,FFSU,2023
49502,8549438.68,49502039475,35041.51,58196,75,0394,Insulin Gl,4,XX,false,8584480.19,902355.200,MCOU,2023
66733,2315.02,66733077301,0.00,48,01,0773,INSULIN LI,4,XX,false,2315.02,1170.550,MCOU,2023
66733,,66733082259,,,59,0822,INSULIN LI,4,XX,true,,,FFSU,2023
66733,8152.33,66733082259,0.00,36,59,0822,INSULIN LI,4,XX,false,8152.33,771.000,MCOU,2023
73070,4567573.87,73070010011,153342.20,11783,11,0100,INSULIN AS,4,XX,false,4720916.07,331716.700,FFSU,2023
73070,9034425.20,73070010011,292956.38,23812,11,0100,INSULIN AS,4,XX,false,9327381.58,688991.940,MCOU,2023
73070,328001.16,73070010215,13496.93,844,15,0102,INSULIN AS,4,XX,false,341498.09,19101.000,FFSU,2023
73070,918090.42,73070010215,38472.63,2772,15,0102,INSULIN AS,4,XX,false,956563.05,56112.000,MCOU,2023
73070,6044.48,73070010310,4.00,40,10,0103,INSULIN AS,4,XX,false,6048.48,318.000,FFSU,2023
73070,17888.80,73070010310,44.00,182,10,0103,INSULIN AS,4,XX,false,17932.80,1223.000,MCOU,2023
73070,8848610.18,73070010315,151502.26,27022,15,0103,INSULIN AS,4,XX,false,9000112.44,484292.400,FFSU,2023
73070,15390682.57,73070010315,157380.20,47439,15,0103,INSULIN AS,4,XX,false,15548062.77,881463.188,MCOU,2023
73070,158177.35,73070020011,235.18,496,11,0200,INSULIN AS,4,XX,false,158412.53,10621.000,FFSU,2023
73070,444278.43,73070020011,207.00,1309,11,0200,INSULIN AS,4,XX,false,444485.43,30980.000,MCOU,2023
73070,,73070020310,,,10,0203,INSULIN AS,4,XX,true,,,MCOU,2023
73070,592901.16,73070020315,12552.57,3774,15,0203,INSULIN AS,4,XX,false,605453.73,86146.000,FFSU,2023
73070,1903668.22,73070020315,3448.59,4935,15,0203,INSULIN AS,4,XX,false,1907116.81,108733.000,MCOU,2023
73070,11843.66,73070040011,74.50,56,11,0400,INSULIN DE,4,XX,false,11918.16,965.000,FFSU,2023
73070,28318.81,73070040011,506.45,160,11,0400,INSULIN DE,4,XX,false,28825.26,2546.500,MCOU,2023
73070,393182.46,73070040315,5499.99,1933,15,0403,INSULIN DE,4,XX,false,398682.45,31425.000,FFSU,2023
73070,612686.16,73070040315,3628.78,3429,15,0403,INSULIN DE,4,XX,false,616314.94,53875.000,MCOU,2023
73070,409899.64,73070050315,5349.50,1332,15,0503,INSULIN DE,4,XX,false,415249.14,17310.000,FFSU,2023
73070,830131.89,73070050315,3280.81,2823,15,0503,INSULIN DE,4,XX,false,833412.70,36732.000,MCOU,2023
83257,,83257001411,,,11,0014,Insulin Gl,4,XX,true,,,FFSU,2023
83257,40663.57,83257001411,13615.00,404,11,0014,Insulin Gl,4,XX,false,54278.57,5393.550,MCOU,2023
83257,,83257001531,,,31,0015,Insulin Gl,4,XX,true,,,MCOU,2023
83257,,83257001532,,,32,0015,Insulin Gl,4,XX,true,,,FFSU,2023
83257,28255.51,83257001532,9.00,223,32,0015,Insulin Gl,4,XX,false,28264.51,3057.000,MCOU,2023
00002,2170824.95,00002773701,47782.11,31867,01,7737,INSULIN LI,3,XX,false,2218607.06,787941.700,FFSU,2023
00002,2821497.39,00002773701,41117.71,46830,01,7737,INSULIN LI,3,XX,false,2862615.10,1155414.460,MCOU,2023
00002,1363.80,00002775201,0.00,14,01,7752,INSULIN LI,3,XX,false,1363.80,149.000,MCOU,2023
00002,1081030.55,00002775205,16303.54,5359,05,7752,INSULIN LI,3,XX,false,1097334.09,101295.000,FFSU,2023
00002,1581729.28,00002775205,19017.41,9227,05,7752,INSULIN LI,3,XX,false,1600746.69,154866.000,MCOU,2023
00002,5198.72,00002822201,0.00,83,01,8222,INSULIN LI,3,XX,false,5198.72,393.410,FFSU,2023
00002,15914.20,00002822201,166.60,139,01,8222,INSULIN LI,3,XX,false,16080.80,1439.350,MCOU,2023
00002,11683115.45,00002822259,76277.96,64773,59,8222,INSULIN LI,3,XX,false,11759393.41,1090944.900,FFSU,2023
00002,15986475.98,00002822259,126134.49,84832,59,8222,INSULIN LI,3,XX,false,16112610.47,1555875.400,MCOU,2023
00002,,00002823301,,,01,8233,INSULIN LI,3,XX,true,,,FFSU,2023
00002,3995.09,00002823301,13239.09,18,01,8233,INSULIN LI,3,XX,false,17234.18,393.000,MCOU,2023
00002,488339.87,00002823305,4245.65,1931,05,8233,INSULIN LI,3,XX,false,492585.52,46173.000,FFSU,2023
00002,1118267.08,00002823305,11093.50,4923,05,8233,INSULIN LI,3,XX,false,1129360.58,109532.000,MCOU,2023
00338,11957.23,00338012612,81.42,204,12,0126,Insulin in,3,XX,false,12038.65,17206.000,FFSU,2023
00338,130995.22,00338012612,40931.84,491,12,0126,Insulin in,3,XX,false,171927.06,34801.000,MCOU,2023
00955,1250.35,00955172801,3.00,15,01,1728,INSULIN GL,3,XX,false,1253.35,110.000,FFSU,2023
00955,30587.05,00955172801,0.00,174,01,1728,INSULIN GL,3,XX,false,30587.05,2828.000,MCOU,2023
00955,9318660.57,00955172805,18657.15,52071,05,1728,INSULIN GL,3,XX,false,9337317.72,808144.600,FFSU,2023
00955,6976258.73,00955172805,23870.77,39502,05,1728,INSULIN GL,3,XX,false,7000129.50,677824.000,MCOU,2023
00955,914004.05,00955172901,3959.95,5834,01,1729,INSULIN GL,3,XX,false,917964.00,77758.750,FFSU,2023
00955,1118171.89,00955172901,3579.06,7086,01,1729,INSULIN GL,3,XX,false,1121750.95,97405.030,MCOU,2023
49502,1008937.50,49502039380,19124.43,6082,80,0393,Insulin Gl,3,XX,false,1028061.93,103473.900,FFSU,2023
49502,1009401.69,49502039380,36180.22,9466,80,0393,Insulin Gl,3,XX,false,1045581.91,116697.385,MCOU,2023
49502,,49502039471,,,71,0394,Insulin Gl,3,XX,true,,,FFSU,2023
49502,30730.86,49502039471,3.00,234,71,0394,Insulin Gl,3,XX,false,30733.86,3967.300,MCOU,2023
49502,4613642.25,49502039475,61650.94,29418,75,0394,Insulin Gl,3,XX,false,4675293.19,459151.500,FFSU,2023
49502,9775558.93,49502039475,42176.42,66795,75,0394,Insulin Gl,3,XX,false,9817735.35,1023944.900,MCOU,2023
66733,,66733077301,,,01,0773,INSULIN LI,3,XX,true,,,FFSU,2023
66733,1275.08,66733077301,7.71,26,01,0773,INSULIN LI,3,XX,false,1282.79,645.150,MCOU,2023
66733,,66733082259,,,59,0822,INSULIN LI,3,XX,true,,,FFSU,2023
66733,6879.41,66733082259,751.26,75,59,0822,INSULIN LI,3,XX,false,7630.67,2241.000,MCOU,2023
73070,4558245.46,73070010011,196272.63,11928,11,0100,INSULIN AS,3,XX,false,4754518.09,334044.350,FFSU,2023
73070,9819893.02,73070010011,332305.87,25312,11,0100,INSULIN AS,3,XX,false,10152198.89,736528.440,MCOU,2023
73070,,73070010210,,,10,0102,INSULIN AS,3,XX,true,,,MCOU,2023
73070,358421.88,73070010215,20311.95,913,15,0102,INSULIN AS,3,XX,false,378733.83,21096.000,FFSU,2023
73070,973353.64,73070010215,38302.51,2924,15,0102,INSULIN AS,3,XX,false,1011656.15,58962.000,MCOU,2023
73070,5241.75,73070010310,246.67,31,10,0103,INSULIN AS,3,XX,false,5488.42,291.050,FFSU,2023
73070,19429.11,73070010310,42.94,126,10,0103,INSULIN AS,3,XX,false,19472.05,1152.000,MCOU,2023
73070,8912898.02,73070010315,185074.30,27142,15,0103,INSULIN AS,3,XX,false,9097972.32,489810.000,FFSU,2023
73070,16351996.61,73070010315,172345.38,49842,15,0103,INSULIN AS,3,XX,false,16524341.99,928267.100,MCOU,2023
73070,205657.32,73070020011,917.80,618,11,0200,INSULIN AS,3,XX,false,206575.12,13754.000,FFSU,2023
73070,479246.86,73070020011,859.18,1396,11,0200,INSULIN AS,3,XX,false,480106.04,33581.520,MCOU,2023
73070,,73070020310,,,10,0203,INSULIN AS,3,XX,true,,,FFSU,2023
73070,,73070020310,,,10,0203,INSULIN AS,3,XX,true,,,MCOU,2023
73070,1730410.53,73070020315,9551.16,4131,15,0203,INSULIN AS,3,XX,false,1739961.69,94413.000,FFSU,2023
73070,2114209.73,73070020315,19065.30,5370,15,0203,INSULIN AS,3,XX,false,2133275.03,119689.000,MCOU,2023
73070,11672.06,73070040011,490.48,62,11,0400,INSULIN DE,3,XX,false,12162.54,970.000,FFSU,2023
73070,20282.20,73070040011,0.00,107,11,0400,INSULIN DE,3,XX,false,20282.20,1770.000,MCOU,2023
73070,368786.34,73070040315,4615.58,1875,15,0403,INSULIN DE,3,XX,false,373401.92,29361.000,FFSU,2023
73070,475593.69,73070040315,3090.87,2666,15,0403,INSULIN DE,3,XX,false,478684.56,41640.000,MCOU,2023
73070,348087.53,73070050315,6564.67,1157,15,0503,INSULIN DE,3,XX,false,354652.20,14679.000,FFSU,2023
73070,675388.74,73070050315,6715.28,2268,15,0503,INSULIN DE,3,XX,false,682104.02,29985.000,MCOU,2023
00002,3483022.66,00002773701,82113.34,26057,01,7737,INSULIN LI,2,XX,false,3565136.00,624527.200,FFSU,2023
00002,5822948.78,00002773701,83161.17,50537,01,7737,INSULIN LI,2,XX,false,5906109.95,1308135.350,MCOU,2023
00002,,00002775201,,,01,7752,INSULIN LI,2,XX,true,,,FFSU,2023
00002,,00002775201,,,01,7752,INSULIN LI,2,XX,true,,,MCOU,2023
00002,851781.29,00002775205,15955.50,4398,05,7752,INSULIN LI,2,XX,false,867736.79,80331.000,FFSU,2023
00002,1560833.89,00002775205,16411.50,9129,05,7752,INSULIN LI,2,XX,false,1577245.39,154932.000,MCOU,2023
00002,6039.67,00002822201,0.00,98,01,8222,INSULIN LI,2,XX,false,6039.67,493.000,FFSU,2023
00002,16734.80,00002822201,0.00,200,01,8222,INSULIN LI,2,XX,false,16734.80,1447.200,MCOU,2023
00002,9305431.83,00002822259,86811.21,51888,59,8222,INSULIN LI,2,XX,false,9392243.04,871119.738,FFSU,2023
00002,16621921.69,00002822259,138004.33,89915,59,8222,INSULIN LI,2,XX,false,16759926.02,1678225.300,MCOU,2023
00002,,00002823301,,,01,8233,INSULIN LI,2,XX,true,,,FFSU,2023
00002,3804.87,00002823301,0.00,13,01,8233,INSULIN LI,2,XX,false,3804.87,375.000,MCOU,2023
00002,484076.82,00002823305,469.84,1978,05,8233,INSULIN LI,2,XX,false,484546.66,45525.100,FFSU,2023
00002,1291222.38,00002823305,10551.96,5622,05,8233,INSULIN LI,2,XX,false,1301774.34,125828.150,MCOU,2023
00338,9840.77,00338012612,3.80,150,12,0126,Insulin in,2,XX,false,9844.57,13268.000,FFSU,2023
00338,65543.13,00338012612,8210.80,482,12,0126,Insulin in,2,XX,false,73753.93,34600.000,MCOU,2023
00955,,00955172801,,,01,1728,INSULIN GL,2,XX,true,,,FFSU,2023
00955,24053.95,00955172801,0.00,118,01,1728,INSULIN GL,2,XX,false,24053.95,2166.000,MCOU,2023
00955,5940193.58,00955172805,16033.33,34000,05,1728,INSULIN GL,2,XX,false,5956226.91,515739.600,FFSU,2023
00955,5549712.70,00955172805,17588.53,31068,05,1728,INSULIN GL,2,XX,false,5567301.23,546388.000,MCOU,2023
00955,377008.65,00955172901,4122.80,2589,01,1729,INSULIN GL,2,XX,false,381131.45,31968.000,FFSU,2023
00955,923400.80,00955172901,3688.13,5937,01,1729,INSULIN GL,2,XX,false,927088.93,82856.950,MCOU,2023
49502,496907.05,49502039380,3797.52,3488,80,0393,Insulin Gl,2,XX,false,500704.57,46604.710,FFSU,2023
49502,957369.66,49502039380,56667.72,8688,80,0393,Insulin Gl,2,XX,false,1014037.38,101288.820,MCOU,2023
49502,,49502039471,,,71,0394,Insulin Gl,2,XX,true,,,FFSU,2023
49502,35901.33,49502039471,21.00,232,71,0394,Insulin Gl,2,XX,false,35922.33,2755.050,MCOU,2023
49502,4875788.71,49502039475,32770.70,32199,75,0394,Insulin Gl,2,XX,false,4908559.41,479571.000,FFSU,2023
49502,10304888.22,49502039475,39842.67,71158,75,0394,Insulin Gl,2,XX,false,10344730.89,1095519.800,MCOU,2023
66733,3095.47,66733077301,405.74,20,01,0773,INSULIN LI,2,XX,false,3501.21,562.000,FFSU,2023
66733,5081.52,66733077301,210.64,60,01,0773,INSULIN LI,2,XX,false,5292.16,1570.170,MCOU,2023
66733,,66733082201,,,01,0822,INSULIN LI,2,XX,true,,,FFSU,2023
66733,,66733082201,,,01,0822,INSULIN LI,2,XX,true,,,MCOU,2023
66733,3747.79,66733082259,131.11,28,59,0822,INSULIN LI,2,XX,false,3878.90,345.050,FFSU,2023
66733,20369.60,66733082259,754.26,141,59,0822,INSULIN LI,2,XX,false,21123.86,3243.000,MCOU,2023
73070,3822495.49,73070010011,180552.61,10259,11,0100,INSULIN AS,2,XX,false,4003048.10,281435.650,FFSU,2023
73070,9365562.70,73070010011,310409.91,24130,11,0100,INSULIN AS,2,XX,false,9675972.61,703743.970,MCOU,2023
73070,,73070010210,,,10,0102,INSULIN AS,2,XX,true,,,MCOU,2023
73070,326069.39,73070010215,18872.70,889,15,0102,INSULIN AS,2,XX,false,344942.09,19281.000,FFSU,2023
73070,1013633.21,73070010215,35949.79,2977,15,0102,INSULIN AS,2,XX,false,1049583.00,61551.000,MCOU,2023
73070,4246.04,73070010310,468.98,33,10,0103,INSULIN AS,2,XX,false,4715.02,249.000,FFSU,2023
73070,18005.19,73070010310,0.00,124,10,0103,INSULIN AS,2,XX,false,18005.19,1029.000,MCOU,2023
73070,7489308.59,73070010315,147298.68,22396,15,0103,INSULIN AS,2,XX,false,7636607.27,413102.000,FFSU,2023
73070,16960318.75,73070010315,158276.95,51050,15,0103,INSULIN AS,2,XX,false,17118595.70,963418.050,MCOU,2023
73070,205942.06,73070020011,2004.15,634,11,0200,INSULIN AS,2,XX,false,207946.21,13776.000,FFSU,2023
73070,513325.37,73070020011,615.98,1510,11,0200,INSULIN AS,2,XX,false,513941.35,35850.000,MCOU,2023
73070,,73070020310,,,10,0203,INSULIN AS,2,XX,true,,,MCOU,2023
73070,1564520.37,73070020315,9932.72,3847,15,0203,INSULIN AS,2,XX,false,1574453.09,85276.000,FFSU,2023
73070,2078916.47,73070020315,7828.84,5371,15,0203,INSULIN AS,2,XX,false,2086745.31,118560.000,MCOU,2023
73070,8666.22,73070040011,15.30,42,11,0400,INSULIN DE,2,XX,false,8681.52,710.000,FFSU,2023
73070,16272.65,73070040011,188.88,99,11,0400,INSULIN DE,2,XX,false,16461.53,1420.000,MCOU,2023
73070,333304.58,73070040315,3460.63,1727,15,0403,INSULIN DE,2,XX,false,336765.21,26602.000,FFSU,2023
73070,343858.99,73070040315,3060.84,1901,15,0403,INSULIN DE,2,XX,false,346919.83,30382.100,MCOU,2023
73070,301417.16,73070050315,3725.56,1034,15,0503,INSULIN DE,2,XX,false,305142.72,12737.000,FFSU,2023
73070,426020.25,73070050315,2982.92,1522,15,0503,INSULIN DE,2,XX,false,429003.17,19041.000,MCOU,2023
00002,4346697.05,00002773701,108054.89,24019,01,7737,INSULIN LI,1,XX,false,4454751.94,534074.200,FFSU,2023
00002,10249191.26,00002773701,143804.37,50687,01,7737,INSULIN LI,1,XX,false,10392995.63,1311995.700,MCOU,2023
00002,,00002775201,,,01,7752,INSULIN LI,1,XX,true,,,FFSU,2023
00002,2939.21,00002775201,0.00,24,01,7752,INSULIN LI,1,XX,false,2939.21,294.000,MCOU,2023
00002,737897.35,00002775205,15230.69,3850,05,7752,INSULIN LI,1,XX,false,753128.04,70104.000,FFSU,2023
00002,1865479.55,00002775205,20593.59,10915,05,7752,INSULIN LI,1,XX,false,1886073.14,181474.000,MCOU,2023
00002,5975.67,00002822201,1.00,104,01,8222,INSULIN LI,1,XX,false,5976.67,546.400,FFSU,2023
00002,31296.00,00002822201,172.06,317,01,8222,INSULIN LI,1,XX,false,31468.06,2019.150,MCOU,2023
00002,7311881.79,00002822259,81210.23,40787,59,8222,INSULIN LI,1,XX,false,7393092.02,686210.000,FFSU,2023
00002,17482889.28,00002822259,135419.94,91675,59,8222,INSULIN LI,1,XX,false,17618309.22,1752452.700,MCOU,2023
00002,,00002823301,,,01,8233,INSULIN LI,1,XX,true,,,FFSU,2023
00002,4091.54,00002823301,0.00,19,01,8233,INSULIN LI,1,XX,false,4091.54,402.000,MCOU,2023
00002,380654.16,00002823305,1379.28,1513,05,8233,INSULIN LI,1,XX,false,382033.44,36051.000,FFSU,2023
00002,1408429.01,00002823305,15148.40,6211,05,8233,INSULIN LI,1,XX,false,1423577.41,136287.000,MCOU,2023
00338,12549.48,00338012612,467.70,199,12,0126,Insulin in,1,XX,false,13017.18,17730.000,FFSU,2023
00338,92478.92,00338012612,2890.76,517,12,0126,Insulin in,1,XX,false,95369.68,32450.000,MCOU,2023
00955,10742.30,00955172801,0.00,55,01,1728,INSULIN GL,1,XX,false,10742.30,950.000,MCOU,2023
00955,2258135.68,00955172805,8202.75,12919,05,1728,INSULIN GL,1,XX,false,2266338.43,195301.000,FFSU,2023
00955,3949676.45,00955172805,17470.09,23752,05,1728,INSULIN GL,1,XX,false,3967146.54,366611.000,MCOU,2023
00955,590760.19,00955172901,4367.49,3763,01,1729,INSULIN GL,1,XX,false,595127.68,50329.150,FFSU,2023
00955,553275.08,00955172901,5844.33,3815,01,1729,INSULIN GL,1,XX,false,559119.41,52444.000,MCOU,2023
49502,310633.17,49502039380,4473.06,2183,80,0393,Insulin Gl,1,XX,false,315106.23,28533.620,FFSU,2023
49502,942259.28,49502039380,22685.17,8619,80,0393,Insulin Gl,1,XX,false,964944.45,104372.300,MCOU,2023
49502,,49502039471,,,71,0394,Insulin Gl,1,XX,true,,,FFSU,2023
49502,40877.36,49502039471,9.00,242,71,0394,Insulin Gl,1,XX,false,40886.36,2478.650,MCOU,2023
49502,1721807.33,49502039475,26509.91,12263,75,0394,Insulin Gl,1,XX,false,1748317.24,168220.050,FFSU,2023
49502,13901452.81,49502039475,45229.96,98960,75,0394,Insulin Gl,1,XX,false,13946682.77,1486828.350,MCOU,2023
66733,7910.36,66733077301,210.87,48,01,0773,INSULIN LI,1,XX,false,8121.23,960.000,FFSU,2023
66733,22693.72,66733077301,401.35,118,01,0773,INSULIN LI,1,XX,false,23095.07,3090.000,MCOU,2023
66733,,66733082201,,,01,0822,INSULIN LI,1,XX,true,,,FFSU,2023
66733,,66733082201,,,01,0822,INSULIN LI,1,XX,true,,,MCOU,2023
66733,3879.01,66733082259,1.00,20,59,0822,INSULIN LI,1,XX,false,3880.01,357.000,FFSU,2023
66733,16170.65,66733082259,1.70,147,59,0822,INSULIN LI,1,XX,false,16172.35,3054.000,MCOU,2023
73070,3222140.28,73070010011,218283.34,9124,11,0100,INSULIN AS,1,XX,false,3440423.62,241868.590,FFSU,2023
73070,9457465.08,73070010011,307850.66,24362,11,0100,INSULIN AS,1,XX,false,9765315.74,708860.526,MCOU,2023
73070,,73070010210,,,10,0102,INSULIN AS,1,XX,true,,,FFSU,2023
73070,,73070010210,,,10,0102,INSULIN AS,1,XX,true,,,MCOU,2023
73070,281172.75,73070010215,21454.01,771,15,0102,INSULIN AS,1,XX,false,302626.76,16716.000,FFSU,2023
73070,1056130.90,73070010215,27812.86,3025,15,0102,INSULIN AS,1,XX,false,1083943.76,63180.000,MCOU,2023
73070,2907.07,73070010310,834.46,25,10,0103,INSULIN AS,1,XX,false,3741.53,204.000,FFSU,2023
73070,22291.48,73070010310,0.00,170,10,0103,INSULIN AS,1,XX,false,22291.48,1269.100,MCOU,2023
73070,6181645.57,73070010315,159957.12,18942,15,0103,INSULIN AS,1,XX,false,6341602.69,341862.000,FFSU,2023
73070,17062567.51,73070010315,174778.56,51449,15,0103,INSULIN AS,1,XX,false,17237346.07,968085.750,MCOU,2023
73070,157493.64,73070020011,2978.14,463,11,0200,INSULIN AS,1,XX,false,160471.78,10604.000,FFSU,2023
73070,599137.36,73070020011,1044.25,1774,11,0200,INSULIN AS,1,XX,false,600181.61,41965.200,MCOU,2023
73070,5747.03,73070020310,0.00,21,10,0203,INSULIN AS,1,XX,false,5747.03,369.000,MCOU,2023
73070,797720.81,73070020315,15174.94,1980,15,0203,INSULIN AS,1,XX,false,812895.75,44083.000,FFSU,2023
73070,2667032.73,73070020315,8787.22,6987,15,0203,INSULIN AS,1,XX,false,2675819.95,151091.000,MCOU,2023
73070,5167.56,73070040011,60.20,29,11,0400,INSULIN DE,1,XX,false,5227.76,410.000,FFSU,2023
73070,12244.76,73070040011,130.81,63,11,0400,INSULIN DE,1,XX,false,12375.57,1056.000,MCOU,2023
73070,188268.34,73070040315,3495.43,957,15,0403,INSULIN DE,1,XX,false,191763.77,14841.000,FFSU,2023
73070,352311.49,73070040315,2411.91,2106,15,0403,INSULIN DE,1,XX,false,354723.40,31305.000,MCOU,2023
73070,109375.23,73070050315,1293.22,331,15,0503,INSULIN DE,1,XX,false,110668.45,4587.000,FFSU,2023
73070,436926.36,73070050315,1761.97,1544,15,0503,INSULIN DE,1,XX,false,438688.33,19041.000,MCOU,2023
00169,8789100.03,00169255013,223137.32,9369,13,2550,TRESIBA FL,4,XX,false,9012237.35,137490.000,FFSU,2024
00169,7615219.62,00169255013,298291.40,8970,13,2550,TRESIBA FL,4,XX,false,7913511.02,123248.000,MCOU,2024
00169,8021249.07,00169266015,379809.35,14594,15,2660,TRESIBA FL,4,XX,false,8401058.42,254262.400,FFSU,2024
00169,6472000.56,00169266015,436814.15,13227,15,2660,TRESIBA FL,4,XX,false,6908814.71,214984.650,MCOU,2024
00169,132927.47,00169266211,13752.76,278,11,2662,TRESIBA VI,4,XX,false,146680.23,4446.000,FFSU,2024
00169,122188.36,00169266211,31392.88,286,11,2662,TRESIBA VI,4,XX,false,153581.24,3960.900,MCOU,2024
00169,9225152.57,00169255013,268304.14,10091,13,2550,TRESIBA FL,3,XX,false,9493456.71,145028.050,FFSU,2024
00169,8084763.29,00169255013,330674.46,9492,13,2550,TRESIBA FL,3,XX,false,8415437.75,130488.025,MCOU,2024
00169,8469568.70,00169266015,454522.04,15742,15,2660,TRESIBA FL,3,XX,false,8924090.74,270721.000,FFSU,2024
00169,6876867.35,00169266015,459793.14,13895,15,2660,TRESIBA FL,3,XX,false,7336660.49,229112.000,MCOU,2024
00169,259254.14,00169266211,31686.07,545,11,2662,TRESIBA VI,3,XX,false,290940.21,8864.000,FFSU,2024
00169,225198.42,00169266211,20473.79,512,11,2662,TRESIBA VI,3,XX,false,245672.21,7800.000,MCOU,2024
00169,8650866.28,00169255013,306031.67,9356,13,2550,TRESIBA FL,2,XX,false,8956897.95,137364.000,FFSU,2024
00169,8645303.28,00169255013,448093.38,10153,13,2550,TRESIBA FL,2,XX,false,9093396.66,139527.000,MCOU,2024
00169,7537093.31,00169266015,402029.38,14137,15,2660,TRESIBA FL,2,XX,false,7939122.69,241534.000,FFSU,2024
00169,7144860.07,00169266015,562527.29,14229,15,2660,TRESIBA FL,2,XX,false,7707387.36,236763.650,MCOU,2024
00169,236142.66,00169266211,37412.88,527,11,2662,TRESIBA VI,2,XX,false,273555.54,8298.000,FFSU,2024
00169,244351.62,00169266211,20086.82,559,11,2662,TRESIBA VI,2,XX,false,264438.44,8374.750,MCOU,2024
00169,8867414.64,00169255013,357371.75,9636,13,2550,TRESIBA FL,1,XX,false,9224786.39,141011.000,FFSU,2024
00169,9339995.11,00169255013,328391.35,10868,13,2550,TRESIBA FL,1,XX,false,9668386.46,150070.500,MCOU,2024
00169,7699859.03,00169266015,441026.69,14483,15,2660,TRESIBA FL,1,XX,false,8140885.72,247844.000,FFSU,2024
00169,7320675.41,00169266015,488615.20,14649,15,2660,TRESIBA FL,1,XX,false,7809290.61,242623.600,MCOU,2024
00169,249411.10,00169266211,25155.17,524,11,2662,TRESIBA VI,1,XX,false,274566.27,8444.000,FFSU,2024
00169,234570.91,00169266211,15775.72,535,11,2662,TRESIBA VI,1,XX,false,250346.63,7746.100,MCOU,2024
00024,,00024586901,,,01,5869,TOUJEO SOL,4,XX,true,,,FFSU,2024
00024,,00024586901,,,01,5869,TOUJEO SOL,4,XX,true,,,MCOU,2024
00024,3031038.98,00024586903,104672.96,4681,03,5869,TOUJEO SOL,4,XX,false,3135711.94,34525.500,FFSU,2024
00024,4268295.00,00024586903,188540.94,7402,03,5869,TOUJEO SOL,4,XX,false,4456835.94,48918.750,MCOU,2024
00024,,00024587100,,,00,5871,TOUJEO MAX,4,XX,true,,,FFSU,2024
00024,,00024587100,,,00,5871,TOUJEO MAX,4,XX,true,,,MCOU,2024
00024,4772130.42,00024587102,143008.19,4987,02,5871,TOUJEO MAX,4,XX,false,4915138.61,54229.500,FFSU,2024
00024,6936122.70,00024587102,218286.08,7869,02,5871,TOUJEO MAX,4,XX,false,7154408.78,77121.000,MCOU,2024
00024,,00024586901,,,01,5869,TOUJEO SOL,3,XX,true,,,FFSU,2024
00024,,00024586901,,,01,5869,TOUJEO SOL,3,XX,true,,,MCOU,2024
00024,3155379.60,00024586903,115939.04,4963,03,5869,TOUJEO SOL,3,XX,false,3271318.64,36080.267,FFSU,2024
00024,4316519.87,00024586903,211669.97,7582,03,5869,TOUJEO SOL,3,XX,false,4528189.84,49749.000,MCOU,2024
00024,,00024587100,,,00,5871,TOUJEO MAX,3,XX,true,,,MCOU,2024
00024,5121041.15,00024587102,138511.73,5290,02,5871,TOUJEO MAX,3,XX,false,5259552.88,58285.500,FFSU,2024
00024,7275718.14,00024587102,207354.15,8104,02,5871,TOUJEO MAX,3,XX,false,7483072.29,81787.000,MCOU,2024
00024,,00024586901,,,01,5869,TOUJEO SOL,2,XX,true,,,MCOU,2024
00024,3101226.25,00024586903,120053.26,4812,03,5869,TOUJEO SOL,2,XX,false,3221279.51,35675.017,FFSU,2024
00024,4370189.43,00024586903,221127.47,7453,03,5869,TOUJEO SOL,2,XX,false,4591316.90,50332.500,MCOU,2024
00024,,00024587100,,,00,5871,TOUJEO MAX,2,XX,true,,,MCOU,2024
00024,4757790.99,00024587102,149884.62,4862,02,5871,TOUJEO MAX,2,XX,false,4907675.61,54462.500,FFSU,2024
00024,7004696.73,00024587102,232616.26,7853,02,5871,TOUJEO MAX,2,XX,false,7237312.99,79884.500,MCOU,2024
00024,,00024586901,,,01,5869,TOUJEO SOL,1,XX,true,,,FFSU,2024
00024,,00024586901,,,01,5869,TOUJEO SOL,1,XX,true,,,MCOU,2024
00024,3215939.27,00024586903,152182.28,5014,03,5869,TOUJEO SOL,1,XX,false,3368121.55,37232.250,FFSU,2024
00024,4445941.81,00024586903,224571.32,7657,03,5869,TOUJEO SOL,1,XX,false,4670513.13,52206.000,MCOU,2024
00024,,00024587100,,,00,5871,TOUJEO MAX,1,XX,true,,,MCOU,2024
00024,4747374.91,00024587102,183975.06,4921,02,5871,TOUJEO MAX,1,XX,false,4931349.97,54977.000,FFSU,2024
00024,7075739.83,00024587102,208584.76,7941,02,5871,TOUJEO MAX,1,XX,false,7284324.59,81036.000,MCOU,2024
00088,2625.82,00088221901,0.00,35,01,2219,LANTUS 3ML,4,XX,false,2625.82,194.500,FFSU,2024
00088,11016.75,00088221901,21494.80,344,01,2219,LANTUS 3ML,4,XX,false,32511.55,2451.300,MCOU,2024
00088,24112662.10,00088221905,332917.93,221326,05,2219,LANTUS 3ML,4,XX,false,24445580.03,3539584.916,FFSU,2024
00088,36704772.82,00088221905,437879.64,350957,05,2219,LANTUS 3ML,4,XX,false,37142652.46,5841866.760,MCOU,2024
00088,3432859.60,00088222033,41483.66,33191,33,2220,LANTUS 10M,4,XX,false,3474343.26,501776.120,FFSU,2024
00088,6375780.96,00088222033,115420.28,74595,33,2220,LANTUS 10M,4,XX,false,6491201.24,995810.120,MCOU,2024
00088,,00088502005,,,05,5020,LANTUS SOL,4,XX,true,,,MCOU,2024
00088,,00088502101,,,01,5021,LANTUS NOV,4,XX,true,,,FFSU,2024
00088,143.90,00088502101,1593.08,24,01,5021,LANTUS NOV,4,XX,false,1736.98,76.150,MCOU,2024
00088,2228.88,00088221901,493.44,43,01,2219,LANTUS 3ML,3,XX,false,2722.32,195.700,FFSU,2024
00088,9615.38,00088221901,8276.74,302,01,2219,LANTUS 3ML,3,XX,false,17892.12,1544.300,MCOU,2024
00088,24195873.22,00088221905,327403.22,223139,05,2219,LANTUS 3ML,3,XX,false,24523276.44,3586113.296,FFSU,2024
00088,35968876.94,00088221905,532938.10,342935,05,2219,LANTUS 3ML,3,XX,false,36501815.04,5714302.940,MCOU,2024
00088,3962776.29,00088222033,41630.47,38019,33,2220,LANTUS 10M,3,XX,false,4004406.76,574227.635,FFSU,2024
00088,6522602.02,00088222033,504356.13,75470,33,2220,LANTUS 10M,3,XX,false,7026958.15,1013185.449,MCOU,2024
00088,,00088502001,,,01,5020,LANTUS SOL,3,XX,true,,,FFSU,2024
00088,,00088502005,,,05,5020,LANTUS SOL,3,XX,true,,,FFSU,2024
00088,763.11,00088502005,0.00,26,05,5020,LANTUS SOL,3,XX,false,763.11,759.000,MCOU,2024
00088,,00088502101,,,01,5021,LANTUS NOV,3,XX,true,,,FFSU,2024
00088,1130.21,00088502101,2409.93,28,01,5021,LANTUS NOV,3,XX,false,3540.14,133.710,MCOU,2024
00088,3361.96,00088221901,205.64,53,01,2219,LANTUS 3ML,2,XX,false,3567.60,185.000,FFSU,2024
00088,15667.66,00088221901,601.38,276,01,2219,LANTUS 3ML,2,XX,false,16269.04,1829.251,MCOU,2024
00088,22443566.30,00088221905,331847.19,205639,05,2219,LANTUS 3ML,2,XX,false,22775413.49,3333911.474,FFSU,2024
00088,34648281.61,00088221905,734782.28,326128,05,2219,LANTUS 3ML,2,XX,false,35383063.89,5515438.660,MCOU,2024
00088,3702753.74,00088222033,43348.19,35908,33,2220,LANTUS 10M,2,XX,false,3746101.93,541449.295,FFSU,2024
00088,6509228.02,00088222033,164917.42,72107,33,2220,LANTUS 10M,2,XX,false,6674145.44,982351.893,MCOU,2024
00088,,00088502001,,,01,5020,LANTUS SOL,2,XX,true,,,FFSU,2024
00088,,00088502001,,,01,5020,LANTUS SOL,2,XX,true,,,MCOU,2024
00088,809.20,00088502005,0.00,11,05,5020,LANTUS SOL,2,XX,false,809.20,36.000,FFSU,2024
00088,1965.48,00088502005,0.00,17,05,5020,LANTUS SOL,2,XX,false,1965.48,222.000,MCOU,2024
00088,1127.89,00088502101,0.00,21,01,5021,LANTUS NOV,2,XX,false,1127.89,144.700,FFSU,2024
00088,62010.33,00088502101,25258.57,205,01,5021,LANTUS NOV,2,XX,false,87268.90,2189.700,MCOU,2024
00088,4161.24,00088221901,54.42,58,01,2219,LANTUS 3ML,1,XX,false,4215.66,356.000,FFSU,2024
00088,8970.81,00088221901,20587.13,275,01,2219,LANTUS 3ML,1,XX,false,29557.94,1387.750,MCOU,2024
00088,31643549.68,00088221905,510219.74,200828,05,2219,LANTUS 3ML,1,XX,false,32153769.42,3283269.653,FFSU,2024
00088,33835776.81,00088221905,451338.64,312902,05,2219,LANTUS 3ML,1,XX,false,34287115.45,5263025.011,MCOU,2024
00088,6155205.79,00088222033,69819.90,37892,33,2220,LANTUS 10M,1,XX,false,6225025.69,585200.955,FFSU,2024
00088,6680938.03,00088222033,156349.89,70164,33,2220,LANTUS 10M,1,XX,false,6837287.92,955238.657,MCOU,2024
00088,1696.95,00088502005,0.00,15,05,5020,LANTUS SOL,1,XX,false,1696.95,67.000,FFSU,2024
00088,928.29,00088502005,0.00,12,05,5020,LANTUS SOL,1,XX,false,928.29,210.000,MCOU,2024
00088,3794.70,00088502101,11.08,40,01,5021,LANTUS NOV,1,XX,false,3805.78,221.310,FFSU,2024
00088,70866.38,00088502101,658.00,237,01,5021,LANTUS NOV,1,XX,false,71524.38,2375.570,MCOU,2024
00002,98448.49,00002771501,2000.14,346,01,7715,BASAGLAR  ,4,XX,false,100448.63,4681.100,FFSU,2024
00002,51827.20,00002771501,934.97,201,01,7715,BASAGLAR  ,4,XX,false,52762.17,2622.000,MCOU,2024
00002,26194305.69,00002771559,220450.22,70454,59,7715,BASAGLAR  ,4,XX,false,26414755.91,1249713.100,FFSU,2024
00002,15511418.33,00002771559,391023.50,45602,59,7715,BASAGLAR  ,4,XX,false,15902441.83,737817.360,MCOU,2024
00002,,00002821401,,,01,8214,BASAGLAR T,4,XX,true,,,MCOU,2024
00002,104872.82,00002821405,298.35,273,05,8214,BASAGLAR T,4,XX,false,105171.17,4884.000,FFSU,2024
00002,109733.43,00002821405,2615.35,384,05,8214,BASAGLAR T,4,XX,false,112348.78,5181.000,MCOU,2024
00002,125699.43,00002771501,1552.50,453,01,7715,BASAGLAR  ,3,XX,false,127251.93,5967.000,FFSU,2024
00002,65417.79,00002771501,74.00,234,01,7715,BASAGLAR  ,3,XX,false,65491.79,3242.300,MCOU,2024
00002,31356061.33,00002771559,242524.50,84773,59,7715,BASAGLAR  ,3,XX,false,31598585.83,1496960.200,FFSU,2024
00002,16526255.62,00002771559,388394.73,48039,59,7715,BASAGLAR  ,3,XX,false,16914650.35,813522.000,MCOU,2024
00002,163056.67,00002821405,555.03,389,05,8214,BASAGLAR T,3,XX,false,163611.70,7629.000,FFSU,2024
00002,86207.35,00002821405,2278.40,278,05,8214,BASAGLAR T,3,XX,false,88485.75,4056.000,MCOU,2024
00002,109061.20,00002771501,2348.02,398,01,7715,BASAGLAR  ,2,XX,false,111409.22,5421.000,FFSU,2024
00002,68499.94,00002771501,515.01,237,01,7715,BASAGLAR  ,2,XX,false,69014.95,3498.000,MCOU,2024
00002,26187378.94,00002771559,245551.91,72150,59,7715,BASAGLAR  ,2,XX,false,26432930.85,1265556.600,FFSU,2024
00002,17741542.25,00002771559,413754.39,51187,59,7715,BASAGLAR  ,2,XX,false,18155296.64,874043.250,MCOU,2024
00002,178432.47,00002821405,592.66,429,05,8214,BASAGLAR T,2,XX,false,179025.13,8319.000,FFSU,2024
00002,71560.07,00002821405,2630.05,243,05,8214,BASAGLAR T,2,XX,false,74190.12,3462.000,MCOU,2024
00002,153137.85,00002771501,1084.81,496,01,7715,BASAGLAR  ,1,XX,false,154222.66,7038.000,FFSU,2024
00002,68147.93,00002771501,425.14,236,01,7715,BASAGLAR  ,1,XX,false,68573.07,3433.000,MCOU,2024
00002,31318429.01,00002771559,318453.54,84083,59,7715,BASAGLAR  ,1,XX,false,31636882.55,1474897.000,FFSU,2024
00002,18586841.22,00002771559,399132.30,53507,59,7715,BASAGLAR  ,1,XX,false,18985973.52,925918.000,MCOU,2024
00002,315886.26,00002821405,1112.95,716,05,8214,BASAGLAR T,1,XX,false,316999.21,14355.000,FFSU,2024
00002,55215.53,00002821405,1843.54,163,05,8214,BASAGLAR T,1,XX,false,57059.07,2607.000,MCOU,2024
49502,4914.90,49502025080,0.00,25,80,0250,Semglee In,4,XX,false,4914.90,182.550,FFSU,2024
49502,6022.39,49502025080,4.88,58,80,0250,Semglee In,4,XX,false,6027.27,292.570,MCOU,2024
49502,,49502025171,,,71,0251,Semglee In,4,XX,true,,,MCOU,2024
49502,32075.27,49502025175,515.08,82,75,0251,Semglee In,4,XX,false,32590.35,1224.000,FFSU,2024
49502,38435.08,49502025175,76.00,107,75,0251,Semglee In,4,XX,false,38511.08,1776.000,MCOU,2024
83257,169024.79,83257001111,11054.86,435,11,0011,Semglee In,4,XX,false,180079.65,6885.000,FFSU,2024
83257,107153.45,83257001111,17994.27,368,11,0011,Semglee In,4,XX,false,125147.72,4890.750,MCOU,2024
83257,2835890.67,83257001233,147329.12,6833,33,0012,Semglee In,4,XX,false,2983219.79,116685.000,FFSU,2024
83257,2872865.31,83257001233,194182.10,7977,33,0012,Semglee In,4,XX,false,3067047.41,122095.000,MCOU,2024
49502,,49502019580,,,80,0195,Semglee In,3,XX,true,,,MCOU,2024
49502,18073.75,49502025080,1087.04,66,80,0250,Semglee In,3,XX,false,19160.79,719.200,FFSU,2024
49502,13387.48,49502025080,1130.06,81,80,0250,Semglee In,3,XX,false,14517.54,594.330,MCOU,2024
49502,,49502025171,,,71,0251,Semglee In,3,XX,true,,,MCOU,2024
49502,60180.81,49502025175,4360.79,166,75,0251,Semglee In,3,XX,false,64541.60,2412.000,FFSU,2024
49502,53738.23,49502025175,6998.78,169,75,0251,Semglee In,3,XX,false,60737.01,2500.000,MCOU,2024
83257,164925.51,83257001111,12830.90,423,11,0011,Semglee In,3,XX,false,177756.41,6683.350,FFSU,2024
83257,88485.25,83257001111,11091.22,270,11,0011,Semglee In,3,XX,false,99576.47,3861.250,MCOU,2024
83257,3308688.18,83257001233,179367.34,7892,33,0012,Semglee In,3,XX,false,3488055.52,135456.000,FFSU,2024
83257,2658404.91,83257001233,193230.95,7466,33,0012,Semglee In,3,XX,false,2851635.86,113415.000,MCOU,2024
49502,57512.72,49502025080,8258.73,192,80,0250,Semglee In,2,XX,false,65771.45,2452.200,FFSU,2024
49502,39075.43,49502025080,3058.89,165,80,0250,Semglee In,2,XX,false,42134.32,1613.260,MCOU,2024
49502,,49502025171,,,71,0251,Semglee In,2,XX,true,,,MCOU,2024
49502,212089.15,49502025175,12273.87,584,75,0251,Semglee In,2,XX,false,224363.02,8652.000,FFSU,2024
49502,134736.56,49502025175,17200.25,427,75,0251,Semglee In,2,XX,false,151936.81,6336.000,MCOU,2024
83257,66591.19,83257001111,5650.75,168,11,0011,Semglee In,2,XX,false,72241.94,2752.000,FFSU,2024
83257,54866.13,83257001111,6031.62,173,11,0011,Semglee In,2,XX,false,60897.75,2386.250,MCOU,2024
83257,2801029.01,83257001233,179099.32,6469,33,0012,Semglee In,2,XX,false,2980128.33,113674.000,FFSU,2024
83257,2117942.11,83257001233,231091.04,5707,33,0012,Semglee In,2,XX,false,2349033.15,93603.000,MCOU,2024
49502,,49502019580,,,80,0195,Semglee In,1,XX,true,,,MCOU,2024
49502,,49502019675,,,75,0196,Semglee In,1,XX,true,,,MCOU,2024
49502,208457.59,49502025080,18725.51,605,80,0250,Semglee In,1,XX,false,227183.10,8579.100,FFSU,2024
49502,119626.04,49502025080,6829.84,444,80,0250,Semglee In,1,XX,false,126455.88,4995.590,MCOU,2024
49502,,49502025171,,,71,0251,Semglee In,1,XX,true,,,FFSU,2024
49502,,49502025171,,,71,0251,Semglee In,1,XX,true,,,MCOU,2024
49502,1911562.02,49502025175,127772.38,4587,75,0251,Semglee In,1,XX,false,2039334.40,77168.400,FFSU,2024
49502,1129078.60,49502025175,85359.94,3229,75,0251,Semglee In,1,XX,false,1214438.54,51401.000,MCOU,2024
83257,,83257001111,,,11,0011,Semglee In,1,XX,true,,,FFSU,2024
83257,,83257001111,,,11,0011,Semglee In,1,XX,true,,,MCOU,2024
83257,911744.32,83257001233,70351.05,2172,33,0012,Semglee In,1,XX,false,982095.37,37704.000,FFSU,2024
83257,1067594.45,83257001233,88166.47,2845,33,0012,Semglee In,1,XX,false,1155760.92,45569.000,MCOU,2024
00002,17606.50,00002898005,29.89,156,05,8980,REZVOGLAR ,4,XX,false,17636.39,2718.000,FFSU,2024
00002,556622.67,00002898005,1071.10,5250,05,8980,REZVOGLAR ,4,XX,false,557693.77,87967.000,MCOU,2024
00002,19090.22,00002898005,355.89,186,05,8980,REZVOGLAR ,3,XX,false,19446.11,3004.000,FFSU,2024
00002,526286.12,00002898005,1532.31,4986,05,8980,REZVOGLAR ,3,XX,false,527818.43,82395.000,MCOU,2024
00002,29690.72,00002898005,848.72,257,05,8980,REZVOGLAR ,2,XX,false,30539.44,4680.000,FFSU,2024
00002,475488.26,00002898005,1165.34,4590,05,8980,REZVOGLAR ,2,XX,false,476653.60,75300.000,MCOU,2024
00002,8212.38,00002898005,184.26,75,05,8980,REZVOGLAR ,1,XX,false,8396.64,1308.000,FFSU,2024
00002,429734.67,00002898005,529.49,4150,05,8980,REZVOGLAR ,1,XX,false,430264.16,65856.000,MCOU,2024
00169,841034.31,00169368712,7519.21,4657,12,3687,LEVEMIR 10,4,XX,false,848553.52,76697.500,FFSU,2024
00169,1059563.27,00169368712,21805.08,6411,12,3687,LEVEMIR 10,4,XX,false,1081368.35,102527.580,MCOU,2024
00169,1619988.19,00169643210,20837.39,8717,10,6432,LEVEMIR FL,4,XX,false,1640825.58,142264.000,FFSU,2024
00169,1640566.88,00169643210,32247.04,10119,10,6432,LEVEMIR FL,4,XX,false,1672813.92,154265.050,MCOU,2024
00169,,00169643255,,,55,6432,LEVEMIR FL,4,XX,true,,,FFSU,2024
00169,19268.78,00169643810,57.28,114,10,6438,LEVEMIR FL,4,XX,false,19326.06,1774.000,FFSU,2024
00169,10478.01,00169643810,1257.30,79,10,6438,LEVEMIR FL,4,XX,false,11735.31,1065.000,MCOU,2024
00169,949892.35,00169368712,8487.71,5170,12,3687,LEVEMIR 10,3,XX,false,958380.06,86661.590,FFSU,2024
00169,1148987.16,00169368712,32988.96,6818,12,3687,LEVEMIR 10,3,XX,false,1181976.12,111252.380,MCOU,2024
00169,4397348.65,00169643210,45276.38,22275,10,6432,LEVEMIR FL,3,XX,false,4442625.03,399399.200,FFSU,2024
00169,6627663.43,00169643210,119652.69,35763,10,6432,LEVEMIR FL,3,XX,false,6747316.12,637769.250,MCOU,2024
00169,,00169643255,,,55,6432,LEVEMIR FL,3,XX,true,,,FFSU,2024
00169,,00169643255,,,55,6432,LEVEMIR FL,3,XX,true,,,MCOU,2024
00169,60067.63,00169643810,18.50,209,10,6438,LEVEMIR FL,3,XX,false,60086.13,3799.050,FFSU,2024
00169,19173.43,00169643810,3175.70,144,10,6438,LEVEMIR FL,3,XX,false,22349.13,2029.000,MCOU,2024
00169,,00169643910,,,10,6439,Levemir Fl,3,XX,true,,,MCOU,2024
00169,1060079.35,00169368712,13086.96,5727,12,3687,LEVEMIR 10,2,XX,false,1073166.31,97229.550,FFSU,2024
00169,1330261.40,00169368712,40938.81,7697,12,3687,LEVEMIR 10,2,XX,false,1371200.21,129150.590,MCOU,2024
00169,4992448.39,00169643210,75186.85,25156,10,6432,LEVEMIR FL,2,XX,false,5067635.24,455466.200,FFSU,2024
00169,6914785.56,00169643210,192880.66,37307,10,6432,LEVEMIR FL,2,XX,false,7107666.22,668891.600,MCOU,2024
00169,,00169643255,,,55,6432,LEVEMIR FL,2,XX,true,,,FFSU,2024
00169,,00169643255,,,55,6432,LEVEMIR FL,2,XX,true,,,MCOU,2024
00169,46697.81,00169643810,170.58,190,10,6438,LEVEMIR FL,2,XX,false,46868.39,3255.050,FFSU,2024
00169,23896.87,00169643810,4354.15,188,10,6438,LEVEMIR FL,2,XX,false,28251.02,2736.000,MCOU,2024
00169,1872930.82,00169368712,30775.14,7687,12,3687,LEVEMIR 10,1,XX,false,1903705.96,125820.200,FFSU,2024
00169,1710948.00,00169368712,26974.96,9612,12,3687,LEVEMIR 10,1,XX,false,1737922.96,157122.820,MCOU,2024
00169,8156609.03,00169643210,163553.78,31427,10,6432,LEVEMIR FL,1,XX,false,8320162.81,563943.050,FFSU,2024
00169,8966371.33,00169643210,138778.88,47555,10,6432,LEVEMIR FL,1,XX,false,9105150.21,847717.716,MCOU,2024
00169,,00169643255,,,55,6432,LEVEMIR FL,1,XX,true,,,FFSU,2024
00169,,00169643255,,,55,6432,LEVEMIR FL,1,XX,true,,,MCOU,2024
00169,186117.98,00169643810,1890.10,476,10,6438,LEVEMIR FL,1,XX,false,188008.08,7890.300,FFSU,2024
00169,59178.45,00169643810,4371.78,372,10,6438,LEVEMIR FL,1,XX,false,63550.23,5498.000,MCOU,2024
00002,2198291.46,00002773701,75611.71,30798,01,7737,INSULIN LI,4,XX,false,2273903.17,810512.410,FFSU,2024
00002,4551767.46,00002773701,324442.07,75341,01,7737,INSULIN LI,4,XX,false,4876209.53,1838298.622,MCOU,2024
00002,2975.43,00002775201,161.35,23,01,7752,INSULIN LI,4,XX,false,3136.78,482.000,MCOU,2024
00002,1235422.01,00002775205,31670.76,5934,05,7752,INSULIN LI,4,XX,false,1267092.77,117552.000,FFSU,2024
00002,2330888.71,00002775205,43654.52,13510,05,7752,INSULIN LI,4,XX,false,2374543.23,232602.400,MCOU,2024
00002,4947.19,00002822201,313.77,79,01,8222,INSULIN LI,4,XX,false,5260.96,411.000,FFSU,2024
00002,18796.92,00002822201,1135.76,233,01,8222,INSULIN LI,4,XX,false,19932.68,2049.000,MCOU,2024
00002,12777422.85,00002822259,155152.03,69944,59,8222,INSULIN LI,4,XX,false,12932574.88,1204928.950,FFSU,2024
00002,19713406.23,00002822259,195189.94,106660,59,8222,INSULIN LI,4,XX,false,19908596.17,1927251.436,MCOU,2024
00002,,00002823301,,,01,8233,INSULIN LI,4,XX,true,,,MCOU,2024
00002,470274.83,00002823305,4316.54,1776,05,8233,INSULIN LI,4,XX,false,474591.37,44211.000,FFSU,2024
00002,818571.49,00002823305,10536.15,3778,05,8233,INSULIN LI,4,XX,false,829107.64,85965.000,MCOU,2024
00338,11306.78,00338012612,136.83,188,12,0126,Insulin in,4,XX,false,11443.61,16038.000,FFSU,2024
00338,13349.18,00338012612,2768.64,568,12,0126,Insulin in,4,XX,false,16117.82,24655.000,MCOU,2024
00955,,00955172801,,,01,1728,INSULIN GL,4,XX,true,,,FFSU,2024
00955,6451.29,00955172801,0.00,47,01,1728,INSULIN GL,4,XX,false,6451.29,588.000,MCOU,2024
00955,343482.29,00955172805,430.94,2027,05,1728,INSULIN GL,4,XX,false,343913.23,29819.500,FFSU,2024
00955,159402.35,00955172805,504.70,953,05,1728,INSULIN GL,4,XX,false,159907.05,14249.100,MCOU,2024
00955,21667.15,00955172901,233.92,141,01,1729,INSULIN GL,4,XX,false,21901.07,1890.000,FFSU,2024
00955,25728.98,00955172901,590.53,289,01,1729,INSULIN GL,4,XX,false,26319.51,3863.150,MCOU,2024
00955,169569.05,00955290002,2921.59,446,02,2900,INSULIN GL,4,XX,false,172490.64,4561.500,FFSU,2024
00955,198034.50,00955290002,2321.38,554,02,2900,INSULIN GL,4,XX,false,200355.88,5652.000,MCOU,2024
00955,158407.09,00955390003,4166.35,611,03,3900,INSULIN GL,4,XX,false,162573.44,4242.000,FFSU,2024
00955,172993.12,00955390003,1832.51,689,03,3900,INSULIN GL,4,XX,false,174825.63,4761.750,MCOU,2024
49502,5121.22,49502039380,15.39,121,80,0393,Insulin Gl,4,XX,false,5136.61,618.240,FFSU,2024
49502,8553.86,49502039380,1481.63,239,80,0393,Insulin Gl,4,XX,false,10035.49,1390.250,MCOU,2024
49502,,49502039471,,,71,0394,Insulin Gl,4,XX,true,,,FFSU,2024
49502,2756.21,49502039471,47.00,56,71,0394,Insulin Gl,4,XX,false,2803.21,540.000,MCOU,2024
49502,82857.70,49502039475,185.98,682,75,0394,Insulin Gl,4,XX,false,83043.68,9228.300,FFSU,2024
49502,54817.87,49502039475,519.08,676,75,0394,Insulin Gl,4,XX,false,55336.95,9468.200,MCOU,2024
66733,,66733077301,,,01,0773,INSULIN LI,4,XX,true,,,MCOU,2024
66733,,66733082201,,,01,0822,INSULIN LI,4,XX,true,,,MCOU,2024
73070,2554223.24,73070010011,60985.39,12092,11,0100,INSULIN AS,4,XX,false,2615208.63,362942.840,FFSU,2024
73070,4911971.77,73070010011,114019.79,26056,11,0100,INSULIN AS,4,XX,false,5025991.56,738461.373,MCOU,2024
73070,,73070010210,,,10,0102,INSULIN AS,4,XX,true,,,MCOU,2024
73070,179166.10,73070010215,3778.22,866,15,0102,INSULIN AS,4,XX,false,182944.32,19867.000,FFSU,2024
73070,407165.46,73070010215,7187.11,2488,15,0102,INSULIN AS,4,XX,false,414352.57,49146.000,MCOU,2024
73070,5072.32,73070010310,14.50,69,10,0103,INSULIN AS,4,XX,false,5086.82,466.000,FFSU,2024
73070,9310.52,73070010310,9375.02,199,10,0103,INSULIN AS,4,XX,false,18685.54,1295.150,MCOU,2024
73070,5892375.62,73070010315,53852.48,32798,15,0103,INSULIN AS,4,XX,false,5946228.10,614226.180,FFSU,2024
73070,8405679.48,73070010315,61275.09,52670,15,0103,INSULIN AS,4,XX,false,8466954.57,952859.803,MCOU,2024
73070,70545.09,73070020011,176.68,415,11,0200,INSULIN AS,4,XX,false,70721.77,9491.000,FFSU,2024
73070,145837.02,73070020011,257.03,915,11,0200,INSULIN AS,4,XX,false,146094.05,21685.000,MCOU,2024
73070,,73070020310,,,10,0203,INSULIN AS,4,XX,true,,,FFSU,2024
73070,1449.67,73070020310,0.00,17,10,0203,INSULIN AS,4,XX,false,1449.67,168.000,MCOU,2024
73070,812425.71,73070020315,2182.09,3603,15,0203,INSULIN AS,4,XX,false,814607.80,84753.000,FFSU,2024
73070,859898.97,73070020315,3796.20,4612,15,0203,INSULIN AS,4,XX,false,863695.17,97600.000,MCOU,2024
73070,18556.22,73070040011,191.56,102,11,0400,INSULIN DE,4,XX,false,18747.78,1533.000,FFSU,2024
73070,70522.78,73070040011,3159.37,390,11,0400,INSULIN DE,4,XX,false,73682.15,6519.000,MCOU,2024
73070,601449.61,73070040315,10344.46,2984,15,0403,INSULIN DE,4,XX,false,611794.07,48162.000,FFSU,2024
73070,1351064.14,73070040315,13952.82,7857,15,0403,INSULIN DE,4,XX,false,1365016.96,122517.000,MCOU,2024
73070,504359.84,73070050315,4107.83,1614,15,0503,INSULIN DE,4,XX,false,508467.67,20901.000,FFSU,2024
73070,1341107.17,73070050315,11368.30,4673,15,0503,INSULIN DE,4,XX,false,1352475.47,60002.000,MCOU,2024
83257,828272.79,83257001411,27421.55,6186,11,0014,Insulin Gl,4,XX,false,855694.34,128690.250,FFSU,2024
83257,487563.53,83257001411,56350.25,7110,11,0014,Insulin Gl,4,XX,false,543913.78,92153.420,MCOU,2024
83257,391.18,83257001531,43.14,12,31,0015,Insulin Gl,4,XX,false,434.32,57.000,FFSU,2024
83257,4817.78,83257001531,7.00,92,31,0015,Insulin Gl,4,XX,false,4824.78,1143.000,MCOU,2024
83257,3424870.80,83257001532,75684.25,31201,32,0015,Insulin Gl,4,XX,false,3500555.05,513148.000,FFSU,2024
83257,4202868.18,83257001532,28924.81,45854,32,0015,Insulin Gl,4,XX,false,4231792.99,712102.050,MCOU,2024
00002,2405425.77,00002773701,80549.68,34388,01,7737,INSULIN LI,3,XX,false,2485975.45,882109.390,FFSU,2024
00002,4500649.37,00002773701,483810.93,75623,01,7737,INSULIN LI,3,XX,false,4984460.30,1807876.902,MCOU,2024
00002,1771.66,00002775201,3.00,20,01,7752,INSULIN LI,3,XX,false,1774.66,408.000,MCOU,2024
00002,1269545.20,00002775205,38928.98,6176,05,7752,INSULIN LI,3,XX,false,1308474.18,121485.000,FFSU,2024
00002,2224355.90,00002775205,43772.45,12902,05,7752,INSULIN LI,3,XX,false,2268128.35,219711.000,MCOU,2024
00002,3288.95,00002822201,33.99,57,01,8222,INSULIN LI,3,XX,false,3322.94,273.000,FFSU,2024
00002,10957.31,00002822201,817.25,172,01,8222,INSULIN LI,3,XX,false,11774.56,1119.510,MCOU,2024
00002,12618125.06,00002822259,171949.50,69250,59,8222,INSULIN LI,3,XX,false,12790074.56,1184466.350,FFSU,2024
00002,16486759.60,00002822259,205057.82,90657,59,8222,INSULIN LI,3,XX,false,16691817.42,1628950.600,MCOU,2024
00002,,00002823301,,,01,8233,INSULIN LI,3,XX,true,,,MCOU,2024
00002,518318.33,00002823305,2105.71,1990,05,8233,INSULIN LI,3,XX,false,520424.04,48921.000,FFSU,2024
00002,879833.24,00002823305,12129.59,3967,05,8233,INSULIN LI,3,XX,false,891962.83,86304.000,MCOU,2024
00338,10873.86,00338012612,64.57,194,12,0126,Insulin in,3,XX,false,10938.43,17034.000,FFSU,2024
00338,9693.17,00338012612,17196.80,516,12,0126,Insulin in,3,XX,false,26889.97,27929.000,MCOU,2024
00955,,00955172801,,,01,1728,INSULIN GL,3,XX,true,,,FFSU,2024
00955,5614.70,00955172801,0.00,48,01,1728,INSULIN GL,3,XX,false,5614.70,525.000,MCOU,2024
00955,504717.05,00955172805,1562.30,2981,05,1728,INSULIN GL,3,XX,false,506279.35,43882.500,FFSU,2024
00955,191711.66,00955172805,1654.04,1207,05,1728,INSULIN GL,3,XX,false,193365.70,17178.150,MCOU,2024
00955,37887.23,00955172901,662.97,243,01,1729,INSULIN GL,3,XX,false,38550.20,3337.550,FFSU,2024
00955,43833.41,00955172901,7691.47,397,01,1729,INSULIN GL,3,XX,false,51524.88,4202.500,MCOU,2024
00955,,00955290001,,,01,2900,INSULIN GL,3,XX,true,,,MCOU,2024
00955,139037.69,00955290002,527.91,350,02,2900,INSULIN GL,3,XX,false,139565.60,3681.000,FFSU,2024
00955,129243.80,00955290002,1769.49,404,02,2900,INSULIN GL,3,XX,false,131013.29,3648.000,MCOU,2024
00955,128440.05,00955390003,2296.58,512,03,3900,INSULIN GL,3,XX,false,130736.63,3408.000,FFSU,2024
00955,119139.55,00955390003,1293.36,513,03,3900,INSULIN GL,3,XX,false,120432.91,3334.500,MCOU,2024
49502,11631.72,49502039380,24.84,187,80,0393,Insulin Gl,3,XX,false,11656.56,1502.850,FFSU,2024
49502,16348.11,49502039380,73.39,434,80,0393,Insulin Gl,3,XX,false,16421.50,1948.290,MCOU,2024
49502,,49502039471,,,71,0394,Insulin Gl,3,XX,true,,,FFSU,2024
49502,4579.80,49502039471,53.00,75,71,0394,Insulin Gl,3,XX,false,4632.80,928.000,MCOU,2024
49502,153448.03,49502039475,587.81,1362,75,0394,Insulin Gl,3,XX,false,154035.84,19138.000,FFSU,2024
49502,91084.82,49502039475,1887.53,1112,75,0394,Insulin Gl,3,XX,false,92972.35,15696.050,MCOU,2024
66733,,66733077301,,,01,0773,INSULIN LI,3,XX,true,,,MCOU,2024
66733,,66733082201,,,01,0822,INSULIN LI,3,XX,true,,,FFSU,2024
66733,,66733082259,,,59,0822,INSULIN LI,3,XX,true,,,MCOU,2024
73070,2833440.02,73070010011,77651.44,13868,11,0100,INSULIN AS,3,XX,false,2911091.46,397828.080,FFSU,2024
73070,5481500.04,73070010011,133999.71,27583,11,0100,INSULIN AS,3,XX,false,5615499.75,812577.710,MCOU,2024
73070,,73070010210,,,10,0102,INSULIN AS,3,XX,true,,,MCOU,2024
73070,230828.08,73070010215,6082.68,1121,15,0102,INSULIN AS,3,XX,false,236910.76,25599.000,FFSU,2024
73070,418909.14,73070010215,12989.36,2455,15,0102,INSULIN AS,3,XX,false,431898.50,49929.000,MCOU,2024
73070,4890.21,73070010310,3.40,54,10,0103,INSULIN AS,3,XX,false,4893.61,461.100,FFSU,2024
73070,11279.08,73070010310,25982.98,212,10,0103,INSULIN AS,3,XX,false,37262.06,1628.150,MCOU,2024
73070,7208236.06,73070010315,53205.77,41203,15,0103,INSULIN AS,3,XX,false,7261441.83,759278.024,FFSU,2024
73070,8638398.33,73070010315,102260.26,53142,15,0103,INSULIN AS,3,XX,false,8740658.59,973827.114,MCOU,2024
73070,73229.11,73070020011,327.56,435,11,0200,INSULIN AS,3,XX,false,73556.67,9627.100,FFSU,2024
73070,157189.20,73070020011,703.57,983,11,0200,INSULIN AS,3,XX,false,157892.77,22821.300,MCOU,2024
73070,1248.48,73070020310,0.00,11,10,0203,INSULIN AS,3,XX,false,1248.48,147.000,MCOU,2024
73070,844462.12,73070020315,2775.61,3949,15,0203,INSULIN AS,3,XX,false,847237.73,89541.000,FFSU,2024
73070,988800.15,73070020315,3107.99,5187,15,0203,INSULIN AS,3,XX,false,991908.14,111248.000,MCOU,2024
73070,16617.31,73070040011,289.31,91,11,0400,INSULIN DE,3,XX,false,16906.62,1403.000,FFSU,2024
73070,58677.79,73070040011,1395.46,352,11,0400,INSULIN DE,3,XX,false,60073.25,5543.000,MCOU,2024
73070,545812.55,73070040315,8618.37,2758,15,0403,INSULIN DE,3,XX,false,554430.92,43965.000,FFSU,2024
73070,1314940.49,73070040315,12645.81,7516,15,0403,INSULIN DE,3,XX,false,1327586.30,117672.000,MCOU,2024
73070,626168.93,73070050315,6298.07,1921,15,0503,INSULIN DE,3,XX,false,632467.00,26319.000,FFSU,2024
73070,1449176.24,73070050315,17718.58,4876,15,0503,INSULIN DE,3,XX,false,1466894.82,65359.000,MCOU,2024
83257,862709.01,83257001411,31204.77,6644,11,0014,Insulin Gl,3,XX,false,893913.78,132212.750,FFSU,2024
83257,449590.24,83257001411,28927.13,6444,11,0014,Insulin Gl,3,XX,false,478517.37,84009.190,MCOU,2024
83257,,83257001531,,,31,0015,Insulin Gl,3,XX,true,,,FFSU,2024
83257,6497.08,83257001531,9.00,107,31,0015,Insulin Gl,3,XX,false,6506.08,1712.200,MCOU,2024
83257,3841988.75,83257001532,78662.93,35766,32,0015,Insulin Gl,3,XX,false,3920651.68,576821.600,FFSU,2024
83257,4484130.11,83257001532,32325.29,48305,32,0015,Insulin Gl,3,XX,false,4516455.40,752958.650,MCOU,2024
00002,1949403.34,00002773701,60081.17,28528,01,7737,INSULIN LI,2,XX,false,2009484.51,716876.200,FFSU,2024
00002,4286634.40,00002773701,175536.10,74242,01,7737,INSULIN LI,2,XX,false,4462170.50,1721062.172,MCOU,2024
00002,,00002775201,,,01,7752,INSULIN LI,2,XX,true,,,FFSU,2024
00002,946.71,00002775201,1.00,11,01,7752,INSULIN LI,2,XX,false,947.71,153.000,MCOU,2024
00002,1035633.42,00002775205,26561.74,5157,05,7752,INSULIN LI,2,XX,false,1062195.16,99267.000,FFSU,2024
00002,2123037.34,00002775205,45392.21,12319,05,7752,INSULIN LI,2,XX,false,2168429.55,208289.000,MCOU,2024
00002,4133.34,00002822201,10.33,62,01,8222,INSULIN LI,2,XX,false,4143.67,344.950,FFSU,2024
00002,19042.04,00002822201,25987.58,215,01,8222,INSULIN LI,2,XX,false,45029.62,2031.000,MCOU,2024
00002,11346076.92,00002822259,158671.30,62915,59,8222,INSULIN LI,2,XX,false,11504748.22,1067718.250,FFSU,2024
00002,18858888.17,00002822259,226089.95,101800,59,8222,INSULIN LI,2,XX,false,19084978.12,1848885.950,MCOU,2024
00002,,00002823301,,,01,8233,INSULIN LI,2,XX,true,,,FFSU,2024
00002,1788.96,00002823301,749.15,13,01,8233,INSULIN LI,2,XX,false,2538.11,228.000,MCOU,2024
00002,471119.72,00002823305,3742.41,1806,05,8233,INSULIN LI,2,XX,false,474862.13,44658.100,FFSU,2024
00002,914760.66,00002823305,14247.29,4032,05,8233,INSULIN LI,2,XX,false,929007.95,89466.000,MCOU,2024
00338,11418.64,00338012612,56.28,190,12,0126,Insulin in,2,XX,false,11474.92,22358.050,FFSU,2024
00338,32599.45,00338012612,3621.87,444,12,0126,Insulin in,2,XX,false,36221.32,26574.000,MCOU,2024
00955,,00955172801,,,01,1728,INSULIN GL,2,XX,true,,,FFSU,2024
00955,8870.60,00955172801,3.00,58,01,1728,INSULIN GL,2,XX,false,8873.60,795.000,MCOU,2024
00955,715728.71,00955172805,2325.80,4270,05,1728,INSULIN GL,2,XX,false,718054.51,62254.100,FFSU,2024
00955,381673.64,00955172805,7698.29,2548,05,1728,INSULIN GL,2,XX,false,389371.93,34652.000,MCOU,2024
00955,57196.33,00955172901,446.26,403,01,1729,INSULIN GL,2,XX,false,57642.59,4995.650,FFSU,2024
00955,90352.01,00955172901,1384.97,749,01,1729,INSULIN GL,2,XX,false,91736.98,8112.100,MCOU,2024
00955,,00955290001,,,01,2900,INSULIN GL,2,XX,true,,,MCOU,2024
00955,103699.67,00955290002,1082.89,240,02,2900,INSULIN GL,2,XX,false,104782.56,2805.000,FFSU,2024
00955,148003.19,00955290002,2334.87,378,02,2900,INSULIN GL,2,XX,false,150338.06,4143.000,MCOU,2024
00955,78579.82,00955390003,1608.89,299,03,3900,INSULIN GL,2,XX,false,80188.71,2125.000,FFSU,2024
00955,76298.62,00955390003,2108.91,331,03,3900,INSULIN GL,2,XX,false,78407.53,2190.000,MCOU,2024
49502,26362.87,49502039380,225.46,412,80,0393,Insulin Gl,2,XX,false,26588.33,3793.400,FFSU,2024
49502,26841.46,49502039380,797.52,674,80,0393,Insulin Gl,2,XX,false,27638.98,4742.980,MCOU,2024
49502,,49502039471,,,71,0394,Insulin Gl,2,XX,true,,,FFSU,2024
49502,5533.05,49502039471,36.00,87,71,0394,Insulin Gl,2,XX,false,5569.05,1515.100,MCOU,2024
49502,303261.14,49502039475,1529.01,2714,75,0394,Insulin Gl,2,XX,false,304790.15,38353.000,FFSU,2024
49502,187105.86,49502039475,6617.06,2286,75,0394,Insulin Gl,2,XX,false,193722.92,33728.400,MCOU,2024
66733,,66733077301,,,01,0773,INSULIN LI,2,XX,true,,,MCOU,2024
66733,,66733082259,,,59,0822,INSULIN LI,2,XX,true,,,MCOU,2024
73070,2442346.92,73070010011,65724.75,12300,11,0100,INSULIN AS,2,XX,false,2508071.67,343379.910,FFSU,2024
73070,4975788.24,73070010011,151677.76,25412,11,0100,INSULIN AS,2,XX,false,5127466.00,736551.814,MCOU,2024
73070,,73070010210,,,10,0102,INSULIN AS,2,XX,true,,,MCOU,2024
73070,213492.33,73070010215,4928.91,1089,15,0102,INSULIN AS,2,XX,false,218421.24,23829.000,FFSU,2024
73070,426908.69,73070010215,14665.53,2525,15,0102,INSULIN AS,2,XX,false,441574.22,51000.000,MCOU,2024
73070,5541.52,73070010310,37.31,67,10,0103,INSULIN AS,2,XX,false,5578.83,537.000,FFSU,2024
73070,9907.14,73070010310,1314.93,158,10,0103,INSULIN AS,2,XX,false,11222.07,1225.250,MCOU,2024
73070,6872186.57,73070010315,61488.49,39096,15,0103,INSULIN AS,2,XX,false,6933675.06,726699.667,FFSU,2024
73070,8483256.87,73070010315,137920.06,52052,15,0103,INSULIN AS,2,XX,false,8621176.93,956698.326,MCOU,2024
73070,63877.85,73070020011,912.56,401,11,0200,INSULIN AS,2,XX,false,64790.41,8722.240,FFSU,2024
73070,136690.74,73070020011,541.70,897,11,0200,INSULIN AS,2,XX,false,137232.44,19940.280,MCOU,2024
73070,,73070020310,,,10,0203,INSULIN AS,2,XX,true,,,MCOU,2024
73070,827443.10,73070020315,4723.15,3840,15,0203,INSULIN AS,2,XX,false,832166.25,88126.000,FFSU,2024
73070,1032679.67,73070020315,4865.22,5373,15,0203,INSULIN AS,2,XX,false,1037544.89,117479.000,MCOU,2024
73070,18532.45,73070040011,357.34,83,11,0400,INSULIN DE,2,XX,false,18889.79,1560.000,FFSU,2024
73070,54359.15,73070040011,780.20,311,11,0400,INSULIN DE,2,XX,false,55139.35,4861.000,MCOU,2024
73070,457118.01,73070040315,7578.68,2347,15,0403,INSULIN DE,2,XX,false,464696.69,36612.000,FFSU,2024
73070,1071591.93,73070040315,12966.34,6318,15,0403,INSULIN DE,2,XX,false,1084558.27,96351.000,MCOU,2024
73070,575779.19,73070050315,7861.39,1839,15,0503,INSULIN DE,2,XX,false,583640.58,24306.000,FFSU,2024
73070,1359617.39,73070050315,20226.91,4733,15,0503,INSULIN DE,2,XX,false,1379844.30,61362.000,MCOU,2024
83257,587228.93,83257001411,21363.04,4817,11,0014,Insulin Gl,2,XX,false,608591.97,88951.000,FFSU,2024
83257,409298.34,83257001411,17018.75,6002,11,0014,Insulin Gl,2,XX,false,426317.09,76171.470,MCOU,2024
83257,966.31,83257001531,49.63,26,31,0015,Insulin Gl,2,XX,false,1015.94,168.000,FFSU,2024
83257,5954.28,83257001531,35.68,112,31,0015,Insulin Gl,2,XX,false,5989.96,1220.000,MCOU,2024
83257,3036426.60,83257001532,45049.24,28395,32,0015,Insulin Gl,2,XX,false,3081475.84,446279.600,FFSU,2024
83257,4415891.03,83257001532,41846.56,47886,32,0015,Insulin Gl,2,XX,false,4457737.59,741217.500,MCOU,2024
00002,2160235.18,00002773701,64320.08,31458,01,7737,INSULIN LI,1,XX,false,2224555.26,791387.278,FFSU,2024
00002,3638369.39,00002773701,92642.28,61522,01,7737,INSULIN LI,1,XX,false,3731011.67,1465279.981,MCOU,2024
00002,,00002775201,,,01,7752,INSULIN LI,1,XX,true,,,FFSU,2024
00002,1137.28,00002775201,0.00,11,01,7752,INSULIN LI,1,XX,false,1137.28,123.000,MCOU,2024
00002,1070177.81,00002775205,31318.82,5348,05,7752,INSULIN LI,1,XX,false,1101496.63,102580.100,FFSU,2024
00002,2091825.99,00002775205,34839.91,12227,05,7752,INSULIN LI,1,XX,false,2126665.90,205545.000,MCOU,2024
00002,4392.65,00002822201,0.00,53,01,8222,INSULIN LI,1,XX,false,4392.65,312.000,FFSU,2024
00002,11360.74,00002822201,1040.18,131,01,8222,INSULIN LI,1,XX,false,12400.92,1134.250,MCOU,2024
00002,11368806.51,00002822259,152581.01,64125,59,8222,INSULIN LI,1,XX,false,11521387.52,1068517.500,FFSU,2024
00002,18768286.10,00002822259,200080.54,101990,59,8222,INSULIN LI,1,XX,false,18968366.64,1839151.600,MCOU,2024
00002,,00002823301,,,01,8233,INSULIN LI,1,XX,true,,,MCOU,2024
00002,477250.10,00002823305,5563.17,1890,05,8233,INSULIN LI,1,XX,false,482813.27,45345.000,FFSU,2024
00002,955455.95,00002823305,13299.28,4307,05,8233,INSULIN LI,1,XX,false,968755.23,99177.000,MCOU,2024
00338,8577.09,00338012612,301.18,170,12,0126,Insulin in,1,XX,false,8878.27,15420.000,FFSU,2024
00338,72066.27,00338012612,12497.82,543,12,0126,Insulin in,1,XX,false,84564.09,35181.000,MCOU,2024
00955,,00955172801,,,01,1728,INSULIN GL,1,XX,true,,,FFSU,2024
00955,14051.63,00955172801,6.00,88,01,1728,INSULIN GL,1,XX,false,14057.63,1396.000,MCOU,2024
00955,2339001.62,00955172805,8118.26,14089,05,1728,INSULIN GL,1,XX,false,2347119.88,203531.920,FFSU,2024
00955,1538240.73,00955172805,10090.52,11379,05,1728,INSULIN GL,1,XX,false,1548331.25,140131.000,MCOU,2024
00955,271691.59,00955172901,2423.28,1945,01,1729,INSULIN GL,1,XX,false,274114.87,23868.800,FFSU,2024
00955,418301.34,00955172901,3354.26,2853,01,1729,INSULIN GL,1,XX,false,421655.60,33566.050,MCOU,2024
00955,16146.22,00955290002,0.00,35,02,2900,INSULIN GL,1,XX,false,16146.22,429.000,FFSU,2024
00955,24377.58,00955290002,193.38,91,02,2900,INSULIN GL,1,XX,false,24570.96,750.000,MCOU,2024
00955,10034.16,00955390003,0.00,32,03,3900,INSULIN GL,1,XX,false,10034.16,270.000,FFSU,2024
00955,13872.34,00955390003,879.52,62,03,3900,INSULIN GL,1,XX,false,14751.86,402.000,MCOU,2024
49502,175521.45,49502039380,3180.94,1696,80,0393,Insulin Gl,1,XX,false,178702.39,20166.590,FFSU,2024
49502,140194.89,49502039380,3005.46,2278,80,0393,Insulin Gl,1,XX,false,143200.35,26455.660,MCOU,2024
49502,,49502039471,,,71,0394,Insulin Gl,1,XX,true,,,FFSU,2024
49502,11569.75,49502039471,0.00,140,71,0394,Insulin Gl,1,XX,false,11569.75,1624.900,MCOU,2024
49502,2080604.14,49502039475,35944.59,16975,75,0394,Insulin Gl,1,XX,false,2116548.73,272521.200,FFSU,2024
49502,2259031.28,49502039475,13487.43,24437,75,0394,Insulin Gl,1,XX,false,2272518.71,370797.000,MCOU,2024
66733,,66733077301,,,01,0773,INSULIN LI,1,XX,true,,,MCOU,2024
66733,,66733082259,,,59,0822,INSULIN LI,1,XX,true,,,MCOU,2024
73070,2797929.97,73070010011,124206.16,12467,11,0100,INSULIN AS,1,XX,false,2922136.13,337299.450,FFSU,2024
73070,4789012.87,73070010011,144009.94,25068,11,0100,INSULIN AS,1,XX,false,4933022.81,700919.720,MCOU,2024
73070,,73070010210,,,10,0102,INSULIN AS,1,XX,true,,,MCOU,2024
73070,243336.59,73070010215,8201.58,1106,15,0102,INSULIN AS,1,XX,false,251538.17,24159.000,FFSU,2024
73070,464412.83,73070010215,14657.93,2795,15,0102,INSULIN AS,1,XX,false,479070.76,55440.000,MCOU,2024
73070,2459.04,73070010310,179.82,27,10,0103,INSULIN AS,1,XX,false,2638.86,243.000,FFSU,2024
73070,11477.48,73070010310,17251.46,185,10,0103,INSULIN AS,1,XX,false,28728.94,1303.100,MCOU,2024
73070,6894819.79,73070010315,94961.71,35389,15,0103,INSULIN AS,1,XX,false,6989781.50,641371.200,FFSU,2024
73070,9146947.00,73070010315,91651.32,54950,15,0103,INSULIN AS,1,XX,false,9238598.32,1015460.366,MCOU,2024
73070,108146.58,73070020011,458.85,578,11,0200,INSULIN AS,1,XX,false,108605.43,12463.300,FFSU,2024
73070,215034.22,73070020011,754.82,1292,11,0200,INSULIN AS,1,XX,false,215789.04,30800.000,MCOU,2024
73070,,73070020310,,,10,0203,INSULIN AS,1,XX,true,,,MCOU,2024
73070,947947.82,73070020315,4850.72,3732,15,0203,INSULIN AS,1,XX,false,952798.54,85323.000,FFSU,2024
73070,1027315.78,73070020315,6764.95,5404,15,0203,INSULIN AS,1,XX,false,1034080.73,115139.100,MCOU,2024
73070,13647.47,73070040011,106.34,64,11,0400,INSULIN DE,1,XX,false,13753.81,1120.000,FFSU,2024
73070,40217.06,73070040011,676.48,233,11,0400,INSULIN DE,1,XX,false,40893.54,3640.000,MCOU,2024
73070,470221.40,73070040315,9416.89,2369,15,0403,INSULIN DE,1,XX,false,479638.29,37626.000,FFSU,2024
73070,803531.72,73070040315,8723.87,4899,15,0403,INSULIN DE,1,XX,false,812255.59,72027.000,MCOU,2024
73070,514242.72,73070050315,5920.76,1612,15,0503,INSULIN DE,1,XX,false,520163.48,21777.000,FFSU,2024
73070,1018688.10,73070050315,8607.33,3598,15,0503,INSULIN DE,1,XX,false,1027295.43,45561.000,MCOU,2024
83257,311037.81,83257001411,15827.30,2437,11,0014,Insulin Gl,1,XX,false,326865.11,48882.350,FFSU,2024
83257,306391.49,83257001411,1616.84,4323,11,0014,Insulin Gl,1,XX,false,308008.33,54371.162,MCOU,2024
83257,1459.44,83257001531,0.00,21,31,0015,Insulin Gl,1,XX,false,1459.44,292.000,MCOU,2024
83257,816654.12,83257001532,13150.50,7870,32,0015,Insulin Gl,1,XX,false,829804.62,119857.000,FFSU,2024
83257,2408208.39,83257001532,8074.27,25585,32,0015,Insulin Gl,1,XX,false,2416282.66,398743.250,MCOU,2024
00169,7158579.02,00169255013,175806.44,7907,13,2550,TRESIBA FL,4,XX,false,7334385.46,111849.000,FFSU,2025
00169,6395744.75,00169255013,151252.79,7397,13,2550,TRESIBA FL,4,XX,false,6546997.54,102421.000,MCOU,2025
00169,7635429.49,00169266015,290070.69,14164,15,2660,TRESIBA FL,4,XX,false,7925500.18,239436.050,FFSU,2025
00169,6237277.30,00169266015,267655.73,12393,15,2660,TRESIBA FL,4,XX,false,6504933.03,203483.450,MCOU,2025
00169,242859.27,00169266211,18516.62,470,11,2662,TRESIBA VI,4,XX,false,261375.89,7910.000,FFSU,2025
00169,191775.35,00169266211,9965.14,406,11,2662,TRESIBA VI,4,XX,false,201740.49,6242.300,MCOU,2025
00169,8663860.40,00169255013,215553.80,9434,13,2550,TRESIBA FL,3,XX,false,8879414.20,135537.000,FFSU,2025
00169,7761362.44,00169255013,232695.27,9038,13,2550,TRESIBA FL,3,XX,false,7994057.71,124885.000,MCOU,2025
00169,8892026.11,00169266015,384792.04,16448,15,2660,TRESIBA FL,3,XX,false,9276818.15,280261.000,FFSU,2025
00169,7208997.94,00169266015,412413.29,14399,15,2660,TRESIBA FL,3,XX,false,7621411.23,237728.600,MCOU,2025
00169,274859.96,00169266211,19293.68,520,11,2662,TRESIBA VI,3,XX,false,294153.64,8910.000,FFSU,2025
00169,229142.70,00169266211,30389.71,523,11,2662,TRESIBA VI,3,XX,false,259532.41,7796.900,MCOU,2025
00169,8143255.91,00169255013,243375.72,8902,13,2550,TRESIBA FL,2,XX,false,8386631.63,128113.000,FFSU,2025
00169,8514050.54,00169255013,276673.41,9926,13,2550,TRESIBA FL,2,XX,false,8790723.95,138027.000,MCOU,2025
00169,7996538.31,00169266015,395066.13,15007,15,2660,TRESIBA FL,2,XX,false,8391604.44,254446.000,FFSU,2025
00169,8018997.05,00169266015,430344.13,16118,15,2660,TRESIBA FL,2,XX,false,8449341.18,263949.000,MCOU,2025
00169,178739.45,00169266211,17568.52,343,11,2662,TRESIBA VI,2,XX,false,196307.97,5945.000,FFSU,2025
00169,220293.48,00169266211,13636.09,505,11,2662,TRESIBA VI,2,XX,false,233929.57,7385.300,MCOU,2025
00169,8274288.47,00169255013,259737.60,9048,13,2550,TRESIBA FL,1,XX,false,8534026.07,130500.025,FFSU,2025
00169,8387296.21,00169255013,292720.37,9922,13,2550,TRESIBA FL,1,XX,false,8680016.58,135861.075,MCOU,2025
00169,8113154.48,00169266015,420294.61,14865,15,2660,TRESIBA FL,1,XX,false,8533449.09,257842.000,FFSU,2025
00169,7740837.85,00169266015,497141.28,15809,15,2660,TRESIBA FL,1,XX,false,8237979.13,257813.100,MCOU,2025
00169,173126.87,00169266211,19106.30,353,11,2662,TRESIBA VI,1,XX,false,192233.17,5855.000,FFSU,2025
00169,160877.66,00169266211,9079.46,400,11,2662,TRESIBA VI,1,XX,false,169957.12,5551.400,MCOU,2025
00024,,00024586901,,,01,5869,TOUJEO SOL,4,XX,true,,,MCOU,2025
00024,2778815.67,00024586903,84095.01,4609,03,5869,TOUJEO SOL,4,XX,false,2862910.68,31653.250,FFSU,2025
00024,4041701.94,00024586903,119957.24,6904,03,5869,TOUJEO SOL,4,XX,false,4161659.18,45401.250,MCOU,2025
00024,,00024587100,,,00,5871,TOUJEO MAX,4,XX,true,,,MCOU,2025
00024,4617651.15,00024587102,128521.24,4733,02,5871,TOUJEO MAX,4,XX,false,4746172.39,52856.000,FFSU,2025
00024,6466072.05,00024587102,136420.55,7205,02,5871,TOUJEO MAX,4,XX,false,6602492.60,72049.000,MCOU,2025
00024,,00024586901,,,01,5869,TOUJEO SOL,3,XX,true,,,FFSU,2025
00024,,00024586901,,,01,5869,TOUJEO SOL,3,XX,true,,,MCOU,2025
00024,2990827.17,00024586903,99591.78,4764,03,5869,TOUJEO SOL,3,XX,false,3090418.95,34137.017,FFSU,2025
00024,3066256.15,00024586903,135707.58,5565,03,5869,TOUJEO SOL,3,XX,false,3201963.73,34880.750,MCOU,2025
00024,,00024587100,,,00,5871,TOUJEO MAX,3,XX,true,,,MCOU,2025
00024,4950343.83,00024587102,149683.79,5157,02,5871,TOUJEO MAX,3,XX,false,5100027.62,56466.000,FFSU,2025
00024,6915811.88,00024587102,196989.85,7706,02,5871,TOUJEO MAX,3,XX,false,7112801.73,77616.300,MCOU,2025
00024,,00024586901,,,01,5869,TOUJEO SOL,2,XX,true,,,FFSU,2025
00024,,00024586901,,,01,5869,TOUJEO SOL,2,XX,true,,,MCOU,2025
00024,2941118.94,00024586903,94180.07,4693,03,5869,TOUJEO SOL,2,XX,false,3035299.01,33649.517,FFSU,2025
00024,4436509.33,00024586903,159602.35,7672,03,5869,TOUJEO SOL,2,XX,false,4596111.68,50087.250,MCOU,2025
00024,,00024587100,,,00,5871,TOUJEO MAX,2,XX,true,,,FFSU,2025
00024,4717.59,00024587100,0.00,11,00,5871,TOUJEO MAX,2,XX,false,4717.59,51.000,MCOU,2025
00024,4584761.95,00024587102,190365.54,4795,02,5871,TOUJEO MAX,2,XX,false,4775127.49,52658.500,FFSU,2025
00024,7263158.39,00024587102,190588.55,8212,02,5871,TOUJEO MAX,2,XX,false,7453746.94,81811.500,MCOU,2025
00024,,00024586901,,,01,5869,TOUJEO SOL,1,XX,true,,,MCOU,2025
00024,2918602.77,00024586903,119533.52,4613,03,5869,TOUJEO SOL,1,XX,false,3038136.29,33633.000,FFSU,2025
00024,4249031.40,00024586903,175891.59,7424,03,5869,TOUJEO SOL,1,XX,false,4424922.99,48249.750,MCOU,2025
00024,,00024587100,,,00,5871,TOUJEO MAX,1,XX,true,,,MCOU,2025
00024,4416913.36,00024587102,169144.68,4727,02,5871,TOUJEO MAX,1,XX,false,4586058.04,50409.000,FFSU,2025
00024,6846396.22,00024587102,196470.00,7937,02,5871,TOUJEO MAX,1,XX,false,7042866.22,77337.000,MCOU,2025
00088,4128.81,00088221901,148.37,53,01,2219,LANTUS 3ML,4,XX,false,4277.18,723.050,FFSU,2025
00088,15839.67,00088221901,196.45,440,01,2219,LANTUS 3ML,4,XX,false,16036.12,2671.000,MCOU,2025
00088,26550247.43,00088221905,353916.69,253781,05,2219,LANTUS 3ML,4,XX,false,26904164.12,3926172.500,FFSU,2025
00088,41065157.36,00088221905,292818.42,393171,05,2219,LANTUS 3ML,4,XX,false,41357975.78,6463521.150,MCOU,2025
00088,2785745.44,00088222033,30084.45,27591,33,2220,LANTUS 10M,4,XX,false,2815829.89,398330.400,FFSU,2025
00088,5286032.52,00088222033,112951.39,62444,33,2220,LANTUS 10M,4,XX,false,5398983.91,821921.737,MCOU,2025
00088,,00088502101,,,01,5021,LANTUS NOV,4,XX,true,,,MCOU,2025
00088,3613.89,00088221901,3.00,39,01,2219,LANTUS 3ML,3,XX,false,3616.89,665.000,FFSU,2025
00088,13646.17,00088221901,980.33,427,01,2219,LANTUS 3ML,3,XX,false,14626.50,5206.700,MCOU,2025
00088,27484346.66,00088221905,369578.12,259967,05,2219,LANTUS 3ML,3,XX,false,27853924.78,4046808.917,FFSU,2025
00088,42018645.04,00088221905,362645.49,402774,05,2219,LANTUS 3ML,3,XX,false,42381290.53,6642939.001,MCOU,2025
00088,2842639.92,00088222033,35574.47,28507,33,2220,LANTUS 10M,3,XX,false,2878214.39,408618.230,FFSU,2025
00088,5161871.86,00088222033,164975.12,61161,33,2220,LANTUS 10M,3,XX,false,5326846.98,806619.138,MCOU,2025
00088,,00088502101,,,01,5021,LANTUS NOV,3,XX,true,,,FFSU,2025
00088,,00088502101,,,01,5021,LANTUS NOV,3,XX,true,,,MCOU,2025
00088,3910.52,00088221901,39.65,47,01,2219,LANTUS 3ML,2,XX,false,3950.17,888.500,FFSU,2025
00088,15395.19,00088221901,20748.55,400,01,2219,LANTUS 3ML,2,XX,false,36143.74,2994.550,MCOU,2025
00088,25186906.73,00088221905,370083.43,236120,05,2219,LANTUS 3ML,2,XX,false,25556990.16,3710321.900,FFSU,2025
00088,40939210.69,00088221905,430726.03,391638,05,2219,LANTUS 3ML,2,XX,false,41369936.72,6481596.200,MCOU,2025
00088,3500608.02,00088222033,41001.92,34217,33,2220,LANTUS 10M,2,XX,false,3541609.94,496469.450,FFSU,2025
00088,6111213.66,00088222033,124868.77,71801,33,2220,LANTUS 10M,2,XX,false,6236082.43,959778.651,MCOU,2025
00088,,00088502005,,,05,5020,LANTUS SOL,2,XX,true,,,MCOU,2025
00088,,00088502101,,,01,5021,LANTUS NOV,2,XX,true,,,FFSU,2025
00088,,00088502101,,,01,5021,LANTUS NOV,2,XX,true,,,MCOU,2025
00088,2996.56,00088221901,96.19,45,01,2219,LANTUS 3ML,1,XX,false,3092.75,391.100,FFSU,2025
00088,15330.70,00088221901,16559.94,381,01,2219,LANTUS 3ML,1,XX,false,31890.64,2807.000,MCOU,2025
00088,25002520.83,00088221905,387263.42,231587,05,2219,LANTUS 3ML,1,XX,false,25389784.25,3685592.700,FFSU,2025
00088,38667617.99,00088221905,405059.76,371162,05,2219,LANTUS 3ML,1,XX,false,39072677.75,6089160.595,MCOU,2025
00088,3531916.40,00088222033,47449.97,33934,33,2220,LANTUS 10M,1,XX,false,3579366.37,506724.120,FFSU,2025
00088,6343513.50,00088222033,367156.96,74542,33,2220,LANTUS 10M,1,XX,false,6710670.46,998209.542,MCOU,2025
00088,,00088502005,,,05,5020,LANTUS SOL,1,XX,true,,,FFSU,2025
00088,,00088502005,,,05,5020,LANTUS SOL,1,XX,true,,,MCOU,2025
00088,3285.05,00088502101,694.10,17,01,5021,LANTUS NOV,1,XX,false,3979.15,5.550,MCOU,2025
00002,,00002771501,,,01,7715,BASAGLAR  ,4,XX,true,,,FFSU,2025
00002,9198.91,00002771501,12.00,39,01,7715,BASAGLAR  ,4,XX,false,9210.91,423.100,MCOU,2025
00002,21204223.54,00002771559,145021.60,56651,59,7715,BASAGLAR  ,4,XX,false,21349245.14,1007217.600,FFSU,2025
00002,5251814.67,00002771559,147038.12,13582,59,7715,BASAGLAR  ,4,XX,false,5398852.79,249495.300,MCOU,2025
00002,113360.68,00002821405,540.14,273,05,8214,BASAGLAR T,4,XX,false,113900.82,5298.000,FFSU,2025
00002,61174.84,00002821405,305.33,148,05,8214,BASAGLAR T,4,XX,false,61480.17,2721.000,MCOU,2025
00002,,00002771501,,,01,7715,BASAGLAR  ,3,XX,true,,,FFSU,2025
00002,10689.32,00002771501,307.28,39,01,7715,BASAGLAR  ,3,XX,false,10996.60,549.000,MCOU,2025
00002,25404648.04,00002771559,167549.03,67750,59,7715,BASAGLAR  ,3,XX,false,25572197.07,1203601.050,FFSU,2025
00002,5964877.04,00002771559,240864.71,15616,59,7715,BASAGLAR  ,3,XX,false,6205741.75,287467.000,MCOU,2025
00002,142023.69,00002821405,897.67,358,05,8214,BASAGLAR T,3,XX,false,142921.36,6606.000,FFSU,2025
00002,58504.80,00002821405,775.25,148,05,8214,BASAGLAR T,3,XX,false,59280.05,2802.000,MCOU,2025
00002,36885.42,00002771501,148.13,117,01,7715,BASAGLAR  ,2,XX,false,37033.55,1677.000,FFSU,2025
00002,10959.57,00002771501,562.71,34,01,7715,BASAGLAR  ,2,XX,false,11522.28,573.250,MCOU,2025
00002,20576433.32,00002771559,166908.69,55471,59,7715,BASAGLAR  ,2,XX,false,20743342.01,980737.600,FFSU,2025
00002,7817396.37,00002771559,242195.02,20444,59,7715,BASAGLAR  ,2,XX,false,8059591.39,379400.000,MCOU,2025
00002,78764.05,00002821405,1264.73,207,05,8214,BASAGLAR T,2,XX,false,80028.78,3711.000,FFSU,2025
00002,74616.02,00002821405,443.75,207,05,8214,BASAGLAR T,2,XX,false,75059.77,3567.000,MCOU,2025
00002,98370.91,00002771501,1918.15,337,01,7715,BASAGLAR  ,1,XX,false,100289.06,4653.600,FFSU,2025
00002,43674.89,00002771501,68.00,145,01,7715,BASAGLAR  ,1,XX,false,43742.89,2169.000,MCOU,2025
00002,24736862.17,00002771559,224742.93,66338,59,7715,BASAGLAR  ,1,XX,false,24961605.10,1178717.000,FFSU,2025
00002,12905052.35,00002771559,298149.03,36310,59,7715,BASAGLAR  ,1,XX,false,13203201.38,627372.000,MCOU,2025
00002,,00002821401,,,01,8214,BASAGLAR T,1,XX,true,,,MCOU,2025
00002,80493.94,00002821405,232.56,214,05,8214,BASAGLAR T,1,XX,false,80726.50,3744.000,FFSU,2025
00002,89329.49,00002821405,1673.16,292,05,8214,BASAGLAR T,1,XX,false,91002.65,4344.000,MCOU,2025
49502,,49502019580,,,80,0195,Semglee In,4,XX,true,,,MCOU,2025
49502,,49502025080,,,80,0250,Semglee In,4,XX,true,,,FFSU,2025
49502,222.05,49502025080,1.86,23,80,0250,Semglee In,4,XX,false,223.91,15.600,MCOU,2025
49502,,49502025175,,,75,0251,Semglee In,4,XX,true,,,MCOU,2025
83257,24284.93,83257001111,2257.61,89,11,0011,Semglee In,4,XX,false,26542.54,1049.650,FFSU,2025
83257,9168.35,83257001111,1030.85,56,11,0011,Semglee In,4,XX,false,10199.20,474.250,MCOU,2025
83257,,83257001231,,,31,0012,Semglee In,4,XX,true,,,FFSU,2025
83257,163406.79,83257001233,12437.75,499,33,0012,Semglee In,4,XX,false,175844.54,6540.000,FFSU,2025
83257,64144.95,83257001233,7670.75,263,33,0012,Semglee In,4,XX,false,71815.70,2649.000,MCOU,2025
49502,33.00,49502019580,0.00,23,80,0195,Semglee In,3,XX,false,33.00,7.500,MCOU,2025
49502,3340.36,49502025080,583.82,14,80,0250,Semglee In,3,XX,false,3924.18,100.900,FFSU,2025
49502,1697.50,49502025080,0.00,18,80,0250,Semglee In,3,XX,false,1697.50,82.450,MCOU,2025
49502,5829.33,49502025175,291.49,19,75,0251,Semglee In,3,XX,false,6120.82,228.050,FFSU,2025
49502,,49502025175,,,75,0251,Semglee In,3,XX,true,,,MCOU,2025
83257,175759.49,83257001111,9414.95,493,11,0011,Semglee In,3,XX,false,185174.44,7001.450,FFSU,2025
83257,83462.21,83257001111,17467.05,312,11,0011,Semglee In,3,XX,false,100929.26,3953.850,MCOU,2025
83257,727089.25,83257001233,62496.47,2050,33,0012,Semglee In,3,XX,false,789585.72,30460.000,FFSU,2025
83257,491313.76,83257001233,69897.58,1605,33,0012,Semglee In,3,XX,false,561211.34,21843.000,MCOU,2025
49502,,49502019580,,,80,0195,Semglee In,2,XX,true,,,MCOU,2025
49502,2462.65,49502025080,0.00,16,80,0250,Semglee In,2,XX,false,2462.65,91.700,FFSU,2025
49502,564.38,49502025080,0.00,13,80,0250,Semglee In,2,XX,false,564.38,42.800,MCOU,2025
49502,5635.46,49502025175,389.26,20,75,0251,Semglee In,2,XX,false,6024.72,255.000,FFSU,2025
49502,6410.84,49502025175,3218.65,23,75,0251,Semglee In,2,XX,false,9629.49,303.000,MCOU,2025
83257,175917.63,83257001111,8650.37,487,11,0011,Semglee In,2,XX,false,184568.00,7095.200,FFSU,2025
83257,104388.24,83257001111,37912.46,400,11,0011,Semglee In,2,XX,false,142300.70,5247.900,MCOU,2025
83257,1870340.34,83257001233,115999.56,4799,33,0012,Semglee In,2,XX,false,1986339.90,77760.000,FFSU,2025
83257,1338205.38,83257001233,172734.25,4012,33,0012,Semglee In,2,XX,false,1510939.63,58642.000,MCOU,2025
49502,,49502019580,,,80,0195,Semglee In,1,XX,true,,,MCOU,2025
49502,,49502025080,,,80,0250,Semglee In,1,XX,true,,,FFSU,2025
49502,869.83,49502025080,1168.05,43,80,0250,Semglee In,1,XX,false,2037.88,72.650,MCOU,2025
49502,12377.76,49502025175,296.38,32,75,0251,Semglee In,1,XX,false,12674.14,468.000,FFSU,2025
49502,15750.14,49502025175,6350.44,58,75,0251,Semglee In,1,XX,false,22100.58,690.050,MCOU,2025
83257,184414.58,83257001111,5963.65,504,11,0011,Semglee In,1,XX,false,190378.23,7291.000,FFSU,2025
83257,110962.80,83257001111,33774.62,399,11,0011,Semglee In,1,XX,false,144737.42,5581.200,MCOU,2025
83257,2805997.17,83257001233,132111.43,6796,33,0012,Semglee In,1,XX,false,2938108.60,116319.000,FFSU,2025
83257,2484859.07,83257001233,264991.23,6852,33,0012,Semglee In,1,XX,false,2749850.30,106467.000,MCOU,2025
00002,148.76,00002898001,1.00,11,01,8980,REZVOGLAR ,4,XX,false,149.76,105.000,MCOU,2025
00002,75426.46,00002898005,1228.93,693,05,8980,REZVOGLAR ,4,XX,false,76655.39,11412.000,FFSU,2025
00002,956414.32,00002898005,4398.93,9715,05,8980,REZVOGLAR ,4,XX,false,960813.25,156384.000,MCOU,2025
00002,253.86,00002898001,1.00,22,01,8980,REZVOGLAR ,3,XX,false,254.86,159.000,MCOU,2025
00002,54029.52,00002898005,622.41,450,05,8980,REZVOGLAR ,3,XX,false,54651.93,7608.000,FFSU,2025
00002,900377.52,00002898005,4684.94,8836,05,8980,REZVOGLAR ,3,XX,false,905062.46,145826.000,MCOU,2025
00002,,00002898001,,,01,8980,REZVOGLAR ,2,XX,true,,,MCOU,2025
00002,48610.85,00002898005,1170.54,346,05,8980,REZVOGLAR ,2,XX,false,49781.39,5976.000,FFSU,2025
00002,795158.67,00002898005,3357.98,7693,05,8980,REZVOGLAR ,2,XX,false,798516.65,127475.000,MCOU,2025
00002,,00002898001,,,01,8980,REZVOGLAR ,1,XX,true,,,MCOU,2025
00002,22420.13,00002898005,580.28,217,05,8980,REZVOGLAR ,1,XX,false,23000.41,3492.000,FFSU,2025
00002,653736.04,00002898005,1862.78,6226,05,8980,REZVOGLAR ,1,XX,false,655598.82,104504.000,MCOU,2025
00169,25119.50,00169368712,37.50,113,12,3687,LEVEMIR 10,4,XX,false,25157.00,1790.050,FFSU,2025
00169,17584.36,00169368712,0.00,125,12,3687,LEVEMIR 10,4,XX,false,17584.36,1640.400,MCOU,2025
00169,40581.27,00169643210,236.57,127,10,6432,LEVEMIR FL,4,XX,false,40817.84,2157.000,FFSU,2025
00169,9973.99,00169643210,328.24,87,10,6432,LEVEMIR FL,4,XX,false,10302.23,963.400,MCOU,2025
00169,36864.01,00169368712,480.04,269,12,3687,LEVEMIR 10,3,XX,false,37344.05,3286.380,FFSU,2025
00169,42706.84,00169368712,967.03,295,12,3687,LEVEMIR 10,3,XX,false,43673.87,4070.950,MCOU,2025
00169,35007.00,00169643210,1577.03,216,10,6432,LEVEMIR FL,3,XX,false,36584.03,3246.000,FFSU,2025
00169,31083.15,00169643210,178.66,222,10,6432,LEVEMIR FL,3,XX,false,31261.81,2664.000,MCOU,2025
00169,119519.68,00169368712,608.32,702,12,3687,LEVEMIR 10,2,XX,false,120128.00,10035.620,FFSU,2025
00169,103220.25,00169368712,1873.90,686,12,3687,LEVEMIR 10,2,XX,false,105094.15,9742.550,MCOU,2025
00169,86404.16,00169643210,1135.80,443,10,6432,LEVEMIR FL,2,XX,false,87539.96,6771.000,FFSU,2025
00169,64690.42,00169643210,710.97,466,10,6432,LEVEMIR FL,2,XX,false,65401.39,5970.000,MCOU,2025
00169,5782.09,00169643810,0.00,17,10,6438,LEVEMIR FL,2,XX,false,5782.09,348.000,FFSU,2025
00169,,00169643810,,,10,6438,LEVEMIR FL,2,XX,true,,,MCOU,2025
00169,528838.40,00169368712,4957.39,2997,12,3687,LEVEMIR 10,1,XX,false,533795.79,47607.150,FFSU,2025
00169,518923.44,00169368712,10226.02,3279,12,3687,LEVEMIR 10,1,XX,false,529149.46,49843.150,MCOU,2025
00169,206693.11,00169643210,5179.73,1165,10,6432,LEVEMIR FL,1,XX,false,211872.84,17202.000,FFSU,2025
00169,176883.88,00169643210,3573.30,1244,10,6432,LEVEMIR FL,1,XX,false,180457.18,16191.000,MCOU,2025
00169,,00169643255,,,55,6432,LEVEMIR FL,1,XX,true,,,FFSU,2025
00169,12915.98,00169643810,3.00,42,10,6438,LEVEMIR FL,1,XX,false,12918.98,714.000,FFSU,2025
00169,2773.40,00169643810,296.88,24,10,6438,LEVEMIR FL,1,XX,false,3070.28,287.050,MCOU,2025
00002,3848023.64,00002773701,109659.64,51147,01,7737,INSULIN LI,4,XX,false,3957683.28,1440067.740,FFSU,2025
00002,6773627.35,00002773701,147349.05,101165,01,7737,INSULIN LI,4,XX,false,6920976.40,2724017.370,MCOU,2025
00002,,00002775201,,,01,7752,INSULIN LI,4,XX,true,,,FFSU,2025
00002,8967.67,00002775201,0.00,44,01,7752,INSULIN LI,4,XX,false,8967.67,900.000,MCOU,2025
00002,1827894.84,00002775205,50134.84,9433,05,7752,INSULIN LI,4,XX,false,1878029.68,173343.000,FFSU,2025
00002,3112247.27,00002775205,36708.54,17077,05,7752,INSULIN LI,4,XX,false,3148955.81,303739.000,MCOU,2025
00002,4152.17,00002822201,381.43,61,01,8222,INSULIN LI,4,XX,false,4533.60,286.650,FFSU,2025
00002,17259.26,00002822201,5.00,214,01,8222,INSULIN LI,4,XX,false,17264.26,3472.550,MCOU,2025
00002,17332092.28,00002822259,184871.15,93862,59,8222,INSULIN LI,4,XX,false,17516963.43,1641407.400,FFSU,2025
00002,27140371.84,00002822259,193771.65,140640,59,8222,INSULIN LI,4,XX,false,27334143.49,2637533.450,MCOU,2025
00002,,00002823301,,,01,8233,INSULIN LI,4,XX,true,,,FFSU,2025
00002,,00002823301,,,01,8233,INSULIN LI,4,XX,true,,,MCOU,2025
00002,432501.37,00002823305,2813.55,1707,05,8233,INSULIN LI,4,XX,false,435314.92,40419.000,FFSU,2025
00002,905621.51,00002823305,2419.29,3977,05,8233,INSULIN LI,4,XX,false,908040.80,88044.850,MCOU,2025
00338,8070.34,00338012612,89.07,156,12,0126,Insulin in,4,XX,false,8159.41,13499.000,FFSU,2025
00338,12043.88,00338012612,10428.84,428,12,0126,Insulin in,4,XX,false,22472.72,22771.000,MCOU,2025
00955,,00955172801,,,01,1728,INSULIN GL,4,XX,true,,,MCOU,2025
00955,109666.15,00955172805,0.00,754,05,1728,INSULIN GL,4,XX,false,109666.15,10885.600,FFSU,2025
00955,14698.60,00955172805,24.00,84,05,1728,INSULIN GL,4,XX,false,14722.60,1206.000,MCOU,2025
00955,6211.59,00955172901,1.50,59,01,1729,INSULIN GL,4,XX,false,6213.09,587.000,FFSU,2025
00955,3085.24,00955172901,0.00,91,01,1729,INSULIN GL,4,XX,false,3085.24,443.430,MCOU,2025
00955,,00955290001,,,01,2900,INSULIN GL,4,XX,true,,,MCOU,2025
00955,338303.74,00955290002,4458.64,928,02,2900,INSULIN GL,4,XX,false,342762.38,9084.000,FFSU,2025
00955,588337.08,00955290002,2088.94,1557,02,2900,INSULIN GL,4,XX,false,590426.02,16306.500,MCOU,2025
00955,,00955390001,,,01,3900,INSULIN GL,4,XX,true,,,MCOU,2025
00955,233428.17,00955390003,965.44,918,03,3900,INSULIN GL,4,XX,false,234393.61,6120.000,FFSU,2025
00955,429441.58,00955390003,1741.90,1694,03,3900,INSULIN GL,4,XX,false,431183.48,11860.500,MCOU,2025
49502,987.15,49502039380,0.00,28,80,0393,Insulin Gl,4,XX,false,987.15,67.000,FFSU,2025
49502,1917.94,49502039380,5.00,59,80,0393,Insulin Gl,4,XX,false,1922.94,261.800,MCOU,2025
49502,1160.79,49502039471,6.00,17,71,0394,Insulin Gl,4,XX,false,1166.79,210.000,MCOU,2025
49502,3387.42,49502039475,63.32,37,75,0394,Insulin Gl,4,XX,false,3450.74,504.000,FFSU,2025
49502,11540.55,49502039475,39.00,142,75,0394,Insulin Gl,4,XX,false,11579.55,1911.050,MCOU,2025
66733,,66733082201,,,01,0822,INSULIN LI,4,XX,true,,,MCOU,2025
72572,,72572042205,,,05,0422,INSULIN GL,4,XX,true,,,MCOU,2025
73070,3737058.13,73070010011,84332.99,17550,11,0100,INSULIN AS,4,XX,false,3821391.12,523205.250,FFSU,2025
73070,7877819.10,73070010011,127736.04,37974,11,0100,INSULIN AS,4,XX,false,8005555.14,1149054.150,MCOU,2025
73070,,73070010210,,,10,0102,INSULIN AS,4,XX,true,,,MCOU,2025
73070,209340.57,73070010215,6932.84,1068,15,0102,INSULIN AS,4,XX,false,216273.41,23307.000,FFSU,2025
73070,377693.19,73070010215,8295.09,2137,15,0102,INSULIN AS,4,XX,false,385988.28,45486.000,MCOU,2025
73070,1347.63,73070010310,5.38,21,10,0103,INSULIN AS,4,XX,false,1353.01,109.600,FFSU,2025
73070,11780.24,73070010310,113.45,133,10,0103,INSULIN AS,4,XX,false,11893.69,1297.000,MCOU,2025
73070,6145983.28,73070010315,70873.17,35930,15,0103,INSULIN AS,4,XX,false,6216856.45,644179.570,FFSU,2025
73070,11407628.53,73070010315,55646.60,69020,15,0103,INSULIN AS,4,XX,false,11463275.13,1261385.728,MCOU,2025
73070,73938.22,73070020011,489.40,504,11,0200,INSULIN AS,4,XX,false,74427.62,9940.440,FFSU,2025
73070,135800.48,73070020011,47.74,857,11,0200,INSULIN AS,4,XX,false,135848.22,19701.550,MCOU,2025
73070,,73070020310,,,10,0203,INSULIN AS,4,XX,true,,,FFSU,2025
73070,1063.26,73070020310,0.00,11,10,0203,INSULIN AS,4,XX,false,1063.26,135.000,MCOU,2025
73070,791310.82,73070020315,2662.52,3531,15,0203,INSULIN AS,4,XX,false,793973.34,82563.000,FFSU,2025
73070,897587.57,73070020315,1118.90,4524,15,0203,INSULIN AS,4,XX,false,898706.47,100350.000,MCOU,2025
73070,14768.03,73070040011,412.61,86,11,0400,INSULIN DE,4,XX,false,15180.64,1279.000,FFSU,2025
73070,72630.70,73070040011,1823.09,407,11,0400,INSULIN DE,4,XX,false,74453.79,6429.150,MCOU,2025
73070,,73070040310,,,10,0403,INSULIN DE,4,XX,true,,,MCOU,2025
73070,452799.84,73070040315,10222.44,2533,15,0403,INSULIN DE,4,XX,false,463022.28,38448.000,FFSU,2025
73070,1248381.67,73070040315,14825.21,6996,15,0403,INSULIN DE,4,XX,false,1263206.88,108276.000,MCOU,2025
73070,541059.64,73070050315,3791.37,1802,15,0503,INSULIN DE,4,XX,false,544851.01,22959.000,FFSU,2025
73070,1308894.53,73070050315,10872.12,4289,15,0503,INSULIN DE,4,XX,false,1319766.65,58008.000,MCOU,2025
83257,986322.46,83257001411,36822.76,6480,11,0014,Insulin Gl,4,XX,false,1023145.22,162582.400,FFSU,2025
83257,448378.70,83257001411,17072.79,6392,11,0014,Insulin Gl,4,XX,false,465451.49,88187.840,MCOU,2025
83257,367.44,83257001531,0.00,11,31,0015,Insulin Gl,4,XX,false,367.44,45.000,FFSU,2025
83257,4080.21,83257001531,23.00,68,31,0015,Insulin Gl,4,XX,false,4103.21,1456.000,MCOU,2025
83257,3322426.56,83257001532,108520.21,29800,32,0015,Insulin Gl,4,XX,false,3430946.77,522624.600,FFSU,2025
83257,2806783.67,83257001532,40094.34,31540,32,0015,Insulin Gl,4,XX,false,2846878.01,477438.200,MCOU,2025
00002,3466421.23,00002773701,154514.13,47409,01,7737,INSULIN LI,3,XX,false,3620935.36,1287317.410,FFSU,2025
00002,6317990.76,00002773701,239254.19,97186,01,7737,INSULIN LI,3,XX,false,6557244.95,2568913.686,MCOU,2025
00002,,00002775201,,,01,7752,INSULIN LI,3,XX,true,,,FFSU,2025
00002,7611.39,00002775201,0.00,48,01,7752,INSULIN LI,3,XX,false,7611.39,936.000,MCOU,2025
00002,1897308.33,00002775205,48453.21,9583,05,7752,INSULIN LI,3,XX,false,1945761.54,180246.350,FFSU,2025
00002,3002026.19,00002775205,41845.61,16781,05,7752,INSULIN LI,3,XX,false,3043871.80,296114.000,MCOU,2025
00002,5180.33,00002822201,22.33,62,01,8222,INSULIN LI,3,XX,false,5202.66,408.050,FFSU,2025
00002,14684.28,00002822201,647.45,187,01,8222,INSULIN LI,3,XX,false,15331.73,2360.100,MCOU,2025
00002,17964019.80,00002822259,195953.91,97018,59,8222,INSULIN LI,3,XX,false,18159973.71,1684358.800,FFSU,2025
00002,26786425.78,00002822259,198700.26,139604,59,8222,INSULIN LI,3,XX,false,26985126.04,2616067.900,MCOU,2025
00002,3128.62,00002823301,3.00,19,01,8233,INSULIN LI,3,XX,false,3131.62,309.000,MCOU,2025
00002,443496.38,00002823305,2732.90,1723,05,8233,INSULIN LI,3,XX,false,446229.28,41389.000,FFSU,2025
00002,886637.69,00002823305,5814.39,3980,05,8233,INSULIN LI,3,XX,false,892452.08,89175.000,MCOU,2025
00338,12546.78,00338012612,161.35,227,12,0126,Insulin in,3,XX,false,12708.13,18090.000,FFSU,2025
00338,10884.32,00338012612,21022.31,515,12,0126,Insulin in,3,XX,false,31906.63,26318.200,MCOU,2025
00955,,00955172801,,,01,1728,INSULIN GL,3,XX,true,,,FFSU,2025
00955,,00955172801,,,01,1728,INSULIN GL,3,XX,true,,,MCOU,2025
00955,145221.66,00955172805,107.06,975,05,1728,INSULIN GL,3,XX,false,145328.72,14399.250,FFSU,2025
00955,23056.38,00955172805,355.63,134,05,1728,INSULIN GL,3,XX,false,23412.01,1914.000,MCOU,2025
00955,5186.75,00955172901,463.82,53,01,1729,INSULIN GL,3,XX,false,5650.57,553.230,FFSU,2025
00955,3813.92,00955172901,0.00,124,01,1729,INSULIN GL,3,XX,false,3813.92,1254.810,MCOU,2025
00955,,00955290001,,,01,2900,INSULIN GL,3,XX,true,,,FFSU,2025
00955,345786.07,00955290002,1831.08,944,02,2900,INSULIN GL,3,XX,false,347617.15,9186.500,FFSU,2025
00955,626498.60,00955290002,12141.88,1617,02,2900,INSULIN GL,3,XX,false,638640.48,17397.000,MCOU,2025
00955,,00955390001,,,01,3900,INSULIN GL,3,XX,true,,,FFSU,2025
00955,,00955390001,,,01,3900,INSULIN GL,3,XX,true,,,MCOU,2025
00955,243900.23,00955390003,1602.65,951,03,3900,INSULIN GL,3,XX,false,245502.88,6417.000,FFSU,2025
00955,390831.48,00955390003,3469.42,1574,03,3900,INSULIN GL,3,XX,false,394300.90,10900.500,MCOU,2025
49502,2122.33,49502039380,2.00,61,80,0393,Insulin Gl,3,XX,false,2124.33,271.430,FFSU,2025
49502,3695.71,49502039380,55.01,91,80,0393,Insulin Gl,3,XX,false,3750.72,608.000,MCOU,2025
49502,1093.20,49502039471,7.00,18,71,0394,Insulin Gl,3,XX,false,1100.20,201.000,MCOU,2025
49502,13429.15,49502039475,207.44,76,75,0394,Insulin Gl,3,XX,false,13636.59,915.000,FFSU,2025
49502,18125.46,49502039475,7719.67,214,75,0394,Insulin Gl,3,XX,false,25845.13,3305.950,MCOU,2025
66733,,66733077301,,,01,0773,INSULIN LI,3,XX,true,,,MCOU,2025
73070,3791347.93,73070010011,89628.21,17778,11,0100,INSULIN AS,3,XX,false,3880976.14,530573.180,FFSU,2025
73070,6668724.85,73070010011,131498.87,34055,11,0100,INSULIN AS,3,XX,false,6800223.72,990847.190,MCOU,2025
73070,,73070010210,,,10,0102,INSULIN AS,3,XX,true,,,MCOU,2025
73070,221238.45,73070010215,7547.05,1117,15,0102,INSULIN AS,3,XX,false,228785.50,24540.000,FFSU,2025
73070,388838.56,73070010215,7650.93,2209,15,0102,INSULIN AS,3,XX,false,396489.49,46653.000,MCOU,2025
73070,1203.37,73070010310,12.87,24,10,0103,INSULIN AS,3,XX,false,1216.24,175.100,FFSU,2025
73070,13839.24,73070010310,294.55,147,10,0103,INSULIN AS,3,XX,false,14133.79,1555.000,MCOU,2025
73070,6274002.88,73070010315,74508.10,36316,15,0103,INSULIN AS,3,XX,false,6348510.98,659159.500,FFSU,2025
73070,11255161.67,73070010315,92242.16,68906,15,0103,INSULIN AS,3,XX,false,11347403.83,1255295.607,MCOU,2025
73070,73347.87,73070020011,646.13,503,11,0200,INSULIN AS,3,XX,false,73994.00,9887.000,FFSU,2025
73070,151676.25,73070020011,152.79,959,11,0200,INSULIN AS,3,XX,false,151829.04,21915.080,MCOU,2025
73070,1393.13,73070020310,0.00,15,10,0203,INSULIN AS,3,XX,false,1393.13,168.000,MCOU,2025
73070,864809.76,73070020315,6855.33,3810,15,0203,INSULIN AS,3,XX,false,871665.09,90534.000,FFSU,2025
73070,896836.29,73070020315,3488.40,4618,15,0203,INSULIN AS,3,XX,false,900324.69,100932.000,MCOU,2025
73070,13419.58,73070040011,596.42,81,11,0400,INSULIN DE,3,XX,false,14016.00,1190.000,FFSU,2025
73070,58496.30,73070040011,2295.29,355,11,0400,INSULIN DE,3,XX,false,60791.59,5297.000,MCOU,2025
73070,,73070040310,,,10,0403,INSULIN DE,3,XX,true,,,MCOU,2025
73070,440427.36,73070040315,13809.24,2422,15,0403,INSULIN DE,3,XX,false,454236.60,37653.000,FFSU,2025
73070,1260131.86,73070040315,24604.27,7119,15,0403,INSULIN DE,3,XX,false,1284736.13,112249.000,MCOU,2025
73070,451225.33,73070050315,3196.68,1526,15,0503,INSULIN DE,3,XX,false,454422.01,19077.000,FFSU,2025
73070,1221133.54,73070050315,14919.56,4067,15,0503,INSULIN DE,3,XX,false,1236053.10,54107.000,MCOU,2025
83257,1172088.55,83257001411,47306.79,7974,11,0014,Insulin Gl,3,XX,false,1219395.34,188728.000,FFSU,2025
83257,401395.54,83257001411,21813.20,5979,11,0014,Insulin Gl,3,XX,false,423208.74,81032.850,MCOU,2025
83257,246.53,83257001531,130.58,12,31,0015,Insulin Gl,3,XX,false,377.11,108.000,FFSU,2025
83257,4501.23,83257001531,35.36,91,31,0015,Insulin Gl,3,XX,false,4536.59,1909.450,MCOU,2025
83257,3940513.86,83257001532,125317.45,35456,32,0015,Insulin Gl,3,XX,false,4065831.31,615047.200,FFSU,2025
83257,3466257.43,83257001532,59033.51,38380,32,0015,Insulin Gl,3,XX,false,3525290.94,592894.350,MCOU,2025
00002,2667418.73,00002773701,98041.30,36574,01,7737,INSULIN LI,2,XX,false,2765460.03,996027.760,FFSU,2025
00002,5223268.82,00002773701,155418.01,82348,01,7737,INSULIN LI,2,XX,false,5378686.83,2118848.152,MCOU,2025
00002,,00002775201,,,01,7752,INSULIN LI,2,XX,true,,,FFSU,2025
00002,5309.47,00002775201,155.64,31,01,7752,INSULIN LI,2,XX,false,5465.11,599.000,MCOU,2025
00002,1423993.39,00002775205,42622.10,7377,05,7752,INSULIN LI,2,XX,false,1466615.49,135531.000,FFSU,2025
00002,2652526.00,00002775205,45213.78,15036,05,7752,INSULIN LI,2,XX,false,2697739.78,262840.000,MCOU,2025
00002,5435.77,00002822201,36.33,97,01,8222,INSULIN LI,2,XX,false,5472.10,426.150,FFSU,2025
00002,18415.45,00002822201,259.53,216,01,8222,INSULIN LI,2,XX,false,18674.98,2301.350,MCOU,2025
00002,15310292.14,00002822259,179137.13,82591,59,8222,INSULIN LI,2,XX,false,15489429.27,1438176.750,FFSU,2025
00002,24872021.29,00002822259,196198.72,130079,59,8222,INSULIN LI,2,XX,false,25068220.01,2433498.250,MCOU,2025
00002,1654.94,00002823301,3.00,13,01,8233,INSULIN LI,2,XX,false,1657.94,156.000,MCOU,2025
00002,427632.76,00002823305,2973.92,1652,05,8233,INSULIN LI,2,XX,false,430606.68,39918.000,FFSU,2025
00002,803258.52,00002823305,6666.93,3572,05,8233,INSULIN LI,2,XX,false,809925.45,86532.000,MCOU,2025
00338,12612.38,00338012612,2870.78,199,12,0126,Insulin in,2,XX,false,15483.16,16866.000,FFSU,2025
00338,13383.45,00338012612,11158.88,570,12,0126,Insulin in,2,XX,false,24542.33,26940.000,MCOU,2025
00955,,00955172801,,,01,1728,INSULIN GL,2,XX,true,,,FFSU,2025
00955,4254.06,00955172801,0.00,29,01,1728,INSULIN GL,2,XX,false,4254.06,387.000,MCOU,2025
00955,157622.92,00955172805,267.37,1080,05,1728,INSULIN GL,2,XX,false,157890.29,15649.800,FFSU,2025
00955,47154.40,00955172805,33.00,279,05,1728,INSULIN GL,2,XX,false,47187.40,4128.000,MCOU,2025
00955,7740.70,00955172901,3.00,73,01,1729,INSULIN GL,2,XX,false,7743.70,749.850,FFSU,2025
00955,3953.00,00955172901,0.14,181,01,1729,INSULIN GL,2,XX,false,3953.14,2515.170,MCOU,2025
00955,271030.93,00955290002,2109.68,708,02,2900,INSULIN GL,2,XX,false,273140.61,7221.500,FFSU,2025
00955,521479.21,00955290002,2869.66,1361,02,2900,INSULIN GL,2,XX,false,524348.87,14481.000,MCOU,2025
00955,,00955390001,,,01,3900,INSULIN GL,2,XX,true,,,MCOU,2025
00955,213407.32,00955390003,3172.10,800,03,3900,INSULIN GL,2,XX,false,216579.42,5677.500,FFSU,2025
00955,324777.30,00955390003,2025.10,1339,03,3900,INSULIN GL,2,XX,false,326802.40,8997.000,MCOU,2025
49502,3060.13,49502039380,16.48,92,80,0393,Insulin Gl,2,XX,false,3076.61,333.700,FFSU,2025
49502,4705.15,49502039380,10.00,126,80,0393,Insulin Gl,2,XX,false,4715.15,732.550,MCOU,2025
49502,706.83,49502039471,13.00,20,71,0394,Insulin Gl,2,XX,false,719.83,129.000,MCOU,2025
49502,14072.61,49502039475,21.40,91,75,0394,Insulin Gl,2,XX,false,14094.01,1170.150,FFSU,2025
49502,29270.70,49502039475,11005.47,344,75,0394,Insulin Gl,2,XX,false,40276.17,5104.000,MCOU,2025
66733,,66733077301,,,01,0773,INSULIN LI,2,XX,true,,,MCOU,2025
66733,,66733082259,,,59,0822,INSULIN LI,2,XX,true,,,MCOU,2025
73070,3220483.77,73070010011,90378.58,15169,11,0100,INSULIN AS,2,XX,false,3310862.35,454851.050,FFSU,2025
73070,5943229.16,73070010011,140254.83,30713,11,0100,INSULIN AS,2,XX,false,6083483.99,896346.510,MCOU,2025
73070,,73070010210,,,10,0102,INSULIN AS,2,XX,true,,,MCOU,2025
73070,189206.51,73070010215,4955.72,981,15,0102,INSULIN AS,2,XX,false,194162.23,21230.000,FFSU,2025
73070,363397.64,73070010215,9646.35,2152,15,0102,INSULIN AS,2,XX,false,373043.99,44397.000,MCOU,2025
73070,3045.31,73070010310,25.50,46,10,0103,INSULIN AS,2,XX,false,3070.81,289.000,FFSU,2025
73070,10458.80,73070010310,8091.22,162,10,0103,INSULIN AS,2,XX,false,18550.02,1422.000,MCOU,2025
73070,5019494.69,73070010315,60610.03,29323,15,0103,INSULIN AS,2,XX,false,5080104.72,527349.500,FFSU,2025
73070,10076272.10,73070010315,97354.18,61794,15,0103,INSULIN AS,2,XX,false,10173626.28,1127937.621,MCOU,2025
73070,59771.36,73070020011,241.86,373,11,0200,INSULIN AS,2,XX,false,60013.22,7983.000,FFSU,2025
73070,142957.65,73070020011,1082.42,884,11,0200,INSULIN AS,2,XX,false,144040.07,20875.000,MCOU,2025
73070,,73070020310,,,10,0203,INSULIN AS,2,XX,true,,,MCOU,2025
73070,803664.00,73070020315,5205.64,3571,15,0203,INSULIN AS,2,XX,false,808869.64,83965.000,FFSU,2025
73070,943241.04,73070020315,6126.98,4870,15,0203,INSULIN AS,2,XX,false,949368.02,106683.000,MCOU,2025
73070,10777.85,73070040011,119.86,59,11,0400,INSULIN DE,2,XX,false,10897.71,940.000,FFSU,2025
73070,45934.07,73070040011,1276.12,253,11,0400,INSULIN DE,2,XX,false,47210.19,4140.000,MCOU,2025
73070,,73070040310,,,10,0403,INSULIN DE,2,XX,true,,,MCOU,2025
73070,314975.80,73070040315,11139.06,1714,15,0403,INSULIN DE,2,XX,false,326114.86,26937.000,FFSU,2025
73070,955623.50,73070040315,18623.07,5394,15,0403,INSULIN DE,2,XX,false,974246.57,85467.000,MCOU,2025
73070,410955.60,73070050315,4135.09,1349,15,0503,INSULIN DE,2,XX,false,415090.69,17445.000,FFSU,2025
73070,978381.62,73070050315,12957.33,3496,15,0503,INSULIN DE,2,XX,false,991338.95,43209.000,MCOU,2025
83257,832358.99,83257001411,31617.33,6031,11,0014,Insulin Gl,2,XX,false,863976.32,133630.500,FFSU,2025
83257,545387.73,83257001411,44900.32,7767,11,0014,Insulin Gl,2,XX,false,590288.05,104044.480,MCOU,2025
83257,,83257001531,,,31,0015,Insulin Gl,2,XX,true,,,FFSU,2025
83257,5082.19,83257001531,12.00,109,31,0015,Insulin Gl,2,XX,false,5094.19,2237.000,MCOU,2025
83257,3359253.68,83257001532,99174.69,30233,32,0015,Insulin Gl,2,XX,false,3458428.37,513218.200,FFSU,2025
83257,3854524.45,83257001532,58442.39,42465,32,0015,Insulin Gl,2,XX,false,3912966.84,654339.450,MCOU,2025
00002,2460843.64,00002773701,73228.72,33947,01,7737,INSULIN LI,1,XX,false,2534072.36,914485.210,FFSU,2025
00002,4747334.00,00002773701,517184.34,77528,01,7737,INSULIN LI,1,XX,false,5264518.34,1923702.531,MCOU,2025
00002,,00002775201,,,01,7752,INSULIN LI,1,XX,true,,,FFSU,2025
00002,2296.51,00002775201,7.00,20,01,7752,INSULIN LI,1,XX,false,2303.51,378.000,MCOU,2025
00002,1390036.88,00002775205,46100.57,6813,05,7752,INSULIN LI,1,XX,false,1436137.45,133245.000,FFSU,2025
00002,2578988.74,00002775205,46646.57,14912,05,7752,INSULIN LI,1,XX,false,2625635.31,256481.000,MCOU,2025
00002,7403.96,00002822201,23.00,140,01,8222,INSULIN LI,1,XX,false,7426.96,608.000,FFSU,2025
00002,22359.48,00002822201,353.70,257,01,8222,INSULIN LI,1,XX,false,22713.18,2178.200,MCOU,2025
00002,14942958.23,00002822259,181987.76,80532,59,8222,INSULIN LI,1,XX,false,15124945.99,1402765.100,FFSU,2025
00002,22652359.01,00002822259,205676.10,121293,59,8222,INSULIN LI,1,XX,false,22858035.11,2223223.500,MCOU,2025
00002,2834.86,00002823301,151.29,16,01,8233,INSULIN LI,1,XX,false,2986.15,285.000,MCOU,2025
00002,459400.28,00002823305,4120.27,1777,05,8233,INSULIN LI,1,XX,false,463520.55,43026.000,FFSU,2025
00002,841891.89,00002823305,10484.65,3822,05,8233,INSULIN LI,1,XX,false,852376.54,85434.100,MCOU,2025
00338,12775.92,00338012612,97.35,184,12,0126,Insulin in,1,XX,false,12873.27,14515.275,FFSU,2025
00338,14855.36,00338012612,17901.71,591,12,0126,Insulin in,1,XX,false,32757.07,26698.200,MCOU,2025
00955,,00955172801,,,01,1728,INSULIN GL,1,XX,true,,,FFSU,2025
00955,4251.30,00955172801,0.00,27,01,1728,INSULIN GL,1,XX,false,4251.30,384.000,MCOU,2025
00955,240307.23,00955172805,352.88,1494,05,1728,INSULIN GL,1,XX,false,240660.11,22588.100,FFSU,2025
00955,65925.70,00955172805,1167.93,405,05,1728,INSULIN GL,1,XX,false,67093.63,5856.000,MCOU,2025
00955,7507.88,00955172901,98.63,57,01,1729,INSULIN GL,1,XX,false,7606.51,680.000,FFSU,2025
00955,7560.24,00955172901,4.00,206,01,1729,INSULIN GL,1,XX,false,7564.24,3505.350,MCOU,2025
00955,248063.75,00955290002,4221.00,645,02,2900,INSULIN GL,1,XX,false,252284.75,6682.500,FFSU,2025
00955,361027.37,00955290002,4760.13,939,02,2900,INSULIN GL,1,XX,false,365787.50,10095.000,MCOU,2025
00955,184548.05,00955390003,3403.75,706,03,3900,INSULIN GL,1,XX,false,187951.80,4914.000,FFSU,2025
00955,202608.67,00955390003,2057.56,825,03,3900,INSULIN GL,1,XX,false,204666.23,5604.000,MCOU,2025
49502,1740.69,49502039380,2356.43,59,80,0393,Insulin Gl,1,XX,false,4097.12,278.920,FFSU,2025
49502,5138.25,49502039380,62.53,163,80,0393,Insulin Gl,1,XX,false,5200.78,859.360,MCOU,2025
49502,1327.29,49502039471,302.33,30,71,0394,Insulin Gl,1,XX,false,1629.62,285.000,MCOU,2025
49502,20980.40,49502039475,223.64,137,75,0394,Insulin Gl,1,XX,false,21204.04,1623.050,FFSU,2025
49502,36156.54,49502039475,3173.86,463,75,0394,Insulin Gl,1,XX,false,39330.40,6421.000,MCOU,2025
66733,,66733077301,,,01,0773,INSULIN LI,1,XX,true,,,FFSU,2025
66733,,66733077301,,,01,0773,INSULIN LI,1,XX,true,,,MCOU,2025
73070,3027029.31,73070010011,78966.91,13968,11,0100,INSULIN AS,1,XX,false,3105996.22,429447.090,FFSU,2025
73070,6219998.37,73070010011,128924.80,31730,11,0100,INSULIN AS,1,XX,false,6348923.17,925584.240,MCOU,2025
73070,,73070010210,,,10,0102,INSULIN AS,1,XX,true,,,FFSU,2025
73070,,73070010210,,,10,0102,INSULIN AS,1,XX,true,,,MCOU,2025
73070,175199.70,73070010215,5772.35,834,15,0102,INSULIN AS,1,XX,false,180972.05,19548.000,FFSU,2025
73070,360307.36,73070010215,11078.78,2174,15,0102,INSULIN AS,1,XX,false,371386.14,43746.000,MCOU,2025
73070,3839.61,73070010310,20.66,55,10,0103,INSULIN AS,1,XX,false,3860.27,438.000,FFSU,2025
73070,10969.37,73070010310,7375.80,201,10,0103,INSULIN AS,1,XX,false,18345.17,1551.170,MCOU,2025
73070,5479218.35,73070010315,68122.01,31408,15,0103,INSULIN AS,1,XX,false,5547340.36,573866.202,FFSU,2025
73070,9150412.29,73070010315,76935.54,57955,15,0103,INSULIN AS,1,XX,false,9227347.83,1026284.561,MCOU,2025
73070,64223.87,73070020011,352.26,401,11,0200,INSULIN AS,1,XX,false,64576.13,8540.000,FFSU,2025
73070,143081.40,73070020011,186.78,903,11,0200,INSULIN AS,1,XX,false,143268.18,20893.000,MCOU,2025
73070,1690.31,73070020310,0.00,14,10,0203,INSULIN AS,1,XX,false,1690.31,192.000,MCOU,2025
73070,809242.17,73070020315,3938.17,3612,15,0203,INSULIN AS,1,XX,false,813180.34,84477.000,FFSU,2025
73070,916189.05,73070020315,5655.30,4804,15,0203,INSULIN AS,1,XX,false,921844.35,103947.000,MCOU,2025
73070,12748.30,73070040011,359.13,77,11,0400,INSULIN DE,1,XX,false,13107.43,1070.000,FFSU,2025
73070,26525.11,73070040011,935.20,171,11,0400,INSULIN DE,1,XX,false,27460.31,2431.300,MCOU,2025
73070,,73070040310,,,10,0403,INSULIN DE,1,XX,true,,,MCOU,2025
73070,436262.48,73070040315,10313.37,2425,15,0403,INSULIN DE,1,XX,false,446575.85,36825.000,FFSU,2025
73070,888330.29,73070040315,13944.57,5393,15,0403,INSULIN DE,1,XX,false,902274.86,80007.000,MCOU,2025
73070,445600.80,73070050315,6909.67,1435,15,0503,INSULIN DE,1,XX,false,452510.47,19017.000,FFSU,2025
73070,1099206.47,73070050315,17692.81,3901,15,0503,INSULIN DE,1,XX,false,1116899.28,49529.000,MCOU,2025
83257,928582.13,83257001411,33862.42,6860,11,0014,Insulin Gl,1,XX,false,962444.55,143581.300,FFSU,2025
83257,477104.19,83257001411,117029.19,7237,11,0014,Insulin Gl,1,XX,false,594133.38,90268.690,MCOU,2025
83257,,83257001531,,,31,0015,Insulin Gl,1,XX,true,,,FFSU,2025
83257,3961.28,83257001531,8.00,79,31,0015,Insulin Gl,1,XX,false,3969.28,1463.800,MCOU,2025
83257,3506692.72,83257001532,105854.86,31904,32,0015,Insulin Gl,1,XX,false,3612547.58,533479.100,FFSU,2025
83257,3835558.28,83257001532,54642.06,42067,32,0015,Insulin Gl,1,XX,false,3890200.34,646138.100,MCOU,2025
00169,3316095.74,00169255013,83307.90,8266,13,2550,TRESIBA FL,1,XX,false,3399403.64,117482.000,FFSU,2026
00169,1980381.30,00169255013,50587.09,7537,13,2550,TRESIBA FL,1,XX,false,2030968.39,107776.000,MCOU,2026
00169,3705949.92,00169266015,115039.37,14973,15,2660,TRESIBA FL,1,XX,false,3820989.29,252315.000,FFSU,2026
00169,2140994.09,00169266015,72550.18,13968,15,2660,TRESIBA FL,1,XX,false,2213544.27,233325.000,MCOU,2026
00169,106135.33,00169266211,4268.55,490,11,2662,TRESIBA VI,1,XX,false,110403.88,7822.600,FFSU,2026
00169,60064.97,00169266211,2294.18,430,11,2662,TRESIBA VI,1,XX,false,62359.15,6690.000,MCOU,2026
00024,2705892.23,00024586903,122082.10,4559,03,5869,TOUJEO SOL,1,XX,false,2827974.33,31231.250,FFSU,2026
00024,3513248.40,00024586903,109815.22,6005,03,5869,TOUJEO SOL,1,XX,false,3623063.62,39834.750,MCOU,2026
00024,,00024587100,,,00,5871,TOUJEO MAX,1,XX,true,,,FFSU,2026
00024,,00024587100,,,00,5871,TOUJEO MAX,1,XX,true,,,MCOU,2026
00024,4515657.71,00024587102,192770.45,4814,02,5871,TOUJEO MAX,1,XX,false,4708428.16,52518.000,FFSU,2026
00024,5507509.12,00024587102,165459.44,6105,02,5871,TOUJEO MAX,1,XX,false,5672968.56,62306.500,MCOU,2026
00088,4460.58,00088221901,89.03,56,01,2219,LANTUS 3ML,1,XX,false,4549.61,965.600,FFSU,2026
00088,11610.97,00088221901,158.46,373,01,2219,LANTUS 3ML,1,XX,false,11769.43,2894.651,MCOU,2026
00088,26929894.07,00088221905,459446.58,253572,05,2219,LANTUS 3ML,1,XX,false,27389340.65,3936657.590,FFSU,2026
00088,34702986.36,00088221905,271955.68,330170,05,2219,LANTUS 3ML,1,XX,false,34974942.04,5464826.250,MCOU,2026
00088,2726894.83,00088222033,37270.53,27342,33,2220,LANTUS 10M,1,XX,false,2764165.36,389067.473,FFSU,2026
00088,4906142.30,00088222033,160773.88,57164,33,2220,LANTUS 10M,1,XX,false,5066916.18,770054.985,MCOU,2026
00002,,00002771501,,,01,7715,BASAGLAR  ,1,XX,true,,,FFSU,2026
00002,7153.55,00002771501,9.00,28,01,7715,BASAGLAR  ,1,XX,false,7162.55,363.000,MCOU,2026
00002,20510528.73,00002771559,147077.98,54062,59,7715,BASAGLAR  ,1,XX,false,20657606.71,960447.150,FFSU,2026
00002,3885537.64,00002771559,120611.21,10263,59,7715,BASAGLAR  ,1,XX,false,4006148.85,187520.250,MCOU,2026
00002,89976.25,00002821405,132.51,229,05,8214,BASAGLAR T,1,XX,false,90108.76,4182.000,FFSU,2026
00002,37161.82,00002821405,529.45,90,05,8214,BASAGLAR T,1,XX,false,37691.27,1737.000,MCOU,2026
49502,,49502019580,,,80,0195,Semglee In,1,XX,true,,,MCOU,2026
49502,,49502025080,,,80,0250,Semglee In,1,XX,true,,,MCOU,2026
49502,,49502025175,,,75,0251,Semglee In,1,XX,true,,,FFSU,2026
83257,5208.67,83257001111,213.58,18,11,0011,Semglee In,1,XX,false,5422.25,210.200,FFSU,2026
83257,3361.62,83257001111,0.00,22,11,0011,Semglee In,1,XX,false,3361.62,144.000,MCOU,2026
83257,25841.71,83257001233,381.41,108,33,0012,Semglee In,1,XX,false,26223.12,1079.400,FFSU,2026
83257,22307.90,83257001233,3411.62,90,33,0012,Semglee In,1,XX,false,25719.52,989.000,MCOU,2026
00002,1493.54,00002898001,6.00,35,01,8980,REZVOGLAR ,1,XX,false,1499.54,270.000,MCOU,2026
00002,71647.42,00002898005,2005.25,707,05,8980,REZVOGLAR ,1,XX,false,73652.67,11271.000,FFSU,2026
00002,699281.66,00002898005,4046.45,7197,05,8980,REZVOGLAR ,1,XX,false,703328.11,115561.000,MCOU,2026
00169,5916.98,00169368712,497.74,126,12,3687,LEVEMIR 10,1,XX,false,6414.72,661.600,FFSU,2026
00169,3744.76,00169368712,0.00,27,12,3687,LEVEMIR 10,1,XX,false,3744.76,332.000,MCOU,2026
00169,5598.02,00169643210,4.50,33,10,6432,LEVEMIR FL,1,XX,false,5602.52,396.000,FFSU,2026
00169,3918.05,00169643210,0.00,28,10,6432,LEVEMIR FL,1,XX,false,3918.05,375.000,MCOU,2026
00002,4240338.75,00002773701,141372.66,55491,01,7737,INSULIN LI,1,XX,false,4381711.41,1598478.080,FFSU,2026
00002,5994497.95,00002773701,259876.71,86623,01,7737,INSULIN LI,1,XX,false,6254374.66,2423031.560,MCOU,2026
00002,,00002775201,,,01,7752,INSULIN LI,1,XX,true,,,FFSU,2026
00002,4750.49,00002775201,1.00,28,01,7752,INSULIN LI,1,XX,false,4751.49,477.000,MCOU,2026
00002,1928570.90,00002775205,55119.65,9976,05,7752,INSULIN LI,1,XX,false,1983690.55,183144.050,FFSU,2026
00002,2713033.81,00002775205,43263.41,14973,05,7752,INSULIN LI,1,XX,false,2756297.22,266336.000,MCOU,2026
00002,5831.44,00002822201,12.10,75,01,8222,INSULIN LI,1,XX,false,5843.54,405.150,FFSU,2026
00002,8655.46,00002822201,8.78,123,01,8222,INSULIN LI,1,XX,false,8664.24,1280.700,MCOU,2026
00002,18448557.09,00002822259,230200.05,98585,59,8222,INSULIN LI,1,XX,false,18678757.14,1736499.110,FFSU,2026
00002,24365433.75,00002822259,169454.06,125232,59,8222,INSULIN LI,1,XX,false,24534887.81,2370748.600,MCOU,2026
00002,,00002823301,,,01,8233,INSULIN LI,1,XX,true,,,MCOU,2026
00002,434842.70,00002823305,4058.27,1745,05,8233,INSULIN LI,1,XX,false,438900.97,40686.000,FFSU,2026
00002,724485.79,00002823305,3831.65,3105,05,8233,INSULIN LI,1,XX,false,728317.44,70383.450,MCOU,2026
00338,7979.92,00338012612,392.27,170,12,0126,Insulin in,1,XX,false,8372.19,14733.000,FFSU,2026
00338,7559.72,00338012612,63.24,241,12,0126,Insulin in,1,XX,false,7622.96,12790.000,MCOU,2026
00955,,00955172801,,,01,1728,INSULIN GL,1,XX,true,,,MCOU,2026
00955,7190.34,00955172805,0.00,47,05,1728,INSULIN GL,1,XX,false,7190.34,717.000,FFSU,2026
00955,2042.32,00955172805,45.00,15,05,1728,INSULIN GL,1,XX,false,2087.32,183.000,MCOU,2026
00955,6516.41,00955172901,3.51,63,01,1729,INSULIN GL,1,XX,false,6519.92,640.750,FFSU,2026
00955,344.96,00955172901,167.62,15,01,1729,INSULIN GL,1,XX,false,512.58,54.050,MCOU,2026
00955,286339.78,00955290002,6666.81,966,02,2900,INSULIN GL,1,XX,false,293006.59,9561.000,FFSU,2026
00955,441592.34,00955290002,2167.76,1496,02,2900,INSULIN GL,1,XX,false,443760.10,15988.500,MCOU,2026
00955,,00955390001,,,01,3900,INSULIN GL,1,XX,true,,,MCOU,2026
00955,186743.97,00955390003,2960.71,997,03,3900,INSULIN GL,1,XX,false,189704.68,6183.750,FFSU,2026
00955,307793.15,00955390003,3970.42,1627,03,3900,INSULIN GL,1,XX,false,311763.57,11389.500,MCOU,2026
49502,268.66,49502039380,0.00,35,80,0393,Insulin Gl,1,XX,false,268.66,27.100,FFSU,2026
49502,1373.37,49502039380,2.00,37,80,0393,Insulin Gl,1,XX,false,1375.37,248.500,MCOU,2026
49502,1567.09,49502039471,2.00,19,71,0394,Insulin Gl,1,XX,false,1569.09,294.000,MCOU,2026
49502,,49502039475,,,75,0394,Insulin Gl,1,XX,true,,,FFSU,2026
49502,7698.33,49502039475,27.00,106,75,0394,Insulin Gl,1,XX,false,7725.33,1272.000,MCOU,2026
72572,108493.55,72572042205,409.60,1873,05,0422,INSULIN GL,1,XX,false,108903.15,33670.000,FFSU,2026
72572,71732.61,72572042205,923.16,1434,05,0422,INSULIN GL,1,XX,false,72655.77,23340.000,MCOU,2026
72572,1229.11,72572042405,270.92,21,05,0424,INSULIN GL,1,XX,false,1500.03,366.000,FFSU,2026
72572,8313.67,72572042405,0.00,172,05,0424,INSULIN GL,1,XX,false,8313.67,2628.000,MCOU,2026
73070,1878740.35,73070010011,48447.88,9810,11,0100,INSULIN AS,1,XX,false,1927188.23,265299.600,FFSU,2026
73070,3077580.84,73070010011,41487.98,16635,11,0100,INSULIN AS,1,XX,false,3119068.82,444404.300,MCOU,2026
73070,128387.76,73070010215,4713.49,685,15,0102,INSULIN AS,1,XX,false,133101.25,14301.000,FFSU,2026
73070,162341.95,73070010215,3100.68,957,15,0102,INSULIN AS,1,XX,false,165442.63,19179.000,MCOU,2026
73070,1313.25,73070010310,70.28,13,10,0103,INSULIN AS,1,XX,false,1383.53,130.000,FFSU,2026
73070,7668.76,73070010310,7.73,81,10,0103,INSULIN AS,1,XX,false,7676.49,856.050,MCOU,2026
73070,2659699.23,73070010315,25415.85,16648,15,0103,INSULIN AS,1,XX,false,2685115.08,277424.510,FFSU,2026
73070,3457337.50,73070010315,11931.69,23504,15,0103,INSULIN AS,1,XX,false,3469269.19,378232.260,MCOU,2026
73070,50379.60,73070020011,431.90,339,11,0200,INSULIN AS,1,XX,false,50811.50,6798.000,FFSU,2026
73070,77665.35,73070020011,14.00,488,11,0200,INSULIN AS,1,XX,false,77679.35,11240.200,MCOU,2026
73070,,73070020310,,,10,0203,INSULIN AS,1,XX,true,,,FFSU,2026
73070,,73070020310,,,10,0203,INSULIN AS,1,XX,true,,,MCOU,2026
73070,400801.07,73070020315,1536.84,1928,15,0203,INSULIN AS,1,XX,false,402337.91,41707.000,FFSU,2026
73070,416408.91,73070020315,205.68,2291,15,0203,INSULIN AS,1,XX,false,416614.59,46404.000,MCOU,2026
73070,6065.17,73070040011,139.33,39,11,0400,INSULIN DE,1,XX,false,6204.50,540.000,FFSU,2026
73070,34743.62,73070040011,8.00,201,11,0400,INSULIN DE,1,XX,false,34751.62,2896.000,MCOU,2026
73070,,73070040310,,,10,0403,INSULIN DE,1,XX,true,,,MCOU,2026
73070,212437.14,73070040315,7066.92,1272,15,0403,INSULIN DE,1,XX,false,219504.06,18048.000,FFSU,2026
73070,423485.05,73070040315,1692.68,2555,15,0403,INSULIN DE,1,XX,false,425177.73,35664.000,MCOU,2026
73070,318525.11,73070050315,5551.35,1110,15,0503,INSULIN DE,1,XX,false,324076.46,13596.000,FFSU,2026
73070,729308.29,73070050315,4382.62,2550,15,0503,INSULIN DE,1,XX,false,733690.91,32196.000,MCOU,2026
83257,1093649.36,83257001411,37090.87,7741,11,0014,Insulin Gl,1,XX,false,1130740.23,178585.300,FFSU,2026
83257,420664.93,83257001411,33665.43,5850,11,0014,Insulin Gl,1,XX,false,454330.36,80114.200,MCOU,2026
83257,,83257001531,,,31,0015,Insulin Gl,1,XX,true,,,FFSU,2026
83257,2868.11,83257001531,29.00,70,31,0015,Insulin Gl,1,XX,false,2897.11,914.000,MCOU,2026
83257,3679815.00,83257001532,123660.17,34548,32,0015,Insulin Gl,1,XX,false,3803475.17,612033.000,FFSU,2026
83257,3049580.16,83257001532,58887.31,33096,32,0015,Insulin Gl,1,XX,false,3108467.47,523873.900,MCOU,2026
