release,year,brand,generic,n_mftr,spending,dsg_units_ml,claims,benes,avg_spend_per_unit
2018,2014,Admelog,Insulin Lispro,1,,,,,
2018,2015,Admelog,Insulin Lispro,1,,,,,
2019,2015,Admelog,Insulin Lispro,1,,,,,
2018,2016,Admelog,Insulin Lispro,1,,,,,
2019,2016,Admelog,Insulin Lispro,1,,,,,
2020,2016,Admelog,Insulin Lispro,1,,,,,
2018,2017,Admelog,Insulin Lispro,1,,,,,
2019,2017,Admelog,Insulin Lispro,1,,,,,
2020,2017,Admelog,Insulin Lispro,1,,,,,
2021,2017,Admelog,Insulin Lispro,1,,,,,
2018,2018,Admelog,Insulin Lispro,1,403661.76,17019.0,1069.0,658.0,23.718300723
2019,2018,Admelog,Insulin Lispro,1,403661.76,17019.0,1068.0,658.0,23.718300723
2020,2018,Admelog,Insulin Lispro,1,403661.76,17019.0,1069.0,658.0,23.718300723
2021,2018,Admelog,Insulin Lispro,1,403661.76,17019.0,1069.0,658.0,23.718300723
2022,2018,Admelog,Insulin Lispro,1,403661.76,17019.0,1069.0,658.0,23.718300723
2019,2019,Admelog,Insulin Lispro,1,2076727.3,120033.714,9222.0,4566.0,17.301200061
2020,2019,Admelog,Insulin Lispro,1,2076727.3,120033.714,9229.0,4566.0,17.301200061
2021,2019,Admelog,Insulin Lispro,1,2076727.3,120033.714,9229.0,4566.0,17.301200061
2022,2019,Admelog,Insulin Lispro,1,2076727.3,120033.714,9229.0,4566.0,17.301200061
2023,2019,Admelog,Insulin Lispro,1,2076727.3,120033.714,9229.0,4566.0,17.301200061
2020,2020,Admelog,Insulin Lispro,1,2461450.03,181351.0,16801.0,7099.0,13.572850605
2021,2020,Admelog,Insulin Lispro,1,2461450.03,181351.0,16801.0,7099.0,13.572850605
2022,2020,Admelog,Insulin Lispro,1,2461450.03,181351.0,16801.0,7099.0,13.572850605
2023,2020,Admelog,Insulin Lispro,1,2461450.03,181351.0,16801.0,7099.0,13.572850605
2024,2020,Admelog,Insulin Lispro,1,2461450.03,181351.0,16801.0,7099.0,13.572850605
2021,2021,Admelog,Insulin Lispro,1,2224714.69,161708.1,17009.0,7148.0,13.757595878
2022,2021,Admelog,Insulin Lispro,1,2224714.69,161708.1,17009.0,7148.0,13.757595878
2023,2021,Admelog,Insulin Lispro,1,2224714.69,161708.1,17009.0,7148.0,13.757595878
2024,2021,Admelog,Insulin Lispro,1,2224714.69,161708.1,17009.0,7148.0,13.757595878
2022,2022,Admelog,Insulin Lispro,1,1595500.5,144614.428,14866.0,6048.0,11.032789204
2023,2022,Admelog,Insulin Lispro,1,1595500.5,144614.428,14866.0,6048.0,11.032789204
2024,2022,Admelog,Insulin Lispro,1,1595500.5,144614.428,14866.0,6048.0,11.032789204
2023,2023,Admelog,Insulin Lispro,1,1393723.53,129533.14,10933.0,4971.0,10.759590403
2024,2023,Admelog,Insulin Lispro,1,1393723.53,129533.14,10933.0,4971.0,10.759590403
2024,2024,Admelog,Insulin Lispro,1,9842389.84,1006770.82,46508.0,16113.0,9.77619697
2018,2014,Admelog Solostar,Insulin Lispro,1,,,,,
2018,2015,Admelog Solostar,Insulin Lispro,1,,,,,
2019,2015,Admelog Solostar,Insulin Lispro,1,,,,,
2018,2016,Admelog Solostar,Insulin Lispro,1,,,,,
2019,2016,Admelog Solostar,Insulin Lispro,1,,,,,
2020,2016,Admelog Solostar,Insulin Lispro,1,,,,,
2018,2017,Admelog Solostar,Insulin Lispro,1,,,,,
2019,2017,Admelog Solostar,Insulin Lispro,1,,,,,
2020,2017,Admelog Solostar,Insulin Lispro,1,,,,,
2021,2017,Admelog Solostar,Insulin Lispro,1,,,,,
2018,2018,Admelog Solostar,Insulin Lispro,1,1124957.97,36927.0,2995.0,1645.0,30.464374848
2019,2018,Admelog Solostar,Insulin Lispro,1,1124957.97,36927.0,2993.0,1645.0,30.464374848
2020,2018,Admelog Solostar,Insulin Lispro,1,1124957.97,36927.0,2995.0,1645.0,30.464374848
2021,2018,Admelog Solostar,Insulin Lispro,1,1124957.97,36927.0,2995.0,1645.0,30.464374848
2022,2018,Admelog Solostar,Insulin Lispro,1,1124957.97,36927.0,2995.0,1645.0,30.464374848
2019,2019,Admelog Solostar,Insulin Lispro,1,5633359.13,1248413.999,20435.0,9304.0,4.5124126568
2020,2019,Admelog Solostar,Insulin Lispro,1,5632924.42,1248401.999,20468.0,9303.0,4.5121078182
2021,2019,Admelog Solostar,Insulin Lispro,1,5632924.42,1248401.999,20468.0,9303.0,4.5121078182
2022,2019,Admelog Solostar,Insulin Lispro,1,5632924.42,1248401.999,20468.0,9303.0,4.5121078182
2023,2019,Admelog Solostar,Insulin Lispro,1,5632924.42,1248401.999,20468.0,9303.0,4.5121078182
2020,2020,Admelog Solostar,Insulin Lispro,1,5785747.56,339259.0,26851.0,12070.0,17.054072434
2021,2020,Admelog Solostar,Insulin Lispro,1,5785747.56,339259.0,26851.0,12070.0,17.054072434
2022,2020,Admelog Solostar,Insulin Lispro,1,5785747.56,339259.0,26851.0,12070.0,17.054072434
2023,2020,Admelog Solostar,Insulin Lispro,1,5785747.56,339259.0,26851.0,12070.0,17.054072434
2024,2020,Admelog Solostar,Insulin Lispro,1,5785747.56,339259.0,26851.0,12070.0,17.054072434
2021,2021,Admelog Solostar,Insulin Lispro,1,6137620.19,352790.0,31839.0,14120.0,17.397375748
2022,2021,Admelog Solostar,Insulin Lispro,1,6137620.19,352790.0,31839.0,14120.0,17.397375748
2023,2021,Admelog Solostar,Insulin Lispro,1,6137620.19,352790.0,31839.0,14120.0,17.397375748
2024,2021,Admelog Solostar,Insulin Lispro,1,6137620.19,352790.0,31839.0,14120.0,17.397375748
2022,2022,Admelog Solostar,Insulin Lispro,1,4563006.98,341889.93,31954.0,13463.0,13.346421113
2023,2022,Admelog Solostar,Insulin Lispro,1,4563006.98,341889.93,31954.0,13463.0,13.346421113
2024,2022,Admelog Solostar,Insulin Lispro,1,4563006.98,341889.93,31954.0,13463.0,13.346421113
2023,2023,Admelog Solostar,Insulin Lispro,1,4074926.77,304125.3,24807.0,11113.0,13.39884176
2024,2023,Admelog Solostar,Insulin Lispro,1,4074926.77,304125.3,24807.0,11113.0,13.39884176
2024,2024,Admelog Solostar,Insulin Lispro,1,33991383.24,2759903.0,152025.0,50864.0,12.316151415
2016,2012,Afrezza,"Insulin Regular, Human",1,,,,,
2016,2013,Afrezza,"Insulin Regular, Human",1,,,,,
2017,2013,Afrezza,"Insulin Regular, Human",1,,,,,
2016,2014,Afrezza,"Insulin Regular, Human",1,,,,,
2017,2014,Afrezza,"Insulin Regular, Human",1,,,,,
2018,2014,Afrezza,"Insulin Regular, Human",1,,,,,
2016,2015,Afrezza,"Insulin Regular, Human",1,1044166.2,371400.0,2581.0,947.0,2.7790730199
2017,2015,Afrezza,"Insulin Regular, Human",1,,,,,
2018,2015,Afrezza,"Insulin Regular, Human",1,,,,947.0,
2019,2015,Afrezza,"Insulin Regular, Human",1,,,,947.0,
2016,2016,Afrezza,"Insulin Regular, Human",1,959210.52,329074.0,2147.0,621.0,2.8801948067
2017,2016,Afrezza,"Insulin Regular, Human",1,396166.93,134460.0,700.0,343.0,2.9144550905
2018,2016,Afrezza,"Insulin Regular, Human",1,396166.93,134460.0,700.0,720.0,2.9144550905
2019,2016,Afrezza,"Insulin Regular, Human",1,396166.93,134460.0,700.0,720.0,2.9144550905
2020,2016,Afrezza,"Insulin Regular, Human",1,396166.93,134460.0,700.0,720.0,2.9144550905
2017,2017,Afrezza,"Insulin Regular, Human",1,1538984.5,424278.0,2231.0,639.0,3.5434220082
2018,2017,Afrezza,"Insulin Regular, Human",1,1943708.08,502488.0,2615.0,747.0,3.8346495703
2019,2017,Afrezza,"Insulin Regular, Human",1,1943708.08,502488.0,2615.0,747.0,3.8346495703
2020,2017,Afrezza,"Insulin Regular, Human",1,1940792.28,501678.0,2609.0,745.0,3.8351819938
2021,2017,Afrezza,"Insulin Regular, Human",1,1940792.28,501678.0,2609.0,745.0,3.8351819938
2018,2018,Afrezza,"Insulin Regular, Human",1,4495446.24,749550.0,4143.0,1135.0,6.0049520734
2019,2018,Afrezza,"Insulin Regular, Human",1,4495446.24,749550.0,4142.0,1135.0,6.0048196574
2020,2018,Afrezza,"Insulin Regular, Human",1,4495446.24,749550.0,4143.0,1135.0,6.0049520734
2021,2018,Afrezza,"Insulin Regular, Human",1,4495446.24,749550.0,4143.0,1135.0,6.0049520734
2022,2018,Afrezza,"Insulin Regular, Human",1,4495446.24,749550.0,4143.0,1135.0,6.0049520734
2019,2019,Afrezza,"Insulin Regular, Human",1,7000874.53,977880.0,5264.0,1396.0,7.1774810723
2020,2019,Afrezza,"Insulin Regular, Human",1,7000874.53,977880.0,5264.0,1396.0,7.1774810723
2021,2019,Afrezza,"Insulin Regular, Human",1,7000874.53,977880.0,5264.0,1396.0,7.1774810723
2022,2019,Afrezza,"Insulin Regular, Human",1,7000874.53,977880.0,5264.0,1396.0,7.1774810723
2023,2019,Afrezza,"Insulin Regular, Human",1,7000874.53,977880.0,5264.0,1396.0,7.1774810723
2020,2020,Afrezza,"Insulin Regular, Human",1,8007830.06,1036929.0,5432.0,1270.0,7.7031354906
2021,2020,Afrezza,"Insulin Regular, Human",1,8007830.06,1036929.0,5432.0,1270.0,7.7031354906
2022,2020,Afrezza,"Insulin Regular, Human",1,8007830.06,1036929.0,5432.0,1270.0,7.7031354906
2023,2020,Afrezza,"Insulin Regular, Human",1,8007830.06,1036929.0,5432.0,1270.0,7.7031354906
2024,2020,Afrezza,"Insulin Regular, Human",1,8007830.06,1036929.0,5432.0,1270.0,7.7031354906
2021,2021,Afrezza,"Insulin Regular, Human",1,10393693.26,1216380.0,6088.0,1399.0,8.4637765043
2022,2021,Afrezza,"Insulin Regular, Human",1,10393693.26,1216380.0,6088.0,1399.0,8.4637765043
2023,2021,Afrezza,"Insulin Regular, Human",1,10393693.26,1216380.0,6088.0,1399.0,8.4637765043
2024,2021,Afrezza,"Insulin Regular, Human",1,10393693.26,1216380.0,6088.0,1399.0,8.4637765043
2022,2022,Afrezza,"Insulin Regular, Human",1,12896497.83,1366230.0,6580.0,1601.0,9.3262872143
2023,2022,Afrezza,"Insulin Regular, Human",1,12896497.83,1366230.0,6580.0,1601.0,9.3262872143
2024,2022,Afrezza,"Insulin Regular, Human",1,12896497.83,1366230.0,6580.0,1601.0,9.3262872143
2023,2023,Afrezza,"Insulin Regular, Human",1,22608793.54,2260531.0,10538.0,2623.0,9.8381581672
2024,2023,Afrezza,"Insulin Regular, Human",1,22608793.54,2260531.0,10538.0,2623.0,9.8381581672
2024,2024,Afrezza,"Insulin Regular, Human",1,26879300.0,2932260.0,13165.0,3114.0,8.9819693392
2016,2012,Apidra,Insulin Glulisine,1,13555689.41,1377047.0,64951.0,17058.0,9.8440281341
2016,2013,Apidra,Insulin Glulisine,1,15731853.56,1273613.0,53899.0,13987.0,12.352145872
2017,2013,Apidra,Insulin Glulisine,1,15731853.56,1273613.0,53899.0,13987.0,12.352145872
2016,2014,Apidra,Insulin Glulisine,1,18909336.29,1110187.0,45106.0,11688.0,17.032568648
2017,2014,Apidra,Insulin Glulisine,1,18909336.29,1110187.0,45106.0,11688.0,17.032568648
2018,2014,Apidra,Insulin Glulisine,1,18909336.29,1110187.0,45106.0,11688.0,17.032568648
2016,2015,Apidra,Insulin Glulisine,1,20316520.13,961028.0,38755.0,9412.0,21.140403953
2017,2015,Apidra,Insulin Glulisine,1,20316520.13,961028.0,38755.0,9414.0,21.140403953
2018,2015,Apidra,Insulin Glulisine,1,20316520.13,961028.0,38755.0,9414.0,21.140403953
2019,2015,Apidra,Insulin Glulisine,1,20316520.13,961028.0,38729.0,9414.0,21.140403953
2016,2016,Apidra,Insulin Glulisine,1,13657430.07,570590.0,21468.0,5796.0,23.935628157
2017,2016,Apidra,Insulin Glulisine,1,13657430.07,570590.0,21468.0,5796.0,23.935628157
2018,2016,Apidra,Insulin Glulisine,1,13657430.07,570590.0,21468.0,5796.0,23.935628157
2019,2016,Apidra,Insulin Glulisine,1,13657430.07,570590.0,21461.0,5796.0,23.935628157
2020,2016,Apidra,Insulin Glulisine,1,13655985.68,570530.0,21467.0,5795.0,23.935613693
2017,2017,Apidra,Insulin Glulisine,1,9023508.67,360595.0,12659.0,3489.0,25.023942844
2018,2017,Apidra,Insulin Glulisine,1,9023508.67,360595.0,12659.0,3489.0,25.023942844
2019,2017,Apidra,Insulin Glulisine,1,9023508.67,360595.0,12653.0,3489.0,25.023942844
2020,2017,Apidra,Insulin Glulisine,1,9012297.15,360165.0,12635.0,3470.0,25.022690017
2021,2017,Apidra,Insulin Glulisine,1,9012297.15,360165.0,12635.0,3470.0,25.022690017
2018,2018,Apidra,Insulin Glulisine,1,6875874.3,260090.0,8865.0,2470.0,26.436519282
2019,2018,Apidra,Insulin Glulisine,1,6875874.3,260090.0,8864.0,2470.0,26.436519282
2020,2018,Apidra,Insulin Glulisine,1,6875874.3,260090.0,8865.0,2470.0,26.436519282
2021,2018,Apidra,Insulin Glulisine,1,6875874.3,260090.0,8865.0,2470.0,26.436519282
2022,2018,Apidra,Insulin Glulisine,1,6875874.3,260090.0,8865.0,2470.0,26.436519282
2019,2019,Apidra,Insulin Glulisine,1,5352750.9,192660.0,6112.0,1561.0,27.783405481
2020,2019,Apidra,Insulin Glulisine,1,5352750.9,192660.0,6116.0,1561.0,27.783405481
2021,2019,Apidra,Insulin Glulisine,1,5352750.9,192660.0,6116.0,1561.0,27.783405481
2022,2019,Apidra,Insulin Glulisine,1,5352750.9,192660.0,6116.0,1561.0,27.783405481
2023,2019,Apidra,Insulin Glulisine,1,5352750.9,192660.0,6116.0,1561.0,27.783405481
2020,2020,Apidra,Insulin Glulisine,1,4528780.01,163032.0,4628.0,1146.0,27.778472999
2021,2020,Apidra,Insulin Glulisine,1,4528780.01,163032.0,4628.0,1146.0,27.778472999
2022,2020,Apidra,Insulin Glulisine,1,4528780.01,163032.0,4628.0,1146.0,27.778472999
2023,2020,Apidra,Insulin Glulisine,1,4528780.01,163032.0,4628.0,1146.0,27.778472999
2024,2020,Apidra,Insulin Glulisine,1,4528780.01,163032.0,4628.0,1146.0,27.778472999
2021,2021,Apidra,Insulin Glulisine,1,3769932.12,134030.0,3667.0,931.0,28.127524584
2022,2021,Apidra,Insulin Glulisine,1,3769932.12,134030.0,3667.0,931.0,28.127524584
2023,2021,Apidra,Insulin Glulisine,1,3769932.12,134030.0,3667.0,931.0,28.127524584
2024,2021,Apidra,Insulin Glulisine,1,3769932.12,134030.0,3667.0,931.0,28.127524584
2022,2022,Apidra,Insulin Glulisine,1,3030249.52,106630.0,2762.0,747.0,28.418358061
2023,2022,Apidra,Insulin Glulisine,1,3030249.52,106630.0,2762.0,747.0,28.418358061
2024,2022,Apidra,Insulin Glulisine,1,3030249.52,106630.0,2762.0,747.0,28.418358061
2023,2023,Apidra,Insulin Glulisine,1,2769322.05,96750.0,2457.0,676.0,28.623483721
2024,2023,Apidra,Insulin Glulisine,1,2769322.05,96750.0,2457.0,676.0,28.623483721
2024,2024,Apidra,Insulin Glulisine,1,735198.05,91910.0,2245.0,667.0,7.9991083669
2016,2012,Apidra Solostar,Insulin Glulisine,1,4975396.03,385749.0,18217.0,8544.0,12.898014071
2016,2013,Apidra Solostar,Insulin Glulisine,1,18607273.61,1158258.0,51992.0,17513.0,16.064878127
2017,2013,Apidra Solostar,Insulin Glulisine,1,18607273.61,1158258.0,51992.0,17513.0,16.064878127
2016,2014,Apidra Solostar,Insulin Glulisine,1,29941406.11,1366898.0,60998.0,19359.0,21.904638173
2017,2014,Apidra Solostar,Insulin Glulisine,1,29941406.11,1366898.0,60998.0,19359.0,21.904638173
2018,2014,Apidra Solostar,Insulin Glulisine,1,29941406.11,1366898.0,60998.0,19359.0,21.904638173
2016,2015,Apidra Solostar,Insulin Glulisine,1,37630309.1,1384416.0,60923.0,17662.0,27.181359577
2017,2015,Apidra Solostar,Insulin Glulisine,1,37630309.1,1384416.0,60923.0,17661.0,27.181359577
2018,2015,Apidra Solostar,Insulin Glulisine,1,37630309.1,1384416.0,60923.0,17661.0,27.181359577
2019,2015,Apidra Solostar,Insulin Glulisine,1,37630309.1,1384416.0,60895.0,17661.0,27.181359577
2016,2016,Apidra Solostar,Insulin Glulisine,1,26595241.64,863216.0,36626.0,11586.0,30.809486432
2017,2016,Apidra Solostar,Insulin Glulisine,1,26595241.64,863216.0,36626.0,11586.0,30.809486432
2018,2016,Apidra Solostar,Insulin Glulisine,1,26595241.64,863216.0,36626.0,11586.0,30.809486432
2019,2016,Apidra Solostar,Insulin Glulisine,1,26595241.64,863216.0,36611.0,11586.0,30.809486432
2020,2016,Apidra Solostar,Insulin Glulisine,1,26587627.63,862961.0,36610.0,11581.0,30.809767336
2017,2017,Apidra Solostar,Insulin Glulisine,1,19072406.03,593110.0,25143.0,7740.0,32.156608437
2018,2017,Apidra Solostar,Insulin Glulisine,1,19072406.03,593110.0,25143.0,7740.0,32.156608437
2019,2017,Apidra Solostar,Insulin Glulisine,1,19072406.03,593110.0,25120.0,7740.0,32.156608437
2020,2017,Apidra Solostar,Insulin Glulisine,1,19045174.06,592273.0,25100.0,7710.0,32.156073399
2021,2017,Apidra Solostar,Insulin Glulisine,1,19045174.06,592273.0,25100.0,7710.0,32.156073399
2018,2018,Apidra Solostar,Insulin Glulisine,1,16597054.17,486128.0,20747.0,6209.0,34.141325268
2019,2018,Apidra Solostar,Insulin Glulisine,1,16597054.17,486128.0,20741.0,6209.0,34.141325268
2020,2018,Apidra Solostar,Insulin Glulisine,1,16589813.26,485918.0,20742.0,6206.0,34.141178676
2021,2018,Apidra Solostar,Insulin Glulisine,1,16589813.26,485918.0,20742.0,6206.0,34.141178676
2022,2018,Apidra Solostar,Insulin Glulisine,1,16589813.26,485918.0,20742.0,6206.0,34.141178676
2019,2019,Apidra Solostar,Insulin Glulisine,1,14014912.37,389610.0,15648.0,4508.0,35.971644388
2020,2019,Apidra Solostar,Insulin Glulisine,1,14012558.62,389544.0,15651.0,4507.0,35.971696702
2021,2019,Apidra Solostar,Insulin Glulisine,1,14012558.62,389544.0,15651.0,4507.0,35.971696702
2022,2019,Apidra Solostar,Insulin Glulisine,1,14012558.62,389544.0,15651.0,4507.0,35.971696702
2023,2019,Apidra Solostar,Insulin Glulisine,1,14012558.62,389544.0,15651.0,4507.0,35.971696702
2020,2020,Apidra Solostar,Insulin Glulisine,1,12268554.96,340665.0,13373.0,3646.0,36.013546916
2021,2020,Apidra Solostar,Insulin Glulisine,1,12268554.96,340665.0,13373.0,3646.0,36.013546916
2022,2020,Apidra Solostar,Insulin Glulisine,1,12268554.96,340665.0,13373.0,3646.0,36.013546916
2023,2020,Apidra Solostar,Insulin Glulisine,1,12268554.96,340665.0,13373.0,3646.0,36.013546916
2024,2020,Apidra Solostar,Insulin Glulisine,1,12268554.96,340665.0,13373.0,3646.0,36.013546916
2021,2021,Apidra Solostar,Insulin Glulisine,1,10338190.91,284742.0,10386.0,2948.0,36.30722166
2022,2021,Apidra Solostar,Insulin Glulisine,1,10338190.91,284742.0,10386.0,2948.0,36.30722166
2023,2021,Apidra Solostar,Insulin Glulisine,1,10338190.91,284742.0,10386.0,2948.0,36.30722166
2024,2021,Apidra Solostar,Insulin Glulisine,1,10338190.91,284742.0,10386.0,2948.0,36.30722166
2022,2022,Apidra Solostar,Insulin Glulisine,1,9202504.08,251025.0,8899.0,2536.0,36.659711503
2023,2022,Apidra Solostar,Insulin Glulisine,1,9202504.08,251025.0,8899.0,2536.0,36.659711503
2024,2022,Apidra Solostar,Insulin Glulisine,1,9202504.08,251025.0,8899.0,2536.0,36.659711503
2023,2023,Apidra Solostar,Insulin Glulisine,1,8643474.58,233007.0,8200.0,2418.0,37.095342973
2024,2023,Apidra Solostar,Insulin Glulisine,1,8643474.58,233007.0,8200.0,2418.0,37.095342973
2024,2024,Apidra Solostar,Insulin Glulisine,1,2296756.35,222369.0,8018.0,2523.0,10.328581547
2017,2013,Basaglar Kwikpen U-100,"Insulin Glargine,Hum.Rec.Anlog",1,,,,,
2017,2014,Basaglar Kwikpen U-100,"Insulin Glargine,Hum.Rec.Anlog",1,,,,,
2018,2014,Basaglar Kwikpen U-100,"Insulin Glargine,Hum.Rec.Anlog",1,,,,,
2017,2015,Basaglar Kwikpen U-100,"Insulin Glargine,Hum.Rec.Anlog",1,,,,,
2018,2015,Basaglar Kwikpen U-100,"Insulin Glargine,Hum.Rec.Anlog",1,,,,,
2019,2015,Basaglar Kwikpen U-100,"Insulin Glargine,Hum.Rec.Anlog",1,,,,,
2017,2016,Basaglar Kwikpen U-100,"Insulin Glargine,Hum.Rec.Anlog",1,19687.01,930.0,64.0,64.0,21.168827957
2018,2016,Basaglar Kwikpen U-100,"Insulin Glargine,Hum.Rec.Anlog",1,19687.01,930.0,64.0,64.0,21.168827957
2019,2016,Basaglar Kwikpen U-100,"Insulin Glargine,Hum.Rec.Anlog",1,19687.01,930.0,64.0,64.0,21.168827957
2020,2016,Basaglar Kwikpen U-100,"Insulin Glargine,Hum.Rec.Anlog",1,19687.01,930.0,64.0,64.0,21.168827957
2017,2017,Basaglar Kwikpen U-100,"Insulin Glargine,Hum.Rec.Anlog",1,14736779.65,685943.5,57333.0,24534.0,21.48395553
2018,2017,Basaglar Kwikpen U-100,"Insulin Glargine,Hum.Rec.Anlog",1,14775171.6,687722.5,57534.0,24605.0,21.484205621
2019,2017,Basaglar Kwikpen U-100,"Insulin Glargine,Hum.Rec.Anlog",1,14775171.6,687722.5,57365.0,24605.0,21.484205621
2020,2017,Basaglar Kwikpen U-100,"Insulin Glargine,Hum.Rec.Anlog",1,14594564.09,679289.5,57016.0,24244.0,21.48504296
2021,2017,Basaglar Kwikpen U-100,"Insulin Glargine,Hum.Rec.Anlog",1,14594564.09,679289.5,57016.0,24244.0,21.48504296
2018,2018,Basaglar Kwikpen U-100,"Insulin Glargine,Hum.Rec.Anlog",1,465157479.09,21217023.483,1208747.0,274348.0,21.923785844
2019,2018,Basaglar Kwikpen U-100,"Insulin Glargine,Hum.Rec.Anlog",1,465157479.09,21217023.483,1208100.0,274348.0,21.923785844
2020,2018,Basaglar Kwikpen U-100,"Insulin Glargine,Hum.Rec.Anlog",1,465122211.45,21215406.483,1208662.0,274316.0,21.923794476
2021,2018,Basaglar Kwikpen U-100,"Insulin Glargine,Hum.Rec.Anlog",1,465122211.45,21215406.483,1208662.0,274316.0,21.923794476
2022,2018,Basaglar Kwikpen U-100,"Insulin Glargine,Hum.Rec.Anlog",1,465122211.45,21215406.483,1208662.0,274316.0,21.923794476
2019,2019,Basaglar Kwikpen U-100,"Insulin Glargine,Hum.Rec.Anlog",1,636305557.9,29000174.871,1694914.0,359981.0,21.941438654
2020,2019,Basaglar Kwikpen U-100,"Insulin Glargine,Hum.Rec.Anlog",1,636253622.07,28997792.871,1695864.0,359937.0,21.941449989
2021,2019,Basaglar Kwikpen U-100,"Insulin Glargine,Hum.Rec.Anlog",1,636253622.07,28997792.871,1695864.0,359937.0,21.941449989
2022,2019,Basaglar Kwikpen U-100,"Insulin Glargine,Hum.Rec.Anlog",1,636253622.07,28997792.871,1695864.0,359937.0,21.941449989
2023,2019,Basaglar Kwikpen U-100,"Insulin Glargine,Hum.Rec.Anlog",1,636253622.07,28997792.871,1695864.0,359937.0,21.941449989
2020,2020,Basaglar Kwikpen U-100,"Insulin Glargine,Hum.Rec.Anlog",1,689339161.91,31031449.97,1781445.0,381756.0,22.214210505
2021,2020,Basaglar Kwikpen U-100,"Insulin Glargine,Hum.Rec.Anlog",1,689339161.91,31031449.97,1781445.0,381756.0,22.214210505
2022,2020,Basaglar Kwikpen U-100,"Insulin Glargine,Hum.Rec.Anlog",1,689339161.91,31031449.97,1781445.0,381756.0,22.214210505
2023,2020,Basaglar Kwikpen U-100,"Insulin Glargine,Hum.Rec.Anlog",1,689339161.91,31031449.97,1781445.0,381756.0,22.214210505
2024,2020,Basaglar Kwikpen U-100,"Insulin Glargine,Hum.Rec.Anlog",1,689339161.91,31031449.97,1781445.0,381756.0,22.214210505
2021,2021,Basaglar Kwikpen U-100,"Insulin Glargine,Hum.Rec.Anlog",1,707166569.42,31385825.268,1735015.0,384554.0,22.531399553
2022,2021,Basaglar Kwikpen U-100,"Insulin Glargine,Hum.Rec.Anlog",1,707166569.42,31385825.268,1735015.0,384554.0,22.531399553
2023,2021,Basaglar Kwikpen U-100,"Insulin Glargine,Hum.Rec.Anlog",1,707166569.42,31385825.268,1735015.0,384554.0,22.531399553
2024,2021,Basaglar Kwikpen U-100,"Insulin Glargine,Hum.Rec.Anlog",1,707166569.42,31385825.268,1735015.0,384554.0,22.531399553
2022,2022,Basaglar Kwikpen U-100,"Insulin Glargine,Hum.Rec.Anlog",1,706582383.99,30961681.369,1701833.0,379615.0,22.821189055
2023,2022,Basaglar Kwikpen U-100,"Insulin Glargine,Hum.Rec.Anlog",1,706582383.99,30961681.369,1701833.0,379615.0,22.821189055
2024,2022,Basaglar Kwikpen U-100,"Insulin Glargine,Hum.Rec.Anlog",1,706582383.99,30961681.369,1701833.0,379615.0,22.821189055
2023,2023,Basaglar Kwikpen U-100,"Insulin Glargine,Hum.Rec.Anlog",1,647548318.52,27938494.012,1538057.0,352073.0,23.177638646
2024,2023,Basaglar Kwikpen U-100,"Insulin Glargine,Hum.Rec.Anlog",1,647548318.52,27938494.012,1538057.0,352073.0,23.177638646
2024,2024,Basaglar Kwikpen U-100,"Insulin Glargine,Hum.Rec.Anlog",1,664629407.56,31976383.649,1777659.0,422745.0,20.785008551
2023,2019,Basaglar Tempo Pen U-100,"Insulin Glargine,Hum.Rec.Anlog",1,,,,,
2023,2020,Basaglar Tempo Pen U-100,"Insulin Glargine,Hum.Rec.Anlog",1,,,,,
2024,2020,Basaglar Tempo Pen U-100,"Insulin Glargine,Hum.Rec.Anlog",1,,,,,
2023,2021,Basaglar Tempo Pen U-100,"Insulin Glargine,Hum.Rec.Anlog",1,,,,,
2024,2021,Basaglar Tempo Pen U-100,"Insulin Glargine,Hum.Rec.Anlog",1,,,,,
2023,2022,Basaglar Tempo Pen U-100,"Insulin Glargine,Hum.Rec.Anlog",1,,,,,
2024,2022,Basaglar Tempo Pen U-100,"Insulin Glargine,Hum.Rec.Anlog",1,,,,,
2023,2023,Basaglar Tempo Pen U-100,"Insulin Glargine,Hum.Rec.Anlog",1,242528.99,10668.0,640.0,458.0,22.734251031
2024,2023,Basaglar Tempo Pen U-100,"Insulin Glargine,Hum.Rec.Anlog",1,242528.99,10668.0,640.0,458.0,22.734251031
2024,2024,Basaglar Tempo Pen U-100,"Insulin Glargine,Hum.Rec.Anlog",1,580890.35,28011.0,1835.0,1054.0,20.737936882
2018,2014,Fiasp,Insulin Aspart (Niacinamide),1,,,,,
2018,2015,Fiasp,Insulin Aspart (Niacinamide),1,,,,,
2019,2015,Fiasp,Insulin Aspart (Niacinamide),1,,,,,
2018,2016,Fiasp,Insulin Aspart (Niacinamide),1,,,,,
2019,2016,Fiasp,Insulin Aspart (Niacinamide),1,,,,,
2020,2016,Fiasp,Insulin Aspart (Niacinamide),1,,,,,
2018,2017,Fiasp,Insulin Aspart (Niacinamide),1,,,,,
2019,2017,Fiasp,Insulin Aspart (Niacinamide),1,,,,,
2020,2017,Fiasp,Insulin Aspart (Niacinamide),1,,,,,
2021,2017,Fiasp,Insulin Aspart (Niacinamide),1,,,,,
2018,2018,Fiasp,Insulin Aspart (Niacinamide),1,2007797.85,71417.0,2013.0,959.0,28.113724323
2019,2018,Fiasp,Insulin Aspart (Niacinamide),1,2007797.85,71417.0,2013.0,959.0,28.113724323
2020,2018,Fiasp,Insulin Aspart (Niacinamide),1,2007797.85,71417.0,2013.0,959.0,28.113724323
2021,2018,Fiasp,Insulin Aspart (Niacinamide),1,2007797.85,71417.0,2013.0,959.0,28.113724323
2022,2018,Fiasp,Insulin Aspart (Niacinamide),1,2007797.85,71417.0,2013.0,959.0,28.113724323
2019,2019,Fiasp,Insulin Aspart (Niacinamide),1,6116399.09,212198.0,6126.0,2032.0,28.824018558
2020,2019,Fiasp,Insulin Aspart (Niacinamide),1,6115308.79,212158.0,6125.0,2031.0,28.824313908
2021,2019,Fiasp,Insulin Aspart (Niacinamide),1,6115308.79,212158.0,6125.0,2031.0,28.824313908
2022,2019,Fiasp,Insulin Aspart (Niacinamide),1,6115308.79,212158.0,6125.0,2031.0,28.824313908
2023,2019,Fiasp,Insulin Aspart (Niacinamide),1,6115308.79,212158.0,6125.0,2031.0,28.824313908
2020,2020,Fiasp,Insulin Aspart (Niacinamide),1,8960477.61,306804.0,8243.0,2421.0,29.205869578
2021,2020,Fiasp,Insulin Aspart (Niacinamide),1,8960477.61,306804.0,8243.0,2421.0,29.205869578
2022,2020,Fiasp,Insulin Aspart (Niacinamide),1,8960477.61,306804.0,8243.0,2421.0,29.205869578
2023,2020,Fiasp,Insulin Aspart (Niacinamide),1,8960477.61,306804.0,8243.0,2421.0,29.205869578
2024,2020,Fiasp,Insulin Aspart (Niacinamide),1,8960477.61,306804.0,8243.0,2421.0,29.205869578
2021,2021,Fiasp,Insulin Aspart (Niacinamide),1,11997955.32,404743.0,10032.0,2881.0,29.643391782
2022,2021,Fiasp,Insulin Aspart (Niacinamide),1,11997955.32,404743.0,10032.0,2881.0,29.643391782
2023,2021,Fiasp,Insulin Aspart (Niacinamide),1,11997955.32,404743.0,10032.0,2881.0,29.643391782
2024,2021,Fiasp,Insulin Aspart (Niacinamide),1,11997955.32,404743.0,10032.0,2881.0,29.643391782
2022,2022,Fiasp,Insulin Aspart (Niacinamide),1,16947897.29,561545.0,13350.0,3872.0,30.180835534
2023,2022,Fiasp,Insulin Aspart (Niacinamide),1,16947897.29,561545.0,13350.0,3872.0,30.180835534
2024,2022,Fiasp,Insulin Aspart (Niacinamide),1,16947897.29,561545.0,13350.0,3872.0,30.180835534
2023,2023,Fiasp,Insulin Aspart (Niacinamide),1,23960285.62,784673.0,17977.0,5559.0,30.535376673
2024,2023,Fiasp,Insulin Aspart (Niacinamide),1,23960285.62,784673.0,17977.0,5559.0,30.535376673
2024,2024,Fiasp,Insulin Aspart (Niacinamide),1,64072644.11,2305721.0,83323.0,26825.0,27.788550354
2018,2014,Fiasp Flextouch,Insulin Aspart (Niacinamide),1,,,,,
2018,2015,Fiasp Flextouch,Insulin Aspart (Niacinamide),1,,,,,
2019,2015,Fiasp Flextouch,Insulin Aspart (Niacinamide),1,,,,,
2018,2016,Fiasp Flextouch,Insulin Aspart (Niacinamide),1,,,,,
2019,2016,Fiasp Flextouch,Insulin Aspart (Niacinamide),1,,,,,
2020,2016,Fiasp Flextouch,Insulin Aspart (Niacinamide),1,,,,,
2018,2017,Fiasp Flextouch,Insulin Aspart (Niacinamide),1,,,,,
2019,2017,Fiasp Flextouch,Insulin Aspart (Niacinamide),1,,,,,
2020,2017,Fiasp Flextouch,Insulin Aspart (Niacinamide),1,,,,,
2021,2017,Fiasp Flextouch,Insulin Aspart (Niacinamide),1,,,,,
2018,2018,Fiasp Flextouch,Insulin Aspart (Niacinamide),1,5448962.04,147932.0,6181.0,2786.0,36.834234919
2019,2018,Fiasp Flextouch,Insulin Aspart (Niacinamide),1,5448962.04,147932.0,6179.0,2786.0,36.834234919
2020,2018,Fiasp Flextouch,Insulin Aspart (Niacinamide),1,5448423.57,147917.0,6180.0,2785.0,36.834329861
2021,2018,Fiasp Flextouch,Insulin Aspart (Niacinamide),1,5448423.57,147917.0,6180.0,2785.0,36.834329861
2022,2018,Fiasp Flextouch,Insulin Aspart (Niacinamide),1,5448423.57,147917.0,6180.0,2785.0,36.834329861
2019,2019,Fiasp Flextouch,Insulin Aspart (Niacinamide),1,17903082.53,479100.0,20830.0,6869.0,37.368153893
2020,2019,Fiasp Flextouch,Insulin Aspart (Niacinamide),1,17900764.66,479037.0,20833.0,6867.0,37.368229719
2021,2019,Fiasp Flextouch,Insulin Aspart (Niacinamide),1,17900764.66,479037.0,20833.0,6867.0,37.368229719
2022,2019,Fiasp Flextouch,Insulin Aspart (Niacinamide),1,17900764.66,479037.0,20833.0,6867.0,37.368229719
2023,2019,Fiasp Flextouch,Insulin Aspart (Niacinamide),1,17900764.66,479037.0,20833.0,6867.0,37.368229719
2020,2020,Fiasp Flextouch,Insulin Aspart (Niacinamide),1,29337196.25,772879.0,32809.0,10047.0,37.958330153
2021,2020,Fiasp Flextouch,Insulin Aspart (Niacinamide),1,29337196.25,772879.0,32809.0,10047.0,37.958330153
2022,2020,Fiasp Flextouch,Insulin Aspart (Niacinamide),1,29337196.25,772879.0,32809.0,10047.0,37.958330153
2023,2020,Fiasp Flextouch,Insulin Aspart (Niacinamide),1,29337196.25,772879.0,32809.0,10047.0,37.958330153
2024,2020,Fiasp Flextouch,Insulin Aspart (Niacinamide),1,29337196.25,772879.0,32809.0,10047.0,37.958330153
2021,2021,Fiasp Flextouch,Insulin Aspart (Niacinamide),1,45295951.64,1176531.0,46465.0,15203.0,38.49958194
2022,2021,Fiasp Flextouch,Insulin Aspart (Niacinamide),1,45295951.64,1176531.0,46465.0,15203.0,38.49958194
2023,2021,Fiasp Flextouch,Insulin Aspart (Niacinamide),1,45295951.64,1176531.0,46465.0,15203.0,38.49958194
2024,2021,Fiasp Flextouch,Insulin Aspart (Niacinamide),1,45295951.64,1176531.0,46465.0,15203.0,38.49958194
2022,2022,Fiasp Flextouch,Insulin Aspart (Niacinamide),1,68499735.44,1750605.0,68432.0,21829.0,39.12917845
2023,2022,Fiasp Flextouch,Insulin Aspart (Niacinamide),1,68499735.44,1750605.0,68432.0,21829.0,39.12917845
2024,2022,Fiasp Flextouch,Insulin Aspart (Niacinamide),1,68499735.44,1750605.0,68432.0,21829.0,39.12917845
2023,2023,Fiasp Flextouch,Insulin Aspart (Niacinamide),1,105895816.71,2676308.473,102086.0,35877.0,39.567866626
2024,2023,Fiasp Flextouch,Insulin Aspart (Niacinamide),1,105895816.71,2676308.473,102086.0,35877.0,39.567866626
2024,2024,Fiasp Flextouch,Insulin Aspart (Niacinamide),1,289492211.15,8167668.882,398663.0,131189.0,35.443676198
2019,2015,Fiasp Penfill,Insulin Aspart (Niacinamide),1,,,,,
2019,2016,Fiasp Penfill,Insulin Aspart (Niacinamide),1,,,,,
2020,2016,Fiasp Penfill,Insulin Aspart (Niacinamide),1,,,,,
2019,2017,Fiasp Penfill,Insulin Aspart (Niacinamide),1,,,,,
2020,2017,Fiasp Penfill,Insulin Aspart (Niacinamide),1,,,,,
2021,2017,Fiasp Penfill,Insulin Aspart (Niacinamide),1,,,,,
2019,2018,Fiasp Penfill,Insulin Aspart (Niacinamide),1,,,,,
2020,2018,Fiasp Penfill,Insulin Aspart (Niacinamide),1,,,,,
2021,2018,Fiasp Penfill,Insulin Aspart (Niacinamide),1,,,,,
2022,2018,Fiasp Penfill,Insulin Aspart (Niacinamide),1,,,,,
2019,2019,Fiasp Penfill,Insulin Aspart (Niacinamide),1,15689.21,444.0,24.0,17.0,35.336058559
2020,2019,Fiasp Penfill,Insulin Aspart (Niacinamide),1,15689.21,444.0,24.0,17.0,35.336058559
2021,2019,Fiasp Penfill,Insulin Aspart (Niacinamide),1,15689.21,444.0,24.0,17.0,35.336058559
2022,2019,Fiasp Penfill,Insulin Aspart (Niacinamide),1,15689.21,444.0,24.0,17.0,35.336058559
2023,2019,Fiasp Penfill,Insulin Aspart (Niacinamide),1,15689.21,444.0,24.0,17.0,35.336058559
2020,2020,Fiasp Penfill,Insulin Aspart (Niacinamide),1,345965.2,9453.0,400.0,172.0,36.598455517
2021,2020,Fiasp Penfill,Insulin Aspart (Niacinamide),1,345965.2,9453.0,400.0,172.0,36.598455517
2022,2020,Fiasp Penfill,Insulin Aspart (Niacinamide),1,345965.2,9453.0,400.0,172.0,36.598455517
2023,2020,Fiasp Penfill,Insulin Aspart (Niacinamide),1,345965.2,9453.0,400.0,172.0,36.598455517
2024,2020,Fiasp Penfill,Insulin Aspart (Niacinamide),1,345965.2,9453.0,400.0,172.0,36.598455517
2021,2021,Fiasp Penfill,Insulin Aspart (Niacinamide),1,790133.61,21537.0,849.0,353.0,36.687264243
2022,2021,Fiasp Penfill,Insulin Aspart (Niacinamide),1,790133.61,21537.0,849.0,353.0,36.687264243
2023,2021,Fiasp Penfill,Insulin Aspart (Niacinamide),1,790133.61,21537.0,849.0,353.0,36.687264243
2024,2021,Fiasp Penfill,Insulin Aspart (Niacinamide),1,790133.61,21537.0,849.0,353.0,36.687264243
2022,2022,Fiasp Penfill,Insulin Aspart (Niacinamide),1,1263554.66,33691.8,1316.0,511.0,37.503329
2023,2022,Fiasp Penfill,Insulin Aspart (Niacinamide),1,1263554.66,33691.8,1316.0,511.0,37.503329
2024,2022,Fiasp Penfill,Insulin Aspart (Niacinamide),1,1263554.66,33691.8,1316.0,511.0,37.503329
2023,2023,Fiasp Penfill,Insulin Aspart (Niacinamide),1,1637026.9,43332.0,1603.0,661.0,37.778706268
2024,2023,Fiasp Penfill,Insulin Aspart (Niacinamide),1,1637026.9,43332.0,1603.0,661.0,37.778706268
2024,2024,Fiasp Penfill,Insulin Aspart (Niacinamide),1,4929500.27,145083.0,5790.0,2286.0,33.977104623
2023,2019,Fiasp Pumpcart,Insulin Aspart/B3/Pump Cart,1,,,,,
2023,2020,Fiasp Pumpcart,Insulin Aspart/B3/Pump Cart,1,,,,,
2024,2020,Fiasp Pumpcart,Insulin Aspart/B3/Pump Cart,1,,,,,
2023,2021,Fiasp Pumpcart,Insulin Aspart/B3/Pump Cart,1,,,,,
2024,2021,Fiasp Pumpcart,Insulin Aspart/B3/Pump Cart,1,,,,,
2023,2022,Fiasp Pumpcart,Insulin Aspart/B3/Pump Cart,1,,,,,
2024,2022,Fiasp Pumpcart,Insulin Aspart/B3/Pump Cart,1,,,,,
2023,2023,Fiasp Pumpcart,Insulin Aspart/B3/Pump Cart,1,16617.21,432.0,15.0,,38.465763889
2024,2023,Fiasp Pumpcart,Insulin Aspart/B3/Pump Cart,1,16617.21,432.0,15.0,,38.465763889
2024,2024,Fiasp Pumpcart,Insulin Aspart/B3/Pump Cart,1,280831.27,8118.4,204.0,69.0,34.591947921
2016,2012,Humalog,Insulin Lispro,1,239682038.16,18437880.92,992106.0,242167.0,12.997353876
2016,2013,Humalog,Insulin Lispro,1,307223394.91,21283054.057,1085874.0,263312.0,14.433740028
2017,2013,Humalog,Insulin Lispro,1,307223394.91,21283054.057,1085874.0,263312.0,14.433740028
2016,2014,Humalog,Insulin Lispro,1,414427338.9,23499788.268,1224629.0,287340.0,17.632709247
2017,2014,Humalog,Insulin Lispro,1,414427338.9,23499788.268,1224629.0,287341.0,17.632709247
2018,2014,Humalog,Insulin Lispro,1,414435706.13,23501118.268,1224663.0,287354.0,17.632098289
2016,2015,Humalog,Insulin Lispro,1,500794282.28,23783119.548,1251572.0,295211.0,21.053894611
2017,2015,Humalog,Insulin Lispro,1,500794282.28,23783119.548,1251572.0,295212.0,21.053894611
2018,2015,Humalog,Insulin Lispro,1,500803637.44,23783550.548,1251607.0,295230.0,21.053955174
2019,2015,Humalog,Insulin Lispro,1,500803637.44,23783550.548,1249923.0,295230.0,21.053974014
2016,2016,Humalog,Insulin Lispro,1,624459458.11,26303280.244,1381213.0,321230.0,23.738034637
2017,2016,Humalog,Insulin Lispro,1,624459458.11,26303280.244,1381213.0,321230.0,23.738034637
2018,2016,Humalog,Insulin Lispro,1,624466842.9,26303627.244,1381243.0,321239.0,23.738053495
2019,2016,Humalog,Insulin Lispro,1,624466842.9,26303627.244,1379262.0,321239.0,23.738082025
2020,2016,Humalog,Insulin Lispro,1,624402364.93,26301013.244,1381099.0,321195.0,23.737960701
2017,2017,Humalog,Insulin Lispro,1,594947902.84,23120233.78,1218183.0,283221.0,25.728591359
2018,2017,Humalog,Insulin Lispro,1,594963284.43,23120875.78,1218228.0,283226.0,25.728615609
2019,2017,Humalog,Insulin Lispro,1,594963284.43,23120875.78,1216844.0,283227.0,25.728635713
2020,2017,Humalog,Insulin Lispro,1,594528099.26,23104247.78,1217401.0,282797.0,25.728293096
2021,2017,Humalog,Insulin Lispro,1,594528099.26,23104247.78,1217401.0,282797.0,25.728293096
2018,2018,Humalog,Insulin Lispro,1,589288819.45,21939524.16,1159155.0,266569.0,26.85575073
2019,2018,Humalog,Insulin Lispro,1,589288819.45,21939524.16,1157720.0,266569.0,26.855784072
2020,2018,Humalog,Insulin Lispro,1,589230439.92,21937400.16,1159005.0,266528.0,26.855690707
2021,2018,Humalog,Insulin Lispro,1,589230439.92,21937400.16,1159005.0,266528.0,26.855690707
2022,2018,Humalog,Insulin Lispro,1,589230439.92,21937400.16,1159005.0,266528.0,26.855690707
2019,2019,Humalog,Insulin Lispro,1,549322028.82,20684504.486,1052789.0,246687.0,26.551057415
2020,2019,Humalog,Insulin Lispro,1,549236374.47,20681482.486,1053989.0,246647.0,26.550750842
2021,2019,Humalog,Insulin Lispro,1,549236374.47,20681482.486,1053989.0,246647.0,26.550750842
2022,2019,Humalog,Insulin Lispro,1,549236374.47,20681482.486,1053989.0,246647.0,26.550750842
2023,2019,Humalog,Insulin Lispro,1,549236374.47,20681482.486,1053989.0,246647.0,26.550750842
2020,2020,Humalog,Insulin Lispro,1,449251292.15,17241808.227,759810.0,192852.0,26.051706948
2021,2020,Humalog,Insulin Lispro,1,449251292.15,17241808.227,759810.0,192852.0,26.051706948
2022,2020,Humalog,Insulin Lispro,1,449251292.15,17241808.227,759810.0,192852.0,26.051706948
2023,2020,Humalog,Insulin Lispro,1,449251292.15,17241808.227,759810.0,192852.0,26.051706948
2024,2020,Humalog,Insulin Lispro,1,449251292.15,17241808.227,759810.0,192852.0,26.051706948
2021,2021,Humalog,Insulin Lispro,1,435057237.32,16257949.2,647732.0,167509.0,26.756353127
2022,2021,Humalog,Insulin Lispro,1,435057237.32,16257949.2,647732.0,167509.0,26.756353127
2023,2021,Humalog,Insulin Lispro,1,435057237.32,16257949.2,647732.0,167509.0,26.756353127
2024,2021,Humalog,Insulin Lispro,1,435057237.32,16257949.2,647732.0,167509.0,26.756353127
2022,2022,Humalog,Insulin Lispro,1,440789066.72,16327553.5,599935.0,157502.0,26.993838728
2023,2022,Humalog,Insulin Lispro,1,440789066.72,16327553.5,599935.0,157502.0,26.993838728
2024,2022,Humalog,Insulin Lispro,1,440789066.72,16327553.5,599935.0,157502.0,26.993838728
2023,2023,Humalog,Insulin Lispro,1,458058581.84,17053782.95,572082.0,156031.0,26.867428485
2024,2023,Humalog,Insulin Lispro,1,458058581.84,17053782.95,572082.0,156031.0,26.867428485
2024,2024,Humalog,Insulin Lispro,1,98416546.93,15931037.78,511120.0,149275.0,6.1845409229
2018,2014,Humalog Junior Kwikpen,Insulin Lispro,1,,,,,
2018,2015,Humalog Junior Kwikpen,Insulin Lispro,1,,,,,
2019,2015,Humalog Junior Kwikpen,Insulin Lispro,1,,,,,
2018,2016,Humalog Junior Kwikpen,Insulin Lispro,1,,,,,
2019,2016,Humalog Junior Kwikpen,Insulin Lispro,1,,,,,
2020,2016,Humalog Junior Kwikpen,Insulin Lispro,1,,,,,
2018,2017,Humalog Junior Kwikpen,Insulin Lispro,1,86598.41,2541.0,121.0,111.0,34.080444707
2019,2017,Humalog Junior Kwikpen,Insulin Lispro,1,86598.41,2541.0,121.0,111.0,34.080444707
2020,2017,Humalog Junior Kwikpen,Insulin Lispro,1,82778.63,2421.0,119.0,110.0,34.191916563
2021,2017,Humalog Junior Kwikpen,Insulin Lispro,1,82778.63,2421.0,119.0,110.0,34.191916563
2018,2018,Humalog Junior Kwikpen,Insulin Lispro,1,1941879.52,55983.0,3175.0,1550.0,34.686949967
2019,2018,Humalog Junior Kwikpen,Insulin Lispro,1,1941879.52,55983.0,3174.0,1550.0,34.686949967
2020,2018,Humalog Junior Kwikpen,Insulin Lispro,1,1941879.52,55983.0,3175.0,1550.0,34.686949967
2021,2018,Humalog Junior Kwikpen,Insulin Lispro,1,1941879.52,55983.0,3175.0,1550.0,34.686949967
2022,2018,Humalog Junior Kwikpen,Insulin Lispro,1,1941879.52,55983.0,3175.0,1550.0,34.686949967
2019,2019,Humalog Junior Kwikpen,Insulin Lispro,1,4230470.67,121612.0,7353.0,2894.0,34.786621962
2020,2019,Humalog Junior Kwikpen,Insulin Lispro,1,4230470.67,121612.0,7355.0,2894.0,34.786621962
2021,2019,Humalog Junior Kwikpen,Insulin Lispro,1,4230470.67,121612.0,7355.0,2894.0,34.786621962
2022,2019,Humalog Junior Kwikpen,Insulin Lispro,1,4230470.67,121612.0,7355.0,2894.0,34.786621962
2023,2019,Humalog Junior Kwikpen,Insulin Lispro,1,4230470.67,121612.0,7355.0,2894.0,34.786621962
2020,2020,Humalog Junior Kwikpen,Insulin Lispro,1,6145479.09,178717.0,10392.0,3832.0,34.386650906
2021,2020,Humalog Junior Kwikpen,Insulin Lispro,1,6145479.09,178717.0,10392.0,3832.0,34.386650906
2022,2020,Humalog Junior Kwikpen,Insulin Lispro,1,6145479.09,178717.0,10392.0,3832.0,34.386650906
2023,2020,Humalog Junior Kwikpen,Insulin Lispro,1,6145479.09,178717.0,10392.0,3832.0,34.386650906
2024,2020,Humalog Junior Kwikpen,Insulin Lispro,1,6145479.09,178717.0,10392.0,3832.0,34.386650906
2021,2021,Humalog Junior Kwikpen,Insulin Lispro,1,7637030.74,217948.0,12355.0,4567.0,35.040609411
2022,2021,Humalog Junior Kwikpen,Insulin Lispro,1,7637030.74,217948.0,12355.0,4567.0,35.040609411
2023,2021,Humalog Junior Kwikpen,Insulin Lispro,1,7637030.74,217948.0,12355.0,4567.0,35.040609411
2024,2021,Humalog Junior Kwikpen,Insulin Lispro,1,7637030.74,217948.0,12355.0,4567.0,35.040609411
2022,2022,Humalog Junior Kwikpen,Insulin Lispro,1,8632562.49,243442.0,13572.0,5055.0,35.460448444
2023,2022,Humalog Junior Kwikpen,Insulin Lispro,1,8632562.49,243442.0,13572.0,5055.0,35.460448444
2024,2022,Humalog Junior Kwikpen,Insulin Lispro,1,8632562.49,243442.0,13572.0,5055.0,35.460448444
2023,2023,Humalog Junior Kwikpen,Insulin Lispro,1,9905950.02,278818.0,15111.0,5648.0,35.528373419
2024,2023,Humalog Junior Kwikpen,Insulin Lispro,1,9905950.02,278818.0,15111.0,5648.0,35.528373419
2024,2024,Humalog Junior Kwikpen,Insulin Lispro,1,3063716.31,306884.0,17083.0,6564.0,9.9833041475
2016,2012,Humalog Kwikpen U-100,Insulin Lispro,1,208821775.8,12637496.301,586496.0,170851.0,16.523983139
2016,2013,Humalog Kwikpen U-100,Insulin Lispro,1,335854461.85,17948556.0,805029.0,231238.0,18.712060282
2017,2013,Humalog Kwikpen U-100,Insulin Lispro,1,335854461.85,17948556.0,805029.0,231239.0,18.712060282
2016,2014,Humalog Kwikpen U-100,Insulin Lispro,1,522248868.6,22960122.44,1038658.0,291855.0,22.745909564
2017,2014,Humalog Kwikpen U-100,Insulin Lispro,1,522248868.6,22960122.44,1038658.0,291855.0,22.745909564
2018,2014,Humalog Kwikpen U-100,Insulin Lispro,1,522248868.6,22960122.44,1038658.0,291855.0,22.745909564
2016,2015,Humalog Kwikpen U-100,Insulin Lispro,1,700094998.63,25674177.004,1180550.0,335395.0,27.268449482
2017,2015,Humalog Kwikpen U-100,Insulin Lispro,1,700094998.63,25674177.004,1180550.0,335398.0,27.268449482
2018,2015,Humalog Kwikpen U-100,Insulin Lispro,1,700094998.63,25674177.004,1180550.0,335398.0,27.268449482
2019,2015,Humalog Kwikpen U-100,Insulin Lispro,1,700094998.63,25674177.004,1179828.0,335399.0,27.268449482
2016,2016,Humalog Kwikpen U-100,Insulin Lispro,1,1029433599.6,33458399.7,1557195.0,434561.0,30.767568349
2017,2016,Humalog Kwikpen U-100,Insulin Lispro,1,1029433599.6,33458399.7,1557195.0,434561.0,30.767568349
2018,2016,Humalog Kwikpen U-100,Insulin Lispro,1,1029433599.6,33458399.7,1557195.0,434561.0,30.767568349
2019,2016,Humalog Kwikpen U-100,Insulin Lispro,1,1029433599.6,33458399.7,1555898.0,434562.0,30.767568349
2020,2016,Humalog Kwikpen U-100,Insulin Lispro,1,1029324244.6,33454850.7,1557041.0,434495.0,30.767563539
2017,2017,Humalog Kwikpen U-100,Insulin Lispro,1,1090043555.4,32501770.0,1513879.0,414797.0,33.537975176
2018,2017,Humalog Kwikpen U-100,Insulin Lispro,1,1090043555.4,32501770.0,1513879.0,414797.0,33.537975176
2019,2017,Humalog Kwikpen U-100,Insulin Lispro,1,1090043555.4,32501770.0,1512759.0,414798.0,33.537975176
2020,2017,Humalog Kwikpen U-100,Insulin Lispro,1,1089309295.9,32480146.0,1512965.0,414218.0,33.537697027
2021,2017,Humalog Kwikpen U-100,Insulin Lispro,1,1089309295.9,32480146.0,1512965.0,414218.0,33.537697027
2018,2018,Humalog Kwikpen U-100,Insulin Lispro,1,1199656303.7,34150477.242,1597441.0,429662.0,35.128537009
2019,2018,Humalog Kwikpen U-100,Insulin Lispro,1,1199656303.7,34150477.242,1596071.0,429662.0,35.128537009
2020,2018,Humalog Kwikpen U-100,Insulin Lispro,1,1199569554.6,34148029.242,1597338.0,429618.0,35.128514916
2021,2018,Humalog Kwikpen U-100,Insulin Lispro,1,1199569554.6,34148029.242,1597338.0,429618.0,35.128514916
2022,2018,Humalog Kwikpen U-100,Insulin Lispro,1,1199569554.6,34148029.242,1597338.0,429618.0,35.128514916
2019,2019,Humalog Kwikpen U-100,Insulin Lispro,1,1218126350.7,34933818.2,1594758.0,438914.0,34.869545141
2020,2019,Humalog Kwikpen U-100,Insulin Lispro,1,1218056279.4,34931814.2,1595961.0,438874.0,34.869539624
2021,2019,Humalog Kwikpen U-100,Insulin Lispro,1,1218056279.4,34931814.2,1595961.0,438874.0,34.869539624
2022,2019,Humalog Kwikpen U-100,Insulin Lispro,1,1218056279.4,34931814.2,1595961.0,438874.0,34.869539624
2023,2019,Humalog Kwikpen U-100,Insulin Lispro,1,1218056279.4,34931814.2,1595961.0,438874.0,34.869539624
2020,2020,Humalog Kwikpen U-100,Insulin Lispro,1,1053915810.3,30573580.0,1276804.0,384871.0,34.471455757
2021,2020,Humalog Kwikpen U-100,Insulin Lispro,1,1053915810.3,30573580.0,1276804.0,384871.0,34.471455757
2022,2020,Humalog Kwikpen U-100,Insulin Lispro,1,1053915810.3,30573580.0,1276804.0,384871.0,34.471455757
2023,2020,Humalog Kwikpen U-100,Insulin Lispro,1,1053915810.3,30573580.0,1276804.0,384871.0,34.471455757
2024,2020,Humalog Kwikpen U-100,Insulin Lispro,1,1053915810.3,30573580.0,1276804.0,384871.0,34.471455757
2021,2021,Humalog Kwikpen U-100,Insulin Lispro,1,1076261741.2,30566840.0,1209113.0,374293.0,35.210108116
2022,2021,Humalog Kwikpen U-100,Insulin Lispro,1,1076261741.2,30566840.0,1209113.0,374293.0,35.210108116
2023,2021,Humalog Kwikpen U-100,Insulin Lispro,1,1076261741.2,30566840.0,1209113.0,374293.0,35.210108116
2024,2021,Humalog Kwikpen U-100,Insulin Lispro,1,1076261741.2,30566840.0,1209113.0,374293.0,35.210108116
2022,2022,Humalog Kwikpen U-100,Insulin Lispro,1,1100404539.9,30864765.943,1226763.0,379168.0,35.652450498
2023,2022,Humalog Kwikpen U-100,Insulin Lispro,1,1100404539.9,30864765.943,1226763.0,379168.0,35.652450498
2024,2022,Humalog Kwikpen U-100,Insulin Lispro,1,1100404539.9,30864765.943,1226763.0,379168.0,35.652450498
2023,2023,Humalog Kwikpen U-100,Insulin Lispro,1,1208385334.2,33756806.5,1363952.0,418431.0,35.796790619
2024,2023,Humalog Kwikpen U-100,Insulin Lispro,1,1208385334.2,33756806.5,1363952.0,418431.0,35.796790619
2024,2024,Humalog Kwikpen U-100,Insulin Lispro,1,334334171.91,33730214.25,1392033.0,447128.0,9.9120085462
2016,2012,Humalog Kwikpen U-200,Insulin Lispro,1,,,,,
2016,2013,Humalog Kwikpen U-200,Insulin Lispro,1,,,,,
2017,2013,Humalog Kwikpen U-200,Insulin Lispro,1,,,,,
2016,2014,Humalog Kwikpen U-200,Insulin Lispro,1,,,,,
2017,2014,Humalog Kwikpen U-200,Insulin Lispro,1,,,,,
2018,2014,Humalog Kwikpen U-200,Insulin Lispro,1,,,,,
2016,2015,Humalog Kwikpen U-200,Insulin Lispro,1,4438389.9,76573.0,4014.0,2465.0,57.962857665
2017,2015,Humalog Kwikpen U-200,Insulin Lispro,1,4442692.07,76645.0,4020.0,2469.0,57.964538717
2018,2015,Humalog Kwikpen U-200,Insulin Lispro,1,4442692.07,76645.0,4020.0,2469.0,57.964538717
2019,2015,Humalog Kwikpen U-200,Insulin Lispro,1,4442692.07,76645.0,4019.0,2469.0,57.964538717
2016,2016,Humalog Kwikpen U-200,Insulin Lispro,1,57013867.94,910159.0,55015.0,17573.0,62.641657051
2017,2016,Humalog Kwikpen U-200,Insulin Lispro,1,57074758.13,911167.0,55104.0,17598.0,62.639184837
2018,2016,Humalog Kwikpen U-200,Insulin Lispro,1,57074758.13,911167.0,55104.0,17598.0,62.639184837
2019,2016,Humalog Kwikpen U-200,Insulin Lispro,1,57074758.13,911167.0,55076.0,17598.0,62.639184837
2020,2016,Humalog Kwikpen U-200,Insulin Lispro,1,57071606.89,911119.0,55100.0,17597.0,62.639026176
2017,2017,Humalog Kwikpen U-200,Insulin Lispro,1,94229406.89,1386292.0,83091.0,23598.0,67.972264783
2018,2017,Humalog Kwikpen U-200,Insulin Lispro,1,94229406.89,1386292.0,83091.0,23598.0,67.972264783
2019,2017,Humalog Kwikpen U-200,Insulin Lispro,1,94229406.89,1386292.0,83066.0,23598.0,67.972264783
2020,2017,Humalog Kwikpen U-200,Insulin Lispro,1,94165348.49,1385380.0,83023.0,23564.0,67.970772272
2021,2017,Humalog Kwikpen U-200,Insulin Lispro,1,94165348.49,1385380.0,83023.0,23564.0,67.970772272
2018,2018,Humalog Kwikpen U-200,Insulin Lispro,1,122104960.8,1718290.0,100834.0,27426.0,71.061905033
2019,2018,Humalog Kwikpen U-200,Insulin Lispro,1,122104960.8,1718290.0,100805.0,27426.0,71.061905033
2020,2018,Humalog Kwikpen U-200,Insulin Lispro,1,122092201.57,1718122.0,100826.0,27424.0,71.061427285
2021,2018,Humalog Kwikpen U-200,Insulin Lispro,1,122092201.57,1718122.0,100826.0,27424.0,71.061427285
2022,2018,Humalog Kwikpen U-200,Insulin Lispro,1,122092201.57,1718122.0,100826.0,27424.0,71.061427285
2019,2019,Humalog Kwikpen U-200,Insulin Lispro,1,140217914.83,1976536.0,109132.0,29242.0,70.941240043
2020,2019,Humalog Kwikpen U-200,Insulin Lispro,1,140213500.45,1976476.0,109155.0,29239.0,70.941160151
2021,2019,Humalog Kwikpen U-200,Insulin Lispro,1,140213500.45,1976476.0,109155.0,29239.0,70.941160151
2022,2019,Humalog Kwikpen U-200,Insulin Lispro,1,140213500.45,1976476.0,109155.0,29239.0,70.941160151
2023,2019,Humalog Kwikpen U-200,Insulin Lispro,1,140213500.45,1976476.0,109155.0,29239.0,70.941160151
2020,2020,Humalog Kwikpen U-200,Insulin Lispro,1,154533157.15,2184844.0,116218.0,30870.0,70.729606851
2021,2020,Humalog Kwikpen U-200,Insulin Lispro,1,154533157.15,2184844.0,116218.0,30870.0,70.729606851
2022,2020,Humalog Kwikpen U-200,Insulin Lispro,1,154533157.15,2184844.0,116218.0,30870.0,70.729606851
2023,2020,Humalog Kwikpen U-200,Insulin Lispro,1,154533157.15,2184844.0,116218.0,30870.0,70.729606851
2024,2020,Humalog Kwikpen U-200,Insulin Lispro,1,154533157.15,2184844.0,116218.0,30870.0,70.729606851
2021,2021,Humalog Kwikpen U-200,Insulin Lispro,1,178574228.92,2471033.0,123462.0,34271.0,72.267035252
2022,2021,Humalog Kwikpen U-200,Insulin Lispro,1,178574228.92,2471033.0,123462.0,34271.0,72.267035252
2023,2021,Humalog Kwikpen U-200,Insulin Lispro,1,178574228.92,2471033.0,123462.0,34271.0,72.267035252
2024,2021,Humalog Kwikpen U-200,Insulin Lispro,1,178574228.92,2471033.0,123462.0,34271.0,72.267035252
2022,2022,Humalog Kwikpen U-200,Insulin Lispro,1,195020097.84,2664338.0,129581.0,36156.0,73.196455495
2023,2022,Humalog Kwikpen U-200,Insulin Lispro,1,195020097.84,2664338.0,129581.0,36156.0,73.196455495
2024,2022,Humalog Kwikpen U-200,Insulin Lispro,1,195020097.84,2664338.0,129581.0,36156.0,73.196455495
2023,2023,Humalog Kwikpen U-200,Insulin Lispro,1,224440403.63,3042936.0,143978.0,40611.0,73.757845591
2024,2023,Humalog Kwikpen U-200,Insulin Lispro,1,224440403.63,3042936.0,143978.0,40611.0,73.757845591
2024,2024,Humalog Kwikpen U-200,Insulin Lispro,1,228025262.24,3472693.0,159898.0,45830.0,65.662372758
2016,2012,Humalog Mix 50-50,Insulin Lispro Protamin/Lispro,1,12866673.27,983904.0,30322.0,5764.0,13.07716329
2016,2013,Humalog Mix 50-50,Insulin Lispro Protamin/Lispro,1,14616610.01,969416.266,28922.0,5444.0,15.077743713
2017,2013,Humalog Mix 50-50,Insulin Lispro Protamin/Lispro,1,14616610.01,969416.266,28922.0,5444.0,15.077743713
2016,2014,Humalog Mix 50-50,Insulin Lispro Protamin/Lispro,1,17678913.39,934345.5,28095.0,5295.0,18.921173581
2017,2014,Humalog Mix 50-50,Insulin Lispro Protamin/Lispro,1,17678913.39,934345.5,28095.0,5295.0,18.921173581
2018,2014,Humalog Mix 50-50,Insulin Lispro Protamin/Lispro,1,17678913.39,934345.5,28095.0,5295.0,18.921173581
2016,2015,Humalog Mix 50-50,Insulin Lispro Protamin/Lispro,1,19268823.48,852398.0,25773.0,4830.0,22.605430186
2017,2015,Humalog Mix 50-50,Insulin Lispro Protamin/Lispro,1,19268823.48,852398.0,25773.0,4829.0,22.605430186
2018,2015,Humalog Mix 50-50,Insulin Lispro Protamin/Lispro,1,19268823.48,852398.0,25773.0,4829.0,22.605430186
2019,2015,Humalog Mix 50-50,Insulin Lispro Protamin/Lispro,1,19268823.48,852398.0,25764.0,4829.0,22.605430186
2016,2016,Humalog Mix 50-50,Insulin Lispro Protamin/Lispro,1,18952437.5,742868.0,22969.0,4226.0,25.512523759
2017,2016,Humalog Mix 50-50,Insulin Lispro Protamin/Lispro,1,18952437.5,742868.0,22969.0,4226.0,25.512523759
2018,2016,Humalog Mix 50-50,Insulin Lispro Protamin/Lispro,1,18952437.5,742868.0,22969.0,4226.0,25.512523759
2019,2016,Humalog Mix 50-50,Insulin Lispro Protamin/Lispro,1,18952437.5,742868.0,22965.0,4226.0,25.512523759
2020,2016,Humalog Mix 50-50,Insulin Lispro Protamin/Lispro,1,18949447.3,742748.0,22964.0,4225.0,25.512619758
2017,2017,Humalog Mix 50-50,Insulin Lispro Protamin/Lispro,1,15262286.9,546470.0,16989.0,3089.0,27.92886508
2018,2017,Humalog Mix 50-50,Insulin Lispro Protamin/Lispro,1,15262286.9,546470.0,16989.0,3089.0,27.92886508
2019,2017,Humalog Mix 50-50,Insulin Lispro Protamin/Lispro,1,15262286.9,546470.0,16982.0,3089.0,27.92886508
2020,2017,Humalog Mix 50-50,Insulin Lispro Protamin/Lispro,1,15262286.9,546470.0,16989.0,3089.0,27.92886508
2021,2017,Humalog Mix 50-50,Insulin Lispro Protamin/Lispro,1,15262286.9,546470.0,16989.0,3089.0,27.92886508
2018,2018,Humalog Mix 50-50,Insulin Lispro Protamin/Lispro,1,13744214.22,474705.0,14831.0,2601.0,28.953169274
2019,2018,Humalog Mix 50-50,Insulin Lispro Protamin/Lispro,1,13744214.22,474705.0,14827.0,2601.0,28.953169274
2020,2018,Humalog Mix 50-50,Insulin Lispro Protamin/Lispro,1,13727392.85,474115.0,14816.0,2599.0,28.953719773
2021,2018,Humalog Mix 50-50,Insulin Lispro Protamin/Lispro,1,13727392.85,474115.0,14816.0,2599.0,28.953719773
2022,2018,Humalog Mix 50-50,Insulin Lispro Protamin/Lispro,1,13727392.85,474115.0,14816.0,2599.0,28.953719773
2019,2019,Humalog Mix 50-50,Insulin Lispro Protamin/Lispro,1,11592674.79,401528.0,12575.0,2307.0,28.871398234
2020,2019,Humalog Mix 50-50,Insulin Lispro Protamin/Lispro,1,11590408.23,401448.0,12573.0,2305.0,28.871505724
2021,2019,Humalog Mix 50-50,Insulin Lispro Protamin/Lispro,1,11590408.23,401448.0,12573.0,2305.0,28.871505724
2022,2019,Humalog Mix 50-50,Insulin Lispro Protamin/Lispro,1,11590408.23,401448.0,12573.0,2305.0,28.871505724
2023,2019,Humalog Mix 50-50,Insulin Lispro Protamin/Lispro,1,11590408.23,401448.0,12573.0,2305.0,28.871505724
2020,2020,Humalog Mix 50-50,Insulin Lispro Protamin/Lispro,1,10144996.96,353120.0,11129.0,1932.0,28.729601722
2021,2020,Humalog Mix 50-50,Insulin Lispro Protamin/Lispro,1,10144996.96,353120.0,11129.0,1932.0,28.729601722
2022,2020,Humalog Mix 50-50,Insulin Lispro Protamin/Lispro,1,10144996.96,353120.0,11129.0,1932.0,28.729601722
2023,2020,Humalog Mix 50-50,Insulin Lispro Protamin/Lispro,1,10144996.96,353120.0,11129.0,1932.0,28.729601722
2024,2020,Humalog Mix 50-50,Insulin Lispro Protamin/Lispro,1,10144996.96,353120.0,11129.0,1932.0,28.729601722
2021,2021,Humalog Mix 50-50,Insulin Lispro Protamin/Lispro,1,9337859.11,321930.0,9932.0,1753.0,29.005868077
2022,2021,Humalog Mix 50-50,Insulin Lispro Protamin/Lispro,1,9337859.11,321930.0,9932.0,1753.0,29.005868077
2023,2021,Humalog Mix 50-50,Insulin Lispro Protamin/Lispro,1,9337859.11,321930.0,9932.0,1753.0,29.005868077
2024,2021,Humalog Mix 50-50,Insulin Lispro Protamin/Lispro,1,9337859.11,321930.0,9932.0,1753.0,29.005868077
2022,2022,Humalog Mix 50-50,Insulin Lispro Protamin/Lispro,1,8094938.43,277639.0,8535.0,1529.0,29.156344858
2023,2022,Humalog Mix 50-50,Insulin Lispro Protamin/Lispro,1,8094938.43,277639.0,8535.0,1529.0,29.156344858
2024,2022,Humalog Mix 50-50,Insulin Lispro Protamin/Lispro,1,8094938.43,277639.0,8535.0,1529.0,29.156344858
2023,2023,Humalog Mix 50-50,Insulin Lispro Protamin/Lispro,1,6085553.15,208520.0,6483.0,1297.0,29.184505803
2024,2023,Humalog Mix 50-50,Insulin Lispro Protamin/Lispro,1,6085553.15,208520.0,6483.0,1297.0,29.184505803
2024,2024,Humalog Mix 50-50,Insulin Lispro Protamin/Lispro,1,23627.48,2970.0,131.0,108.0,7.9553804714
2016,2012,Humalog Mix 50-50 Kwikpen,Insulin Lispro Protamin/Lispro,1,14553888.75,880530.0,28619.0,6300.0,16.528555245
2016,2013,Humalog Mix 50-50 Kwikpen,Insulin Lispro Protamin/Lispro,1,20420676.39,1078647.0,32947.0,7257.0,18.931750971
2017,2013,Humalog Mix 50-50 Kwikpen,Insulin Lispro Protamin/Lispro,1,20420676.39,1078647.0,32947.0,7257.0,18.931750971
2016,2014,Humalog Mix 50-50 Kwikpen,Insulin Lispro Protamin/Lispro,1,26888453.47,1168375.0,35648.0,7797.0,23.013547423
2017,2014,Humalog Mix 50-50 Kwikpen,Insulin Lispro Protamin/Lispro,1,26888453.47,1168375.0,35648.0,7797.0,23.013547423
2018,2014,Humalog Mix 50-50 Kwikpen,Insulin Lispro Protamin/Lispro,1,26888453.47,1168375.0,35648.0,7797.0,23.013547423
2016,2015,Humalog Mix 50-50 Kwikpen,Insulin Lispro Protamin/Lispro,1,30787721.82,1120107.0,34143.0,7502.0,27.486411405
2017,2015,Humalog Mix 50-50 Kwikpen,Insulin Lispro Protamin/Lispro,1,30787721.82,1120107.0,34143.0,7501.0,27.486411405
2018,2015,Humalog Mix 50-50 Kwikpen,Insulin Lispro Protamin/Lispro,1,30787721.82,1120107.0,34143.0,7501.0,27.486411405
2019,2015,Humalog Mix 50-50 Kwikpen,Insulin Lispro Protamin/Lispro,1,30787721.82,1120107.0,34135.0,7501.0,27.486411405
2016,2016,Humalog Mix 50-50 Kwikpen,Insulin Lispro Protamin/Lispro,1,32270538.37,1039074.0,31653.0,7044.0,31.057016507
2017,2016,Humalog Mix 50-50 Kwikpen,Insulin Lispro Protamin/Lispro,1,32270538.37,1039074.0,31653.0,7044.0,31.057016507
2018,2016,Humalog Mix 50-50 Kwikpen,Insulin Lispro Protamin/Lispro,1,32270538.37,1039074.0,31653.0,7044.0,31.057016507
2019,2016,Humalog Mix 50-50 Kwikpen,Insulin Lispro Protamin/Lispro,1,32270538.37,1039074.0,31648.0,7044.0,31.057016507
2020,2016,Humalog Mix 50-50 Kwikpen,Insulin Lispro Protamin/Lispro,1,32270538.37,1039074.0,31653.0,7044.0,31.057016507
2017,2017,Humalog Mix 50-50 Kwikpen,Insulin Lispro Protamin/Lispro,1,29244698.58,863916.0,26056.0,5730.0,33.851321865
2018,2017,Humalog Mix 50-50 Kwikpen,Insulin Lispro Protamin/Lispro,1,29244698.58,863916.0,26056.0,5730.0,33.851321865
2019,2017,Humalog Mix 50-50 Kwikpen,Insulin Lispro Protamin/Lispro,1,29244698.58,863916.0,26052.0,5730.0,33.851321865
2020,2017,Humalog Mix 50-50 Kwikpen,Insulin Lispro Protamin/Lispro,1,29244152.56,863886.0,26054.0,5728.0,33.851865362
2021,2017,Humalog Mix 50-50 Kwikpen,Insulin Lispro Protamin/Lispro,1,29244152.56,863886.0,26054.0,5728.0,33.851865362
2018,2018,Humalog Mix 50-50 Kwikpen,Insulin Lispro Protamin/Lispro,1,27912797.64,788934.0,23750.0,5092.0,35.380396383
2019,2018,Humalog Mix 50-50 Kwikpen,Insulin Lispro Protamin/Lispro,1,27912797.64,788934.0,23741.0,5092.0,35.380396383
2020,2018,Humalog Mix 50-50 Kwikpen,Insulin Lispro Protamin/Lispro,1,27911660.18,788904.0,23748.0,5091.0,35.380299986
2021,2018,Humalog Mix 50-50 Kwikpen,Insulin Lispro Protamin/Lispro,1,27911660.18,788904.0,23748.0,5091.0,35.380299986
2022,2018,Humalog Mix 50-50 Kwikpen,Insulin Lispro Protamin/Lispro,1,27911660.18,788904.0,23748.0,5091.0,35.380299986
2019,2019,Humalog Mix 50-50 Kwikpen,Insulin Lispro Protamin/Lispro,1,26031916.33,736083.0,22260.0,4633.0,35.365463311
2020,2019,Humalog Mix 50-50 Kwikpen,Insulin Lispro Protamin/Lispro,1,26031916.33,736083.0,22265.0,4633.0,35.365463311
2021,2019,Humalog Mix 50-50 Kwikpen,Insulin Lispro Protamin/Lispro,1,26031916.33,736083.0,22265.0,4633.0,35.365463311
2022,2019,Humalog Mix 50-50 Kwikpen,Insulin Lispro Protamin/Lispro,1,26031916.33,736083.0,22265.0,4633.0,35.365463311
2023,2019,Humalog Mix 50-50 Kwikpen,Insulin Lispro Protamin/Lispro,1,26031916.33,736083.0,22265.0,4633.0,35.365463311
2020,2020,Humalog Mix 50-50 Kwikpen,Insulin Lispro Protamin/Lispro,1,24113083.78,684384.0,20412.0,4241.0,35.233266383
2021,2020,Humalog Mix 50-50 Kwikpen,Insulin Lispro Protamin/Lispro,1,24113083.78,684384.0,20412.0,4241.0,35.233266383
2022,2020,Humalog Mix 50-50 Kwikpen,Insulin Lispro Protamin/Lispro,1,24113083.78,684384.0,20412.0,4241.0,35.233266383
2023,2020,Humalog Mix 50-50 Kwikpen,Insulin Lispro Protamin/Lispro,1,24113083.78,684384.0,20412.0,4241.0,35.233266383
2024,2020,Humalog Mix 50-50 Kwikpen,Insulin Lispro Protamin/Lispro,1,24113083.78,684384.0,20412.0,4241.0,35.233266383
2021,2021,Humalog Mix 50-50 Kwikpen,Insulin Lispro Protamin/Lispro,1,22618250.16,631332.0,18284.0,4026.0,35.826237479
2022,2021,Humalog Mix 50-50 Kwikpen,Insulin Lispro Protamin/Lispro,1,22618250.16,631332.0,18284.0,4026.0,35.826237479
2023,2021,Humalog Mix 50-50 Kwikpen,Insulin Lispro Protamin/Lispro,1,22618250.16,631332.0,18284.0,4026.0,35.826237479
2024,2021,Humalog Mix 50-50 Kwikpen,Insulin Lispro Protamin/Lispro,1,22618250.16,631332.0,18284.0,4026.0,35.826237479
2022,2022,Humalog Mix 50-50 Kwikpen,Insulin Lispro Protamin/Lispro,1,20642852.95,567566.0,16287.0,3735.0,36.370841365
2023,2022,Humalog Mix 50-50 Kwikpen,Insulin Lispro Protamin/Lispro,1,20642852.95,567566.0,16287.0,3735.0,36.370841365
2024,2022,Humalog Mix 50-50 Kwikpen,Insulin Lispro Protamin/Lispro,1,20642852.95,567566.0,16287.0,3735.0,36.370841365
2023,2023,Humalog Mix 50-50 Kwikpen,Insulin Lispro Protamin/Lispro,1,20294452.05,556560.0,16268.0,3890.0,36.464086621
2024,2023,Humalog Mix 50-50 Kwikpen,Insulin Lispro Protamin/Lispro,1,20294452.05,556560.0,16268.0,3890.0,36.464086621
2024,2024,Humalog Mix 50-50 Kwikpen,Insulin Lispro Protamin/Lispro,1,6107917.31,613424.0,18627.0,4267.0,9.957088914
2016,2012,Humalog Mix 75-25,Insulin Lispro Protamin/Lispro,1,81027345.47,6253533.86,245359.0,45505.0,12.957049132
2016,2013,Humalog Mix 75-25,Insulin Lispro Protamin/Lispro,1,94110630.72,6309950.825,238482.0,44300.0,14.914637741
2017,2013,Humalog Mix 75-25,Insulin Lispro Protamin/Lispro,1,94110630.72,6309950.825,238482.0,44300.0,14.914637741
2016,2014,Humalog Mix 75-25,Insulin Lispro Protamin/Lispro,1,116147354.29,6220934.666,234194.0,43330.0,18.670402524
2017,2014,Humalog Mix 75-25,Insulin Lispro Protamin/Lispro,1,116147354.29,6220934.666,234194.0,43330.0,18.670402524
2018,2014,Humalog Mix 75-25,Insulin Lispro Protamin/Lispro,1,116147354.29,6220934.666,234194.0,43330.0,18.670402524
2016,2015,Humalog Mix 75-25,Insulin Lispro Protamin/Lispro,1,131065150.19,5864087.455,220721.0,41784.0,22.350476727
2017,2015,Humalog Mix 75-25,Insulin Lispro Protamin/Lispro,1,131065150.19,5864087.455,220721.0,41784.0,22.350476727
2018,2015,Humalog Mix 75-25,Insulin Lispro Protamin/Lispro,1,131065150.19,5864087.455,220721.0,41784.0,22.350476727
2019,2015,Humalog Mix 75-25,Insulin Lispro Protamin/Lispro,1,131065150.19,5864087.455,220635.0,41784.0,22.350476727
2016,2016,Humalog Mix 75-25,Insulin Lispro Protamin/Lispro,1,154010455.9,6105491.0,229628.0,43460.0,25.224909168
2017,2016,Humalog Mix 75-25,Insulin Lispro Protamin/Lispro,1,154010455.9,6105491.0,229628.0,43460.0,25.224909168
2018,2016,Humalog Mix 75-25,Insulin Lispro Protamin/Lispro,1,154010455.9,6105491.0,229628.0,43460.0,25.224909168
2019,2016,Humalog Mix 75-25,Insulin Lispro Protamin/Lispro,1,154010455.9,6105491.0,229508.0,43460.0,25.224909168
2020,2016,Humalog Mix 75-25,Insulin Lispro Protamin/Lispro,1,153970994.83,6103931.0,229577.0,43453.0,25.224891112
2017,2017,Humalog Mix 75-25,Insulin Lispro Protamin/Lispro,1,132848838.11,4819017.111,178542.0,33042.0,27.567621166
2018,2017,Humalog Mix 75-25,Insulin Lispro Protamin/Lispro,1,132848838.11,4819017.111,178542.0,33042.0,27.567621166
2019,2017,Humalog Mix 75-25,Insulin Lispro Protamin/Lispro,1,132848838.11,4819017.111,178459.0,33042.0,27.567621166
2020,2017,Humalog Mix 75-25,Insulin Lispro Protamin/Lispro,1,132797196.7,4817027.111,178482.0,33009.0,27.568289246
2021,2017,Humalog Mix 75-25,Insulin Lispro Protamin/Lispro,1,132797196.7,4817027.111,178482.0,33009.0,27.568289246
2018,2018,Humalog Mix 75-25,Insulin Lispro Protamin/Lispro,1,118623121.49,4104312.2,148524.0,27443.0,28.902070727
2019,2018,Humalog Mix 75-25,Insulin Lispro Protamin/Lispro,1,118623121.49,4104312.2,148466.0,27443.0,28.902070727
2020,2018,Humalog Mix 75-25,Insulin Lispro Protamin/Lispro,1,118619512.26,4104192.2,148512.0,27440.0,28.902036376
2021,2018,Humalog Mix 75-25,Insulin Lispro Protamin/Lispro,1,118619512.26,4104192.2,148512.0,27440.0,28.902036376
2022,2018,Humalog Mix 75-25,Insulin Lispro Protamin/Lispro,1,118619512.26,4104192.2,148512.0,27440.0,28.902036376
2019,2019,Humalog Mix 75-25,Insulin Lispro Protamin/Lispro,1,101077526.69,3512190.0,122352.0,22822.0,28.779059985
2020,2019,Humalog Mix 75-25,Insulin Lispro Protamin/Lispro,1,101067295.04,3511860.0,122384.0,22820.0,28.77885082
2021,2019,Humalog Mix 75-25,Insulin Lispro Protamin/Lispro,1,101067295.04,3511860.0,122384.0,22820.0,28.77885082
2022,2019,Humalog Mix 75-25,Insulin Lispro Protamin/Lispro,1,101067295.04,3511860.0,122384.0,22820.0,28.77885082
2023,2019,Humalog Mix 75-25,Insulin Lispro Protamin/Lispro,1,101067295.04,3511860.0,122384.0,22820.0,28.77885082
2020,2020,Humalog Mix 75-25,Insulin Lispro Protamin/Lispro,1,89208218.23,3115026.3,103461.0,19228.0,28.638030514
2021,2020,Humalog Mix 75-25,Insulin Lispro Protamin/Lispro,1,89208218.23,3115026.3,103461.0,19228.0,28.638030514
2022,2020,Humalog Mix 75-25,Insulin Lispro Protamin/Lispro,1,89208218.23,3115026.3,103461.0,19228.0,28.638030514
2023,2020,Humalog Mix 75-25,Insulin Lispro Protamin/Lispro,1,89208218.23,3115026.3,103461.0,19228.0,28.638030514
2024,2020,Humalog Mix 75-25,Insulin Lispro Protamin/Lispro,1,89208218.23,3115026.3,103461.0,19228.0,28.638030514
2021,2021,Humalog Mix 75-25,Insulin Lispro Protamin/Lispro,1,79517909.38,2728563.0,86741.0,16975.0,29.142779324
2022,2021,Humalog Mix 75-25,Insulin Lispro Protamin/Lispro,1,79517909.38,2728563.0,86741.0,16975.0,29.142779324
2023,2021,Humalog Mix 75-25,Insulin Lispro Protamin/Lispro,1,79517909.38,2728563.0,86741.0,16975.0,29.142779324
2024,2021,Humalog Mix 75-25,Insulin Lispro Protamin/Lispro,1,79517909.38,2728563.0,86741.0,16975.0,29.142779324
2022,2022,Humalog Mix 75-25,Insulin Lispro Protamin/Lispro,1,68003334.64,2311034.0,72099.0,14363.0,29.425501589
2023,2022,Humalog Mix 75-25,Insulin Lispro Protamin/Lispro,1,68003334.64,2311034.0,72099.0,14363.0,29.425501589
2024,2022,Humalog Mix 75-25,Insulin Lispro Protamin/Lispro,1,68003334.64,2311034.0,72099.0,14363.0,29.425501589
2023,2023,Humalog Mix 75-25,Insulin Lispro Protamin/Lispro,1,59917382.17,2030500.0,62177.0,12749.0,29.508683659
2024,2023,Humalog Mix 75-25,Insulin Lispro Protamin/Lispro,1,59917382.17,2030500.0,62177.0,12749.0,29.508683659
2024,2024,Humalog Mix 75-25,Insulin Lispro Protamin/Lispro,1,14315749.04,1773390.0,55075.0,11801.0,8.0725328552
2016,2012,Humalog Mix 75-25 Kwikpen,Insulin Lispro Protamin/Lispro,1,86443690.57,5235582.0,201687.0,42433.0,16.510808267
2016,2013,Humalog Mix 75-25 Kwikpen,Insulin Lispro Protamin/Lispro,1,129435741.16,6908096.0,250926.0,52437.0,18.736818533
2017,2013,Humalog Mix 75-25 Kwikpen,Insulin Lispro Protamin/Lispro,1,129435741.16,6908096.0,250926.0,52437.0,18.736818533
2016,2014,Humalog Mix 75-25 Kwikpen,Insulin Lispro Protamin/Lispro,1,180480165.45,7926878.1,288798.0,60298.0,22.768126767
2017,2014,Humalog Mix 75-25 Kwikpen,Insulin Lispro Protamin/Lispro,1,180480165.45,7926878.1,288798.0,60298.0,22.768126767
2018,2014,Humalog Mix 75-25 Kwikpen,Insulin Lispro Protamin/Lispro,1,180480165.45,7926878.1,288798.0,60298.0,22.768126767
2016,2015,Humalog Mix 75-25 Kwikpen,Insulin Lispro Protamin/Lispro,1,225534896.7,8250262.0,300711.0,64352.0,27.336695089
2017,2015,Humalog Mix 75-25 Kwikpen,Insulin Lispro Protamin/Lispro,1,225534896.7,8250262.0,300711.0,64353.0,27.336695089
2018,2015,Humalog Mix 75-25 Kwikpen,Insulin Lispro Protamin/Lispro,1,225534896.7,8250262.0,300711.0,64353.0,27.336695089
2019,2015,Humalog Mix 75-25 Kwikpen,Insulin Lispro Protamin/Lispro,1,225534896.7,8250262.0,300633.0,64353.0,27.336695089
2016,2016,Humalog Mix 75-25 Kwikpen,Insulin Lispro Protamin/Lispro,1,313511528.07,10155207.0,368586.0,78009.0,30.871997791
2017,2016,Humalog Mix 75-25 Kwikpen,Insulin Lispro Protamin/Lispro,1,313511528.07,10155207.0,368586.0,78009.0,30.871997791
2018,2016,Humalog Mix 75-25 Kwikpen,Insulin Lispro Protamin/Lispro,1,313511528.07,10155207.0,368586.0,78009.0,30.871997791
2019,2016,Humalog Mix 75-25 Kwikpen,Insulin Lispro Protamin/Lispro,1,313511528.07,10155207.0,368446.0,78009.0,30.871997791
2020,2016,Humalog Mix 75-25 Kwikpen,Insulin Lispro Protamin/Lispro,1,313470542.89,10153902.0,368532.0,77996.0,30.871929125
2017,2017,Humalog Mix 75-25 Kwikpen,Insulin Lispro Protamin/Lispro,1,312566412.74,9264341.0,326752.0,67462.0,33.738655857
2018,2017,Humalog Mix 75-25 Kwikpen,Insulin Lispro Protamin/Lispro,1,312566412.74,9264341.0,326752.0,67462.0,33.738655857
2019,2017,Humalog Mix 75-25 Kwikpen,Insulin Lispro Protamin/Lispro,1,312566412.74,9264341.0,326656.0,67462.0,33.738655857
2020,2017,Humalog Mix 75-25 Kwikpen,Insulin Lispro Protamin/Lispro,1,312406668.84,9259694.0,326594.0,67371.0,33.738336152
2021,2017,Humalog Mix 75-25 Kwikpen,Insulin Lispro Protamin/Lispro,1,312406668.84,9259694.0,326594.0,67371.0,33.738336152
2018,2018,Humalog Mix 75-25 Kwikpen,Insulin Lispro Protamin/Lispro,1,313769283.5,8847802.0,309230.0,62431.0,35.462963966
2019,2018,Humalog Mix 75-25 Kwikpen,Insulin Lispro Protamin/Lispro,1,313769283.5,8847802.0,309107.0,62431.0,35.462963966
2020,2018,Humalog Mix 75-25 Kwikpen,Insulin Lispro Protamin/Lispro,1,313761539.54,8847592.0,309220.0,62426.0,35.462930427
2021,2018,Humalog Mix 75-25 Kwikpen,Insulin Lispro Protamin/Lispro,1,313761539.54,8847592.0,309220.0,62426.0,35.462930427
2022,2018,Humalog Mix 75-25 Kwikpen,Insulin Lispro Protamin/Lispro,1,313761539.54,8847592.0,309220.0,62426.0,35.462930427
2019,2019,Humalog Mix 75-25 Kwikpen,Insulin Lispro Protamin/Lispro,1,303669909.15,8582268.0,292757.0,58488.0,35.383410207
2020,2019,Humalog Mix 75-25 Kwikpen,Insulin Lispro Protamin/Lispro,1,303665676.52,8582148.0,292855.0,58483.0,35.383411766
2021,2019,Humalog Mix 75-25 Kwikpen,Insulin Lispro Protamin/Lispro,1,303665676.52,8582148.0,292855.0,58483.0,35.383411766
2022,2019,Humalog Mix 75-25 Kwikpen,Insulin Lispro Protamin/Lispro,1,303665676.52,8582148.0,292855.0,58483.0,35.383411766
2023,2019,Humalog Mix 75-25 Kwikpen,Insulin Lispro Protamin/Lispro,1,303665676.52,8582148.0,292855.0,58483.0,35.383411766
2020,2020,Humalog Mix 75-25 Kwikpen,Insulin Lispro Protamin/Lispro,1,277054165.58,7877933.0,258489.0,53831.0,35.168383075
2021,2020,Humalog Mix 75-25 Kwikpen,Insulin Lispro Protamin/Lispro,1,277054165.58,7877933.0,258489.0,53831.0,35.168383075
2022,2020,Humalog Mix 75-25 Kwikpen,Insulin Lispro Protamin/Lispro,1,277054165.58,7877933.0,258489.0,53831.0,35.168383075
2023,2020,Humalog Mix 75-25 Kwikpen,Insulin Lispro Protamin/Lispro,1,277054165.58,7877933.0,258489.0,53831.0,35.168383075
2024,2020,Humalog Mix 75-25 Kwikpen,Insulin Lispro Protamin/Lispro,1,277054165.58,7877933.0,258489.0,53831.0,35.168383075
2021,2021,Humalog Mix 75-25 Kwikpen,Insulin Lispro Protamin/Lispro,1,250811374.3,7006563.0,214062.0,47808.0,35.796634427
2022,2021,Humalog Mix 75-25 Kwikpen,Insulin Lispro Protamin/Lispro,1,250811374.3,7006563.0,214062.0,47808.0,35.796634427
2023,2021,Humalog Mix 75-25 Kwikpen,Insulin Lispro Protamin/Lispro,1,250811374.3,7006563.0,214062.0,47808.0,35.796634427
2024,2021,Humalog Mix 75-25 Kwikpen,Insulin Lispro Protamin/Lispro,1,250811374.3,7006563.0,214062.0,47808.0,35.796634427
2022,2022,Humalog Mix 75-25 Kwikpen,Insulin Lispro Protamin/Lispro,1,226141891.16,6244407.0,186762.0,42546.0,36.215110764
2023,2022,Humalog Mix 75-25 Kwikpen,Insulin Lispro Protamin/Lispro,1,226141891.16,6244407.0,186762.0,42546.0,36.215110764
2024,2022,Humalog Mix 75-25 Kwikpen,Insulin Lispro Protamin/Lispro,1,226141891.16,6244407.0,186762.0,42546.0,36.215110764
2023,2023,Humalog Mix 75-25 Kwikpen,Insulin Lispro Protamin/Lispro,1,213875689.54,5875488.0,171187.0,40527.0,36.401349052
2024,2023,Humalog Mix 75-25 Kwikpen,Insulin Lispro Protamin/Lispro,1,213875689.54,5875488.0,171187.0,40527.0,36.401349052
2024,2024,Humalog Mix 75-25 Kwikpen,Insulin Lispro Protamin/Lispro,1,53030307.92,5413315.0,157545.0,39245.0,9.7962723248
2023,2019,Humalog Tempo Pen U-100,Insulin Lispro,1,,,,,
2023,2020,Humalog Tempo Pen U-100,Insulin Lispro,1,,,,,
2024,2020,Humalog Tempo Pen U-100,Insulin Lispro,1,,,,,
2023,2021,Humalog Tempo Pen U-100,Insulin Lispro,1,,,,,
2024,2021,Humalog Tempo Pen U-100,Insulin Lispro,1,,,,,
2023,2022,Humalog Tempo Pen U-100,Insulin Lispro,1,,,,,
2024,2022,Humalog Tempo Pen U-100,Insulin Lispro,1,,,,,
2023,2023,Humalog Tempo Pen U-100,Insulin Lispro,1,196484.06,5574.0,315.0,190.0,35.250100466
2024,2023,Humalog Tempo Pen U-100,Insulin Lispro,1,196484.06,5574.0,315.0,190.0,35.250100466
2024,2024,Humalog Tempo Pen U-100,Insulin Lispro,1,225263.25,22473.0,1309.0,614.0,10.023728474
2016,2012,Humulin 70-30,Insulin NPh Hum/Reg Insulin Hm,1,112042100.91,16072928.1,629768.0,117853.0,6.9708580921
2016,2013,Humulin 70-30,Insulin NPh Hum/Reg Insulin Hm,1,137020372.86,18112780.353,647946.0,120544.0,7.5648448327
2017,2013,Humulin 70-30,Insulin NPh Hum/Reg Insulin Hm,1,137020372.86,18112780.353,647946.0,120545.0,7.5648448327
2016,2014,Humulin 70-30,Insulin NPh Hum/Reg Insulin Hm,1,153608451.49,17246246.86,612349.0,113253.0,8.9067756444
2017,2014,Humulin 70-30,Insulin NPh Hum/Reg Insulin Hm,1,153608451.49,17246246.86,612349.0,113253.0,8.9067756444
2018,2014,Humulin 70-30,Insulin NPh Hum/Reg Insulin Hm,1,173178720.19,18285154.86,654073.0,128888.0,9.5401942705
2016,2015,Humulin 70-30,Insulin NPh Hum/Reg Insulin Hm,1,173852145.43,16289843.642,573902.0,108436.0,10.672425669
2017,2015,Humulin 70-30,Insulin NPh Hum/Reg Insulin Hm,1,173852145.43,16289843.642,573902.0,108436.0,10.672425669
2018,2015,Humulin 70-30,Insulin NPh Hum/Reg Insulin Hm,1,174276929.36,16312464.642,575171.0,108967.0,10.690694883
2019,2015,Humulin 70-30,Insulin NPh Hum/Reg Insulin Hm,1,174276929.36,16312464.642,574996.0,108967.0,10.690685453
2016,2016,Humulin 70-30,Insulin NPh Hum/Reg Insulin Hm,1,196698472.55,16421814.0,574561.0,109183.0,11.977877264
2017,2016,Humulin 70-30,Insulin NPh Hum/Reg Insulin Hm,1,196698472.55,16421814.0,574561.0,109183.0,11.977877264
2018,2016,Humulin 70-30,Insulin NPh Hum/Reg Insulin Hm,1,196698472.55,16421814.0,574561.0,109183.0,11.977877264
2019,2016,Humulin 70-30,Insulin NPh Hum/Reg Insulin Hm,1,196698472.55,16421814.0,574350.0,109183.0,11.977877264
2020,2016,Humulin 70-30,Insulin NPh Hum/Reg Insulin Hm,1,196686622.46,16420924.0,574530.0,109174.0,11.977804809
2017,2017,Humulin 70-30,Insulin NPh Hum/Reg Insulin Hm,1,172007070.88,13421310.0,460478.0,89109.0,12.815967359
2018,2017,Humulin 70-30,Insulin NPh Hum/Reg Insulin Hm,1,172007070.88,13421310.0,460478.0,89109.0,12.815967359
2019,2017,Humulin 70-30,Insulin NPh Hum/Reg Insulin Hm,1,172007070.88,13421310.0,460253.0,89109.0,12.815967359
2020,2017,Humulin 70-30,Insulin NPh Hum/Reg Insulin Hm,1,171928641.33,13415390.0,460299.0,89008.0,12.815776607
2021,2017,Humulin 70-30,Insulin NPh Hum/Reg Insulin Hm,1,171928641.33,13415390.0,460299.0,89008.0,12.815776607
2018,2018,Humulin 70-30,Insulin NPh Hum/Reg Insulin Hm,1,172680049.56,12929074.4,431973.0,82611.0,13.355948324
2019,2018,Humulin 70-30,Insulin NPh Hum/Reg Insulin Hm,1,172680049.56,12929074.4,431804.0,82611.0,13.355948324
2020,2018,Humulin 70-30,Insulin NPh Hum/Reg Insulin Hm,1,172668823.65,12928314.4,431943.0,82602.0,13.355865143
2021,2018,Humulin 70-30,Insulin NPh Hum/Reg Insulin Hm,1,172668823.65,12928314.4,431943.0,82602.0,13.355865143
2022,2018,Humulin 70-30,Insulin NPh Hum/Reg Insulin Hm,1,172668823.65,12928314.4,431943.0,82602.0,13.355865143
2019,2019,Humulin 70-30,Insulin NPh Hum/Reg Insulin Hm,1,158719886.7,12026644.8,388473.0,75521.0,13.197353821
2020,2019,Humulin 70-30,Insulin NPh Hum/Reg Insulin Hm,1,158716767.31,12026384.8,388578.0,75518.0,13.197379757
2021,2019,Humulin 70-30,Insulin NPh Hum/Reg Insulin Hm,1,158716767.31,12026384.8,388578.0,75518.0,13.197379757
2022,2019,Humulin 70-30,Insulin NPh Hum/Reg Insulin Hm,1,158716767.31,12026384.8,388578.0,75518.0,13.197379757
2023,2019,Humulin 70-30,Insulin NPh Hum/Reg Insulin Hm,1,158716767.31,12026384.8,388578.0,75518.0,13.197379757
2020,2020,Humulin 70-30,Insulin NPh Hum/Reg Insulin Hm,1,152201343.42,11601707.714,364301.0,69046.0,13.11887415
2021,2020,Humulin 70-30,Insulin NPh Hum/Reg Insulin Hm,1,152201343.42,11601707.714,364301.0,69046.0,13.11887415
2022,2020,Humulin 70-30,Insulin NPh Hum/Reg Insulin Hm,1,152201343.42,11601707.714,364301.0,69046.0,13.11887415
2023,2020,Humulin 70-30,Insulin NPh Hum/Reg Insulin Hm,1,152201343.42,11601707.714,364301.0,69046.0,13.11887415
2024,2020,Humulin 70-30,Insulin NPh Hum/Reg Insulin Hm,1,152201343.42,11601707.714,364301.0,69046.0,13.11887415
2021,2021,Humulin 70-30,Insulin NPh Hum/Reg Insulin Hm,1,141804927.73,10803080.0,328356.0,63987.0,13.126342463
2022,2021,Humulin 70-30,Insulin NPh Hum/Reg Insulin Hm,1,141804927.73,10803080.0,328356.0,63987.0,13.126342463
2023,2021,Humulin 70-30,Insulin NPh Hum/Reg Insulin Hm,1,141804927.73,10803080.0,328356.0,63987.0,13.126342463
2024,2021,Humulin 70-30,Insulin NPh Hum/Reg Insulin Hm,1,141804927.73,10803080.0,328356.0,63987.0,13.126342463
2022,2022,Humulin 70-30,Insulin NPh Hum/Reg Insulin Hm,1,128578244.11,9801849.0,293478.0,57827.0,13.117754019
2023,2022,Humulin 70-30,Insulin NPh Hum/Reg Insulin Hm,1,128578244.11,9801849.0,293478.0,57827.0,13.117754019
2024,2022,Humulin 70-30,Insulin NPh Hum/Reg Insulin Hm,1,128578244.11,9801849.0,293478.0,57827.0,13.117754019
2023,2023,Humulin 70-30,Insulin NPh Hum/Reg Insulin Hm,1,117022877.92,8937959.5,261964.0,53022.0,13.092795724
2024,2023,Humulin 70-30,Insulin NPh Hum/Reg Insulin Hm,1,117022877.92,8937959.5,261964.0,53022.0,13.092795724
2024,2024,Humulin 70-30,Insulin NPh Hum/Reg Insulin Hm,1,32225667.73,7823853.667,231983.0,50475.0,4.1188995988
2016,2012,Humulin 70/30 Kwikpen,Insulin NPh Hum/Reg Insulin Hm,1,,,,,
2016,2013,Humulin 70/30 Kwikpen,Insulin NPh Hum/Reg Insulin Hm,1,,,,,
2017,2013,Humulin 70/30 Kwikpen,Insulin NPh Hum/Reg Insulin Hm,1,,,,,
2016,2014,Humulin 70/30 Kwikpen,Insulin NPh Hum/Reg Insulin Hm,1,41089081.68,2004364.0,74667.0,20326.0,20.499810254
2017,2014,Humulin 70/30 Kwikpen,Insulin NPh Hum/Reg Insulin Hm,1,41089081.68,2004364.0,74667.0,20326.0,20.499810254
2018,2014,Humulin 70/30 Kwikpen,Insulin NPh Hum/Reg Insulin Hm,1,41089081.68,2004364.0,74667.0,20326.0,20.499810254
2016,2015,Humulin 70/30 Kwikpen,Insulin NPh Hum/Reg Insulin Hm,1,74734723.98,3139084.0,119266.0,26054.0,23.807812719
2017,2015,Humulin 70/30 Kwikpen,Insulin NPh Hum/Reg Insulin Hm,1,74734723.98,3139084.0,119266.0,26054.0,23.807812719
2018,2015,Humulin 70/30 Kwikpen,Insulin NPh Hum/Reg Insulin Hm,1,74734723.98,3139084.0,119266.0,26054.0,23.807812719
2019,2015,Humulin 70/30 Kwikpen,Insulin NPh Hum/Reg Insulin Hm,1,74734723.98,3139084.0,119227.0,26054.0,23.807812719
2016,2016,Humulin 70/30 Kwikpen,Insulin NPh Hum/Reg Insulin Hm,1,89453387.93,3412291.0,129455.0,28257.0,26.215052564
2017,2016,Humulin 70/30 Kwikpen,Insulin NPh Hum/Reg Insulin Hm,1,89453387.93,3412291.0,129455.0,28257.0,26.215052564
2018,2016,Humulin 70/30 Kwikpen,Insulin NPh Hum/Reg Insulin Hm,1,89453387.93,3412291.0,129455.0,28257.0,26.215052564
2019,2016,Humulin 70/30 Kwikpen,Insulin NPh Hum/Reg Insulin Hm,1,89453387.93,3412291.0,129404.0,28257.0,26.215052564
2020,2016,Humulin 70/30 Kwikpen,Insulin NPh Hum/Reg Insulin Hm,1,89446284.56,3412036.0,129446.0,28251.0,26.214929901
2017,2017,Humulin 70/30 Kwikpen,Insulin NPh Hum/Reg Insulin Hm,1,84786919.97,3135460.0,114714.0,25412.0,27.041301745
2018,2017,Humulin 70/30 Kwikpen,Insulin NPh Hum/Reg Insulin Hm,1,84786919.97,3135460.0,114714.0,25412.0,27.041301745
2019,2017,Humulin 70/30 Kwikpen,Insulin NPh Hum/Reg Insulin Hm,1,84786919.97,3135460.0,114658.0,25412.0,27.041301745
2020,2017,Humulin 70/30 Kwikpen,Insulin NPh Hum/Reg Insulin Hm,1,84742472.86,3133249.0,114643.0,25372.0,27.046198007
2021,2017,Humulin 70/30 Kwikpen,Insulin NPh Hum/Reg Insulin Hm,1,84742472.86,3133249.0,114643.0,25372.0,27.046198007
2018,2018,Humulin 70/30 Kwikpen,Insulin NPh Hum/Reg Insulin Hm,1,91546567.82,3377325.5,119871.0,26049.0,27.106231786
2019,2018,Humulin 70/30 Kwikpen,Insulin NPh Hum/Reg Insulin Hm,1,91546567.82,3377325.5,119801.0,26049.0,27.106231786
2020,2018,Humulin 70/30 Kwikpen,Insulin NPh Hum/Reg Insulin Hm,1,91543648.77,3377235.5,119861.0,26045.0,27.106089809
2021,2018,Humulin 70/30 Kwikpen,Insulin NPh Hum/Reg Insulin Hm,1,91543648.77,3377235.5,119861.0,26045.0,27.106089809
2022,2018,Humulin 70/30 Kwikpen,Insulin NPh Hum/Reg Insulin Hm,1,91543648.77,3377235.5,119861.0,26045.0,27.106089809
2019,2019,Humulin 70/30 Kwikpen,Insulin NPh Hum/Reg Insulin Hm,1,93673065.17,3586806.0,123897.0,27607.0,26.116011061
2020,2019,Humulin 70/30 Kwikpen,Insulin NPh Hum/Reg Insulin Hm,1,93660208.79,3586404.0,123958.0,27604.0,26.11535365
2021,2019,Humulin 70/30 Kwikpen,Insulin NPh Hum/Reg Insulin Hm,1,93660208.79,3586404.0,123958.0,27604.0,26.11535365
2022,2019,Humulin 70/30 Kwikpen,Insulin NPh Hum/Reg Insulin Hm,1,93660208.79,3586404.0,123958.0,27604.0,26.11535365
2023,2019,Humulin 70/30 Kwikpen,Insulin NPh Hum/Reg Insulin Hm,1,93660208.79,3586404.0,123958.0,27604.0,26.11535365
2020,2020,Humulin 70/30 Kwikpen,Insulin NPh Hum/Reg Insulin Hm,1,99426616.91,3910519.0,131810.0,28973.0,25.425427395
2021,2020,Humulin 70/30 Kwikpen,Insulin NPh Hum/Reg Insulin Hm,1,99426616.91,3910519.0,131810.0,28973.0,25.425427395
2022,2020,Humulin 70/30 Kwikpen,Insulin NPh Hum/Reg Insulin Hm,1,99426616.91,3910519.0,131810.0,28973.0,25.425427395
2023,2020,Humulin 70/30 Kwikpen,Insulin NPh Hum/Reg Insulin Hm,1,99426616.91,3910519.0,131810.0,28973.0,25.425427395
2024,2020,Humulin 70/30 Kwikpen,Insulin NPh Hum/Reg Insulin Hm,1,99426616.91,3910519.0,131810.0,28973.0,25.425427395
2021,2021,Humulin 70/30 Kwikpen,Insulin NPh Hum/Reg Insulin Hm,1,110460874.88,4328152.0,138661.0,31797.0,25.521486972
2022,2021,Humulin 70/30 Kwikpen,Insulin NPh Hum/Reg Insulin Hm,1,110460874.88,4328152.0,138661.0,31797.0,25.521486972
2023,2021,Humulin 70/30 Kwikpen,Insulin NPh Hum/Reg Insulin Hm,1,110460874.88,4328152.0,138661.0,31797.0,25.521486972
2024,2021,Humulin 70/30 Kwikpen,Insulin NPh Hum/Reg Insulin Hm,1,110460874.88,4328152.0,138661.0,31797.0,25.521486972
2022,2022,Humulin 70/30 Kwikpen,Insulin NPh Hum/Reg Insulin Hm,1,116027390.57,4573560.0,143893.0,33550.0,25.369163315
2023,2022,Humulin 70/30 Kwikpen,Insulin NPh Hum/Reg Insulin Hm,1,116027390.57,4573560.0,143893.0,33550.0,25.369163315
2024,2022,Humulin 70/30 Kwikpen,Insulin NPh Hum/Reg Insulin Hm,1,116027390.57,4573560.0,143893.0,33550.0,25.369163315
2023,2023,Humulin 70/30 Kwikpen,Insulin NPh Hum/Reg Insulin Hm,1,124346168.4,4883385.0,153133.0,36266.0,25.46310979
2024,2023,Humulin 70/30 Kwikpen,Insulin NPh Hum/Reg Insulin Hm,1,124346168.4,4883385.0,153133.0,36266.0,25.46310979
2024,2024,Humulin 70/30 Kwikpen,Insulin NPh Hum/Reg Insulin Hm,1,41785570.54,5257295.0,169848.0,41553.0,7.9481122022
2016,2012,Humulin N,Insulin NPh Human Isophane,1,77997744.13,11210331.52,498219.0,98984.0,6.9576661485
2016,2013,Humulin N,Insulin NPh Human Isophane,1,103372194.23,18160145.221,650458.0,144529.0,5.6922559248
2017,2013,Humulin N,Insulin NPh Human Isophane,1,103372194.23,18160145.221,650458.0,144529.0,5.6922559248
2016,2014,Humulin N,Insulin NPh Human Isophane,1,116208423.21,18338884.85,633240.0,143157.0,6.3367224431
2017,2014,Humulin N,Insulin NPh Human Isophane,1,116208423.21,18338884.85,633240.0,143157.0,6.3367224431
2018,2014,Humulin N,Insulin NPh Human Isophane,1,129277760.01,19058638.85,665689.0,156701.0,6.9132112783
2016,2015,Humulin N,Insulin NPh Human Isophane,1,134011166.52,18562841.5,621867.0,144220.0,7.2193239661
2017,2015,Humulin N,Insulin NPh Human Isophane,1,134011166.52,18562841.5,621867.0,144222.0,7.2193239661
2018,2015,Humulin N,Insulin NPh Human Isophane,1,134336600.12,18579988.5,622985.0,144753.0,7.2405981335
2019,2015,Humulin N,Insulin NPh Human Isophane,1,134336600.12,18579988.5,622734.0,144753.0,7.2405872912
2016,2016,Humulin N,Insulin NPh Human Isophane,1,150465421.82,19317087.25,634598.0,146378.0,7.7892396443
2017,2016,Humulin N,Insulin NPh Human Isophane,1,150465421.82,19317087.25,634598.0,146378.0,7.7892396443
2018,2016,Humulin N,Insulin NPh Human Isophane,1,150465421.82,19317087.25,634598.0,146378.0,7.7892396443
2019,2016,Humulin N,Insulin NPh Human Isophane,1,150465421.82,19317087.25,634262.0,146378.0,7.7892396443
2020,2016,Humulin N,Insulin NPh Human Isophane,1,150449086.66,19315097.25,634525.0,146358.0,7.7891964359
2017,2017,Humulin N,Insulin NPh Human Isophane,1,140470520.25,17667339.2,549933.0,131313.0,7.9508588509
2018,2017,Humulin N,Insulin NPh Human Isophane,1,140470520.25,17667339.2,549933.0,131313.0,7.9508588509
2019,2017,Humulin N,Insulin NPh Human Isophane,1,140470520.25,17667339.2,549564.0,131313.0,7.9508588509
2020,2017,Humulin N,Insulin NPh Human Isophane,1,140393476.55,17656194.2,549600.0,131111.0,7.9515140669
2021,2017,Humulin N,Insulin NPh Human Isophane,1,140393476.55,17656194.2,549600.0,131111.0,7.9515140669
2018,2018,Humulin N,Insulin NPh Human Isophane,1,140364792.04,17036418.5,517033.0,123319.0,8.2391021352
2019,2018,Humulin N,Insulin NPh Human Isophane,1,140364792.04,17036418.5,516709.0,123319.0,8.2391021352
2020,2018,Humulin N,Insulin NPh Human Isophane,1,140354384.73,17035018.5,516995.0,123305.0,8.2391683185
2021,2018,Humulin N,Insulin NPh Human Isophane,1,140354384.73,17035018.5,516995.0,123305.0,8.2391683185
2022,2018,Humulin N,Insulin NPh Human Isophane,1,140354384.73,17035018.5,516995.0,123305.0,8.2391683185
2019,2019,Humulin N,Insulin NPh Human Isophane,1,130043758.02,16166136.8,473470.0,115877.0,8.044207446
2020,2019,Humulin N,Insulin NPh Human Isophane,1,130035663.76,16164866.8,473628.0,115868.0,8.0443387112
2021,2019,Humulin N,Insulin NPh Human Isophane,1,130035663.76,16164866.8,473628.0,115868.0,8.0443387112
2022,2019,Humulin N,Insulin NPh Human Isophane,1,130035663.76,16164866.8,473628.0,115868.0,8.0443387112
2023,2019,Humulin N,Insulin NPh Human Isophane,1,130035663.76,16164866.8,473628.0,115868.0,8.0443387112
2020,2020,Humulin N,Insulin NPh Human Isophane,1,126145792.42,15802414.0,444767.0,109420.0,7.9826912787
2021,2020,Humulin N,Insulin NPh Human Isophane,1,126145792.42,15802414.0,444767.0,109420.0,7.9826912787
2022,2020,Humulin N,Insulin NPh Human Isophane,1,126145792.42,15802414.0,444767.0,109420.0,7.9826912787
2023,2020,Humulin N,Insulin NPh Human Isophane,1,126145792.42,15802414.0,444767.0,109420.0,7.9826912787
2024,2020,Humulin N,Insulin NPh Human Isophane,1,126145792.42,15802414.0,444767.0,109420.0,7.9826912787
2021,2021,Humulin N,Insulin NPh Human Isophane,1,116672726.43,15154890.5,414294.0,104488.0,7.6986848852
2022,2021,Humulin N,Insulin NPh Human Isophane,1,116672726.43,15154890.5,414294.0,104488.0,7.6986848852
2023,2021,Humulin N,Insulin NPh Human Isophane,1,116672726.43,15154890.5,414294.0,104488.0,7.6986848853
2024,2021,Humulin N,Insulin NPh Human Isophane,1,116672726.43,15154890.5,414294.0,104488.0,7.6986848853
2022,2022,Humulin N,Insulin NPh Human Isophane,1,104432621.85,13885963.33,376931.0,96152.0,7.5207329422
2023,2022,Humulin N,Insulin NPh Human Isophane,1,104432621.85,13885963.33,376931.0,96152.0,7.5207329422
2024,2022,Humulin N,Insulin NPh Human Isophane,1,104432621.85,13885963.33,376931.0,96152.0,7.5207329422
2023,2023,Humulin N,Insulin NPh Human Isophane,1,94070975.79,12585136.33,338740.0,87919.0,7.4747681172
2024,2023,Humulin N,Insulin NPh Human Isophane,1,94070975.79,12585136.33,338740.0,87919.0,7.4747681172
2024,2024,Humulin N,Insulin NPh Human Isophane,1,40008423.85,10551682.0,286710.0,79060.0,3.7916631538
2016,2012,Humulin N Kwikpen,Insulin NPh Human Isophane,1,,,,,
2016,2013,Humulin N Kwikpen,Insulin NPh Human Isophane,1,,,,,
2017,2013,Humulin N Kwikpen,Insulin NPh Human Isophane,1,,,,,
2016,2014,Humulin N Kwikpen,Insulin NPh Human Isophane,1,23430646.18,1243358.0,50644.0,17384.0,18.844649876
2017,2014,Humulin N Kwikpen,Insulin NPh Human Isophane,1,23430646.18,1243358.0,50644.0,17384.0,18.844649876
2018,2014,Humulin N Kwikpen,Insulin NPh Human Isophane,1,23430646.18,1243358.0,50644.0,17384.0,18.844649876
2016,2015,Humulin N Kwikpen,Insulin NPh Human Isophane,1,45644229.4,2117078.0,88293.0,23668.0,21.560013094
2017,2015,Humulin N Kwikpen,Insulin NPh Human Isophane,1,45644229.4,2117078.0,88293.0,23668.0,21.560013094
2018,2015,Humulin N Kwikpen,Insulin NPh Human Isophane,1,45644229.4,2117078.0,88293.0,23668.0,21.560013094
2019,2015,Humulin N Kwikpen,Insulin NPh Human Isophane,1,45644229.4,2117078.0,88263.0,23668.0,21.560013094
2016,2016,Humulin N Kwikpen,Insulin NPh Human Isophane,1,52536612.32,2376658.0,99257.0,26743.0,22.105247082
2017,2016,Humulin N Kwikpen,Insulin NPh Human Isophane,1,52536612.32,2376658.0,99257.0,26743.0,22.105247082
2018,2016,Humulin N Kwikpen,Insulin NPh Human Isophane,1,52536612.32,2376658.0,99257.0,26743.0,22.105247082
2019,2016,Humulin N Kwikpen,Insulin NPh Human Isophane,1,52536612.32,2376658.0,99213.0,26743.0,22.105247082
2020,2016,Humulin N Kwikpen,Insulin NPh Human Isophane,1,52527567.73,2376292.0,99244.0,26737.0,22.104845587
2017,2017,Humulin N Kwikpen,Insulin NPh Human Isophane,1,50755893.53,2481008.0,99632.0,27261.0,20.457771007
2018,2017,Humulin N Kwikpen,Insulin NPh Human Isophane,1,50755893.53,2481008.0,99632.0,27261.0,20.457771007
2019,2017,Humulin N Kwikpen,Insulin NPh Human Isophane,1,50755893.53,2481008.0,99592.0,27261.0,20.457771007
2020,2017,Humulin N Kwikpen,Insulin NPh Human Isophane,1,50726510.44,2479619.0,99576.0,27230.0,20.457380928
2021,2017,Humulin N Kwikpen,Insulin NPh Human Isophane,1,50726510.44,2479619.0,99576.0,27230.0,20.457380928
2018,2018,Humulin N Kwikpen,Insulin NPh Human Isophane,1,52863655.43,2787155.0,110751.0,29826.0,18.966887536
2019,2018,Humulin N Kwikpen,Insulin NPh Human Isophane,1,52863655.43,2787155.0,110675.0,29826.0,18.966887536
2020,2018,Humulin N Kwikpen,Insulin NPh Human Isophane,1,52862558.83,2786945.0,110746.0,29824.0,18.967923239
2021,2018,Humulin N Kwikpen,Insulin NPh Human Isophane,1,52862558.83,2786945.0,110746.0,29824.0,18.967923239
2022,2018,Humulin N Kwikpen,Insulin NPh Human Isophane,1,52862558.83,2786945.0,110746.0,29824.0,18.967923239
2019,2019,Humulin N Kwikpen,Insulin NPh Human Isophane,1,54297938.16,3146731.0,121029.0,32826.0,17.255347902
2020,2019,Humulin N Kwikpen,Insulin NPh Human Isophane,1,54296023.02,3146446.0,121091.0,32824.0,17.256302196
2021,2019,Humulin N Kwikpen,Insulin NPh Human Isophane,1,54296023.02,3146446.0,121091.0,32824.0,17.256302196
2022,2019,Humulin N Kwikpen,Insulin NPh Human Isophane,1,54296023.02,3146446.0,121091.0,32824.0,17.256302196
2023,2019,Humulin N Kwikpen,Insulin NPh Human Isophane,1,54296023.02,3146446.0,121091.0,32824.0,17.256302196
2020,2020,Humulin N Kwikpen,Insulin NPh Human Isophane,1,57153960.32,3504344.143,129266.0,35338.0,16.309459913
2021,2020,Humulin N Kwikpen,Insulin NPh Human Isophane,1,57153960.32,3504344.143,129266.0,35338.0,16.309459913
2022,2020,Humulin N Kwikpen,Insulin NPh Human Isophane,1,57153960.32,3504344.143,129266.0,35338.0,16.309459913
2023,2020,Humulin N Kwikpen,Insulin NPh Human Isophane,1,57153960.32,3504344.143,129266.0,35338.0,16.309459913
2024,2020,Humulin N Kwikpen,Insulin NPh Human Isophane,1,57153960.32,3504344.143,129266.0,35338.0,16.309459913
2021,2021,Humulin N Kwikpen,Insulin NPh Human Isophane,1,60129711.29,3847439.0,135788.0,38467.0,15.628502827
2022,2021,Humulin N Kwikpen,Insulin NPh Human Isophane,1,60129711.29,3847439.0,135788.0,38467.0,15.628502827
2023,2021,Humulin N Kwikpen,Insulin NPh Human Isophane,1,60129711.29,3847439.0,135788.0,38467.0,15.628502827
2024,2021,Humulin N Kwikpen,Insulin NPh Human Isophane,1,60129711.29,3847439.0,135788.0,38467.0,15.628502827
2022,2022,Humulin N Kwikpen,Insulin NPh Human Isophane,1,62711469.88,4099484.5,146398.0,41390.0,15.297403827
2023,2022,Humulin N Kwikpen,Insulin NPh Human Isophane,1,62711469.88,4099484.5,146398.0,41390.0,15.297403827
2024,2022,Humulin N Kwikpen,Insulin NPh Human Isophane,1,62711469.88,4099484.5,146398.0,41390.0,15.297403827
2023,2023,Humulin N Kwikpen,Insulin NPh Human Isophane,1,67544068.66,4386364.0,160489.0,45050.0,15.398646501
2024,2023,Humulin N Kwikpen,Insulin NPh Human Isophane,1,67544068.66,4386364.0,160489.0,45050.0,15.398646501
2024,2024,Humulin N Kwikpen,Insulin NPh Human Isophane,1,29578992.62,4385877.0,162921.0,47555.0,6.744145497
2016,2012,Humulin R,"Insulin Regular, Human",1,39286984.75,13513233.002,381783.0,107093.0,2.9072972207
2016,2013,Humulin R,"Insulin Regular, Human",1,50046732.0,7650355.904,434901.0,124621.0,6.541752126
2017,2013,Humulin R,"Insulin Regular, Human",1,50046732.0,7650355.904,434901.0,124622.0,6.541752126
2016,2014,Humulin R,"Insulin Regular, Human",1,58076751.21,7753247.59,434776.0,120826.0,7.4906354448
2017,2014,Humulin R,"Insulin Regular, Human",1,58076751.21,7753247.59,434776.0,120826.0,7.4906354448
2018,2014,Humulin R,"Insulin Regular, Human",1,58091293.75,7760847.59,435245.0,120968.0,7.4851738907
2016,2015,Humulin R,"Insulin Regular, Human",1,67512760.15,7815300.61,424912.0,117715.0,8.6385365732
2017,2015,Humulin R,"Insulin Regular, Human",1,67512760.15,7815300.61,424912.0,117716.0,8.6385365732
2018,2015,Humulin R,"Insulin Regular, Human",1,67513360.08,7815610.61,424935.0,117725.0,8.638270693
2019,2015,Humulin R,"Insulin Regular, Human",1,67513360.08,7815610.61,424671.0,117725.0,8.638270693
2016,2016,Humulin R,"Insulin Regular, Human",1,76713534.15,8104170.489,426038.0,116614.0,9.4659329112
2017,2016,Humulin R,"Insulin Regular, Human",1,76713534.15,8104170.489,426038.0,116614.0,9.4659329112
2018,2016,Humulin R,"Insulin Regular, Human",1,76713534.15,8104170.489,426038.0,116614.0,9.4659329112
2019,2016,Humulin R,"Insulin Regular, Human",1,76713534.15,8104170.489,425734.0,116614.0,9.4659329112
2020,2016,Humulin R,"Insulin Regular, Human",1,76705194.41,8103459.489,425996.0,116605.0,9.4657342971
2017,2017,Humulin R,"Insulin Regular, Human",1,70708996.94,7260912.788,366772.0,102072.0,9.7383068775
2018,2017,Humulin R,"Insulin Regular, Human",1,70708996.94,7260912.788,366772.0,102072.0,9.7383068775
2019,2017,Humulin R,"Insulin Regular, Human",1,70708996.94,7260912.788,366528.0,102072.0,9.7383068775
2020,2017,Humulin R,"Insulin Regular, Human",1,70669751.93,7257176.788,366577.0,101959.0,9.7379124134
2021,2017,Humulin R,"Insulin Regular, Human",1,70669751.93,7257176.788,366577.0,101959.0,9.7379124134
2018,2018,Humulin R,"Insulin Regular, Human",1,70830115.15,7011316.14,345886.0,93973.0,10.102256657
2019,2018,Humulin R,"Insulin Regular, Human",1,70830115.15,7011316.14,345669.0,93973.0,10.102256657
2020,2018,Humulin R,"Insulin Regular, Human",1,70822375.33,7010696.14,345859.0,93961.0,10.102046062
2021,2018,Humulin R,"Insulin Regular, Human",1,70822375.33,7010696.14,345859.0,93961.0,10.102046062
2022,2018,Humulin R,"Insulin Regular, Human",1,70822375.33,7010696.14,345859.0,93961.0,10.102046062
2019,2019,Humulin R,"Insulin Regular, Human",1,66236617.48,6641667.99,316682.0,87131.0,9.972888976
2020,2019,Humulin R,"Insulin Regular, Human",1,66232553.69,6641351.99,316854.0,87122.0,9.9727516008
2021,2019,Humulin R,"Insulin Regular, Human",1,66232553.69,6641351.99,316854.0,87122.0,9.9727516008
2022,2019,Humulin R,"Insulin Regular, Human",1,66232553.69,6641351.99,316854.0,87122.0,9.9727516008
2023,2019,Humulin R,"Insulin Regular, Human",1,66232553.69,6641351.99,316854.0,87122.0,9.9727516008
2020,2020,Humulin R,"Insulin Regular, Human",1,63906594.24,6494117.15,287281.0,79167.0,9.8406900836
2021,2020,Humulin R,"Insulin Regular, Human",1,63906594.24,6494117.15,287281.0,79167.0,9.8406900836
2022,2020,Humulin R,"Insulin Regular, Human",1,63906594.24,6494117.15,287281.0,79167.0,9.8406900836
2023,2020,Humulin R,"Insulin Regular, Human",1,63906594.24,6494117.15,287281.0,79167.0,9.8406900836
2024,2020,Humulin R,"Insulin Regular, Human",1,63906594.24,6494117.15,287281.0,79167.0,9.8406900836
2021,2021,Humulin R,"Insulin Regular, Human",1,60920818.73,6291980.274,264965.0,73720.0,9.682296523
2022,2021,Humulin R,"Insulin Regular, Human",1,60920818.73,6291980.274,264965.0,73720.0,9.682296523
2023,2021,Humulin R,"Insulin Regular, Human",1,60920818.73,6291980.274,264965.0,73720.0,9.682296523
2024,2021,Humulin R,"Insulin Regular, Human",1,60920818.73,6291980.274,264965.0,73720.0,9.682296523
2022,2022,Humulin R,"Insulin Regular, Human",1,55393432.23,5780735.756,241471.0,68389.0,9.5824190152
2023,2022,Humulin R,"Insulin Regular, Human",1,55393432.23,5780735.756,241471.0,68389.0,9.5824190152
2024,2022,Humulin R,"Insulin Regular, Human",1,55393432.23,5780735.756,241471.0,68389.0,9.5824190152
2023,2023,Humulin R,"Insulin Regular, Human",1,52271365.9,5407143.357,226200.0,63654.0,9.6670945172
2024,2023,Humulin R,"Insulin Regular, Human",1,52271365.9,5407143.357,226200.0,63654.0,9.6670945172
2024,2024,Humulin R,"Insulin Regular, Human",1,20223571.65,5043877.997,207421.0,60691.0,4.0095283157
2016,2012,Humulin R U-500,"Insulin Regular, Human",1,53124731.84,1897102.1,66648.0,14152.0,28.003095795
2016,2013,Humulin R U-500,"Insulin Regular, Human",1,93501654.39,2343195.0,81000.0,17209.0,39.903488352
2017,2013,Humulin R U-500,"Insulin Regular, Human",1,93501654.39,2343195.0,81000.0,17209.0,39.903488352
2016,2014,Humulin R U-500,"Insulin Regular, Human",1,127536165.99,2653585.43,91795.0,18992.0,48.0618278
2017,2014,Humulin R U-500,"Insulin Regular, Human",1,127536165.99,2653585.43,91795.0,18992.0,48.0618278
2018,2014,Humulin R U-500,"Insulin Regular, Human",1,127536165.99,2653585.43,91795.0,18992.0,48.0618278
2016,2015,Humulin R U-500,"Insulin Regular, Human",1,158942096.88,2771101.989,97199.0,19528.0,57.357000035
2017,2015,Humulin R U-500,"Insulin Regular, Human",1,158942096.88,2771101.989,97199.0,19527.0,57.357000035
2018,2015,Humulin R U-500,"Insulin Regular, Human",1,158942096.88,2771101.989,97199.0,19527.0,57.357000035
2019,2015,Humulin R U-500,"Insulin Regular, Human",1,158942096.88,2771101.989,97177.0,19527.0,57.357000035
2016,2016,Humulin R U-500,"Insulin Regular, Human",1,167415067.52,2617328.0,91109.0,18442.0,63.964114364
2017,2016,Humulin R U-500,"Insulin Regular, Human",1,167415067.52,2617328.0,91109.0,18442.0,63.964114364
2018,2016,Humulin R U-500,"Insulin Regular, Human",1,167415067.52,2617328.0,91109.0,18442.0,63.964114364
2019,2016,Humulin R U-500,"Insulin Regular, Human",1,167415067.52,2617328.0,91090.0,18442.0,63.964114364
2020,2016,Humulin R U-500,"Insulin Regular, Human",1,167404216.79,2617168.0,91102.0,18439.0,63.963878815
2017,2017,Humulin R U-500,"Insulin Regular, Human",1,145674616.46,2062050.0,73194.0,14547.0,70.645530642
2018,2017,Humulin R U-500,"Insulin Regular, Human",1,145674616.46,2062050.0,73194.0,14547.0,70.645530642
2019,2017,Humulin R U-500,"Insulin Regular, Human",1,145674616.46,2062050.0,73185.0,14547.0,70.645530642
2020,2017,Humulin R U-500,"Insulin Regular, Human",1,145524395.57,2060010.0,73118.0,14518.0,70.642567546
2021,2017,Humulin R U-500,"Insulin Regular, Human",1,145524395.57,2060010.0,73118.0,14518.0,70.642567546
2018,2018,Humulin R U-500,"Insulin Regular, Human",1,121972052.89,1656048.2,59370.0,11605.0,73.652477561
2019,2018,Humulin R U-500,"Insulin Regular, Human",1,121972052.89,1656048.2,59360.0,11605.0,73.652477561
2020,2018,Humulin R U-500,"Insulin Regular, Human",1,121962585.83,1655928.2,59368.0,11604.0,73.652097857
2021,2018,Humulin R U-500,"Insulin Regular, Human",1,121962585.83,1655928.2,59368.0,11604.0,73.652097857
2022,2018,Humulin R U-500,"Insulin Regular, Human",1,121962585.83,1655928.2,59368.0,11604.0,73.652097857
2019,2019,Humulin R U-500,"Insulin Regular, Human",1,107746836.84,1456837.9,51633.0,9978.0,73.959386175
2020,2019,Humulin R U-500,"Insulin Regular, Human",1,107737315.9,1456717.9,51637.0,9976.0,73.95894284
2021,2019,Humulin R U-500,"Insulin Regular, Human",1,107737315.9,1456717.9,51637.0,9976.0,73.95894284
2022,2019,Humulin R U-500,"Insulin Regular, Human",1,107737315.9,1456717.9,51637.0,9976.0,73.95894284
2023,2019,Humulin R U-500,"Insulin Regular, Human",1,107737315.9,1456717.9,51637.0,9976.0,73.95894284
2020,2020,Humulin R U-500,"Insulin Regular, Human",1,95525384.89,1289875.03,45274.0,8595.0,74.057860388
2021,2020,Humulin R U-500,"Insulin Regular, Human",1,95525384.89,1289875.03,45274.0,8595.0,74.057860388
2022,2020,Humulin R U-500,"Insulin Regular, Human",1,95525384.89,1289875.03,45274.0,8595.0,74.057860388
2023,2020,Humulin R U-500,"Insulin Regular, Human",1,95525384.89,1289875.03,45274.0,8595.0,74.057860388
2024,2020,Humulin R U-500,"Insulin Regular, Human",1,95525384.89,1289875.03,45274.0,8595.0,74.057860388
2021,2021,Humulin R U-500,"Insulin Regular, Human",1,88205232.31,1166660.0,39679.0,7740.0,75.604916865
2022,2021,Humulin R U-500,"Insulin Regular, Human",1,88205232.31,1166660.0,39679.0,7740.0,75.604916865
2023,2021,Humulin R U-500,"Insulin Regular, Human",1,88205232.31,1166660.0,39679.0,7740.0,75.604916865
2024,2021,Humulin R U-500,"Insulin Regular, Human",1,88205232.31,1166660.0,39679.0,7740.0,75.604916865
2022,2022,Humulin R U-500,"Insulin Regular, Human",1,74722167.86,980750.5,33267.0,6750.0,76.188763462
2023,2022,Humulin R U-500,"Insulin Regular, Human",1,74722167.86,980750.5,33267.0,6750.0,76.188763462
2024,2022,Humulin R U-500,"Insulin Regular, Human",1,74722167.86,980750.5,33267.0,6750.0,76.188763462
2023,2023,Humulin R U-500,"Insulin Regular, Human",1,70632910.88,918641.0,30512.0,6155.0,76.888480788
2024,2023,Humulin R U-500,"Insulin Regular, Human",1,70632910.88,918641.0,30512.0,6155.0,76.888480788
2024,2024,Humulin R U-500,"Insulin Regular, Human",1,57364673.26,826929.0,27019.0,5682.0,69.370735891
2017,2013,Humulin R U-500 Kwikpen,"Insulin Regular, Human",1,,,,,
2017,2014,Humulin R U-500 Kwikpen,"Insulin Regular, Human",1,,,,,
2018,2014,Humulin R U-500 Kwikpen,"Insulin Regular, Human",1,,,,,
2017,2015,Humulin R U-500 Kwikpen,"Insulin Regular, Human",1,,,,,
2018,2015,Humulin R U-500 Kwikpen,"Insulin Regular, Human",1,,,,,
2019,2015,Humulin R U-500 Kwikpen,"Insulin Regular, Human",1,,,,,
2017,2016,Humulin R U-500 Kwikpen,"Insulin Regular, Human",1,28371608.25,326501.0,19413.0,5907.0,86.89593064
2018,2016,Humulin R U-500 Kwikpen,"Insulin Regular, Human",1,28371608.25,326501.0,19413.0,5907.0,86.89593064
2019,2016,Humulin R U-500 Kwikpen,"Insulin Regular, Human",1,28371608.25,326501.0,19403.0,5907.0,86.89593064
2020,2016,Humulin R U-500 Kwikpen,"Insulin Regular, Human",1,28371608.25,326501.0,19413.0,5907.0,86.89593064
2017,2017,Humulin R U-500 Kwikpen,"Insulin Regular, Human",1,101716472.64,1116094.16,66332.0,13153.0,91.136103284
2018,2017,Humulin R U-500 Kwikpen,"Insulin Regular, Human",1,101716472.64,1116094.16,66332.0,13153.0,91.136103284
2019,2017,Humulin R U-500 Kwikpen,"Insulin Regular, Human",1,101716472.64,1116094.16,66316.0,13153.0,91.136103284
2020,2017,Humulin R U-500 Kwikpen,"Insulin Regular, Human",1,101653315.55,1115398.16,66294.0,13128.0,91.136348611
2021,2017,Humulin R U-500 Kwikpen,"Insulin Regular, Human",1,101653315.55,1115398.16,66294.0,13128.0,91.136348611
2018,2018,Humulin R U-500 Kwikpen,"Insulin Regular, Human",1,164206982.82,1758612.0,103132.0,18383.0,93.373059447
2019,2018,Humulin R U-500 Kwikpen,"Insulin Regular, Human",1,164206982.82,1758612.0,103107.0,18383.0,93.373059447
2020,2018,Humulin R U-500 Kwikpen,"Insulin Regular, Human",1,164206982.82,1758612.0,103132.0,18383.0,93.373059447
2021,2018,Humulin R U-500 Kwikpen,"Insulin Regular, Human",1,164206982.82,1758612.0,103132.0,18383.0,93.373059447
2022,2018,Humulin R U-500 Kwikpen,"Insulin Regular, Human",1,164206982.82,1758612.0,103132.0,18383.0,93.373059447
2019,2019,Humulin R U-500 Kwikpen,"Insulin Regular, Human",1,206784814.89,2203250.0,126982.0,21698.0,93.854449059
2020,2019,Humulin R U-500 Kwikpen,"Insulin Regular, Human",1,206782026.53,2203220.0,127039.0,21697.0,93.854461438
2021,2019,Humulin R U-500 Kwikpen,"Insulin Regular, Human",1,206782026.53,2203220.0,127039.0,21697.0,93.854461438
2022,2019,Humulin R U-500 Kwikpen,"Insulin Regular, Human",1,206782026.53,2203220.0,127039.0,21697.0,93.854461438
2023,2019,Humulin R U-500 Kwikpen,"Insulin Regular, Human",1,206782026.53,2203220.0,127039.0,21697.0,93.854461438
2020,2020,Humulin R U-500 Kwikpen,"Insulin Regular, Human",1,231872668.63,2466670.0,139200.0,23199.0,94.002306198
2021,2020,Humulin R U-500 Kwikpen,"Insulin Regular, Human",1,231872668.63,2466670.0,139200.0,23199.0,94.002306198
2022,2020,Humulin R U-500 Kwikpen,"Insulin Regular, Human",1,231872668.63,2466670.0,139200.0,23199.0,94.002306198
2023,2020,Humulin R U-500 Kwikpen,"Insulin Regular, Human",1,231872668.63,2466670.0,139200.0,23199.0,94.002306198
2024,2020,Humulin R U-500 Kwikpen,"Insulin Regular, Human",1,231872668.63,2466670.0,139200.0,23199.0,94.002306198
2021,2021,Humulin R U-500 Kwikpen,"Insulin Regular, Human",1,249368259.14,2604695.0,141692.0,24753.0,95.737988187
2022,2021,Humulin R U-500 Kwikpen,"Insulin Regular, Human",1,249368259.14,2604695.0,141692.0,24753.0,95.737988187
2023,2021,Humulin R U-500 Kwikpen,"Insulin Regular, Human",1,249368259.14,2604695.0,141692.0,24753.0,95.737988187
2024,2021,Humulin R U-500 Kwikpen,"Insulin Regular, Human",1,249368259.14,2604695.0,141692.0,24753.0,95.737988187
2022,2022,Humulin R U-500 Kwikpen,"Insulin Regular, Human",1,253650899.15,2633570.0,141482.0,25121.0,96.314470149
2023,2022,Humulin R U-500 Kwikpen,"Insulin Regular, Human",1,253650899.15,2633570.0,141482.0,25121.0,96.314470149
2024,2022,Humulin R U-500 Kwikpen,"Insulin Regular, Human",1,253650899.15,2633570.0,141482.0,25121.0,96.314470149
2023,2023,Humulin R U-500 Kwikpen,"Insulin Regular, Human",1,263635305.41,2711410.0,144089.0,26073.0,97.231811275
2024,2023,Humulin R U-500 Kwikpen,"Insulin Regular, Human",1,263635305.41,2711410.0,144089.0,26073.0,97.231811275
2024,2024,Humulin R U-500 Kwikpen,"Insulin Regular, Human",1,239615579.81,2684507.6,137931.0,26329.0,89.258670681
2020,2016,Insulin Aspart,Insulin Aspart,1,,,,,
2020,2017,Insulin Aspart,Insulin Aspart,1,,,,,
2021,2017,Insulin Aspart,Insulin Aspart,1,,,,,
2020,2018,Insulin Aspart,Insulin Aspart,1,,,,,
2021,2018,Insulin Aspart,Insulin Aspart,1,,,,,
2022,2018,Insulin Aspart,Insulin Aspart,1,,,,,
2020,2019,Insulin Aspart,Insulin Aspart,1,,,,,
2021,2019,Insulin Aspart,Insulin Aspart,1,,,,,
2022,2019,Insulin Aspart,Insulin Aspart,1,,,,,
2023,2019,Insulin Aspart,Insulin Aspart,1,,,,,
2020,2020,Insulin Aspart,Insulin Aspart,1,11784404.82,801467.0,53350.0,24803.0,14.703543402
2021,2020,Insulin Aspart,Insulin Aspart,1,11784404.82,801467.0,53350.0,24803.0,14.703543402
2022,2020,Insulin Aspart,Insulin Aspart,1,11784404.82,801467.0,53350.0,24803.0,14.703543402
2023,2020,Insulin Aspart,Insulin Aspart,1,11784404.82,801467.0,53350.0,24803.0,14.703543402
2024,2020,Insulin Aspart,Insulin Aspart,1,11784404.82,801467.0,53350.0,24803.0,14.703543402
2021,2021,Insulin Aspart,Insulin Aspart,1,19824166.24,1350050.714,69829.0,28795.0,14.684015967
2022,2021,Insulin Aspart,Insulin Aspart,1,19824166.24,1350050.714,69829.0,28795.0,14.684015967
2023,2021,Insulin Aspart,Insulin Aspart,1,19824166.24,1350050.714,69829.0,28795.0,14.684015967
2024,2021,Insulin Aspart,Insulin Aspart,1,19824166.24,1350050.714,69829.0,28795.0,14.684015967
2022,2022,Insulin Aspart,Insulin Aspart,1,17127354.5,1149700.111,60991.0,25210.0,14.897236537
2023,2022,Insulin Aspart,Insulin Aspart,1,17127354.5,1149700.111,60991.0,25210.0,14.897236537
2024,2022,Insulin Aspart,Insulin Aspart,1,17127354.5,1149700.111,60991.0,25210.0,14.897236537
2023,2023,Insulin Aspart,Insulin Aspart,1,16847559.65,1123315.406,58892.0,25052.0,14.998066937
2024,2023,Insulin Aspart,Insulin Aspart,1,16847559.65,1123315.406,58892.0,25052.0,14.998066937
2024,2024,Insulin Aspart,Insulin Aspart,1,11163417.95,1563185.56,71602.0,31703.0,7.141454115
2020,2016,Insulin Aspart Flexpen,Insulin Aspart,1,,,,,
2020,2017,Insulin Aspart Flexpen,Insulin Aspart,1,,,,,
2021,2017,Insulin Aspart Flexpen,Insulin Aspart,1,,,,,
2020,2018,Insulin Aspart Flexpen,Insulin Aspart,1,,,,,
2021,2018,Insulin Aspart Flexpen,Insulin Aspart,1,,,,,
2022,2018,Insulin Aspart Flexpen,Insulin Aspart,1,,,,,
2020,2019,Insulin Aspart Flexpen,Insulin Aspart,1,,,,,
2021,2019,Insulin Aspart Flexpen,Insulin Aspart,1,,,,,
2022,2019,Insulin Aspart Flexpen,Insulin Aspart,1,,,,,
2023,2019,Insulin Aspart Flexpen,Insulin Aspart,1,,,,,
2020,2020,Insulin Aspart Flexpen,Insulin Aspart,1,30872497.51,1665053.62,126542.0,56064.0,18.541443434
2021,2020,Insulin Aspart Flexpen,Insulin Aspart,1,30872497.51,1665053.62,126542.0,56064.0,18.541443434
2022,2020,Insulin Aspart Flexpen,Insulin Aspart,1,30872497.51,1665053.62,126542.0,56064.0,18.541443434
2023,2020,Insulin Aspart Flexpen,Insulin Aspart,1,30872497.51,1665053.62,126542.0,56064.0,18.541443434
2024,2020,Insulin Aspart Flexpen,Insulin Aspart,1,30872497.51,1665053.62,126542.0,56064.0,18.541443434
2021,2021,Insulin Aspart Flexpen,Insulin Aspart,1,59993479.43,3195600.76,197630.0,80621.0,18.773771799
2022,2021,Insulin Aspart Flexpen,Insulin Aspart,1,59993479.43,3195600.76,197630.0,80621.0,18.773771799
2023,2021,Insulin Aspart Flexpen,Insulin Aspart,1,59993479.43,3195600.76,197630.0,80621.0,18.773771799
2024,2021,Insulin Aspart Flexpen,Insulin Aspart,1,59993479.43,3195600.76,197630.0,80621.0,18.773771799
2022,2022,Insulin Aspart Flexpen,Insulin Aspart,1,56630536.73,2968147.57,192760.0,77106.0,19.079420883
2023,2022,Insulin Aspart Flexpen,Insulin Aspart,1,56630536.73,2968147.57,192760.0,77106.0,19.079420883
2024,2022,Insulin Aspart Flexpen,Insulin Aspart,1,56630536.73,2968147.57,192760.0,77106.0,19.079420883
2023,2023,Insulin Aspart Flexpen,Insulin Aspart,1,56416317.28,2937492.41,197869.0,82297.0,19.205604443
2024,2023,Insulin Aspart Flexpen,Insulin Aspart,1,56416317.28,2937492.41,197869.0,82297.0,19.205604443
2024,2024,Insulin Aspart Flexpen,Insulin Aspart,1,44651163.48,4925517.816,304586.0,122807.0,9.0652729617
2020,2016,Insulin Aspart Penfill,Insulin Aspart,1,,,,,
2020,2017,Insulin Aspart Penfill,Insulin Aspart,1,,,,,
2021,2017,Insulin Aspart Penfill,Insulin Aspart,1,,,,,
2020,2018,Insulin Aspart Penfill,Insulin Aspart,1,,,,,
2021,2018,Insulin Aspart Penfill,Insulin Aspart,1,,,,,
2022,2018,Insulin Aspart Penfill,Insulin Aspart,1,,,,,
2020,2019,Insulin Aspart Penfill,Insulin Aspart,1,,,,,
2021,2019,Insulin Aspart Penfill,Insulin Aspart,1,,,,,
2022,2019,Insulin Aspart Penfill,Insulin Aspart,1,,,,,
2023,2019,Insulin Aspart Penfill,Insulin Aspart,1,,,,,
2020,2020,Insulin Aspart Penfill,Insulin Aspart,1,136607.22,7929.0,381.0,241.0,17.228808173
2021,2020,Insulin Aspart Penfill,Insulin Aspart,1,136607.22,7929.0,381.0,241.0,17.228808173
2022,2020,Insulin Aspart Penfill,Insulin Aspart,1,136607.22,7929.0,381.0,241.0,17.228808173
2023,2020,Insulin Aspart Penfill,Insulin Aspart,1,136607.22,7929.0,381.0,241.0,17.228808173
2024,2020,Insulin Aspart Penfill,Insulin Aspart,1,136607.22,7929.0,381.0,241.0,17.228808173
2021,2021,Insulin Aspart Penfill,Insulin Aspart,1,364375.27,20461.0,1040.0,558.0,17.808282586
2022,2021,Insulin Aspart Penfill,Insulin Aspart,1,364375.27,20461.0,1040.0,558.0,17.808282586
2023,2021,Insulin Aspart Penfill,Insulin Aspart,1,364375.27,20461.0,1040.0,558.0,17.808282586
2024,2021,Insulin Aspart Penfill,Insulin Aspart,1,364375.27,20461.0,1040.0,558.0,17.808282586
2022,2022,Insulin Aspart Penfill,Insulin Aspart,1,504436.27,27807.0,1329.0,681.0,18.140621786
2023,2022,Insulin Aspart Penfill,Insulin Aspart,1,504436.27,27807.0,1329.0,681.0,18.140621786
2024,2022,Insulin Aspart Penfill,Insulin Aspart,1,504436.27,27807.0,1329.0,681.0,18.140621786
2023,2023,Insulin Aspart Penfill,Insulin Aspart,1,477861.7,26061.0,1272.0,676.0,18.336276428
2024,2023,Insulin Aspart Penfill,Insulin Aspart,1,477861.7,26061.0,1272.0,676.0,18.336276428
2024,2024,Insulin Aspart Penfill,Insulin Aspart,1,322300.66,37597.0,1743.0,972.0,8.5725100407
2021,2017,Insulin Aspart Prot Mix 70-30,Insulin Aspart Prot/Insuln Asp,1,,,,,
2021,2018,Insulin Aspart Prot Mix 70-30,Insulin Aspart Prot/Insuln Asp,1,,,,,
2022,2018,Insulin Aspart Prot Mix 70-30,Insulin Aspart Prot/Insuln Asp,1,,,,,
2021,2019,Insulin Aspart Prot Mix 70-30,Insulin Aspart Prot/Insuln Asp,1,,,,,
2022,2019,Insulin Aspart Prot Mix 70-30,Insulin Aspart Prot/Insuln Asp,1,,,,,
2023,2019,Insulin Aspart Prot Mix 70-30,Insulin Aspart Prot/Insuln Asp,1,,,,,
2021,2020,Insulin Aspart Prot Mix 70-30,Insulin Aspart Prot/Insuln Asp,1,5499158.57,321371.0,14916.0,5805.0,17.103684135
2022,2020,Insulin Aspart Prot Mix 70-30,Insulin Aspart Prot/Insuln Asp,1,5499158.57,321371.0,14916.0,5805.0,17.103684135
2023,2020,Insulin Aspart Prot Mix 70-30,Insulin Aspart Prot/Insuln Asp,1,5499158.57,321371.0,14916.0,5805.0,17.103684135
2024,2020,Insulin Aspart Prot Mix 70-30,Insulin Aspart Prot/Insuln Asp,1,5499158.57,321371.0,14916.0,5805.0,17.103684135
2021,2021,Insulin Aspart Prot Mix 70-30,Insulin Aspart Prot/Insuln Asp,1,11776897.94,674451.5,28270.0,8923.0,17.454332621
2022,2021,Insulin Aspart Prot Mix 70-30,Insulin Aspart Prot/Insuln Asp,1,11776897.94,674451.5,28270.0,8923.0,17.454332621
2023,2021,Insulin Aspart Prot Mix 70-30,Insulin Aspart Prot/Insuln Asp,1,11776897.94,674451.5,28270.0,8923.0,17.454332621
2024,2021,Insulin Aspart Prot Mix 70-30,Insulin Aspart Prot/Insuln Asp,1,11776897.94,674451.5,28270.0,8923.0,17.454332621
2022,2022,Insulin Aspart Prot Mix 70-30,Insulin Aspart Prot/Insuln Asp,1,11156147.34,623063.0,26499.0,8307.0,17.877100699
2023,2022,Insulin Aspart Prot Mix 70-30,Insulin Aspart Prot/Insuln Asp,1,11156147.34,623063.0,26499.0,8307.0,17.877100699
2024,2022,Insulin Aspart Prot Mix 70-30,Insulin Aspart Prot/Insuln Asp,1,11156147.34,623063.0,26499.0,8307.0,17.877100699
2023,2023,Insulin Aspart Prot Mix 70-30,Insulin Aspart Prot/Insuln Asp,1,11651991.2,643362.8,27263.0,8679.0,18.083149885
2024,2023,Insulin Aspart Prot Mix 70-30,Insulin Aspart Prot/Insuln Asp,1,11651991.2,643362.8,27263.0,8679.0,18.083149885
2024,2024,Insulin Aspart Prot Mix 70-30,Insulin Aspart Prot/Insuln Asp,1,7585507.61,879441.0,36451.0,13056.0,8.6271560506
2020,2016,Insulin Aspart Prot-Insuln Asp,Insulin Aspart Prot/Insuln Asp,1,,,,,
2020,2017,Insulin Aspart Prot-Insuln Asp,Insulin Aspart Prot/Insuln Asp,1,,,,,
2020,2018,Insulin Aspart Prot-Insuln Asp,Insulin Aspart Prot/Insuln Asp,1,,,,,
2020,2019,Insulin Aspart Prot-Insuln Asp,Insulin Aspart Prot/Insuln Asp,1,,,,,
2020,2020,Insulin Aspart Prot-Insuln Asp,Insulin Aspart Prot/Insuln Asp,1,5499158.57,321371.0,14916.0,5805.0,17.103684135
2022,2018,Insulin Degludec,Insulin Degludec,1,,,,,
2022,2019,Insulin Degludec,Insulin Degludec,1,,,,,
2023,2019,Insulin Degludec,Insulin Degludec,1,,,,,
2022,2020,Insulin Degludec,Insulin Degludec,1,,,,,
2023,2020,Insulin Degludec,Insulin Degludec,1,,,,,
2024,2020,Insulin Degludec,Insulin Degludec,1,,,,,
2022,2021,Insulin Degludec,Insulin Degludec,1,,,,,
2023,2021,Insulin Degludec,Insulin Degludec,1,,,,,
2024,2021,Insulin Degludec,Insulin Degludec,1,,,,,
2022,2022,Insulin Degludec,Insulin Degludec,1,5140.92,420.0,35.0,28.0,12.240285714
2023,2022,Insulin Degludec,Insulin Degludec,1,5140.92,420.0,35.0,28.0,12.240285714
2024,2022,Insulin Degludec,Insulin Degludec,1,5140.92,420.0,35.0,28.0,12.240285714
2023,2023,Insulin Degludec,Insulin Degludec,1,174358.64,13862.0,1110.0,600.0,12.578173424
2024,2023,Insulin Degludec,Insulin Degludec,1,174358.64,13862.0,1110.0,600.0,12.578173424
2024,2024,Insulin Degludec,Insulin Degludec,1,764061.44,62309.0,4826.0,2488.0,12.262457109
2022,2018,Insulin Degludec Pen (U-100),Insulin Degludec,1,,,,,
2022,2019,Insulin Degludec Pen (U-100),Insulin Degludec,1,,,,,
2023,2019,Insulin Degludec Pen (U-100),Insulin Degludec,1,,,,,
2022,2020,Insulin Degludec Pen (U-100),Insulin Degludec,1,,,,,
2023,2020,Insulin Degludec Pen (U-100),Insulin Degludec,1,,,,,
2024,2020,Insulin Degludec Pen (U-100),Insulin Degludec,1,,,,,
2022,2021,Insulin Degludec Pen (U-100),Insulin Degludec,1,,,,,
2023,2021,Insulin Degludec Pen (U-100),Insulin Degludec,1,,,,,
2024,2021,Insulin Degludec Pen (U-100),Insulin Degludec,1,,,,,
2022,2022,Insulin Degludec Pen (U-100),Insulin Degludec,1,144132.0,11520.0,1174.0,806.0,12.511458333
2023,2022,Insulin Degludec Pen (U-100),Insulin Degludec,1,144132.0,11520.0,1174.0,806.0,12.511458333
2024,2022,Insulin Degludec Pen (U-100),Insulin Degludec,1,144132.0,11520.0,1174.0,806.0,12.511458333
2023,2023,Insulin Degludec Pen (U-100),Insulin Degludec,1,3771380.61,304469.0,24024.0,12367.0,12.386747452
2024,2023,Insulin Degludec Pen (U-100),Insulin Degludec,1,3771380.61,304469.0,24024.0,12367.0,12.386747452
2024,2024,Insulin Degludec Pen (U-100),Insulin Degludec,1,8481108.35,743717.0,54277.0,29482.0,11.403676869
2022,2018,Insulin Degludec Pen (U-200),Insulin Degludec,1,,,,,
2022,2019,Insulin Degludec Pen (U-200),Insulin Degludec,1,,,,,
2023,2019,Insulin Degludec Pen (U-200),Insulin Degludec,1,,,,,
2022,2020,Insulin Degludec Pen (U-200),Insulin Degludec,1,,,,,
2023,2020,Insulin Degludec Pen (U-200),Insulin Degludec,1,,,,,
2024,2020,Insulin Degludec Pen (U-200),Insulin Degludec,1,,,,,
2022,2021,Insulin Degludec Pen (U-200),Insulin Degludec,1,,,,,
2023,2021,Insulin Degludec Pen (U-200),Insulin Degludec,1,,,,,
2024,2021,Insulin Degludec Pen (U-200),Insulin Degludec,1,,,,,
2022,2022,Insulin Degludec Pen (U-200),Insulin Degludec,1,136739.61,5676.0,479.0,344.0,24.090840381
2023,2022,Insulin Degludec Pen (U-200),Insulin Degludec,1,136739.61,5676.0,479.0,344.0,24.090840381
2024,2022,Insulin Degludec Pen (U-200),Insulin Degludec,1,136739.61,5676.0,479.0,344.0,24.090840381
2023,2023,Insulin Degludec Pen (U-200),Insulin Degludec,1,3536623.86,144789.0,12249.0,6510.0,24.426053499
2024,2023,Insulin Degludec Pen (U-200),Insulin Degludec,1,3536623.86,144789.0,12249.0,6510.0,24.426053499
2024,2024,Insulin Degludec Pen (U-200),Insulin Degludec,1,9480579.48,422308.0,34823.0,18267.0,22.44944325
2022,2018,Insulin Glargine,"Insulin Glargine,Hum.Rec.Anlog",1,,,,,
2022,2019,Insulin Glargine,"Insulin Glargine,Hum.Rec.Anlog",1,,,,,
2023,2019,Insulin Glargine,"Insulin Glargine,Hum.Rec.Anlog",1,,,,,
2022,2020,Insulin Glargine,"Insulin Glargine,Hum.Rec.Anlog",1,,,,,
2023,2020,Insulin Glargine,"Insulin Glargine,Hum.Rec.Anlog",1,,,,,
2024,2020,Insulin Glargine,"Insulin Glargine,Hum.Rec.Anlog",1,,,,,
2022,2021,Insulin Glargine,"Insulin Glargine,Hum.Rec.Anlog",1,,,,,
2023,2021,Insulin Glargine,"Insulin Glargine,Hum.Rec.Anlog",1,,,,,
2024,2021,Insulin Glargine,"Insulin Glargine,Hum.Rec.Anlog",1,,,,,
2022,2022,Insulin Glargine,"Insulin Glargine,Hum.Rec.Anlog",1,1131425.33,92824.328,7964.0,4842.0,12.188887917
2023,2022,Insulin Glargine,"Insulin Glargine,Hum.Rec.Anlog",1,1131425.33,92824.328,7964.0,4842.0,12.188887917
2024,2022,Insulin Glargine,"Insulin Glargine,Hum.Rec.Anlog",1,1131425.33,92824.328,7964.0,4842.0,12.188887917
2023,2023,Insulin Glargine,"Insulin Glargine,Hum.Rec.Anlog",1,7523782.18,625462.886,51328.0,26391.0,12.029142493
2024,2023,Insulin Glargine,"Insulin Glargine,Hum.Rec.Anlog",1,7523782.18,625462.886,51328.0,26391.0,12.029142493
2024,2024,Insulin Glargine,"Insulin Glargine,Hum.Rec.Anlog",1,2703443.64,242553.0,18156.0,10711.0,11.14578521
2024,2020,Insulin Glargine Max Solostar,"Insulin Glargine,Hum.Rec.Anlog",1,,,,,
2024,2021,Insulin Glargine Max Solostar,"Insulin Glargine,Hum.Rec.Anlog",1,,,,,
2024,2022,Insulin Glargine Max Solostar,"Insulin Glargine,Hum.Rec.Anlog",1,,,,,
2024,2023,Insulin Glargine Max Solostar,"Insulin Glargine,Hum.Rec.Anlog",1,,,,,
2024,2024,Insulin Glargine Max Solostar,"Insulin Glargine,Hum.Rec.Anlog",1,1677659.78,45753.0,5677.0,3366.0,36.667754683
2022,2018,Insulin Glargine Solostar,"Insulin Glargine,Hum.Rec.Anlog",1,,,,,
2022,2019,Insulin Glargine Solostar,"Insulin Glargine,Hum.Rec.Anlog",1,,,,,
2023,2019,Insulin Glargine Solostar,"Insulin Glargine,Hum.Rec.Anlog",1,,,,,
2022,2020,Insulin Glargine Solostar,"Insulin Glargine,Hum.Rec.Anlog",1,,,,,
2023,2020,Insulin Glargine Solostar,"Insulin Glargine,Hum.Rec.Anlog",1,,,,,
2024,2020,Insulin Glargine Solostar,"Insulin Glargine,Hum.Rec.Anlog",1,,,,,
2022,2021,Insulin Glargine Solostar,"Insulin Glargine,Hum.Rec.Anlog",1,,,,,
2023,2021,Insulin Glargine Solostar,"Insulin Glargine,Hum.Rec.Anlog",1,,,,,
2024,2021,Insulin Glargine Solostar,"Insulin Glargine,Hum.Rec.Anlog",1,,,,,
2022,2022,Insulin Glargine Solostar,"Insulin Glargine,Hum.Rec.Anlog",1,2342831.63,197403.0,17101.0,10848.0,11.868267605
2023,2022,Insulin Glargine Solostar,"Insulin Glargine,Hum.Rec.Anlog",1,2342831.63,197403.0,17101.0,10848.0,11.868267605
2024,2022,Insulin Glargine Solostar,"Insulin Glargine,Hum.Rec.Anlog",1,2342831.63,197403.0,17101.0,10848.0,11.868267605
2023,2023,Insulin Glargine Solostar,"Insulin Glargine,Hum.Rec.Anlog",1,15800801.87,1338489.472,112847.0,60692.0,11.804950431
2024,2023,Insulin Glargine Solostar,"Insulin Glargine,Hum.Rec.Anlog",1,15800801.87,1338489.472,112847.0,60692.0,11.804950431
2024,2024,Insulin Glargine Solostar,"Insulin Glargine,Hum.Rec.Anlog",1,5333732.72,353108.25,34198.0,23129.0,19.760766445
2021,2017,Insulin Glargine-Yfgn,Insulin Glargine-Yfgn,1,,,,,
2021,2018,Insulin Glargine-Yfgn,Insulin Glargine-Yfgn,1,,,,,
2022,2018,Insulin Glargine-Yfgn,Insulin Glargine-Yfgn,1,,,,,
2021,2019,Insulin Glargine-Yfgn,Insulin Glargine-Yfgn,1,,,,,
2022,2019,Insulin Glargine-Yfgn,Insulin Glargine-Yfgn,1,,,,,
2023,2019,Insulin Glargine-Yfgn,Insulin Glargine-Yfgn,3,,,,,
2021,2020,Insulin Glargine-Yfgn,Insulin Glargine-Yfgn,1,,,,,
2022,2020,Insulin Glargine-Yfgn,Insulin Glargine-Yfgn,1,,,,,
2023,2020,Insulin Glargine-Yfgn,Insulin Glargine-Yfgn,3,,,,,
2024,2020,Insulin Glargine-Yfgn,Insulin Glargine-Yfgn,3,,,,,
2021,2021,Insulin Glargine-Yfgn,Insulin Glargine-Yfgn,1,850870.3,78354.0,10930.0,7956.0,10.8707235
2022,2021,Insulin Glargine-Yfgn,Insulin Glargine-Yfgn,1,850870.3,78354.0,10930.0,7956.0,10.8707235
2023,2021,Insulin Glargine-Yfgn,Insulin Glargine-Yfgn,3,850870.3,78354.0,10930.0,7956.0,10.8707235
2024,2021,Insulin Glargine-Yfgn,Insulin Glargine-Yfgn,3,850870.3,78354.0,10930.0,7956.0,10.8707235
2022,2022,Insulin Glargine-Yfgn,Insulin Glargine-Yfgn,1,16567385.13,1550567.112,193388.0,70351.0,10.684788549
2023,2022,Insulin Glargine-Yfgn,Insulin Glargine-Yfgn,3,16567385.13,1550567.112,193388.0,70351.0,10.684788549
2024,2022,Insulin Glargine-Yfgn,Insulin Glargine-Yfgn,3,16567385.13,1550567.112,193388.0,70351.0,10.684788549
2023,2023,Insulin Glargine-Yfgn,Insulin Glargine-Yfgn,3,32270211.81,3650657.474,296360.0,122201.0,9.1524584073
2024,2023,Insulin Glargine-Yfgn,Insulin Glargine-Yfgn,3,32270211.81,3650657.474,296360.0,122201.0,9.1524584073
2024,2024,Insulin Glargine-Yfgn,Insulin Glargine-Yfgn,3,36336005.64,6818872.6,437614.0,171950.0,5.5607448547
2019,2015,Insulin Lispro,Insulin Lispro,1,,,,,
2019,2016,Insulin Lispro,Insulin Lispro,1,,,,,
2020,2016,Insulin Lispro,Insulin Lispro,1,,,,,
2019,2017,Insulin Lispro,Insulin Lispro,1,,,,,
2020,2017,Insulin Lispro,Insulin Lispro,1,,,,,
2021,2017,Insulin Lispro,Insulin Lispro,1,,,,,
2019,2018,Insulin Lispro,Insulin Lispro,1,,,,,
2020,2018,Insulin Lispro,Insulin Lispro,1,,,,,
2021,2018,Insulin Lispro,Insulin Lispro,1,,,,,
2022,2018,Insulin Lispro,Insulin Lispro,1,,,,,
2019,2019,Insulin Lispro,Insulin Lispro,1,8870538.44,622834.0,38659.0,17903.0,14.242219339
2020,2019,Insulin Lispro,Insulin Lispro,1,8870538.44,622834.0,38693.0,17903.0,14.242219339
2021,2019,Insulin Lispro,Insulin Lispro,1,8870538.44,622834.0,38693.0,17903.0,14.242219339
2022,2019,Insulin Lispro,Insulin Lispro,1,8870538.44,622834.0,38693.0,17903.0,14.242219339
2023,2019,Insulin Lispro,Insulin Lispro,1,8870538.44,622834.0,38693.0,17903.0,14.242219339
2020,2020,Insulin Lispro,Insulin Lispro,1,55755527.57,3938873.186,194851.0,66303.0,14.155197422
2021,2020,Insulin Lispro,Insulin Lispro,1,55755527.57,3938873.186,194851.0,66303.0,14.155197422
2022,2020,Insulin Lispro,Insulin Lispro,1,55755527.57,3938873.186,194851.0,66303.0,14.155197422
2023,2020,Insulin Lispro,Insulin Lispro,1,55755527.57,3938873.186,194851.0,66303.0,14.155197422
2024,2020,Insulin Lispro,Insulin Lispro,1,55755527.57,3938873.186,194851.0,66303.0,14.155197422
2021,2021,Insulin Lispro,Insulin Lispro,1,70684051.9,4911637.844,221553.0,71340.0,14.391136754
2022,2021,Insulin Lispro,Insulin Lispro,1,70684051.9,4911637.844,221553.0,71340.0,14.391136754
2023,2021,Insulin Lispro,Insulin Lispro,1,70684051.9,4911637.844,221553.0,71340.0,14.391136754
2024,2021,Insulin Lispro,Insulin Lispro,1,70684051.9,4911637.844,221553.0,71340.0,14.391136754
2022,2022,Insulin Lispro,Insulin Lispro,1,40517343.43,4612491.449,204967.0,69580.0,8.784264183
2023,2022,Insulin Lispro,Insulin Lispro,1,40517343.43,4612491.449,204967.0,69580.0,8.784264183
2024,2022,Insulin Lispro,Insulin Lispro,1,40517343.43,4612491.449,204967.0,69580.0,8.784264183
2023,2023,Insulin Lispro,Insulin Lispro,1,22146360.77,4641502.635,206963.0,73705.0,4.771377399
2024,2023,Insulin Lispro,Insulin Lispro,1,22146360.77,4641502.635,206963.0,73705.0,4.771377399
2024,2024,Insulin Lispro,Insulin Lispro,1,17494054.85,7019293.472,300584.0,106242.0,2.4922814411
2020,2016,Insulin Lispro Junior Kwikpen,Insulin Lispro,1,,,,,
2020,2017,Insulin Lispro Junior Kwikpen,Insulin Lispro,1,,,,,
2021,2017,Insulin Lispro Junior Kwikpen,Insulin Lispro,1,,,,,
2020,2018,Insulin Lispro Junior Kwikpen,Insulin Lispro,1,,,,,
2021,2018,Insulin Lispro Junior Kwikpen,Insulin Lispro,1,,,,,
2022,2018,Insulin Lispro Junior Kwikpen,Insulin Lispro,1,,,,,
2020,2019,Insulin Lispro Junior Kwikpen,Insulin Lispro,1,,,,,
2021,2019,Insulin Lispro Junior Kwikpen,Insulin Lispro,1,,,,,
2022,2019,Insulin Lispro Junior Kwikpen,Insulin Lispro,1,,,,,
2023,2019,Insulin Lispro Junior Kwikpen,Insulin Lispro,1,,,,,
2020,2020,Insulin Lispro Junior Kwikpen,Insulin Lispro,1,325269.35,17982.0,1167.0,664.0,18.088608052
2021,2020,Insulin Lispro Junior Kwikpen,Insulin Lispro,1,325269.35,17982.0,1167.0,664.0,18.088608052
2022,2020,Insulin Lispro Junior Kwikpen,Insulin Lispro,1,325269.35,17982.0,1167.0,664.0,18.088608052
2023,2020,Insulin Lispro Junior Kwikpen,Insulin Lispro,1,325269.35,17982.0,1167.0,664.0,18.088608052
2024,2020,Insulin Lispro Junior Kwikpen,Insulin Lispro,1,325269.35,17982.0,1167.0,664.0,18.088608052
2021,2021,Insulin Lispro Junior Kwikpen,Insulin Lispro,1,976386.24,53115.0,3667.0,1649.0,18.38249534
2022,2021,Insulin Lispro Junior Kwikpen,Insulin Lispro,1,976386.24,53115.0,3667.0,1649.0,18.38249534
2023,2021,Insulin Lispro Junior Kwikpen,Insulin Lispro,1,976386.24,53115.0,3667.0,1649.0,18.38249534
2024,2021,Insulin Lispro Junior Kwikpen,Insulin Lispro,1,976386.24,53115.0,3667.0,1649.0,18.38249534
2022,2022,Insulin Lispro Junior Kwikpen,Insulin Lispro,1,883532.82,78549.0,5511.0,2458.0,11.248174006
2023,2022,Insulin Lispro Junior Kwikpen,Insulin Lispro,1,883532.82,78549.0,5511.0,2458.0,11.248174006
2024,2022,Insulin Lispro Junior Kwikpen,Insulin Lispro,1,883532.82,78549.0,5511.0,2458.0,11.248174006
2023,2023,Insulin Lispro Junior Kwikpen,Insulin Lispro,1,1214062.61,107160.0,7519.0,3228.0,11.329438317
2024,2023,Insulin Lispro Junior Kwikpen,Insulin Lispro,1,1214062.61,107160.0,7519.0,3228.0,11.329438317
2024,2024,Insulin Lispro Junior Kwikpen,Insulin Lispro,1,1570983.86,155842.0,10234.0,4333.0,10.080619217
2019,2015,Insulin Lispro Kwikpen U-100,Insulin Lispro,1,,,,,
2019,2016,Insulin Lispro Kwikpen U-100,Insulin Lispro,1,,,,,
2020,2016,Insulin Lispro Kwikpen U-100,Insulin Lispro,1,,,,,
2019,2017,Insulin Lispro Kwikpen U-100,Insulin Lispro,1,,,,,
2020,2017,Insulin Lispro Kwikpen U-100,Insulin Lispro,1,,,,,
2021,2017,Insulin Lispro Kwikpen U-100,Insulin Lispro,1,,,,,
2019,2018,Insulin Lispro Kwikpen U-100,Insulin Lispro,1,,,,,
2020,2018,Insulin Lispro Kwikpen U-100,Insulin Lispro,1,,,,,
2021,2018,Insulin Lispro Kwikpen U-100,Insulin Lispro,1,,,,,
2022,2018,Insulin Lispro Kwikpen U-100,Insulin Lispro,1,,,,,
2019,2019,Insulin Lispro Kwikpen U-100,Insulin Lispro,1,21924684.1,1212118.0,81647.0,38886.0,18.087912315
2020,2019,Insulin Lispro Kwikpen U-100,Insulin Lispro,1,21924067.51,1212082.0,81762.0,38883.0,18.087940841
2021,2019,Insulin Lispro Kwikpen U-100,Insulin Lispro,1,21924067.51,1212082.0,81762.0,38883.0,18.087940841
2022,2019,Insulin Lispro Kwikpen U-100,Insulin Lispro,1,21924067.51,1212082.0,81762.0,38883.0,18.087940841
2023,2019,Insulin Lispro Kwikpen U-100,Insulin Lispro,1,21924067.51,1212082.0,81762.0,38883.0,18.087940841
2020,2020,Insulin Lispro Kwikpen U-100,Insulin Lispro,1,141621808.4,7819461.0,454776.0,153626.0,18.111454025
2021,2020,Insulin Lispro Kwikpen U-100,Insulin Lispro,1,141621808.4,7819461.0,454776.0,153626.0,18.111454025
2022,2020,Insulin Lispro Kwikpen U-100,Insulin Lispro,1,141621808.4,7819461.0,454776.0,153626.0,18.111454025
2023,2020,Insulin Lispro Kwikpen U-100,Insulin Lispro,1,141621808.4,7819461.0,454776.0,153626.0,18.111454025
2024,2020,Insulin Lispro Kwikpen U-100,Insulin Lispro,1,141621808.4,7819461.0,454776.0,153626.0,18.111454025
2021,2021,Insulin Lispro Kwikpen U-100,Insulin Lispro,1,189627462.83,10272909.0,566665.0,182024.0,18.458983997
2022,2021,Insulin Lispro Kwikpen U-100,Insulin Lispro,1,189627462.83,10272909.0,566665.0,182024.0,18.458983997
2023,2021,Insulin Lispro Kwikpen U-100,Insulin Lispro,1,189627462.83,10272909.0,566665.0,182024.0,18.458983997
2024,2021,Insulin Lispro Kwikpen U-100,Insulin Lispro,1,189627462.83,10272909.0,566665.0,182024.0,18.458983997
2022,2022,Insulin Lispro Kwikpen U-100,Insulin Lispro,1,122808328.54,10893017.59,607214.0,198792.0,11.274041148
2023,2022,Insulin Lispro Kwikpen U-100,Insulin Lispro,1,122808328.54,10893017.59,607214.0,198792.0,11.274041148
2024,2022,Insulin Lispro Kwikpen U-100,Insulin Lispro,1,122808328.54,10893017.59,607214.0,198792.0,11.274041148
2023,2023,Insulin Lispro Kwikpen U-100,Insulin Lispro,1,129467810.64,11412034.2,654469.0,215312.0,11.344849513
2024,2023,Insulin Lispro Kwikpen U-100,Insulin Lispro,1,129467810.64,11412034.2,654469.0,215312.0,11.344849513
2024,2024,Insulin Lispro Kwikpen U-100,Insulin Lispro,1,154432906.32,15138957.508,847641.0,283488.0,10.201026473
2020,2016,Insulin Lispro Protamine Mix,Insulin Lispro Protamin/Lispro,1,,,,,
2020,2017,Insulin Lispro Protamine Mix,Insulin Lispro Protamin/Lispro,1,,,,,
2021,2017,Insulin Lispro Protamine Mix,Insulin Lispro Protamin/Lispro,1,,,,,
2020,2018,Insulin Lispro Protamine Mix,Insulin Lispro Protamin/Lispro,1,,,,,
2021,2018,Insulin Lispro Protamine Mix,Insulin Lispro Protamin/Lispro,1,,,,,
2022,2018,Insulin Lispro Protamine Mix,Insulin Lispro Protamin/Lispro,1,,,,,
2020,2019,Insulin Lispro Protamine Mix,Insulin Lispro Protamin/Lispro,1,,,,,
2021,2019,Insulin Lispro Protamine Mix,Insulin Lispro Protamin/Lispro,1,,,,,
2022,2019,Insulin Lispro Protamine Mix,Insulin Lispro Protamin/Lispro,1,,,,,
2023,2019,Insulin Lispro Protamine Mix,Insulin Lispro Protamin/Lispro,1,,,,,
2020,2020,Insulin Lispro Protamine Mix,Insulin Lispro Protamin/Lispro,1,9342252.44,514325.0,18372.0,6802.0,18.16410332
2021,2020,Insulin Lispro Protamine Mix,Insulin Lispro Protamin/Lispro,1,9342252.44,514325.0,18372.0,6802.0,18.16410332
2022,2020,Insulin Lispro Protamine Mix,Insulin Lispro Protamin/Lispro,1,9342252.44,514325.0,18372.0,6802.0,18.16410332
2023,2020,Insulin Lispro Protamine Mix,Insulin Lispro Protamin/Lispro,1,9342252.44,514325.0,18372.0,6802.0,18.16410332
2024,2020,Insulin Lispro Protamine Mix,Insulin Lispro Protamin/Lispro,1,9342252.44,514325.0,18372.0,6802.0,18.16410332
2021,2021,Insulin Lispro Protamine Mix,Insulin Lispro Protamin/Lispro,1,19292143.27,1052564.0,38351.0,10551.0,18.32871281
2022,2021,Insulin Lispro Protamine Mix,Insulin Lispro Protamin/Lispro,1,19292143.27,1052564.0,38351.0,10551.0,18.32871281
2023,2021,Insulin Lispro Protamine Mix,Insulin Lispro Protamin/Lispro,1,19292143.27,1052564.0,38351.0,10551.0,18.32871281
2024,2021,Insulin Lispro Protamine Mix,Insulin Lispro Protamin/Lispro,1,19292143.27,1052564.0,38351.0,10551.0,18.32871281
2022,2022,Insulin Lispro Protamine Mix,Insulin Lispro Protamin/Lispro,1,13022862.25,1163529.0,41583.0,11543.0,11.192554934
2023,2022,Insulin Lispro Protamine Mix,Insulin Lispro Protamin/Lispro,1,13022862.25,1163529.0,41583.0,11543.0,11.192554934
2024,2022,Insulin Lispro Protamine Mix,Insulin Lispro Protamin/Lispro,1,13022862.25,1163529.0,41583.0,11543.0,11.192554934
2023,2023,Insulin Lispro Protamine Mix,Insulin Lispro Protamin/Lispro,1,13610450.45,1209704.0,43556.0,12095.0,11.251058482
2024,2023,Insulin Lispro Protamine Mix,Insulin Lispro Protamin/Lispro,1,13610450.45,1209704.0,43556.0,12095.0,11.251058482
2024,2024,Insulin Lispro Protamine Mix,Insulin Lispro Protamin/Lispro,1,14237075.97,1412591.0,51084.0,13924.0,10.078696502
2016,2012,Lantus,"Insulin Glargine,Hum.Rec.Anlog",1,1091943325.2,86880175.931,4841241.0,856320.0,12.568382988
2016,2013,Lantus,"Insulin Glargine,Hum.Rec.Anlog",1,1311063183.1,85656971.054,4601729.0,838353.0,15.305971796
2017,2013,Lantus,"Insulin Glargine,Hum.Rec.Anlog",1,1311063183.1,85656971.054,4601729.0,838355.0,15.305971796
2016,2014,Lantus,"Insulin Glargine,Hum.Rec.Anlog",1,1725595628.8,80207645.08,4284694.0,787204.0,21.514104137
2017,2014,Lantus,"Insulin Glargine,Hum.Rec.Anlog",1,1725595628.8,80207645.08,4284694.0,787204.0,21.514104137
2018,2014,Lantus,"Insulin Glargine,Hum.Rec.Anlog",1,1725595628.8,80207645.08,4284694.0,787204.0,21.514104136
2016,2015,Lantus,"Insulin Glargine,Hum.Rec.Anlog",1,1876168995.1,75067073.363,3993659.0,733912.0,24.993234863
2017,2015,Lantus,"Insulin Glargine,Hum.Rec.Anlog",1,1876168995.1,75067073.363,3993659.0,733920.0,24.993234863
2018,2015,Lantus,"Insulin Glargine,Hum.Rec.Anlog",1,1876168995.1,75067073.363,3993659.0,733920.0,24.993234863
2019,2015,Lantus,"Insulin Glargine,Hum.Rec.Anlog",1,1876168995.1,75067073.363,3991268.0,733920.0,24.993234863
2016,2016,Lantus,"Insulin Glargine,Hum.Rec.Anlog",1,1687996835.7,67839977.73,3597380.0,671493.0,24.882036996
2017,2016,Lantus,"Insulin Glargine,Hum.Rec.Anlog",1,1687996835.7,67839977.73,3597380.0,671493.0,24.882036996
2018,2016,Lantus,"Insulin Glargine,Hum.Rec.Anlog",1,1687996835.7,67839977.73,3597380.0,671493.0,24.882036996
2019,2016,Lantus,"Insulin Glargine,Hum.Rec.Anlog",1,1687996835.7,67839977.73,3595217.0,671493.0,24.882036996
2020,2016,Lantus,"Insulin Glargine,Hum.Rec.Anlog",1,1687840018.0,67833557.73,3597001.0,671385.0,24.882080117
2017,2017,Lantus,"Insulin Glargine,Hum.Rec.Anlog",1,1553906987.2,62283667.084,3258834.0,614743.0,24.948867977
2018,2017,Lantus,"Insulin Glargine,Hum.Rec.Anlog",1,1554220867.7,62296158.084,3259639.0,614809.0,24.948904001
2019,2017,Lantus,"Insulin Glargine,Hum.Rec.Anlog",1,1554220867.7,62296158.084,3257927.0,614809.0,24.948904001
2020,2017,Lantus,"Insulin Glargine,Hum.Rec.Anlog",1,1553436484.8,62264748.084,3258042.0,614081.0,24.948892151
2021,2017,Lantus,"Insulin Glargine,Hum.Rec.Anlog",1,1553436484.8,62264748.084,3258042.0,614081.0,24.948892151
2018,2018,Lantus,"Insulin Glargine,Hum.Rec.Anlog",1,1253375347.2,47189702.312,2445913.0,524078.0,26.560357149
2019,2018,Lantus,"Insulin Glargine,Hum.Rec.Anlog",1,1253375347.2,47189702.312,2444702.0,524078.0,26.560357149
2020,2018,Lantus,"Insulin Glargine,Hum.Rec.Anlog",1,1253273547.5,47185842.312,2445718.0,524010.0,26.560372478
2021,2018,Lantus,"Insulin Glargine,Hum.Rec.Anlog",1,1253273547.5,47185842.312,2445718.0,524010.0,26.560372478
2022,2018,Lantus,"Insulin Glargine,Hum.Rec.Anlog",1,1253273547.5,47185842.312,2445718.0,524010.0,26.560372478
2019,2019,Lantus,"Insulin Glargine,Hum.Rec.Anlog",1,1158911973.1,40995533.72,2050225.0,422031.0,28.269225156
2020,2019,Lantus,"Insulin Glargine,Hum.Rec.Anlog",1,1158800854.5,40991723.72,2050972.0,421970.0,28.269141899
2021,2019,Lantus,"Insulin Glargine,Hum.Rec.Anlog",1,1158800854.5,40991723.72,2050972.0,421970.0,28.269141899
2022,2019,Lantus,"Insulin Glargine,Hum.Rec.Anlog",1,1158800854.5,40991723.72,2050972.0,421970.0,28.269141899
2023,2019,Lantus,"Insulin Glargine,Hum.Rec.Anlog",1,1158800854.5,40991723.72,2050972.0,421970.0,28.269141898
2020,2020,Lantus,"Insulin Glargine,Hum.Rec.Anlog",1,1055722607.0,37436772.915,1821215.0,378001.0,28.200149874
2021,2020,Lantus,"Insulin Glargine,Hum.Rec.Anlog",1,1055722607.0,37436772.915,1821215.0,378001.0,28.200149874
2022,2020,Lantus,"Insulin Glargine,Hum.Rec.Anlog",1,1055722607.0,37436772.915,1821215.0,378001.0,28.200149874
2023,2020,Lantus,"Insulin Glargine,Hum.Rec.Anlog",1,1055722607.0,37436772.915,1821215.0,378001.0,28.200149873
2024,2020,Lantus,"Insulin Glargine,Hum.Rec.Anlog",1,1055722607.0,37436772.915,1821215.0,378001.0,28.200149873
2021,2021,Lantus,"Insulin Glargine,Hum.Rec.Anlog",1,958653939.41,33844839.746,1606778.0,347108.0,28.324966128
2022,2021,Lantus,"Insulin Glargine,Hum.Rec.Anlog",1,958653939.41,33844839.746,1606778.0,347108.0,28.324966128
2023,2021,Lantus,"Insulin Glargine,Hum.Rec.Anlog",1,958653939.4,33844839.746,1606778.0,347108.0,28.324966128
2024,2021,Lantus,"Insulin Glargine,Hum.Rec.Anlog",1,958653939.4,33844839.746,1606778.0,347108.0,28.324966128
2022,2022,Lantus,"Insulin Glargine,Hum.Rec.Anlog",1,833484770.49,29432867.275,1380803.0,306049.0,28.318164272
2023,2022,Lantus,"Insulin Glargine,Hum.Rec.Anlog",1,833484770.49,29432867.275,1380803.0,306049.0,28.318164272
2024,2022,Lantus,"Insulin Glargine,Hum.Rec.Anlog",1,833484770.49,29432867.275,1380803.0,306049.0,28.318164272
2023,2023,Lantus,"Insulin Glargine,Hum.Rec.Anlog",1,735735411.45,24898755.174,1178123.0,279981.0,29.549084133
2024,2023,Lantus,"Insulin Glargine,Hum.Rec.Anlog",1,735735411.45,24898755.174,1178123.0,279981.0,29.549084133
2024,2024,Lantus,"Insulin Glargine,Hum.Rec.Anlog",1,139894057.11,22371849.33,1116800.0,271761.0,6.2531288785
2016,2012,Lantus Solostar,"Insulin Glargine,Hum.Rec.Anlog",1,851156733.63,58784520.136,2922715.0,658565.0,14.479266509
2016,2013,Lantus Solostar,"Insulin Glargine,Hum.Rec.Anlog",1,1371996460.7,80268075.7,3863847.0,862887.0,17.092679109
2017,2013,Lantus Solostar,"Insulin Glargine,Hum.Rec.Anlog",1,1371996460.7,80268075.7,3863847.0,862892.0,17.092679109
2016,2014,Lantus Solostar,"Insulin Glargine,Hum.Rec.Anlog",1,2016972560.3,92786700.21,4442308.0,973018.0,21.737733487
2017,2014,Lantus Solostar,"Insulin Glargine,Hum.Rec.Anlog",1,2016972560.3,92786700.21,4442308.0,973020.0,21.737733487
2018,2014,Lantus Solostar,"Insulin Glargine,Hum.Rec.Anlog",1,2016972756.5,92786715.21,4442309.0,973020.0,21.737732087
2016,2015,Lantus Solostar,"Insulin Glargine,Hum.Rec.Anlog",1,2483335172.0,100568923.88,4861671.0,1041382.0,24.692868097
2017,2015,Lantus Solostar,"Insulin Glargine,Hum.Rec.Anlog",1,2483335172.0,100568923.88,4861671.0,1041387.0,24.692868097
2018,2015,Lantus Solostar,"Insulin Glargine,Hum.Rec.Anlog",1,2483335171.9,100568923.88,4861671.0,1041387.0,24.692868097
2019,2015,Lantus Solostar,"Insulin Glargine,Hum.Rec.Anlog",1,2483335171.9,100568923.88,4859914.0,1041388.0,24.692868097
2016,2016,Lantus Solostar,"Insulin Glargine,Hum.Rec.Anlog",1,2526426477.8,102691209.58,5029203.0,1075461.0,24.602168853
2017,2016,Lantus Solostar,"Insulin Glargine,Hum.Rec.Anlog",1,2526426477.8,102691209.58,5029203.0,1075461.0,24.602168853
2018,2016,Lantus Solostar,"Insulin Glargine,Hum.Rec.Anlog",1,2526426477.8,102691209.58,5029203.0,1075461.0,24.602168853
2019,2016,Lantus Solostar,"Insulin Glargine,Hum.Rec.Anlog",1,2526426477.8,102691209.58,5027175.0,1075462.0,24.602168853
2020,2016,Lantus Solostar,"Insulin Glargine,Hum.Rec.Anlog",1,2526125824.3,102679080.58,5028646.0,1075302.0,24.602146903
2017,2017,Lantus Solostar,"Insulin Glargine,Hum.Rec.Anlog",1,2631724728.2,106046832.91,5234534.0,1112315.0,24.816627295
2018,2017,Lantus Solostar,"Insulin Glargine,Hum.Rec.Anlog",1,2632361498.0,106072569.91,5236023.0,1112447.0,24.816609045
2019,2017,Lantus Solostar,"Insulin Glargine,Hum.Rec.Anlog",1,2632361498.0,106072569.91,5234110.0,1112448.0,24.816609045
2020,2017,Lantus Solostar,"Insulin Glargine,Hum.Rec.Anlog",1,2630786458.9,106009947.91,5233099.0,1110966.0,24.816411201
2021,2017,Lantus Solostar,"Insulin Glargine,Hum.Rec.Anlog",1,2630786458.9,106009947.91,5233099.0,1110966.0,24.816411201
2018,2018,Lantus Solostar,"Insulin Glargine,Hum.Rec.Anlog",1,2370490821.5,89307637.832,4475777.0,1050705.0,26.542979738
2019,2018,Lantus Solostar,"Insulin Glargine,Hum.Rec.Anlog",1,2370490821.5,89307637.832,4473746.0,1050706.0,26.542979738
2020,2018,Lantus Solostar,"Insulin Glargine,Hum.Rec.Anlog",1,2370339092.6,89301895.832,4475506.0,1050607.0,26.542987364
2021,2018,Lantus Solostar,"Insulin Glargine,Hum.Rec.Anlog",1,2370339092.6,89301895.832,4475506.0,1050607.0,26.542987364
2022,2018,Lantus Solostar,"Insulin Glargine,Hum.Rec.Anlog",1,2370339092.6,89301895.832,4475506.0,1050607.0,26.542987364
2019,2019,Lantus Solostar,"Insulin Glargine,Hum.Rec.Anlog",1,2495768701.5,88122248.27,4419719.0,965522.0,28.321663944
2020,2019,Lantus Solostar,"Insulin Glargine,Hum.Rec.Anlog",1,2495607645.5,88116548.27,4421942.0,965444.0,28.321668228
2021,2019,Lantus Solostar,"Insulin Glargine,Hum.Rec.Anlog",1,2495607645.5,88116548.27,4421942.0,965444.0,28.321668228
2022,2019,Lantus Solostar,"Insulin Glargine,Hum.Rec.Anlog",1,2495607645.5,88116548.27,4421942.0,965444.0,28.321668228
2023,2019,Lantus Solostar,"Insulin Glargine,Hum.Rec.Anlog",1,2495607645.5,88116548.27,4421942.0,965444.0,28.321668228
2020,2020,Lantus Solostar,"Insulin Glargine,Hum.Rec.Anlog",1,2663360231.8,93775131.85,4583923.0,1002500.0,28.401562112
2021,2020,Lantus Solostar,"Insulin Glargine,Hum.Rec.Anlog",1,2663360231.8,93775131.85,4583923.0,1002500.0,28.401562112
2022,2020,Lantus Solostar,"Insulin Glargine,Hum.Rec.Anlog",1,2663360231.8,93775131.85,4583923.0,1002500.0,28.401562112
2023,2020,Lantus Solostar,"Insulin Glargine,Hum.Rec.Anlog",1,2663360231.8,93775131.85,4583923.0,1002500.0,28.401562112
2024,2020,Lantus Solostar,"Insulin Glargine,Hum.Rec.Anlog",1,2663360231.8,93775131.85,4583923.0,1002500.0,28.401562112
2021,2021,Lantus Solostar,"Insulin Glargine,Hum.Rec.Anlog",1,2831447261.4,98293698.357,4633350.0,1054611.0,28.805989689
2022,2021,Lantus Solostar,"Insulin Glargine,Hum.Rec.Anlog",1,2831447261.4,98293698.357,4633350.0,1054611.0,28.805989689
2023,2021,Lantus Solostar,"Insulin Glargine,Hum.Rec.Anlog",1,2831447261.4,98293698.357,4633350.0,1054611.0,28.805989689
2024,2021,Lantus Solostar,"Insulin Glargine,Hum.Rec.Anlog",1,2831447261.4,98293698.357,4633350.0,1054611.0,28.805989689
2022,2022,Lantus Solostar,"Insulin Glargine,Hum.Rec.Anlog",1,2873658629.5,98504211.476,4590568.0,1072434.0,29.172951963
2023,2022,Lantus Solostar,"Insulin Glargine,Hum.Rec.Anlog",1,2873658629.5,98504211.476,4590568.0,1072434.0,29.172951963
2024,2022,Lantus Solostar,"Insulin Glargine,Hum.Rec.Anlog",1,2873658629.5,98504211.476,4590568.0,1072434.0,29.172951963
2023,2023,Lantus Solostar,"Insulin Glargine,Hum.Rec.Anlog",1,3157233281.8,104272932.8,4936965.0,1198294.0,30.278550695
2024,2023,Lantus Solostar,"Insulin Glargine,Hum.Rec.Anlog",1,3157233281.8,104272932.8,4936965.0,1198294.0,30.278550695
2024,2024,Lantus Solostar,"Insulin Glargine,Hum.Rec.Anlog",1,699132485.95,114387704.2,5570732.0,1415422.0,6.1119548718
2016,2012,Levemir,Insulin Detemir,1,177839695.74,13992939.724,747443.0,149017.0,12.709244751
2016,2013,Levemir,Insulin Detemir,1,273675095.06,17592139.278,959363.0,184972.0,15.556669416
2017,2013,Levemir,Insulin Detemir,1,273675095.06,17592139.278,959363.0,184971.0,15.556669416
2016,2014,Levemir,Insulin Detemir,1,449970896.91,20715604.252,1152406.0,218350.0,21.721350313
2017,2014,Levemir,Insulin Detemir,1,449970896.91,20715604.252,1152406.0,218350.0,21.721350313
2018,2014,Levemir,Insulin Detemir,1,449970896.91,20715604.252,1152406.0,218350.0,21.721350313
2016,2015,Levemir,Insulin Detemir,1,536800452.65,20604516.61,1142892.0,221844.0,26.0525623
2017,2015,Levemir,Insulin Detemir,1,536800452.65,20604516.61,1142892.0,221846.0,26.0525623
2018,2015,Levemir,Insulin Detemir,1,536800452.65,20604516.61,1142892.0,221846.0,26.0525623
2019,2015,Levemir,Insulin Detemir,1,536800452.65,20604516.61,1141922.0,221846.0,26.0525623
2016,2016,Levemir,Insulin Detemir,1,530894562.9,19498764.588,1080163.0,209170.0,27.227087157
2017,2016,Levemir,Insulin Detemir,1,530894562.9,19498764.588,1080163.0,209170.0,27.227087157
2018,2016,Levemir,Insulin Detemir,1,530894562.9,19498764.588,1080163.0,209170.0,27.227087157
2019,2016,Levemir,Insulin Detemir,1,530894562.9,19498764.588,1079132.0,209170.0,27.227087157
2020,2016,Levemir,Insulin Detemir,1,530834523.37,19496514.588,1080000.0,209139.0,27.227149805
2017,2017,Levemir,Insulin Detemir,1,475007885.93,17404961.705,952259.0,188078.0,27.291521463
2018,2017,Levemir,Insulin Detemir,1,475007885.93,17404961.705,952259.0,188078.0,27.291521463
2019,2017,Levemir,Insulin Detemir,1,475007885.93,17404961.705,951712.0,188078.0,27.291521463
2020,2017,Levemir,Insulin Detemir,1,474712996.85,17394001.705,951746.0,187843.0,27.29176442
2021,2017,Levemir,Insulin Detemir,1,474712996.85,17394001.705,951746.0,187843.0,27.29176442
2018,2018,Levemir,Insulin Detemir,1,538215607.69,18418092.09,1002268.0,195578.0,29.222115139
2019,2018,Levemir,Insulin Detemir,1,538215607.69,18418092.09,1001728.0,195578.0,29.222115139
2020,2018,Levemir,Insulin Detemir,1,538162784.67,18416272.09,1002176.0,195559.0,29.222134753
2021,2018,Levemir,Insulin Detemir,1,538162784.67,18416272.09,1002176.0,195559.0,29.222134753
2022,2018,Levemir,Insulin Detemir,1,538162784.67,18416272.09,1002176.0,195559.0,29.222134753
2019,2019,Levemir,Insulin Detemir,1,518787988.16,16479271.979,879148.0,165999.0,31.481244367
2020,2019,Levemir,Insulin Detemir,1,518753033.57,16478191.979,879483.0,165988.0,31.481186421
2021,2019,Levemir,Insulin Detemir,1,518753033.57,16478191.979,879483.0,165988.0,31.481186421
2022,2019,Levemir,Insulin Detemir,1,518753033.57,16478191.979,879483.0,165988.0,31.481186421
2023,2019,Levemir,Insulin Detemir,1,518753033.57,16478191.979,879483.0,165988.0,31.481186421
2020,2020,Levemir,Insulin Detemir,1,436907522.69,13808893.93,704341.0,135263.0,31.639574097
2021,2020,Levemir,Insulin Detemir,1,436907522.69,13808893.93,704341.0,135263.0,31.639574097
2022,2020,Levemir,Insulin Detemir,1,436907522.69,13808893.93,704341.0,135263.0,31.639574097
2023,2020,Levemir,Insulin Detemir,1,436907522.69,13808893.93,704341.0,135263.0,31.639574097
2024,2020,Levemir,Insulin Detemir,1,436907522.69,13808893.93,704341.0,135263.0,31.639574097
2021,2021,Levemir,Insulin Detemir,1,373910076.9,11680707.25,579211.0,118234.0,32.010910718
2022,2021,Levemir,Insulin Detemir,1,373910076.9,11680707.25,579211.0,118234.0,32.010910718
2023,2021,Levemir,Insulin Detemir,1,373910076.9,11680707.25,579211.0,118234.0,32.010910718
2024,2021,Levemir,Insulin Detemir,1,373910076.9,11680707.25,579211.0,118234.0,32.010910718
2022,2022,Levemir,Insulin Detemir,1,319727025.36,9872368.45,484393.0,98353.0,32.386050721
2023,2022,Levemir,Insulin Detemir,1,319727025.36,9872368.45,484393.0,98353.0,32.386050721
2024,2022,Levemir,Insulin Detemir,1,319727025.36,9872368.45,484393.0,98353.0,32.386050721
2023,2023,Levemir,Insulin Detemir,1,287253250.1,8804331.67,427861.0,90227.0,32.626354943
2024,2023,Levemir,Insulin Detemir,1,287253250.1,8804331.67,427861.0,90227.0,32.626354943
2024,2024,Levemir,Insulin Detemir,1,30621216.73,2950599.0,142657.0,48292.0,10.377966213
2016,2012,Levemir Flexpen,Insulin Detemir,1,316912840.98,21734903.33,1037015.0,240247.0,14.58082588
2016,2013,Levemir Flexpen,Insulin Detemir,1,548137249.55,32398330.7,1511549.0,338120.0,16.918688022
2016,2014,Levemir Flexpen,Insulin Detemir,1,654734849.73,30956271.6,1461967.0,379423.0,21.150313519
2016,2015,Levemir Flexpen,Insulin Detemir,1,10340617.52,465209.0,27437.0,13602.0,22.227896537
2016,2016,Levemir Flexpen,Insulin Detemir,1,1632081.78,73399.0,4508.0,2100.0,22.235749533
2023,2019,Levemir Flexpen,Insulin Detemir,1,,,,,
2023,2020,Levemir Flexpen,Insulin Detemir,1,,,,,
2024,2020,Levemir Flexpen,Insulin Detemir,1,,,,,
2023,2021,Levemir Flexpen,Insulin Detemir,1,,,,,
2024,2021,Levemir Flexpen,Insulin Detemir,1,,,,,
2023,2022,Levemir Flexpen,Insulin Detemir,1,,,,,
2024,2022,Levemir Flexpen,Insulin Detemir,1,,,,,
2023,2023,Levemir Flexpen,Insulin Detemir,1,1025556477.3,31470091.306,1370509.0,346204.0,32.588290493
2024,2023,Levemir Flexpen,Insulin Detemir,1,1025556477.3,31470091.306,1370509.0,346204.0,32.588290493
2024,2024,Levemir Flexpen,Insulin Detemir,1,121306539.23,12071114.951,559470.0,210817.0,10.049323507
2016,2012,Levemir Flextouch,Insulin Detemir,1,,,,,
2016,2013,Levemir Flextouch,Insulin Detemir,1,,,,,
2017,2013,Levemir Flextouch,Insulin Detemir,1,,,,,
2016,2014,Levemir Flextouch,Insulin Detemir,1,225809589.88,9587006.0,441136.0,254449.0,23.553713211
2017,2014,Levemir Flextouch,Insulin Detemir,1,225809589.88,9587006.0,441136.0,254450.0,23.553713211
2018,2014,Levemir Flextouch,Insulin Detemir,1,225809589.88,9587006.0,441136.0,254450.0,23.553713211
2016,2015,Levemir Flextouch,Insulin Detemir,1,1257110121.8,49199724.95,2328543.0,497445.0,25.551161578
2017,2015,Levemir Flextouch,Insulin Detemir,1,1257110121.8,49199724.95,2328543.0,497450.0,25.551161578
2018,2015,Levemir Flextouch,Insulin Detemir,1,1257110121.8,49199724.95,2328543.0,497450.0,25.551161578
2019,2015,Levemir Flextouch,Insulin Detemir,1,1257110121.8,49199724.95,2327278.0,497450.0,25.551161578
2016,2016,Levemir Flextouch,Insulin Detemir,1,1419146165.0,52971096.217,2545577.0,525487.0,26.7909533
2017,2016,Levemir Flextouch,Insulin Detemir,1,1419146165.0,52971096.217,2545577.0,525487.0,26.7909533
2018,2016,Levemir Flextouch,Insulin Detemir,1,1419146165.0,52971096.217,2545577.0,525487.0,26.7909533
2019,2016,Levemir Flextouch,Insulin Detemir,1,1419146165.0,52971096.217,2544038.0,525487.0,26.7909533
2020,2016,Levemir Flextouch,Insulin Detemir,1,1418994245.1,52965432.217,2545274.0,525406.0,26.790949979
2017,2017,Levemir Flextouch,Insulin Detemir,1,1404127510.2,52297048.143,2491598.0,509282.0,26.849077722
2018,2017,Levemir Flextouch,Insulin Detemir,1,1404127510.2,52297048.143,2491598.0,509282.0,26.849077722
2019,2017,Levemir Flextouch,Insulin Detemir,1,1404127510.2,52297048.143,2490468.0,509282.0,26.849077722
2020,2017,Levemir Flextouch,Insulin Detemir,1,1403357783.3,52268251.143,2490362.0,508650.0,26.84914365
2021,2017,Levemir Flextouch,Insulin Detemir,1,1403357783.3,52268251.143,2490362.0,508650.0,26.84914365
2018,2018,Levemir Flextouch,Insulin Detemir,1,1584105949.8,54941913.842,2645315.0,535568.0,28.832376579
2019,2018,Levemir Flextouch,Insulin Detemir,1,1584105949.8,54941913.842,2644059.0,535568.0,28.832376579
2020,2018,Levemir Flextouch,Insulin Detemir,1,1583937903.3,54936144.842,2645052.0,535495.0,28.832345405
2021,2018,Levemir Flextouch,Insulin Detemir,1,1583937903.3,54936144.842,2645052.0,535495.0,28.832345405
2022,2018,Levemir Flextouch,Insulin Detemir,1,1583937903.3,54936144.842,2645052.0,535495.0,28.832345405
2019,2019,Levemir Flextouch,Insulin Detemir,1,1622206516.9,52125391.099,2515469.0,496640.0,31.121234445
2020,2019,Levemir Flextouch,Insulin Detemir,1,1622076814.2,52121206.099,2516819.0,496595.0,31.121244799
2021,2019,Levemir Flextouch,Insulin Detemir,1,1622076814.2,52121206.099,2516819.0,496595.0,31.121244799
2022,2019,Levemir Flextouch,Insulin Detemir,1,1622076814.2,52121206.099,2516819.0,496595.0,31.121244799
2023,2019,Levemir Flextouch,Insulin Detemir,1,1622076814.2,52121206.099,2516819.0,496595.0,31.121244799
2020,2020,Levemir Flextouch,Insulin Detemir,1,1554791324.7,49626507.531,2293691.0,455219.0,31.329855798
2021,2020,Levemir Flextouch,Insulin Detemir,1,1554791324.7,49626507.531,2293691.0,455219.0,31.329855798
2022,2020,Levemir Flextouch,Insulin Detemir,1,1554791324.7,49626507.531,2293691.0,455219.0,31.329855798
2023,2020,Levemir Flextouch,Insulin Detemir,1,1554791324.7,49626507.531,2293691.0,455219.0,31.329855798
2024,2020,Levemir Flextouch,Insulin Detemir,1,1554791324.7,49626507.531,2293691.0,455219.0,31.329855798
2021,2021,Levemir Flextouch,Insulin Detemir,1,1495189258.3,46933004.047,2071515.0,429707.0,31.85794919
2022,2021,Levemir Flextouch,Insulin Detemir,1,1495189258.3,46933004.047,2071515.0,429707.0,31.85794919
2023,2021,Levemir Flextouch,Insulin Detemir,1,1495189258.3,46933004.047,2071515.0,429707.0,31.85794919
2024,2021,Levemir Flextouch,Insulin Detemir,1,1495189258.3,46933004.047,2071515.0,429707.0,31.85794919
2022,2022,Levemir Flextouch,Insulin Detemir,1,1408211048.8,43609962.418,1896297.0,402627.0,32.291040182
2023,2022,Levemir Flextouch,Insulin Detemir,1,1408211048.8,43609962.418,1896297.0,402627.0,32.291040182
2024,2022,Levemir Flextouch,Insulin Detemir,1,1408211048.8,43609962.418,1896297.0,402627.0,32.291040182
2023,2023,Levemir Flextouch,Insulin Detemir,1,184280488.92,5662602.5,280021.0,183748.0,32.543426617
2024,2023,Levemir Flextouch,Insulin Detemir,1,184280488.92,5662602.5,280021.0,183748.0,32.543426617
2024,2024,Levemir Flextouch,Insulin Detemir,1,956769.31,91489.0,5655.0,3073.0,10.457752407
2020,2016,Lyumjev,Insulin Lispro-Aabc,1,,,,,
2020,2017,Lyumjev,Insulin Lispro-Aabc,1,,,,,
2021,2017,Lyumjev,Insulin Lispro-Aabc,1,,,,,
2020,2018,Lyumjev,Insulin Lispro-Aabc,1,,,,,
2021,2018,Lyumjev,Insulin Lispro-Aabc,1,,,,,
2022,2018,Lyumjev,Insulin Lispro-Aabc,1,,,,,
2020,2019,Lyumjev,Insulin Lispro-Aabc,1,,,,,
2021,2019,Lyumjev,Insulin Lispro-Aabc,1,,,,,
2022,2019,Lyumjev,Insulin Lispro-Aabc,1,,,,,
2023,2019,Lyumjev,Insulin Lispro-Aabc,1,,,,,
2020,2020,Lyumjev,Insulin Lispro-Aabc,1,193209.54,6990.0,196.0,123.0,27.640849785
2021,2020,Lyumjev,Insulin Lispro-Aabc,1,193209.54,6990.0,196.0,123.0,27.640849785
2022,2020,Lyumjev,Insulin Lispro-Aabc,1,193209.54,6990.0,196.0,123.0,27.640849785
2023,2020,Lyumjev,Insulin Lispro-Aabc,1,193209.54,6990.0,196.0,123.0,27.640849785
2024,2020,Lyumjev,Insulin Lispro-Aabc,1,193209.54,6990.0,196.0,123.0,27.640849785
2021,2021,Lyumjev,Insulin Lispro-Aabc,1,3050166.79,108630.0,2662.0,1049.0,28.078493878
2022,2021,Lyumjev,Insulin Lispro-Aabc,1,3050166.79,108630.0,2662.0,1049.0,28.078493878
2023,2021,Lyumjev,Insulin Lispro-Aabc,1,3050166.79,108630.0,2662.0,1049.0,28.078493878
2024,2021,Lyumjev,Insulin Lispro-Aabc,1,3050166.79,108630.0,2662.0,1049.0,28.078493878
2022,2022,Lyumjev,Insulin Lispro-Aabc,1,8211586.15,286980.0,6723.0,2227.0,28.613792425
2023,2022,Lyumjev,Insulin Lispro-Aabc,1,8211586.15,286980.0,6723.0,2227.0,28.613792425
2024,2022,Lyumjev,Insulin Lispro-Aabc,1,8211586.15,286980.0,6723.0,2227.0,28.613792425
2023,2023,Lyumjev,Insulin Lispro-Aabc,1,14719968.54,511540.0,11647.0,3723.0,28.775791805
2024,2023,Lyumjev,Insulin Lispro-Aabc,1,14719968.54,511540.0,11647.0,3723.0,28.775791805
2024,2024,Lyumjev,Insulin Lispro-Aabc,1,19927367.68,804650.0,17978.0,5449.0,24.765261517
2020,2016,Lyumjev Kwikpen U-100,Insulin Lispro-Aabc,1,,,,,
2020,2017,Lyumjev Kwikpen U-100,Insulin Lispro-Aabc,1,,,,,
2021,2017,Lyumjev Kwikpen U-100,Insulin Lispro-Aabc,1,,,,,
2020,2018,Lyumjev Kwikpen U-100,Insulin Lispro-Aabc,1,,,,,
2021,2018,Lyumjev Kwikpen U-100,Insulin Lispro-Aabc,1,,,,,
2022,2018,Lyumjev Kwikpen U-100,Insulin Lispro-Aabc,1,,,,,
2020,2019,Lyumjev Kwikpen U-100,Insulin Lispro-Aabc,1,,,,,
2021,2019,Lyumjev Kwikpen U-100,Insulin Lispro-Aabc,1,,,,,
2022,2019,Lyumjev Kwikpen U-100,Insulin Lispro-Aabc,1,,,,,
2023,2019,Lyumjev Kwikpen U-100,Insulin Lispro-Aabc,1,,,,,
2020,2020,Lyumjev Kwikpen U-100,Insulin Lispro-Aabc,1,326193.0,9228.0,390.0,299.0,35.348179454
2021,2020,Lyumjev Kwikpen U-100,Insulin Lispro-Aabc,1,326193.0,9228.0,390.0,299.0,35.348179454
2022,2020,Lyumjev Kwikpen U-100,Insulin Lispro-Aabc,1,326193.0,9228.0,390.0,299.0,35.348179454
2023,2020,Lyumjev Kwikpen U-100,Insulin Lispro-Aabc,1,326193.0,9228.0,390.0,299.0,35.348179454
2024,2020,Lyumjev Kwikpen U-100,Insulin Lispro-Aabc,1,326193.0,9228.0,390.0,299.0,35.348179454
2021,2021,Lyumjev Kwikpen U-100,Insulin Lispro-Aabc,1,7968951.23,219993.0,8909.0,3667.0,36.223658162
2022,2021,Lyumjev Kwikpen U-100,Insulin Lispro-Aabc,1,7968951.23,219993.0,8909.0,3667.0,36.223658162
2023,2021,Lyumjev Kwikpen U-100,Insulin Lispro-Aabc,1,7968951.23,219993.0,8909.0,3667.0,36.223658162
2024,2021,Lyumjev Kwikpen U-100,Insulin Lispro-Aabc,1,7968951.23,219993.0,8909.0,3667.0,36.223658162
2022,2022,Lyumjev Kwikpen U-100,Insulin Lispro-Aabc,1,21841920.81,592002.0,23547.0,8399.0,36.895011858
2023,2022,Lyumjev Kwikpen U-100,Insulin Lispro-Aabc,1,21841920.81,592002.0,23547.0,8399.0,36.895011858
2024,2022,Lyumjev Kwikpen U-100,Insulin Lispro-Aabc,1,21841920.81,592002.0,23547.0,8399.0,36.895011858
2023,2023,Lyumjev Kwikpen U-100,Insulin Lispro-Aabc,1,37737191.51,1016658.0,39211.0,13588.0,37.118865449
2024,2023,Lyumjev Kwikpen U-100,Insulin Lispro-Aabc,1,37737191.51,1016658.0,39211.0,13588.0,37.118865449
2024,2024,Lyumjev Kwikpen U-100,Insulin Lispro-Aabc,1,56023532.0,1741431.0,73122.0,22655.0,32.170974331
2020,2016,Lyumjev Kwikpen U-200,Insulin Lispro-Aabc,1,,,,,
2020,2017,Lyumjev Kwikpen U-200,Insulin Lispro-Aabc,1,,,,,
2021,2017,Lyumjev Kwikpen U-200,Insulin Lispro-Aabc,1,,,,,
2020,2018,Lyumjev Kwikpen U-200,Insulin Lispro-Aabc,1,,,,,
2021,2018,Lyumjev Kwikpen U-200,Insulin Lispro-Aabc,1,,,,,
2022,2018,Lyumjev Kwikpen U-200,Insulin Lispro-Aabc,1,,,,,
2020,2019,Lyumjev Kwikpen U-200,Insulin Lispro-Aabc,1,,,,,
2021,2019,Lyumjev Kwikpen U-200,Insulin Lispro-Aabc,1,,,,,
2022,2019,Lyumjev Kwikpen U-200,Insulin Lispro-Aabc,1,,,,,
2023,2019,Lyumjev Kwikpen U-200,Insulin Lispro-Aabc,1,,,,,
2020,2020,Lyumjev Kwikpen U-200,Insulin Lispro-Aabc,1,49351.97,690.0,41.0,26.0,71.524594203
2021,2020,Lyumjev Kwikpen U-200,Insulin Lispro-Aabc,1,49351.97,690.0,41.0,26.0,71.524594203
2022,2020,Lyumjev Kwikpen U-200,Insulin Lispro-Aabc,1,49351.97,690.0,41.0,26.0,71.524594203
2023,2020,Lyumjev Kwikpen U-200,Insulin Lispro-Aabc,1,49351.97,690.0,41.0,26.0,71.524594203
2024,2020,Lyumjev Kwikpen U-200,Insulin Lispro-Aabc,1,49351.97,690.0,41.0,26.0,71.524594203
2021,2021,Lyumjev Kwikpen U-200,Insulin Lispro-Aabc,1,2056834.65,28152.0,1374.0,527.0,73.061759378
2022,2021,Lyumjev Kwikpen U-200,Insulin Lispro-Aabc,1,2056834.65,28152.0,1374.0,527.0,73.061759378
2023,2021,Lyumjev Kwikpen U-200,Insulin Lispro-Aabc,1,2056834.65,28152.0,1374.0,527.0,73.061759378
2024,2021,Lyumjev Kwikpen U-200,Insulin Lispro-Aabc,1,2056834.65,28152.0,1374.0,527.0,73.061759378
2022,2022,Lyumjev Kwikpen U-200,Insulin Lispro-Aabc,1,5125226.39,69159.0,3272.0,1034.0,74.107873017
2023,2022,Lyumjev Kwikpen U-200,Insulin Lispro-Aabc,1,5125226.39,69159.0,3272.0,1034.0,74.107873017
2024,2022,Lyumjev Kwikpen U-200,Insulin Lispro-Aabc,1,5125226.39,69159.0,3272.0,1034.0,74.107873017
2023,2023,Lyumjev Kwikpen U-200,Insulin Lispro-Aabc,1,9887086.81,132525.0,5480.0,1745.0,74.605446595
2024,2023,Lyumjev Kwikpen U-200,Insulin Lispro-Aabc,1,9887086.81,132525.0,5480.0,1745.0,74.605446595
2024,2024,Lyumjev Kwikpen U-200,Insulin Lispro-Aabc,1,13672689.08,212907.0,8403.0,2432.0,64.219067856
2023,2019,Lyumjev Tempo Pen U-100,Insulin Lispro-Aabc,1,,,,,
2023,2020,Lyumjev Tempo Pen U-100,Insulin Lispro-Aabc,1,,,,,
2024,2020,Lyumjev Tempo Pen U-100,Insulin Lispro-Aabc,1,,,,,
2023,2021,Lyumjev Tempo Pen U-100,Insulin Lispro-Aabc,1,,,,,
2024,2021,Lyumjev Tempo Pen U-100,Insulin Lispro-Aabc,1,,,,,
2023,2022,Lyumjev Tempo Pen U-100,Insulin Lispro-Aabc,1,,,,,
2024,2022,Lyumjev Tempo Pen U-100,Insulin Lispro-Aabc,1,,,,,
2023,2023,Lyumjev Tempo Pen U-100,Insulin Lispro-Aabc,1,322751.59,8763.0,373.0,239.0,36.831175397
2024,2023,Lyumjev Tempo Pen U-100,Insulin Lispro-Aabc,1,322751.59,8763.0,373.0,239.0,36.831175397
2024,2024,Lyumjev Tempo Pen U-100,Insulin Lispro-Aabc,1,341963.96,10551.0,407.0,211.0,32.410573405
2022,2018,Myxredlin,Insulin Regular In 0.9 % NaCl,1,,,,,
2022,2019,Myxredlin,Insulin Regular In 0.9 % NaCl,1,,,,,
2022,2020,Myxredlin,Insulin Regular In 0.9 % NaCl,1,,,,,
2022,2021,Myxredlin,Insulin Regular In 0.9 % NaCl,1,,,,,
2022,2022,Myxredlin,Insulin Regular In 0.9 % NaCl,1,6631.58,10854.0,23.0,11.0,0.6109802838
2016,2012,Novolin 70-30,Insulin NPh Hum/Reg Insulin Hm,2,125217022.51,19253410.039,774449.0,142948.0,6.5352641339
2016,2013,Novolin 70-30,Insulin NPh Hum/Reg Insulin Hm,2,132969487.15,19391053.44,752803.0,133929.0,7.1209728279
2017,2013,Novolin 70-30,Insulin NPh Hum/Reg Insulin Hm,2,132969487.15,19391053.44,752803.0,133930.0,7.1209728279
2016,2014,Novolin 70-30,Insulin NPh Hum/Reg Insulin Hm,2,142675547.56,18354224.03,684097.0,123760.0,8.1580783943
2017,2014,Novolin 70-30,Insulin NPh Hum/Reg Insulin Hm,2,142675547.56,18354224.03,684097.0,123760.0,8.1580783943
2018,2014,Novolin 70-30,Insulin NPh Hum/Reg Insulin Hm,2,142675547.56,18354224.03,684097.0,123760.0,8.1580783943
2016,2015,Novolin 70-30,Insulin NPh Hum/Reg Insulin Hm,2,154561959.79,18004670.25,647135.0,121117.0,9.0826768483
2017,2015,Novolin 70-30,Insulin NPh Hum/Reg Insulin Hm,2,154561959.79,18004670.25,647135.0,121117.0,9.0826768483
2018,2015,Novolin 70-30,Insulin NPh Hum/Reg Insulin Hm,2,154561959.79,18004670.25,647135.0,121117.0,9.0826768483
2019,2015,Novolin 70-30,Insulin NPh Hum/Reg Insulin Hm,2,154561959.79,18004670.25,646731.0,121117.0,9.0812383894
2016,2016,Novolin 70-30,Insulin NPh Hum/Reg Insulin Hm,2,153828619.2,15795224.355,558318.0,110444.0,10.252650842
2017,2016,Novolin 70-30,Insulin NPh Hum/Reg Insulin Hm,2,153828619.2,15795224.355,558318.0,110444.0,10.252650842
2018,2016,Novolin 70-30,Insulin NPh Hum/Reg Insulin Hm,2,153828619.2,15795224.355,558318.0,110444.0,10.252650842
2019,2016,Novolin 70-30,Insulin NPh Hum/Reg Insulin Hm,2,153828619.2,15795224.355,558051.0,110444.0,10.251271231
2020,2016,Novolin 70-30,Insulin NPh Hum/Reg Insulin Hm,2,153815812.02,15794094.355,558253.0,110426.0,10.252428181
2017,2017,Novolin 70-30,Insulin NPh Hum/Reg Insulin Hm,2,175789055.12,17537599.881,590821.0,113491.0,10.455350868
2018,2017,Novolin 70-30,Insulin NPh Hum/Reg Insulin Hm,2,175789055.12,17537599.881,590821.0,113491.0,10.455350868
2019,2017,Novolin 70-30,Insulin NPh Hum/Reg Insulin Hm,2,175789055.12,17537599.881,590556.0,113491.0,10.454247739
2020,2017,Novolin 70-30,Insulin NPh Hum/Reg Insulin Hm,2,175715845.1,17529779.881,590517.0,113346.0,10.456030365
2021,2017,Novolin 70-30,Insulin NPh Hum/Reg Insulin Hm,2,175715845.1,17529779.881,590517.0,113346.0,10.456030365
2018,2018,Novolin 70-30,Insulin NPh Hum/Reg Insulin Hm,2,163739269.55,15867130.1,520976.0,104093.0,10.672641278
2019,2018,Novolin 70-30,Insulin NPh Hum/Reg Insulin Hm,2,163739269.55,15867130.1,520791.0,104093.0,10.671701481
2020,2018,Novolin 70-30,Insulin NPh Hum/Reg Insulin Hm,2,163727551.21,15866300.1,520921.0,104081.0,10.672300202
2021,2018,Novolin 70-30,Insulin NPh Hum/Reg Insulin Hm,2,163727551.21,15866300.1,520921.0,104081.0,10.672300202
2022,2018,Novolin 70-30,Insulin NPh Hum/Reg Insulin Hm,2,163727551.21,15866300.1,520921.0,104081.0,10.672300202
2019,2019,Novolin 70-30,Insulin NPh Hum/Reg Insulin Hm,2,155518470.97,14930745.4,471801.0,95442.0,10.770550426
2020,2019,Novolin 70-30,Insulin NPh Hum/Reg Insulin Hm,2,155501024.12,14929385.4,471834.0,95428.0,10.770804949
2021,2019,Novolin 70-30,Insulin NPh Hum/Reg Insulin Hm,2,155501024.12,14929385.4,471834.0,95428.0,10.770804949
2022,2019,Novolin 70-30,Insulin NPh Hum/Reg Insulin Hm,2,155501024.12,14929385.4,471834.0,95428.0,10.770804949
2023,2019,Novolin 70-30,Insulin NPh Hum/Reg Insulin Hm,2,155501024.12,14929385.4,471834.0,95428.0,10.770804949
2020,2020,Novolin 70-30,Insulin NPh Hum/Reg Insulin Hm,2,142968867.49,13449124.82,408831.0,84134.0,10.982962855
2021,2020,Novolin 70-30,Insulin NPh Hum/Reg Insulin Hm,2,142968867.49,13449124.82,408831.0,84134.0,10.982962855
2022,2020,Novolin 70-30,Insulin NPh Hum/Reg Insulin Hm,2,142968867.49,13449124.82,408831.0,84134.0,10.982962855
2023,2020,Novolin 70-30,Insulin NPh Hum/Reg Insulin Hm,2,142968867.49,13449124.82,408831.0,84134.0,10.982962855
2024,2020,Novolin 70-30,Insulin NPh Hum/Reg Insulin Hm,2,142968867.49,13449124.82,408831.0,84134.0,10.982962855
2021,2021,Novolin 70-30,Insulin NPh Hum/Reg Insulin Hm,2,132943279.16,11985161.4,346494.0,73516.0,11.407222379
2022,2021,Novolin 70-30,Insulin NPh Hum/Reg Insulin Hm,2,132943279.16,11985161.4,346494.0,73516.0,11.407222379
2023,2021,Novolin 70-30,Insulin NPh Hum/Reg Insulin Hm,2,132943279.16,11985161.4,346494.0,73516.0,11.407222379
2024,2021,Novolin 70-30,Insulin NPh Hum/Reg Insulin Hm,2,132943279.16,11985161.4,346494.0,73516.0,11.407222379
2022,2022,Novolin 70-30,Insulin NPh Hum/Reg Insulin Hm,2,125778587.75,9569232.047,271644.0,60030.0,13.204427226
2023,2022,Novolin 70-30,Insulin NPh Hum/Reg Insulin Hm,2,125778587.75,9569232.047,271644.0,60030.0,13.204427226
2024,2022,Novolin 70-30,Insulin NPh Hum/Reg Insulin Hm,2,125778587.75,9569232.047,271644.0,60030.0,13.204427226
2023,2023,Novolin 70-30,Insulin NPh Hum/Reg Insulin Hm,2,112846648.88,8395340.136,233080.0,51680.0,13.528399282
2024,2023,Novolin 70-30,Insulin NPh Hum/Reg Insulin Hm,2,112846648.88,8395340.136,233080.0,51680.0,13.528399282
2024,2024,Novolin 70-30,Insulin NPh Hum/Reg Insulin Hm,2,26929490.44,6076756.0,170702.0,44872.0,4.4481657019
2018,2014,Novolin 70-30 Flexpen,Insulin NPh Hum/Reg Insulin Hm,2,,,,,
2018,2015,Novolin 70-30 Flexpen,Insulin NPh Hum/Reg Insulin Hm,2,,,,,
2019,2015,Novolin 70-30 Flexpen,Insulin NPh Hum/Reg Insulin Hm,2,,,,,
2018,2016,Novolin 70-30 Flexpen,Insulin NPh Hum/Reg Insulin Hm,2,,,,,
2019,2016,Novolin 70-30 Flexpen,Insulin NPh Hum/Reg Insulin Hm,2,,,,,
2020,2016,Novolin 70-30 Flexpen,Insulin NPh Hum/Reg Insulin Hm,2,,,,,
2018,2017,Novolin 70-30 Flexpen,Insulin NPh Hum/Reg Insulin Hm,2,,,,,
2019,2017,Novolin 70-30 Flexpen,Insulin NPh Hum/Reg Insulin Hm,2,,,,,
2020,2017,Novolin 70-30 Flexpen,Insulin NPh Hum/Reg Insulin Hm,2,,,,,
2021,2017,Novolin 70-30 Flexpen,Insulin NPh Hum/Reg Insulin Hm,2,,,,,
2018,2018,Novolin 70-30 Flexpen,Insulin NPh Hum/Reg Insulin Hm,2,64793.98,6813.0,279.0,259.0,9.1895777166
2019,2018,Novolin 70-30 Flexpen,Insulin NPh Hum/Reg Insulin Hm,2,64793.98,6813.0,279.0,259.0,9.1895777166
2020,2018,Novolin 70-30 Flexpen,Insulin NPh Hum/Reg Insulin Hm,2,64793.98,6813.0,279.0,259.0,9.1895777166
2021,2018,Novolin 70-30 Flexpen,Insulin NPh Hum/Reg Insulin Hm,2,64793.98,6813.0,279.0,259.0,9.1895777166
2022,2018,Novolin 70-30 Flexpen,Insulin NPh Hum/Reg Insulin Hm,2,64793.98,6813.0,279.0,259.0,9.1895777166
2019,2019,Novolin 70-30 Flexpen,Insulin NPh Hum/Reg Insulin Hm,2,9581417.32,675295.0,28269.0,9380.0,14.15101962
2020,2019,Novolin 70-30 Flexpen,Insulin NPh Hum/Reg Insulin Hm,2,9579796.0,675175.0,28269.0,9377.0,14.152007315
2021,2019,Novolin 70-30 Flexpen,Insulin NPh Hum/Reg Insulin Hm,2,9579796.0,675175.0,28269.0,9377.0,14.152007315
2022,2019,Novolin 70-30 Flexpen,Insulin NPh Hum/Reg Insulin Hm,2,9579796.0,675175.0,28269.0,9377.0,14.152007315
2023,2019,Novolin 70-30 Flexpen,Insulin NPh Hum/Reg Insulin Hm,2,9579796.0,675175.0,28269.0,9377.0,14.152007315
2020,2020,Novolin 70-30 Flexpen,Insulin NPh Hum/Reg Insulin Hm,2,25315681.4,1697258.0,68714.0,18500.0,14.943509301
2021,2020,Novolin 70-30 Flexpen,Insulin NPh Hum/Reg Insulin Hm,2,25315681.4,1697258.0,68714.0,18500.0,14.943509301
2022,2020,Novolin 70-30 Flexpen,Insulin NPh Hum/Reg Insulin Hm,2,25315681.4,1697258.0,68714.0,18500.0,14.943509301
2023,2020,Novolin 70-30 Flexpen,Insulin NPh Hum/Reg Insulin Hm,2,25315681.4,1697258.0,68714.0,18500.0,14.943509301
2024,2020,Novolin 70-30 Flexpen,Insulin NPh Hum/Reg Insulin Hm,2,25315681.4,1697258.0,68714.0,18500.0,14.943509301
2021,2021,Novolin 70-30 Flexpen,Insulin NPh Hum/Reg Insulin Hm,2,42821986.66,2670213.0,100224.0,25640.0,16.04666605
2022,2021,Novolin 70-30 Flexpen,Insulin NPh Hum/Reg Insulin Hm,2,42821986.66,2670213.0,100224.0,25640.0,16.04666605
2023,2021,Novolin 70-30 Flexpen,Insulin NPh Hum/Reg Insulin Hm,2,42821986.66,2670213.0,100224.0,25640.0,16.04666605
2024,2021,Novolin 70-30 Flexpen,Insulin NPh Hum/Reg Insulin Hm,2,42821986.66,2670213.0,100224.0,25640.0,16.04666605
2022,2022,Novolin 70-30 Flexpen,Insulin NPh Hum/Reg Insulin Hm,2,56375638.48,3198167.0,115817.0,28805.0,17.586594755
2023,2022,Novolin 70-30 Flexpen,Insulin NPh Hum/Reg Insulin Hm,2,56375638.48,3198167.0,115817.0,28805.0,17.586594755
2024,2022,Novolin 70-30 Flexpen,Insulin NPh Hum/Reg Insulin Hm,2,56375638.48,3198167.0,115817.0,28805.0,17.586594755
2023,2023,Novolin 70-30 Flexpen,Insulin NPh Hum/Reg Insulin Hm,2,66661197.37,3700328.0,131804.0,32324.0,18.004592178
2024,2023,Novolin 70-30 Flexpen,Insulin NPh Hum/Reg Insulin Hm,2,66661197.37,3700328.0,131804.0,32324.0,18.004592178
2024,2024,Novolin 70-30 Flexpen,Insulin NPh Hum/Reg Insulin Hm,2,21205915.83,3684480.0,134182.0,35844.0,5.7532701771
2016,2012,Novolin N,Insulin NPh Human Isophane,2,79769728.19,15441032.771,609715.0,136687.0,5.17721209
2016,2013,Novolin N,Insulin NPh Human Isophane,2,67842657.67,10080895.422,455099.0,89343.0,6.9994571749
2017,2013,Novolin N,Insulin NPh Human Isophane,2,67842657.67,10080895.422,455099.0,89342.0,6.9994571749
2016,2014,Novolin N,Insulin NPh Human Isophane,2,73036441.3,9644878.821,417555.0,82922.0,7.9409946379
2017,2014,Novolin N,Insulin NPh Human Isophane,2,73036441.3,9644878.821,417555.0,82922.0,7.9409946379
2018,2014,Novolin N,Insulin NPh Human Isophane,2,73036441.3,9644878.821,417555.0,82922.0,7.9409946379
2016,2015,Novolin N,Insulin NPh Human Isophane,2,79591477.58,9585397.14,401732.0,82743.0,8.7557193685
2017,2015,Novolin N,Insulin NPh Human Isophane,2,79591477.58,9585397.14,401732.0,82744.0,8.7557193685
2018,2015,Novolin N,Insulin NPh Human Isophane,2,79591477.58,9585397.14,401732.0,82744.0,8.7557193685
2019,2015,Novolin N,Insulin NPh Human Isophane,2,79591477.58,9585397.14,401439.0,82744.0,8.7536281405
2016,2016,Novolin N,Insulin NPh Human Isophane,2,78589860.53,8368277.184,350562.0,75950.0,9.8559971095
2017,2016,Novolin N,Insulin NPh Human Isophane,2,78589860.53,8368277.184,350562.0,75950.0,9.8559971095
2018,2016,Novolin N,Insulin NPh Human Isophane,2,78589860.53,8368277.184,350562.0,75950.0,9.8559971095
2019,2016,Novolin N,Insulin NPh Human Isophane,2,78589860.53,8368277.184,350384.0,75950.0,9.8543175192
2020,2016,Novolin N,Insulin NPh Human Isophane,2,78585992.95,8367947.184,350533.0,75941.0,9.8558326721
2017,2017,Novolin N,Insulin NPh Human Isophane,2,90265683.63,9242963.09,370111.0,78553.0,10.149000777
2018,2017,Novolin N,Insulin NPh Human Isophane,2,90265683.63,9242963.09,370111.0,78553.0,10.149000777
2019,2017,Novolin N,Insulin NPh Human Isophane,2,90265683.63,9242963.09,369983.0,78553.0,10.147826164
2020,2017,Novolin N,Insulin NPh Human Isophane,2,90222887.14,9238753.09,369945.0,78455.0,10.149191811
2021,2017,Novolin N,Insulin NPh Human Isophane,2,90222887.14,9238753.09,369945.0,78455.0,10.149191811
2018,2018,Novolin N,Insulin NPh Human Isophane,2,82908402.52,8248029.282,323880.0,71476.0,10.334704343
2019,2018,Novolin N,Insulin NPh Human Isophane,2,82908402.52,8248029.282,323780.0,71476.0,10.333736469
2020,2018,Novolin N,Insulin NPh Human Isophane,2,82897044.49,8247129.282,323844.0,71466.0,10.334452587
2021,2018,Novolin N,Insulin NPh Human Isophane,2,82897044.49,8247129.282,323844.0,71466.0,10.334452587
2022,2018,Novolin N,Insulin NPh Human Isophane,2,82897044.49,8247129.282,323844.0,71466.0,10.334452587
2019,2019,Novolin N,Insulin NPh Human Isophane,2,78272496.66,7762649.266,294823.0,66303.0,10.353146793
2020,2019,Novolin N,Insulin NPh Human Isophane,2,78259187.67,7761429.266,294864.0,66295.0,10.354198523
2021,2019,Novolin N,Insulin NPh Human Isophane,2,78259187.67,7761429.266,294864.0,66295.0,10.354198523
2022,2019,Novolin N,Insulin NPh Human Isophane,2,78259187.67,7761429.266,294864.0,66295.0,10.354198523
2023,2019,Novolin N,Insulin NPh Human Isophane,2,78259187.67,7761429.266,294864.0,66295.0,10.354198523
2020,2020,Novolin N,Insulin NPh Human Isophane,2,70350614.96,6872219.42,250774.0,57271.0,10.467291218
2021,2020,Novolin N,Insulin NPh Human Isophane,2,70350614.96,6872219.42,250774.0,57271.0,10.467291218
2022,2020,Novolin N,Insulin NPh Human Isophane,2,70350614.96,6872219.42,250774.0,57271.0,10.467291218
2023,2020,Novolin N,Insulin NPh Human Isophane,2,70350614.96,6872219.42,250774.0,57271.0,10.467291218
2024,2020,Novolin N,Insulin NPh Human Isophane,2,70350614.96,6872219.42,250774.0,57271.0,10.467291218
2021,2021,Novolin N,Insulin NPh Human Isophane,2,63435397.5,5893467.82,201376.0,47228.0,10.91918844
2022,2021,Novolin N,Insulin NPh Human Isophane,2,63435397.5,5893467.82,201376.0,47228.0,10.91918844
2023,2021,Novolin N,Insulin NPh Human Isophane,2,63435397.5,5893467.82,201376.0,47228.0,10.91918844
2024,2021,Novolin N,Insulin NPh Human Isophane,2,63435397.5,5893467.82,201376.0,47228.0,10.91918844
2022,2022,Novolin N,Insulin NPh Human Isophane,2,59244051.21,4542381.667,149487.0,37289.0,13.004276699
2023,2022,Novolin N,Insulin NPh Human Isophane,2,59244051.21,4542381.667,149487.0,37289.0,13.004276699
2024,2022,Novolin N,Insulin NPh Human Isophane,2,59244051.21,4542381.667,149487.0,37289.0,13.004276699
2023,2023,Novolin N,Insulin NPh Human Isophane,2,53437662.13,3985847.61,127575.0,31731.0,13.417773852
2024,2023,Novolin N,Insulin NPh Human Isophane,2,53437662.13,3985847.61,127575.0,31731.0,13.417773852
2024,2024,Novolin N,Insulin NPh Human Isophane,2,13990144.93,3151613.0,98923.0,25782.0,4.4367656281
2020,2016,Novolin N Flexpen,Insulin NPh Human Isophane,2,,,,,
2020,2017,Novolin N Flexpen,Insulin NPh Human Isophane,2,,,,,
2021,2017,Novolin N Flexpen,Insulin NPh Human Isophane,2,,,,,
2020,2018,Novolin N Flexpen,Insulin NPh Human Isophane,2,,,,,
2021,2018,Novolin N Flexpen,Insulin NPh Human Isophane,2,,,,,
2022,2018,Novolin N Flexpen,Insulin NPh Human Isophane,2,,,,,
2020,2019,Novolin N Flexpen,Insulin NPh Human Isophane,2,,,,,
2021,2019,Novolin N Flexpen,Insulin NPh Human Isophane,2,,,,,
2022,2019,Novolin N Flexpen,Insulin NPh Human Isophane,2,,,,,
2023,2019,Novolin N Flexpen,Insulin NPh Human Isophane,2,,,,,
2020,2020,Novolin N Flexpen,Insulin NPh Human Isophane,2,4124196.64,293650.0,14750.0,6353.0,14.239504126
2021,2020,Novolin N Flexpen,Insulin NPh Human Isophane,2,4124196.64,293650.0,14750.0,6353.0,14.239504126
2022,2020,Novolin N Flexpen,Insulin NPh Human Isophane,2,4124196.64,293650.0,14750.0,6353.0,14.239504126
2023,2020,Novolin N Flexpen,Insulin NPh Human Isophane,2,4124196.64,293650.0,14750.0,6353.0,14.239504126
2024,2020,Novolin N Flexpen,Insulin NPh Human Isophane,2,4124196.64,293650.0,14750.0,6353.0,14.239504126
2021,2021,Novolin N Flexpen,Insulin NPh Human Isophane,2,11970086.91,803594.0,38066.0,12400.0,15.026405284
2022,2021,Novolin N Flexpen,Insulin NPh Human Isophane,2,11970086.91,803594.0,38066.0,12400.0,15.026405284
2023,2021,Novolin N Flexpen,Insulin NPh Human Isophane,2,11970086.91,803594.0,38066.0,12400.0,15.026405284
2024,2021,Novolin N Flexpen,Insulin NPh Human Isophane,2,11970086.91,803594.0,38066.0,12400.0,15.026405284
2022,2022,Novolin N Flexpen,Insulin NPh Human Isophane,2,17833319.11,1048420.0,47709.0,15012.0,16.960151833
2023,2022,Novolin N Flexpen,Insulin NPh Human Isophane,2,17833319.11,1048420.0,47709.0,15012.0,16.960151833
2024,2022,Novolin N Flexpen,Insulin NPh Human Isophane,2,17833319.11,1048420.0,47709.0,15012.0,16.960151833
2023,2023,Novolin N Flexpen,Insulin NPh Human Isophane,2,21350139.11,1223819.5,55637.0,16998.0,17.439911081
2024,2023,Novolin N Flexpen,Insulin NPh Human Isophane,2,21350139.11,1223819.5,55637.0,16998.0,17.439911081
2024,2024,Novolin N Flexpen,Insulin NPh Human Isophane,2,7136972.64,1260889.0,57649.0,17677.0,5.6539107125
2016,2012,Novolin R,"Insulin Regular, Human",2,64615024.34,10048538.606,702086.0,174810.0,6.45836511
2016,2013,Novolin R,"Insulin Regular, Human",2,61218268.65,8124109.062,586649.0,140564.0,7.9221863046
2017,2013,Novolin R,"Insulin Regular, Human",2,61218268.65,8124109.062,586649.0,140563.0,7.9221863046
2016,2014,Novolin R,"Insulin Regular, Human",2,61975163.21,7437939.913,492120.0,117637.0,8.9078479344
2017,2014,Novolin R,"Insulin Regular, Human",2,61975163.21,7437939.913,492120.0,117637.0,8.9078479344
2018,2014,Novolin R,"Insulin Regular, Human",2,61975163.21,7437939.913,492120.0,117637.0,8.9078479344
2016,2015,Novolin R,"Insulin Regular, Human",2,64120666.58,6746136.41,429186.0,104355.0,10.432326604
2017,2015,Novolin R,"Insulin Regular, Human",2,64120666.58,6746136.41,429186.0,104356.0,10.432326604
2018,2015,Novolin R,"Insulin Regular, Human",2,64120666.58,6746136.41,429186.0,104356.0,10.432326604
2019,2015,Novolin R,"Insulin Regular, Human",2,64120666.58,6746136.41,428606.0,104356.0,10.430044367
2016,2016,Novolin R,"Insulin Regular, Human",2,62866830.71,5903946.14,364237.0,91881.0,11.688463629
2017,2016,Novolin R,"Insulin Regular, Human",2,62866830.71,5903946.14,364237.0,91881.0,11.688463629
2018,2016,Novolin R,"Insulin Regular, Human",2,62866830.71,5903946.14,364237.0,91881.0,11.688463629
2019,2016,Novolin R,"Insulin Regular, Human",2,62866830.71,5903946.14,363849.0,91881.0,11.686349217
2020,2016,Novolin R,"Insulin Regular, Human",2,62864232.87,5903756.14,364227.0,91875.0,11.688427079
2017,2017,Novolin R,"Insulin Regular, Human",2,68337905.08,6398765.5,363222.0,90692.0,11.769269727
2018,2017,Novolin R,"Insulin Regular, Human",2,68337905.08,6398765.5,363222.0,90692.0,11.769269727
2019,2017,Novolin R,"Insulin Regular, Human",2,68337905.08,6398765.5,362985.0,90692.0,11.767856904
2020,2017,Novolin R,"Insulin Regular, Human",2,68311303.46,6395995.5,363075.0,90606.0,11.76996253
2021,2017,Novolin R,"Insulin Regular, Human",2,68311303.46,6395995.5,363075.0,90606.0,11.76996253
2018,2018,Novolin R,"Insulin Regular, Human",2,64723913.44,5939949.493,325125.0,81977.0,11.854838603
2019,2018,Novolin R,"Insulin Regular, Human",2,64723913.44,5939949.493,324938.0,81977.0,11.853607764
2020,2018,Novolin R,"Insulin Regular, Human",2,64717258.78,5939269.493,325084.0,81963.0,11.854959652
2021,2018,Novolin R,"Insulin Regular, Human",2,64717258.78,5939269.493,325084.0,81963.0,11.854959652
2022,2018,Novolin R,"Insulin Regular, Human",2,64717258.78,5939269.493,325084.0,81963.0,11.854959652
2019,2019,Novolin R,"Insulin Regular, Human",2,60944124.68,5614997.15,293353.0,74797.0,11.822146235
2020,2019,Novolin R,"Insulin Regular, Human",2,60932889.47,5614167.15,293483.0,74788.0,11.82312482
2021,2019,Novolin R,"Insulin Regular, Human",2,60932889.47,5614167.15,293483.0,74788.0,11.82312482
2022,2019,Novolin R,"Insulin Regular, Human",2,60932889.47,5614167.15,293483.0,74788.0,11.82312482
2023,2019,Novolin R,"Insulin Regular, Human",2,60932889.47,5614167.15,293483.0,74788.0,11.82312482
2020,2020,Novolin R,"Insulin Regular, Human",2,54534740.64,5004338.445,245911.0,63907.0,11.857954958
2021,2020,Novolin R,"Insulin Regular, Human",2,54534740.64,5004338.445,245911.0,63907.0,11.857954958
2022,2020,Novolin R,"Insulin Regular, Human",2,54534740.64,5004338.445,245911.0,63907.0,11.857954958
2023,2020,Novolin R,"Insulin Regular, Human",2,54534740.64,5004338.445,245911.0,63907.0,11.857954958
2024,2020,Novolin R,"Insulin Regular, Human",2,54534740.64,5004338.445,245911.0,63907.0,11.857954958
2021,2021,Novolin R,"Insulin Regular, Human",2,48224401.85,4263992.806,198453.0,52281.0,12.156412593
2022,2021,Novolin R,"Insulin Regular, Human",2,48224401.85,4263992.806,198453.0,52281.0,12.156412593
2023,2021,Novolin R,"Insulin Regular, Human",2,48224401.85,4263992.806,198453.0,52281.0,12.156412593
2024,2021,Novolin R,"Insulin Regular, Human",2,48224401.85,4263992.806,198453.0,52281.0,12.156412593
2022,2022,Novolin R,"Insulin Regular, Human",2,42548489.95,3184392.257,149060.0,41216.0,13.572944166
2023,2022,Novolin R,"Insulin Regular, Human",2,42548489.95,3184392.257,149060.0,41216.0,13.572944166
2024,2022,Novolin R,"Insulin Regular, Human",2,42548489.95,3184392.257,149060.0,41216.0,13.572944166
2023,2023,Novolin R,"Insulin Regular, Human",2,37170815.46,2730921.925,122455.0,34189.0,13.796641148
2024,2023,Novolin R,"Insulin Regular, Human",2,37170815.46,2730921.925,122455.0,34189.0,13.796641148
2024,2024,Novolin R,"Insulin Regular, Human",2,10628011.83,2307424.673,106120.0,30617.0,4.6417163109
2020,2016,Novolin R Flexpen,"Insulin Regular, Human",2,,,,,
2020,2017,Novolin R Flexpen,"Insulin Regular, Human",2,,,,,
2021,2017,Novolin R Flexpen,"Insulin Regular, Human",2,,,,,
2020,2018,Novolin R Flexpen,"Insulin Regular, Human",2,,,,,
2021,2018,Novolin R Flexpen,"Insulin Regular, Human",2,,,,,
2022,2018,Novolin R Flexpen,"Insulin Regular, Human",2,,,,,
2020,2019,Novolin R Flexpen,"Insulin Regular, Human",2,,,,,
2021,2019,Novolin R Flexpen,"Insulin Regular, Human",2,,,,,
2022,2019,Novolin R Flexpen,"Insulin Regular, Human",2,,,,,
2023,2019,Novolin R Flexpen,"Insulin Regular, Human",2,,,,,
2020,2020,Novolin R Flexpen,"Insulin Regular, Human",2,2177688.94,158332.0,9008.0,4404.0,14.457703673
2021,2020,Novolin R Flexpen,"Insulin Regular, Human",2,2177688.94,158332.0,9008.0,4404.0,14.457703673
2022,2020,Novolin R Flexpen,"Insulin Regular, Human",2,2177688.94,158332.0,9008.0,4404.0,14.457703673
2023,2020,Novolin R Flexpen,"Insulin Regular, Human",2,2177688.94,158332.0,9008.0,4404.0,14.457703673
2024,2020,Novolin R Flexpen,"Insulin Regular, Human",2,2177688.94,158332.0,9008.0,4404.0,14.457703673
2021,2021,Novolin R Flexpen,"Insulin Regular, Human",2,8486096.13,528170.6,30418.0,10810.0,16.601303033
2022,2021,Novolin R Flexpen,"Insulin Regular, Human",2,8486096.13,528170.6,30418.0,10810.0,16.601303033
2023,2021,Novolin R Flexpen,"Insulin Regular, Human",2,8486096.13,528170.6,30418.0,10810.0,16.601303033
2024,2021,Novolin R Flexpen,"Insulin Regular, Human",2,8486096.13,528170.6,30418.0,10810.0,16.601303033
2022,2022,Novolin R Flexpen,"Insulin Regular, Human",2,13242474.48,744925.286,46119.0,15304.0,17.914220575
2023,2022,Novolin R Flexpen,"Insulin Regular, Human",2,13242474.48,744925.286,46119.0,15304.0,17.914220575
2024,2022,Novolin R Flexpen,"Insulin Regular, Human",2,13242474.48,744925.286,46119.0,15304.0,17.914220575
2023,2023,Novolin R Flexpen,"Insulin Regular, Human",2,17195349.5,948976.0,61212.0,18020.0,18.181445612
2024,2023,Novolin R Flexpen,"Insulin Regular, Human",2,17195349.5,948976.0,61212.0,18020.0,18.181445612
2024,2024,Novolin R Flexpen,"Insulin Regular, Human",2,6596923.53,1124662.0,67239.0,21908.0,5.8688794191
2016,2012,Novolog,Insulin Aspart,1,368664418.44,27983446.117,1629681.0,354586.0,13.167500955
2016,2013,Novolog,Insulin Aspart,1,438613355.83,28830705.029,1621075.0,356851.0,15.206601057
2017,2013,Novolog,Insulin Aspart,1,438613355.83,28830705.029,1621075.0,356851.0,15.206601057
2016,2014,Novolog,Insulin Aspart,1,514411128.38,27938122.873,1533861.0,336195.0,18.405714822
2017,2014,Novolog,Insulin Aspart,1,514411128.38,27938122.873,1533861.0,336195.0,18.405714822
2018,2014,Novolog,Insulin Aspart,1,514411128.38,27938122.873,1533861.0,336195.0,18.405714822
2016,2015,Novolog,Insulin Aspart,1,596621210.95,27117994.368,1447455.0,320181.0,21.994112713
2017,2015,Novolog,Insulin Aspart,1,596621210.95,27117994.368,1447455.0,320185.0,21.994112713
2018,2015,Novolog,Insulin Aspart,1,596621210.95,27117994.368,1447455.0,320185.0,21.994112713
2019,2015,Novolog,Insulin Aspart,1,596621210.95,27117994.368,1444878.0,320185.0,21.994158115
2016,2016,Novolog,Insulin Aspart,1,579747933.55,23176987.207,1230313.0,283933.0,25.008166924
2017,2016,Novolog,Insulin Aspart,1,579747933.55,23176987.207,1230313.0,283933.0,25.008166924
2018,2016,Novolog,Insulin Aspart,1,579747933.55,23176987.207,1230313.0,283933.0,25.008166924
2019,2016,Novolog,Insulin Aspart,1,579747933.55,23176987.207,1228455.0,283933.0,25.008193709
2020,2016,Novolog,Insulin Aspart,1,579687996.94,23174542.207,1230181.0,283888.0,25.008218318
2017,2017,Novolog,Insulin Aspart,1,702066515.78,25361305.511,1279985.0,285494.0,27.677803808
2018,2017,Novolog,Insulin Aspart,1,702066515.78,25361305.511,1279985.0,285494.0,27.677803808
2019,2017,Novolog,Insulin Aspart,1,702066515.78,25361305.511,1278790.0,285494.0,27.677829256
2020,2017,Novolog,Insulin Aspart,1,701629567.89,25345483.511,1279343.0,285146.0,27.677833838
2021,2017,Novolog,Insulin Aspart,2,695617825.44,25166464.511,1271339.0,282388.0,27.640665423
2018,2018,Novolog,Insulin Aspart,1,694913262.07,24316864.858,1189463.0,266202.0,28.572997309
2019,2018,Novolog,Insulin Aspart,1,694913262.07,24316864.858,1188438.0,266202.0,28.573034827
2020,2018,Novolog,Insulin Aspart,1,694808050.8,24313144.858,1189317.0,266162.0,28.573050539
2021,2018,Novolog,Insulin Aspart,2,688321933.46,24126631.858,1181034.0,263238.0,28.529549318
2022,2018,Novolog,Insulin Aspart,2,688321933.46,24126631.858,1181034.0,263238.0,28.529549318
2019,2019,Novolog,Insulin Aspart,1,665550156.31,22627927.17,1063688.0,239415.0,29.411470971
2020,2019,Novolog,Insulin Aspart,1,665460869.59,22624792.17,1064469.0,239384.0,29.411572462
2021,2019,Novolog,Insulin Aspart,2,658501235.58,22429284.17,1055498.0,236250.0,29.358994723
2022,2019,Novolog,Insulin Aspart,2,658501235.58,22429284.17,1055498.0,236250.0,29.358994723
2023,2019,Novolog,Insulin Aspart,2,658501235.58,22429284.17,1055498.0,236250.0,29.358994723
2020,2020,Novolog,Insulin Aspart,1,595182274.95,20168420.43,851731.0,202965.0,29.512292099
2021,2020,Novolog,Insulin Aspart,2,586977753.07,19940950.43,841908.0,199643.0,29.435796209
2022,2020,Novolog,Insulin Aspart,2,586977753.07,19940950.43,841908.0,199643.0,29.435796209
2023,2020,Novolog,Insulin Aspart,2,586977753.07,19940950.43,841908.0,199643.0,29.435796209
2024,2020,Novolog,Insulin Aspart,2,586977753.07,19940950.43,841908.0,199643.0,29.435796209
2021,2021,Novolog,Insulin Aspart,2,546397744.31,18432976.974,717268.0,174270.0,29.64532658
2022,2021,Novolog,Insulin Aspart,2,546397744.31,18432976.974,717268.0,174270.0,29.64532658
2023,2021,Novolog,Insulin Aspart,2,546397744.31,18432976.974,717268.0,174270.0,29.64532658
2024,2021,Novolog,Insulin Aspart,2,546397744.31,18432976.974,717268.0,174270.0,29.64532658
2022,2022,Novolog,Insulin Aspart,2,522823748.62,17435322.07,633852.0,155064.0,29.987474608
2023,2022,Novolog,Insulin Aspart,2,522823748.62,17435322.07,633852.0,155064.0,29.987474608
2024,2022,Novolog,Insulin Aspart,2,522823748.62,17435322.07,633852.0,155064.0,29.987474608
2023,2023,Novolog,Insulin Aspart,2,518394273.45,17194178.113,585589.0,148967.0,30.156339569
2024,2023,Novolog,Insulin Aspart,2,518394273.45,17194178.113,585589.0,148967.0,30.156339569
2024,2024,Novolog,Insulin Aspart,2,85508606.31,12249438.117,370385.0,111329.0,6.9800771618
2016,2012,Novolog Flexpen,Insulin Aspart,1,408455852.22,24508043.0,1209904.0,331272.0,16.666196163
2016,2013,Novolog Flexpen,Insulin Aspart,1,619666076.45,32310447.822,1579973.0,425399.0,19.178504732
2017,2013,Novolog Flexpen,Insulin Aspart,1,619666076.45,32310447.822,1579973.0,425402.0,19.178504732
2016,2014,Novolog Flexpen,Insulin Aspart,1,817956972.08,35163171.0,1725281.0,455093.0,23.261752249
2017,2014,Novolog Flexpen,Insulin Aspart,1,817956972.08,35163171.0,1725281.0,455094.0,23.261752249
2018,2014,Novolog Flexpen,Insulin Aspart,1,817956972.08,35163171.0,1725281.0,455094.0,23.261752249
2016,2015,Novolog Flexpen,Insulin Aspart,1,1089595668.0,39005842.115,1941529.0,500986.0,27.934165985
2017,2015,Novolog Flexpen,Insulin Aspart,1,1089595668.0,39005842.115,1941529.0,500994.0,27.934165985
2018,2015,Novolog Flexpen,Insulin Aspart,1,1089595668.0,39005842.115,1941529.0,500994.0,27.934165985
2019,2015,Novolog Flexpen,Insulin Aspart,1,1089595668.0,39005842.115,1939529.0,500994.0,27.934165985
2016,2016,Novolog Flexpen,Insulin Aspart,1,1163647228.5,36664820.98,1886285.0,486475.0,31.737431068
2017,2016,Novolog Flexpen,Insulin Aspart,1,1163647228.5,36664820.98,1886285.0,486476.0,31.737431068
2018,2016,Novolog Flexpen,Insulin Aspart,1,1163647228.5,36664820.98,1886285.0,486476.0,31.737431068
2019,2016,Novolog Flexpen,Insulin Aspart,1,1163647228.5,36664820.98,1884239.0,486476.0,31.737431068
2020,2016,Novolog Flexpen,Insulin Aspart,1,1163487097.3,36659783.98,1886039.0,486393.0,31.73742371
2017,2017,Novolog Flexpen,Insulin Aspart,1,1533124007.3,43519609.8,2187255.0,546717.0,35.228349112
2018,2017,Novolog Flexpen,Insulin Aspart,1,1533124007.3,43519609.8,2187255.0,546717.0,35.228349112
2019,2017,Novolog Flexpen,Insulin Aspart,1,1533124007.3,43519609.8,2185600.0,546717.0,35.228349112
2020,2017,Novolog Flexpen,Insulin Aspart,1,1532049707.0,43489117.8,2185868.0,545984.0,35.228346411
2021,2017,Novolog Flexpen,Insulin Aspart,2,1532049707.0,43489117.8,2185868.0,545984.0,35.228346411
2018,2018,Novolog Flexpen,Insulin Aspart,1,1712623585.1,47016576.2,2353586.0,583282.0,36.425952792
2019,2018,Novolog Flexpen,Insulin Aspart,1,1712623585.1,47016576.2,2351807.0,583282.0,36.425952792
2020,2018,Novolog Flexpen,Insulin Aspart,1,1712463099.3,47012151.2,2353367.0,583205.0,36.425967661
2021,2018,Novolog Flexpen,Insulin Aspart,2,1712463099.3,47012151.2,2353367.0,583205.0,36.425967661
2022,2018,Novolog Flexpen,Insulin Aspart,2,1712463099.3,47012151.2,2353367.0,583205.0,36.425967661
2019,2019,Novolog Flexpen,Insulin Aspart,1,1844090301.6,49163776.16,2451960.0,602128.0,37.509126548
2020,2019,Novolog Flexpen,Insulin Aspart,1,1843976249.2,49160590.16,2453993.0,602071.0,37.509237444
2021,2019,Novolog Flexpen,Insulin Aspart,2,1843976249.2,49160590.16,2453993.0,602071.0,37.509237444
2022,2019,Novolog Flexpen,Insulin Aspart,2,1843976249.2,49160590.16,2453993.0,602071.0,37.509237444
2023,2019,Novolog Flexpen,Insulin Aspart,2,1843976249.2,49160590.16,2453993.0,602071.0,37.509237444
2020,2020,Novolog Flexpen,Insulin Aspart,1,1844084367.7,48574801.72,2265569.0,585300.0,37.963806385
2021,2020,Novolog Flexpen,Insulin Aspart,2,1844084367.7,48574801.72,2265569.0,585300.0,37.963806385
2022,2020,Novolog Flexpen,Insulin Aspart,2,1844084367.7,48574801.72,2265569.0,585300.0,37.963806385
2023,2020,Novolog Flexpen,Insulin Aspart,2,1844084367.7,48574801.72,2265569.0,585300.0,37.963806385
2024,2020,Novolog Flexpen,Insulin Aspart,2,1844084367.7,48574801.72,2265569.0,585300.0,37.963806385
2021,2021,Novolog Flexpen,Insulin Aspart,2,1817675038.9,47457676.0,2114717.0,566994.0,38.291723012
2022,2021,Novolog Flexpen,Insulin Aspart,2,1817675038.9,47457676.0,2114717.0,566994.0,38.291723012
2023,2021,Novolog Flexpen,Insulin Aspart,2,1817675038.9,47457676.0,2114717.0,566994.0,38.291723012
2024,2021,Novolog Flexpen,Insulin Aspart,2,1817675038.9,47457676.0,2114717.0,566994.0,38.291723012
2022,2022,Novolog Flexpen,Insulin Aspart,2,1839750388.5,47683304.872,2088291.0,567315.0,38.560700945
2023,2022,Novolog Flexpen,Insulin Aspart,2,1839750388.5,47683304.872,2088291.0,567315.0,38.560700945
2024,2022,Novolog Flexpen,Insulin Aspart,2,1839750388.5,47683304.872,2088291.0,567315.0,38.560700945
2023,2023,Novolog Flexpen,Insulin Aspart,2,1875605626.8,48302818.2,2118734.0,588526.0,38.823120273
2024,2023,Novolog Flexpen,Insulin Aspart,2,1875605626.8,48302818.2,2118734.0,588526.0,38.823120273
2024,2024,Novolog Flexpen,Insulin Aspart,2,318913548.94,35821505.0,1483591.0,479549.0,8.896905341
2016,2012,Novolog Mix 70-30,Insulin Aspart Prot/Insuln Asp,1,145540126.88,11158531.52,459862.0,83159.0,13.042946253
2016,2013,Novolog Mix 70-30,Insulin Aspart Prot/Insuln Asp,1,161341010.33,10378561.899,418903.0,77762.0,15.545603707
2017,2013,Novolog Mix 70-30,Insulin Aspart Prot/Insuln Asp,1,161341010.33,10378561.899,418903.0,77762.0,15.545603707
2016,2014,Novolog Mix 70-30,Insulin Aspart Prot/Insuln Asp,1,171452315.32,9107812.3,364969.0,68309.0,18.824752825
2017,2014,Novolog Mix 70-30,Insulin Aspart Prot/Insuln Asp,1,171452315.32,9107812.3,364969.0,68309.0,18.824752825
2018,2014,Novolog Mix 70-30,Insulin Aspart Prot/Insuln Asp,1,171452315.32,9107812.3,364969.0,68309.0,18.824752825
2016,2015,Novolog Mix 70-30,Insulin Aspart Prot/Insuln Asp,1,177634944.93,7881635.0,311146.0,58843.0,22.537829388
2017,2015,Novolog Mix 70-30,Insulin Aspart Prot/Insuln Asp,1,177634944.93,7881635.0,311146.0,58842.0,22.537829388
2018,2015,Novolog Mix 70-30,Insulin Aspart Prot/Insuln Asp,1,177634944.93,7881635.0,311146.0,58842.0,22.537829388
2019,2015,Novolog Mix 70-30,Insulin Aspart Prot/Insuln Asp,1,177634944.93,7881635.0,310971.0,58842.0,22.537829388
2016,2016,Novolog Mix 70-30,Insulin Aspart Prot/Insuln Asp,1,152737804.61,5958954.4,233946.0,47253.0,25.631645144
2017,2016,Novolog Mix 70-30,Insulin Aspart Prot/Insuln Asp,1,152737804.61,5958954.4,233946.0,47253.0,25.631645144
2018,2016,Novolog Mix 70-30,Insulin Aspart Prot/Insuln Asp,1,152737804.61,5958954.4,233946.0,47253.0,25.631645144
2019,2016,Novolog Mix 70-30,Insulin Aspart Prot/Insuln Asp,1,152737804.61,5958954.4,233831.0,47253.0,25.631645144
2020,2016,Novolog Mix 70-30,Insulin Aspart Prot/Insuln Asp,1,152732239.82,5958734.4,233930.0,47246.0,25.631657592
2017,2017,Novolog Mix 70-30,Insulin Aspart Prot/Insuln Asp,1,167279020.2,5882954.8,220574.0,42341.0,28.434524127
2018,2017,Novolog Mix 70-30,Insulin Aspart Prot/Insuln Asp,1,167279020.2,5882954.8,220574.0,42341.0,28.434524127
2019,2017,Novolog Mix 70-30,Insulin Aspart Prot/Insuln Asp,1,167279020.2,5882954.8,220500.0,42341.0,28.434524127
2020,2017,Novolog Mix 70-30,Insulin Aspart Prot/Insuln Asp,1,167208159.7,5880464.8,220493.0,42294.0,28.434514173
2021,2017,Novolog Mix 70-30,Insulin Aspart Prot/Insuln Asp,2,167208159.7,5880464.8,220493.0,42294.0,28.434514173
2018,2018,Novolog Mix 70-30,Insulin Aspart Prot/Insuln Asp,1,150741064.91,5133749.428,187759.0,36427.0,29.362762446
2019,2018,Novolog Mix 70-30,Insulin Aspart Prot/Insuln Asp,1,150741064.91,5133749.428,187692.0,36427.0,29.362762446
2020,2018,Novolog Mix 70-30,Insulin Aspart Prot/Insuln Asp,1,150733269.63,5133489.428,187752.0,36425.0,29.36273109
2021,2018,Novolog Mix 70-30,Insulin Aspart Prot/Insuln Asp,2,150733269.63,5133489.428,187752.0,36425.0,29.36273109
2022,2018,Novolog Mix 70-30,Insulin Aspart Prot/Insuln Asp,2,150733269.63,5133489.428,187752.0,36425.0,29.36273109
2019,2019,Novolog Mix 70-30,Insulin Aspart Prot/Insuln Asp,1,133677598.11,4393293.0,153921.0,30410.0,30.427653724
2020,2019,Novolog Mix 70-30,Insulin Aspart Prot/Insuln Asp,1,133670582.96,4393063.0,153971.0,30406.0,30.427649902
2021,2019,Novolog Mix 70-30,Insulin Aspart Prot/Insuln Asp,2,133670582.96,4393063.0,153971.0,30406.0,30.427649902
2022,2019,Novolog Mix 70-30,Insulin Aspart Prot/Insuln Asp,2,133670582.96,4393063.0,153971.0,30406.0,30.427649902
2023,2019,Novolog Mix 70-30,Insulin Aspart Prot/Insuln Asp,2,133670582.96,4393063.0,153971.0,30406.0,30.427649902
2020,2020,Novolog Mix 70-30,Insulin Aspart Prot/Insuln Asp,1,112025124.49,3649022.0,120938.0,24734.0,30.700040858
2021,2020,Novolog Mix 70-30,Insulin Aspart Prot/Insuln Asp,2,112025124.49,3649022.0,120938.0,24734.0,30.700040858
2022,2020,Novolog Mix 70-30,Insulin Aspart Prot/Insuln Asp,2,112025124.49,3649022.0,120938.0,24734.0,30.700040858
2023,2020,Novolog Mix 70-30,Insulin Aspart Prot/Insuln Asp,2,112025124.49,3649022.0,120938.0,24734.0,30.700040858
2024,2020,Novolog Mix 70-30,Insulin Aspart Prot/Insuln Asp,2,112025124.49,3649022.0,120938.0,24734.0,30.700040858
2021,2021,Novolog Mix 70-30,Insulin Aspart Prot/Insuln Asp,2,91396259.9,2952987.0,92866.0,19803.0,30.936429271
2022,2021,Novolog Mix 70-30,Insulin Aspart Prot/Insuln Asp,2,91396259.9,2952987.0,92866.0,19803.0,30.936429271
2023,2021,Novolog Mix 70-30,Insulin Aspart Prot/Insuln Asp,2,91396259.9,2952987.0,92866.0,19803.0,30.936429271
2024,2021,Novolog Mix 70-30,Insulin Aspart Prot/Insuln Asp,2,91396259.9,2952987.0,92866.0,19803.0,30.936429271
2022,2022,Novolog Mix 70-30,Insulin Aspart Prot/Insuln Asp,2,77996677.82,2506533.0,76650.0,16658.0,31.048528989
2023,2022,Novolog Mix 70-30,Insulin Aspart Prot/Insuln Asp,2,77996677.82,2506533.0,76650.0,16658.0,31.048528989
2024,2022,Novolog Mix 70-30,Insulin Aspart Prot/Insuln Asp,2,77996677.82,2506533.0,76650.0,16658.0,31.048528989
2023,2023,Novolog Mix 70-30,Insulin Aspart Prot/Insuln Asp,2,66766545.68,2132635.0,63565.0,14231.0,31.287553773
2024,2023,Novolog Mix 70-30,Insulin Aspart Prot/Insuln Asp,2,66766545.68,2132635.0,63565.0,14231.0,31.287553773
2024,2024,Novolog Mix 70-30,Insulin Aspart Prot/Insuln Asp,2,11420216.07,1650861.0,49697.0,12616.0,6.9185316945
2016,2012,Novolog Mix 70-30 Flexpen,Insulin Aspart Prot/Insuln Asp,1,210381269.23,12671716.15,490049.0,100501.0,16.602429122
2016,2013,Novolog Mix 70-30 Flexpen,Insulin Aspart Prot/Insuln Asp,1,294072802.67,15414257.0,576910.0,118850.0,19.077974545
2017,2013,Novolog Mix 70-30 Flexpen,Insulin Aspart Prot/Insuln Asp,1,294072802.67,15414257.0,576910.0,118849.0,19.077974545
2016,2014,Novolog Mix 70-30 Flexpen,Insulin Aspart Prot/Insuln Asp,1,354953984.06,15341902.0,568568.0,115681.0,23.136243737
2017,2014,Novolog Mix 70-30 Flexpen,Insulin Aspart Prot/Insuln Asp,1,354953984.06,15341902.0,568568.0,115681.0,23.136243737
2018,2014,Novolog Mix 70-30 Flexpen,Insulin Aspart Prot/Insuln Asp,1,354953984.06,15341902.0,568568.0,115681.0,23.136243737
2016,2015,Novolog Mix 70-30 Flexpen,Insulin Aspart Prot/Insuln Asp,1,413880184.2,14907300.8,550915.0,111644.0,27.763589784
2017,2015,Novolog Mix 70-30 Flexpen,Insulin Aspart Prot/Insuln Asp,1,413880184.2,14907300.8,550915.0,111644.0,27.763589784
2018,2015,Novolog Mix 70-30 Flexpen,Insulin Aspart Prot/Insuln Asp,1,413880184.2,14907300.8,550915.0,111644.0,27.763589784
2019,2015,Novolog Mix 70-30 Flexpen,Insulin Aspart Prot/Insuln Asp,1,413880184.2,14907300.8,550712.0,111644.0,27.763589784
2016,2016,Novolog Mix 70-30 Flexpen,Insulin Aspart Prot/Insuln Asp,1,396687061.01,12585542.0,465200.0,97175.0,31.519267188
2017,2016,Novolog Mix 70-30 Flexpen,Insulin Aspart Prot/Insuln Asp,1,396687061.01,12585542.0,465200.0,97175.0,31.519267188
2018,2016,Novolog Mix 70-30 Flexpen,Insulin Aspart Prot/Insuln Asp,1,396687061.01,12585542.0,465200.0,97175.0,31.519267188
2019,2016,Novolog Mix 70-30 Flexpen,Insulin Aspart Prot/Insuln Asp,1,396687061.01,12585542.0,465073.0,97175.0,31.519267188
2020,2016,Novolog Mix 70-30 Flexpen,Insulin Aspart Prot/Insuln Asp,1,396637118.28,12583982.0,465130.0,97161.0,31.519205787
2017,2017,Novolog Mix 70-30 Flexpen,Insulin Aspart Prot/Insuln Asp,1,464228185.34,13245388.0,478292.0,96569.0,35.048288909
2018,2017,Novolog Mix 70-30 Flexpen,Insulin Aspart Prot/Insuln Asp,1,464228185.34,13245388.0,478292.0,96569.0,35.048288909
2019,2017,Novolog Mix 70-30 Flexpen,Insulin Aspart Prot/Insuln Asp,1,464228185.34,13245388.0,478183.0,96569.0,35.048288909
2020,2017,Novolog Mix 70-30 Flexpen,Insulin Aspart Prot/Insuln Asp,1,464012033.07,13239307.0,478052.0,96448.0,35.048060527
2021,2017,Novolog Mix 70-30 Flexpen,Insulin Aspart Prot/Insuln Asp,2,464012033.07,13239307.0,478052.0,96448.0,35.048060527
2018,2018,Novolog Mix 70-30 Flexpen,Insulin Aspart Prot/Insuln Asp,1,465998078.48,12858197.0,458533.0,92512.0,36.241323607
2019,2018,Novolog Mix 70-30 Flexpen,Insulin Aspart Prot/Insuln Asp,1,465998078.48,12858197.0,458414.0,92512.0,36.241323607
2020,2018,Novolog Mix 70-30 Flexpen,Insulin Aspart Prot/Insuln Asp,1,465940201.35,12856601.0,458457.0,92490.0,36.241320809
2021,2018,Novolog Mix 70-30 Flexpen,Insulin Aspart Prot/Insuln Asp,2,465940201.35,12856601.0,458457.0,92490.0,36.241320809
2022,2018,Novolog Mix 70-30 Flexpen,Insulin Aspart Prot/Insuln Asp,2,465940201.35,12856601.0,458457.0,92490.0,36.241320809
2019,2019,Novolog Mix 70-30 Flexpen,Insulin Aspart Prot/Insuln Asp,1,457463843.56,12207761.0,427046.0,86528.0,37.473197875
2020,2019,Novolog Mix 70-30 Flexpen,Insulin Aspart Prot/Insuln Asp,1,457454253.88,12207512.0,427135.0,86519.0,37.47317667
2021,2019,Novolog Mix 70-30 Flexpen,Insulin Aspart Prot/Insuln Asp,2,457454253.88,12207512.0,427135.0,86519.0,37.47317667
2022,2019,Novolog Mix 70-30 Flexpen,Insulin Aspart Prot/Insuln Asp,2,457454253.88,12207512.0,427135.0,86519.0,37.47317667
2023,2019,Novolog Mix 70-30 Flexpen,Insulin Aspart Prot/Insuln Asp,2,457454253.88,12207512.0,427135.0,86519.0,37.47317667
2020,2020,Novolog Mix 70-30 Flexpen,Insulin Aspart Prot/Insuln Asp,1,421364939.06,11139052.0,373649.0,78223.0,37.827719905
2021,2020,Novolog Mix 70-30 Flexpen,Insulin Aspart Prot/Insuln Asp,2,421364939.06,11139052.0,373649.0,78223.0,37.827719905
2022,2020,Novolog Mix 70-30 Flexpen,Insulin Aspart Prot/Insuln Asp,2,421364939.06,11139052.0,373649.0,78223.0,37.827719905
2023,2020,Novolog Mix 70-30 Flexpen,Insulin Aspart Prot/Insuln Asp,2,421364939.06,11139052.0,373649.0,78223.0,37.827719905
2024,2020,Novolog Mix 70-30 Flexpen,Insulin Aspart Prot/Insuln Asp,2,421364939.06,11139052.0,373649.0,78223.0,37.827719905
2021,2021,Novolog Mix 70-30 Flexpen,Insulin Aspart Prot/Insuln Asp,2,386853952.4,10153775.0,328688.0,71514.0,38.047138742
2022,2021,Novolog Mix 70-30 Flexpen,Insulin Aspart Prot/Insuln Asp,2,386853952.4,10153775.0,328688.0,71514.0,38.047138742
2023,2021,Novolog Mix 70-30 Flexpen,Insulin Aspart Prot/Insuln Asp,2,386853952.4,10153775.0,328688.0,71514.0,38.047138742
2024,2021,Novolog Mix 70-30 Flexpen,Insulin Aspart Prot/Insuln Asp,2,386853952.4,10153775.0,328688.0,71514.0,38.047138742
2022,2022,Novolog Mix 70-30 Flexpen,Insulin Aspart Prot/Insuln Asp,2,357828485.19,9316582.0,297367.0,65912.0,38.32103739
2023,2022,Novolog Mix 70-30 Flexpen,Insulin Aspart Prot/Insuln Asp,2,357828485.19,9316582.0,297367.0,65912.0,38.32103739
2024,2022,Novolog Mix 70-30 Flexpen,Insulin Aspart Prot/Insuln Asp,2,357828485.19,9316582.0,297367.0,65912.0,38.32103739
2023,2023,Novolog Mix 70-30 Flexpen,Insulin Aspart Prot/Insuln Asp,2,335124165.84,8644591.0,272276.0,62157.0,38.701690099
2024,2023,Novolog Mix 70-30 Flexpen,Insulin Aspart Prot/Insuln Asp,2,335124165.84,8644591.0,272276.0,62157.0,38.701690099
2024,2024,Novolog Mix 70-30 Flexpen,Insulin Aspart Prot/Insuln Asp,2,66851234.28,7578386.0,241710.0,58653.0,8.8133643965
2021,2017,Novolog Penfill,Insulin Aspart,1,6011742.45,179019.0,8004.0,3153.0,33.581588826
2021,2018,Novolog Penfill,Insulin Aspart,1,6486117.34,186513.0,8283.0,3275.0,34.775685019
2022,2018,Novolog Penfill,Insulin Aspart,1,6486117.34,186513.0,8283.0,3275.0,34.775685019
2021,2019,Novolog Penfill,Insulin Aspart,1,6959634.01,195508.0,8971.0,3569.0,35.597694263
2022,2019,Novolog Penfill,Insulin Aspart,1,6959634.01,195508.0,8971.0,3569.0,35.597694263
2023,2019,Novolog Penfill,Insulin Aspart,1,6959634.01,195508.0,8971.0,3569.0,35.597694263
2021,2020,Novolog Penfill,Insulin Aspart,1,8204521.88,227470.0,9823.0,3698.0,36.068588737
2022,2020,Novolog Penfill,Insulin Aspart,1,8204521.88,227470.0,9823.0,3698.0,36.068588737
2023,2020,Novolog Penfill,Insulin Aspart,1,8204521.88,227470.0,9823.0,3698.0,36.068588737
2024,2020,Novolog Penfill,Insulin Aspart,1,8204521.88,227470.0,9823.0,3698.0,36.068588737
2021,2021,Novolog Penfill,Insulin Aspart,1,9825961.38,267829.0,10969.0,4350.0,36.687443779
2022,2021,Novolog Penfill,Insulin Aspart,1,9825961.38,267829.0,10969.0,4350.0,36.687443779
2023,2021,Novolog Penfill,Insulin Aspart,1,9825961.38,267829.0,10969.0,4350.0,36.687443779
2024,2021,Novolog Penfill,Insulin Aspart,1,9825961.38,267829.0,10969.0,4350.0,36.687443779
2022,2022,Novolog Penfill,Insulin Aspart,1,11977767.28,321564.0,12342.0,4754.0,37.248470849
2023,2022,Novolog Penfill,Insulin Aspart,1,11977767.28,321564.0,12342.0,4754.0,37.248470849
2024,2022,Novolog Penfill,Insulin Aspart,1,11977767.28,321564.0,12342.0,4754.0,37.248470849
2023,2023,Novolog Penfill,Insulin Aspart,1,13098433.56,348165.0,12995.0,5070.0,37.621339193
2024,2023,Novolog Penfill,Insulin Aspart,1,13098433.56,348165.0,12995.0,5070.0,37.621339193
2024,2024,Novolog Penfill,Insulin Aspart,1,2231023.91,259350.0,9358.0,3863.0,8.6023671101
2023,2019,Rezvoglar Kwikpen,Insulin Glargine-Aglr,1,,,,,
2023,2020,Rezvoglar Kwikpen,Insulin Glargine-Aglr,1,,,,,
2024,2020,Rezvoglar Kwikpen,Insulin Glargine-Aglr,1,,,,,
2023,2021,Rezvoglar Kwikpen,Insulin Glargine-Aglr,1,,,,,
2024,2021,Rezvoglar Kwikpen,Insulin Glargine-Aglr,1,,,,,
2023,2022,Rezvoglar Kwikpen,Insulin Glargine-Aglr,1,,,,,
2024,2022,Rezvoglar Kwikpen,Insulin Glargine-Aglr,1,,,,,
2023,2023,Rezvoglar Kwikpen,Insulin Glargine-Aglr,1,66744.62,10664.0,838.0,421.0,6.2588728432
2024,2023,Rezvoglar Kwikpen,Insulin Glargine-Aglr,1,66744.62,10664.0,838.0,421.0,6.2588728432
2024,2024,Rezvoglar Kwikpen,Insulin Glargine-Aglr,1,585935.46,92939.0,6554.0,2344.0,6.3045165108
2020,2016,Semglee,"Insulin Glargine,Hum.Rec.Anlog",1,,,,,
2020,2017,Semglee,"Insulin Glargine,Hum.Rec.Anlog",1,,,,,
2021,2017,Semglee,"Insulin Glargine,Hum.Rec.Anlog",1,,,,,
2020,2018,Semglee,"Insulin Glargine,Hum.Rec.Anlog",1,,,,,
2021,2018,Semglee,"Insulin Glargine,Hum.Rec.Anlog",1,,,,,
2022,2018,Semglee,"Insulin Glargine,Hum.Rec.Anlog",1,,,,,
2020,2019,Semglee,"Insulin Glargine,Hum.Rec.Anlog",1,,,,,
2021,2019,Semglee,"Insulin Glargine,Hum.Rec.Anlog",1,,,,,
2022,2019,Semglee,"Insulin Glargine,Hum.Rec.Anlog",1,,,,,
2020,2020,Semglee,"Insulin Glargine,Hum.Rec.Anlog",1,98578.71,9305.285,774.0,485.0,10.593841027
2021,2020,Semglee,"Insulin Glargine,Hum.Rec.Anlog",1,98578.71,9305.285,774.0,485.0,10.593841027
2022,2020,Semglee,"Insulin Glargine,Hum.Rec.Anlog",1,98578.71,9305.285,774.0,485.0,10.593841027
2021,2021,Semglee,"Insulin Glargine,Hum.Rec.Anlog",1,1641663.39,156418.0,13283.0,5786.0,10.495361084
2022,2021,Semglee,"Insulin Glargine,Hum.Rec.Anlog",1,1641663.39,156418.0,13283.0,5786.0,10.495361084
2022,2022,Semglee,"Insulin Glargine,Hum.Rec.Anlog",1,156067.37,14971.0,1193.0,823.0,10.424645648
2021,2017,Semglee (Yfgn),Insulin Glargine-Yfgn,1,,,,,
2021,2018,Semglee (Yfgn),Insulin Glargine-Yfgn,1,,,,,
2022,2018,Semglee (Yfgn),Insulin Glargine-Yfgn,1,,,,,
2021,2019,Semglee (Yfgn),Insulin Glargine-Yfgn,1,,,,,
2022,2019,Semglee (Yfgn),Insulin Glargine-Yfgn,1,,,,,
2023,2019,Semglee (Yfgn),Insulin Glargine-Yfgn,1,,,,,
2021,2020,Semglee (Yfgn),Insulin Glargine-Yfgn,1,,,,,
2022,2020,Semglee (Yfgn),Insulin Glargine-Yfgn,1,,,,,
2023,2020,Semglee (Yfgn),Insulin Glargine-Yfgn,1,,,,,
2024,2020,Semglee (Yfgn),Insulin Glargine-Yfgn,2,,,,,
2021,2021,Semglee (Yfgn),Insulin Glargine-Yfgn,1,25387.4,890.0,74.0,69.0,28.525168539
2022,2021,Semglee (Yfgn),Insulin Glargine-Yfgn,1,25387.4,890.0,74.0,69.0,28.525168539
2023,2021,Semglee (Yfgn),Insulin Glargine-Yfgn,1,25387.4,890.0,74.0,69.0,28.525168539
2024,2021,Semglee (Yfgn),Insulin Glargine-Yfgn,2,25387.4,890.0,74.0,69.0,28.525168539
2022,2022,Semglee (Yfgn),Insulin Glargine-Yfgn,1,814042.33,29356.0,2279.0,1106.0,27.730015329
2023,2022,Semglee (Yfgn),Insulin Glargine-Yfgn,1,814042.33,29356.0,2279.0,1106.0,27.730015329
2024,2022,Semglee (Yfgn),Insulin Glargine-Yfgn,2,814042.33,29356.0,2279.0,1106.0,27.730015329
2023,2023,Semglee (Yfgn),Insulin Glargine-Yfgn,1,3992193.75,149589.0,8903.0,3311.0,26.687749433
2024,2023,Semglee (Yfgn),Insulin Glargine-Yfgn,2,3992193.75,149589.0,8903.0,3311.0,26.687749433
2024,2024,Semglee (Yfgn),Insulin Glargine-Yfgn,2,6730750.46,261363.0,14552.0,5264.0,25.752782752
2021,2017,Semglee (Yfgn) Pen,Insulin Glargine-Yfgn,1,,,,,
2021,2018,Semglee (Yfgn) Pen,Insulin Glargine-Yfgn,1,,,,,
2022,2018,Semglee (Yfgn) Pen,Insulin Glargine-Yfgn,1,,,,,
2021,2019,Semglee (Yfgn) Pen,Insulin Glargine-Yfgn,1,,,,,
2022,2019,Semglee (Yfgn) Pen,Insulin Glargine-Yfgn,1,,,,,
2023,2019,Semglee (Yfgn) Pen,Insulin Glargine-Yfgn,2,,,,,
2021,2020,Semglee (Yfgn) Pen,Insulin Glargine-Yfgn,1,,,,,
2022,2020,Semglee (Yfgn) Pen,Insulin Glargine-Yfgn,1,,,,,
2023,2020,Semglee (Yfgn) Pen,Insulin Glargine-Yfgn,2,,,,,
2024,2020,Semglee (Yfgn) Pen,Insulin Glargine-Yfgn,2,,,,,
2021,2021,Semglee (Yfgn) Pen,Insulin Glargine-Yfgn,1,98093.07,3462.0,414.0,379.0,28.334220104
2022,2021,Semglee (Yfgn) Pen,Insulin Glargine-Yfgn,1,98093.07,3462.0,414.0,379.0,28.334220104
2023,2021,Semglee (Yfgn) Pen,Insulin Glargine-Yfgn,2,98093.07,3462.0,414.0,379.0,28.334220104
2024,2021,Semglee (Yfgn) Pen,Insulin Glargine-Yfgn,2,98093.07,3462.0,414.0,379.0,28.334220104
2022,2022,Semglee (Yfgn) Pen,Insulin Glargine-Yfgn,1,4038681.79,148331.0,12332.0,5937.0,27.227496545
2023,2022,Semglee (Yfgn) Pen,Insulin Glargine-Yfgn,2,4038681.79,148331.0,12332.0,5937.0,27.227496545
2024,2022,Semglee (Yfgn) Pen,Insulin Glargine-Yfgn,2,4038681.79,148331.0,12332.0,5937.0,27.227496545
2023,2023,Semglee (Yfgn) Pen,Insulin Glargine-Yfgn,2,27019466.59,1017448.0,65163.0,23219.0,26.556095373
2024,2023,Semglee (Yfgn) Pen,Insulin Glargine-Yfgn,2,27019466.59,1017448.0,65163.0,23219.0,26.556095373
2024,2024,Semglee (Yfgn) Pen,Insulin Glargine-Yfgn,2,58559541.62,2308924.0,134230.0,51446.0,25.360644791
2020,2016,Semglee Pen,"Insulin Glargine,Hum.Rec.Anlog",1,,,,,
2020,2017,Semglee Pen,"Insulin Glargine,Hum.Rec.Anlog",1,,,,,
2021,2017,Semglee Pen,"Insulin Glargine,Hum.Rec.Anlog",1,,,,,
2020,2018,Semglee Pen,"Insulin Glargine,Hum.Rec.Anlog",1,,,,,
2021,2018,Semglee Pen,"Insulin Glargine,Hum.Rec.Anlog",1,,,,,
2022,2018,Semglee Pen,"Insulin Glargine,Hum.Rec.Anlog",1,,,,,
2020,2019,Semglee Pen,"Insulin Glargine,Hum.Rec.Anlog",1,,,,,
2021,2019,Semglee Pen,"Insulin Glargine,Hum.Rec.Anlog",1,,,,,
2022,2019,Semglee Pen,"Insulin Glargine,Hum.Rec.Anlog",1,,,,,
2020,2020,Semglee Pen,"Insulin Glargine,Hum.Rec.Anlog",1,180624.9,17099.0,1600.0,973.0,10.563477396
2021,2020,Semglee Pen,"Insulin Glargine,Hum.Rec.Anlog",1,180624.9,17099.0,1600.0,973.0,10.563477396
2022,2020,Semglee Pen,"Insulin Glargine,Hum.Rec.Anlog",1,180624.9,17099.0,1600.0,973.0,10.563477396
2021,2021,Semglee Pen,"Insulin Glargine,Hum.Rec.Anlog",1,4896937.77,462860.3,53197.0,20007.0,10.57973166
2022,2021,Semglee Pen,"Insulin Glargine,Hum.Rec.Anlog",1,4896937.77,462860.3,53197.0,20007.0,10.57973166
2022,2022,Semglee Pen,"Insulin Glargine,Hum.Rec.Anlog",1,199742.04,19255.0,1836.0,1289.0,10.373515451
2018,2014,Soliqua 100-33,Insulin Glargine/Lixisenatide,1,,,,,
2018,2015,Soliqua 100-33,Insulin Glargine/Lixisenatide,1,,,,,
2019,2015,Soliqua 100-33,Insulin Glargine/Lixisenatide,1,,,,,
2018,2016,Soliqua 100-33,Insulin Glargine/Lixisenatide,1,,,,,
2019,2016,Soliqua 100-33,Insulin Glargine/Lixisenatide,1,,,,,
2020,2016,Soliqua 100-33,Insulin Glargine/Lixisenatide,1,,,,,
2018,2017,Soliqua 100-33,Insulin Glargine/Lixisenatide,1,6207749.95,148471.0,8640.0,3502.0,41.811195116
2019,2017,Soliqua 100-33,Insulin Glargine/Lixisenatide,1,6207749.95,148471.0,8638.0,3502.0,41.811195116
2020,2017,Soliqua 100-33,Insulin Glargine/Lixisenatide,1,6189643.21,148018.0,8625.0,3494.0,41.816827751
2021,2017,Soliqua 100-33,Insulin Glargine/Lixisenatide,1,6189643.21,148018.0,8625.0,3494.0,41.816827751
2018,2018,Soliqua 100-33,Insulin Glargine/Lixisenatide,1,33848073.86,743721.0,43814.0,13040.0,45.511789851
2019,2018,Soliqua 100-33,Insulin Glargine/Lixisenatide,1,33848073.86,743721.0,43805.0,13040.0,45.511789851
2020,2018,Soliqua 100-33,Insulin Glargine/Lixisenatide,1,33848073.86,743721.0,43814.0,13040.0,45.511789851
2021,2018,Soliqua 100-33,Insulin Glargine/Lixisenatide,1,33848073.86,743721.0,43814.0,13040.0,45.511789851
2022,2018,Soliqua 100-33,Insulin Glargine/Lixisenatide,1,33848073.86,743721.0,43814.0,13040.0,45.511789851
2019,2019,Soliqua 100-33,Insulin Glargine/Lixisenatide,1,80366651.55,1676735.5,98952.0,23492.0,47.93042883
2020,2019,Soliqua 100-33,Insulin Glargine/Lixisenatide,1,80359312.35,1676585.5,98959.0,23491.0,47.93033958
2021,2019,Soliqua 100-33,Insulin Glargine/Lixisenatide,1,80359312.35,1676585.5,98959.0,23491.0,47.93033958
2022,2019,Soliqua 100-33,Insulin Glargine/Lixisenatide,1,80359312.35,1676585.5,98959.0,23491.0,47.93033958
2023,2019,Soliqua 100-33,Insulin Glargine/Lixisenatide,1,80359312.35,1676585.5,98959.0,23491.0,47.93033958
2020,2020,Soliqua 100-33,Insulin Glargine/Lixisenatide,1,121393843.4,2428192.0,137178.0,29255.0,49.993510974
2021,2020,Soliqua 100-33,Insulin Glargine/Lixisenatide,1,121393843.4,2428192.0,137178.0,29255.0,49.993510974
2022,2020,Soliqua 100-33,Insulin Glargine/Lixisenatide,1,121393843.4,2428192.0,137178.0,29255.0,49.993510974
2023,2020,Soliqua 100-33,Insulin Glargine/Lixisenatide,1,121393843.4,2428192.0,137178.0,29255.0,49.993510974
2024,2020,Soliqua 100-33,Insulin Glargine/Lixisenatide,1,121393843.4,2428192.0,137178.0,29255.0,49.993510974
2021,2021,Soliqua 100-33,Insulin Glargine/Lixisenatide,1,165620858.43,3103636.0,163594.0,36421.0,53.363493151
2022,2021,Soliqua 100-33,Insulin Glargine/Lixisenatide,1,165620858.43,3103636.0,163594.0,36421.0,53.363493151
2023,2021,Soliqua 100-33,Insulin Glargine/Lixisenatide,1,165620858.43,3103636.0,163594.0,36421.0,53.363493151
2024,2021,Soliqua 100-33,Insulin Glargine/Lixisenatide,1,165620858.43,3103636.0,163594.0,36421.0,53.363493151
2022,2022,Soliqua 100-33,Insulin Glargine/Lixisenatide,1,215943202.38,3821431.0,198066.0,44696.0,56.508465645
2023,2022,Soliqua 100-33,Insulin Glargine/Lixisenatide,1,215943202.38,3821431.0,198066.0,44696.0,56.508465645
2024,2022,Soliqua 100-33,Insulin Glargine/Lixisenatide,1,215943202.38,3821431.0,198066.0,44696.0,56.508465645
2023,2023,Soliqua 100-33,Insulin Glargine/Lixisenatide,1,302998642.22,5067178.3,263822.0,59571.0,59.796325347
2024,2023,Soliqua 100-33,Insulin Glargine/Lixisenatide,1,302998642.22,5067178.3,263822.0,59571.0,59.796325347
2024,2024,Soliqua 100-33,Insulin Glargine/Lixisenatide,1,300185496.2,5359358.0,273407.0,59472.0,56.01146559
2018,2014,Toujeo Max Solostar,"Insulin Glargine,Hum.Rec.Anlog",1,,,,,
2018,2015,Toujeo Max Solostar,"Insulin Glargine,Hum.Rec.Anlog",1,,,,,
2019,2015,Toujeo Max Solostar,"Insulin Glargine,Hum.Rec.Anlog",1,,,,,
2018,2016,Toujeo Max Solostar,"Insulin Glargine,Hum.Rec.Anlog",1,,,,,
2019,2016,Toujeo Max Solostar,"Insulin Glargine,Hum.Rec.Anlog",1,,,,,
2020,2016,Toujeo Max Solostar,"Insulin Glargine,Hum.Rec.Anlog",1,,,,,
2018,2017,Toujeo Max Solostar,"Insulin Glargine,Hum.Rec.Anlog",1,,,,,
2019,2017,Toujeo Max Solostar,"Insulin Glargine,Hum.Rec.Anlog",1,,,,,
2020,2017,Toujeo Max Solostar,"Insulin Glargine,Hum.Rec.Anlog",1,,,,,
2021,2017,Toujeo Max Solostar,"Insulin Glargine,Hum.Rec.Anlog",1,,,,,
2018,2018,Toujeo Max Solostar,"Insulin Glargine,Hum.Rec.Anlog",1,18059363.24,218858.0,16813.0,8613.0,82.516349597
2019,2018,Toujeo Max Solostar,"Insulin Glargine,Hum.Rec.Anlog",1,18059363.24,218858.0,16812.0,8613.0,82.516349597
2020,2018,Toujeo Max Solostar,"Insulin Glargine,Hum.Rec.Anlog",1,18059363.24,218858.0,16813.0,8613.0,82.516349597
2021,2018,Toujeo Max Solostar,"Insulin Glargine,Hum.Rec.Anlog",1,18059363.24,218858.0,16813.0,8613.0,82.516349597
2022,2018,Toujeo Max Solostar,"Insulin Glargine,Hum.Rec.Anlog",1,18059363.24,218858.0,16813.0,8613.0,82.516349597
2019,2019,Toujeo Max Solostar,"Insulin Glargine,Hum.Rec.Anlog",1,121948625.52,1419918.0,108519.0,32006.0,85.884273261
2020,2019,Toujeo Max Solostar,"Insulin Glargine,Hum.Rec.Anlog",1,121937399.69,1419786.0,108534.0,32002.0,85.884351367
2021,2019,Toujeo Max Solostar,"Insulin Glargine,Hum.Rec.Anlog",1,121937399.69,1419786.0,108534.0,32002.0,85.884351367
2022,2019,Toujeo Max Solostar,"Insulin Glargine,Hum.Rec.Anlog",1,121937399.69,1419786.0,108534.0,32002.0,85.884351367
2023,2019,Toujeo Max Solostar,"Insulin Glargine,Hum.Rec.Anlog",1,121937399.69,1419786.0,108534.0,32002.0,85.884351367
2020,2020,Toujeo Max Solostar,"Insulin Glargine,Hum.Rec.Anlog",1,205860574.87,2390430.5,184092.0,46846.0,86.118619583
2021,2020,Toujeo Max Solostar,"Insulin Glargine,Hum.Rec.Anlog",1,205860574.87,2390430.5,184092.0,46846.0,86.118619583
2022,2020,Toujeo Max Solostar,"Insulin Glargine,Hum.Rec.Anlog",1,205860574.87,2390430.5,184092.0,46846.0,86.118619583
2023,2020,Toujeo Max Solostar,"Insulin Glargine,Hum.Rec.Anlog",1,205860574.87,2390430.5,184092.0,46846.0,86.118619583
2024,2020,Toujeo Max Solostar,"Insulin Glargine,Hum.Rec.Anlog",1,205860574.87,2390430.5,184092.0,46846.0,86.118619583
2021,2021,Toujeo Max Solostar,"Insulin Glargine,Hum.Rec.Anlog",1,285075587.27,3250255.0,244852.0,63363.0,87.708683556
2022,2021,Toujeo Max Solostar,"Insulin Glargine,Hum.Rec.Anlog",1,285075587.27,3250255.0,244852.0,63363.0,87.708683556
2023,2021,Toujeo Max Solostar,"Insulin Glargine,Hum.Rec.Anlog",1,285075587.27,3250255.0,244852.0,63363.0,87.708683556
2024,2021,Toujeo Max Solostar,"Insulin Glargine,Hum.Rec.Anlog",1,285075587.27,3250255.0,244852.0,63363.0,87.708683556
2022,2022,Toujeo Max Solostar,"Insulin Glargine,Hum.Rec.Anlog",1,356666503.77,4006997.5,307002.0,79382.0,89.010912477
2023,2022,Toujeo Max Solostar,"Insulin Glargine,Hum.Rec.Anlog",1,356666503.77,4006997.5,307002.0,79382.0,89.010912477
2024,2022,Toujeo Max Solostar,"Insulin Glargine,Hum.Rec.Anlog",1,356666503.77,4006997.5,307002.0,79382.0,89.010912477
2023,2023,Toujeo Max Solostar,"Insulin Glargine,Hum.Rec.Anlog",1,488777502.04,5196220.181,407926.0,106268.0,94.064047522
2024,2023,Toujeo Max Solostar,"Insulin Glargine,Hum.Rec.Anlog",1,488777502.04,5196220.181,407926.0,106268.0,94.064047522
2024,2024,Toujeo Max Solostar,"Insulin Glargine,Hum.Rec.Anlog",1,561185695.39,6319322.0,514108.0,134394.0,88.804731804
2016,2012,Toujeo Solostar,"Insulin Glargine,Hum.Rec.Anlog",1,,,,,
2016,2013,Toujeo Solostar,"Insulin Glargine,Hum.Rec.Anlog",1,,,,,
2017,2013,Toujeo Solostar,"Insulin Glargine,Hum.Rec.Anlog",1,,,,,
2016,2014,Toujeo Solostar,"Insulin Glargine,Hum.Rec.Anlog",1,,,,,
2017,2014,Toujeo Solostar,"Insulin Glargine,Hum.Rec.Anlog",1,,,,,
2018,2014,Toujeo Solostar,"Insulin Glargine,Hum.Rec.Anlog",1,,,,,
2016,2015,Toujeo Solostar,"Insulin Glargine,Hum.Rec.Anlog",1,56896733.58,766769.55,99137.0,43003.0,74.203173013
2017,2015,Toujeo Solostar,"Insulin Glargine,Hum.Rec.Anlog",1,56896733.58,766769.55,99137.0,43006.0,74.203173013
2018,2015,Toujeo Solostar,"Insulin Glargine,Hum.Rec.Anlog",1,56896733.58,766769.55,99137.0,43006.0,74.203173013
2019,2015,Toujeo Solostar,"Insulin Glargine,Hum.Rec.Anlog",1,56896733.58,766769.55,99103.0,43006.0,74.203173013
2016,2016,Toujeo Solostar,"Insulin Glargine,Hum.Rec.Anlog",1,345324334.05,4670428.564,621495.0,148357.0,73.938468241
2017,2016,Toujeo Solostar,"Insulin Glargine,Hum.Rec.Anlog",1,345324334.05,4670428.564,621495.0,148357.0,73.938468241
2018,2016,Toujeo Solostar,"Insulin Glargine,Hum.Rec.Anlog",1,345324334.05,4670428.564,621495.0,148357.0,73.938468241
2019,2016,Toujeo Solostar,"Insulin Glargine,Hum.Rec.Anlog",1,345324334.05,4670428.564,621319.0,148357.0,73.938468241
2020,2016,Toujeo Solostar,"Insulin Glargine,Hum.Rec.Anlog",1,345296632.14,4670059.564,621443.0,148337.0,73.938378603
2017,2017,Toujeo Solostar,"Insulin Glargine,Hum.Rec.Anlog",1,541954643.41,7209778.23,934611.0,190489.0,75.16939164
2018,2017,Toujeo Solostar,"Insulin Glargine,Hum.Rec.Anlog",1,541959242.77,7209836.73,934623.0,190491.0,75.169419651
2019,2017,Toujeo Solostar,"Insulin Glargine,Hum.Rec.Anlog",1,541959242.77,7209836.73,934395.0,190491.0,75.169419651
2020,2017,Toujeo Solostar,"Insulin Glargine,Hum.Rec.Anlog",1,541561800.94,7204685.03,933969.0,190173.0,75.168005081
2021,2017,Toujeo Solostar,"Insulin Glargine,Hum.Rec.Anlog",1,541561800.94,7204685.03,933969.0,190173.0,75.168005081
2018,2018,Toujeo Solostar,"Insulin Glargine,Hum.Rec.Anlog",1,596026240.76,7252612.75,913242.0,196640.0,82.180899671
2019,2018,Toujeo Solostar,"Insulin Glargine,Hum.Rec.Anlog",1,596026240.76,7252612.75,912993.0,196640.0,82.180899671
2020,2018,Toujeo Solostar,"Insulin Glargine,Hum.Rec.Anlog",1,595945578.92,7251603.25,913145.0,196613.0,82.181216812
2021,2018,Toujeo Solostar,"Insulin Glargine,Hum.Rec.Anlog",1,595945578.92,7251603.25,913145.0,196613.0,82.181216812
2022,2018,Toujeo Solostar,"Insulin Glargine,Hum.Rec.Anlog",1,595945578.92,7251603.25,913145.0,196613.0,82.181216812
2019,2019,Toujeo Solostar,"Insulin Glargine,Hum.Rec.Anlog",1,600935986.06,6920529.95,848728.0,179723.0,86.833810474
2020,2019,Toujeo Solostar,"Insulin Glargine,Hum.Rec.Anlog",1,600891193.95,6920010.95,848909.0,179699.0,86.833850162
2021,2019,Toujeo Solostar,"Insulin Glargine,Hum.Rec.Anlog",1,600891193.95,6920010.95,848909.0,179699.0,86.833850162
2022,2019,Toujeo Solostar,"Insulin Glargine,Hum.Rec.Anlog",1,600891193.95,6920010.95,848909.0,179699.0,86.833850162
2023,2019,Toujeo Solostar,"Insulin Glargine,Hum.Rec.Anlog",1,600891193.95,6920010.95,848909.0,179699.0,86.833850162
2020,2020,Toujeo Solostar,"Insulin Glargine,Hum.Rec.Anlog",1,569974166.18,6557224.548,791680.0,167354.0,86.923081863
2021,2020,Toujeo Solostar,"Insulin Glargine,Hum.Rec.Anlog",1,569974166.18,6557224.548,791680.0,167354.0,86.923081863
2022,2020,Toujeo Solostar,"Insulin Glargine,Hum.Rec.Anlog",1,569974166.18,6557224.548,791680.0,167354.0,86.923081863
2023,2020,Toujeo Solostar,"Insulin Glargine,Hum.Rec.Anlog",1,569974166.18,6557224.548,791680.0,167354.0,86.923081863
2024,2020,Toujeo Solostar,"Insulin Glargine,Hum.Rec.Anlog",1,569974166.18,6557224.548,791680.0,167354.0,86.923081863
2021,2021,Toujeo Solostar,"Insulin Glargine,Hum.Rec.Anlog",1,540910610.1,6132071.0,714073.0,158006.0,88.21010228
2022,2021,Toujeo Solostar,"Insulin Glargine,Hum.Rec.Anlog",1,540910610.1,6132071.0,714073.0,158006.0,88.21010228
2023,2021,Toujeo Solostar,"Insulin Glargine,Hum.Rec.Anlog",1,540910610.1,6132071.0,714073.0,158006.0,88.21010228
2024,2021,Toujeo Solostar,"Insulin Glargine,Hum.Rec.Anlog",1,540910610.1,6132071.0,714073.0,158006.0,88.21010228
2022,2022,Toujeo Solostar,"Insulin Glargine,Hum.Rec.Anlog",1,505159441.01,5651563.951,654873.0,151131.0,89.384008637
2023,2022,Toujeo Solostar,"Insulin Glargine,Hum.Rec.Anlog",1,505159441.01,5651563.951,654873.0,151131.0,89.384008637
2024,2022,Toujeo Solostar,"Insulin Glargine,Hum.Rec.Anlog",1,505159441.01,5651563.951,654873.0,151131.0,89.384008637
2023,2023,Toujeo Solostar,"Insulin Glargine,Hum.Rec.Anlog",1,541871907.75,5754670.45,676925.0,163635.0,94.162109274
2024,2023,Toujeo Solostar,"Insulin Glargine,Hum.Rec.Anlog",1,541871907.75,5754670.45,676925.0,163635.0,94.162109274
2024,2024,Toujeo Solostar,"Insulin Glargine,Hum.Rec.Anlog",1,549974618.58,6187378.25,762959.0,189494.0,88.886535841
2019,2015,Tresiba,Insulin Degludec,1,,,,,
2019,2016,Tresiba,Insulin Degludec,1,,,,,
2020,2016,Tresiba,Insulin Degludec,1,,,,,
2019,2017,Tresiba,Insulin Degludec,1,,,,,
2020,2017,Tresiba,Insulin Degludec,1,,,,,
2021,2017,Tresiba,Insulin Degludec,1,,,,,
2019,2018,Tresiba,Insulin Degludec,1,,,,,
2020,2018,Tresiba,Insulin Degludec,1,,,,,
2021,2018,Tresiba,Insulin Degludec,1,,,,,
2022,2018,Tresiba,Insulin Degludec,1,,,,,
2019,2019,Tresiba,Insulin Degludec,1,6234812.66,179261.0,8460.0,3547.0,34.780641969
2020,2019,Tresiba,Insulin Degludec,1,6233743.46,179231.0,8460.0,3546.0,34.780498128
2021,2019,Tresiba,Insulin Degludec,1,6233743.46,179231.0,8460.0,3546.0,34.780498128
2022,2019,Tresiba,Insulin Degludec,1,6233743.46,179231.0,8460.0,3546.0,34.780498128
2023,2019,Tresiba,Insulin Degludec,1,6233743.46,179231.0,8460.0,3546.0,34.780498128
2020,2020,Tresiba,Insulin Degludec,1,17045867.93,489746.5,22926.0,6731.0,34.805492086
2021,2020,Tresiba,Insulin Degludec,1,17045867.93,489746.5,22926.0,6731.0,34.805492086
2022,2020,Tresiba,Insulin Degludec,1,17045867.93,489746.5,22926.0,6731.0,34.805492086
2023,2020,Tresiba,Insulin Degludec,1,17045867.93,489746.5,22926.0,6731.0,34.805492086
2024,2020,Tresiba,Insulin Degludec,1,17045867.93,489746.5,22926.0,6731.0,34.805492086
2021,2021,Tresiba,Insulin Degludec,1,22585101.75,639689.0,29416.0,8757.0,35.306378178
2022,2021,Tresiba,Insulin Degludec,1,22585101.75,639689.0,29416.0,8757.0,35.306378178
2023,2021,Tresiba,Insulin Degludec,1,22585101.75,639689.0,29416.0,8757.0,35.306378178
2024,2021,Tresiba,Insulin Degludec,1,22585101.75,639689.0,29416.0,8757.0,35.306378178
2022,2022,Tresiba,Insulin Degludec,1,25802904.34,720940.0,33541.0,9604.0,35.790640469
2023,2022,Tresiba,Insulin Degludec,1,25802904.34,720940.0,33541.0,9604.0,35.790640469
2024,2022,Tresiba,Insulin Degludec,1,25802904.34,720940.0,33541.0,9604.0,35.790640469
2023,2023,Tresiba,Insulin Degludec,1,27706471.09,768102.9,35961.0,10460.0,36.071301241
2024,2023,Tresiba,Insulin Degludec,1,27706471.09,768102.9,35961.0,10460.0,36.071301241
2024,2024,Tresiba,Insulin Degludec,1,33499311.33,1041305.0,51551.0,15624.0,32.170508477
2016,2012,Tresiba Flextouch U-100,Insulin Degludec,1,,,,,
2016,2013,Tresiba Flextouch U-100,Insulin Degludec,1,,,,,
2017,2013,Tresiba Flextouch U-100,Insulin Degludec,1,,,,,
2016,2014,Tresiba Flextouch U-100,Insulin Degludec,1,,,,,
2017,2014,Tresiba Flextouch U-100,Insulin Degludec,1,,,,,
2018,2014,Tresiba Flextouch U-100,Insulin Degludec,1,,,,,
2016,2015,Tresiba Flextouch U-100,Insulin Degludec,1,48103.83,1680.0,76.0,73.0,28.633232143
2017,2015,Tresiba Flextouch U-100,Insulin Degludec,1,48103.83,1680.0,76.0,73.0,28.633232143
2018,2015,Tresiba Flextouch U-100,Insulin Degludec,1,48103.83,1680.0,76.0,73.0,28.633232143
2019,2015,Tresiba Flextouch U-100,Insulin Degludec,1,48103.83,1680.0,76.0,73.0,28.633232143
2016,2016,Tresiba Flextouch U-100,Insulin Degludec,1,28122846.67,951188.5,56321.0,21609.0,29.566007863
2017,2016,Tresiba Flextouch U-100,Insulin Degludec,1,28122846.67,951188.5,56321.0,21609.0,29.566007863
2018,2016,Tresiba Flextouch U-100,Insulin Degludec,1,28122846.67,951188.5,56321.0,21609.0,29.566007863
2019,2016,Tresiba Flextouch U-100,Insulin Degludec,1,28122846.67,951188.5,56306.0,21609.0,29.566007863
2020,2016,Tresiba Flextouch U-100,Insulin Degludec,1,28121855.93,951155.5,56318.0,21606.0,29.565992028
2017,2017,Tresiba Flextouch U-100,Insulin Degludec,1,111402786.84,3739037.001,217749.0,63235.0,29.794513082
2018,2017,Tresiba Flextouch U-100,Insulin Degludec,1,111402786.84,3739037.001,217749.0,63235.0,29.794513082
2019,2017,Tresiba Flextouch U-100,Insulin Degludec,1,111402786.84,3739037.001,217699.0,63235.0,29.794513082
2020,2017,Tresiba Flextouch U-100,Insulin Degludec,1,111287879.86,3735158.001,217533.0,63110.0,29.794691371
2021,2017,Tresiba Flextouch U-100,Insulin Degludec,1,111287879.86,3735158.001,217533.0,63110.0,29.794691371
2018,2018,Tresiba Flextouch U-100,Insulin Degludec,1,304449262.41,9564673.25,543339.0,137234.0,31.830597288
2019,2018,Tresiba Flextouch U-100,Insulin Degludec,1,304449262.41,9564673.25,543235.0,137234.0,31.830597288
2020,2018,Tresiba Flextouch U-100,Insulin Degludec,1,304427745.08,9564001.25,543302.0,137216.0,31.830583991
2021,2018,Tresiba Flextouch U-100,Insulin Degludec,1,304427745.08,9564001.25,543302.0,137216.0,31.830583991
2022,2018,Tresiba Flextouch U-100,Insulin Degludec,1,304427745.08,9564001.25,543302.0,137216.0,31.830583991
2019,2019,Tresiba Flextouch U-100,Insulin Degludec,1,472250012.97,13764736.6,791219.0,184204.0,34.308685062
2020,2019,Tresiba Flextouch U-100,Insulin Degludec,1,472203376.07,13763374.6,791273.0,184178.0,34.308691712
2021,2019,Tresiba Flextouch U-100,Insulin Degludec,1,472203376.07,13763374.6,791273.0,184178.0,34.308691712
2022,2019,Tresiba Flextouch U-100,Insulin Degludec,1,472203376.07,13763374.6,791273.0,184178.0,34.308691712
2023,2019,Tresiba Flextouch U-100,Insulin Degludec,1,472203376.07,13763374.6,791273.0,184178.0,34.308691712
2020,2020,Tresiba Flextouch U-100,Insulin Degludec,1,566562499.91,16385884.8,904009.0,204096.0,34.576253088
2021,2020,Tresiba Flextouch U-100,Insulin Degludec,1,566562499.91,16385884.8,904009.0,204096.0,34.576253088
2022,2020,Tresiba Flextouch U-100,Insulin Degludec,1,566562499.91,16385884.8,904009.0,204096.0,34.576253088
2023,2020,Tresiba Flextouch U-100,Insulin Degludec,1,566562499.91,16385884.8,904009.0,204096.0,34.576253088
2024,2020,Tresiba Flextouch U-100,Insulin Degludec,1,566562499.91,16385884.8,904009.0,204096.0,34.576253088
2021,2021,Tresiba Flextouch U-100,Insulin Degludec,1,627035399.03,17848285.983,914122.0,219358.0,35.131406995
2022,2021,Tresiba Flextouch U-100,Insulin Degludec,1,627035399.03,17848285.983,914122.0,219358.0,35.131406995
2023,2021,Tresiba Flextouch U-100,Insulin Degludec,1,627035399.03,17848285.983,914122.0,219358.0,35.131406995
2024,2021,Tresiba Flextouch U-100,Insulin Degludec,1,627035399.03,17848285.983,914122.0,219358.0,35.131406995
2022,2022,Tresiba Flextouch U-100,Insulin Degludec,1,669375558.96,18798833.1,943973.0,233827.0,35.607293038
2023,2022,Tresiba Flextouch U-100,Insulin Degludec,1,669375558.96,18798833.1,943973.0,233827.0,35.607293038
2024,2022,Tresiba Flextouch U-100,Insulin Degludec,1,669375558.96,18798833.1,943973.0,233827.0,35.607293038
2023,2023,Tresiba Flextouch U-100,Insulin Degludec,1,726928549.23,20224379.0,1000189.0,258451.0,35.943182692
2024,2023,Tresiba Flextouch U-100,Insulin Degludec,1,726928549.23,20224379.0,1000189.0,258451.0,35.943182692
2024,2024,Tresiba Flextouch U-100,Insulin Degludec,1,825797918.13,25738165.188,1281963.0,339158.0,32.08456827
2016,2012,Tresiba Flextouch U-200,Insulin Degludec,1,,,,,
2016,2013,Tresiba Flextouch U-200,Insulin Degludec,1,,,,,
2017,2013,Tresiba Flextouch U-200,Insulin Degludec,1,,,,,
2016,2014,Tresiba Flextouch U-200,Insulin Degludec,1,,,,,
2017,2014,Tresiba Flextouch U-200,Insulin Degludec,1,,,,,
2018,2014,Tresiba Flextouch U-200,Insulin Degludec,1,,,,,
2016,2015,Tresiba Flextouch U-200,Insulin Degludec,1,132371.69,2268.0,111.0,97.0,58.364942681
2017,2015,Tresiba Flextouch U-200,Insulin Degludec,1,132371.69,2268.0,111.0,97.0,58.364942681
2018,2015,Tresiba Flextouch U-200,Insulin Degludec,1,132371.69,2268.0,111.0,97.0,58.364942681
2019,2015,Tresiba Flextouch U-200,Insulin Degludec,1,132371.69,2268.0,111.0,97.0,58.364942681
2016,2016,Tresiba Flextouch U-200,Insulin Degludec,1,111623799.45,1891046.5,131851.0,42426.0,59.027527589
2017,2016,Tresiba Flextouch U-200,Insulin Degludec,1,111623799.45,1891046.5,131851.0,42426.0,59.027527589
2018,2016,Tresiba Flextouch U-200,Insulin Degludec,1,111623799.45,1891046.5,131851.0,42426.0,59.027527589
2019,2016,Tresiba Flextouch U-200,Insulin Degludec,1,111623799.45,1891046.5,131830.0,42426.0,59.027527589
2020,2016,Tresiba Flextouch U-200,Insulin Degludec,1,111614875.96,1890893.5,131835.0,42421.0,59.027584557
2017,2017,Tresiba Flextouch U-200,Insulin Degludec,1,327219032.9,5525023.0,371889.0,89703.0,59.224917779
2018,2017,Tresiba Flextouch U-200,Insulin Degludec,1,327219032.9,5525023.0,371889.0,89703.0,59.224917779
2019,2017,Tresiba Flextouch U-200,Insulin Degludec,1,327219032.9,5525023.0,371832.0,89703.0,59.224917779
2020,2017,Tresiba Flextouch U-200,Insulin Degludec,1,326907742.43,5519788.0,371522.0,89498.0,59.224691678
2021,2017,Tresiba Flextouch U-200,Insulin Degludec,1,326907742.43,5519788.0,371522.0,89498.0,59.224691678
2018,2018,Tresiba Flextouch U-200,Insulin Degludec,1,627964946.53,9910356.3,646109.0,146178.0,63.364517634
2019,2018,Tresiba Flextouch U-200,Insulin Degludec,1,627964946.53,9910356.3,646012.0,146178.0,63.364517634
2020,2018,Tresiba Flextouch U-200,Insulin Degludec,1,627891610.68,9909186.3,646013.0,146151.0,63.364598431
2021,2018,Tresiba Flextouch U-200,Insulin Degludec,1,627891610.68,9909186.3,646013.0,146151.0,63.364598431
2022,2018,Tresiba Flextouch U-200,Insulin Degludec,1,627891610.68,9909186.3,646013.0,146151.0,63.364598431
2019,2019,Tresiba Flextouch U-200,Insulin Degludec,1,843806935.84,12329635.694,790138.0,171724.0,68.437296671
2020,2019,Tresiba Flextouch U-200,Insulin Degludec,1,843742478.14,12328699.694,790164.0,171699.0,68.437264195
2021,2019,Tresiba Flextouch U-200,Insulin Degludec,1,843742478.14,12328699.694,790164.0,171699.0,68.437264195
2022,2019,Tresiba Flextouch U-200,Insulin Degludec,1,843742478.14,12328699.694,790164.0,171699.0,68.437264195
2023,2019,Tresiba Flextouch U-200,Insulin Degludec,1,843742478.14,12328699.694,790164.0,171699.0,68.437264195
2020,2020,Tresiba Flextouch U-200,Insulin Degludec,1,917347317.34,13302750.8,828208.0,176322.0,68.959219873
2021,2020,Tresiba Flextouch U-200,Insulin Degludec,1,917347317.34,13302750.8,828208.0,176322.0,68.959219873
2022,2020,Tresiba Flextouch U-200,Insulin Degludec,1,917347317.34,13302750.8,828208.0,176322.0,68.959219873
2023,2020,Tresiba Flextouch U-200,Insulin Degludec,1,917347317.34,13302750.8,828208.0,176322.0,68.959219874
2024,2020,Tresiba Flextouch U-200,Insulin Degludec,1,917347317.34,13302750.8,828208.0,176322.0,68.959219874
2021,2021,Tresiba Flextouch U-200,Insulin Degludec,1,969001048.94,13822947.4,819071.0,182660.0,70.100899678
2022,2021,Tresiba Flextouch U-200,Insulin Degludec,1,969001048.94,13822947.4,819071.0,182660.0,70.100899678
2023,2021,Tresiba Flextouch U-200,Insulin Degludec,1,969001048.94,13822947.4,819071.0,182660.0,70.100899678
2024,2021,Tresiba Flextouch U-200,Insulin Degludec,1,969001048.94,13822947.4,819071.0,182660.0,70.100899678
2022,2022,Tresiba Flextouch U-200,Insulin Degludec,1,1002093648.7,14102482.4,825325.0,186155.0,71.057961309
2023,2022,Tresiba Flextouch U-200,Insulin Degludec,1,1002093648.7,14102482.4,825325.0,186155.0,71.057961309
2024,2022,Tresiba Flextouch U-200,Insulin Degludec,1,1002093648.7,14102482.4,825325.0,186155.0,71.057961309
2023,2023,Tresiba Flextouch U-200,Insulin Degludec,1,1047670731.2,14610581.438,846009.0,197096.0,71.706299685
2024,2023,Tresiba Flextouch U-200,Insulin Degludec,1,1047670731.2,14610581.438,846009.0,197096.0,71.706299685
2024,2024,Tresiba Flextouch U-200,Insulin Degludec,1,973884134.55,15221237.5,893822.0,217424.0,63.981928838
2018,2014,Xultophy 100-3.6,Insulin Degludec/Liraglutide,1,,,,,
2018,2015,Xultophy 100-3.6,Insulin Degludec/Liraglutide,1,,,,,
2019,2015,Xultophy 100-3.6,Insulin Degludec/Liraglutide,1,,,,,
2018,2016,Xultophy 100-3.6,Insulin Degludec/Liraglutide,1,,,,,
2019,2016,Xultophy 100-3.6,Insulin Degludec/Liraglutide,1,,,,,
2020,2016,Xultophy 100-3.6,Insulin Degludec/Liraglutide,1,,,,,
2018,2017,Xultophy 100-3.6,Insulin Degludec/Liraglutide,1,2928277.56,46620.0,2831.0,1367.0,62.811616474
2019,2017,Xultophy 100-3.6,Insulin Degludec/Liraglutide,1,2928277.56,46620.0,2831.0,1367.0,62.811616474
2020,2017,Xultophy 100-3.6,Insulin Degludec/Liraglutide,1,2926423.32,46590.0,2829.0,1365.0,62.812262717
2021,2017,Xultophy 100-3.6,Insulin Degludec/Liraglutide,1,2926423.32,46590.0,2829.0,1365.0,62.812262717
2018,2018,Xultophy 100-3.6,Insulin Degludec/Liraglutide,1,26768687.16,405417.0,25212.0,7477.0,66.02753994
2019,2018,Xultophy 100-3.6,Insulin Degludec/Liraglutide,1,26768687.16,405417.0,25207.0,7477.0,66.02753994
2020,2018,Xultophy 100-3.6,Insulin Degludec/Liraglutide,1,26761404.98,405306.0,25204.0,7475.0,66.027655598
2021,2018,Xultophy 100-3.6,Insulin Degludec/Liraglutide,1,26761404.98,405306.0,25204.0,7475.0,66.027655598
2022,2018,Xultophy 100-3.6,Insulin Degludec/Liraglutide,1,26761404.98,405306.0,25204.0,7475.0,66.027655598
2019,2019,Xultophy 100-3.6,Insulin Degludec/Liraglutide,1,56412035.17,811003.8,51097.0,12368.0,69.558287113
2020,2019,Xultophy 100-3.6,Insulin Degludec/Liraglutide,1,56397715.81,810799.8,51090.0,12365.0,69.558127432
2021,2019,Xultophy 100-3.6,Insulin Degludec/Liraglutide,1,56397715.81,810799.8,51090.0,12365.0,69.558127432
2022,2019,Xultophy 100-3.6,Insulin Degludec/Liraglutide,1,56397715.81,810799.8,51090.0,12365.0,69.558127432
2023,2019,Xultophy 100-3.6,Insulin Degludec/Liraglutide,1,56397715.81,810799.8,51090.0,12365.0,69.558127432
2020,2020,Xultophy 100-3.6,Insulin Degludec/Liraglutide,1,71921892.16,978419.0,59184.0,12236.0,73.508274226
2021,2020,Xultophy 100-3.6,Insulin Degludec/Liraglutide,1,71921892.16,978419.0,59184.0,12236.0,73.508274226
2022,2020,Xultophy 100-3.6,Insulin Degludec/Liraglutide,1,71921892.16,978419.0,59184.0,12236.0,73.508274226
2023,2020,Xultophy 100-3.6,Insulin Degludec/Liraglutide,1,71921892.16,978419.0,59184.0,12236.0,73.508274226
2024,2020,Xultophy 100-3.6,Insulin Degludec/Liraglutide,1,71921892.16,978419.0,59184.0,12236.0,73.508274226
2021,2021,Xultophy 100-3.6,Insulin Degludec/Liraglutide,1,75755898.06,971771.0,54228.0,11473.0,77.956533031
2022,2021,Xultophy 100-3.6,Insulin Degludec/Liraglutide,1,75755898.06,971771.0,54228.0,11473.0,77.956533031
2023,2021,Xultophy 100-3.6,Insulin Degludec/Liraglutide,1,75755898.06,971771.0,54228.0,11473.0,77.956533031
2024,2021,Xultophy 100-3.6,Insulin Degludec/Liraglutide,1,75755898.06,971771.0,54228.0,11473.0,77.956533031
2022,2022,Xultophy 100-3.6,Insulin Degludec/Liraglutide,1,77994458.68,957946.111,50557.0,10872.0,81.418419872
2023,2022,Xultophy 100-3.6,Insulin Degludec/Liraglutide,1,77994458.68,957946.111,50557.0,10872.0,81.418419872
2024,2022,Xultophy 100-3.6,Insulin Degludec/Liraglutide,1,77994458.68,957946.111,50557.0,10872.0,81.418419872
2023,2023,Xultophy 100-3.6,Insulin Degludec/Liraglutide,1,91415961.49,1056149.0,54314.0,12906.0,86.555932439
2024,2023,Xultophy 100-3.6,Insulin Degludec/Liraglutide,1,91415961.49,1056149.0,54314.0,12906.0,86.555932439
2024,2024,Xultophy 100-3.6,Insulin Degludec/Liraglutide,1,91255682.08,1118790.0,57197.0,13672.0,81.566408423
