month,area,code,name,items,quantity,cost
201304,NI,0601011A0BBAAAA,NovoRapid 100units/ml solution for injection 10ml vials,258,889.0,14472.93
201304,NI,0601011A0BBABAB,NovoRapid Penfill 100units/ml solution for injection 3ml cartridges,1135,9661.0,54700.59
201304,NI,0601011A0BBADAC,NovoRapid FlexPen 100units/ml solution for injection 3ml pre-filled pen,3810,27955.0,144603.37
201304,NI,0601011A0BBAEAC,NovoRapid FlexTouch 100units/ml solution for injection 3ml pre-filled pen,45,362.0,2326.21
201304,NI,0601011L0BBABAB,Humalog 100units/ml solution for injection 10ml vials,63,247.0,4102.67
201304,NI,0601011L0BBACAC,Humalog 100units/ml solution for injection 3ml cartridges,369,3434.0,19443.31
201304,NI,0601011L0BBAGAF,Humalog KwikPen 100units/ml solution for injection 3ml pre-filled pen,568,4121.0,24280.95
201304,NI,0601011N0BCAAAA,Hypurin Bovine Neutral 100units/ml solution for injection 10ml vials,8,39.0,1081.08
201304,NI,0601011N0BCAEAC,Hypurin Porcine Neutral 100units/ml solution for injection 10ml vials,9,30.0,756.0
201304,NI,0601011N0BCAGAY,Hypurin Bovine Neutral 100units/ml solution for injection 3ml cartridges,4,25.0,207.9
201304,NI,0601011N0BCAHAZ,Hypurin Porcine Neutral 100units/ml solution for injection 3ml cartridges,16,120.0,907.2
201304,NI,0601011N0BFAEAL,Actrapid 100units/ml solution for injection 10ml vials,33,109.0,815.32
201304,NI,0601011N0BHAAAG,Humulin S 100units/ml solution for injection 10ml vials,9,34.0,533.12
201304,NI,0601011N0BHADAP,Humulin S 100units/ml solution for injection 3ml cartridges,53,465.0,1774.4399999999998
201304,NI,0601011N0BKABAP,Insuman Rapid 100units/ml solution for injection 3ml cartridges,1,10.0,35.0
201304,NI,0601011P0BBAAAA,Apidra 100units/ml solution for injection 10ml vials,17,74.0,1184.0
201304,NI,0601011P0BBABAB,Apidra 100units/ml solution for injection 3ml cartridges,23,195.0,1103.7
201304,NI,0601011P0BBAEAC,Apidra 100units/ml solution for injection 3ml pre-filled SoloStar pen,380,2462.0,13934.92
201305,NI,0601011A0BBAAAA,NovoRapid 100units/ml solution for injection 10ml vials,284,1070.0,15065.6
201305,NI,0601011A0BBABAB,NovoRapid Penfill 100units/ml solution for injection 3ml cartridges,1172,9877.0,55923.59
201305,NI,0601011A0BBADAC,NovoRapid FlexPen 100units/ml solution for injection 3ml pre-filled pen,4020,29772.0,142638.84
201305,NI,0601011A0BBAEAC,NovoRapid FlexTouch 100units/ml solution for injection 3ml pre-filled pen,44,315.0,2024.2
201305,NI,0601011L0BBABAB,Humalog 100units/ml solution for injection 10ml vials,75,318.0,5281.98
201305,NI,0601011L0BBACAC,Humalog 100units/ml solution for injection 3ml cartridges,355,3530.0,19986.86
201305,NI,0601011L0BBAGAF,Humalog KwikPen 100units/ml solution for injection 3ml pre-filled pen,554,3999.0,23562.12
201305,NI,0601011N0BCAAAA,Hypurin Bovine Neutral 100units/ml solution for injection 10ml vials,7,26.0,720.72
201305,NI,0601011N0BCAEAC,Hypurin Porcine Neutral 100units/ml solution for injection 10ml vials,11,47.0,1184.4
201305,NI,0601011N0BCAGAY,Hypurin Bovine Neutral 100units/ml solution for injection 3ml cartridges,3,20.0,166.32
201305,NI,0601011N0BCAHAZ,Hypurin Porcine Neutral 100units/ml solution for injection 3ml cartridges,18,131.0,990.36
201305,NI,0601011N0BFAEAL,Actrapid 100units/ml solution for injection 10ml vials,24,80.0,598.4
201305,NI,0601011N0BHAAAG,Humulin S 100units/ml solution for injection 10ml vials,8,39.0,611.52
201305,NI,0601011N0BHADAP,Humulin S 100units/ml solution for injection 3ml cartridges,52,391.0,1492.06
201305,NI,0601011P0BBAAAA,Apidra 100units/ml solution for injection 10ml vials,26,95.0,1520.0
201305,NI,0601011P0BBABAB,Apidra 100units/ml solution for injection 3ml cartridges,27,245.0,1386.7
201305,NI,0601011P0BBAEAC,Apidra 100units/ml solution for injection 3ml pre-filled SoloStar pen,392,2856.0,16164.96
201306,NI,0601011A0BBAAAA,NovoRapid 100units/ml solution for injection 10ml vials,287,1076.0,15150.08
201306,NI,0601011A0BBABAB,NovoRapid Penfill 100units/ml solution for injection 3ml cartridges,1096,9713.0,53947.53
201306,NI,0601011A0BBADAC,NovoRapid FlexPen 100units/ml solution for injection 3ml pre-filled pen,3847,29014.0,148930.21
201306,NI,0601011A0BBAEAC,NovoRapid FlexTouch 100units/ml solution for injection 3ml pre-filled pen,43,345.0,2216.9700000000003
201306,NI,0601011L0BBABAB,Humalog 100units/ml solution for injection 10ml vials,79,351.0,5830.11
201306,NI,0601011L0BBACAC,Humalog 100units/ml solution for injection 3ml cartridges,338,3295.0,18656.31
201306,NI,0601011L0BBAGAF,Humalog KwikPen 100units/ml solution for injection 3ml pre-filled pen,579,4271.0,25164.75
201306,NI,0601011N0BCAAAA,Hypurin Bovine Neutral 100units/ml solution for injection 10ml vials,1,1.0,27.72
201306,NI,0601011N0BCAEAC,Hypurin Porcine Neutral 100units/ml solution for injection 10ml vials,17,67.0,1688.4
201306,NI,0601011N0BCAGAY,Hypurin Bovine Neutral 100units/ml solution for injection 3ml cartridges,2,15.0,124.74
201306,NI,0601011N0BCAHAZ,Hypurin Porcine Neutral 100units/ml solution for injection 3ml cartridges,19,187.0,1413.72
201306,NI,0601011N0BFAEAL,Actrapid 100units/ml solution for injection 10ml vials,23,61.0,456.28
201306,NI,0601011N0BHAAAG,Humulin S 100units/ml solution for injection 10ml vials,5,14.0,219.52
201306,NI,0601011N0BHADAP,Humulin S 100units/ml solution for injection 3ml cartridges,51,515.0,1965.24
201306,NI,0601011N0BKABAP,Insuman Rapid 100units/ml solution for injection 3ml cartridges,1,10.0,35.0
201306,NI,0601011N0BKACAM,Insuman Rapid 100units/ml solution for injection 3ml pre-filled OptiSet pen,1,5.0,17.5
201306,NI,0601011P0BBAAAA,Apidra 100units/ml solution for injection 10ml vials,25,110.0,1760.0
201306,NI,0601011P0BBABAB,Apidra 100units/ml solution for injection 3ml cartridges,31,226.0,1279.17
201306,NI,0601011P0BBAEAC,Apidra 100units/ml solution for injection 3ml pre-filled SoloStar pen,389,2665.0,15083.91
201307,NI,0601011A0BBAAAA,NovoRapid 100units/ml solution for injection 10ml vials,317,1112.0,15656.98
201307,NI,0601011A0BBABAB,NovoRapid Penfill 100units/ml solution for injection 3ml cartridges,1154,9996.0,56597.35
201307,NI,0601011A0BBADAC,NovoRapid FlexPen 100units/ml solution for injection 3ml pre-filled pen,3997,30029.0,183777.51
201307,NI,0601011A0BBAEAC,NovoRapid FlexTouch 100units/ml solution for injection 3ml pre-filled pen,40,295.0,1895.67
201307,NI,0601011L0BBABAB,Humalog 100units/ml solution for injection 10ml vials,64,243.0,4036.23
201307,NI,0601011L0BBACAC,Humalog 100units/ml solution for injection 3ml cartridges,368,3429.0,19415.0
201307,NI,0601011L0BBAGAF,Humalog KwikPen 100units/ml solution for injection 3ml pre-filled pen,581,4276.0,25194.2
201307,NI,0601011N0BCAAAA,Hypurin Bovine Neutral 100units/ml solution for injection 10ml vials,3,9.0,249.48
201307,NI,0601011N0BCAEAC,Hypurin Porcine Neutral 100units/ml solution for injection 10ml vials,10,36.0,907.2
201307,NI,0601011N0BCAGAY,Hypurin Bovine Neutral 100units/ml solution for injection 3ml cartridges,3,25.0,207.9
201307,NI,0601011N0BCAHAZ,Hypurin Porcine Neutral 100units/ml solution for injection 3ml cartridges,17,132.0,997.92
201307,NI,0601011N0BFAEAL,Actrapid 100units/ml solution for injection 10ml vials,22,76.0,568.48
201307,NI,0601011N0BHAAAG,Humulin S 100units/ml solution for injection 10ml vials,13,55.0,862.4000000000001
201307,NI,0601011N0BHADAP,Humulin S 100units/ml solution for injection 3ml cartridges,48,413.0,1576.01
201307,NI,0601011N0BKABAP,Insuman Rapid 100units/ml solution for injection 3ml cartridges,1,5.0,17.5
201307,NI,0601011P0BBAAAA,Apidra 100units/ml solution for injection 10ml vials,25,107.0,1712.0
201307,NI,0601011P0BBABAB,Apidra 100units/ml solution for injection 3ml cartridges,24,173.0,979.18
201307,NI,0601011P0BBAEAC,Apidra 100units/ml solution for injection 3ml pre-filled SoloStar pen,432,2982.0,16878.13
201308,NI,0601011A0BBAAAA,NovoRapid 100units/ml solution for injection 10ml vials,301,1045.0,14713.6
201308,NI,0601011A0BBABAB,NovoRapid Penfill 100units/ml solution for injection 3ml cartridges,1153,10025.0,56761.55
201308,NI,0601011A0BBADAC,NovoRapid FlexPen 100units/ml solution for injection 3ml pre-filled pen,4003,29413.0,180007.59
201308,NI,0601011A0BBAEAC,NovoRapid FlexTouch 100units/ml solution for injection 3ml pre-filled pen,41,376.0,2416.1800000000003
201308,NI,0601011L0BBABAB,Humalog 100units/ml solution for injection 10ml vials,82,361.0,5996.21
201308,NI,0601011L0BBACAC,Humalog 100units/ml solution for injection 3ml cartridges,352,3335.0,18882.78
201308,NI,0601011L0BBAGAF,Humalog KwikPen 100units/ml solution for injection 3ml pre-filled pen,600,4372.0,25759.84
201308,NI,0601011N0BCAAAA,Hypurin Bovine Neutral 100units/ml solution for injection 10ml vials,7,38.0,1053.36
201308,NI,0601011N0BCAEAC,Hypurin Porcine Neutral 100units/ml solution for injection 10ml vials,14,64.0,1612.8
201308,NI,0601011N0BCAGAY,Hypurin Bovine Neutral 100units/ml solution for injection 3ml cartridges,5,35.0,291.06
201308,NI,0601011N0BCAHAZ,Hypurin Porcine Neutral 100units/ml solution for injection 3ml cartridges,12,96.0,725.76
201308,NI,0601011N0BFAEAL,Actrapid 100units/ml solution for injection 10ml vials,21,77.0,575.96
201308,NI,0601011N0BHAAAG,Humulin S 100units/ml solution for injection 10ml vials,10,42.0,658.5600000000001
201308,NI,0601011N0BHADAP,Humulin S 100units/ml solution for injection 3ml cartridges,50,416.0,1587.46
201308,NI,0601011N0BKABAP,Insuman Rapid 100units/ml solution for injection 3ml cartridges,1,10.0,35.0
201308,NI,0601011P0BBAAAA,Apidra 100units/ml solution for injection 10ml vials,28,126.0,2016.0
201308,NI,0601011P0BBABAB,Apidra 100units/ml solution for injection 3ml cartridges,26,214.0,1211.24
201308,NI,0601011P0BBAEAC,Apidra 100units/ml solution for injection 3ml pre-filled SoloStar pen,431,2881.0,16306.47
201309,NI,0601011A0BBAAAA,NovoRapid 100units/ml solution for injection 10ml vials,279,980.0,13798.4
201309,NI,0601011A0BBABAB,NovoRapid Penfill 100units/ml solution for injection 3ml cartridges,1066,8858.0,50153.98
201309,NI,0601011A0BBADAC,NovoRapid FlexPen 100units/ml solution for injection 3ml pre-filled pen,3734,28102.0,171984.24
201309,NI,0601011A0BBAEAC,NovoRapid FlexTouch 100units/ml solution for injection 3ml pre-filled pen,49,340.0,2184.84
201309,NI,0601011L0BBABAB,Humalog 100units/ml solution for injection 10ml vials,67,270.0,4484.7
201309,NI,0601011L0BBACAC,Humalog 100units/ml solution for injection 3ml cartridges,344,3295.0,18656.3
201309,NI,0601011L0BBAGAF,Humalog KwikPen 100units/ml solution for injection 3ml pre-filled pen,562,4221.0,24870.14
201309,NI,0601011N0BCAAAA,Hypurin Bovine Neutral 100units/ml solution for injection 10ml vials,3,10.0,277.2
201309,NI,0601011N0BCAEAC,Hypurin Porcine Neutral 100units/ml solution for injection 10ml vials,10,42.0,1058.4
201309,NI,0601011N0BCAGAY,Hypurin Bovine Neutral 100units/ml solution for injection 3ml cartridges,1,10.0,83.16
201309,NI,0601011N0BCAHAZ,Hypurin Porcine Neutral 100units/ml solution for injection 3ml cartridges,12,115.0,869.4
201309,NI,0601011N0BFAEAL,Actrapid 100units/ml solution for injection 10ml vials,28,87.0,650.76
201309,NI,0601011N0BHAAAG,Humulin S 100units/ml solution for injection 10ml vials,10,34.0,533.12
201309,NI,0601011N0BHADAP,Humulin S 100units/ml solution for injection 3ml cartridges,51,432.0,1648.51
201309,NI,0601011N0BKABAP,Insuman Rapid 100units/ml solution for injection 3ml cartridges,1,10.0,35.0
201309,NI,0601011P0BBAAAA,Apidra 100units/ml solution for injection 10ml vials,23,119.0,1904.0
201309,NI,0601011P0BBABAB,Apidra 100units/ml solution for injection 3ml cartridges,22,194.0,1098.04
201309,NI,0601011P0BBADAB,Apidra 100units/ml solution for injection 3ml OptiClik cartridges,2,8.0,48.43
201309,NI,0601011P0BBAEAC,Apidra 100units/ml solution for injection 3ml pre-filled SoloStar pen,417,2877.0,16283.82
201310,NI,0601011A0BBAAAA,NovoRapid 100units/ml solution for injection 10ml vials,278,1004.0,14136.32
201310,NI,0601011A0BBABAB,NovoRapid Penfill 100units/ml solution for injection 3ml cartridges,1148,10170.0,57582.53
201310,NI,0601011A0BBADAC,NovoRapid FlexPen 100units/ml solution for injection 3ml pre-filled pen,3830,28347.0,173483.64
201310,NI,0601011A0BBAEAC,NovoRapid FlexTouch 100units/ml solution for injection 3ml pre-filled pen,47,395.0,2538.27
201310,NI,0601011L0BBABAB,Humalog 100units/ml solution for injection 10ml vials,74,270.0,4484.7
201310,NI,0601011L0BBACAC,Humalog 100units/ml solution for injection 3ml cartridges,358,3466.0,19624.5
201310,NI,0601011L0BBAGAF,Humalog KwikPen 100units/ml solution for injection 3ml pre-filled pen,606,4463.0,26296.01
201310,NI,0601011N0BCAAAA,Hypurin Bovine Neutral 100units/ml solution for injection 10ml vials,4,18.0,498.96
201310,NI,0601011N0BCAEAC,Hypurin Porcine Neutral 100units/ml solution for injection 10ml vials,11,48.0,1209.6
201310,NI,0601011N0BCAGAY,Hypurin Bovine Neutral 100units/ml solution for injection 3ml cartridges,5,60.0,498.96
201310,NI,0601011N0BCAHAZ,Hypurin Porcine Neutral 100units/ml solution for injection 3ml cartridges,18,175.0,1323.0
201310,NI,0601011N0BFAEAL,Actrapid 100units/ml solution for injection 10ml vials,20,73.0,546.04
201310,NI,0601011N0BHAAAG,Humulin S 100units/ml solution for injection 10ml vials,9,42.0,658.5600000000001
201310,NI,0601011N0BHADAP,Humulin S 100units/ml solution for injection 3ml cartridges,54,446.0,1701.9399999999998
201310,NI,0601011P0BBAAAA,Apidra 100units/ml solution for injection 10ml vials,32,160.0,2560.0
201310,NI,0601011P0BBABAB,Apidra 100units/ml solution for injection 3ml cartridges,26,230.0,1301.8
201310,NI,0601011P0BBADAB,Apidra 100units/ml solution for injection 3ml OptiClik cartridges,2,18.0,108.97
201310,NI,0601011P0BBAEAC,Apidra 100units/ml solution for injection 3ml pre-filled SoloStar pen,437,3080.0,17432.8
201311,NI,0601011A0BBAAAA,NovoRapid 100units/ml solution for injection 10ml vials,285,1053.0,14826.24
201311,NI,0601011A0BBABAB,NovoRapid Penfill 100units/ml solution for injection 3ml cartridges,1096,9196.0,52067.77
201311,NI,0601011A0BBADAC,NovoRapid FlexPen 100units/ml solution for injection 3ml pre-filled pen,3784,28245.0,172859.4
201311,NI,0601011A0BBAEAC,NovoRapid FlexTouch 100units/ml solution for injection 3ml pre-filled pen,45,340.0,2184.84
201311,NI,0601011L0BBABAB,Humalog 100units/ml solution for injection 10ml vials,70,336.0,5580.96
201311,NI,0601011L0BBACAC,Humalog 100units/ml solution for injection 3ml cartridges,346,3240.0,18344.88
201311,NI,0601011L0BBAGAF,Humalog KwikPen 100units/ml solution for injection 3ml pre-filled pen,544,4107.0,24198.45
201311,NI,0601011N0BCAAAA,Hypurin Bovine Neutral 100units/ml solution for injection 10ml vials,4,9.0,249.48
201311,NI,0601011N0BCAEAC,Hypurin Porcine Neutral 100units/ml solution for injection 10ml vials,17,78.0,1965.6
201311,NI,0601011N0BCAGAY,Hypurin Bovine Neutral 100units/ml solution for injection 3ml cartridges,3,20.0,166.32
201311,NI,0601011N0BCAHAZ,Hypurin Porcine Neutral 100units/ml solution for injection 3ml cartridges,19,202.0,1527.12
201311,NI,0601011N0BFAEAL,Actrapid 100units/ml solution for injection 10ml vials,23,80.0,598.4
201311,NI,0601011N0BHAAAG,Humulin S 100units/ml solution for injection 10ml vials,7,23.0,360.64
201311,NI,0601011N0BHADAP,Humulin S 100units/ml solution for injection 3ml cartridges,49,375.0,1431.0
201311,NI,0601011N0BKABAP,Insuman Rapid 100units/ml solution for injection 3ml cartridges,1,10.0,35.0
201311,NI,0601011P0BBAAAA,Apidra 100units/ml solution for injection 10ml vials,21,111.0,1776.0
201311,NI,0601011P0BBABAB,Apidra 100units/ml solution for injection 3ml cartridges,24,252.0,1426.32
201311,NI,0601011P0BBADAB,Apidra 100units/ml solution for injection 3ml OptiClik cartridges,3,36.0,217.95
201311,NI,0601011P0BBAEAC,Apidra 100units/ml solution for injection 3ml pre-filled SoloStar pen,426,2902.0,16425.33
201312,NI,0601011A0BBAAAA,NovoRapid 100units/ml solution for injection 10ml vials,288,1039.0,14629.13
201312,NI,0601011A0BBABAB,NovoRapid Penfill 100units/ml solution for injection 3ml cartridges,1181,10408.0,58930.1
201312,NI,0601011A0BBADAC,NovoRapid FlexPen 100units/ml solution for injection 3ml pre-filled pen,4068,30081.0,184095.75
201312,NI,0601011A0BBAEAC,NovoRapid FlexTouch 100units/ml solution for injection 3ml pre-filled pen,47,440.0,2827.44
201312,NI,0601011L0BBABAB,Humalog 100units/ml solution for injection 10ml vials,77,332.0,5514.5199999999995
201312,NI,0601011L0BBACAC,Humalog 100units/ml solution for injection 3ml cartridges,354,3395.0,19222.49
201312,NI,0601011L0BBAGAF,Humalog KwikPen 100units/ml solution for injection 3ml pre-filled pen,615,4664.0,27480.29
201312,NI,0601011N0BCAAAA,Hypurin Bovine Neutral 100units/ml solution for injection 10ml vials,5,15.0,415.7999999999999
201312,NI,0601011N0BCAEAC,Hypurin Porcine Neutral 100units/ml solution for injection 10ml vials,10,41.0,1033.1999999999998
201312,NI,0601011N0BCAGAY,Hypurin Bovine Neutral 100units/ml solution for injection 3ml cartridges,3,20.0,166.32
201312,NI,0601011N0BCAHAZ,Hypurin Porcine Neutral 100units/ml solution for injection 3ml cartridges,13,140.0,1058.4
201312,NI,0601011N0BFAEAL,Actrapid 100units/ml solution for injection 10ml vials,26,94.0,703.12
201312,NI,0601011N0BHAAAG,Humulin S 100units/ml solution for injection 10ml vials,9,44.0,689.9200000000001
201312,NI,0601011N0BHADAP,Humulin S 100units/ml solution for injection 3ml cartridges,56,521.0,1988.14
201312,NI,0601011P0BBAAAA,Apidra 100units/ml solution for injection 10ml vials,28,134.0,2144.0
201312,NI,0601011P0BBABAB,Apidra 100units/ml solution for injection 3ml cartridges,21,200.0,1132.0
201312,NI,0601011P0BBAEAC,Apidra 100units/ml solution for injection 3ml pre-filled SoloStar pen,473,3215.0,18196.91
201401,NI,0601011A0BBAAAA,NovoRapid 100units/ml solution for injection 10ml vials,317,1141.0,16065.29
201401,NI,0601011A0BBABAB,NovoRapid Penfill 100units/ml solution for injection 3ml cartridges,1185,9874.0,55906.58
201401,NI,0601011A0BBADAC,NovoRapid FlexPen 100units/ml solution for injection 3ml pre-filled pen,3905,28994.0,177443.3
201401,NI,0601011A0BBAEAC,NovoRapid FlexTouch 100units/ml solution for injection 3ml pre-filled pen,53,400.0,2570.4100000000003
201401,NI,0601011L0BBABAB,Humalog 100units/ml solution for injection 10ml vials,69,258.0,4285.38
201401,NI,0601011L0BBACAC,Humalog 100units/ml solution for injection 3ml cartridges,359,3366.0,19058.29
201401,NI,0601011L0BBAGAF,Humalog KwikPen 100units/ml solution for injection 3ml pre-filled pen,628,4708.0,27739.53
201401,NI,0601011N0BCAAAA,Hypurin Bovine Neutral 100units/ml solution for injection 10ml vials,4,18.0,498.96
201401,NI,0601011N0BCAEAC,Hypurin Porcine Neutral 100units/ml solution for injection 10ml vials,13,44.0,1108.8
201401,NI,0601011N0BCAGAY,Hypurin Bovine Neutral 100units/ml solution for injection 3ml cartridges,6,40.0,332.64
201401,NI,0601011N0BCAHAZ,Hypurin Porcine Neutral 100units/ml solution for injection 3ml cartridges,16,175.0,1323.01
201401,NI,0601011N0BFAEAL,Actrapid 100units/ml solution for injection 10ml vials,15,43.0,321.64
201401,NI,0601011N0BHAAAG,Humulin S 100units/ml solution for injection 10ml vials,9,27.0,423.36
201401,NI,0601011N0BHADAP,Humulin S 100units/ml solution for injection 3ml cartridges,51,445.0,1698.12
201401,NI,0601011N0BKACAM,Insuman Rapid 100units/ml solution for injection 3ml pre-filled OptiSet pen,1,12.0,42.0
201401,NI,0601011P0BBAAAA,Apidra 100units/ml solution for injection 10ml vials,32,157.0,2512.0
201401,NI,0601011P0BBABAB,Apidra 100units/ml solution for injection 3ml cartridges,35,346.0,1958.36
201401,NI,0601011P0BBADAB,Apidra 100units/ml solution for injection 3ml OptiClik cartridges,1,10.0,60.54
201401,NI,0601011P0BBAEAC,Apidra 100units/ml solution for injection 3ml pre-filled SoloStar pen,475,3221.0,18230.86
201402,NI,0601011A0BBAAAA,NovoRapid 100units/ml solution for injection 10ml vials,284,983.0,13840.66
201402,NI,0601011A0BBABAB,NovoRapid Penfill 100units/ml solution for injection 3ml cartridges,1036,8833.0,50012.45
201402,NI,0601011A0BBADAC,NovoRapid FlexPen 100units/ml solution for injection 3ml pre-filled pen,3627,27125.0,166005.03
201402,NI,0601011A0BBAEAC,NovoRapid FlexTouch 100units/ml solution for injection 3ml pre-filled pen,46,368.0,2364.77
201402,NI,0601011L0BBABAB,Humalog 100units/ml solution for injection 10ml vials,72,325.0,5398.25
201402,NI,0601011L0BBACAC,Humalog 100units/ml solution for injection 3ml cartridges,290,2832.0,16034.78
201402,NI,0601011L0BBAGAF,Humalog KwikPen 100units/ml solution for injection 3ml pre-filled pen,510,3623.0,21346.73
201402,NI,0601011N0BCAAAA,Hypurin Bovine Neutral 100units/ml solution for injection 10ml vials,6,17.0,471.24
201402,NI,0601011N0BCAEAC,Hypurin Porcine Neutral 100units/ml solution for injection 10ml vials,7,25.0,629.9999999999999
201402,NI,0601011N0BCAHAZ,Hypurin Porcine Neutral 100units/ml solution for injection 3ml cartridges,11,145.0,1096.2
201402,NI,0601011N0BFAEAL,Actrapid 100units/ml solution for injection 10ml vials,27,87.0,650.76
201402,NI,0601011N0BHAAAG,Humulin S 100units/ml solution for injection 10ml vials,9,25.0,392.0
201402,NI,0601011N0BHADAP,Humulin S 100units/ml solution for injection 3ml cartridges,43,351.0,1339.4199999999998
201402,NI,0601011N0BKABAP,Insuman Rapid 100units/ml solution for injection 3ml cartridges,1,10.0,35.0
201402,NI,0601011P0BBAAAA,Apidra 100units/ml solution for injection 10ml vials,20,83.0,1328.0
201402,NI,0601011P0BBABAB,Apidra 100units/ml solution for injection 3ml cartridges,25,212.0,1199.93
201402,NI,0601011P0BBADAB,Apidra 100units/ml solution for injection 3ml OptiClik cartridges,1,10.0,60.54
201402,NI,0601011P0BBAEAC,Apidra 100units/ml solution for injection 3ml pre-filled SoloStar pen,426,2849.0,16125.35
201403,NI,0601011A0BBAAAA,NovoRapid 100units/ml solution for injection 10ml vials,303,1073.0,15107.84
201403,NI,0601011A0BBABAB,NovoRapid Penfill 100units/ml solution for injection 3ml cartridges,1120,9386.0,53143.54
201403,NI,0601011A0BBADAC,NovoRapid FlexPen 100units/ml solution for injection 3ml pre-filled pen,3840,28378.0,173673.39
201403,NI,0601011A0BBAEAC,NovoRapid FlexTouch 100units/ml solution for injection 3ml pre-filled pen,39,275.0,1767.15
201403,NI,0601011L0BBABAB,Humalog 100units/ml solution for injection 10ml vials,83,381.0,6328.41
201403,NI,0601011L0BBACAC,Humalog 100units/ml solution for injection 3ml cartridges,339,3235.0,18316.57
201403,NI,0601011L0BBAGAF,Humalog KwikPen 100units/ml solution for injection 3ml pre-filled pen,599,4486.0,26431.51
201403,NI,0601011N0BCAAAA,Hypurin Bovine Neutral 100units/ml solution for injection 10ml vials,4,17.0,471.24
201403,NI,0601011N0BCAEAC,Hypurin Porcine Neutral 100units/ml solution for injection 10ml vials,6,21.0,529.2
201403,NI,0601011N0BCAGAY,Hypurin Bovine Neutral 100units/ml solution for injection 3ml cartridges,5,33.0,274.43
201403,NI,0601011N0BCAHAZ,Hypurin Porcine Neutral 100units/ml solution for injection 3ml cartridges,16,158.0,1194.48
201403,NI,0601011N0BFAEAL,Actrapid 100units/ml solution for injection 10ml vials,21,65.0,486.2000000000001
201403,NI,0601011N0BHAAAG,Humulin S 100units/ml solution for injection 10ml vials,6,19.0,297.92
201403,NI,0601011N0BHADAP,Humulin S 100units/ml solution for injection 3ml cartridges,34,285.0,1087.56
201403,NI,0601011N0BKABAP,Insuman Rapid 100units/ml solution for injection 3ml cartridges,2,10.0,35.0
201403,NI,0601011P0BBAAAA,Apidra 100units/ml solution for injection 10ml vials,23,92.0,1472.0
201403,NI,0601011P0BBABAB,Apidra 100units/ml solution for injection 3ml cartridges,25,184.0,1041.44
201403,NI,0601011P0BBAEAC,Apidra 100units/ml solution for injection 3ml pre-filled SoloStar pen,468,3257.0,18434.62
201404,NI,0601011A0BBAAAA,NovoRapid 100units/ml solution for injection 10ml vials,344,1267.0,17839.36
201404,NI,0601011A0BBABAB,NovoRapid Penfill 100units/ml solution for injection 3ml cartridges,1105,9289.0,52594.32
201404,NI,0601011A0BBADAC,NovoRapid FlexPen 100units/ml solution for injection 3ml pre-filled pen,3921,28934.0,177076.09
201404,NI,0601011A0BBAEAC,NovoRapid FlexTouch 100units/ml solution for injection 3ml pre-filled pen,56,504.0,3238.7000000000003
201404,NI,0601011L0BBABAB,Humalog 100units/ml solution for injection 10ml vials,70,290.0,4816.9
201404,NI,0601011L0BBACAC,Humalog 100units/ml solution for injection 3ml cartridges,344,3385.0,19165.87
201404,NI,0601011L0BBAGAF,Humalog KwikPen 100units/ml solution for injection 3ml pre-filled pen,610,4460.0,26278.32
201404,NI,0601011N0BCAEAC,Hypurin Porcine Neutral 100units/ml solution for injection 10ml vials,14,42.0,1058.4
201404,NI,0601011N0BCAGAY,Hypurin Bovine Neutral 100units/ml solution for injection 3ml cartridges,2,15.0,124.74
201404,NI,0601011N0BCAHAZ,Hypurin Porcine Neutral 100units/ml solution for injection 3ml cartridges,11,130.0,982.8
201404,NI,0601011N0BFAEAL,Actrapid 100units/ml solution for injection 10ml vials,20,74.0,553.52
201404,NI,0601011N0BHAAAG,Humulin S 100units/ml solution for injection 10ml vials,6,21.0,329.28000000000003
201404,NI,0601011N0BHADAP,Humulin S 100units/ml solution for injection 3ml cartridges,49,447.0,1705.76
201404,NI,0601011N0BKABAP,Insuman Rapid 100units/ml solution for injection 3ml cartridges,3,20.0,70.0
201404,NI,0601011P0BBAAAA,Apidra 100units/ml solution for injection 10ml vials,27,123.0,1968.0
201404,NI,0601011P0BBABAB,Apidra 100units/ml solution for injection 3ml cartridges,27,255.0,1443.3
201404,NI,0601011P0BBAEAC,Apidra 100units/ml solution for injection 3ml pre-filled SoloStar pen,477,3332.0,18859.12
201405,NI,0601011A0BBAAAA,NovoRapid 100units/ml solution for injection 10ml vials,338,1239.0,17445.12
201405,NI,0601011A0BBABAB,NovoRapid Penfill 100units/ml solution for injection 3ml cartridges,1186,9950.0,56336.91
201405,NI,0601011A0BBADAC,NovoRapid FlexPen 100units/ml solution for injection 3ml pre-filled pen,4033,30009.0,183655.11
201405,NI,0601011A0BBAEAC,NovoRapid FlexTouch 100units/ml solution for injection 3ml pre-filled pen,59,466.0,2994.52
201405,NI,0601011L0BBABAB,Humalog 100units/ml solution for injection 10ml vials,83,360.0,5979.599999999999
201405,NI,0601011L0BBACAC,Humalog 100units/ml solution for injection 3ml cartridges,340,3260.0,18458.12
201405,NI,0601011L0BBAGAF,Humalog KwikPen 100units/ml solution for injection 3ml pre-filled pen,596,4315.0,25423.99
201405,NI,0601011N0BCAAAA,Hypurin Bovine Neutral 100units/ml solution for injection 10ml vials,4,9.0,249.48
201405,NI,0601011N0BCAEAC,Hypurin Porcine Neutral 100units/ml solution for injection 10ml vials,18,82.0,2066.4
201405,NI,0601011N0BCAGAY,Hypurin Bovine Neutral 100units/ml solution for injection 3ml cartridges,5,35.0,291.06
201405,NI,0601011N0BCAHAZ,Hypurin Porcine Neutral 100units/ml solution for injection 3ml cartridges,13,115.0,869.4
201405,NI,0601011N0BFAEAL,Actrapid 100units/ml solution for injection 10ml vials,17,47.0,351.56
201405,NI,0601011N0BHAAAG,Humulin S 100units/ml solution for injection 10ml vials,8,35.0,548.8000000000001
201405,NI,0601011N0BHADAP,Humulin S 100units/ml solution for injection 3ml cartridges,47,351.0,1339.42
201405,NI,0601011N0BKABAP,Insuman Rapid 100units/ml solution for injection 3ml cartridges,1,5.0,17.5
201405,NI,0601011P0BBAAAA,Apidra 100units/ml solution for injection 10ml vials,30,161.0,2576.0
201405,NI,0601011P0BBABAB,Apidra 100units/ml solution for injection 3ml cartridges,36,319.0,1805.54
201405,NI,0601011P0BBADAB,Apidra 100units/ml solution for injection 3ml OptiClik cartridges,1,12.0,72.65
201405,NI,0601011P0BBAEAC,Apidra 100units/ml solution for injection 3ml pre-filled SoloStar pen,525,3681.0,20834.46
201406,NI,0601011A0BBAAAA,NovoRapid 100units/ml solution for injection 10ml vials,377,1395.0,19641.6
201406,NI,0601011A0BBABAB,NovoRapid Penfill 100units/ml solution for injection 3ml cartridges,1185,10136.0,57390.04
201406,NI,0601011A0BBADAC,NovoRapid FlexPen 100units/ml solution for injection 3ml pre-filled pen,3949,29674.0,181604.9
201406,NI,0601011A0BBAEAC,NovoRapid FlexTouch 100units/ml solution for injection 3ml pre-filled pen,49,384.0,2467.5800000000004
201406,NI,0601011L0BBABAB,Humalog 100units/ml solution for injection 10ml vials,92,410.0,6810.099999999999
201406,NI,0601011L0BBACAC,Humalog 100units/ml solution for injection 3ml cartridges,346,3189.0,18056.12
201406,NI,0601011L0BBAGAF,Humalog KwikPen 100units/ml solution for injection 3ml pre-filled pen,587,4437.0,26142.81
201406,NI,0601011N0BCAAAA,Hypurin Bovine Neutral 100units/ml solution for injection 10ml vials,5,22.0,609.8399999999999
201406,NI,0601011N0BCAEAC,Hypurin Porcine Neutral 100units/ml solution for injection 10ml vials,10,35.0,882.0
201406,NI,0601011N0BCAGAY,Hypurin Bovine Neutral 100units/ml solution for injection 3ml cartridges,3,20.0,166.32
201406,NI,0601011N0BCAHAZ,Hypurin Porcine Neutral 100units/ml solution for injection 3ml cartridges,18,183.0,1383.48
201406,NI,0601011N0BFAEAL,Actrapid 100units/ml solution for injection 10ml vials,22,87.0,650.76
201406,NI,0601011N0BHAAAG,Humulin S 100units/ml solution for injection 10ml vials,8,28.0,439.04
201406,NI,0601011N0BHADAP,Humulin S 100units/ml solution for injection 3ml cartridges,39,379.0,1446.27
201406,NI,0601011N0BKABAP,Insuman Rapid 100units/ml solution for injection 3ml cartridges,1,5.0,17.5
201406,NI,0601011P0BBAAAA,Apidra 100units/ml solution for injection 10ml vials,29,121.0,1936.0
201406,NI,0601011P0BBABAB,Apidra 100units/ml solution for injection 3ml cartridges,29,276.0,1562.16
201406,NI,0601011P0BBADAB,Apidra 100units/ml solution for injection 3ml OptiClik cartridges,2,24.0,145.3
201406,NI,0601011P0BBAEAC,Apidra 100units/ml solution for injection 3ml pre-filled SoloStar pen,476,3335.0,18876.1
201407,NI,0601011A0BBAAAA,NovoRapid 100units/ml solution for injection 10ml vials,373,1373.0,19331.84
201407,NI,0601011A0BBABAB,NovoRapid Penfill 100units/ml solution for injection 3ml cartridges,1169,9805.0,55515.9
201407,NI,0601011A0BBADAC,NovoRapid FlexPen 100units/ml solution for injection 3ml pre-filled pen,4150,30844.0,188765.28
201407,NI,0601011A0BBAEAC,NovoRapid FlexTouch 100units/ml solution for injection 3ml pre-filled pen,60,508.0,3264.4100000000003
201407,NI,0601011L0BBABAB,Humalog 100units/ml solution for injection 10ml vials,84,343.0,5697.23
201407,NI,0601011L0BBACAC,Humalog 100units/ml solution for injection 3ml cartridges,328,3124.0,17688.1
201407,NI,0601011L0BBAGAF,Humalog KwikPen 100units/ml solution for injection 3ml pre-filled pen,619,4418.0,26030.85
201407,NI,0601011N0BCAAAA,Hypurin Bovine Neutral 100units/ml solution for injection 10ml vials,2,3.0,83.16
201407,NI,0601011N0BCAEAC,Hypurin Porcine Neutral 100units/ml solution for injection 10ml vials,12,43.0,1083.6
201407,NI,0601011N0BCAGAY,Hypurin Bovine Neutral 100units/ml solution for injection 3ml cartridges,5,30.0,249.48
201407,NI,0601011N0BCAHAZ,Hypurin Porcine Neutral 100units/ml solution for injection 3ml cartridges,19,195.0,1474.1999999999998
201407,NI,0601011N0BFAEAL,Actrapid 100units/ml solution for injection 10ml vials,16,58.0,433.84
201407,NI,0601011N0BHAAAG,Humulin S 100units/ml solution for injection 10ml vials,7,35.0,548.8000000000001
201407,NI,0601011N0BHADAP,Humulin S 100units/ml solution for injection 3ml cartridges,54,477.0,1820.23
201407,NI,0601011N0BKABAP,Insuman Rapid 100units/ml solution for injection 3ml cartridges,1,5.0,17.5
201407,NI,0601011P0BBAAAA,Apidra 100units/ml solution for injection 10ml vials,37,159.0,2544.0
201407,NI,0601011P0BBABAB,Apidra 100units/ml solution for injection 3ml cartridges,26,211.0,1194.26
201407,NI,0601011P0BBACAC,Apidra 100units/ml solution for injection 3ml pre-filled OptiSet pen,1,5.0,30.27
201407,NI,0601011P0BBAEAC,Apidra 100units/ml solution for injection 3ml pre-filled SoloStar pen,531,3833.0,21694.78
201408,NI,0601011A0BBAAAA,NovoRapid 100units/ml solution for injection 10ml vials,369,1352.0,19036.16
201408,NI,0601011A0BBABAB,NovoRapid Penfill 100units/ml solution for injection 3ml cartridges,1155,9850.0,55770.7
201408,NI,0601011A0BBADAC,NovoRapid FlexPen 100units/ml solution for injection 3ml pre-filled pen,3996,29286.0,179230.32
201408,NI,0601011A0BBAEAC,NovoRapid FlexTouch 100units/ml solution for injection 3ml pre-filled pen,59,450.0,2891.7000000000003
201408,NI,0601011L0BBABAB,Humalog 100units/ml solution for injection 10ml vials,83,360.0,5979.599999999999
201408,NI,0601011L0BBACAC,Humalog 100units/ml solution for injection 3ml cartridges,323,2921.0,16538.7
201408,NI,0601011L0BBAGAF,Humalog KwikPen 100units/ml solution for injection 3ml pre-filled pen,594,4412.0,25995.51
201408,NI,0601011N0BCAAAA,Hypurin Bovine Neutral 100units/ml solution for injection 10ml vials,3,10.0,277.2
201408,NI,0601011N0BCAEAC,Hypurin Porcine Neutral 100units/ml solution for injection 10ml vials,8,21.0,529.1999999999999
201408,NI,0601011N0BCAGAY,Hypurin Bovine Neutral 100units/ml solution for injection 3ml cartridges,6,44.0,365.9
201408,NI,0601011N0BCAHAZ,Hypurin Porcine Neutral 100units/ml solution for injection 3ml cartridges,9,95.0,718.1999999999999
201408,NI,0601011N0BFAEAL,Actrapid 100units/ml solution for injection 10ml vials,21,88.0,658.24
201408,NI,0601011N0BHAAAG,Humulin S 100units/ml solution for injection 10ml vials,7,32.0,501.76
201408,NI,0601011N0BHADAP,Humulin S 100units/ml solution for injection 3ml cartridges,42,361.0,1377.58
201408,NI,0601011N0BKABAP,Insuman Rapid 100units/ml solution for injection 3ml cartridges,2,15.0,52.5
201408,NI,0601011P0BBAAAA,Apidra 100units/ml solution for injection 10ml vials,49,206.0,3296.0
201408,NI,0601011P0BBABAB,Apidra 100units/ml solution for injection 3ml cartridges,29,235.0,1330.1
201408,NI,0601011P0BBACAC,Apidra 100units/ml solution for injection 3ml pre-filled OptiSet pen,1,1.0,6.05
201408,NI,0601011P0BBADAB,Apidra 100units/ml solution for injection 3ml OptiClik cartridges,2,17.0,102.92
201408,NI,0601011P0BBAEAC,Apidra 100units/ml solution for injection 3ml pre-filled SoloStar pen,500,3566.0,20183.56
201409,NI,0601011A0BBAAAA,NovoRapid 100units/ml solution for injection 10ml vials,349,1359.0,19134.72
201409,NI,0601011A0BBABAB,NovoRapid Penfill 100units/ml solution for injection 3ml cartridges,1161,9853.0,55787.68
201409,NI,0601011A0BBADAC,NovoRapid FlexPen 100units/ml solution for injection 3ml pre-filled pen,4051,30243.0,185087.16
201409,NI,0601011A0BBAEAC,NovoRapid FlexTouch 100units/ml solution for injection 3ml pre-filled pen,59,508.0,3264.4100000000003
201409,NI,0601011L0BBABAB,Humalog 100units/ml solution for injection 10ml vials,63,262.0,4351.82
201409,NI,0601011L0BBACAC,Humalog 100units/ml solution for injection 3ml cartridges,312,2860.0,16193.32
201409,NI,0601011L0BBAGAF,Humalog KwikPen 100units/ml solution for injection 3ml pre-filled pen,601,4522.0,26643.62
201409,NI,0601011N0BCAAAA,Hypurin Bovine Neutral 100units/ml solution for injection 10ml vials,5,16.0,443.52
201409,NI,0601011N0BCAEAC,Hypurin Porcine Neutral 100units/ml solution for injection 10ml vials,19,79.0,1990.8
201409,NI,0601011N0BCAGAY,Hypurin Bovine Neutral 100units/ml solution for injection 3ml cartridges,5,30.0,249.48
201409,NI,0601011N0BCAHAZ,Hypurin Porcine Neutral 100units/ml solution for injection 3ml cartridges,12,137.0,1035.72
201409,NI,0601011N0BFAEAL,Actrapid 100units/ml solution for injection 10ml vials,22,89.0,665.72
201409,NI,0601011N0BHAAAG,Humulin S 100units/ml solution for injection 10ml vials,9,32.0,501.76
201409,NI,0601011N0BHADAP,Humulin S 100units/ml solution for injection 3ml cartridges,44,375.0,1431.0
201409,NI,0601011N0BKABAP,Insuman Rapid 100units/ml solution for injection 3ml cartridges,3,25.0,87.5
201409,NI,0601011P0BBAAAA,Apidra 100units/ml solution for injection 10ml vials,34,140.0,2240.0
201409,NI,0601011P0BBABAB,Apidra 100units/ml solution for injection 3ml cartridges,33,307.0,1737.62
201409,NI,0601011P0BBAEAC,Apidra 100units/ml solution for injection 3ml pre-filled SoloStar pen,506,3635.0,20574.1
201410,NI,0601011A0BBAAAA,NovoRapid 100units/ml solution for injection 10ml vials,364,1370.0,19289.6
201410,NI,0601011A0BBABAB,NovoRapid Penfill 100units/ml solution for injection 3ml cartridges,1156,9544.0,54038.13
201410,NI,0601011A0BBADAC,NovoRapid FlexPen 100units/ml solution for injection 3ml pre-filled pen,4090,29887.0,182908.44
201410,NI,0601011A0BBAEAC,NovoRapid FlexTouch 100units/ml solution for injection 3ml pre-filled pen,65,510.0,3277.26
201410,NI,0601011L0BBABAB,Humalog 100units/ml solution for injection 10ml vials,87,388.0,6444.68
201410,NI,0601011L0BBACAC,Humalog 100units/ml solution for injection 3ml cartridges,350,3390.0,19194.19
201410,NI,0601011L0BBAGAF,Humalog KwikPen 100units/ml solution for injection 3ml pre-filled pen,629,4687.0,27615.8
201410,NI,0601011N0BCAAAA,Hypurin Bovine Neutral 100units/ml solution for injection 10ml vials,4,16.0,443.52
201410,NI,0601011N0BCAEAC,Hypurin Porcine Neutral 100units/ml solution for injection 10ml vials,12,37.0,932.4
201410,NI,0601011N0BCAGAY,Hypurin Bovine Neutral 100units/ml solution for injection 3ml cartridges,5,39.0,324.32
201410,NI,0601011N0BCAHAZ,Hypurin Porcine Neutral 100units/ml solution for injection 3ml cartridges,16,160.0,1209.6
201410,NI,0601011N0BFAEAL,Actrapid 100units/ml solution for injection 10ml vials,21,74.0,553.52
201410,NI,0601011N0BHAAAG,Humulin S 100units/ml solution for injection 10ml vials,11,37.0,580.16
201410,NI,0601011N0BHADAP,Humulin S 100units/ml solution for injection 3ml cartridges,41,420.0,1602.72
201410,NI,0601011N0BKABAP,Insuman Rapid 100units/ml solution for injection 3ml cartridges,5,35.0,122.5
201410,NI,0601011P0BBAAAA,Apidra 100units/ml solution for injection 10ml vials,42,182.0,2912.0
201410,NI,0601011P0BBABAB,Apidra 100units/ml solution for injection 3ml cartridges,44,355.0,2009.3
201410,NI,0601011P0BBACAC,Apidra 100units/ml solution for injection 3ml pre-filled OptiSet pen,2,10.0,60.54
201410,NI,0601011P0BBADAB,Apidra 100units/ml solution for injection 3ml OptiClik cartridges,1,12.0,72.65
201410,NI,0601011P0BBAEAC,Apidra 100units/ml solution for injection 3ml pre-filled SoloStar pen,508,3651.0,20664.66
201411,NI,0601011A0BBAAAA,NovoRapid 100units/ml solution for injection 10ml vials,373,1391.0,19585.28
201411,NI,0601011A0BBABAB,NovoRapid Penfill 100units/ml solution for injection 3ml cartridges,1088,8891.0,50340.83
201411,NI,0601011A0BBADAC,NovoRapid FlexPen 100units/ml solution for injection 3ml pre-filled pen,3809,28143.0,172235.16
201411,NI,0601011A0BBAEAC,NovoRapid FlexTouch 100units/ml solution for injection 3ml pre-filled pen,62,485.0,3116.61
201411,NI,0601011L0BBABAB,Humalog 100units/ml solution for injection 10ml vials,85,346.0,5747.0599999999995
201411,NI,0601011L0BBACAC,Humalog 100units/ml solution for injection 3ml cartridges,304,2885.0,16334.87
201411,NI,0601011L0BBAGAF,Humalog KwikPen 100units/ml solution for injection 3ml pre-filled pen,598,4348.0,25618.42
201411,NI,0601011N0BCAAAA,Hypurin Bovine Neutral 100units/ml solution for injection 10ml vials,2,7.0,194.04
201411,NI,0601011N0BCAEAC,Hypurin Porcine Neutral 100units/ml solution for injection 10ml vials,12,51.0,1285.1999999999998
201411,NI,0601011N0BCAGAY,Hypurin Bovine Neutral 100units/ml solution for injection 3ml cartridges,5,35.0,291.06
201411,NI,0601011N0BCAHAZ,Hypurin Porcine Neutral 100units/ml solution for injection 3ml cartridges,9,78.0,589.68
201411,NI,0601011N0BFAEAL,Actrapid 100units/ml solution for injection 10ml vials,11,42.0,314.16
201411,NI,0601011N0BHAAAG,Humulin S 100units/ml solution for injection 10ml vials,8,44.0,689.92
201411,NI,0601011N0BHADAP,Humulin S 100units/ml solution for injection 3ml cartridges,53,442.0,1686.6799999999998
201411,NI,0601011N0BKABAP,Insuman Rapid 100units/ml solution for injection 3ml cartridges,2,15.0,52.5
201411,NI,0601011P0BBAAAA,Apidra 100units/ml solution for injection 10ml vials,31,126.0,2016.0
201411,NI,0601011P0BBABAB,Apidra 100units/ml solution for injection 3ml cartridges,33,272.0,1539.52
201411,NI,0601011P0BBADAB,Apidra 100units/ml solution for injection 3ml OptiClik cartridges,2,24.0,145.3
201411,NI,0601011P0BBAEAC,Apidra 100units/ml solution for injection 3ml pre-filled SoloStar pen,478,3332.0,18859.12
201412,NI,0601011A0BBAAAA,NovoRapid 100units/ml solution for injection 10ml vials,405,1532.0,21570.56
201412,NI,0601011A0BBABAB,NovoRapid Penfill 100units/ml solution for injection 3ml cartridges,1257,10538.0,59666.15
201412,NI,0601011A0BBADAC,NovoRapid FlexPen 100units/ml solution for injection 3ml pre-filled pen,4377,32583.0,199407.96
201412,NI,0601011A0BBAEAC,NovoRapid FlexTouch 100units/ml solution for injection 3ml pre-filled pen,63,505.0,3245.13
201412,NI,0601011L0BBABAB,Humalog 100units/ml solution for injection 10ml vials,113,465.0,7723.65
201412,NI,0601011L0BBACAC,Humalog 100units/ml solution for injection 3ml cartridges,396,3837.0,21725.09
201412,NI,0601011L0BBAGAF,Humalog KwikPen 100units/ml solution for injection 3ml pre-filled pen,651,4856.0,28611.56
201412,NI,0601011N0BCAAAA,Hypurin Bovine Neutral 100units/ml solution for injection 10ml vials,4,18.0,498.96
201412,NI,0601011N0BCAEAC,Hypurin Porcine Neutral 100units/ml solution for injection 10ml vials,10,36.0,907.2
201412,NI,0601011N0BCAGAY,Hypurin Bovine Neutral 100units/ml solution for injection 3ml cartridges,6,50.0,415.7999999999999
201412,NI,0601011N0BCAHAZ,Hypurin Porcine Neutral 100units/ml solution for injection 3ml cartridges,18,175.0,1323.0
201412,NI,0601011N0BFAEAL,Actrapid 100units/ml solution for injection 10ml vials,21,68.0,508.64
201412,NI,0601011N0BHAAAG,Humulin S 100units/ml solution for injection 10ml vials,6,17.0,266.56
201412,NI,0601011N0BHADAP,Humulin S 100units/ml solution for injection 3ml cartridges,40,342.0,1305.07
201412,NI,0601011N0BKABAP,Insuman Rapid 100units/ml solution for injection 3ml cartridges,1,5.0,17.5
201412,NI,0601011P0BBAAAA,Apidra 100units/ml solution for injection 10ml vials,44,175.0,2800.0
201412,NI,0601011P0BBABAB,Apidra 100units/ml solution for injection 3ml cartridges,34,320.0,1811.2
201412,NI,0601011P0BBAEAC,Apidra 100units/ml solution for injection 3ml pre-filled SoloStar pen,563,3940.0,22300.4
201501,NI,0601011A0BBAAAA,NovoRapid 100units/ml solution for injection 10ml vials,356,1278.0,17994.24
201501,NI,0601011A0BBABAB,NovoRapid Penfill 100units/ml solution for injection 3ml cartridges,1187,9948.0,56325.57
201501,NI,0601011A0BBADAC,NovoRapid FlexPen 100units/ml solution for injection 3ml pre-filled pen,4018,30072.0,184040.64
201501,NI,0601011A0BBAEAC,NovoRapid FlexTouch 100units/ml solution for injection 3ml pre-filled pen,75,660.0,4241.16
201501,NI,0601011L0BBABAB,Humalog 100units/ml solution for injection 10ml vials,86,360.0,5979.6
201501,NI,0601011L0BBACAC,Humalog 100units/ml solution for injection 3ml cartridges,297,2540.0,14381.48
201501,NI,0601011L0BBAGAF,Humalog KwikPen 100units/ml solution for injection 3ml pre-filled pen,613,4553.0,26826.28
201501,NI,0601011N0BCAAAA,Hypurin Bovine Neutral 100units/ml solution for injection 10ml vials,3,5.0,138.6
201501,NI,0601011N0BCAEAC,Hypurin Porcine Neutral 100units/ml solution for injection 10ml vials,9,25.0,630.0
201501,NI,0601011N0BCAGAY,Hypurin Bovine Neutral 100units/ml solution for injection 3ml cartridges,1,10.0,83.16
201501,NI,0601011N0BCAHAZ,Hypurin Porcine Neutral 100units/ml solution for injection 3ml cartridges,13,130.0,982.8
201501,NI,0601011N0BFAEAL,Actrapid 100units/ml solution for injection 10ml vials,18,69.0,516.12
201501,NI,0601011N0BHAAAG,Humulin S 100units/ml solution for injection 10ml vials,6,14.0,219.52
201501,NI,0601011N0BHADAP,Humulin S 100units/ml solution for injection 3ml cartridges,49,446.0,1701.94
201501,NI,0601011N0BKABAP,Insuman Rapid 100units/ml solution for injection 3ml cartridges,3,50.0,175.0
201501,NI,0601011N0BKACAM,Insuman Rapid 100units/ml solution for injection 3ml pre-filled OptiSet pen,1,5.0,17.5
201501,NI,0601011P0BBAAAA,Apidra 100units/ml solution for injection 10ml vials,35,136.0,2176.0
201501,NI,0601011P0BBABAB,Apidra 100units/ml solution for injection 3ml cartridges,42,364.0,2060.24
201501,NI,0601011P0BBAEAC,Apidra 100units/ml solution for injection 3ml pre-filled SoloStar pen,530,3719.0,21049.54
201502,NI,0601011A0BBAAAA,NovoRapid 100units/ml solution for injection 10ml vials,409,1589.0,22373.12
201502,NI,0601011A0BBABAB,NovoRapid Penfill 100units/ml solution for injection 3ml cartridges,1084,9047.0,51224.11
201502,NI,0601011A0BBADAC,NovoRapid FlexPen 100units/ml solution for injection 3ml pre-filled pen,3819,28373.0,173642.76
201502,NI,0601011A0BBAEAC,NovoRapid FlexTouch 100units/ml solution for injection 3ml pre-filled pen,57,455.0,2923.83
201502,NI,0601011L0BBABAB,Humalog 100units/ml solution for injection 10ml vials,88,439.0,7291.79
201502,NI,0601011L0BBACAC,Humalog 100units/ml solution for injection 3ml cartridges,323,3159.0,17886.26
201502,NI,0601011L0BBAGAF,Humalog KwikPen 100units/ml solution for injection 3ml pre-filled pen,585,4417.0,26024.96
201502,NI,0601011N0BCAAAA,Hypurin Bovine Neutral 100units/ml solution for injection 10ml vials,1,2.0,55.44
201502,NI,0601011N0BCAEAC,Hypurin Porcine Neutral 100units/ml solution for injection 10ml vials,11,55.0,1386.0
201502,NI,0601011N0BCAGAY,Hypurin Bovine Neutral 100units/ml solution for injection 3ml cartridges,4,30.0,249.48
201502,NI,0601011N0BCAHAZ,Hypurin Porcine Neutral 100units/ml solution for injection 3ml cartridges,11,110.0,831.5999999999999
201502,NI,0601011N0BFAEAL,Actrapid 100units/ml solution for injection 10ml vials,17,54.0,403.92
201502,NI,0601011N0BHAAAG,Humulin S 100units/ml solution for injection 10ml vials,5,17.0,266.56
201502,NI,0601011N0BHADAP,Humulin S 100units/ml solution for injection 3ml cartridges,42,306.0,1167.6999999999998
201502,NI,0601011N0BKABAP,Insuman Rapid 100units/ml solution for injection 3ml cartridges,2,15.0,52.5
201502,NI,0601011N0BKACAM,Insuman Rapid 100units/ml solution for injection 3ml pre-filled OptiSet pen,1,5.0,17.5
201502,NI,0601011P0BBAAAA,Apidra 100units/ml solution for injection 10ml vials,46,188.0,3008.0
201502,NI,0601011P0BBABAB,Apidra 100units/ml solution for injection 3ml cartridges,39,341.0,1930.06
201502,NI,0601011P0BBADAB,Apidra 100units/ml solution for injection 3ml OptiClik cartridges,1,12.0,72.65
201502,NI,0601011P0BBAEAC,Apidra 100units/ml solution for injection 3ml pre-filled SoloStar pen,475,3463.0,19600.58
201503,NI,0601011A0BBAAAA,NovoRapid 100units/ml solution for injection 10ml vials,388,1502.0,21148.16
201503,NI,0601011A0BBABAB,NovoRapid Penfill 100units/ml solution for injection 3ml cartridges,1217,9897.0,56036.81
201503,NI,0601011A0BBADAC,NovoRapid FlexPen 100units/ml solution for injection 3ml pre-filled pen,4124,30245.0,185099.4
201503,NI,0601011A0BBAEAC,NovoRapid FlexTouch 100units/ml solution for injection 3ml pre-filled pen,63,500.0,3213.0
201503,NI,0601011L0BBABAB,Humalog 100units/ml solution for injection 10ml vials,89,363.0,6029.43
201503,NI,0601011L0BBACAC,Humalog 100units/ml solution for injection 3ml cartridges,332,2918.0,16521.72
201503,NI,0601011L0BBAGAF,Humalog KwikPen 100units/ml solution for injection 3ml pre-filled pen,654,4722.0,27822.02
201503,NI,0601011N0BCAAAA,Hypurin Bovine Neutral 100units/ml solution for injection 10ml vials,4,12.0,332.64
201503,NI,0601011N0BCAEAC,Hypurin Porcine Neutral 100units/ml solution for injection 10ml vials,14,38.0,957.6
201503,NI,0601011N0BCAGAY,Hypurin Bovine Neutral 100units/ml solution for injection 3ml cartridges,6,36.0,299.38
201503,NI,0601011N0BCAHAZ,Hypurin Porcine Neutral 100units/ml solution for injection 3ml cartridges,11,135.0,1020.6
201503,NI,0601011N0BFAEAL,Actrapid 100units/ml solution for injection 10ml vials,19,67.0,501.16
201503,NI,0601011N0BHAAAG,Humulin S 100units/ml solution for injection 10ml vials,6,27.0,423.36
201503,NI,0601011N0BHADAP,Humulin S 100units/ml solution for injection 3ml cartridges,33,265.0,1011.24
201503,NI,0601011N0BKABAP,Insuman Rapid 100units/ml solution for injection 3ml cartridges,1,5.0,17.5
201503,NI,0601011P0BBAAAA,Apidra 100units/ml solution for injection 10ml vials,44,181.0,2896.0
201503,NI,0601011P0BBABAB,Apidra 100units/ml solution for injection 3ml cartridges,40,344.0,1947.04
201503,NI,0601011P0BBAEAC,Apidra 100units/ml solution for injection 3ml pre-filled SoloStar pen,574,4073.0,23053.18
201504,NI,0601011A0BBAAAA,NovoRapid 100units/ml solution for injection 10ml vials,423,1551.0,21838.08
201504,NI,0601011A0BBABAB,NovoRapid Penfill 100units/ml solution for injection 3ml cartridges,1164,9633.0,54542.03
201504,NI,0601011A0BBADAC,NovoRapid FlexPen 100units/ml solution for injection 3ml pre-filled pen,4063,29998.0,183587.76
201504,NI,0601011A0BBAEAC,NovoRapid FlexTouch 100units/ml solution for injection 3ml pre-filled pen,63,490.0,3148.74
201504,NI,0601011L0BBABAB,Humalog 100units/ml solution for injection 10ml vials,86,341.0,5664.01
201504,NI,0601011L0BBACAC,Humalog 100units/ml solution for injection 3ml cartridges,317,3030.0,17155.86
201504,NI,0601011L0BBAGAF,Humalog KwikPen 100units/ml solution for injection 3ml pre-filled pen,618,4510.0,26572.93
201504,NI,0601011N0BCAAAA,Hypurin Bovine Neutral 100units/ml solution for injection 10ml vials,3,10.0,277.2
201504,NI,0601011N0BCAEAC,Hypurin Porcine Neutral 100units/ml solution for injection 10ml vials,11,39.0,982.8
201504,NI,0601011N0BCAGAY,Hypurin Bovine Neutral 100units/ml solution for injection 3ml cartridges,4,25.0,207.9
201504,NI,0601011N0BCAHAZ,Hypurin Porcine Neutral 100units/ml solution for injection 3ml cartridges,13,120.0,907.2
201504,NI,0601011N0BFAEAL,Actrapid 100units/ml solution for injection 10ml vials,21,71.0,531.08
201504,NI,0601011N0BHAAAG,Humulin S 100units/ml solution for injection 10ml vials,13,53.0,831.0400000000001
201504,NI,0601011N0BHADAP,Humulin S 100units/ml solution for injection 3ml cartridges,40,350.0,1335.6
201504,NI,0601011N0BKABAP,Insuman Rapid 100units/ml solution for injection 3ml cartridges,3,35.0,122.5
201504,NI,0601011N0BKACAM,Insuman Rapid 100units/ml solution for injection 3ml pre-filled OptiSet pen,1,1.0,3.5
201504,NI,0601011P0BBAAAA,Apidra 100units/ml solution for injection 10ml vials,43,206.0,3296.0
201504,NI,0601011P0BBABAB,Apidra 100units/ml solution for injection 3ml cartridges,33,285.0,1613.1
201504,NI,0601011P0BBAEAC,Apidra 100units/ml solution for injection 3ml pre-filled SoloStar pen,494,3569.0,20200.54
201505,NI,0601011A0BBAAAA,NovoRapid 100units/ml solution for injection 10ml vials,433,1752.0,24668.16
201505,NI,0601011A0BBABAB,NovoRapid Penfill 100units/ml solution for injection 3ml cartridges,1142,9265.0,52458.44
201505,NI,0601011A0BBADAC,NovoRapid FlexPen 100units/ml solution for injection 3ml pre-filled pen,4028,29771.0,182198.52
201505,NI,0601011A0BBAEAC,NovoRapid FlexTouch 100units/ml solution for injection 3ml pre-filled pen,72,580.0,3727.08
201505,NI,0601011L0BBABAB,Humalog 100units/ml solution for injection 10ml vials,90,441.0,7325.01
201505,NI,0601011L0BBACAC,Humalog 100units/ml solution for injection 3ml cartridges,334,3145.0,17806.99
201505,NI,0601011L0BBAGAF,Humalog KwikPen 100units/ml solution for injection 3ml pre-filled pen,629,4662.0,27468.51
201505,NI,0601011N0BCAAAA,Hypurin Bovine Neutral 100units/ml solution for injection 10ml vials,3,16.0,443.52
201505,NI,0601011N0BCAEAC,Hypurin Porcine Neutral 100units/ml solution for injection 10ml vials,9,27.0,680.4
201505,NI,0601011N0BCAGAY,Hypurin Bovine Neutral 100units/ml solution for injection 3ml cartridges,5,30.0,249.48
201505,NI,0601011N0BCAHAZ,Hypurin Porcine Neutral 100units/ml solution for injection 3ml cartridges,16,135.0,1020.6
201505,NI,0601011N0BFAEAL,Actrapid 100units/ml solution for injection 10ml vials,15,44.0,329.12
201505,NI,0601011N0BHAAAG,Humulin S 100units/ml solution for injection 10ml vials,10,30.0,470.4
201505,NI,0601011N0BHADAP,Humulin S 100units/ml solution for injection 3ml cartridges,44,383.0,1461.53
201505,NI,0601011N0BKABAP,Insuman Rapid 100units/ml solution for injection 3ml cartridges,3,30.0,105.0
201505,NI,0601011N0BKACAM,Insuman Rapid 100units/ml solution for injection 3ml pre-filled OptiSet pen,1,1.0,3.5
201505,NI,0601011P0BBAAAA,Apidra 100units/ml solution for injection 10ml vials,37,131.0,2096.0
201505,NI,0601011P0BBABAB,Apidra 100units/ml solution for injection 3ml cartridges,43,338.0,1913.08
201505,NI,0601011P0BBAEAC,Apidra 100units/ml solution for injection 3ml pre-filled SoloStar pen,548,3784.0,21417.44
201506,NI,0601011A0BBAAAA,NovoRapid 100units/ml solution for injection 10ml vials,475,1862.0,26216.96
201506,NI,0601011A0BBABAB,NovoRapid Penfill 100units/ml solution for injection 3ml cartridges,1218,10224.0,57888.3
201506,NI,0601011A0BBADAC,NovoRapid FlexPen 100units/ml solution for injection 3ml pre-filled pen,4203,30923.0,189248.76
201506,NI,0601011A0BBAEAC,NovoRapid FlexTouch 100units/ml solution for injection 3ml pre-filled pen,74,641.0,4119.070000000001
201506,NI,0601011L0BBABAB,Humalog 100units/ml solution for injection 10ml vials,116,544.0,9035.84
201506,NI,0601011L0BBACAC,Humalog 100units/ml solution for injection 3ml cartridges,334,3233.0,18305.25
201506,NI,0601011L0BBAGAF,Humalog KwikPen 100units/ml solution for injection 3ml pre-filled pen,630,4567.0,26908.77
201506,NI,0601011N0BCAAAA,Hypurin Bovine Neutral 100units/ml solution for injection 10ml vials,2,3.0,83.16
201506,NI,0601011N0BCAEAC,Hypurin Porcine Neutral 100units/ml solution for injection 10ml vials,15,53.0,1335.6
201506,NI,0601011N0BCAGAY,Hypurin Bovine Neutral 100units/ml solution for injection 3ml cartridges,3,25.0,207.9
201506,NI,0601011N0BCAHAZ,Hypurin Porcine Neutral 100units/ml solution for injection 3ml cartridges,13,125.0,945.0
201506,NI,0601011N0BFAEAL,Actrapid 100units/ml solution for injection 10ml vials,17,55.0,411.4
201506,NI,0601011N0BHAAAG,Humulin S 100units/ml solution for injection 10ml vials,9,42.0,658.5600000000001
201506,NI,0601011N0BHADAP,Humulin S 100units/ml solution for injection 3ml cartridges,53,484.0,1846.95
201506,NI,0601011N0BKABAP,Insuman Rapid 100units/ml solution for injection 3ml cartridges,2,15.0,52.5
201506,NI,0601011P0BBAAAA,Apidra 100units/ml solution for injection 10ml vials,50,227.0,3632.0
201506,NI,0601011P0BBABAB,Apidra 100units/ml solution for injection 3ml cartridges,33,336.0,1901.76
201506,NI,0601011P0BBAEAC,Apidra 100units/ml solution for injection 3ml pre-filled SoloStar pen,522,3748.0,21213.68
201507,NI,0601011A0BBAAAA,NovoRapid 100units/ml solution for injection 10ml vials,472,1819.0,25611.52
201507,NI,0601011A0BBABAB,NovoRapid Penfill 100units/ml solution for injection 3ml cartridges,1301,10645.0,60271.99
201507,NI,0601011A0BBADAC,NovoRapid FlexPen 100units/ml solution for injection 3ml pre-filled pen,4454,32959.0,201709.08
201507,NI,0601011A0BBAEAC,NovoRapid FlexTouch 100units/ml solution for injection 3ml pre-filled pen,71,580.0,3727.08
201507,NI,0601011L0BBABAB,Humalog 100units/ml solution for injection 10ml vials,101,437.0,7258.57
201507,NI,0601011L0BBACAC,Humalog 100units/ml solution for injection 3ml cartridges,352,3240.0,18344.89
201507,NI,0601011L0BBAGAF,Humalog KwikPen 100units/ml solution for injection 3ml pre-filled pen,698,5159.0,30396.82
201507,NI,0601011N0BCAAAA,Hypurin Bovine Neutral 100units/ml solution for injection 10ml vials,4,13.0,360.36
201507,NI,0601011N0BCAEAC,Hypurin Porcine Neutral 100units/ml solution for injection 10ml vials,17,74.0,1864.8
201507,NI,0601011N0BCAGAY,Hypurin Bovine Neutral 100units/ml solution for injection 3ml cartridges,4,30.0,249.48
201507,NI,0601011N0BCAHAZ,Hypurin Porcine Neutral 100units/ml solution for injection 3ml cartridges,11,110.0,831.5999999999999
201507,NI,0601011N0BFAEAL,Actrapid 100units/ml solution for injection 10ml vials,21,87.0,650.76
201507,NI,0601011N0BHAAAG,Humulin S 100units/ml solution for injection 10ml vials,9,34.0,533.12
201507,NI,0601011N0BHADAP,Humulin S 100units/ml solution for injection 3ml cartridges,42,395.0,1507.32
201507,NI,0601011N0BKABAP,Insuman Rapid 100units/ml solution for injection 3ml cartridges,1,5.0,17.5
201507,NI,0601011P0BBAAAA,Apidra 100units/ml solution for injection 10ml vials,47,182.0,2912.0
201507,NI,0601011P0BBABAB,Apidra 100units/ml solution for injection 3ml cartridges,44,403.0,2280.98
201507,NI,0601011P0BBADAB,Apidra 100units/ml solution for injection 3ml OptiClik cartridges,1,20.0,121.08
201507,NI,0601011P0BBAEAC,Apidra 100units/ml solution for injection 3ml pre-filled SoloStar pen,565,3943.0,22317.38
201508,NI,0601011A0BBAAAA,NovoRapid 100units/ml solution for injection 10ml vials,412,1568.0,22077.44
201508,NI,0601011A0BBABAB,NovoRapid Penfill 100units/ml solution for injection 3ml cartridges,1157,9267.0,52469.75
201508,NI,0601011A0BBADAC,NovoRapid FlexPen 100units/ml solution for injection 3ml pre-filled pen,3964,29070.0,177908.4
201508,NI,0601011A0BBAEAC,NovoRapid FlexTouch 100units/ml solution for injection 3ml pre-filled pen,65,542.0,3482.8900000000003
201508,NI,0601011L0BBABAB,Humalog 100units/ml solution for injection 10ml vials,74,341.0,5664.01
201508,NI,0601011L0BBACAC,Humalog 100units/ml solution for injection 3ml cartridges,307,2855.0,16165.01
201508,NI,0601011L0BBAGAF,Humalog KwikPen 100units/ml solution for injection 3ml pre-filled pen,591,4368.0,25736.26
201508,NI,0601011N0BCAAAA,Hypurin Bovine Neutral 100units/ml solution for injection 10ml vials,5,20.0,554.4
201508,NI,0601011N0BCAEAC,Hypurin Porcine Neutral 100units/ml solution for injection 10ml vials,12,46.0,1159.2
201508,NI,0601011N0BCAGAY,Hypurin Bovine Neutral 100units/ml solution for injection 3ml cartridges,2,15.0,124.74
201508,NI,0601011N0BCAHAZ,Hypurin Porcine Neutral 100units/ml solution for injection 3ml cartridges,18,207.0,1564.92
201508,NI,0601011N0BFAEAL,Actrapid 100units/ml solution for injection 10ml vials,17,57.0,426.36
201508,NI,0601011N0BHAAAG,Humulin S 100units/ml solution for injection 10ml vials,10,41.0,642.88
201508,NI,0601011N0BHADAP,Humulin S 100units/ml solution for injection 3ml cartridges,43,365.0,1392.84
201508,NI,0601011N0BKABAP,Insuman Rapid 100units/ml solution for injection 3ml cartridges,2,25.0,87.5
201508,NI,0601011P0BBAAAA,Apidra 100units/ml solution for injection 10ml vials,41,173.0,2768.0
201508,NI,0601011P0BBABAB,Apidra 100units/ml solution for injection 3ml cartridges,37,289.0,1635.74
201508,NI,0601011P0BBAEAC,Apidra 100units/ml solution for injection 3ml pre-filled SoloStar pen,515,3818.0,21609.88
201509,NI,0601011A0BBAAAA,NovoRapid 100units/ml solution for injection 10ml vials,451,1783.0,25104.64
201509,NI,0601011A0BBABAB,NovoRapid Penfill 100units/ml solution for injection 3ml cartridges,1178,9882.0,55951.88
201509,NI,0601011A0BBADAC,NovoRapid FlexPen 100units/ml solution for injection 3ml pre-filled pen,4086,30413.0,186127.56
201509,NI,0601011A0BBAEAC,NovoRapid FlexTouch 100units/ml solution for injection 3ml pre-filled pen,88,742.0,4768.09
201509,NI,0601011L0BBABAB,Humalog 100units/ml solution for injection 10ml vials,89,441.0,7325.01
201509,NI,0601011L0BBACAC,Humalog 100units/ml solution for injection 3ml cartridges,344,3215.0,18203.33
201509,NI,0601011L0BBAGAF,Humalog KwikPen 100units/ml solution for injection 3ml pre-filled pen,625,4679.0,27568.68
201509,NI,0601011N0BCAAAA,Hypurin Bovine Neutral 100units/ml solution for injection 10ml vials,3,7.0,194.04
201509,NI,0601011N0BCAEAC,Hypurin Porcine Neutral 100units/ml solution for injection 10ml vials,7,30.0,756.0
201509,NI,0601011N0BCAGAY,Hypurin Bovine Neutral 100units/ml solution for injection 3ml cartridges,4,30.0,249.48
201509,NI,0601011N0BCAHAZ,Hypurin Porcine Neutral 100units/ml solution for injection 3ml cartridges,9,100.0,756.0
201509,NI,0601011N0BFAEAL,Actrapid 100units/ml solution for injection 10ml vials,18,72.0,538.5600000000001
201509,NI,0601011N0BHAAAG,Humulin S 100units/ml solution for injection 10ml vials,8,35.0,548.8000000000001
201509,NI,0601011N0BHADAP,Humulin S 100units/ml solution for injection 3ml cartridges,36,312.0,1190.6
201509,NI,0601011N0BKABAP,Insuman Rapid 100units/ml solution for injection 3ml cartridges,3,35.0,122.5
201509,NI,0601011P0BBAAAA,Apidra 100units/ml solution for injection 10ml vials,41,157.0,2512.0
201509,NI,0601011P0BBABAB,Apidra 100units/ml solution for injection 3ml cartridges,40,359.0,2031.94
201509,NI,0601011P0BBAEAC,Apidra 100units/ml solution for injection 3ml pre-filled SoloStar pen,522,3600.0,20376.0
201510,NI,0601011A0BBAAAA,NovoRapid 100units/ml solution for injection 10ml vials,469,1808.0,25456.64
201510,NI,0601011A0BBABAB,NovoRapid Penfill 100units/ml solution for injection 3ml cartridges,1186,9596.0,54332.55
201510,NI,0601011A0BBADAC,NovoRapid FlexPen 100units/ml solution for injection 3ml pre-filled pen,4183,30604.0,187296.48
201510,NI,0601011A0BBAEAC,NovoRapid FlexTouch 100units/ml solution for injection 3ml pre-filled pen,78,640.0,4112.64
201510,NI,0601011L0BBABAB,Humalog 100units/ml solution for injection 10ml vials,94,415.0,6893.15
201510,NI,0601011L0BBACAC,Humalog 100units/ml solution for injection 3ml cartridges,308,2810.0,15910.22
201510,NI,0601011L0BBAGAF,Humalog KwikPen 100units/ml solution for injection 3ml pre-filled pen,668,5039.0,29689.78
201510,NI,0601011N0BCAAAA,Hypurin Bovine Neutral 100units/ml solution for injection 10ml vials,2,8.0,221.76
201510,NI,0601011N0BCAEAC,Hypurin Porcine Neutral 100units/ml solution for injection 10ml vials,14,48.0,1209.6
201510,NI,0601011N0BCAGAY,Hypurin Bovine Neutral 100units/ml solution for injection 3ml cartridges,4,29.0,241.16
201510,NI,0601011N0BCAHAZ,Hypurin Porcine Neutral 100units/ml solution for injection 3ml cartridges,19,200.0,1512.0
201510,NI,0601011N0BFAEAL,Actrapid 100units/ml solution for injection 10ml vials,7,34.0,254.32
201510,NI,0601011N0BHAAAG,Humulin S 100units/ml solution for injection 10ml vials,7,39.0,611.52
201510,NI,0601011N0BHADAP,Humulin S 100units/ml solution for injection 3ml cartridges,45,375.0,1431.0
201510,NI,0601011N0BKABAP,Insuman Rapid 100units/ml solution for injection 3ml cartridges,2,25.0,87.5
201510,NI,0601011P0BBAAAA,Apidra 100units/ml solution for injection 10ml vials,40,176.0,2816.0
201510,NI,0601011P0BBABAB,Apidra 100units/ml solution for injection 3ml cartridges,37,254.0,1437.64
201510,NI,0601011P0BBADAB,Apidra 100units/ml solution for injection 3ml OptiClik cartridges,3,37.0,224.00000000000003
201510,NI,0601011P0BBAEAC,Apidra 100units/ml solution for injection 3ml pre-filled SoloStar pen,556,3959.0,22407.94
201511,NI,0601011A0BBAAAA,NovoRapid 100units/ml solution for injection 10ml vials,431,1619.0,22795.52
201511,NI,0601011A0BBABAB,NovoRapid Penfill 100units/ml solution for injection 3ml cartridges,1153,9170.0,51920.54
201511,NI,0601011A0BBADAC,NovoRapid FlexPen 100units/ml solution for injection 3ml pre-filled pen,4053,29827.0,182541.24
201511,NI,0601011A0BBAEAC,NovoRapid FlexTouch 100units/ml solution for injection 3ml pre-filled pen,76,615.0,3951.99
201511,NI,0601011L0BBABAB,Humalog 100units/ml solution for injection 10ml vials,97,447.0,7424.67
201511,NI,0601011L0BBACAC,Humalog 100units/ml solution for injection 3ml cartridges,322,2913.0,16493.41
201511,NI,0601011L0BBAGAF,Humalog KwikPen 100units/ml solution for injection 3ml pre-filled pen,607,4455.0,26248.85
201511,NI,0601011N0BCAAAA,Hypurin Bovine Neutral 100units/ml solution for injection 10ml vials,3,11.0,304.91999999999996
201511,NI,0601011N0BCAEAC,Hypurin Porcine Neutral 100units/ml solution for injection 10ml vials,7,29.0,730.8
201511,NI,0601011N0BCAGAY,Hypurin Bovine Neutral 100units/ml solution for injection 3ml cartridges,3,20.0,166.32
201511,NI,0601011N0BCAHAZ,Hypurin Porcine Neutral 100units/ml solution for injection 3ml cartridges,12,110.0,831.6
201511,NI,0601011N0BFAEAL,Actrapid 100units/ml solution for injection 10ml vials,25,85.0,635.8
201511,NI,0601011N0BHAAAG,Humulin S 100units/ml solution for injection 10ml vials,6,15.0,235.2
201511,NI,0601011N0BHADAP,Humulin S 100units/ml solution for injection 3ml cartridges,37,325.0,1240.2
201511,NI,0601011N0BKABAP,Insuman Rapid 100units/ml solution for injection 3ml cartridges,3,35.0,122.5
201511,NI,0601011P0BBAAAA,Apidra 100units/ml solution for injection 10ml vials,39,166.0,2656.0
201511,NI,0601011P0BBABAB,Apidra 100units/ml solution for injection 3ml cartridges,36,244.0,1381.04
201511,NI,0601011P0BBAEAC,Apidra 100units/ml solution for injection 3ml pre-filled SoloStar pen,534,3843.0,21751.38
201512,NI,0601011A0BBAAAA,NovoRapid 100units/ml solution for injection 10ml vials,496,1924.0,27089.92
201512,NI,0601011A0BBABAB,NovoRapid Penfill 100units/ml solution for injection 3ml cartridges,1319,10868.0,61534.62
201512,NI,0601011A0BBADAC,NovoRapid FlexPen 100units/ml solution for injection 3ml pre-filled pen,4527,33528.0,205191.36
201512,NI,0601011A0BBAEAC,NovoRapid FlexTouch 100units/ml solution for injection 3ml pre-filled pen,91,629.0,4041.95
201512,NI,0601011L0BBABAB,Humalog 100units/ml solution for injection 10ml vials,104,456.0,7574.16
201512,NI,0601011L0BBACAC,Humalog 100units/ml solution for injection 3ml cartridges,359,3290.0,18627.98
201512,NI,0601011L0BBAGAF,Humalog KwikPen 100units/ml solution for injection 3ml pre-filled pen,703,5247.0,30915.32
201512,NI,0601011N0BCAAAA,Hypurin Bovine Neutral 100units/ml solution for injection 10ml vials,3,8.0,221.76
201512,NI,0601011N0BCAEAC,Hypurin Porcine Neutral 100units/ml solution for injection 10ml vials,6,26.0,655.1999999999999
201512,NI,0601011N0BCAGAY,Hypurin Bovine Neutral 100units/ml solution for injection 3ml cartridges,5,35.0,291.06
201512,NI,0601011N0BCAHAZ,Hypurin Porcine Neutral 100units/ml solution for injection 3ml cartridges,18,199.0,1504.44
201512,NI,0601011N0BFAEAL,Actrapid 100units/ml solution for injection 10ml vials,20,73.0,546.04
201512,NI,0601011N0BHAAAG,Humulin S 100units/ml solution for injection 10ml vials,4,12.0,188.16000000000005
201512,NI,0601011N0BHADAP,Humulin S 100units/ml solution for injection 3ml cartridges,44,356.0,1358.5
201512,NI,0601011N0BKABAP,Insuman Rapid 100units/ml solution for injection 3ml cartridges,4,35.0,122.5
201512,NI,0601011P0BBAAAA,Apidra 100units/ml solution for injection 10ml vials,48,173.0,2768.0
201512,NI,0601011P0BBABAB,Apidra 100units/ml solution for injection 3ml cartridges,33,275.0,1556.5
201512,NI,0601011P0BBADAB,Apidra 100units/ml solution for injection 3ml OptiClik cartridges,2,24.0,145.3
201512,NI,0601011P0BBAEAC,Apidra 100units/ml solution for injection 3ml pre-filled SoloStar pen,579,4290.0,24281.4
201601,NI,0601011A0BBAAAA,NovoRapid 100units/ml solution for injection 10ml vials,443,1729.0,24344.32
201601,NI,0601011A0BBABAB,NovoRapid Penfill 100units/ml solution for injection 3ml cartridges,1162,9381.0,53115.23
201601,NI,0601011A0BBADAC,NovoRapid FlexPen 100units/ml solution for injection 3ml pre-filled pen,4028,29354.0,179646.48
201601,NI,0601011A0BBAEAC,NovoRapid FlexTouch 100units/ml solution for injection 3ml pre-filled pen,88,810.0,5205.06
201601,NI,0601011L0BBABAB,Humalog 100units/ml solution for injection 10ml vials,101,462.0,7673.82
201601,NI,0601011L0BBACAC,Humalog 100units/ml solution for injection 3ml cartridges,297,2860.0,16193.32
201601,NI,0601011L0BBAGAF,Humalog KwikPen 100units/ml solution for injection 3ml pre-filled pen,623,4555.0,26838.05
201601,NI,0601011N0BCAAAA,Hypurin Bovine Neutral 100units/ml solution for injection 10ml vials,1,3.0,83.16
201601,NI,0601011N0BCAEAC,Hypurin Porcine Neutral 100units/ml solution for injection 10ml vials,11,40.0,1008.0
201601,NI,0601011N0BCAGAY,Hypurin Bovine Neutral 100units/ml solution for injection 3ml cartridges,2,15.0,124.74
201601,NI,0601011N0BCAHAZ,Hypurin Porcine Neutral 100units/ml solution for injection 3ml cartridges,10,110.0,831.5999999999999
201601,NI,0601011N0BFAEAL,Actrapid 100units/ml solution for injection 10ml vials,15,72.0,538.56
201601,NI,0601011N0BHAAAG,Humulin S 100units/ml solution for injection 10ml vials,10,43.0,674.24
201601,NI,0601011N0BHADAP,Humulin S 100units/ml solution for injection 3ml cartridges,36,330.0,1259.28
201601,NI,0601011N0BKABAP,Insuman Rapid 100units/ml solution for injection 3ml cartridges,1,5.0,17.5
201601,NI,0601011P0BBAAAA,Apidra 100units/ml solution for injection 10ml vials,38,177.0,2832.0
201601,NI,0601011P0BBABAB,Apidra 100units/ml solution for injection 3ml cartridges,42,369.0,2088.54
201601,NI,0601011P0BBADAB,Apidra 100units/ml solution for injection 3ml OptiClik cartridges,1,12.0,72.65
201601,NI,0601011P0BBAEAC,Apidra 100units/ml solution for injection 3ml pre-filled SoloStar pen,571,4193.0,23732.38
201602,NI,0601011A0BBAAAA,NovoRapid 100units/ml solution for injection 10ml vials,451,1693.0,23837.44
201602,NI,0601011A0BBABAB,NovoRapid Penfill 100units/ml solution for injection 3ml cartridges,1153,9260.0,52430.1
201602,NI,0601011A0BBADAC,NovoRapid FlexPen 100units/ml solution for injection 3ml pre-filled pen,4007,29497.0,180521.64
201602,NI,0601011A0BBAEAC,NovoRapid FlexTouch 100units/ml solution for injection 3ml pre-filled pen,84,668.0,4292.570000000001
201602,NI,0601011L0BBABAB,Humalog 100units/ml solution for injection 10ml vials,92,427.0,7092.47
201602,NI,0601011L0BBACAC,Humalog 100units/ml solution for injection 3ml cartridges,331,3071.0,17388.0
201602,NI,0601011L0BBAGAF,Humalog KwikPen 100units/ml solution for injection 3ml pre-filled pen,646,4743.0,27945.76
201602,NI,0601011N0BCAAAA,Hypurin Bovine Neutral 100units/ml solution for injection 10ml vials,4,14.0,388.08
201602,NI,0601011N0BCAEAC,Hypurin Porcine Neutral 100units/ml solution for injection 10ml vials,7,20.0,504.0
201602,NI,0601011N0BCAGAY,Hypurin Bovine Neutral 100units/ml solution for injection 3ml cartridges,4,30.0,249.48
201602,NI,0601011N0BCAHAZ,Hypurin Porcine Neutral 100units/ml solution for injection 3ml cartridges,16,175.0,1323.0
201602,NI,0601011N0BFAEAL,Actrapid 100units/ml solution for injection 10ml vials,12,44.0,329.12
201602,NI,0601011N0BHAAAG,Humulin S 100units/ml solution for injection 10ml vials,7,25.0,392.0
201602,NI,0601011N0BHADAP,Humulin S 100units/ml solution for injection 3ml cartridges,36,245.0,934.92
201602,NI,0601011N0BKABAP,Insuman Rapid 100units/ml solution for injection 3ml cartridges,3,35.0,122.5
201602,NI,0601011P0BBAAAA,Apidra 100units/ml solution for injection 10ml vials,43,168.0,2688.0
201602,NI,0601011P0BBABAB,Apidra 100units/ml solution for injection 3ml cartridges,35,227.0,1284.82
201602,NI,0601011P0BBAEAC,Apidra 100units/ml solution for injection 3ml pre-filled SoloStar pen,519,3814.0,21587.24
201603,NI,0601011A0BBAAAA,NovoRapid 100units/ml solution for injection 10ml vials,505,1902.0,26780.16
201603,NI,0601011A0BBABAB,NovoRapid Penfill 100units/ml solution for injection 3ml cartridges,1267,10007.0,56659.64
201603,NI,0601011A0BBADAC,NovoRapid FlexPen 100units/ml solution for injection 3ml pre-filled pen,4255,30954.0,189438.48
201603,NI,0601011A0BBAEAC,NovoRapid FlexTouch 100units/ml solution for injection 3ml pre-filled pen,102,817.0,5250.04
201603,NI,0601011L0BBABAB,Humalog 100units/ml solution for injection 10ml vials,105,524.0,8703.64
201603,NI,0601011L0BBACAC,Humalog 100units/ml solution for injection 3ml cartridges,329,2978.0,16861.44
201603,NI,0601011L0BBAGAF,Humalog KwikPen 100units/ml solution for injection 3ml pre-filled pen,647,4734.0,27892.73
201603,NI,0601011N0BCAAAA,Hypurin Bovine Neutral 100units/ml solution for injection 10ml vials,4,14.0,388.08
201603,NI,0601011N0BCAEAC,Hypurin Porcine Neutral 100units/ml solution for injection 10ml vials,11,48.0,1209.6
201603,NI,0601011N0BCAGAY,Hypurin Bovine Neutral 100units/ml solution for injection 3ml cartridges,5,35.0,291.06
201603,NI,0601011N0BCAHAZ,Hypurin Porcine Neutral 100units/ml solution for injection 3ml cartridges,13,134.0,1013.04
201603,NI,0601011N0BFAEAL,Actrapid 100units/ml solution for injection 10ml vials,16,62.0,463.76
201603,NI,0601011N0BHAAAG,Humulin S 100units/ml solution for injection 10ml vials,4,22.0,344.96
201603,NI,0601011N0BHADAP,Humulin S 100units/ml solution for injection 3ml cartridges,43,358.0,1366.13
201603,NI,0601011N0BKABAP,Insuman Rapid 100units/ml solution for injection 3ml cartridges,2,10.0,35.0
201603,NI,0601011P0BBAAAA,Apidra 100units/ml solution for injection 10ml vials,49,215.0,3440.0
201603,NI,0601011P0BBABAB,Apidra 100units/ml solution for injection 3ml cartridges,48,380.0,2150.8
201603,NI,0601011P0BBAEAC,Apidra 100units/ml solution for injection 3ml pre-filled SoloStar pen,564,4057.0,22962.62
201604,NI,0601011A0BBAAAA,NovoRapid 100units/ml solution for injection 10ml vials,498,1850.0,26048.0
201604,NI,0601011A0BBABAB,NovoRapid Penfill 100units/ml solution for injection 3ml cartridges,1263,10013.0,56693.59
201604,NI,0601011A0BBADAC,NovoRapid FlexPen 100units/ml solution for injection 3ml pre-filled pen,4280,31351.0,191868.12
201604,NI,0601011A0BBAEAC,NovoRapid FlexTouch 100units/ml solution for injection 3ml pre-filled pen,85,765.0,4915.89
201604,NI,0601011L0BBABAB,Humalog 100units/ml solution for injection 10ml vials,106,496.0,8238.56
201604,NI,0601011L0BBACAC,Humalog 100units/ml solution for injection 3ml cartridges,329,2958.0,16748.2
201604,NI,0601011L0BBAGAF,Humalog KwikPen 100units/ml solution for injection 3ml pre-filled pen,669,4932.0,29059.34
201604,NI,0601011N0BCAAAA,Hypurin Bovine Neutral 100units/ml solution for injection 10ml vials,2,8.0,221.76
201604,NI,0601011N0BCAEAC,Hypurin Porcine Neutral 100units/ml solution for injection 10ml vials,8,28.0,705.6
201604,NI,0601011N0BCAGAY,Hypurin Bovine Neutral 100units/ml solution for injection 3ml cartridges,2,20.0,166.32
201604,NI,0601011N0BCAHAZ,Hypurin Porcine Neutral 100units/ml solution for injection 3ml cartridges,17,176.0,1330.56
201604,NI,0601011N0BFAEAL,Actrapid 100units/ml solution for injection 10ml vials,14,56.0,418.88
201604,NI,0601011N0BHAAAG,Humulin S 100units/ml solution for injection 10ml vials,12,37.0,580.16
201604,NI,0601011N0BHADAP,Humulin S 100units/ml solution for injection 3ml cartridges,43,430.0,1640.88
201604,NI,0601011N0BKABAP,Insuman Rapid 100units/ml solution for injection 3ml cartridges,3,30.0,105.0
201604,NI,0601011P0BBAAAA,Apidra 100units/ml solution for injection 10ml vials,52,229.0,3664.0
201604,NI,0601011P0BBABAB,Apidra 100units/ml solution for injection 3ml cartridges,45,369.0,2088.54
201604,NI,0601011P0BBAEAC,Apidra 100units/ml solution for injection 3ml pre-filled SoloStar pen,556,3999.0,22634.34
201605,NI,0601011A0BBAAAA,NovoRapid 100units/ml solution for injection 10ml vials,501,1945.0,27385.6
201605,NI,0601011A0BBABAB,NovoRapid Penfill 100units/ml solution for injection 3ml cartridges,1232,9811.0,55549.87
201605,NI,0601011A0BBADAC,NovoRapid FlexPen 100units/ml solution for injection 3ml pre-filled pen,4277,31694.0,193967.28
201605,NI,0601011A0BBAEAC,NovoRapid FlexTouch 100units/ml solution for injection 3ml pre-filled pen,89,644.0,4138.34
201605,NI,0601011L0BBABAB,Humalog 100units/ml solution for injection 10ml vials,74,315.0,5232.15
201605,NI,0601011L0BBACAC,Humalog 100units/ml solution for injection 3ml cartridges,344,3331.0,18860.12
201605,NI,0601011L0BBAGAF,Humalog KwikPen 100units/ml solution for injection 3ml pre-filled pen,644,4852.0,28587.98
201605,NI,0601011N0BCAAAA,Hypurin Bovine Neutral 100units/ml solution for injection 10ml vials,2,8.0,221.76
201605,NI,0601011N0BCAEAC,Hypurin Porcine Neutral 100units/ml solution for injection 10ml vials,12,40.0,1008.0
201605,NI,0601011N0BCAGAY,Hypurin Bovine Neutral 100units/ml solution for injection 3ml cartridges,3,20.0,166.32
201605,NI,0601011N0BCAHAZ,Hypurin Porcine Neutral 100units/ml solution for injection 3ml cartridges,10,105.0,793.8
201605,NI,0601011N0BFAEAL,Actrapid 100units/ml solution for injection 10ml vials,19,59.0,441.32
201605,NI,0601011N0BHAAAG,Humulin S 100units/ml solution for injection 10ml vials,7,33.0,517.44
201605,NI,0601011N0BHADAP,Humulin S 100units/ml solution for injection 3ml cartridges,39,331.0,1263.1
201605,NI,0601011N0BKABAP,Insuman Rapid 100units/ml solution for injection 3ml cartridges,1,5.0,17.5
201605,NI,0601011P0BBAAAA,Apidra 100units/ml solution for injection 10ml vials,40,151.0,2416.0
201605,NI,0601011P0BBABAB,Apidra 100units/ml solution for injection 3ml cartridges,43,349.0,1975.34
201605,NI,0601011P0BBAEAC,Apidra 100units/ml solution for injection 3ml pre-filled SoloStar pen,589,4341.0,24570.06
201606,NI,0601011A0BBAAAA,NovoRapid 100units/ml solution for injection 10ml vials,571,2239.0,31525.12
201606,NI,0601011A0BBABAB,NovoRapid Penfill 100units/ml solution for injection 3ml cartridges,1317,10520.0,59564.24
201606,NI,0601011A0BBADAC,NovoRapid FlexPen 100units/ml solution for injection 3ml pre-filled pen,4522,32926.0,201507.12
201606,NI,0601011A0BBAEAC,NovoRapid FlexTouch 100units/ml solution for injection 3ml pre-filled pen,97,740.0,4755.240000000001
201606,NI,0601011L0BBABAB,Humalog 100units/ml solution for injection 10ml vials,112,485.0,8055.85
201606,NI,0601011L0BBACAC,Humalog 100units/ml solution for injection 3ml cartridges,331,3071.0,17388.01
201606,NI,0601011L0BBAGAF,Humalog KwikPen 100units/ml solution for injection 3ml pre-filled pen,675,4993.0,29418.76
201606,NI,0601011N0BCAAAA,Hypurin Bovine Neutral 100units/ml solution for injection 10ml vials,3,10.0,277.2
201606,NI,0601011N0BCAEAC,Hypurin Porcine Neutral 100units/ml solution for injection 10ml vials,8,22.0,554.4
201606,NI,0601011N0BCAGAY,Hypurin Bovine Neutral 100units/ml solution for injection 3ml cartridges,2,10.0,83.16
201606,NI,0601011N0BCAHAZ,Hypurin Porcine Neutral 100units/ml solution for injection 3ml cartridges,13,135.0,1020.6
201606,NI,0601011N0BFAEAL,Actrapid 100units/ml solution for injection 10ml vials,16,52.0,388.96
201606,NI,0601011N0BHAAAG,Humulin S 100units/ml solution for injection 10ml vials,9,44.0,689.92
201606,NI,0601011N0BHADAP,Humulin S 100units/ml solution for injection 3ml cartridges,37,310.0,1182.96
201606,NI,0601011N0BKABAP,Insuman Rapid 100units/ml solution for injection 3ml cartridges,4,35.0,122.5
201606,NI,0601011P0BBAAAA,Apidra 100units/ml solution for injection 10ml vials,49,236.0,3776.0
201606,NI,0601011P0BBABAB,Apidra 100units/ml solution for injection 3ml cartridges,44,359.0,2031.94
201606,NI,0601011P0BBAEAC,Apidra 100units/ml solution for injection 3ml pre-filled SoloStar pen,576,4068.0,23024.88
201607,NI,0601011A0BBAAAA,NovoRapid 100units/ml solution for injection 10ml vials,532,2099.0,29553.92
201607,NI,0601011A0BBABAB,NovoRapid Penfill 100units/ml solution for injection 3ml cartridges,1275,10115.0,57271.12
201607,NI,0601011A0BBADAC,NovoRapid FlexPen 100units/ml solution for injection 3ml pre-filled pen,4252,31419.0,192284.28
201607,NI,0601011A0BBAEAC,NovoRapid FlexTouch 100units/ml solution for injection 3ml pre-filled pen,99,740.0,4755.24
201607,NI,0601011L0BBABAB,Humalog 100units/ml solution for injection 10ml vials,97,501.0,8321.61
201607,NI,0601011L0BBACAC,Humalog 100units/ml solution for injection 3ml cartridges,308,2800.0,15853.6
201607,NI,0601011L0BBAGAF,Humalog KwikPen 100units/ml solution for injection 3ml pre-filled pen,631,4639.0,27332.99
201607,NI,0601011N0BCAAAA,Hypurin Bovine Neutral 100units/ml solution for injection 10ml vials,3,17.0,471.24
201607,NI,0601011N0BCAEAC,Hypurin Porcine Neutral 100units/ml solution for injection 10ml vials,9,33.0,831.5999999999999
201607,NI,0601011N0BCAGAY,Hypurin Bovine Neutral 100units/ml solution for injection 3ml cartridges,3,20.0,166.32
201607,NI,0601011N0BCAHAZ,Hypurin Porcine Neutral 100units/ml solution for injection 3ml cartridges,11,115.0,869.4
201607,NI,0601011N0BFAEAL,Actrapid 100units/ml solution for injection 10ml vials,22,75.0,561.0
201607,NI,0601011N0BHAAAG,Humulin S 100units/ml solution for injection 10ml vials,10,41.0,642.88
201607,NI,0601011N0BHADAP,Humulin S 100units/ml solution for injection 3ml cartridges,44,375.0,1431.0
201607,NI,0601011N0BKABAP,Insuman Rapid 100units/ml solution for injection 3ml cartridges,2,15.0,52.5
201607,NI,0601011P0BBAAAA,Apidra 100units/ml solution for injection 10ml vials,43,187.0,2992.0
201607,NI,0601011P0BBABAB,Apidra 100units/ml solution for injection 3ml cartridges,47,413.0,2337.58
201607,NI,0601011P0BBAEAC,Apidra 100units/ml solution for injection 3ml pre-filled SoloStar pen,577,4335.0,24536.1
201608,NI,0601011A0BBAAAA,NovoRapid 100units/ml solution for injection 10ml vials,495,1913.0,26935.04
201608,NI,0601011A0BBABAB,NovoRapid Penfill 100units/ml solution for injection 3ml cartridges,1316,10624.0,60153.09
201608,NI,0601011A0BBADAC,NovoRapid FlexPen 100units/ml solution for injection 3ml pre-filled pen,4328,31563.0,193165.56
201608,NI,0601011A0BBAEAC,NovoRapid FlexTouch 100units/ml solution for injection 3ml pre-filled pen,101,715.0,4594.59
201608,NI,0601011L0BBABAB,Humalog 100units/ml solution for injection 10ml vials,92,402.0,6677.22
201608,NI,0601011L0BBACAC,Humalog 100units/ml solution for injection 3ml cartridges,353,3459.0,19584.86
201608,NI,0601011L0BBAGAF,Humalog KwikPen 100units/ml solution for injection 3ml pre-filled pen,677,4858.0,28623.34
201608,NI,0601011N0BCAAAA,Hypurin Bovine Neutral 100units/ml solution for injection 10ml vials,2,3.0,83.16
201608,NI,0601011N0BCAEAC,Hypurin Porcine Neutral 100units/ml solution for injection 10ml vials,12,50.0,1260.0
201608,NI,0601011N0BCAGAY,Hypurin Bovine Neutral 100units/ml solution for injection 3ml cartridges,2,10.0,83.16
201608,NI,0601011N0BCAHAZ,Hypurin Porcine Neutral 100units/ml solution for injection 3ml cartridges,13,107.0,808.92
201608,NI,0601011N0BFAEAL,Actrapid 100units/ml solution for injection 10ml vials,15,52.0,388.96
201608,NI,0601011N0BHAAAG,Humulin S 100units/ml solution for injection 10ml vials,9,29.0,454.72
201608,NI,0601011N0BHADAP,Humulin S 100units/ml solution for injection 3ml cartridges,46,351.0,1339.4199999999998
201608,NI,0601011N0BKABAP,Insuman Rapid 100units/ml solution for injection 3ml cartridges,1,5.0,17.5
201608,NI,0601011P0BBAAAA,Apidra 100units/ml solution for injection 10ml vials,54,274.0,4384.0
201608,NI,0601011P0BBABAB,Apidra 100units/ml solution for injection 3ml cartridges,44,330.0,1867.8
201608,NI,0601011P0BBAEAC,Apidra 100units/ml solution for injection 3ml pre-filled SoloStar pen,603,4231.0,23947.46
201609,NI,0601011A0BBAAAA,NovoRapid 100units/ml solution for injection 10ml vials,555,2185.0,30764.8
201609,NI,0601011A0BBABAB,NovoRapid Penfill 100units/ml solution for injection 3ml cartridges,1258,10007.0,56659.62
201609,NI,0601011A0BBADAC,NovoRapid FlexPen 100units/ml solution for injection 3ml pre-filled pen,4416,32611.0,199579.32
201609,NI,0601011A0BBAEAC,NovoRapid FlexTouch 100units/ml solution for injection 3ml pre-filled pen,102,769.0,4941.6
201609,NI,0601011L0BBABAB,Humalog 100units/ml solution for injection 10ml vials,109,539.0,8952.789999999999
201609,NI,0601011L0BBACAC,Humalog 100units/ml solution for injection 3ml cartridges,298,2776.0,15717.71
201609,NI,0601011L0BBAGAF,Humalog KwikPen 100units/ml solution for injection 3ml pre-filled pen,653,4724.0,27833.82
201609,NI,0601011N0BCAEAC,Hypurin Porcine Neutral 100units/ml solution for injection 10ml vials,4,10.0,252.0
201609,NI,0601011N0BCAGAY,Hypurin Bovine Neutral 100units/ml solution for injection 3ml cartridges,1,5.0,41.58
201609,NI,0601011N0BCAHAZ,Hypurin Porcine Neutral 100units/ml solution for injection 3ml cartridges,14,155.0,1171.8
201609,NI,0601011N0BFAEAL,Actrapid 100units/ml solution for injection 10ml vials,16,59.0,441.32
201609,NI,0601011N0BHAAAG,Humulin S 100units/ml solution for injection 10ml vials,3,9.0,141.12
201609,NI,0601011N0BHADAP,Humulin S 100units/ml solution for injection 3ml cartridges,37,275.0,1049.4
201609,NI,0601011N0BKABAP,Insuman Rapid 100units/ml solution for injection 3ml cartridges,2,12.0,42.0
201609,NI,0601011P0BBAAAA,Apidra 100units/ml solution for injection 10ml vials,39,155.0,2480.0
201609,NI,0601011P0BBABAB,Apidra 100units/ml solution for injection 3ml cartridges,51,384.0,2173.44
201609,NI,0601011P0BBAEAC,Apidra 100units/ml solution for injection 3ml pre-filled SoloStar pen,593,4438.0,25119.08
201610,NI,0601011A0BBAAAA,NovoRapid 100units/ml solution for injection 10ml vials,473,1837.0,25864.96
201610,NI,0601011A0BBABAB,NovoRapid Penfill 100units/ml solution for injection 3ml cartridges,1167,9243.0,52333.86
201610,NI,0601011A0BBADAC,NovoRapid FlexPen 100units/ml solution for injection 3ml pre-filled pen,4199,30384.0,185950.08
201610,NI,0601011A0BBAEAC,NovoRapid FlexTouch 100units/ml solution for injection 3ml pre-filled pen,106,800.0,5140.8
201610,NI,0601011L0BBABAB,Humalog 100units/ml solution for injection 10ml vials,107,509.0,8454.49
201610,NI,0601011L0BBACAC,Humalog 100units/ml solution for injection 3ml cartridges,308,2863.0,16210.31
201610,NI,0601011L0BBAGAF,Humalog KwikPen 100units/ml solution for injection 3ml pre-filled pen,633,4655.0,27427.26
201610,NI,0601011N0BCAAAA,Hypurin Bovine Neutral 100units/ml solution for injection 10ml vials,6,20.0,554.4
201610,NI,0601011N0BCAEAC,Hypurin Porcine Neutral 100units/ml solution for injection 10ml vials,8,29.0,730.8
201610,NI,0601011N0BCAGAY,Hypurin Bovine Neutral 100units/ml solution for injection 3ml cartridges,2,15.0,124.74
201610,NI,0601011N0BCAHAZ,Hypurin Porcine Neutral 100units/ml solution for injection 3ml cartridges,9,105.0,793.8
201610,NI,0601011N0BFAEAL,Actrapid 100units/ml solution for injection 10ml vials,14,43.0,321.64
201610,NI,0601011N0BHAAAG,Humulin S 100units/ml solution for injection 10ml vials,12,52.0,815.36
201610,NI,0601011N0BHADAP,Humulin S 100units/ml solution for injection 3ml cartridges,41,346.0,1320.34
201610,NI,0601011N0BKABAP,Insuman Rapid 100units/ml solution for injection 3ml cartridges,1,1.0,3.5
201610,NI,0601011P0BBAAAA,Apidra 100units/ml solution for injection 10ml vials,47,197.0,3152.0
201610,NI,0601011P0BBABAB,Apidra 100units/ml solution for injection 3ml cartridges,48,343.0,1941.38
201610,NI,0601011P0BBAEAC,Apidra 100units/ml solution for injection 3ml pre-filled SoloStar pen,549,4000.0,22640.0
201611,NI,0601011A0BBAAAA,NovoRapid 100units/ml solution for injection 10ml vials,522,1986.0,27962.88
201611,NI,0601011A0BBABAB,NovoRapid Penfill 100units/ml solution for injection 3ml cartridges,1282,10182.0,57650.48
201611,NI,0601011A0BBADAC,NovoRapid FlexPen 100units/ml solution for injection 3ml pre-filled pen,4334,31511.0,192847.32
201611,NI,0601011A0BBAEAC,NovoRapid FlexTouch 100units/ml solution for injection 3ml pre-filled pen,105,789.0,5070.110000000001
201611,NI,0601011L0BBABAB,Humalog 100units/ml solution for injection 10ml vials,97,449.0,7457.89
201611,NI,0601011L0BBACAC,Humalog 100units/ml solution for injection 3ml cartridges,303,2616.0,14811.8
201611,NI,0601011L0BBAGAF,Humalog KwikPen 100units/ml solution for injection 3ml pre-filled pen,648,4765.0,28075.39
201611,NI,0601011N0BCAAAA,Hypurin Bovine Neutral 100units/ml solution for injection 10ml vials,2,6.0,166.32
201611,NI,0601011N0BCAEAC,Hypurin Porcine Neutral 100units/ml solution for injection 10ml vials,7,23.0,579.5999999999999
201611,NI,0601011N0BCAGAY,Hypurin Bovine Neutral 100units/ml solution for injection 3ml cartridges,4,20.0,166.32
201611,NI,0601011N0BCAHAZ,Hypurin Porcine Neutral 100units/ml solution for injection 3ml cartridges,15,180.0,1360.8
201611,NI,0601011N0BFAEAL,Actrapid 100units/ml solution for injection 10ml vials,15,51.0,381.48
201611,NI,0601011N0BHAAAG,Humulin S 100units/ml solution for injection 10ml vials,10,49.0,768.32
201611,NI,0601011N0BHADAP,Humulin S 100units/ml solution for injection 3ml cartridges,38,309.0,1179.15
201611,NI,0601011N0BKABAP,Insuman Rapid 100units/ml solution for injection 3ml cartridges,2,25.0,87.5
201611,NI,0601011P0BBAAAA,Apidra 100units/ml solution for injection 10ml vials,44,192.0,3072.0
201611,NI,0601011P0BBABAB,Apidra 100units/ml solution for injection 3ml cartridges,46,334.0,1890.44
201611,NI,0601011P0BBAEAC,Apidra 100units/ml solution for injection 3ml pre-filled SoloStar pen,602,4314.0,24417.24
201612,NI,0601011A0BBAAAA,NovoRapid 100units/ml solution for injection 10ml vials,572,2280.0,32102.4
201612,NI,0601011A0BBABAB,NovoRapid Penfill 100units/ml solution for injection 3ml cartridges,1308,10137.0,57395.67
201612,NI,0601011A0BBADAC,NovoRapid FlexPen 100units/ml solution for injection 3ml pre-filled pen,4648,34269.0,209726.28
201612,NI,0601011A0BBAEAC,NovoRapid FlexTouch 100units/ml solution for injection 3ml pre-filled pen,113,875.0,5622.75
201612,NI,0601011A0BBAFAD,NovoRapid PumpCart 100units/ml solution for injection 1.6ml cartridges,16,150.0,453.0
201612,NI,0601011L0BBABAB,Humalog 100units/ml solution for injection 10ml vials,112,599.0,9949.39
201612,NI,0601011L0BBACAC,Humalog 100units/ml solution for injection 3ml cartridges,322,2821.0,15972.5
201612,NI,0601011L0BBAGAF,Humalog KwikPen 100units/ml solution for injection 3ml pre-filled pen,702,5006.0,29495.36
201612,NI,0601011L0BBAHAG,Humalog KwikPen 200units/ml solution for injection 3ml pre-filled pen,24,155.0,1826.52
201612,NI,0601011N0BCAAAA,Hypurin Bovine Neutral 100units/ml solution for injection 10ml vials,2,7.0,194.04
201612,NI,0601011N0BCAEAC,Hypurin Porcine Neutral 100units/ml solution for injection 10ml vials,12,52.0,1310.4
201612,NI,0601011N0BCAGAY,Hypurin Bovine Neutral 100units/ml solution for injection 3ml cartridges,5,22.0,182.95
201612,NI,0601011N0BCAHAZ,Hypurin Porcine Neutral 100units/ml solution for injection 3ml cartridges,10,106.0,801.36
201612,NI,0601011N0BFAEAL,Actrapid 100units/ml solution for injection 10ml vials,14,63.0,471.24
201612,NI,0601011N0BHAAAG,Humulin S 100units/ml solution for injection 10ml vials,7,24.0,376.32
201612,NI,0601011N0BHADAP,Humulin S 100units/ml solution for injection 3ml cartridges,48,395.0,1507.32
201612,NI,0601011N0BKABAP,Insuman Rapid 100units/ml solution for injection 3ml cartridges,2,15.0,52.5
201612,NI,0601011P0AAACAC,-,1,10.0,56.6
201612,NI,0601011P0BBAAAA,Apidra 100units/ml solution for injection 10ml vials,40,150.0,2400.0
201612,NI,0601011P0BBABAB,Apidra 100units/ml solution for injection 3ml cartridges,61,490.0,2773.4
201612,NI,0601011P0BBAEAC,Apidra 100units/ml solution for injection 3ml pre-filled SoloStar pen,606,4473.0,25317.18
201701,NI,0601011A0BBAAAA,NovoRapid 100units/ml solution for injection 10ml vials,553,2253.0,31722.24
201701,NI,0601011A0BBABAB,NovoRapid Penfill 100units/ml solution for injection 3ml cartridges,1174,9013.0,51031.6
201701,NI,0601011A0BBADAC,NovoRapid FlexPen 100units/ml solution for injection 3ml pre-filled pen,4269,31059.0,190081.08
201701,NI,0601011A0BBAEAC,NovoRapid FlexTouch 100units/ml solution for injection 3ml pre-filled pen,116,938.0,6027.59
201701,NI,0601011A0BBAFAD,NovoRapid PumpCart 100units/ml solution for injection 1.6ml cartridges,19,320.0,966.4
201701,NI,0601011L0BBABAB,Humalog 100units/ml solution for injection 10ml vials,88,437.0,7258.57
201701,NI,0601011L0BBACAC,Humalog 100units/ml solution for injection 3ml cartridges,308,2906.0,16453.78
201701,NI,0601011L0BBAGAF,Humalog KwikPen 100units/ml solution for injection 3ml pre-filled pen,636,4747.0,27969.32
201701,NI,0601011L0BBAHAG,Humalog KwikPen 200units/ml solution for injection 3ml pre-filled pen,35,285.0,3358.44
201701,NI,0601011N0BCAAAA,Hypurin Bovine Neutral 100units/ml solution for injection 10ml vials,5,26.0,720.72
201701,NI,0601011N0BCAEAC,Hypurin Porcine Neutral 100units/ml solution for injection 10ml vials,9,29.0,730.8
201701,NI,0601011N0BCAGAY,Hypurin Bovine Neutral 100units/ml solution for injection 3ml cartridges,1,10.0,83.16
201701,NI,0601011N0BCAHAZ,Hypurin Porcine Neutral 100units/ml solution for injection 3ml cartridges,8,75.0,567.0
201701,NI,0601011N0BFAEAL,Actrapid 100units/ml solution for injection 10ml vials,17,52.0,388.96
201701,NI,0601011N0BHAAAG,Humulin S 100units/ml solution for injection 10ml vials,4,20.0,313.6
201701,NI,0601011N0BHADAP,Humulin S 100units/ml solution for injection 3ml cartridges,37,262.0,999.79
201701,NI,0601011N0BKABAP,Insuman Rapid 100units/ml solution for injection 3ml cartridges,1,5.0,17.5
201701,NI,0601011P0BBAAAA,Apidra 100units/ml solution for injection 10ml vials,46,213.0,3408.0
201701,NI,0601011P0BBABAB,Apidra 100units/ml solution for injection 3ml cartridges,48,375.0,2122.5
201701,NI,0601011P0BBAEAC,Apidra 100units/ml solution for injection 3ml pre-filled SoloStar pen,582,4321.0,24456.86
201702,NI,0601011A0BBAAAA,NovoRapid 100units/ml solution for injection 10ml vials,491,1954.0,27512.32
201702,NI,0601011A0BBABAB,NovoRapid Penfill 100units/ml solution for injection 3ml cartridges,1143,9291.0,52605.64
201702,NI,0601011A0BBADAC,NovoRapid FlexPen 100units/ml solution for injection 3ml pre-filled pen,4031,29547.0,180827.64
201702,NI,0601011A0BBAEAC,NovoRapid FlexTouch 100units/ml solution for injection 3ml pre-filled pen,107,785.0,5044.410000000001
201702,NI,0601011A0BBAFAD,NovoRapid PumpCart 100units/ml solution for injection 1.6ml cartridges,27,280.0,845.5999999999999
201702,NI,0601011L0BBABAB,Humalog 100units/ml solution for injection 10ml vials,74,344.0,5713.84
201702,NI,0601011L0BBACAC,Humalog 100units/ml solution for injection 3ml cartridges,261,2361.0,13367.98
201702,NI,0601011L0BBAGAF,Humalog KwikPen 100units/ml solution for injection 3ml pre-filled pen,603,4375.0,25777.5
201702,NI,0601011L0BBAHAG,Humalog KwikPen 200units/ml solution for injection 3ml pre-filled pen,42,331.0,3900.5
201702,NI,0601011N0BCAAAA,Hypurin Bovine Neutral 100units/ml solution for injection 10ml vials,1,3.0,83.16
201702,NI,0601011N0BCAEAC,Hypurin Porcine Neutral 100units/ml solution for injection 10ml vials,8,23.0,579.6
201702,NI,0601011N0BCAGAY,Hypurin Bovine Neutral 100units/ml solution for injection 3ml cartridges,2,10.0,83.16
201702,NI,0601011N0BCAHAZ,Hypurin Porcine Neutral 100units/ml solution for injection 3ml cartridges,10,98.0,740.88
201702,NI,0601011N0BFAEAL,Actrapid 100units/ml solution for injection 10ml vials,19,64.0,478.72
201702,NI,0601011N0BHAAAG,Humulin S 100units/ml solution for injection 10ml vials,11,52.0,815.36
201702,NI,0601011N0BHADAP,Humulin S 100units/ml solution for injection 3ml cartridges,39,341.0,1301.26
201702,NI,0601011N0BKABAP,Insuman Rapid 100units/ml solution for injection 3ml cartridges,2,15.0,52.5
201702,NI,0601011P0BBAAAA,Apidra 100units/ml solution for injection 10ml vials,41,159.0,2544.0
201702,NI,0601011P0BBABAB,Apidra 100units/ml solution for injection 3ml cartridges,50,439.0,2484.74
201702,NI,0601011P0BBAEAC,Apidra 100units/ml solution for injection 3ml pre-filled SoloStar pen,537,3851.0,21796.66
201703,NI,0601011A0BBAAAA,NovoRapid 100units/ml solution for injection 10ml vials,563,2171.0,30567.68
201703,NI,0601011A0BBABAB,NovoRapid Penfill 100units/ml solution for injection 3ml cartridges,1292,9997.0,56603.01
201703,NI,0601011A0BBADAC,NovoRapid FlexPen 100units/ml solution for injection 3ml pre-filled pen,4523,33070.0,202388.4
201703,NI,0601011A0BBAEAC,NovoRapid FlexTouch 100units/ml solution for injection 3ml pre-filled pen,122,935.0,6008.31
201703,NI,0601011A0BBAFAD,NovoRapid PumpCart 100units/ml solution for injection 1.6ml cartridges,35,415.0,1253.3
201703,NI,0601011L0BBABAB,Humalog 100units/ml solution for injection 10ml vials,88,478.0,7939.58
201703,NI,0601011L0BBACAC,Humalog 100units/ml solution for injection 3ml cartridges,325,2951.0,16708.57
201703,NI,0601011L0BBAGAF,Humalog KwikPen 100units/ml solution for injection 3ml pre-filled pen,672,4886.0,28788.32
201703,NI,0601011L0BBAHAG,Humalog KwikPen 200units/ml solution for injection 3ml pre-filled pen,47,363.0,4277.59
201703,NI,0601011N0BCAAAA,Hypurin Bovine Neutral 100units/ml solution for injection 10ml vials,4,12.0,332.64
201703,NI,0601011N0BCAEAC,Hypurin Porcine Neutral 100units/ml solution for injection 10ml vials,8,29.0,730.8
201703,NI,0601011N0BCAGAY,Hypurin Bovine Neutral 100units/ml solution for injection 3ml cartridges,3,20.0,166.32
201703,NI,0601011N0BCAHAZ,Hypurin Porcine Neutral 100units/ml solution for injection 3ml cartridges,12,120.0,907.2
201703,NI,0601011N0BFAEAL,Actrapid 100units/ml solution for injection 10ml vials,22,79.0,590.92
201703,NI,0601011N0BHAAAG,Humulin S 100units/ml solution for injection 10ml vials,2,4.0,62.72
201703,NI,0601011N0BHADAP,Humulin S 100units/ml solution for injection 3ml cartridges,42,282.0,1076.12
201703,NI,0601011N0BKABAP,Insuman Rapid 100units/ml solution for injection 3ml cartridges,1,5.0,17.5
201703,NI,0601011P0BBAAAA,Apidra 100units/ml solution for injection 10ml vials,50,209.0,3344.0
201703,NI,0601011P0BBABAB,Apidra 100units/ml solution for injection 3ml cartridges,61,429.0,2428.14
201703,NI,0601011P0BBAEAC,Apidra 100units/ml solution for injection 3ml pre-filled SoloStar pen,634,4606.0,26069.96
201704,NI,0601011A0AAAAAA,-,6,19.0,267.52
201704,NI,0601011A0AAABAB,-,3,60.0,339.71999999999997
201704,NI,0601011A0AAACAC,-,2,10.0,61.2
201704,NI,0601011A0BBAAAA,NovoRapid 100units/ml solution for injection 10ml vials,525,2154.0,30328.32
201704,NI,0601011A0BBABAB,NovoRapid Penfill 100units/ml solution for injection 3ml cartridges,1243,9513.0,53862.61
201704,NI,0601011A0BBADAC,NovoRapid FlexPen 100units/ml solution for injection 3ml pre-filled pen,4103,29919.0,183104.28
201704,NI,0601011A0BBAEAC,NovoRapid FlexTouch 100units/ml solution for injection 3ml pre-filled pen,107,778.0,4999.43
201704,NI,0601011A0BBAFAD,NovoRapid PumpCart 100units/ml solution for injection 1.6ml cartridges,32,430.0,1298.6
201704,NI,0601011L0AAABAB,-,25,100.0,1661.0
201704,NI,0601011L0AAACAC,-,6,50.0,283.1
201704,NI,0601011L0AAAFAF,-,1,10.0,58.92
201704,NI,0601011L0BBABAB,Humalog 100units/ml solution for injection 10ml vials,62,271.0,4501.3099999999995
201704,NI,0601011L0BBACAC,Humalog 100units/ml solution for injection 3ml cartridges,273,2418.0,13690.72
201704,NI,0601011L0BBAGAF,Humalog KwikPen 100units/ml solution for injection 3ml pre-filled pen,629,4562.0,26879.3
201704,NI,0601011L0BBAHAG,Humalog KwikPen 200units/ml solution for injection 3ml pre-filled pen,40,346.0,4077.26
201704,NI,0601011N0BCAAAA,Hypurin Bovine Neutral 100units/ml solution for injection 10ml vials,2,8.0,221.76
201704,NI,0601011N0BCAEAC,Hypurin Porcine Neutral 100units/ml solution for injection 10ml vials,12,51.0,1285.1999999999998
201704,NI,0601011N0BCAHAZ,Hypurin Porcine Neutral 100units/ml solution for injection 3ml cartridges,11,145.0,1096.2
201704,NI,0601011N0BFAEAL,Actrapid 100units/ml solution for injection 10ml vials,11,40.0,299.2
201704,NI,0601011N0BHAAAG,Humulin S 100units/ml solution for injection 10ml vials,4,13.0,203.84
201704,NI,0601011N0BHADAP,Humulin S 100units/ml solution for injection 3ml cartridges,39,303.0,1156.25
201704,NI,0601011N0BKABAP,Insuman Rapid 100units/ml solution for injection 3ml cartridges,1,5.0,17.5
201704,NI,0601011P0BBAAAA,Apidra 100units/ml solution for injection 10ml vials,41,181.0,2896.0
201704,NI,0601011P0BBABAB,Apidra 100units/ml solution for injection 3ml cartridges,63,482.0,2728.12
201704,NI,0601011P0BBAEAC,Apidra 100units/ml solution for injection 3ml pre-filled SoloStar pen,550,4121.0,23324.86
201705,NI,0601011A0AAAAAA,-,9,36.0,506.88
201705,NI,0601011A0AAABAB,-,7,55.0,311.41
201705,NI,0601011A0AAACAC,-,3,20.0,122.4
201705,NI,0601011A0BBAAAA,NovoRapid 100units/ml solution for injection 10ml vials,557,2186.0,30778.88
201705,NI,0601011A0BBABAB,NovoRapid Penfill 100units/ml solution for injection 3ml cartridges,1298,10195.0,57724.09
201705,NI,0601011A0BBADAC,NovoRapid FlexPen 100units/ml solution for injection 3ml pre-filled pen,4604,34028.0,208251.36
201705,NI,0601011A0BBAEAC,NovoRapid FlexTouch 100units/ml solution for injection 3ml pre-filled pen,125,942.0,6053.3
201705,NI,0601011A0BBAFAD,NovoRapid PumpCart 100units/ml solution for injection 1.6ml cartridges,32,380.0,1147.6
201705,NI,0601011A0BCAAAC,Fiasp FlexTouch 100units/ml solution for injection 3ml pre-filled pen,27,161.0,985.32
201705,NI,0601011A0BCABAB,Fiasp Penfill 100units/ml solution for injection 3ml cartridges,2,10.0,56.62
201705,NI,0601011A0BCACAA,Fiasp 100units/ml solution for injection 10ml vials,13,55.0,774.4000000000001
201705,NI,0601011L0AAABAB,-,20,88.0,1461.68
201705,NI,0601011L0AAACAC,-,8,75.0,424.65
201705,NI,0601011L0AAAFAF,-,1,5.0,29.46
201705,NI,0601011L0BBABAB,Humalog 100units/ml solution for injection 10ml vials,83,392.0,6511.12
201705,NI,0601011L0BBACAC,Humalog 100units/ml solution for injection 3ml cartridges,319,2871.0,16255.61
201705,NI,0601011L0BBAGAF,Humalog KwikPen 100units/ml solution for injection 3ml pre-filled pen,662,4728.0,27857.37
201705,NI,0601011L0BBAHAG,Humalog KwikPen 200units/ml solution for injection 3ml pre-filled pen,37,300.0,3535.2
201705,NI,0601011N0BCAAAA,Hypurin Bovine Neutral 100units/ml solution for injection 10ml vials,3,7.0,194.04
201705,NI,0601011N0BCAEAC,Hypurin Porcine Neutral 100units/ml solution for injection 10ml vials,12,39.0,982.8
201705,NI,0601011N0BCAGAY,Hypurin Bovine Neutral 100units/ml solution for injection 3ml cartridges,2,15.0,124.74
201705,NI,0601011N0BCAHAZ,Hypurin Porcine Neutral 100units/ml solution for injection 3ml cartridges,7,60.0,453.6
201705,NI,0601011N0BFAEAL,Actrapid 100units/ml solution for injection 10ml vials,18,71.0,531.08
201705,NI,0601011N0BHAAAG,Humulin S 100units/ml solution for injection 10ml vials,5,26.0,407.68
201705,NI,0601011N0BHADAP,Humulin S 100units/ml solution for injection 3ml cartridges,35,290.0,1106.64
201705,NI,0601011N0BKABAP,Insuman Rapid 100units/ml solution for injection 3ml cartridges,1,10.0,35.0
201705,NI,0601011P0AAACAC,-,1,5.0,28.3
201705,NI,0601011P0BBAAAA,Apidra 100units/ml solution for injection 10ml vials,44,261.0,4176.0
201705,NI,0601011P0BBABAB,Apidra 100units/ml solution for injection 3ml cartridges,59,460.0,2603.6
201705,NI,0601011P0BBAEAC,Apidra 100units/ml solution for injection 3ml pre-filled SoloStar pen,606,4487.0,25396.42
201706,NI,0601011A0AAAAAA,-,4,15.0,211.2
201706,NI,0601011A0AAABAB,-,4,35.0,198.17
201706,NI,0601011A0AAACAC,-,4,35.0,214.2
201706,NI,0601011A0BBAAAA,NovoRapid 100units/ml solution for injection 10ml vials,572,2256.0,31764.48
201706,NI,0601011A0BBABAB,NovoRapid Penfill 100units/ml solution for injection 3ml cartridges,1381,10541.0,59683.13
201706,NI,0601011A0BBADAC,NovoRapid FlexPen 100units/ml solution for injection 3ml pre-filled pen,4528,33013.0,202039.56
201706,NI,0601011A0BBAEAC,NovoRapid FlexTouch 100units/ml solution for injection 3ml pre-filled pen,126,871.0,5597.05
201706,NI,0601011A0BBAFAD,NovoRapid PumpCart 100units/ml solution for injection 1.6ml cartridges,38,540.0,1630.8
201706,NI,0601011A0BCAAAC,Fiasp FlexTouch 100units/ml solution for injection 3ml pre-filled pen,39,236.0,1444.32
201706,NI,0601011A0BCABAB,Fiasp Penfill 100units/ml solution for injection 3ml cartridges,11,60.0,339.71999999999997
201706,NI,0601011A0BCACAA,Fiasp 100units/ml solution for injection 10ml vials,10,57.0,802.5600000000001
201706,NI,0601011L0AAABAB,-,23,106.0,1760.66
201706,NI,0601011L0AAACAC,-,4,35.0,198.17
201706,NI,0601011L0BBABAB,Humalog 100units/ml solution for injection 10ml vials,80,380.0,6311.8
201706,NI,0601011L0BBACAC,Humalog 100units/ml solution for injection 3ml cartridges,296,2908.0,16465.100000000002
201706,NI,0601011L0BBAGAF,Humalog KwikPen 100units/ml solution for injection 3ml pre-filled pen,686,5072.0,29884.23
201706,NI,0601011L0BBAHAG,Humalog KwikPen 200units/ml solution for injection 3ml pre-filled pen,41,362.0,4265.81
201706,NI,0601011N0BCAAAA,Hypurin Bovine Neutral 100units/ml solution for injection 10ml vials,2,10.0,277.2
201706,NI,0601011N0BCAEAC,Hypurin Porcine Neutral 100units/ml solution for injection 10ml vials,10,41.0,1033.2
201706,NI,0601011N0BCAGAY,Hypurin Bovine Neutral 100units/ml solution for injection 3ml cartridges,3,15.0,124.74
201706,NI,0601011N0BCAHAZ,Hypurin Porcine Neutral 100units/ml solution for injection 3ml cartridges,9,80.0,604.8
201706,NI,0601011N0BFAEAL,Actrapid 100units/ml solution for injection 10ml vials,20,57.0,426.36
201706,NI,0601011N0BHAAAG,Humulin S 100units/ml solution for injection 10ml vials,3,12.0,188.16
201706,NI,0601011N0BHADAP,Humulin S 100units/ml solution for injection 3ml cartridges,47,344.0,1312.71
201706,NI,0601011N0BKABAP,Insuman Rapid 100units/ml solution for injection 3ml cartridges,1,5.0,17.5
201706,NI,0601011P0BBAAAA,Apidra 100units/ml solution for injection 10ml vials,49,204.0,3264.0
201706,NI,0601011P0BBABAB,Apidra 100units/ml solution for injection 3ml cartridges,62,491.0,2779.06
201706,NI,0601011P0BBAEAC,Apidra 100units/ml solution for injection 3ml pre-filled SoloStar pen,597,4367.0,24717.22
201707,NI,0601011A0AAAAAA,-,8,39.0,549.12
201707,NI,0601011A0AAABAB,-,4,60.0,339.71999999999997
201707,NI,0601011A0AAACAC,-,3,15.0,91.8
201707,NI,0601011A0BBAAAA,NovoRapid 100units/ml solution for injection 10ml vials,550,2197.0,30933.76
201707,NI,0601011A0BBABAB,NovoRapid Penfill 100units/ml solution for injection 3ml cartridges,1230,9770.0,55317.73
201707,NI,0601011A0BBADAC,NovoRapid FlexPen 100units/ml solution for injection 3ml pre-filled pen,4377,32104.0,196476.48
201707,NI,0601011A0BBAEAC,NovoRapid FlexTouch 100units/ml solution for injection 3ml pre-filled pen,121,885.0,5687.01
201707,NI,0601011A0BBAFAD,NovoRapid PumpCart 100units/ml solution for injection 1.6ml cartridges,27,311.0,939.22
201707,NI,0601011A0BCAAAC,Fiasp FlexTouch 100units/ml solution for injection 3ml pre-filled pen,45,250.0,1530.0
201707,NI,0601011A0BCABAB,Fiasp Penfill 100units/ml solution for injection 3ml cartridges,6,30.0,169.86
201707,NI,0601011A0BCACAA,Fiasp 100units/ml solution for injection 10ml vials,15,66.0,929.28
201707,NI,0601011L0AAABAB,-,23,95.0,1577.95
201707,NI,0601011L0AAACAC,-,3,20.0,113.24
201707,NI,0601011L0AAAFAF,-,1,5.0,29.46
201707,NI,0601011L0BBABAB,Humalog 100units/ml solution for injection 10ml vials,71,378.0,6278.58
201707,NI,0601011L0BBACAC,Humalog 100units/ml solution for injection 3ml cartridges,288,2646.0,14981.66
201707,NI,0601011L0BBAGAF,Humalog KwikPen 100units/ml solution for injection 3ml pre-filled pen,658,4921.0,28994.55
201707,NI,0601011L0BBAHAG,Humalog KwikPen 200units/ml solution for injection 3ml pre-filled pen,47,380.0,4477.92
201707,NI,0601011N0BCAAAA,Hypurin Bovine Neutral 100units/ml solution for injection 10ml vials,1,2.0,55.44
201707,NI,0601011N0BCAEAC,Hypurin Porcine Neutral 100units/ml solution for injection 10ml vials,10,42.0,1058.4
201707,NI,0601011N0BCAGAY,Hypurin Bovine Neutral 100units/ml solution for injection 3ml cartridges,2,10.0,83.16
201707,NI,0601011N0BCAHAZ,Hypurin Porcine Neutral 100units/ml solution for injection 3ml cartridges,9,75.0,567.0
201707,NI,0601011N0BFAEAL,Actrapid 100units/ml solution for injection 10ml vials,21,67.0,501.16
201707,NI,0601011N0BHAAAG,Humulin S 100units/ml solution for injection 10ml vials,8,38.0,595.84
201707,NI,0601011N0BHADAP,Humulin S 100units/ml solution for injection 3ml cartridges,37,325.0,1240.1999999999998
201707,NI,0601011P0BBAAAA,Apidra 100units/ml solution for injection 10ml vials,41,169.0,2704.0
201707,NI,0601011P0BBABAB,Apidra 100units/ml solution for injection 3ml cartridges,60,484.0,2739.44
201707,NI,0601011P0BBAEAC,Apidra 100units/ml solution for injection 3ml pre-filled SoloStar pen,585,4368.0,24722.88
201708,NI,0601011A0AAAAAA,-,3,11.0,154.88
201708,NI,0601011A0AAABAB,-,4,55.0,311.40999999999997
201708,NI,0601011A0AAACAC,-,2,10.0,61.2
201708,NI,0601011A0BBAAAA,NovoRapid 100units/ml solution for injection 10ml vials,563,2362.0,33256.96
201708,NI,0601011A0BBABAB,NovoRapid Penfill 100units/ml solution for injection 3ml cartridges,1322,10424.0,59020.7
201708,NI,0601011A0BBADAC,NovoRapid FlexPen 100units/ml solution for injection 3ml pre-filled pen,4547,33254.0,203514.48
201708,NI,0601011A0BBAEAC,NovoRapid FlexTouch 100units/ml solution for injection 3ml pre-filled pen,127,978.0,6284.63
201708,NI,0601011A0BBAFAD,NovoRapid PumpCart 100units/ml solution for injection 1.6ml cartridges,36,420.0,1268.4
201708,NI,0601011A0BCAAAC,Fiasp FlexTouch 100units/ml solution for injection 3ml pre-filled pen,58,337.0,2062.44
201708,NI,0601011A0BCABAB,Fiasp Penfill 100units/ml solution for injection 3ml cartridges,11,60.0,339.71999999999997
201708,NI,0601011A0BCACAA,Fiasp 100units/ml solution for injection 10ml vials,20,84.0,1182.72
201708,NI,0601011L0AAABAB,-,16,72.0,1195.92
201708,NI,0601011L0AAACAC,-,5,45.0,254.79
201708,NI,0601011L0BBABAB,Humalog 100units/ml solution for injection 10ml vials,86,389.0,6461.29
201708,NI,0601011L0BBACAC,Humalog 100units/ml solution for injection 3ml cartridges,300,2708.0,15332.7
201708,NI,0601011L0BBAGAF,Humalog KwikPen 100units/ml solution for injection 3ml pre-filled pen,689,5076.0,29907.8
201708,NI,0601011L0BBAHAG,Humalog KwikPen 200units/ml solution for injection 3ml pre-filled pen,53,452.0,5326.37
201708,NI,0601011N0BCAAAA,Hypurin Bovine Neutral 100units/ml solution for injection 10ml vials,2,6.0,166.32
201708,NI,0601011N0BCAEAC,Hypurin Porcine Neutral 100units/ml solution for injection 10ml vials,12,41.0,1033.2
201708,NI,0601011N0BCAGAY,Hypurin Bovine Neutral 100units/ml solution for injection 3ml cartridges,4,25.0,207.9
201708,NI,0601011N0BCAHAZ,Hypurin Porcine Neutral 100units/ml solution for injection 3ml cartridges,7,65.0,491.4
201708,NI,0601011N0BFAEAL,Actrapid 100units/ml solution for injection 10ml vials,14,39.0,291.72
201708,NI,0601011N0BHAAAG,Humulin S 100units/ml solution for injection 10ml vials,8,33.0,517.44
201708,NI,0601011N0BHADAP,Humulin S 100units/ml solution for injection 3ml cartridges,46,376.0,1434.82
201708,NI,0601011N0BKABAP,Insuman Rapid 100units/ml solution for injection 3ml cartridges,4,30.0,105.0
201708,NI,0601011P0BBAAAA,Apidra 100units/ml solution for injection 10ml vials,50,291.0,4656.0
201708,NI,0601011P0BBABAB,Apidra 100units/ml solution for injection 3ml cartridges,54,390.0,2207.4
201708,NI,0601011P0BBAEAC,Apidra 100units/ml solution for injection 3ml pre-filled SoloStar pen,600,4343.0,24581.38
201709,NI,0601011A0AAAAAA,-,3,12.0,168.96
201709,NI,0601011A0AAABAB,-,3,15.0,84.92999999999999
201709,NI,0601011A0AAACAC,-,2,10.0,61.2
201709,NI,0601011A0BBAAAA,NovoRapid 100units/ml solution for injection 10ml vials,537,2166.0,30497.28
201709,NI,0601011A0BBABAB,NovoRapid Penfill 100units/ml solution for injection 3ml cartridges,1241,9615.0,54440.13
201709,NI,0601011A0BBADAC,NovoRapid FlexPen 100units/ml solution for injection 3ml pre-filled pen,4385,31845.0,194891.4
201709,NI,0601011A0BBAEAC,NovoRapid FlexTouch 100units/ml solution for injection 3ml pre-filled pen,126,910.0,5847.66
201709,NI,0601011A0BBAFAD,NovoRapid PumpCart 100units/ml solution for injection 1.6ml cartridges,34,495.0,1494.9
201709,NI,0601011A0BCAAAC,Fiasp FlexTouch 100units/ml solution for injection 3ml pre-filled pen,84,472.0,2888.64
201709,NI,0601011A0BCABAB,Fiasp Penfill 100units/ml solution for injection 3ml cartridges,13,75.0,424.65
201709,NI,0601011A0BCACAA,Fiasp 100units/ml solution for injection 10ml vials,14,45.0,633.6
201709,NI,0601011L0AAABAB,-,20,83.0,1378.63
201709,NI,0601011L0AAACAC,-,2,10.0,56.62
201709,NI,0601011L0BBABAB,Humalog 100units/ml solution for injection 10ml vials,80,403.0,6693.83
201709,NI,0601011L0BBACAC,Humalog 100units/ml solution for injection 3ml cartridges,261,2308.0,13067.89
201709,NI,0601011L0BBAGAF,Humalog KwikPen 100units/ml solution for injection 3ml pre-filled pen,607,4403.0,25942.48
201709,NI,0601011L0BBAHAG,Humalog KwikPen 200units/ml solution for injection 3ml pre-filled pen,39,295.0,3476.28
201709,NI,0601011N0BCAAAA,Hypurin Bovine Neutral 100units/ml solution for injection 10ml vials,6,22.0,609.8399999999999
201709,NI,0601011N0BCAEAC,Hypurin Porcine Neutral 100units/ml solution for injection 10ml vials,9,31.0,898.38
201709,NI,0601011N0BCAGAY,Hypurin Bovine Neutral 100units/ml solution for injection 3ml cartridges,1,5.0,41.58
201709,NI,0601011N0BCAHAZ,Hypurin Porcine Neutral 100units/ml solution for injection 3ml cartridges,7,55.0,478.17
201709,NI,0601011N0BFAEAL,Actrapid 100units/ml solution for injection 10ml vials,17,61.0,456.28
201709,NI,0601011N0BHAAAG,Humulin S 100units/ml solution for injection 10ml vials,3,10.0,156.8
201709,NI,0601011N0BHADAP,Humulin S 100units/ml solution for injection 3ml cartridges,40,285.0,1087.56
201709,NI,0601011N0BKABAP,Insuman Rapid 100units/ml solution for injection 3ml cartridges,1,10.0,35.0
201709,NI,0601011P0BBAAAA,Apidra 100units/ml solution for injection 10ml vials,49,228.0,3648.0
201709,NI,0601011P0BBABAB,Apidra 100units/ml solution for injection 3ml cartridges,59,464.0,2626.24
201709,NI,0601011P0BBAEAC,Apidra 100units/ml solution for injection 3ml pre-filled SoloStar pen,566,4382.0,24802.12
201710,NI,0601011A0AAAAAA,-,8,30.0,422.4
201710,NI,0601011A0AAABAB,-,3,15.0,84.92999999999999
201710,NI,0601011A0AAACAC,-,1,5.0,30.6
201710,NI,0601011A0BBAAAA,NovoRapid 100units/ml solution for injection 10ml vials,508,2041.0,28737.28
201710,NI,0601011A0BBABAB,NovoRapid Penfill 100units/ml solution for injection 3ml cartridges,1235,9517.0,53885.26
201710,NI,0601011A0BBADAC,NovoRapid FlexPen 100units/ml solution for injection 3ml pre-filled pen,4340,31486.0,192694.32
201710,NI,0601011A0BBAEAC,NovoRapid FlexTouch 100units/ml solution for injection 3ml pre-filled pen,136,1045.0,6715.17
201710,NI,0601011A0BBAFAD,NovoRapid PumpCart 100units/ml solution for injection 1.6ml cartridges,40,565.0,1706.3
201710,NI,0601011A0BCAAAC,Fiasp FlexTouch 100units/ml solution for injection 3ml pre-filled pen,86,548.0,3353.76
201710,NI,0601011A0BCABAB,Fiasp Penfill 100units/ml solution for injection 3ml cartridges,15,110.0,622.8199999999999
201710,NI,0601011A0BCACAA,Fiasp 100units/ml solution for injection 10ml vials,23,88.0,1239.04
201710,NI,0601011L0AAABAB,-,18,85.0,1411.85
201710,NI,0601011L0AAACAC,-,7,60.0,339.72
201710,NI,0601011L0BBABAB,Humalog 100units/ml solution for injection 10ml vials,78,390.0,6477.9
201710,NI,0601011L0BBACAC,Humalog 100units/ml solution for injection 3ml cartridges,281,2575.0,14579.65
201710,NI,0601011L0BBAGAF,Humalog KwikPen 100units/ml solution for injection 3ml pre-filled pen,625,4633.0,27297.65
201710,NI,0601011L0BBAHAG,Humalog KwikPen 200units/ml solution for injection 3ml pre-filled pen,54,477.0,5620.97
201710,NI,0601011N0BCAAAA,Hypurin Bovine Neutral 100units/ml solution for injection 10ml vials,1,1.0,27.72
201710,NI,0601011N0BCAEAC,Hypurin Porcine Neutral 100units/ml solution for injection 10ml vials,5,14.0,405.72
201710,NI,0601011N0BCAHAZ,Hypurin Porcine Neutral 100units/ml solution for injection 3ml cartridges,5,40.0,347.76
201710,NI,0601011N0BFAEAL,Actrapid 100units/ml solution for injection 10ml vials,12,37.0,276.76
201710,NI,0601011N0BHAAAG,Humulin S 100units/ml solution for injection 10ml vials,4,13.0,203.84
201710,NI,0601011N0BHADAP,Humulin S 100units/ml solution for injection 3ml cartridges,40,339.0,1293.62
201710,NI,0601011N0BKABAP,Insuman Rapid 100units/ml solution for injection 3ml cartridges,2,10.0,35.0
201710,NI,0601011P0BBAAAA,Apidra 100units/ml solution for injection 10ml vials,38,155.0,2480.0
201710,NI,0601011P0BBABAB,Apidra 100units/ml solution for injection 3ml cartridges,65,452.0,2558.32
201710,NI,0601011P0BBAEAC,Apidra 100units/ml solution for injection 3ml pre-filled SoloStar pen,567,4160.0,23545.6
201711,NI,0601011A0AAAAAA,-,4,18.0,253.44
201711,NI,0601011A0AAABAB,-,2,25.0,141.54999999999998
201711,NI,0601011A0AAACAC,-,3,30.0,183.6
201711,NI,0601011A0BBAAAA,NovoRapid 100units/ml solution for injection 10ml vials,566,2242.0,31567.36
201711,NI,0601011A0BBABAB,NovoRapid Penfill 100units/ml solution for injection 3ml cartridges,1305,10283.0,58222.346
201711,NI,0601011A0BBADAC,NovoRapid FlexPen 100units/ml solution for injection 3ml pre-filled pen,4399,31633.0,193593.96
201711,NI,0601011A0BBAEAC,NovoRapid FlexTouch 100units/ml solution for injection 3ml pre-filled pen,129,1000.0,6426.0
201711,NI,0601011A0BBAFAD,NovoRapid PumpCart 100units/ml solution for injection 1.6ml cartridges,48,620.0,1872.4
201711,NI,0601011A0BCAAAC,Fiasp FlexTouch 100units/ml solution for injection 3ml pre-filled pen,86,493.0,3017.1600000000003
201711,NI,0601011A0BCABAB,Fiasp Penfill 100units/ml solution for injection 3ml cartridges,24,140.0,792.68
201711,NI,0601011A0BCACAA,Fiasp 100units/ml solution for injection 10ml vials,21,77.0,1084.16
201711,NI,0601011L0AAABAB,-,26,104.0,1727.4399999999998
201711,NI,0601011L0AAACAC,-,5,35.0,198.17
201711,NI,0601011L0BBABAB,Humalog 100units/ml solution for injection 10ml vials,74,395.0,6560.95
201711,NI,0601011L0BBACAC,Humalog 100units/ml solution for injection 3ml cartridges,297,2689.0,15225.118
201711,NI,0601011L0BBAGAF,Humalog KwikPen 100units/ml solution for injection 3ml pre-filled pen,681,4958.0,29212.536
201711,NI,0601011L0BBAHAG,Humalog KwikPen 200units/ml solution for injection 3ml pre-filled pen,60,452.0,5326.368
201711,NI,0601011N0BCAAAA,Hypurin Bovine Neutral 100units/ml solution for injection 10ml vials,3,7.0,194.04
201711,NI,0601011N0BCAEAC,Hypurin Porcine Neutral 100units/ml solution for injection 10ml vials,9,40.0,1159.2
201711,NI,0601011N0BCAGAY,Hypurin Bovine Neutral 100units/ml solution for injection 3ml cartridges,4,25.0,207.9
201711,NI,0601011N0BCAHAZ,Hypurin Porcine Neutral 100units/ml solution for injection 3ml cartridges,7,75.0,652.05
201711,NI,0601011N0BFAEAL,Actrapid 100units/ml solution for injection 10ml vials,16,55.0,411.4
201711,NI,0601011N0BHAAAG,Humulin S 100units/ml solution for injection 10ml vials,7,35.0,548.8
201711,NI,0601011N0BHADAP,Humulin S 100units/ml solution for injection 3ml cartridges,35,260.0,992.16
201711,NI,0601011N0BKABAP,Insuman Rapid 100units/ml solution for injection 3ml cartridges,2,10.0,35.0
201711,NI,0601011P0BBAAAA,Apidra 100units/ml solution for injection 10ml vials,46,188.0,3008.0
201711,NI,0601011P0BBABAB,Apidra 100units/ml solution for injection 3ml cartridges,58,390.0,2207.4
201711,NI,0601011P0BBAEAC,Apidra 100units/ml solution for injection 3ml pre-filled SoloStar pen,546,3965.0,22441.9
201712,NI,0601011A0AAAAAA,-,5,17.0,239.36
201712,NI,0601011A0AAABAB,-,6,52.0,294.424
201712,NI,0601011A0AAACAC,-,3,20.0,122.4
201712,NI,0601011A0BBAAAA,NovoRapid 100units/ml solution for injection 10ml vials,549,2292.0,32271.36
201712,NI,0601011A0BBABAB,NovoRapid Penfill 100units/ml solution for injection 3ml cartridges,1272,10046.0,56880.452
201712,NI,0601011A0BBADAC,NovoRapid FlexPen 100units/ml solution for injection 3ml pre-filled pen,4562,33061.0,202333.32
201712,NI,0601011A0BBAEAC,NovoRapid FlexTouch 100units/ml solution for injection 3ml pre-filled pen,145,1036.0,6657.336
201712,NI,0601011A0BBAFAD,NovoRapid PumpCart 100units/ml solution for injection 1.6ml cartridges,45,590.0,1781.8
201712,NI,0601011A0BCAAAC,Fiasp FlexTouch 100units/ml solution for injection 3ml pre-filled pen,104,652.0,3990.24
201712,NI,0601011A0BCABAB,Fiasp Penfill 100units/ml solution for injection 3ml cartridges,25,160.0,905.92
201712,NI,0601011A0BCACAA,Fiasp 100units/ml solution for injection 10ml vials,23,117.0,1647.36
201712,NI,0601011L0AAABAB,-,24,99.0,1644.39
201712,NI,0601011L0AAACAC,-,4,40.0,226.48
201712,NI,0601011L0BBABAB,Humalog 100units/ml solution for injection 10ml vials,72,346.0,5747.0599999999995
201712,NI,0601011L0BBACAC,Humalog 100units/ml solution for injection 3ml cartridges,269,2430.0,13758.66
201712,NI,0601011L0BBAGAF,Humalog KwikPen 100units/ml solution for injection 3ml pre-filled pen,681,4986.0,29377.512
201712,NI,0601011L0BBAHAG,Humalog KwikPen 200units/ml solution for injection 3ml pre-filled pen,55,507.0,5974.488
201712,NI,0601011N0BCAAAA,Hypurin Bovine Neutral 100units/ml solution for injection 10ml vials,4,13.0,360.36
201712,NI,0601011N0BCAEAC,Hypurin Porcine Neutral 100units/ml solution for injection 10ml vials,12,51.0,1477.98
201712,NI,0601011N0BCAGAY,Hypurin Bovine Neutral 100units/ml solution for injection 3ml cartridges,1,5.0,41.58
201712,NI,0601011N0BCAHAZ,Hypurin Porcine Neutral 100units/ml solution for injection 3ml cartridges,6,55.0,478.17
201712,NI,0601011N0BFAEAL,Actrapid 100units/ml solution for injection 10ml vials,15,58.0,433.84
201712,NI,0601011N0BHAAAG,Humulin S 100units/ml solution for injection 10ml vials,4,19.0,297.92
201712,NI,0601011N0BHADAP,Humulin S 100units/ml solution for injection 3ml cartridges,37,290.0,1106.64
201712,NI,0601011N0BKABAP,Insuman Rapid 100units/ml solution for injection 3ml cartridges,3,20.0,70.0
201712,NI,0601011P0BBAAAA,Apidra 100units/ml solution for injection 10ml vials,35,164.0,2624.0
201712,NI,0601011P0BBABAB,Apidra 100units/ml solution for injection 3ml cartridges,55,400.0,2264.0
201712,NI,0601011P0BBAEAC,Apidra 100units/ml solution for injection 3ml pre-filled SoloStar pen,584,4420.0,25017.2
201801,NI,0601011A0AAAAAA,-,6,25.0,352.0
201801,NI,0601011A0AAABAB,-,3,45.0,254.79
201801,NI,0601011A0AAACAC,-,2,10.0,61.2
201801,NI,0601011A0BBAAAA,NovoRapid 100units/ml solution for injection 10ml vials,545,2157.0,30370.56
201801,NI,0601011A0BBABAB,NovoRapid Penfill 100units/ml solution for injection 3ml cartridges,1303,10273.0,58165.726
201801,NI,0601011A0BBADAC,NovoRapid FlexPen 100units/ml solution for injection 3ml pre-filled pen,4525,32907.0,201390.84
201801,NI,0601011A0BBAEAC,NovoRapid FlexTouch 100units/ml solution for injection 3ml pre-filled pen,134,1025.0,6586.650000000001
201801,NI,0601011A0BBAFAD,NovoRapid PumpCart 100units/ml solution for injection 1.6ml cartridges,53,715.0,2159.3
201801,NI,0601011A0BCAAAC,Fiasp FlexTouch 100units/ml solution for injection 3ml pre-filled pen,133,810.0,4957.2
201801,NI,0601011A0BCABAB,Fiasp Penfill 100units/ml solution for injection 3ml cartridges,36,227.0,1285.274
201801,NI,0601011A0BCACAA,Fiasp 100units/ml solution for injection 10ml vials,34,122.0,1717.76
201801,NI,0601011L0AAABAB,-,17,85.0,1411.85
201801,NI,0601011L0AAACAC,-,5,40.0,226.48
201801,NI,0601011L0BBABAB,Humalog 100units/ml solution for injection 10ml vials,82,403.0,6693.83
201801,NI,0601011L0BBACAC,Humalog 100units/ml solution for injection 3ml cartridges,285,2650.0,15004.3
201801,NI,0601011L0BBAGAF,Humalog KwikPen 100units/ml solution for injection 3ml pre-filled pen,671,4811.0,28346.412
201801,NI,0601011L0BBAHAG,Humalog KwikPen 200units/ml solution for injection 3ml pre-filled pen,57,422.0,4972.848
201801,NI,0601011N0BCAAAA,Hypurin Bovine Neutral 100units/ml solution for injection 10ml vials,3,10.0,277.2
201801,NI,0601011N0BCAEAC,Hypurin Porcine Neutral 100units/ml solution for injection 10ml vials,12,41.0,1188.18
201801,NI,0601011N0BCAGAY,Hypurin Bovine Neutral 100units/ml solution for injection 3ml cartridges,3,19.0,158.004
201801,NI,0601011N0BCAHAZ,Hypurin Porcine Neutral 100units/ml solution for injection 3ml cartridges,9,65.0,565.11
201801,NI,0601011N0BFAEAL,Actrapid 100units/ml solution for injection 10ml vials,7,32.0,239.36
201801,NI,0601011N0BHAAAG,Humulin S 100units/ml solution for injection 10ml vials,5,22.0,344.96000000000004
201801,NI,0601011N0BHADAP,Humulin S 100units/ml solution for injection 3ml cartridges,34,266.0,1015.056
201801,NI,0601011N0BKABAP,Insuman Rapid 100units/ml solution for injection 3ml cartridges,1,5.0,17.5
201801,NI,0601011P0BBAAAA,Apidra 100units/ml solution for injection 10ml vials,47,261.0,4176.0
201801,NI,0601011P0BBABAB,Apidra 100units/ml solution for injection 3ml cartridges,62,477.0,2699.82
201801,NI,0601011P0BBAEAC,Apidra 100units/ml solution for injection 3ml pre-filled SoloStar pen,562,4009.0,22690.94
201802,NI,0601011A0AAAAAA,-,3,13.0,183.04
201802,NI,0601011A0AAABAB,-,1,5.0,28.31
201802,NI,0601011A0AAACAC,-,5,40.0,244.8
201802,NI,0601011A0BBAAAA,NovoRapid 100units/ml solution for injection 10ml vials,495,1998.0,28131.84
201802,NI,0601011A0BBABAB,NovoRapid Penfill 100units/ml solution for injection 3ml cartridges,1204,9315.0,52741.53
201802,NI,0601011A0BBADAC,NovoRapid FlexPen 100units/ml solution for injection 3ml pre-filled pen,4064,29615.0,181243.8
201802,NI,0601011A0BBAEAC,NovoRapid FlexTouch 100units/ml solution for injection 3ml pre-filled pen,129,971.0,6239.646000000001
201802,NI,0601011A0BBAFAD,NovoRapid PumpCart 100units/ml solution for injection 1.6ml cartridges,46,578.0,1745.56
201802,NI,0601011A0BCAAAC,Fiasp FlexTouch 100units/ml solution for injection 3ml pre-filled pen,143,920.0,5630.400000000001
201802,NI,0601011A0BCABAB,Fiasp Penfill 100units/ml solution for injection 3ml cartridges,32,195.0,1104.09
201802,NI,0601011A0BCACAA,Fiasp 100units/ml solution for injection 10ml vials,21,77.0,1084.16
201802,NI,0601011L0AAABAB,-,19,78.0,1295.58
201802,NI,0601011L0AAACAC,-,5,40.0,226.48
201802,NI,0601011L0AAAFAF,-,1,20.0,117.84
201802,NI,0601011L0BBABAB,Humalog 100units/ml solution for injection 10ml vials,76,404.0,6710.44
201802,NI,0601011L0BBACAC,Humalog 100units/ml solution for injection 3ml cartridges,259,2156.0,12207.272
201802,NI,0601011L0BBAGAF,Humalog KwikPen 100units/ml solution for injection 3ml pre-filled pen,610,4490.0,26455.08
201802,NI,0601011L0BBAHAG,Humalog KwikPen 200units/ml solution for injection 3ml pre-filled pen,53,482.0,5679.888
201802,NI,0601011N0BCAAAA,Hypurin Bovine Neutral 100units/ml solution for injection 10ml vials,4,16.0,443.52
201802,NI,0601011N0BCAEAC,Hypurin Porcine Neutral 100units/ml solution for injection 10ml vials,6,13.0,376.74
201802,NI,0601011N0BCAGAY,Hypurin Bovine Neutral 100units/ml solution for injection 3ml cartridges,3,20.0,166.32
201802,NI,0601011N0BCAHAZ,Hypurin Porcine Neutral 100units/ml solution for injection 3ml cartridges,6,50.0,434.7
201802,NI,0601011N0BFAEAL,Actrapid 100units/ml solution for injection 10ml vials,16,50.0,374.0
201802,NI,0601011N0BHAAAG,Humulin S 100units/ml solution for injection 10ml vials,9,47.0,736.96
201802,NI,0601011N0BHADAP,Humulin S 100units/ml solution for injection 3ml cartridges,36,276.0,1053.216
201802,NI,0601011N0BKABAP,Insuman Rapid 100units/ml solution for injection 3ml cartridges,3,20.0,70.0
201802,NI,0601011P0AAACAC,-,1,5.0,28.3
201802,NI,0601011P0BBAAAA,Apidra 100units/ml solution for injection 10ml vials,39,162.0,2592.0
201802,NI,0601011P0BBABAB,Apidra 100units/ml solution for injection 3ml cartridges,56,450.0,2547.0
201802,NI,0601011P0BBAEAC,Apidra 100units/ml solution for injection 3ml pre-filled SoloStar pen,514,3770.0,21338.2
201803,NI,0601011A0AAAAAA,-,4,13.0,183.04
201803,NI,0601011A0AAABAB,-,5,45.0,254.79
201803,NI,0601011A0AAACAC,-,2,10.0,61.2
201803,NI,0601011A0BBAAAA,NovoRapid 100units/ml solution for injection 10ml vials,553,2190.0,30835.2
201803,NI,0601011A0BBABAB,NovoRapid Penfill 100units/ml solution for injection 3ml cartridges,1305,10075.0,57044.65
201803,NI,0601011A0BBADAC,NovoRapid FlexPen 100units/ml solution for injection 3ml pre-filled pen,4658,33998.0,208067.76
201803,NI,0601011A0BBAEAC,NovoRapid FlexTouch 100units/ml solution for injection 3ml pre-filled pen,149,1085.0,6972.21
201803,NI,0601011A0BBAFAD,NovoRapid PumpCart 100units/ml solution for injection 1.6ml cartridges,55,675.0,2038.5
201803,NI,0601011A0BCAAAC,Fiasp FlexTouch 100units/ml solution for injection 3ml pre-filled pen,181,1108.0,6780.96
201803,NI,0601011A0BCABAB,Fiasp Penfill 100units/ml solution for injection 3ml cartridges,40,275.0,1557.05
201803,NI,0601011A0BCACAA,Fiasp 100units/ml solution for injection 10ml vials,31,128.0,1802.24
201803,NI,0601011L0AAABAB,-,20,97.0,1611.17
201803,NI,0601011L0AAACAC,-,4,25.0,141.55
201803,NI,0601011L0BBABAB,Humalog 100units/ml solution for injection 10ml vials,83,418.0,6942.98
201803,NI,0601011L0BBACAC,Humalog 100units/ml solution for injection 3ml cartridges,289,2585.0,14636.27
201803,NI,0601011L0BBAGAF,Humalog KwikPen 100units/ml solution for injection 3ml pre-filled pen,704,5342.0,31475.064
201803,NI,0601011L0BBAHAG,Humalog KwikPen 200units/ml solution for injection 3ml pre-filled pen,52,450.0,5302.8
201803,NI,0601011N0BCAAAA,Hypurin Bovine Neutral 100units/ml solution for injection 10ml vials,4,14.0,388.08
201803,NI,0601011N0BCAEAC,Hypurin Porcine Neutral 100units/ml solution for injection 10ml vials,12,41.0,1188.18
201803,NI,0601011N0BCAGAY,Hypurin Bovine Neutral 100units/ml solution for injection 3ml cartridges,3,20.0,166.32
201803,NI,0601011N0BCAHAZ,Hypurin Porcine Neutral 100units/ml solution for injection 3ml cartridges,11,105.0,912.87
201803,NI,0601011N0BFAEAL,Actrapid 100units/ml solution for injection 10ml vials,14,52.0,388.96
201803,NI,0601011N0BHAAAG,Humulin S 100units/ml solution for injection 10ml vials,4,28.0,439.04
201803,NI,0601011N0BHADAP,Humulin S 100units/ml solution for injection 3ml cartridges,36,297.0,1133.352
201803,NI,0601011N0BKABAP,Insuman Rapid 100units/ml solution for injection 3ml cartridges,5,30.0,105.0
201803,NI,0601011P0BBAAAA,Apidra 100units/ml solution for injection 10ml vials,43,203.0,3248.0
201803,NI,0601011P0BBABAB,Apidra 100units/ml solution for injection 3ml cartridges,65,525.0,2971.5
201803,NI,0601011P0BBAEAC,Apidra 100units/ml solution for injection 3ml pre-filled SoloStar pen,609,4441.0,25136.06
201804,NI,0601011A0AAAAAA,-,4,17.0,239.36
201804,NI,0601011A0AAABAB,-,7,40.0,226.48
201804,NI,0601011A0AAACAC,-,3,30.0,183.6
201804,NI,0601011A0BBAAAA,NovoRapid 100units/ml solution for injection 10ml vials,527,2128.0,29962.24
201804,NI,0601011A0BBABAB,NovoRapid Penfill 100units/ml solution for injection 3ml cartridges,1238,9459.0,53556.858
201804,NI,0601011A0BBADAC,NovoRapid FlexPen 100units/ml solution for injection 3ml pre-filled pen,4223,30661.0,187645.32
201804,NI,0601011A0BBAEAC,NovoRapid FlexTouch 100units/ml solution for injection 3ml pre-filled pen,148,1134.0,7287.084000000001
201804,NI,0601011A0BBAFAD,NovoRapid PumpCart 100units/ml solution for injection 1.6ml cartridges,49,560.0,1691.2
201804,NI,0601011A0BCAAAC,Fiasp FlexTouch 100units/ml solution for injection 3ml pre-filled pen,169,1105.0,6762.6
201804,NI,0601011A0BCABAB,Fiasp Penfill 100units/ml solution for injection 3ml cartridges,30,185.0,1047.47
201804,NI,0601011A0BCACAA,Fiasp 100units/ml solution for injection 10ml vials,34,162.0,2280.96
201804,NI,0601011L0AAABAB,-,25,124.0,2059.64
201804,NI,0601011L0AAACAC,-,2,15.0,84.92999999999999
201804,NI,0601011L0BBABAB,Humalog 100units/ml solution for injection 10ml vials,68,321.0,5331.81
201804,NI,0601011L0BBACAC,Humalog 100units/ml solution for injection 3ml cartridges,274,2666.0,15094.892
201804,NI,0601011L0BBAGAF,Humalog KwikPen 100units/ml solution for injection 3ml pre-filled pen,618,4482.0,26407.944
201804,NI,0601011L0BBAHAG,Humalog KwikPen 200units/ml solution for injection 3ml pre-filled pen,49,417.0,4913.928
201804,NI,0601011N0BCAAAA,Hypurin Bovine Neutral 100units/ml solution for injection 10ml vials,2,4.0,110.88
201804,NI,0601011N0BCAEAC,Hypurin Porcine Neutral 100units/ml solution for injection 10ml vials,10,35.0,1014.3
201804,NI,0601011N0BCAGAY,Hypurin Bovine Neutral 100units/ml solution for injection 3ml cartridges,2,10.0,83.16
201804,NI,0601011N0BCAHAZ,Hypurin Porcine Neutral 100units/ml solution for injection 3ml cartridges,9,70.0,608.5799999999999
201804,NI,0601011N0BFAEAL,Actrapid 100units/ml solution for injection 10ml vials,11,42.0,314.16
201804,NI,0601011N0BHAAAG,Humulin S 100units/ml solution for injection 10ml vials,7,24.0,376.32
201804,NI,0601011N0BHADAP,Humulin S 100units/ml solution for injection 3ml cartridges,28,210.0,801.36
201804,NI,0601011N0BKABAP,Insuman Rapid 100units/ml solution for injection 3ml cartridges,2,10.0,35.0
201804,NI,0601011P0AAACAC,-,1,5.0,28.3
201804,NI,0601011P0BBAAAA,Apidra 100units/ml solution for injection 10ml vials,47,217.0,3472.0
201804,NI,0601011P0BBABAB,Apidra 100units/ml solution for injection 3ml cartridges,58,465.0,2631.9
201804,NI,0601011P0BBAEAC,Apidra 100units/ml solution for injection 3ml pre-filled SoloStar pen,509,3712.0,21009.92
201805,NI,0601011A0AAAAAA,-,5,16.0,225.28000000000003
201805,NI,0601011A0AAABAB,-,4,20.0,113.24
201805,NI,0601011A0AAACAC,-,3,30.0,183.6
201805,NI,0601011A0BBAAAA,NovoRapid 100units/ml solution for injection 10ml vials,573,2283.0,32144.64
201805,NI,0601011A0BBABAB,NovoRapid Penfill 100units/ml solution for injection 3ml cartridges,1289,10096.0,57163.552
201805,NI,0601011A0BBADAC,NovoRapid FlexPen 100units/ml solution for injection 3ml pre-filled pen,4681,33858.0,207210.96
201805,NI,0601011A0BBAEAC,NovoRapid FlexTouch 100units/ml solution for injection 3ml pre-filled pen,156,1190.0,7646.94
201805,NI,0601011A0BBAFAD,NovoRapid PumpCart 100units/ml solution for injection 1.6ml cartridges,64,978.0,2953.56
201805,NI,0601011A0BCAAAC,Fiasp FlexTouch 100units/ml solution for injection 3ml pre-filled pen,204,1297.0,7937.64
201805,NI,0601011A0BCABAB,Fiasp Penfill 100units/ml solution for injection 3ml cartridges,45,280.0,1585.36
201805,NI,0601011A0BCACAA,Fiasp 100units/ml solution for injection 10ml vials,30,128.0,1802.24
201805,NI,0601011L0AAABAB,-,16,61.0,1013.21
201805,NI,0601011L0AAACAC,-,6,55.0,311.41
201805,NI,0601011L0BBABAB,Humalog 100units/ml solution for injection 10ml vials,83,440.0,7308.4
201805,NI,0601011L0BBACAC,Humalog 100units/ml solution for injection 3ml cartridges,279,2453.0,13888.886
201805,NI,0601011L0BBAGAF,Humalog KwikPen 100units/ml solution for injection 3ml pre-filled pen,700,5185.0,30550.02
201805,NI,0601011L0BBAHAG,Humalog KwikPen 200units/ml solution for injection 3ml pre-filled pen,66,505.0,5950.92
201805,NI,0601011N0BCAAAA,Hypurin Bovine Neutral 100units/ml solution for injection 10ml vials,4,18.0,498.96
201805,NI,0601011N0BCAEAC,Hypurin Porcine Neutral 100units/ml solution for injection 10ml vials,8,27.0,782.46
201805,NI,0601011N0BCAGAY,Hypurin Bovine Neutral 100units/ml solution for injection 3ml cartridges,4,16.0,133.05599999999998
201805,NI,0601011N0BCAHAZ,Hypurin Porcine Neutral 100units/ml solution for injection 3ml cartridges,7,40.0,347.76
201805,NI,0601011N0BFAEAL,Actrapid 100units/ml solution for injection 10ml vials,11,40.0,299.2
201805,NI,0601011N0BHAAAG,Humulin S 100units/ml solution for injection 10ml vials,3,15.0,235.2
201805,NI,0601011N0BHADAP,Humulin S 100units/ml solution for injection 3ml cartridges,39,300.0,1144.8
201805,NI,0601011N0BKABAP,Insuman Rapid 100units/ml solution for injection 3ml cartridges,1,5.0,17.5
201805,NI,0601011P0BBAAAA,Apidra 100units/ml solution for injection 10ml vials,47,237.0,3792.0
201805,NI,0601011P0BBABAB,Apidra 100units/ml solution for injection 3ml cartridges,77,578.0,3271.48
201805,NI,0601011P0BBAEAC,Apidra 100units/ml solution for injection 3ml pre-filled SoloStar pen,609,4483.0,25373.78
201806,NI,0601011A0AAAAAA,-,5,19.0,267.52
201806,NI,0601011A0AAABAB,-,4,40.0,226.48
201806,NI,0601011A0AAACAC,-,2,10.0,61.2
201806,NI,0601011A0BBAAAA,NovoRapid 100units/ml solution for injection 10ml vials,602,2429.0,34200.32
201806,NI,0601011A0BBABAB,NovoRapid Penfill 100units/ml solution for injection 3ml cartridges,1390,10838.0,61364.756
201806,NI,0601011A0BBADAC,NovoRapid FlexPen 100units/ml solution for injection 3ml pre-filled pen,4534,32903.0,201366.36
201806,NI,0601011A0BBAEAC,NovoRapid FlexTouch 100units/ml solution for injection 3ml pre-filled pen,157,1175.0,7550.55
201806,NI,0601011A0BBAFAD,NovoRapid PumpCart 100units/ml solution for injection 1.6ml cartridges,59,600.0,1812.0
201806,NI,0601011A0BCAAAC,Fiasp FlexTouch 100units/ml solution for injection 3ml pre-filled pen,215,1400.0,8568.0
201806,NI,0601011A0BCABAB,Fiasp Penfill 100units/ml solution for injection 3ml cartridges,49,295.0,1670.29
201806,NI,0601011A0BCACAA,Fiasp 100units/ml solution for injection 10ml vials,48,230.0,3238.4
201806,NI,0601011L0AAABAB,-,18,87.0,1445.07
201806,NI,0601011L0AAACAC,-,6,47.0,266.11400000000003
201806,NI,0601011L0BBABAB,Humalog 100units/ml solution for injection 10ml vials,76,379.0,6295.19
201806,NI,0601011L0BBACAC,Humalog 100units/ml solution for injection 3ml cartridges,283,2539.0,14375.818
201806,NI,0601011L0BBAGAF,Humalog KwikPen 100units/ml solution for injection 3ml pre-filled pen,667,4885.0,28782.42
201806,NI,0601011L0BBAHAG,Humalog KwikPen 200units/ml solution for injection 3ml pre-filled pen,64,559.0,6587.256
201806,NI,0601011N0BCAAAA,Hypurin Bovine Neutral 100units/ml solution for injection 10ml vials,2,8.0,221.76
201806,NI,0601011N0BCAEAC,Hypurin Porcine Neutral 100units/ml solution for injection 10ml vials,8,24.0,751.2
201806,NI,0601011N0BCAGAY,Hypurin Bovine Neutral 100units/ml solution for injection 3ml cartridges,1,10.0,83.16
201806,NI,0601011N0BCAHAZ,Hypurin Porcine Neutral 100units/ml solution for injection 3ml cartridges,10,105.0,985.95
201806,NI,0601011N0BFAEAL,Actrapid 100units/ml solution for injection 10ml vials,11,43.0,321.64
201806,NI,0601011N0BHAAAG,Humulin S 100units/ml solution for injection 10ml vials,7,30.0,470.4
201806,NI,0601011N0BHADAP,Humulin S 100units/ml solution for injection 3ml cartridges,35,341.0,1301.256
201806,NI,0601011N0BKABAP,Insuman Rapid 100units/ml solution for injection 3ml cartridges,4,25.0,87.5
201806,NI,0601011P0BBAAAA,Apidra 100units/ml solution for injection 10ml vials,44,191.0,3056.0
201806,NI,0601011P0BBABAB,Apidra 100units/ml solution for injection 3ml cartridges,59,475.0,2688.5
201806,NI,0601011P0BBAEAC,Apidra 100units/ml solution for injection 3ml pre-filled SoloStar pen,564,4164.0,23568.24
201807,NI,0601011A0AAAAAA,-,8,31.0,436.48
201807,NI,0601011A0AAABAB,-,1,5.0,28.31
201807,NI,0601011A0AAACAC,-,2,10.0,61.2
201807,NI,0601011A0BBAAAA,NovoRapid 100units/ml solution for injection 10ml vials,537,2099.0,29553.92
201807,NI,0601011A0BBABAB,NovoRapid Penfill 100units/ml solution for injection 3ml cartridges,1279,9782.0,55385.684
201807,NI,0601011A0BBADAC,NovoRapid FlexPen 100units/ml solution for injection 3ml pre-filled pen,4491,32810.0,200797.2
201807,NI,0601011A0BBAEAC,NovoRapid FlexTouch 100units/ml solution for injection 3ml pre-filled pen,137,1094.0,7030.044000000001
201807,NI,0601011A0BBAFAD,NovoRapid PumpCart 100units/ml solution for injection 1.6ml cartridges,48,620.0,1872.4
201807,NI,0601011A0BCAAAC,Fiasp FlexTouch 100units/ml solution for injection 3ml pre-filled pen,219,1315.0,8047.8
201807,NI,0601011A0BCABAB,Fiasp Penfill 100units/ml solution for injection 3ml cartridges,54,365.0,2066.63
201807,NI,0601011A0BCACAA,Fiasp 100units/ml solution for injection 10ml vials,47,206.0,2900.48
201807,NI,0601011L0AAABAB,-,21,86.0,1428.46
201807,NI,0601011L0AAACAC,-,4,30.0,169.86
201807,NI,0601011L0BBABAB,Humalog 100units/ml solution for injection 10ml vials,86,448.0,7441.28
201807,NI,0601011L0BBACAC,Humalog 100units/ml solution for injection 3ml cartridges,264,2393.0,13549.166
201807,NI,0601011L0BBAGAF,Humalog KwikPen 100units/ml solution for injection 3ml pre-filled pen,642,4624.0,27244.608
201807,NI,0601011L0BBAHAG,Humalog KwikPen 200units/ml solution for injection 3ml pre-filled pen,74,620.0,7306.08
201807,NI,0601011N0BCAAAA,Hypurin Bovine Neutral 100units/ml solution for injection 10ml vials,4,15.0,415.7999999999999
201807,NI,0601011N0BCAEAC,Hypurin Porcine Neutral 100units/ml solution for injection 10ml vials,10,44.0,1377.2
201807,NI,0601011N0BCAHAZ,Hypurin Porcine Neutral 100units/ml solution for injection 3ml cartridges,9,75.0,704.25
201807,NI,0601011N0BFAEAL,Actrapid 100units/ml solution for injection 10ml vials,14,45.0,336.6
201807,NI,0601011N0BHAAAG,Humulin S 100units/ml solution for injection 10ml vials,5,21.0,329.28000000000003
201807,NI,0601011N0BHADAP,Humulin S 100units/ml solution for injection 3ml cartridges,31,258.0,984.528
201807,NI,0601011N0BKABAP,Insuman Rapid 100units/ml solution for injection 3ml cartridges,2,15.0,52.5
201807,NI,0601011P0BBAAAA,Apidra 100units/ml solution for injection 10ml vials,46,200.0,3200.0
201807,NI,0601011P0BBABAB,Apidra 100units/ml solution for injection 3ml cartridges,57,435.0,2462.1
201807,NI,0601011P0BBAEAC,Apidra 100units/ml solution for injection 3ml pre-filled SoloStar pen,606,4484.0,25379.44
201808,NI,0601011A0AAAAAA,-,5,26.0,366.08
201808,NI,0601011A0AAABAB,-,2,10.0,56.62
201808,NI,0601011A0AAACAC,-,3,30.0,183.6
201808,NI,0601011A0BBAAAA,NovoRapid 100units/ml solution for injection 10ml vials,594,2377.0,33468.16
201808,NI,0601011A0BBABAB,NovoRapid Penfill 100units/ml solution for injection 3ml cartridges,1342,10190.0,57695.78
201808,NI,0601011A0BBADAC,NovoRapid FlexPen 100units/ml solution for injection 3ml pre-filled pen,4681,34016.0,208177.92
201808,NI,0601011A0BBAEAC,NovoRapid FlexTouch 100units/ml solution for injection 3ml pre-filled pen,154,1225.0,7871.85
201808,NI,0601011A0BBAFAD,NovoRapid PumpCart 100units/ml solution for injection 1.6ml cartridges,60,950.0,2869.0
201808,NI,0601011A0BCAAAC,Fiasp FlexTouch 100units/ml solution for injection 3ml pre-filled pen,231,1470.0,8996.4
201808,NI,0601011A0BCABAB,Fiasp Penfill 100units/ml solution for injection 3ml cartridges,65,396.0,2242.152
201808,NI,0601011A0BCACAA,Fiasp 100units/ml solution for injection 10ml vials,51,190.0,2675.2000000000003
201808,NI,0601011L0AAABAB,-,19,94.0,1561.34
201808,NI,0601011L0AAACAC,-,5,40.0,226.48
201808,NI,0601011L0BBABAB,Humalog 100units/ml solution for injection 10ml vials,65,305.0,5066.05
201808,NI,0601011L0BBACAC,Humalog 100units/ml solution for injection 3ml cartridges,270,2537.0,14364.494
201808,NI,0601011L0BBAGAF,Humalog KwikPen 100units/ml solution for injection 3ml pre-filled pen,672,5010.0,29518.92
201808,NI,0601011L0BBAHAG,Humalog KwikPen 200units/ml solution for injection 3ml pre-filled pen,66,607.0,7152.888
201808,NI,0601011N0BCAAAA,Hypurin Bovine Neutral 100units/ml solution for injection 10ml vials,1,6.0,166.32
201808,NI,0601011N0BCAEAC,Hypurin Porcine Neutral 100units/ml solution for injection 10ml vials,13,53.0,1658.9
201808,NI,0601011N0BCAGAY,Hypurin Bovine Neutral 100units/ml solution for injection 3ml cartridges,2,10.0,83.16
201808,NI,0601011N0BCAHAZ,Hypurin Porcine Neutral 100units/ml solution for injection 3ml cartridges,8,65.0,610.35
201808,NI,0601011N0BFAEAL,Actrapid 100units/ml solution for injection 10ml vials,16,58.0,433.84
201808,NI,0601011N0BHAAAG,Humulin S 100units/ml solution for injection 10ml vials,4,18.0,282.24
201808,NI,0601011N0BHADAP,Humulin S 100units/ml solution for injection 3ml cartridges,33,259.0,988.344
201808,NI,0601011N0BKABAP,Insuman Rapid 100units/ml solution for injection 3ml cartridges,3,15.0,52.5
201808,NI,0601011P0BBAAAA,Apidra 100units/ml solution for injection 10ml vials,39,210.0,3360.0
201808,NI,0601011P0BBABAB,Apidra 100units/ml solution for injection 3ml cartridges,50,368.0,2082.88
201808,NI,0601011P0BBAEAC,Apidra 100units/ml solution for injection 3ml pre-filled SoloStar pen,550,4055.0,22951.3
201809,NI,0601011A0AAAAAA,-,6,20.0,281.6
201809,NI,0601011A0AAABAB,-,4,40.0,226.48
201809,NI,0601011A0AAACAC,-,2,25.0,153.0
201809,NI,0601011A0BBAAAA,NovoRapid 100units/ml solution for injection 10ml vials,531,2204.0,31032.32
201809,NI,0601011A0BBABAB,NovoRapid Penfill 100units/ml solution for injection 3ml cartridges,1207,9445.0,53477.59
201809,NI,0601011A0BBADAC,NovoRapid FlexPen 100units/ml solution for injection 3ml pre-filled pen,4188,30325.0,185589.0
201809,NI,0601011A0BBAEAC,NovoRapid FlexTouch 100units/ml solution for injection 3ml pre-filled pen,141,1085.0,6972.21
201809,NI,0601011A0BBAFAD,NovoRapid PumpCart 100units/ml solution for injection 1.6ml cartridges,52,715.0,2159.3
201809,NI,0601011A0BCAAAC,Fiasp FlexTouch 100units/ml solution for injection 3ml pre-filled pen,240,1539.0,9418.68
201809,NI,0601011A0BCABAB,Fiasp Penfill 100units/ml solution for injection 3ml cartridges,58,320.0,1811.84
201809,NI,0601011A0BCACAA,Fiasp 100units/ml solution for injection 10ml vials,46,241.0,3393.28
201809,NI,0601011L0AAABAB,-,17,91.0,1511.51
201809,NI,0601011L0AAACAC,-,3,20.0,113.24
201809,NI,0601011L0BBABAB,Humalog 100units/ml solution for injection 10ml vials,74,391.0,6494.51
201809,NI,0601011L0BBACAC,Humalog 100units/ml solution for injection 3ml cartridges,255,2276.0,12886.712
201809,NI,0601011L0BBAGAF,Humalog KwikPen 100units/ml solution for injection 3ml pre-filled pen,629,4709.0,27745.428
201809,NI,0601011L0BBAHAG,Humalog KwikPen 200units/ml solution for injection 3ml pre-filled pen,68,610.0,7188.24
201809,NI,0601011N0BCAAAA,Hypurin Bovine Neutral 100units/ml solution for injection 10ml vials,1,1.0,27.72
201809,NI,0601011N0BCAEAC,Hypurin Porcine Neutral 100units/ml solution for injection 10ml vials,6,18.0,563.4
201809,NI,0601011N0BCAGAY,Hypurin Bovine Neutral 100units/ml solution for injection 3ml cartridges,2,15.0,124.74
201809,NI,0601011N0BCAHAZ,Hypurin Porcine Neutral 100units/ml solution for injection 3ml cartridges,6,50.0,469.5
201809,NI,0601011N0BFAEAL,Actrapid 100units/ml solution for injection 10ml vials,12,51.0,381.48
201809,NI,0601011N0BHAAAG,Humulin S 100units/ml solution for injection 10ml vials,6,30.0,470.4
201809,NI,0601011N0BHADAP,Humulin S 100units/ml solution for injection 3ml cartridges,30,216.0,824.256
201809,NI,0601011N0BKABAP,Insuman Rapid 100units/ml solution for injection 3ml cartridges,6,45.0,157.5
201809,NI,0601011P0BBAAAA,Apidra 100units/ml solution for injection 10ml vials,39,182.0,2912.0
201809,NI,0601011P0BBABAB,Apidra 100units/ml solution for injection 3ml cartridges,58,459.0,2597.94
201809,NI,0601011P0BBAEAC,Apidra 100units/ml solution for injection 3ml pre-filled SoloStar pen,563,4125.0,23347.5
201810,NI,0601011A0AAAAAA,-,6,24.0,337.92
201810,NI,0601011A0AAABAB,-,2,10.0,56.62
201810,NI,0601011A0AAACAC,-,2,10.0,61.2
201810,NI,0601011A0BBAAAA,NovoRapid 100units/ml solution for injection 10ml vials,566,2288.0,32215.04
201810,NI,0601011A0BBABAB,NovoRapid Penfill 100units/ml solution for injection 3ml cartridges,1338,10313.0,58392.206
201810,NI,0601011A0BBADAC,NovoRapid FlexPen 100units/ml solution for injection 3ml pre-filled pen,4641,34075.0,208539.0
201810,NI,0601011A0BBAEAC,NovoRapid FlexTouch 100units/ml solution for injection 3ml pre-filled pen,167,1220.0,7839.72
201810,NI,0601011A0BBAFAD,NovoRapid PumpCart 100units/ml solution for injection 1.6ml cartridges,65,860.0,2597.2
201810,NI,0601011A0BCAAAC,Fiasp FlexTouch 100units/ml solution for injection 3ml pre-filled pen,295,1890.0,11566.8
201810,NI,0601011A0BCABAB,Fiasp Penfill 100units/ml solution for injection 3ml cartridges,78,466.0,2638.4919999999997
201810,NI,0601011A0BCACAA,Fiasp 100units/ml solution for injection 10ml vials,53,236.0,3322.88
201810,NI,0601011L0AAABAB,-,18,82.0,1362.02
201810,NI,0601011L0AAACAC,-,4,25.0,141.55
201810,NI,0601011L0BBABAB,Humalog 100units/ml solution for injection 10ml vials,66,320.0,5315.2
201810,NI,0601011L0BBACAC,Humalog 100units/ml solution for injection 3ml cartridges,273,2383.0,13492.546
201810,NI,0601011L0BBAGAF,Humalog KwikPen 100units/ml solution for injection 3ml pre-filled pen,706,5214.0,30720.888
201810,NI,0601011L0BBAHAG,Humalog KwikPen 200units/ml solution for injection 3ml pre-filled pen,65,522.0,6151.2480000000005
201810,NI,0601011N0BCAAAA,Hypurin Bovine Neutral 100units/ml solution for injection 10ml vials,4,12.0,332.64
201810,NI,0601011N0BCAEAC,Hypurin Porcine Neutral 100units/ml solution for injection 10ml vials,5,14.0,438.2000000000001
201810,NI,0601011N0BCAGAY,Hypurin Bovine Neutral 100units/ml solution for injection 3ml cartridges,3,15.0,124.74
201810,NI,0601011N0BCAHAZ,Hypurin Porcine Neutral 100units/ml solution for injection 3ml cartridges,14,120.0,1126.8000000000002
201810,NI,0601011N0BFAEAL,Actrapid 100units/ml solution for injection 10ml vials,18,72.0,538.5600000000001
201810,NI,0601011N0BHAAAG,Humulin S 100units/ml solution for injection 10ml vials,4,10.0,156.8
201810,NI,0601011N0BHADAP,Humulin S 100units/ml solution for injection 3ml cartridges,35,305.0,1163.88
201810,NI,0601011N0BKABAP,Insuman Rapid 100units/ml solution for injection 3ml cartridges,2,10.0,35.0
201810,NI,0601011P0BBAAAA,Apidra 100units/ml solution for injection 10ml vials,52,302.0,4832.0
201810,NI,0601011P0BBABAB,Apidra 100units/ml solution for injection 3ml cartridges,59,425.0,2405.5
201810,NI,0601011P0BBAEAC,Apidra 100units/ml solution for injection 3ml pre-filled SoloStar pen,566,4253.0,24071.98
201811,NI,0601011A0AAAAAA,-,4,15.0,211.2
201811,NI,0601011A0AAABAB,-,3,30.0,169.86
201811,NI,0601011A0AAACAC,-,1,5.0,30.6
201811,NI,0601011A0BBAAAA,NovoRapid 100units/ml solution for injection 10ml vials,554,2230.0,31398.4
201811,NI,0601011A0BBABAB,NovoRapid Penfill 100units/ml solution for injection 3ml cartridges,1295,10117.0,57282.454
201811,NI,0601011A0BBADAC,NovoRapid FlexPen 100units/ml solution for injection 3ml pre-filled pen,4524,32640.0,199756.8
201811,NI,0601011A0BBAEAC,NovoRapid FlexTouch 100units/ml solution for injection 3ml pre-filled pen,170,1240.0,7968.240000000001
201811,NI,0601011A0BBAFAD,NovoRapid PumpCart 100units/ml solution for injection 1.6ml cartridges,75,1135.0,3427.7
201811,NI,0601011A0BCAAAC,Fiasp FlexTouch 100units/ml solution for injection 3ml pre-filled pen,265,1720.0,10526.4
201811,NI,0601011A0BCABAB,Fiasp Penfill 100units/ml solution for injection 3ml cartridges,79,495.0,2802.69
201811,NI,0601011A0BCACAA,Fiasp 100units/ml solution for injection 10ml vials,50,249.0,3505.92
201811,NI,0601011L0AAABAB,-,19,86.0,1428.46
201811,NI,0601011L0AAACAC,-,4,25.0,141.55
201811,NI,0601011L0BBABAB,Humalog 100units/ml solution for injection 10ml vials,75,396.0,6577.5599999999995
201811,NI,0601011L0BBACAC,Humalog 100units/ml solution for injection 3ml cartridges,261,2338.0,13237.756
201811,NI,0601011L0BBAGAF,Humalog KwikPen 100units/ml solution for injection 3ml pre-filled pen,677,4963.0,29241.996
201811,NI,0601011L0BBAHAG,Humalog KwikPen 200units/ml solution for injection 3ml pre-filled pen,79,657.0,7742.088
201811,NI,0601011N0BCAAAA,Hypurin Bovine Neutral 100units/ml solution for injection 10ml vials,1,1.0,27.72
201811,NI,0601011N0BCAEAC,Hypurin Porcine Neutral 100units/ml solution for injection 10ml vials,10,24.0,751.2
201811,NI,0601011N0BCAHAZ,Hypurin Porcine Neutral 100units/ml solution for injection 3ml cartridges,8,56.0,525.84
201811,NI,0601011N0BFAEAL,Actrapid 100units/ml solution for injection 10ml vials,10,29.0,216.92
201811,NI,0601011N0BHAAAG,Humulin S 100units/ml solution for injection 10ml vials,5,31.0,486.08
201811,NI,0601011N0BHADAP,Humulin S 100units/ml solution for injection 3ml cartridges,39,281.0,1072.2959999999998
201811,NI,0601011N0BKABAP,Insuman Rapid 100units/ml solution for injection 3ml cartridges,4,25.0,87.5
201811,NI,0601011P0BBAAAA,Apidra 100units/ml solution for injection 10ml vials,41,176.0,2816.0
201811,NI,0601011P0BBABAB,Apidra 100units/ml solution for injection 3ml cartridges,61,425.0,2405.5
201811,NI,0601011P0BBAEAC,Apidra 100units/ml solution for injection 3ml pre-filled SoloStar pen,571,4187.0,23698.42
201812,NI,0601011A0AAAAAA,-,7,26.0,366.08
201812,NI,0601011A0AAABAB,-,5,30.0,169.86
201812,NI,0601011A0AAACAC,-,4,25.0,153.0
201812,NI,0601011A0BBAAAA,NovoRapid 100units/ml solution for injection 10ml vials,561,2266.0,31905.28
201812,NI,0601011A0BBABAB,NovoRapid Penfill 100units/ml solution for injection 3ml cartridges,1334,10301.0,58324.262
201812,NI,0601011A0BBADAC,NovoRapid FlexPen 100units/ml solution for injection 3ml pre-filled pen,4397,32273.0,197510.76
201812,NI,0601011A0BBAEAC,NovoRapid FlexTouch 100units/ml solution for injection 3ml pre-filled pen,155,1105.0,7100.7300000000005
201812,NI,0601011A0BBAFAD,NovoRapid PumpCart 100units/ml solution for injection 1.6ml cartridges,74,955.0,2884.1
201812,NI,0601011A0BCAAAC,Fiasp FlexTouch 100units/ml solution for injection 3ml pre-filled pen,286,1882.0,11517.84
201812,NI,0601011A0BCABAB,Fiasp Penfill 100units/ml solution for injection 3ml cartridges,81,495.0,2802.69
201812,NI,0601011A0BCACAA,Fiasp 100units/ml solution for injection 10ml vials,60,288.0,4055.04
201812,NI,0601011L0AAABAB,-,12,79.0,1312.19
201812,NI,0601011L0AAACAC,-,4,35.0,198.17
201812,NI,0601011L0BBABAB,Humalog 100units/ml solution for injection 10ml vials,74,337.0,5597.57
201812,NI,0601011L0BBACAC,Humalog 100units/ml solution for injection 3ml cartridges,269,2373.0,13435.926
201812,NI,0601011L0BBAGAF,Humalog KwikPen 100units/ml solution for injection 3ml pre-filled pen,676,4959.0,29218.428
201812,NI,0601011L0BBAHAG,Humalog KwikPen 200units/ml solution for injection 3ml pre-filled pen,75,652.0,7683.168
201812,NI,0601011N0BCAAAA,Hypurin Bovine Neutral 100units/ml solution for injection 10ml vials,2,6.0,166.32
201812,NI,0601011N0BCAEAC,Hypurin Porcine Neutral 100units/ml solution for injection 10ml vials,14,51.0,1596.3000000000002
201812,NI,0601011N0BCAHAZ,Hypurin Porcine Neutral 100units/ml solution for injection 3ml cartridges,8,45.0,422.55
201812,NI,0601011N0BFAEAL,Actrapid 100units/ml solution for injection 10ml vials,15,50.0,374.0
201812,NI,0601011N0BHAAAG,Humulin S 100units/ml solution for injection 10ml vials,5,17.0,266.56
201812,NI,0601011N0BHADAP,Humulin S 100units/ml solution for injection 3ml cartridges,30,308.0,1175.328
201812,NI,0601011N0BKABAP,Insuman Rapid 100units/ml solution for injection 3ml cartridges,4,20.0,70.0
201812,NI,0601011P0BBAAAA,Apidra 100units/ml solution for injection 10ml vials,49,264.0,4224.0
201812,NI,0601011P0BBABAB,Apidra 100units/ml solution for injection 3ml cartridges,60,500.0,2830.0
201812,NI,0601011P0BBAEAC,Apidra 100units/ml solution for injection 3ml pre-filled SoloStar pen,549,3915.0,22158.9
201901,NI,0601011A0AAAAAA,-,1,3.0,42.24
201901,NI,0601011A0AAABAB,-,1,5.0,28.31
201901,NI,0601011A0AAACAC,-,3,30.0,183.6
201901,NI,0601011A0BBAAAA,NovoRapid 100units/ml solution for injection 10ml vials,611,2419.0,34059.52
201901,NI,0601011A0BBABAB,NovoRapid Penfill 100units/ml solution for injection 3ml cartridges,1391,10736.0,60787.232
201901,NI,0601011A0BBADAC,NovoRapid FlexPen 100units/ml solution for injection 3ml pre-filled pen,4850,35010.0,214261.2
201901,NI,0601011A0BBAEAC,NovoRapid FlexTouch 100units/ml solution for injection 3ml pre-filled pen,180,1365.0,8771.49
201901,NI,0601011A0BBAFAD,NovoRapid PumpCart 100units/ml solution for injection 1.6ml cartridges,84,1265.0,3820.3
201901,NI,0601011A0BCAAAC,Fiasp FlexTouch 100units/ml solution for injection 3ml pre-filled pen,350,2319.0,14192.28
201901,NI,0601011A0BCABAB,Fiasp Penfill 100units/ml solution for injection 3ml cartridges,85,510.0,2887.62
201901,NI,0601011A0BCACAA,Fiasp 100units/ml solution for injection 10ml vials,44,205.0,2886.4
201901,NI,0601011L0AAABAB,-,11,51.0,847.11
201901,NI,0601011L0AAACAC,-,5,30.0,169.86
201901,NI,0601011L0BBABAB,Humalog 100units/ml solution for injection 10ml vials,74,352.0,5846.72
201901,NI,0601011L0BBACAC,Humalog 100units/ml solution for injection 3ml cartridges,287,2605.0,14749.51
201901,NI,0601011L0BBAGAF,Humalog KwikPen 100units/ml solution for injection 3ml pre-filled pen,703,5147.0,30326.124
201901,NI,0601011L0BBAHAG,Humalog KwikPen 200units/ml solution for injection 3ml pre-filled pen,85,660.0,7777.44
201901,NI,0601011N0BCAEAC,Hypurin Porcine Neutral 100units/ml solution for injection 10ml vials,11,34.0,1064.2
201901,NI,0601011N0BCAGAY,Hypurin Bovine Neutral 100units/ml solution for injection 3ml cartridges,3,17.0,141.372
201901,NI,0601011N0BCAHAZ,Hypurin Porcine Neutral 100units/ml solution for injection 3ml cartridges,11,87.0,816.9300000000001
201901,NI,0601011N0BFAEAL,Actrapid 100units/ml solution for injection 10ml vials,10,38.0,284.24
201901,NI,0601011N0BHAAAG,Humulin S 100units/ml solution for injection 10ml vials,5,16.0,250.88
201901,NI,0601011N0BHADAP,Humulin S 100units/ml solution for injection 3ml cartridges,32,221.0,843.3359999999999
201901,NI,0601011N0BKABAP,Insuman Rapid 100units/ml solution for injection 3ml cartridges,4,35.0,122.5
201901,NI,0601011P0AAACAC,-,1,5.0,28.3
201901,NI,0601011P0BBAAAA,Apidra 100units/ml solution for injection 10ml vials,46,226.0,3616.0
201901,NI,0601011P0BBABAB,Apidra 100units/ml solution for injection 3ml cartridges,85,650.0,3679.0
201901,NI,0601011P0BBAEAC,Apidra 100units/ml solution for injection 3ml pre-filled SoloStar pen,588,4359.0,24671.94
201902,NI,0601011A0AAAAAA,-,4,11.0,154.88
201902,NI,0601011A0AAABAB,-,2,30.0,169.86
201902,NI,0601011A0AAACAC,-,3,16.0,97.92
201902,NI,0601011A0BBAAAA,NovoRapid 100units/ml solution for injection 10ml vials,510,2068.0,29117.44
201902,NI,0601011A0BBABAB,NovoRapid Penfill 100units/ml solution for injection 3ml cartridges,1224,9138.0,51739.356
201902,NI,0601011A0BBADAC,NovoRapid FlexPen 100units/ml solution for injection 3ml pre-filled pen,4119,29876.0,182841.12
201902,NI,0601011A0BBAEAC,NovoRapid FlexTouch 100units/ml solution for injection 3ml pre-filled pen,152,1101.0,7075.026000000001
201902,NI,0601011A0BBAFAD,NovoRapid PumpCart 100units/ml solution for injection 1.6ml cartridges,80,1109.0,3349.18
201902,NI,0601011A0BCAAAC,Fiasp FlexTouch 100units/ml solution for injection 3ml pre-filled pen,316,1933.0,11829.96
201902,NI,0601011A0BCABAB,Fiasp Penfill 100units/ml solution for injection 3ml cartridges,83,575.0,3255.65
201902,NI,0601011A0BCACAA,Fiasp 100units/ml solution for injection 10ml vials,44,187.0,2632.96
201902,NI,0601011L0AAABAB,-,14,63.0,1046.43
201902,NI,0601011L0AAACAC,-,5,40.0,226.48
201902,NI,0601011L0BBABAB,Humalog 100units/ml solution for injection 10ml vials,77,432.0,7175.52
201902,NI,0601011L0BBACAC,Humalog 100units/ml solution for injection 3ml cartridges,247,2252.0,12750.824
201902,NI,0601011L0BBAGAF,Humalog KwikPen 100units/ml solution for injection 3ml pre-filled pen,636,4614.0,27185.688
201902,NI,0601011L0BBAHAG,Humalog KwikPen 200units/ml solution for injection 3ml pre-filled pen,74,648.0,7636.032
201902,NI,0601011N0BCAAAA,Hypurin Bovine Neutral 100units/ml solution for injection 10ml vials,2,5.0,138.6
201902,NI,0601011N0BCAEAC,Hypurin Porcine Neutral 100units/ml solution for injection 10ml vials,12,45.0,1408.5
201902,NI,0601011N0BCAGAY,Hypurin Bovine Neutral 100units/ml solution for injection 3ml cartridges,1,5.0,41.58
201902,NI,0601011N0BCAHAZ,Hypurin Porcine Neutral 100units/ml solution for injection 3ml cartridges,9,85.0,798.15
201902,NI,0601011N0BFAEAL,Actrapid 100units/ml solution for injection 10ml vials,12,40.0,299.2
201902,NI,0601011N0BHAAAG,Humulin S 100units/ml solution for injection 10ml vials,4,16.0,250.88
201902,NI,0601011N0BHADAP,Humulin S 100units/ml solution for injection 3ml cartridges,32,275.0,1049.4
201902,NI,0601011N0BKABAP,Insuman Rapid 100units/ml solution for injection 3ml cartridges,4,25.0,87.5
201902,NI,0601011P0AAACAC,-,1,5.0,28.3
201902,NI,0601011P0BBAAAA,Apidra 100units/ml solution for injection 10ml vials,44,205.0,3280.0
201902,NI,0601011P0BBABAB,Apidra 100units/ml solution for injection 3ml cartridges,48,380.0,2150.8
201902,NI,0601011P0BBAEAC,Apidra 100units/ml solution for injection 3ml pre-filled SoloStar pen,555,4147.0,23472.02
201903,NI,0601011A0AAAAAA,-,6,19.0,267.52
201903,NI,0601011A0AAABAB,-,2,10.0,56.62
201903,NI,0601011A0AAACAC,-,3,30.0,183.6
201903,NI,0601011A0BBAAAA,NovoRapid 100units/ml solution for injection 10ml vials,531,2161.0,30426.88
201903,NI,0601011A0BBABAB,NovoRapid Penfill 100units/ml solution for injection 3ml cartridges,1328,10306.0,58352.572
201903,NI,0601011A0BBADAC,NovoRapid FlexPen 100units/ml solution for injection 3ml pre-filled pen,4459,32172.0,196892.64
201903,NI,0601011A0BBAEAC,NovoRapid FlexTouch 100units/ml solution for injection 3ml pre-filled pen,174,1340.0,8610.84
201903,NI,0601011A0BBAFAD,NovoRapid PumpCart 100units/ml solution for injection 1.6ml cartridges,112,1655.0,4998.099999999999
201903,NI,0601011A0BCAAAC,Fiasp FlexTouch 100units/ml solution for injection 3ml pre-filled pen,336,2187.0,13384.44
201903,NI,0601011A0BCABAB,Fiasp Penfill 100units/ml solution for injection 3ml cartridges,84,529.0,2995.198
201903,NI,0601011A0BCACAA,Fiasp 100units/ml solution for injection 10ml vials,69,300.0,4224.0
201903,NI,0601011L0AAABAB,-,19,95.0,1577.95
201903,NI,0601011L0AAACAC,-,3,20.0,113.24
201903,NI,0601011L0BBABAB,Humalog 100units/ml solution for injection 10ml vials,75,396.0,6577.5599999999995
201903,NI,0601011L0BBACAC,Humalog 100units/ml solution for injection 3ml cartridges,261,2226.0,12603.612
201903,NI,0601011L0BBAGAF,Humalog KwikPen 100units/ml solution for injection 3ml pre-filled pen,684,5027.0,29619.084
201903,NI,0601011L0BBAHAG,Humalog KwikPen 200units/ml solution for injection 3ml pre-filled pen,88,700.0,8248.8
201903,NI,0601011N0BCAAAA,Hypurin Bovine Neutral 100units/ml solution for injection 10ml vials,3,9.0,249.48
201903,NI,0601011N0BCAEAC,Hypurin Porcine Neutral 100units/ml solution for injection 10ml vials,11,41.0,1283.3
201903,NI,0601011N0BCAGAY,Hypurin Bovine Neutral 100units/ml solution for injection 3ml cartridges,1,5.0,41.58
201903,NI,0601011N0BCAHAZ,Hypurin Porcine Neutral 100units/ml solution for injection 3ml cartridges,9,60.0,563.4
201903,NI,0601011N0BFAEAL,Actrapid 100units/ml solution for injection 10ml vials,12,48.0,359.04
201903,NI,0601011N0BHAAAG,Humulin S 100units/ml solution for injection 10ml vials,5,34.0,533.12
201903,NI,0601011N0BHADAP,Humulin S 100units/ml solution for injection 3ml cartridges,36,271.0,1034.136
201903,NI,0601011N0BKABAP,Insuman Rapid 100units/ml solution for injection 3ml cartridges,2,10.0,35.0
201903,NI,0601011P0BBAAAA,Apidra 100units/ml solution for injection 10ml vials,38,191.0,3056.0
201903,NI,0601011P0BBABAB,Apidra 100units/ml solution for injection 3ml cartridges,58,426.0,2411.16
201903,NI,0601011P0BBAEAC,Apidra 100units/ml solution for injection 3ml pre-filled SoloStar pen,561,4127.0,23358.82
201904,NI,0601011A0AAAAAA,-,8,26.0,366.08
201904,NI,0601011A0AAABAB,-,2,10.0,56.62
201904,NI,0601011A0AAACAC,-,2,10.0,61.2
201904,NI,0601011A0BBAAAA,NovoRapid 100units/ml solution for injection 10ml vials,545,2194.0,30891.52
201904,NI,0601011A0BBABAB,NovoRapid Penfill 100units/ml solution for injection 3ml cartridges,1316,9792.0,55442.304
201904,NI,0601011A0BBADAC,NovoRapid FlexPen 100units/ml solution for injection 3ml pre-filled pen,4459,32471.0,198722.52
201904,NI,0601011A0BBAEAC,NovoRapid FlexTouch 100units/ml solution for injection 3ml pre-filled pen,166,1330.0,8546.58
201904,NI,0601011A0BBAFAD,NovoRapid PumpCart 100units/ml solution for injection 1.6ml cartridges,124,1935.0,5843.7
201904,NI,0601011A0BCAAAC,Fiasp FlexTouch 100units/ml solution for injection 3ml pre-filled pen,362,2318.0,14186.16
201904,NI,0601011A0BCABAB,Fiasp Penfill 100units/ml solution for injection 3ml cartridges,112,630.0,3567.06
201904,NI,0601011A0BCACAA,Fiasp 100units/ml solution for injection 10ml vials,53,206.0,2900.48
201904,NI,0601011L0AAABAB,-,12,55.0,913.55
201904,NI,0601011L0AAACAC,-,2,15.0,84.92999999999999
201904,NI,0601011L0AAAGAG,-,3,15.0,176.76
201904,NI,0601011L0BBABAB,Humalog 100units/ml solution for injection 10ml vials,73,409.0,6793.49
201904,NI,0601011L0BBACAC,Humalog 100units/ml solution for injection 3ml cartridges,251,2250.0,12739.5
201904,NI,0601011L0BBAGAF,Humalog KwikPen 100units/ml solution for injection 3ml pre-filled pen,639,4752.0,27998.784
201904,NI,0601011L0BBAHAG,Humalog KwikPen 200units/ml solution for injection 3ml pre-filled pen,85,652.0,7683.168
201904,NI,0601011N0BCAEAC,Hypurin Porcine Neutral 100units/ml solution for injection 10ml vials,3,14.0,438.2000000000001
201904,NI,0601011N0BCAGAY,Hypurin Bovine Neutral 100units/ml solution for injection 3ml cartridges,2,15.0,124.74
201904,NI,0601011N0BCAHAZ,Hypurin Porcine Neutral 100units/ml solution for injection 3ml cartridges,9,85.0,798.1500000000001
201904,NI,0601011N0BFAEAL,Actrapid 100units/ml solution for injection 10ml vials,16,52.0,388.96
201904,NI,0601011N0BHAAAG,Humulin S 100units/ml solution for injection 10ml vials,4,13.0,203.84
201904,NI,0601011N0BHADAP,Humulin S 100units/ml solution for injection 3ml cartridges,30,250.0,954.0
201904,NI,0601011N0BKABAP,Insuman Rapid 100units/ml solution for injection 3ml cartridges,4,30.0,105.0
201904,NI,0601011P0AAACAC,-,1,5.0,28.3
201904,NI,0601011P0BBAAAA,Apidra 100units/ml solution for injection 10ml vials,35,161.0,2576.0
201904,NI,0601011P0BBABAB,Apidra 100units/ml solution for injection 3ml cartridges,70,575.0,3254.5
201904,NI,0601011P0BBAEAC,Apidra 100units/ml solution for injection 3ml pre-filled SoloStar pen,544,4068.0,23024.88
201905,NI,0601011A0AAAAAA,-,4,13.0,183.04
201905,NI,0601011A0AAABAB,-,4,50.0,283.1
201905,NI,0601011A0AAACAC,-,2,10.0,61.2
201905,NI,0601011A0BBAAAA,NovoRapid 100units/ml solution for injection 10ml vials,543,2192.0,30863.36
201905,NI,0601011A0BBABAB,NovoRapid Penfill 100units/ml solution for injection 3ml cartridges,1395,10695.0,60555.09
201905,NI,0601011A0BBADAC,NovoRapid FlexPen 100units/ml solution for injection 3ml pre-filled pen,4669,33597.0,205613.64
201905,NI,0601011A0BBAEAC,NovoRapid FlexTouch 100units/ml solution for injection 3ml pre-filled pen,168,1280.0,8225.28
201905,NI,0601011A0BBAFAD,NovoRapid PumpCart 100units/ml solution for injection 1.6ml cartridges,124,1961.0,5922.22
201905,NI,0601011A0BCAAAC,Fiasp FlexTouch 100units/ml solution for injection 3ml pre-filled pen,426,2778.0,17001.36
201905,NI,0601011A0BCABAB,Fiasp Penfill 100units/ml solution for injection 3ml cartridges,109,735.0,4161.57
201905,NI,0601011A0BCACAA,Fiasp 100units/ml solution for injection 10ml vials,58,249.0,3505.92
201905,NI,0601011L0AAABAB,-,14,63.0,1046.43
201905,NI,0601011L0AAACAC,-,6,45.0,254.79
201905,NI,0601011L0AAAGAG,-,4,20.0,235.68
201905,NI,0601011L0BBABAB,Humalog 100units/ml solution for injection 10ml vials,73,353.0,5863.33
201905,NI,0601011L0BBACAC,Humalog 100units/ml solution for injection 3ml cartridges,256,2225.0,12597.95
201905,NI,0601011L0BBAGAF,Humalog KwikPen 100units/ml solution for injection 3ml pre-filled pen,721,5353.0,31539.876
201905,NI,0601011L0BBAHAG,Humalog KwikPen 200units/ml solution for injection 3ml pre-filled pen,83,747.0,8802.648
201905,NI,0601011N0BCAAAA,Hypurin Bovine Neutral 100units/ml solution for injection 10ml vials,1,1.0,27.72
201905,NI,0601011N0BCAEAC,Hypurin Porcine Neutral 100units/ml solution for injection 10ml vials,10,26.0,878.8
201905,NI,0601011N0BCAGAY,Hypurin Bovine Neutral 100units/ml solution for injection 3ml cartridges,1,5.0,41.58
201905,NI,0601011N0BCAHAZ,Hypurin Porcine Neutral 100units/ml solution for injection 3ml cartridges,10,60.0,608.52
201905,NI,0601011N0BFAEAL,Actrapid 100units/ml solution for injection 10ml vials,14,54.0,403.92
201905,NI,0601011N0BHAAAG,Humulin S 100units/ml solution for injection 10ml vials,7,62.0,972.16
201905,NI,0601011N0BHADAP,Humulin S 100units/ml solution for injection 3ml cartridges,30,199.0,759.3839999999999
201905,NI,0601011N0BKABAP,Insuman Rapid 100units/ml solution for injection 3ml cartridges,5,40.0,140.0
201905,NI,0601011P0AAAAAA,-,1,10.0,160.0
201905,NI,0601011P0AAACAC,-,2,10.0,56.6
201905,NI,0601011P0BBAAAA,Apidra 100units/ml solution for injection 10ml vials,48,242.0,3872.0
201905,NI,0601011P0BBABAB,Apidra 100units/ml solution for injection 3ml cartridges,57,416.0,2354.56
201905,NI,0601011P0BBAEAC,Apidra 100units/ml solution for injection 3ml pre-filled SoloStar pen,604,4431.0,25079.46
201906,NI,0601011A0AAAAAA,-,6,21.0,295.68
201906,NI,0601011A0AAABAB,-,1,5.0,28.31
201906,NI,0601011A0AAACAC,-,3,15.0,91.8
201906,NI,0601011A0BBAAAA,NovoRapid 100units/ml solution for injection 10ml vials,540,2198.0,30947.84
201906,NI,0601011A0BBABAB,NovoRapid Penfill 100units/ml solution for injection 3ml cartridges,1379,10303.0,58335.586
201906,NI,0601011A0BBADAC,NovoRapid FlexPen 100units/ml solution for injection 3ml pre-filled pen,4338,31002.0,189732.24
201906,NI,0601011A0BBAEAC,NovoRapid FlexTouch 100units/ml solution for injection 3ml pre-filled pen,163,1160.0,7454.160000000001
201906,NI,0601011A0BBAFAD,NovoRapid PumpCart 100units/ml solution for injection 1.6ml cartridges,122,1800.0,5436.0
201906,NI,0601011A0BCAAAC,Fiasp FlexTouch 100units/ml solution for injection 3ml pre-filled pen,410,2678.0,16389.36
201906,NI,0601011A0BCABAB,Fiasp Penfill 100units/ml solution for injection 3ml cartridges,99,623.0,3527.426
201906,NI,0601011A0BCACAA,Fiasp 100units/ml solution for injection 10ml vials,56,236.0,3322.88
201906,NI,0601011L0AAABAB,-,14,61.0,1013.21
201906,NI,0601011L0AAACAC,-,3,15.0,84.93
201906,NI,0601011L0AAAGAG,-,3,20.0,235.68
201906,NI,0601011L0BBABAB,Humalog 100units/ml solution for injection 10ml vials,70,363.0,6029.43
201906,NI,0601011L0BBACAC,Humalog 100units/ml solution for injection 3ml cartridges,250,2161.0,12235.582
201906,NI,0601011L0BBAGAF,Humalog KwikPen 100units/ml solution for injection 3ml pre-filled pen,625,4579.0,26979.468
201906,NI,0601011L0BBAHAG,Humalog KwikPen 200units/ml solution for injection 3ml pre-filled pen,85,743.0,8755.512
201906,NI,0601011N0BCAAAA,Hypurin Bovine Neutral 100units/ml solution for injection 10ml vials,1,5.0,138.6
201906,NI,0601011N0BCAEAC,Hypurin Porcine Neutral 100units/ml solution for injection 10ml vials,11,45.0,1549.35
201906,NI,0601011N0BCAHAZ,Hypurin Porcine Neutral 100units/ml solution for injection 3ml cartridges,9,58.0,599.024
201906,NI,0601011N0BFAEAL,Actrapid 100units/ml solution for injection 10ml vials,10,38.0,284.24
201906,NI,0601011N0BHAAAG,Humulin S 100units/ml solution for injection 10ml vials,4,20.0,313.6
201906,NI,0601011N0BHADAP,Humulin S 100units/ml solution for injection 3ml cartridges,26,245.0,934.92
201906,NI,0601011N0BKABAP,Insuman Rapid 100units/ml solution for injection 3ml cartridges,6,50.0,175.0
201906,NI,0601011P0BBAAAA,Apidra 100units/ml solution for injection 10ml vials,44,198.0,3168.0
201906,NI,0601011P0BBABAB,Apidra 100units/ml solution for injection 3ml cartridges,63,471.0,2665.86
201906,NI,0601011P0BBAEAC,Apidra 100units/ml solution for injection 3ml pre-filled SoloStar pen,505,3783.0,21411.78
201907,NI,0601011A0AAAAAA,-,5,17.0,239.36
201907,NI,0601011A0AAABAB,-,1,5.0,28.31
201907,NI,0601011A0AAACAC,-,1,5.0,30.6
201907,NI,0601011A0BBAAAA,NovoRapid 100units/ml solution for injection 10ml vials,569,2387.0,33608.96
201907,NI,0601011A0BBABAB,NovoRapid Penfill 100units/ml solution for injection 3ml cartridges,1363,10096.0,57163.552
201907,NI,0601011A0BBADAC,NovoRapid FlexPen 100units/ml solution for injection 3ml pre-filled pen,4789,34802.0,212988.24
201907,NI,0601011A0BBAEAC,NovoRapid FlexTouch 100units/ml solution for injection 3ml pre-filled pen,188,1387.0,8912.862000000001
201907,NI,0601011A0BBAFAD,NovoRapid PumpCart 100units/ml solution for injection 1.6ml cartridges,122,1955.0,5904.099999999999
201907,NI,0601011A0BCAAAC,Fiasp FlexTouch 100units/ml solution for injection 3ml pre-filled pen,474,3011.0,18427.32
201907,NI,0601011A0BCABAB,Fiasp Penfill 100units/ml solution for injection 3ml cartridges,115,700.0,3963.4
201907,NI,0601011A0BCACAA,Fiasp 100units/ml solution for injection 10ml vials,60,271.0,3815.68
201907,NI,0601011L0AAABAB,-,18,92.0,1528.12
201907,NI,0601011L0AAACAC,-,6,45.0,254.79
201907,NI,0601011L0AAAGAG,-,3,15.0,176.76
201907,NI,0601011L0BBABAB,Humalog 100units/ml solution for injection 10ml vials,67,355.0,5896.55
201907,NI,0601011L0BBACAC,Humalog 100units/ml solution for injection 3ml cartridges,259,2356.0,13339.672
201907,NI,0601011L0BBAGAF,Humalog KwikPen 100units/ml solution for injection 3ml pre-filled pen,724,5207.0,30679.644
201907,NI,0601011L0BBAHAG,Humalog KwikPen 200units/ml solution for injection 3ml pre-filled pen,77,666.0,7848.144
201907,NI,0601011N0BCAEAC,Hypurin Porcine Neutral 100units/ml solution for injection 10ml vials,7,21.0,723.0300000000001
201907,NI,0601011N0BCAHAZ,Hypurin Porcine Neutral 100units/ml solution for injection 3ml cartridges,11,101.0,1043.128
201907,NI,0601011N0BFAEAL,Actrapid 100units/ml solution for injection 10ml vials,15,56.0,418.88
201907,NI,0601011N0BHAAAG,Humulin S 100units/ml solution for injection 10ml vials,7,32.0,501.76
201907,NI,0601011N0BHADAP,Humulin S 100units/ml solution for injection 3ml cartridges,32,263.0,1003.608
201907,NI,0601011N0BKABAP,Insuman Rapid 100units/ml solution for injection 3ml cartridges,5,40.0,140.0
201907,NI,0601011P0AAAAAA,-,2,16.0,256.0
201907,NI,0601011P0AAACAC,-,1,5.0,28.3
201907,NI,0601011P0BBAAAA,Apidra 100units/ml solution for injection 10ml vials,37,176.0,2816.0
201907,NI,0601011P0BBABAB,Apidra 100units/ml solution for injection 3ml cartridges,53,430.0,2433.8
201907,NI,0601011P0BBAEAC,Apidra 100units/ml solution for injection 3ml pre-filled SoloStar pen,547,4045.0,22894.7
201908,NI,0601011A0AAAAAA,-,3,13.0,183.04
201908,NI,0601011A0AAABAB,-,1,20.0,113.24
201908,NI,0601011A0AAACAC,-,3,30.0,183.6
201908,NI,0601011A0BBAAAA,NovoRapid 100units/ml solution for injection 10ml vials,554,2166.0,30497.28
201908,NI,0601011A0BBABAB,NovoRapid Penfill 100units/ml solution for injection 3ml cartridges,1410,10968.0,62100.816
201908,NI,0601011A0BBADAC,NovoRapid FlexPen 100units/ml solution for injection 3ml pre-filled pen,4634,33399.0,204401.88
201908,NI,0601011A0BBAEAC,NovoRapid FlexTouch 100units/ml solution for injection 3ml pre-filled pen,194,1421.0,9131.346
201908,NI,0601011A0BBAFAD,NovoRapid PumpCart 100units/ml solution for injection 1.6ml cartridges,119,1845.0,5571.9
201908,NI,0601011A0BCAAAC,Fiasp FlexTouch 100units/ml solution for injection 3ml pre-filled pen,484,3183.0,19479.96
201908,NI,0601011A0BCABAB,Fiasp Penfill 100units/ml solution for injection 3ml cartridges,132,790.0,4472.9800000000005
201908,NI,0601011A0BCACAA,Fiasp 100units/ml solution for injection 10ml vials,73,293.0,4125.4400000000005
201908,NI,0601011L0AAABAB,-,17,82.0,1362.02
201908,NI,0601011L0AAACAC,-,3,20.0,113.24
201908,NI,0601011L0AAAGAG,-,3,15.0,176.76
201908,NI,0601011L0BBABAB,Humalog 100units/ml solution for injection 10ml vials,75,383.0,6361.63
201908,NI,0601011L0BBACAC,Humalog 100units/ml solution for injection 3ml cartridges,260,2305.0,13050.91
201908,NI,0601011L0BBAGAF,Humalog KwikPen 100units/ml solution for injection 3ml pre-filled pen,695,5123.0,30184.716
201908,NI,0601011L0BBAHAG,Humalog KwikPen 200units/ml solution for injection 3ml pre-filled pen,88,735.0,8661.24
201908,NI,0601011N0BCAAAA,Hypurin Bovine Neutral 100units/ml solution for injection 10ml vials,1,5.0,138.6
201908,NI,0601011N0BCAEAC,Hypurin Porcine Neutral 100units/ml solution for injection 10ml vials,7,24.0,826.32
201908,NI,0601011N0BCAHAZ,Hypurin Porcine Neutral 100units/ml solution for injection 3ml cartridges,8,65.0,671.3199999999999
201908,NI,0601011N0BFAEAL,Actrapid 100units/ml solution for injection 10ml vials,12,41.0,306.68
201908,NI,0601011N0BHAAAG,Humulin S 100units/ml solution for injection 10ml vials,5,26.0,407.68
201908,NI,0601011N0BHADAP,Humulin S 100units/ml solution for injection 3ml cartridges,31,256.0,976.896
201908,NI,0601011N0BKABAP,Insuman Rapid 100units/ml solution for injection 3ml cartridges,5,50.0,175.0
201908,NI,0601011P0AAAAAA,-,1,10.0,160.0
201908,NI,0601011P0BBAAAA,Apidra 100units/ml solution for injection 10ml vials,47,252.0,4032.0
201908,NI,0601011P0BBABAB,Apidra 100units/ml solution for injection 3ml cartridges,71,581.0,3288.46
201908,NI,0601011P0BBAEAC,Apidra 100units/ml solution for injection 3ml pre-filled SoloStar pen,587,4312.0,24405.92
201909,NI,0601011A0AAAAAA,-,4,14.0,197.12
201909,NI,0601011A0AAABAB,-,2,20.0,113.24
201909,NI,0601011A0AAACAC,-,1,5.0,30.6
201909,NI,0601011A0BBAAAA,NovoRapid 100units/ml solution for injection 10ml vials,576,2361.0,33242.88
201909,NI,0601011A0BBABAB,NovoRapid Penfill 100units/ml solution for injection 3ml cartridges,1382,10420.0,58998.04
201909,NI,0601011A0BBADAC,NovoRapid FlexPen 100units/ml solution for injection 3ml pre-filled pen,4537,33020.0,202082.4
201909,NI,0601011A0BBAEAC,NovoRapid FlexTouch 100units/ml solution for injection 3ml pre-filled pen,148,1152.0,7402.752
201909,NI,0601011A0BBAFAD,NovoRapid PumpCart 100units/ml solution for injection 1.6ml cartridges,128,2180.0,6583.599999999999
201909,NI,0601011A0BCAAAC,Fiasp FlexTouch 100units/ml solution for injection 3ml pre-filled pen,491,3114.0,19057.68
201909,NI,0601011A0BCABAB,Fiasp Penfill 100units/ml solution for injection 3ml cartridges,124,750.0,4246.5
201909,NI,0601011A0BCACAA,Fiasp 100units/ml solution for injection 10ml vials,78,337.0,4744.96
201909,NI,0601011L0AAABAB,-,20,101.0,1677.61
201909,NI,0601011L0AAACAC,-,2,15.0,84.92999999999999
201909,NI,0601011L0AAAGAG,-,4,20.0,235.68
201909,NI,0601011L0BBABAB,Humalog 100units/ml solution for injection 10ml vials,62,300.0,4983.0
201909,NI,0601011L0BBACAC,Humalog 100units/ml solution for injection 3ml cartridges,256,2175.0,12314.85
201909,NI,0601011L0BBAGAF,Humalog KwikPen 100units/ml solution for injection 3ml pre-filled pen,641,4739.0,27922.188
201909,NI,0601011L0BBAHAG,Humalog KwikPen 200units/ml solution for injection 3ml pre-filled pen,90,769.0,9061.896
201909,NI,0601011N0BCAEAC,Hypurin Porcine Neutral 100units/ml solution for injection 10ml vials,14,45.0,1549.35
201909,NI,0601011N0BCAHAZ,Hypurin Porcine Neutral 100units/ml solution for injection 3ml cartridges,14,115.0,1187.72
201909,NI,0601011N0BFAEAL,Actrapid 100units/ml solution for injection 10ml vials,12,37.0,276.76
201909,NI,0601011N0BHAAAG,Humulin S 100units/ml solution for injection 10ml vials,4,12.0,188.16
201909,NI,0601011N0BHADAP,Humulin S 100units/ml solution for injection 3ml cartridges,27,225.0,858.5999999999999
201909,NI,0601011N0BKABAP,Insuman Rapid 100units/ml solution for injection 3ml cartridges,4,25.0,87.5
201909,NI,0601011P0AAAAAA,-,1,6.0,96.0
201909,NI,0601011P0BBAAAA,Apidra 100units/ml solution for injection 10ml vials,40,171.0,2736.0
201909,NI,0601011P0BBABAB,Apidra 100units/ml solution for injection 3ml cartridges,63,521.0,2948.86
201909,NI,0601011P0BBAEAC,Apidra 100units/ml solution for injection 3ml pre-filled SoloStar pen,540,4129.0,23370.14
201910,NI,0601011A0AAAAAA,-,8,31.0,436.48
201910,NI,0601011A0AAABAB,-,3,25.0,141.55
201910,NI,0601011A0AAACAC,-,1,5.0,30.6
201910,NI,0601011A0BBAAAA,NovoRapid 100units/ml solution for injection 10ml vials,576,2282.0,32130.56
201910,NI,0601011A0BBABAB,NovoRapid Penfill 100units/ml solution for injection 3ml cartridges,1414,10983.0,62185.746
201910,NI,0601011A0BBADAC,NovoRapid FlexPen 100units/ml solution for injection 3ml pre-filled pen,4709,34570.0,211568.4
201910,NI,0601011A0BBAEAC,NovoRapid FlexTouch 100units/ml solution for injection 3ml pre-filled pen,199,1532.0,9844.632
201910,NI,0601011A0BBAFAD,NovoRapid PumpCart 100units/ml solution for injection 1.6ml cartridges,137,2160.0,6523.2
201910,NI,0601011A0BCAAAC,Fiasp FlexTouch 100units/ml solution for injection 3ml pre-filled pen,550,3576.0,21885.12
201910,NI,0601011A0BCABAB,Fiasp Penfill 100units/ml solution for injection 3ml cartridges,134,825.0,4671.15
201910,NI,0601011A0BCACAA,Fiasp 100units/ml solution for injection 10ml vials,87,369.0,5195.52
201910,NI,0601011L0AAABAB,-,16,65.0,1079.65
201910,NI,0601011L0AAACAC,-,1,5.0,28.31
201910,NI,0601011L0AAAFAF,-,1,5.0,29.46
201910,NI,0601011L0AAAGAG,-,4,40.0,471.36
201910,NI,0601011L0BBABAB,Humalog 100units/ml solution for injection 10ml vials,76,413.0,6859.93
201910,NI,0601011L0BBACAC,Humalog 100units/ml solution for injection 3ml cartridges,254,2366.0,13396.292
201910,NI,0601011L0BBAGAF,Humalog KwikPen 100units/ml solution for injection 3ml pre-filled pen,729,5266.0,31027.272
201910,NI,0601011L0BBAHAG,Humalog KwikPen 200units/ml solution for injection 3ml pre-filled pen,98,753.0,8873.352
201910,NI,0601011N0BCAEAC,Hypurin Porcine Neutral 100units/ml solution for injection 10ml vials,7,23.0,791.89
201910,NI,0601011N0BCAHAZ,Hypurin Porcine Neutral 100units/ml solution for injection 3ml cartridges,8,60.0,619.6800000000001
201910,NI,0601011N0BFAEAL,Actrapid 100units/ml solution for injection 10ml vials,17,58.0,433.84
201910,NI,0601011N0BHAAAG,Humulin S 100units/ml solution for injection 10ml vials,4,24.0,376.32
201910,NI,0601011N0BHADAP,Humulin S 100units/ml solution for injection 3ml cartridges,31,246.0,938.736
201910,NI,0601011N0BKABAP,Insuman Rapid 100units/ml solution for injection 3ml cartridges,7,55.0,192.5
201910,NI,0601011P0AAACAC,-,2,10.0,56.6
201910,NI,0601011P0BBAAAA,Apidra 100units/ml solution for injection 10ml vials,52,273.0,4368.0
201910,NI,0601011P0BBABAB,Apidra 100units/ml solution for injection 3ml cartridges,67,585.0,3311.1
201910,NI,0601011P0BBAEAC,Apidra 100units/ml solution for injection 3ml pre-filled SoloStar pen,564,4167.0,23585.22
201911,NI,0601011A0AAAAAA,-,6,22.0,309.76
201911,NI,0601011A0AAABAB,-,1,5.0,28.31
201911,NI,0601011A0AAACAC,-,1,5.0,30.6
201911,NI,0601011A0BBAAAA,NovoRapid 100units/ml solution for injection 10ml vials,547,2201.0,30990.08
201911,NI,0601011A0BBABAB,NovoRapid Penfill 100units/ml solution for injection 3ml cartridges,1224,9169.0,51914.878
201911,NI,0601011A0BBADAC,NovoRapid FlexPen 100units/ml solution for injection 3ml pre-filled pen,4311,31068.0,190136.16
201911,NI,0601011A0BBAEAC,NovoRapid FlexTouch 100units/ml solution for injection 3ml pre-filled pen,174,1319.0,8475.894
201911,NI,0601011A0BBAFAD,NovoRapid PumpCart 100units/ml solution for injection 1.6ml cartridges,112,1695.0,5118.9
201911,NI,0601011A0BCAAAC,Fiasp FlexTouch 100units/ml solution for injection 3ml pre-filled pen,491,3176.0,19437.12
201911,NI,0601011A0BCABAB,Fiasp Penfill 100units/ml solution for injection 3ml cartridges,151,908.0,5141.096
201911,NI,0601011A0BCACAA,Fiasp 100units/ml solution for injection 10ml vials,63,275.0,3872.0
201911,NI,0601011L0AAABAB,-,12,46.0,764.06
201911,NI,0601011L0AAACAC,-,2,15.0,84.92999999999999
201911,NI,0601011L0AAAGAG,-,6,70.0,824.8800000000001
201911,NI,0601011L0BBABAB,Humalog 100units/ml solution for injection 10ml vials,67,325.0,5398.25
201911,NI,0601011L0BBACAC,Humalog 100units/ml solution for injection 3ml cartridges,242,2174.0,12309.188
201911,NI,0601011L0BBAGAF,Humalog KwikPen 100units/ml solution for injection 3ml pre-filled pen,636,4598.0,27091.416
201911,NI,0601011L0BBAHAG,Humalog KwikPen 200units/ml solution for injection 3ml pre-filled pen,84,695.0,8189.88
201911,NI,0601011N0BCAAAA,Hypurin Bovine Neutral 100units/ml solution for injection 10ml vials,2,6.0,166.32
201911,NI,0601011N0BCAEAC,Hypurin Porcine Neutral 100units/ml solution for injection 10ml vials,4,14.0,482.02
201911,NI,0601011N0BCAHAZ,Hypurin Porcine Neutral 100units/ml solution for injection 3ml cartridges,8,40.0,413.12
201911,NI,0601011N0BFAEAL,Actrapid 100units/ml solution for injection 10ml vials,6,24.0,179.52
201911,NI,0601011N0BHAAAG,Humulin S 100units/ml solution for injection 10ml vials,4,12.0,188.16
201911,NI,0601011N0BHADAP,Humulin S 100units/ml solution for injection 3ml cartridges,25,190.0,725.04
201911,NI,0601011N0BKABAP,Insuman Rapid 100units/ml solution for injection 3ml cartridges,3,20.0,70.0
201911,NI,0601011P0AAAAAA,-,1,6.0,96.0
201911,NI,0601011P0BBAAAA,Apidra 100units/ml solution for injection 10ml vials,39,170.0,2720.0
201911,NI,0601011P0BBABAB,Apidra 100units/ml solution for injection 3ml cartridges,55,413.0,2337.58
201911,NI,0601011P0BBAEAC,Apidra 100units/ml solution for injection 3ml pre-filled SoloStar pen,524,3972.0,22481.52
201912,NI,0601011A0AAAAAA,-,3,11.0,154.88
201912,NI,0601011A0AAABAB,-,5,45.0,254.79
201912,NI,0601011A0AAACAC,-,2,25.0,153.0
201912,NI,0601011A0BBAAAA,NovoRapid 100units/ml solution for injection 10ml vials,568,2200.0,30976.0
201912,NI,0601011A0BBABAB,NovoRapid Penfill 100units/ml solution for injection 3ml cartridges,1358,9997.0,56603.014
201912,NI,0601011A0BBADAC,NovoRapid FlexPen 100units/ml solution for injection 3ml pre-filled pen,4558,33173.0,203018.76
201912,NI,0601011A0BBAEAC,NovoRapid FlexTouch 100units/ml solution for injection 3ml pre-filled pen,181,1299.0,8347.374
201912,NI,0601011A0BBAFAD,NovoRapid PumpCart 100units/ml solution for injection 1.6ml cartridges,122,2031.0,6133.62
201912,NI,0601011A0BCAAAC,Fiasp FlexTouch 100units/ml solution for injection 3ml pre-filled pen,538,3505.0,21450.6
201912,NI,0601011A0BCABAB,Fiasp Penfill 100units/ml solution for injection 3ml cartridges,157,935.0,5293.97
201912,NI,0601011A0BCACAA,Fiasp 100units/ml solution for injection 10ml vials,76,316.0,4449.28
201912,NI,0601011L0AAABAB,-,12,54.0,896.9399999999999
201912,NI,0601011L0AAAGAG,-,6,30.0,353.52
201912,NI,0601011L0BBABAB,Humalog 100units/ml solution for injection 10ml vials,74,394.0,6544.34
201912,NI,0601011L0BBACAC,Humalog 100units/ml solution for injection 3ml cartridges,246,2250.0,12739.5
201912,NI,0601011L0BBAGAF,Humalog KwikPen 100units/ml solution for injection 3ml pre-filled pen,707,5210.0,30697.32
201912,NI,0601011L0BBAHAG,Humalog KwikPen 200units/ml solution for injection 3ml pre-filled pen,89,751.0,8849.784
201912,NI,0601011N0BCAEAC,Hypurin Porcine Neutral 100units/ml solution for injection 10ml vials,9,28.0,964.04
201912,NI,0601011N0BCAHAZ,Hypurin Porcine Neutral 100units/ml solution for injection 3ml cartridges,10,80.0,826.24
201912,NI,0601011N0BFAEAL,Actrapid 100units/ml solution for injection 10ml vials,11,43.0,321.64
201912,NI,0601011N0BHAAAG,Humulin S 100units/ml solution for injection 10ml vials,3,15.0,235.2
201912,NI,0601011N0BHADAP,Humulin S 100units/ml solution for injection 3ml cartridges,30,266.0,1015.056
201912,NI,0601011N0BKABAP,Insuman Rapid 100units/ml solution for injection 3ml cartridges,4,25.0,87.5
201912,NI,0601011P0AAAAAA,-,2,16.0,256.0
201912,NI,0601011P0BBAAAA,Apidra 100units/ml solution for injection 10ml vials,36,162.0,2592.0
201912,NI,0601011P0BBABAB,Apidra 100units/ml solution for injection 3ml cartridges,67,613.0,3469.58
201912,NI,0601011P0BBAEAC,Apidra 100units/ml solution for injection 3ml pre-filled SoloStar pen,563,4209.0,23822.94
202001,NI,0601011A0AAAAAA,-,4,14.0,197.12
202001,NI,0601011A0AAABAB,-,3,25.0,141.55
202001,NI,0601011A0AAACAC,-,1,5.0,30.6
202001,NI,0601011A0BBAAAA,NovoRapid 100units/ml solution for injection 10ml vials,575,2359.0,33214.72
202001,NI,0601011A0BBABAB,NovoRapid Penfill 100units/ml solution for injection 3ml cartridges,1332,10353.0,58618.686
202001,NI,0601011A0BBADAC,NovoRapid FlexPen 100units/ml solution for injection 3ml pre-filled pen,4542,32487.0,198820.44
202001,NI,0601011A0BBAEAC,NovoRapid FlexTouch 100units/ml solution for injection 3ml pre-filled pen,176,1425.0,9157.05
202001,NI,0601011A0BBAFAD,NovoRapid PumpCart 100units/ml solution for injection 1.6ml cartridges,136,2290.0,6915.8
202001,NI,0601011A0BCAAAC,Fiasp FlexTouch 100units/ml solution for injection 3ml pre-filled pen,570,3705.0,22674.6
202001,NI,0601011A0BCABAB,Fiasp Penfill 100units/ml solution for injection 3ml cartridges,154,922.0,5220.364
202001,NI,0601011A0BCACAA,Fiasp 100units/ml solution for injection 10ml vials,102,415.0,5843.2
202001,NI,0601011L0AAABAB,-,16,61.0,1013.21
202001,NI,0601011L0AAACAC,-,2,15.0,84.92999999999999
202001,NI,0601011L0AAAGAG,-,5,30.0,353.52
202001,NI,0601011L0BBABAB,Humalog 100units/ml solution for injection 10ml vials,70,319.0,5298.59
202001,NI,0601011L0BBACAC,Humalog 100units/ml solution for injection 3ml cartridges,237,2066.0,11697.692
202001,NI,0601011L0BBAGAF,Humalog KwikPen 100units/ml solution for injection 3ml pre-filled pen,714,5216.0,30732.672
202001,NI,0601011L0BBAHAG,Humalog KwikPen 200units/ml solution for injection 3ml pre-filled pen,90,714.0,8413.776
202001,NI,0601011N0BCAEAC,Hypurin Porcine Neutral 100units/ml solution for injection 10ml vials,5,20.0,688.6
202001,NI,0601011N0BCAHAZ,Hypurin Porcine Neutral 100units/ml solution for injection 3ml cartridges,10,70.0,722.96
202001,NI,0601011N0BFAEAL,Actrapid 100units/ml solution for injection 10ml vials,9,25.0,187.0
202001,NI,0601011N0BHAAAG,Humulin S 100units/ml solution for injection 10ml vials,2,4.0,62.72
202001,NI,0601011N0BHADAP,Humulin S 100units/ml solution for injection 3ml cartridges,24,175.0,667.8
202001,NI,0601011N0BKABAP,Insuman Rapid 100units/ml solution for injection 3ml cartridges,2,15.0,52.5
202001,NI,0601011P0BBAAAA,Apidra 100units/ml solution for injection 10ml vials,35,156.0,2496.0
202001,NI,0601011P0BBABAB,Apidra 100units/ml solution for injection 3ml cartridges,60,506.0,2863.96
202001,NI,0601011P0BBAEAC,Apidra 100units/ml solution for injection 3ml pre-filled SoloStar pen,520,3745.0,21196.7
202002,NI,0601011A0AAAAAA,-,3,10.0,140.8
202002,NI,0601011A0AAABAB,-,1,5.0,28.31
202002,NI,0601011A0AAACAC,-,1,5.0,30.6
202002,NI,0601011A0BBAAAA,NovoRapid 100units/ml solution for injection 10ml vials,535,2061.0,29018.88
202002,NI,0601011A0BBABAB,NovoRapid Penfill 100units/ml solution for injection 3ml cartridges,1297,9766.0,55295.092
202002,NI,0601011A0BBADAC,NovoRapid FlexPen 100units/ml solution for injection 3ml pre-filled pen,4145,30123.0,184352.76
202002,NI,0601011A0BBAEAC,NovoRapid FlexTouch 100units/ml solution for injection 3ml pre-filled pen,169,1266.0,8135.316000000001
202002,NI,0601011A0BBAFAD,NovoRapid PumpCart 100units/ml solution for injection 1.6ml cartridges,121,1760.0,5315.2
202002,NI,0601011A0BCAAAC,Fiasp FlexTouch 100units/ml solution for injection 3ml pre-filled pen,561,3584.0,21934.08
202002,NI,0601011A0BCABAB,Fiasp Penfill 100units/ml solution for injection 3ml cartridges,168,1015.0,5746.93
202002,NI,0601011A0BCACAA,Fiasp 100units/ml solution for injection 10ml vials,92,405.0,5702.400000000001
202002,NI,0601011L0AAABAB,-,20,98.0,1627.78
202002,NI,0601011L0AAACAC,-,1,10.0,56.62
202002,NI,0601011L0AAAGAG,-,6,30.0,353.52
202002,NI,0601011L0BBABAB,Humalog 100units/ml solution for injection 10ml vials,58,323.0,5365.03
202002,NI,0601011L0BBACAC,Humalog 100units/ml solution for injection 3ml cartridges,214,1883.0,10661.546
202002,NI,0601011L0BBAGAF,Humalog KwikPen 100units/ml solution for injection 3ml pre-filled pen,598,4245.0,25011.54
202002,NI,0601011L0BBAHAG,Humalog KwikPen 200units/ml solution for injection 3ml pre-filled pen,88,698.0,8225.232
202002,NI,0601011N0BCAEAC,Hypurin Porcine Neutral 100units/ml solution for injection 10ml vials,7,22.0,757.46
202002,NI,0601011N0BCAHAZ,Hypurin Porcine Neutral 100units/ml solution for injection 3ml cartridges,7,40.0,413.12
202002,NI,0601011N0BFAEAL,Actrapid 100units/ml solution for injection 10ml vials,8,29.0,216.92
202002,NI,0601011N0BHAAAG,Humulin S 100units/ml solution for injection 10ml vials,3,18.0,282.24
202002,NI,0601011N0BHADAP,Humulin S 100units/ml solution for injection 3ml cartridges,24,190.0,725.04
202002,NI,0601011N0BKABAP,Insuman Rapid 100units/ml solution for injection 3ml cartridges,5,35.0,122.5
202002,NI,0601011P0AAAAAA,-,1,6.0,96.0
202002,NI,0601011P0BBAAAA,Apidra 100units/ml solution for injection 10ml vials,46,221.0,3536.0
202002,NI,0601011P0BBABAB,Apidra 100units/ml solution for injection 3ml cartridges,60,436.0,2467.76
202002,NI,0601011P0BBAEAC,Apidra 100units/ml solution for injection 3ml pre-filled SoloStar pen,473,3498.0,19798.68
202003,NI,0601011A0AAAAAA,-,5,18.0,253.44
202003,NI,0601011A0AAABAB,-,4,55.0,311.40999999999997
202003,NI,0601011A0AAACAC,-,2,10.0,61.2
202003,NI,0601011A0BBAAAA,NovoRapid 100units/ml solution for injection 10ml vials,827,3535.0,49772.8
202003,NI,0601011A0BBABAB,NovoRapid Penfill 100units/ml solution for injection 3ml cartridges,1883,14599.0,82659.538
202003,NI,0601011A0BBADAC,NovoRapid FlexPen 100units/ml solution for injection 3ml pre-filled pen,5913,43997.0,269261.64
202003,NI,0601011A0BBAEAC,NovoRapid FlexTouch 100units/ml solution for injection 3ml pre-filled pen,238,1834.0,11785.284
202003,NI,0601011A0BBAFAD,NovoRapid PumpCart 100units/ml solution for injection 1.6ml cartridges,191,3160.0,9543.2
202003,NI,0601011A0BCAAAC,Fiasp FlexTouch 100units/ml solution for injection 3ml pre-filled pen,814,5279.0,32307.48
202003,NI,0601011A0BCABAB,Fiasp Penfill 100units/ml solution for injection 3ml cartridges,278,1796.0,10168.952
202003,NI,0601011A0BCACAA,Fiasp 100units/ml solution for injection 10ml vials,134,628.0,8842.24
202003,NI,0601011L0AAABAB,-,24,99.0,1644.39
202003,NI,0601011L0AAACAC,-,2,15.0,84.93
202003,NI,0601011L0AAAGAG,-,7,52.0,612.768
202003,NI,0601011L0BBABAB,Humalog 100units/ml solution for injection 10ml vials,98,512.0,8504.32
202003,NI,0601011L0BBACAC,Humalog 100units/ml solution for injection 3ml cartridges,364,3441.0,19482.942
202003,NI,0601011L0BBAGAF,Humalog KwikPen 100units/ml solution for injection 3ml pre-filled pen,900,6713.0,39552.996
202003,NI,0601011L0BBAHAG,Humalog KwikPen 200units/ml solution for injection 3ml pre-filled pen,105,978.0,11524.752
202003,NI,0601011N0BCAEAC,Hypurin Porcine Neutral 100units/ml solution for injection 10ml vials,11,29.0,998.47
202003,NI,0601011N0BCAHAZ,Hypurin Porcine Neutral 100units/ml solution for injection 3ml cartridges,13,105.0,1084.44
202003,NI,0601011N0BFAEAL,Actrapid 100units/ml solution for injection 10ml vials,14,51.0,381.48
202003,NI,0601011N0BHAAAG,Humulin S 100units/ml solution for injection 10ml vials,7,26.0,407.68
202003,NI,0601011N0BHADAP,Humulin S 100units/ml solution for injection 3ml cartridges,35,295.0,1125.72
202003,NI,0601011N0BKABAP,Insuman Rapid 100units/ml solution for injection 3ml cartridges,3,25.0,87.5
202003,NI,0601011P0AAAAAA,-,1,6.0,96.0
202003,NI,0601011P0BBAAAA,Apidra 100units/ml solution for injection 10ml vials,60,289.0,4624.0
202003,NI,0601011P0BBABAB,Apidra 100units/ml solution for injection 3ml cartridges,84,752.0,4256.32
202003,NI,0601011P0BBAEAC,Apidra 100units/ml solution for injection 3ml pre-filled SoloStar pen,672,5061.0,28645.26
202004,NI,0601011A0AAAAAA,-,4,10.0,140.8
202004,NI,0601011A0AAABAB,-,1,5.0,28.31
202004,NI,0601011A0AAACAC,-,2,25.0,153.0
202004,NI,0601011A0BBAAAA,NovoRapid 100units/ml solution for injection 10ml vials,476,1898.0,26723.84
202004,NI,0601011A0BBABAB,NovoRapid Penfill 100units/ml solution for injection 3ml cartridges,1160,9107.0,51563.834
202004,NI,0601011A0BBADAC,NovoRapid FlexPen 100units/ml solution for injection 3ml pre-filled pen,4133,29829.0,182553.48
202004,NI,0601011A0BBAEAC,NovoRapid FlexTouch 100units/ml solution for injection 3ml pre-filled pen,176,1307.0,8398.782000000001
202004,NI,0601011A0BBAFAD,NovoRapid PumpCart 100units/ml solution for injection 1.6ml cartridges,125,1947.0,5879.94
202004,NI,0601011A0BCAAAC,Fiasp FlexTouch 100units/ml solution for injection 3ml pre-filled pen,565,3578.0,21897.36
202004,NI,0601011A0BCABAB,Fiasp Penfill 100units/ml solution for injection 3ml cartridges,153,1028.0,5820.536
202004,NI,0601011A0BCACAA,Fiasp 100units/ml solution for injection 10ml vials,67,291.0,4097.28
202004,NI,0601011L0AAABAB,-,11,51.0,847.11
202004,NI,0601011L0AAACAC,-,3,25.0,141.54999999999998
202004,NI,0601011L0AAAFAF,-,1,5.0,29.46
202004,NI,0601011L0AAAGAG,-,5,30.0,353.52
202004,NI,0601011L0BBABAB,Humalog 100units/ml solution for injection 10ml vials,51,268.0,4451.48
202004,NI,0601011L0BBACAC,Humalog 100units/ml solution for injection 3ml cartridges,195,1890.0,10701.18
202004,NI,0601011L0BBAGAF,Humalog KwikPen 100units/ml solution for injection 3ml pre-filled pen,649,4703.0,27710.076
202004,NI,0601011L0BBAHAG,Humalog KwikPen 200units/ml solution for injection 3ml pre-filled pen,97,838.0,9874.992
202004,NI,0601011N0BCAEAC,Hypurin Porcine Neutral 100units/ml solution for injection 10ml vials,11,40.0,1377.2
202004,NI,0601011N0BCAHAZ,Hypurin Porcine Neutral 100units/ml solution for injection 3ml cartridges,10,75.0,774.6
202004,NI,0601011N0BFAEAL,Actrapid 100units/ml solution for injection 10ml vials,9,38.0,284.24
202004,NI,0601011N0BHAAAG,Humulin S 100units/ml solution for injection 10ml vials,2,13.0,203.84
202004,NI,0601011N0BHADAP,Humulin S 100units/ml solution for injection 3ml cartridges,23,165.0,629.64
202004,NI,0601011N0BKABAP,Insuman Rapid 100units/ml solution for injection 3ml cartridges,2,10.0,35.0
202004,NI,0601011P0BBAAAA,Apidra 100units/ml solution for injection 10ml vials,33,149.0,2384.0
202004,NI,0601011P0BBABAB,Apidra 100units/ml solution for injection 3ml cartridges,49,372.0,2105.52
202004,NI,0601011P0BBAEAC,Apidra 100units/ml solution for injection 3ml pre-filled SoloStar pen,494,3559.0,20143.94
202005,NI,0601011A0AAAAAA,-,4,10.0,140.8
202005,NI,0601011A0AAABAB,-,2,10.0,56.62
202005,NI,0601011A0AAACAC,-,2,10.0,61.2
202005,NI,0601011A0BBAAAA,NovoRapid 100units/ml solution for injection 10ml vials,447,1768.0,24893.44
202005,NI,0601011A0BBABAB,NovoRapid Penfill 100units/ml solution for injection 3ml cartridges,1101,8273.0,46841.726
202005,NI,0601011A0BBADAC,NovoRapid FlexPen 100units/ml solution for injection 3ml pre-filled pen,4048,29223.0,178844.76
202005,NI,0601011A0BBAEAC,NovoRapid FlexTouch 100units/ml solution for injection 3ml pre-filled pen,178,1297.0,8334.522
202005,NI,0601011A0BBAFAD,NovoRapid PumpCart 100units/ml solution for injection 1.6ml cartridges,108,1762.0,5321.24
202005,NI,0601011A0BCAAAC,Fiasp FlexTouch 100units/ml solution for injection 3ml pre-filled pen,550,3767.0,23054.04
202005,NI,0601011A0BCABAB,Fiasp Penfill 100units/ml solution for injection 3ml cartridges,177,1060.0,6001.72
202005,NI,0601011A0BCACAA,Fiasp 100units/ml solution for injection 10ml vials,74,328.0,4618.24
202005,NI,0601011L0AAABAB,-,13,56.0,930.16
202005,NI,0601011L0AAACAC,-,1,5.0,28.31
202005,NI,0601011L0AAAFAF,-,1,5.0,29.46
202005,NI,0601011L0AAAGAG,-,6,35.0,412.44
202005,NI,0601011L0BBABAB,Humalog 100units/ml solution for injection 10ml vials,63,303.0,5032.83
202005,NI,0601011L0BBACAC,Humalog 100units/ml solution for injection 3ml cartridges,200,1839.0,10412.418
202005,NI,0601011L0BBAGAF,Humalog KwikPen 100units/ml solution for injection 3ml pre-filled pen,581,4174.0,24593.208
202005,NI,0601011L0BBAHAG,Humalog KwikPen 200units/ml solution for injection 3ml pre-filled pen,77,635.0,7482.84
202005,NI,0601011N0BCAEAC,Hypurin Porcine Neutral 100units/ml solution for injection 10ml vials,3,8.0,275.44
202005,NI,0601011N0BCAHAZ,Hypurin Porcine Neutral 100units/ml solution for injection 3ml cartridges,8,50.0,516.4
202005,NI,0601011N0BFAEAL,Actrapid 100units/ml solution for injection 10ml vials,10,33.0,246.84
202005,NI,0601011N0BHAAAG,Humulin S 100units/ml solution for injection 10ml vials,2,8.0,125.44
202005,NI,0601011N0BHADAP,Humulin S 100units/ml solution for injection 3ml cartridges,21,175.0,667.8
202005,NI,0601011N0BKABAP,Insuman Rapid 100units/ml solution for injection 3ml cartridges,5,45.0,157.5
202005,NI,0601011P0BBAAAA,Apidra 100units/ml solution for injection 10ml vials,31,153.0,2448.0
202005,NI,0601011P0BBABAB,Apidra 100units/ml solution for injection 3ml cartridges,55,500.0,2830.0
202005,NI,0601011P0BBAEAC,Apidra 100units/ml solution for injection 3ml pre-filled SoloStar pen,443,3311.0,18740.26
202006,NI,0601011A0AAAAAA,-,5,14.0,197.12
202006,NI,0601011A0AAABAB,-,5,70.0,396.34
202006,NI,0601011A0AAACAC,-,2,25.0,153.0
202006,NI,0601011A0BBAAAA,NovoRapid 100units/ml solution for injection 10ml vials,482,1860.0,26188.8
202006,NI,0601011A0BBABAB,NovoRapid Penfill 100units/ml solution for injection 3ml cartridges,1259,9498.0,53777.676
202006,NI,0601011A0BBADAC,NovoRapid FlexPen 100units/ml solution for injection 3ml pre-filled pen,4428,31947.0,195515.64
202006,NI,0601011A0BBAEAC,NovoRapid FlexTouch 100units/ml solution for injection 3ml pre-filled pen,180,1385.0,8900.01
202006,NI,0601011A0BBAFAD,NovoRapid PumpCart 100units/ml solution for injection 1.6ml cartridges,111,1687.0,5094.74
202006,NI,0601011A0BCAAAC,Fiasp FlexTouch 100units/ml solution for injection 3ml pre-filled pen,604,3795.0,23225.4
202006,NI,0601011A0BCABAB,Fiasp Penfill 100units/ml solution for injection 3ml cartridges,183,1130.0,6398.06
202006,NI,0601011A0BCACAA,Fiasp 100units/ml solution for injection 10ml vials,85,355.0,4998.4
202006,NI,0601011L0AAABAB,-,16,73.0,1212.53
202006,NI,0601011L0AAAGAG,-,7,35.0,412.44
202006,NI,0601011L0BBABAB,Humalog 100units/ml solution for injection 10ml vials,54,259.0,4301.99
202006,NI,0601011L0BBACAC,Humalog 100units/ml solution for injection 3ml cartridges,206,1695.0,9597.09
202006,NI,0601011L0BBAGAF,Humalog KwikPen 100units/ml solution for injection 3ml pre-filled pen,631,4516.0,26608.272
202006,NI,0601011L0BBAHAG,Humalog KwikPen 200units/ml solution for injection 3ml pre-filled pen,90,822.0,9686.448
202006,NI,0601011N0BCAEAC,Hypurin Porcine Neutral 100units/ml solution for injection 10ml vials,7,21.0,795.27
202006,NI,0601011N0BCAHAZ,Hypurin Porcine Neutral 100units/ml solution for injection 3ml cartridges,3,15.0,170.43
202006,NI,0601011N0BFAEAL,Actrapid 100units/ml solution for injection 10ml vials,13,47.0,351.56
202006,NI,0601011N0BHAAAG,Humulin S 100units/ml solution for injection 10ml vials,2,9.0,141.12
202006,NI,0601011N0BHADAP,Humulin S 100units/ml solution for injection 3ml cartridges,29,254.0,969.264
202006,NI,0601011N0BKABAP,Insuman Rapid 100units/ml solution for injection 3ml cartridges,5,40.0,140.0
202006,NI,0601011P0AAAAAA,-,2,16.0,256.0
202006,NI,0601011P0BBAAAA,Apidra 100units/ml solution for injection 10ml vials,33,159.0,2544.0
202006,NI,0601011P0BBABAB,Apidra 100units/ml solution for injection 3ml cartridges,57,435.0,2462.1
202006,NI,0601011P0BBAEAC,Apidra 100units/ml solution for injection 3ml pre-filled SoloStar pen,485,3696.0,20919.36
202007,NI,0601011A0AAAAAA,-,7,21.0,295.68
202007,NI,0601011A0AAABAB,-,1,5.0,28.31
202007,NI,0601011A0AAACAC,-,2,10.0,61.2
202007,NI,0601011A0BBAAAA,NovoRapid 100units/ml solution for injection 10ml vials,565,2265.0,31891.2
202007,NI,0601011A0BBABAB,NovoRapid Penfill 100units/ml solution for injection 3ml cartridges,1329,9960.0,56393.52
202007,NI,0601011A0BBADAC,NovoRapid FlexPen 100units/ml solution for injection 3ml pre-filled pen,4574,32918.0,201458.16
202007,NI,0601011A0BBAEAC,NovoRapid FlexTouch 100units/ml solution for injection 3ml pre-filled pen,201,1492.0,9587.592
202007,NI,0601011A0BBAFAD,NovoRapid PumpCart 100units/ml solution for injection 1.6ml cartridges,143,2329.0,7033.58
202007,NI,0601011A0BCAAAC,Fiasp FlexTouch 100units/ml solution for injection 3ml pre-filled pen,658,4278.0,26181.36
202007,NI,0601011A0BCABAB,Fiasp Penfill 100units/ml solution for injection 3ml cartridges,171,1045.0,5916.79
202007,NI,0601011A0BCACAA,Fiasp 100units/ml solution for injection 10ml vials,110,465.0,6547.2
202007,NI,0601011L0AAABAB,-,11,40.0,664.4
202007,NI,0601011L0AAACAC,-,2,15.0,84.92999999999999
202007,NI,0601011L0AAAGAG,-,7,35.0,412.44
202007,NI,0601011L0BBABAB,Humalog 100units/ml solution for injection 10ml vials,68,365.0,6062.65
202007,NI,0601011L0BBACAC,Humalog 100units/ml solution for injection 3ml cartridges,205,2000.0,11324.0
202007,NI,0601011L0BBAGAF,Humalog KwikPen 100units/ml solution for injection 3ml pre-filled pen,678,4782.0,28175.544
202007,NI,0601011L0BBAHAG,Humalog KwikPen 200units/ml solution for injection 3ml pre-filled pen,93,814.0,9592.176
202007,NI,0601011N0BCAAAA,Hypurin Bovine Neutral 100units/ml solution for injection 10ml vials,1,6.0,166.32
202007,NI,0601011N0BCAEAC,Hypurin Porcine Neutral 100units/ml solution for injection 10ml vials,5,12.0,454.44
202007,NI,0601011N0BCAHAZ,Hypurin Porcine Neutral 100units/ml solution for injection 3ml cartridges,10,75.0,852.1500000000001
202007,NI,0601011N0BFAEAL,Actrapid 100units/ml solution for injection 10ml vials,9,32.0,239.36
202007,NI,0601011N0BHAAAG,Humulin S 100units/ml solution for injection 10ml vials,2,13.0,203.84
202007,NI,0601011N0BHADAP,Humulin S 100units/ml solution for injection 3ml cartridges,23,174.0,663.9839999999999
202007,NI,0601011N0BKABAP,Insuman Rapid 100units/ml solution for injection 3ml cartridges,3,20.0,70.0
202007,NI,0601011P0BBAAAA,Apidra 100units/ml solution for injection 10ml vials,52,279.0,4464.0
202007,NI,0601011P0BBABAB,Apidra 100units/ml solution for injection 3ml cartridges,65,573.0,3243.1800000000003
202007,NI,0601011P0BBAEAC,Apidra 100units/ml solution for injection 3ml pre-filled SoloStar pen,526,3943.0,22317.38
202008,NI,0601011A0AAAAAA,-,3,17.0,239.36
202008,NI,0601011A0AAABAB,-,2,20.0,113.24
202008,NI,0601011A0AAACAC,-,1,5.0,30.6
202008,NI,0601011A0BBAAAA,NovoRapid 100units/ml solution for injection 10ml vials,515,2074.0,29201.92
202008,NI,0601011A0BBABAB,NovoRapid Penfill 100units/ml solution for injection 3ml cartridges,1200,9118.0,51626.116
202008,NI,0601011A0BBADAC,NovoRapid FlexPen 100units/ml solution for injection 3ml pre-filled pen,4234,30426.0,186207.12
202008,NI,0601011A0BBAEAC,NovoRapid FlexTouch 100units/ml solution for injection 3ml pre-filled pen,184,1404.0,9022.104
202008,NI,0601011A0BBAFAD,NovoRapid PumpCart 100units/ml solution for injection 1.6ml cartridges,126,1843.0,5565.86
202008,NI,0601011A0BCAAAC,Fiasp FlexTouch 100units/ml solution for injection 3ml pre-filled pen,579,3637.0,22258.44
202008,NI,0601011A0BCABAB,Fiasp Penfill 100units/ml solution for injection 3ml cartridges,182,1136.0,6432.032
202008,NI,0601011A0BCACAA,Fiasp 100units/ml solution for injection 10ml vials,83,352.0,4956.16
202008,NI,0601011L0AAABAB,-,16,64.0,1063.04
202008,NI,0601011L0AAACAC,-,1,5.0,28.31
202008,NI,0601011L0AAAGAG,-,4,25.0,294.6
202008,NI,0601011L0BBABAB,Humalog 100units/ml solution for injection 10ml vials,59,312.0,5182.32
202008,NI,0601011L0BBACAC,Humalog 100units/ml solution for injection 3ml cartridges,232,2095.0,11861.89
202008,NI,0601011L0BBAGAF,Humalog KwikPen 100units/ml solution for injection 3ml pre-filled pen,599,4409.0,25977.828
202008,NI,0601011L0BBAHAG,Humalog KwikPen 200units/ml solution for injection 3ml pre-filled pen,76,620.0,7306.08
202008,NI,0601011N0BCAEAC,Hypurin Porcine Neutral 100units/ml solution for injection 10ml vials,8,29.0,1098.23
202008,NI,0601011N0BCAHAZ,Hypurin Porcine Neutral 100units/ml solution for injection 3ml cartridges,8,60.0,681.72
202008,NI,0601011N0BFAEAL,Actrapid 100units/ml solution for injection 10ml vials,10,29.0,216.92
202008,NI,0601011N0BHAAAG,Humulin S 100units/ml solution for injection 10ml vials,1,3.0,47.04
202008,NI,0601011N0BHADAP,Humulin S 100units/ml solution for injection 3ml cartridges,18,155.0,591.48
202008,NI,0601011N0BKABAP,Insuman Rapid 100units/ml solution for injection 3ml cartridges,2,15.0,52.5
202008,NI,0601011P0AAAAAA,-,2,16.0,256.0
202008,NI,0601011P0BBAAAA,Apidra 100units/ml solution for injection 10ml vials,36,161.0,2576.0
202008,NI,0601011P0BBABAB,Apidra 100units/ml solution for injection 3ml cartridges,60,482.0,2728.12
202008,NI,0601011P0BBAEAC,Apidra 100units/ml solution for injection 3ml pre-filled SoloStar pen,463,3367.0,19057.22
202009,NI,0601011A0AAAAAA,-,2,5.0,70.4
202009,NI,0601011A0AAABAB,-,2,25.0,141.54999999999998
202009,NI,0601011A0AAACAC,-,1,5.0,30.6
202009,NI,0601011A0BBAAAA,NovoRapid 100units/ml solution for injection 10ml vials,562,2254.0,31736.32
202009,NI,0601011A0BBABAB,NovoRapid Penfill 100units/ml solution for injection 3ml cartridges,1335,9849.0,55765.038
202009,NI,0601011A0BBADAC,NovoRapid FlexPen 100units/ml solution for injection 3ml pre-filled pen,4549,32375.0,198135.0
202009,NI,0601011A0BBAEAC,NovoRapid FlexTouch 100units/ml solution for injection 3ml pre-filled pen,181,1405.0,9028.53
202009,NI,0601011A0BBAFAD,NovoRapid PumpCart 100units/ml solution for injection 1.6ml cartridges,131,2047.0,6181.94
202009,NI,0601011A0BCAAAC,Fiasp FlexTouch 100units/ml solution for injection 3ml pre-filled pen,674,4357.0,26664.84
202009,NI,0601011A0BCABAB,Fiasp Penfill 100units/ml solution for injection 3ml cartridges,225,1394.0,7892.828
202009,NI,0601011A0BCACAA,Fiasp 100units/ml solution for injection 10ml vials,113,494.0,6955.52
202009,NI,0601011L0AAABAB,-,13,57.0,946.77
202009,NI,0601011L0AAACAC,-,1,5.0,28.31
202009,NI,0601011L0AAAGAG,-,7,40.0,471.36
202009,NI,0601011L0BBABAB,Humalog 100units/ml solution for injection 10ml vials,59,282.0,4684.0199999999995
202009,NI,0601011L0BBACAC,Humalog 100units/ml solution for injection 3ml cartridges,196,1745.0,9880.19
202009,NI,0601011L0BBAGAF,Humalog KwikPen 100units/ml solution for injection 3ml pre-filled pen,635,4657.0,27439.044
202009,NI,0601011L0BBAHAG,Humalog KwikPen 200units/ml solution for injection 3ml pre-filled pen,97,868.0,10228.512
202009,NI,0601011N0AAAZAZ,-,1,1.0,11.362
202009,NI,0601011N0BCAEAC,Hypurin Porcine Neutral 100units/ml solution for injection 10ml vials,5,15.0,568.05
202009,NI,0601011N0BCAHAZ,Hypurin Porcine Neutral 100units/ml solution for injection 3ml cartridges,7,65.0,738.53
202009,NI,0601011N0BFAEAL,Actrapid 100units/ml solution for injection 10ml vials,9,34.0,254.32
202009,NI,0601011N0BHAAAG,Humulin S 100units/ml solution for injection 10ml vials,2,9.0,141.12
202009,NI,0601011N0BHADAP,Humulin S 100units/ml solution for injection 3ml cartridges,28,225.0,858.5999999999999
202009,NI,0601011N0BKABAP,Insuman Rapid 100units/ml solution for injection 3ml cartridges,2,10.0,35.0
202009,NI,0601011P0BBAAAA,Apidra 100units/ml solution for injection 10ml vials,37,183.0,2928.0
202009,NI,0601011P0BBABAB,Apidra 100units/ml solution for injection 3ml cartridges,56,493.0,2790.38
202009,NI,0601011P0BBAEAC,Apidra 100units/ml solution for injection 3ml pre-filled SoloStar pen,526,3919.0,22181.54
202010,NI,0601011A0AAAAAA,-,3,9.0,126.72
202010,NI,0601011A0AAACAC,-,4,35.0,214.2
202010,NI,0601011A0BBAAAA,NovoRapid 100units/ml solution for injection 10ml vials,565,2272.0,31989.76
202010,NI,0601011A0BBABAB,NovoRapid Penfill 100units/ml solution for injection 3ml cartridges,1297,9790.0,55430.98
202010,NI,0601011A0BBADAC,NovoRapid FlexPen 100units/ml solution for injection 3ml pre-filled pen,4523,32643.0,199775.16
202010,NI,0601011A0BBAEAC,NovoRapid FlexTouch 100units/ml solution for injection 3ml pre-filled pen,173,1270.0,8161.02
202010,NI,0601011A0BBAFAD,NovoRapid PumpCart 100units/ml solution for injection 1.6ml cartridges,128,1938.0,5852.76
202010,NI,0601011A0BCAAAC,Fiasp FlexTouch 100units/ml solution for injection 3ml pre-filled pen,694,4579.0,28023.48
202010,NI,0601011A0BCABAB,Fiasp Penfill 100units/ml solution for injection 3ml cartridges,211,1361.0,7705.982
202010,NI,0601011A0BCACAA,Fiasp 100units/ml solution for injection 10ml vials,97,362.0,5096.96
202010,NI,0601011L0AAABAB,-,14,55.0,913.55
202010,NI,0601011L0AAACAC,-,2,15.0,84.92999999999999
202010,NI,0601011L0AAAGAG,-,4,25.0,294.6
202010,NI,0601011L0BBABAB,Humalog 100units/ml solution for injection 10ml vials,69,340.0,5647.4
202010,NI,0601011L0BBACAC,Humalog 100units/ml solution for injection 3ml cartridges,221,2116.0,11980.792
202010,NI,0601011L0BBAGAF,Humalog KwikPen 100units/ml solution for injection 3ml pre-filled pen,659,4932.0,29059.344
202010,NI,0601011L0BBAHAG,Humalog KwikPen 200units/ml solution for injection 3ml pre-filled pen,90,782.0,9215.088
202010,NI,0601011N0BCAEAC,Hypurin Porcine Neutral 100units/ml solution for injection 10ml vials,8,24.0,908.88
202010,NI,0601011N0BCAHAZ,Hypurin Porcine Neutral 100units/ml solution for injection 3ml cartridges,6,35.0,397.67
202010,NI,0601011N0BFAEAL,Actrapid 100units/ml solution for injection 10ml vials,9,37.0,276.76
202010,NI,0601011N0BHAAAG,Humulin S 100units/ml solution for injection 10ml vials,4,17.0,266.56
202010,NI,0601011N0BHADAP,Humulin S 100units/ml solution for injection 3ml cartridges,23,188.0,717.4079999999999
202010,NI,0601011N0BKABAP,Insuman Rapid 100units/ml solution for injection 3ml cartridges,5,50.0,175.0
202010,NI,0601011P0AAAAAA,-,1,6.0,96.0
202010,NI,0601011P0BBAAAA,Apidra 100units/ml solution for injection 10ml vials,40,178.0,2848.0
202010,NI,0601011P0BBABAB,Apidra 100units/ml solution for injection 3ml cartridges,53,441.0,2496.06
202010,NI,0601011P0BBAEAC,Apidra 100units/ml solution for injection 3ml pre-filled SoloStar pen,486,3722.0,21066.52
202011,NI,0601011A0AAAAAA,-,1,1.0,14.08
202011,NI,0601011A0AAABAB,-,1,5.0,28.31
202011,NI,0601011A0AAACAC,-,1,5.0,30.6
202011,NI,0601011A0BBAAAA,NovoRapid 100units/ml solution for injection 10ml vials,560,2269.0,31947.52
202011,NI,0601011A0BBABAB,NovoRapid Penfill 100units/ml solution for injection 3ml cartridges,1320,10009.0,56670.958
202011,NI,0601011A0BBADAC,NovoRapid FlexPen 100units/ml solution for injection 3ml pre-filled pen,4435,31870.0,195044.4
202011,NI,0601011A0BBAEAC,NovoRapid FlexTouch 100units/ml solution for injection 3ml pre-filled pen,183,1339.0,8604.414
202011,NI,0601011A0BBAFAD,NovoRapid PumpCart 100units/ml solution for injection 1.6ml cartridges,134,2002.0,6046.04
202011,NI,0601011A0BCAAAC,Fiasp FlexTouch 100units/ml solution for injection 3ml pre-filled pen,646,4110.0,25153.2
202011,NI,0601011A0BCABAB,Fiasp Penfill 100units/ml solution for injection 3ml cartridges,222,1370.0,7756.94
202011,NI,0601011A0BCACAA,Fiasp 100units/ml solution for injection 10ml vials,116,489.0,6885.12
202011,NI,0601011L0AAABAB,-,12,69.0,1146.09
202011,NI,0601011L0AAACAC,-,2,10.0,56.62
202011,NI,0601011L0AAAGAG,-,3,15.0,176.76
202011,NI,0601011L0BBABAB,Humalog 100units/ml solution for injection 10ml vials,72,377.0,6261.97
202011,NI,0601011L0BBACAC,Humalog 100units/ml solution for injection 3ml cartridges,214,1840.0,10418.08
202011,NI,0601011L0BBAGAF,Humalog KwikPen 100units/ml solution for injection 3ml pre-filled pen,605,4445.0,26189.94
202011,NI,0601011L0BBAHAG,Humalog KwikPen 200units/ml solution for injection 3ml pre-filled pen,92,752.0,8861.568
202011,NI,0601011N0BCAEAC,Hypurin Porcine Neutral 100units/ml solution for injection 10ml vials,11,50.0,1893.5
202011,NI,0601011N0BCAHAZ,Hypurin Porcine Neutral 100units/ml solution for injection 3ml cartridges,9,85.0,965.77
202011,NI,0601011N0BFAEAL,Actrapid 100units/ml solution for injection 10ml vials,10,36.0,269.28
202011,NI,0601011N0BHAAAG,Humulin S 100units/ml solution for injection 10ml vials,4,24.0,376.32
202011,NI,0601011N0BHADAP,Humulin S 100units/ml solution for injection 3ml cartridges,27,210.0,801.3599999999999
202011,NI,0601011N0BKABAP,Insuman Rapid 100units/ml solution for injection 3ml cartridges,2,15.0,52.5
202011,NI,0601011P0BBAAAA,Apidra 100units/ml solution for injection 10ml vials,40,165.0,2640.0
202011,NI,0601011P0BBABAB,Apidra 100units/ml solution for injection 3ml cartridges,59,505.0,2858.3
202011,NI,0601011P0BBAEAC,Apidra 100units/ml solution for injection 3ml pre-filled SoloStar pen,491,3532.0,19991.12
202012,NI,0601011A0AAAAAA,-,4,21.0,295.68000000000006
202012,NI,0601011A0AAABAB,-,2,35.0,198.17
202012,NI,0601011A0AAACAC,-,3,30.0,183.6
202012,NI,0601011A0BBAAAA,NovoRapid 100units/ml solution for injection 10ml vials,649,2649.0,37297.92
202012,NI,0601011A0BBABAB,NovoRapid Penfill 100units/ml solution for injection 3ml cartridges,1506,11240.0,63640.88
202012,NI,0601011A0BBADAC,NovoRapid FlexPen 100units/ml solution for injection 3ml pre-filled pen,5084,37019.0,226556.28
202012,NI,0601011A0BBAEAC,NovoRapid FlexTouch 100units/ml solution for injection 3ml pre-filled pen,215,1612.0,10358.712
202012,NI,0601011A0BBAFAD,NovoRapid PumpCart 100units/ml solution for injection 1.6ml cartridges,151,2474.0,7471.48
202012,NI,0601011A0BCAAAC,Fiasp FlexTouch 100units/ml solution for injection 3ml pre-filled pen,775,5047.0,30887.64
202012,NI,0601011A0BCABAB,Fiasp Penfill 100units/ml solution for injection 3ml cartridges,257,1635.0,9257.37
202012,NI,0601011A0BCACAA,Fiasp 100units/ml solution for injection 10ml vials,146,649.0,9137.92
202012,NI,0601011L0AAABAB,-,13,44.0,730.8399999999999
202012,NI,0601011L0AAACAC,-,3,15.0,84.92999999999999
202012,NI,0601011L0AAAGAG,-,4,20.0,235.68
202012,NI,0601011L0BBABAB,Humalog 100units/ml solution for injection 10ml vials,72,335.0,5564.349999999999
202012,NI,0601011L0BBACAC,Humalog 100units/ml solution for injection 3ml cartridges,257,2265.0,12824.43
202012,NI,0601011L0BBAGAF,Humalog KwikPen 100units/ml solution for injection 3ml pre-filled pen,726,5347.0,31504.524
202012,NI,0601011L0BBAHAG,Humalog KwikPen 200units/ml solution for injection 3ml pre-filled pen,99,920.0,10841.28
202012,NI,0601011N0AAAPAP,-,1,10.0,38.16
202012,NI,0601011N0BCAEAC,Hypurin Porcine Neutral 100units/ml solution for injection 10ml vials,7,20.0,757.4
202012,NI,0601011N0BCAHAZ,Hypurin Porcine Neutral 100units/ml solution for injection 3ml cartridges,9,70.0,795.34
202012,NI,0601011N0BFAEAL,Actrapid 100units/ml solution for injection 10ml vials,7,27.0,201.96
202012,NI,0601011N0BHAAAG,Humulin S 100units/ml solution for injection 10ml vials,1,1.0,15.68
202012,NI,0601011N0BHADAP,Humulin S 100units/ml solution for injection 3ml cartridges,33,290.0,1106.64
202012,NI,0601011N0BKABAP,Insuman Rapid 100units/ml solution for injection 3ml cartridges,4,40.0,140.0
202012,NI,0601011P0AAAAAA,-,1,6.0,96.0
202012,NI,0601011P0BBAAAA,Apidra 100units/ml solution for injection 10ml vials,43,202.0,3232.0
202012,NI,0601011P0BBABAB,Apidra 100units/ml solution for injection 3ml cartridges,66,576.0,3260.1600000000003
202012,NI,0601011P0BBAEAC,Apidra 100units/ml solution for injection 3ml pre-filled SoloStar pen,582,4330.0,24507.8
202101,NI,0601011A0AAAAAA,-,5,22.0,309.76
202101,NI,0601011A0AAABAB,-,5,30.0,169.86
202101,NI,0601011A0AAACAC,-,1,5.0,30.6
202101,NI,0601011A0BBAAAA,NovoRapid 100units/ml solution for injection 10ml vials,513,2034.0,28638.72
202101,NI,0601011A0BBABAB,NovoRapid Penfill 100units/ml solution for injection 3ml cartridges,1203,9043.0,51201.466
202101,NI,0601011A0BBADAC,NovoRapid FlexPen 100units/ml solution for injection 3ml pre-filled pen,4291,31026.0,189879.12
202101,NI,0601011A0BBAEAC,NovoRapid FlexTouch 100units/ml solution for injection 3ml pre-filled pen,175,1347.0,8655.822
202101,NI,0601011A0BBAFAD,NovoRapid PumpCart 100units/ml solution for injection 1.6ml cartridges,142,2084.0,6293.679999999999
202101,NI,0601011A0BCAAAC,Fiasp FlexTouch 100units/ml solution for injection 3ml pre-filled pen,706,4660.0,28519.2
202101,NI,0601011A0BCABAB,Fiasp Penfill 100units/ml solution for injection 3ml cartridges,226,1464.0,8289.168
202101,NI,0601011A0BCACAA,Fiasp 100units/ml solution for injection 10ml vials,112,497.0,6997.76
202101,NI,0601011L0AAABAB,-,16,71.0,1179.31
202101,NI,0601011L0AAACAC,-,1,5.0,28.31
202101,NI,0601011L0AAAFAF,-,2,10.0,58.92
202101,NI,0601011L0AAAGAG,-,4,20.0,235.68
202101,NI,0601011L0BBABAB,Humalog 100units/ml solution for injection 10ml vials,76,407.0,6760.2699999999995
202101,NI,0601011L0BBACAC,Humalog 100units/ml solution for injection 3ml cartridges,196,1842.0,10429.404
202101,NI,0601011L0BBAGAF,Humalog KwikPen 100units/ml solution for injection 3ml pre-filled pen,612,4377.0,25789.284
202101,NI,0601011L0BBAHAG,Humalog KwikPen 200units/ml solution for injection 3ml pre-filled pen,100,900.0,10605.6
202101,NI,0601011N0BCAEAC,Hypurin Porcine Neutral 100units/ml solution for injection 10ml vials,9,27.0,1022.49
202101,NI,0601011N0BCAHAZ,Hypurin Porcine Neutral 100units/ml solution for injection 3ml cartridges,7,52.0,590.8240000000001
202101,NI,0601011N0BFAEAL,Actrapid 100units/ml solution for injection 10ml vials,9,35.0,261.8
202101,NI,0601011N0BHAAAG,Humulin S 100units/ml solution for injection 10ml vials,4,24.0,376.3200000000001
202101,NI,0601011N0BHADAP,Humulin S 100units/ml solution for injection 3ml cartridges,22,179.0,683.064
202101,NI,0601011N0BKABAP,Insuman Rapid 100units/ml solution for injection 3ml cartridges,4,30.0,105.0
202101,NI,0601011P0BBAAAA,Apidra 100units/ml solution for injection 10ml vials,36,161.0,2576.0
202101,NI,0601011P0BBABAB,Apidra 100units/ml solution for injection 3ml cartridges,45,350.0,1981.0
202101,NI,0601011P0BBAEAC,Apidra 100units/ml solution for injection 3ml pre-filled SoloStar pen,498,3636.0,20579.76
202102,NI,0601011A0AAAAAA,-,1,1.0,14.08
202102,NI,0601011A0AAABAB,-,2,10.0,56.62
202102,NI,0601011A0AAACAC,-,3,30.0,183.6
202102,NI,0601011A0BBAAAA,NovoRapid 100units/ml solution for injection 10ml vials,497,2017.0,28399.36
202102,NI,0601011A0BBABAB,NovoRapid Penfill 100units/ml solution for injection 3ml cartridges,1155,8426.0,47708.012
202102,NI,0601011A0BBADAC,NovoRapid FlexPen 100units/ml solution for injection 3ml pre-filled pen,4201,30096.0,184187.52
202102,NI,0601011A0BBAEAC,NovoRapid FlexTouch 100units/ml solution for injection 3ml pre-filled pen,157,1162.0,7467.012000000001
202102,NI,0601011A0BBAFAD,NovoRapid PumpCart 100units/ml solution for injection 1.6ml cartridges,120,1889.0,5704.78
202102,NI,0601011A0BCAAAC,Fiasp FlexTouch 100units/ml solution for injection 3ml pre-filled pen,694,4535.0,27754.2
202102,NI,0601011A0BCABAB,Fiasp Penfill 100units/ml solution for injection 3ml cartridges,244,1541.0,8725.142
202102,NI,0601011A0BCACAA,Fiasp 100units/ml solution for injection 10ml vials,121,499.0,7025.92
202102,NI,0601011L0AAABAB,-,13,69.0,1146.09
202102,NI,0601011L0AAACAC,-,2,15.0,84.92999999999999
202102,NI,0601011L0AAAGAG,-,3,15.0,176.76
202102,NI,0601011L0BBABAB,Humalog 100units/ml solution for injection 10ml vials,53,277.0,4600.97
202102,NI,0601011L0BBACAC,Humalog 100units/ml solution for injection 3ml cartridges,188,1553.0,8793.086
202102,NI,0601011L0BBAGAF,Humalog KwikPen 100units/ml solution for injection 3ml pre-filled pen,577,4139.0,24386.988
202102,NI,0601011L0BBAHAG,Humalog KwikPen 200units/ml solution for injection 3ml pre-filled pen,86,740.0,8720.16
202102,NI,0601011N0BCAEAC,Hypurin Porcine Neutral 100units/ml solution for injection 10ml vials,6,17.0,643.79
202102,NI,0601011N0BCAHAZ,Hypurin Porcine Neutral 100units/ml solution for injection 3ml cartridges,11,82.0,931.684
202102,NI,0601011N0BFAEAL,Actrapid 100units/ml solution for injection 10ml vials,7,21.0,157.08
202102,NI,0601011N0BHAAAG,Humulin S 100units/ml solution for injection 10ml vials,5,18.0,282.24
202102,NI,0601011N0BHADAP,Humulin S 100units/ml solution for injection 3ml cartridges,21,116.0,442.6559999999999
202102,NI,0601011N0BKABAP,Insuman Rapid 100units/ml solution for injection 3ml cartridges,3,30.0,105.0
202102,NI,0601011P0AAAAAA,-,1,10.0,160.0
202102,NI,0601011P0BBAAAA,Apidra 100units/ml solution for injection 10ml vials,33,141.0,2256.0
202102,NI,0601011P0BBABAB,Apidra 100units/ml solution for injection 3ml cartridges,58,469.0,2654.54
202102,NI,0601011P0BBAEAC,Apidra 100units/ml solution for injection 3ml pre-filled SoloStar pen,455,3454.0,19549.64
202103,NI,0601011A0AAAAAA,-,4,17.0,239.36
202103,NI,0601011A0AAABAB,-,2,25.0,141.55
202103,NI,0601011A0AAACAC,-,1,5.0,30.6
202103,NI,0601011A0BBAAAA,NovoRapid 100units/ml solution for injection 10ml vials,561,2258.0,31792.64
202103,NI,0601011A0BBABAB,NovoRapid Penfill 100units/ml solution for injection 3ml cartridges,1373,10088.0,57118.256
202103,NI,0601011A0BBADAC,NovoRapid FlexPen 100units/ml solution for injection 3ml pre-filled pen,4846,34731.0,212553.72
202103,NI,0601011A0BBAEAC,NovoRapid FlexTouch 100units/ml solution for injection 3ml pre-filled pen,192,1345.0,8642.970000000001
202103,NI,0601011A0BBAFAD,NovoRapid PumpCart 100units/ml solution for injection 1.6ml cartridges,160,2500.0,7550.0
202103,NI,0601011A0BCAAAC,Fiasp FlexTouch 100units/ml solution for injection 3ml pre-filled pen,780,5167.0,31622.04
202103,NI,0601011A0BCABAB,Fiasp Penfill 100units/ml solution for injection 3ml cartridges,273,1645.0,9313.99
202103,NI,0601011A0BCACAA,Fiasp 100units/ml solution for injection 10ml vials,133,525.0,7392.0
202103,NI,0601011L0AAABAB,-,12,47.0,780.67
202103,NI,0601011L0AAACAC,-,4,25.0,141.54999999999998
202103,NI,0601011L0AAAFAF,-,12,60.0,353.52
202103,NI,0601011L0AAAGAG,-,2,10.0,117.84
202103,NI,0601011L0BBABAB,Humalog 100units/ml solution for injection 10ml vials,74,346.0,5747.0599999999995
202103,NI,0601011L0BBACAC,Humalog 100units/ml solution for injection 3ml cartridges,220,1984.0,11233.408
202103,NI,0601011L0BBAGAF,Humalog KwikPen 100units/ml solution for injection 3ml pre-filled pen,675,4987.0,29383.404
202103,NI,0601011L0BBAHAG,Humalog KwikPen 200units/ml solution for injection 3ml pre-filled pen,95,815.0,9603.96
202103,NI,0601011N0BCAEAC,Hypurin Porcine Neutral 100units/ml solution for injection 10ml vials,5,14.0,530.1800000000001
202103,NI,0601011N0BCAHAZ,Hypurin Porcine Neutral 100units/ml solution for injection 3ml cartridges,11,85.0,965.77
202103,NI,0601011N0BFAEAL,Actrapid 100units/ml solution for injection 10ml vials,7,29.0,216.92
202103,NI,0601011N0BHAAAG,Humulin S 100units/ml solution for injection 10ml vials,3,18.0,282.24
202103,NI,0601011N0BHADAP,Humulin S 100units/ml solution for injection 3ml cartridges,27,186.0,709.776
202103,NI,0601011N0BKABAP,Insuman Rapid 100units/ml solution for injection 3ml cartridges,3,40.0,140.0
202103,NI,0601011P0BBAAAA,Apidra 100units/ml solution for injection 10ml vials,40,175.0,2800.0
202103,NI,0601011P0BBABAB,Apidra 100units/ml solution for injection 3ml cartridges,61,543.0,3073.38
202103,NI,0601011P0BBAEAC,Apidra 100units/ml solution for injection 3ml pre-filled SoloStar pen,539,3980.0,22526.8
202104,NI,0601011A0AAAAAA,-,1,2.0,28.16
202104,NI,0601011A0AAABAB,-,6,70.0,396.34
202104,NI,0601011A0AAACAC,-,2,10.0,61.2
202104,NI,0601011A0BBAAAA,NovoRapid 100units/ml solution for injection 10ml vials,575,2304.0,32440.32
202104,NI,0601011A0BBABAB,NovoRapid Penfill 100units/ml solution for injection 3ml cartridges,1298,9794.0,55453.628
202104,NI,0601011A0BBADAC,NovoRapid FlexPen 100units/ml solution for injection 3ml pre-filled pen,4433,31590.0,193330.8
202104,NI,0601011A0BBAEAC,NovoRapid FlexTouch 100units/ml solution for injection 3ml pre-filled pen,191,1412.0,9073.512
202104,NI,0601011A0BBAFAD,NovoRapid PumpCart 100units/ml solution for injection 1.6ml cartridges,124,1817.0,5487.34
202104,NI,0601011A0BCAAAC,Fiasp FlexTouch 100units/ml solution for injection 3ml pre-filled pen,769,4893.0,29945.16
202104,NI,0601011A0BCABAB,Fiasp Penfill 100units/ml solution for injection 3ml cartridges,265,1737.0,9834.894
202104,NI,0601011A0BCACAA,Fiasp 100units/ml solution for injection 10ml vials,138,581.0,8180.48
202104,NI,0601011L0AAABAB,-,16,64.0,1063.04
202104,NI,0601011L0AAACAC,-,2,10.0,56.62
202104,NI,0601011L0AAAFAF,-,12,60.0,353.52
202104,NI,0601011L0AAAGAG,-,4,20.0,235.68
202104,NI,0601011L0BBABAB,Humalog 100units/ml solution for injection 10ml vials,68,353.0,5863.33
202104,NI,0601011L0BBACAC,Humalog 100units/ml solution for injection 3ml cartridges,219,2060.0,11663.72
202104,NI,0601011L0BBAGAF,Humalog KwikPen 100units/ml solution for injection 3ml pre-filled pen,629,4652.0,27409.584
202104,NI,0601011L0BBAHAG,Humalog KwikPen 200units/ml solution for injection 3ml pre-filled pen,93,830.0,9780.72
202104,NI,0601011N0BCAEAC,Hypurin Porcine Neutral 100units/ml solution for injection 10ml vials,4,14.0,530.18
202104,NI,0601011N0BCAHAZ,Hypurin Porcine Neutral 100units/ml solution for injection 3ml cartridges,5,35.0,397.67
202104,NI,0601011N0BFAEAL,Actrapid 100units/ml solution for injection 10ml vials,8,28.0,209.44
202104,NI,0601011N0BHAAAG,Humulin S 100units/ml solution for injection 10ml vials,3,11.0,172.48
202104,NI,0601011N0BHADAP,Humulin S 100units/ml solution for injection 3ml cartridges,19,105.0,400.6799999999999
202104,NI,0601011N0BKABAP,Insuman Rapid 100units/ml solution for injection 3ml cartridges,1,5.0,17.5
202104,NI,0601011P0BBAAAA,Apidra 100units/ml solution for injection 10ml vials,37,159.0,2544.0
202104,NI,0601011P0BBABAB,Apidra 100units/ml solution for injection 3ml cartridges,50,397.0,2247.02
202104,NI,0601011P0BBAEAC,Apidra 100units/ml solution for injection 3ml pre-filled SoloStar pen,495,3595.0,20347.7
202105,NI,0601011A0AAAAAA,-,3,11.0,154.88
202105,NI,0601011A0AAACAC,-,1,5.0,30.6
202105,NI,0601011A0BBAAAA,NovoRapid 100units/ml solution for injection 10ml vials,538,2212.0,31144.96
202105,NI,0601011A0BBABAB,NovoRapid Penfill 100units/ml solution for injection 3ml cartridges,1230,9393.0,53183.166
202105,NI,0601011A0BBADAC,NovoRapid FlexPen 100units/ml solution for injection 3ml pre-filled pen,4360,31475.0,192627.0
202105,NI,0601011A0BBAEAC,NovoRapid FlexTouch 100units/ml solution for injection 3ml pre-filled pen,174,1354.0,8700.804
202105,NI,0601011A0BBAFAD,NovoRapid PumpCart 100units/ml solution for injection 1.6ml cartridges,133,2069.0,6248.38
202105,NI,0601011A0BCAAAC,Fiasp FlexTouch 100units/ml solution for injection 3ml pre-filled pen,736,4848.0,29669.76
202105,NI,0601011A0BCABAB,Fiasp Penfill 100units/ml solution for injection 3ml cartridges,287,1797.0,10174.614
202105,NI,0601011A0BCACAA,Fiasp 100units/ml solution for injection 10ml vials,127,517.0,7279.360000000001
202105,NI,0601011L0AAABAB,-,19,68.0,1129.48
202105,NI,0601011L0AAACAC,-,3,15.0,84.92999999999999
202105,NI,0601011L0AAAFAF,-,17,95.0,559.74
202105,NI,0601011L0AAAGAG,-,2,10.0,117.84
202105,NI,0601011L0BBABAB,Humalog 100units/ml solution for injection 10ml vials,60,285.0,4733.85
202105,NI,0601011L0BBACAC,Humalog 100units/ml solution for injection 3ml cartridges,196,1660.0,9398.92
202105,NI,0601011L0BBAGAF,Humalog KwikPen 100units/ml solution for injection 3ml pre-filled pen,607,4287.0,25259.004
202105,NI,0601011L0BBAHAG,Humalog KwikPen 200units/ml solution for injection 3ml pre-filled pen,85,730.0,8602.32
202105,NI,0601011N0BCAEAC,Hypurin Porcine Neutral 100units/ml solution for injection 10ml vials,5,15.0,590.85
202105,NI,0601011N0BCAHAZ,Hypurin Porcine Neutral 100units/ml solution for injection 3ml cartridges,12,61.0,720.776
202105,NI,0601011N0BFAEAL,Actrapid 100units/ml solution for injection 10ml vials,5,20.0,149.60000000000002
202105,NI,0601011N0BHAAAG,Humulin S 100units/ml solution for injection 10ml vials,2,4.0,62.72
202105,NI,0601011N0BHADAP,Humulin S 100units/ml solution for injection 3ml cartridges,28,223.0,850.968
202105,NI,0601011N0BKABAP,Insuman Rapid 100units/ml solution for injection 3ml cartridges,5,55.0,192.5
202105,NI,0601011P0AAAAAA,-,2,12.0,192.0
202105,NI,0601011P0BBAAAA,Apidra 100units/ml solution for injection 10ml vials,47,194.0,3104.0
202105,NI,0601011P0BBABAB,Apidra 100units/ml solution for injection 3ml cartridges,46,360.0,2037.6
202105,NI,0601011P0BBAEAC,Apidra 100units/ml solution for injection 3ml pre-filled SoloStar pen,468,3412.0,19311.92
202106,NI,0601011A0AAAAAA,-,1,2.0,28.16
202106,NI,0601011A0AAABAB,-,3,25.0,141.54999999999998
202106,NI,0601011A0AAACAC,-,1,5.0,30.6
202106,NI,0601011A0BBAAAA,NovoRapid 100units/ml solution for injection 10ml vials,626,2548.0,35875.840000000004
202106,NI,0601011A0BBABAB,NovoRapid Penfill 100units/ml solution for injection 3ml cartridges,1362,10239.0,57973.218
202106,NI,0601011A0BBADAC,NovoRapid FlexPen 100units/ml solution for injection 3ml pre-filled pen,4817,34077.0,208551.24
202106,NI,0601011A0BBAEAC,NovoRapid FlexTouch 100units/ml solution for injection 3ml pre-filled pen,196,1421.0,9131.346
202106,NI,0601011A0BBAFAD,NovoRapid PumpCart 100units/ml solution for injection 1.6ml cartridges,137,2168.0,6547.36
202106,NI,0601011A0BCAAAC,Fiasp FlexTouch 100units/ml solution for injection 3ml pre-filled pen,838,5497.0,33641.64
202106,NI,0601011A0BCABAB,Fiasp Penfill 100units/ml solution for injection 3ml cartridges,318,2041.0,11556.142
202106,NI,0601011A0BCACAA,Fiasp 100units/ml solution for injection 10ml vials,146,590.0,8307.2
202106,NI,0601011L0AAABAB,-,26,110.0,1827.1
202106,NI,0601011L0AAACAC,-,2,10.0,56.62
202106,NI,0601011L0AAAFAF,-,25,140.0,824.88
202106,NI,0601011L0AAAGAG,-,3,13.0,153.192
202106,NI,0601011L0BBABAB,Humalog 100units/ml solution for injection 10ml vials,72,376.0,6245.36
202106,NI,0601011L0BBACAC,Humalog 100units/ml solution for injection 3ml cartridges,198,1720.0,9738.64
202106,NI,0601011L0BBAGAF,Humalog KwikPen 100units/ml solution for injection 3ml pre-filled pen,662,4703.0,27710.076
202106,NI,0601011L0BBAHAG,Humalog KwikPen 200units/ml solution for injection 3ml pre-filled pen,91,798.0,9403.632
202106,NI,0601011N0BCAEAC,Hypurin Porcine Neutral 100units/ml solution for injection 10ml vials,5,23.0,905.97
202106,NI,0601011N0BCAHAZ,Hypurin Porcine Neutral 100units/ml solution for injection 3ml cartridges,7,55.0,649.88
202106,NI,0601011N0BFAEAL,Actrapid 100units/ml solution for injection 10ml vials,6,23.0,172.04
202106,NI,0601011N0BHAAAG,Humulin S 100units/ml solution for injection 10ml vials,3,19.0,297.92
202106,NI,0601011N0BHADAP,Humulin S 100units/ml solution for injection 3ml cartridges,22,170.0,648.7199999999999
202106,NI,0601011N0BKABAP,Insuman Rapid 100units/ml solution for injection 3ml cartridges,4,50.0,175.0
202106,NI,0601011P0BBAAAA,Apidra 100units/ml solution for injection 10ml vials,41,170.0,2720.0
202106,NI,0601011P0BBABAB,Apidra 100units/ml solution for injection 3ml cartridges,46,400.0,2264.0
202106,NI,0601011P0BBAEAC,Apidra 100units/ml solution for injection 3ml pre-filled SoloStar pen,524,3844.0,21757.04
202107,NI,0601011A0AAAAAA,-,1,5.0,70.4
202107,NI,0601011A0AAABAB,-,1,15.0,84.93
202107,NI,0601011A0AAACAC,-,2,10.0,61.2
202107,NI,0601011A0BBAAAA,NovoRapid 100units/ml solution for injection 10ml vials,572,2380.0,33510.4
202107,NI,0601011A0BBABAB,NovoRapid Penfill 100units/ml solution for injection 3ml cartridges,1342,10091.0,57135.242
202107,NI,0601011A0BBADAC,NovoRapid FlexPen 100units/ml solution for injection 3ml pre-filled pen,4688,33598.0,205619.76
202107,NI,0601011A0BBAEAC,NovoRapid FlexTouch 100units/ml solution for injection 3ml pre-filled pen,191,1465.0,9414.09
202107,NI,0601011A0BBAFAD,NovoRapid PumpCart 100units/ml solution for injection 1.6ml cartridges,139,2204.0,6656.08
202107,NI,0601011A0BCAAAC,Fiasp FlexTouch 100units/ml solution for injection 3ml pre-filled pen,821,5404.0,33072.48
202107,NI,0601011A0BCABAB,Fiasp Penfill 100units/ml solution for injection 3ml cartridges,302,1801.0,10197.262
202107,NI,0601011A0BCACAA,Fiasp 100units/ml solution for injection 10ml vials,174,747.0,10517.76
202107,NI,0601011L0AAABAB,-,13,63.0,1046.43
202107,NI,0601011L0AAACAC,-,4,20.0,113.24
202107,NI,0601011L0AAAFAF,-,42,240.0,1414.08
202107,NI,0601011L0AAAGAG,-,4,40.0,471.36
202107,NI,0601011L0BBABAB,Humalog 100units/ml solution for injection 10ml vials,71,396.0,6577.5599999999995
202107,NI,0601011L0BBACAC,Humalog 100units/ml solution for injection 3ml cartridges,208,1930.0,10927.66
202107,NI,0601011L0BBAGAF,Humalog KwikPen 100units/ml solution for injection 3ml pre-filled pen,667,4764.0,28069.488
202107,NI,0601011L0BBAHAG,Humalog KwikPen 200units/ml solution for injection 3ml pre-filled pen,100,925.0,10900.2
202107,NI,0601011N0BCAEAC,Hypurin Porcine Neutral 100units/ml solution for injection 10ml vials,10,40.0,1575.6
202107,NI,0601011N0BCAHAZ,Hypurin Porcine Neutral 100units/ml solution for injection 3ml cartridges,8,75.0,886.1999999999999
202107,NI,0601011N0BFAEAL,Actrapid 100units/ml solution for injection 10ml vials,7,27.0,201.96
202107,NI,0601011N0BHAAAG,Humulin S 100units/ml solution for injection 10ml vials,5,24.0,376.3200000000001
202107,NI,0601011N0BHADAP,Humulin S 100units/ml solution for injection 3ml cartridges,22,160.0,610.56
202107,NI,0601011N0BKABAP,Insuman Rapid 100units/ml solution for injection 3ml cartridges,4,50.0,175.0
202107,NI,0601011P0AAAAAA,-,1,6.0,96.0
202107,NI,0601011P0BBAAAA,Apidra 100units/ml solution for injection 10ml vials,49,234.0,3744.0
202107,NI,0601011P0BBABAB,Apidra 100units/ml solution for injection 3ml cartridges,46,380.0,2150.8
202107,NI,0601011P0BBAEAC,Apidra 100units/ml solution for injection 3ml pre-filled SoloStar pen,489,3623.0,20506.18
202108,NI,0601011A0AAAAAA,-,3,12.0,168.95999999999998
202108,NI,0601011A0AAABAB,-,3,35.0,198.17
202108,NI,0601011A0AAACAC,-,1,5.0,30.6
202108,NI,0601011A0BBAAAA,NovoRapid 100units/ml solution for injection 10ml vials,604,2503.0,35242.24
202108,NI,0601011A0BBABAB,NovoRapid Penfill 100units/ml solution for injection 3ml cartridges,1280,9388.0,53154.856
202108,NI,0601011A0BBADAC,NovoRapid FlexPen 100units/ml solution for injection 3ml pre-filled pens,4540,32562.0,199279.44
202108,NI,0601011A0BBAEAC,NovoRapid FlexTouch 100units/ml solution for injection 3ml pre-filled pens,198,1430.0,9189.18
202108,NI,0601011A0BBAFAD,NovoRapid PumpCart 100units/ml solution for injection 1.6ml cartridges,136,2144.0,6474.88
202108,NI,0601011A0BCAAAC,Fiasp FlexTouch 100units/ml solution for injection 3ml pre-filled pens,820,5446.0,33329.52
202108,NI,0601011A0BCABAB,Fiasp Penfill 100units/ml solution for injection 3ml cartridges,317,2011.0,11386.282
202108,NI,0601011A0BCACAA,Fiasp 100units/ml solution for injection 10ml vials,154,606.0,8532.48
202108,NI,0601011L0AAABAB,-,19,82.0,1362.02
202108,NI,0601011L0AAACAC,-,4,20.0,113.24
202108,NI,0601011L0AAAFAF,-,28,150.0,883.8000000000001
202108,NI,0601011L0AAAGAG,-,4,35.0,412.44
202108,NI,0601011L0BBABAB,Humalog 100units/ml solution for injection 10ml vials,66,321.0,5331.8099999999995
202108,NI,0601011L0BBACAC,Humalog 100units/ml solution for injection 3ml cartridges,184,1620.0,9172.44
202108,NI,0601011L0BBAGAF,Humalog KwikPen 100units/ml solution for injection 3ml pre-filled pens,600,4530.0,26690.76
202108,NI,0601011L0BBAHAG,Humalog KwikPen 200units/ml solution for injection 3ml pre-filled pens,80,675.0,7954.2
202108,NI,0601011N0BCAEAC,Hypurin Porcine Neutral 100units/ml solution for injection 10ml vials,6,22.0,866.58
202108,NI,0601011N0BCAHAZ,Hypurin Porcine Neutral 100units/ml solution for injection 3ml cartridges,6,30.0,354.48
202108,NI,0601011N0BFAEAL,Actrapid 100units/ml solution for injection 10ml vials,10,38.0,284.24
202108,NI,0601011N0BHAAAL,Humulin S 100units/ml solution for injection 10ml vials,2,9.0,141.12
202108,NI,0601011N0BHADAP,Humulin S 100units/ml solution for injection 3ml cartridges,21,130.0,496.0799999999999
202108,NI,0601011N0BKABAP,Insuman Rapid 100units/ml solution for injection 3ml cartridges,2,10.0,35.0
202108,NI,0601011P0BBAAAA,Apidra 100units/ml solution for injection 10ml vials,40,153.0,2448.0
202108,NI,0601011P0BBABAB,Apidra 100units/ml solution for injection 3ml cartridges,44,329.0,1862.14
202108,NI,0601011P0BBAEAC,Apidra 100units/ml solution for injection 3ml pre-filled SoloStar pens,494,3570.0,20206.2
202109,NI,0601011A0AAAAAA,-,1,4.0,56.32
202109,NI,0601011A0AAABAB,-,2,17.0,96.254
202109,NI,0601011A0AAACAC,-,1,5.0,30.6
202109,NI,0601011A0BBAAAA,NovoRapid 100units/ml solution for injection 10ml vials,599,2321.0,32679.68
202109,NI,0601011A0BBABAB,NovoRapid Penfill 100units/ml solution for injection 3ml cartridges,1416,10456.0,59201.872
202109,NI,0601011A0BBADAC,NovoRapid FlexPen 100units/ml solution for injection 3ml pre-filled pens,4728,33420.0,204530.4
202109,NI,0601011A0BBAEAC,NovoRapid FlexTouch 100units/ml solution for injection 3ml pre-filled pens,190,1481.0,9516.906
202109,NI,0601011A0BBAFAD,NovoRapid PumpCart 100units/ml solution for injection 1.6ml cartridges,150,2403.0,7257.06
202109,NI,0601011A0BCAAAC,Fiasp FlexTouch 100units/ml solution for injection 3ml pre-filled pens,882,5887.0,36028.44
202109,NI,0601011A0BCABAB,Fiasp Penfill 100units/ml solution for injection 3ml cartridges,350,2167.0,12269.554
202109,NI,0601011A0BCACAA,Fiasp 100units/ml solution for injection 10ml vials,173,735.0,10348.8
202109,NI,0601011L0AAABAB,-,19,73.0,1212.53
202109,NI,0601011L0AAACAC,-,1,5.0,28.31
202109,NI,0601011L0AAAFAF,-,37,230.0,1355.16
202109,NI,0601011L0AAAGAG,-,4,30.0,353.52000000000004
202109,NI,0601011L0BBABAB,Humalog 100units/ml solution for injection 10ml vials,69,329.0,5464.69
202109,NI,0601011L0BBACAC,Humalog 100units/ml solution for injection 3ml cartridges,190,1840.0,10418.08
202109,NI,0601011L0BBAGAF,Humalog KwikPen 100units/ml solution for injection 3ml pre-filled pens,663,4643.0,27356.556
202109,NI,0601011L0BBAHAG,Humalog KwikPen 200units/ml solution for injection 3ml pre-filled pens,84,760.0,8955.84
202109,NI,0601011N0BCAEAC,Hypurin Porcine Neutral 100units/ml solution for injection 10ml vials,9,38.0,1496.82
202109,NI,0601011N0BCAHAZ,Hypurin Porcine Neutral 100units/ml solution for injection 3ml cartridges,10,70.0,827.12
202109,NI,0601011N0BFAEAL,Actrapid 100units/ml solution for injection 10ml vials,10,43.0,321.64
202109,NI,0601011N0BHAAAL,Humulin S 100units/ml solution for injection 10ml vials,5,17.0,266.56
202109,NI,0601011N0BHADAP,Humulin S 100units/ml solution for injection 3ml cartridges,19,166.0,633.4559999999999
202109,NI,0601011N0BKABAP,Insuman Rapid 100units/ml solution for injection 3ml cartridges,2,20.0,70.0
202109,NI,0601011P0AAAAAA,-,1,10.0,160.0
202109,NI,0601011P0BBAAAA,Apidra 100units/ml solution for injection 10ml vials,47,214.0,3424.0
202109,NI,0601011P0BBABAB,Apidra 100units/ml solution for injection 3ml cartridges,55,490.0,2773.4
202109,NI,0601011P0BBAEAC,Apidra 100units/ml solution for injection 3ml pre-filled SoloStar pens,504,3663.0,20732.58
202110,NI,0601011A0AAAAAA,-,3,13.0,183.04
202110,NI,0601011A0AAABAB,-,4,35.0,198.17
202110,NI,0601011A0AAACAC,-,2,25.0,153.0
202110,NI,0601011A0BBAAAA,NovoRapid 100units/ml solution for injection 10ml vials,557,2324.0,32721.92
202110,NI,0601011A0BBABAB,NovoRapid Penfill 100units/ml solution for injection 3ml cartridges,1280,9412.0,53290.744
202110,NI,0601011A0BBADAC,NovoRapid FlexPen 100units/ml solution for injection 3ml pre-filled pens,4433,31815.0,194707.8
202110,NI,0601011A0BBAEAC,NovoRapid FlexTouch 100units/ml solution for injection 3ml pre-filled pens,187,1395.0,8964.27
202110,NI,0601011A0BBAFAD,NovoRapid PumpCart 100units/ml solution for injection 1.6ml cartridges,119,1919.0,5795.38
202110,NI,0601011A0BCAAAC,Fiasp FlexTouch 100units/ml solution for injection 3ml pre-filled pens,862,5906.0,36144.72
202110,NI,0601011A0BCABAB,Fiasp Penfill 100units/ml solution for injection 3ml cartridges,303,1841.0,10423.742
202110,NI,0601011A0BCACAA,Fiasp 100units/ml solution for injection 10ml vials,180,768.0,10813.44
202110,NI,0601011L0AAABAB,-,14,67.0,1112.87
202110,NI,0601011L0AAACAC,-,5,30.0,169.86
202110,NI,0601011L0AAAFAF,-,44,245.0,1443.54
202110,NI,0601011L0AAAGAG,-,4,30.0,353.52
202110,NI,0601011L0BBABAB,Humalog 100units/ml solution for injection 10ml vials,59,270.0,4484.7
202110,NI,0601011L0BBACAC,Humalog 100units/ml solution for injection 3ml cartridges,176,1605.0,9087.51
202110,NI,0601011L0BBAGAF,Humalog KwikPen 100units/ml solution for injection 3ml pre-filled pens,595,4373.0,25765.716
202110,NI,0601011L0BBAHAG,Humalog KwikPen 200units/ml solution for injection 3ml pre-filled pens,102,915.0,10782.36
202110,NI,0601011N0AAAPAP,-,1,4.0,15.264
202110,NI,0601011N0BCAEAC,Hypurin Porcine Neutral 100units/ml solution for injection 10ml vials,5,15.0,590.85
202110,NI,0601011N0BCAHAZ,Hypurin Porcine Neutral 100units/ml solution for injection 3ml cartridges,7,80.0,945.28
202110,NI,0601011N0BFAEAL,Actrapid 100units/ml solution for injection 10ml vials,10,35.0,261.8
202110,NI,0601011N0BHAAAL,Humulin S 100units/ml solution for injection 10ml vials,1,3.0,47.04
202110,NI,0601011N0BHADAP,Humulin S 100units/ml solution for injection 3ml cartridges,26,215.0,820.4399999999999
202110,NI,0601011N0BKABAP,Insuman Rapid 100units/ml solution for injection 3ml cartridges,3,20.0,70.0
202110,NI,0601011P0AAAAAA,-,1,6.0,96.0
202110,NI,0601011P0AAABAB,-,2,5.0,28.3
202110,NI,0601011P0BBAAAA,Apidra 100units/ml solution for injection 10ml vials,44,177.0,2832.0
202110,NI,0601011P0BBABAB,Apidra 100units/ml solution for injection 3ml cartridges,43,394.0,2230.04
202110,NI,0601011P0BBAEAC,Apidra 100units/ml solution for injection 3ml pre-filled SoloStar pens,478,3895.0,22045.7
202111,NI,0601011A0AAAAAA,-,2,6.0,84.48
202111,NI,0601011A0AAABAB,-,1,5.0,28.31
202111,NI,0601011A0AAACAC,-,2,25.0,153.0
202111,NI,0601011A0BBAAAA,NovoRapid 100units/ml solution for injection 10ml vials,581,2366.0,33313.28
202111,NI,0601011A0BBABAB,NovoRapid Penfill 100units/ml solution for injection 3ml cartridges,1301,9724.0,55057.288
202111,NI,0601011A0BBADAC,NovoRapid FlexPen 100units/ml solution for injection 3ml pre-filled pens,4580,32573.0,199346.76
202111,NI,0601011A0BBAEAC,NovoRapid FlexTouch 100units/ml solution for injection 3ml pre-filled pens,171,1242.0,7981.092000000001
202111,NI,0601011A0BBAFAD,NovoRapid PumpCart 100units/ml solution for injection 1.6ml cartridges,130,2077.0,6272.54
202111,NI,0601011A0BCAAAC,Fiasp FlexTouch 100units/ml solution for injection 3ml pre-filled pens,888,5883.0,36003.96
202111,NI,0601011A0BCABAB,Fiasp Penfill 100units/ml solution for injection 3ml cartridges,326,2155.0,12201.61
202111,NI,0601011A0BCACAA,Fiasp 100units/ml solution for injection 10ml vials,173,690.0,9715.2
202111,NI,0601011L0AAABAB,-,19,75.0,1245.75
202111,NI,0601011L0AAACAC,-,6,35.0,198.17
202111,NI,0601011L0AAAFAF,-,54,340.0,2003.28
202111,NI,0601011L0AAAGAG,-,2,15.0,176.76
202111,NI,0601011L0BBABAB,Humalog 100units/ml solution for injection 10ml vials,64,345.0,5730.45
202111,NI,0601011L0BBACAC,Humalog 100units/ml solution for injection 3ml cartridges,216,2001.0,11329.662
202111,NI,0601011L0BBAGAF,Humalog KwikPen 100units/ml solution for injection 3ml pre-filled pens,647,4630.0,27279.96
202111,NI,0601011L0BBAHAG,Humalog KwikPen 200units/ml solution for injection 3ml pre-filled pens,78,645.0,7600.68
202111,NI,0601011N0BCAEAC,Hypurin Porcine Neutral 100units/ml solution for injection 10ml vials,3,8.0,315.12
202111,NI,0601011N0BCAHAZ,Hypurin Porcine Neutral 100units/ml solution for injection 3ml cartridges,8,42.0,496.272
202111,NI,0601011N0BFAEAL,Actrapid 100units/ml solution for injection 10ml vials,5,23.0,172.04000000000002
202111,NI,0601011N0BHAAAL,Humulin S 100units/ml solution for injection 10ml vials,4,20.0,313.6
202111,NI,0601011N0BHADAP,Humulin S 100units/ml solution for injection 3ml cartridges,23,155.0,591.4799999999999
202111,NI,0601011N0BKABAP,Insuman Rapid 100units/ml solution for injection 3ml cartridges,2,30.0,105.0
202111,NI,0601011P0AAAAAA,-,1,10.0,160.0
202111,NI,0601011P0BBAAAA,Apidra 100units/ml solution for injection 10ml vials,41,165.0,2640.0
202111,NI,0601011P0BBABAB,Apidra 100units/ml solution for injection 3ml cartridges,52,435.0,2462.1
202111,NI,0601011P0BBAEAC,Apidra 100units/ml solution for injection 3ml pre-filled SoloStar pens,471,3435.0,19442.1
202112,NI,0601011A0AAAAAA,-,4,19.0,267.52
202112,NI,0601011A0AAABAB,-,3,25.0,141.55
202112,NI,0601011A0AAACAC,-,2,9.0,55.08
202112,NI,0601011A0BBAAAA,NovoRapid 100units/ml solution for injection 10ml vials,629,2623.0,36931.84
202112,NI,0601011A0BBABAB,NovoRapid Penfill 100units/ml solution for injection 3ml cartridges,1378,10593.0,59977.566
202112,NI,0601011A0BBADAC,NovoRapid FlexPen 100units/ml solution for injection 3ml pre-filled pens,4924,35423.0,216788.76
202112,NI,0601011A0BBAEAC,NovoRapid FlexTouch 100units/ml solution for injection 3ml pre-filled pens,210,1601.0,10288.026
202112,NI,0601011A0BBAFAD,NovoRapid PumpCart 100units/ml solution for injection 1.6ml cartridges,149,2419.0,7305.38
202112,NI,0601011A0BCAAAC,Fiasp FlexTouch 100units/ml solution for injection 3ml pre-filled pens,970,6481.0,39663.72
202112,NI,0601011A0BCABAB,Fiasp Penfill 100units/ml solution for injection 3ml cartridges,370,2400.0,13588.8
202112,NI,0601011A0BCACAA,Fiasp 100units/ml solution for injection 10ml vials,190,803.0,11306.24
202112,NI,0601011L0AAABAB,-,21,97.0,1611.1699999999998
202112,NI,0601011L0AAACAC,-,9,50.0,283.09999999999997
202112,NI,0601011L0AAAFAF,-,71,438.0,2580.696
202112,NI,0601011L0AAAGAG,-,5,35.0,412.44
202112,NI,0601011L0BBABAB,Humalog 100units/ml solution for injection 10ml vials,66,303.0,5032.83
202112,NI,0601011L0BBACAC,Humalog 100units/ml solution for injection 3ml cartridges,210,1970.0,11154.14
202112,NI,0601011L0BBAGAF,Humalog KwikPen 100units/ml solution for injection 3ml pre-filled pens,678,4900.0,28870.8
202112,NI,0601011L0BBAHAG,Humalog KwikPen 200units/ml solution for injection 3ml pre-filled pens,101,835.0,9839.64
202112,NI,0601011N0AAALAL,-,1,1.0,15.68
202112,NI,0601011N0BCAEAC,Hypurin Porcine Neutral 100units/ml solution for injection 10ml vials,5,15.0,590.85
202112,NI,0601011N0BCAHAZ,Hypurin Porcine Neutral 100units/ml solution for injection 3ml cartridges,11,115.0,1358.84
202112,NI,0601011N0BFAEAL,Actrapid 100units/ml solution for injection 10ml vials,9,23.0,172.04000000000002
202112,NI,0601011N0BHAAAL,Humulin S 100units/ml solution for injection 10ml vials,2,9.0,141.12
202112,NI,0601011N0BHADAP,Humulin S 100units/ml solution for injection 3ml cartridges,24,195.0,744.12
202112,NI,0601011N0BKABAP,Insuman Rapid 100units/ml solution for injection 3ml cartridges,2,15.0,52.5
202112,NI,0601011P0AAAAAA,-,1,6.0,96.0
202112,NI,0601011P0BBAAAA,Apidra 100units/ml solution for injection 10ml vials,45,185.0,2960.0
202112,NI,0601011P0BBABAB,Apidra 100units/ml solution for injection 3ml cartridges,58,515.0,2914.9
202112,NI,0601011P0BBAEAC,Apidra 100units/ml solution for injection 3ml pre-filled SoloStar pens,536,4034.0,22832.44
202201,NI,0601011A0AAAAAA,-,2,6.0,84.48
202201,NI,0601011A0AAABAB,-,2,10.0,56.62
202201,NI,0601011A0AAACAC,-,1,5.0,30.6
202201,NI,0601011A0BBAAAA,NovoRapid 100units/ml solution for injection 10ml vials,540,2305.0,32454.4
202201,NI,0601011A0BBABAB,NovoRapid Penfill 100units/ml solution for injection 3ml cartridges,1218,8808.0,49870.896
202201,NI,0601011A0BBADAC,NovoRapid FlexPen 100units/ml solution for injection 3ml pre-filled pens,4456,31680.0,193881.6
202201,NI,0601011A0BBAEAC,NovoRapid FlexTouch 100units/ml solution for injection 3ml pre-filled pens,172,1254.0,8058.204000000001
202201,NI,0601011A0BBAFAD,NovoRapid PumpCart 100units/ml solution for injection 1.6ml cartridges,126,2083.0,6290.66
202201,NI,0601011A0BCAAAC,Fiasp FlexTouch 100units/ml solution for injection 3ml pre-filled pens,895,5792.0,35447.04
202201,NI,0601011A0BCABAB,Fiasp Penfill 100units/ml solution for injection 3ml cartridges,360,2271.0,12858.402
202201,NI,0601011A0BCACAA,Fiasp 100units/ml solution for injection 10ml vials,171,710.0,9996.8
202201,NI,0601011L0AAABAB,-,16,72.0,1195.9199999999998
202201,NI,0601011L0AAACAC,-,7,40.0,226.48
202201,NI,0601011L0AAAFAF,-,61,366.0,2156.472
202201,NI,0601011L0AAAGAG,-,2,10.0,117.84
202201,NI,0601011L0BBABAB,Humalog 100units/ml solution for injection 10ml vials,71,361.0,5996.21
202201,NI,0601011L0BBACAC,Humalog 100units/ml solution for injection 3ml cartridges,186,1625.0,9200.75
202201,NI,0601011L0BBAGAF,Humalog KwikPen 100units/ml solution for injection 3ml pre-filled pens,593,4350.0,25630.2
202201,NI,0601011L0BBAHAG,Humalog KwikPen 200units/ml solution for injection 3ml pre-filled pens,84,840.0,9898.56
202201,NI,0601011N0BCAEAC,Hypurin Porcine Neutral 100units/ml solution for injection 10ml vials,3,12.0,472.68
202201,NI,0601011N0BCAHAZ,Hypurin Porcine Neutral 100units/ml solution for injection 3ml cartridges,7,71.0,838.936
202201,NI,0601011N0BFAEAL,Actrapid 100units/ml solution for injection 10ml vials,10,44.0,329.12
202201,NI,0601011N0BHAAAL,Humulin S 100units/ml solution for injection 10ml vials,3,14.0,219.52
202201,NI,0601011N0BHADAP,Humulin S 100units/ml solution for injection 3ml cartridges,23,146.0,557.136
202201,NI,0601011N0BKABAP,Insuman Rapid 100units/ml solution for injection 3ml cartridges,3,20.0,70.0
202201,NI,0601011P0AAAAAA,-,1,10.0,160.0
202201,NI,0601011P0AAABAB,-,1,10.0,56.6
202201,NI,0601011P0BBAAAA,Apidra 100units/ml solution for injection 10ml vials,39,168.0,2688.0
202201,NI,0601011P0BBABAB,Apidra 100units/ml solution for injection 3ml cartridges,49,450.0,2547.0
202201,NI,0601011P0BBAEAC,Apidra 100units/ml solution for injection 3ml pre-filled SoloStar pens,474,3646.0,20636.36
202202,NI,0601011A0AAAAAA,-,1,2.0,28.16
202202,NI,0601011A0AAABAB,-,1,5.0,28.31
202202,NI,0601011A0AAACAC,-,1,5.0,30.6
202202,NI,0601011A0BBAAAA,NovoRapid 100units/ml solution for injection 10ml vials,581,2335.0,32876.8
202202,NI,0601011A0BBABAB,NovoRapid Penfill 100units/ml solution for injection 3ml cartridges,1298,9410.0,53279.42
202202,NI,0601011A0BBADAC,NovoRapid FlexPen 100units/ml solution for injection 3ml pre-filled pens,4229,30024.0,183746.88
202202,NI,0601011A0BBAEAC,NovoRapid FlexTouch 100units/ml solution for injection 3ml pre-filled pens,163,1255.0,8064.63
202202,NI,0601011A0BBAFAD,NovoRapid PumpCart 100units/ml solution for injection 1.6ml cartridges,111,1759.0,5312.179999999999
202202,NI,0601011A0BCAAAC,Fiasp FlexTouch 100units/ml solution for injection 3ml pre-filled pens,884,5962.0,36487.44
202202,NI,0601011A0BCABAB,Fiasp Penfill 100units/ml solution for injection 3ml cartridges,306,1883.0,10661.546
202202,NI,0601011A0BCACAA,Fiasp 100units/ml solution for injection 10ml vials,166,708.0,9968.64
202202,NI,0601011L0AAABAB,-,23,76.0,1262.36
202202,NI,0601011L0AAACAC,-,11,60.0,339.71999999999997
202202,NI,0601011L0AAAFAF,-,66,390.0,2297.88
202202,NI,0601011L0AAAGAG,-,5,30.0,353.52
202202,NI,0601011L0BBABAB,Humalog 100units/ml solution for injection 10ml vials,58,258.0,4285.38
202202,NI,0601011L0BBACAC,Humalog 100units/ml solution for injection 3ml cartridges,162,1475.0,8351.45
202202,NI,0601011L0BBAGAF,Humalog KwikPen 100units/ml solution for injection 3ml pre-filled pens,586,4190.0,24687.48
202202,NI,0601011L0BBAHAG,Humalog KwikPen 200units/ml solution for injection 3ml pre-filled pens,79,680.0,8013.12
202202,NI,0601011N0BCAEAC,Hypurin Porcine Neutral 100units/ml solution for injection 10ml vials,8,27.0,1063.53
202202,NI,0601011N0BCAHAZ,Hypurin Porcine Neutral 100units/ml solution for injection 3ml cartridges,8,95.0,1122.52
202202,NI,0601011N0BFAEAL,Actrapid 100units/ml solution for injection 10ml vials,10,34.0,254.32
202202,NI,0601011N0BHAAAL,Humulin S 100units/ml solution for injection 10ml vials,3,10.0,156.8
202202,NI,0601011N0BHADAP,Humulin S 100units/ml solution for injection 3ml cartridges,21,130.0,496.0799999999999
202202,NI,0601011N0BKABAP,Insuman Rapid 100units/ml solution for injection 3ml cartridges,2,22.0,77.0
202202,NI,0601011P0AAAAAA,-,1,6.0,96.0
202202,NI,0601011P0BBAAAA,Apidra 100units/ml solution for injection 10ml vials,43,188.0,3008.0
202202,NI,0601011P0BBABAB,Apidra 100units/ml solution for injection 3ml cartridges,43,374.0,2116.84
202202,NI,0601011P0BBAEAC,Apidra 100units/ml solution for injection 3ml pre-filled SoloStar pens,447,3338.0,18893.08
202203,NI,0601011A0AAAAAA,-,1,5.0,70.4
202203,NI,0601011A0AAABAB,-,1,5.0,28.31
202203,NI,0601011A0AAACAC,-,2,10.0,61.2
202203,NI,0601011A0BBAAAA,NovoRapid 100units/ml solution for injection 10ml vials,627,2659.0,37438.72
202203,NI,0601011A0BBABAB,NovoRapid Penfill 100units/ml solution for injection 3ml cartridges,1416,10473.0,59298.126
202203,NI,0601011A0BBADAC,NovoRapid FlexPen 100units/ml solution for injection 3ml pre-filled pens,4774,33966.0,207871.92
202203,NI,0601011A0BBAEAC,NovoRapid FlexTouch 100units/ml solution for injection 3ml pre-filled pens,192,1456.0,9356.256
202203,NI,0601011A0BBAFAD,NovoRapid PumpCart 100units/ml solution for injection 1.6ml cartridges,131,2091.0,6314.82
202203,NI,0601011A0BCAAAC,Fiasp FlexTouch 100units/ml solution for injection 3ml pre-filled pens,1051,6884.0,42130.08
202203,NI,0601011A0BCABAB,Fiasp Penfill 100units/ml solution for injection 3ml cartridges,416,2680.0,15174.16
202203,NI,0601011A0BCACAA,Fiasp 100units/ml solution for injection 10ml vials,199,840.0,11827.2
202203,NI,0601011L0AAABAB,-,16,76.0,1262.36
202203,NI,0601011L0AAACAC,-,13,80.0,452.96
202203,NI,0601011L0AAAFAF,-,69,411.0,2421.612
202203,NI,0601011L0AAAGAG,-,6,40.0,471.36
202203,NI,0601011L0BBABAB,Humalog 100units/ml solution for injection 10ml vials,78,357.0,5929.7699999999995
202203,NI,0601011L0BBACAC,Humalog 100units/ml solution for injection 3ml cartridges,209,1865.0,10559.63
202203,NI,0601011L0BBAGAF,Humalog KwikPen 100units/ml solution for injection 3ml pre-filled pens,684,5010.0,29518.92
202203,NI,0601011L0BBAHAG,Humalog KwikPen 200units/ml solution for injection 3ml pre-filled pens,89,780.0,9191.52
202203,NI,0601011N0BCAEAC,Hypurin Porcine Neutral 100units/ml solution for injection 10ml vials,5,17.0,669.63
202203,NI,0601011N0BCAHAZ,Hypurin Porcine Neutral 100units/ml solution for injection 3ml cartridges,8,55.0,649.88
202203,NI,0601011N0BFAEAL,Actrapid 100units/ml solution for injection 10ml vials,8,33.0,246.84
202203,NI,0601011N0BHAAAL,Humulin S 100units/ml solution for injection 10ml vials,4,18.0,282.24
202203,NI,0601011N0BHADAP,Humulin S 100units/ml solution for injection 3ml cartridges,23,195.0,744.1199999999999
202203,NI,0601011N0BKABAP,Insuman Rapid 100units/ml solution for injection 3ml cartridges,4,35.0,122.5
202203,NI,0601011P0AAABAB,-,1,1.0,5.66
202203,NI,0601011P0BBAAAA,Apidra 100units/ml solution for injection 10ml vials,32,125.0,2000.0
202203,NI,0601011P0BBABAB,Apidra 100units/ml solution for injection 3ml cartridges,44,330.0,1867.8
202203,NI,0601011P0BBAEAC,Apidra 100units/ml solution for injection 3ml pre-filled SoloStar pens,506,3799.0,21502.34
202204,NI,0601011A0AAAAAA,-,4,17.0,239.36
202204,NI,0601011A0AAABAB,-,2,20.0,113.24
202204,NI,0601011A0AAACAC,-,3,30.0,183.6
202204,NI,0601011A0AAADAD,-,1,5.0,15.1
202204,NI,0601011A0BBAAAA,NovoRapid 100units/ml solution for injection 10ml vials,608,2468.0,34749.44
202204,NI,0601011A0BBABAB,NovoRapid Penfill 100units/ml solution for injection 3ml cartridges,1293,9813.0,55561.206
202204,NI,0601011A0BBADAC,NovoRapid FlexPen 100units/ml solution for injection 3ml pre-filled pens,4469,32210.0,197125.2
202204,NI,0601011A0BBAEAC,NovoRapid FlexTouch 100units/ml solution for injection 3ml pre-filled pens,174,1325.0,8514.45
202204,NI,0601011A0BBAFAD,NovoRapid PumpCart 100units/ml solution for injection 1.6ml cartridges,124,2084.0,6293.68
202204,NI,0601011A0BCAAAC,Fiasp FlexTouch 100units/ml solution for injection 3ml pre-filled pens,959,6349.0,38855.88
202204,NI,0601011A0BCABAB,Fiasp Penfill 100units/ml solution for injection 3ml cartridges,400,2456.0,13905.872
202204,NI,0601011A0BCACAA,Fiasp 100units/ml solution for injection 10ml vials,192,785.0,11052.8
202204,NI,0601011L0AAABAB,-,14,50.0,830.5
202204,NI,0601011L0AAACAC,-,10,65.0,368.03
202204,NI,0601011L0AAAFAF,-,75,421.0,2480.532
202204,NI,0601011L0AAAGAG,-,6,50.0,589.2
202204,NI,0601011L0BBABAB,Humalog 100units/ml solution for injection 10ml vials,76,399.0,6627.389999999999
202204,NI,0601011L0BBACAC,Humalog 100units/ml solution for injection 3ml cartridges,176,1595.0,9030.89
202204,NI,0601011L0BBAGAF,Humalog KwikPen 100units/ml solution for injection 3ml pre-filled pens,618,4435.0,26131.02
202204,NI,0601011L0BBAHAG,Humalog KwikPen 200units/ml solution for injection 3ml pre-filled pens,98,850.0,10016.4
202204,NI,0601011N0BCAEAC,Hypurin Porcine Neutral 100units/ml solution for injection 10ml vials,7,17.0,669.63
202204,NI,0601011N0BCAHAZ,Hypurin Porcine Neutral 100units/ml solution for injection 3ml cartridges,9,115.0,1358.84
202204,NI,0601011N0BFAEAL,Actrapid 100units/ml solution for injection 10ml vials,10,40.0,299.2
202204,NI,0601011N0BHAAAL,Humulin S 100units/ml solution for injection 10ml vials,1,3.0,47.04
202204,NI,0601011N0BHADAP,Humulin S 100units/ml solution for injection 3ml cartridges,28,194.0,740.304
202204,NI,0601011N0BKABAP,Insuman Rapid 100units/ml solution for injection 3ml cartridges,1,20.0,70.0
202204,NI,0601011P0AAAAAA,-,1,10.0,160.0
202204,NI,0601011P0BBAAAA,Apidra 100units/ml solution for injection 10ml vials,49,215.0,3440.0
202204,NI,0601011P0BBABAB,Apidra 100units/ml solution for injection 3ml cartridges,43,375.0,2122.5
202204,NI,0601011P0BBAEAC,Apidra 100units/ml solution for injection 3ml pre-filled SoloStar pens,494,3750.0,21225.0
202205,NI,0601011A0AAAAAA,-,2,9.0,126.72
202205,NI,0601011A0AAABAB,-,2,10.0,56.62
202205,NI,0601011A0AAACAC,-,2,25.0,153.0
202205,NI,0601011A0BBAAAA,NovoRapid 100units/ml solution for injection 10ml vials,624,2526.0,35566.08
202205,NI,0601011A0BBABAB,NovoRapid Penfill 100units/ml solution for injection 3ml cartridges,1368,10138.0,57401.356
202205,NI,0601011A0BBADAC,NovoRapid FlexPen 100units/ml solution for injection 3ml pre-filled pens,4650,33417.0,204512.04
202205,NI,0601011A0BBAEAC,NovoRapid FlexTouch 100units/ml solution for injection 3ml pre-filled pens,193,1471.0,9452.646
202205,NI,0601011A0BBAFAD,NovoRapid PumpCart 100units/ml solution for injection 1.6ml cartridges,114,2045.0,6175.9
202205,NI,0601011A0BCAAAC,Fiasp FlexTouch 100units/ml solution for injection 3ml pre-filled pens,1004,6704.0,41028.48
202205,NI,0601011A0BCABAB,Fiasp Penfill 100units/ml solution for injection 3ml cartridges,457,2839.0,16074.418
202205,NI,0601011A0BCACAA,Fiasp 100units/ml solution for injection 10ml vials,199,850.0,11968.0
202205,NI,0601011L0AAABAB,-,27,136.0,2258.96
202205,NI,0601011L0AAACAC,-,14,90.0,509.58
202205,NI,0601011L0AAAFAF,-,94,595.0,3505.74
202205,NI,0601011L0AAAGAG,-,8,70.0,824.88
202205,NI,0601011L0BBABAB,Humalog 100units/ml solution for injection 10ml vials,68,302.0,5016.22
202205,NI,0601011L0BBACAC,Humalog 100units/ml solution for injection 3ml cartridges,196,1880.0,10644.56
202205,NI,0601011L0BBAGAF,Humalog KwikPen 100units/ml solution for injection 3ml pre-filled pens,640,4450.0,26219.4
202205,NI,0601011L0BBAHAG,Humalog KwikPen 200units/ml solution for injection 3ml pre-filled pens,86,760.0,8955.84
202205,NI,0601011N0BCAEAC,Hypurin Porcine Neutral 100units/ml solution for injection 10ml vials,4,14.0,551.46
202205,NI,0601011N0BCAHAZ,Hypurin Porcine Neutral 100units/ml solution for injection 3ml cartridges,6,41.0,484.456
202205,NI,0601011N0BFAEAL,Actrapid 100units/ml solution for injection 10ml vials,3,12.0,89.76
202205,NI,0601011N0BHAAAL,Humulin S 100units/ml solution for injection 10ml vials,3,15.0,235.2
202205,NI,0601011N0BHADAP,Humulin S 100units/ml solution for injection 3ml cartridges,17,125.0,476.99999999999994
202205,NI,0601011N0BKABAP,Insuman Rapid 100units/ml solution for injection 3ml cartridges,3,30.0,105.0
202205,NI,0601011P0AAAAAA,-,1,6.0,96.0
202205,NI,0601011P0BBAAAA,Apidra 100units/ml solution for injection 10ml vials,36,155.0,2480.0
202205,NI,0601011P0BBABAB,Apidra 100units/ml solution for injection 3ml cartridges,40,300.0,1698.0
202205,NI,0601011P0BBAEAC,Apidra 100units/ml solution for injection 3ml pre-filled SoloStar pens,491,3772.0,21349.52
202206,NI,0601011A0AAAAAA,-,2,9.0,126.72
202206,NI,0601011A0AAABAB,-,1,5.0,28.31
202206,NI,0601011A0AAACAC,-,3,15.0,91.8
202206,NI,0601011A0BBAAAA,NovoRapid 100units/ml solution for injection 10ml vials,638,2650.0,37312.0
202206,NI,0601011A0BBABAB,NovoRapid Penfill 100units/ml solution for injection 3ml cartridges,1286,9495.0,53760.69
202206,NI,0601011A0BBADAC,NovoRapid FlexPen 100units/ml solution for injection 3ml pre-filled pens,4502,32388.0,198214.56
202206,NI,0601011A0BBAEAC,NovoRapid FlexTouch 100units/ml solution for injection 3ml pre-filled pens,189,1436.0,9227.736
202206,NI,0601011A0BBAFAD,NovoRapid PumpCart 100units/ml solution for injection 1.6ml cartridges,91,1475.0,4454.5
202206,NI,0601011A0BCAAAC,Fiasp FlexTouch 100units/ml solution for injection 3ml pre-filled pens,997,6640.0,40636.8
202206,NI,0601011A0BCABAB,Fiasp Penfill 100units/ml solution for injection 3ml cartridges,435,2780.0,15740.36
202206,NI,0601011A0BCACAA,Fiasp 100units/ml solution for injection 10ml vials,206,891.0,12545.28
202206,NI,0601011L0AAABAB,-,18,87.0,1445.07
202206,NI,0601011L0AAACAC,-,9,65.0,368.03
202206,NI,0601011L0AAAFAF,-,92,527.0,3105.084
202206,NI,0601011L0AAAGAG,-,8,65.0,765.96
202206,NI,0601011L0BBABAB,Humalog 100units/ml solution for injection 10ml vials,67,290.0,4816.9
202206,NI,0601011L0BBACAC,Humalog 100units/ml solution for injection 3ml cartridges,182,1705.0,9653.71
202206,NI,0601011L0BBAGAF,Humalog KwikPen 100units/ml solution for injection 3ml pre-filled pens,623,4487.0,26437.404
202206,NI,0601011L0BBAHAG,Humalog KwikPen 200units/ml solution for injection 3ml pre-filled pens,80,655.0,7718.52
202206,NI,0601011N0AAALAL,-,1,1.0,15.68
202206,NI,0601011N0AAAPAP,-,1,70.0,267.12
202206,NI,0601011N0BCAEAC,Hypurin Porcine Neutral 100units/ml solution for injection 10ml vials,7,32.0,1260.48
202206,NI,0601011N0BCAHAZ,Hypurin Porcine Neutral 100units/ml solution for injection 3ml cartridges,10,65.0,768.04
202206,NI,0601011N0BFAEAL,Actrapid 100units/ml solution for injection 10ml vials,10,41.0,306.68
202206,NI,0601011N0BHAAAL,Humulin S 100units/ml solution for injection 10ml vials,5,26.0,407.68
202206,NI,0601011N0BHADAP,Humulin S 100units/ml solution for injection 3ml cartridges,12,75.0,286.2
202206,NI,0601011N0BKABAP,Insuman Rapid 100units/ml solution for injection 3ml cartridges,2,15.0,52.5
202206,NI,0601011P0BBAAAA,Apidra 100units/ml solution for injection 10ml vials,38,176.0,2816.0
202206,NI,0601011P0BBABAB,Apidra 100units/ml solution for injection 3ml cartridges,43,411.0,2326.26
202206,NI,0601011P0BBAEAC,Apidra 100units/ml solution for injection 3ml pre-filled SoloStar pens,483,3533.0,19996.78
202207,NI,0601011A0AAAAAA,-,2,7.0,98.56
202207,NI,0601011A0AAABAB,-,2,20.0,113.24
202207,NI,0601011A0BBAAAA,NovoRapid 100units/ml solution for injection 10ml vials,641,2629.0,37016.32
202207,NI,0601011A0BBABAB,NovoRapid Penfill 100units/ml solution for injection 3ml cartridges,1324,9718.0,55023.316
202207,NI,0601011A0BBADAC,NovoRapid FlexPen 100units/ml solution for injection 3ml pre-filled pens,4404,31061.0,190093.32
202207,NI,0601011A0BBAEAC,NovoRapid FlexTouch 100units/ml solution for injection 3ml pre-filled pens,183,1376.0,8842.176000000001
202207,NI,0601011A0BBAFAD,NovoRapid PumpCart 100units/ml solution for injection 1.6ml cartridges,104,1780.0,5375.599999999999
202207,NI,0601011A0BCAAAC,Fiasp FlexTouch 100units/ml solution for injection 3ml pre-filled pens,1010,6655.0,40728.6
202207,NI,0601011A0BCABAB,Fiasp Penfill 100units/ml solution for injection 3ml cartridges,480,3011.0,17048.282
202207,NI,0601011A0BCACAA,Fiasp 100units/ml solution for injection 10ml vials,214,878.0,12362.24
202207,NI,0601011L0AAABAB,-,21,84.0,1395.24
202207,NI,0601011L0AAACAC,-,15,95.0,537.89
202207,NI,0601011L0AAAFAF,-,93,521.0,3069.732
202207,NI,0601011L0AAAGAG,-,9,60.0,707.04
202207,NI,0601011L0BBABAB,Humalog 100units/ml solution for injection 10ml vials,73,396.0,6577.5599999999995
202207,NI,0601011L0BBACAC,Humalog 100units/ml solution for injection 3ml cartridges,203,1905.0,10786.11
202207,NI,0601011L0BBAGAF,Humalog KwikPen 100units/ml solution for injection 3ml pre-filled pens,596,4276.0,25194.192
202207,NI,0601011L0BBAHAG,Humalog KwikPen 200units/ml solution for injection 3ml pre-filled pens,96,792.0,9332.928
202207,NI,0601011N0BCAEAC,Hypurin Porcine Neutral 100units/ml solution for injection 10ml vials,8,22.0,866.58
202207,NI,0601011N0BCAHAZ,Hypurin Porcine Neutral 100units/ml solution for injection 3ml cartridges,9,80.0,945.28
202207,NI,0601011N0BFAEAL,Actrapid 100units/ml solution for injection 10ml vials,12,44.0,329.12
202207,NI,0601011N0BHAAAL,Humulin S 100units/ml solution for injection 10ml vials,2,4.0,62.72
202207,NI,0601011N0BHADAP,Humulin S 100units/ml solution for injection 3ml cartridges,21,130.0,496.0799999999999
202207,NI,0601011N0BKABAP,Insuman Rapid 100units/ml solution for injection 3ml cartridges,2,25.0,87.5
202207,NI,0601011P0AAAAAA,-,2,16.0,256.0
202207,NI,0601011P0BBAAAA,Apidra 100units/ml solution for injection 10ml vials,43,216.0,3456.0
202207,NI,0601011P0BBABAB,Apidra 100units/ml solution for injection 3ml cartridges,45,353.0,1997.98
202207,NI,0601011P0BBAEAC,Apidra 100units/ml solution for injection 3ml pre-filled SoloStar pens,480,3619.0,20483.54
202208,NI,0601011A0AAAAAA,-,1,3.0,42.24
202208,NI,0601011A0AAABAB,-,2,10.0,56.62
202208,NI,0601011A0AAACAC,-,2,10.0,61.2
202208,NI,0601011A0BBAAAA,NovoRapid 100units/ml solution for injection 10ml vials,661,2784.0,39198.72
202208,NI,0601011A0BBABAB,NovoRapid Penfill 100units/ml solution for injection 3ml cartridges,1371,10132.0,57367.384
202208,NI,0601011A0BBADAC,NovoRapid FlexPen 100units/ml solution for injection 3ml pre-filled pens,4690,33679.0,206115.48
202208,NI,0601011A0BBAEAC,NovoRapid FlexTouch 100units/ml solution for injection 3ml pre-filled pens,196,1480.0,9510.48
202208,NI,0601011A0BBAFAD,NovoRapid PumpCart 100units/ml solution for injection 1.6ml cartridges,110,1799.0,5432.98
202208,NI,0601011A0BCAAAC,Fiasp FlexTouch 100units/ml solution for injection 3ml pre-filled pens,1056,7008.0,42888.96
202208,NI,0601011A0BCABAB,Fiasp Penfill 100units/ml solution for injection 3ml cartridges,512,3329.0,18848.798
202208,NI,0601011A0BCACAA,Fiasp 100units/ml solution for injection 10ml vials,239,1016.0,14305.28
202208,NI,0601011L0AAABAB,-,24,102.0,1694.22
202208,NI,0601011L0AAACAC,-,19,130.0,736.0600000000001
202208,NI,0601011L0AAAFAF,-,125,738.0,4348.296
202208,NI,0601011L0AAAGAG,-,11,70.0,824.88
202208,NI,0601011L0BBABAB,Humalog 100units/ml solution for injection 10ml vials,68,363.0,6029.429999999999
202208,NI,0601011L0BBACAC,Humalog 100units/ml solution for injection 3ml cartridges,177,1548.0,8764.776
202208,NI,0601011L0BBAGAF,Humalog KwikPen 100units/ml solution for injection 3ml pre-filled pens,636,4495.0,26484.54
202208,NI,0601011L0BBAHAG,Humalog KwikPen 200units/ml solution for injection 3ml pre-filled pens,90,815.0,9603.96
202208,NI,0601011N0BCAEAC,Hypurin Porcine Neutral 100units/ml solution for injection 10ml vials,5,15.0,590.85
202208,NI,0601011N0BCAHAZ,Hypurin Porcine Neutral 100units/ml solution for injection 3ml cartridges,8,80.0,945.28
202208,NI,0601011N0BFAEAL,Actrapid 100units/ml solution for injection 10ml vials,10,41.0,306.68
202208,NI,0601011N0BHAAAL,Humulin S 100units/ml solution for injection 10ml vials,1,1.0,15.68
202208,NI,0601011N0BHADAP,Humulin S 100units/ml solution for injection 3ml cartridges,17,120.0,457.92
202208,NI,0601011N0BKABAP,Insuman Rapid 100units/ml solution for injection 3ml cartridges,1,5.0,17.5
202208,NI,0601011P0BBAAAA,Apidra 100units/ml solution for injection 10ml vials,41,183.0,2928.0
202208,NI,0601011P0BBABAB,Apidra 100units/ml solution for injection 3ml cartridges,39,300.0,1698.0
202208,NI,0601011P0BBAEAC,Apidra 100units/ml solution for injection 3ml pre-filled SoloStar pens,476,3596.0,20353.36
202209,NI,0601011A0AAAAAA,-,1,4.0,56.32
202209,NI,0601011A0AAABAB,-,2,20.0,113.24
202209,NI,0601011A0AAACAC,-,3,15.0,91.8
202209,NI,0601011A0BBAAAA,NovoRapid 100units/ml solution for injection 10ml vials,664,2845.0,40057.6
202209,NI,0601011A0BBABAB,NovoRapid Penfill 100units/ml solution for injection 3ml cartridges,1285,9620.0,54468.44
202209,NI,0601011A0BBADAC,NovoRapid FlexPen 100units/ml solution for injection 3ml pre-filled pens,4545,32222.0,197198.64
202209,NI,0601011A0BBAEAC,NovoRapid FlexTouch 100units/ml solution for injection 3ml pre-filled pens,188,1406.0,9034.956
202209,NI,0601011A0BBAFAD,NovoRapid PumpCart 100units/ml solution for injection 1.6ml cartridges,96,1579.0,4768.58
202209,NI,0601011A0BCAAAC,Fiasp FlexTouch 100units/ml solution for injection 3ml pre-filled pens,1066,7113.0,43531.56
202209,NI,0601011A0BCABAB,Fiasp Penfill 100units/ml solution for injection 3ml cartridges,481,3002.0,16997.324
202209,NI,0601011A0BCACAA,Fiasp 100units/ml solution for injection 10ml vials,221,926.0,13038.08
202209,NI,0601011L0AAABAB,-,24,96.0,1594.56
202209,NI,0601011L0AAACAC,-,16,90.0,509.58
202209,NI,0601011L0AAAFAF,-,137,843.0,4966.956
202209,NI,0601011L0AAAGAG,-,10,85.0,1001.64
202209,NI,0601011L0BBABAB,Humalog 100units/ml solution for injection 10ml vials,82,396.0,6577.5599999999995
202209,NI,0601011L0BBACAC,Humalog 100units/ml solution for injection 3ml cartridges,175,1666.0,9432.892
202209,NI,0601011L0BBAGAF,Humalog KwikPen 100units/ml solution for injection 3ml pre-filled pens,585,4155.0,24481.26
202209,NI,0601011L0BBAHAG,Humalog KwikPen 200units/ml solution for injection 3ml pre-filled pens,90,770.0,9073.68
202209,NI,0601011N0BCAEAC,Hypurin Porcine Neutral 100units/ml solution for injection 10ml vials,3,13.0,512.0699999999999
202209,NI,0601011N0BCAHAZ,Hypurin Porcine Neutral 100units/ml solution for injection 3ml cartridges,11,85.0,1004.36
202209,NI,0601011N0BFAEAL,Actrapid 100units/ml solution for injection 10ml vials,4,14.0,104.72
202209,NI,0601011N0BHAAAL,Humulin S 100units/ml solution for injection 10ml vials,3,18.0,282.24
202209,NI,0601011N0BHADAP,Humulin S 100units/ml solution for injection 3ml cartridges,24,135.0,515.16
202209,NI,0601011N0BKABAP,Insuman Rapid 100units/ml solution for injection 3ml cartridges,2,15.0,52.5
202209,NI,0601011P0BBAAAA,Apidra 100units/ml solution for injection 10ml vials,33,151.0,2416.0
202209,NI,0601011P0BBABAB,Apidra 100units/ml solution for injection 3ml cartridges,50,471.0,2665.86
202209,NI,0601011P0BBAEAC,Apidra 100units/ml solution for injection 3ml pre-filled SoloStar pens,480,3465.0,19611.9
202210,NI,0601011A0AAAAAA,-,2,10.0,140.8
202210,NI,0601011A0AAABAB,-,1,5.0,28.31
202210,NI,0601011A0BBAAAA,NovoRapid 100units/ml solution for injection 10ml vials,611,2578.0,36298.24
202210,NI,0601011A0BBABAB,NovoRapid Penfill 100units/ml solution for injection 3ml cartridges,1252,9187.0,52016.794
202210,NI,0601011A0BBADAC,NovoRapid FlexPen 100units/ml solution for injection 3ml pre-filled pens,4287,30464.0,186439.68
202210,NI,0601011A0BBAEAC,NovoRapid FlexTouch 100units/ml solution for injection 3ml pre-filled pens,179,1301.0,8360.226
202210,NI,0601011A0BBAFAD,NovoRapid PumpCart 100units/ml solution for injection 1.6ml cartridges,84,1355.0,4092.1
202210,NI,0601011A0BCAAAC,Fiasp FlexTouch 100units/ml solution for injection 3ml pre-filled pens,1024,6762.0,41383.44
202210,NI,0601011A0BCABAB,Fiasp Penfill 100units/ml solution for injection 3ml cartridges,488,3096.0,17529.552
202210,NI,0601011A0BCACAA,Fiasp 100units/ml solution for injection 10ml vials,222,942.0,13263.36
202210,NI,0601011L0AAABAB,-,17,72.0,1195.92
202210,NI,0601011L0AAACAC,-,15,100.0,566.1999999999999
202210,NI,0601011L0AAAFAF,-,123,676.0,3982.992
202210,NI,0601011L0AAAGAG,-,9,60.0,707.04
202210,NI,0601011L0BBABAB,Humalog 100units/ml solution for injection 10ml vials,65,295.0,4899.95
202210,NI,0601011L0BBACAC,Humalog 100units/ml solution for injection 3ml cartridges,165,1485.0,8408.07
202210,NI,0601011L0BBAGAF,Humalog KwikPen 100units/ml solution for injection 3ml pre-filled pens,615,4506.0,26549.352
202210,NI,0601011L0BBAHAG,Humalog KwikPen 200units/ml solution for injection 3ml pre-filled pens,83,740.0,8720.16
202210,NI,0601011N0BCAEAC,Hypurin Porcine Neutral 100units/ml solution for injection 10ml vials,5,13.0,512.07
202210,NI,0601011N0BCAHAZ,Hypurin Porcine Neutral 100units/ml solution for injection 3ml cartridges,6,50.0,590.8
202210,NI,0601011N0BFAEAL,Actrapid 100units/ml solution for injection 10ml vials,8,31.0,231.88
202210,NI,0601011N0BHAAAL,Humulin S 100units/ml solution for injection 10ml vials,1,6.0,94.08
202210,NI,0601011N0BHADAP,Humulin S 100units/ml solution for injection 3ml cartridges,18,130.0,496.0799999999999
202210,NI,0601011P0AAAAAA,-,1,6.0,96.0
202210,NI,0601011P0AAACAC,-,1,5.0,28.3
202210,NI,0601011P0BBAAAA,Apidra 100units/ml solution for injection 10ml vials,35,158.0,2528.0
202210,NI,0601011P0BBABAB,Apidra 100units/ml solution for injection 3ml cartridges,40,323.0,1828.18
202210,NI,0601011P0BBAEAC,Apidra 100units/ml solution for injection 3ml pre-filled SoloStar pens,474,3580.0,20262.8
202211,NI,0601011A0AAABAB,-,3,23.0,130.226
202211,NI,0601011A0AAACAC,-,2,25.0,153.0
202211,NI,0601011A0BBAAAA,NovoRapid 100units/ml solution for injection 10ml vials,723,2980.0,41958.4
202211,NI,0601011A0BBABAB,NovoRapid Penfill 100units/ml solution for injection 3ml cartridges,1313,9390.0,53166.18
202211,NI,0601011A0BBADAC,NovoRapid FlexPen 100units/ml solution for injection 3ml pre-filled pens,4129,29045.0,177755.4
202211,NI,0601011A0BBAEAC,NovoRapid FlexTouch 100units/ml solution for injection 3ml pre-filled pens,264,1837.0,11804.562
202211,NI,0601011A0BBAFAD,NovoRapid PumpCart 100units/ml solution for injection 1.6ml cartridges,79,1280.0,3865.6
202211,NI,0601011A0BCAAAC,Fiasp FlexTouch 100units/ml solution for injection 3ml pre-filled pens,1048,7066.0,43243.92
202211,NI,0601011A0BCABAB,Fiasp Penfill 100units/ml solution for injection 3ml cartridges,522,3364.0,19046.968
202211,NI,0601011A0BCACAA,Fiasp 100units/ml solution for injection 10ml vials,216,942.0,13263.36
202211,NI,0601011L0AAABAB,-,22,94.0,1561.34
202211,NI,0601011L0AAACAC,-,17,105.0,594.51
202211,NI,0601011L0AAAFAF,-,146,863.0,5084.796
202211,NI,0601011L0AAAGAG,-,11,80.0,942.72
202211,NI,0601011L0BBABAB,Humalog 100units/ml solution for injection 10ml vials,70,325.0,5398.25
202211,NI,0601011L0BBACAC,Humalog 100units/ml solution for injection 3ml cartridges,146,1352.0,7655.024
202211,NI,0601011L0BBAGAF,Humalog KwikPen 100units/ml solution for injection 3ml pre-filled pens,602,4330.0,25512.36
202211,NI,0601011L0BBAHAG,Humalog KwikPen 200units/ml solution for injection 3ml pre-filled pens,88,815.0,9603.96
202211,NI,0601011N0BCAEAC,Hypurin Porcine Neutral 100units/ml solution for injection 10ml vials,3,9.0,354.51
202211,NI,0601011N0BCAHAZ,Hypurin Porcine Neutral 100units/ml solution for injection 3ml cartridges,10,140.0,1654.24
202211,NI,0601011N0BFAEAL,Actrapid 100units/ml solution for injection 10ml vials,12,49.0,366.52
202211,NI,0601011N0BHAAAL,Humulin S 100units/ml solution for injection 10ml vials,3,17.0,266.56
202211,NI,0601011N0BHADAP,Humulin S 100units/ml solution for injection 3ml cartridges,18,115.0,438.84
202211,NI,0601011N0BKABAP,Insuman Rapid 100units/ml solution for injection 3ml cartridges,2,15.0,52.5
202211,NI,0601011P0AAACAC,-,1,16.0,90.56
202211,NI,0601011P0BBAAAA,Apidra 100units/ml solution for injection 10ml vials,38,151.0,2416.0
202211,NI,0601011P0BBABAB,Apidra 100units/ml solution for injection 3ml cartridges,42,380.0,2150.8
202211,NI,0601011P0BBAEAC,Apidra 100units/ml solution for injection 3ml pre-filled SoloStar pens,483,3631.0,20551.46
202212,NI,0601011A0AAAAAA,-,1,4.0,56.32
202212,NI,0601011A0AAABAB,-,2,20.0,113.24
202212,NI,0601011A0AAACAC,-,2,9.0,55.08
202212,NI,0601011A0BBAAAA,NovoRapid 100units/ml solution for injection 10ml vials,739,3014.0,42437.12
202212,NI,0601011A0BBABAB,NovoRapid Penfill 100units/ml solution for injection 3ml cartridges,1434,10774.0,61002.388
202212,NI,0601011A0BBADAC,NovoRapid FlexPen 100units/ml solution for injection 3ml pre-filled pens,4609,33589.0,205564.68
202212,NI,0601011A0BBAEAC,NovoRapid FlexTouch 100units/ml solution for injection 3ml pre-filled pens,242,1760.0,11309.76
202212,NI,0601011A0BBAFAD,NovoRapid PumpCart 100units/ml solution for injection 1.6ml cartridges,83,1495.0,4514.9
202212,NI,0601011A0BCAAAC,Fiasp FlexTouch 100units/ml solution for injection 3ml pre-filled pens,1163,7995.0,48929.4
202212,NI,0601011A0BCABAB,Fiasp Penfill 100units/ml solution for injection 3ml cartridges,586,3673.0,20796.526
202212,NI,0601011A0BCACAA,Fiasp 100units/ml solution for injection 10ml vials,237,1024.0,14417.92
202212,NI,0601011L0AAABAB,-,24,91.0,1511.51
202212,NI,0601011L0AAACAC,-,23,150.0,849.3
202212,NI,0601011L0AAAFAF,-,154,887.0,5226.204
202212,NI,0601011L0AAAGAG,-,14,105.0,1237.32
202212,NI,0601011L0BBABAB,Humalog 100units/ml solution for injection 10ml vials,79,389.0,6461.29
202212,NI,0601011L0BBACAC,Humalog 100units/ml solution for injection 3ml cartridges,177,1628.0,9217.736
202212,NI,0601011L0BBAGAF,Humalog KwikPen 100units/ml solution for injection 3ml pre-filled pens,664,4775.0,28134.3
202212,NI,0601011L0BBAHAG,Humalog KwikPen 200units/ml solution for injection 3ml pre-filled pens,97,890.0,10487.76
202212,NI,0601011N0BCAEAC,Hypurin Porcine Neutral 100units/ml solution for injection 10ml vials,6,16.0,630.24
202212,NI,0601011N0BCAHAZ,Hypurin Porcine Neutral 100units/ml solution for injection 3ml cartridges,6,50.0,590.8
202212,NI,0601011N0BFAEAL,Actrapid 100units/ml solution for injection 10ml vials,11,32.0,239.36
202212,NI,0601011N0BHAAAL,Humulin S 100units/ml solution for injection 10ml vials,1,6.0,94.08
202212,NI,0601011N0BHADAP,Humulin S 100units/ml solution for injection 3ml cartridges,16,105.0,400.6799999999999
202212,NI,0601011N0BKABAP,Insuman Rapid 100units/ml solution for injection 3ml cartridges,2,15.0,52.5
202212,NI,0601011P0AAACAC,-,5,35.0,198.1
202212,NI,0601011P0BBAAAA,Apidra 100units/ml solution for injection 10ml vials,43,184.0,2944.0
202212,NI,0601011P0BBABAB,Apidra 100units/ml solution for injection 3ml cartridges,39,295.0,1669.7
202212,NI,0601011P0BBAEAC,Apidra 100units/ml solution for injection 3ml pre-filled SoloStar pens,466,3665.0,20743.9
202301,NI,0601011A0AAAAAA,-,2,9.0,126.72
202301,NI,0601011A0AAABAB,-,1,5.0,28.31
202301,NI,0601011A0AAACAC,-,2,40.0,244.8
202301,NI,0601011A0BBAAAA,NovoRapid 100units/ml solution for injection 10ml vials,719,2883.0,40592.64
202301,NI,0601011A0BBABAB,NovoRapid Penfill 100units/ml solution for injection 3ml cartridges,1270,9344.0,52905.728
202301,NI,0601011A0BBADAC,NovoRapid FlexPen 100units/ml solution for injection 3ml pre-filled pens,4344,31012.0,189793.44
202301,NI,0601011A0BBAEAC,NovoRapid FlexTouch 100units/ml solution for injection 3ml pre-filled pens,235,1743.0,11200.518
202301,NI,0601011A0BBAFAD,NovoRapid PumpCart 100units/ml solution for injection 1.6ml cartridges,67,1099.0,3318.98
202301,NI,0601011A0BCAAAC,Fiasp FlexTouch 100units/ml solution for injection 3ml pre-filled pens,1127,7590.0,46450.8
202301,NI,0601011A0BCABAB,Fiasp Penfill 100units/ml solution for injection 3ml cartridges,559,3533.0,20003.846
202301,NI,0601011A0BCACAA,Fiasp 100units/ml solution for injection 10ml vials,221,959.0,13502.72
202301,NI,0601011L0AAABAB,-,23,92.0,1528.12
202301,NI,0601011L0AAACAC,-,18,95.0,537.89
202301,NI,0601011L0AAAFAF,-,166,1001.0,5897.892
202301,NI,0601011L0AAAGAG,-,15,110.0,1296.24
202301,NI,0601011L0BBABAB,Humalog 100units/ml solution for injection 10ml vials,72,348.0,5780.28
202301,NI,0601011L0BBACAC,Humalog 100units/ml solution for injection 3ml cartridges,167,1504.0,8515.648
202301,NI,0601011L0BBAGAF,Humalog KwikPen 100units/ml solution for injection 3ml pre-filled pens,641,4605.0,27132.66
202301,NI,0601011L0BBAHAG,Humalog KwikPen 200units/ml solution for injection 3ml pre-filled pens,96,876.0,10322.784
202301,NI,0601011N0BCAEAC,Hypurin Porcine Neutral 100units/ml solution for injection 10ml vials,8,37.0,1457.43
202301,NI,0601011N0BCAHAZ,Hypurin Porcine Neutral 100units/ml solution for injection 3ml cartridges,5,65.0,768.04
202301,NI,0601011N0BFAEAL,Actrapid 100units/ml solution for injection 10ml vials,13,54.0,403.92
202301,NI,0601011N0BHAAAL,Humulin S 100units/ml solution for injection 10ml vials,3,18.0,282.24
202301,NI,0601011N0BHADAP,Humulin S 100units/ml solution for injection 3ml cartridges,25,170.0,648.7199999999999
202301,NI,0601011P0AAAAAA,-,2,8.0,128.0
202301,NI,0601011P0AAACAC,-,6,40.0,226.4
202301,NI,0601011P0BBAAAA,Apidra 100units/ml solution for injection 10ml vials,37,173.0,2768.0
202301,NI,0601011P0BBABAB,Apidra 100units/ml solution for injection 3ml cartridges,46,416.0,2354.56
202301,NI,0601011P0BBAEAC,Apidra 100units/ml solution for injection 3ml pre-filled SoloStar pens,485,3752.0,21236.32
202302,NI,0601011A0AAABAB,-,1,5.0,28.31
202302,NI,0601011A0AAACAC,-,1,6.0,36.72
202302,NI,0601011A0BBAAAA,NovoRapid 100units/ml solution for injection 10ml vials,662,2749.0,38705.92
202302,NI,0601011A0BBABAB,NovoRapid Penfill 100units/ml solution for injection 3ml cartridges,1169,8572.0,48534.664
202302,NI,0601011A0BBADAC,NovoRapid FlexPen 100units/ml solution for injection 3ml pre-filled pens,4042,28483.0,174315.96
202302,NI,0601011A0BBAEAC,NovoRapid FlexTouch 100units/ml solution for injection 3ml pre-filled pens,196,1451.0,9324.126
202302,NI,0601011A0BBAFAD,NovoRapid PumpCart 100units/ml solution for injection 1.6ml cartridges,55,812.0,2452.24
202302,NI,0601011A0BCAAAC,Fiasp FlexTouch 100units/ml solution for injection 3ml pre-filled pens,1009,6732.0,41199.84
202302,NI,0601011A0BCABAB,Fiasp Penfill 100units/ml solution for injection 3ml cartridges,556,3648.0,20654.976
202302,NI,0601011A0BCACAA,Fiasp 100units/ml solution for injection 10ml vials,227,921.0,12967.68
202302,NI,0601011L0AAABAB,-,19,81.0,1345.41
202302,NI,0601011L0AAACAC,-,20,125.0,707.75
202302,NI,0601011L0AAAFAF,-,150,923.0,5438.316
202302,NI,0601011L0AAAGAG,-,14,105.0,1237.32
202302,NI,0601011L0BBABAB,Humalog 100units/ml solution for injection 10ml vials,56,277.0,4600.97
202302,NI,0601011L0BBACAC,Humalog 100units/ml solution for injection 3ml cartridges,165,1657.0,9381.934
202302,NI,0601011L0BBAGAF,Humalog KwikPen 100units/ml solution for injection 3ml pre-filled pens,561,4065.0,23950.98
202302,NI,0601011L0BBAHAG,Humalog KwikPen 200units/ml solution for injection 3ml pre-filled pens,77,665.0,7836.36
202302,NI,0601011N0BCAEAC,Hypurin Porcine Neutral 100units/ml solution for injection 10ml vials,5,27.0,1063.53
202302,NI,0601011N0BCAHAZ,Hypurin Porcine Neutral 100units/ml solution for injection 3ml cartridges,10,95.0,1122.52
202302,NI,0601011N0BFAEAL,Actrapid 100units/ml solution for injection 10ml vials,8,35.0,261.8
202302,NI,0601011N0BHADAP,Humulin S 100units/ml solution for injection 3ml cartridges,11,60.0,228.96
202302,NI,0601011N0BKABAP,Insuman Rapid 100units/ml solution for injection 3ml cartridges,1,5.0,17.5
202302,NI,0601011P0AAAAAA,-,1,2.0,32.0
202302,NI,0601011P0AAACAC,-,4,30.0,169.8
202302,NI,0601011P0BBAAAA,Apidra 100units/ml solution for injection 10ml vials,33,148.0,2368.0
202302,NI,0601011P0BBABAB,Apidra 100units/ml solution for injection 3ml cartridges,33,252.0,1426.32
202302,NI,0601011P0BBAEAC,Apidra 100units/ml solution for injection 3ml pre-filled SoloStar pens,418,3134.0,17738.44
202302,NI,0601011R0AAACAC,-,1,10.0,500.0
202303,NI,0601011A0AAAAAA,-,1,4.0,56.32
202303,NI,0601011A0AAABAB,-,2,20.0,113.24
202303,NI,0601011A0AAACAC,-,2,10.0,61.2
202303,NI,0601011A0BBAAAA,NovoRapid 100units/ml solution for injection 10ml vials,746,3122.0,43957.76
202303,NI,0601011A0BBABAB,NovoRapid Penfill 100units/ml solution for injection 3ml cartridges,1421,10414.0,58964.068
202303,NI,0601011A0BBADAC,NovoRapid FlexPen 100units/ml solution for injection 3ml pre-filled pens,4580,32561.0,199273.32
202303,NI,0601011A0BBAEAC,NovoRapid FlexTouch 100units/ml solution for injection 3ml pre-filled pens,210,1560.0,10024.56
202303,NI,0601011A0BBAFAD,NovoRapid PumpCart 100units/ml solution for injection 1.6ml cartridges,65,1085.0,3276.7
202303,NI,0601011A0BCAAAC,Fiasp FlexTouch 100units/ml solution for injection 3ml pre-filled pens,1162,7734.0,47332.08
202303,NI,0601011A0BCABAB,Fiasp Penfill 100units/ml solution for injection 3ml cartridges,608,3784.0,21425.008
202303,NI,0601011A0BCACAA,Fiasp 100units/ml solution for injection 10ml vials,242,1041.0,14657.28
202303,NI,0601011L0AAABAB,-,16,67.0,1112.87
202303,NI,0601011L0AAACAC,-,19,120.0,679.4399999999999
202303,NI,0601011L0AAAFAF,-,162,1020.0,6009.84
202303,NI,0601011L0AAAGAG,-,17,150.0,1767.6
202303,NI,0601011L0BBABAB,Humalog 100units/ml solution for injection 10ml vials,80,386.0,6411.46
202303,NI,0601011L0BBACAC,Humalog 100units/ml solution for injection 3ml cartridges,172,1512.0,8560.944
202303,NI,0601011L0BBAGAF,Humalog KwikPen 100units/ml solution for injection 3ml pre-filled pens,616,4221.0,24870.132
202303,NI,0601011L0BBAHAG,Humalog KwikPen 200units/ml solution for injection 3ml pre-filled pens,84,720.0,8484.48
202303,NI,0601011N0BCAEAC,Hypurin Porcine Neutral 100units/ml solution for injection 10ml vials,4,13.0,512.0699999999999
202303,NI,0601011N0BCAHAZ,Hypurin Porcine Neutral 100units/ml solution for injection 3ml cartridges,4,30.0,354.48
202303,NI,0601011N0BFAEAL,Actrapid 100units/ml solution for injection 10ml vials,10,36.0,269.28000000000003
202303,NI,0601011N0BHAAAL,Humulin S 100units/ml solution for injection 10ml vials,2,7.0,109.76
202303,NI,0601011N0BHADAP,Humulin S 100units/ml solution for injection 3ml cartridges,22,143.0,545.688
202303,NI,0601011N0BKABAP,Insuman Rapid 100units/ml solution for injection 3ml cartridges,1,10.0,35.0
202303,NI,0601011P0AAAAAA,-,2,8.0,128.0
202303,NI,0601011P0AAACAC,-,5,40.0,226.4
202303,NI,0601011P0BBAAAA,Apidra 100units/ml solution for injection 10ml vials,33,172.0,2752.0
202303,NI,0601011P0BBABAB,Apidra 100units/ml solution for injection 3ml cartridges,43,316.0,1788.56
202303,NI,0601011P0BBAEAC,Apidra 100units/ml solution for injection 3ml pre-filled SoloStar pens,489,3590.0,20319.4
202304,NI,0601011A0AAABAB,-,1,5.0,28.31
202304,NI,0601011A0BBAAAA,NovoRapid 100units/ml solution for injection 10ml vials,686,2763.0,38903.04
202304,NI,0601011A0BBABAB,NovoRapid Penfill 100units/ml solution for injection 3ml cartridges,1170,8544.0,48376.128
202304,NI,0601011A0BBADAC,NovoRapid FlexPen 100units/ml solution for injection 3ml pre-filled pens,3985,28207.0,172626.84
202304,NI,0601011A0BBAEAC,NovoRapid FlexTouch 100units/ml solution for injection 3ml pre-filled pens,188,1308.0,8405.208
202304,NI,0601011A0BBAFAD,NovoRapid PumpCart 100units/ml solution for injection 1.6ml cartridges,55,919.0,2775.38
202304,NI,0601011A0BCAAAC,Fiasp FlexTouch 100units/ml solution for injection 3ml pre-filled pens,996,6546.0,40061.52
202304,NI,0601011A0BCABAB,Fiasp Penfill 100units/ml solution for injection 3ml cartridges,643,4145.0,23468.99
202304,NI,0601011A0BCACAA,Fiasp 100units/ml solution for injection 10ml vials,247,1020.0,14361.6
202304,NI,0601011L0AAABAB,-,24,86.0,1428.46
202304,NI,0601011L0AAACAC,-,20,125.0,707.75
202304,NI,0601011L0AAAFAF,-,151,861.0,5073.012
202304,NI,0601011L0AAAGAG,-,17,115.0,1355.16
202304,NI,0601011L0BBABAB,Humalog 100units/ml solution for injection 10ml vials,57,273.0,4534.53
202304,NI,0601011L0BBACAC,Humalog 100units/ml solution for injection 3ml cartridges,146,1337.0,7570.094
202304,NI,0601011L0BBAGAF,Humalog KwikPen 100units/ml solution for injection 3ml pre-filled pens,609,4338.0,25559.496
202304,NI,0601011L0BBAHAG,Humalog KwikPen 200units/ml solution for injection 3ml pre-filled pens,73,610.0,7188.24
202304,NI,0601011N0BCAEAC,Hypurin Porcine Neutral 100units/ml solution for injection 10ml vials,5,16.0,630.24
202304,NI,0601011N0BCAHAZ,Hypurin Porcine Neutral 100units/ml solution for injection 3ml cartridges,6,60.0,708.96
202304,NI,0601011N0BFAEAL,Actrapid 100units/ml solution for injection 10ml vials,10,32.0,239.36
202304,NI,0601011N0BHAAAL,Humulin S 100units/ml solution for injection 10ml vials,1,6.0,94.08
202304,NI,0601011N0BHADAP,Humulin S 100units/ml solution for injection 3ml cartridges,15,115.0,438.84
202304,NI,0601011P0AAACAC,-,3,45.0,254.7
202304,NI,0601011P0BBAAAA,Apidra 100units/ml solution for injection 10ml vials,36,153.0,2448.0
202304,NI,0601011P0BBABAB,Apidra 100units/ml solution for injection 3ml cartridges,38,332.0,1879.12
202304,NI,0601011P0BBAEAC,Apidra 100units/ml solution for injection 3ml pre-filled SoloStar pens,421,3094.0,17512.04
202305,NI,0601011A0AAAAAA,-,2,10.0,140.8
202305,NI,0601011A0AAACAC,-,1,10.0,61.2
202305,NI,0601011A0BBAAAA,NovoRapid 100units/ml solution for injection 10ml vials,764,3129.0,44056.32
202305,NI,0601011A0BBABAB,NovoRapid Penfill 100units/ml solution for injection 3ml cartridges,1352,9794.0,55453.628
202305,NI,0601011A0BBADAC,NovoRapid FlexPen 100units/ml solution for injection 3ml pre-filled pens,4465,31566.0,193183.92
202305,NI,0601011A0BBAEAC,NovoRapid FlexTouch 100units/ml solution for injection 3ml pre-filled pens,215,1560.0,10024.56
202305,NI,0601011A0BBAFAD,NovoRapid PumpCart 100units/ml solution for injection 1.6ml cartridges,71,1261.0,3808.22
202305,NI,0601011A0BCAAAC,Fiasp FlexTouch 100units/ml solution for injection 3ml pre-filled pens,1180,8012.0,49033.44
202305,NI,0601011A0BCABAB,Fiasp Penfill 100units/ml solution for injection 3ml cartridges,654,4246.0,24040.852
202305,NI,0601011A0BCACAA,Fiasp 100units/ml solution for injection 10ml vials,301,1284.0,18078.72
202305,NI,0601011L0AAABAB,-,25,105.0,1744.05
202305,NI,0601011L0AAACAC,-,27,156.0,883.2719999999999
202305,NI,0601011L0AAAFAF,-,193,1187.0,6993.804
202305,NI,0601011L0AAAGAG,-,20,185.0,2180.04
202305,NI,0601011L0BBABAB,Humalog 100units/ml solution for injection 10ml vials,75,360.0,5979.6
202305,NI,0601011L0BBACAC,Humalog 100units/ml solution for injection 3ml cartridges,158,1342.0,7598.404
202305,NI,0601011L0BBAGAF,Humalog KwikPen 100units/ml solution for injection 3ml pre-filled pens,639,4443.0,26178.156
202305,NI,0601011L0BBAHAG,Humalog KwikPen 200units/ml solution for injection 3ml pre-filled pens,85,725.0,8543.4
202305,NI,0601011N0BCAEAC,Hypurin Porcine Neutral 100units/ml solution for injection 10ml vials,4,14.0,551.46
202305,NI,0601011N0BCAHAZ,Hypurin Porcine Neutral 100units/ml solution for injection 3ml cartridges,7,75.0,886.2
202305,NI,0601011N0BFAEAL,Actrapid 100units/ml solution for injection 10ml vials,10,32.0,239.36
202305,NI,0601011N0BHAAAL,Humulin S 100units/ml solution for injection 10ml vials,1,1.0,15.68
202305,NI,0601011N0BHADAP,Humulin S 100units/ml solution for injection 3ml cartridges,22,145.0,553.3199999999999
202305,NI,0601011P0AAAAAA,-,1,3.0,48.0
202305,NI,0601011P0AAABAB,-,1,5.0,28.3
202305,NI,0601011P0AAACAC,-,4,30.0,169.8
202305,NI,0601011P0BBAAAA,Apidra 100units/ml solution for injection 10ml vials,31,128.0,2048.0
202305,NI,0601011P0BBABAB,Apidra 100units/ml solution for injection 3ml cartridges,32,319.0,1805.54
202305,NI,0601011P0BBAEAC,Apidra 100units/ml solution for injection 3ml pre-filled SoloStar pens,476,3530.0,19979.8
202306,NI,0601011A0AAAAAA,-,1,4.0,56.32
202306,NI,0601011A0AAABAB,-,1,5.0,28.31
202306,NI,0601011A0AAACAC,-,1,10.0,61.2
202306,NI,0601011A0BBAAAA,NovoRapid 100units/ml solution for injection 10ml vials,864,3526.0,49646.08
202306,NI,0601011A0BBABAB,NovoRapid Penfill 100units/ml solution for injection 3ml cartridges,1408,10248.0,58024.176
202306,NI,0601011A0BBADAC,NovoRapid FlexPen 100units/ml solution for injection 3ml pre-filled pens,4360,31093.0,190289.16
202306,NI,0601011A0BBAEAC,NovoRapid FlexTouch 100units/ml solution for injection 3ml pre-filled pens,208,1505.0,9671.13
202306,NI,0601011A0BBAFAD,NovoRapid PumpCart 100units/ml solution for injection 1.6ml cartridges,68,1074.0,3243.48
202306,NI,0601011A0BCAAAC,Fiasp FlexTouch 100units/ml solution for injection 3ml pre-filled pens,1211,8151.0,49884.12
202306,NI,0601011A0BCABAB,Fiasp Penfill 100units/ml solution for injection 3ml cartridges,691,4455.0,25224.21
202306,NI,0601011A0BCACAA,Fiasp 100units/ml solution for injection 10ml vials,263,1211.0,17050.88
202306,NI,0601011L0AAABAB,-,16,61.0,1013.21
202306,NI,0601011L0AAACAC,-,23,130.0,736.06
202306,NI,0601011L0AAAFAF,-,173,1049.0,6180.708
202306,NI,0601011L0AAAGAG,-,13,105.0,1237.32
202306,NI,0601011L0BBABAB,Humalog 100units/ml solution for injection 10ml vials,72,331.0,5497.91
202306,NI,0601011L0BBACAC,Humalog 100units/ml solution for injection 3ml cartridges,173,1714.0,9704.668
202306,NI,0601011L0BBAGAF,Humalog KwikPen 100units/ml solution for injection 3ml pre-filled pens,602,4290.0,25276.68
202306,NI,0601011L0BBAHAG,Humalog KwikPen 200units/ml solution for injection 3ml pre-filled pens,85,800.0,9427.2
202306,NI,0601011N0BCAEAC,Hypurin Porcine Neutral 100units/ml solution for injection 10ml vials,6,16.0,630.24
202306,NI,0601011N0BCAHAZ,Hypurin Porcine Neutral 100units/ml solution for injection 3ml cartridges,6,55.0,649.88
202306,NI,0601011N0BFAEAL,Actrapid 100units/ml solution for injection 10ml vials,9,27.0,201.96
202306,NI,0601011N0BHADAP,Humulin S 100units/ml solution for injection 3ml cartridges,21,145.0,553.3199999999999
202306,NI,0601011P0AAAAAA,-,1,6.0,96.0
202306,NI,0601011P0AAACAC,-,1,10.0,56.6
202306,NI,0601011P0BBAAAA,Apidra 100units/ml solution for injection 10ml vials,33,150.0,2400.0
202306,NI,0601011P0BBABAB,Apidra 100units/ml solution for injection 3ml cartridges,50,407.0,2303.62
202306,NI,0601011P0BBAEAC,Apidra 100units/ml solution for injection 3ml pre-filled SoloStar pens,481,3785.0,21423.1
202307,NI,0601011A0AAACAC,-,3,14.0,85.68
202307,NI,0601011A0AAADAD,-,1,1.0,3.02
202307,NI,0601011A0BBAAAA,NovoRapid 100units/ml solution for injection 10ml vials,769,3137.0,44168.96
202307,NI,0601011A0BBABAB,NovoRapid Penfill 100units/ml solution for injection 3ml cartridges,1327,9954.0,56359.548
202307,NI,0601011A0BBADAC,NovoRapid FlexPen 100units/ml solution for injection 3ml pre-filled pens,4183,29877.0,182847.24
202307,NI,0601011A0BBAEAC,NovoRapid FlexTouch 100units/ml solution for injection 3ml pre-filled pens,206,1495.0,9606.87
202307,NI,0601011A0BBAFAD,NovoRapid PumpCart 100units/ml solution for injection 1.6ml cartridges,65,900.0,2718.0
202307,NI,0601011A0BCAAAC,Fiasp FlexTouch 100units/ml solution for injection 3ml pre-filled pens,1065,6983.0,42735.96
202307,NI,0601011A0BCABAB,Fiasp Penfill 100units/ml solution for injection 3ml cartridges,697,4581.0,25937.622
202307,NI,0601011A0BCACAA,Fiasp 100units/ml solution for injection 10ml vials,255,1128.0,15882.24
202307,NI,0601011L0AAABAB,-,21,79.0,1312.19
202307,NI,0601011L0AAACAC,-,23,145.0,820.99
202307,NI,0601011L0AAAFAF,-,196,1224.0,7211.808
202307,NI,0601011L0AAAGAG,-,11,85.0,1001.64
202307,NI,0601011L0BBABAB,Humalog 100units/ml solution for injection 10ml vials,67,346.0,5747.0599999999995
202307,NI,0601011L0BBACAC,Humalog 100units/ml solution for injection 3ml cartridges,161,1505.0,8521.31
202307,NI,0601011L0BBAGAF,Humalog KwikPen 100units/ml solution for injection 3ml pre-filled pens,591,4071.0,23986.332
202307,NI,0601011L0BBAHAG,Humalog KwikPen 200units/ml solution for injection 3ml pre-filled pens,96,880.0,10369.92
202307,NI,0601011N0BCAEAC,Hypurin Porcine Neutral 100units/ml solution for injection 10ml vials,6,28.0,1102.92
202307,NI,0601011N0BCAHAZ,Hypurin Porcine Neutral 100units/ml solution for injection 3ml cartridges,9,80.0,945.28
202307,NI,0601011N0BFAEAL,Actrapid 100units/ml solution for injection 10ml vials,4,17.0,127.16
202307,NI,0601011N0BHAAAL,Humulin S 100units/ml solution for injection 10ml vials,5,21.0,329.28
202307,NI,0601011N0BHADAP,Humulin S 100units/ml solution for injection 3ml cartridges,15,80.0,305.28
202307,NI,0601011P0AAAAAA,-,1,5.0,80.0
202307,NI,0601011P0AAACAC,-,4,50.0,283.0
202307,NI,0601011P0BBAAAA,Apidra 100units/ml solution for injection 10ml vials,35,152.0,2432.0
202307,NI,0601011P0BBABAB,Apidra 100units/ml solution for injection 3ml cartridges,36,302.0,1709.32
202307,NI,0601011P0BBAEAC,Apidra 100units/ml solution for injection 3ml pre-filled SoloStar pens,441,3120.0,17659.2
202308,NI,0601011A0AAAAAA,-,1,4.0,56.32
202308,NI,0601011A0AAABAB,-,1,5.0,28.31
202308,NI,0601011A0BBAAAA,NovoRapid 100units/ml solution for injection 10ml vials,800,3309.0,46590.72
202308,NI,0601011A0BBABAB,NovoRapid Penfill 100units/ml solution for injection 3ml cartridges,1371,10021.0,56738.902
202308,NI,0601011A0BBADAC,NovoRapid FlexPen 100units/ml solution for injection 3ml pre-filled pens,4422,31471.0,192602.52
202308,NI,0601011A0BBAEAC,NovoRapid FlexTouch 100units/ml solution for injection 3ml pre-filled pens,206,1581.0,10159.506
202308,NI,0601011A0BBAFAD,NovoRapid PumpCart 100units/ml solution for injection 1.6ml cartridges,56,877.0,2648.54
202308,NI,0601011A0BCAAAC,Fiasp FlexTouch 100units/ml solution for injection 3ml pre-filled pens,1170,7698.0,47111.76
202308,NI,0601011A0BCABAB,Fiasp Penfill 100units/ml solution for injection 3ml cartridges,722,4700.0,26611.4
202308,NI,0601011A0BCACAA,Fiasp 100units/ml solution for injection 10ml vials,312,1300.0,18304.0
202308,NI,0601011L0AAABAB,-,34,139.0,2308.79
202308,NI,0601011L0AAACAC,-,16,95.0,537.89
202308,NI,0601011L0AAAFAF,-,200,1183.0,6970.236
202308,NI,0601011L0AAAGAG,-,19,185.0,2180.04
202308,NI,0601011L0BBABAB,Humalog 100units/ml solution for injection 10ml vials,62,293.0,4866.73
202308,NI,0601011L0BBACAC,Humalog 100units/ml solution for injection 3ml cartridges,143,1379.0,7807.898
202308,NI,0601011L0BBAGAF,Humalog KwikPen 100units/ml solution for injection 3ml pre-filled pens,621,4391.0,25871.772
202308,NI,0601011L0BBAHAG,Humalog KwikPen 200units/ml solution for injection 3ml pre-filled pens,73,630.0,7423.92
202308,NI,0601011N0BCAEAC,Hypurin Porcine Neutral 100units/ml solution for injection 10ml vials,2,3.0,118.17
202308,NI,0601011N0BCAHAZ,Hypurin Porcine Neutral 100units/ml solution for injection 3ml cartridges,6,70.0,827.12
202308,NI,0601011N0BFAEAL,Actrapid 100units/ml solution for injection 10ml vials,7,22.0,164.56
202308,NI,0601011N0BHAAAL,Humulin S 100units/ml solution for injection 10ml vials,2,8.0,125.44
202308,NI,0601011N0BHADAP,Humulin S 100units/ml solution for injection 3ml cartridges,20,125.0,476.99999999999994
202308,NI,0601011P0AAAAAA,-,1,6.0,96.0
202308,NI,0601011P0AAABAB,-,1,10.0,56.6
202308,NI,0601011P0AAACAC,-,3,15.0,84.9
202308,NI,0601011P0BBAAAA,Apidra 100units/ml solution for injection 10ml vials,33,193.0,3088.0
202308,NI,0601011P0BBABAB,Apidra 100units/ml solution for injection 3ml cartridges,43,378.0,2139.48
202308,NI,0601011P0BBAEAC,Apidra 100units/ml solution for injection 3ml pre-filled SoloStar pens,461,3427.0,19396.82
202309,NI,0601011A0AAAAAA,-,5,26.0,366.08
202309,NI,0601011A0AAABAB,-,15,145.0,820.99
202309,NI,0601011A0AAACAC,-,76,628.0,3843.36
202309,NI,0601011A0BBAAAA,NovoRapid 100units/ml solution for injection 10ml vials,767,3189.0,44901.12
202309,NI,0601011A0BBABAB,NovoRapid Penfill 100units/ml solution for injection 3ml cartridges,1322,9515.0,53873.93
202309,NI,0601011A0BBADAC,NovoRapid FlexPen 100units/ml solution for injection 3ml pre-filled pens,4092,28659.0,175393.08
202309,NI,0601011A0BBAEAC,NovoRapid FlexTouch 100units/ml solution for injection 3ml pre-filled pens,216,1623.0,10429.398
202309,NI,0601011A0BBAFAD,NovoRapid PumpCart 100units/ml solution for injection 1.6ml cartridges,63,1065.0,3216.2999999999997
202309,NI,0601011A0BCAAAC,Fiasp FlexTouch 100units/ml solution for injection 3ml pre-filled pens,1097,7309.0,44731.08
202309,NI,0601011A0BCABAB,Fiasp Penfill 100units/ml solution for injection 3ml cartridges,664,4142.0,23452.004
202309,NI,0601011A0BCACAA,Fiasp 100units/ml solution for injection 10ml vials,289,1207.0,16994.56
202309,NI,0601011L0AAABAB,-,38,146.0,2425.06
202309,NI,0601011L0AAACAC,-,21,120.0,679.4399999999999
202309,NI,0601011L0AAAFAF,-,217,1284.0,7565.328
202309,NI,0601011L0AAAGAG,-,18,140.0,1649.76
202309,NI,0601011L0BBABAB,Humalog 100units/ml solution for injection 10ml vials,70,302.0,5016.22
202309,NI,0601011L0BBACAC,Humalog 100units/ml solution for injection 3ml cartridges,153,1400.0,7926.8
202309,NI,0601011L0BBAGAF,Humalog KwikPen 100units/ml solution for injection 3ml pre-filled pens,601,4296.0,25312.032
202309,NI,0601011L0BBAHAG,Humalog KwikPen 200units/ml solution for injection 3ml pre-filled pens,86,810.0,9545.04
202309,NI,0601011N0BCAEAC,Hypurin Porcine Neutral 100units/ml solution for injection 10ml vials,4,12.0,472.68
202309,NI,0601011N0BCAHAZ,Hypurin Porcine Neutral 100units/ml solution for injection 3ml cartridges,6,55.0,649.88
202309,NI,0601011N0BFAEAL,Actrapid 100units/ml solution for injection 10ml vials,6,21.0,157.08
202309,NI,0601011N0BHAAAL,Humulin S 100units/ml solution for injection 10ml vials,2,11.0,172.48000000000002
202309,NI,0601011N0BHADAP,Humulin S 100units/ml solution for injection 3ml cartridges,16,85.0,324.35999999999996
202309,NI,0601011P0AAAAAA,-,1,2.0,32.0
202309,NI,0601011P0AAACAC,-,3,15.0,84.9
202309,NI,0601011P0BBAAAA,Apidra 100units/ml solution for injection 10ml vials,34,162.0,2592.0
202309,NI,0601011P0BBABAB,Apidra 100units/ml solution for injection 3ml cartridges,32,248.0,1403.68
202309,NI,0601011P0BBAEAC,Apidra 100units/ml solution for injection 3ml pre-filled SoloStar pens,435,3347.0,18944.02
202310,NI,0601011A0AAAAAA,-,37,174.0,2449.92
202310,NI,0601011A0AAABAB,-,58,537.0,3040.494
202310,NI,0601011A0AAACAC,-,213,1978.0,12105.36
202310,NI,0601011A0BBAAAA,NovoRapid 100units/ml solution for injection 10ml vials,766,3186.0,44858.88
202310,NI,0601011A0BBABAB,NovoRapid Penfill 100units/ml solution for injection 3ml cartridges,1330,9499.0,53783.338
202310,NI,0601011A0BBADAC,NovoRapid FlexPen 100units/ml solution for injection 3ml pre-filled pens,4073,28630.0,175215.6
202310,NI,0601011A0BBAEAC,NovoRapid FlexTouch 100units/ml solution for injection 3ml pre-filled pens,214,1520.0,9767.52
202310,NI,0601011A0BBAFAD,NovoRapid PumpCart 100units/ml solution for injection 1.6ml cartridges,55,815.0,2461.2999999999997
202310,NI,0601011A0BCAAAC,Fiasp FlexTouch 100units/ml solution for injection 3ml pre-filled pens,1063,6732.0,41199.84
202310,NI,0601011A0BCABAB,Fiasp Penfill 100units/ml solution for injection 3ml cartridges,669,4056.0,22965.072
202310,NI,0601011A0BCACAA,Fiasp 100units/ml solution for injection 10ml vials,253,1069.0,15051.52
202310,NI,0601011L0AAABAB,-,29,101.0,1677.61
202310,NI,0601011L0AAACAC,-,22,145.0,820.99
202310,NI,0601011L0AAAFAF,-,215,1271.0,7488.732
202310,NI,0601011L0AAAGAG,-,13,95.0,1119.48
202310,NI,0601011L0BBABAB,Humalog 100units/ml solution for injection 10ml vials,74,370.0,6145.7
202310,NI,0601011L0BBACAC,Humalog 100units/ml solution for injection 3ml cartridges,142,1309.0,7411.558
202310,NI,0601011L0BBAGAF,Humalog KwikPen 100units/ml solution for injection 3ml pre-filled pens,594,4100.0,24157.2
202310,NI,0601011L0BBAHAG,Humalog KwikPen 200units/ml solution for injection 3ml pre-filled pens,70,570.0,6716.88
202310,NI,0601011N0AAALAL,-,1,2.0,31.36
202310,NI,0601011N0BCAEAC,Hypurin Porcine Neutral 100units/ml solution for injection 10ml vials,3,10.0,393.9
202310,NI,0601011N0BCAHAZ,Hypurin Porcine Neutral 100units/ml solution for injection 3ml cartridges,9,75.0,886.2
202310,NI,0601011N0BFAEAL,Actrapid 100units/ml solution for injection 10ml vials,8,30.0,224.4
202310,NI,0601011N0BHAAAL,Humulin S 100units/ml solution for injection 10ml vials,2,16.0,250.88
202310,NI,0601011N0BHADAP,Humulin S 100units/ml solution for injection 3ml cartridges,20,125.0,476.99999999999994
202310,NI,0601011P0AAAAAA,-,1,6.0,96.0
202310,NI,0601011P0AAACAC,-,6,60.0,339.6
202310,NI,0601011P0BBAAAA,Apidra 100units/ml solution for injection 10ml vials,28,126.0,2016.0
202310,NI,0601011P0BBABAB,Apidra 100units/ml solution for injection 3ml cartridges,44,376.0,2128.16
202310,NI,0601011P0BBAEAC,Apidra 100units/ml solution for injection 3ml pre-filled SoloStar pens,408,2966.0,16787.56
202311,NI,0601011A0AAAAAA,-,52,279.0,3928.32
202311,NI,0601011A0AAABAB,-,85,820.0,4642.84
202311,NI,0601011A0AAACAC,-,286,2685.0,16432.2
202311,NI,0601011A0BBAAAA,NovoRapid 100units/ml solution for injection 10ml vials,770,3153.0,44394.24
202311,NI,0601011A0BBABAB,NovoRapid Penfill 100units/ml solution for injection 3ml cartridges,1349,9782.0,55385.684
202311,NI,0601011A0BBADAC,NovoRapid FlexPen 100units/ml solution for injection 3ml pre-filled pens,4046,28450.0,174114.0
202311,NI,0601011A0BBAEAC,NovoRapid FlexTouch 100units/ml solution for injection 3ml pre-filled pens,227,1717.0,11033.442
202311,NI,0601011A0BBAFAD,NovoRapid PumpCart 100units/ml solution for injection 1.6ml cartridges,55,826.0,2494.52
202311,NI,0601011A0BCAAAC,Fiasp FlexTouch 100units/ml solution for injection 3ml pre-filled pens,1018,6371.0,38990.52
202311,NI,0601011A0BCABAB,Fiasp Penfill 100units/ml solution for injection 3ml cartridges,677,4135.0,23412.37
202311,NI,0601011A0BCACAA,Fiasp 100units/ml solution for injection 10ml vials,268,1083.0,15248.64
202311,NI,0601011L0AAABAB,-,31,123.0,2043.03
202311,NI,0601011L0AAACAC,-,18,125.0,707.75
202311,NI,0601011L0AAAFAF,-,224,1352.0,7965.984
202311,NI,0601011L0AAAGAG,-,18,141.0,1661.544
202311,NI,0601011L0BBABAB,Humalog 100units/ml solution for injection 10ml vials,76,380.0,6311.8
202311,NI,0601011L0BBACAC,Humalog 100units/ml solution for injection 3ml cartridges,141,1307.0,7400.234
202311,NI,0601011L0BBAGAF,Humalog KwikPen 100units/ml solution for injection 3ml pre-filled pens,640,4501.0,26519.892
202311,NI,0601011L0BBAHAG,Humalog KwikPen 200units/ml solution for injection 3ml pre-filled pens,88,825.0,9721.8
202311,NI,0601011L0BDACAC,Lyumjev 100units/ml solution for injection 3ml cartridges,13,70.0,396.34
202311,NI,0601011L0BDADAF,Lyumjev KwikPen 100units/ml solution for injection 3ml pre-filled pens,32,243.0,1431.756
202311,NI,0601011N0AAALAL,-,2,5.0,78.4
202311,NI,0601011N0BCAEAC,Hypurin Porcine Neutral 100units/ml solution for injection 10ml vials,7,32.0,1260.48
202311,NI,0601011N0BCAHAZ,Hypurin Porcine Neutral 100units/ml solution for injection 3ml cartridges,9,84.0,992.544
202311,NI,0601011N0BFAEAL,Actrapid 100units/ml solution for injection 10ml vials,7,29.0,216.92
202311,NI,0601011N0BHAAAL,Humulin S 100units/ml solution for injection 10ml vials,2,8.0,125.44
202311,NI,0601011N0BHADAP,Humulin S 100units/ml solution for injection 3ml cartridges,20,150.0,572.4
202311,NI,0601011P0AAABAB,-,3,12.0,67.92
202311,NI,0601011P0AAACAC,-,2,40.0,226.4
202311,NI,0601011P0BBAAAA,Apidra 100units/ml solution for injection 10ml vials,37,181.0,2896.0
202311,NI,0601011P0BBABAB,Apidra 100units/ml solution for injection 3ml cartridges,32,303.0,1714.98
202311,NI,0601011P0BBAEAC,Apidra 100units/ml solution for injection 3ml pre-filled SoloStar pens,464,3411.0,19306.26
202312,NI,0601011A0AAAAAA,-,49,269.0,3787.52
202312,NI,0601011A0AAABAB,-,73,710.0,4020.02
202312,NI,0601011A0AAACAC,-,287,2739.0,16762.68
202312,NI,0601011A0BBAAAA,NovoRapid 100units/ml solution for injection 10ml vials,840,3437.0,48392.96
202312,NI,0601011A0BBABAB,NovoRapid Penfill 100units/ml solution for injection 3ml cartridges,1399,10139.0,57407.018
202312,NI,0601011A0BBADAC,NovoRapid FlexPen 100units/ml solution for injection 3ml pre-filled pens,4064,28648.0,175325.76
202312,NI,0601011A0BBAEAC,NovoRapid FlexTouch 100units/ml solution for injection 3ml pre-filled pens,206,1431.0,9195.606
202312,NI,0601011A0BBAFAD,NovoRapid PumpCart 100units/ml solution for injection 1.6ml cartridges,51,865.0,2612.2999999999997
202312,NI,0601011A0BCAAAC,Fiasp FlexTouch 100units/ml solution for injection 3ml pre-filled pens,1097,6925.0,42381.0
202312,NI,0601011A0BCABAB,Fiasp Penfill 100units/ml solution for injection 3ml cartridges,696,4116.0,23304.792
202312,NI,0601011A0BCACAA,Fiasp 100units/ml solution for injection 10ml vials,265,1107.0,15586.56
202312,NI,0601011L0AAABAB,-,25,91.0,1511.51
202312,NI,0601011L0AAACAC,-,7,50.0,283.1
202312,NI,0601011L0AAAFAF,-,124,718.0,4230.456
202312,NI,0601011L0AAAGAG,-,13,100.0,1178.4
202312,NI,0601011L0BBABAB,Humalog 100units/ml solution for injection 10ml vials,70,341.0,5664.01
202312,NI,0601011L0BBACAC,Humalog 100units/ml solution for injection 3ml cartridges,138,1202.0,6805.724
202312,NI,0601011L0BBAGAF,Humalog KwikPen 100units/ml solution for injection 3ml pre-filled pens,580,4046.0,23839.032
202312,NI,0601011L0BBAHAG,Humalog KwikPen 200units/ml solution for injection 3ml pre-filled pens,85,725.0,8543.4
202312,NI,0601011L0BDACAC,Lyumjev 100units/ml solution for injection 3ml cartridges,32,179.0,1013.498
202312,NI,0601011L0BDADAF,Lyumjev KwikPen 100units/ml solution for injection 3ml pre-filled pens,166,1031.0,6074.652
202312,NI,0601011N0AAALAL,-,1,5.0,78.4
202312,NI,0601011N0BCAEAC,Hypurin Porcine Neutral 100units/ml solution for injection 10ml vials,2,8.0,315.12
202312,NI,0601011N0BCAHAZ,Hypurin Porcine Neutral 100units/ml solution for injection 3ml cartridges,6,70.0,827.12
202312,NI,0601011N0BFAEAL,Actrapid 100units/ml solution for injection 10ml vials,8,32.0,239.36
202312,NI,0601011N0BHAAAL,Humulin S 100units/ml solution for injection 10ml vials,1,6.0,94.08
202312,NI,0601011N0BHADAP,Humulin S 100units/ml solution for injection 3ml cartridges,22,150.0,572.4
202312,NI,0601011P0AAAAAA,-,1,6.0,96.0
202312,NI,0601011P0AAACAC,-,4,55.0,311.3
202312,NI,0601011P0BBAAAA,Apidra 100units/ml solution for injection 10ml vials,38,181.0,2896.0
202312,NI,0601011P0BBABAB,Apidra 100units/ml solution for injection 3ml cartridges,39,328.0,1856.48
202312,NI,0601011P0BBAEAC,Apidra 100units/ml solution for injection 3ml pre-filled SoloStar pens,444,3298.0,18666.68
202401,NI,0601011A0AAAAAA,-,57,309.0,4350.72
202401,NI,0601011A0AAABAB,-,106,1025.0,5803.55
202401,NI,0601011A0AAACAC,-,390,3569.0,21842.28
202401,NI,0601011A0BBAAAA,NovoRapid 100units/ml solution for injection 10ml vials,769,3163.0,44535.04
202401,NI,0601011A0BBABAB,NovoRapid Penfill 100units/ml solution for injection 3ml cartridges,1319,9677.0,54791.174
202401,NI,0601011A0BBADAC,NovoRapid FlexPen 100units/ml solution for injection 3ml pre-filled pens,4048,28479.0,174291.48
202401,NI,0601011A0BBAEAC,NovoRapid FlexTouch 100units/ml solution for injection 3ml pre-filled pens,197,1540.0,9896.04
202401,NI,0601011A0BBAFAD,NovoRapid PumpCart 100units/ml solution for injection 1.6ml cartridges,54,850.0,2567.0
202401,NI,0601011A0BCAAAC,Fiasp FlexTouch 100units/ml solution for injection 3ml pre-filled pens,1001,6219.0,38060.28
202401,NI,0601011A0BCABAB,Fiasp Penfill 100units/ml solution for injection 3ml cartridges,636,3720.0,21062.64
202401,NI,0601011A0BCACAA,Fiasp 100units/ml solution for injection 10ml vials,256,1018.0,14333.44
202401,NI,0601011L0AAABAB,-,29,116.0,1926.76
202401,NI,0601011L0AAACAC,-,5,40.0,226.48
202401,NI,0601011L0AAAFAF,-,72,456.0,2686.752
202401,NI,0601011L0AAAGAG,-,22,180.0,2121.12
202401,NI,0601011L0BBABAB,Humalog 100units/ml solution for injection 10ml vials,65,314.0,5215.54
202401,NI,0601011L0BBACAC,Humalog 100units/ml solution for injection 3ml cartridges,140,1372.0,7768.264
202401,NI,0601011L0BBAGAF,Humalog KwikPen 100units/ml solution for injection 3ml pre-filled pens,608,4193.0,24705.156
202401,NI,0601011L0BBAHAG,Humalog KwikPen 200units/ml solution for injection 3ml pre-filled pens,82,705.0,8307.72
202401,NI,0601011L0BDACAC,Lyumjev 100units/ml solution for injection 3ml cartridges,33,225.0,1273.95
202401,NI,0601011L0BDADAF,Lyumjev KwikPen 100units/ml solution for injection 3ml pre-filled pens,225,1375.0,8101.5
202401,NI,0601011N0BCAEAC,Hypurin Porcine Neutral 100units/ml solution for injection 10ml vials,7,31.0,1221.09
202401,NI,0601011N0BCAHAZ,Hypurin Porcine Neutral 100units/ml solution for injection 3ml cartridges,3,50.0,590.8
202401,NI,0601011N0BFAEAL,Actrapid 100units/ml solution for injection 10ml vials,9,29.0,216.92
202401,NI,0601011N0BHAAAL,Humulin S 100units/ml solution for injection 10ml vials,1,1.0,15.68
202401,NI,0601011N0BHADAP,Humulin S 100units/ml solution for injection 3ml cartridges,15,80.0,305.28
202401,NI,0601011P0AAAAAA,-,1,6.0,96.0
202401,NI,0601011P0AAACAC,-,2,15.0,84.9
202401,NI,0601011P0BBAAAA,Apidra 100units/ml solution for injection 10ml vials,29,132.0,2112.0
202401,NI,0601011P0BBABAB,Apidra 100units/ml solution for injection 3ml cartridges,43,473.0,2677.1800000000003
202401,NI,0601011P0BBAEAC,Apidra 100units/ml solution for injection 3ml pre-filled SoloStar pens,431,3162.0,17896.920000000002
202402,NI,0601011A0AAAAAA,-,74,369.0,5195.52
202402,NI,0601011A0AAABAB,-,100,977.0,5531.774
202402,NI,0601011A0AAACAC,-,383,3494.0,21383.28
202402,NI,0601011A0BBAAAA,NovoRapid 100units/ml solution for injection 10ml vials,763,3084.0,43422.72
202402,NI,0601011A0BBABAB,NovoRapid Penfill 100units/ml solution for injection 3ml cartridges,1323,9462.0,53573.844
202402,NI,0601011A0BBADAC,NovoRapid FlexPen 100units/ml solution for injection 3ml pre-filled pens,3871,26807.0,164058.84
202402,NI,0601011A0BBAEAC,NovoRapid FlexTouch 100units/ml solution for injection 3ml pre-filled pens,203,1559.0,10018.134
202402,NI,0601011A0BBAFAD,NovoRapid PumpCart 100units/ml solution for injection 1.6ml cartridges,40,765.0,2310.2999999999997
202402,NI,0601011A0BCAAAC,Fiasp FlexTouch 100units/ml solution for injection 3ml pre-filled pens,956,5741.0,35134.92
202402,NI,0601011A0BCABAB,Fiasp Penfill 100units/ml solution for injection 3ml cartridges,672,3939.0,22302.618
202402,NI,0601011A0BCACAA,Fiasp 100units/ml solution for injection 10ml vials,223,835.0,11756.8
202402,NI,0601011L0AAABAB,-,33,124.0,2059.64
202402,NI,0601011L0AAACAC,-,4,30.0,169.86
202402,NI,0601011L0AAAFAF,-,58,324.0,1909.008
202402,NI,0601011L0AAAGAG,-,11,91.0,1072.344
202402,NI,0601011L0BBABAB,Humalog 100units/ml solution for injection 10ml vials,63,271.0,4501.3099999999995
202402,NI,0601011L0BBACAC,Humalog 100units/ml solution for injection 3ml cartridges,130,1282.0,7258.684
202402,NI,0601011L0BBAGAF,Humalog KwikPen 100units/ml solution for injection 3ml pre-filled pens,574,4048.0,23850.816
202402,NI,0601011L0BBAHAG,Humalog KwikPen 200units/ml solution for injection 3ml pre-filled pens,84,726.0,8555.184
202402,NI,0601011L0BDACAC,Lyumjev 100units/ml solution for injection 3ml cartridges,25,144.0,815.328
202402,NI,0601011L0BDADAF,Lyumjev KwikPen 100units/ml solution for injection 3ml pre-filled pens,231,1486.0,8755.512
202402,NI,0601011N0AAALAL,-,1,4.0,62.72
202402,NI,0601011N0BCAHAZ,Hypurin Porcine Neutral 100units/ml solution for injection 3ml cartridges,6,45.0,531.72
202402,NI,0601011N0BFAEAL,Actrapid 100units/ml solution for injection 10ml vials,6,20.0,149.6
202402,NI,0601011N0BHAAAL,Humulin S 100units/ml solution for injection 10ml vials,2,7.0,109.76
202402,NI,0601011N0BHADAP,Humulin S 100units/ml solution for injection 3ml cartridges,21,140.0,534.24
202402,NI,0601011P0AAAAAA,-,1,5.0,80.0
202402,NI,0601011P0AAACAC,-,5,35.0,198.1
202402,NI,0601011P0BBAAAA,Apidra 100units/ml solution for injection 10ml vials,32,140.0,2240.0
202402,NI,0601011P0BBABAB,Apidra 100units/ml solution for injection 3ml cartridges,42,388.0,2196.08
202402,NI,0601011P0BBAEAC,Apidra 100units/ml solution for injection 3ml pre-filled SoloStar pens,407,2971.0,16815.86
202403,NI,0601011A0AAAAAA,-,83,465.0,6547.2
202403,NI,0601011A0AAABAB,-,117,1121.0,6347.102
202403,NI,0601011A0AAACAC,-,386,3634.0,22240.08
202403,NI,0601011A0BBAAAA,NovoRapid 100units/ml solution for injection 10ml vials,850,3543.0,49885.44
202403,NI,0601011A0BBABAB,NovoRapid Penfill 100units/ml solution for injection 3ml cartridges,1412,9963.0,56410.506
202403,NI,0601011A0BBADAC,NovoRapid FlexPen 100units/ml solution for injection 3ml pre-filled pens,4060,28075.0,171819.0
202403,NI,0601011A0BBAEAC,NovoRapid FlexTouch 100units/ml solution for injection 3ml pre-filled pens,195,1450.0,9317.7
202403,NI,0601011A0BBAFAD,NovoRapid PumpCart 100units/ml solution for injection 1.6ml cartridges,49,750.0,2265.0
202403,NI,0601011A0BCAAAC,Fiasp FlexTouch 100units/ml solution for injection 3ml pre-filled pens,1013,6054.0,37050.48
202403,NI,0601011A0BCABAB,Fiasp Penfill 100units/ml solution for injection 3ml cartridges,774,4471.0,25314.802
202403,NI,0601011A0BCACAA,Fiasp 100units/ml solution for injection 10ml vials,254,1004.0,14136.32
202403,NI,0601011L0AAABAB,-,41,155.0,2574.5499999999997
202403,NI,0601011L0AAACAC,-,3,20.0,113.24
202403,NI,0601011L0AAAFAF,-,62,380.0,2238.96
202403,NI,0601011L0AAAGAG,-,16,105.0,1237.32
202403,NI,0601011L0BBABAB,Humalog 100units/ml solution for injection 10ml vials,64,289.0,4800.29
202403,NI,0601011L0BBACAC,Humalog 100units/ml solution for injection 3ml cartridges,128,1114.0,6307.468
202403,NI,0601011L0BBAGAF,Humalog KwikPen 100units/ml solution for injection 3ml pre-filled pens,591,4177.0,24610.884
202403,NI,0601011L0BBAHAG,Humalog KwikPen 200units/ml solution for injection 3ml pre-filled pens,83,746.0,8790.864
202403,NI,0601011L0BDACAC,Lyumjev 100units/ml solution for injection 3ml cartridges,25,147.0,832.314
202403,NI,0601011L0BDADAF,Lyumjev KwikPen 100units/ml solution for injection 3ml pre-filled pens,296,1897.0,11177.124
202403,NI,0601011N0BCAEAC,Hypurin Porcine Neutral 100units/ml solution for injection 10ml vials,7,31.0,1221.09
202403,NI,0601011N0BCAHAZ,Hypurin Porcine Neutral 100units/ml solution for injection 3ml cartridges,6,30.0,354.48
202403,NI,0601011N0BFAEAL,Actrapid 100units/ml solution for injection 10ml vials,7,33.0,246.84000000000003
202403,NI,0601011N0BHAAAL,Humulin S 100units/ml solution for injection 10ml vials,1,6.0,94.08
202403,NI,0601011N0BHADAP,Humulin S 100units/ml solution for injection 3ml cartridges,17,115.0,438.84
202403,NI,0601011P0AAAAAA,-,1,6.0,96.0
202403,NI,0601011P0AAACAC,-,3,15.0,84.9
202403,NI,0601011P0BBAAAA,Apidra 100units/ml solution for injection 10ml vials,26,110.0,1760.0
202403,NI,0601011P0BBABAB,Apidra 100units/ml solution for injection 3ml cartridges,33,254.0,1437.64
202403,NI,0601011P0BBAEAC,Apidra 100units/ml solution for injection 3ml pre-filled SoloStar pens,433,3324.0,18813.84
202404,NI,0601011A0AAAAAA,-,82,422.0,5941.76
202404,NI,0601011A0AAABAB,-,134,1301.0,7366.262
202404,NI,0601011A0AAACAC,-,376,3596.0,22007.52
202404,NI,0601011A0AAADAD,-,4,90.0,271.8
202404,NI,0601011A0BBAAAA,NovoRapid 100units/ml solution for injection 10ml vials,781,3229.0,45464.32
202404,NI,0601011A0BBABAB,NovoRapid Penfill 100units/ml solution for injection 3ml cartridges,1378,10095.0,57157.89
202404,NI,0601011A0BBADAC,NovoRapid FlexPen 100units/ml solution for injection 3ml pre-filled pens,4003,28070.0,171788.4
202404,NI,0601011A0BBAEAC,NovoRapid FlexTouch 100units/ml solution for injection 3ml pre-filled pens,200,1580.0,10153.08
202404,NI,0601011A0BBAFAD,NovoRapid PumpCart 100units/ml solution for injection 1.6ml cartridges,47,710.0,2144.2
202404,NI,0601011A0BCAAAC,Fiasp FlexTouch 100units/ml solution for injection 3ml pre-filled pens,912,5550.0,33966.0
202404,NI,0601011A0BCABAB,Fiasp Penfill 100units/ml solution for injection 3ml cartridges,857,4924.0,27879.688
202404,NI,0601011A0BCACAA,Fiasp 100units/ml solution for injection 10ml vials,251,979.0,13784.32
202404,NI,0601011L0AAABAB,-,31,116.0,1926.76
202404,NI,0601011L0AAACAC,-,2,10.0,56.62
202404,NI,0601011L0AAAFAF,-,55,310.0,1826.52
202404,NI,0601011L0AAAGAG,-,12,110.0,1296.24
202404,NI,0601011L0BBABAB,Humalog 100units/ml solution for injection 10ml vials,62,280.0,4650.8
202404,NI,0601011L0BBACAC,Humalog 100units/ml solution for injection 3ml cartridges,126,1192.0,6749.104
202404,NI,0601011L0BBAGAF,Humalog KwikPen 100units/ml solution for injection 3ml pre-filled pens,582,4250.0,25041.0
202404,NI,0601011L0BBAHAG,Humalog KwikPen 200units/ml solution for injection 3ml pre-filled pens,77,673.0,7930.632
202404,NI,0601011L0BDACAC,Lyumjev 100units/ml solution for injection 3ml cartridges,33,213.0,1206.006
202404,NI,0601011L0BDADAF,Lyumjev KwikPen 100units/ml solution for injection 3ml pre-filled pens,261,1667.0,9821.964
202404,NI,0601011N0BCAEAC,Hypurin Porcine Neutral 100units/ml solution for injection 10ml vials,4,18.0,709.02
202404,NI,0601011N0BCAHAZ,Hypurin Porcine Neutral 100units/ml solution for injection 3ml cartridges,5,60.0,708.96
202404,NI,0601011N0BFAEAL,Actrapid 100units/ml solution for injection 10ml vials,4,18.0,134.64
202404,NI,0601011N0BHADAP,Humulin S 100units/ml solution for injection 3ml cartridges,24,160.0,610.56
202404,NI,0601011P0AAACAC,-,3,20.0,113.2
202404,NI,0601011P0BBAAAA,Apidra 100units/ml solution for injection 10ml vials,34,153.0,2448.0
202404,NI,0601011P0BBABAB,Apidra 100units/ml solution for injection 3ml cartridges,37,359.0,2031.94
202404,NI,0601011P0BBAEAC,Apidra 100units/ml solution for injection 3ml pre-filled SoloStar pens,394,3039.0,17200.74
202405,NI,0601011A0AAAAAA,-,198,1073.0,15107.84
202405,NI,0601011A0AAABAB,-,246,2354.0,13328.348
202405,NI,0601011A0AAACAC,-,373,3505.0,21450.6
202405,NI,0601011A0AAADAD,-,6,105.0,317.1
202405,NI,0601011A0BBAAAA,NovoRapid 100units/ml solution for injection 10ml vials,762,2947.0,41493.76
202405,NI,0601011A0BBABAB,NovoRapid Penfill 100units/ml solution for injection 3ml cartridges,1387,9743.0,55164.866
202405,NI,0601011A0BBADAC,NovoRapid FlexPen 100units/ml solution for injection 3ml pre-filled pens,4160,29088.0,178018.56
202405,NI,0601011A0BBAEAC,NovoRapid FlexTouch 100units/ml solution for injection 3ml pre-filled pens,189,1333.0,8565.858
202405,NI,0601011A0BBAFAD,NovoRapid PumpCart 100units/ml solution for injection 1.6ml cartridges,47,680.0,2053.6
202405,NI,0601011A0BCAAAC,Fiasp FlexTouch 100units/ml solution for injection 3ml pre-filled pens,630,3799.0,23249.88
202405,NI,0601011A0BCABAB,Fiasp Penfill 100units/ml solution for injection 3ml cartridges,1167,6692.0,37890.104
202405,NI,0601011A0BCACAA,Fiasp 100units/ml solution for injection 10ml vials,294,1135.0,15980.8
202405,NI,0601011L0AAABAB,-,31,107.0,1777.27
202405,NI,0601011L0AAACAC,-,2,10.0,56.62
202405,NI,0601011L0AAAFAF,-,61,329.0,1938.468
202405,NI,0601011L0AAAGAG,-,14,125.0,1473.0
202405,NI,0601011L0BBABAB,Humalog 100units/ml solution for injection 10ml vials,70,285.0,4733.849999999999
202405,NI,0601011L0BBACAC,Humalog 100units/ml solution for injection 3ml cartridges,149,1384.0,7836.208
202405,NI,0601011L0BBAGAF,Humalog KwikPen 100units/ml solution for injection 3ml pre-filled pens,593,4198.0,24734.616
202405,NI,0601011L0BBAHAG,Humalog KwikPen 200units/ml solution for injection 3ml pre-filled pens,93,783.0,9226.872
202405,NI,0601011L0BDABAB,Lyumjev 100units/ml solution for injection 10ml vials,26,118.0,1959.98
202405,NI,0601011L0BDACAC,Lyumjev 100units/ml solution for injection 3ml cartridges,31,191.0,1081.442
202405,NI,0601011L0BDADAF,Lyumjev KwikPen 100units/ml solution for injection 3ml pre-filled pens,284,1827.0,10764.684
202405,NI,0601011N0BCAEAC,Hypurin Porcine Neutral 100units/ml solution for injection 10ml vials,3,10.0,393.9
202405,NI,0601011N0BCAHAZ,Hypurin Porcine Neutral 100units/ml solution for injection 3ml cartridges,7,80.0,945.28
202405,NI,0601011N0BFAEAL,Actrapid 100units/ml solution for injection 10ml vials,11,32.0,239.36
202405,NI,0601011N0BHAAAL,Humulin S 100units/ml solution for injection 10ml vials,1,2.0,31.36
202405,NI,0601011N0BHADAP,Humulin S 100units/ml solution for injection 3ml cartridges,13,81.0,309.096
202405,NI,0601011P0AAACAC,-,3,18.0,101.88
202405,NI,0601011P0BBAAAA,Apidra 100units/ml solution for injection 10ml vials,31,161.0,2576.0
202405,NI,0601011P0BBABAB,Apidra 100units/ml solution for injection 3ml cartridges,38,358.0,2026.28
202405,NI,0601011P0BBAEAC,Apidra 100units/ml solution for injection 3ml pre-filled SoloStar pens,448,3351.0,18966.66
202406,NI,0601011A0AAAAAA,-,220,1169.0,16459.52
202406,NI,0601011A0AAABAB,-,283,2743.0,15530.866
202406,NI,0601011A0AAACAC,-,247,2229.0,13641.48
202406,NI,0601011A0AAADAD,-,7,175.0,528.5
202406,NI,0601011A0BBAAAA,NovoRapid 100units/ml solution for injection 10ml vials,740,2825.0,39776.0
202406,NI,0601011A0BBABAB,NovoRapid Penfill 100units/ml solution for injection 3ml cartridges,1377,9942.0,56291.604
202406,NI,0601011A0BBADAC,NovoRapid FlexPen 100units/ml solution for injection 3ml pre-filled pens,3770,26369.0,161378.28
202406,NI,0601011A0BBAEAC,NovoRapid FlexTouch 100units/ml solution for injection 3ml pre-filled pens,193,1566.0,10063.116
202406,NI,0601011A0BBAFAD,NovoRapid PumpCart 100units/ml solution for injection 1.6ml cartridges,59,780.0,2355.6
202406,NI,0601011A0BCAAAC,Fiasp FlexTouch 100units/ml solution for injection 3ml pre-filled pens,302,1825.0,11169.0
202406,NI,0601011A0BCABAB,Fiasp Penfill 100units/ml solution for injection 3ml cartridges,1486,8656.0,49010.272
202406,NI,0601011A0BCACAA,Fiasp 100units/ml solution for injection 10ml vials,282,1168.0,16445.44
202406,NI,0601011L0AAABAB,-,38,140.0,2325.4
202406,NI,0601011L0AAACAC,-,3,25.0,141.54999999999998
202406,NI,0601011L0AAAFAF,-,54,324.0,1909.008
202406,NI,0601011L0AAAGAG,-,7,45.0,530.28
202406,NI,0601011L0BBABAB,Humalog 100units/ml solution for injection 10ml vials,50,226.0,3753.86
202406,NI,0601011L0BBACAC,Humalog 100units/ml solution for injection 3ml cartridges,125,1101.0,6233.862
202406,NI,0601011L0BBAGAF,Humalog KwikPen 100units/ml solution for injection 3ml pre-filled pens,589,4219.0,24858.348
202406,NI,0601011L0BBAHAG,Humalog KwikPen 200units/ml solution for injection 3ml pre-filled pens,84,708.0,8343.072
202406,NI,0601011L0BDABAB,Lyumjev 100units/ml solution for injection 10ml vials,29,125.0,2076.25
202406,NI,0601011L0BDACAC,Lyumjev 100units/ml solution for injection 3ml cartridges,26,170.0,962.54
202406,NI,0601011L0BDADAF,Lyumjev KwikPen 100units/ml solution for injection 3ml pre-filled pens,310,1972.0,11619.024
202406,NI,0601011N0AAALAL,-,1,5.0,78.4
202406,NI,0601011N0BCAEAC,Hypurin Porcine Neutral 100units/ml solution for injection 10ml vials,2,9.0,354.51
202406,NI,0601011N0BCAHAZ,Hypurin Porcine Neutral 100units/ml solution for injection 3ml cartridges,5,39.0,460.824
202406,NI,0601011N0BFAEAL,Actrapid 100units/ml solution for injection 10ml vials,9,30.0,224.4
202406,NI,0601011N0BHAAAL,Humulin S 100units/ml solution for injection 10ml vials,1,1.0,15.68
202406,NI,0601011N0BHADAP,Humulin S 100units/ml solution for injection 3ml cartridges,17,163.0,622.0079999999999
202406,NI,0601011P0AAACAC,-,2,35.0,198.1
202406,NI,0601011P0BBAAAA,Apidra 100units/ml solution for injection 10ml vials,30,149.0,2384.0
202406,NI,0601011P0BBABAB,Apidra 100units/ml solution for injection 3ml cartridges,40,388.0,2196.08
202406,NI,0601011P0BBAEAC,Apidra 100units/ml solution for injection 3ml pre-filled SoloStar pens,425,3436.0,19447.76
202407,NI,0601011A0AAAAAA,-,277,1472.0,20725.76
202407,NI,0601011A0AAABAB,-,353,3638.0,20598.356
202407,NI,0601011A0AAACAC,-,294,2441.0,14938.92
202407,NI,0601011A0AAADAD,-,8,185.0,558.6999999999999
202407,NI,0601011A0BBAAAA,NovoRapid 100units/ml solution for injection 10ml vials,749,2808.0,39536.64
202407,NI,0601011A0BBABAB,NovoRapid Penfill 100units/ml solution for injection 3ml cartridges,1490,10351.0,58607.362
202407,NI,0601011A0BBADAC,NovoRapid FlexPen 100units/ml solution for injection 3ml pre-filled pens,4287,29978.0,183465.36
202407,NI,0601011A0BBAEAC,NovoRapid FlexTouch 100units/ml solution for injection 3ml pre-filled pens,185,1421.0,9131.346
202407,NI,0601011A0BBAFAD,NovoRapid PumpCart 100units/ml solution for injection 1.6ml cartridges,51,845.0,2551.9
202407,NI,0601011A0BCAAAC,Fiasp FlexTouch 100units/ml solution for injection 3ml pre-filled pens,233,1375.0,8415.0
202407,NI,0601011A0BCABAB,Fiasp Penfill 100units/ml solution for injection 3ml cartridges,1671,9647.0,54621.314
202407,NI,0601011A0BCACAA,Fiasp 100units/ml solution for injection 10ml vials,275,1009.0,14206.72
202407,NI,0601011L0AAABAB,-,12,35.0,581.35
202407,NI,0601011L0AAACAC,-,4,30.0,169.86
202407,NI,0601011L0AAAFAF,-,72,420.0,2474.64
202407,NI,0601011L0AAAGAG,-,9,65.0,765.96
202407,NI,0601011L0BBABAB,Humalog 100units/ml solution for injection 10ml vials,74,373.0,6195.53
202407,NI,0601011L0BBACAC,Humalog 100units/ml solution for injection 3ml cartridges,151,1482.0,8391.084
202407,NI,0601011L0BBAGAF,Humalog KwikPen 100units/ml solution for injection 3ml pre-filled pens,621,4384.0,25830.528
202407,NI,0601011L0BBAHAG,Humalog KwikPen 200units/ml solution for injection 3ml pre-filled pens,82,788.0,9285.792
202407,NI,0601011L0BDABAB,Lyumjev 100units/ml solution for injection 10ml vials,59,216.0,3587.76
202407,NI,0601011L0BDACAC,Lyumjev 100units/ml solution for injection 3ml cartridges,40,255.0,1443.81
202407,NI,0601011L0BDADAF,Lyumjev KwikPen 100units/ml solution for injection 3ml pre-filled pens,317,2013.0,11860.596
202407,NI,0601011N0AAALAL,-,1,4.0,62.72
202407,NI,0601011N0AAAPAP,-,1,28.0,106.848
202407,NI,0601011N0BCAEAC,Hypurin Porcine Neutral 100units/ml solution for injection 10ml vials,4,15.0,590.85
202407,NI,0601011N0BCAHAZ,Hypurin Porcine Neutral 100units/ml solution for injection 3ml cartridges,5,30.0,354.48
202407,NI,0601011N0BFAEAL,Actrapid 100units/ml solution for injection 10ml vials,7,29.0,216.92
202407,NI,0601011N0BHAAAL,Humulin S 100units/ml solution for injection 10ml vials,3,18.0,282.24
202407,NI,0601011N0BHADAP,Humulin S 100units/ml solution for injection 3ml cartridges,20,165.0,629.64
202407,NI,0601011P0AAAAAA,-,1,6.0,96.0
202407,NI,0601011P0AAACAC,-,4,35.0,198.1
202407,NI,0601011P0BBAAAA,Apidra 100units/ml solution for injection 10ml vials,33,164.0,2624.0
202407,NI,0601011P0BBABAB,Apidra 100units/ml solution for injection 3ml cartridges,43,327.0,1850.82
202407,NI,0601011P0BBAEAC,Apidra 100units/ml solution for injection 3ml pre-filled SoloStar pens,436,3217.0,18208.22
202408,NI,0601011A0AAAAAA,-,211,1130.0,15910.4
202408,NI,0601011A0AAABAB,-,346,3420.0,19364.04
202408,NI,0601011A0AAACAC,-,224,1983.0,12135.96
202408,NI,0601011A0AAADAD,-,8,180.0,543.6
202408,NI,0601011A0BBAAAA,NovoRapid 100units/ml solution for injection 10ml vials,719,2744.0,38635.52
202408,NI,0601011A0BBABAB,NovoRapid Penfill 100units/ml solution for injection 3ml cartridges,1383,9889.0,55991.518
202408,NI,0601011A0BBADAC,NovoRapid FlexPen 100units/ml solution for injection 3ml pre-filled pens,3995,28056.0,171702.72
202408,NI,0601011A0BBAEAC,NovoRapid FlexTouch 100units/ml solution for injection 3ml pre-filled pens,185,1352.0,8687.952000000001
202408,NI,0601011A0BBAFAD,NovoRapid PumpCart 100units/ml solution for injection 1.6ml cartridges,59,845.0,2551.9
202408,NI,0601011A0BCAAAC,Fiasp FlexTouch 100units/ml solution for injection 3ml pre-filled pens,176,1072.0,6560.64
202408,NI,0601011A0BCABAB,Fiasp Penfill 100units/ml solution for injection 3ml cartridges,1648,9560.0,54128.72
202408,NI,0601011A0BCACAA,Fiasp 100units/ml solution for injection 10ml vials,295,1184.0,16670.72
202408,NI,0601011L0AAABAB,-,15,62.0,1029.82
202408,NI,0601011L0AAAFAF,-,57,320.0,1885.44
202408,NI,0601011L0AAAGAG,-,14,105.0,1237.32
202408,NI,0601011L0BBABAB,Humalog 100units/ml solution for injection 10ml vials,70,315.0,5232.15
202408,NI,0601011L0BBACAC,Humalog 100units/ml solution for injection 3ml cartridges,139,1240.0,7020.88
202408,NI,0601011L0BBAGAF,Humalog KwikPen 100units/ml solution for injection 3ml pre-filled pens,596,4160.0,24510.72
202408,NI,0601011L0BBAHAG,Humalog KwikPen 200units/ml solution for injection 3ml pre-filled pens,82,756.0,8908.704
202408,NI,0601011L0BDABAB,Lyumjev 100units/ml solution for injection 10ml vials,53,200.0,3322.0
202408,NI,0601011L0BDACAC,Lyumjev 100units/ml solution for injection 3ml cartridges,34,220.0,1245.64
202408,NI,0601011L0BDADAF,Lyumjev KwikPen 100units/ml solution for injection 3ml pre-filled pens,332,2185.0,12874.02
202408,NI,0601011L0BDAEAF,Lyumjev Junior KwikPen 100units/ml solution for injection 3ml pre-filled pens,6,45.0,265.14
202408,NI,0601011N0AAACAC,-,1,2.0,78.78
202408,NI,0601011N0AAALAL,-,1,4.0,62.72
202408,NI,0601011N0BCAEAC,Hypurin Porcine Neutral 100units/ml solution for injection 10ml vials,2,10.0,393.9
202408,NI,0601011N0BCAHAZ,Hypurin Porcine Neutral 100units/ml solution for injection 3ml cartridges,6,55.0,649.88
202408,NI,0601011N0BFAEAL,Actrapid 100units/ml solution for injection 10ml vials,5,11.0,82.28
202408,NI,0601011N0BHAAAL,Humulin S 100units/ml solution for injection 10ml vials,1,6.0,94.08
202408,NI,0601011N0BHADAP,Humulin S 100units/ml solution for injection 3ml cartridges,14,95.0,362.52
202408,NI,0601011P0AAABAB,-,1,1.0,5.66
202408,NI,0601011P0AAACAC,-,1,5.0,28.3
202408,NI,0601011P0BBAAAA,Apidra 100units/ml solution for injection 10ml vials,23,95.0,1520.0
202408,NI,0601011P0BBABAB,Apidra 100units/ml solution for injection 3ml cartridges,26,240.0,1358.4
202408,NI,0601011P0BBAEAC,Apidra 100units/ml solution for injection 3ml pre-filled SoloStar pens,388,2977.0,16849.82
202409,NI,0601011A0AAAAAA,-,198,1012.0,14248.96
202409,NI,0601011A0AAABAB,-,421,4006.0,22681.972
202409,NI,0601011A0AAACAC,-,294,2539.0,15538.68
202409,NI,0601011A0AAADAD,-,11,205.0,619.1
202409,NI,0601011A0BBAAAA,NovoRapid 100units/ml solution for injection 10ml vials,726,2860.0,40268.8
202409,NI,0601011A0BBABAB,NovoRapid Penfill 100units/ml solution for injection 3ml cartridges,1339,9442.0,53460.604
202409,NI,0601011A0BBADAC,NovoRapid FlexPen 100units/ml solution for injection 3ml pre-filled pens,3967,27579.0,168783.48
202409,NI,0601011A0BBAEAC,NovoRapid FlexTouch 100units/ml solution for injection 3ml pre-filled pens,177,1313.0,8437.338
202409,NI,0601011A0BBAFAD,NovoRapid PumpCart 100units/ml solution for injection 1.6ml cartridges,58,735.0,2219.7
202409,NI,0601011A0BCAAAC,Fiasp FlexTouch 100units/ml solution for injection 3ml pre-filled pens,110,658.0,4026.96
202409,NI,0601011A0BCABAB,Fiasp Penfill 100units/ml solution for injection 3ml cartridges,1572,9272.0,52498.064
202409,NI,0601011A0BCACAA,Fiasp 100units/ml solution for injection 10ml vials,305,1182.0,16642.56
202409,NI,0601011L0AAABAB,-,9,39.0,647.79
202409,NI,0601011L0AAACAC,-,2,15.0,84.92999999999999
202409,NI,0601011L0AAAFAF,-,46,250.0,1473.0
202409,NI,0601011L0AAAGAG,-,18,135.0,1590.84
202409,NI,0601011L0BBABAB,Humalog 100units/ml solution for injection 10ml vials,67,326.0,5414.86
202409,NI,0601011L0BBACAC,Humalog 100units/ml solution for injection 3ml cartridges,128,1191.0,6743.442
202409,NI,0601011L0BBAGAF,Humalog KwikPen 100units/ml solution for injection 3ml pre-filled pens,571,4047.0,23844.924
202409,NI,0601011L0BBAHAG,Humalog KwikPen 200units/ml solution for injection 3ml pre-filled pens,88,780.0,9191.52
202409,NI,0601011L0BDABAB,Lyumjev 100units/ml solution for injection 10ml vials,62,226.0,3753.86
202409,NI,0601011L0BDACAC,Lyumjev 100units/ml solution for injection 3ml cartridges,30,216.0,1222.992
202409,NI,0601011L0BDADAF,Lyumjev KwikPen 100units/ml solution for injection 3ml pre-filled pens,308,1909.0,11247.828
202409,NI,0601011L0BDAEAF,Lyumjev Junior KwikPen 100units/ml solution for injection 3ml pre-filled pens,27,170.0,1001.64
202409,NI,0601011N0BCAEAC,Hypurin Porcine Neutral 100units/ml solution for injection 10ml vials,3,9.0,354.51
202409,NI,0601011N0BCAHAZ,Hypurin Porcine Neutral 100units/ml solution for injection 3ml cartridges,5,25.0,295.4
202409,NI,0601011N0BFAEAL,Actrapid 100units/ml solution for injection 10ml vials,9,37.0,276.76
202409,NI,0601011N0BHAAAL,Humulin S 100units/ml solution for injection 10ml vials,2,11.0,172.48000000000002
202409,NI,0601011N0BHADAP,Humulin S 100units/ml solution for injection 3ml cartridges,22,125.0,476.99999999999994
202409,NI,0601011P0AAAAAA,-,1,6.0,96.0
202409,NI,0601011P0AAACAC,-,2,10.0,56.6
202409,NI,0601011P0BBAAAA,Apidra 100units/ml solution for injection 10ml vials,33,160.0,2560.0
202409,NI,0601011P0BBABAB,Apidra 100units/ml solution for injection 3ml cartridges,37,338.0,1913.08
202409,NI,0601011P0BBAEAC,Apidra 100units/ml solution for injection 3ml pre-filled SoloStar pens,415,3087.0,17472.420000000002
202410,NI,0601011A0AAAAAA,-,192,969.0,13643.52
202410,NI,0601011A0AAABAB,-,396,3919.0,22189.378
202410,NI,0601011A0AAACAC,-,255,2127.0,13017.24
202410,NI,0601011A0AAADAD,-,5,95.0,286.9
202410,NI,0601011A0BBAAAA,NovoRapid 100units/ml solution for injection 10ml vials,775,3070.0,43225.6
202410,NI,0601011A0BBABAB,NovoRapid Penfill 100units/ml solution for injection 3ml cartridges,1357,9526.0,53936.212
202410,NI,0601011A0BBADAC,NovoRapid FlexPen 100units/ml solution for injection 3ml pre-filled pens,4111,28552.0,174738.24
202410,NI,0601011A0BBAEAC,NovoRapid FlexTouch 100units/ml solution for injection 3ml pre-filled pens,195,1554.0,9986.004
202410,NI,0601011A0BBAFAD,NovoRapid PumpCart 100units/ml solution for injection 1.6ml cartridges,60,800.0,2416.0
202410,NI,0601011A0BCAAAC,Fiasp FlexTouch 100units/ml solution for injection 3ml pre-filled pens,116,669.0,4094.28
202410,NI,0601011A0BCABAB,Fiasp Penfill 100units/ml solution for injection 3ml cartridges,1637,9623.0,54485.426
202410,NI,0601011A0BCACAA,Fiasp 100units/ml solution for injection 10ml vials,304,1191.0,16769.28
202410,NI,0601011L0AAABAB,-,8,38.0,631.1800000000001
202410,NI,0601011L0AAACAC,-,3,25.0,141.55
202410,NI,0601011L0AAAFAF,-,45,255.0,1502.46
202410,NI,0601011L0AAAGAG,-,14,110.0,1296.24
202410,NI,0601011L0BBABAB,Humalog 100units/ml solution for injection 10ml vials,64,281.0,4667.41
202410,NI,0601011L0BBACAC,Humalog 100units/ml solution for injection 3ml cartridges,136,1287.0,7286.994
202410,NI,0601011L0BBAGAF,Humalog KwikPen 100units/ml solution for injection 3ml pre-filled pens,599,4294.0,25300.248
202410,NI,0601011L0BBAHAG,Humalog KwikPen 200units/ml solution for injection 3ml pre-filled pens,80,671.0,7907.064
202410,NI,0601011L0BDABAB,Lyumjev 100units/ml solution for injection 10ml vials,63,241.0,4003.01
202410,NI,0601011L0BDACAC,Lyumjev 100units/ml solution for injection 3ml cartridges,37,229.0,1296.598
202410,NI,0601011L0BDADAF,Lyumjev KwikPen 100units/ml solution for injection 3ml pre-filled pens,348,2269.0,13368.948
202410,NI,0601011L0BDAEAF,Lyumjev Junior KwikPen 100units/ml solution for injection 3ml pre-filled pens,33,177.0,1042.884
202410,NI,0601011N0AAALAL,-,1,1.0,15.68
202410,NI,0601011N0BCAEAC,Hypurin Porcine Neutral 100units/ml solution for injection 10ml vials,5,22.0,866.58
202410,NI,0601011N0BCAHAZ,Hypurin Porcine Neutral 100units/ml solution for injection 3ml cartridges,7,75.0,886.2
202410,NI,0601011N0BFAEAL,Actrapid 100units/ml solution for injection 10ml vials,9,29.0,216.92
202410,NI,0601011N0BHAAAL,Humulin S 100units/ml solution for injection 10ml vials,1,6.0,94.08
202410,NI,0601011N0BHADAP,Humulin S 100units/ml solution for injection 3ml cartridges,19,135.0,515.16
202410,NI,0601011P0AAACAC,-,5,32.0,181.12
202410,NI,0601011P0BBAAAA,Apidra 100units/ml solution for injection 10ml vials,23,142.0,2272.0
202410,NI,0601011P0BBABAB,Apidra 100units/ml solution for injection 3ml cartridges,34,260.0,1471.6
202410,NI,0601011P0BBAEAC,Apidra 100units/ml solution for injection 3ml pre-filled SoloStar pens,451,3521.0,19928.86
202411,NI,0601011A0AAAAAA,-,230,1273.0,17923.84
202411,NI,0601011A0AAABAB,-,350,3494.0,19783.028
202411,NI,0601011A0AAACAC,-,206,1724.0,10550.88
202411,NI,0601011A0AAADAD,-,15,320.0,966.4
202411,NI,0601011A0BBAAAA,NovoRapid 100units/ml solution for injection 10ml vials,681,2571.0,36199.68
202411,NI,0601011A0BBABAB,NovoRapid Penfill 100units/ml solution for injection 3ml cartridges,1317,9084.0,51433.608
202411,NI,0601011A0BBADAC,NovoRapid FlexPen 100units/ml solution for injection 3ml pre-filled pens,3885,27025.0,165393.0
202411,NI,0601011A0BBAEAC,NovoRapid FlexTouch 100units/ml solution for injection 3ml pre-filled pens,172,1303.0,8373.078000000001
202411,NI,0601011A0BBAFAD,NovoRapid PumpCart 100units/ml solution for injection 1.6ml cartridges,55,680.0,2053.6
202411,NI,0601011A0BCAAAC,Fiasp FlexTouch 100units/ml solution for injection 3ml pre-filled pens,91,539.0,3298.6800000000003
202411,NI,0601011A0BCABAB,Fiasp Penfill 100units/ml solution for injection 3ml cartridges,1556,9200.0,52090.4
202411,NI,0601011A0BCACAA,Fiasp 100units/ml solution for injection 10ml vials,282,1068.0,15037.44
202411,NI,0601011L0AAABAB,-,10,38.0,631.18
202411,NI,0601011L0AAACAC,-,2,15.0,84.92999999999999
202411,NI,0601011L0AAAFAF,-,38,220.0,1296.24
202411,NI,0601011L0AAAGAG,-,13,130.0,1531.92
202411,NI,0601011L0BBABAB,Humalog 100units/ml solution for injection 10ml vials,64,277.0,4600.97
202411,NI,0601011L0BBACAC,Humalog 100units/ml solution for injection 3ml cartridges,120,1152.0,6522.624
202411,NI,0601011L0BBAGAF,Humalog KwikPen 100units/ml solution for injection 3ml pre-filled pens,568,3959.0,23326.428
202411,NI,0601011L0BBAHAG,Humalog KwikPen 200units/ml solution for injection 3ml pre-filled pens,89,828.0,9757.152
202411,NI,0601011L0BDABAB,Lyumjev 100units/ml solution for injection 10ml vials,64,269.0,4468.09
202411,NI,0601011L0BDACAC,Lyumjev 100units/ml solution for injection 3ml cartridges,30,195.0,1104.09
202411,NI,0601011L0BDADAF,Lyumjev KwikPen 100units/ml solution for injection 3ml pre-filled pens,343,2170.0,12785.64
202411,NI,0601011L0BDAEAF,Lyumjev Junior KwikPen 100units/ml solution for injection 3ml pre-filled pens,38,201.0,1184.292
202411,NI,0601011N0AAALAL,-,2,9.0,141.12
202411,NI,0601011N0BCAEAC,Hypurin Porcine Neutral 100units/ml solution for injection 10ml vials,3,16.0,630.24
202411,NI,0601011N0BCAHAZ,Hypurin Porcine Neutral 100units/ml solution for injection 3ml cartridges,7,65.0,768.04
202411,NI,0601011N0BFAEAL,Actrapid 100units/ml solution for injection 10ml vials,5,18.0,134.64
202411,NI,0601011N0BHADAP,Humulin S 100units/ml solution for injection 3ml cartridges,14,95.0,362.52
202411,NI,0601011P0AAAAAA,-,1,6.0,96.0
202411,NI,0601011P0AAACAC,-,3,9.0,50.94
202411,NI,0601011P0BBAAAA,Apidra 100units/ml solution for injection 10ml vials,23,113.0,1808.0
202411,NI,0601011P0BBABAB,Apidra 100units/ml solution for injection 3ml cartridges,32,249.0,1409.34
202411,NI,0601011P0BBAEAC,Apidra 100units/ml solution for injection 3ml pre-filled SoloStar pens,406,3112.0,17613.920000000002
202412,NI,0601011A0AAAAAA,-,304,1657.0,23330.56
202412,NI,0601011A0AAABAB,-,412,4218.0,23882.316
202412,NI,0601011A0AAACAC,-,226,1975.0,12087.0
202412,NI,0601011A0AAADAD,-,9,170.0,513.4
202412,NI,0601011A0BBAAAA,NovoRapid 100units/ml solution for injection 10ml vials,736,2795.0,39353.6
202412,NI,0601011A0BBABAB,NovoRapid Penfill 100units/ml solution for injection 3ml cartridges,1475,10361.0,58663.982
202412,NI,0601011A0BBADAC,NovoRapid FlexPen 100units/ml solution for injection 3ml pre-filled pens,4165,28618.0,175142.16
202412,NI,0601011A0BBAEAC,NovoRapid FlexTouch 100units/ml solution for injection 3ml pre-filled pens,182,1305.0,8385.93
202412,NI,0601011A0BBAFAD,NovoRapid PumpCart 100units/ml solution for injection 1.6ml cartridges,79,1090.0,3291.7999999999997
202412,NI,0601011A0BCAAAC,Fiasp FlexTouch 100units/ml solution for injection 3ml pre-filled pens,98,576.0,3525.1200000000003
202412,NI,0601011A0BCABAB,Fiasp Penfill 100units/ml solution for injection 3ml cartridges,1695,9998.0,56608.676
202412,NI,0601011A0BCACAA,Fiasp 100units/ml solution for injection 10ml vials,312,1176.0,16558.08
202412,NI,0601011L0AAABAB,-,7,28.0,465.08
202412,NI,0601011L0AAACAC,-,2,20.0,113.24
202412,NI,0601011L0AAAFAF,-,43,265.0,1561.38
202412,NI,0601011L0AAAGAG,-,21,155.0,1826.52
202412,NI,0601011L0BBABAB,Humalog 100units/ml solution for injection 10ml vials,65,295.0,4899.95
202412,NI,0601011L0BBACAC,Humalog 100units/ml solution for injection 3ml cartridges,130,1212.0,6862.344
202412,NI,0601011L0BBAGAF,Humalog KwikPen 100units/ml solution for injection 3ml pre-filled pens,640,4511.0,26578.812
202412,NI,0601011L0BBAHAG,Humalog KwikPen 200units/ml solution for injection 3ml pre-filled pens,93,770.0,9073.68
202412,NI,0601011L0BDABAB,Lyumjev 100units/ml solution for injection 10ml vials,68,237.0,3936.57
202412,NI,0601011L0BDACAC,Lyumjev 100units/ml solution for injection 3ml cartridges,33,200.0,1132.4
202412,NI,0601011L0BDADAF,Lyumjev KwikPen 100units/ml solution for injection 3ml pre-filled pens,359,2394.0,14105.448
202412,NI,0601011L0BDAEAF,Lyumjev Junior KwikPen 100units/ml solution for injection 3ml pre-filled pens,42,256.0,1508.352
202412,NI,0601011N0AAAZAZ,-,1,1.0,11.816
202412,NI,0601011N0BCAEAC,Hypurin Porcine Neutral 100units/ml solution for injection 10ml vials,4,14.0,551.46
202412,NI,0601011N0BCAHAZ,Hypurin Porcine Neutral 100units/ml solution for injection 3ml cartridges,4,25.0,295.4
202412,NI,0601011N0BFAEAL,Actrapid 100units/ml solution for injection 10ml vials,10,40.0,299.2
202412,NI,0601011N0BHAAAL,Humulin S 100units/ml solution for injection 10ml vials,2,7.0,109.76
202412,NI,0601011N0BHADAP,Humulin S 100units/ml solution for injection 3ml cartridges,20,130.0,496.08
202412,NI,0601011P0AAACAC,-,4,35.0,198.1
202412,NI,0601011P0BBAAAA,Apidra 100units/ml solution for injection 10ml vials,33,194.0,3104.0
202412,NI,0601011P0BBABAB,Apidra 100units/ml solution for injection 3ml cartridges,29,263.0,1488.5800000000002
202412,NI,0601011P0BBAEAC,Apidra 100units/ml solution for injection 3ml pre-filled SoloStar pens,408,3146.0,17806.36
202501,NI,0601011A0AAAAAA,-,139,736.0,10362.88
202501,NI,0601011A0AAABAB,-,281,2901.0,16425.462
202501,NI,0601011A0AAACAC,-,124,1055.0,6456.6
202501,NI,0601011A0AAADAD,-,6,120.0,362.4
202501,NI,0601011A0BBAAAA,NovoRapid 100units/ml solution for injection 10ml vials,868,3415.0,48083.2
202501,NI,0601011A0BBABAB,NovoRapid Penfill 100units/ml solution for injection 3ml cartridges,1408,9684.0,54830.808
202501,NI,0601011A0BBADAC,NovoRapid FlexPen 100units/ml solution for injection 3ml pre-filled pens,4321,30069.0,184022.28
202501,NI,0601011A0BBAEAC,NovoRapid FlexTouch 100units/ml solution for injection 3ml pre-filled pens,154,1104.0,7094.304
202501,NI,0601011A0BBAFAD,NovoRapid PumpCart 100units/ml solution for injection 1.6ml cartridges,86,1055.0,3186.1
202501,NI,0601011A0BCAAAC,Fiasp FlexTouch 100units/ml solution for injection 3ml pre-filled pens,88,518.0,3170.1600000000003
202501,NI,0601011A0BCABAB,Fiasp Penfill 100units/ml solution for injection 3ml cartridges,1793,11066.0,62655.692
202501,NI,0601011A0BCACAA,Fiasp 100units/ml solution for injection 10ml vials,320,1242.0,17487.36
202501,NI,0601011L0AAABAB,-,6,19.0,315.59
202501,NI,0601011L0AAACAC,-,2,15.0,84.92999999999999
202501,NI,0601011L0AAAFAF,-,33,185.0,1090.02
202501,NI,0601011L0AAAGAG,-,15,110.0,1296.24
202501,NI,0601011L0BBABAB,Humalog 100units/ml solution for injection 10ml vials,67,306.0,5082.66
202501,NI,0601011L0BBACAC,Humalog 100units/ml solution for injection 3ml cartridges,119,1024.0,5797.888
202501,NI,0601011L0BBAGAF,Humalog KwikPen 100units/ml solution for injection 3ml pre-filled pens,622,4376.0,25783.392
202501,NI,0601011L0BBAHAG,Humalog KwikPen 200units/ml solution for injection 3ml pre-filled pens,95,856.0,10087.104
202501,NI,0601011L0BDABAB,Lyumjev 100units/ml solution for injection 10ml vials,81,298.0,4949.78
202501,NI,0601011L0BDACAC,Lyumjev 100units/ml solution for injection 3ml cartridges,38,235.0,1330.57
202501,NI,0601011L0BDADAF,Lyumjev KwikPen 100units/ml solution for injection 3ml pre-filled pens,378,2527.0,14889.084
202501,NI,0601011L0BDAEAF,Lyumjev Junior KwikPen 100units/ml solution for injection 3ml pre-filled pens,37,215.0,1266.78
202501,NI,0601011N0AAALAL,-,1,4.0,62.72
202501,NI,0601011N0BCAEAC,Hypurin Porcine Neutral 100units/ml solution for injection 10ml vials,3,13.0,512.0699999999999
202501,NI,0601011N0BCAHAZ,Hypurin Porcine Neutral 100units/ml solution for injection 3ml cartridges,6,32.0,378.112
202501,NI,0601011N0BFAEAL,Actrapid 100units/ml solution for injection 10ml vials,9,37.0,276.76
202501,NI,0601011N0BHAAAL,Humulin S 100units/ml solution for injection 10ml vials,1,2.0,31.36
202501,NI,0601011N0BHADAP,Humulin S 100units/ml solution for injection 3ml cartridges,12,95.0,362.52
202501,NI,0601011P0AAAAAA,-,1,6.0,96.0
202501,NI,0601011P0AAABAB,-,1,10.0,56.6
202501,NI,0601011P0AAACAC,-,4,34.0,192.44
202501,NI,0601011P0BBAAAA,Apidra 100units/ml solution for injection 10ml vials,23,98.0,1568.0
202501,NI,0601011P0BBABAB,Apidra 100units/ml solution for injection 3ml cartridges,36,268.0,1516.88
202501,NI,0601011P0BBAEAC,Apidra 100units/ml solution for injection 3ml pre-filled SoloStar pens,429,3151.0,17834.66
202502,NI,0601011A0AAAAAA,-,115,600.0,8448.0
202502,NI,0601011A0AAABAB,-,233,2318.0,13124.516
202502,NI,0601011A0AAACAC,-,111,1135.0,6946.2
202502,NI,0601011A0AAADAD,-,5,75.0,226.5
202502,NI,0601011A0BBAAAA,NovoRapid 100units/ml solution for injection 10ml vials,768,3057.0,43042.56
202502,NI,0601011A0BBABAB,NovoRapid Penfill 100units/ml solution for injection 3ml cartridges,1347,9447.0,53488.914
202502,NI,0601011A0BBADAC,NovoRapid FlexPen 100units/ml solution for injection 3ml pre-filled pens,3836,26556.0,162522.72
202502,NI,0601011A0BBAEAC,NovoRapid FlexTouch 100units/ml solution for injection 3ml pre-filled pens,72,545.0,3502.17
202502,NI,0601011A0BBAFAD,NovoRapid PumpCart 100units/ml solution for injection 1.6ml cartridges,91,1155.0,3488.1
202502,NI,0601011A0BCAAAC,Fiasp FlexTouch 100units/ml solution for injection 3ml pre-filled pens,77,438.0,2680.56
202502,NI,0601011A0BCABAB,Fiasp Penfill 100units/ml solution for injection 3ml cartridges,1622,10002.0,56631.324
202502,NI,0601011A0BCACAA,Fiasp 100units/ml solution for injection 10ml vials,313,1222.0,17205.760000000002
202502,NI,0601011L0AAABAB,-,13,53.0,880.3299999999999
202502,NI,0601011L0AAACAC,-,1,5.0,28.31
202502,NI,0601011L0AAAFAF,-,24,133.0,783.636
202502,NI,0601011L0AAAGAG,-,15,125.0,1473.0
202502,NI,0601011L0BBABAB,Humalog 100units/ml solution for injection 10ml vials,67,295.0,4899.95
202502,NI,0601011L0BBACAC,Humalog 100units/ml solution for injection 3ml cartridges,127,1232.0,6975.584
202502,NI,0601011L0BBAGAF,Humalog KwikPen 100units/ml solution for injection 3ml pre-filled pens,527,3616.0,21305.472
202502,NI,0601011L0BBAHAG,Humalog KwikPen 200units/ml solution for injection 3ml pre-filled pens,87,723.0,8519.832
202502,NI,0601011L0BDABAB,Lyumjev 100units/ml solution for injection 10ml vials,83,326.0,5414.86
202502,NI,0601011L0BDACAC,Lyumjev 100units/ml solution for injection 3ml cartridges,31,215.0,1217.33
202502,NI,0601011L0BDADAF,Lyumjev KwikPen 100units/ml solution for injection 3ml pre-filled pens,358,2273.0,13392.516
202502,NI,0601011L0BDAEAF,Lyumjev Junior KwikPen 100units/ml solution for injection 3ml pre-filled pens,36,201.0,1184.292
202502,NI,0601011N0BCAEAC,Hypurin Porcine Neutral 100units/ml solution for injection 10ml vials,2,8.0,315.12
202502,NI,0601011N0BCAHAZ,Hypurin Porcine Neutral 100units/ml solution for injection 3ml cartridges,7,40.0,472.64
202502,NI,0601011N0BFAEAL,Actrapid 100units/ml solution for injection 10ml vials,4,11.0,82.28
202502,NI,0601011N0BHAAAL,Humulin S 100units/ml solution for injection 10ml vials,1,1.0,15.68
202502,NI,0601011N0BHADAP,Humulin S 100units/ml solution for injection 3ml cartridges,12,70.0,267.12
202502,NI,0601011P0AAACAC,-,1,5.0,28.3
202502,NI,0601011P0BBAAAA,Apidra 100units/ml solution for injection 10ml vials,20,101.0,1616.0
202502,NI,0601011P0BBABAB,Apidra 100units/ml solution for injection 3ml cartridges,23,185.0,1047.1
202502,NI,0601011P0BBAEAC,Apidra 100units/ml solution for injection 3ml pre-filled SoloStar pens,378,2859.0,16181.94
202503,NI,0601011A0AAAAAA,-,110,584.0,8222.72
202503,NI,0601011A0AAABAB,-,223,2198.0,12445.076
202503,NI,0601011A0AAACAC,-,88,737.0,4510.4400000000005
202503,NI,0601011A0AAADAD,-,6,130.0,392.6
202503,NI,0601011A0BBAAAA,NovoRapid 100units/ml solution for injection 10ml vials,829,3317.0,46703.36
202503,NI,0601011A0BBABAB,NovoRapid Penfill 100units/ml solution for injection 3ml cartridges,1351,9573.0,54202.326
202503,NI,0601011A0BBADAC,NovoRapid FlexPen 100units/ml solution for injection 3ml pre-filled pens,4012,27876.0,170601.12
202503,NI,0601011A0BBAEAC,NovoRapid FlexTouch 100units/ml solution for injection 3ml pre-filled pens,98,790.0,5076.54
202503,NI,0601011A0BBAFAD,NovoRapid PumpCart 100units/ml solution for injection 1.6ml cartridges,100,1320.0,3986.4
202503,NI,0601011A0BCAAAC,Fiasp FlexTouch 100units/ml solution for injection 3ml pre-filled pens,63,356.0,2178.7200000000003
202503,NI,0601011A0BCABAB,Fiasp Penfill 100units/ml solution for injection 3ml cartridges,1672,10439.0,59105.618
202503,NI,0601011A0BCACAA,Fiasp 100units/ml solution for injection 10ml vials,345,1357.0,19106.56
202503,NI,0601011L0AAABAB,-,9,54.0,896.94
202503,NI,0601011L0AAACAC,-,1,10.0,56.62
202503,NI,0601011L0AAAFAF,-,30,185.0,1090.02
202503,NI,0601011L0AAAGAG,-,20,158.0,1861.872
202503,NI,0601011L0BBABAB,Humalog 100units/ml solution for injection 10ml vials,66,292.0,4850.12
202503,NI,0601011L0BBACAC,Humalog 100units/ml solution for injection 3ml cartridges,121,1070.0,6058.34
202503,NI,0601011L0BBAGAF,Humalog KwikPen 100units/ml solution for injection 3ml pre-filled pens,546,3918.0,23084.856
202503,NI,0601011L0BBAHAG,Humalog KwikPen 200units/ml solution for injection 3ml pre-filled pens,87,768.0,9050.112
202503,NI,0601011L0BDABAB,Lyumjev 100units/ml solution for injection 10ml vials,74,293.0,4866.73
202503,NI,0601011L0BDACAC,Lyumjev 100units/ml solution for injection 3ml cartridges,31,180.0,1019.16
202503,NI,0601011L0BDADAF,Lyumjev KwikPen 100units/ml solution for injection 3ml pre-filled pens,391,2423.0,14276.316
202503,NI,0601011L0BDAEAF,Lyumjev Junior KwikPen 100units/ml solution for injection 3ml pre-filled pens,38,220.0,1296.24
202503,NI,0601011N0AAALAL,-,1,4.0,62.72
202503,NI,0601011N0BCAEAC,Hypurin Porcine Neutral 100units/ml solution for injection 10ml vials,5,21.0,827.19
202503,NI,0601011N0BCAHAZ,Hypurin Porcine Neutral 100units/ml solution for injection 3ml cartridges,5,24.0,283.584
202503,NI,0601011N0BFAEAL,Actrapid 100units/ml solution for injection 10ml vials,9,29.0,216.92
202503,NI,0601011N0BHAAAL,Humulin S 100units/ml solution for injection 10ml vials,3,8.0,125.44
202503,NI,0601011N0BHADAP,Humulin S 100units/ml solution for injection 3ml cartridges,10,66.0,251.856
202503,NI,0601011P0AAAAAA,-,1,6.0,96.0
202503,NI,0601011P0AAACAC,-,5,42.0,237.72
202503,NI,0601011P0BBAAAA,Apidra 100units/ml solution for injection 10ml vials,23,132.0,2112.0
202503,NI,0601011P0BBABAB,Apidra 100units/ml solution for injection 3ml cartridges,35,296.0,1675.36
202503,NI,0601011P0BBAEAC,Apidra 100units/ml solution for injection 3ml pre-filled SoloStar pens,378,2858.0,16176.28
202504,NI,0601011A0AAAAAA,-,120,641.0,9025.28
202504,NI,0601011A0AAABAB,-,206,2028.0,11482.536
202504,NI,0601011A0AAACAC,-,84,772.0,4724.64
202504,NI,0601011A0AAADAD,-,11,240.0,724.8
202504,NI,0601011A0BBAAAA,NovoRapid 100units/ml solution for injection 10ml vials,876,3590.0,50547.2
202504,NI,0601011A0BBABAB,NovoRapid Penfill 100units/ml solution for injection 3ml cartridges,1450,10208.0,57797.696
202504,NI,0601011A0BBADAC,NovoRapid FlexPen 100units/ml solution for injection 3ml pre-filled pens,4132,28744.0,175913.28
202504,NI,0601011A0BBAEAC,NovoRapid FlexTouch 100units/ml solution for injection 3ml pre-filled pens,91,660.0,4241.16
202504,NI,0601011A0BBAFAD,NovoRapid PumpCart 100units/ml solution for injection 1.6ml cartridges,99,1295.0,3910.9
202504,NI,0601011A0BCAAAC,Fiasp FlexTouch 100units/ml solution for injection 3ml pre-filled pens,66,440.0,2692.8
202504,NI,0601011A0BCABAB,Fiasp Penfill 100units/ml solution for injection 3ml cartridges,1779,11161.0,63193.582
202504,NI,0601011A0BCACAA,Fiasp 100units/ml solution for injection 10ml vials,375,1469.0,20683.52
202504,NI,0601011L0AAABAB,-,7,25.0,415.25
202504,NI,0601011L0AAACAC,-,1,5.0,28.31
202504,NI,0601011L0AAAFAF,-,25,160.0,942.72
202504,NI,0601011L0AAAGAG,-,20,170.0,2003.28
202504,NI,0601011L0BBABAB,Humalog 100units/ml solution for injection 10ml vials,66,326.0,5414.86
202504,NI,0601011L0BBACAC,Humalog 100units/ml solution for injection 3ml cartridges,117,1082.0,6126.284
202504,NI,0601011L0BBAGAF,Humalog KwikPen 100units/ml solution for injection 3ml pre-filled pens,599,4335.0,25541.82
202504,NI,0601011L0BBAHAG,Humalog KwikPen 200units/ml solution for injection 3ml pre-filled pens,94,793.0,9344.712
202504,NI,0601011L0BDABAB,Lyumjev 100units/ml solution for injection 10ml vials,76,299.0,4966.389999999999
202504,NI,0601011L0BDACAC,Lyumjev 100units/ml solution for injection 3ml cartridges,48,335.0,1896.77
202504,NI,0601011L0BDADAF,Lyumjev KwikPen 100units/ml solution for injection 3ml pre-filled pens,412,2591.0,15266.172
202504,NI,0601011L0BDAEAF,Lyumjev Junior KwikPen 100units/ml solution for injection 3ml pre-filled pens,35,191.0,1125.372
202504,NI,0601011N0BCAEAC,Hypurin Porcine Neutral 100units/ml solution for injection 10ml vials,1,2.0,78.78
202504,NI,0601011N0BCAHAZ,Hypurin Porcine Neutral 100units/ml solution for injection 3ml cartridges,7,55.0,649.88
202504,NI,0601011N0BFAEAL,Actrapid 100units/ml solution for injection 10ml vials,8,30.0,224.4
202504,NI,0601011N0BHAAAL,Humulin S 100units/ml solution for injection 10ml vials,1,3.0,47.04
202504,NI,0601011N0BHADAP,Humulin S 100units/ml solution for injection 3ml cartridges,16,135.0,515.16
202504,NI,0601011P0AAACAC,-,2,45.0,254.7
202504,NI,0601011P0BBAAAA,Apidra 100units/ml solution for injection 10ml vials,22,106.0,1696.0
202504,NI,0601011P0BBABAB,Apidra 100units/ml solution for injection 3ml cartridges,33,258.0,1460.28
202504,NI,0601011P0BBAEAC,Apidra 100units/ml solution for injection 3ml pre-filled SoloStar pens,419,3074.0,17398.84
202505,NI,0601011A0AAAAAA,-,112,598.0,8419.84
202505,NI,0601011A0AAABAB,-,219,2268.0,12841.416
202505,NI,0601011A0AAACAC,-,91,749.0,4583.88
202505,NI,0601011A0AAADAD,-,6,145.0,437.9
202505,NI,0601011A0BBAAAA,NovoRapid 100units/ml solution for injection 10ml vials,894,3579.0,50392.32
202505,NI,0601011A0BBABAB,NovoRapid Penfill 100units/ml solution for injection 3ml cartridges,1387,9775.0,55346.05
202505,NI,0601011A0BBADAC,NovoRapid FlexPen 100units/ml solution for injection 3ml pre-filled pens,4269,29465.0,180325.8
202505,NI,0601011A0BBAEAC,NovoRapid FlexTouch 100units/ml solution for injection 3ml pre-filled pens,89,650.0,4176.900000000001
202505,NI,0601011A0BBAFAD,NovoRapid PumpCart 100units/ml solution for injection 1.6ml cartridges,95,1136.0,3430.72
202505,NI,0601011A0BCAAAC,Fiasp FlexTouch 100units/ml solution for injection 3ml pre-filled pens,59,365.0,2233.8
202505,NI,0601011A0BCABAB,Fiasp Penfill 100units/ml solution for injection 3ml cartridges,1816,11547.0,65379.114
202505,NI,0601011A0BCACAA,Fiasp 100units/ml solution for injection 10ml vials,373,1478.0,20810.24
202505,NI,0601011L0AAABAB,-,8,28.0,465.08
202505,NI,0601011L0AAACAC,-,1,10.0,56.62
202505,NI,0601011L0AAAFAF,-,25,138.0,813.096
202505,NI,0601011L0AAAGAG,-,16,150.0,1767.6
202505,NI,0601011L0BBABAB,Humalog 100units/ml solution for injection 10ml vials,54,224.0,3720.64
202505,NI,0601011L0BBACAC,Humalog 100units/ml solution for injection 3ml cartridges,122,1187.0,6720.794
202505,NI,0601011L0BBAGAF,Humalog KwikPen 100units/ml solution for injection 3ml pre-filled pens,582,4064.0,23945.088
202505,NI,0601011L0BBAHAG,Humalog KwikPen 200units/ml solution for injection 3ml pre-filled pens,78,708.0,8343.072
202505,NI,0601011L0BDABAB,Lyumjev 100units/ml solution for injection 10ml vials,77,297.0,4933.17
202505,NI,0601011L0BDACAC,Lyumjev 100units/ml solution for injection 3ml cartridges,33,210.0,1189.02
202505,NI,0601011L0BDADAF,Lyumjev KwikPen 100units/ml solution for injection 3ml pre-filled pens,436,2852.0,16803.984
202505,NI,0601011L0BDAEAF,Lyumjev Junior KwikPen 100units/ml solution for injection 3ml pre-filled pens,50,305.0,1797.06
202505,NI,0601011N0BCAEAC,Hypurin Porcine Neutral 100units/ml solution for injection 10ml vials,2,12.0,472.68
202505,NI,0601011N0BCAHAZ,Hypurin Porcine Neutral 100units/ml solution for injection 3ml cartridges,6,60.0,708.96
202505,NI,0601011N0BFAEAL,Actrapid 100units/ml solution for injection 10ml vials,6,21.0,157.08
202505,NI,0601011N0BHAAAL,Humulin S 100units/ml solution for injection 10ml vials,2,7.0,109.76
202505,NI,0601011N0BHADAP,Humulin S 100units/ml solution for injection 3ml cartridges,11,65.0,248.03999999999996
202505,NI,0601011P0AAACAC,-,6,29.0,164.14
202505,NI,0601011P0BBAAAA,Apidra 100units/ml solution for injection 10ml vials,22,105.0,1680.0
202505,NI,0601011P0BBABAB,Apidra 100units/ml solution for injection 3ml cartridges,29,226.0,1279.16
202505,NI,0601011P0BBAEAC,Apidra 100units/ml solution for injection 3ml pre-filled SoloStar pens,403,3066.0,17353.56
202506,NI,0601011A0AAAAAA,-,102,582.0,8194.56
202506,NI,0601011A0AAABAB,-,184,1800.0,10191.6
202506,NI,0601011A0AAACAC,-,107,856.0,5238.72
202506,NI,0601011A0AAADAD,-,9,160.0,483.2
202506,NI,0601011A0BBAAAA,NovoRapid 100units/ml solution for injection 10ml vials,1017,4064.0,57221.12
202506,NI,0601011A0BBABAB,NovoRapid Penfill 100units/ml solution for injection 3ml cartridges,1502,10781.0,61042.022
202506,NI,0601011A0BBADAC,NovoRapid FlexPen 100units/ml solution for injection 3ml pre-filled pens,4088,28049.0,171659.88
202506,NI,0601011A0BBAEAC,NovoRapid FlexTouch 100units/ml solution for injection 3ml pre-filled pens,81,610.0,3919.86
202506,NI,0601011A0BBAFAD,NovoRapid PumpCart 100units/ml solution for injection 1.6ml cartridges,99,1320.0,3986.4
202506,NI,0601011A0BCAAAC,Fiasp FlexTouch 100units/ml solution for injection 3ml pre-filled pens,60,345.0,2111.4
202506,NI,0601011A0BCABAB,Fiasp Penfill 100units/ml solution for injection 3ml cartridges,1768,11135.0,63046.37
202506,NI,0601011A0BCACAA,Fiasp 100units/ml solution for injection 10ml vials,410,1667.0,23471.36
202506,NI,0601011L0AAABAB,-,10,41.0,681.01
202506,NI,0601011L0AAACAC,-,1,10.0,56.62
202506,NI,0601011L0AAAFAF,-,16,90.0,530.28
202506,NI,0601011L0AAAGAG,-,16,130.0,1531.92
202506,NI,0601011L0BBABAB,Humalog 100units/ml solution for injection 10ml vials,70,316.0,5248.76
202506,NI,0601011L0BBACAC,Humalog 100units/ml solution for injection 3ml cartridges,120,1127.0,6381.0740000000005
202506,NI,0601011L0BBAGAF,Humalog KwikPen 100units/ml solution for injection 3ml pre-filled pens,594,4147.0,24434.124
202506,NI,0601011L0BBAHAG,Humalog KwikPen 200units/ml solution for injection 3ml pre-filled pens,83,760.0,8955.84
202506,NI,0601011L0BDABAB,Lyumjev 100units/ml solution for injection 10ml vials,85,351.0,5830.11
202506,NI,0601011L0BDACAC,Lyumjev 100units/ml solution for injection 3ml cartridges,41,285.0,1613.67
202506,NI,0601011L0BDADAF,Lyumjev KwikPen 100units/ml solution for injection 3ml pre-filled pens,451,2872.0,16921.824
202506,NI,0601011L0BDAEAF,Lyumjev Junior KwikPen 100units/ml solution for injection 3ml pre-filled pens,49,298.0,1755.816
202506,NI,0601011N0BCAEAC,Hypurin Porcine Neutral 100units/ml solution for injection 10ml vials,3,10.0,393.9
202506,NI,0601011N0BCAHAZ,Hypurin Porcine Neutral 100units/ml solution for injection 3ml cartridges,5,40.0,472.64
202506,NI,0601011N0BFAEAL,Actrapid 100units/ml solution for injection 10ml vials,7,15.0,112.20000000000002
202506,NI,0601011N0BHAAAL,Humulin S 100units/ml solution for injection 10ml vials,2,4.0,62.72
202506,NI,0601011N0BHADAP,Humulin S 100units/ml solution for injection 3ml cartridges,16,150.0,572.4
202506,NI,0601011P0AAAAAA,-,1,6.0,96.0
202506,NI,0601011P0AAACAC,-,7,55.0,311.3
202506,NI,0601011P0BBAAAA,Apidra 100units/ml solution for injection 10ml vials,17,101.0,1616.0
202506,NI,0601011P0BBABAB,Apidra 100units/ml solution for injection 3ml cartridges,30,242.0,1369.72
202506,NI,0601011P0BBAEAC,Apidra 100units/ml solution for injection 3ml pre-filled SoloStar pens,378,3005.0,17008.3
202507,NI,0601011A0AAAAAA,-,77,450.0,6336.0
202507,NI,0601011A0AAABAB,-,217,2109.0,11941.158
202507,NI,0601011A0AAACAC,-,109,824.0,5042.88
202507,NI,0601011A0AAADAD,-,13,270.0,815.4
202507,NI,0601011A0BBAAAA,NovoRapid 100units/ml solution for injection 10ml vials,1021,4247.0,59797.76
202507,NI,0601011A0BBABAB,NovoRapid Penfill 100units/ml solution for injection 3ml cartridges,1536,10675.0,60441.85
202507,NI,0601011A0BBADAC,NovoRapid FlexPen 100units/ml solution for injection 3ml pre-filled pens,4332,29796.0,182351.52
202507,NI,0601011A0BBAEAC,NovoRapid FlexTouch 100units/ml solution for injection 3ml pre-filled pens,97,680.0,4369.68
202507,NI,0601011A0BBAFAD,NovoRapid PumpCart 100units/ml solution for injection 1.6ml cartridges,81,1051.0,3174.02
202507,NI,0601011A0BCAAAC,Fiasp FlexTouch 100units/ml solution for injection 3ml pre-filled pens,60,360.0,2203.2
202507,NI,0601011A0BCABAB,Fiasp Penfill 100units/ml solution for injection 3ml cartridges,1813,11667.0,66058.554
202507,NI,0601011A0BCACAA,Fiasp 100units/ml solution for injection 10ml vials,446,1770.0,24921.6
202507,NI,0601011L0AAABAB,-,15,58.0,963.38
202507,NI,0601011L0AAACAC,-,1,5.0,28.31
202507,NI,0601011L0AAAFAF,-,24,145.0,854.34
202507,NI,0601011L0AAAGAG,-,19,155.0,1826.52
202507,NI,0601011L0BBABAB,Humalog 100units/ml solution for injection 10ml vials,77,354.0,5879.94
202507,NI,0601011L0BBACAC,Humalog 100units/ml solution for injection 3ml cartridges,110,944.0,5344.928
202507,NI,0601011L0BBAGAF,Humalog KwikPen 100units/ml solution for injection 3ml pre-filled pens,603,4356.0,25665.552
202507,NI,0601011L0BBAHAG,Humalog KwikPen 200units/ml solution for injection 3ml pre-filled pens,92,815.0,9603.96
202507,NI,0601011L0BDABAB,Lyumjev 100units/ml solution for injection 10ml vials,87,364.0,6046.04
202507,NI,0601011L0BDACAC,Lyumjev 100units/ml solution for injection 3ml cartridges,38,250.0,1415.5
202507,NI,0601011L0BDADAF,Lyumjev KwikPen 100units/ml solution for injection 3ml pre-filled pens,455,2934.0,17287.128
202507,NI,0601011L0BDAEAF,Lyumjev Junior KwikPen 100units/ml solution for injection 3ml pre-filled pens,55,290.0,1708.68
202507,NI,0601011N0AAALAL,-,1,4.0,62.72
202507,NI,0601011N0BCAEAC,Hypurin Porcine Neutral 100units/ml solution for injection 10ml vials,5,18.0,709.02
202507,NI,0601011N0BCAHAZ,Hypurin Porcine Neutral 100units/ml solution for injection 3ml cartridges,5,35.0,413.55999999999995
202507,NI,0601011N0BFAEAL,Actrapid 100units/ml solution for injection 10ml vials,6,14.0,104.72
202507,NI,0601011N0BHADAP,Humulin S 100units/ml solution for injection 3ml cartridges,18,165.0,629.64
202507,NI,0601011P0AAACAC,-,3,18.0,101.88
202507,NI,0601011P0BBAAAA,Apidra 100units/ml solution for injection 10ml vials,20,103.0,1648.0
202507,NI,0601011P0BBABAB,Apidra 100units/ml solution for injection 3ml cartridges,36,309.0,1748.94
202507,NI,0601011P0BBAEAC,Apidra 100units/ml solution for injection 3ml pre-filled SoloStar pens,411,3141.0,17778.06
202508,NI,0601011A0AAAAAA,-,29,158.0,2224.64
202508,NI,0601011A0AAABAB,-,154,1544.0,8742.128
202508,NI,0601011A0AAACAC,-,67,495.0,3029.4
202508,NI,0601011A0AAADAD,-,4,95.0,286.9
202508,NI,0601011A0BBAAAA,NovoRapid 100units/ml solution for injection 10ml vials,962,3844.0,54123.52
202508,NI,0601011A0BBABAB,NovoRapid Penfill 100units/ml solution for injection 3ml cartridges,1371,9640.0,54581.68
202508,NI,0601011A0BBADAC,NovoRapid FlexPen 100units/ml solution for injection 3ml pre-filled pens,3952,27490.0,168238.8
202508,NI,0601011A0BBAEAC,NovoRapid FlexTouch 100units/ml solution for injection 3ml pre-filled pens,80,605.0,3887.730000000001
202508,NI,0601011A0BBAFAD,NovoRapid PumpCart 100units/ml solution for injection 1.6ml cartridges,89,1130.0,3412.6
202508,NI,0601011A0BCAAAC,Fiasp FlexTouch 100units/ml solution for injection 3ml pre-filled pens,51,320.0,1958.4
202508,NI,0601011A0BCABAB,Fiasp Penfill 100units/ml solution for injection 3ml cartridges,1727,10914.0,61795.068
202508,NI,0601011A0BCACAA,Fiasp 100units/ml solution for injection 10ml vials,436,1771.0,24935.68
202508,NI,0601011L0AAABAB,-,5,22.0,365.42
202508,NI,0601011L0AAAFAF,-,17,100.0,589.2
202508,NI,0601011L0AAAGAG,-,16,120.0,1414.08
202508,NI,0601011L0BBABAB,Humalog 100units/ml solution for injection 10ml vials,59,272.0,4517.92
202508,NI,0601011L0BBACAC,Humalog 100units/ml solution for injection 3ml cartridges,123,1171.0,6630.202
202508,NI,0601011L0BBAGAF,Humalog KwikPen 100units/ml solution for injection 3ml pre-filled pens,563,3920.0,23096.64
202508,NI,0601011L0BBAHAG,Humalog KwikPen 200units/ml solution for injection 3ml pre-filled pens,68,630.0,7423.92
202508,NI,0601011L0BDABAB,Lyumjev 100units/ml solution for injection 10ml vials,91,353.0,5863.33
202508,NI,0601011L0BDACAC,Lyumjev 100units/ml solution for injection 3ml cartridges,32,235.0,1330.57
202508,NI,0601011L0BDADAF,Lyumjev KwikPen 100units/ml solution for injection 3ml pre-filled pens,448,2829.0,16668.468
202508,NI,0601011L0BDAEAF,Lyumjev Junior KwikPen 100units/ml solution for injection 3ml pre-filled pens,53,318.0,1873.656
202508,NI,0601011N0BCAEAC,Hypurin Porcine Neutral 100units/ml solution for injection 10ml vials,4,19.0,748.41
202508,NI,0601011N0BCAHAZ,Hypurin Porcine Neutral 100units/ml solution for injection 3ml cartridges,8,62.0,732.592
202508,NI,0601011N0BFAEAL,Actrapid 100units/ml solution for injection 10ml vials,8,22.0,164.56
202508,NI,0601011N0BHADAP,Humulin S 100units/ml solution for injection 3ml cartridges,8,36.0,137.37599999999998
202508,NI,0601011P0AAACAC,-,1,6.0,33.96
202508,NI,0601011P0BBAAAA,Apidra 100units/ml solution for injection 10ml vials,19,106.0,1696.0
202508,NI,0601011P0BBABAB,Apidra 100units/ml solution for injection 3ml cartridges,31,243.0,1375.38
202508,NI,0601011P0BBAEAC,Apidra 100units/ml solution for injection 3ml pre-filled SoloStar pens,365,2739.0,15502.74
202509,NI,0601011A0AAAAAA,-,35,177.0,2492.1600000000003
202509,NI,0601011A0AAABAB,-,149,1526.0,8640.212
202509,NI,0601011A0AAACAC,-,57,436.0,2668.32
202509,NI,0601011A0AAADAD,-,2,45.0,135.9
202509,NI,0601011A0BBAAAA,NovoRapid 100units/ml solution for injection 10ml vials,977,3951.0,55630.08
202509,NI,0601011A0BBABAB,NovoRapid Penfill 100units/ml solution for injection 3ml cartridges,1467,10316.0,58409.192
202509,NI,0601011A0BBADAC,NovoRapid FlexPen 100units/ml solution for injection 3ml pre-filled pens,4130,28408.0,173856.96
202509,NI,0601011A0BBAEAC,NovoRapid FlexTouch 100units/ml solution for injection 3ml pre-filled pens,84,651.0,4183.326
202509,NI,0601011A0BBAFAD,NovoRapid PumpCart 100units/ml solution for injection 1.6ml cartridges,46,635.0,1917.7
202509,NI,0601011A0BCAAAC,Fiasp FlexTouch 100units/ml solution for injection 3ml pre-filled pens,49,300.0,1836.0
202509,NI,0601011A0BCABAB,Fiasp Penfill 100units/ml solution for injection 3ml cartridges,1825,11741.0,66477.542
202509,NI,0601011A0BCACAA,Fiasp 100units/ml solution for injection 10ml vials,469,1954.0,27512.32
202509,NI,0601011L0AAABAB,-,4,22.0,365.42
202509,NI,0601011L0AAACAC,-,1,10.0,56.62
202509,NI,0601011L0AAAFAF,-,19,110.0,648.12
202509,NI,0601011L0AAAGAG,-,22,180.0,2121.12
202509,NI,0601011L0BBABAB,Humalog 100units/ml solution for injection 10ml vials,74,356.0,5913.16
202509,NI,0601011L0BBACAC,Humalog 100units/ml solution for injection 3ml cartridges,109,1042.0,5899.804
202509,NI,0601011L0BBAGAF,Humalog KwikPen 100units/ml solution for injection 3ml pre-filled pens,576,4154.0,24475.368
202509,NI,0601011L0BBAHAG,Humalog KwikPen 200units/ml solution for injection 3ml pre-filled pens,81,690.0,8130.96
202509,NI,0601011L0BDABAB,Lyumjev 100units/ml solution for injection 10ml vials,89,357.0,5929.7699999999995
202509,NI,0601011L0BDACAC,Lyumjev 100units/ml solution for injection 3ml cartridges,36,233.0,1319.246
202509,NI,0601011L0BDADAF,Lyumjev KwikPen 100units/ml solution for injection 3ml pre-filled pens,455,2899.0,17080.908
202509,NI,0601011L0BDAEAF,Lyumjev Junior KwikPen 100units/ml solution for injection 3ml pre-filled pens,47,242.0,1425.864
202509,NI,0601011N0AAACAC,-,1,1.0,39.39
202509,NI,0601011N0BCAEAC,Hypurin Porcine Neutral 100units/ml solution for injection 10ml vials,2,11.0,433.29
202509,NI,0601011N0BCAHAZ,Hypurin Porcine Neutral 100units/ml solution for injection 3ml cartridges,8,115.0,1358.84
202509,NI,0601011N0BFAEAL,Actrapid 100units/ml solution for injection 10ml vials,8,24.0,179.52
202509,NI,0601011N0BHAAAL,Humulin S 100units/ml solution for injection 10ml vials,1,6.0,94.08
202509,NI,0601011N0BHADAP,Humulin S 100units/ml solution for injection 3ml cartridges,16,135.0,515.16
202509,NI,0601011P0AAACAC,-,2,15.0,84.9
202509,NI,0601011P0BBAAAA,Apidra 100units/ml solution for injection 10ml vials,17,93.0,1488.0
202509,NI,0601011P0BBABAB,Apidra 100units/ml solution for injection 3ml cartridges,33,289.0,1635.74
202509,NI,0601011P0BBAEAC,Apidra 100units/ml solution for injection 3ml pre-filled SoloStar pens,378,2761.0,15627.26
202510,NI,0601011A0AAAAAA,-,31,136.0,1914.88
202510,NI,0601011A0AAABAB,-,168,1673.0,9472.526
202510,NI,0601011A0AAACAC,-,74,601.0,3678.12
202510,NI,0601011A0AAADAD,-,8,147.0,443.94
202510,NI,0601011A0BBAAAA,NovoRapid 100units/ml solution for injection 10ml vials,1098,4477.0,63036.16
202510,NI,0601011A0BBABAB,NovoRapid Penfill 100units/ml solution for injection 3ml cartridges,1488,10472.0,59292.464
202510,NI,0601011A0BBADAC,NovoRapid FlexPen 100units/ml solution for injection 3ml pre-filled pens,4351,29917.0,183092.04
202510,NI,0601011A0BBAEAC,NovoRapid FlexTouch 100units/ml solution for injection 3ml pre-filled pens,70,530.0,3405.78
202510,NI,0601011A0BBAFAD,NovoRapid PumpCart 100units/ml solution for injection 1.6ml cartridges,72,950.0,2869.0
202510,NI,0601011A0BCAAAC,Fiasp FlexTouch 100units/ml solution for injection 3ml pre-filled pens,46,296.0,1811.52
202510,NI,0601011A0BCABAB,Fiasp Penfill 100units/ml solution for injection 3ml cartridges,1795,11404.0,64569.448
202510,NI,0601011A0BCACAA,Fiasp 100units/ml solution for injection 10ml vials,470,1988.0,27991.04
202510,NI,0601011L0AAABAB,-,4,11.0,182.71
202510,NI,0601011L0AAAFAF,-,18,115.0,677.58
202510,NI,0601011L0AAAGAG,-,22,175.0,2062.2
202510,NI,0601011L0BBABAB,Humalog 100units/ml solution for injection 10ml vials,67,315.0,5232.15
202510,NI,0601011L0BBACAC,Humalog 100units/ml solution for injection 3ml cartridges,127,1185.0,6709.47
202510,NI,0601011L0BBAGAF,Humalog KwikPen 100units/ml solution for injection 3ml pre-filled pens,588,4121.0,24280.932
202510,NI,0601011L0BBAHAG,Humalog KwikPen 200units/ml solution for injection 3ml pre-filled pens,92,790.0,9309.36
202510,NI,0601011L0BDABAB,Lyumjev 100units/ml solution for injection 10ml vials,103,395.0,6560.95
202510,NI,0601011L0BDACAC,Lyumjev 100units/ml solution for injection 3ml cartridges,39,235.0,1330.57
202510,NI,0601011L0BDADAF,Lyumjev KwikPen 100units/ml solution for injection 3ml pre-filled pens,496,3086.0,18182.712
202510,NI,0601011L0BDAEAF,Lyumjev Junior KwikPen 100units/ml solution for injection 3ml pre-filled pens,54,311.0,1832.412
202510,NI,0601011N0BCAEAC,Hypurin Porcine Neutral 100units/ml solution for injection 10ml vials,4,23.0,905.97
202510,NI,0601011N0BCAHAZ,Hypurin Porcine Neutral 100units/ml solution for injection 3ml cartridges,8,52.0,614.432
202510,NI,0601011N0BFAEAL,Actrapid 100units/ml solution for injection 10ml vials,10,34.0,254.32
202510,NI,0601011N0BHAAAL,Humulin S 100units/ml solution for injection 10ml vials,2,4.0,62.72
202510,NI,0601011N0BHADAP,Humulin S 100units/ml solution for injection 3ml cartridges,14,101.0,385.416
202510,NI,0601011P0AAAAAA,-,1,6.0,96.0
202510,NI,0601011P0AAACAC,-,1,5.0,28.3
202510,NI,0601011P0BBAAAA,Apidra 100units/ml solution for injection 10ml vials,19,103.0,1648.0
202510,NI,0601011P0BBABAB,Apidra 100units/ml solution for injection 3ml cartridges,32,249.0,1409.34
202510,NI,0601011P0BBAEAC,Apidra 100units/ml solution for injection 3ml pre-filled SoloStar pens,384,2924.0,16549.84
202511,NI,0601011A0AAAAAA,-,34,186.0,2618.88
202511,NI,0601011A0AAABAB,-,157,1549.0,8770.438
202511,NI,0601011A0AAACAC,-,43,351.0,2148.12
202511,NI,0601011A0AAADAD,-,4,73.0,220.46
202511,NI,0601011A0BBAAAA,NovoRapid 100units/ml solution for injection 10ml vials,958,3924.0,55249.92
202511,NI,0601011A0BBABAB,NovoRapid Penfill 100units/ml solution for injection 3ml cartridges,1270,8834.0,50018.108
202511,NI,0601011A0BBADAC,NovoRapid FlexPen 100units/ml solution for injection 3ml pre-filled pens,3887,26610.0,162853.2
202511,NI,0601011A0BBAEAC,NovoRapid FlexTouch 100units/ml solution for injection 3ml pre-filled pens,74,600.0,3855.6
202511,NI,0601011A0BBAFAD,NovoRapid PumpCart 100units/ml solution for injection 1.6ml cartridges,90,1320.0,3986.4
202511,NI,0601011A0BCAAAC,Fiasp FlexTouch 100units/ml solution for injection 3ml pre-filled pens,41,250.0,1530.0
202511,NI,0601011A0BCABAB,Fiasp Penfill 100units/ml solution for injection 3ml cartridges,1641,10367.0,58697.954
202511,NI,0601011A0BCACAA,Fiasp 100units/ml solution for injection 10ml vials,435,1769.0,24907.52
202511,NI,0601011L0AAABAB,-,9,34.0,564.74
202511,NI,0601011L0AAAFAF,-,21,121.0,712.932
202511,NI,0601011L0AAAGAG,-,13,120.0,1414.0800000000002
202511,NI,0601011L0BBABAB,Humalog 100units/ml solution for injection 10ml vials,71,346.0,5747.0599999999995
202511,NI,0601011L0BBACAC,Humalog 100units/ml solution for injection 3ml cartridges,98,847.0,4795.714
202511,NI,0601011L0BBAGAF,Humalog KwikPen 100units/ml solution for injection 3ml pre-filled pens,501,3492.0,20574.864
202511,NI,0601011L0BBAHAG,Humalog KwikPen 200units/ml solution for injection 3ml pre-filled pens,82,750.0,8838.0
202511,NI,0601011L0BDABAB,Lyumjev 100units/ml solution for injection 10ml vials,95,389.0,6461.29
202511,NI,0601011L0BDACAC,Lyumjev 100units/ml solution for injection 3ml cartridges,38,260.0,1472.12
202511,NI,0601011L0BDADAF,Lyumjev KwikPen 100units/ml solution for injection 3ml pre-filled pens,441,2796.0,16474.032
202511,NI,0601011L0BDAEAF,Lyumjev Junior KwikPen 100units/ml solution for injection 3ml pre-filled pens,53,261.0,1537.812
202511,NI,0601011N0BCAEAC,Hypurin Porcine Neutral 100units/ml solution for injection 10ml vials,5,14.0,551.46
202511,NI,0601011N0BCAHAZ,Hypurin Porcine Neutral 100units/ml solution for injection 3ml cartridges,5,25.0,295.4
202511,NI,0601011N0BFAEAL,Actrapid 100units/ml solution for injection 10ml vials,4,15.0,112.2
202511,NI,0601011N0BHADAP,Humulin S 100units/ml solution for injection 3ml cartridges,16,100.0,381.6
202511,NI,0601011P0AAACAC,-,1,5.0,28.3
202511,NI,0601011P0BBAAAA,Apidra 100units/ml solution for injection 10ml vials,18,86.0,1376.0
202511,NI,0601011P0BBABAB,Apidra 100units/ml solution for injection 3ml cartridges,20,157.0,888.62
202511,NI,0601011P0BBAEAC,Apidra 100units/ml solution for injection 3ml pre-filled SoloStar pens,333,2606.0,14749.96
202512,NI,0601011A0AAAAAA,-,57,294.0,4139.52
202512,NI,0601011A0AAABAB,-,146,1507.0,8532.634
202512,NI,0601011A0AAACAC,-,51,399.0,2441.88
202512,NI,0601011A0AAADAD,-,3,64.0,193.27999999999997
202512,NI,0601011A0BBAAAA,NovoRapid 100units/ml solution for injection 10ml vials,1091,4500.0,63360.0
202512,NI,0601011A0BBABAB,NovoRapid Penfill 100units/ml solution for injection 3ml cartridges,1530,10809.0,61200.558
202512,NI,0601011A0BBADAC,NovoRapid FlexPen 100units/ml solution for injection 3ml pre-filled pens,4445,30362.0,185815.44
202512,NI,0601011A0BBAEAC,NovoRapid FlexTouch 100units/ml solution for injection 3ml pre-filled pens,80,575.0,3694.95
202512,NI,0601011A0BBAFAD,NovoRapid PumpCart 100units/ml solution for injection 1.6ml cartridges,92,1240.0,3744.8
202512,NI,0601011A0BCAAAC,Fiasp FlexTouch 100units/ml solution for injection 3ml pre-filled pens,46,277.0,1695.24
202512,NI,0601011A0BCABAB,Fiasp Penfill 100units/ml solution for injection 3ml cartridges,1994,13075.0,74030.65
202512,NI,0601011A0BCACAA,Fiasp 100units/ml solution for injection 10ml vials,510,2099.0,29553.92
202512,NI,0601011L0AAABAB,-,10,35.0,581.35
202512,NI,0601011L0AAAFAF,-,18,120.0,707.04
202512,NI,0601011L0AAAGAG,-,29,210.0,2474.64
202512,NI,0601011L0BBABAB,Humalog 100units/ml solution for injection 10ml vials,77,356.0,5913.16
202512,NI,0601011L0BBACAC,Humalog 100units/ml solution for injection 3ml cartridges,123,1229.0,6958.598
202512,NI,0601011L0BBAGAF,Humalog KwikPen 100units/ml solution for injection 3ml pre-filled pens,598,4309.0,25388.628
202512,NI,0601011L0BBAHAG,Humalog KwikPen 200units/ml solution for injection 3ml pre-filled pens,100,920.0,10841.28
202512,NI,0601011L0BDABAB,Lyumjev 100units/ml solution for injection 10ml vials,125,511.0,8487.71
202512,NI,0601011L0BDACAC,Lyumjev 100units/ml solution for injection 3ml cartridges,49,320.0,1811.84
202512,NI,0601011L0BDADAF,Lyumjev KwikPen 100units/ml solution for injection 3ml pre-filled pens,559,3559.0,20969.628
202512,NI,0601011L0BDAEAF,Lyumjev Junior KwikPen 100units/ml solution for injection 3ml pre-filled pens,60,326.0,1920.792
202512,NI,0601011N0AAAZAZ,-,1,1.0,11.816
202512,NI,0601011N0BCAEAC,Hypurin Porcine Neutral 100units/ml solution for injection 10ml vials,5,19.0,748.41
202512,NI,0601011N0BCAHAZ,Hypurin Porcine Neutral 100units/ml solution for injection 3ml cartridges,6,60.0,708.9599999999999
202512,NI,0601011N0BFAEAL,Actrapid 100units/ml solution for injection 10ml vials,6,23.0,172.04000000000002
202512,NI,0601011N0BHAAAL,Humulin S 100units/ml solution for injection 10ml vials,2,4.0,62.72
202512,NI,0601011N0BHADAP,Humulin S 100units/ml solution for injection 3ml cartridges,14,110.0,419.76
202512,NI,0601011P0AAACAC,-,3,45.0,254.7
202512,NI,0601011P0BBAAAA,Apidra 100units/ml solution for injection 10ml vials,20,106.0,1696.0
202512,NI,0601011P0BBABAB,Apidra 100units/ml solution for injection 3ml cartridges,35,282.0,1596.12
202512,NI,0601011P0BBAEAC,Apidra 100units/ml solution for injection 3ml pre-filled SoloStar pens,411,3094.0,17512.04
202601,NI,0601011A0AAAAAA,-,31,156.0,2196.48
202601,NI,0601011A0AAABAB,-,126,1228.0,6952.936
202601,NI,0601011A0AAACAC,-,43,365.0,2233.8
202601,NI,0601011A0AAADAD,-,4,70.0,211.4
202601,NI,0601011A0BBAAAA,NovoRapid 100units/ml solution for injection 10ml vials,1042,4291.0,60417.28
202601,NI,0601011A0BBABAB,NovoRapid Penfill 100units/ml solution for injection 3ml cartridges,1464,10227.0,57905.274
202601,NI,0601011A0BBADAC,NovoRapid FlexPen 100units/ml solution for injection 3ml pre-filled pens,4142,28540.0,174664.8
202601,NI,0601011A0BBAEAC,NovoRapid FlexTouch 100units/ml solution for injection 3ml pre-filled pens,66,495.0,3180.8700000000003
202601,NI,0601011A0BBAFAD,NovoRapid PumpCart 100units/ml solution for injection 1.6ml cartridges,96,1300.0,3926.0
202601,NI,0601011A0BCAAAC,Fiasp FlexTouch 100units/ml solution for injection 3ml pre-filled pens,39,203.0,1242.36
202601,NI,0601011A0BCABAB,Fiasp Penfill 100units/ml solution for injection 3ml cartridges,1806,11576.0,65543.312
202601,NI,0601011A0BCACAA,Fiasp 100units/ml solution for injection 10ml vials,480,1946.0,27399.68
202601,NI,0601011L0AAABAB,-,2,6.0,99.66
202601,NI,0601011L0AAAFAF,-,15,95.0,559.74
202601,NI,0601011L0AAAGAG,-,21,175.0,2062.2
202601,NI,0601011L0BBABAB,Humalog 100units/ml solution for injection 10ml vials,68,325.0,5398.25
202601,NI,0601011L0BBACAC,Humalog 100units/ml solution for injection 3ml cartridges,110,995.0,5633.69
202601,NI,0601011L0BBAGAF,Humalog KwikPen 100units/ml solution for injection 3ml pre-filled pens,517,3671.0,21629.532
202601,NI,0601011L0BBAHAG,Humalog KwikPen 200units/ml solution for injection 3ml pre-filled pens,83,735.0,8661.24
202601,NI,0601011L0BDABAB,Lyumjev 100units/ml solution for injection 10ml vials,109,459.0,7623.99
202601,NI,0601011L0BDACAC,Lyumjev 100units/ml solution for injection 3ml cartridges,44,295.0,1670.29
202601,NI,0601011L0BDADAF,Lyumjev KwikPen 100units/ml solution for injection 3ml pre-filled pens,549,3586.0,21128.712
202601,NI,0601011L0BDAEAF,Lyumjev Junior KwikPen 100units/ml solution for injection 3ml pre-filled pens,60,325.0,1914.9
202601,NI,0601011N0BCAEAC,Hypurin Porcine Neutral 100units/ml solution for injection 10ml vials,2,9.0,354.51
202601,NI,0601011N0BCAHAZ,Hypurin Porcine Neutral 100units/ml solution for injection 3ml cartridges,8,56.0,661.696
202601,NI,0601011N0BFAEAL,Actrapid 100units/ml solution for injection 10ml vials,6,24.0,179.52
202601,NI,0601011N0BHADAP,Humulin S 100units/ml solution for injection 3ml cartridges,13,125.0,477.0
202601,NI,0601011P0AAAAAA,-,1,6.0,96.0
202601,NI,0601011P0AAABAB,-,1,4.0,22.64
202601,NI,0601011P0BBAAAA,Apidra 100units/ml solution for injection 10ml vials,23,125.0,2000.0
202601,NI,0601011P0BBABAB,Apidra 100units/ml solution for injection 3ml cartridges,31,243.0,1375.38
202601,NI,0601011P0BBAEAC,Apidra 100units/ml solution for injection 3ml pre-filled SoloStar pens,365,2798.0,15836.68
202602,NI,0601011A0AAAAAA,-,42,210.0,2956.8
202602,NI,0601011A0AAABAB,-,118,1167.0,6607.554
202602,NI,0601011A0AAACAC,-,43,411.0,2515.32
202602,NI,0601011A0AAADAD,-,2,70.0,211.4
202602,NI,0601011A0BBAAAA,NovoRapid 100units/ml solution for injection 10ml vials,943,3762.0,52968.96
202602,NI,0601011A0BBABAB,NovoRapid Penfill 100units/ml solution for injection 3ml cartridges,1283,8991.0,50907.042
202602,NI,0601011A0BBADAC,NovoRapid FlexPen 100units/ml solution for injection 3ml pre-filled pens,3806,26007.0,159162.84
202602,NI,0601011A0BBAEAC,NovoRapid FlexTouch 100units/ml solution for injection 3ml pre-filled pens,57,370.0,2377.62
202602,NI,0601011A0BBAFAD,NovoRapid PumpCart 100units/ml solution for injection 1.6ml cartridges,105,1176.0,3551.52
202602,NI,0601011A0BCAAAC,Fiasp FlexTouch 100units/ml solution for injection 3ml pre-filled pens,51,317.0,1940.04
202602,NI,0601011A0BCABAB,Fiasp Penfill 100units/ml solution for injection 3ml cartridges,1700,10922.0,61840.364
202602,NI,0601011A0BCACAA,Fiasp 100units/ml solution for injection 10ml vials,479,1964.0,27653.12
202602,NI,0601011L0AAABAB,-,1,3.0,49.83
202602,NI,0601011L0AAAFAF,-,4,25.0,147.3
202602,NI,0601011L0AAAGAG,-,17,145.0,1708.68
202602,NI,0601011L0BBABAB,Humalog 100units/ml solution for injection 10ml vials,58,274.0,4551.139999999999
202602,NI,0601011L0BBACAC,Humalog 100units/ml solution for injection 3ml cartridges,94,852.0,4824.024
202602,NI,0601011L0BBAGAF,Humalog KwikPen 100units/ml solution for injection 3ml pre-filled pens,507,3669.0,21617.748
202602,NI,0601011L0BBAHAG,Humalog KwikPen 200units/ml solution for injection 3ml pre-filled pens,77,720.0,8484.48
202602,NI,0601011L0BDABAB,Lyumjev 100units/ml solution for injection 10ml vials,118,510.0,8471.1
202602,NI,0601011L0BDACAC,Lyumjev 100units/ml solution for injection 3ml cartridges,43,280.0,1585.36
202602,NI,0601011L0BDADAF,Lyumjev KwikPen 100units/ml solution for injection 3ml pre-filled pens,536,3379.0,19909.068
202602,NI,0601011L0BDAEAF,Lyumjev Junior KwikPen 100units/ml solution for injection 3ml pre-filled pens,65,334.0,1967.928
202602,NI,0601011N0BCAEAC,Hypurin Porcine Neutral 100units/ml solution for injection 10ml vials,2,7.0,275.73
202602,NI,0601011N0BCAHAZ,Hypurin Porcine Neutral 100units/ml solution for injection 3ml cartridges,10,100.0,1181.6
202602,NI,0601011N0BFAEAL,Actrapid 100units/ml solution for injection 10ml vials,6,24.0,179.52
202602,NI,0601011N0BHADAP,Humulin S 100units/ml solution for injection 3ml cartridges,12,125.0,477.0
202602,NI,0601011P0AAACAC,-,3,20.0,113.2
202602,NI,0601011P0BBAAAA,Apidra 100units/ml solution for injection 10ml vials,16,79.0,1264.0
202602,NI,0601011P0BBABAB,Apidra 100units/ml solution for injection 3ml cartridges,24,228.0,1290.48
202602,NI,0601011P0BBAEAC,Apidra 100units/ml solution for injection 3ml pre-filled SoloStar pens,328,2530.0,14319.8
202603,NI,0601011A0AAAAAA,-,39,190.0,2675.2000000000003
202603,NI,0601011A0AAABAB,-,141,1472.0,8334.464
202603,NI,0601011A0AAACAC,-,43,335.0,2050.2000000000003
202603,NI,0601011A0AAADAD,-,3,65.0,196.3
202603,NI,0601011A0BBAAAA,NovoRapid 100units/ml solution for injection 10ml vials,1069,4330.0,60966.4
202603,NI,0601011A0BBABAB,NovoRapid Penfill 100units/ml solution for injection 3ml cartridges,1501,10658.0,60345.596
202603,NI,0601011A0BBADAC,NovoRapid FlexPen 100units/ml solution for injection 3ml pre-filled pens,4387,29910.0,183049.2
202603,NI,0601011A0BBAEAC,NovoRapid FlexTouch 100units/ml solution for injection 3ml pre-filled pens,41,324.0,2082.0240000000003
202603,NI,0601011A0BBAFAD,NovoRapid PumpCart 100units/ml solution for injection 1.6ml cartridges,123,1610.0,4862.2
202603,NI,0601011A0BCAAAC,Fiasp FlexTouch 100units/ml solution for injection 3ml pre-filled pens,37,204.0,1248.48
202603,NI,0601011A0BCABAB,Fiasp Penfill 100units/ml solution for injection 3ml cartridges,1946,12512.0,70842.944
202603,NI,0601011A0BCACAA,Fiasp 100units/ml solution for injection 10ml vials,508,2136.0,30074.88
202603,NI,0601011L0AAABAB,-,2,9.0,149.49
202603,NI,0601011L0AAAFAF,-,4,40.0,235.68
202603,NI,0601011L0AAAGAG,-,22,180.0,2121.12
202603,NI,0601011L0BBABAB,Humalog 100units/ml solution for injection 10ml vials,68,342.0,5680.62
202603,NI,0601011L0BBACAC,Humalog 100units/ml solution for injection 3ml cartridges,113,1112.0,6296.144
202603,NI,0601011L0BBAGAF,Humalog KwikPen 100units/ml solution for injection 3ml pre-filled pens,589,4066.0,23956.872
202603,NI,0601011L0BBAHAG,Humalog KwikPen 200units/ml solution for injection 3ml pre-filled pens,95,810.0,9545.04
202603,NI,0601011L0BDABAB,Lyumjev 100units/ml solution for injection 10ml vials,127,519.0,8620.59
202603,NI,0601011L0BDACAC,Lyumjev 100units/ml solution for injection 3ml cartridges,46,295.0,1670.29
202603,NI,0601011L0BDADAF,Lyumjev KwikPen 100units/ml solution for injection 3ml pre-filled pens,620,3907.0,23020.044
202603,NI,0601011L0BDAEAF,Lyumjev Junior KwikPen 100units/ml solution for injection 3ml pre-filled pens,70,404.0,2380.368
202603,NI,0601011N0BCAEAC,Hypurin Porcine Neutral 100units/ml solution for injection 10ml vials,3,16.0,630.24
202603,NI,0601011N0BCAHAZ,Hypurin Porcine Neutral 100units/ml solution for injection 3ml cartridges,12,80.0,945.28
202603,NI,0601011N0BFAEAL,Actrapid 100units/ml solution for injection 10ml vials,7,25.0,187.0
202603,NI,0601011N0BHADAP,Humulin S 100units/ml solution for injection 3ml cartridges,17,120.0,457.92
202603,NI,0601011P0AAAAAA,-,1,6.0,96.0
202603,NI,0601011P0AAACAC,-,2,35.0,198.1
202603,NI,0601011P0BBAAAA,Apidra 100units/ml solution for injection 10ml vials,17,96.0,1536.0
202603,NI,0601011P0BBABAB,Apidra 100units/ml solution for injection 3ml cartridges,28,218.0,1233.88
202603,NI,0601011P0BBAEAC,Apidra 100units/ml solution for injection 3ml pre-filled SoloStar pens,373,2734.0,15474.44
202604,NI,0601011A0AAAAAA,-,22,120.0,1689.6
202604,NI,0601011A0AAABAB,-,110,1187.0,6720.794
202604,NI,0601011A0AAACAC,-,35,280.0,1713.6
202604,NI,0601011A0AAADAD,-,6,75.0,226.5
202604,NI,0601011A0BBAAAA,NovoRapid 100units/ml solution for injection 10ml vials,1004,4061.0,57178.88
202604,NI,0601011A0BBABAB,NovoRapid Penfill 100units/ml solution for injection 3ml cartridges,1375,9618.0,54457.116
202604,NI,0601011A0BBADAC,NovoRapid FlexPen 100units/ml solution for injection 3ml pre-filled pens,4079,27643.0,169175.16
202604,NI,0601011A0BBAEAC,NovoRapid FlexTouch 100units/ml solution for injection 3ml pre-filled pens,36,230.0,1477.98
202604,NI,0601011A0BBAFAD,NovoRapid PumpCart 100units/ml solution for injection 1.6ml cartridges,120,1615.0,4877.3
202604,NI,0601011A0BCAAAC,Fiasp FlexTouch 100units/ml solution for injection 3ml pre-filled pens,17,85.0,520.2
202604,NI,0601011A0BCABAB,Fiasp Penfill 100units/ml solution for injection 3ml cartridges,1818,11733.0,66432.246
202604,NI,0601011A0BCACAA,Fiasp 100units/ml solution for injection 10ml vials,519,2123.0,29891.84
202604,NI,0601011L0AAABAB,-,2,11.0,182.71
202604,NI,0601011L0AAAFAF,-,3,25.0,147.3
202604,NI,0601011L0AAAGAG,-,20,155.0,1826.52
202604,NI,0601011L0BBABAB,Humalog 100units/ml solution for injection 10ml vials,66,324.0,5381.639999999999
202604,NI,0601011L0BBACAC,Humalog 100units/ml solution for injection 3ml cartridges,104,922.0,5220.364
202604,NI,0601011L0BBAGAF,Humalog KwikPen 100units/ml solution for injection 3ml pre-filled pens,524,3648.0,21494.016
202604,NI,0601011L0BBAHAG,Humalog KwikPen 200units/ml solution for injection 3ml pre-filled pens,82,790.0,9309.36
202604,NI,0601011L0BDABAB,Lyumjev 100units/ml solution for injection 10ml vials,127,485.0,8055.849999999999
202604,NI,0601011L0BDACAC,Lyumjev 100units/ml solution for injection 3ml cartridges,52,316.0,1789.192
202604,NI,0601011L0BDADAF,Lyumjev KwikPen 100units/ml solution for injection 3ml pre-filled pens,582,3531.0,20804.652
202604,NI,0601011L0BDAEAF,Lyumjev Junior KwikPen 100units/ml solution for injection 3ml pre-filled pens,76,375.0,2209.5
202604,NI,0601011N0BCAEAC,Hypurin Porcine Neutral 100units/ml solution for injection 10ml vials,2,9.0,354.51
202604,NI,0601011N0BCAHAZ,Hypurin Porcine Neutral 100units/ml solution for injection 3ml cartridges,8,40.0,472.64
202604,NI,0601011N0BFAEAL,Actrapid 100units/ml solution for injection 10ml vials,4,12.0,89.76
202604,NI,0601011N0BHAAAL,Humulin S 100units/ml solution for injection 10ml vials,1,2.0,31.36
202604,NI,0601011N0BHADAP,Humulin S 100units/ml solution for injection 3ml cartridges,15,100.0,381.6
202604,NI,0601011P0AAAAAA,-,1,10.0,160.0
202604,NI,0601011P0BBAAAA,Apidra 100units/ml solution for injection 10ml vials,20,117.0,1872.0
202604,NI,0601011P0BBABAB,Apidra 100units/ml solution for injection 3ml cartridges,31,247.0,1398.02
202604,NI,0601011P0BBAEAC,Apidra 100units/ml solution for injection 3ml pre-filled SoloStar pens,339,2777.0,15717.82
202605,NI,0601011A0AAAAAA,-,6,39.0,549.12
202605,NI,0601011A0AAABAB,-,104,1115.0,6313.13
202605,NI,0601011A0AAACAC,-,27,165.0,1009.8
202605,NI,0601011A0AAADAD,-,1,20.0,60.4
202605,NI,0601011A0BBAAAA,NovoRapid 100units/ml solution for injection 10ml vials,1039,4266.0,60065.28
202605,NI,0601011A0BBABAB,NovoRapid Penfill 100units/ml solution for injection 3ml cartridges,1333,9437.0,53432.294
202605,NI,0601011A0BBADAC,NovoRapid FlexPen 100units/ml solution for injection 3ml pre-filled pens,4048,28073.0,171806.76
202605,NI,0601011A0BBAEAC,NovoRapid FlexTouch 100units/ml solution for injection 3ml pre-filled pens,23,160.0,1028.16
202605,NI,0601011A0BBAFAD,NovoRapid PumpCart 100units/ml solution for injection 1.6ml cartridges,129,1735.0,5239.7
202605,NI,0601011A0BCAAAC,Fiasp FlexTouch 100units/ml solution for injection 3ml pre-filled pens,5,27.0,165.24
202605,NI,0601011A0BCABAB,Fiasp Penfill 100units/ml solution for injection 3ml cartridges,1853,12125.0,68651.75
202605,NI,0601011A0BCACAA,Fiasp 100units/ml solution for injection 10ml vials,508,2063.0,29047.04
202605,NI,0601011L0AAABAB,-,1,3.0,49.83
202605,NI,0601011L0AAAFAF,-,3,15.0,88.38
202605,NI,0601011L0AAAGAG,-,24,180.0,2121.12
202605,NI,0601011L0BBABAB,Humalog 100units/ml solution for injection 10ml vials,49,216.0,3587.76
202605,NI,0601011L0BBACAC,Humalog 100units/ml solution for injection 3ml cartridges,110,1022.0,5786.564
202605,NI,0601011L0BBAGAF,Humalog KwikPen 100units/ml solution for injection 3ml pre-filled pens,506,3522.0,20751.624
202605,NI,0601011L0BBAHAG,Humalog KwikPen 200units/ml solution for injection 3ml pre-filled pens,88,820.0,9662.88
202605,NI,0601011L0BDABAB,Lyumjev 100units/ml solution for injection 10ml vials,133,525.0,8720.25
202605,NI,0601011L0BDACAC,Lyumjev 100units/ml solution for injection 3ml cartridges,40,246.0,1392.852
202605,NI,0601011L0BDADAF,Lyumjev KwikPen 100units/ml solution for injection 3ml pre-filled pens,601,3796.0,22366.032
202605,NI,0601011L0BDAEAF,Lyumjev Junior KwikPen 100units/ml solution for injection 3ml pre-filled pens,67,345.0,2032.74
202605,NI,0601011N0BCAHAZ,Hypurin Porcine Neutral 100units/ml solution for injection 3ml cartridges,10,75.0,886.2
202605,NI,0601011N0BFAEAL,Actrapid 100units/ml solution for injection 10ml vials,8,17.0,127.16
202605,NI,0601011N0BHADAP,Humulin S 100units/ml solution for injection 3ml cartridges,12,100.0,381.6
202605,NI,0601011P0BBAAAA,Apidra 100units/ml solution for injection 10ml vials,15,67.0,1072.0
202605,NI,0601011P0BBABAB,Apidra 100units/ml solution for injection 3ml cartridges,23,170.0,962.2
202605,NI,0601011P0BBAEAC,Apidra 100units/ml solution for injection 3ml pre-filled SoloStar pens,354,2565.0,14517.9
202606,NI,0601011A0AAAAAA,-,7,45.0,633.6
202606,NI,0601011A0AAABAB,-,54,545.0,3085.79
202606,NI,0601011A0AAACAC,-,31,192.0,1175.04
202606,NI,0601011A0AAADAD,-,5,85.0,256.7
202606,NI,0601011A0BBAAAA,NovoRapid 100units/ml solution for injection 10ml vials,1130,4642.0,65359.36
202606,NI,0601011A0BBABAB,NovoRapid Penfill 100units/ml solution for injection 3ml cartridges,1471,10366.0,58692.292
202606,NI,0601011A0BBADAC,NovoRapid FlexPen 100units/ml solution for injection 3ml pre-filled pens,4246,29238.0,178936.56
202606,NI,0601011A0BBAEAC,NovoRapid FlexTouch 100units/ml solution for injection 3ml pre-filled pens,9,70.0,449.8200000000001
202606,NI,0601011A0BBAFAD,NovoRapid PumpCart 100units/ml solution for injection 1.6ml cartridges,127,1690.0,5103.8
202606,NI,0601011A0BCAAAC,Fiasp FlexTouch 100units/ml solution for injection 3ml pre-filled pens,2,20.0,122.4
202606,NI,0601011A0BCABAB,Fiasp Penfill 100units/ml solution for injection 3ml cartridges,2005,13246.0,74998.852
202606,NI,0601011A0BCACAA,Fiasp 100units/ml solution for injection 10ml vials,624,2599.0,36593.92
202606,NI,0601011L0AAABAB,-,1,8.0,132.88
202606,NI,0601011L0AAAFAF,-,6,40.0,235.68
202606,NI,0601011L0AAAGAG,-,24,165.0,1944.36
202606,NI,0601011L0BBABAB,Humalog 100units/ml solution for injection 10ml vials,81,376.0,6245.36
202606,NI,0601011L0BBACAC,Humalog 100units/ml solution for injection 3ml cartridges,124,1155.0,6539.61
202606,NI,0601011L0BBAGAF,Humalog KwikPen 100units/ml solution for injection 3ml pre-filled pens,590,4261.0,25105.812
202606,NI,0601011L0BBAHAG,Humalog KwikPen 200units/ml solution for injection 3ml pre-filled pens,88,795.0,9368.28
202606,NI,0601011L0BDABAB,Lyumjev 100units/ml solution for injection 10ml vials,137,532.0,8836.52
202606,NI,0601011L0BDACAC,Lyumjev 100units/ml solution for injection 3ml cartridges,54,340.0,1925.08
202606,NI,0601011L0BDADAF,Lyumjev KwikPen 100units/ml solution for injection 3ml pre-filled pens,634,3958.0,23320.536
202606,NI,0601011L0BDAEAF,Lyumjev Junior KwikPen 100units/ml solution for injection 3ml pre-filled pens,68,375.0,2209.5
202606,NI,0601011N0BCAHAZ,Hypurin Porcine Neutral 100units/ml solution for injection 3ml cartridges,9,50.0,590.8
202606,NI,0601011N0BFAEAL,Actrapid 100units/ml solution for injection 10ml vials,10,38.0,284.24
202606,NI,0601011N0BHADAP,Humulin S 100units/ml solution for injection 3ml cartridges,16,106.0,404.496
202606,NI,0601011P0AAACAC,-,4,25.0,141.5
202606,NI,0601011P0BBAAAA,Apidra 100units/ml solution for injection 10ml vials,16,78.0,1248.0
202606,NI,0601011P0BBABAB,Apidra 100units/ml solution for injection 3ml cartridges,26,213.0,1205.58
202606,NI,0601011P0BBAEAC,Apidra 100units/ml solution for injection 3ml pre-filled SoloStar pens,374,2886.0,16334.76
202607,NI,0601011A0AAAAAA,-,2,9.0,126.72
202607,NI,0601011A0AAABAB,-,28,300.0,1698.6
202607,NI,0601011A0AAACAC,-,19,134.0,820.08
202607,NI,0601011A0AAADAD,-,4,55.0,166.1
202607,NI,0601011A0BBAAAA,NovoRapid 100units/ml solution for injection 10ml vials,1074,4429.0,62360.32
202607,NI,0601011A0BBABAB,NovoRapid Penfill 100units/ml solution for injection 3ml cartridges,1439,9867.0,55866.954
202607,NI,0601011A0BBADAC,NovoRapid FlexPen 100units/ml solution for injection 3ml pre-filled pens,4293,29347.0,179603.64
202607,NI,0601011A0BBAEAC,NovoRapid FlexTouch 100units/ml solution for injection 3ml pre-filled pens,3,40.0,257.04
202607,NI,0601011A0BBAFAD,NovoRapid PumpCart 100units/ml solution for injection 1.6ml cartridges,123,1590.0,4801.8
202607,NI,0601011A0BCAAAC,Fiasp FlexTouch 100units/ml solution for injection 3ml pre-filled pens,3,15.0,91.8
202607,NI,0601011A0BCABAB,Fiasp Penfill 100units/ml solution for injection 3ml cartridges,2151,14429.0,81696.998
202607,NI,0601011A0BCACAA,Fiasp 100units/ml solution for injection 10ml vials,636,2629.0,37016.32
202607,NI,0601011L0AAAFAF,-,2,10.0,58.92
202607,NI,0601011L0AAAGAG,-,30,225.0,2651.4
202607,NI,0601011L0BBABAB,Humalog 100units/ml solution for injection 10ml vials,71,319.0,5298.59
202607,NI,0601011L0BBACAC,Humalog 100units/ml solution for injection 3ml cartridges,96,818.0,4631.516
202607,NI,0601011L0BBAGAF,Humalog KwikPen 100units/ml solution for injection 3ml pre-filled pens,526,3577.0,21075.684
202607,NI,0601011L0BBAHAG,Humalog KwikPen 200units/ml solution for injection 3ml pre-filled pens,93,850.0,10016.4
202607,NI,0601011L0BDABAB,Lyumjev 100units/ml solution for injection 10ml vials,168,663.0,11012.43
202607,NI,0601011L0BDACAC,Lyumjev 100units/ml solution for injection 3ml cartridges,48,330.0,1868.46
202607,NI,0601011L0BDADAF,Lyumjev KwikPen 100units/ml solution for injection 3ml pre-filled pens,677,4270.0,25158.84
202607,NI,0601011L0BDAEAF,Lyumjev Junior KwikPen 100units/ml solution for injection 3ml pre-filled pens,80,450.0,2651.4
202607,NI,0601011N0BCAHAZ,Hypurin Porcine Neutral 100units/ml solution for injection 3ml cartridges,12,85.0,1004.36
202607,NI,0601011N0BFAEAL,Actrapid 100units/ml solution for injection 10ml vials,5,12.0,89.76
202607,NI,0601011N0BHADAP,Humulin S 100units/ml solution for injection 3ml cartridges,13,96.0,366.336
202607,NI,0601011P0AAACAC,-,3,40.0,226.4
202607,NI,0601011P0BBAAAA,Apidra 100units/ml solution for injection 10ml vials,17,102.0,1632.0
202607,NI,0601011P0BBABAB,Apidra 100units/ml solution for injection 3ml cartridges,24,229.0,1296.14
202607,NI,0601011P0BBAEAC,Apidra 100units/ml solution for injection 3ml pre-filled SoloStar pens,368,2814.0,15927.24
