MONTH_OF_SUPPLY,ITEM_CODE,ATC5_CODE,DRUG_NAME,PTNT_CTGRY_DRVD_CD,DRG_TYP_CTGRY,SCRIPT_TYPE,PRSCRPTN_CNT,PATIENT_CONTRIB,GOVT_CONTRIB,RETAIL_MARKUP,TOTAL_COST,PATIENT_NET_CONTRIB
202207,01921D,A10AB06,INSULIN GLULISINE,C0,Section 85,ABOVE CO-PAYMENT,18,0,4003.56,172.26,4003.56,0
202207,01921D,A10AB06,INSULIN GLULISINE,C1,Section 85,ABOVE CO-PAYMENT,22,142.8,4578.76,202.88,4721.56,136.8
202207,01921D,A10AB06,INSULIN GLULISINE,G1,Section 85,ABOVE CO-PAYMENT,1,6.8,215.62,9.57,222.42,6.8
202207,01921D,A10AB06,INSULIN GLULISINE,G2,Section 85,ABOVE CO-PAYMENT,29,1232.5,5217.68,277.53,6450.18,1225.65
202207,01921D,A10AB06,INSULIN GLULISINE,R0,Section 85,ABOVE CO-PAYMENT,1,0,222.42,9.57,222.42,0
202207,08084L,A10AB04,INSULIN LISPRO,C0,Section 85,ABOVE CO-PAYMENT,34,0,4390.63,173.94,4390.63,0
202207,08084L,A10AB04,INSULIN LISPRO,C1,Section 85,ABOVE CO-PAYMENT,98,659.6,11726.77,490.030000000001,12386.37,634.6
202207,08084L,A10AB04,INSULIN LISPRO,G1,Section 85,ABOVE CO-PAYMENT,3,20.4,356.61,14.91,377.01,20.4
202207,08084L,A10AB04,INSULIN LISPRO,G2,Section 85,ABOVE CO-PAYMENT,284,11927.2,24339.5599999999,1431.31000000001,36266.7599999997,11855.7
202207,08084L,A10AB04,INSULIN LISPRO,G2,Section 85,UNDER CO-PAYMENT,1,31.39,0,0.99,31.39,37.24
202207,08084L,A10AB04,INSULIN LISPRO,R0,Section 85,ABOVE CO-PAYMENT,3,0,377.01,14.91,377.01,0
202207,08084L,A10AB04,INSULIN LISPRO,R1,Section 85,ABOVE CO-PAYMENT,1,6.8,118.87,4.97,125.67,6.8
202207,08212F,A10AB04,INSULIN LISPRO,C0,Section 85,ABOVE CO-PAYMENT,174,0,36332.76,1554.68999999999,36332.76,0
202207,08212F,A10AB04,INSULIN LISPRO,C1,Section 85,ABOVE CO-PAYMENT,430,2890.00000000001,86919.8900000006,3807.54999999998,89809.8899999998,2748.00000000001
202207,08212F,A10AB04,INSULIN LISPRO,G1,Section 85,ABOVE CO-PAYMENT,10,68,2048.2,90.6,2116.2,66
202207,08212F,A10AB04,INSULIN LISPRO,G2,Section 85,ABOVE CO-PAYMENT,946,39705.2,160409.989999998,8509.15000000014,200115.189999997,39440.95
202207,08212F,A10AB04,INSULIN LISPRO,G2,Section 85,UNDER CO-PAYMENT,2,77.9,0,0,77.9,85
202207,08212F,A10AB04,INSULIN LISPRO,R0,Section 85,ABOVE CO-PAYMENT,8,6.8,1686.16,72.48,1692.96,6.8
202207,08212F,A10AB04,INSULIN LISPRO,R1,Section 85,ABOVE CO-PAYMENT,6,40.8,1065.88,47.11,1106.68,40.8
202207,08435Y,A10AB05,INSULIN ASPART,C0,Section 85,ABOVE CO-PAYMENT,585,0,123119.269999999,5260.42000000003,123119.269999999,0
202207,08435Y,A10AB05,INSULIN ASPART,C1,Section 85,ABOVE CO-PAYMENT,2429,15993.5999999993,491374.680000014,21582.2000000004,507368.279999991,15170.1899999994
202207,08435Y,A10AB05,INSULIN ASPART,G1,Section 85,ABOVE CO-PAYMENT,44,278.8,8861.62,391.39,9140.42,276.8
202207,08435Y,A10AB05,INSULIN ASPART,G2,Section 85,ABOVE CO-PAYMENT,3561,149486.1,599641.509999986,31909.110000002,749127.609999986,148495.1
202207,08435Y,A10AB05,INSULIN ASPART,G2,Section 85,UNDER CO-PAYMENT,11,428.45,0,0,428.45,467.5
202207,08435Y,A10AB05,INSULIN ASPART,R0,Section 85,ABOVE CO-PAYMENT,16,0,3222.88,137.71,3222.88,0
202207,08435Y,A10AB05,INSULIN ASPART,R1,Section 85,ABOVE CO-PAYMENT,19,129.2,3710.41,154.57,3839.61,124.2
202207,08571D,A10AB05,INSULIN ASPART,C0,Section 85,ABOVE CO-PAYMENT,101,0,12582.75,497.980000000001,12582.75,0
202207,08571D,A10AB05,INSULIN ASPART,C1,Section 85,ABOVE CO-PAYMENT,368,2427.6,43771.8200000001,1826.97000000001,46199.4199999996,2301.55
202207,08571D,A10AB05,INSULIN ASPART,G1,Section 85,ABOVE CO-PAYMENT,6,40.8,713.22,29.82,754.02,40.8
202207,08571D,A10AB05,INSULIN ASPART,G2,Section 85,ABOVE CO-PAYMENT,773,32281.3,64696.7299999991,3835.82999999994,96978.0299999989,32085.5
202207,08571D,A10AB05,INSULIN ASPART,G2,Section 85,UNDER CO-PAYMENT,4,125.56,0,3.96,125.56,92.37
202207,08571D,A10AB05,INSULIN ASPART,R1,Section 85,ABOVE CO-PAYMENT,2,13.6,237.74,9.94,251.34,12.6
202207,09224L,A10AB06,INSULIN GLULISINE,C0,Section 85,ABOVE CO-PAYMENT,4,0,651.53,26.3,651.53,0
202207,09224L,A10AB06,INSULIN GLULISINE,C1,Section 85,ABOVE CO-PAYMENT,3,20.4,375.21,15.78,395.61,19.4
202207,09224L,A10AB06,INSULIN GLULISINE,G2,Section 85,ABOVE CO-PAYMENT,10,425,893.7,52.6,1318.7,422
202207,09224L,A10AB06,INSULIN GLULISINE,R0,Section 85,ABOVE CO-PAYMENT,1,0,131.87,5.26,131.87,0
202207,11645X,A10AB04,INSULIN LISPRO,C0,Section 85,ABOVE CO-PAYMENT,34,0,14149.78,639.2,14149.78,0
202207,11645X,A10AB04,INSULIN LISPRO,C1,Section 85,ABOVE CO-PAYMENT,22,136,9006.39,400.25,9142.39,129
202207,11645X,A10AB04,INSULIN LISPRO,G1,Section 85,ABOVE CO-PAYMENT,2,13.6,818.74,37.6,832.34,12.6
202207,11645X,A10AB04,INSULIN LISPRO,G2,Section 85,ABOVE CO-PAYMENT,44,1870,16441.48,827.2,18311.48,1855
202207,11645X,A10AB04,INSULIN LISPRO,R0,Section 85,ABOVE CO-PAYMENT,1,0,416.17,18.8,416.17,0
202207,11705C,A10AB05,INSULIN ASPART,C0,Section 85,ABOVE CO-PAYMENT,22,0,2764.74,109.34,2764.74,0
202207,11705C,A10AB05,INSULIN ASPART,C1,Section 85,ABOVE CO-PAYMENT,91,598.4,10824.8,447.300000000001,11423.2,576.4
202207,11705C,A10AB05,INSULIN ASPART,G1,Section 85,ABOVE CO-PAYMENT,3,20.4,356.61,14.91,377.01,20.4
202207,11705C,A10AB05,INSULIN ASPART,G2,Section 85,ABOVE CO-PAYMENT,313,13195.4,26233.5899999998,1559.58000000001,39428.9899999997,13113.4
202207,11705C,A10AB05,INSULIN ASPART,G2,Section 85,UNDER CO-PAYMENT,2,62.78,0,1.98,62.78,64.93
202207,11705C,A10AB05,INSULIN ASPART,R1,Section 85,ABOVE CO-PAYMENT,3,20.4,356.61,14.91,377.01,18.4
202207,11706D,A10AB05,INSULIN ASPART,C0,Section 85,ABOVE CO-PAYMENT,284,0,59645.4200000003,2546.76999999999,59645.4200000003,0
202207,11706D,A10AB05,INSULIN ASPART,C1,Section 85,ABOVE CO-PAYMENT,568,3760.40000000004,114361.510000002,5007.64000000002,118121.909999999,3526.25000000003
202207,11706D,A10AB05,INSULIN ASPART,G1,Section 85,ABOVE CO-PAYMENT,36,244.8,7365.7,326.16,7610.5,237.8
202207,11706D,A10AB05,INSULIN ASPART,G2,Section 85,ABOVE CO-PAYMENT,1422,59613.9,238378.229999996,12740.4899999999,297992.129999995,59146.95
202207,11706D,A10AB05,INSULIN ASPART,R0,Section 85,ABOVE CO-PAYMENT,9,0,1741.54,74.29,1741.54,0
202207,11706D,A10AB05,INSULIN ASPART,R1,Section 85,ABOVE CO-PAYMENT,4,27.2,819.28,36.24,846.48,24.2
202207,12237C,A10AB04,INSULIN LISPRO,C0,Section 85,ABOVE CO-PAYMENT,287,0,59770.2200000003,2554.73999999999,59770.2200000003,0
202207,12237C,A10AB04,INSULIN LISPRO,C1,Section 85,ABOVE CO-PAYMENT,333,2237.2,65652.6899999999,2883.41999999999,67889.8900000003,2109.84999999999
202207,12237C,A10AB04,INSULIN LISPRO,G1,Section 85,ABOVE CO-PAYMENT,11,74.8,2253.02,99.66,2327.82,71.8
202207,12237C,A10AB04,INSULIN LISPRO,G2,Section 85,ABOVE CO-PAYMENT,596,24830.2,98022.9199999996,5250.97000000003,122853.119999999,24643.8
202207,12237C,A10AB04,INSULIN LISPRO,G2,Section 85,UNDER CO-PAYMENT,2,77.9,0,0,77.9,85
202207,12237C,A10AB04,INSULIN LISPRO,R0,Section 85,ABOVE CO-PAYMENT,15,6.8,3004.46,128.65,3011.26,6.8
202207,12237C,A10AB04,INSULIN LISPRO,R1,Section 85,ABOVE CO-PAYMENT,5,34,861.06,38.05,895.06,34
202207,12254Y,A10AB05,INSULIN ASPART,C0,Section 85,ABOVE CO-PAYMENT,4362,0,897280.51999998,38127.3000000007,897280.51999998,6.8
202207,12254Y,A10AB05,INSULIN ASPART,C1,Section 85,ABOVE CO-PAYMENT,4858,31143.9999999977,938730.919999924,40618.1800000001,969874.919999975,29535.4899999978
202207,12254Y,A10AB05,INSULIN ASPART,G1,Section 85,ABOVE CO-PAYMENT,178,1115.2,35389.3,1539.47999999999,36504.5,1095.2
202207,12254Y,A10AB05,INSULIN ASPART,G2,Section 85,ABOVE CO-PAYMENT,6470,269048.799999999,1046390.42999997,55610.4199999962,1315439.23000012,266774.649999999
202207,12254Y,A10AB05,INSULIN ASPART,G2,Section 85,UNDER CO-PAYMENT,68,2648.6,0,0,2648.6,2890
202207,12254Y,A10AB05,INSULIN ASPART,R0,Section 85,ABOVE CO-PAYMENT,126,6.8,25872.8,1097.01,25879.6,6.8
202207,12254Y,A10AB05,INSULIN ASPART,R1,Section 85,ABOVE CO-PAYMENT,59,387.6,9988.49,419.14,10376.09,375.6
202207,12268Q,A10AB06,INSULIN GLULISINE,C0,Section 85,ABOVE CO-PAYMENT,323,0,71568.4999999996,3079.64000000001,71568.4999999996,0
202207,12268Q,A10AB06,INSULIN GLULISINE,C1,Section 85,ABOVE CO-PAYMENT,204,1319.2,43059.2800000001,1900.2,44378.4799999998,1237.7
202207,12268Q,A10AB06,INSULIN GLULISINE,G1,Section 85,ABOVE CO-PAYMENT,12,81.6,2587.44,114.84,2669.04,76.6
202207,12268Q,A10AB06,INSULIN GLULISINE,G2,Section 85,ABOVE CO-PAYMENT,297,12372.6,53514.4599999997,2834.63000000001,65887.0599999996,12299.75
202207,12268Q,A10AB06,INSULIN GLULISINE,R0,Section 85,ABOVE CO-PAYMENT,11,0,2446.62,105.27,2446.62,0
202207,12268Q,A10AB06,INSULIN GLULISINE,R1,Section 85,ABOVE CO-PAYMENT,6,40.8,950.36,42.1,991.16,40.8
202208,01921D,A10AB06,INSULIN GLULISINE,C0,Section 85,ABOVE CO-PAYMENT,21,0,4670.82,200.97,4670.82,0
202208,01921D,A10AB06,INSULIN GLULISINE,C1,Section 85,ABOVE CO-PAYMENT,16,108.8,3449.92,153.12,3558.72,101.8
202208,01921D,A10AB06,INSULIN GLULISINE,G1,Section 85,ABOVE CO-PAYMENT,2,13.6,431.24,19.14,444.84,13.6
202208,01921D,A10AB06,INSULIN GLULISINE,G2,Section 85,ABOVE CO-PAYMENT,32,1324.3,5621.46,298.58,6945.76,1317.3
202208,01921D,A10AB06,INSULIN GLULISINE,R0,Section 85,ABOVE CO-PAYMENT,1,0,222.42,9.57,222.42,0
202208,08084L,A10AB04,INSULIN LISPRO,C0,Section 85,ABOVE CO-PAYMENT,48,0,6220.72,246.5,6220.72,0
202208,08084L,A10AB04,INSULIN LISPRO,C1,Section 85,ABOVE CO-PAYMENT,98,659.6,11561.78,483.080000000001,12221.38,629.8
202208,08084L,A10AB04,INSULIN LISPRO,G1,Section 85,ABOVE CO-PAYMENT,5,34,712.2,29.81,746.2,33
202208,08084L,A10AB04,INSULIN LISPRO,G2,Section 85,ABOVE CO-PAYMENT,301,12685.4,25361.3299999998,1505.88000000001,38046.7299999997,12619.55
202208,08084L,A10AB04,INSULIN LISPRO,G2,Section 85,UNDER CO-PAYMENT,1,31.39,0,0.99,31.39,37.24
202208,08084L,A10AB04,INSULIN LISPRO,R0,Section 85,ABOVE CO-PAYMENT,2,0,251.34,9.94,251.34,0
202208,08084L,A10AB04,INSULIN LISPRO,R1,Section 85,ABOVE CO-PAYMENT,1,6.8,24.59,0.99,31.39,6.8
202208,08212F,A10AB04,INSULIN LISPRO,C0,Section 85,ABOVE CO-PAYMENT,228,0,48069.4500000002,2049.36999999999,48069.4500000002,0
202208,08212F,A10AB04,INSULIN LISPRO,C1,Section 85,ABOVE CO-PAYMENT,383,2556.8,78001.7100000003,3406.54999999998,80558.51,2413.25
202208,08212F,A10AB04,INSULIN LISPRO,G1,Section 85,ABOVE CO-PAYMENT,15,102,3072.3,135.9,3174.3,101
202208,08212F,A10AB04,INSULIN LISPRO,G2,Section 85,ABOVE CO-PAYMENT,926,39033.7,155724.649999998,8294.06000000016,194758.349999998,38792.7
202208,08212F,A10AB04,INSULIN LISPRO,G2,Section 85,UNDER CO-PAYMENT,8,311.6,0,0,311.6,340
202208,08212F,A10AB04,INSULIN LISPRO,R0,Section 85,ABOVE CO-PAYMENT,5,0,1058.1,45.3,1058.1,0
202208,08212F,A10AB04,INSULIN LISPRO,R1,Section 85,ABOVE CO-PAYMENT,5,34,1024.1,45.3,1058.1,33
202208,08435Y,A10AB05,INSULIN ASPART,C0,Section 85,ABOVE CO-PAYMENT,737,0,153947.969999999,6569.78000000009,153947.969999999,0
202208,08435Y,A10AB05,INSULIN ASPART,C1,Section 85,ABOVE CO-PAYMENT,2479,16251.9999999993,502263.190000014,22025.0500000005,518515.189999991,15382.8499999994
202208,08435Y,A10AB05,INSULIN ASPART,G1,Section 85,ABOVE CO-PAYMENT,65,435.200000000001,12867.96,565.18,13303.16,425.200000000001
202208,08435Y,A10AB05,INSULIN ASPART,G2,Section 85,ABOVE CO-PAYMENT,3801,159614.7,641961.989999985,34115.9600000017,801576.689999984,158518.9
202208,08435Y,A10AB05,INSULIN ASPART,G2,Section 85,UNDER CO-PAYMENT,7,272.65,0,0,272.65,255
202208,08435Y,A10AB05,INSULIN ASPART,R0,Section 85,ABOVE CO-PAYMENT,22,0,4165.26,176.31,4165.26,0
202208,08435Y,A10AB05,INSULIN ASPART,R1,Section 85,ABOVE CO-PAYMENT,15,102,2908,127.39,3010,97
202208,08571D,A10AB05,INSULIN ASPART,C0,Section 85,ABOVE CO-PAYMENT,117,0,14703.39,581.490000000002,14703.39,0
202208,08571D,A10AB05,INSULIN ASPART,C1,Section 85,ABOVE CO-PAYMENT,320,2087.59999999999,38008.95,1585.41000000001,40096.5499999997,1997.09999999999
202208,08571D,A10AB05,INSULIN ASPART,G1,Section 85,ABOVE CO-PAYMENT,14,95.2,1664.18,69.58,1759.38,94.2
202208,08571D,A10AB05,INSULIN ASPART,G2,Section 85,ABOVE CO-PAYMENT,750,31268.1,63102.2499999991,3732.45999999994,94370.349999999,31077.95
202208,08571D,A10AB05,INSULIN ASPART,G2,Section 85,UNDER CO-PAYMENT,1,31.39,0,0.99,31.39,37.24
202208,08571D,A10AB05,INSULIN ASPART,R0,Section 85,ABOVE CO-PAYMENT,3,6.8,370.21,14.91,377.01,6.8
202208,08571D,A10AB05,INSULIN ASPART,R1,Section 85,ABOVE CO-PAYMENT,3,20.4,356.61,14.91,377.01,20.4
202208,09224L,A10AB06,INSULIN GLULISINE,C0,Section 85,ABOVE CO-PAYMENT,7,0,1031.5,42.08,1031.5,0
202208,09224L,A10AB06,INSULIN GLULISINE,C1,Section 85,ABOVE CO-PAYMENT,2,13.6,175.71,7.36,189.31,12.6
202208,09224L,A10AB06,INSULIN GLULISINE,G2,Section 85,ABOVE CO-PAYMENT,6,255,536.22,31.56,791.22,254
202208,11645X,A10AB04,INSULIN LISPRO,C0,Section 85,ABOVE CO-PAYMENT,51,0,21216.85,958.799999999999,21216.85,0
202208,11645X,A10AB04,INSULIN LISPRO,C1,Section 85,ABOVE CO-PAYMENT,12,81.6,4583.09,207.89,4664.69,76.6
202208,11645X,A10AB04,INSULIN LISPRO,G1,Section 85,ABOVE CO-PAYMENT,5,34,2046.85,94,2080.85,31
202208,11645X,A10AB04,INSULIN LISPRO,G2,Section 85,ABOVE CO-PAYMENT,37,1572.5,13817.97,695.6,15390.47,1561.5
202208,11645X,A10AB04,INSULIN LISPRO,R0,Section 85,ABOVE CO-PAYMENT,1,0,416.17,18.8,416.17,0
202208,11705C,A10AB05,INSULIN ASPART,C0,Section 85,ABOVE CO-PAYMENT,37,0,4626.22,182.88,4626.22,0
202208,11705C,A10AB05,INSULIN ASPART,C1,Section 85,ABOVE CO-PAYMENT,92,618.8,10895.7,455.250000000001,11514.5,588.8
202208,11705C,A10AB05,INSULIN ASPART,G1,Section 85,ABOVE CO-PAYMENT,6,40.8,713.22,29.82,754.02,39.8
202208,11705C,A10AB05,INSULIN ASPART,G2,Section 85,ABOVE CO-PAYMENT,319,13343.3,26863.2799999998,1590.39000000001,40206.5799999997,13266.9
202208,11706D,A10AB05,INSULIN ASPART,C0,Section 85,ABOVE CO-PAYMENT,404,0,84055.73,3592.46999999998,84055.73,0
202208,11706D,A10AB05,INSULIN ASPART,C1,Section 85,ABOVE CO-PAYMENT,554,3604.00000000003,110769.310000001,4850.35000000001,114373.309999999,3386.00000000003
202208,11706D,A10AB05,INSULIN ASPART,G1,Section 85,ABOVE CO-PAYMENT,34,224.4,6970.68,308.04,7195.08,220.4
202208,11706D,A10AB05,INSULIN ASPART,G2,Section 85,ABOVE CO-PAYMENT,1495,62323.7000000001,251774.609999996,13413.3099999999,314098.309999995,61839.5500000001
202208,11706D,A10AB05,INSULIN ASPART,G2,Section 85,UNDER CO-PAYMENT,1,38.95,0,0,38.95,42.5
202208,11706D,A10AB05,INSULIN ASPART,R0,Section 85,ABOVE CO-PAYMENT,11,0,2164.78,92.41,2164.78,0
202208,11706D,A10AB05,INSULIN ASPART,R1,Section 85,ABOVE CO-PAYMENT,9,61.2,1680.34,74.29,1741.54,57.2
202208,12237C,A10AB04,INSULIN LISPRO,C0,Section 85,ABOVE CO-PAYMENT,316,0,65312.9600000004,2783.96999999999,65312.9600000004,0
202208,12237C,A10AB04,INSULIN LISPRO,C1,Section 85,ABOVE CO-PAYMENT,284,1890.39999999999,55692.6199999999,2455.22999999999,57583.0200000003,1784.04999999999
202208,12237C,A10AB04,INSULIN LISPRO,G1,Section 85,ABOVE CO-PAYMENT,25,170,5227.14,231.93,5397.14,169
202208,12237C,A10AB04,INSULIN LISPRO,G2,Section 85,ABOVE CO-PAYMENT,535,22487.6,88037.6799999999,4726.21000000001,110525.279999999,22301.4
202208,12237C,A10AB04,INSULIN LISPRO,G2,Section 85,UNDER CO-PAYMENT,1,38.95,0,0,38.95,42.5
202208,12237C,A10AB04,INSULIN LISPRO,R0,Section 85,ABOVE CO-PAYMENT,9,0,1741.54,74.29,1741.54,0
202208,12237C,A10AB04,INSULIN LISPRO,R1,Section 85,ABOVE CO-PAYMENT,5,34,1024.1,45.3,1058.1,31
202208,12254Y,A10AB05,INSULIN ASPART,C0,Section 85,ABOVE CO-PAYMENT,5372,0,1107272.00000001,47046.0599999985,1107272.00000001,3
202208,12254Y,A10AB05,INSULIN ASPART,C1,Section 85,ABOVE CO-PAYMENT,4442,28213.199999998,858575.969999941,37108.420000001,886789.169999979,26695.9399999981
202208,12254Y,A10AB05,INSULIN ASPART,G1,Section 85,ABOVE CO-PAYMENT,352,2244,70133.4300000001,3078.40999999999,72377.4300000002,2194.79999999999
202208,12254Y,A10AB05,INSULIN ASPART,G2,Section 85,ABOVE CO-PAYMENT,6622,276294.199999999,1073194.37999998,57086.8099999958,1349488.58000014,274016.569999999
202208,12254Y,A10AB05,INSULIN ASPART,G2,Section 85,UNDER CO-PAYMENT,75,2921.25,0,0,2921.25,3146
202208,12254Y,A10AB05,INSULIN ASPART,R0,Section 85,ABOVE CO-PAYMENT,184,0,36150.02,1527.35999999999,36150.02,0
202208,12254Y,A10AB05,INSULIN ASPART,R1,Section 85,ABOVE CO-PAYMENT,66,428.400000000001,12399.39,518.11,12827.79,414.400000000001
202208,12268Q,A10AB06,INSULIN GLULISINE,C0,Section 85,ABOVE CO-PAYMENT,388,0,85022.3899999995,3641.37000000002,85022.3899999995,0
202208,12268Q,A10AB06,INSULIN GLULISINE,C1,Section 85,ABOVE CO-PAYMENT,191,1244.4,40513.5,1783.08,41757.8999999998,1171.5
202208,12268Q,A10AB06,INSULIN GLULISINE,G1,Section 85,ABOVE CO-PAYMENT,19,129.2,3925.1,174.17,4054.3,125.2
202208,12268Q,A10AB06,INSULIN GLULISINE,G2,Section 85,ABOVE CO-PAYMENT,294,12245.1,52888.8599999997,2802.09000000001,65133.9599999996,12153.1
202208,12268Q,A10AB06,INSULIN GLULISINE,G2,Section 85,UNDER CO-PAYMENT,1,41.01,0,0,41.01,42.5
202208,12268Q,A10AB06,INSULIN GLULISINE,R0,Section 85,ABOVE CO-PAYMENT,10,0,2224.2,95.7,2224.2,5.8
202208,12268Q,A10AB06,INSULIN GLULISINE,R1,Section 85,ABOVE CO-PAYMENT,3,20.4,646.86,28.71,667.26,20.4
202209,01921D,A10AB06,INSULIN GLULISINE,C0,Section 85,ABOVE CO-PAYMENT,27,0,6005.34,258.39,6005.34,0
202209,01921D,A10AB06,INSULIN GLULISINE,C1,Section 85,ABOVE CO-PAYMENT,12,68,2601.04,114.84,2669.04,63.4
202209,01921D,A10AB06,INSULIN GLULISINE,G1,Section 85,ABOVE CO-PAYMENT,5,34,1078.1,47.85,1112.1,32
202209,01921D,A10AB06,INSULIN GLULISINE,G2,Section 85,ABOVE CO-PAYMENT,42,1713.6,7621.34,395.24,9334.94,1699.75
202209,08084L,A10AB04,INSULIN LISPRO,C0,Section 85,ABOVE CO-PAYMENT,50,0,6330.64,250.48,6330.64,0
202209,08084L,A10AB04,INSULIN LISPRO,C1,Section 85,ABOVE CO-PAYMENT,91,618.8,10628.61,444.310000000001,11247.41,590.8
202209,08084L,A10AB04,INSULIN LISPRO,G1,Section 85,ABOVE CO-PAYMENT,7,47.6,854.99,35.1,902.59,47.6
202209,08084L,A10AB04,INSULIN LISPRO,G2,Section 85,ABOVE CO-PAYMENT,308,12911.5,26360.5399999998,1554.58000000001,39272.0399999997,12839
202209,08084L,A10AB04,INSULIN LISPRO,R0,Section 85,ABOVE CO-PAYMENT,2,0,251.34,9.94,251.34,0
202209,08212F,A10AB04,INSULIN LISPRO,C0,Section 85,ABOVE CO-PAYMENT,258,0,53846.1500000002,2294.52999999999,53846.1500000002,0
202209,08212F,A10AB04,INSULIN LISPRO,C1,Section 85,ABOVE CO-PAYMENT,352,2352.8,71034.4000000001,3137.65999999999,73387.2000000002,2225.35
202209,08212F,A10AB04,INSULIN LISPRO,G1,Section 85,ABOVE CO-PAYMENT,30,197.2,6134.53,262.74,6331.73,191.9
202209,08212F,A10AB04,INSULIN LISPRO,G2,Section 85,ABOVE CO-PAYMENT,886,37119.5,149899.909999998,7964.25000000015,187019.409999998,36864.85
202209,08212F,A10AB04,INSULIN LISPRO,G2,Section 85,UNDER CO-PAYMENT,3,116.85,0,0,116.85,127.5
202209,08212F,A10AB04,INSULIN LISPRO,R0,Section 85,ABOVE CO-PAYMENT,8,6.8,1686.16,72.48,1692.96,0
202209,08212F,A10AB04,INSULIN LISPRO,R1,Section 85,ABOVE CO-PAYMENT,2,13.6,409.64,18.12,423.24,12.6
202209,08435Y,A10AB05,INSULIN ASPART,C0,Section 85,ABOVE CO-PAYMENT,789,0,163572.979999998,6947.07000000011,163572.979999998,0
202209,08435Y,A10AB05,INSULIN ASPART,C1,Section 85,ABOVE CO-PAYMENT,2199,14511.1999999995,447181.020000013,19620.5000000002,461692.219999992,13741.3499999995
202209,08435Y,A10AB05,INSULIN ASPART,G1,Section 85,ABOVE CO-PAYMENT,92,618.8,18563.66,819.569999999998,19182.46,601.44
202209,08435Y,A10AB05,INSULIN ASPART,G2,Section 85,ABOVE CO-PAYMENT,3614,151381.6,609491.539999986,32467.170000002,760873.139999985,150334.9
202209,08435Y,A10AB05,INSULIN ASPART,G2,Section 85,UNDER CO-PAYMENT,13,506.35,0,0,506.35,552.5
202209,08435Y,A10AB05,INSULIN ASPART,R0,Section 85,ABOVE CO-PAYMENT,12,0,2539.44,108.72,2539.44,0
202209,08435Y,A10AB05,INSULIN ASPART,R1,Section 85,ABOVE CO-PAYMENT,21,142.8,4138.18,183.01,4280.98,136.8
202209,08571D,A10AB05,INSULIN ASPART,C0,Section 85,ABOVE CO-PAYMENT,138,0,17231.87,681.200000000002,17231.87,0
202209,08571D,A10AB05,INSULIN ASPART,C1,Section 85,ABOVE CO-PAYMENT,307,2019.59999999999,36584.66,1526.77000000001,38604.2599999997,1921.09999999999
202209,08571D,A10AB05,INSULIN ASPART,G1,Section 85,ABOVE CO-PAYMENT,16,108.8,1901.92,79.52,2010.72,107.8
202209,08571D,A10AB05,INSULIN ASPART,G2,Section 85,ABOVE CO-PAYMENT,762,31992.3,63814.9099999991,3789.11999999994,95807.2099999989,31807.6
202209,08571D,A10AB05,INSULIN ASPART,G2,Section 85,UNDER CO-PAYMENT,1,31.39,0,0.99,31.39,37.09
202209,08571D,A10AB05,INSULIN ASPART,R0,Section 85,ABOVE CO-PAYMENT,3,0,377.01,14.91,377.01,0
202209,08571D,A10AB05,INSULIN ASPART,R1,Section 85,ABOVE CO-PAYMENT,1,6.8,118.87,4.97,125.67,6.8
202209,09224L,A10AB06,INSULIN GLULISINE,C0,Section 85,ABOVE CO-PAYMENT,4,0,527.48,21.04,527.48,0
202209,09224L,A10AB06,INSULIN GLULISINE,C1,Section 85,ABOVE CO-PAYMENT,3,20.4,375.21,15.78,395.61,18.4
202209,09224L,A10AB06,INSULIN GLULISINE,G2,Section 85,ABOVE CO-PAYMENT,5,212.5,570.9,31.56,783.4,211.5
202209,09224L,A10AB06,INSULIN GLULISINE,R0,Section 85,ABOVE CO-PAYMENT,1,0,131.87,5.26,131.87,0
202209,11645X,A10AB04,INSULIN LISPRO,C0,Section 85,ABOVE CO-PAYMENT,39,0,16312.3,736.96,16312.3,0
202209,11645X,A10AB04,INSULIN LISPRO,C1,Section 85,ABOVE CO-PAYMENT,15,102,6140.55,282,6242.55,99
202209,11645X,A10AB04,INSULIN LISPRO,G1,Section 85,ABOVE CO-PAYMENT,8,54.4,3274.96,150.4,3329.36,51.4
202209,11645X,A10AB04,INSULIN LISPRO,G2,Section 85,ABOVE CO-PAYMENT,36,1530,13444.3,676.8,14974.3,1521
202209,11645X,A10AB04,INSULIN LISPRO,R0,Section 85,ABOVE CO-PAYMENT,4,0,1664.68,75.2,1664.68,0
202209,11705C,A10AB05,INSULIN ASPART,C0,Section 85,ABOVE CO-PAYMENT,37,0,4599.3,178.51,4599.3,0
202209,11705C,A10AB05,INSULIN ASPART,C1,Section 85,ABOVE CO-PAYMENT,80,523.600000000001,9454.45000000001,390.630000000001,9978.05000000001,499.600000000001
202209,11705C,A10AB05,INSULIN ASPART,G1,Section 85,ABOVE CO-PAYMENT,11,74.8,1307.57,54.67,1382.37,73.8
202209,11705C,A10AB05,INSULIN ASPART,G2,Section 85,ABOVE CO-PAYMENT,319,13343.3,26742.0799999998,1582.04000000001,40085.3799999997,13266.45
202209,11705C,A10AB05,INSULIN ASPART,R0,Section 85,ABOVE CO-PAYMENT,1,0,125.67,4.97,125.67,0
202209,11705C,A10AB05,INSULIN ASPART,R1,Section 85,ABOVE CO-PAYMENT,2,13.6,237.74,9.94,251.34,12.6
202209,11706D,A10AB05,INSULIN ASPART,C0,Section 85,ABOVE CO-PAYMENT,446,0,92747.0799999998,3963.21999999998,92747.0799999998,0
202209,11706D,A10AB05,INSULIN ASPART,C1,Section 85,ABOVE CO-PAYMENT,500,3277.60000000002,100763.150000001,4427.79999999999,104040.75,3086.25000000002
202209,11706D,A10AB05,INSULIN ASPART,G1,Section 85,ABOVE CO-PAYMENT,65,421.600000000001,13374.46,590.71,13796.06,412.600000000001
202209,11706D,A10AB05,INSULIN ASPART,G2,Section 85,ABOVE CO-PAYMENT,1356,56630.4,226507.629999996,12088.9099999999,283138.029999996,56156.15
202209,11706D,A10AB05,INSULIN ASPART,R0,Section 85,ABOVE CO-PAYMENT,8,0,1529.92,65.23,1529.92,0
202209,11706D,A10AB05,INSULIN ASPART,R1,Section 85,ABOVE CO-PAYMENT,9,61.2,1843.38,81.54,1904.58,59.2
202209,12237C,A10AB04,INSULIN LISPRO,C0,Section 85,ABOVE CO-PAYMENT,334,0,68804.7400000003,2933.59999999999,68804.7400000003,0
202209,12237C,A10AB04,INSULIN LISPRO,C1,Section 85,ABOVE CO-PAYMENT,267,1788.39999999999,52410.35,2311.92999999999,54198.7500000002,1682.34999999999
202209,12237C,A10AB04,INSULIN LISPRO,G1,Section 85,ABOVE CO-PAYMENT,34,224.4,6548.57,283.22,6772.97,218.4
202209,12237C,A10AB04,INSULIN LISPRO,G2,Section 85,ABOVE CO-PAYMENT,534,22480.8,87179.4399999999,4686.88000000001,109660.239999999,22275.1
202209,12237C,A10AB04,INSULIN LISPRO,G2,Section 85,UNDER CO-PAYMENT,2,77.9,0,0,77.9,85
202209,12237C,A10AB04,INSULIN LISPRO,R0,Section 85,ABOVE CO-PAYMENT,10,0,2116.2,90.6,2116.2,0
202209,12237C,A10AB04,INSULIN LISPRO,R1,Section 85,ABOVE CO-PAYMENT,4,27.2,656.24,28.99,683.44,26.2
202209,12254Y,A10AB05,INSULIN ASPART,C0,Section 85,ABOVE CO-PAYMENT,5581,0,1147012.17000003,48805.709999998,1147012.17000003,6.8
202209,12254Y,A10AB05,INSULIN ASPART,C1,Section 85,ABOVE CO-PAYMENT,3953,25044.3999999984,758902.329999965,32779.7700000021,783946.729999982,23698.4499999984
202209,12254Y,A10AB05,INSULIN ASPART,G1,Section 85,ABOVE CO-PAYMENT,433,2801.60000000001,86750.2400000006,3806.30999999998,89551.8399999998,2732.40000000001
202209,12254Y,A10AB05,INSULIN ASPART,G2,Section 85,ABOVE CO-PAYMENT,6256,260489.299999999,1005342.01999997,53447.4399999967,1265831.32000009,258273.199999999
202209,12254Y,A10AB05,INSULIN ASPART,G2,Section 85,UNDER CO-PAYMENT,62,2414.9,0,0,2414.9,2565.3
202209,12254Y,A10AB05,INSULIN ASPART,R0,Section 85,ABOVE CO-PAYMENT,167,6.8,33521.4,1414.28999999999,33528.2,6.8
202209,12254Y,A10AB05,INSULIN ASPART,R1,Section 85,ABOVE CO-PAYMENT,53,353.6,8964.13,381.44,9317.73,341.6
202209,12268Q,A10AB06,INSULIN GLULISINE,C0,Section 85,ABOVE CO-PAYMENT,387,0,85639.5199999995,3684.45000000002,85639.5199999995,0
202209,12268Q,A10AB06,INSULIN GLULISINE,C1,Section 85,ABOVE CO-PAYMENT,138,897.599999999998,28920.59,1272.79,29818.1899999999,852.599999999998
202209,12268Q,A10AB06,INSULIN GLULISINE,G1,Section 85,ABOVE CO-PAYMENT,29,183.6,6266.58,277.53,6450.18,176.6
202209,12268Q,A10AB06,INSULIN GLULISINE,G2,Section 85,ABOVE CO-PAYMENT,236,9958.6,42274.9999999998,2247.03,52233.5999999997,9882.3
202209,12268Q,A10AB06,INSULIN GLULISINE,G2,Section 85,UNDER CO-PAYMENT,1,41.01,0,0,41.01,42.5
202209,12268Q,A10AB06,INSULIN GLULISINE,R0,Section 85,ABOVE CO-PAYMENT,11,0,2446.62,105.27,2446.62,0
202209,12268Q,A10AB06,INSULIN GLULISINE,R1,Section 85,ABOVE CO-PAYMENT,4,27.2,862.48,38.28,889.68,25
202210,01921D,A10AB06,INSULIN GLULISINE,C0,Section 85,ABOVE CO-PAYMENT,25,0,5552.68,239.26,5552.68,0
202210,01921D,A10AB06,INSULIN GLULISINE,C1,Section 85,ABOVE CO-PAYMENT,22,149.6,4743.64,210.54,4893.24,143.6
202210,01921D,A10AB06,INSULIN GLULISINE,G1,Section 85,ABOVE CO-PAYMENT,5,34,1078.1,47.85,1112.1,34
202210,01921D,A10AB06,INSULIN GLULISINE,G2,Section 85,ABOVE CO-PAYMENT,27,1111.8,4893.54,258.39,6005.34,1107.8
202210,01921D,A10AB06,INSULIN GLULISINE,R0,Section 85,ABOVE CO-PAYMENT,2,0,444.84,19.14,444.84,0
202210,08084L,A10AB04,INSULIN LISPRO,C0,Section 85,ABOVE CO-PAYMENT,66,0,8412.07000000001,332.98,8412.07000000001,0
202210,08084L,A10AB04,INSULIN LISPRO,C1,Section 85,ABOVE CO-PAYMENT,82,550.8,9738.50000000001,407.530000000001,10289.3,520.800000000001
202210,08084L,A10AB04,INSULIN LISPRO,G1,Section 85,ABOVE CO-PAYMENT,12,81.6,1662.14,69.56,1743.74,81.6
202210,08084L,A10AB04,INSULIN LISPRO,G2,Section 85,ABOVE CO-PAYMENT,264,11148.6,22295.4799999999,1323.98000000001,33444.0799999998,11078.6
202210,08084L,A10AB04,INSULIN LISPRO,G2,Section 85,UNDER CO-PAYMENT,2,53.97,0,0.99,53.97,74.49
202210,08084L,A10AB04,INSULIN LISPRO,R0,Section 85,ABOVE CO-PAYMENT,3,0,377.01,14.91,377.01,0
202210,08212F,A10AB04,INSULIN LISPRO,C0,Section 85,ABOVE CO-PAYMENT,265,0,55062.9600000002,2342.74999999999,55062.9600000002,0
202210,08212F,A10AB04,INSULIN LISPRO,C1,Section 85,ABOVE CO-PAYMENT,311,2033.19999999999,63117.5699999999,2785.58999999999,65150.7700000004,1926.84999999999
202210,08212F,A10AB04,INSULIN LISPRO,G1,Section 85,ABOVE CO-PAYMENT,37,251.6,7414.04,326.71,7665.64,245.6
202210,08212F,A10AB04,INSULIN LISPRO,G2,Section 85,ABOVE CO-PAYMENT,860,36264.4,144969.139999998,7756.45000000014,181233.539999998,36016.9
202210,08212F,A10AB04,INSULIN LISPRO,G2,Section 85,UNDER CO-PAYMENT,10,389.5,0,0,389.5,425
202210,08212F,A10AB04,INSULIN LISPRO,R0,Section 85,ABOVE CO-PAYMENT,3,0,634.86,27.18,634.86,0
202210,08212F,A10AB04,INSULIN LISPRO,R1,Section 85,ABOVE CO-PAYMENT,5,34,859.8,36.79,893.8,34
202210,08435Y,A10AB05,INSULIN ASPART,C0,Section 85,ABOVE CO-PAYMENT,900,0,187584.529999998,7975.77000000015,187584.529999998,0
202210,08435Y,A10AB05,INSULIN ASPART,C1,Section 85,ABOVE CO-PAYMENT,2185,14293.5999999995,444517.760000012,19559.7800000002,458811.359999992,13576.5999999996
202210,08435Y,A10AB05,INSULIN ASPART,G1,Section 85,ABOVE CO-PAYMENT,117,788.799999999999,24051,1062.38,24839.8,769.949999999999
202210,08435Y,A10AB05,INSULIN ASPART,G2,Section 85,ABOVE CO-PAYMENT,3682,154414.4,619430.669999986,32888.490000002,773845.069999985,153399.1
202210,08435Y,A10AB05,INSULIN ASPART,G2,Section 85,UNDER CO-PAYMENT,1,38.95,0,0,38.95,42.5
202210,08435Y,A10AB05,INSULIN ASPART,R0,Section 85,ABOVE CO-PAYMENT,28,6.8,5738.65,237.37,5745.45,6.8
202210,08435Y,A10AB05,INSULIN ASPART,R1,Section 85,ABOVE CO-PAYMENT,16,102,2955.32,127.94,3057.32,97
202210,08571D,A10AB05,INSULIN ASPART,C0,Section 85,ABOVE CO-PAYMENT,157,0,19635.91,776.310000000003,19635.91,0
202210,08571D,A10AB05,INSULIN ASPART,C1,Section 85,ABOVE CO-PAYMENT,306,2005.99999999999,36354.74,1516.84000000001,38360.7399999997,1893.44999999999
202210,08571D,A10AB05,INSULIN ASPART,G1,Section 85,ABOVE CO-PAYMENT,30,204,3550.46,149.09,3754.46,197
202210,08571D,A10AB05,INSULIN ASPART,G2,Section 85,ABOVE CO-PAYMENT,704,29527.3,59062.2299999992,3503.83999999995,88589.529999999,29361.15
202210,08571D,A10AB05,INSULIN ASPART,G2,Section 85,UNDER CO-PAYMENT,3,94.17,0,2.97,94.17,102.17
202210,08571D,A10AB05,INSULIN ASPART,R0,Section 85,ABOVE CO-PAYMENT,2,0,247.99,6.55,247.99,0
202210,08571D,A10AB05,INSULIN ASPART,R1,Section 85,ABOVE CO-PAYMENT,4,27.2,475.48,19.88,502.68,27.2
202210,09224L,A10AB06,INSULIN GLULISINE,C0,Section 85,ABOVE CO-PAYMENT,5,0,659.35,26.3,659.35,0
202210,09224L,A10AB06,INSULIN GLULISINE,C1,Section 85,ABOVE CO-PAYMENT,2,13.6,250.14,10.52,263.74,12.6
202210,09224L,A10AB06,INSULIN GLULISINE,G2,Section 85,ABOVE CO-PAYMENT,5,176.8,482.55,26.3,659.35,173.8
202210,09224L,A10AB06,INSULIN GLULISINE,R0,Section 85,ABOVE CO-PAYMENT,1,0,131.87,5.26,131.87,0
202210,11645X,A10AB04,INSULIN LISPRO,C0,Section 85,ABOVE CO-PAYMENT,54,0,22554.85,1018.96,22554.85,0
202210,11645X,A10AB04,INSULIN LISPRO,C1,Section 85,ABOVE CO-PAYMENT,15,95.2,6147.35,282,6242.55,94.2
202210,11645X,A10AB04,INSULIN LISPRO,G1,Section 85,ABOVE CO-PAYMENT,8,54.4,3274.96,150.4,3329.36,49.4
202210,11645X,A10AB04,INSULIN LISPRO,G2,Section 85,ABOVE CO-PAYMENT,41,1706.8,14697.47,735.38,16404.27,1696.8
202210,11705C,A10AB05,INSULIN ASPART,C0,Section 85,ABOVE CO-PAYMENT,45,0,5773,228.61,5773,0
202210,11705C,A10AB05,INSULIN ASPART,C1,Section 85,ABOVE CO-PAYMENT,86,557.6,10246.67,424.030000000001,10804.27,528.600000000001
202210,11705C,A10AB05,INSULIN ASPART,G1,Section 85,ABOVE CO-PAYMENT,15,102,1783.05,74.55,1885.05,97
202210,11705C,A10AB05,INSULIN ASPART,G2,Section 85,ABOVE CO-PAYMENT,360,15085.8,30241.9699999997,1794.14000000001,45327.7699999996,14972.8
202210,11705C,A10AB05,INSULIN ASPART,R0,Section 85,ABOVE CO-PAYMENT,1,0,125.67,4.97,125.67,0
202210,11705C,A10AB05,INSULIN ASPART,R1,Section 85,ABOVE CO-PAYMENT,4,27.2,475.48,19.88,502.68,25.2
202210,11706D,A10AB05,INSULIN ASPART,C0,Section 85,ABOVE CO-PAYMENT,466,0,96668.2099999997,4121.40999999998,96668.2099999997,0
202210,11706D,A10AB05,INSULIN ASPART,C1,Section 85,ABOVE CO-PAYMENT,476,3107.60000000002,94820.2100000009,4157.79999999998,97927.8099999997,2926.50000000002
202210,11706D,A10AB05,INSULIN ASPART,G1,Section 85,ABOVE CO-PAYMENT,89,564.4,18255.66,800.009999999999,18820.06,545.400000000001
202210,11706D,A10AB05,INSULIN ASPART,G2,Section 85,ABOVE CO-PAYMENT,1404,58956,234562.979999996,12544.4199999999,293518.979999995,58493.35
202210,11706D,A10AB05,INSULIN ASPART,G2,Section 85,UNDER CO-PAYMENT,2,77.9,0,0,77.9,85
202210,11706D,A10AB05,INSULIN ASPART,R0,Section 85,ABOVE CO-PAYMENT,13,0,2751.06,117.78,2751.06,6.8
202210,11706D,A10AB05,INSULIN ASPART,R1,Section 85,ABOVE CO-PAYMENT,3,20.4,614.46,27.18,634.86,20.4
202210,12237C,A10AB04,INSULIN LISPRO,C0,Section 85,ABOVE CO-PAYMENT,375,0,77119.0400000001,3293.47999999998,77119.0400000001,0
202210,12237C,A10AB04,INSULIN LISPRO,C1,Section 85,ABOVE CO-PAYMENT,258,1693.19999999999,52070.3,2297.60999999999,53763.5000000002,1587.34999999999
202210,12237C,A10AB04,INSULIN LISPRO,G1,Section 85,ABOVE CO-PAYMENT,53,346.8,10894.18,481.99,11240.98,337.8
202210,12237C,A10AB04,INSULIN LISPRO,G2,Section 85,ABOVE CO-PAYMENT,566,23483.8,94156.6999999997,5032.45000000002,117640.499999999,23289.4
202210,12237C,A10AB04,INSULIN LISPRO,G2,Section 85,UNDER CO-PAYMENT,1,38.95,0,0,38.95,42.5
202210,12237C,A10AB04,INSULIN LISPRO,R0,Section 85,ABOVE CO-PAYMENT,8,0,1528.66,63.97,1528.66,0
202210,12237C,A10AB04,INSULIN LISPRO,R1,Section 85,ABOVE CO-PAYMENT,3,20.4,451.42,19.93,471.82,20.4
202210,12254Y,A10AB05,INSULIN ASPART,C0,Section 85,ABOVE CO-PAYMENT,6166,0,1267511.36000009,53783.9499999967,1267511.36000009,13.8
202210,12254Y,A10AB05,INSULIN ASPART,C1,Section 85,ABOVE CO-PAYMENT,3454,21970.7999999987,663226.899999985,28603.7300000015,685197.699999986,20786.7499999988
202210,12254Y,A10AB05,INSULIN ASPART,G1,Section 85,ABOVE CO-PAYMENT,601,3869.20000000004,120920.760000002,5287.08000000003,124789.959999999,3760.20000000004
202210,12254Y,A10AB05,INSULIN ASPART,G2,Section 85,ABOVE CO-PAYMENT,6236,259639.299999999,1000591.61999997,53137.2299999969,1260230.92000009,257320.689999999
202210,12254Y,A10AB05,INSULIN ASPART,G2,Section 85,UNDER CO-PAYMENT,73,2843.35,0,0,2843.35,3061
202210,12254Y,A10AB05,INSULIN ASPART,R0,Section 85,ABOVE CO-PAYMENT,141,6.8,29144.63,1221.33,29151.43,6.8
202210,12254Y,A10AB05,INSULIN ASPART,R1,Section 85,ABOVE CO-PAYMENT,57,353.6,9932.12,414.45,10285.72,340.6
202210,12268Q,A10AB06,INSULIN GLULISINE,C0,Section 85,ABOVE CO-PAYMENT,411,0,90712.2599999994,3902.65000000003,90712.2599999994,0
202210,12268Q,A10AB06,INSULIN GLULISINE,C1,Section 85,ABOVE CO-PAYMENT,135,870.399999999998,28811.6,1275.29,29681.9999999999,822.399999999999
202210,12268Q,A10AB06,INSULIN GLULISINE,G1,Section 85,ABOVE CO-PAYMENT,39,244.8,8421.76,373.24,8666.56,233.8
202210,12268Q,A10AB06,INSULIN GLULISINE,G2,Section 85,ABOVE CO-PAYMENT,260,10764.4,47056.9799999997,2488.21,57821.3799999997,10686.7
202210,12268Q,A10AB06,INSULIN GLULISINE,R0,Section 85,ABOVE CO-PAYMENT,11,0,2274.94,97.61,2274.94,0
202210,12268Q,A10AB06,INSULIN GLULISINE,R1,Section 85,ABOVE CO-PAYMENT,2,13.6,431.24,19.14,444.84,13.6
202211,01921D,A10AB06,INSULIN GLULISINE,C0,Section 85,ABOVE CO-PAYMENT,26,0,5782.92,248.82,5782.92,0
202211,01921D,A10AB06,INSULIN GLULISINE,C1,Section 85,ABOVE CO-PAYMENT,11,74.8,2371.82,105.27,2446.62,69.8
202211,01921D,A10AB06,INSULIN GLULISINE,G1,Section 85,ABOVE CO-PAYMENT,5,34,1078.1,47.85,1112.1,34
202211,01921D,A10AB06,INSULIN GLULISINE,G2,Section 85,ABOVE CO-PAYMENT,19,807.5,3418.48,181.83,4225.98,804.8
202211,01921D,A10AB06,INSULIN GLULISINE,R0,Section 85,ABOVE CO-PAYMENT,2,0,444.84,19.14,444.84,0
202211,08084L,A10AB04,INSULIN LISPRO,C0,Section 85,ABOVE CO-PAYMENT,76,0,9668.77000000001,382.680000000001,9668.77000000001,0
202211,08084L,A10AB04,INSULIN LISPRO,C1,Section 85,ABOVE CO-PAYMENT,73,489.600000000001,8684.31,362.810000000001,9173.91000000001,467.600000000001
202211,08084L,A10AB04,INSULIN LISPRO,G1,Section 85,ABOVE CO-PAYMENT,22,149.6,2850.84,119.26,3000.44,147.6
202211,08084L,A10AB04,INSULIN LISPRO,G2,Section 85,ABOVE CO-PAYMENT,321,13428.3,27194.6099999998,1607.28000000001,40622.9099999997,13362.3
202211,08084L,A10AB04,INSULIN LISPRO,G2,Section 85,UNDER CO-PAYMENT,1,30.72,0,0.32,30.72,36.57
202211,08084L,A10AB04,INSULIN LISPRO,R0,Section 85,ABOVE CO-PAYMENT,5,0,628.35,24.85,628.35,0
202211,08212F,A10AB04,INSULIN LISPRO,C0,Section 85,ABOVE CO-PAYMENT,314,0,65604.4600000004,2795.19999999999,65604.4600000004,0
202211,08212F,A10AB04,INSULIN LISPRO,C1,Section 85,ABOVE CO-PAYMENT,352,2352.8,70587.5700000001,3111.55999999999,72940.3700000002,2245.6
202211,08212F,A10AB04,INSULIN LISPRO,G1,Section 85,ABOVE CO-PAYMENT,50,340,10225.36,453,10565.36,328
202211,08212F,A10AB04,INSULIN LISPRO,G2,Section 85,ABOVE CO-PAYMENT,824,34520.2,138752.099999999,7398.93000000013,173272.299999998,34301.2
202211,08212F,A10AB04,INSULIN LISPRO,G2,Section 85,UNDER CO-PAYMENT,2,77.9,0,0,77.9,85
202211,08212F,A10AB04,INSULIN LISPRO,R0,Section 85,ABOVE CO-PAYMENT,9,0,1904.58,81.54,1904.58,0
202211,08212F,A10AB04,INSULIN LISPRO,R1,Section 85,ABOVE CO-PAYMENT,4,27.2,811.46,36.24,838.66,27.2
202211,08435Y,A10AB05,INSULIN ASPART,C0,Section 85,ABOVE CO-PAYMENT,980,0,205591.239999997,8780.76000000012,205591.239999997,0
202211,08435Y,A10AB05,INSULIN ASPART,C1,Section 85,ABOVE CO-PAYMENT,2207,14511.1999999995,448508.290000013,19724.5300000002,463019.489999992,13757.7999999995
202211,08435Y,A10AB05,INSULIN ASPART,G1,Section 85,ABOVE CO-PAYMENT,208,1407.6,41971.15,1846.24999999999,43378.7500000001,1372.25
202211,08435Y,A10AB05,INSULIN ASPART,G2,Section 85,ABOVE CO-PAYMENT,3684,154535.1,621062.739999985,33051.640000002,775597.839999985,153472.45
202211,08435Y,A10AB05,INSULIN ASPART,G2,Section 85,UNDER CO-PAYMENT,16,623.2,0,0,623.2,680
202211,08435Y,A10AB05,INSULIN ASPART,R0,Section 85,ABOVE CO-PAYMENT,31,6.8,6221.04,260.03,6227.84,6.8
202211,08435Y,A10AB05,INSULIN ASPART,R1,Section 85,ABOVE CO-PAYMENT,14,95.2,2698.14,113.26,2793.34,89.2
202211,08571D,A10AB05,INSULIN ASPART,C0,Section 85,ABOVE CO-PAYMENT,157,0,19714.55,780.280000000003,19714.55,0
202211,08571D,A10AB05,INSULIN ASPART,C1,Section 85,ABOVE CO-PAYMENT,292,1937.99999999999,34474.8,1439.29000000001,36412.7999999997,1849.69999999999
202211,08571D,A10AB05,INSULIN ASPART,G1,Section 85,ABOVE CO-PAYMENT,23,156.4,2734.01,114.31,2890.41,153.6
202211,08571D,A10AB05,INSULIN ASPART,G2,Section 85,ABOVE CO-PAYMENT,767,31990.6,64335.7299999991,3811.94999999994,96326.3299999989,31790.75
202211,08571D,A10AB05,INSULIN ASPART,G2,Section 85,UNDER CO-PAYMENT,6,188.34,0,5.94,188.34,194.8
202211,08571D,A10AB05,INSULIN ASPART,R0,Section 85,ABOVE CO-PAYMENT,2,0,251.34,9.94,251.34,0
202211,08571D,A10AB05,INSULIN ASPART,R1,Section 85,ABOVE CO-PAYMENT,3,20.4,356.61,14.91,377.01,20.4
202211,09224L,A10AB06,INSULIN GLULISINE,C0,Section 85,ABOVE CO-PAYMENT,4,0,651.53,26.3,651.53,0
202211,09224L,A10AB06,INSULIN GLULISINE,G2,Section 85,ABOVE CO-PAYMENT,3,127.5,268.11,15.78,395.61,126.5
202211,09224L,A10AB06,INSULIN GLULISINE,R0,Section 85,ABOVE CO-PAYMENT,1,0,131.87,5.26,131.87,0
202211,11645X,A10AB04,INSULIN LISPRO,C0,Section 85,ABOVE CO-PAYMENT,59,0,24224.68,1091.49,24224.68,0
202211,11645X,A10AB04,INSULIN LISPRO,C1,Section 85,ABOVE CO-PAYMENT,19,129.2,7778.03,357.2,7907.23,119.2
202211,11645X,A10AB04,INSULIN LISPRO,G1,Section 85,ABOVE CO-PAYMENT,13,88.4,5321.81,244.4,5410.21,82.4
202211,11645X,A10AB04,INSULIN LISPRO,G2,Section 85,ABOVE CO-PAYMENT,37,1536.8,13861.49,695.6,15398.29,1524.8
202211,11645X,A10AB04,INSULIN LISPRO,R0,Section 85,ABOVE CO-PAYMENT,1,0,416.17,18.8,416.17,0
202211,11705C,A10AB05,INSULIN ASPART,C0,Section 85,ABOVE CO-PAYMENT,43,0,5309.53,209.73,5309.53,0
202211,11705C,A10AB05,INSULIN ASPART,C1,Section 85,ABOVE CO-PAYMENT,71,482.800000000001,8332.72,343.92,8815.52,465.800000000001
202211,11705C,A10AB05,INSULIN ASPART,G1,Section 85,ABOVE CO-PAYMENT,24,163.2,2852.88,119.28,3016.08,158.2
202211,11705C,A10AB05,INSULIN ASPART,G2,Section 85,ABOVE CO-PAYMENT,322,13435.1,27049.5199999998,1596.58000000001,40484.6199999997,13364.25
202211,11705C,A10AB05,INSULIN ASPART,G2,Section 85,UNDER CO-PAYMENT,1,31.39,0,0.99,31.39,27.69
202211,11705C,A10AB05,INSULIN ASPART,R1,Section 85,ABOVE CO-PAYMENT,1,6.8,118.87,4.97,125.67,5.8
202211,11706D,A10AB05,INSULIN ASPART,C0,Section 85,ABOVE CO-PAYMENT,582,0,120523.179999999,5149.33000000002,120523.179999999,0
202211,11706D,A10AB05,INSULIN ASPART,C1,Section 85,ABOVE CO-PAYMENT,412,2713.20000000001,82972.5600000005,3656.59999999998,85685.7599999999,2549.5
202211,11706D,A10AB05,INSULIN ASPART,G1,Section 85,ABOVE CO-PAYMENT,106,693.6,21771.06,962.169999999998,22464.66,664.6
202211,11706D,A10AB05,INSULIN ASPART,G2,Section 85,ABOVE CO-PAYMENT,1423,59656.4,238379.689999996,12729.8399999999,298036.089999995,59191.6500000001
202211,11706D,A10AB05,INSULIN ASPART,G2,Section 85,UNDER CO-PAYMENT,1,38.95,0,0,38.95,42.5
202211,11706D,A10AB05,INSULIN ASPART,R0,Section 85,ABOVE CO-PAYMENT,17,6.8,3590.74,154.02,3597.54,6.8
202211,11706D,A10AB05,INSULIN ASPART,R1,Section 85,ABOVE CO-PAYMENT,11,74.8,1925.68,83.9,2000.48,71.8
202211,12237C,A10AB04,INSULIN LISPRO,C0,Section 85,ABOVE CO-PAYMENT,419,0,86287.2499999999,3689.19999999998,86287.2499999999,0
202211,12237C,A10AB04,INSULIN LISPRO,C1,Section 85,ABOVE CO-PAYMENT,211,1380.4,41773.07,1831.01999999999,43153.4700000001,1306.55
202211,12237C,A10AB04,INSULIN LISPRO,G1,Section 85,ABOVE CO-PAYMENT,52,353.6,10479.78,463.87,10833.38,344.6
202211,12237C,A10AB04,INSULIN LISPRO,G2,Section 85,ABOVE CO-PAYMENT,546,22883.7,90085.1199999998,4832.56000000001,112968.819999999,22708
202211,12237C,A10AB04,INSULIN LISPRO,G2,Section 85,UNDER CO-PAYMENT,3,116.85,0,0,116.85,127.5
202211,12237C,A10AB04,INSULIN LISPRO,R0,Section 85,ABOVE CO-PAYMENT,12,0,2539.44,108.72,2539.44,0
202211,12237C,A10AB04,INSULIN LISPRO,R1,Section 85,ABOVE CO-PAYMENT,1,6.8,204.82,9.06,211.62,5.8
202211,12254Y,A10AB05,INSULIN ASPART,C0,Section 85,ABOVE CO-PAYMENT,6872,0,1412159.18000017,59973.0299999951,1412159.18000017,7.8
202211,12254Y,A10AB05,INSULIN ASPART,C1,Section 85,ABOVE CO-PAYMENT,3332,20998.3999999988,641665.13999999,27649.0100000013,662663.539999986,19843.8499999989
202211,12254Y,A10AB05,INSULIN ASPART,G1,Section 85,ABOVE CO-PAYMENT,840,5508.00000000008,169711.710000003,7452.95000000013,175219.709999998,5340.00000000008
202211,12254Y,A10AB05,INSULIN ASPART,G2,Section 85,ABOVE CO-PAYMENT,6077,253381.599999999,979324.199999969,52155.5999999971,1232705.80000007,251238.999999999
202211,12254Y,A10AB05,INSULIN ASPART,G2,Section 85,UNDER CO-PAYMENT,73,2843.35,0,0,2843.35,3060
202211,12254Y,A10AB05,INSULIN ASPART,R0,Section 85,ABOVE CO-PAYMENT,190,13.6,37451.57,1556.94999999999,37465.17,13.6
202211,12254Y,A10AB05,INSULIN ASPART,R1,Section 85,ABOVE CO-PAYMENT,47,319.6,7867.19,309.93,8186.79,307.6
202211,12268Q,A10AB06,INSULIN GLULISINE,C0,Section 85,ABOVE CO-PAYMENT,466,0,102875.159999999,4425.15000000002,102875.159999999,0
202211,12268Q,A10AB06,INSULIN GLULISINE,C1,Section 85,ABOVE CO-PAYMENT,115,747.999999999999,23528.95,1037.17,24276.9499999999,708.299999999999
202211,12268Q,A10AB06,INSULIN GLULISINE,G1,Section 85,ABOVE CO-PAYMENT,54,360.4,11564.44,512.95,11924.84,344.4
202211,12268Q,A10AB06,INSULIN GLULISINE,G2,Section 85,ABOVE CO-PAYMENT,243,10220.4,43139.5999999998,2293.53,53359.9999999997,10160.4
202211,12268Q,A10AB06,INSULIN GLULISINE,G2,Section 85,UNDER CO-PAYMENT,1,41.01,0,0,41.01,42.5
202211,12268Q,A10AB06,INSULIN GLULISINE,R0,Section 85,ABOVE CO-PAYMENT,9,0,2001.78,86.13,2001.78,0
202211,12268Q,A10AB06,INSULIN GLULISINE,R1,Section 85,ABOVE CO-PAYMENT,3,20.4,646.86,28.71,667.26,20.4
202212,01921D,A10AB06,INSULIN GLULISINE,C0,Section 85,ABOVE CO-PAYMENT,51,0,11169.93,479.07,11169.93,0
202212,01921D,A10AB06,INSULIN GLULISINE,C1,Section 85,ABOVE CO-PAYMENT,9,54.4,1947.38,86.13,2001.78,52.4
202212,01921D,A10AB06,INSULIN GLULISINE,G1,Section 85,ABOVE CO-PAYMENT,6,40.8,1293.72,57.42,1334.52,39.8
202212,01921D,A10AB06,INSULIN GLULISINE,G2,Section 85,ABOVE CO-PAYMENT,34,1409.3,6152.98,325.38,7562.28,1400.3
202212,08084L,A10AB04,INSULIN LISPRO,C0,Section 85,ABOVE CO-PAYMENT,94,0,11812.98,467.180000000001,11812.98,0
202212,08084L,A10AB04,INSULIN LISPRO,C1,Section 85,ABOVE CO-PAYMENT,84,571.2,9890.80000000001,413.500000000001,10462,546.2
202212,08084L,A10AB04,INSULIN LISPRO,G1,Section 85,ABOVE CO-PAYMENT,33,224.4,4205.55,175.92,4429.95,221.4
202212,08084L,A10AB04,INSULIN LISPRO,G2,Section 85,ABOVE CO-PAYMENT,282,11877.9,23710.3899999999,1408.48000000001,35588.2899999998,11802.55
202212,08084L,A10AB04,INSULIN LISPRO,R0,Section 85,ABOVE CO-PAYMENT,6,0,754.02,29.82,754.02,0
202212,08084L,A10AB04,INSULIN LISPRO,R1,Section 85,ABOVE CO-PAYMENT,1,6.8,118.87,4.97,125.67,6.8
202212,08212F,A10AB04,INSULIN LISPRO,C0,Section 85,ABOVE CO-PAYMENT,465,0,97887.6799999997,4180.27999999998,97887.6799999997,0
202212,08212F,A10AB04,INSULIN LISPRO,C1,Section 85,ABOVE CO-PAYMENT,331,2210,66680.9,2903.01999999999,68890.9000000003,2104.29999999999
202212,08212F,A10AB04,INSULIN LISPRO,G1,Section 85,ABOVE CO-PAYMENT,100,673.2,20488.8,905.999999999998,21162,651.2
202212,08212F,A10AB04,INSULIN LISPRO,G2,Section 85,ABOVE CO-PAYMENT,926,38962.3,156578.769999998,8313.45000000015,195541.069999998,38665.5
202212,08212F,A10AB04,INSULIN LISPRO,G2,Section 85,UNDER CO-PAYMENT,8,311.6,0,0,311.6,340
202212,08212F,A10AB04,INSULIN LISPRO,R0,Section 85,ABOVE CO-PAYMENT,14,0,2962.68,126.84,2962.68,0
202212,08212F,A10AB04,INSULIN LISPRO,R1,Section 85,ABOVE CO-PAYMENT,4,27.2,819.28,36.24,846.48,27.6
202212,08435Y,A10AB05,INSULIN ASPART,C0,Section 85,ABOVE CO-PAYMENT,1612,0,340084.869999995,14540.2099999998,340084.869999995,0
202212,08435Y,A10AB05,INSULIN ASPART,C1,Section 85,ABOVE CO-PAYMENT,2325,15286.3999999994,473361.790000013,20742.3200000003,488648.189999991,14506.0499999995
202212,08435Y,A10AB05,INSULIN ASPART,G1,Section 85,ABOVE CO-PAYMENT,354,2366.4,71908.4700000001,3168.46999999999,74274.8700000002,2285.7
202212,08435Y,A10AB05,INSULIN ASPART,G2,Section 85,ABOVE CO-PAYMENT,3961,166022,667766.849999984,35523.2000000014,833788.849999983,164885.2
202212,08435Y,A10AB05,INSULIN ASPART,G2,Section 85,UNDER CO-PAYMENT,4,155.8,0,0,155.8,170
202212,08435Y,A10AB05,INSULIN ASPART,R0,Section 85,ABOVE CO-PAYMENT,34,0,7032.04,300.79,7032.04,0
202212,08435Y,A10AB05,INSULIN ASPART,R1,Section 85,ABOVE CO-PAYMENT,12,81.6,2294.8,101.47,2376.4,76.6
202212,08571D,A10AB05,INSULIN ASPART,C0,Section 85,ABOVE CO-PAYMENT,242,0,29987.8799999998,1184.84000000001,29987.8799999998,0
202212,08571D,A10AB05,INSULIN ASPART,C1,Section 85,ABOVE CO-PAYMENT,298,1971.99999999999,35273.46,1473.09000000001,37245.4599999997,1879.89999999999
202212,08571D,A10AB05,INSULIN ASPART,G1,Section 85,ABOVE CO-PAYMENT,63,428.400000000001,7488.81,313.11,7917.21000000001,416.300000000001
202212,08571D,A10AB05,INSULIN ASPART,G2,Section 85,ABOVE CO-PAYMENT,786,33048,65665.839999999,3904.41999999994,98713.8399999989,32839.35
202212,08571D,A10AB05,INSULIN ASPART,G2,Section 85,UNDER CO-PAYMENT,4,125.56,0,3.96,125.56,129.61
202212,08571D,A10AB05,INSULIN ASPART,R0,Section 85,ABOVE CO-PAYMENT,7,0,785.41,30.81,785.41,0
202212,09224L,A10AB06,INSULIN GLULISINE,C0,Section 85,ABOVE CO-PAYMENT,9,0,1434.93,57.86,1434.93,0
202212,09224L,A10AB06,INSULIN GLULISINE,C1,Section 85,ABOVE CO-PAYMENT,1,6.8,125.07,5.26,131.87,5.8
202212,09224L,A10AB06,INSULIN GLULISINE,G2,Section 85,ABOVE CO-PAYMENT,11,396.1,1054.47,57.86,1450.57,391.1
202212,11645X,A10AB04,INSULIN LISPRO,C0,Section 85,ABOVE CO-PAYMENT,56,0,23387.19,1056.56,23387.19,0
202212,11645X,A10AB04,INSULIN LISPRO,C1,Section 85,ABOVE CO-PAYMENT,13,68,5342.21,244.4,5410.21,67
202212,11645X,A10AB04,INSULIN LISPRO,G1,Section 85,ABOVE CO-PAYMENT,32,210.8,13106.64,601.6,13317.44,200.8
202212,11645X,A10AB04,INSULIN LISPRO,G2,Section 85,ABOVE CO-PAYMENT,45,1876.8,16843.03,846,18719.83,1859.8
202212,11645X,A10AB04,INSULIN LISPRO,R0,Section 85,ABOVE CO-PAYMENT,1,0,416.17,18.8,416.17,0
202212,11705C,A10AB05,INSULIN ASPART,C0,Section 85,ABOVE CO-PAYMENT,72,0,9024.00000000001,356.160000000001,9024.00000000001,0
202212,11705C,A10AB05,INSULIN ASPART,C1,Section 85,ABOVE CO-PAYMENT,99,652.8,11504.35,478.750000000001,12157.15,621.8
202212,11705C,A10AB05,INSULIN ASPART,G1,Section 85,ABOVE CO-PAYMENT,27,176.8,3216.29,134.19,3393.09,169.8
202212,11705C,A10AB05,INSULIN ASPART,G2,Section 85,ABOVE CO-PAYMENT,366,15340.8,30753.2799999997,1820.58000000001,46094.0799999996,15236.8
202212,11705C,A10AB05,INSULIN ASPART,R1,Section 85,ABOVE CO-PAYMENT,2,13.6,142.79,5.29,156.39,13.6
202212,11706D,A10AB05,INSULIN ASPART,C0,Section 85,ABOVE CO-PAYMENT,837,0,174743.519999998,7459.84000000013,174743.519999998,0
202212,11706D,A10AB05,INSULIN ASPART,C1,Section 85,ABOVE CO-PAYMENT,449,2930.80000000001,90222.3400000006,3933.11999999998,93153.1399999998,2764.60000000001
202212,11706D,A10AB05,INSULIN ASPART,G1,Section 85,ABOVE CO-PAYMENT,228,1516.39999999999,46758.08,2067.48999999999,48274.4800000001,1456.89999999999
202212,11706D,A10AB05,INSULIN ASPART,G2,Section 85,ABOVE CO-PAYMENT,1506,62969.7000000001,251334.099999996,13431.5799999999,314303.799999995,62425.6000000001
202212,11706D,A10AB05,INSULIN ASPART,R0,Section 85,ABOVE CO-PAYMENT,19,0,4020.78,172.14,4020.78,0
202212,11706D,A10AB05,INSULIN ASPART,R1,Section 85,ABOVE CO-PAYMENT,4,27.2,654.98,27.73,682.18,27.2
202212,12237C,A10AB04,INSULIN LISPRO,C0,Section 85,ABOVE CO-PAYMENT,620,0,128229.029999999,5477.34000000004,128229.029999999,0
202212,12237C,A10AB04,INSULIN LISPRO,C1,Section 85,ABOVE CO-PAYMENT,184,1196.8,36460.14,1601.07999999999,37656.94,1126.25
202212,12237C,A10AB04,INSULIN LISPRO,G1,Section 85,ABOVE CO-PAYMENT,119,795.599999999999,24216.75,1063.64,25012.35,770.099999999999
202212,12237C,A10AB04,INSULIN LISPRO,G2,Section 85,ABOVE CO-PAYMENT,576,24194.4,96576.2599999996,5163.29000000003,120770.659999999,23969.05
202212,12237C,A10AB04,INSULIN LISPRO,G2,Section 85,UNDER CO-PAYMENT,2,77.9,0,0,77.9,85
202212,12237C,A10AB04,INSULIN LISPRO,R0,Section 85,ABOVE CO-PAYMENT,20,0,4232.4,181.2,4232.4,0
202212,12237C,A10AB04,INSULIN LISPRO,R1,Section 85,ABOVE CO-PAYMENT,3,20.4,368.64,15.04,389.04,20.4
202212,12254Y,A10AB05,INSULIN ASPART,C0,Section 85,ABOVE CO-PAYMENT,10032,0,2082789.28000052,88551.5399999877,2082789.28000052,2
202212,12254Y,A10AB05,INSULIN ASPART,C1,Section 85,ABOVE CO-PAYMENT,3215,20291.1999999989,618744.459999994,26685.9100000012,639035.659999988,19191.8999999989
202212,12254Y,A10AB05,INSULIN ASPART,G1,Section 85,ABOVE CO-PAYMENT,1546,10165.9999999999,315589.250000008,13898.5799999998,325755.249999995,9804.09999999998
202212,12254Y,A10AB05,INSULIN ASPART,G2,Section 85,ABOVE CO-PAYMENT,6371,266197.899999999,1029861.16999997,54858.0599999964,1296059.07000011,263839.349999999
202212,12254Y,A10AB05,INSULIN ASPART,G2,Section 85,UNDER CO-PAYMENT,80,3116,0,0,3116,3321.8
202212,12254Y,A10AB05,INSULIN ASPART,R0,Section 85,ABOVE CO-PAYMENT,215,0,42660.4000000001,1805.15999999999,42660.4000000001,0
202212,12254Y,A10AB05,INSULIN ASPART,R1,Section 85,ABOVE CO-PAYMENT,44,285.6,7079.95,267.86,7365.55,276.6
202212,12268Q,A10AB06,INSULIN GLULISINE,C0,Section 85,ABOVE CO-PAYMENT,720,0,159696.220000001,6869.92999999995,159696.220000001,0
202212,12268Q,A10AB06,INSULIN GLULISINE,C1,Section 85,ABOVE CO-PAYMENT,132,843.199999999999,27284.7,1195.46,28127.8999999999,780.699999999999
202212,12268Q,A10AB06,INSULIN GLULISINE,G1,Section 85,ABOVE CO-PAYMENT,99,666.4,21181.5,939.770000000002,21847.9,643.4
202212,12268Q,A10AB06,INSULIN GLULISINE,G2,Section 85,ABOVE CO-PAYMENT,293,12202.6,52279.7399999997,2773.37000000001,64482.3399999996,12093.05
202212,12268Q,A10AB06,INSULIN GLULISINE,R0,Section 85,ABOVE CO-PAYMENT,19,0,4225.98,181.83,4225.98,0
202212,12268Q,A10AB06,INSULIN GLULISINE,R1,Section 85,ABOVE CO-PAYMENT,1,6.8,215.62,9.57,222.42,5.8
202301,01921D,A10AB06,INSULIN GLULISINE,C1,Section 85,ABOVE CO-PAYMENT,27,182.5,5651.16,250.73,5833.66,179.5
202301,01921D,A10AB06,INSULIN GLULISINE,G2,Section 85,ABOVE CO-PAYMENT,22,660,4233.24,210.54,4893.24,655.2
202301,08084L,A10AB04,INSULIN LISPRO,C0,Section 85,ABOVE CO-PAYMENT,1,0,125.67,4.97,125.67,0
202301,08084L,A10AB04,INSULIN LISPRO,C1,Section 85,ABOVE CO-PAYMENT,120,875.999999999998,14227.97,597.380000000002,15103.97,841.389999999999
202301,08084L,A10AB04,INSULIN LISPRO,G2,Section 85,ABOVE CO-PAYMENT,264,7851.9,25796.3799999999,1331.92000000001,33648.2799999998,7801.9
202301,08084L,A10AB04,INSULIN LISPRO,R1,Section 85,ABOVE CO-PAYMENT,5,36.5,591.85,24.85,628.35,34.5
202301,08212F,A10AB04,INSULIN LISPRO,C1,Section 85,ABOVE CO-PAYMENT,456,3263.10000000002,91859.2700000008,4048.20999999998,95122.3699999997,3114.15000000002
202301,08212F,A10AB04,INSULIN LISPRO,G2,Section 85,ABOVE CO-PAYMENT,869,25797.6,156987.849999998,7797.03000000014,182785.449999998,25569.4
202301,08212F,A10AB04,INSULIN LISPRO,R1,Section 85,ABOVE CO-PAYMENT,5,36.5,1021.6,45.3,1058.1,35.5
202301,08435Y,A10AB05,INSULIN ASPART,C1,Section 85,ABOVE CO-PAYMENT,2553,17914.1999999992,514531.090000015,22629.5700000006,532445.289999991,17152.2499999992
202301,08435Y,A10AB05,INSULIN ASPART,G2,Section 85,ABOVE CO-PAYMENT,3578,106295.8,645289.769999986,31991.3700000019,751585.569999986,105362.46
202301,08435Y,A10AB05,INSULIN ASPART,R1,Section 85,ABOVE CO-PAYMENT,30,219,6106.43,256.41,6325.43,212
202301,08571D,A10AB05,INSULIN ASPART,C1,Section 85,ABOVE CO-PAYMENT,387,2737.50000000001,45590.3800000002,1910.46000000001,48327.8799999996,2618.70000000001
202301,08571D,A10AB05,INSULIN ASPART,G2,Section 85,ABOVE CO-PAYMENT,764,22511.4,73288.349999999,3788.12999999994,95799.7499999989,22345.9
202301,09224L,A10AB06,INSULIN GLULISINE,C1,Section 85,ABOVE CO-PAYMENT,4,21.9,505.58,21.04,527.48,20.9
202301,09224L,A10AB06,INSULIN GLULISINE,G2,Section 85,ABOVE CO-PAYMENT,4,120,531.53,26.3,651.53,119
202301,11645X,A10AB04,INSULIN LISPRO,C1,Section 85,ABOVE CO-PAYMENT,41,277.4,16785.57,770.8,17062.97,272.4
202301,11645X,A10AB04,INSULIN LISPRO,G2,Section 85,ABOVE CO-PAYMENT,30,877.3,11681.65,567.76,12558.95,868.3
202301,11645X,A10AB04,INSULIN LISPRO,R1,Section 85,ABOVE CO-PAYMENT,2,14.6,491.06,22.56,505.66,14.6
202301,11705C,A10AB05,INSULIN ASPART,C1,Section 85,ABOVE CO-PAYMENT,114,802.999999999999,13381.96,560.600000000002,14184.96,777.299999999999
202301,11705C,A10AB05,INSULIN ASPART,G2,Section 85,ABOVE CO-PAYMENT,344,10229.2,32969.9999999997,1709.66000000001,43199.1999999996,10144.39
202301,11705C,A10AB05,INSULIN ASPART,R1,Section 85,ABOVE CO-PAYMENT,3,21.9,355.11,14.91,377.01,20.9
202301,11706D,A10AB05,INSULIN ASPART,C1,Section 85,ABOVE CO-PAYMENT,724,5110.00000000007,144694.120000002,6391.24000000008,149804.119999999,4882.65000000006
202301,11706D,A10AB05,INSULIN ASPART,G2,Section 85,ABOVE CO-PAYMENT,1426,42303.3,255341.419999996,12704.6299999999,297644.719999995,41838.35
202301,11706D,A10AB05,INSULIN ASPART,R1,Section 85,ABOVE CO-PAYMENT,21,153.3,3963.38,174.5,4116.68,149.3
202301,12237C,A10AB04,INSULIN LISPRO,C1,Section 85,ABOVE CO-PAYMENT,470,3299.60000000002,94317.1400000009,4166.31999999998,97616.7399999996,3170.55000000002
202301,12237C,A10AB04,INSULIN LISPRO,G2,Section 85,ABOVE CO-PAYMENT,533,15626.8,95581.0699999997,4754.67000000001,111207.869999999,15465.79
202301,12237C,A10AB04,INSULIN LISPRO,R1,Section 85,ABOVE CO-PAYMENT,18,131.4,3351.68,148.58,3483.08,128.4
202301,12254Y,A10AB05,INSULIN ASPART,C0,Section 85,ABOVE CO-PAYMENT,3,0,634.86,27.18,634.86,0
202301,12254Y,A10AB05,INSULIN ASPART,C1,Section 85,ABOVE CO-PAYMENT,7050,48289.5000000039,1376640.27,59965.3699999952,1424929.77000017,46565.5500000033
202301,12254Y,A10AB05,INSULIN ASPART,G2,Section 85,ABOVE CO-PAYMENT,6370,187445.3,1088220.38999999,53697.9699999967,1275665.69000009,185432.05
202301,12254Y,A10AB05,INSULIN ASPART,R0,Section 85,ABOVE CO-PAYMENT,1,0,211.62,9.06,211.62,0
202301,12254Y,A10AB05,INSULIN ASPART,R1,Section 85,ABOVE CO-PAYMENT,185,1350.5,35092.8,1524.65999999999,36443.3,1328.6
202301,12268Q,A10AB06,INSULIN GLULISINE,C1,Section 85,ABOVE CO-PAYMENT,353,2474.7,75084.2500000001,3332.83000000002,77558.9499999995,2405.2
202301,12268Q,A10AB06,INSULIN GLULISINE,G2,Section 85,ABOVE CO-PAYMENT,252,7355.7,47830.3799999998,2367.98,55186.0799999997,7271.1
202301,12268Q,A10AB06,INSULIN GLULISINE,R1,Section 85,ABOVE CO-PAYMENT,10,73,2151.2,95.7,2224.2,72
202302,01921D,A10AB06,INSULIN GLULISINE,C0,Section 85,ABOVE CO-PAYMENT,1,0,222.42,9.57,222.42,0
202302,01921D,A10AB06,INSULIN GLULISINE,C1,Section 85,ABOVE CO-PAYMENT,27,197.1,5808.24,258.39,6005.34,188.1
202302,01921D,A10AB06,INSULIN GLULISINE,G2,Section 85,ABOVE CO-PAYMENT,25,750,4638.82,231.59,5388.82,745
202302,01921D,A10AB06,INSULIN GLULISINE,R1,Section 85,ABOVE CO-PAYMENT,1,7.3,215.12,9.57,222.42,6.3
202302,08084L,A10AB04,INSULIN LISPRO,C0,Section 85,ABOVE CO-PAYMENT,2,0,251.34,9.94,251.34,0
202302,08084L,A10AB04,INSULIN LISPRO,C1,Section 85,ABOVE CO-PAYMENT,125,905.199999999998,14811.48,622.220000000002,15716.68,873.589999999999
202302,08084L,A10AB04,INSULIN LISPRO,G2,Section 85,ABOVE CO-PAYMENT,292,8623.8,28779.0499999998,1481.99000000001,37402.8499999997,8568.8
202302,08084L,A10AB04,INSULIN LISPRO,R1,Section 85,ABOVE CO-PAYMENT,2,14.6,236.74,9.94,251.34,14.6
202302,08212F,A10AB04,INSULIN LISPRO,C0,Section 85,ABOVE CO-PAYMENT,2,0,423.24,18.12,423.24,0
202302,08212F,A10AB04,INSULIN LISPRO,C1,Section 85,ABOVE CO-PAYMENT,448,3190.10000000002,90303.7800000007,3993.31999999998,93493.8799999998,3054.80000000002
202302,08212F,A10AB04,INSULIN LISPRO,G2,Section 85,ABOVE CO-PAYMENT,786,23330.3,140934.499999999,7000.29000000011,164264.799999998,23141.08
202302,08212F,A10AB04,INSULIN LISPRO,R0,Section 85,ABOVE CO-PAYMENT,1,0,211.62,9.06,211.62,0
202302,08212F,A10AB04,INSULIN LISPRO,R1,Section 85,ABOVE CO-PAYMENT,8,58.4,1634.56,72.48,1692.96,57.6
202302,08435Y,A10AB05,INSULIN ASPART,C0,Section 85,ABOVE CO-PAYMENT,4,0,846.48,36.24,846.48,0
202302,08435Y,A10AB05,INSULIN ASPART,C1,Section 85,ABOVE CO-PAYMENT,2555,18001.7999999992,517062.550000015,22750.7900000006,535064.34999999,17263.7499999992
202302,08435Y,A10AB05,INSULIN ASPART,G2,Section 85,ABOVE CO-PAYMENT,3345,99169.6000000001,605062.649999987,30011.2400000017,704232.249999987,98319.2900000001
202302,08435Y,A10AB05,INSULIN ASPART,R0,Section 85,ABOVE CO-PAYMENT,2,0,423.24,18.12,423.24,0
202302,08435Y,A10AB05,INSULIN ASPART,R1,Section 85,ABOVE CO-PAYMENT,41,299.3,7886.74,348.45,8186.04,293.8
202302,08571D,A10AB05,INSULIN ASPART,C0,Section 85,ABOVE CO-PAYMENT,1,0,125.67,4.97,125.67,0
202302,08571D,A10AB05,INSULIN ASPART,C1,Section 85,ABOVE CO-PAYMENT,370,2613.40000000001,43813.9000000001,1836.89000000001,46427.2999999996,2517.35
202302,08571D,A10AB05,INSULIN ASPART,G2,Section 85,ABOVE CO-PAYMENT,718,21222.2,69212.7999999991,3570.01999999995,90434.999999999,21056.89
202302,08571D,A10AB05,INSULIN ASPART,R1,Section 85,ABOVE CO-PAYMENT,3,21.9,355.11,14.91,377.01,21.9
202302,09224L,A10AB06,INSULIN GLULISINE,C1,Section 85,ABOVE CO-PAYMENT,7,51.1,822.37,34.72,873.47,50.1
202302,09224L,A10AB06,INSULIN GLULISINE,G2,Section 85,ABOVE CO-PAYMENT,4,120,407.48,21.04,527.48,120
202302,09224L,A10AB06,INSULIN GLULISINE,R1,Section 85,ABOVE CO-PAYMENT,1,7.3,124.57,5.26,131.87,7.3
202302,11645X,A10AB04,INSULIN LISPRO,C0,Section 85,ABOVE CO-PAYMENT,1,0,416.17,18.8,416.17,0
202302,11645X,A10AB04,INSULIN LISPRO,C1,Section 85,ABOVE CO-PAYMENT,40,255.5,16064.62,736.96,16320.12,251.5
202302,11645X,A10AB04,INSULIN LISPRO,G2,Section 85,ABOVE CO-PAYMENT,49,1447.3,18615.68,903.49,20062.98,1436.3
202302,11645X,A10AB04,INSULIN LISPRO,R1,Section 85,ABOVE CO-PAYMENT,1,7.3,408.87,18.8,416.17,7.3
202302,11705C,A10AB05,INSULIN ASPART,C1,Section 85,ABOVE CO-PAYMENT,118,839.499999999999,13822.56,577.470000000002,14662.06,812.999999999999
202302,11705C,A10AB05,INSULIN ASPART,G2,Section 85,ABOVE CO-PAYMENT,390,11609.2,37430.4699999997,1938.84000000001,49039.6699999996,11531.2
202302,11705C,A10AB05,INSULIN ASPART,R1,Section 85,ABOVE CO-PAYMENT,2,14.6,236.74,4.97,251.34,13.6
202302,11706D,A10AB05,INSULIN ASPART,C0,Section 85,ABOVE CO-PAYMENT,5,0,1050.28,45.3,1050.28,0
202302,11706D,A10AB05,INSULIN ASPART,C1,Section 85,ABOVE CO-PAYMENT,839,5898.40000000009,167596.500000003,7403.42000000013,173494.899999998,5619.25000000008
202302,11706D,A10AB05,INSULIN ASPART,G1,Section 85,ABOVE CO-PAYMENT,1,7.3,204.32,9.06,211.62,6.3
202302,11706D,A10AB05,INSULIN ASPART,G2,Section 85,ABOVE CO-PAYMENT,1576,46394.7,284427.309999995,14142.6099999998,330822.009999995,45948.85
202302,11706D,A10AB05,INSULIN ASPART,R1,Section 85,ABOVE CO-PAYMENT,14,102.2,2534.4,112.34,2636.6,100.2
202302,12237C,A10AB04,INSULIN LISPRO,C0,Section 85,ABOVE CO-PAYMENT,5,0,1058.1,45.3,1058.1,0
202302,12237C,A10AB04,INSULIN LISPRO,C1,Section 85,ABOVE CO-PAYMENT,454,3212.00000000002,90401.9500000007,3996.37999999998,93613.9499999998,3108.89000000002
202302,12237C,A10AB04,INSULIN LISPRO,G2,Section 85,ABOVE CO-PAYMENT,517,15305.7,92024.6099999998,4585.43,107330.309999999,15150.09
202302,12237C,A10AB04,INSULIN LISPRO,R1,Section 85,ABOVE CO-PAYMENT,3,21.9,612.96,27.18,634.86,20.9
202302,12254Y,A10AB05,INSULIN ASPART,C0,Section 85,ABOVE CO-PAYMENT,76,0,15396.06,655.939999999999,15396.06,0
202302,12254Y,A10AB05,INSULIN ASPART,C1,Section 85,ABOVE CO-PAYMENT,7149,48990.3000000042,1395655.58000001,60897.8099999948,1444645.88000018,47328.8300000036
202302,12254Y,A10AB05,INSULIN ASPART,G2,Section 85,ABOVE CO-PAYMENT,6201,182329.9,1059915.02999997,52369.1999999971,1242244.93000008,180431.45
202302,12254Y,A10AB05,INSULIN ASPART,R0,Section 85,ABOVE CO-PAYMENT,2,0,423.24,18.12,423.24,0
202302,12254Y,A10AB05,INSULIN ASPART,R1,Section 85,ABOVE CO-PAYMENT,158,1138.8,28966.62,1255.57,30105.42,1116.8
202302,12268Q,A10AB06,INSULIN GLULISINE,C0,Section 85,ABOVE CO-PAYMENT,4,0,889.68,38.28,889.68,0
202302,12268Q,A10AB06,INSULIN GLULISINE,C1,Section 85,ABOVE CO-PAYMENT,413,2920.00000000001,87929.1699999999,3893.06000000003,90849.1699999995,2831.95000000001
202302,12268Q,A10AB06,INSULIN GLULISINE,G2,Section 85,ABOVE CO-PAYMENT,259,7701.9,49733.1999999997,2470.97,57435.0999999997,7640.9
202302,12268Q,A10AB06,INSULIN GLULISINE,R1,Section 85,ABOVE CO-PAYMENT,5,36.5,1075.6,47.85,1112.1,35.5
202303,01921D,A10AB06,INSULIN GLULISINE,C0,Section 85,ABOVE CO-PAYMENT,2,0,444.84,19.14,444.84,0
202303,01921D,A10AB06,INSULIN GLULISINE,C1,Section 85,ABOVE CO-PAYMENT,41,270.1,8677.44,384.71,8947.54,260.1
202303,01921D,A10AB06,INSULIN GLULISINE,G2,Section 85,ABOVE CO-PAYMENT,34,974.6,6587.68,325.38,7562.28,967.6
202303,08084L,A10AB04,INSULIN LISPRO,C0,Section 85,ABOVE CO-PAYMENT,3,0,377.01,14.91,377.01,0
202303,08084L,A10AB04,INSULIN LISPRO,C1,Section 85,ABOVE CO-PAYMENT,127,927.099999999998,15017.35,631.180000000002,15944.45,890.229999999999
202303,08084L,A10AB04,INSULIN LISPRO,G2,Section 85,ABOVE CO-PAYMENT,316,9411.9,30747.6499999998,1589.38000000001,40159.5499999997,9346.1
202303,08084L,A10AB04,INSULIN LISPRO,R1,Section 85,ABOVE CO-PAYMENT,5,36.5,591.85,24.85,628.35,34.5
202303,08212F,A10AB04,INSULIN LISPRO,C0,Section 85,ABOVE CO-PAYMENT,21,0,4444.02,190.26,4444.02,0
202303,08212F,A10AB04,INSULIN LISPRO,C1,Section 85,ABOVE CO-PAYMENT,560,4015.00000000004,111670.350000001,4892.61000000001,115685.349999999,3855.70000000004
202303,08212F,A10AB04,INSULIN LISPRO,G1,Section 85,ABOVE CO-PAYMENT,1,7.3,204.32,9.06,211.62,7.3
202303,08212F,A10AB04,INSULIN LISPRO,G2,Section 85,ABOVE CO-PAYMENT,922,27364.9,166538.079999998,8287.92000000016,193902.979999998,27115.2
202303,08212F,A10AB04,INSULIN LISPRO,R1,Section 85,ABOVE CO-PAYMENT,8,58.4,1471.52,65.23,1529.92,56.6
202303,08435Y,A10AB05,INSULIN ASPART,C0,Section 85,ABOVE CO-PAYMENT,63,0,13617.38,583.46,13617.38,0
202303,08435Y,A10AB05,INSULIN ASPART,C1,Section 85,ABOVE CO-PAYMENT,2908,20447.2999999989,590350.459999999,25999.0900000011,610797.759999988,19581.999999999
202303,08435Y,A10AB05,INSULIN ASPART,G2,Section 85,ABOVE CO-PAYMENT,4136,122581.8,746618.189999983,37029.0800000009,869199.989999983,121574.78
202303,08435Y,A10AB05,INSULIN ASPART,R0,Section 85,ABOVE CO-PAYMENT,4,7.3,839.18,36.24,846.48,7.3
202303,08435Y,A10AB05,INSULIN ASPART,R1,Section 85,ABOVE CO-PAYMENT,38,270.1,6938.13,297.71,7208.23,261.1
202303,08571D,A10AB05,INSULIN ASPART,C0,Section 85,ABOVE CO-PAYMENT,15,0,1885.05,74.55,1885.05,0
202303,08571D,A10AB05,INSULIN ASPART,C1,Section 85,ABOVE CO-PAYMENT,445,3139.00000000002,52317.3300000003,2189.35,55456.3299999995,3011.55000000002
202303,08571D,A10AB05,INSULIN ASPART,G2,Section 85,ABOVE CO-PAYMENT,863,25685.7,82421.8899999988,4275.15999999994,108107.589999999,25468
202303,08571D,A10AB05,INSULIN ASPART,R1,Section 85,ABOVE CO-PAYMENT,3,21.9,355.11,14.91,377.01,21.9
202303,09224L,A10AB06,INSULIN GLULISINE,C1,Section 85,ABOVE CO-PAYMENT,4,29.2,498.28,21.04,527.48,27.2
202303,09224L,A10AB06,INSULIN GLULISINE,G2,Section 85,ABOVE CO-PAYMENT,10,300,1018.7,52.6,1318.7,296
202303,09224L,A10AB06,INSULIN GLULISINE,R1,Section 85,ABOVE CO-PAYMENT,1,7.3,124.57,5.26,131.87,7.3
202303,11645X,A10AB04,INSULIN LISPRO,C0,Section 85,ABOVE CO-PAYMENT,5,0,2080.85,94,2080.85,0
202303,11645X,A10AB04,INSULIN LISPRO,C1,Section 85,ABOVE CO-PAYMENT,61,430.700000000001,24628.99,1131.76,25059.69,418.700000000001
202303,11645X,A10AB04,INSULIN LISPRO,G2,Section 85,ABOVE CO-PAYMENT,50,1477.3,19004.52,924.959999999999,20481.82,1465.3
202303,11645X,A10AB04,INSULIN LISPRO,R0,Section 85,ABOVE CO-PAYMENT,1,0,416.17,18.8,416.17,0
202303,11705C,A10AB05,INSULIN ASPART,C0,Section 85,ABOVE CO-PAYMENT,1,0,30.72,0.32,30.72,0
202303,11705C,A10AB05,INSULIN ASPART,C1,Section 85,ABOVE CO-PAYMENT,385,2752.10000000001,45435.0200000002,1910.36000000001,48187.1199999996,2708.70000000001
202303,11705C,A10AB05,INSULIN ASPART,G2,Section 85,ABOVE CO-PAYMENT,1023,30304.1,97920.0499999986,5084.08999999998,128224.149999999,30184.1
202303,11705C,A10AB05,INSULIN ASPART,R1,Section 85,ABOVE CO-PAYMENT,5,36.5,591.85,24.85,628.35,35.5
202303,11706D,A10AB05,INSULIN ASPART,C0,Section 85,ABOVE CO-PAYMENT,78,0,15828.22,675.159999999999,15828.22,0
202303,11706D,A10AB05,INSULIN ASPART,C1,Section 85,ABOVE CO-PAYMENT,2178,15570.8999999994,443803.500000012,19625.5500000002,459374.399999992,15076.3999999995
202303,11706D,A10AB05,INSULIN ASPART,G2,Section 85,ABOVE CO-PAYMENT,4305,127561,779690.009999984,38845.7900000006,907251.009999984,126670.44
202303,11706D,A10AB05,INSULIN ASPART,R0,Section 85,ABOVE CO-PAYMENT,5,0,1058.1,45.3,1058.1,0
202303,11706D,A10AB05,INSULIN ASPART,R1,Section 85,ABOVE CO-PAYMENT,50,357.7,10036.8,445.75,10394.5,350.7
202303,12237C,A10AB04,INSULIN LISPRO,C0,Section 85,ABOVE CO-PAYMENT,32,0,6764.02,289.92,6764.02,0
202303,12237C,A10AB04,INSULIN LISPRO,C1,Section 85,ABOVE CO-PAYMENT,526,3774.10000000003,104287.610000001,4592.12,108061.709999999,3631.30000000003
202303,12237C,A10AB04,INSULIN LISPRO,G2,Section 85,ABOVE CO-PAYMENT,641,18912.2,114476.399999999,5689.85000000005,133388.599999999,18726.6
202303,12237C,A10AB04,INSULIN LISPRO,R1,Section 85,ABOVE CO-PAYMENT,9,65.7,1838.88,81.54,1904.58,63.7
202303,12254Y,A10AB05,INSULIN ASPART,C0,Section 85,ABOVE CO-PAYMENT,687,0,142870.719999999,6080.19000000006,142870.719999999,0
202303,12254Y,A10AB05,INSULIN ASPART,C1,Section 85,ABOVE CO-PAYMENT,8405,57757.6000000077,1634776.38000009,71212.6599999922,1692533.98000031,55726.1800000071
202303,12254Y,A10AB05,INSULIN ASPART,G2,Section 85,ABOVE CO-PAYMENT,7377,216588.399999999,1272087.3900001,62910.6699999944,1488675.79000021,214377.69
202303,12254Y,A10AB05,INSULIN ASPART,R0,Section 85,ABOVE CO-PAYMENT,31,0,5904.28,248.08,5904.28,0
202303,12254Y,A10AB05,INSULIN ASPART,R1,Section 85,ABOVE CO-PAYMENT,202,1430.8,37688.43,1637.18999999999,39119.23,1403.8
202303,12268Q,A10AB06,INSULIN GLULISINE,C0,Section 85,ABOVE CO-PAYMENT,33,0,7246.2,311.99,7246.2,0
202303,12268Q,A10AB06,INSULIN GLULISINE,C1,Section 85,ABOVE CO-PAYMENT,440,3029.50000000002,92730.2899999998,4105.31000000003,95759.7899999994,2932.45000000001
202303,12268Q,A10AB06,INSULIN GLULISINE,G2,Section 85,ABOVE CO-PAYMENT,316,9298.4,60109.0299999997,2982.58000000001,69407.4299999996,9215.6
202303,12268Q,A10AB06,INSULIN GLULISINE,R0,Section 85,ABOVE CO-PAYMENT,2,0,444.84,19.14,444.84,0
202303,12268Q,A10AB06,INSULIN GLULISINE,R1,Section 85,ABOVE CO-PAYMENT,8,58.4,1720.96,76.56,1779.36,58.4
202304,01921D,A10AB06,INSULIN GLULISINE,C0,Section 85,ABOVE CO-PAYMENT,5,0,831.35,34.5,831.35,0
202304,01921D,A10AB06,INSULIN GLULISINE,C1,Section 85,ABOVE CO-PAYMENT,24,175.2,3815.28,165.6,3990.48,170.2
202304,01921D,A10AB06,INSULIN GLULISINE,G2,Section 85,ABOVE CO-PAYMENT,26,734.6,3588.42,179.4,4323.02,727.8
202304,01921D,A10AB06,INSULIN GLULISINE,R0,Section 85,ABOVE CO-PAYMENT,1,0,166.27,6.9,166.27,0
202304,01921D,A10AB06,INSULIN GLULISINE,R1,Section 85,ABOVE CO-PAYMENT,1,7.3,31.25,0.42,38.55,7.3
202304,08084L,A10AB04,INSULIN LISPRO,C0,Section 85,ABOVE CO-PAYMENT,10,0,999.2,43.2,999.2,0
202304,08084L,A10AB04,INSULIN LISPRO,C1,Section 85,ABOVE CO-PAYMENT,110,795.699999999999,10139.02,471.379999999999,10934.72,766.389999999999
202304,08084L,A10AB04,INSULIN LISPRO,G2,Section 85,ABOVE CO-PAYMENT,297,8773.8,21381.3599999999,1305.51,30155.1599999998,8721.8
202304,08084L,A10AB04,INSULIN LISPRO,G2,Section 85,UNDER CO-PAYMENT,2,51.87,0,1.11,51.87,60
202304,08084L,A10AB04,INSULIN LISPRO,R1,Section 85,ABOVE CO-PAYMENT,3,21.9,277.86,12.96,299.76,20.9
202304,08212F,A10AB04,INSULIN LISPRO,C0,Section 85,ABOVE CO-PAYMENT,46,0,7646.12,317.4,7646.12,0
202304,08212F,A10AB04,INSULIN LISPRO,C1,Section 85,ABOVE CO-PAYMENT,438,3139.00000000002,68976.5799999995,2985.35000000002,72115.5800000004,3016.40000000002
202304,08212F,A10AB04,INSULIN LISPRO,G2,Section 85,ABOVE CO-PAYMENT,874,26106.5,117400.440000001,5930.68999999994,143506.940000001,25875.58
202304,08212F,A10AB04,INSULIN LISPRO,R0,Section 85,ABOVE CO-PAYMENT,2,0,332.44,13.8,332.44,0
202304,08212F,A10AB04,INSULIN LISPRO,R1,Section 85,ABOVE CO-PAYMENT,8,58.4,1271.36,55.2,1329.76,56.6
202304,08435Y,A10AB05,INSULIN ASPART,C0,Section 85,ABOVE CO-PAYMENT,165,0,27014.4,1113.65,27014.4,0
202304,08435Y,A10AB05,INSULIN ASPART,C1,Section 85,ABOVE CO-PAYMENT,2486,17490.7999999992,391995.839999996,16898.6699999995,409486.639999977,16721.4999999993
202304,08435Y,A10AB05,INSULIN ASPART,G1,Section 85,ABOVE CO-PAYMENT,1,7.3,158.92,6.9,166.22,7.3
202304,08435Y,A10AB05,INSULIN ASPART,G2,Section 85,ABOVE CO-PAYMENT,3886,115195.3,528104.999999949,26553.8600000015,643300.299999939,114262.71
202304,08435Y,A10AB05,INSULIN ASPART,R0,Section 85,ABOVE CO-PAYMENT,9,0,1495.98,62.1,1495.98,0
202304,08435Y,A10AB05,INSULIN ASPART,R1,Section 85,ABOVE CO-PAYMENT,24,175.2,3304.32,140.64,3479.52,171.2
202304,08571D,A10AB05,INSULIN ASPART,C0,Section 85,ABOVE CO-PAYMENT,33,0,3223.68,139.1,3223.68,0
202304,08571D,A10AB05,INSULIN ASPART,C1,Section 85,ABOVE CO-PAYMENT,356,2518.5,33145.1199999999,1542.24,35663.6199999997,2424
202304,08571D,A10AB05,INSULIN ASPART,G2,Section 85,ABOVE CO-PAYMENT,846,25039.5,59461.539999999,3654.72000000005,84501.0399999988,24842.9
202304,08571D,A10AB05,INSULIN ASPART,G2,Section 85,UNDER CO-PAYMENT,2,52.48,0,1.72,52.48,55.1
202304,08571D,A10AB05,INSULIN ASPART,R1,Section 85,ABOVE CO-PAYMENT,4,29.2,370.48,17.28,399.68,27.2
202304,09224L,A10AB06,INSULIN GLULISINE,C0,Section 85,ABOVE CO-PAYMENT,1,0,192.02,8.64,192.02,0
202304,09224L,A10AB06,INSULIN GLULISINE,C1,Section 85,ABOVE CO-PAYMENT,2,14.6,185.24,8.64,199.84,14.6
202304,09224L,A10AB06,INSULIN GLULISINE,G2,Section 85,ABOVE CO-PAYMENT,7,187.3,512.14,30.24,699.44,187.3
202304,11645X,A10AB04,INSULIN LISPRO,C0,Section 85,ABOVE CO-PAYMENT,10,0,2655.7,116.3,2655.7,0
202304,11645X,A10AB04,INSULIN LISPRO,C1,Section 85,ABOVE CO-PAYMENT,34,240.9,8788.48000000001,395.42,9029.38,229.9
202304,11645X,A10AB04,INSULIN LISPRO,G2,Section 85,ABOVE CO-PAYMENT,50,1500,11667.58,576.83,13167.58,1487
202304,11645X,A10AB04,INSULIN LISPRO,R0,Section 85,ABOVE CO-PAYMENT,2,0,531.14,23.26,531.14,0
202304,11705C,A10AB05,INSULIN ASPART,C0,Section 85,ABOVE CO-PAYMENT,8,0,891.46,38.88,891.46,0
202304,11705C,A10AB05,INSULIN ASPART,C1,Section 85,ABOVE CO-PAYMENT,83,591.3,7704.84,359.42,8296.14000000001,566.8
202304,11705C,A10AB05,INSULIN ASPART,G2,Section 85,ABOVE CO-PAYMENT,211,6216.5,14940.3,914.980000000004,21156.7999999999,6172.7
202304,11706D,A10AB05,INSULIN ASPART,C0,Section 85,ABOVE CO-PAYMENT,55,0,9142.1,379.5,9142.1,0
202304,11706D,A10AB05,INSULIN ASPART,C1,Section 85,ABOVE CO-PAYMENT,462,3277.70000000002,73334.9999999994,3173.96000000003,76612.7000000004,3142.10000000002
202304,11706D,A10AB05,INSULIN ASPART,G2,Section 85,ABOVE CO-PAYMENT,1004,29688.7,136056.900000001,6881.9399999999,165745.600000001,29422.5
202304,11706D,A10AB05,INSULIN ASPART,R0,Section 85,ABOVE CO-PAYMENT,1,0,166.22,6.9,166.22,0
202304,11706D,A10AB05,INSULIN ASPART,R1,Section 85,ABOVE CO-PAYMENT,4,29.2,635.68,27.6,664.88,27.2
202304,12237C,A10AB04,INSULIN LISPRO,C0,Section 85,ABOVE CO-PAYMENT,84,0,13827.94,574.069999999999,13827.94,0
202304,12237C,A10AB04,INSULIN LISPRO,C1,Section 85,ABOVE CO-PAYMENT,420,2949.20000000001,64573.3599999995,2782.92000000002,67522.5600000003,2837.80000000001
202304,12237C,A10AB04,INSULIN LISPRO,G1,Section 85,ABOVE CO-PAYMENT,2,14.6,317.84,13.8,332.44,14.6
202304,12237C,A10AB04,INSULIN LISPRO,G2,Section 85,ABOVE CO-PAYMENT,581,17066.8,76831.5800000004,3887.44000000004,93898.3800000005,16896
202304,12237C,A10AB04,INSULIN LISPRO,R0,Section 85,ABOVE CO-PAYMENT,5,0,831.1,34.5,831.1,0
202304,12237C,A10AB04,INSULIN LISPRO,R1,Section 85,ABOVE CO-PAYMENT,4,29.2,635.68,27.6,664.88,27.2
202304,12254Y,A10AB05,INSULIN ASPART,C0,Section 85,ABOVE CO-PAYMENT,1487,0,240845.480000002,9953.62999999974,240845.480000002,0
202304,12254Y,A10AB05,INSULIN ASPART,C1,Section 85,ABOVE CO-PAYMENT,6545,45077.5000000026,995188.160000086,42464.0800000047,1040265.65999988,43229.7400000019
202304,12254Y,A10AB05,INSULIN ASPART,G1,Section 85,ABOVE CO-PAYMENT,8,58.4,1271.36,55.2,1329.76,57.4
202304,12254Y,A10AB05,INSULIN ASPART,G2,Section 85,ABOVE CO-PAYMENT,6769,199120.199999999,872100.139999888,43860.3600000048,1071220.33999987,196983.019999999
202304,12254Y,A10AB05,INSULIN ASPART,R0,Section 85,ABOVE CO-PAYMENT,47,7.3,7424.88,307.74,7432.18,7.3
202304,12254Y,A10AB05,INSULIN ASPART,R1,Section 85,ABOVE CO-PAYMENT,134,963.599999999998,19303.48,827.119999999998,20267.08,939.599999999998
202304,12268Q,A10AB06,INSULIN GLULISINE,C0,Section 85,ABOVE CO-PAYMENT,94,0,15438.28,639.359999999999,15438.28,0
202304,12268Q,A10AB06,INSULIN GLULISINE,C1,Section 85,ABOVE CO-PAYMENT,317,2197.3,49833.6800000002,2155.02000000001,52030.9799999997,2114.84999999999
202304,12268Q,A10AB06,INSULIN GLULISINE,G2,Section 85,ABOVE CO-PAYMENT,272,8114.6,36595.02,1853.76000000001,44709.6199999999,8030.8
202304,12268Q,A10AB06,INSULIN GLULISINE,R0,Section 85,ABOVE CO-PAYMENT,1,0,166.27,6.9,166.27,0
202304,12268Q,A10AB06,INSULIN GLULISINE,R1,Section 85,ABOVE CO-PAYMENT,10,73,1589.7,69,1662.7,70
202305,01921D,A10AB06,INSULIN GLULISINE,C0,Section 85,ABOVE CO-PAYMENT,9,0,1496.43,62.1,1496.43,0
202305,01921D,A10AB06,INSULIN GLULISINE,C1,Section 85,ABOVE CO-PAYMENT,28,204.4,4451.16,193.2,4655.56,194.4
202305,01921D,A10AB06,INSULIN GLULISINE,G2,Section 85,ABOVE CO-PAYMENT,29,824.6,3997.23,200.1,4821.83,821
202305,01921D,A10AB06,INSULIN GLULISINE,R1,Section 85,ABOVE CO-PAYMENT,1,7.3,158.97,6.9,166.27,7.3
202305,08084L,A10AB04,INSULIN LISPRO,C0,Section 85,ABOVE CO-PAYMENT,30,0,2997.6,129.6,2997.6,0
202305,08084L,A10AB04,INSULIN LISPRO,C1,Section 85,ABOVE CO-PAYMENT,140,1014.7,13050.56,609.120000000001,14065.26,980.549999999998
202305,08084L,A10AB04,INSULIN LISPRO,G2,Section 85,ABOVE CO-PAYMENT,322,9546.5,23227.7799999999,1419.56,32774.2799999998,9484.1
202305,08084L,A10AB04,INSULIN LISPRO,R0,Section 85,ABOVE CO-PAYMENT,1,0,99.92,4.32,99.92,0
202305,08084L,A10AB04,INSULIN LISPRO,R1,Section 85,ABOVE CO-PAYMENT,4,29.2,370.48,17.28,399.68,27.2
202305,08212F,A10AB04,INSULIN LISPRO,C0,Section 85,ABOVE CO-PAYMENT,96,0,15957.12,662.399999999999,15957.12,0
202305,08212F,A10AB04,INSULIN LISPRO,C1,Section 85,ABOVE CO-PAYMENT,467,3358.00000000002,73023.6199999994,3139.37000000003,76381.6200000004,3220.20000000002
202305,08212F,A10AB04,INSULIN LISPRO,G2,Section 85,ABOVE CO-PAYMENT,922,27410.3,125070.240000001,6294.16999999993,152480.540000001,27158.79
202305,08212F,A10AB04,INSULIN LISPRO,R0,Section 85,ABOVE CO-PAYMENT,5,0,831.1,34.5,831.1,0
202305,08212F,A10AB04,INSULIN LISPRO,R1,Section 85,ABOVE CO-PAYMENT,7,51.1,985.72,42.78,1036.82,50.1
202305,08435Y,A10AB05,INSULIN ASPART,C0,Section 85,ABOVE CO-PAYMENT,342,0,55835.1000000003,2310.40000000002,55835.1000000003,0
202305,08435Y,A10AB05,INSULIN ASPART,C1,Section 85,ABOVE CO-PAYMENT,2708,19045.6999999991,427717.459999992,18400.4399999998,446763.159999971,18216.5499999991
202305,08435Y,A10AB05,INSULIN ASPART,G1,Section 85,ABOVE CO-PAYMENT,1,7.3,158.92,6.9,166.22,7.3
202305,08435Y,A10AB05,INSULIN ASPART,G2,Section 85,ABOVE CO-PAYMENT,4027,119289.1,544729.019999946,27382.0500000017,664018.119999935,118277.09
202305,08435Y,A10AB05,INSULIN ASPART,R0,Section 85,ABOVE CO-PAYMENT,14,0,2327.08,96.6000000000001,2327.08,0
202305,08435Y,A10AB05,INSULIN ASPART,R1,Section 85,ABOVE CO-PAYMENT,21,153.3,3082.92,132.9,3236.22,148.3
202305,08571D,A10AB05,INSULIN ASPART,C0,Section 85,ABOVE CO-PAYMENT,68,0,6684.04,288.57,6684.04,0
202305,08571D,A10AB05,INSULIN ASPART,C1,Section 85,ABOVE CO-PAYMENT,380,2679.10000000001,35382.6,1645.92,38061.6999999996,2571.15
202305,08571D,A10AB05,INSULIN ASPART,G2,Section 85,ABOVE CO-PAYMENT,879,26120.3,61701.5599999989,3797.28000000006,87821.8599999988,25907.49
202305,08571D,A10AB05,INSULIN ASPART,G2,Section 85,UNDER CO-PAYMENT,4,104.35,0,2.83,104.35,117.69
202305,08571D,A10AB05,INSULIN ASPART,R1,Section 85,ABOVE CO-PAYMENT,4,29.2,370.48,17.28,399.68,28.2
202305,09224L,A10AB06,INSULIN GLULISINE,C0,Section 85,ABOVE CO-PAYMENT,3,0,299.76,12.96,299.76,0
202305,09224L,A10AB06,INSULIN GLULISINE,C1,Section 85,ABOVE CO-PAYMENT,5,36.5,463.1,21.6,499.6,34.5
202305,09224L,A10AB06,INSULIN GLULISINE,G2,Section 85,ABOVE CO-PAYMENT,9,270,629.28,38.88,899.28,268
202305,09224L,A10AB06,INSULIN GLULISINE,R0,Section 85,ABOVE CO-PAYMENT,1,0,99.92,4.32,99.92,0
202305,11645X,A10AB04,INSULIN LISPRO,C0,Section 85,ABOVE CO-PAYMENT,20,0,5311.4,232.6,5311.4,0
202305,11645X,A10AB04,INSULIN LISPRO,C1,Section 85,ABOVE CO-PAYMENT,41,284.7,10595.85,476.82,10880.55,272.7
202305,11645X,A10AB04,INSULIN LISPRO,G1,Section 85,ABOVE CO-PAYMENT,1,7.3,258.27,11.63,265.57,7.3
202305,11645X,A10AB04,INSULIN LISPRO,G2,Section 85,ABOVE CO-PAYMENT,62,1814.6,14488.27,714.07,16302.87,1799.6
202305,11645X,A10AB04,INSULIN LISPRO,R1,Section 85,ABOVE CO-PAYMENT,1,7.3,258.27,11.63,265.57,7.3
202305,11705C,A10AB05,INSULIN ASPART,C0,Section 85,ABOVE CO-PAYMENT,10,0,999.2,43.2,999.2,0
202305,11705C,A10AB05,INSULIN ASPART,C1,Section 85,ABOVE CO-PAYMENT,72,518.300000000001,6694.36,311.9,7212.66000000001,502.100000000001
202305,11705C,A10AB05,INSULIN ASPART,G2,Section 85,ABOVE CO-PAYMENT,203,6021.9,14227.53,873.870000000004,20249.43,5960.9
202305,11705C,A10AB05,INSULIN ASPART,R1,Section 85,ABOVE CO-PAYMENT,1,7.3,92.62,4.32,99.92,6.3
202305,11706D,A10AB05,INSULIN ASPART,C0,Section 85,ABOVE CO-PAYMENT,102,0,16946.62,703.789999999999,16946.62,0
202305,11706D,A10AB05,INSULIN ASPART,C1,Section 85,ABOVE CO-PAYMENT,339,2394.4,53971.1399999996,2333.57000000002,56365.5400000003,2284.25
202305,11706D,A10AB05,INSULIN ASPART,G2,Section 85,ABOVE CO-PAYMENT,857,25392.2,116172.100000001,5877.33999999995,141564.300000001,25131.2
202305,11706D,A10AB05,INSULIN ASPART,R0,Section 85,ABOVE CO-PAYMENT,2,0,332.44,13.8,332.44,0
202305,11706D,A10AB05,INSULIN ASPART,R1,Section 85,ABOVE CO-PAYMENT,4,29.2,635.68,27.6,664.88,27.2
202305,12237C,A10AB04,INSULIN LISPRO,C0,Section 85,ABOVE CO-PAYMENT,161,0,26357.34,1086.06,26357.34,0
202305,12237C,A10AB04,INSULIN LISPRO,C1,Section 85,ABOVE CO-PAYMENT,453,3212.00000000002,70499.0799999995,3040.41000000002,73711.0800000003,3056.70000000002
202305,12237C,A10AB04,INSULIN LISPRO,G1,Section 85,ABOVE CO-PAYMENT,1,7.3,158.92,6.9,166.22,7.3
202305,12237C,A10AB04,INSULIN LISPRO,G2,Section 85,ABOVE CO-PAYMENT,622,18455.7,82654.2200000005,4187.62000000004,101109.920000001,18282.45
202305,12237C,A10AB04,INSULIN LISPRO,R0,Section 85,ABOVE CO-PAYMENT,3,0,498.66,20.7,498.66,0
202305,12237C,A10AB04,INSULIN LISPRO,R1,Section 85,ABOVE CO-PAYMENT,11,80.3,1620.44,69.42,1700.74,78.3
202305,12254Y,A10AB05,INSULIN ASPART,C0,Section 85,ABOVE CO-PAYMENT,2956,0,478178.619999966,19746.3300000001,478178.619999966,7.3
202305,12254Y,A10AB05,INSULIN ASPART,C1,Section 85,ABOVE CO-PAYMENT,6454,44420.5000000023,975394.240000079,41507.8600000045,1019814.73999988,42552.7500000016
202305,12254Y,A10AB05,INSULIN ASPART,G1,Section 85,ABOVE CO-PAYMENT,16,87.6,2571.92,110.4,2659.52,86.6
202305,12254Y,A10AB05,INSULIN ASPART,G2,Section 85,ABOVE CO-PAYMENT,7552,222292.399999999,970034.339999871,48705.2400000059,1192326.73999986,219879.429999999
202305,12254Y,A10AB05,INSULIN ASPART,R0,Section 85,ABOVE CO-PAYMENT,95,21.9,15369.32,627.259999999999,15391.22,21.9
202305,12254Y,A10AB05,INSULIN ASPART,R1,Section 85,ABOVE CO-PAYMENT,133,934.399999999998,19588.94,803.959999999999,20523.34,904.399999999998
202305,12268Q,A10AB06,INSULIN GLULISINE,C0,Section 85,ABOVE CO-PAYMENT,173,0,28034.8800000001,1161,28034.8800000001,0
202305,12268Q,A10AB06,INSULIN GLULISINE,C1,Section 85,ABOVE CO-PAYMENT,327,2299.5,51008.0000000002,2209.38000000001,53307.4999999997,2208.83999999999
202305,12268Q,A10AB06,INSULIN GLULISINE,G1,Section 85,ABOVE CO-PAYMENT,1,7.3,158.97,6.9,166.27,7.3
202305,12268Q,A10AB06,INSULIN GLULISINE,G2,Section 85,ABOVE CO-PAYMENT,362,10701.1,48449.4599999997,2436.42000000002,59150.5599999996,10605.5
202305,12268Q,A10AB06,INSULIN GLULISINE,R0,Section 85,ABOVE CO-PAYMENT,3,0,498.81,20.7,498.81,0
202305,12268Q,A10AB06,INSULIN GLULISINE,R1,Section 85,ABOVE CO-PAYMENT,8,58.4,1257.04,48.3,1315.44,56.4
202306,01921D,A10AB06,INSULIN GLULISINE,C0,Section 85,ABOVE CO-PAYMENT,13,0,2161.51,89.7,2161.51,0
202306,01921D,A10AB06,INSULIN GLULISINE,C1,Section 85,ABOVE CO-PAYMENT,16,109.5,2550.82,110.4,2660.32,106.5
202306,01921D,A10AB06,INSULIN GLULISINE,G2,Section 85,ABOVE CO-PAYMENT,39,1124.6,5359.93,269.1,6484.53000000001,1114.6
202306,08084L,A10AB04,INSULIN LISPRO,C0,Section 85,ABOVE CO-PAYMENT,27,0,2682.2,116.64,2682.2,6.5
202306,08084L,A10AB04,INSULIN LISPRO,C1,Section 85,ABOVE CO-PAYMENT,90,657,8225.28,383.61,8882.28000000001,629.54
202306,08084L,A10AB04,INSULIN LISPRO,G2,Section 85,ABOVE CO-PAYMENT,323,9553.8,23033.4999999999,1410.05,32587.2999999997,9490
202306,08084L,A10AB04,INSULIN LISPRO,G2,Section 85,UNDER CO-PAYMENT,1,26.24,0,0.86,26.24,22.99
202306,08084L,A10AB04,INSULIN LISPRO,R0,Section 85,ABOVE CO-PAYMENT,4,0,399.68,17.28,399.68,0
202306,08212F,A10AB04,INSULIN LISPRO,C0,Section 85,ABOVE CO-PAYMENT,139,0,22755.14,942.949999999998,22755.14,0
202306,08212F,A10AB04,INSULIN LISPRO,C1,Section 85,ABOVE CO-PAYMENT,421,2971.10000000001,65856.1799999995,2830.65000000002,68827.2800000003,2854.30000000001
202306,08212F,A10AB04,INSULIN LISPRO,G1,Section 85,ABOVE CO-PAYMENT,2,14.6,317.84,13.8,332.44,14.6
202306,08212F,A10AB04,INSULIN LISPRO,G2,Section 85,ABOVE CO-PAYMENT,904,26824.9,121421.140000001,6118.89999999993,148246.040000001,26608.29
202306,08212F,A10AB04,INSULIN LISPRO,R0,Section 85,ABOVE CO-PAYMENT,4,0,664.88,27.6,664.88,0
202306,08212F,A10AB04,INSULIN LISPRO,R1,Section 85,ABOVE CO-PAYMENT,8,58.4,1143.68,48.72,1202.08,55.4
202306,08435Y,A10AB05,INSULIN ASPART,C0,Section 85,ABOVE CO-PAYMENT,478,0,79197.5000000004,3278.08000000003,79197.5000000004,1
202306,08435Y,A10AB05,INSULIN ASPART,C1,Section 85,ABOVE CO-PAYMENT,2428,17067.3999999993,381706.499999997,16464.5099999994,398773.899999979,16275.6999999993
202306,08435Y,A10AB05,INSULIN ASPART,G1,Section 85,ABOVE CO-PAYMENT,7,43.8,864.38,35.34,908.18,42.8
202306,08435Y,A10AB05,INSULIN ASPART,G2,Section 85,ABOVE CO-PAYMENT,4102,121856.9,556992.579999944,28032.0800000018,678849.479999933,120846.07
202306,08435Y,A10AB05,INSULIN ASPART,R0,Section 85,ABOVE CO-PAYMENT,19,0,2904.74,120.06,2904.74,0
202306,08435Y,A10AB05,INSULIN ASPART,R1,Section 85,ABOVE CO-PAYMENT,17,116.8,2704.14,112.52,2820.94,107.8
202306,08571D,A10AB05,INSULIN ASPART,C0,Section 85,ABOVE CO-PAYMENT,83,0,8219.68000000001,355.1,8219.68000000001,0
202306,08571D,A10AB05,INSULIN ASPART,C1,Section 85,ABOVE CO-PAYMENT,334,2372.5,30853.4199999999,1435.96,33225.9199999997,2257.2
202306,08571D,A10AB05,INSULIN ASPART,G2,Section 85,ABOVE CO-PAYMENT,931,27566.8,65919.2199999988,4043.52000000007,93486.0199999987,27339.8
202306,08571D,A10AB05,INSULIN ASPART,G2,Section 85,UNDER CO-PAYMENT,3,78.11,0,1.97,78.11,87.69
202306,08571D,A10AB05,INSULIN ASPART,R0,Section 85,ABOVE CO-PAYMENT,1,0,99.92,4.32,99.92,0
202306,08571D,A10AB05,INSULIN ASPART,R1,Section 85,ABOVE CO-PAYMENT,5,36.5,463.1,21.6,499.6,35.5
202306,09224L,A10AB06,INSULIN GLULISINE,C0,Section 85,ABOVE CO-PAYMENT,3,0,391.86,17.28,391.86,0
202306,09224L,A10AB06,INSULIN GLULISINE,C1,Section 85,ABOVE CO-PAYMENT,5,36.5,463.1,21.6,499.6,33.5
202306,09224L,A10AB06,INSULIN GLULISINE,G2,Section 85,ABOVE CO-PAYMENT,10,277.3,814,47.52,1091.3,276.3
202306,09224L,A10AB06,INSULIN GLULISINE,R0,Section 85,ABOVE CO-PAYMENT,1,0,99.92,4.32,99.92,0
202306,11645X,A10AB04,INSULIN LISPRO,C0,Section 85,ABOVE CO-PAYMENT,34,0,9029.38,395.42,9029.38,0
202306,11645X,A10AB04,INSULIN LISPRO,C1,Section 85,ABOVE CO-PAYMENT,24,160.6,6213.08,279.12,6373.68,151.6
202306,11645X,A10AB04,INSULIN LISPRO,G2,Section 85,ABOVE CO-PAYMENT,52,1560,12301.19,607.08,13861.19,1553
202306,11645X,A10AB04,INSULIN LISPRO,R0,Section 85,ABOVE CO-PAYMENT,1,0,265.57,11.63,265.57,0
202306,11705C,A10AB05,INSULIN ASPART,C0,Section 85,ABOVE CO-PAYMENT,12,0,1199.04,51.84,1199.04,0
202306,11705C,A10AB05,INSULIN ASPART,C1,Section 85,ABOVE CO-PAYMENT,52,372.3,4823.54,224.64,5195.84,359.45
202306,11705C,A10AB05,INSULIN ASPART,G2,Section 85,ABOVE CO-PAYMENT,188,5640,13129.32,812.160000000003,18769.32,5593
202306,11705C,A10AB05,INSULIN ASPART,R0,Section 85,ABOVE CO-PAYMENT,1,0,99.92,4.32,99.92,0
202306,11706D,A10AB05,INSULIN ASPART,C0,Section 85,ABOVE CO-PAYMENT,114,0,19099.66,793.479999999999,19099.66,0
202306,11706D,A10AB05,INSULIN ASPART,C1,Section 85,ABOVE CO-PAYMENT,222,1576.79999999999,35197.3199999998,1526.28,36774.1200000001,1511.44999999999
202306,11706D,A10AB05,INSULIN ASPART,G1,Section 85,ABOVE CO-PAYMENT,4,29.2,635.68,27.6,664.88,28.2
202306,11706D,A10AB05,INSULIN ASPART,G2,Section 85,ABOVE CO-PAYMENT,696,20562.2,94208.6000000006,4756.82,114770.800000001,20355.2
202306,11706D,A10AB05,INSULIN ASPART,R0,Section 85,ABOVE CO-PAYMENT,4,0,664.88,27.6,664.88,0
202306,11706D,A10AB05,INSULIN ASPART,R1,Section 85,ABOVE CO-PAYMENT,3,21.9,476.76,20.7,498.66,21.9
202306,12237C,A10AB04,INSULIN LISPRO,C0,Section 85,ABOVE CO-PAYMENT,233,0,37953.2600000001,1566.72000000001,37953.2600000001,0
202306,12237C,A10AB04,INSULIN LISPRO,C1,Section 85,ABOVE CO-PAYMENT,307,2160.79999999999,46971.0599999997,2031.78000000001,49131.8600000002,2045.69999999999
202306,12237C,A10AB04,INSULIN LISPRO,G2,Section 85,ABOVE CO-PAYMENT,610,18118.4,80370.1400000005,4076.28000000004,98488.5400000005,17944.6
202306,12237C,A10AB04,INSULIN LISPRO,R0,Section 85,ABOVE CO-PAYMENT,3,0,498.66,20.7,498.66,0
202306,12237C,A10AB04,INSULIN LISPRO,R1,Section 85,ABOVE CO-PAYMENT,5,36.5,794.6,34.5,831.1,35.5
202306,12254Y,A10AB05,INSULIN ASPART,C0,Section 85,ABOVE CO-PAYMENT,3834,0,619729.999999943,25565.8800000013,619729.999999943,1
202306,12254Y,A10AB05,INSULIN ASPART,C1,Section 85,ABOVE CO-PAYMENT,5247,35923.299999999,788533.830000038,33544.170000003,824457.129999912,34348.4799999983
202306,12254Y,A10AB05,INSULIN ASPART,G1,Section 85,ABOVE CO-PAYMENT,46,284.7,7353.6,317.39,7638.3,283.7
202306,12254Y,A10AB05,INSULIN ASPART,G2,Section 85,ABOVE CO-PAYMENT,7120,209309.7,920699.719999879,46297.0500000054,1130009.41999986,207053.31
202306,12254Y,A10AB05,INSULIN ASPART,G2,Section 85,UNDER CO-PAYMENT,1,39.5,0,1.38,39.5,10.9
202306,12254Y,A10AB05,INSULIN ASPART,R0,Section 85,ABOVE CO-PAYMENT,118,0,18365.82,755.569999999998,18365.82,0
202306,12254Y,A10AB05,INSULIN ASPART,R1,Section 85,ABOVE CO-PAYMENT,88,627.8,11958.68,490.939999999999,12586.48,616.35
202306,12268Q,A10AB06,INSULIN GLULISINE,C0,Section 85,ABOVE CO-PAYMENT,255,0,42050.6299999999,1737.84000000001,42050.6299999999,0
202306,12268Q,A10AB06,INSULIN GLULISINE,C1,Section 85,ABOVE CO-PAYMENT,242,1678.99999999999,38029.4800000001,1641.56000000001,39708.48,1603.19999999999
202306,12268Q,A10AB06,INSULIN GLULISINE,G1,Section 85,ABOVE CO-PAYMENT,3,21.9,476.91,20.7,498.81,21.9
202306,12268Q,A10AB06,INSULIN GLULISINE,G2,Section 85,ABOVE CO-PAYMENT,283,8421.9,37861.79,1917.24000000001,46283.6899999998,8350.1
202306,12268Q,A10AB06,INSULIN GLULISINE,R0,Section 85,ABOVE CO-PAYMENT,14,0,2327.78,96.6000000000001,2327.78,0
202306,12268Q,A10AB06,INSULIN GLULISINE,R1,Section 85,ABOVE CO-PAYMENT,4,29.2,635.88,27.6,665.08,28.2
202307,01921D,A10AB06,INSULIN GLULISINE,C0,Section 85,ABOVE CO-PAYMENT,17,0,2714.04,116.64,2714.04,0
202307,01921D,A10AB06,INSULIN GLULISINE,C1,Section 85,ABOVE CO-PAYMENT,12,87.6,1917.84,86.4,2005.44,84.6
202307,01921D,A10AB06,INSULIN GLULISINE,G2,Section 85,ABOVE CO-PAYMENT,22,660,3016.64,158.4,3676.64,656
202307,08084L,A10AB04,INSULIN LISPRO,C0,Section 85,ABOVE CO-PAYMENT,46,0,4635.42,212.52,4635.42,0
202307,08084L,A10AB04,INSULIN LISPRO,C1,Section 85,ABOVE CO-PAYMENT,92,664.3,8532.62000000001,421.34,9196.92000000002,634.03
202307,08084L,A10AB04,INSULIN LISPRO,G1,Section 85,ABOVE CO-PAYMENT,2,14.6,186.94,9.24,201.54,14.6
202307,08084L,A10AB04,INSULIN LISPRO,G2,Section 85,ABOVE CO-PAYMENT,306,9043.8,22050.5400000001,1426.65999999999,31094.3400000001,8994.8
202307,08084L,A10AB04,INSULIN LISPRO,G2,Section 85,UNDER CO-PAYMENT,2,53.7,0,1.84,53.7,52.99
202307,08084L,A10AB04,INSULIN LISPRO,R0,Section 85,ABOVE CO-PAYMENT,4,0,403.08,18.48,403.08,0
202307,08212F,A10AB04,INSULIN LISPRO,C0,Section 85,ABOVE CO-PAYMENT,184,0,30349.77,1292.09,30349.77,0
202307,08212F,A10AB04,INSULIN LISPRO,C1,Section 85,ABOVE CO-PAYMENT,357,2562.3,56549.4899999996,2526.17,59111.7899999999,2439.8
202307,08212F,A10AB04,INSULIN LISPRO,G1,Section 85,ABOVE CO-PAYMENT,6,43.8,958.62,43.2,1002.42,42.8
202307,08212F,A10AB04,INSULIN LISPRO,G2,Section 85,ABOVE CO-PAYMENT,923,27440.3,125779.960000003,6567.2199999999,153220.260000004,27207.7
202307,08212F,A10AB04,INSULIN LISPRO,R0,Section 85,ABOVE CO-PAYMENT,2,0,334.14,14.4,334.14,0
202307,08212F,A10AB04,INSULIN LISPRO,R1,Section 85,ABOVE CO-PAYMENT,2,14.6,319.54,14.4,334.14,14.6
202307,08435Y,A10AB05,INSULIN ASPART,C0,Section 85,ABOVE CO-PAYMENT,605,0,99393.3600000013,4259.12999999996,99393.3600000013,0
202307,08435Y,A10AB05,INSULIN ASPART,C1,Section 85,ABOVE CO-PAYMENT,2410,16928.6999999993,381246.810000007,17020.2800000007,398175.510000014,16164.4499999993
202307,08435Y,A10AB05,INSULIN ASPART,G1,Section 85,ABOVE CO-PAYMENT,17,116.8,2596.43,116.64,2713.23,115.8
202307,08435Y,A10AB05,INSULIN ASPART,G2,Section 85,ABOVE CO-PAYMENT,4094,121412.6,555803.500000012,28947.5100000019,677216.099999973,120437.28
202307,08435Y,A10AB05,INSULIN ASPART,R0,Section 85,ABOVE CO-PAYMENT,17,0,2712.21,115.62,2712.21,0
202307,08435Y,A10AB05,INSULIN ASPART,R1,Section 85,ABOVE CO-PAYMENT,21,153.3,3099.21,137.64,3252.51,146.3
202307,08571D,A10AB05,INSULIN ASPART,C0,Section 85,ABOVE CO-PAYMENT,101,0,10103.18,462.25,10103.18,0
202307,08571D,A10AB05,INSULIN ASPART,C1,Section 85,ABOVE CO-PAYMENT,317,2233.8,29636.3700000001,1460.83999999999,31870.1700000001,2138.64999999999
202307,08571D,A10AB05,INSULIN ASPART,G1,Section 85,ABOVE CO-PAYMENT,4,29.2,373.88,18.48,403.08,28.2
202307,08571D,A10AB05,INSULIN ASPART,G2,Section 85,ABOVE CO-PAYMENT,904,26734.1,64325.1499999988,4173.08999999993,91059.2500000001,26534.2
202307,08571D,A10AB05,INSULIN ASPART,G2,Section 85,UNDER CO-PAYMENT,2,53.03,0,1.17,53.03,60
202307,08571D,A10AB05,INSULIN ASPART,R0,Section 85,ABOVE CO-PAYMENT,1,0,100.77,4.62,100.77,0
202307,08571D,A10AB05,INSULIN ASPART,R1,Section 85,ABOVE CO-PAYMENT,1,7.3,93.47,4.62,100.77,7.3
202307,09224L,A10AB06,INSULIN GLULISINE,C0,Section 85,ABOVE CO-PAYMENT,4,0,403.08,18.48,403.08,0
202307,09224L,A10AB06,INSULIN GLULISINE,C1,Section 85,ABOVE CO-PAYMENT,2,14.6,186.94,9.24,201.54,12.6
202307,09224L,A10AB06,INSULIN GLULISINE,G2,Section 85,ABOVE CO-PAYMENT,10,277.3,730.4,46.2,1007.7,275.3
202307,11645X,A10AB04,INSULIN LISPRO,C0,Section 85,ABOVE CO-PAYMENT,33,0,8585.42,384.15,8585.42,0
202307,11645X,A10AB04,INSULIN LISPRO,C1,Section 85,ABOVE CO-PAYMENT,15,102.2,3894.1,178.95,3996.3,95.2
202307,11645X,A10AB04,INSULIN LISPRO,G1,Section 85,ABOVE CO-PAYMENT,1,7.3,259.12,11.93,266.42,7.3
202307,11645X,A10AB04,INSULIN LISPRO,G2,Section 85,ABOVE CO-PAYMENT,55,1604.6,13091.74,658.52,14696.34,1592.59
202307,11645X,A10AB04,INSULIN LISPRO,R0,Section 85,ABOVE CO-PAYMENT,4,0,1065.68,47.72,1065.68,0
202307,11705C,A10AB05,INSULIN ASPART,C0,Section 85,ABOVE CO-PAYMENT,16,0,1704.72,78.54,1704.72,0
202307,11705C,A10AB05,INSULIN ASPART,C1,Section 85,ABOVE CO-PAYMENT,40,292,3664.88,181.1,3956.88,281
202307,11705C,A10AB05,INSULIN ASPART,G1,Section 85,ABOVE CO-PAYMENT,1,7.3,93.47,4.62,100.77,7.3
202307,11705C,A10AB05,INSULIN ASPART,G2,Section 85,ABOVE CO-PAYMENT,171,5130,12172.24,790.330000000001,17302.2400000001,5093
202307,11706D,A10AB05,INSULIN ASPART,C0,Section 85,ABOVE CO-PAYMENT,114,0,19037.61,820.790000000002,19037.61,0
202307,11706D,A10AB05,INSULIN ASPART,C1,Section 85,ABOVE CO-PAYMENT,217,1547.59999999999,34681.48,1562.37000000001,36229.08,1469.24999999999
202307,11706D,A10AB05,INSULIN ASPART,G1,Section 85,ABOVE CO-PAYMENT,3,14.6,486.61,21.6,501.21,14.6
202307,11706D,A10AB05,INSULIN ASPART,G2,Section 85,ABOVE CO-PAYMENT,649,19220.3,88960.840000001,4662.67999999995,108181.140000002,19026.45
202307,11706D,A10AB05,INSULIN ASPART,R0,Section 85,ABOVE CO-PAYMENT,5,0,835.35,36,835.35,0
202307,11706D,A10AB05,INSULIN ASPART,R1,Section 85,ABOVE CO-PAYMENT,2,14.6,319.54,14.4,334.14,14.6
202307,12237C,A10AB04,INSULIN LISPRO,C0,Section 85,ABOVE CO-PAYMENT,292,0,47295.3899999999,2032.24000000001,47295.3899999999,0
202307,12237C,A10AB04,INSULIN LISPRO,C1,Section 85,ABOVE CO-PAYMENT,291,2087.79999999999,44739.8599999999,1997.11000000001,46827.6599999999,1981.79999999999
202307,12237C,A10AB04,INSULIN LISPRO,G1,Section 85,ABOVE CO-PAYMENT,9,58.4,1445.23,64.8,1503.63,56.4
202307,12237C,A10AB04,INSULIN LISPRO,G2,Section 85,ABOVE CO-PAYMENT,638,18799.5,83887.1400000008,4416.45999999995,102686.640000001,18615.35
202307,12237C,A10AB04,INSULIN LISPRO,R0,Section 85,ABOVE CO-PAYMENT,9,0,1503.63,64.8,1503.63,0
202307,12237C,A10AB04,INSULIN LISPRO,R1,Section 85,ABOVE CO-PAYMENT,5,36.5,671.89,30.24,708.39,36.5
202307,12254Y,A10AB05,INSULIN ASPART,C0,Section 85,ABOVE CO-PAYMENT,4570,0,738355.289999953,31598.0400000021,738355.289999953,1
202307,12254Y,A10AB05,INSULIN ASPART,C1,Section 85,ABOVE CO-PAYMENT,4570,31068.7999999979,690318.220000037,30415.4900000019,721387.019999958,29653.3699999979
202307,12254Y,A10AB05,INSULIN ASPART,G1,Section 85,ABOVE CO-PAYMENT,97,613.2,15274.17,682.950000000001,15887.37,603.2
202307,12254Y,A10AB05,INSULIN ASPART,G2,Section 85,ABOVE CO-PAYMENT,7434,218888.599999999,966205.359999864,50425.6999999953,1185093.95999992,216567.299999999
202307,12254Y,A10AB05,INSULIN ASPART,R0,Section 85,ABOVE CO-PAYMENT,124,14.6,19360.84,824.190000000002,19375.44,27.2
202307,12254Y,A10AB05,INSULIN ASPART,R1,Section 85,ABOVE CO-PAYMENT,79,576.7,11069.12,478.92,11645.82,562.5
202307,12268Q,A10AB06,INSULIN GLULISINE,C0,Section 85,ABOVE CO-PAYMENT,289,0,47382.5500000002,2039.46000000001,47382.5500000002,0
202307,12268Q,A10AB06,INSULIN GLULISINE,C1,Section 85,ABOVE CO-PAYMENT,205,1460,31476.44,1398.74000000001,32936.4399999999,1398.85
202307,12268Q,A10AB06,INSULIN GLULISINE,G1,Section 85,ABOVE CO-PAYMENT,6,36.5,966.22,43.2,1002.72,36.5
202307,12268Q,A10AB06,INSULIN GLULISINE,G2,Section 85,ABOVE CO-PAYMENT,307,9096.5,41691.5300000001,2185.92000000001,50788.0300000002,9010.5
202307,12268Q,A10AB06,INSULIN GLULISINE,R0,Section 85,ABOVE CO-PAYMENT,9,0,1504.08,64.8,1504.08,0
202307,12268Q,A10AB06,INSULIN GLULISINE,R1,Section 85,ABOVE CO-PAYMENT,3,21.9,224.44,9.06,246.34,21.9
202308,01921D,A10AB06,INSULIN GLULISINE,C0,Section 85,ABOVE CO-PAYMENT,17,0,2841.04,122.4,2841.04,0
202308,01921D,A10AB06,INSULIN GLULISINE,C1,Section 85,ABOVE CO-PAYMENT,15,94.9,2411.9,108,2506.8,89.9
202308,01921D,A10AB06,INSULIN GLULISINE,G1,Section 85,ABOVE CO-PAYMENT,1,7.3,159.82,7.2,167.12,7.3
202308,01921D,A10AB06,INSULIN GLULISINE,G2,Section 85,ABOVE CO-PAYMENT,30,854.6,4159,216,5013.6,848.25
202308,01921D,A10AB06,INSULIN GLULISINE,R0,Section 85,ABOVE CO-PAYMENT,1,0,167.12,7.2,167.12,0
202308,08084L,A10AB04,INSULIN LISPRO,C0,Section 85,ABOVE CO-PAYMENT,60,0,5972.28000000001,273.5,5972.28000000001,0
202308,08084L,A10AB04,INSULIN LISPRO,C1,Section 85,ABOVE CO-PAYMENT,104,751.899999999999,9654.26,476.78,10406.16,717.549999999999
202308,08084L,A10AB04,INSULIN LISPRO,G1,Section 85,ABOVE CO-PAYMENT,5,36.5,559.75,27.72,596.25,35.5
202308,08084L,A10AB04,INSULIN LISPRO,G2,Section 85,ABOVE CO-PAYMENT,329,9779.2,23817.6500000001,1542.15999999999,33596.8500000001,9711.2
202308,08084L,A10AB04,INSULIN LISPRO,R0,Section 85,ABOVE CO-PAYMENT,4,7.3,395.78,18.48,403.08,7.3
202308,08084L,A10AB04,INSULIN LISPRO,R1,Section 85,ABOVE CO-PAYMENT,1,7.3,93.47,4.62,100.77,7.3
202308,08212F,A10AB04,INSULIN LISPRO,C0,Section 85,ABOVE CO-PAYMENT,229,0,37635.33,1617.54000000001,37635.33,0
202308,08212F,A10AB04,INSULIN LISPRO,C1,Section 85,ABOVE CO-PAYMENT,396,2803.20000000001,63013.7399999995,2828.13999999999,65816.9399999999,2673.65000000001
202308,08212F,A10AB04,INSULIN LISPRO,G1,Section 85,ABOVE CO-PAYMENT,10,65.7,1468.23,64.8,1533.93,64.7
202308,08212F,A10AB04,INSULIN LISPRO,G2,Section 85,ABOVE CO-PAYMENT,912,27201.1,123066.260000003,6434.5799999999,150267.360000003,26968.33
202308,08212F,A10AB04,INSULIN LISPRO,R0,Section 85,ABOVE CO-PAYMENT,7,0,1169.49,50.4,1169.49,0
202308,08212F,A10AB04,INSULIN LISPRO,R1,Section 85,ABOVE CO-PAYMENT,4,29.2,639.08,28.8,668.28,29.2
202308,08435Y,A10AB05,INSULIN ASPART,C0,Section 85,ABOVE CO-PAYMENT,756,0,125042.790000002,5360.67999999993,125042.790000002,0
202308,08435Y,A10AB05,INSULIN ASPART,C1,Section 85,ABOVE CO-PAYMENT,2358,16549.0999999993,374437.240000006,16698.3300000007,390986.340000013,15827.1999999994
202308,08435Y,A10AB05,INSULIN ASPART,G1,Section 85,ABOVE CO-PAYMENT,39,277.4,5855.41,261.48,6132.81,273.4
202308,08435Y,A10AB05,INSULIN ASPART,G2,Section 85,ABOVE CO-PAYMENT,4288,127164.5,583799.660000001,30498.3700000021,710964.159999962,129087.27
202308,08435Y,A10AB05,INSULIN ASPART,R0,Section 85,ABOVE CO-PAYMENT,30,21.9,4862.22,209.22,4884.12,21.9
202308,08435Y,A10AB05,INSULIN ASPART,R1,Section 85,ABOVE CO-PAYMENT,21,138.7,2858.87,125.1,2997.57,131.7
202308,08571D,A10AB05,INSULIN ASPART,C0,Section 85,ABOVE CO-PAYMENT,138,0,13906.26,637.560000000001,13906.26,0
202308,08571D,A10AB05,INSULIN ASPART,C1,Section 85,ABOVE CO-PAYMENT,308,2175.39999999999,28861.7600000001,1422.95999999999,31037.1600000001,2081.69999999999
202308,08571D,A10AB05,INSULIN ASPART,G1,Section 85,ABOVE CO-PAYMENT,11,65.7,1042.77,50.82,1108.47,64.7
202308,08571D,A10AB05,INSULIN ASPART,G2,Section 85,ABOVE CO-PAYMENT,976,28916.8,69327.319999999,4505.42999999992,98244.1200000004,28680.9
202308,08571D,A10AB05,INSULIN ASPART,G2,Section 85,UNDER CO-PAYMENT,1,26.85,0,0.92,26.85,30
202308,08571D,A10AB05,INSULIN ASPART,R0,Section 85,ABOVE CO-PAYMENT,2,0,201.54,9.24,201.54,0
202308,08571D,A10AB05,INSULIN ASPART,R1,Section 85,ABOVE CO-PAYMENT,4,29.2,299.96,14.78,329.16,28.2
202308,09224L,A10AB06,INSULIN GLULISINE,C0,Section 85,ABOVE CO-PAYMENT,7,0,797.79,36.96,797.79,0
202308,09224L,A10AB06,INSULIN GLULISINE,C1,Section 85,ABOVE CO-PAYMENT,3,21.9,280.41,13.86,302.31,20.9
202308,09224L,A10AB06,INSULIN GLULISINE,G2,Section 85,ABOVE CO-PAYMENT,7,210,495.39,32.34,705.39,209
202308,09224L,A10AB06,INSULIN GLULISINE,R0,Section 85,ABOVE CO-PAYMENT,2,0,201.54,9.24,201.54,0
202308,11645X,A10AB04,INSULIN LISPRO,C0,Section 85,ABOVE CO-PAYMENT,42,0,11172.77,492.57,11172.77,0
202308,11645X,A10AB04,INSULIN LISPRO,C1,Section 85,ABOVE CO-PAYMENT,18,131.4,4664.16,214.74,4795.56,127.4
202308,11645X,A10AB04,INSULIN LISPRO,G1,Section 85,ABOVE CO-PAYMENT,2,7.3,525.54,23.86,532.84,7.3
202308,11645X,A10AB04,INSULIN LISPRO,G2,Section 85,ABOVE CO-PAYMENT,49,1470,11584.58,584.57,13054.58,1460
202308,11645X,A10AB04,INSULIN LISPRO,R0,Section 85,ABOVE CO-PAYMENT,1,0,266.42,11.93,266.42,0
202308,11705C,A10AB05,INSULIN ASPART,C0,Section 85,ABOVE CO-PAYMENT,12,0,1209.24,55.44,1209.24,0
202308,11705C,A10AB05,INSULIN ASPART,C1,Section 85,ABOVE CO-PAYMENT,60,430.700000000001,5615.5,277.2,6046.20000000001,416.700000000001
202308,11705C,A10AB05,INSULIN ASPART,G1,Section 85,ABOVE CO-PAYMENT,1,7.3,93.47,4.62,100.77,7.3
202308,11705C,A10AB05,INSULIN ASPART,G2,Section 85,ABOVE CO-PAYMENT,198,5894.6,13990.9000000001,914.760000000001,19885.5000000001,5858.6
202308,11706D,A10AB05,INSULIN ASPART,C0,Section 85,ABOVE CO-PAYMENT,129,0,21590.4,931.640000000002,21590.4,0
202308,11706D,A10AB05,INSULIN ASPART,C1,Section 85,ABOVE CO-PAYMENT,182,1277.5,29112.5000000001,1310.38,30390,1218.15
202308,11706D,A10AB05,INSULIN ASPART,G1,Section 85,ABOVE CO-PAYMENT,11,80.3,1749.1,79.19,1829.4,79.3
202308,11706D,A10AB05,INSULIN ASPART,G2,Section 85,ABOVE CO-PAYMENT,709,21065.7,97152.9000000014,5097.49999999993,118218.600000002,20871.5
202308,11706D,A10AB05,INSULIN ASPART,R0,Section 85,ABOVE CO-PAYMENT,3,0,501.21,21.6,501.21,0
202308,12237C,A10AB04,INSULIN LISPRO,C0,Section 85,ABOVE CO-PAYMENT,331,0,54380.9699999999,2329.16,54380.9699999999,0
202308,12237C,A10AB04,INSULIN LISPRO,C1,Section 85,ABOVE CO-PAYMENT,280,1978.29999999999,43146.3499999999,1931.46000000001,45124.6499999999,1880.49999999999
202308,12237C,A10AB04,INSULIN LISPRO,G1,Section 85,ABOVE CO-PAYMENT,14,94.9,2244.08,100.8,2338.98,92.9
202308,12237C,A10AB04,INSULIN LISPRO,G2,Section 85,ABOVE CO-PAYMENT,618,18290.3,81385.9000000006,4286.85999999995,99676.2000000013,18120.25
202308,12237C,A10AB04,INSULIN LISPRO,R0,Section 85,ABOVE CO-PAYMENT,12,0,2004.84,86.4,2004.84,0
202308,12237C,A10AB04,INSULIN LISPRO,R1,Section 85,ABOVE CO-PAYMENT,8,58.4,1278.16,57.6,1336.56,58.4
202308,12254Y,A10AB05,INSULIN ASPART,C0,Section 85,ABOVE CO-PAYMENT,5561,0,900662.159999905,38448.63,900662.159999905,1
202308,12254Y,A10AB05,INSULIN ASPART,C1,Section 85,ABOVE CO-PAYMENT,4292,29316.7999999981,649799.860000034,28617.4200000018,679116.659999971,27938.1299999981
202308,12254Y,A10AB05,INSULIN ASPART,G1,Section 85,ABOVE CO-PAYMENT,164,1102.3,25365.8900000001,1136.58,26468.19,1084.3
202308,12254Y,A10AB05,INSULIN ASPART,G2,Section 85,ABOVE CO-PAYMENT,7613,223963.499999999,996140.859999855,51918.2799999948,1220104.35999993,221609.299999999
202308,12254Y,A10AB05,INSULIN ASPART,R0,Section 85,ABOVE CO-PAYMENT,142,7.3,22532.06,958.950000000003,22539.36,14.6
202308,12254Y,A10AB05,INSULIN ASPART,R1,Section 85,ABOVE CO-PAYMENT,74,503.700000000001,9672.33000000001,414.44,10176.03,495.000000000001
202308,12268Q,A10AB06,INSULIN GLULISINE,C0,Section 85,ABOVE CO-PAYMENT,336,0,55569.9900000003,2390.82,55569.9900000003,0
202308,12268Q,A10AB06,INSULIN GLULISINE,C1,Section 85,ABOVE CO-PAYMENT,166,1116.9,25925.5,1162.5,27042.4,1069.55
202308,12268Q,A10AB06,INSULIN GLULISINE,G1,Section 85,ABOVE CO-PAYMENT,17,124.1,2716.94,122.4,2841.04,122.1
202308,12268Q,A10AB06,INSULIN GLULISINE,G2,Section 85,ABOVE CO-PAYMENT,338,9867.6,46236.9400000002,2415.3,56104.5400000003,9772.25
202308,12268Q,A10AB06,INSULIN GLULISINE,R0,Section 85,ABOVE CO-PAYMENT,8,0,1208.94,50.82,1208.94,0
202308,12268Q,A10AB06,INSULIN GLULISINE,R1,Section 85,ABOVE CO-PAYMENT,5,36.5,799.1,36,835.6,35.5
202309,01921D,A10AB06,INSULIN GLULISINE,C0,Section 85,ABOVE CO-PAYMENT,21,0,3381.5,144.42,3381.5,0
202309,01921D,A10AB06,INSULIN GLULISINE,C1,Section 85,ABOVE CO-PAYMENT,11,73,1765.32,79.2,1838.32,68
202309,01921D,A10AB06,INSULIN GLULISINE,G1,Section 85,ABOVE CO-PAYMENT,3,21.9,479.46,21.6,501.36,21.9
202309,01921D,A10AB06,INSULIN GLULISINE,G2,Section 85,ABOVE CO-PAYMENT,25,750,3419.63,180,4169.63,742
202309,08084L,A10AB04,INSULIN LISPRO,C0,Section 85,ABOVE CO-PAYMENT,56,0,5643.12000000001,258.72,5643.12000000001,0
202309,08084L,A10AB04,INSULIN LISPRO,C1,Section 85,ABOVE CO-PAYMENT,82,598.6,7756.94000000001,383.46,8355.54000000002,577.6
202309,08084L,A10AB04,INSULIN LISPRO,G1,Section 85,ABOVE CO-PAYMENT,6,43.8,653.22,32.34,697.02,42.8
202309,08084L,A10AB04,INSULIN LISPRO,G2,Section 85,ABOVE CO-PAYMENT,308,9171.9,22087.0200000001,1434.04999999999,31258.9200000001,9116.51
202309,08084L,A10AB04,INSULIN LISPRO,G2,Section 85,UNDER CO-PAYMENT,2,53.7,0,1.84,53.7,52.99
202309,08084L,A10AB04,INSULIN LISPRO,R0,Section 85,ABOVE CO-PAYMENT,4,0,403.08,18.48,403.08,0
202309,08212F,A10AB04,INSULIN LISPRO,C0,Section 85,ABOVE CO-PAYMENT,215,0,35530.8,1530.70000000001,35530.8,0
202309,08212F,A10AB04,INSULIN LISPRO,C1,Section 85,ABOVE CO-PAYMENT,325,2336,51445.5399999997,2316.95,53781.5399999999,2238.95
202309,08212F,A10AB04,INSULIN LISPRO,G1,Section 85,ABOVE CO-PAYMENT,12,87.6,1917.24,86.4,2004.84,86.6
202309,08212F,A10AB04,INSULIN LISPRO,G2,Section 85,ABOVE CO-PAYMENT,874,25879.5,120168.990000003,6273.01999999991,146048.490000003,25675.9
202309,08212F,A10AB04,INSULIN LISPRO,R0,Section 85,ABOVE CO-PAYMENT,8,0,1336.56,57.6,1336.56,0
202309,08212F,A10AB04,INSULIN LISPRO,R1,Section 85,ABOVE CO-PAYMENT,3,21.9,342.54,14.4,364.44,21.9
202309,08435Y,A10AB05,INSULIN ASPART,C0,Section 85,ABOVE CO-PAYMENT,792,0,130157.910000003,5582.49999999992,130157.910000003,0
202309,08435Y,A10AB05,INSULIN ASPART,C1,Section 85,ABOVE CO-PAYMENT,2235,15665.7999999994,352886.240000004,15737.6900000006,368552.040000012,15015.9499999995
202309,08435Y,A10AB05,INSULIN ASPART,G1,Section 85,ABOVE CO-PAYMENT,70,467.200000000001,11259.44,505.43,11726.64,462.200000000001
202309,08435Y,A10AB05,INSULIN ASPART,G2,Section 85,ABOVE CO-PAYMENT,4278,126251.6,583645.990000002,30447.9900000021,709897.589999962,125186.33
202309,08435Y,A10AB05,INSULIN ASPART,G2,Section 85,UNDER CO-PAYMENT,1,40.11,0,1.44,40.11,14.95
202309,08435Y,A10AB05,INSULIN ASPART,R0,Section 85,ABOVE CO-PAYMENT,17,0,2584.23,108.84,2584.23,0
202309,08435Y,A10AB05,INSULIN ASPART,R1,Section 85,ABOVE CO-PAYMENT,20,146,2558.56,113.16,2704.56,140
202309,08571D,A10AB05,INSULIN ASPART,C0,Section 85,ABOVE CO-PAYMENT,148,0,14692.2,672.660000000001,14692.2,0
202309,08571D,A10AB05,INSULIN ASPART,C1,Section 85,ABOVE CO-PAYMENT,298,2102.39999999999,27945.5400000001,1377.67999999999,30047.9400000001,2014.39999999999
202309,08571D,A10AB05,INSULIN ASPART,G1,Section 85,ABOVE CO-PAYMENT,12,65.7,1143.54,55.44,1209.24,64.7
202309,08571D,A10AB05,INSULIN ASPART,G2,Section 85,ABOVE CO-PAYMENT,940,27859.5,67032.3599999988,4352.03999999992,94891.8600000003,27622.8
202309,08571D,A10AB05,INSULIN ASPART,G2,Section 85,UNDER CO-PAYMENT,6,161.1,0,5.52,161.1,172.99
202309,08571D,A10AB05,INSULIN ASPART,R0,Section 85,ABOVE CO-PAYMENT,4,0,403.08,18.48,403.08,0
202309,08571D,A10AB05,INSULIN ASPART,R1,Section 85,ABOVE CO-PAYMENT,4,29.2,226.04,11.08,255.24,28.2
202309,09224L,A10AB06,INSULIN GLULISINE,C0,Section 85,ABOVE CO-PAYMENT,6,0,604.62,27.72,604.62,0
202309,09224L,A10AB06,INSULIN GLULISINE,C1,Section 85,ABOVE CO-PAYMENT,1,7.3,93.47,4.62,100.77,6.3
202309,09224L,A10AB06,INSULIN GLULISINE,G2,Section 85,ABOVE CO-PAYMENT,6,180,424.62,27.72,604.62,180
202309,11645X,A10AB04,INSULIN LISPRO,C0,Section 85,ABOVE CO-PAYMENT,34,0,9058.28,405.62,9058.28,0
202309,11645X,A10AB04,INSULIN LISPRO,C1,Section 85,ABOVE CO-PAYMENT,15,87.6,3908.7,178.95,3996.3,85.6
202309,11645X,A10AB04,INSULIN LISPRO,G1,Section 85,ABOVE CO-PAYMENT,3,21.9,777.36,35.79,799.26,21.9
202309,11645X,A10AB04,INSULIN LISPRO,G2,Section 85,ABOVE CO-PAYMENT,51,1530,11850.98,598.89,13380.98,1520
202309,11645X,A10AB04,INSULIN LISPRO,R0,Section 85,ABOVE CO-PAYMENT,1,0,266.42,11.93,266.42,0
202309,11705C,A10AB05,INSULIN ASPART,C0,Section 85,ABOVE CO-PAYMENT,14,0,1503.18,69.3,1503.18,0
202309,11705C,A10AB05,INSULIN ASPART,C1,Section 85,ABOVE CO-PAYMENT,27,182.5,2538.29,124.74,2720.79,176.5
202309,11705C,A10AB05,INSULIN ASPART,G1,Section 85,ABOVE CO-PAYMENT,4,29.2,373.88,18.48,403.08,29.2
202309,11705C,A10AB05,INSULIN ASPART,G2,Section 85,ABOVE CO-PAYMENT,151,4530,10686.27,697.620000000001,15216.2700000001,4504
202309,11705C,A10AB05,INSULIN ASPART,R1,Section 85,ABOVE CO-PAYMENT,1,7.3,93.47,4.62,100.77,6.3
202309,11706D,A10AB05,INSULIN ASPART,C0,Section 85,ABOVE CO-PAYMENT,95,0,15871.65,684.000000000001,15871.65,0
202309,11706D,A10AB05,INSULIN ASPART,C1,Section 85,ABOVE CO-PAYMENT,121,868.699999999999,19219.81,865.440000000002,20088.51,823.699999999999
202309,11706D,A10AB05,INSULIN ASPART,G1,Section 85,ABOVE CO-PAYMENT,3,21.9,479.31,21.6,501.21,21.9
202309,11706D,A10AB05,INSULIN ASPART,G2,Section 85,ABOVE CO-PAYMENT,511,15012.2,71008.6300000001,3710.80999999997,86020.8300000007,14856.85
202309,11706D,A10AB05,INSULIN ASPART,R0,Section 85,ABOVE CO-PAYMENT,6,7.3,995.12,43.2,1002.42,7.3
202309,11706D,A10AB05,INSULIN ASPART,R1,Section 85,ABOVE CO-PAYMENT,1,7.3,159.77,7.2,167.07,6.3
202309,12237C,A10AB04,INSULIN LISPRO,C0,Section 85,ABOVE CO-PAYMENT,348,0,57028.4399999999,2454.17,57028.4399999999,0
202309,12237C,A10AB04,INSULIN LISPRO,C1,Section 85,ABOVE CO-PAYMENT,205,1430.8,31745.7500000001,1419.84000000001,33176.55,1361.8
202309,12237C,A10AB04,INSULIN LISPRO,G1,Section 85,ABOVE CO-PAYMENT,19,138.7,2805.08,126.71,2943.78,136.7
202309,12237C,A10AB04,INSULIN LISPRO,G2,Section 85,ABOVE CO-PAYMENT,584,17247.6,77718.6000000005,4086.70999999996,94966.2000000011,17100.25
202309,12237C,A10AB04,INSULIN LISPRO,R0,Section 85,ABOVE CO-PAYMENT,5,7.3,828.05,36,835.35,7.3
202309,12237C,A10AB04,INSULIN LISPRO,R1,Section 85,ABOVE CO-PAYMENT,4,29.2,416.9,18.72,446.1,28.2
202309,12254Y,A10AB05,INSULIN ASPART,C0,Section 85,ABOVE CO-PAYMENT,5599,0,905745.809999902,38719.2399999999,905745.809999902,3
202309,12254Y,A10AB05,INSULIN ASPART,C1,Section 85,ABOVE CO-PAYMENT,3612,24381.9999999985,544688.330000023,23989.1900000014,569070.330000003,23316.6899999986
202309,12254Y,A10AB05,INSULIN ASPART,G1,Section 85,ABOVE CO-PAYMENT,262,1722.79999999999,41112.5799999999,1831.32000000001,42835.3799999999,1695.79999999999
202309,12254Y,A10AB05,INSULIN ASPART,G2,Section 85,ABOVE CO-PAYMENT,7337,215910.499999999,958025.499999867,50011.4099999955,1173935.99999991,213634.939999999
202309,12254Y,A10AB05,INSULIN ASPART,R0,Section 85,ABOVE CO-PAYMENT,163,14.6,25106.29,1051.52,25120.89,15.6
202309,12254Y,A10AB05,INSULIN ASPART,R1,Section 85,ABOVE CO-PAYMENT,59,408.800000000001,8173.63000000001,362.1,8582.43,391.8
202309,12268Q,A10AB06,INSULIN GLULISINE,C0,Section 85,ABOVE CO-PAYMENT,363,0,59661.5300000004,2566.92,59661.5300000004,0
202309,12268Q,A10AB06,INSULIN GLULISINE,C1,Section 85,ABOVE CO-PAYMENT,135,927.099999999998,20733.67,928.620000000002,21660.77,884.799999999998
202309,12268Q,A10AB06,INSULIN GLULISINE,G1,Section 85,ABOVE CO-PAYMENT,18,124.1,2878.96,124.52,3003.06,124.1
202309,12268Q,A10AB06,INSULIN GLULISINE,G2,Section 85,ABOVE CO-PAYMENT,278,8317.3,37695.52,1979.40000000001,46012.8200000001,8249.6
202309,12268Q,A10AB06,INSULIN GLULISINE,R0,Section 85,ABOVE CO-PAYMENT,10,0,1671.2,72,1671.2,0
202309,12268Q,A10AB06,INSULIN GLULISINE,R1,Section 85,ABOVE CO-PAYMENT,3,21.9,479.46,21.6,501.36,19.9
202310,01921D,A10AB06,INSULIN GLULISINE,C0,Section 85,ABOVE CO-PAYMENT,27,0,4507.14,189.32,4507.14,0
202310,01921D,A10AB06,INSULIN GLULISINE,C1,Section 85,ABOVE CO-PAYMENT,12,87.6,1917.84,86.4,2005.44,83.6
202310,01921D,A10AB06,INSULIN GLULISINE,G1,Section 85,ABOVE CO-PAYMENT,1,7.3,159.82,7.2,167.12,7.3
202310,01921D,A10AB06,INSULIN GLULISINE,G2,Section 85,ABOVE CO-PAYMENT,18,540,2468.16,129.6,3008.16,535
202310,01921D,A10AB06,INSULIN GLULISINE,R1,Section 85,ABOVE CO-PAYMENT,1,7.3,159.82,7.2,167.12,6.3
202310,08084L,A10AB04,INSULIN LISPRO,C0,Section 85,ABOVE CO-PAYMENT,72,0,7181.52000000001,328.94,7181.52000000001,0
202310,08084L,A10AB04,INSULIN LISPRO,C1,Section 85,ABOVE CO-PAYMENT,83,605.9,7684.09000000001,379.76,8289.99000000002,582.64
202310,08084L,A10AB04,INSULIN LISPRO,G1,Section 85,ABOVE CO-PAYMENT,6,43.8,653.22,32.34,697.02,42.8
202310,08084L,A10AB04,INSULIN LISPRO,G2,Section 85,ABOVE CO-PAYMENT,323,9531.1,23423.0500000001,1509.81999999999,32954.1500000001,9470.1
202310,08084L,A10AB04,INSULIN LISPRO,R0,Section 85,ABOVE CO-PAYMENT,5,0,429.93,19.4,429.93,0
202310,08084L,A10AB04,INSULIN LISPRO,R1,Section 85,ABOVE CO-PAYMENT,1,7.3,93.47,4.62,100.77,7.3
202310,08212F,A10AB04,INSULIN LISPRO,C0,Section 85,ABOVE CO-PAYMENT,276,0,45730.0199999999,1955.93000000001,45730.0199999999,0
202310,08212F,A10AB04,INSULIN LISPRO,C1,Section 85,ABOVE CO-PAYMENT,300,2116.99999999999,47717.9199999998,2133.06000000001,49834.9199999999,2031.99999999999
202310,08212F,A10AB04,INSULIN LISPRO,G1,Section 85,ABOVE CO-PAYMENT,23,167.9,3674.71,165.6,3842.61,167.9
202310,08212F,A10AB04,INSULIN LISPRO,G2,Section 85,ABOVE CO-PAYMENT,949,28265.7,127714.650000003,6697.24999999989,155980.350000004,28037.38
202310,08212F,A10AB04,INSULIN LISPRO,R0,Section 85,ABOVE CO-PAYMENT,8,0,1209.6,51.84,1209.6,0
202310,08212F,A10AB04,INSULIN LISPRO,R1,Section 85,ABOVE CO-PAYMENT,3,21.9,479.31,21.6,501.21,20.9
202310,08435Y,A10AB05,INSULIN ASPART,C0,Section 85,ABOVE CO-PAYMENT,1035,0,170943.300000004,7310.53999999988,170943.300000004,0
202310,08435Y,A10AB05,INSULIN ASPART,C1,Section 85,ABOVE CO-PAYMENT,2255,15753.3999999994,357959.960000004,16018.3300000006,373713.360000013,15088.2999999994
202310,08435Y,A10AB05,INSULIN ASPART,G1,Section 85,ABOVE CO-PAYMENT,78,547.5,12355.98,554.82,12903.48,533.04
202310,08435Y,A10AB05,INSULIN ASPART,G2,Section 85,ABOVE CO-PAYMENT,4286,126945.6,583379.880000002,30464.1200000021,710325.479999962,125946.08
202310,08435Y,A10AB05,INSULIN ASPART,R0,Section 85,ABOVE CO-PAYMENT,37,21.9,6159.69,266.4,6181.59,21.9
202310,08435Y,A10AB05,INSULIN ASPART,R1,Section 85,ABOVE CO-PAYMENT,15,109.5,2396.55,108,2506.05,103.5
202310,08571D,A10AB05,INSULIN ASPART,C0,Section 85,ABOVE CO-PAYMENT,167,0,16606.8300000001,760.440000000001,16606.8300000001,0
202310,08571D,A10AB05,INSULIN ASPART,C1,Section 85,ABOVE CO-PAYMENT,276,1956.39999999999,25800.6800000001,1272.34,27757.0800000001,1871.24999999999
202310,08571D,A10AB05,INSULIN ASPART,G1,Section 85,ABOVE CO-PAYMENT,26,182.5,2437.52,120.12,2620.02,177.5
202310,08571D,A10AB05,INSULIN ASPART,G2,Section 85,ABOVE CO-PAYMENT,967,28692.2,68735.6499999989,4467.53999999992,97427.8500000004,28437.3
202310,08571D,A10AB05,INSULIN ASPART,G2,Section 85,UNDER CO-PAYMENT,3,80.55,0,2.76,80.55,81.48
202310,08571D,A10AB05,INSULIN ASPART,R0,Section 85,ABOVE CO-PAYMENT,5,7.3,496.55,23.1,503.85,7.3
202310,08571D,A10AB05,INSULIN ASPART,R1,Section 85,ABOVE CO-PAYMENT,2,14.6,186.94,9.24,201.54,13.6
202310,09224L,A10AB06,INSULIN GLULISINE,C0,Section 85,ABOVE CO-PAYMENT,1,0,100.77,4.62,100.77,0
202310,09224L,A10AB06,INSULIN GLULISINE,C1,Section 85,ABOVE CO-PAYMENT,1,7.3,93.47,4.62,100.77,7.3
202310,09224L,A10AB06,INSULIN GLULISINE,G2,Section 85,ABOVE CO-PAYMENT,8,240,658.56,41.58,898.56,238
202310,11645X,A10AB04,INSULIN LISPRO,C0,Section 85,ABOVE CO-PAYMENT,49,0,12848.14,575.03,12848.14,0
202310,11645X,A10AB04,INSULIN LISPRO,C1,Section 85,ABOVE CO-PAYMENT,17,116.8,4412.34,202.81,4529.14,113.8
202310,11645X,A10AB04,INSULIN LISPRO,G1,Section 85,ABOVE CO-PAYMENT,3,21.9,777.36,35.79,799.26,21.9
202310,11645X,A10AB04,INSULIN LISPRO,G2,Section 85,ABOVE CO-PAYMENT,47,1410,11103.37,560.7,12513.37,1400
202310,11645X,A10AB04,INSULIN LISPRO,R0,Section 85,ABOVE CO-PAYMENT,1,0,266.42,11.93,266.42,0
202310,11645X,A10AB04,INSULIN LISPRO,R1,Section 85,ABOVE CO-PAYMENT,1,7.3,259.12,11.93,266.42,6.3
202310,12237C,A10AB04,INSULIN LISPRO,C0,Section 85,ABOVE CO-PAYMENT,419,0,68577.33,2941.74999999999,68577.33,0
202310,12237C,A10AB04,INSULIN LISPRO,C1,Section 85,ABOVE CO-PAYMENT,219,1540.29999999999,34174.4600000001,1529.70000000001,35714.76,1451.04999999999
202310,12237C,A10AB04,INSULIN LISPRO,G1,Section 85,ABOVE CO-PAYMENT,24,175.2,3691.95,159.84,3867.15,170.2
202310,12237C,A10AB04,INSULIN LISPRO,G2,Section 85,ABOVE CO-PAYMENT,669,19797.6,88463.520000001,4652.58999999995,108261.120000002,19619.74
202310,12237C,A10AB04,INSULIN LISPRO,R0,Section 85,ABOVE CO-PAYMENT,9,0,1248.69,52.26,1248.69,0
202310,12254Y,A10AB05,INSULIN ASPART,C0,Section 85,ABOVE CO-PAYMENT,6392,0,1036811.81999986,44333.5399999977,1036811.81999986,3
202310,12254Y,A10AB05,INSULIN ASPART,C1,Section 85,ABOVE CO-PAYMENT,3426,23228.5999999987,514213.300000021,22623.1600000013,537441.900000012,22118.3399999987
202310,12254Y,A10AB05,INSULIN ASPART,G1,Section 85,ABOVE CO-PAYMENT,396,2671.80000000001,61707.5099999996,2762.39999999999,64379.3099999999,2634.80000000001
202310,12254Y,A10AB05,INSULIN ASPART,G2,Section 85,ABOVE CO-PAYMENT,7173,212170.9,936007.159999873,48868.469999996,1148178.0599999,209867.86
202310,12254Y,A10AB05,INSULIN ASPART,G2,Section 85,UNDER CO-PAYMENT,2,80.22,0,2.88,80.22,20.49
202310,12254Y,A10AB05,INSULIN ASPART,R0,Section 85,ABOVE CO-PAYMENT,179,7.3,27933.26,1180.53,27940.56,7.3
202310,12254Y,A10AB05,INSULIN ASPART,R1,Section 85,ABOVE CO-PAYMENT,48,328.5,6036.3,266.64,6364.8,319.5
202310,12268Q,A10AB06,INSULIN GLULISINE,C0,Section 85,ABOVE CO-PAYMENT,397,0,64923.5100000005,2794.00999999999,64923.5100000005,0
202310,12268Q,A10AB06,INSULIN GLULISINE,C1,Section 85,ABOVE CO-PAYMENT,119,832.199999999999,18594.65,829.100000000002,19426.85,804.199999999999
202310,12268Q,A10AB06,INSULIN GLULISINE,G1,Section 85,ABOVE CO-PAYMENT,22,160.6,3516.04,158.4,3676.64,159.6
202310,12268Q,A10AB06,INSULIN GLULISINE,G2,Section 85,ABOVE CO-PAYMENT,281,8316.5,37778.6,1984.32000000001,46095.1000000002,8238.7
202310,12268Q,A10AB06,INSULIN GLULISINE,R0,Section 85,ABOVE CO-PAYMENT,9,0,1504.08,64.8,1504.08,0
202310,12268Q,A10AB06,INSULIN GLULISINE,R1,Section 85,ABOVE CO-PAYMENT,2,14.6,319.64,14.4,334.24,14.6
202310,13651L,A10AB05,INSULIN ASPART,C0,Section 85,ABOVE CO-PAYMENT,222,0,36608.34,1571.71000000001,36608.34,0
202310,13651L,A10AB05,INSULIN ASPART,C1,Section 85,ABOVE CO-PAYMENT,262,1839.59999999999,41273.9999999999,1850.39000000001,43113.5999999999,1767.97999999999
202310,13651L,A10AB05,INSULIN ASPART,G1,Section 85,ABOVE CO-PAYMENT,19,131.4,3042.93,136.8,3174.33,127.4
202310,13651L,A10AB05,INSULIN ASPART,G2,Section 85,ABOVE CO-PAYMENT,907,26778.7,123767.450000003,6469.8199999999,150546.150000003,26558.56
202310,13651L,A10AB05,INSULIN ASPART,R0,Section 85,ABOVE CO-PAYMENT,8,0,1336.56,57.6,1336.56,0
202310,13651L,A10AB05,INSULIN ASPART,R1,Section 85,ABOVE CO-PAYMENT,4,29.2,633.98,23.72,663.18,28.2
202311,01921D,A10AB06,INSULIN GLULISINE,C0,Section 85,ABOVE CO-PAYMENT,25,0,4051,174.24,4051,0
202311,01921D,A10AB06,INSULIN GLULISINE,C1,Section 85,ABOVE CO-PAYMENT,9,65.7,1311.38,59.04,1377.08,63.7
202311,01921D,A10AB06,INSULIN GLULISINE,G1,Section 85,ABOVE CO-PAYMENT,4,21.9,646.58,28.8,668.48,21.9
202311,01921D,A10AB06,INSULIN GLULISINE,G2,Section 85,ABOVE CO-PAYMENT,32,914.6,4433.24,230.4,5347.84,906.25
202311,01921D,A10AB06,INSULIN GLULISINE,R0,Section 85,ABOVE CO-PAYMENT,1,0,167.12,7.2,167.12,0
202311,08084L,A10AB04,INSULIN LISPRO,C0,Section 85,ABOVE CO-PAYMENT,76,0,7641.78000000001,351.12,7641.78000000001,0
202311,08084L,A10AB04,INSULIN LISPRO,C1,Section 85,ABOVE CO-PAYMENT,81,584,7578.37000000001,374.22,8162.37000000002,561
202311,08084L,A10AB04,INSULIN LISPRO,G1,Section 85,ABOVE CO-PAYMENT,12,87.6,1214.04,60.06,1301.64,85.6
202311,08084L,A10AB04,INSULIN LISPRO,G2,Section 85,ABOVE CO-PAYMENT,303,9021.9,21756.8700000001,1414.64999999999,30778.7700000001,8961.9
202311,08084L,A10AB04,INSULIN LISPRO,G2,Section 85,UNDER CO-PAYMENT,2,53.7,0,1.84,53.7,52.99
202311,08084L,A10AB04,INSULIN LISPRO,R0,Section 85,ABOVE CO-PAYMENT,4,0,403.08,18.48,403.08,0
202311,08084L,A10AB04,INSULIN LISPRO,R1,Section 85,ABOVE CO-PAYMENT,1,7.3,93.47,4.62,100.77,7.3
202311,08212F,A10AB04,INSULIN LISPRO,C0,Section 85,ABOVE CO-PAYMENT,284,0,46985.9099999999,2015.38000000001,46985.9099999999,0
202311,08212F,A10AB04,INSULIN LISPRO,C1,Section 85,ABOVE CO-PAYMENT,326,2336,51554.4699999997,2313.04,53890.4699999999,2234
202311,08212F,A10AB04,INSULIN LISPRO,G1,Section 85,ABOVE CO-PAYMENT,35,255.5,5335.99,238.44,5591.49,252.5
202311,08212F,A10AB04,INSULIN LISPRO,G2,Section 85,ABOVE CO-PAYMENT,893,26563,121818.590000003,6364.7999999999,148381.590000003,26339.04
202311,08212F,A10AB04,INSULIN LISPRO,R0,Section 85,ABOVE CO-PAYMENT,8,0,1336.56,57.6,1336.56,0
202311,08212F,A10AB04,INSULIN LISPRO,R1,Section 85,ABOVE CO-PAYMENT,1,7.3,159.77,7.2,167.07,7.3
202311,08435Y,A10AB05,INSULIN ASPART,C0,Section 85,ABOVE CO-PAYMENT,1134,0,186122.040000005,7963.01999999986,186122.040000005,0
202311,08435Y,A10AB05,INSULIN ASPART,C1,Section 85,ABOVE CO-PAYMENT,2268,15921.2999999994,359391.420000004,16103.5300000007,375312.720000013,15248.6499999994
202311,08435Y,A10AB05,INSULIN ASPART,G1,Section 85,ABOVE CO-PAYMENT,127,875.999999999998,19958.97,895.080000000002,20834.97,855.999999999998
202311,08435Y,A10AB05,INSULIN ASPART,G2,Section 85,ABOVE CO-PAYMENT,4370,129397.5,596038.919999996,31108.4900000022,725436.419999958,128380.74
202311,08435Y,A10AB05,INSULIN ASPART,R0,Section 85,ABOVE CO-PAYMENT,30,14.6,4997.5,216,5012.1,20.9
202311,08435Y,A10AB05,INSULIN ASPART,R1,Section 85,ABOVE CO-PAYMENT,13,94.9,2077.01,93.6,2171.91,88.9
202311,08571D,A10AB05,INSULIN ASPART,C0,Section 85,ABOVE CO-PAYMENT,234,0,23349.3800000001,1069.31,23349.3800000001,0
202311,08571D,A10AB05,INSULIN ASPART,C1,Section 85,ABOVE CO-PAYMENT,280,1956.39999999999,26019.3600000001,1281.16,27975.7600000001,1871.69999999999
202311,08571D,A10AB05,INSULIN ASPART,G1,Section 85,ABOVE CO-PAYMENT,27,182.5,2482.85,121.97,2665.35,179.5
202311,08571D,A10AB05,INSULIN ASPART,G2,Section 85,ABOVE CO-PAYMENT,929,27597.6,66446.2499999988,4315.07999999992,94043.8500000002,27374.89
202311,08571D,A10AB05,INSULIN ASPART,G2,Section 85,UNDER CO-PAYMENT,5,133.58,0,3.93,133.58,142.99
202311,08571D,A10AB05,INSULIN ASPART,R0,Section 85,ABOVE CO-PAYMENT,6,0,604.62,27.72,604.62,0
202311,08571D,A10AB05,INSULIN ASPART,R1,Section 85,ABOVE CO-PAYMENT,2,14.6,186.94,9.24,201.54,13.6
202311,09224L,A10AB06,INSULIN GLULISINE,C0,Section 85,ABOVE CO-PAYMENT,1,0,100.77,4.62,100.77,0
202311,09224L,A10AB06,INSULIN GLULISINE,C1,Section 85,ABOVE CO-PAYMENT,2,14.6,186.94,9.24,201.54,12.6
202311,09224L,A10AB06,INSULIN GLULISINE,G2,Section 85,ABOVE CO-PAYMENT,11,330,778.47,50.82,1108.47,328
202311,09224L,A10AB06,INSULIN GLULISINE,R0,Section 85,ABOVE CO-PAYMENT,2,0,201.54,9.24,201.54,0
202311,11645X,A10AB04,INSULIN LISPRO,C0,Section 85,ABOVE CO-PAYMENT,48,0,12788.16,572.64,12788.16,0
202311,11645X,A10AB04,INSULIN LISPRO,C1,Section 85,ABOVE CO-PAYMENT,14,102.2,3627.68,167.02,3729.88,96.2
202311,11645X,A10AB04,INSULIN LISPRO,G1,Section 85,ABOVE CO-PAYMENT,13,94.9,3360.19,155.08,3455.09,89.9
202311,11645X,A10AB04,INSULIN LISPRO,G2,Section 85,ABOVE CO-PAYMENT,66,1911.9,15655.08,787.359999999999,17566.98,1889.9
202311,11645X,A10AB04,INSULIN LISPRO,R0,Section 85,ABOVE CO-PAYMENT,1,0,266.42,11.93,266.42,0
202311,12237C,A10AB04,INSULIN LISPRO,C0,Section 85,ABOVE CO-PAYMENT,425,0,69858.5100000001,2994.14999999999,69858.5100000001,0
202311,12237C,A10AB04,INSULIN LISPRO,C1,Section 85,ABOVE CO-PAYMENT,197,1379.7,30275.6100000001,1359.36000000001,31655.31,1316.7
202311,12237C,A10AB04,INSULIN LISPRO,G1,Section 85,ABOVE CO-PAYMENT,52,357.7,8091.02000000001,364.3,8448.72,346.7
202311,12237C,A10AB04,INSULIN LISPRO,G2,Section 85,ABOVE CO-PAYMENT,604,17870.3,79629.3100000006,4188.60999999996,97499.6100000012,17689.74
202311,12237C,A10AB04,INSULIN LISPRO,R0,Section 85,ABOVE CO-PAYMENT,7,0,1169.49,50.4,1169.49,0
202311,12237C,A10AB04,INSULIN LISPRO,R1,Section 85,ABOVE CO-PAYMENT,3,21.9,352.35,15.84,374.25,19.9
202311,12254Y,A10AB05,INSULIN ASPART,C0,Section 85,ABOVE CO-PAYMENT,6951,0,1125130.70999989,48126.7399999962,1125130.70999989,2
202311,12254Y,A10AB05,INSULIN ASPART,C1,Section 85,ABOVE CO-PAYMENT,3218,21732.0999999988,481444.130000017,21198.5500000011,503176.230000016,20722.1999999989
202311,12254Y,A10AB05,INSULIN ASPART,G1,Section 85,ABOVE CO-PAYMENT,531,3650.00000000003,83524.7199999999,3732.93999999997,87174.7200000008,3558.94000000003
202311,12254Y,A10AB05,INSULIN ASPART,G2,Section 85,ABOVE CO-PAYMENT,7052,207632.9,919485.99999988,47963.3599999963,1127118.89999989,205417.91
202311,12254Y,A10AB05,INSULIN ASPART,G2,Section 85,UNDER CO-PAYMENT,1,40.11,0,1.44,40.11,30
202311,12254Y,A10AB05,INSULIN ASPART,R0,Section 85,ABOVE CO-PAYMENT,192,7.3,31555.16,1352.24000000001,31562.46,7.3
202311,12254Y,A10AB05,INSULIN ASPART,R1,Section 85,ABOVE CO-PAYMENT,53,379.6,6710.30000000001,278.18,7089.9,367.6
202311,12268Q,A10AB06,INSULIN GLULISINE,C0,Section 85,ABOVE CO-PAYMENT,428,0,70514.0700000003,3024.67999999999,70514.0700000003,7.3
202311,12268Q,A10AB06,INSULIN GLULISINE,C1,Section 85,ABOVE CO-PAYMENT,118,817.599999999999,18077.06,812.160000000002,18894.66,783.249999999999
202311,12268Q,A10AB06,INSULIN GLULISINE,G1,Section 85,ABOVE CO-PAYMENT,23,160.6,3683.16,165.6,3843.76,158.6
202311,12268Q,A10AB06,INSULIN GLULISINE,G2,Section 85,ABOVE CO-PAYMENT,267,7919.2,36040.29,1892.16000000001,43959.4900000001,7846.85
202311,12268Q,A10AB06,INSULIN GLULISINE,R0,Section 85,ABOVE CO-PAYMENT,10,0,1671.2,72,1671.2,0
202311,12268Q,A10AB06,INSULIN GLULISINE,R1,Section 85,ABOVE CO-PAYMENT,2,14.6,319.64,14.4,334.24,13.6
202311,13651L,A10AB05,INSULIN ASPART,C0,Section 85,ABOVE CO-PAYMENT,271,0,44917.8899999999,1929.57000000001,44917.8899999999,0
202311,13651L,A10AB05,INSULIN ASPART,C1,Section 85,ABOVE CO-PAYMENT,292,2029.39999999999,46068.4299999998,2046.92000000001,48097.8299999999,1949.74999999999
202311,13651L,A10AB05,INSULIN ASPART,G1,Section 85,ABOVE CO-PAYMENT,39,270.1,6245.63000000001,280.8,6515.73,264.1
202311,13651L,A10AB05,INSULIN ASPART,G2,Section 85,ABOVE CO-PAYMENT,975,28954.9,132967.580000003,6966.62999999989,161922.480000004,28723.6
202311,13651L,A10AB05,INSULIN ASPART,R0,Section 85,ABOVE CO-PAYMENT,7,0,1169.49,50.4,1169.49,7.3
202311,13651L,A10AB05,INSULIN ASPART,R1,Section 85,ABOVE CO-PAYMENT,2,14.6,319.54,14.4,334.14,14.6
202312,01921D,A10AB06,INSULIN GLULISINE,C0,Section 85,ABOVE CO-PAYMENT,52,0,8690.24,374.4,8690.24,0
202312,01921D,A10AB06,INSULIN GLULISINE,C1,Section 85,ABOVE CO-PAYMENT,12,73,1932.44,86.4,2005.44,68
202312,01921D,A10AB06,INSULIN GLULISINE,G1,Section 85,ABOVE CO-PAYMENT,3,21.9,479.46,21.6,501.36,20.3
202312,01921D,A10AB06,INSULIN GLULISINE,G2,Section 85,ABOVE CO-PAYMENT,20,600,2742.4,144,3342.4,596.65
202312,08084L,A10AB04,INSULIN LISPRO,C0,Section 85,ABOVE CO-PAYMENT,91,0,9262.47000000002,425.04,9262.47000000002,0
202312,08084L,A10AB04,INSULIN LISPRO,C1,Section 85,ABOVE CO-PAYMENT,84,605.9,7842.04000000001,388.08,8447.94000000002,577.44
202312,08084L,A10AB04,INSULIN LISPRO,G1,Section 85,ABOVE CO-PAYMENT,26,189.8,2707.42,133.98,2897.22,189.8
202312,08084L,A10AB04,INSULIN LISPRO,G2,Section 85,ABOVE CO-PAYMENT,330,9809.2,23796.0200000001,1542.15999999999,33605.2200000001,9745.79
202312,08084L,A10AB04,INSULIN LISPRO,G2,Section 85,UNDER CO-PAYMENT,2,53.7,0,1.84,53.7,58.25
202312,08084L,A10AB04,INSULIN LISPRO,R0,Section 85,ABOVE CO-PAYMENT,5,0,503.85,23.1,503.85,0
202312,08212F,A10AB04,INSULIN LISPRO,C0,Section 85,ABOVE CO-PAYMENT,442,0,72811.6500000002,3127.07999999998,72811.6500000002,0
202312,08212F,A10AB04,INSULIN LISPRO,C1,Section 85,ABOVE CO-PAYMENT,295,2138.89999999999,46309.1199999998,2072.13000000001,48448.0199999999,2061.99999999999
202312,08212F,A10AB04,INSULIN LISPRO,G1,Section 85,ABOVE CO-PAYMENT,65,467.200000000001,10392.35,468,10859.55,456.200000000001
202312,08212F,A10AB04,INSULIN LISPRO,G2,Section 85,ABOVE CO-PAYMENT,910,27027.6,123886.620000003,6455.4999999999,150914.220000003,26812.19
202312,08212F,A10AB04,INSULIN LISPRO,R0,Section 85,ABOVE CO-PAYMENT,9,0,1503.63,64.8,1503.63,0
202312,08212F,A10AB04,INSULIN LISPRO,R1,Section 85,ABOVE CO-PAYMENT,2,14.6,191.56,7.62,206.16,13.6
202312,08435Y,A10AB05,INSULIN ASPART,C0,Section 85,ABOVE CO-PAYMENT,1638,0,269508.870000008,11581.9300000002,269508.870000008,0
202312,08435Y,A10AB05,INSULIN ASPART,C1,Section 85,ABOVE CO-PAYMENT,2227,15614.6999999994,352201.830000003,15768.0300000006,367816.530000012,14966.3999999995
202312,08435Y,A10AB05,INSULIN ASPART,G1,Section 85,ABOVE CO-PAYMENT,241,1657.09999999999,38503.18,1730.86000000001,40160.2799999999,1610.63999999999
202312,08435Y,A10AB05,INSULIN ASPART,G2,Section 85,ABOVE CO-PAYMENT,4644,137526.7,632849.209999985,33073.2200000022,770375.909999944,136398.37
202312,08435Y,A10AB05,INSULIN ASPART,R0,Section 85,ABOVE CO-PAYMENT,53,14.6,8712.13,374.82,8726.73,14.6
202312,08435Y,A10AB05,INSULIN ASPART,R1,Section 85,ABOVE CO-PAYMENT,14,102.2,2108.8,94.02,2211,99.2
202312,08571D,A10AB05,INSULIN ASPART,C0,Section 85,ABOVE CO-PAYMENT,271,0,26920.5900000001,1232.61,26920.5900000001,0
202312,08571D,A10AB05,INSULIN ASPART,C1,Section 85,ABOVE CO-PAYMENT,314,2233.8,29536.6700000001,1456.46999999999,31770.4700000001,2158.03999999999
202312,08571D,A10AB05,INSULIN ASPART,G1,Section 85,ABOVE CO-PAYMENT,51,343.1,4796.17,235.62,5139.27,357.8
202312,08571D,A10AB05,INSULIN ASPART,G2,Section 85,ABOVE CO-PAYMENT,1058,31376.8,75553.7599999993,4904.58999999991,106930.560000001,31117.89
202312,08571D,A10AB05,INSULIN ASPART,G2,Section 85,UNDER CO-PAYMENT,3,79.88,0,2.09,79.88,90
202312,08571D,A10AB05,INSULIN ASPART,R0,Section 85,ABOVE CO-PAYMENT,5,0,503.85,23.1,503.85,0
202312,08571D,A10AB05,INSULIN ASPART,R1,Section 85,ABOVE CO-PAYMENT,1,7.3,93.47,4.62,100.77,6.3
202312,09224L,A10AB06,INSULIN GLULISINE,C0,Section 85,ABOVE CO-PAYMENT,5,0,596.25,27.72,596.25,0
202312,09224L,A10AB06,INSULIN GLULISINE,C1,Section 85,ABOVE CO-PAYMENT,2,14.6,186.94,9.24,201.54,13.6
202312,09224L,A10AB06,INSULIN GLULISINE,G2,Section 85,ABOVE CO-PAYMENT,3,90,212.31,13.86,302.31,90
202312,09224L,A10AB06,INSULIN GLULISINE,G2,Section 85,UNDER CO-PAYMENT,1,26.85,0,0.92,26.85,30
202312,09224L,A10AB06,INSULIN GLULISINE,R0,Section 85,ABOVE CO-PAYMENT,1,0,100.77,4.62,100.77,0
202312,11645X,A10AB04,INSULIN LISPRO,C0,Section 85,ABOVE CO-PAYMENT,87,0,22972.1,1028.37,22972.1,0
202312,11645X,A10AB04,INSULIN LISPRO,C1,Section 85,ABOVE CO-PAYMENT,14,102.2,3627.68,167.02,3729.88,96.2
202312,11645X,A10AB04,INSULIN LISPRO,G1,Section 85,ABOVE CO-PAYMENT,11,80.3,2850.32,131.23,2930.62,78.3
202312,11645X,A10AB04,INSULIN LISPRO,G2,Section 85,ABOVE CO-PAYMENT,50,1477.3,11628.76,578.48,13106.06,1468.29
202312,11645X,A10AB04,INSULIN LISPRO,R0,Section 85,ABOVE CO-PAYMENT,1,0,266.42,11.93,266.42,0
202312,12237C,A10AB04,INSULIN LISPRO,C0,Section 85,ABOVE CO-PAYMENT,624,0,102287.550000001,4402.06999999995,102287.550000001,0
202312,12237C,A10AB04,INSULIN LISPRO,C1,Section 85,ABOVE CO-PAYMENT,200,1408.9,31094.7200000001,1394.76000000001,32503.62,1354.6
202312,12237C,A10AB04,INSULIN LISPRO,G1,Section 85,ABOVE CO-PAYMENT,67,474.500000000001,10592.23,476.64,11066.73,460.500000000001
202312,12237C,A10AB04,INSULIN LISPRO,G2,Section 85,ABOVE CO-PAYMENT,661,19580.3,89407.9300000011,4694.36999999994,108988.230000002,19379.5
202312,12237C,A10AB04,INSULIN LISPRO,R0,Section 85,ABOVE CO-PAYMENT,19,0,3174.33,136.8,3174.33,0
202312,12237C,A10AB04,INSULIN LISPRO,R1,Section 85,ABOVE CO-PAYMENT,2,14.6,319.54,14.4,334.14,13.6
202312,12254Y,A10AB05,INSULIN ASPART,C0,Section 85,ABOVE CO-PAYMENT,10039,0,1639130.0700001,70255.0799999875,1639130.0700001,0
202312,12254Y,A10AB05,INSULIN ASPART,C1,Section 85,ABOVE CO-PAYMENT,3111,20950.9999999989,468165.190000016,20613.8500000011,489116.190000016,19994.9999999989
202312,12254Y,A10AB05,INSULIN ASPART,G1,Section 85,ABOVE CO-PAYMENT,982,6759.80000000011,155515.12,6968.93999999989,162274.920000004,6586.74000000011
202312,12254Y,A10AB05,INSULIN ASPART,G2,Section 85,ABOVE CO-PAYMENT,7557,222941.8,980082.319999858,51324.3599999951,1203024.11999992,220701.41
202312,12254Y,A10AB05,INSULIN ASPART,G2,Section 85,UNDER CO-PAYMENT,1,40.11,0,1.44,40.11,30
202312,12254Y,A10AB05,INSULIN ASPART,R0,Section 85,ABOVE CO-PAYMENT,247,21.9,40022.7599999999,1716.56000000001,40044.6599999999,29.2
202312,12254Y,A10AB05,INSULIN ASPART,R1,Section 85,ABOVE CO-PAYMENT,30,204.4,4032.68,168.22,4237.08,199.4
202312,12268Q,A10AB06,INSULIN GLULISINE,C0,Section 85,ABOVE CO-PAYMENT,659,0,108614.719999999,4677.11999999994,108614.719999999,0
202312,12268Q,A10AB06,INSULIN GLULISINE,C1,Section 85,ABOVE CO-PAYMENT,102,715.399999999999,15578.33,695.770000000001,16293.73,683.4
202312,12268Q,A10AB06,INSULIN GLULISINE,G1,Section 85,ABOVE CO-PAYMENT,67,459.900000000001,10386.87,465.54,10846.77,449.900000000001
202312,12268Q,A10AB06,INSULIN GLULISINE,G2,Section 85,ABOVE CO-PAYMENT,265,7881.9,35888.53,1884.96000000001,43770.4300000001,7811.9
202312,12268Q,A10AB06,INSULIN GLULISINE,R0,Section 85,ABOVE CO-PAYMENT,11,0,1838.32,79.2,1838.32,0
202312,12268Q,A10AB06,INSULIN GLULISINE,R1,Section 85,ABOVE CO-PAYMENT,1,7.3,159.82,7.2,167.12,7.3
202312,13651L,A10AB05,INSULIN ASPART,C0,Section 85,ABOVE CO-PAYMENT,384,0,63750.0599999999,2740.30999999999,63750.0599999999,0
202312,13651L,A10AB05,INSULIN ASPART,C1,Section 85,ABOVE CO-PAYMENT,273,1912.59999999999,43038.7699999999,1929.59000000001,44951.3699999999,1831.19999999999
202312,13651L,A10AB05,INSULIN ASPART,G1,Section 85,ABOVE CO-PAYMENT,80,562.1,12803.5,576,13365.6,547.1
202312,13651L,A10AB05,INSULIN ASPART,G2,Section 85,ABOVE CO-PAYMENT,1073,31781.4,146128.290000004,7644.94999999987,177909.690000005,31535.05
202312,13651L,A10AB05,INSULIN ASPART,R0,Section 85,ABOVE CO-PAYMENT,8,0,1331.46,52.52,1331.46,0
202312,13651L,A10AB05,INSULIN ASPART,R1,Section 85,ABOVE CO-PAYMENT,5,36.5,671.89,30.24,708.39,36.5
202401,01921D,A10AB06,INSULIN GLULISINE,C1,Section 85,ABOVE CO-PAYMENT,23,161.7,3555.06,159.84,3716.76,154.7
202401,01921D,A10AB06,INSULIN GLULISINE,G2,Section 85,ABOVE CO-PAYMENT,19,600.4,2574.88,136.8,3175.28,593.4
202401,01921D,A10AB06,INSULIN GLULISINE,R1,Section 85,ABOVE CO-PAYMENT,1,7.7,159.42,7.2,167.12,7.7
202401,08084L,A10AB04,INSULIN LISPRO,C1,Section 85,ABOVE CO-PAYMENT,117,885.500000000002,10830.67,536.84,11716.17,860.760000000002
202401,08084L,A10AB04,INSULIN LISPRO,G2,Section 85,ABOVE CO-PAYMENT,289,9060.70000000005,20747.3299999999,1370.29999999999,29808.0300000001,9004.70000000005
202401,08084L,A10AB04,INSULIN LISPRO,G2,Section 85,UNDER CO-PAYMENT,2,53.7,0,1.84,53.7,63.2
202401,08084L,A10AB04,INSULIN LISPRO,R1,Section 85,ABOVE CO-PAYMENT,5,38.5,465.35,23.1,503.85,38.5
202401,08212F,A10AB04,INSULIN LISPRO,C1,Section 85,ABOVE CO-PAYMENT,382,2818.19999999999,59706.1200000004,2669.15999999999,62524.3199999999,2740.79999999999
202401,08212F,A10AB04,INSULIN LISPRO,G2,Section 85,ABOVE CO-PAYMENT,836,26059.0999999997,112579.810000001,5952.00999999991,138638.910000003,25861.6499999997
202401,08212F,A10AB04,INSULIN LISPRO,G2,Section 85,UNDER CO-PAYMENT,1,30.3,0,0,30.3,31.6
202401,08212F,A10AB04,INSULIN LISPRO,R1,Section 85,ABOVE CO-PAYMENT,7,53.9,1115.59,50.4,1169.49,53.9
202401,08435Y,A10AB05,INSULIN ASPART,C0,Section 85,ABOVE CO-PAYMENT,1,0,167.07,7.2,167.07,0
202401,08435Y,A10AB05,INSULIN ASPART,C1,Section 85,ABOVE CO-PAYMENT,2740,20112.400000001,432030.409999991,19395.430000001,452142.810000016,19401.990000001
202401,08435Y,A10AB05,INSULIN ASPART,G2,Section 85,ABOVE CO-PAYMENT,4247,132317.10000001,573172.91999994,30242.050000002,705490.019999964,131327.50000001
202401,08435Y,A10AB05,INSULIN ASPART,G2,Section 85,UNDER CO-PAYMENT,13,393.9,0,0,393.9,410.8
202401,08435Y,A10AB05,INSULIN ASPART,R0,Section 85,ABOVE CO-PAYMENT,3,0,492.84,21.59,492.84,6.7
202401,08435Y,A10AB05,INSULIN ASPART,R1,Section 85,ABOVE CO-PAYMENT,34,261.8,4686.52,209.64,4948.32,257.8
202401,08571D,A10AB05,INSULIN ASPART,C1,Section 85,ABOVE CO-PAYMENT,410,3033.79999999999,38226.4599999999,1891.41999999998,41260.2599999999,2933.05999999999
202401,08571D,A10AB05,INSULIN ASPART,G2,Section 85,ABOVE CO-PAYMENT,977,30299.5999999995,68149.6699999988,4514.96999999992,98449.2700000004,30089.3999999995
202401,08571D,A10AB05,INSULIN ASPART,R1,Section 85,ABOVE CO-PAYMENT,5,38.5,465.35,23.1,503.85,37.5
202401,09224L,A10AB06,INSULIN GLULISINE,C1,Section 85,ABOVE CO-PAYMENT,9,53.9,779.11,37.88,833.01,52.9
202401,09224L,A10AB06,INSULIN GLULISINE,G2,Section 85,ABOVE CO-PAYMENT,3,94.8,207.51,13.86,302.31,94.8
202401,09224L,A10AB06,INSULIN GLULISINE,R1,Section 85,ABOVE CO-PAYMENT,1,7.7,93.07,4.62,100.77,7.7
202401,11645X,A10AB04,INSULIN LISPRO,C1,Section 85,ABOVE CO-PAYMENT,47,338.8,11976.5,551.17,12315.3,332.8
202401,11645X,A10AB04,INSULIN LISPRO,G2,Section 85,ABOVE CO-PAYMENT,42,1327.2,9862.44,501.06,11189.64,1319.2
202401,11645X,A10AB04,INSULIN LISPRO,R1,Section 85,ABOVE CO-PAYMENT,1,7.7,258.72,11.93,266.42,7.7
202401,12237C,A10AB04,INSULIN LISPRO,C1,Section 85,ABOVE CO-PAYMENT,457,3341.79999999998,71896.2800000003,3232.78999999998,75238.0800000003,3240.29999999998
202401,12237C,A10AB04,INSULIN LISPRO,G2,Section 85,ABOVE CO-PAYMENT,615,19123.3,81536.6900000005,4326.15999999995,100659.990000001,18965.4
202401,12237C,A10AB04,INSULIN LISPRO,G2,Section 85,UNDER CO-PAYMENT,3,90.9,0,0,90.9,94.8
202401,12237C,A10AB04,INSULIN LISPRO,R1,Section 85,ABOVE CO-PAYMENT,13,100.1,1563.97,70.56,1664.07,99.1000000000001
202401,12254Y,A10AB05,INSULIN ASPART,C0,Section 85,ABOVE CO-PAYMENT,4,0,668.28,28.8,668.28,0
202401,12254Y,A10AB05,INSULIN ASPART,C1,Section 85,ABOVE CO-PAYMENT,7253,52113.5999999949,1100223.75,48893.9899999959,1152337.3499999,50711.5599999954
202401,12254Y,A10AB05,INSULIN ASPART,G1,Section 85,ABOVE CO-PAYMENT,1,7.7,159.37,7.2,167.07,6.7
202401,12254Y,A10AB05,INSULIN ASPART,G2,Section 85,ABOVE CO-PAYMENT,6974,215502.800000026,900550.59999988,47441.4599999965,1116053.39999989,213412.850000026
202401,12254Y,A10AB05,INSULIN ASPART,G2,Section 85,UNDER CO-PAYMENT,85,2585.31,0,1.44,2585.31,2669.39
202401,12254Y,A10AB05,INSULIN ASPART,R1,Section 85,ABOVE CO-PAYMENT,171,1285.9,24574.85,1084.98,25860.75,1264.7
202401,12268Q,A10AB06,INSULIN GLULISINE,C1,Section 85,ABOVE CO-PAYMENT,345,2510.2,54134.3799999997,2436.9,56644.5800000003,2452.99
202401,12268Q,A10AB06,INSULIN GLULISINE,G2,Section 85,ABOVE CO-PAYMENT,306,9382.80000000005,41183.3999999999,2176.26000000001,50566.2000000002,9312.95000000005
202401,12268Q,A10AB06,INSULIN GLULISINE,G2,Section 85,UNDER CO-PAYMENT,1,30.31,0,0,30.31,31.6
202401,12268Q,A10AB06,INSULIN GLULISINE,R1,Section 85,ABOVE CO-PAYMENT,7,53.9,1115.94,50.4,1169.84,52.9
202401,13651L,A10AB05,INSULIN ASPART,C1,Section 85,ABOVE CO-PAYMENT,464,3449.59999999998,73515.7300000003,3309.10999999998,76965.3300000004,3332.98999999998
202401,13651L,A10AB05,INSULIN ASPART,G2,Section 85,ABOVE CO-PAYMENT,1057,32755.8999999994,142543.250000001,7531.76999999987,175299.150000004,32506.2999999994
202401,13651L,A10AB05,INSULIN ASPART,R1,Section 85,ABOVE CO-PAYMENT,14,107.8,2231.18,100.8,2338.98,104.8
202402,01921D,A10AB06,INSULIN GLULISINE,C1,Section 85,ABOVE CO-PAYMENT,26,169.4,4175.72,187.2,4345.12,166.4
202402,01921D,A10AB06,INSULIN GLULISINE,G2,Section 85,ABOVE CO-PAYMENT,24,758.4,3252.48,172.8,4010.88,753.4
202402,01921D,A10AB06,INSULIN GLULISINE,R1,Section 85,ABOVE CO-PAYMENT,1,7.7,159.42,7.2,167.12,7.7
202402,08084L,A10AB04,INSULIN LISPRO,C1,Section 85,ABOVE CO-PAYMENT,132,993.300000000003,12233.75,605.470000000001,13227.05,969.560000000002
202402,08084L,A10AB04,INSULIN LISPRO,G2,Section 85,ABOVE CO-PAYMENT,317,9969.40000000006,22455.1699999999,1488.56999999999,32424.5700000001,9907.55000000006
202402,08084L,A10AB04,INSULIN LISPRO,G2,Section 85,UNDER CO-PAYMENT,2,53.7,0,1.84,53.7,63.2
202402,08084L,A10AB04,INSULIN LISPRO,R1,Section 85,ABOVE CO-PAYMENT,4,30.8,372.28,18.48,403.08,30.8
202402,08212F,A10AB04,INSULIN LISPRO,C0,Section 85,ABOVE CO-PAYMENT,1,0,167.07,7.2,167.07,0
202402,08212F,A10AB04,INSULIN LISPRO,C1,Section 85,ABOVE CO-PAYMENT,460,3464.99999999998,72670.2900000003,3270.05999999998,76135.2900000003,3349.99999999998
202402,08212F,A10AB04,INSULIN LISPRO,G2,Section 85,ABOVE CO-PAYMENT,845,26439.0999999997,113364.140000001,5997.21999999991,139803.240000003,26259.0999999997
202402,08212F,A10AB04,INSULIN LISPRO,R1,Section 85,ABOVE CO-PAYMENT,8,61.6,1274.96,57.6,1336.56,60.6
202402,08435Y,A10AB05,INSULIN ASPART,C0,Section 85,ABOVE CO-PAYMENT,11,0,1702.44,73.43,1702.44,0
202402,08435Y,A10AB05,INSULIN ASPART,C1,Section 85,ABOVE CO-PAYMENT,2797,20790.0000000011,440096.099999991,19753.340000001,460886.100000016,20135.500000001
202402,08435Y,A10AB05,INSULIN ASPART,G2,Section 85,ABOVE CO-PAYMENT,4237,131881.60000001,571534.81999994,30208.920000002,703416.419999964,130864.00000001
202402,08435Y,A10AB05,INSULIN ASPART,G2,Section 85,UNDER CO-PAYMENT,16,484.8,0,0,484.8,505.6
202402,08435Y,A10AB05,INSULIN ASPART,R0,Section 85,ABOVE CO-PAYMENT,1,0,167.07,7.2,167.07,0
202402,08435Y,A10AB05,INSULIN ASPART,R1,Section 85,ABOVE CO-PAYMENT,39,300.3,6215.43,280.8,6515.73,295.3
202402,08571D,A10AB05,INSULIN ASPART,C1,Section 85,ABOVE CO-PAYMENT,401,3002.99999999999,37137.7599999999,1838.75999999998,40140.7599999999,2936.11999999999
202402,08571D,A10AB05,INSULIN ASPART,G2,Section 85,ABOVE CO-PAYMENT,930,28957.7999999996,64895.9299999988,4302.13999999992,93853.7300000002,28728.7999999996
202402,08571D,A10AB05,INSULIN ASPART,G2,Section 85,UNDER CO-PAYMENT,2,53.7,0,1.84,53.7,54.59
202402,08571D,A10AB05,INSULIN ASPART,R1,Section 85,ABOVE CO-PAYMENT,6,46.2,558.42,27.72,604.62,45.2
202402,09224L,A10AB06,INSULIN GLULISINE,C1,Section 85,ABOVE CO-PAYMENT,2,15.4,186.14,9.24,201.54,14.4
202402,09224L,A10AB06,INSULIN GLULISINE,G2,Section 85,ABOVE CO-PAYMENT,8,252.8,645.76,41.58,898.56,250.8
202402,11645X,A10AB04,INSULIN LISPRO,C0,Section 85,ABOVE CO-PAYMENT,1,0,266.42,11.93,266.42,0
202402,11645X,A10AB04,INSULIN LISPRO,C1,Section 85,ABOVE CO-PAYMENT,45,338.8,11443.66,527.31,11782.46,330.8
202402,11645X,A10AB04,INSULIN LISPRO,G2,Section 85,ABOVE CO-PAYMENT,65,2006.2,15302.73,775.439999999999,17308.93,1994.2
202402,11645X,A10AB04,INSULIN LISPRO,R0,Section 85,ABOVE CO-PAYMENT,1,0,266.42,11.93,266.42,0
202402,12237C,A10AB04,INSULIN LISPRO,C0,Section 85,ABOVE CO-PAYMENT,5,0,835.35,36,835.35,0
202402,12237C,A10AB04,INSULIN LISPRO,C1,Section 85,ABOVE CO-PAYMENT,462,3434.19999999998,72243.4100000003,3236.58999999998,75677.6100000003,3326.98999999998
202402,12237C,A10AB04,INSULIN LISPRO,G1,Section 85,ABOVE CO-PAYMENT,1,7.7,159.37,7.2,167.07,7.7
202402,12237C,A10AB04,INSULIN LISPRO,G2,Section 85,ABOVE CO-PAYMENT,604,18775.7,79575.1300000005,4221.71999999996,98350.8300000013,18609.25
202402,12237C,A10AB04,INSULIN LISPRO,G2,Section 85,UNDER CO-PAYMENT,2,60.6,0,0,60.6,63.2
202402,12237C,A10AB04,INSULIN LISPRO,R1,Section 85,ABOVE CO-PAYMENT,9,69.3,1179.39,52.26,1248.69,69.3
202402,12254Y,A10AB05,INSULIN ASPART,C0,Section 85,ABOVE CO-PAYMENT,149,0,24444.57,1054.42,24444.57,7.7
202402,12254Y,A10AB05,INSULIN ASPART,C1,Section 85,ABOVE CO-PAYMENT,7713,55339.8999999937,1173495.26000005,52256.8299999946,1228835.15999994,53720.4799999942
202402,12254Y,A10AB05,INSULIN ASPART,G1,Section 85,ABOVE CO-PAYMENT,1,7.7,159.37,7.2,167.07,6.7
202402,12254Y,A10AB05,INSULIN ASPART,G2,Section 85,ABOVE CO-PAYMENT,6979,215804.200000026,902390.539999879,47614.1099999964,1118194.73999989,213747.760000026
202402,12254Y,A10AB05,INSULIN ASPART,G2,Section 85,UNDER CO-PAYMENT,72,2181.6,0,0,2181.6,2251.3
202402,12254Y,A10AB05,INSULIN ASPART,R0,Section 85,ABOVE CO-PAYMENT,7,0,1169.49,50.4,1169.49,0
202402,12254Y,A10AB05,INSULIN ASPART,R1,Section 85,ABOVE CO-PAYMENT,203,1524.60000000001,29671.92,1313.26,31196.52,1497.80000000001
202402,12268Q,A10AB06,INSULIN GLULISINE,C0,Section 85,ABOVE CO-PAYMENT,1,0,167.12,7.2,167.12,0
202402,12268Q,A10AB06,INSULIN GLULISINE,C1,Section 85,ABOVE CO-PAYMENT,384,2841.29999999999,60209.7199999996,2705.75999999999,63051.0200000004,2779.15999999999
202402,12268Q,A10AB06,INSULIN GLULISINE,G2,Section 85,ABOVE CO-PAYMENT,280,8704.60000000005,37699.63,1998.72000000001,46404.2300000002,8633.60000000004
202402,12268Q,A10AB06,INSULIN GLULISINE,R1,Section 85,ABOVE CO-PAYMENT,13,100.1,1818.46,82.08,1918.56,98.1000000000001
202402,13651L,A10AB05,INSULIN ASPART,C0,Section 85,ABOVE CO-PAYMENT,3,0,501.21,21.6,501.21,0
202402,13651L,A10AB05,INSULIN ASPART,C1,Section 85,ABOVE CO-PAYMENT,574,4234.99999999996,90035.2299999999,4044.94999999996,94270.2300000011,4090.89999999996
202402,13651L,A10AB05,INSULIN ASPART,G2,Section 85,ABOVE CO-PAYMENT,1168,36430.7999999992,157583.790000001,8328.17999999987,194014.590000005,36133.7999999992
202402,13651L,A10AB05,INSULIN ASPART,G2,Section 85,UNDER CO-PAYMENT,1,30.3,0,0,30.3,31.6
202402,13651L,A10AB05,INSULIN ASPART,R1,Section 85,ABOVE CO-PAYMENT,11,84.7,1626.11,73.44,1710.81,84.7
202403,01921D,A10AB06,INSULIN GLULISINE,C0,Section 85,ABOVE CO-PAYMENT,1,0,167.12,7.2,167.12,0
202403,01921D,A10AB06,INSULIN GLULISINE,C1,Section 85,ABOVE CO-PAYMENT,17,123.2,2717.84,122.4,2841.04,121.2
202403,01921D,A10AB06,INSULIN GLULISINE,G2,Section 85,ABOVE CO-PAYMENT,32,1011.2,4209.64,224.64,5220.84,1007.2
202403,01921D,A10AB06,INSULIN GLULISINE,R1,Section 85,ABOVE CO-PAYMENT,1,7.7,159.42,7.2,167.12,6.7
202403,08084L,A10AB04,INSULIN LISPRO,C0,Section 85,ABOVE CO-PAYMENT,9,0,906.93,41.58,906.93,0
202403,08084L,A10AB04,INSULIN LISPRO,C1,Section 85,ABOVE CO-PAYMENT,141,1078,13222.97,656.040000000001,14300.97,1049.8
202403,08084L,A10AB04,INSULIN LISPRO,G2,Section 85,ABOVE CO-PAYMENT,312,9691.90000000006,22007.0599999999,1454.37999999999,31698.9600000001,9636.90000000006
202403,08084L,A10AB04,INSULIN LISPRO,G2,Section 85,UNDER CO-PAYMENT,1,26.85,0,0.92,26.85,31.6
202403,08084L,A10AB04,INSULIN LISPRO,R1,Section 85,ABOVE CO-PAYMENT,4,30.8,372.28,18.48,403.08,29.8
202403,08212F,A10AB04,INSULIN LISPRO,C0,Section 85,ABOVE CO-PAYMENT,10,0,1542.72,65.22,1542.72,0
202403,08212F,A10AB04,INSULIN LISPRO,C1,Section 85,ABOVE CO-PAYMENT,466,3464.99999999998,73578.7500000003,3296.65999999998,77043.7500000004,3357.59999999998
202403,08212F,A10AB04,INSULIN LISPRO,G2,Section 85,ABOVE CO-PAYMENT,887,27861.8999999996,119813.580000001,6350.3899999999,147675.480000003,27633.6999999996
202403,08212F,A10AB04,INSULIN LISPRO,R0,Section 85,ABOVE CO-PAYMENT,1,0,167.07,7.2,167.07,0
202403,08212F,A10AB04,INSULIN LISPRO,R1,Section 85,ABOVE CO-PAYMENT,6,46.2,956.22,43.2,1002.42,45.2
202403,08435Y,A10AB05,INSULIN ASPART,C0,Section 85,ABOVE CO-PAYMENT,69,0,11255.73,483.83,11255.73,0
202403,08435Y,A10AB05,INSULIN ASPART,C1,Section 85,ABOVE CO-PAYMENT,2878,21359.8000000011,453408.79999999,20347.8500000011,474768.600000017,20639.8300000011
202403,08435Y,A10AB05,INSULIN ASPART,G2,Section 85,ABOVE CO-PAYMENT,4385,136534.500000011,590683.049999936,31233.2000000021,727217.549999957,135491.800000011
202403,08435Y,A10AB05,INSULIN ASPART,G2,Section 85,UNDER CO-PAYMENT,13,393.9,0,0,393.9,410.8
202403,08435Y,A10AB05,INSULIN ASPART,R0,Section 85,ABOVE CO-PAYMENT,1,0,167.07,7.2,167.07,0
202403,08435Y,A10AB05,INSULIN ASPART,R1,Section 85,ABOVE CO-PAYMENT,39,300.3,5960.49,268.26,6260.79,289.3
202403,08571D,A10AB05,INSULIN ASPART,C0,Section 85,ABOVE CO-PAYMENT,9,0,906.93,41.58,906.93,0
202403,08571D,A10AB05,INSULIN ASPART,C1,Section 85,ABOVE CO-PAYMENT,442,3280.19999999998,40924.1499999999,2021.99999999998,44204.3499999998,3172.19999999998
202403,08571D,A10AB05,INSULIN ASPART,G2,Section 85,ABOVE CO-PAYMENT,959,29969.7999999995,66651.8899999988,4430.57999999992,96621.6900000003,29762.5999999995
202403,08571D,A10AB05,INSULIN ASPART,G2,Section 85,UNDER CO-PAYMENT,4,107.4,0,3.68,107.4,121.05
202403,08571D,A10AB05,INSULIN ASPART,R1,Section 85,ABOVE CO-PAYMENT,6,46.2,558.42,27.72,604.62,44.2
202403,09224L,A10AB06,INSULIN GLULISINE,C0,Section 85,ABOVE CO-PAYMENT,2,0,293.94,13.86,293.94,0
202403,09224L,A10AB06,INSULIN GLULISINE,C1,Section 85,ABOVE CO-PAYMENT,6,46.2,484.5,24.02,530.7,43.2
202403,09224L,A10AB06,INSULIN GLULISINE,G2,Section 85,ABOVE CO-PAYMENT,9,284.4,622.53,41.58,906.93,284.4
202403,11645X,A10AB04,INSULIN LISPRO,C0,Section 85,ABOVE CO-PAYMENT,4,0,1065.68,47.72,1065.68,0
202403,11645X,A10AB04,INSULIN LISPRO,C1,Section 85,ABOVE CO-PAYMENT,55,408.1,14038.56,646.61,14446.66,392.1
202403,11645X,A10AB04,INSULIN LISPRO,G2,Section 85,ABOVE CO-PAYMENT,67,2069.4,15557.56,789.749999999999,17626.96,2051.4
202403,11645X,A10AB04,INSULIN LISPRO,R0,Section 85,ABOVE CO-PAYMENT,1,0,266.42,11.93,266.42,0
202403,12237C,A10AB04,INSULIN LISPRO,C0,Section 85,ABOVE CO-PAYMENT,30,0,4885.14,210.24,4885.14,0
202403,12237C,A10AB04,INSULIN LISPRO,C1,Section 85,ABOVE CO-PAYMENT,440,3272.49999999998,68083.9400000004,3060.50999999998,71356.4400000002,3173.29999999998
202403,12237C,A10AB04,INSULIN LISPRO,G1,Section 85,ABOVE CO-PAYMENT,2,15.4,318.74,14.4,334.14,15.4
202403,12237C,A10AB04,INSULIN LISPRO,G2,Section 85,ABOVE CO-PAYMENT,590,18428.9,78427.4200000005,4169.20999999996,96856.3200000012,18268.0500000001
202403,12237C,A10AB04,INSULIN LISPRO,G2,Section 85,UNDER CO-PAYMENT,1,30.3,0,0,30.3,31.6
202403,12237C,A10AB04,INSULIN LISPRO,R1,Section 85,ABOVE CO-PAYMENT,6,46.2,828.24,36.42,874.44,45.2
202403,12254Y,A10AB05,INSULIN ASPART,C0,Section 85,ABOVE CO-PAYMENT,636,0,102058.860000001,4387.42999999995,102058.860000001,0
202403,12254Y,A10AB05,INSULIN ASPART,C1,Section 85,ABOVE CO-PAYMENT,7440,53892.2999999942,1126788.18000002,49981.9999999955,1180680.47999992,52375.8799999947
202403,12254Y,A10AB05,INSULIN ASPART,G1,Section 85,ABOVE CO-PAYMENT,1,7.7,159.37,7.2,167.07,7.7
202403,12254Y,A10AB05,INSULIN ASPART,G2,Section 85,ABOVE CO-PAYMENT,7365,228694.900000028,957262.099999868,50558.1499999953,1185956.99999992,226396.610000028
202403,12254Y,A10AB05,INSULIN ASPART,G2,Section 85,UNDER CO-PAYMENT,81,2454.3,0,0,2454.3,2535.7
202403,12254Y,A10AB05,INSULIN ASPART,R0,Section 85,ABOVE CO-PAYMENT,28,0,4405.86,188.63,4405.86,0
202403,12254Y,A10AB05,INSULIN ASPART,R1,Section 85,ABOVE CO-PAYMENT,166,1216.6,23571.2,1053.72,24787.8,1199.4
202403,12268Q,A10AB06,INSULIN GLULISINE,C0,Section 85,ABOVE CO-PAYMENT,17,0,2841.04,122.4,2841.04,0
202403,12268Q,A10AB06,INSULIN GLULISINE,C1,Section 85,ABOVE CO-PAYMENT,359,2641.09999999999,56114.6899999996,2526.61,58755.7900000004,2579.9
202403,12268Q,A10AB06,INSULIN GLULISINE,G2,Section 85,ABOVE CO-PAYMENT,295,9298.10000000005,39111.2599999999,2081.64000000001,48409.3600000002,9235.10000000005
202403,12268Q,A10AB06,INSULIN GLULISINE,G2,Section 85,UNDER CO-PAYMENT,1,30.31,0,0,30.31,31.6
202403,12268Q,A10AB06,INSULIN GLULISINE,R0,Section 85,ABOVE CO-PAYMENT,1,0,167.12,7.2,167.12,0
202403,12268Q,A10AB06,INSULIN GLULISINE,R1,Section 85,ABOVE CO-PAYMENT,7,53.9,988.94,44.64,1042.84,52.9
202403,13651L,A10AB05,INSULIN ASPART,C0,Section 85,ABOVE CO-PAYMENT,15,0,2506.05,108,2506.05,0
202403,13651L,A10AB05,INSULIN ASPART,C1,Section 85,ABOVE CO-PAYMENT,595,4404.39999999995,94366.0399999997,4235.01999999995,98770.4400000013,4267.28999999996
202403,13651L,A10AB05,INSULIN ASPART,G2,Section 85,ABOVE CO-PAYMENT,1362,42513.3999999989,184637.780000001,9764.55000000001,227151.180000006,42176.999999999
202403,13651L,A10AB05,INSULIN ASPART,R1,Section 85,ABOVE CO-PAYMENT,10,77,1466.74,66.24,1543.74,77
202404,01921D,A10AB06,INSULIN GLULISINE,C0,Section 85,ABOVE CO-PAYMENT,4,0,668.48,28.8,668.48,0
202404,01921D,A10AB06,INSULIN GLULISINE,C1,Section 85,ABOVE CO-PAYMENT,27,200.2,4169.47,181.44,4369.67,197.2
202404,01921D,A10AB06,INSULIN GLULISINE,G2,Section 85,ABOVE CO-PAYMENT,27,829.300000000001,3682.94,194.4,4512.24,820.450000000001
202404,01921D,A10AB06,INSULIN GLULISINE,R1,Section 85,ABOVE CO-PAYMENT,3,23.1,478.26,21.6,501.36,20.1
202404,08084L,A10AB04,INSULIN LISPRO,C0,Section 85,ABOVE CO-PAYMENT,14,0,1336.86,60.98,1336.86,0
202404,08084L,A10AB04,INSULIN LISPRO,C1,Section 85,ABOVE CO-PAYMENT,138,1054.9,12869.84,638.480000000001,13924.74,1015.62
202404,08084L,A10AB04,INSULIN LISPRO,G2,Section 85,ABOVE CO-PAYMENT,333,10427.2000000001,23519.0299999999,1558.78999999999,33946.2300000001,10373.2000000001
202404,08084L,A10AB04,INSULIN LISPRO,G2,Section 85,UNDER CO-PAYMENT,1,26.85,0,0.92,26.85,31.6
202404,08084L,A10AB04,INSULIN LISPRO,R1,Section 85,ABOVE CO-PAYMENT,4,30.8,372.28,18.48,403.08,29.8
202404,08212F,A10AB04,INSULIN LISPRO,C0,Section 85,ABOVE CO-PAYMENT,61,0,10040.37,426.23,10040.37,0
202404,08212F,A10AB04,INSULIN LISPRO,C1,Section 85,ABOVE CO-PAYMENT,470,3549.69999999997,73595.5400000002,3312.39999999998,77145.2400000004,3447.29999999998
202404,08212F,A10AB04,INSULIN LISPRO,G1,Section 85,ABOVE CO-PAYMENT,1,7.7,159.37,7.2,167.07,7.7
202404,08212F,A10AB04,INSULIN LISPRO,G2,Section 85,ABOVE CO-PAYMENT,839,26153.8999999997,113605.390000001,5995.13999999991,139759.290000003,25946.8999999997
202404,08212F,A10AB04,INSULIN LISPRO,R0,Section 85,ABOVE CO-PAYMENT,2,0,334.14,14.4,334.14,0
202404,08212F,A10AB04,INSULIN LISPRO,R1,Section 85,ABOVE CO-PAYMENT,6,46.2,956.22,43.2,1002.42,46.2
202404,08435Y,A10AB05,INSULIN ASPART,C0,Section 85,ABOVE CO-PAYMENT,192,0,31598.73,1352.98000000001,31598.73,0
202404,08435Y,A10AB05,INSULIN ASPART,C1,Section 85,ABOVE CO-PAYMENT,2885,21298.2000000011,455138.75999999,20444.7100000011,476436.960000017,20589.6500000011
202404,08435Y,A10AB05,INSULIN ASPART,G2,Section 85,ABOVE CO-PAYMENT,4540,141408.600000012,611448.029999932,32332.7800000023,752856.629999949,140342.850000011
202404,08435Y,A10AB05,INSULIN ASPART,G2,Section 85,UNDER CO-PAYMENT,17,515.1,0,0,515.1,537.2
202404,08435Y,A10AB05,INSULIN ASPART,R0,Section 85,ABOVE CO-PAYMENT,9,0,1503.63,64.8,1503.63,0
202404,08435Y,A10AB05,INSULIN ASPART,R1,Section 85,ABOVE CO-PAYMENT,26,200.2,3888.68,174.66,4088.88,193.2
202404,08571D,A10AB05,INSULIN ASPART,C0,Section 85,ABOVE CO-PAYMENT,37,0,3673.05,168.17,3673.05,0
202404,08571D,A10AB05,INSULIN ASPART,C1,Section 85,ABOVE CO-PAYMENT,402,3002.99999999999,37471.3199999999,1856.31999999998,40474.3199999999,2915.95999999999
202404,08571D,A10AB05,INSULIN ASPART,G2,Section 85,ABOVE CO-PAYMENT,1011,31517.3999999995,70584.5699999987,4682.82999999992,102101.970000001,31294.1999999995
202404,08571D,A10AB05,INSULIN ASPART,G2,Section 85,UNDER CO-PAYMENT,2,53.7,0,1.84,53.7,63.2
202404,08571D,A10AB05,INSULIN ASPART,R0,Section 85,ABOVE CO-PAYMENT,3,0,302.31,13.86,302.31,0
202404,08571D,A10AB05,INSULIN ASPART,R1,Section 85,ABOVE CO-PAYMENT,4,30.8,372.28,18.48,403.08,29.8
202404,09224L,A10AB06,INSULIN GLULISINE,C0,Section 85,ABOVE CO-PAYMENT,1,0,100.77,4.62,100.77,0
202404,09224L,A10AB06,INSULIN GLULISINE,C1,Section 85,ABOVE CO-PAYMENT,4,30.8,289.07,13.86,319.87,29.8
202404,09224L,A10AB06,INSULIN GLULISINE,G2,Section 85,ABOVE CO-PAYMENT,6,189.6,415.02,27.72,604.62,188.6
202404,09224L,A10AB06,INSULIN GLULISINE,R1,Section 85,ABOVE CO-PAYMENT,2,15.4,186.14,9.24,201.54,15.4
202404,11645X,A10AB04,INSULIN LISPRO,C0,Section 85,ABOVE CO-PAYMENT,16,0,4262.72,190.88,4262.72,0
202404,11645X,A10AB04,INSULIN LISPRO,C1,Section 85,ABOVE CO-PAYMENT,37,277.2,9373.90000000001,431.87,9651.1,271.2
202404,11645X,A10AB04,INSULIN LISPRO,G2,Section 85,ABOVE CO-PAYMENT,63,1919.1,14856.86,743.109999999999,16775.96,1908.1
202404,11645X,A10AB04,INSULIN LISPRO,R0,Section 85,ABOVE CO-PAYMENT,2,0,326.4,14.32,326.4,0
202404,12237C,A10AB04,INSULIN LISPRO,C0,Section 85,ABOVE CO-PAYMENT,107,0,17564.28,755.970000000001,17564.28,0
202404,12237C,A10AB04,INSULIN LISPRO,C1,Section 85,ABOVE CO-PAYMENT,471,3518.89999999997,72765.7900000003,3261.59999999998,76284.6900000004,3405.49999999998
202404,12237C,A10AB04,INSULIN LISPRO,G2,Section 85,ABOVE CO-PAYMENT,605,18735.6,80404.5900000005,4267.12999999995,99140.1900000013,18565.75
202404,12237C,A10AB04,INSULIN LISPRO,G2,Section 85,UNDER CO-PAYMENT,2,60.6,0,0,60.6,63.2
202404,12237C,A10AB04,INSULIN LISPRO,R0,Section 85,ABOVE CO-PAYMENT,3,0,501.21,21.6,501.21,0
202404,12237C,A10AB04,INSULIN LISPRO,R1,Section 85,ABOVE CO-PAYMENT,10,77,1466.74,66.24,1543.74,74
202404,12254Y,A10AB05,INSULIN ASPART,C0,Section 85,ABOVE CO-PAYMENT,1688,0,271782.630000008,11628.7100000002,271782.630000008,0
202404,12254Y,A10AB05,INSULIN ASPART,C1,Section 85,ABOVE CO-PAYMENT,6824,49503.2999999959,1031937.86999997,45805.7099999971,1081441.16999987,47936.5599999964
202404,12254Y,A10AB05,INSULIN ASPART,G1,Section 85,ABOVE CO-PAYMENT,6,30.8,971.62,43.2,1002.42,29.8
202404,12254Y,A10AB05,INSULIN ASPART,G2,Section 85,ABOVE CO-PAYMENT,7232,223655.600000028,936042.699999873,49361.3599999958,1159698.2999999,221447.750000027
202404,12254Y,A10AB05,INSULIN ASPART,G2,Section 85,UNDER CO-PAYMENT,73,2221.71,0,1.44,2221.71,2252.4
202404,12254Y,A10AB05,INSULIN ASPART,R0,Section 85,ABOVE CO-PAYMENT,69,0,10788,462.24,10788,0
202404,12254Y,A10AB05,INSULIN ASPART,R1,Section 85,ABOVE CO-PAYMENT,151,1124.2,21190.34,939.870000000002,22314.54,1103.2
202404,12268Q,A10AB06,INSULIN GLULISINE,C0,Section 85,ABOVE CO-PAYMENT,99,0,16282.51,701.280000000001,16282.51,0
202404,12268Q,A10AB06,INSULIN GLULISINE,C1,Section 85,ABOVE CO-PAYMENT,364,2664.19999999999,56436.3899999996,2534.82,59100.5900000004,2608.79
202404,12268Q,A10AB06,INSULIN GLULISINE,G2,Section 85,ABOVE CO-PAYMENT,298,9273.40000000005,40011.9899999999,2122.56000000001,49285.3900000002,9196.40000000005
202404,12268Q,A10AB06,INSULIN GLULISINE,R1,Section 85,ABOVE CO-PAYMENT,16,123.2,2169.72,97.9200000000001,2292.92,120.2
202404,13651L,A10AB05,INSULIN ASPART,C0,Section 85,ABOVE CO-PAYMENT,63,0,10049.31,432,10049.31,0
202404,13651L,A10AB05,INSULIN ASPART,C1,Section 85,ABOVE CO-PAYMENT,568,4196.49999999996,88710.2899999999,3974.04999999996,92906.790000001,4057.87999999996
202404,13651L,A10AB05,INSULIN ASPART,G2,Section 85,ABOVE CO-PAYMENT,1386,43152.2999999989,187128.510000001,9880.68000000003,230280.810000007,42806.0999999989
202404,13651L,A10AB05,INSULIN ASPART,R0,Section 85,ABOVE CO-PAYMENT,6,0,1002.42,43.2,1002.42,7.7
202404,13651L,A10AB05,INSULIN ASPART,R1,Section 85,ABOVE CO-PAYMENT,9,69.3,1434.33,64.8,1503.63,66.3
202405,01921D,A10AB06,INSULIN GLULISINE,C0,Section 85,ABOVE CO-PAYMENT,7,0,1169.84,50.4,1169.84,0
202405,01921D,A10AB06,INSULIN GLULISINE,C1,Section 85,ABOVE CO-PAYMENT,24,169.4,3577.67,159.84,3747.07,163.4
202405,01921D,A10AB06,INSULIN GLULISINE,G2,Section 85,ABOVE CO-PAYMENT,23,702.9,3140.86,165.6,3843.76,693.9
202405,08084L,A10AB04,INSULIN LISPRO,C0,Section 85,ABOVE CO-PAYMENT,20,0,2015.4,92.4,2015.4,0
202405,08084L,A10AB04,INSULIN LISPRO,C1,Section 85,ABOVE CO-PAYMENT,116,893.200000000002,10796.12,535.92,11689.32,870.660000000002
202405,08084L,A10AB04,INSULIN LISPRO,G2,Section 85,ABOVE CO-PAYMENT,302,9399.80000000005,21587.1399999999,1422.95999999999,30986.9400000001,9349.80000000005
202405,08084L,A10AB04,INSULIN LISPRO,G2,Section 85,UNDER CO-PAYMENT,1,26.85,0,0.92,26.85,22.99
202405,08084L,A10AB04,INSULIN LISPRO,R0,Section 85,ABOVE CO-PAYMENT,3,0,302.31,13.86,302.31,0
202405,08084L,A10AB04,INSULIN LISPRO,R1,Section 85,ABOVE CO-PAYMENT,4,30.8,297.69,14.11,328.49,29.8
202405,08212F,A10AB04,INSULIN LISPRO,C0,Section 85,ABOVE CO-PAYMENT,89,0,14359.35,615.72,14359.35,0
202405,08212F,A10AB04,INSULIN LISPRO,C1,Section 85,ABOVE CO-PAYMENT,473,3549.69999999997,74901.5000000002,3372.86999999998,78451.2000000004,3442.09999999998
202405,08212F,A10AB04,INSULIN LISPRO,G1,Section 85,ABOVE CO-PAYMENT,1,7.7,159.37,7.2,167.07,7.7
202405,08212F,A10AB04,INSULIN LISPRO,G2,Section 85,ABOVE CO-PAYMENT,907,28493.8999999996,122437.330000001,6464.1599999999,150931.230000003,28292.1499999996
202405,08212F,A10AB04,INSULIN LISPRO,G2,Section 85,UNDER CO-PAYMENT,3,90.9,0,0,90.9,94.8
202405,08212F,A10AB04,INSULIN LISPRO,R0,Section 85,ABOVE CO-PAYMENT,6,0,1002.42,43.2,1002.42,0
202405,08212F,A10AB04,INSULIN LISPRO,R1,Section 85,ABOVE CO-PAYMENT,4,30.8,637.48,28.8,668.28,30.8
202405,08435Y,A10AB05,INSULIN ASPART,C0,Section 85,ABOVE CO-PAYMENT,415,0,67983.51,2913.20999999999,67983.51,0
202405,08435Y,A10AB05,INSULIN ASPART,C1,Section 85,ABOVE CO-PAYMENT,2860,21305.9000000011,450977.40999999,20247.0400000011,472283.310000017,20540.1200000011
202405,08435Y,A10AB05,INSULIN ASPART,G1,Section 85,ABOVE CO-PAYMENT,3,23.1,478.11,21.6,501.21,23.1
202405,08435Y,A10AB05,INSULIN ASPART,G2,Section 85,ABOVE CO-PAYMENT,4727,147270.000000013,639087.179999926,33756.0500000019,786357.17999994,146130.050000013
202405,08435Y,A10AB05,INSULIN ASPART,G2,Section 85,UNDER CO-PAYMENT,28,848.4,0,0,848.4,884.800000000001
202405,08435Y,A10AB05,INSULIN ASPART,R0,Section 85,ABOVE CO-PAYMENT,21,0,3508.47,151.2,3508.47,0
202405,08435Y,A10AB05,INSULIN ASPART,R1,Section 85,ABOVE CO-PAYMENT,33,246.4,5139.95,231.84,5386.35,238.4
202405,08571D,A10AB05,INSULIN ASPART,C0,Section 85,ABOVE CO-PAYMENT,69,0,6916.17000000001,316.93,6916.17000000001,0
202405,08571D,A10AB05,INSULIN ASPART,C1,Section 85,ABOVE CO-PAYMENT,391,2895.19999999999,36554.6799999999,1810.10999999998,39449.8799999999,2803.35999999999
202405,08571D,A10AB05,INSULIN ASPART,G1,Section 85,ABOVE CO-PAYMENT,1,7.7,93.07,4.62,100.77,7.7
202405,08571D,A10AB05,INSULIN ASPART,G2,Section 85,ABOVE CO-PAYMENT,946,29463.3999999995,66086.7799999988,4381.60999999992,95550.1800000003,29251.1999999996
202405,08571D,A10AB05,INSULIN ASPART,G2,Section 85,UNDER CO-PAYMENT,1,26.85,0,0.92,26.85,31.6
202405,08571D,A10AB05,INSULIN ASPART,R0,Section 85,ABOVE CO-PAYMENT,4,0,403.08,18.48,403.08,0
202405,08571D,A10AB05,INSULIN ASPART,R1,Section 85,ABOVE CO-PAYMENT,1,7.7,93.07,4.62,100.77,7.7
202405,09224L,A10AB06,INSULIN GLULISINE,C0,Section 85,ABOVE CO-PAYMENT,2,0,293.94,13.86,293.94,0
202405,09224L,A10AB06,INSULIN GLULISINE,C1,Section 85,ABOVE CO-PAYMENT,5,38.5,465.35,23.1,503.85,36.5
202405,09224L,A10AB06,INSULIN GLULISINE,G2,Section 85,ABOVE CO-PAYMENT,7,221.2,484.19,32.34,705.39,221.2
202405,09224L,A10AB06,INSULIN GLULISINE,R0,Section 85,ABOVE CO-PAYMENT,1,0,100.77,4.62,100.77,0
202405,11645X,A10AB04,INSULIN LISPRO,C0,Section 85,ABOVE CO-PAYMENT,22,0,5861.24,262.46,5861.24,0
202405,11645X,A10AB04,INSULIN LISPRO,C1,Section 85,ABOVE CO-PAYMENT,39,277.2,9958.35,458.11,10235.55,267.2
202405,11645X,A10AB04,INSULIN LISPRO,G2,Section 85,ABOVE CO-PAYMENT,64,1974.6,15076.28,763.519999999999,17050.88,1959.6
202405,11645X,A10AB04,INSULIN LISPRO,R0,Section 85,ABOVE CO-PAYMENT,1,0,59.98,2.39,59.98,0
202405,11645X,A10AB04,INSULIN LISPRO,R1,Section 85,ABOVE CO-PAYMENT,1,7.7,258.72,11.93,266.42,7.7
202405,12237C,A10AB04,INSULIN LISPRO,C0,Section 85,ABOVE CO-PAYMENT,191,0,31265.16,1344.35,31265.16,0
202405,12237C,A10AB04,INSULIN LISPRO,C1,Section 85,ABOVE CO-PAYMENT,443,3287.89999999998,69754.3000000003,3137.15999999998,73042.2000000002,3171.78999999998
202405,12237C,A10AB04,INSULIN LISPRO,G1,Section 85,ABOVE CO-PAYMENT,3,23.1,478.11,21.6,501.21,23.1
202405,12237C,A10AB04,INSULIN LISPRO,G2,Section 85,ABOVE CO-PAYMENT,655,20435.1,86765.5800000005,4615.17999999995,107200.680000002,20252.1
202405,12237C,A10AB04,INSULIN LISPRO,G2,Section 85,UNDER CO-PAYMENT,2,60.6,0,0,60.6,63.2
202405,12237C,A10AB04,INSULIN LISPRO,R0,Section 85,ABOVE CO-PAYMENT,6,0,1002.42,43.2,1002.42,0
202405,12237C,A10AB04,INSULIN LISPRO,R1,Section 85,ABOVE CO-PAYMENT,10,77,1593.7,72,1670.7,76
202405,12254Y,A10AB05,INSULIN ASPART,C0,Section 85,ABOVE CO-PAYMENT,3034,0,488016.480000016,20882.7100000011,488016.480000016,0
202405,12254Y,A10AB05,INSULIN ASPART,C1,Section 85,ABOVE CO-PAYMENT,6411,46153.7999999971,968142.299999971,42911.8699999982,1014296.09999987,44574.0999999977
202405,12254Y,A10AB05,INSULIN ASPART,G1,Section 85,ABOVE CO-PAYMENT,28,200.2,4126.58,183.73,4326.78,199.2
202405,12254Y,A10AB05,INSULIN ASPART,G2,Section 85,ABOVE CO-PAYMENT,7435,230428.900000029,964693.639999866,50922.5399999951,1195122.53999992,228242.370000029
202405,12254Y,A10AB05,INSULIN ASPART,G2,Section 85,UNDER CO-PAYMENT,73,2211.9,0,0,2211.9,2252.3
202405,12254Y,A10AB05,INSULIN ASPART,R0,Section 85,ABOVE CO-PAYMENT,100,7.7,16176.55,690.440000000001,16184.25,7.7
202405,12254Y,A10AB05,INSULIN ASPART,R1,Section 85,ABOVE CO-PAYMENT,103,754.600000000001,14782.34,640.8,15536.94,737.600000000001
202405,12268Q,A10AB06,INSULIN GLULISINE,C0,Section 85,ABOVE CO-PAYMENT,176,0,28809.87,1239.84,28809.87,0
202405,12268Q,A10AB06,INSULIN GLULISINE,C1,Section 85,ABOVE CO-PAYMENT,268,1986.60000000001,41563.5899999998,1868.52000000001,43550.1900000001,1928.32000000001
202405,12268Q,A10AB06,INSULIN GLULISINE,G2,Section 85,ABOVE CO-PAYMENT,296,9234.10000000005,39691.6299999999,2104.68000000001,48925.7300000002,9165.75000000005
202405,12268Q,A10AB06,INSULIN GLULISINE,R0,Section 85,ABOVE CO-PAYMENT,3,0,501.36,21.6,501.36,0
202405,12268Q,A10AB06,INSULIN GLULISINE,R1,Section 85,ABOVE CO-PAYMENT,5,38.5,797.1,36,835.6,37.5
202405,13651L,A10AB05,INSULIN ASPART,C0,Section 85,ABOVE CO-PAYMENT,146,0,24455.7,1054.07,24455.7,0
202405,13651L,A10AB05,INSULIN ASPART,C1,Section 85,ABOVE CO-PAYMENT,651,4827.89999999994,101496.03,4568.09999999995,106323.930000002,4685.37999999995
202405,13651L,A10AB05,INSULIN ASPART,G2,Section 85,ABOVE CO-PAYMENT,1545,48200.5999999987,208615.600000002,11043.7200000001,256816.200000008,47785.5699999987
202405,13651L,A10AB05,INSULIN ASPART,R0,Section 85,ABOVE CO-PAYMENT,4,7.7,660.58,28.8,668.28,7.7
202405,13651L,A10AB05,INSULIN ASPART,R1,Section 85,ABOVE CO-PAYMENT,7,53.9,1115.59,50.4,1169.49,53.9
202406,01921D,A10AB06,INSULIN GLULISINE,C0,Section 85,ABOVE CO-PAYMENT,11,0,1838.32,79.2,1838.32,0
202406,01921D,A10AB06,INSULIN GLULISINE,C1,Section 85,ABOVE CO-PAYMENT,19,138.6,3036.68,136.8,3175.28,135.6
202406,01921D,A10AB06,INSULIN GLULISINE,G2,Section 85,ABOVE CO-PAYMENT,21,663.6,2845.92,151.2,3509.52,657.6
202406,01921D,A10AB06,INSULIN GLULISINE,R0,Section 85,ABOVE CO-PAYMENT,1,0,167.12,7.2,167.12,0
202406,08084L,A10AB04,INSULIN LISPRO,C0,Section 85,ABOVE CO-PAYMENT,29,0,2848.41,130.28,2848.41,0
202406,08084L,A10AB04,INSULIN LISPRO,C1,Section 85,ABOVE CO-PAYMENT,91,693.000000000001,8477.06999999999,420.42,9170.07000000002,665.92
202406,08084L,A10AB04,INSULIN LISPRO,G1,Section 85,ABOVE CO-PAYMENT,2,15.4,186.14,9.24,201.54,15.4
202406,08084L,A10AB04,INSULIN LISPRO,G2,Section 85,ABOVE CO-PAYMENT,298,9321.20000000005,20745.2199999999,1378.60999999999,30066.4200000001,9265.20000000005
202406,08084L,A10AB04,INSULIN LISPRO,R0,Section 85,ABOVE CO-PAYMENT,3,7.7,294.61,13.86,302.31,0
202406,08084L,A10AB04,INSULIN LISPRO,R1,Section 85,ABOVE CO-PAYMENT,1,7.7,93.07,4.62,100.77,6.7
202406,08212F,A10AB04,INSULIN LISPRO,C0,Section 85,ABOVE CO-PAYMENT,118,0,19228.77,826.970000000002,19228.77,0
202406,08212F,A10AB04,INSULIN LISPRO,C1,Section 85,ABOVE CO-PAYMENT,433,3249.39999999998,68218.3400000004,3070.48999999998,71467.7400000002,3138.19999999998
202406,08212F,A10AB04,INSULIN LISPRO,G2,Section 85,ABOVE CO-PAYMENT,898,27970.4999999996,121049.460000001,6412.7299999999,149019.960000003,27751.4999999996
202406,08212F,A10AB04,INSULIN LISPRO,G2,Section 85,UNDER CO-PAYMENT,2,60.6,0,0,60.6,63.2
202406,08212F,A10AB04,INSULIN LISPRO,R0,Section 85,ABOVE CO-PAYMENT,2,0,334.14,14.4,334.14,0
202406,08212F,A10AB04,INSULIN LISPRO,R1,Section 85,ABOVE CO-PAYMENT,4,30.8,637.48,28.8,668.28,29.8
202406,08435Y,A10AB05,INSULIN ASPART,C0,Section 85,ABOVE CO-PAYMENT,512,0,83314.6500000006,3563.44999999997,83314.6500000006,0
202406,08435Y,A10AB05,INSULIN ASPART,C1,Section 85,ABOVE CO-PAYMENT,2560,18918.9000000009,403492.319999992,18085.2400000008,422411.220000014,18249.1400000008
202406,08435Y,A10AB05,INSULIN ASPART,G1,Section 85,ABOVE CO-PAYMENT,8,38.5,1298.06,57.6,1336.56,37.5
202406,08435Y,A10AB05,INSULIN ASPART,G2,Section 85,ABOVE CO-PAYMENT,4535,140868.200000012,611022.159999932,32185.8700000023,751890.359999949,139732.750000011
202406,08435Y,A10AB05,INSULIN ASPART,G2,Section 85,UNDER CO-PAYMENT,22,666.6,0,0,666.6,695.2
202406,08435Y,A10AB05,INSULIN ASPART,R0,Section 85,ABOVE CO-PAYMENT,23,7.7,3834.91,165.6,3842.61,7.7
202406,08435Y,A10AB05,INSULIN ASPART,R1,Section 85,ABOVE CO-PAYMENT,23,177.1,3411.59,154.08,3588.69,170.1
202406,08571D,A10AB05,INSULIN ASPART,C0,Section 85,ABOVE CO-PAYMENT,87,0,8766.99000000002,401.94,8766.99000000002,0
202406,08571D,A10AB05,INSULIN ASPART,C1,Section 85,ABOVE CO-PAYMENT,363,2725.79999999999,33588.5099999999,1664.36999999999,36314.31,2646.39999999999
202406,08571D,A10AB05,INSULIN ASPART,G1,Section 85,ABOVE CO-PAYMENT,3,23.1,279.21,13.86,302.31,23.1
202406,08571D,A10AB05,INSULIN ASPART,G2,Section 85,ABOVE CO-PAYMENT,964,30103.8999999995,67206.4399999988,4462.91999999992,97310.3400000004,29858.9999999995
202406,08571D,A10AB05,INSULIN ASPART,G2,Section 85,UNDER CO-PAYMENT,8,214.8,0,7.36,214.8,206.03
202406,08571D,A10AB05,INSULIN ASPART,R0,Section 85,ABOVE CO-PAYMENT,3,0,302.31,13.86,302.31,7.7
202406,08571D,A10AB05,INSULIN ASPART,R1,Section 85,ABOVE CO-PAYMENT,5,38.5,465.35,23.1,503.85,36.5
202406,09224L,A10AB06,INSULIN GLULISINE,C0,Section 85,ABOVE CO-PAYMENT,3,0,450.15,21.25,450.15,0
202406,09224L,A10AB06,INSULIN GLULISINE,C1,Section 85,ABOVE CO-PAYMENT,4,23.1,527.82,25.87,550.92,21.1
202406,09224L,A10AB06,INSULIN GLULISINE,G2,Section 85,ABOVE CO-PAYMENT,6,189.6,415.02,27.72,604.62,188.6
202406,09224L,A10AB06,INSULIN GLULISINE,R0,Section 85,ABOVE CO-PAYMENT,1,7.7,93.07,4.62,100.77,7.7
202406,11645X,A10AB04,INSULIN LISPRO,C0,Section 85,ABOVE CO-PAYMENT,29,0,7726.18,345.97,7726.18,0
202406,11645X,A10AB04,INSULIN LISPRO,C1,Section 85,ABOVE CO-PAYMENT,26,192.5,6734.42000000001,310.18,6926.92,186.5
202406,11645X,A10AB04,INSULIN LISPRO,G1,Section 85,ABOVE CO-PAYMENT,1,7.7,258.72,11.93,266.42,7.7
202406,11645X,A10AB04,INSULIN LISPRO,G2,Section 85,ABOVE CO-PAYMENT,54,1682.5,12695.68,635.74,14378.18,1666.5
202406,11645X,A10AB04,INSULIN LISPRO,R0,Section 85,ABOVE CO-PAYMENT,2,0,532.84,23.86,532.84,0
202406,11645X,A10AB04,INSULIN LISPRO,R1,Section 85,ABOVE CO-PAYMENT,1,7.7,258.72,11.93,266.42,6.7
202406,12237C,A10AB04,INSULIN LISPRO,C0,Section 85,ABOVE CO-PAYMENT,207,0,33820.71,1454.82000000001,33820.71,0
202406,12237C,A10AB04,INSULIN LISPRO,C1,Section 85,ABOVE CO-PAYMENT,329,2517.9,50676.1500000002,2283.22,53194.0499999999,2425.7
202406,12237C,A10AB04,INSULIN LISPRO,G1,Section 85,ABOVE CO-PAYMENT,4,30.8,637.48,28.8,668.28,30.8
202406,12237C,A10AB04,INSULIN LISPRO,G2,Section 85,ABOVE CO-PAYMENT,576,17914.8000000001,76695.3300000005,4065.07999999996,94610.1300000011,17741.9500000001
202406,12237C,A10AB04,INSULIN LISPRO,R0,Section 85,ABOVE CO-PAYMENT,5,0,835.35,36,835.35,0
202406,12237C,A10AB04,INSULIN LISPRO,R1,Section 85,ABOVE CO-PAYMENT,2,15.4,318.74,14.4,334.14,14.4
202406,12254Y,A10AB05,INSULIN ASPART,C0,Section 85,ABOVE CO-PAYMENT,3618,0,582244.86,24925.3700000015,582244.86,0
202406,12254Y,A10AB05,INSULIN ASPART,C1,Section 85,ABOVE CO-PAYMENT,4952,35574.0000000011,742534.649999978,32906.1900000021,778108.649999941,34290.9200000017
202406,12254Y,A10AB05,INSULIN ASPART,G1,Section 85,ABOVE CO-PAYMENT,43,300.3,6623.67,291.98,6923.97,295.3
202406,12254Y,A10AB05,INSULIN ASPART,G2,Section 85,ABOVE CO-PAYMENT,7267,225239.600000028,940737.909999871,49712.6199999957,1165977.50999991,223022.690000028
202406,12254Y,A10AB05,INSULIN ASPART,G2,Section 85,UNDER CO-PAYMENT,77,2342.91,0,1.44,2342.91,2354.4
202406,12254Y,A10AB05,INSULIN ASPART,R0,Section 85,ABOVE CO-PAYMENT,116,7.7,18404.71,784.870000000001,18412.41,15.4
202406,12254Y,A10AB05,INSULIN ASPART,R1,Section 85,ABOVE CO-PAYMENT,91,685.300000000001,12169.22,529.81,12854.52,674.3
202406,12268Q,A10AB06,INSULIN GLULISINE,C0,Section 85,ABOVE CO-PAYMENT,224,0,36990.38,1592.64000000001,36990.38,0
202406,12268Q,A10AB06,INSULIN GLULISINE,C1,Section 85,ABOVE CO-PAYMENT,203,1478.40000000001,32057.5899999998,1444.32000000001,33535.99,1433.20000000001
202406,12268Q,A10AB06,INSULIN GLULISINE,G1,Section 85,ABOVE CO-PAYMENT,3,23.1,478.26,21.6,501.36,23.1
202406,12268Q,A10AB06,INSULIN GLULISINE,G2,Section 85,ABOVE CO-PAYMENT,309,9525.40000000006,41796.1599999999,2209.38000000001,51321.5600000002,9446.40000000005
202406,12268Q,A10AB06,INSULIN GLULISINE,G2,Section 85,UNDER CO-PAYMENT,1,30.31,0,0,30.31,31.6
202406,12268Q,A10AB06,INSULIN GLULISINE,R0,Section 85,ABOVE CO-PAYMENT,6,0,1002.72,43.2,1002.72,0
202406,12268Q,A10AB06,INSULIN GLULISINE,R1,Section 85,ABOVE CO-PAYMENT,5,38.5,669.08,29.22,707.58,37.5
202406,13651L,A10AB05,INSULIN ASPART,C0,Section 85,ABOVE CO-PAYMENT,161,0,26509.02,1141.91,26509.02,0
202406,13651L,A10AB05,INSULIN ASPART,C1,Section 85,ABOVE CO-PAYMENT,500,3711.39999999997,79284.0200000001,3575.51999999997,82995.4200000006,3584.18999999997
202406,13651L,A10AB05,INSULIN ASPART,G2,Section 85,ABOVE CO-PAYMENT,1505,47103.8999999987,202910.760000002,10758.1800000001,250014.660000007,46686.6999999987
202406,13651L,A10AB05,INSULIN ASPART,R0,Section 85,ABOVE CO-PAYMENT,6,7.7,994.72,43.2,1002.42,7.7
202406,13651L,A10AB05,INSULIN ASPART,R1,Section 85,ABOVE CO-PAYMENT,12,92.4,1912.44,86.4,2004.84,92.4
202407,01921D,A10AB06,INSULIN GLULISINE,C0,Section 85,ABOVE CO-PAYMENT,12,0,2010.84,88.44,2010.84,0
202407,01921D,A10AB06,INSULIN GLULISINE,C1,Section 85,ABOVE CO-PAYMENT,11,77,1766.27,81.07,1843.27,76
202407,01921D,A10AB06,INSULIN GLULISINE,G2,Section 85,ABOVE CO-PAYMENT,21,639.7,2870.6,154.77,3510.3,635.7
202407,01921D,A10AB06,INSULIN GLULISINE,R0,Section 85,ABOVE CO-PAYMENT,1,0,167.57,7.37,167.57,0
202407,08084L,A10AB04,INSULIN LISPRO,C0,Section 85,ABOVE CO-PAYMENT,40,0,4050.8,191.6,4050.8,0
202407,08084L,A10AB04,INSULIN LISPRO,C1,Section 85,ABOVE CO-PAYMENT,97,739.200000000001,9049.30999999999,464.630000000001,9788.51000000002,714.200000000001
202407,08084L,A10AB04,INSULIN LISPRO,G1,Section 85,ABOVE CO-PAYMENT,1,7.7,93.57,4.79,101.27,7.7
202407,08084L,A10AB04,INSULIN LISPRO,G2,Section 85,ABOVE CO-PAYMENT,303,9503.10000000006,21553.2899999999,1471.48999999999,31056.3900000001,9456.10000000006
202407,08084L,A10AB04,INSULIN LISPRO,G2,Section 85,UNDER CO-PAYMENT,2,53.67,0,1.21,53.67,62.98
202407,08084L,A10AB04,INSULIN LISPRO,R0,Section 85,ABOVE CO-PAYMENT,3,0,303.81,14.37,303.81,0
202407,08084L,A10AB04,INSULIN LISPRO,R1,Section 85,ABOVE CO-PAYMENT,1,7.7,19.49,0.96,27.19,7.7
202407,08212F,A10AB04,INSULIN LISPRO,C0,Section 85,ABOVE CO-PAYMENT,177,0,29396.8800000001,1292.69,29396.8800000001,0
202407,08212F,A10AB04,INSULIN LISPRO,C1,Section 85,ABOVE CO-PAYMENT,456,3403.39999999998,72508.9000000002,3325.32999999997,75912.2999999997,3302.39999999998
202407,08212F,A10AB04,INSULIN LISPRO,G1,Section 85,ABOVE CO-PAYMENT,5,38.5,799.1,36.85,837.6,38.5
202407,08212F,A10AB04,INSULIN LISPRO,G2,Section 85,ABOVE CO-PAYMENT,1027,32166.3999999994,139095.499999999,7519.25999999991,171261.899999999,31920.3999999994
202407,08212F,A10AB04,INSULIN LISPRO,R0,Section 85,ABOVE CO-PAYMENT,5,0,837.6,36.85,837.6,0
202407,08212F,A10AB04,INSULIN LISPRO,R1,Section 85,ABOVE CO-PAYMENT,7,53.9,1118.74,51.59,1172.64,51.9
202407,08435Y,A10AB05,INSULIN ASPART,C0,Section 85,ABOVE CO-PAYMENT,743,0,121083.480000001,5274.28999999994,121083.480000001,0
202407,08435Y,A10AB05,INSULIN ASPART,C1,Section 85,ABOVE CO-PAYMENT,2670,19704.300000001,423678.840000015,19357.4400000004,443383.140000013,18997.2800000009
202407,08435Y,A10AB05,INSULIN ASPART,G1,Section 85,ABOVE CO-PAYMENT,15,115.5,2269.17,103.6,2384.67,115.5
202407,08435Y,A10AB05,INSULIN ASPART,G2,Section 85,ABOVE CO-PAYMENT,4832,150731.400000013,653337.090000018,35243.9499999994,804068.490000052,149613.670000013
202407,08435Y,A10AB05,INSULIN ASPART,G2,Section 85,UNDER CO-PAYMENT,20,606,0,0,606,632
202407,08435Y,A10AB05,INSULIN ASPART,R0,Section 85,ABOVE CO-PAYMENT,28,0,4436.4,194.56,4436.4,0
202407,08435Y,A10AB05,INSULIN ASPART,R1,Section 85,ABOVE CO-PAYMENT,26,200.2,4028.24,185.72,4228.44,195.2
202407,08571D,A10AB05,INSULIN ASPART,C0,Section 85,ABOVE CO-PAYMENT,132,0,13133.18,617.23,13133.18,0
202407,08571D,A10AB05,INSULIN ASPART,C1,Section 85,ABOVE CO-PAYMENT,394,2941.39999999999,36701.3499999999,1875.05999999999,39642.7499999999,2854.35999999999
202407,08571D,A10AB05,INSULIN ASPART,G1,Section 85,ABOVE CO-PAYMENT,2,7.7,194.84,9.58,202.54,7.7
202407,08571D,A10AB05,INSULIN ASPART,G2,Section 85,ABOVE CO-PAYMENT,1033,32093.0999999994,72986.3399999987,4967.22999999997,105079.440000001,31881.8999999994
202407,08571D,A10AB05,INSULIN ASPART,G2,Section 85,UNDER CO-PAYMENT,6,162.43,0,5.05,162.43,180.77
202407,08571D,A10AB05,INSULIN ASPART,R0,Section 85,ABOVE CO-PAYMENT,4,0,405.08,19.16,405.08,0
202407,09224L,A10AB06,INSULIN GLULISINE,C0,Section 85,ABOVE CO-PAYMENT,2,0,202.54,9.58,202.54,0
202407,09224L,A10AB06,INSULIN GLULISINE,C1,Section 85,ABOVE CO-PAYMENT,1,7.7,93.57,4.79,101.27,7.7
202407,09224L,A10AB06,INSULIN GLULISINE,G2,Section 85,ABOVE CO-PAYMENT,10,316,770.78,51.73,1086.78,315
202407,09224L,A10AB06,INSULIN GLULISINE,R0,Section 85,ABOVE CO-PAYMENT,1,0,101.27,4.79,101.27,0
202407,11645X,A10AB04,INSULIN LISPRO,C0,Section 85,ABOVE CO-PAYMENT,34,0,9073.58,411.4,9073.58,0
202407,11645X,A10AB04,INSULIN LISPRO,C1,Section 85,ABOVE CO-PAYMENT,26,184.8,6753.82,314.6,6938.62,179.8
202407,11645X,A10AB04,INSULIN LISPRO,G1,Section 85,ABOVE CO-PAYMENT,1,7.7,259.17,12.1,266.87,7.7
202407,11645X,A10AB04,INSULIN LISPRO,G2,Section 85,ABOVE CO-PAYMENT,79,2400.8,18673.26,955.890000000001,21074.06,2378.8
202407,11645X,A10AB04,INSULIN LISPRO,R0,Section 85,ABOVE CO-PAYMENT,3,0,594.05,26.62,594.05,0
202407,12237C,A10AB04,INSULIN LISPRO,C0,Section 85,ABOVE CO-PAYMENT,270,0,44280.8999999999,1931.96999999999,44280.8999999999,0
202407,12237C,A10AB04,INSULIN LISPRO,C1,Section 85,ABOVE CO-PAYMENT,302,2263.8,47228.8199999999,2161.70999999998,49492.6199999998,2166.60000000001
202407,12237C,A10AB04,INSULIN LISPRO,G1,Section 85,ABOVE CO-PAYMENT,5,30.8,790.78,29.48,821.58,30.8
202407,12237C,A10AB04,INSULIN LISPRO,G2,Section 85,ABOVE CO-PAYMENT,616,19178.8,82841.6899999992,4484.67999999995,102020.49,19024.95
202407,12237C,A10AB04,INSULIN LISPRO,R0,Section 85,ABOVE CO-PAYMENT,9,0,1507.68,66.33,1507.68,0
202407,12237C,A10AB04,INSULIN LISPRO,R1,Section 85,ABOVE CO-PAYMENT,6,46.2,831.84,38.32,878.04,42.2
202407,12254Y,A10AB05,INSULIN ASPART,C0,Section 85,ABOVE CO-PAYMENT,4980,0,799566.900000048,34890.4199999994,799566.900000048,0
202407,12254Y,A10AB05,INSULIN ASPART,C1,Section 85,ABOVE CO-PAYMENT,5007,35982.100000001,755839.039999954,34225.2099999992,791821.140000047,34593.6100000016
202407,12254Y,A10AB05,INSULIN ASPART,G1,Section 85,ABOVE CO-PAYMENT,96,654.5,15037.51,689.81,15692.01,651.5
202407,12254Y,A10AB05,INSULIN ASPART,G2,Section 85,ABOVE CO-PAYMENT,7662,237745.50000003,996005.010000113,53717.800000006,1233750.51000009,235466.43000003
202407,12254Y,A10AB05,INSULIN ASPART,G2,Section 85,UNDER CO-PAYMENT,83,2525.04,0,1.47,2525.04,2602.19
202407,12254Y,A10AB05,INSULIN ASPART,R0,Section 85,ABOVE CO-PAYMENT,147,15.4,22815.1700000001,985.040000000001,22830.5700000001,15.4
202407,12254Y,A10AB05,INSULIN ASPART,R1,Section 85,ABOVE CO-PAYMENT,90,677.600000000001,12355.09,553.77,13032.69,657.5
202407,12268Q,A10AB06,INSULIN GLULISINE,C0,Section 85,ABOVE CO-PAYMENT,291,0,47934.4899999999,2104.21999999999,47934.4899999999,7.7
202407,12268Q,A10AB06,INSULIN GLULISINE,C1,Section 85,ABOVE CO-PAYMENT,191,1401.4,29710.74,1358.19,31112.14,1352.2
202407,12268Q,A10AB06,INSULIN GLULISINE,G1,Section 85,ABOVE CO-PAYMENT,5,30.8,807.05,36.85,837.85,30.8
202407,12268Q,A10AB06,INSULIN GLULISINE,G2,Section 85,ABOVE CO-PAYMENT,315,9834.50000000006,42591.8000000002,2305.32999999998,52426.2999999999,9760.80000000006
202407,12268Q,A10AB06,INSULIN GLULISINE,R0,Section 85,ABOVE CO-PAYMENT,9,0,1508.13,66.33,1508.13,0
202407,12268Q,A10AB06,INSULIN GLULISINE,R1,Section 85,ABOVE CO-PAYMENT,2,15.4,319.74,14.74,335.14,15.4
202407,13651L,A10AB05,INSULIN ASPART,C0,Section 85,ABOVE CO-PAYMENT,261,0,42993.8399999999,1878.46999999999,42993.8399999999,0
202407,13651L,A10AB05,INSULIN ASPART,C1,Section 85,ABOVE CO-PAYMENT,595,4412.09999999995,93559.1400000011,4278.96999999995,97971.2400000003,4253.69999999996
202407,13651L,A10AB05,INSULIN ASPART,G1,Section 85,ABOVE CO-PAYMENT,7,38.5,1134.14,51.59,1172.64,35.5
202407,13651L,A10AB05,INSULIN ASPART,G2,Section 85,ABOVE CO-PAYMENT,1587,49288.7999999986,215021.040000006,11601.6000000003,264309.839999993,48889.7999999986
202407,13651L,A10AB05,INSULIN ASPART,R0,Section 85,ABOVE CO-PAYMENT,7,0,1172.64,51.59,1172.64,0
202407,13651L,A10AB05,INSULIN ASPART,R1,Section 85,ABOVE CO-PAYMENT,8,61.6,1278.56,58.96,1340.16,59.6
202408,01921D,A10AB06,INSULIN GLULISINE,C0,Section 85,ABOVE CO-PAYMENT,12,0,1883.72,82.54,1883.72,0
202408,01921D,A10AB06,INSULIN GLULISINE,C1,Section 85,ABOVE CO-PAYMENT,11,84.7,1504.33,69.27,1589.03,83.7
202408,01921D,A10AB06,INSULIN GLULISINE,G2,Section 85,ABOVE CO-PAYMENT,28,884.800000000001,3807.16,206.36,4691.96,879.800000000001
202408,08084L,A10AB04,INSULIN LISPRO,C0,Section 85,ABOVE CO-PAYMENT,51,0,5164.77,244.29,5164.77,0
202408,08084L,A10AB04,INSULIN LISPRO,C1,Section 85,ABOVE CO-PAYMENT,71,546.7,6643.47,340.09,7190.17000000001,523.7
202408,08084L,A10AB04,INSULIN LISPRO,G1,Section 85,ABOVE CO-PAYMENT,3,15.4,288.41,14.37,303.81,15.4
202408,08084L,A10AB04,INSULIN LISPRO,G2,Section 85,ABOVE CO-PAYMENT,293,9163.20000000005,21138.5899999999,1436.04999999999,30301.7900000001,9098.20000000005
202408,08084L,A10AB04,INSULIN LISPRO,G2,Section 85,UNDER CO-PAYMENT,1,27.19,0,0.96,27.19,31.6
202408,08084L,A10AB04,INSULIN LISPRO,R0,Section 85,ABOVE CO-PAYMENT,1,0,101.27,4.79,101.27,0
202408,08084L,A10AB04,INSULIN LISPRO,R1,Section 85,ABOVE CO-PAYMENT,1,7.7,93.57,4.79,101.27,6.7
202408,08212F,A10AB04,INSULIN LISPRO,C0,Section 85,ABOVE CO-PAYMENT,210,0,34669.83,1523.04999999999,34669.83,0
202408,08212F,A10AB04,INSULIN LISPRO,C1,Section 85,ABOVE CO-PAYMENT,367,2748.89999999999,59093.7899999999,2699.71999999998,61842.6899999996,2653.69999999999
202408,08212F,A10AB04,INSULIN LISPRO,G1,Section 85,ABOVE CO-PAYMENT,6,46.2,958.92,44.22,1005.12,45.2
202408,08212F,A10AB04,INSULIN LISPRO,G2,Section 85,ABOVE CO-PAYMENT,894,27963.5999999996,120954.599999999,6514.42999999992,148918.2,27754.3999999996
202408,08212F,A10AB04,INSULIN LISPRO,G2,Section 85,UNDER CO-PAYMENT,1,30.3,0,0,30.3,31.6
202408,08212F,A10AB04,INSULIN LISPRO,R0,Section 85,ABOVE CO-PAYMENT,8,0,1340.16,58.96,1340.16,0
202408,08212F,A10AB04,INSULIN LISPRO,R1,Section 85,ABOVE CO-PAYMENT,2,15.4,192.56,8.84,207.96,15.4
202408,08435Y,A10AB05,INSULIN ASPART,C0,Section 85,ABOVE CO-PAYMENT,852,0,139955.88,6113.42999999993,139955.88,0
202408,08435Y,A10AB05,INSULIN ASPART,C1,Section 85,ABOVE CO-PAYMENT,2435,17925.6000000008,384747.060000013,17597.9700000006,402672.660000009,17249.2800000007
202408,08435Y,A10AB05,INSULIN ASPART,G1,Section 85,ABOVE CO-PAYMENT,33,246.4,5281.76,243.21,5528.16,242.4
202408,08435Y,A10AB05,INSULIN ASPART,G2,Section 85,ABOVE CO-PAYMENT,4681,145696.900000012,632658.990000013,34103.969999999,778355.89000005,144506.480000012
202408,08435Y,A10AB05,INSULIN ASPART,G2,Section 85,UNDER CO-PAYMENT,22,666.6,0,0,666.6,695.2
202408,08435Y,A10AB05,INSULIN ASPART,R0,Section 85,ABOVE CO-PAYMENT,33,15.4,5512.76,243.21,5528.16,7.7
202408,08435Y,A10AB05,INSULIN ASPART,R1,Section 85,ABOVE CO-PAYMENT,24,177.1,3716.3,170.98,3893.4,166.1
202408,08571D,A10AB05,INSULIN ASPART,C0,Section 85,ABOVE CO-PAYMENT,138,0,13753.02,649.53,13753.02,7.7
202408,08571D,A10AB05,INSULIN ASPART,C1,Section 85,ABOVE CO-PAYMENT,345,2610.3,32141.2299999999,1641.55999999999,34751.5300000001,2521.9
202408,08571D,A10AB05,INSULIN ASPART,G1,Section 85,ABOVE CO-PAYMENT,7,53.9,654.99,33.53,708.89,52.9
202408,08571D,A10AB05,INSULIN ASPART,G2,Section 85,ABOVE CO-PAYMENT,1051,32661.8999999994,74068.9499999987,5049.14999999997,106730.850000001,32404.8999999994
202408,08571D,A10AB05,INSULIN ASPART,G2,Section 85,UNDER CO-PAYMENT,1,26.48,0,0.25,26.48,31.6
202408,08571D,A10AB05,INSULIN ASPART,R0,Section 85,ABOVE CO-PAYMENT,5,0,506.35,23.95,506.35,0
202408,08571D,A10AB05,INSULIN ASPART,R1,Section 85,ABOVE CO-PAYMENT,2,15.4,187.14,9.58,202.54,14.4
202408,09224L,A10AB06,INSULIN GLULISINE,C0,Section 85,ABOVE CO-PAYMENT,3,0,303.81,14.37,303.81,0
202408,09224L,A10AB06,INSULIN GLULISINE,C1,Section 85,ABOVE CO-PAYMENT,2,15.4,187.14,9.58,202.54,13.4
202408,09224L,A10AB06,INSULIN GLULISINE,G2,Section 85,ABOVE CO-PAYMENT,11,347.6,766.37,52.69,1113.97,346.6
202408,09224L,A10AB06,INSULIN GLULISINE,R0,Section 85,ABOVE CO-PAYMENT,1,0,101.27,4.79,101.27,0
202408,11645X,A10AB04,INSULIN LISPRO,C0,Section 85,ABOVE CO-PAYMENT,40,0,10674.8,484,10674.8,0
202408,11645X,A10AB04,INSULIN LISPRO,C1,Section 85,ABOVE CO-PAYMENT,24,169.4,6235.48,290.4,6404.88,157.4
202408,11645X,A10AB04,INSULIN LISPRO,G1,Section 85,ABOVE CO-PAYMENT,4,30.8,1036.68,48.4,1067.48,29.8
202408,11645X,A10AB04,INSULIN LISPRO,G2,Section 85,ABOVE CO-PAYMENT,50,1556.1,11787.4,605.000000000001,13343.5,1548.1
202408,11645X,A10AB04,INSULIN LISPRO,R0,Section 85,ABOVE CO-PAYMENT,2,0,533.74,24.2,533.74,0
202408,12237C,A10AB04,INSULIN LISPRO,C0,Section 85,ABOVE CO-PAYMENT,324,0,53168.8199999997,2336.24999999998,53168.8199999997,0
202408,12237C,A10AB04,INSULIN LISPRO,C1,Section 85,ABOVE CO-PAYMENT,269,1994.30000000001,41982.3999999999,1922.06999999999,43976.6999999999,1898.10000000001
202408,12237C,A10AB04,INSULIN LISPRO,G1,Section 85,ABOVE CO-PAYMENT,13,100.1,1950.58,89.91,2050.68,100.1
202408,12237C,A10AB04,INSULIN LISPRO,G2,Section 85,ABOVE CO-PAYMENT,597,18578.4,79650.8699999992,4316.23999999995,98229.2700000002,18425.4
202408,12237C,A10AB04,INSULIN LISPRO,R0,Section 85,ABOVE CO-PAYMENT,9,0,1507.68,66.33,1507.68,0
202408,12237C,A10AB04,INSULIN LISPRO,R1,Section 85,ABOVE CO-PAYMENT,2,15.4,319.64,14.74,335.04,14.4
202408,12254Y,A10AB05,INSULIN ASPART,C0,Section 85,ABOVE CO-PAYMENT,5484,0,882113.850000055,38513.5400000006,882113.850000055,7.7
202408,12254Y,A10AB05,INSULIN ASPART,C1,Section 85,ABOVE CO-PAYMENT,4342,31146.500000002,648385.509999982,29227.8999999991,679532.010000035,29934.910000002
202408,12254Y,A10AB05,INSULIN ASPART,G1,Section 85,ABOVE CO-PAYMENT,150,1085.7,22879.41,1041.88,23965.1100000001,1069.7
202408,12254Y,A10AB05,INSULIN ASPART,G2,Section 85,ABOVE CO-PAYMENT,7469,231336.000000029,968546.200000106,52204.3200000055,1199882.20000008,229166.880000029
202408,12254Y,A10AB05,INSULIN ASPART,G2,Section 85,UNDER CO-PAYMENT,94,2848.2,0,0,2848.2,2970.4
202408,12254Y,A10AB05,INSULIN ASPART,R0,Section 85,ABOVE CO-PAYMENT,140,15.4,22638.89,977.710000000001,22654.29,15.4
202408,12254Y,A10AB05,INSULIN ASPART,R1,Section 85,ABOVE CO-PAYMENT,57,400.4,7748.2,340.08,8148.60000000001,388.4
202408,12268Q,A10AB06,INSULIN GLULISINE,C0,Section 85,ABOVE CO-PAYMENT,366,0,60280.8299999999,2647.69999999998,60280.8299999999,0
202408,12268Q,A10AB06,INSULIN GLULISINE,C1,Section 85,ABOVE CO-PAYMENT,141,1024.1,22220.86,1020.42,23244.96,989.900000000003
202408,12268Q,A10AB06,INSULIN GLULISINE,G1,Section 85,ABOVE CO-PAYMENT,12,92.4,1918.44,88.44,2010.84,92.4
202408,12268Q,A10AB06,INSULIN GLULISINE,G2,Section 85,ABOVE CO-PAYMENT,291,9123.90000000005,39375.0100000002,2131.81999999998,48498.9099999999,9049.90000000005
202408,12268Q,A10AB06,INSULIN GLULISINE,R0,Section 85,ABOVE CO-PAYMENT,7,0,1045.87,45.69,1045.87,0
202408,12268Q,A10AB06,INSULIN GLULISINE,R1,Section 85,ABOVE CO-PAYMENT,4,30.8,639.48,29.48,670.28,29.8
202408,13651L,A10AB05,INSULIN ASPART,C0,Section 85,ABOVE CO-PAYMENT,290,0,48130.7699999998,2111.37999999999,48130.7699999998,0
202408,13651L,A10AB05,INSULIN ASPART,C1,Section 85,ABOVE CO-PAYMENT,593,4396.69999999995,93869.2900000011,4301.08999999995,98265.9900000003,4227.68999999996
202408,13651L,A10AB05,INSULIN ASPART,G1,Section 85,ABOVE CO-PAYMENT,9,69.3,1438.38,66.33,1507.68,67.3
202408,13651L,A10AB05,INSULIN ASPART,G2,Section 85,ABOVE CO-PAYMENT,1815,56732.5999999983,246395.650000009,13321.5500000005,303128.249999998,56236.8999999983
202408,13651L,A10AB05,INSULIN ASPART,R0,Section 85,ABOVE CO-PAYMENT,8,0,1213.08,53.06,1213.08,0
202408,13651L,A10AB05,INSULIN ASPART,R1,Section 85,ABOVE CO-PAYMENT,3,23.1,479.46,22.11,502.56,21.1
202409,01921D,A10AB06,INSULIN GLULISINE,C0,Section 85,ABOVE CO-PAYMENT,26,0,4348.15,191.62,4348.15,0
202409,01921D,A10AB06,INSULIN GLULISINE,C1,Section 85,ABOVE CO-PAYMENT,16,107.8,2573.32,117.92,2681.12,101.8
202409,01921D,A10AB06,INSULIN GLULISINE,G1,Section 85,ABOVE CO-PAYMENT,2,15.4,319.74,14.74,335.14,15.4
202409,01921D,A10AB06,INSULIN GLULISINE,G2,Section 85,ABOVE CO-PAYMENT,20,608.1,2743.3,147.4,3351.4,603.1
202409,01921D,A10AB06,INSULIN GLULISINE,R1,Section 85,ABOVE CO-PAYMENT,1,7.7,159.87,7.37,167.57,6.7
202409,08084L,A10AB04,INSULIN LISPRO,C0,Section 85,ABOVE CO-PAYMENT,53,0,5293.23,250.04,5293.23,0
202409,08084L,A10AB04,INSULIN LISPRO,C1,Section 85,ABOVE CO-PAYMENT,77,585.2,7212.58999999999,368.83,7797.79000000002,562.66
202409,08084L,A10AB04,INSULIN LISPRO,G1,Section 85,ABOVE CO-PAYMENT,6,46.2,561.42,28.74,607.62,46.2
202409,08084L,A10AB04,INSULIN LISPRO,G2,Section 85,ABOVE CO-PAYMENT,265,8230.60000000004,18735.59,1276.06,26966.1900000001,8169.60000000004
202409,08084L,A10AB04,INSULIN LISPRO,G2,Section 85,UNDER CO-PAYMENT,3,81.57,0,2.88,81.57,68.97
202409,08084L,A10AB04,INSULIN LISPRO,R0,Section 85,ABOVE CO-PAYMENT,2,0,202.54,9.58,202.54,0
202409,08212F,A10AB04,INSULIN LISPRO,C0,Section 85,ABOVE CO-PAYMENT,221,0,36524.1,1594.02999999999,36524.1,0
202409,08212F,A10AB04,INSULIN LISPRO,C1,Section 85,ABOVE CO-PAYMENT,347,2579.5,54832.8799999999,2515.47999999998,57412.3799999996,2491.1
202409,08212F,A10AB04,INSULIN LISPRO,G1,Section 85,ABOVE CO-PAYMENT,9,61.6,1446.08,66.33,1507.68,60.6
202409,08212F,A10AB04,INSULIN LISPRO,G2,Section 85,ABOVE CO-PAYMENT,862,26976.2999999997,116374.109999999,6280.47999999993,143350.41,26779.7499999997
202409,08212F,A10AB04,INSULIN LISPRO,G2,Section 85,UNDER CO-PAYMENT,1,30.3,0,0,30.3,31.6
202409,08212F,A10AB04,INSULIN LISPRO,R0,Section 85,ABOVE CO-PAYMENT,6,0,1005.12,44.22,1005.12,0
202409,08212F,A10AB04,INSULIN LISPRO,R1,Section 85,ABOVE CO-PAYMENT,4,30.8,639.28,29.48,670.08,29.8
202409,08435Y,A10AB05,INSULIN ASPART,C0,Section 85,ABOVE CO-PAYMENT,920,0,150682.62,6590.54999999992,150682.62,0
202409,08435Y,A10AB05,INSULIN ASPART,C1,Section 85,ABOVE CO-PAYMENT,2369,17517.5000000007,373613.740000013,17072.1300000007,391131.240000007,16924.6600000007
202409,08435Y,A10AB05,INSULIN ASPART,G1,Section 85,ABOVE CO-PAYMENT,51,377.3,8150.2,368.5,8527.50000000001,370.3
202409,08435Y,A10AB05,INSULIN ASPART,G2,Section 85,ABOVE CO-PAYMENT,4502,140518.500000011,609247.740000006,32839.0499999986,749766.240000046,139396.950000011
202409,08435Y,A10AB05,INSULIN ASPART,G2,Section 85,UNDER CO-PAYMENT,21,636.3,0,0,636.3,663.6
202409,08435Y,A10AB05,INSULIN ASPART,R0,Section 85,ABOVE CO-PAYMENT,27,0,4267.83,186.14,4267.83,0
202409,08435Y,A10AB05,INSULIN ASPART,R1,Section 85,ABOVE CO-PAYMENT,15,115.5,2270.22,104.65,2385.72,109.5
202409,08571D,A10AB05,INSULIN ASPART,C0,Section 85,ABOVE CO-PAYMENT,168,0,16809.6400000001,794.189999999999,16809.6400000001,0
202409,08571D,A10AB05,INSULIN ASPART,C1,Section 85,ABOVE CO-PAYMENT,283,2125.20000000001,26237.18,1339.53999999999,28362.3800000001,2062.46000000001
202409,08571D,A10AB05,INSULIN ASPART,G1,Section 85,ABOVE CO-PAYMENT,12,92.4,1122.84,57.48,1215.24,92.4
202409,08571D,A10AB05,INSULIN ASPART,G2,Section 85,ABOVE CO-PAYMENT,928,28870.6999999996,65478.2599999988,4464.27999999997,94348.9600000003,28644.4999999996
202409,08571D,A10AB05,INSULIN ASPART,R0,Section 85,ABOVE CO-PAYMENT,4,7.7,397.38,19.16,405.08,7.7
202409,08571D,A10AB05,INSULIN ASPART,R1,Section 85,ABOVE CO-PAYMENT,2,15.4,187.14,9.58,202.54,14.4
202409,09224L,A10AB06,INSULIN GLULISINE,C0,Section 85,ABOVE CO-PAYMENT,8,0,902.76,43.11,902.76,0
202409,09224L,A10AB06,INSULIN GLULISINE,C1,Section 85,ABOVE CO-PAYMENT,7,46.2,662.69,33.53,708.89,44.2
202409,09224L,A10AB06,INSULIN GLULISINE,G2,Section 85,ABOVE CO-PAYMENT,7,197.3,511.59,33.53,708.89,195.3
202409,09224L,A10AB06,INSULIN GLULISINE,R0,Section 85,ABOVE CO-PAYMENT,1,0,101.27,4.79,101.27,0
202409,11645X,A10AB04,INSULIN LISPRO,C0,Section 85,ABOVE CO-PAYMENT,36,0,9607.32,435.6,9607.32,0
202409,11645X,A10AB04,INSULIN LISPRO,C1,Section 85,ABOVE CO-PAYMENT,23,177.1,5960.91,278.3,6138.01,173.1
202409,11645X,A10AB04,INSULIN LISPRO,G1,Section 85,ABOVE CO-PAYMENT,6,46.2,1555.02,72.6,1601.22,46.2
202409,11645X,A10AB04,INSULIN LISPRO,G2,Section 85,ABOVE CO-PAYMENT,52,1571.5,12099.18,619.520000000001,13670.68,1562.5
202409,11645X,A10AB04,INSULIN LISPRO,R0,Section 85,ABOVE CO-PAYMENT,1,0,266.87,12.1,266.87,0
202409,11645X,A10AB04,INSULIN LISPRO,R1,Section 85,ABOVE CO-PAYMENT,1,7.7,259.17,12.1,266.87,7.7
202409,12237C,A10AB04,INSULIN LISPRO,C0,Section 85,ABOVE CO-PAYMENT,336,0,55385.9699999997,2432.48999999998,55385.9699999997,0
202409,12237C,A10AB04,INSULIN LISPRO,C1,Section 85,ABOVE CO-PAYMENT,203,1486.10000000001,31781.08,1462.17999999999,33267.1800000001,1432.10000000001
202409,12237C,A10AB04,INSULIN LISPRO,G1,Section 85,ABOVE CO-PAYMENT,16,123.2,2557.12,117.92,2680.32,122.2
202409,12237C,A10AB04,INSULIN LISPRO,G2,Section 85,ABOVE CO-PAYMENT,586,18278.6000000001,78963.6399999993,4272.85999999995,97242.2400000002,18109.4000000001
202409,12237C,A10AB04,INSULIN LISPRO,G2,Section 85,UNDER CO-PAYMENT,2,60.6,0,0,60.6,63.2
202409,12237C,A10AB04,INSULIN LISPRO,R0,Section 85,ABOVE CO-PAYMENT,5,0,710.52,30.95,710.52,0
202409,12237C,A10AB04,INSULIN LISPRO,R1,Section 85,ABOVE CO-PAYMENT,4,30.8,639.28,29.48,670.08,29.8
202409,12254Y,A10AB05,INSULIN ASPART,C0,Section 85,ABOVE CO-PAYMENT,5641,0,907176.420000059,39531.820000001,907176.420000059,0
202409,12254Y,A10AB05,INSULIN ASPART,C1,Section 85,ABOVE CO-PAYMENT,3558,25479.3000000015,534991.320000015,23996.5299999998,560470.620000024,24461.3500000015
202409,12254Y,A10AB05,INSULIN ASPART,G1,Section 85,ABOVE CO-PAYMENT,252,1840.30000000001,38957,1789.80999999999,40797.2999999999,1803.30000000001
202409,12254Y,A10AB05,INSULIN ASPART,G2,Section 85,ABOVE CO-PAYMENT,7126,220879.600000027,923020.820000093,49667.6400000046,1143900.42000008,218583.200000027
202409,12254Y,A10AB05,INSULIN ASPART,G2,Section 85,UNDER CO-PAYMENT,65,1989.78,0,2.94,1989.78,1991.6
202409,12254Y,A10AB05,INSULIN ASPART,R0,Section 85,ABOVE CO-PAYMENT,148,0,23509.9200000001,1028.19,23509.9200000001,0
202409,12254Y,A10AB05,INSULIN ASPART,R1,Section 85,ABOVE CO-PAYMENT,68,492.8,8849.88999999999,400.04,9342.69000000001,480.8
202409,12268Q,A10AB06,INSULIN GLULISINE,C0,Section 85,ABOVE CO-PAYMENT,334,0,54423.0799999999,2388.25999999998,54423.0799999999,0
202409,12268Q,A10AB06,INSULIN GLULISINE,C1,Section 85,ABOVE CO-PAYMENT,128,916.300000000002,20269.75,931.560000000001,21186.05,886.390000000002
202409,12268Q,A10AB06,INSULIN GLULISINE,G1,Section 85,ABOVE CO-PAYMENT,14,92.4,2253.58,103.18,2345.98,90.4
202409,12268Q,A10AB06,INSULIN GLULISINE,G2,Section 85,ABOVE CO-PAYMENT,276,8626.00000000004,37496.2000000001,2028.21999999999,46122.1999999999,8566.00000000004
202409,12268Q,A10AB06,INSULIN GLULISINE,R0,Section 85,ABOVE CO-PAYMENT,4,0,670.28,29.48,670.28,0
202409,12268Q,A10AB06,INSULIN GLULISINE,R1,Section 85,ABOVE CO-PAYMENT,3,23.1,479.61,22.11,502.71,21.1
202409,13651L,A10AB05,INSULIN ASPART,C0,Section 85,ABOVE CO-PAYMENT,320,0,52874.6399999997,2323.40999999998,52874.6399999997,0
202409,13651L,A10AB05,INSULIN ASPART,C1,Section 85,ABOVE CO-PAYMENT,534,3919.29999999997,84980.2700000007,3903.13999999996,88899.57,3776.98999999997
202409,13651L,A10AB05,INSULIN ASPART,G1,Section 85,ABOVE CO-PAYMENT,36,269.5,5761.22,265.32,6030.72000000001,259.1
202409,13651L,A10AB05,INSULIN ASPART,G2,Section 85,ABOVE CO-PAYMENT,1592,49829.1999999986,216657.830000007,11705.5900000003,266487.029999994,49423.9999999986
202409,13651L,A10AB05,INSULIN ASPART,R0,Section 85,ABOVE CO-PAYMENT,9,0,1507.68,66.33,1507.68,0
202409,13651L,A10AB05,INSULIN ASPART,R1,Section 85,ABOVE CO-PAYMENT,9,69.3,1438.38,66.33,1507.68,68.3
202410,01921D,A10AB06,INSULIN GLULISINE,C0,Section 85,ABOVE CO-PAYMENT,19,0,3048.04,134.13,3048.04,0
202410,01921D,A10AB06,INSULIN GLULISINE,C1,Section 85,ABOVE CO-PAYMENT,12,84.7,1671.9,76.64,1756.6,78.7
202410,01921D,A10AB06,INSULIN GLULISINE,G1,Section 85,ABOVE CO-PAYMENT,2,15.4,319.74,14.74,335.14,15.4
202410,01921D,A10AB06,INSULIN GLULISINE,G2,Section 85,ABOVE CO-PAYMENT,24,758.4,3263.28,176.88,4021.68,754.55
202410,08084L,A10AB04,INSULIN LISPRO,C0,Section 85,ABOVE CO-PAYMENT,60,0,6001.65000000001,283.57,6001.65000000001,0
202410,08084L,A10AB04,INSULIN LISPRO,C1,Section 85,ABOVE CO-PAYMENT,70,539,6549.9,335.3,7088.90000000001,521
202410,08084L,A10AB04,INSULIN LISPRO,G1,Section 85,ABOVE CO-PAYMENT,13,92.4,1261.15,64.19,1353.55,92.4
202410,08084L,A10AB04,INSULIN LISPRO,G2,Section 85,ABOVE CO-PAYMENT,300,9336.60000000005,21470.3599999999,1459.03999999999,30806.9600000001,9276.60000000005
202410,08084L,A10AB04,INSULIN LISPRO,R0,Section 85,ABOVE CO-PAYMENT,5,0,506.35,23.95,506.35,0
202410,08084L,A10AB04,INSULIN LISPRO,R1,Section 85,ABOVE CO-PAYMENT,1,7.7,93.57,4.79,101.27,7.7
202410,08212F,A10AB04,INSULIN LISPRO,C0,Section 85,ABOVE CO-PAYMENT,233,0,38555.61,1695.08999999999,38555.61,0
202410,08212F,A10AB04,INSULIN LISPRO,C1,Section 85,ABOVE CO-PAYMENT,332,2464,52504.8799999999,2409.30999999998,54968.8799999997,2384
202410,08212F,A10AB04,INSULIN LISPRO,G1,Section 85,ABOVE CO-PAYMENT,19,146.3,3036.58,140.03,3182.88,145.3
202410,08212F,A10AB04,INSULIN LISPRO,G2,Section 85,ABOVE CO-PAYMENT,858,26897.6999999997,116053.319999999,6273.72999999993,142951.02,26685.6999999997
202410,08212F,A10AB04,INSULIN LISPRO,R0,Section 85,ABOVE CO-PAYMENT,4,0,670.08,29.48,670.08,0
202410,08212F,A10AB04,INSULIN LISPRO,R1,Section 85,ABOVE CO-PAYMENT,7,53.9,1118.74,51.59,1172.64,50.9
202410,08435Y,A10AB05,INSULIN ASPART,C0,Section 85,ABOVE CO-PAYMENT,1095,0,180091.349999998,7890.7999999999,180091.349999998,0
202410,08435Y,A10AB05,INSULIN ASPART,C1,Section 85,ABOVE CO-PAYMENT,2418,17748.5000000008,380818.180000013,17413.4200000006,398566.680000008,17067.9000000007
202410,08435Y,A10AB05,INSULIN ASPART,G1,Section 85,ABOVE CO-PAYMENT,84,608.3,13463.38,619.08,14071.68,602.3
202410,08435Y,A10AB05,INSULIN ASPART,G2,Section 85,ABOVE CO-PAYMENT,4743,147488.800000013,641379.260000015,34599.7499999992,788868.06000005,146392.850000013
202410,08435Y,A10AB05,INSULIN ASPART,G2,Section 85,UNDER CO-PAYMENT,24,727.2,0,0,727.2,758.4
202410,08435Y,A10AB05,INSULIN ASPART,R0,Section 85,ABOVE CO-PAYMENT,30,0,4897.47,214.15,4897.47,0
202410,08435Y,A10AB05,INSULIN ASPART,R1,Section 85,ABOVE CO-PAYMENT,16,123.2,2300.86,104.02,2424.06,119.2
202410,08571D,A10AB05,INSULIN ASPART,C0,Section 85,ABOVE CO-PAYMENT,177,0,17850.7100000001,843.999999999999,17850.7100000001,0
202410,08571D,A10AB05,INSULIN ASPART,C1,Section 85,ABOVE CO-PAYMENT,327,2448.6,30629.6499999999,1564.41999999999,33078.2500000001,2385.4
202410,08571D,A10AB05,INSULIN ASPART,G1,Section 85,ABOVE CO-PAYMENT,17,130.9,1516.61,77.6,1647.51,128.9
202410,08571D,A10AB05,INSULIN ASPART,G2,Section 85,ABOVE CO-PAYMENT,1007,31223.6999999995,70609.6599999987,4816.82999999997,101833.360000001,30998.6999999995
202410,08571D,A10AB05,INSULIN ASPART,R0,Section 85,ABOVE CO-PAYMENT,4,0,405.08,19.16,405.08,0
202410,08571D,A10AB05,INSULIN ASPART,R1,Section 85,ABOVE CO-PAYMENT,2,15.4,187.14,9.58,202.54,14.2
202410,09224L,A10AB06,INSULIN GLULISINE,C0,Section 85,ABOVE CO-PAYMENT,4,0,405.08,19.16,405.08,0
202410,09224L,A10AB06,INSULIN GLULISINE,C1,Section 85,ABOVE CO-PAYMENT,2,15.4,187.14,9.58,202.54,14.4
202410,09224L,A10AB06,INSULIN GLULISINE,G2,Section 85,ABOVE CO-PAYMENT,12,355.3,934.02,61.31,1289.32,351.3
202410,11645X,A10AB04,INSULIN LISPRO,C0,Section 85,ABOVE CO-PAYMENT,63,0,16399.69,742.940000000001,16399.69,0
202410,11645X,A10AB04,INSULIN LISPRO,C1,Section 85,ABOVE CO-PAYMENT,16,123.2,4146.72,193.6,4269.92,120.2
202410,11645X,A10AB04,INSULIN LISPRO,G1,Section 85,ABOVE CO-PAYMENT,6,46.2,1555.02,72.6,1601.22,45.2
202410,11645X,A10AB04,INSULIN LISPRO,G2,Section 85,ABOVE CO-PAYMENT,62,1839.7,14551.32,742.940000000001,16391.02,1828.7
202410,11645X,A10AB04,INSULIN LISPRO,R0,Section 85,ABOVE CO-PAYMENT,1,0,266.87,12.1,266.87,0
202410,11645X,A10AB04,INSULIN LISPRO,R1,Section 85,ABOVE CO-PAYMENT,1,7.7,259.17,12.1,266.87,6.7
202410,12237C,A10AB04,INSULIN LISPRO,C0,Section 85,ABOVE CO-PAYMENT,384,0,63446.9699999995,2780.33999999998,63446.9699999995,0
202410,12237C,A10AB04,INSULIN LISPRO,C1,Section 85,ABOVE CO-PAYMENT,225,1647.80000000001,35270.11,1619.90999999999,36917.91,1581.80000000001
202410,12237C,A10AB04,INSULIN LISPRO,G1,Section 85,ABOVE CO-PAYMENT,19,138.6,2917.2,134.13,3055.8,136.6
202410,12237C,A10AB04,INSULIN LISPRO,G2,Section 85,ABOVE CO-PAYMENT,563,17551.8000000001,74812.1699999993,4056.16999999996,92363.9700000001,17413.6000000001
202410,12237C,A10AB04,INSULIN LISPRO,G2,Section 85,UNDER CO-PAYMENT,1,30.3,0,0,30.3,31.6
202410,12237C,A10AB04,INSULIN LISPRO,R0,Section 85,ABOVE CO-PAYMENT,9,0,1380.6,60.43,1380.6,0
202410,12237C,A10AB04,INSULIN LISPRO,R1,Section 85,ABOVE CO-PAYMENT,1,7.7,159.82,7.37,167.52,6.7
202410,12254Y,A10AB05,INSULIN ASPART,C0,Section 85,ABOVE CO-PAYMENT,6493,0,1045360.93000007,45597.0100000031,1045360.93000007,1
202410,12254Y,A10AB05,INSULIN ASPART,C1,Section 85,ABOVE CO-PAYMENT,3508,24901.8000000014,525369.150000017,23590.4599999998,550270.950000023,23966.4900000014
202410,12254Y,A10AB05,INSULIN ASPART,G1,Section 85,ABOVE CO-PAYMENT,350,2556.4,53700.9199999999,2450.99999999998,56257.3199999997,2504.4
202410,12254Y,A10AB05,INSULIN ASPART,G2,Section 85,ABOVE CO-PAYMENT,7301,225812.100000028,946414.290000099,50928.1500000051,1172226.39000008,223503.800000028
202410,12254Y,A10AB05,INSULIN ASPART,G2,Section 85,UNDER CO-PAYMENT,91,2757.3,0,0,2757.3,2875.6
202410,12254Y,A10AB05,INSULIN ASPART,R0,Section 85,ABOVE CO-PAYMENT,186,15.4,30025.0700000001,1312.9,30040.4700000001,15.4
202410,12254Y,A10AB05,INSULIN ASPART,R1,Section 85,ABOVE CO-PAYMENT,51,385,6882.2,298.36,7267.2,378.8
202410,12268Q,A10AB06,INSULIN GLULISINE,C0,Section 85,ABOVE CO-PAYMENT,381,0,62862.3799999999,2761.41999999998,62862.3799999999,0
202410,12268Q,A10AB06,INSULIN GLULISINE,C1,Section 85,ABOVE CO-PAYMENT,131,931.700000000002,20353.74,931.350000000001,21285.44,898.700000000002
202410,12268Q,A10AB06,INSULIN GLULISINE,G1,Section 85,ABOVE CO-PAYMENT,29,215.6,4626.59,213.73,4842.19,210.6
202410,12268Q,A10AB06,INSULIN GLULISINE,G2,Section 85,ABOVE CO-PAYMENT,289,8989.00000000005,38794.4600000002,2100.42999999999,47783.4599999999,8915.00000000005
202410,12268Q,A10AB06,INSULIN GLULISINE,R0,Section 85,ABOVE CO-PAYMENT,12,0,1873.58,81.07,1873.58,0
202410,12268Q,A10AB06,INSULIN GLULISINE,R1,Section 85,ABOVE CO-PAYMENT,2,15.4,319.74,14.74,335.14,14.4
202410,13651L,A10AB05,INSULIN ASPART,C0,Section 85,ABOVE CO-PAYMENT,382,0,62491.9799999995,2734.22999999998,62491.9799999995,0
202410,13651L,A10AB05,INSULIN ASPART,C1,Section 85,ABOVE CO-PAYMENT,509,3819.19999999997,80749.0000000005,3692.34999999996,84568.1999999999,3668.98999999997
202410,13651L,A10AB05,INSULIN ASPART,G1,Section 85,ABOVE CO-PAYMENT,45,315.7,7095.62,325.75,7411.32000000001,310.7
202410,13651L,A10AB05,INSULIN ASPART,G2,Section 85,ABOVE CO-PAYMENT,1825,57215.8999999982,247092.610000009,13372.0800000005,304308.509999998,56731.7999999983
202410,13651L,A10AB05,INSULIN ASPART,G2,Section 85,UNDER CO-PAYMENT,1,30.3,0,0,30.3,31.6
202410,13651L,A10AB05,INSULIN ASPART,R0,Section 85,ABOVE CO-PAYMENT,3,0,497.31,16.86,497.31,0
202410,13651L,A10AB05,INSULIN ASPART,R1,Section 85,ABOVE CO-PAYMENT,6,46.2,958.92,44.22,1005.12,45.2
202411,01921D,A10AB06,INSULIN GLULISINE,C0,Section 85,ABOVE CO-PAYMENT,22,0,3550.75,156.24,3550.75,0
202411,01921D,A10AB06,INSULIN GLULISINE,C1,Section 85,ABOVE CO-PAYMENT,11,84.7,1758.57,81.07,1843.27,79.7
202411,01921D,A10AB06,INSULIN GLULISINE,G1,Section 85,ABOVE CO-PAYMENT,2,15.4,319.74,14.74,335.14,15.4
202411,01921D,A10AB06,INSULIN GLULISINE,G2,Section 85,ABOVE CO-PAYMENT,13,410.8,1767.61,95.81,2178.41,409.8
202411,08084L,A10AB04,INSULIN LISPRO,C0,Section 85,ABOVE CO-PAYMENT,58,0,5651.42000000001,266.33,5651.42000000001,0
202411,08084L,A10AB04,INSULIN LISPRO,C1,Section 85,ABOVE CO-PAYMENT,61,454.3,5723.17,292.19,6177.47000000001,438.3
202411,08084L,A10AB04,INSULIN LISPRO,G1,Section 85,ABOVE CO-PAYMENT,15,100.1,1696.75,86.22,1796.85,100.1
202411,08084L,A10AB04,INSULIN LISPRO,G2,Section 85,ABOVE CO-PAYMENT,275,8594.40000000004,19384.4899999999,1323.96,27978.8900000001,8538.40000000004
202411,08084L,A10AB04,INSULIN LISPRO,G2,Section 85,UNDER CO-PAYMENT,5,135.95,0,4.8,135.95,132.17
202411,08084L,A10AB04,INSULIN LISPRO,R0,Section 85,ABOVE CO-PAYMENT,4,0,405.08,19.16,405.08,0
202411,08212F,A10AB04,INSULIN LISPRO,C0,Section 85,ABOVE CO-PAYMENT,251,0,41533.6799999999,1807.75999999999,41533.6799999999,0
202411,08212F,A10AB04,INSULIN LISPRO,C1,Section 85,ABOVE CO-PAYMENT,318,2379.3,50309.4299999999,2314.96999999998,52688.7299999997,2307.3
202411,08212F,A10AB04,INSULIN LISPRO,G1,Section 85,ABOVE CO-PAYMENT,33,246.4,5154.68,237.31,5401.08,241.19
202411,08212F,A10AB04,INSULIN LISPRO,G2,Section 85,ABOVE CO-PAYMENT,877,27426.3999999996,119668.189999999,6426.57999999992,147094.59,27227.3999999996
202411,08212F,A10AB04,INSULIN LISPRO,G2,Section 85,UNDER CO-PAYMENT,3,90.9,0,0,90.9,94.8
202411,08212F,A10AB04,INSULIN LISPRO,R0,Section 85,ABOVE CO-PAYMENT,6,0,1005.12,44.22,1005.12,0
202411,08435Y,A10AB05,INSULIN ASPART,C0,Section 85,ABOVE CO-PAYMENT,1179,0,193861.389999997,8498.67999999993,193861.389999997,0
202411,08435Y,A10AB05,INSULIN ASPART,C1,Section 85,ABOVE CO-PAYMENT,2207,16277.8000000006,351585.410000012,16108.6100000007,367863.210000005,15692.0400000006
202411,08435Y,A10AB05,INSULIN ASPART,G1,Section 85,ABOVE CO-PAYMENT,131,954.800000000002,20862.19,958.520000000001,21816.99,936.800000000002
202411,08435Y,A10AB05,INSULIN ASPART,G2,Section 85,ABOVE CO-PAYMENT,4508,140397.400000011,609920.240000006,32870.9599999986,750317.640000046,139315.550000011
202411,08435Y,A10AB05,INSULIN ASPART,G2,Section 85,UNDER CO-PAYMENT,13,393.9,0,0,393.9,410.8
202411,08435Y,A10AB05,INSULIN ASPART,R0,Section 85,ABOVE CO-PAYMENT,25,0,4188,184.25,4188,0
202411,08435Y,A10AB05,INSULIN ASPART,R1,Section 85,ABOVE CO-PAYMENT,17,115.5,2477.13,112.44,2592.63,113.3
202411,08571D,A10AB05,INSULIN ASPART,C0,Section 85,ABOVE CO-PAYMENT,226,0,22849.9800000001,1080.62,22849.9800000001,0
202411,08571D,A10AB05,INSULIN ASPART,C1,Section 85,ABOVE CO-PAYMENT,271,2032.80000000001,25263.2099999999,1290.43,27296.0100000001,1979.86000000001
202411,08571D,A10AB05,INSULIN ASPART,G1,Section 85,ABOVE CO-PAYMENT,30,215.6,2822.5,143.7,3038.1,210.6
202411,08571D,A10AB05,INSULIN ASPART,G2,Section 85,ABOVE CO-PAYMENT,960,29905.7999999995,67680.2499999988,4613.99999999997,97586.0500000004,29671.7999999995
202411,08571D,A10AB05,INSULIN ASPART,G2,Section 85,UNDER CO-PAYMENT,7,180.7,0,5.76,180.7,212.59
202411,08571D,A10AB05,INSULIN ASPART,R0,Section 85,ABOVE CO-PAYMENT,6,0,533.54,24.91,533.54,0
202411,09224L,A10AB06,INSULIN GLULISINE,C0,Section 85,ABOVE CO-PAYMENT,5,0,506.35,23.95,506.35,0
202411,09224L,A10AB06,INSULIN GLULISINE,C1,Section 85,ABOVE CO-PAYMENT,3,23.1,280.71,14.37,303.81,22.1
202411,09224L,A10AB06,INSULIN GLULISINE,G2,Section 85,ABOVE CO-PAYMENT,11,347.6,766.37,52.69,1113.97,345.6
202411,09224L,A10AB06,INSULIN GLULISINE,R0,Section 85,ABOVE CO-PAYMENT,1,0,101.27,4.79,101.27,0
202411,11645X,A10AB04,INSULIN LISPRO,C0,Section 85,ABOVE CO-PAYMENT,70,0,18680.9,847.000000000001,18680.9,0
202411,11645X,A10AB04,INSULIN LISPRO,C1,Section 85,ABOVE CO-PAYMENT,15,115.5,3887.55,181.5,4003.05,111.5
202411,11645X,A10AB04,INSULIN LISPRO,G1,Section 85,ABOVE CO-PAYMENT,9,69.3,2332.53,108.9,2401.83,67.3
202411,11645X,A10AB04,INSULIN LISPRO,G2,Section 85,ABOVE CO-PAYMENT,70,2164.2,16508.03,846.990000000001,18672.23,2150.2
202411,11645X,A10AB04,INSULIN LISPRO,R0,Section 85,ABOVE CO-PAYMENT,4,0,1067.48,48.4,1067.48,0
202411,12237C,A10AB04,INSULIN LISPRO,C0,Section 85,ABOVE CO-PAYMENT,374,0,61497.9899999996,2701.16999999998,61497.9899999996,0
202411,12237C,A10AB04,INSULIN LISPRO,C1,Section 85,ABOVE CO-PAYMENT,175,1293.6,27122.7,1246.98,28416.3000000001,1243.99
202411,12237C,A10AB04,INSULIN LISPRO,G1,Section 85,ABOVE CO-PAYMENT,26,200.2,4027.19,184.67,4227.39,198.2
202411,12237C,A10AB04,INSULIN LISPRO,G2,Section 85,ABOVE CO-PAYMENT,537,16778.0000000001,72726.7899999993,3937.01999999996,89504.7900000001,16638.9000000001
202411,12237C,A10AB04,INSULIN LISPRO,G2,Section 85,UNDER CO-PAYMENT,2,60.6,0,0,60.6,63.2
202411,12237C,A10AB04,INSULIN LISPRO,R0,Section 85,ABOVE CO-PAYMENT,4,0,670.08,29.48,670.08,0
202411,12237C,A10AB04,INSULIN LISPRO,R1,Section 85,ABOVE CO-PAYMENT,2,15.4,192.56,8.84,207.96,15.4
202411,12254Y,A10AB05,INSULIN ASPART,C0,Section 85,ABOVE CO-PAYMENT,6837,0,1101790.20000008,48021.670000004,1101790.20000008,0
202411,12254Y,A10AB05,INSULIN ASPART,C1,Section 85,ABOVE CO-PAYMENT,3300,23361.8000000013,494251.690000016,22292.55,517613.490000021,22420.1600000013
202411,12254Y,A10AB05,INSULIN ASPART,G1,Section 85,ABOVE CO-PAYMENT,491,3511.19999999997,76672.4100000003,3519.19999999996,80183.6099999998,3462.69999999998
202411,12254Y,A10AB05,INSULIN ASPART,G2,Section 85,ABOVE CO-PAYMENT,6785,210271.300000025,881358.590000082,47507.3800000038,1091629.89000007,208162.970000025
202411,12254Y,A10AB05,INSULIN ASPART,G2,Section 85,UNDER CO-PAYMENT,88,2666.4,0,0,2666.4,2780.8
202411,12254Y,A10AB05,INSULIN ASPART,R0,Section 85,ABOVE CO-PAYMENT,163,7.7,24814.7500000001,1059.37,24822.4500000001,7.7
202411,12254Y,A10AB05,INSULIN ASPART,R1,Section 85,ABOVE CO-PAYMENT,45,308,6206.41,277.1,6514.41,302
202411,12268Q,A10AB06,INSULIN GLULISINE,C0,Section 85,ABOVE CO-PAYMENT,380,0,62258.7699999999,2733.60999999998,62258.7699999999,0
202411,12268Q,A10AB06,INSULIN GLULISINE,C1,Section 85,ABOVE CO-PAYMENT,115,839.300000000002,18304.13,841.650000000001,19143.43,810.300000000001
202411,12268Q,A10AB06,INSULIN GLULISINE,G1,Section 85,ABOVE CO-PAYMENT,29,215.6,4548.59,209.31,4764.19,214.6
202411,12268Q,A10AB06,INSULIN GLULISINE,G2,Section 85,ABOVE CO-PAYMENT,250,7828.30000000004,33801.2900000001,1830.69999999999,41629.5899999999,7763.45000000003
202411,12268Q,A10AB06,INSULIN GLULISINE,R0,Section 85,ABOVE CO-PAYMENT,6,0,1005.42,44.22,1005.42,0
202411,12268Q,A10AB06,INSULIN GLULISINE,R1,Section 85,ABOVE CO-PAYMENT,2,15.4,319.74,14.74,335.14,14.4
202411,13651L,A10AB05,INSULIN ASPART,C0,Section 85,ABOVE CO-PAYMENT,428,0,70777.5899999996,3098.94999999997,70777.5899999996,0
202411,13651L,A10AB05,INSULIN ASPART,C1,Section 85,ABOVE CO-PAYMENT,556,4104.09999999996,88147.0100000009,4004.00999999996,92251.1100000001,3938.48999999996
202411,13651L,A10AB05,INSULIN ASPART,G1,Section 85,ABOVE CO-PAYMENT,77,554.4,12217.56,561.59,12771.96,539
202411,13651L,A10AB05,INSULIN ASPART,G2,Section 85,ABOVE CO-PAYMENT,1705,53304.3999999984,231235.430000008,12509.7800000004,284539.829999995,52854.3999999984
202411,13651L,A10AB05,INSULIN ASPART,R0,Section 85,ABOVE CO-PAYMENT,17,0,2847.84,125.29,2847.84,0
202411,13651L,A10AB05,INSULIN ASPART,R1,Section 85,ABOVE CO-PAYMENT,4,30.8,639.28,29.48,670.08,30.8
202412,01921D,A10AB06,INSULIN GLULISINE,C0,Section 85,ABOVE CO-PAYMENT,27,0,4508.37,191.62,4508.37,0
202412,01921D,A10AB06,INSULIN GLULISINE,C1,Section 85,ABOVE CO-PAYMENT,10,69.3,1606.4,73.7,1675.7,68.3
202412,01921D,A10AB06,INSULIN GLULISINE,G1,Section 85,ABOVE CO-PAYMENT,5,38.5,799.35,36.85,837.85,38.5
202412,01921D,A10AB06,INSULIN GLULISINE,G2,Section 85,ABOVE CO-PAYMENT,23,726.8,3127.31,169.51,3854.11,722.8
202412,01921D,A10AB06,INSULIN GLULISINE,R0,Section 85,ABOVE CO-PAYMENT,2,0,335.14,14.74,335.14,0
202412,08084L,A10AB04,INSULIN LISPRO,C0,Section 85,ABOVE CO-PAYMENT,100,0,10052.92,475.170000000001,10052.92,0
202412,08084L,A10AB04,INSULIN LISPRO,C1,Section 85,ABOVE CO-PAYMENT,77,585.2,7194.06999999999,367.87,7779.27000000002,563
202412,08084L,A10AB04,INSULIN LISPRO,G1,Section 85,ABOVE CO-PAYMENT,27,200.2,2719.29,138.91,2919.49,200.2
202412,08084L,A10AB04,INSULIN LISPRO,G2,Section 85,ABOVE CO-PAYMENT,341,10608.3000000001,24258.1299999998,1650.63999999999,34866.4300000001,10551.3000000001
202412,08084L,A10AB04,INSULIN LISPRO,R0,Section 85,ABOVE CO-PAYMENT,7,0,708.89,33.53,708.89,0
202412,08084L,A10AB04,INSULIN LISPRO,R1,Section 85,ABOVE CO-PAYMENT,1,7.7,93.57,4.79,101.27,7.7
202412,08212F,A10AB04,INSULIN LISPRO,C0,Section 85,ABOVE CO-PAYMENT,392,0,64799.9099999995,2847.74999999997,64799.9099999995,0
202412,08212F,A10AB04,INSULIN LISPRO,C1,Section 85,ABOVE CO-PAYMENT,304,2294.6,48079.6599999999,2208.01999999998,50374.2599999997,2216.60000000001
202412,08212F,A10AB04,INSULIN LISPRO,G1,Section 85,ABOVE CO-PAYMENT,59,454.3,9429.37999999999,434.83,9883.68000000002,445.3
202412,08212F,A10AB04,INSULIN LISPRO,G2,Section 85,ABOVE CO-PAYMENT,907,28374.3999999996,123112.249999999,6637.39999999992,151486.65,28146.2999999996
202412,08212F,A10AB04,INSULIN LISPRO,R0,Section 85,ABOVE CO-PAYMENT,11,7.7,1835.02,81.07,1842.72,7.7
202412,08212F,A10AB04,INSULIN LISPRO,R1,Section 85,ABOVE CO-PAYMENT,3,23.1,479.46,22.11,502.56,23.1
202412,08435Y,A10AB05,INSULIN ASPART,C0,Section 85,ABOVE CO-PAYMENT,1848,0,307271.009999998,13482.0600000005,307271.009999998,0
202412,08435Y,A10AB05,INSULIN ASPART,C1,Section 85,ABOVE CO-PAYMENT,2524,18595.5000000008,399245.040000014,18278.7000000005,417840.54000001,17932.7800000008
202412,08435Y,A10AB05,INSULIN ASPART,G1,Section 85,ABOVE CO-PAYMENT,288,2109.80000000001,45887.8299999999,2103.80999999998,47997.6299999998,2073.26000000001
202412,08435Y,A10AB05,INSULIN ASPART,G2,Section 85,ABOVE CO-PAYMENT,5064,157799.700000015,684931.290000028,36985.31,842730.990000056,156582.820000015
202412,08435Y,A10AB05,INSULIN ASPART,G2,Section 85,UNDER CO-PAYMENT,15,454.5,0,0,454.5,474
202412,08435Y,A10AB05,INSULIN ASPART,R0,Section 85,ABOVE CO-PAYMENT,53,0,8678.22000000001,380.7,8678.22000000001,0
202412,08435Y,A10AB05,INSULIN ASPART,R1,Section 85,ABOVE CO-PAYMENT,16,123.2,2430.04,112.02,2553.24,119.2
202412,08571D,A10AB05,INSULIN ASPART,C0,Section 85,ABOVE CO-PAYMENT,294,0,29345.0500000001,1383.61999999999,29345.0500000001,0
202412,08571D,A10AB05,INSULIN ASPART,C1,Section 85,ABOVE CO-PAYMENT,307,2286.9,28633.4699999999,1459.30999999999,30920.3700000001,2216.2
202412,08571D,A10AB05,INSULIN ASPART,G1,Section 85,ABOVE CO-PAYMENT,52,377.3,4888.74,249.08,5266.04,368.3
202412,08571D,A10AB05,INSULIN ASPART,G2,Section 85,ABOVE CO-PAYMENT,1032,32180.9999999994,72534.5399999987,4954.77999999997,104715.540000001,31941.9999999994
202412,08571D,A10AB05,INSULIN ASPART,G2,Section 85,UNDER CO-PAYMENT,3,80.86,0,2.17,80.86,77.36
202412,08571D,A10AB05,INSULIN ASPART,R0,Section 85,ABOVE CO-PAYMENT,8,7.7,728.38,34.49,736.08,7.7
202412,08571D,A10AB05,INSULIN ASPART,R1,Section 85,ABOVE CO-PAYMENT,3,23.1,206.63,10.54,229.73,22.1
202412,09224L,A10AB06,INSULIN GLULISINE,C0,Section 85,ABOVE CO-PAYMENT,10,0,1087.96,52.69,1087.96,0
202412,09224L,A10AB06,INSULIN GLULISINE,C1,Section 85,ABOVE CO-PAYMENT,3,23.1,280.71,14.37,303.81,23.1
202412,09224L,A10AB06,INSULIN GLULISINE,G2,Section 85,ABOVE CO-PAYMENT,8,252.8,557.36,38.32,810.16,249.8
202412,09224L,A10AB06,INSULIN GLULISINE,R0,Section 85,ABOVE CO-PAYMENT,1,0,101.27,4.79,101.27,0
202412,11645X,A10AB04,INSULIN LISPRO,C0,Section 85,ABOVE CO-PAYMENT,81,0,21607.8,980.090000000001,21607.8,0
202412,11645X,A10AB04,INSULIN LISPRO,C1,Section 85,ABOVE CO-PAYMENT,18,138.6,4665.06,217.8,4803.66,131.6
202412,11645X,A10AB04,INSULIN LISPRO,G1,Section 85,ABOVE CO-PAYMENT,20,154,5183.4,242,5337.4,148
202412,11645X,A10AB04,INSULIN LISPRO,G2,Section 85,ABOVE CO-PAYMENT,55,1690.2,12987.65,665.500000000001,14677.85,1673.2
202412,11645X,A10AB04,INSULIN LISPRO,R0,Section 85,ABOVE CO-PAYMENT,2,0,533.74,24.2,533.74,0
202412,12237C,A10AB04,INSULIN LISPRO,C0,Section 85,ABOVE CO-PAYMENT,569,0,93608.5800000001,4101.87999999996,93608.5800000001,0
202412,12237C,A10AB04,INSULIN LISPRO,C1,Section 85,ABOVE CO-PAYMENT,180,1324.4,27942.46,1283.83,29266.8600000001,1271.4
202412,12237C,A10AB04,INSULIN LISPRO,G1,Section 85,ABOVE CO-PAYMENT,69,515.9,10772.8,489.36,11288.7,503.9
202412,12237C,A10AB04,INSULIN LISPRO,G2,Section 85,ABOVE CO-PAYMENT,610,18965.3,82426.0599999992,4452.90999999995,101391.36,18782.45
202412,12237C,A10AB04,INSULIN LISPRO,R0,Section 85,ABOVE CO-PAYMENT,14,0,2345.28,103.18,2345.28,0
202412,12237C,A10AB04,INSULIN LISPRO,R1,Section 85,ABOVE CO-PAYMENT,3,23.1,352.38,16.21,375.48,21.1
202412,12254Y,A10AB05,INSULIN ASPART,C0,Section 85,ABOVE CO-PAYMENT,10150,0,1651107.27000014,72145.700000006,1651107.27000014,0
202412,12254Y,A10AB05,INSULIN ASPART,C1,Section 85,ABOVE CO-PAYMENT,3274,23130.8000000013,491503.180000016,22026.83,514633.98000002,22185.9000000012
202412,12254Y,A10AB05,INSULIN ASPART,G1,Section 85,ABOVE CO-PAYMENT,946,6929.99999999989,151092.300000003,6940.17999999991,158022.299999999,6786.6999999999
202412,12254Y,A10AB05,INSULIN ASPART,G2,Section 85,ABOVE CO-PAYMENT,7353,228244.000000028,958256.960000103,51655.6000000053,1186500.96000008,225901.800000028
202412,12254Y,A10AB05,INSULIN ASPART,G2,Section 85,UNDER CO-PAYMENT,78,2373.54,0,1.47,2373.54,2417.7
202412,12254Y,A10AB05,INSULIN ASPART,R0,Section 85,ABOVE CO-PAYMENT,262,53.9,40361.5299999999,1753.98999999999,40415.4299999999,53.9
202412,12254Y,A10AB05,INSULIN ASPART,R1,Section 85,ABOVE CO-PAYMENT,41,300.3,4647.42,194.99,4947.72,296.3
202412,12268Q,A10AB06,INSULIN GLULISINE,C0,Section 85,ABOVE CO-PAYMENT,627,0,103238.600000001,4533.77999999995,103238.600000001,0
202412,12268Q,A10AB06,INSULIN GLULISINE,C1,Section 85,ABOVE CO-PAYMENT,88,623.7,13582.3,619.29,14206,610.7
202412,12268Q,A10AB06,INSULIN GLULISINE,G1,Section 85,ABOVE CO-PAYMENT,61,423.5,9780.93000000001,449.57,10204.43,412.5
202412,12268Q,A10AB06,INSULIN GLULISINE,G2,Section 85,ABOVE CO-PAYMENT,255,8010.20000000004,34607.4700000001,1874.91999999999,42617.6699999999,7942.10000000004
202412,12268Q,A10AB06,INSULIN GLULISINE,R0,Section 85,ABOVE CO-PAYMENT,17,0,2720.52,118.34,2720.52,0
202412,12268Q,A10AB06,INSULIN GLULISINE,R1,Section 85,ABOVE CO-PAYMENT,2,15.4,319.74,14.74,335.14,13.4
202412,13651L,A10AB05,INSULIN ASPART,C0,Section 85,ABOVE CO-PAYMENT,645,0,107468.400000001,4725.61999999995,107468.400000001,0
202412,13651L,A10AB05,INSULIN ASPART,C1,Section 85,ABOVE CO-PAYMENT,492,3665.19999999997,78229.7600000004,3568.53999999996,81894.9599999999,3538.99999999997
202412,13651L,A10AB05,INSULIN ASPART,G1,Section 85,ABOVE CO-PAYMENT,138,1016.4,22085.34,1009.69,23101.7400000001,987.000000000003
202412,13651L,A10AB05,INSULIN ASPART,G2,Section 85,ABOVE CO-PAYMENT,1894,59037.7999999982,257169.61000001,13909.0100000005,316207.409999999,58590.6999999982
202412,13651L,A10AB05,INSULIN ASPART,R0,Section 85,ABOVE CO-PAYMENT,21,7.7,3383.14,148.87,3390.84,7.7
202412,13651L,A10AB05,INSULIN ASPART,R1,Section 85,ABOVE CO-PAYMENT,11,84.7,1758.02,81.07,1842.72,83.7
202501,01921D,A10AB06,INSULIN GLULISINE,C1,Section 85,ABOVE CO-PAYMENT,21,154,3110.73,142.97,3264.73,151.6
202501,01921D,A10AB06,INSULIN GLULISINE,G2,Section 85,ABOVE CO-PAYMENT,9,284.4,1223.73,66.33,1508.13,284.1
202501,08084L,A10AB04,INSULIN LISPRO,C1,Section 85,ABOVE CO-PAYMENT,107,785.400000000001,9902.32999999999,504.870000000001,10687.73,760.66
202501,08084L,A10AB04,INSULIN LISPRO,G2,Section 85,ABOVE CO-PAYMENT,269,8452.60000000004,19034.84,1297.14,27487.4400000001,8447.40000000004
202501,08084L,A10AB04,INSULIN LISPRO,G2,Section 85,UNDER CO-PAYMENT,1,27.19,0,0.96,27.19,31.6
202501,08084L,A10AB04,INSULIN LISPRO,R1,Section 85,ABOVE CO-PAYMENT,2,15.4,187.14,9.58,202.54,15.4
202501,08212F,A10AB04,INSULIN LISPRO,C1,Section 85,ABOVE CO-PAYMENT,431,3226.29999999998,68805.98,3154.76999999997,72032.2799999996,3164.89999999999
202501,08212F,A10AB04,INSULIN LISPRO,G2,Section 85,ABOVE CO-PAYMENT,778,24106.7999999998,105793.139999999,5701.39999999993,129899.940000001,24089.6999999998
202501,08212F,A10AB04,INSULIN LISPRO,R1,Section 85,ABOVE CO-PAYMENT,6,46.2,958.92,44.22,1005.12,46.2
202501,08435Y,A10AB05,INSULIN ASPART,C1,Section 85,ABOVE CO-PAYMENT,2882,21074.9000000011,454519.300000016,20778.9600000002,475594.200000017,20548.3000000009
202501,08435Y,A10AB05,INSULIN ASPART,G2,Section 85,ABOVE CO-PAYMENT,4592,142645.500000012,622076.260000009,33496.5999999988,764721.760000048,142543.500000009
202501,08435Y,A10AB05,INSULIN ASPART,G2,Section 85,UNDER CO-PAYMENT,18,545.4,0,0,545.4,568.8
202501,08435Y,A10AB05,INSULIN ASPART,R1,Section 85,ABOVE CO-PAYMENT,45,346.5,7001.28,322.8,7347.78000000001,340.1
202501,08571D,A10AB05,INSULIN ASPART,C1,Section 85,ABOVE CO-PAYMENT,403,3010.69999999999,37783.7699999999,1930.36999999999,40794.4699999999,2955.75999999999
202501,08571D,A10AB05,INSULIN ASPART,G2,Section 85,ABOVE CO-PAYMENT,1015,31619.8999999994,71446.9499999987,4876.21999999997,103066.850000001,31596.8999999996
202501,08571D,A10AB05,INSULIN ASPART,G2,Section 85,UNDER CO-PAYMENT,2,53.67,0,1.21,53.67,54.37
202501,08571D,A10AB05,INSULIN ASPART,R1,Section 85,ABOVE CO-PAYMENT,5,38.5,393.77,20.12,432.27,37.7
202501,09224L,A10AB06,INSULIN GLULISINE,C1,Section 85,ABOVE CO-PAYMENT,6,46.2,561.42,28.74,607.62,44.6
202501,09224L,A10AB06,INSULIN GLULISINE,G2,Section 85,ABOVE CO-PAYMENT,11,347.6,840.45,56.52,1188.05,347.4
202501,11645X,A10AB04,INSULIN LISPRO,C1,Section 85,ABOVE CO-PAYMENT,63,438.9,15754.23,733.260000000001,16193.13,426.9
202501,11645X,A10AB04,INSULIN LISPRO,G2,Section 85,ABOVE CO-PAYMENT,58,1689.4,13634.14,694.540000000001,15323.54,1687.4
202501,11645X,A10AB04,INSULIN LISPRO,R1,Section 85,ABOVE CO-PAYMENT,3,23.1,777.51,36.3,800.61,23.1
202501,12237C,A10AB04,INSULIN LISPRO,C0,Section 85,ABOVE CO-PAYMENT,1,0,167.52,7.37,167.52,0
202501,12237C,A10AB04,INSULIN LISPRO,C1,Section 85,ABOVE CO-PAYMENT,390,2856.69999999999,60559.1299999999,2783.68999999998,63415.8299999995,2788.7
202501,12237C,A10AB04,INSULIN LISPRO,G2,Section 85,ABOVE CO-PAYMENT,554,17315.2000000001,74048.1499999993,4012.18999999996,91363.3500000001,17300.3000000001
202501,12237C,A10AB04,INSULIN LISPRO,R1,Section 85,ABOVE CO-PAYMENT,10,77,1598.2,73.7,1675.2,77
202501,12254Y,A10AB05,INSULIN ASPART,C0,Section 85,ABOVE CO-PAYMENT,11,0,1825.38,81.05,1825.38,0
202501,12254Y,A10AB05,INSULIN ASPART,C1,Section 85,ABOVE CO-PAYMENT,7526,54046.2999999942,1129104.0199999,51163.8600000051,1183150.32000008,52894.0599999971
202501,12254Y,A10AB05,INSULIN ASPART,G2,Section 85,ABOVE CO-PAYMENT,7048,217769.500000026,909664.07000009,48973.6000000043,1127433.57000008,217538.990000018
202501,12254Y,A10AB05,INSULIN ASPART,G2,Section 85,UNDER CO-PAYMENT,73,2222.04,0,1.47,2222.04,2254.7
202501,12254Y,A10AB05,INSULIN ASPART,R1,Section 85,ABOVE CO-PAYMENT,179,1301.3,25042.36,1117.47,26343.66,1282.9
202501,12268Q,A10AB06,INSULIN GLULISINE,C1,Section 85,ABOVE CO-PAYMENT,346,2533.3,53616.6900000002,2456.90999999998,56149.9899999999,2488.6
202501,12268Q,A10AB06,INSULIN GLULISINE,G2,Section 85,ABOVE CO-PAYMENT,265,8182.80000000004,36188.5700000001,1953.04999999999,44371.3699999999,8175.30000000003
202501,12268Q,A10AB06,INSULIN GLULISINE,R1,Section 85,ABOVE CO-PAYMENT,9,61.6,1318.36,59.38,1379.96,61.6
202501,13651L,A10AB05,INSULIN ASPART,C0,Section 85,ABOVE CO-PAYMENT,1,0,167.52,7.37,167.52,0
202501,13651L,A10AB05,INSULIN ASPART,C1,Section 85,ABOVE CO-PAYMENT,692,5089.69999999994,108575.770000002,4975.32999999994,113665.470000001,4959.29999999995
202501,13651L,A10AB05,INSULIN ASPART,G2,Section 85,ABOVE CO-PAYMENT,1711,53541.7999999984,232238.110000008,12546.5700000004,285779.909999996,53492.1999999989
202501,13651L,A10AB05,INSULIN ASPART,G2,Section 85,UNDER CO-PAYMENT,1,30.3,0,0,30.3,31.6
202501,13651L,A10AB05,INSULIN ASPART,R1,Section 85,ABOVE CO-PAYMENT,12,92.4,1785.51,77.29,1877.91,91.6
202502,01921D,A10AB06,INSULIN GLULISINE,C1,Section 85,ABOVE CO-PAYMENT,28,207.9,4355.89,199.41,4563.79,204.7
202502,01921D,A10AB06,INSULIN GLULISINE,G2,Section 85,ABOVE CO-PAYMENT,17,537.2,2311.49,125.29,2848.69,536.8
202502,01921D,A10AB06,INSULIN GLULISINE,R1,Section 85,ABOVE CO-PAYMENT,2,15.4,319.74,14.74,335.14,14.6
202502,08084L,A10AB04,INSULIN LISPRO,C0,Section 85,ABOVE CO-PAYMENT,1,0,101.27,4.79,101.27,0
202502,08084L,A10AB04,INSULIN LISPRO,C1,Section 85,ABOVE CO-PAYMENT,117,885.500000000002,10963.09,560.430000000001,11848.59,867.960000000001
202502,08084L,A10AB04,INSULIN LISPRO,G2,Section 85,ABOVE CO-PAYMENT,265,8230.60000000004,18867.59,1284.69,27098.1900000001,8223.70000000004
202502,08084L,A10AB04,INSULIN LISPRO,G2,Section 85,UNDER CO-PAYMENT,1,27.19,0,0.96,27.19,31.6
202502,08084L,A10AB04,INSULIN LISPRO,R1,Section 85,ABOVE CO-PAYMENT,6,46.2,561.42,28.74,607.62,45.4
202502,08212F,A10AB04,INSULIN LISPRO,C0,Section 85,ABOVE CO-PAYMENT,1,0,167.52,7.37,167.52,0
202502,08212F,A10AB04,INSULIN LISPRO,C1,Section 85,ABOVE CO-PAYMENT,466,3503.49999999997,73387.7900000002,3369.32999999997,76891.2899999997,3424.99999999999
202502,08212F,A10AB04,INSULIN LISPRO,G2,Section 85,ABOVE CO-PAYMENT,771,24148.4999999998,104340.659999999,5623.71999999993,128489.160000001,24128.9999999998
202502,08212F,A10AB04,INSULIN LISPRO,G2,Section 85,UNDER CO-PAYMENT,1,30.3,0,0,30.3,31.6
202502,08212F,A10AB04,INSULIN LISPRO,R1,Section 85,ABOVE CO-PAYMENT,11,84.7,1758.02,81.07,1842.72,82.3
202502,08435Y,A10AB05,INSULIN ASPART,C0,Section 85,ABOVE CO-PAYMENT,15,0,2512.8,110.55,2512.8,7.7
202502,08435Y,A10AB05,INSULIN ASPART,C1,Section 85,ABOVE CO-PAYMENT,2954,21729.4000000011,464778.020000017,21236.0700000001,486507.420000018,21181.0600000009
202502,08435Y,A10AB05,INSULIN ASPART,G2,Section 85,ABOVE CO-PAYMENT,4295,133833.90000001,578130.959999996,31170.5999999988,711964.860000042,133747.600000008
202502,08435Y,A10AB05,INSULIN ASPART,G2,Section 85,UNDER CO-PAYMENT,16,484.8,0,0,484.8,505.6
202502,08435Y,A10AB05,INSULIN ASPART,R1,Section 85,ABOVE CO-PAYMENT,50,385,7863.92,362.6,8248.92000000001,377.8
202502,08571D,A10AB05,INSULIN ASPART,C0,Section 85,ABOVE CO-PAYMENT,1,0,101.27,4.79,101.27,0
202502,08571D,A10AB05,INSULIN ASPART,C1,Section 85,ABOVE CO-PAYMENT,418,3133.89999999998,39096.8699999999,1998.38999999999,42230.7699999998,3066.25999999999
202502,08571D,A10AB05,INSULIN ASPART,G2,Section 85,ABOVE CO-PAYMENT,942,29169.6999999996,66153.7399999988,4509.30999999997,95323.4400000003,29146.7999999997
202502,08571D,A10AB05,INSULIN ASPART,G2,Section 85,UNDER CO-PAYMENT,1,27.19,0,0.96,27.19,28.64
202502,08571D,A10AB05,INSULIN ASPART,R1,Section 85,ABOVE CO-PAYMENT,7,53.9,654.99,33.53,708.89,52.3
202502,09224L,A10AB06,INSULIN GLULISINE,C1,Section 85,ABOVE CO-PAYMENT,4,30.8,374.28,19.16,405.08,29.2
202502,09224L,A10AB06,INSULIN GLULISINE,G2,Section 85,ABOVE CO-PAYMENT,9,284.4,627.03,43.11,911.43,284.3
202502,09224L,A10AB06,INSULIN GLULISINE,R1,Section 85,ABOVE CO-PAYMENT,1,7.7,93.57,4.79,101.27,7.7
202502,11645X,A10AB04,INSULIN LISPRO,C1,Section 85,ABOVE CO-PAYMENT,67,485.1,17395.19,810.700000000001,17880.29,473.1
202502,11645X,A10AB04,INSULIN LISPRO,G2,Section 85,ABOVE CO-PAYMENT,69,2108.7,16356.97,837.310000000001,18465.67,2106.7
202502,11645X,A10AB04,INSULIN LISPRO,R1,Section 85,ABOVE CO-PAYMENT,3,23.1,777.51,36.3,800.61,21.5
202502,12237C,A10AB04,INSULIN LISPRO,C0,Section 85,ABOVE CO-PAYMENT,4,0,670.08,29.48,670.08,0
202502,12237C,A10AB04,INSULIN LISPRO,C1,Section 85,ABOVE CO-PAYMENT,412,3056.89999999999,64441.3599999999,2957.64999999997,67498.2599999995,2980.9
202502,12237C,A10AB04,INSULIN LISPRO,G2,Section 85,ABOVE CO-PAYMENT,494,15347.5000000001,67057.9099999994,3624.52999999996,82405.4099999999,15332.1000000001
202502,12237C,A10AB04,INSULIN LISPRO,G2,Section 85,UNDER CO-PAYMENT,1,30.3,0,0,30.3,31.6
202502,12237C,A10AB04,INSULIN LISPRO,R1,Section 85,ABOVE CO-PAYMENT,10,77,1598.2,73.7,1675.2,75.4
202502,12254Y,A10AB05,INSULIN ASPART,C0,Section 85,ABOVE CO-PAYMENT,94,0,14825.46,649.97,14825.46,0
202502,12254Y,A10AB05,INSULIN ASPART,C1,Section 85,ABOVE CO-PAYMENT,7514,53930.7999999942,1140821.1799999,51720.7400000053,1194751.98000009,52743.4799999972
202502,12254Y,A10AB05,INSULIN ASPART,G2,Section 85,ABOVE CO-PAYMENT,6596,203629.700000024,853194.130000072,45992.0600000033,1056823.83000007,203406.430000017
202502,12254Y,A10AB05,INSULIN ASPART,G2,Section 85,UNDER CO-PAYMENT,56,1696.8,0,0,1696.8,1769.6
202502,12254Y,A10AB05,INSULIN ASPART,R0,Section 85,ABOVE CO-PAYMENT,1,0,167.52,7.37,167.52,0
202502,12254Y,A10AB05,INSULIN ASPART,R1,Section 85,ABOVE CO-PAYMENT,166,1239.7,25010.84,1128.47,26250.5400000001,1225.3
202502,12268Q,A10AB06,INSULIN GLULISINE,C0,Section 85,ABOVE CO-PAYMENT,6,0,988.08,44.22,988.08,0
202502,12268Q,A10AB06,INSULIN GLULISINE,C1,Section 85,ABOVE CO-PAYMENT,376,2756.59999999999,58610.4800000003,2694.84999999998,61367.0799999999,2699.9
202502,12268Q,A10AB06,INSULIN GLULISINE,G2,Section 85,ABOVE CO-PAYMENT,278,8593.60000000004,37573.7700000001,2030.10999999999,46167.3699999999,8586.10000000003
202502,12268Q,A10AB06,INSULIN GLULISINE,R1,Section 85,ABOVE CO-PAYMENT,12,92.4,1791.32,82.54,1883.72,90.8
202502,13651L,A10AB05,INSULIN ASPART,C0,Section 85,ABOVE CO-PAYMENT,2,0,335.04,14.74,335.04,0
202502,13651L,A10AB05,INSULIN ASPART,C1,Section 85,ABOVE CO-PAYMENT,768,5659.49999999992,121045.740000002,5540.68999999994,126705.240000001,5511.29999999993
202502,13651L,A10AB05,INSULIN ASPART,G2,Section 85,ABOVE CO-PAYMENT,1638,51139.3999999985,222645.790000007,12030.7400000003,273785.189999994,51094.1999999989
202502,13651L,A10AB05,INSULIN ASPART,R1,Section 85,ABOVE CO-PAYMENT,17,130.9,2716.94,125.29,2847.84,130.1
202503,01921D,A10AB06,INSULIN GLULISINE,C1,Section 85,ABOVE CO-PAYMENT,33,238.7,5163.99,237.31,5402.69,234.7
202503,01921D,A10AB06,INSULIN GLULISINE,G2,Section 85,ABOVE CO-PAYMENT,35,1082.1,4654.68,251,5736.78,1081.3
202503,01921D,A10AB06,INSULIN GLULISINE,G2,Section 85,UNDER CO-PAYMENT,1,30.31,0,0,30.31,31.6
202503,01921D,A10AB06,INSULIN GLULISINE,R1,Section 85,ABOVE CO-PAYMENT,1,7.7,159.87,7.37,167.57,7.7
202503,08084L,A10AB04,INSULIN LISPRO,C0,Section 85,ABOVE CO-PAYMENT,2,0,202.54,9.58,202.54,0
202503,08084L,A10AB04,INSULIN LISPRO,C1,Section 85,ABOVE CO-PAYMENT,107,800.800000000001,9942.95999999999,507.990000000001,10743.76,783.200000000001
202503,08084L,A10AB04,INSULIN LISPRO,G2,Section 85,ABOVE CO-PAYMENT,298,9345.10000000005,21190.2899999999,1441.79999999999,30535.3900000001,9338.50000000004
202503,08084L,A10AB04,INSULIN LISPRO,G2,Section 85,UNDER CO-PAYMENT,2,54.38,0,1.92,54.38,54.59
202503,08084L,A10AB04,INSULIN LISPRO,R1,Section 85,ABOVE CO-PAYMENT,4,30.8,374.28,19.16,405.08,29.2
202503,08212F,A10AB04,INSULIN LISPRO,C0,Section 85,ABOVE CO-PAYMENT,17,0,2847.84,125.29,2847.84,0
202503,08212F,A10AB04,INSULIN LISPRO,C1,Section 85,ABOVE CO-PAYMENT,497,3734.49999999997,78834.5900000005,3615.06999999996,82569.0899999999,3648.09999999998
202503,08212F,A10AB04,INSULIN LISPRO,G2,Section 85,ABOVE CO-PAYMENT,878,27386.2999999997,118889.589999999,6412.91999999992,146275.89,27341.4999999997
202503,08212F,A10AB04,INSULIN LISPRO,G2,Section 85,UNDER CO-PAYMENT,2,60.6,0,0,60.6,63.2
202503,08212F,A10AB04,INSULIN LISPRO,R0,Section 85,ABOVE CO-PAYMENT,1,0,167.52,7.37,167.52,0
202503,08212F,A10AB04,INSULIN LISPRO,R1,Section 85,ABOVE CO-PAYMENT,9,69.3,1438.38,66.33,1507.68,67.7
202503,08435Y,A10AB05,INSULIN ASPART,C0,Section 85,ABOVE CO-PAYMENT,96,0,15801.75,695.69,15801.75,0
202503,08435Y,A10AB05,INSULIN ASPART,C1,Section 85,ABOVE CO-PAYMENT,3156,23200.1000000013,497555.980000018,22779.5599999999,520756.080000022,22589.1000000011
202503,08435Y,A10AB05,INSULIN ASPART,G2,Section 85,ABOVE CO-PAYMENT,4791,149172.900000013,647706.090000017,34962.5599999993,796878.990000051,149016.50000001
202503,08435Y,A10AB05,INSULIN ASPART,G2,Section 85,UNDER CO-PAYMENT,14,424.2,0,0,424.2,442.4
202503,08435Y,A10AB05,INSULIN ASPART,R0,Section 85,ABOVE CO-PAYMENT,2,7.7,327.34,14.74,335.04,7.7
202503,08435Y,A10AB05,INSULIN ASPART,R1,Section 85,ABOVE CO-PAYMENT,39,300.3,5849.64,267.63,6149.94000000001,293.9
202503,08571D,A10AB05,INSULIN ASPART,C0,Section 85,ABOVE CO-PAYMENT,5,0,506.35,23.95,506.35,0
202503,08571D,A10AB05,INSULIN ASPART,C1,Section 85,ABOVE CO-PAYMENT,432,3180.09999999998,40477.1199999999,2065.44999999999,43657.2199999998,3117.39999999999
202503,08571D,A10AB05,INSULIN ASPART,G2,Section 85,ABOVE CO-PAYMENT,1000,31145.8999999995,70083.1099999987,4791.91999999997,101229.01,31121.0999999996
202503,08571D,A10AB05,INSULIN ASPART,G2,Section 85,UNDER CO-PAYMENT,4,99.13,0,2.88,99.13,117.79
202503,08571D,A10AB05,INSULIN ASPART,R1,Section 85,ABOVE CO-PAYMENT,8,61.6,637.44,32.57,699.04,60
202503,09224L,A10AB06,INSULIN GLULISINE,C1,Section 85,ABOVE CO-PAYMENT,10,77,935.7,47.9,1012.7,75.4
202503,09224L,A10AB06,INSULIN GLULISINE,G2,Section 85,ABOVE CO-PAYMENT,9,260.5,743.53,47.9,1004.03,260.5
202503,11645X,A10AB04,INSULIN LISPRO,C0,Section 85,ABOVE CO-PAYMENT,9,0,2401.83,108.9,2401.83,0
202503,11645X,A10AB04,INSULIN LISPRO,C1,Section 85,ABOVE CO-PAYMENT,61,462,15817.07,738.100000000001,16279.07,453.2
202503,11645X,A10AB04,INSULIN LISPRO,G2,Section 85,ABOVE CO-PAYMENT,62,1815.8,14721.47,750.190000000001,16537.27,1813.7
202503,11645X,A10AB04,INSULIN LISPRO,R1,Section 85,ABOVE CO-PAYMENT,2,15.4,518.34,24.2,533.74,15.4
202503,12237C,A10AB04,INSULIN LISPRO,C0,Section 85,ABOVE CO-PAYMENT,16,0,2680.32,117.92,2680.32,0
202503,12237C,A10AB04,INSULIN LISPRO,C1,Section 85,ABOVE CO-PAYMENT,449,3395.69999999998,70109.6400000001,3216.64999999997,73505.3399999997,3314.09999999999
202503,12237C,A10AB04,INSULIN LISPRO,G1,Section 85,ABOVE CO-PAYMENT,2,15.4,319.64,14.74,335.04,15.4
202503,12237C,A10AB04,INSULIN LISPRO,G2,Section 85,ABOVE CO-PAYMENT,538,16809.6000000001,72568.3799999993,3922.69999999996,89377.98,16795.6000000001
202503,12237C,A10AB04,INSULIN LISPRO,R1,Section 85,ABOVE CO-PAYMENT,9,69.3,1438.38,66.33,1507.68,66.1
202503,12254Y,A10AB05,INSULIN ASPART,C0,Section 85,ABOVE CO-PAYMENT,627,0,101141.31,4431.91999999995,101141.31,0
202503,12254Y,A10AB05,INSULIN ASPART,C1,Section 85,ABOVE CO-PAYMENT,7986,57557.4999999929,1213018.16999993,55009.8200000065,1270575.67000009,56371.5099999961
202503,12254Y,A10AB05,INSULIN ASPART,G2,Section 85,ABOVE CO-PAYMENT,7389,228186.600000028,959161.6600001,51653.6400000053,1187348.26000008,227921.80000002
202503,12254Y,A10AB05,INSULIN ASPART,G2,Section 85,UNDER CO-PAYMENT,66,2009.94,0,1.47,2009.94,2062.99
202503,12254Y,A10AB05,INSULIN ASPART,R0,Section 85,ABOVE CO-PAYMENT,23,0,3494.82,153.28,3494.82,0
202503,12254Y,A10AB05,INSULIN ASPART,R1,Section 85,ABOVE CO-PAYMENT,163,1239.7,23610.26,1065.27,24849.9600000001,1222.1
202503,12268Q,A10AB06,INSULIN GLULISINE,C0,Section 85,ABOVE CO-PAYMENT,27,0,4515.72,198.99,4515.72,0
202503,12268Q,A10AB06,INSULIN GLULISINE,C1,Section 85,ABOVE CO-PAYMENT,387,2787.39999999999,61076.4800000004,2801.63999999998,63863.8799999999,2731.46
202503,12268Q,A10AB06,INSULIN GLULISINE,G2,Section 85,ABOVE CO-PAYMENT,259,7969.30000000004,35061.4700000001,1889.65999999999,43030.7699999999,7962.80000000003
202503,12268Q,A10AB06,INSULIN GLULISINE,G2,Section 85,UNDER CO-PAYMENT,2,60.62,0,0,60.62,63.2
202503,12268Q,A10AB06,INSULIN GLULISINE,R0,Section 85,ABOVE CO-PAYMENT,1,0,167.57,7.37,167.57,0
202503,12268Q,A10AB06,INSULIN GLULISINE,R1,Section 85,ABOVE CO-PAYMENT,8,61.6,1278.96,58.96,1340.56,60
202503,13651L,A10AB05,INSULIN ASPART,C0,Section 85,ABOVE CO-PAYMENT,32,0,5233.56,229.94,5233.56,0
202503,13651L,A10AB05,INSULIN ASPART,C1,Section 85,ABOVE CO-PAYMENT,873,6467.99999999991,138427.560000003,6344.03999999992,144895.56,6326.39999999991
202503,13651L,A10AB05,INSULIN ASPART,G2,Section 85,ABOVE CO-PAYMENT,1931,60015.7999999981,261382.900000011,14105.2500000005,321398.7,59962.5999999986
202503,13651L,A10AB05,INSULIN ASPART,R0,Section 85,ABOVE CO-PAYMENT,4,0,670.08,29.48,670.08,0
202503,13651L,A10AB05,INSULIN ASPART,R1,Section 85,ABOVE CO-PAYMENT,17,130.9,2588.81,118.34,2719.71,129.3
202504,01921D,A10AB06,INSULIN GLULISINE,C0,Section 85,ABOVE CO-PAYMENT,3,0,502.71,22.11,502.71,0
202504,01921D,A10AB06,INSULIN GLULISINE,C1,Section 85,ABOVE CO-PAYMENT,23,161.7,3565.29,163.61,3726.99,156.9
202504,01921D,A10AB06,INSULIN GLULISINE,G2,Section 85,ABOVE CO-PAYMENT,29,916.400000000001,3943.13,213.73,4859.53,916.200000000001
202504,01921D,A10AB06,INSULIN GLULISINE,R0,Section 85,ABOVE CO-PAYMENT,1,0,167.57,7.37,167.57,0
202504,08084L,A10AB04,INSULIN LISPRO,C0,Section 85,ABOVE CO-PAYMENT,6,0,607.62,28.74,607.62,0
202504,08084L,A10AB04,INSULIN LISPRO,C1,Section 85,ABOVE CO-PAYMENT,117,877.800000000002,10896.71,556.600000000001,11774.51,853.920000000001
202504,08084L,A10AB04,INSULIN LISPRO,G2,Section 85,ABOVE CO-PAYMENT,290,8925.00000000005,20629.6799999999,1399.64999999999,29554.6800000001,8919.90000000004
202504,08084L,A10AB04,INSULIN LISPRO,G2,Section 85,UNDER CO-PAYMENT,1,27.19,0,0.96,27.19,31.6
202504,08084L,A10AB04,INSULIN LISPRO,R0,Section 85,ABOVE CO-PAYMENT,3,0,303.81,14.37,303.81,0
202504,08084L,A10AB04,INSULIN LISPRO,R1,Section 85,ABOVE CO-PAYMENT,2,15.4,187.14,9.58,202.54,15.4
202504,08212F,A10AB04,INSULIN LISPRO,C0,Section 85,ABOVE CO-PAYMENT,41,0,6868.32000000001,302.17,6868.32000000001,0
202504,08212F,A10AB04,INSULIN LISPRO,C1,Section 85,ABOVE CO-PAYMENT,459,3488.09999999998,72766.0800000002,3351.22999999997,76254.1799999997,3401.99999999999
202504,08212F,A10AB04,INSULIN LISPRO,G2,Section 85,ABOVE CO-PAYMENT,833,26131.5999999997,112879.279999999,6094.96999999993,139010.880000001,26113.0999999998
202504,08212F,A10AB04,INSULIN LISPRO,R0,Section 85,ABOVE CO-PAYMENT,3,0,502.56,22.11,502.56,0
202504,08212F,A10AB04,INSULIN LISPRO,R1,Section 85,ABOVE CO-PAYMENT,6,46.2,958.92,44.22,1005.12,46.2
202504,08435Y,A10AB05,INSULIN ASPART,C0,Section 85,ABOVE CO-PAYMENT,244,0,39970.17,1754.82999999999,39970.17,0
202504,08435Y,A10AB05,INSULIN ASPART,C1,Section 85,ABOVE CO-PAYMENT,2949,21714.0000000011,465331.110000017,21328.1600000001,487045.110000018,21172.8600000009
202504,08435Y,A10AB05,INSULIN ASPART,G2,Section 85,ABOVE CO-PAYMENT,4790,148711.100000013,649668.700000017,34987.4499999993,798379.800000051,148586.80000001
202504,08435Y,A10AB05,INSULIN ASPART,G2,Section 85,UNDER CO-PAYMENT,18,545.4,0,0,545.4,568.8
202504,08435Y,A10AB05,INSULIN ASPART,R0,Section 85,ABOVE CO-PAYMENT,15,15.4,2488.73,110.54,2504.13,15.4
202504,08435Y,A10AB05,INSULIN ASPART,R1,Section 85,ABOVE CO-PAYMENT,31,238.7,4570.03,207.62,4808.73,232.3
202504,08571D,A10AB05,INSULIN ASPART,C0,Section 85,ABOVE CO-PAYMENT,44,0,4455.88,210.76,4455.88,0
202504,08571D,A10AB05,INSULIN ASPART,C1,Section 85,ABOVE CO-PAYMENT,419,3118.49999999998,39426.2499999999,2005.36999999999,42544.7499999998,3045.89999999999
202504,08571D,A10AB05,INSULIN ASPART,G2,Section 85,ABOVE CO-PAYMENT,1019,31770.1999999995,71599.1999999987,4888.66999999997,103369.400000001,31745.8999999996
202504,08571D,A10AB05,INSULIN ASPART,G2,Section 85,UNDER CO-PAYMENT,2,54.38,0,1.92,54.38,63.2
202504,08571D,A10AB05,INSULIN ASPART,R0,Section 85,ABOVE CO-PAYMENT,2,0,202.54,9.58,202.54,0
202504,08571D,A10AB05,INSULIN ASPART,R1,Section 85,ABOVE CO-PAYMENT,3,23.1,280.71,14.37,303.81,21.5
202504,09224L,A10AB06,INSULIN GLULISINE,C1,Section 85,ABOVE CO-PAYMENT,3,23.1,280.71,14.37,303.81,22.3
202504,09224L,A10AB06,INSULIN GLULISINE,G2,Section 85,ABOVE CO-PAYMENT,12,379.2,928.64,62.27,1307.84,378.9
202504,11645X,A10AB04,INSULIN LISPRO,C0,Section 85,ABOVE CO-PAYMENT,18,0,4700.38,212.96,4700.38,0
202504,11645X,A10AB04,INSULIN LISPRO,C1,Section 85,ABOVE CO-PAYMENT,52,392.7,13484.54,629.200000000001,13877.24,383.9
202504,11645X,A10AB04,INSULIN LISPRO,G1,Section 85,ABOVE CO-PAYMENT,1,0,266.87,12.1,266.87,0
202504,11645X,A10AB04,INSULIN LISPRO,G2,Section 85,ABOVE CO-PAYMENT,77,2385.4,17957.03,922.020000000001,20342.43,2383.3
202504,11645X,A10AB04,INSULIN LISPRO,R0,Section 85,ABOVE CO-PAYMENT,3,0,800.61,36.3,800.61,0
202504,11645X,A10AB04,INSULIN LISPRO,R1,Section 85,ABOVE CO-PAYMENT,1,7.7,259.17,12.1,266.87,7.7
202504,12237C,A10AB04,INSULIN LISPRO,C0,Section 85,ABOVE CO-PAYMENT,68,0,11264.28,495.26,11264.28,0
202504,12237C,A10AB04,INSULIN LISPRO,C1,Section 85,ABOVE CO-PAYMENT,406,3026.09999999999,64449.3899999999,2956.59999999997,67475.4899999995,2954.19999999999
202504,12237C,A10AB04,INSULIN LISPRO,G1,Section 85,ABOVE CO-PAYMENT,2,15.4,319.64,14.74,335.04,15.4
202504,12237C,A10AB04,INSULIN LISPRO,G2,Section 85,ABOVE CO-PAYMENT,583,18207.7000000001,78474.4699999992,4240.88999999995,96682.1700000002,18193.2
202504,12237C,A10AB04,INSULIN LISPRO,G2,Section 85,UNDER CO-PAYMENT,1,30.3,0,0,30.3,31.6
202504,12237C,A10AB04,INSULIN LISPRO,R0,Section 85,ABOVE CO-PAYMENT,4,0,670.08,29.48,670.08,0
202504,12237C,A10AB04,INSULIN LISPRO,R1,Section 85,ABOVE CO-PAYMENT,3,23.1,479.46,22.11,502.56,23.1
202504,12254Y,A10AB05,INSULIN ASPART,C0,Section 85,ABOVE CO-PAYMENT,1615,0,258277.949999993,11308.1100000002,258277.949999993,0
202504,12254Y,A10AB05,INSULIN ASPART,C1,Section 85,ABOVE CO-PAYMENT,7032,50665.9999999955,1066631.22999988,48281.530000004,1117297.23000008,49490.3199999982
202504,12254Y,A10AB05,INSULIN ASPART,G1,Section 85,ABOVE CO-PAYMENT,8,61.6,1141.76,52,1203.36,61.6
202504,12254Y,A10AB05,INSULIN ASPART,G2,Section 85,ABOVE CO-PAYMENT,7267,224928.900000028,945181.340000099,50948.1700000051,1170110.24000008,224678.700000019
202504,12254Y,A10AB05,INSULIN ASPART,G2,Section 85,UNDER CO-PAYMENT,75,2272.5,0,0,2272.5,2315.5
202504,12254Y,A10AB05,INSULIN ASPART,R0,Section 85,ABOVE CO-PAYMENT,59,0,9485.10000000002,417.11,9485.10000000002,0
202504,12254Y,A10AB05,INSULIN ASPART,R1,Section 85,ABOVE CO-PAYMENT,150,1085.7,21079.59,934.300000000001,22165.29,1071.3
202504,12268Q,A10AB06,INSULIN GLULISINE,C0,Section 85,ABOVE CO-PAYMENT,107,0,17479.27,770.890000000001,17479.27,0
202504,12268Q,A10AB06,INSULIN GLULISINE,C1,Section 85,ABOVE CO-PAYMENT,345,2541,54181.8100000003,2492.92999999998,56722.8099999999,2489.8
202504,12268Q,A10AB06,INSULIN GLULISINE,G1,Section 85,ABOVE CO-PAYMENT,4,30.8,622.14,29.48,652.94,30.8
202504,12268Q,A10AB06,INSULIN GLULISINE,G2,Section 85,ABOVE CO-PAYMENT,280,8800.20000000005,37766.9200000002,2048.85999999999,46567.1199999999,8792.40000000004
202504,12268Q,A10AB06,INSULIN GLULISINE,R0,Section 85,ABOVE CO-PAYMENT,2,0,335.14,14.74,335.14,0
202504,12268Q,A10AB06,INSULIN GLULISINE,R1,Section 85,ABOVE CO-PAYMENT,15,115.5,2270.93,104.65,2386.43,113.9
202504,13651L,A10AB05,INSULIN ASPART,C0,Section 85,ABOVE CO-PAYMENT,64,0,10594.2,465.78,10594.2,0
202504,13651L,A10AB05,INSULIN ASPART,C1,Section 85,ABOVE CO-PAYMENT,751,5590.19999999993,117789.330000002,5400.66999999994,123379.530000001,5448.59999999994
202504,13651L,A10AB05,INSULIN ASPART,G1,Section 85,ABOVE CO-PAYMENT,1,0,167.52,7.37,167.52,0
202504,13651L,A10AB05,INSULIN ASPART,G2,Section 85,ABOVE CO-PAYMENT,1886,58832.7999999982,255974.84000001,13816.4000000005,314807.639999999,58780.5999999987
202504,13651L,A10AB05,INSULIN ASPART,R1,Section 85,ABOVE CO-PAYMENT,12,92.4,1917.84,88.44,2010.24,91.6
202505,01921D,A10AB06,INSULIN GLULISINE,C0,Section 85,ABOVE CO-PAYMENT,6,0,878.3,38.32,878.3,0
202505,01921D,A10AB06,INSULIN GLULISINE,C1,Section 85,ABOVE CO-PAYMENT,15,107.8,2405.75,110.55,2513.55,106.2
202505,01921D,A10AB06,INSULIN GLULISINE,G2,Section 85,ABOVE CO-PAYMENT,17,537.2,2311.49,125.29,2848.69,537.1
202505,01921D,A10AB06,INSULIN GLULISINE,R0,Section 85,ABOVE CO-PAYMENT,1,0,167.57,7.37,167.57,0
202505,08084L,A10AB04,INSULIN LISPRO,C0,Section 85,ABOVE CO-PAYMENT,18,0,1822.86,86.22,1822.86,0
202505,08084L,A10AB04,INSULIN LISPRO,C1,Section 85,ABOVE CO-PAYMENT,119,893.200000000002,11287.57,576.720000000001,12180.77,874.060000000001
202505,08084L,A10AB04,INSULIN LISPRO,G2,Section 85,ABOVE CO-PAYMENT,327,10237.6000000001,23211.0499999999,1583.57999999999,33448.6500000001,10230.6000000001
202505,08084L,A10AB04,INSULIN LISPRO,G2,Section 85,UNDER CO-PAYMENT,1,27.19,0,0.96,27.19,31.6
202505,08084L,A10AB04,INSULIN LISPRO,R0,Section 85,ABOVE CO-PAYMENT,2,0,202.54,9.58,202.54,0
202505,08084L,A10AB04,INSULIN LISPRO,R1,Section 85,ABOVE CO-PAYMENT,2,15.4,187.14,9.58,202.54,15.4
202505,08212F,A10AB04,INSULIN LISPRO,C0,Section 85,ABOVE CO-PAYMENT,69,0,11304.72,496.73,11304.72,0
202505,08212F,A10AB04,INSULIN LISPRO,C1,Section 85,ABOVE CO-PAYMENT,465,3488.09999999998,73865.1900000003,3385.51999999997,77353.2899999998,3411.29999999999
202505,08212F,A10AB04,INSULIN LISPRO,G2,Section 85,ABOVE CO-PAYMENT,877,27450.2999999996,119393.459999999,6435.43999999992,146843.76,27426.5999999997
202505,08212F,A10AB04,INSULIN LISPRO,G2,Section 85,UNDER CO-PAYMENT,1,30.3,0,0,30.3,31.6
202505,08212F,A10AB04,INSULIN LISPRO,R0,Section 85,ABOVE CO-PAYMENT,2,0,335.04,14.74,335.04,0
202505,08212F,A10AB04,INSULIN LISPRO,R1,Section 85,ABOVE CO-PAYMENT,8,61.6,1150.43,52.01,1212.03,60.8
202505,08435Y,A10AB05,INSULIN ASPART,C0,Section 85,ABOVE CO-PAYMENT,394,0,64783.6199999995,2827.04999999998,64783.6199999995,0
202505,08435Y,A10AB05,INSULIN ASPART,C1,Section 85,ABOVE CO-PAYMENT,3023,22106.7000000012,476905.680000017,21829.58,499012.380000019,21542.500000001
202505,08435Y,A10AB05,INSULIN ASPART,G1,Section 85,ABOVE CO-PAYMENT,3,23.1,351.33,15.16,374.43,22.3
202505,08435Y,A10AB05,INSULIN ASPART,G2,Section 85,ABOVE CO-PAYMENT,5037,156874.800000015,681308.290000027,36734.1599999999,838183.090000056,156757.690000011
202505,08435Y,A10AB05,INSULIN ASPART,G2,Section 85,UNDER CO-PAYMENT,25,757.5,0,0,757.5,790.000000000001
202505,08435Y,A10AB05,INSULIN ASPART,R0,Section 85,ABOVE CO-PAYMENT,14,15.4,2201.75,96.2300000000001,2217.15,15.4
202505,08435Y,A10AB05,INSULIN ASPART,R1,Section 85,ABOVE CO-PAYMENT,30,231,4631.55,209.53,4862.55,227
202505,08571D,A10AB05,INSULIN ASPART,C0,Section 85,ABOVE CO-PAYMENT,86,0,8580.76000000002,406.200000000001,8580.76000000002,0
202505,08571D,A10AB05,INSULIN ASPART,C1,Section 85,ABOVE CO-PAYMENT,423,3141.59999999998,39363.4299999999,2009.88999999999,42505.0299999998,3067.99999999999
202505,08571D,A10AB05,INSULIN ASPART,G1,Section 85,ABOVE CO-PAYMENT,1,7.7,93.57,4.79,101.27,7.7
202505,08571D,A10AB05,INSULIN ASPART,G2,Section 85,ABOVE CO-PAYMENT,1041,32393.6999999994,73011.0299999987,4981.59999999997,105404.730000001,32371.7999999995
202505,08571D,A10AB05,INSULIN ASPART,G2,Section 85,UNDER CO-PAYMENT,4,108.76,0,3.84,108.76,117.79
202505,08571D,A10AB05,INSULIN ASPART,R0,Section 85,ABOVE CO-PAYMENT,5,0,506.35,23.95,506.35,0
202505,08571D,A10AB05,INSULIN ASPART,R1,Section 85,ABOVE CO-PAYMENT,6,46.2,561.42,28.74,607.62,45.4
202505,09224L,A10AB06,INSULIN GLULISINE,C1,Section 85,ABOVE CO-PAYMENT,2,15.4,187.14,9.58,202.54,15.4
202505,09224L,A10AB06,INSULIN GLULISINE,G2,Section 85,ABOVE CO-PAYMENT,12,379.2,910.12,61.31,1289.32,379
202505,09224L,A10AB06,INSULIN GLULISINE,R0,Section 85,ABOVE CO-PAYMENT,1,0,101.27,4.79,101.27,0
202505,11645X,A10AB04,INSULIN LISPRO,C0,Section 85,ABOVE CO-PAYMENT,25,0,6671.75,302.5,6671.75,0
202505,11645X,A10AB04,INSULIN LISPRO,C1,Section 85,ABOVE CO-PAYMENT,43,323.4,10945.45,510.620000000001,11268.85,313.8
202505,11645X,A10AB04,INSULIN LISPRO,G2,Section 85,ABOVE CO-PAYMENT,99,2961.1,23252.47,1188.22,26213.57,2957.1
202505,11645X,A10AB04,INSULIN LISPRO,R0,Section 85,ABOVE CO-PAYMENT,1,0,266.87,12.1,266.87,0
202505,11645X,A10AB04,INSULIN LISPRO,R1,Section 85,ABOVE CO-PAYMENT,1,7.7,259.17,12.1,266.87,7.7
202505,12237C,A10AB04,INSULIN LISPRO,C0,Section 85,ABOVE CO-PAYMENT,142,0,23343.0600000001,1025.88,23343.0600000001,0
202505,12237C,A10AB04,INSULIN LISPRO,C1,Section 85,ABOVE CO-PAYMENT,389,2910.59999999999,61354.9799999999,2824.14999999997,64265.5799999995,2829.62
202505,12237C,A10AB04,INSULIN LISPRO,G1,Section 85,ABOVE CO-PAYMENT,2,15.4,319.64,14.74,335.04,15.4
202505,12237C,A10AB04,INSULIN LISPRO,G2,Section 85,ABOVE CO-PAYMENT,589,18277.8000000001,79334.3999999992,4292.23999999995,97612.2000000003,18260.9
202505,12237C,A10AB04,INSULIN LISPRO,R0,Section 85,ABOVE CO-PAYMENT,4,0,670.08,29.48,670.08,0
202505,12237C,A10AB04,INSULIN LISPRO,R1,Section 85,ABOVE CO-PAYMENT,5,38.5,799.1,36.85,837.6,36.9
202505,12254Y,A10AB05,INSULIN ASPART,C0,Section 85,ABOVE CO-PAYMENT,2909,0,466713.030000015,20377.2100000002,466713.030000015,2
202505,12254Y,A10AB05,INSULIN ASPART,C1,Section 85,ABOVE CO-PAYMENT,6553,47493.5999999966,988302.449999884,44661.1200000028,1035796.05000007,46255.379999999
202505,12254Y,A10AB05,INSULIN ASPART,G1,Section 85,ABOVE CO-PAYMENT,13,92.4,2085.36,95.81,2177.76,91.6
202505,12254Y,A10AB05,INSULIN ASPART,G2,Section 85,ABOVE CO-PAYMENT,7611,234867.20000003,990764.060000111,53326.8600000059,1225631.26000009,234606.50000002
202505,12254Y,A10AB05,INSULIN ASPART,G2,Section 85,UNDER CO-PAYMENT,88,2696.82,0,4.41,2696.82,2713.2
202505,12254Y,A10AB05,INSULIN ASPART,R0,Section 85,ABOVE CO-PAYMENT,93,23.1,14316.18,626.84,14339.28,30.8
202505,12254Y,A10AB05,INSULIN ASPART,R1,Section 85,ABOVE CO-PAYMENT,127,931.700000000002,18193.75,816.170000000001,19125.45,918.900000000002
202505,12268Q,A10AB06,INSULIN GLULISINE,C0,Section 85,ABOVE CO-PAYMENT,179,0,29131.17,1282.36,29131.17,0
202505,12268Q,A10AB06,INSULIN GLULISINE,C1,Section 85,ABOVE CO-PAYMENT,284,2102.10000000001,44798.0600000001,2061.47999999999,46900.1599999999,2066.10000000001
202505,12268Q,A10AB06,INSULIN GLULISINE,G2,Section 85,ABOVE CO-PAYMENT,306,9526.20000000006,41074.1700000002,2224.23999999998,50600.3699999999,9519.80000000004
202505,12268Q,A10AB06,INSULIN GLULISINE,R0,Section 85,ABOVE CO-PAYMENT,1,0,167.57,7.37,167.57,0
202505,12268Q,A10AB06,INSULIN GLULISINE,R1,Section 85,ABOVE CO-PAYMENT,4,30.8,639.48,29.48,670.28,30.8
202505,13651L,A10AB05,INSULIN ASPART,C0,Section 85,ABOVE CO-PAYMENT,154,0,25390.6800000001,1108.44,25390.6800000001,0
202505,13651L,A10AB05,INSULIN ASPART,C1,Section 85,ABOVE CO-PAYMENT,782,5790.39999999992,123434.750000002,5628.07999999993,129225.150000001,5650.39999999993
202505,13651L,A10AB05,INSULIN ASPART,G2,Section 85,ABOVE CO-PAYMENT,2050,63823.999999998,278148.130000009,15014.9200000006,341972.130000002,63737.6999999985
202505,13651L,A10AB05,INSULIN ASPART,R0,Section 85,ABOVE CO-PAYMENT,5,0,837.6,36.85,837.6,0
202505,13651L,A10AB05,INSULIN ASPART,R1,Section 85,ABOVE CO-PAYMENT,13,100.1,2077.66,95.81,2177.76,95.3
202506,01921D,A10AB06,INSULIN GLULISINE,C0,Section 85,ABOVE CO-PAYMENT,9,0,1412.79,61.91,1412.79,0
202506,01921D,A10AB06,INSULIN GLULISINE,C1,Section 85,ABOVE CO-PAYMENT,19,146.3,3037.53,140.03,3183.83,143.1
202506,01921D,A10AB06,INSULIN GLULISINE,G2,Section 85,ABOVE CO-PAYMENT,26,821.600000000001,3535.22,191.62,4356.82,821
202506,01921D,A10AB06,INSULIN GLULISINE,R1,Section 85,ABOVE CO-PAYMENT,2,15.4,319.74,14.74,335.14,14.6
202506,08084L,A10AB04,INSULIN LISPRO,C0,Section 85,ABOVE CO-PAYMENT,36,0,3645.72,172.44,3645.72,0
202506,08084L,A10AB04,INSULIN LISPRO,C1,Section 85,ABOVE CO-PAYMENT,86,639.1,7996.03999999999,408.110000000001,8635.14000000002,619.16
202506,08084L,A10AB04,INSULIN LISPRO,G2,Section 85,ABOVE CO-PAYMENT,301,9368.20000000005,21318.9699999999,1453.28999999999,30687.1700000001,9361.70000000004
202506,08084L,A10AB04,INSULIN LISPRO,G2,Section 85,UNDER CO-PAYMENT,1,26.48,0,0.25,26.48,31.38
202506,08084L,A10AB04,INSULIN LISPRO,R0,Section 85,ABOVE CO-PAYMENT,2,0,202.54,9.58,202.54,0
202506,08084L,A10AB04,INSULIN LISPRO,R1,Section 85,ABOVE CO-PAYMENT,2,15.4,187.14,9.58,202.54,15.4
202506,08212F,A10AB04,INSULIN LISPRO,C0,Section 85,ABOVE CO-PAYMENT,88,0,14424.06,633.81,14424.06,0
202506,08212F,A10AB04,INSULIN LISPRO,C1,Section 85,ABOVE CO-PAYMENT,423,3164.69999999998,67296.63,3098.73999999997,70461.3299999996,3091.69999999999
202506,08212F,A10AB04,INSULIN LISPRO,G1,Section 85,ABOVE CO-PAYMENT,1,7.7,159.82,7.37,167.52,7.7
202506,08212F,A10AB04,INSULIN LISPRO,G2,Section 85,ABOVE CO-PAYMENT,863,26936.1999999997,117115.909999999,6305.72999999992,144052.11,26915.2999999997
202506,08212F,A10AB04,INSULIN LISPRO,R0,Section 85,ABOVE CO-PAYMENT,3,0,502.56,22.11,502.56,0
202506,08212F,A10AB04,INSULIN LISPRO,R1,Section 85,ABOVE CO-PAYMENT,4,30.8,639.28,29.48,670.08,30
202506,08435Y,A10AB05,INSULIN ASPART,C0,Section 85,ABOVE CO-PAYMENT,544,0,88940.04,3891.46999999996,88940.04,0
202506,08435Y,A10AB05,INSULIN ASPART,C1,Section 85,ABOVE CO-PAYMENT,2959,21783.3000000012,466897.830000017,21310.7100000001,488681.130000018,21220.1000000009
202506,08435Y,A10AB05,INSULIN ASPART,G1,Section 85,ABOVE CO-PAYMENT,7,46.2,1126.44,51.59,1172.64,46.2
202506,08435Y,A10AB05,INSULIN ASPART,G2,Section 85,ABOVE CO-PAYMENT,4985,155494.500000014,675333.980000024,36407.7199999998,830828.480000055,155369.800000011
202506,08435Y,A10AB05,INSULIN ASPART,G2,Section 85,UNDER CO-PAYMENT,20,606,0,0,606,632
202506,08435Y,A10AB05,INSULIN ASPART,R0,Section 85,ABOVE CO-PAYMENT,16,0,2680.32,117.92,2680.32,0
202506,08435Y,A10AB05,INSULIN ASPART,R1,Section 85,ABOVE CO-PAYMENT,28,215.6,4347.88,200.46,4563.48,208.4
202506,08571D,A10AB05,INSULIN ASPART,C0,Section 85,ABOVE CO-PAYMENT,103,0,10308.14,484.750000000001,10308.14,0
202506,08571D,A10AB05,INSULIN ASPART,C1,Section 85,ABOVE CO-PAYMENT,424,3210.89999999998,39641.2099999999,2023.29999999999,42852.1099999998,3144.49999999999
202506,08571D,A10AB05,INSULIN ASPART,G2,Section 85,ABOVE CO-PAYMENT,1073,33428.7999999994,75330.0499999986,5147.32999999997,108758.850000001,33400.9999999995
202506,08571D,A10AB05,INSULIN ASPART,G2,Section 85,UNDER CO-PAYMENT,6,163.14,0,5.76,163.14,177.5
202506,08571D,A10AB05,INSULIN ASPART,R0,Section 85,ABOVE CO-PAYMENT,5,0,469.31,22.03,469.31,0
202506,08571D,A10AB05,INSULIN ASPART,R1,Section 85,ABOVE CO-PAYMENT,2,15.4,187.14,9.58,202.54,14.6
202506,09224L,A10AB06,INSULIN GLULISINE,C0,Section 85,ABOVE CO-PAYMENT,5,0,506.35,23.95,506.35,0
202506,09224L,A10AB06,INSULIN GLULISINE,C1,Section 85,ABOVE CO-PAYMENT,3,23.1,280.71,14.37,303.81,23.1
202506,09224L,A10AB06,INSULIN GLULISINE,G2,Section 85,ABOVE CO-PAYMENT,9,284.4,627.03,43.11,911.43,284.2
202506,09224L,A10AB06,INSULIN GLULISINE,R0,Section 85,ABOVE CO-PAYMENT,1,0,101.27,4.79,101.27,0
202506,11645X,A10AB04,INSULIN LISPRO,C0,Section 85,ABOVE CO-PAYMENT,34,0,9073.58,411.4,9073.58,0
202506,11645X,A10AB04,INSULIN LISPRO,C1,Section 85,ABOVE CO-PAYMENT,32,223.3,8316.54,387.2,8539.84,213.7
202506,11645X,A10AB04,INSULIN LISPRO,G1,Section 85,ABOVE CO-PAYMENT,3,23.1,777.51,36.3,800.61,22.3
202506,11645X,A10AB04,INSULIN LISPRO,G2,Section 85,ABOVE CO-PAYMENT,75,2274.4,17740.85,907.500000000001,20015.25,2272.3
202506,11645X,A10AB04,INSULIN LISPRO,R0,Section 85,ABOVE CO-PAYMENT,3,0,800.61,36.3,800.61,0
202506,12237C,A10AB04,INSULIN LISPRO,C0,Section 85,ABOVE CO-PAYMENT,210,0,34289.64,1506.39999999999,34289.64,7.7
202506,12237C,A10AB04,INSULIN LISPRO,C1,Section 85,ABOVE CO-PAYMENT,336,2510.2,52371.2899999999,2404.06999999998,54881.4899999997,2431
202506,12237C,A10AB04,INSULIN LISPRO,G1,Section 85,ABOVE CO-PAYMENT,3,15.4,487.16,22.11,502.56,15.4
202506,12237C,A10AB04,INSULIN LISPRO,G2,Section 85,ABOVE CO-PAYMENT,592,18587.7,80075.8199999992,4339.43999999995,98663.5200000003,18572.59
202506,12237C,A10AB04,INSULIN LISPRO,R0,Section 85,ABOVE CO-PAYMENT,2,0,335.04,14.74,335.04,0
202506,12237C,A10AB04,INSULIN LISPRO,R1,Section 85,ABOVE CO-PAYMENT,8,61.6,1150.43,52.01,1212.03,60
202506,12254Y,A10AB05,INSULIN ASPART,C0,Section 85,ABOVE CO-PAYMENT,3714,0,597127.560000029,26073.2999999995,597127.560000029,1
202506,12254Y,A10AB05,INSULIN ASPART,C1,Section 85,ABOVE CO-PAYMENT,5358,38292.1000000001,806729.509999939,36233.1399999998,845021.610000052,37238.6200000013
202506,12254Y,A10AB05,INSULIN ASPART,G1,Section 85,ABOVE CO-PAYMENT,34,207.9,5138.31,234.36,5346.21,207.1
202506,12254Y,A10AB05,INSULIN ASPART,G2,Section 85,ABOVE CO-PAYMENT,7271,224840.200000028,945305.060000098,50895.040000005,1170145.26000008,224567.850000019
202506,12254Y,A10AB05,INSULIN ASPART,G2,Section 85,UNDER CO-PAYMENT,60,1828.14,0,1.47,1828.14,1823.29
202506,12254Y,A10AB05,INSULIN ASPART,R0,Section 85,ABOVE CO-PAYMENT,100,23.1,15525.84,663.51,15548.94,23.1
202506,12254Y,A10AB05,INSULIN ASPART,R1,Section 85,ABOVE CO-PAYMENT,100,739.200000000001,13504.29,591.510000000001,14243.49,724.800000000001
202506,12268Q,A10AB06,INSULIN GLULISINE,C0,Section 85,ABOVE CO-PAYMENT,223,0,36845.16,1622.85999999999,36845.16,0
202506,12268Q,A10AB06,INSULIN GLULISINE,C1,Section 85,ABOVE CO-PAYMENT,220,1624.70000000001,34937.34,1608.11999999999,36562.04,1589.50000000001
202506,12268Q,A10AB06,INSULIN GLULISINE,G1,Section 85,ABOVE CO-PAYMENT,4,30.8,630.81,29.48,661.61,30.8
202506,12268Q,A10AB06,INSULIN GLULISINE,G2,Section 85,ABOVE CO-PAYMENT,275,8594.40000000004,36941.2900000001,2004.62999999999,45535.6899999999,8588.90000000004
202506,12268Q,A10AB06,INSULIN GLULISINE,R0,Section 85,ABOVE CO-PAYMENT,8,0,1340.56,58.96,1340.56,0
202506,12268Q,A10AB06,INSULIN GLULISINE,R1,Section 85,ABOVE CO-PAYMENT,3,23.1,479.61,22.11,502.71,23.1
202506,13651L,A10AB05,INSULIN ASPART,C0,Section 85,ABOVE CO-PAYMENT,197,0,31857.7200000001,1398.76,31857.7200000001,0
202506,13651L,A10AB05,INSULIN ASPART,C1,Section 85,ABOVE CO-PAYMENT,737,5513.19999999993,116819.210000002,5331.84999999994,122332.410000001,5365.89999999994
202506,13651L,A10AB05,INSULIN ASPART,G1,Section 85,ABOVE CO-PAYMENT,1,7.7,159.82,7.37,167.52,7.7
202506,13651L,A10AB05,INSULIN ASPART,G2,Section 85,ABOVE CO-PAYMENT,2073,64622.4999999979,280589.240000009,15155.3700000006,345211.740000002,64566.2999999984
202506,13651L,A10AB05,INSULIN ASPART,G2,Section 85,UNDER CO-PAYMENT,1,30.3,0,0,30.3,31.6
202506,13651L,A10AB05,INSULIN ASPART,R0,Section 85,ABOVE CO-PAYMENT,7,0,1172.64,51.59,1172.64,0
202506,13651L,A10AB05,INSULIN ASPART,R1,Section 85,ABOVE CO-PAYMENT,14,107.8,2237.48,103.18,2345.28,105.4
202507,01921D,A10AB06,INSULIN GLULISINE,C0,Section 85,ABOVE CO-PAYMENT,15,0,2518.95,112.35,2518.95,0
202507,01921D,A10AB06,INSULIN GLULISINE,C1,Section 85,ABOVE CO-PAYMENT,21,146.3,3380.23,157.29,3526.53,143.1
202507,01921D,A10AB06,INSULIN GLULISINE,G2,Section 85,ABOVE CO-PAYMENT,26,821.600000000001,3544.58,194.74,4366.18,821.2
202507,08084L,A10AB04,INSULIN LISPRO,C0,Section 85,ABOVE CO-PAYMENT,39,0,3873.68,182.65,3873.68,0
202507,08084L,A10AB04,INSULIN LISPRO,C1,Section 85,ABOVE CO-PAYMENT,78,585.2,7523.44000000001,392.790000000001,8108.64,565.26
202507,08084L,A10AB04,INSULIN LISPRO,G1,Section 85,ABOVE CO-PAYMENT,1,7.7,93.88,4.91,101.58,7.7
202507,08084L,A10AB04,INSULIN LISPRO,G2,Section 85,ABOVE CO-PAYMENT,301,9392.10000000005,21517.1999999999,1495.58000000001,30909.3000000002,9385.90000000005
202507,08084L,A10AB04,INSULIN LISPRO,R0,Section 85,ABOVE CO-PAYMENT,3,0,304.74,14.73,304.74,0
202507,08084L,A10AB04,INSULIN LISPRO,R1,Section 85,ABOVE CO-PAYMENT,3,23.1,281.64,14.73,304.74,23.1
202507,08212F,A10AB04,INSULIN LISPRO,C0,Section 85,ABOVE CO-PAYMENT,145,0,23439.66,1040.46,23439.66,0
202507,08212F,A10AB04,INSULIN LISPRO,C1,Section 85,ABOVE CO-PAYMENT,372,2802.79999999999,59033.4400000001,2743.23999999998,61836.2399999996,2747.6
202507,08212F,A10AB04,INSULIN LISPRO,G1,Section 85,ABOVE CO-PAYMENT,3,23.1,480.54,22.47,503.64,22.3
202507,08212F,A10AB04,INSULIN LISPRO,G2,Section 85,ABOVE CO-PAYMENT,846,26422.8999999997,115910.779999999,6324.52999999988,142333.680000002,26401.2999999998
202507,08212F,A10AB04,INSULIN LISPRO,G2,Section 85,UNDER CO-PAYMENT,2,60.6,0,0,60.6,63.2
202507,08212F,A10AB04,INSULIN LISPRO,R0,Section 85,ABOVE CO-PAYMENT,8,0,1343.04,59.92,1343.04,0
202507,08212F,A10AB04,INSULIN LISPRO,R1,Section 85,ABOVE CO-PAYMENT,7,53.9,1121.26,52.43,1175.16,53.1
202507,08435Y,A10AB05,INSULIN ASPART,C0,Section 85,ABOVE CO-PAYMENT,769,0,126784.140000001,5618.7099999999,126784.140000001,0
202507,08435Y,A10AB05,INSULIN ASPART,C1,Section 85,ABOVE CO-PAYMENT,2765,20243.300000001,437950.119999985,20302.2100000004,458193.42000001,19680.6000000007
202507,08435Y,A10AB05,INSULIN ASPART,G1,Section 85,ABOVE CO-PAYMENT,14,107.8,2242.52,104.86,2350.32,105.4
202507,08435Y,A10AB05,INSULIN ASPART,G2,Section 85,ABOVE CO-PAYMENT,5219,162052.400000016,708049.720000087,38620.6600000015,870102.120000022,161887.700000012
202507,08435Y,A10AB05,INSULIN ASPART,G2,Section 85,UNDER CO-PAYMENT,18,545.4,0,0,545.4,568.8
202507,08435Y,A10AB05,INSULIN ASPART,R0,Section 85,ABOVE CO-PAYMENT,26,0,4364.88,194.74,4364.88,0
202507,08435Y,A10AB05,INSULIN ASPART,R1,Section 85,ABOVE CO-PAYMENT,23,177.1,3429.74,160.29,3606.84,173.1
202507,08571D,A10AB05,INSULIN ASPART,C0,Section 85,ABOVE CO-PAYMENT,139,0,13805.22,666.79,13805.22,7.7
202507,08571D,A10AB05,INSULIN ASPART,C1,Section 85,ABOVE CO-PAYMENT,378,2802.79999999999,35470.2000000001,1846.16000000001,38273.0000000004,2734.3
202507,08571D,A10AB05,INSULIN ASPART,G1,Section 85,ABOVE CO-PAYMENT,6,38.5,570.98,29.46,609.48,37.7
202507,08571D,A10AB05,INSULIN ASPART,G2,Section 85,ABOVE CO-PAYMENT,1069,33206.7999999994,75624.0200000007,5262.53999999992,108830.820000002,33181.9999999995
202507,08571D,A10AB05,INSULIN ASPART,G2,Section 85,UNDER CO-PAYMENT,3,82.26,0,2.94,82.26,86.19
202507,08571D,A10AB05,INSULIN ASPART,R0,Section 85,ABOVE CO-PAYMENT,5,7.7,500.2,24.55,507.9,7.7
202507,08571D,A10AB05,INSULIN ASPART,R1,Section 85,ABOVE CO-PAYMENT,5,38.5,469.4,24.55,507.9,37.7
202507,09224L,A10AB06,INSULIN GLULISINE,C0,Section 85,ABOVE CO-PAYMENT,4,0,406.32,19.64,406.32,0
202507,09224L,A10AB06,INSULIN GLULISINE,C1,Section 85,ABOVE CO-PAYMENT,4,30.8,375.52,19.64,406.32,30
202507,09224L,A10AB06,INSULIN GLULISINE,G2,Section 85,ABOVE CO-PAYMENT,13,386.9,1026.34,68.74,1413.24,386.9
202507,11645X,A10AB04,INSULIN LISPRO,C0,Section 85,ABOVE CO-PAYMENT,46,0,12290.28,562.120000000001,12290.28,0
202507,11645X,A10AB04,INSULIN LISPRO,C1,Section 85,ABOVE CO-PAYMENT,32,223.3,8326.46,391.04,8549.76000000001,215.2
202507,11645X,A10AB04,INSULIN LISPRO,G1,Section 85,ABOVE CO-PAYMENT,1,0,267.18,12.22,267.18,0
202507,11645X,A10AB04,INSULIN LISPRO,G2,Section 85,ABOVE CO-PAYMENT,81,2416.2,19277.04,992.260000000002,21693.24,2413.8
202507,11645X,A10AB04,INSULIN LISPRO,R0,Section 85,ABOVE CO-PAYMENT,2,0,534.36,24.44,534.36,0
202507,11645X,A10AB04,INSULIN LISPRO,R1,Section 85,ABOVE CO-PAYMENT,1,7.7,259.48,12.22,267.18,7.7
202507,12237C,A10AB04,INSULIN LISPRO,C0,Section 85,ABOVE CO-PAYMENT,252,0,41144.9999999999,1826.49,41144.9999999999,0
202507,12237C,A10AB04,INSULIN LISPRO,C1,Section 85,ABOVE CO-PAYMENT,333,2510.2,51424.4000000001,2399.79999999999,53934.5999999998,2444.6
202507,12237C,A10AB04,INSULIN LISPRO,G1,Section 85,ABOVE CO-PAYMENT,4,30.8,545.32,25.46,576.12,30.8
202507,12237C,A10AB04,INSULIN LISPRO,G2,Section 85,ABOVE CO-PAYMENT,612,19124.1,83077.8599999995,4558.39999999993,102201.960000001,19107.5
202507,12237C,A10AB04,INSULIN LISPRO,G2,Section 85,UNDER CO-PAYMENT,1,30.3,0,0,30.3,31.6
202507,12237C,A10AB04,INSULIN LISPRO,R0,Section 85,ABOVE CO-PAYMENT,3,0,503.64,22.47,503.64,0
202507,12237C,A10AB04,INSULIN LISPRO,R1,Section 85,ABOVE CO-PAYMENT,3,23.1,480.54,22.47,503.64,22.3
202507,12254Y,A10AB05,INSULIN ASPART,C0,Section 85,ABOVE CO-PAYMENT,4782,0,765768.240000021,33871.8800000027,765768.240000021,17.6
202507,12254Y,A10AB05,INSULIN ASPART,C1,Section 85,ABOVE CO-PAYMENT,5068,36197.7000000009,765176.160000049,34939.9500000024,801373.860000022,35149.7800000018
202507,12254Y,A10AB05,INSULIN ASPART,G1,Section 85,ABOVE CO-PAYMENT,84,554.4,13131.78,603.680000000001,13686.18,552
202507,12254Y,A10AB05,INSULIN ASPART,G2,Section 85,ABOVE CO-PAYMENT,7641,235815.20000003,996044.060000142,54344.5999999972,1231859.25999991,235582.790000021
202507,12254Y,A10AB05,INSULIN ASPART,G2,Section 85,UNDER CO-PAYMENT,80,2434.38,0,1.5,2434.38,2504.7
202507,12254Y,A10AB05,INSULIN ASPART,R0,Section 85,ABOVE CO-PAYMENT,110,30.8,16982.38,730.330000000001,17013.18,30.8
202507,12254Y,A10AB05,INSULIN ASPART,R1,Section 85,ABOVE CO-PAYMENT,90,654.5,12383.2,550.930000000001,13037.7,640.1
202507,12268Q,A10AB06,INSULIN GLULISINE,C0,Section 85,ABOVE CO-PAYMENT,264,0,43718.3000000001,1944.83,43718.3000000001,0
202507,12268Q,A10AB06,INSULIN GLULISINE,C1,Section 85,ABOVE CO-PAYMENT,212,1540.00000000001,33424.96,1557.93,34964.9600000001,1504.00000000001
202507,12268Q,A10AB06,INSULIN GLULISINE,G1,Section 85,ABOVE CO-PAYMENT,4,23.1,648.62,29.96,671.72,23.1
202507,12268Q,A10AB06,INSULIN GLULISINE,G2,Section 85,ABOVE CO-PAYMENT,300,9384.40000000005,40621.5300000003,2225.16,50005.9300000001,9376.30000000004
202507,12268Q,A10AB06,INSULIN GLULISINE,R0,Section 85,ABOVE CO-PAYMENT,5,0,839.65,37.45,839.65,0
202507,12268Q,A10AB06,INSULIN GLULISINE,R1,Section 85,ABOVE CO-PAYMENT,5,38.5,801.15,37.45,839.65,36.9
202507,13651L,A10AB05,INSULIN ASPART,C0,Section 85,ABOVE CO-PAYMENT,250,0,41769.2399999999,1862.4,41769.2399999999,0
202507,13651L,A10AB05,INSULIN ASPART,C1,Section 85,ABOVE CO-PAYMENT,724,5297.59999999993,114184.599999998,5304.42999999991,119482.200000001,5130.39999999995
202507,13651L,A10AB05,INSULIN ASPART,G1,Section 85,ABOVE CO-PAYMENT,8,53.9,1289.14,59.92,1343.04,53.9
202507,13651L,A10AB05,INSULIN ASPART,G2,Section 85,ABOVE CO-PAYMENT,2025,63225.199999998,274699.9,15033.4399999996,337925.100000007,63171.0999999985
202507,13651L,A10AB05,INSULIN ASPART,G2,Section 85,UNDER CO-PAYMENT,1,30.3,0,0,30.3,31.6
202507,13651L,A10AB05,INSULIN ASPART,R0,Section 85,ABOVE CO-PAYMENT,9,0,1510.92,67.41,1510.92,0
202507,13651L,A10AB05,INSULIN ASPART,R1,Section 85,ABOVE CO-PAYMENT,9,69.3,1441.62,67.41,1510.92,68.5
202508,01921D,A10AB06,INSULIN GLULISINE,C0,Section 85,ABOVE CO-PAYMENT,5,0,839.65,37.45,839.65,0
202508,01921D,A10AB06,INSULIN GLULISINE,C1,Section 85,ABOVE CO-PAYMENT,8,53.9,1289.54,59.92,1343.44,53.1
202508,01921D,A10AB06,INSULIN GLULISINE,G2,Section 85,ABOVE CO-PAYMENT,22,695.2,2870.94,157.71,3566.14,694.7
202508,08084L,A10AB04,INSULIN LISPRO,C0,Section 85,ABOVE CO-PAYMENT,52,0,5227.32,253.36,5227.32,0
202508,08084L,A10AB04,INSULIN LISPRO,C1,Section 85,ABOVE CO-PAYMENT,88,654.5,8196.60000000001,423.240000000001,8851.1,636.1
202508,08084L,A10AB04,INSULIN LISPRO,G1,Section 85,ABOVE CO-PAYMENT,3,23.1,467.04,24.55,490.14,23.1
202508,08084L,A10AB04,INSULIN LISPRO,G2,Section 85,ABOVE CO-PAYMENT,335,10370.9000000001,23909.8599999999,1659.58000000001,34280.7600000003,10363.9000000001
202508,08084L,A10AB04,INSULIN LISPRO,G2,Section 85,UNDER CO-PAYMENT,1,27.42,0,0.98,27.42,31.6
202508,08084L,A10AB04,INSULIN LISPRO,R0,Section 85,ABOVE CO-PAYMENT,1,0,101.58,4.91,101.58,0
202508,08084L,A10AB04,INSULIN LISPRO,R1,Section 85,ABOVE CO-PAYMENT,1,7.7,93.88,4.91,101.58,7.7
202508,08212F,A10AB04,INSULIN LISPRO,C0,Section 85,ABOVE CO-PAYMENT,164,0,28467.48,1272.16,28467.48,0
202508,08212F,A10AB04,INSULIN LISPRO,C1,Section 85,ABOVE CO-PAYMENT,368,2779.69999999999,58109.7400000001,2714.38999999998,60889.4399999996,2721.3
202508,08212F,A10AB04,INSULIN LISPRO,G1,Section 85,ABOVE CO-PAYMENT,4,30.8,640.72,29.96,671.52,30.8
202508,08212F,A10AB04,INSULIN LISPRO,G2,Section 85,ABOVE CO-PAYMENT,881,27481.0999999996,120411.219999999,6597.58999999987,147892.320000002,27459.5999999997
202508,08212F,A10AB04,INSULIN LISPRO,R0,Section 85,ABOVE CO-PAYMENT,4,0,662.64,29.95,662.64,0
202508,08212F,A10AB04,INSULIN LISPRO,R1,Section 85,ABOVE CO-PAYMENT,2,15.4,320.36,14.98,335.76,14.6
202508,08435Y,A10AB05,INSULIN ASPART,C0,Section 85,ABOVE CO-PAYMENT,884,0,145133.700000002,6437.62999999988,145133.700000002,0
202508,08435Y,A10AB05,INSULIN ASPART,C1,Section 85,ABOVE CO-PAYMENT,2556,18726.4000000009,403720.519999987,18692.2100000001,422446.920000009,18209.9000000006
202508,08435Y,A10AB05,INSULIN ASPART,G1,Section 85,ABOVE CO-PAYMENT,25,184.8,3756.72,174.19,3941.52,184.8
202508,08435Y,A10AB05,INSULIN ASPART,G2,Section 85,ABOVE CO-PAYMENT,4860,150970.900000013,661563.200000078,36118.0200000022,812534.10000002,150837.70000001
202508,08435Y,A10AB05,INSULIN ASPART,G2,Section 85,UNDER CO-PAYMENT,16,484.8,0,0,484.8,505.6
202508,08435Y,A10AB05,INSULIN ASPART,R0,Section 85,ABOVE CO-PAYMENT,30,15.4,4766.6,212.72,4782,15.4
202508,08435Y,A10AB05,INSULIN ASPART,R1,Section 85,ABOVE CO-PAYMENT,19,146.3,2916.22,136.32,3062.52,141.5
202508,08571D,A10AB05,INSULIN ASPART,C0,Section 85,ABOVE CO-PAYMENT,170,0,17120.28,826.839999999999,17120.28,0
202508,08571D,A10AB05,INSULIN ASPART,C1,Section 85,ABOVE CO-PAYMENT,365,2641.09999999999,34269.5200000001,1784.29000000001,36910.6200000003,2579.7
202508,08571D,A10AB05,INSULIN ASPART,G1,Section 85,ABOVE CO-PAYMENT,6,38.5,570.98,29.46,609.48,37.7
202508,08571D,A10AB05,INSULIN ASPART,G2,Section 85,ABOVE CO-PAYMENT,1116,34787.5999999993,78669.9400000005,5486.42999999991,113457.540000002,34753.3999999995
202508,08571D,A10AB05,INSULIN ASPART,G2,Section 85,UNDER CO-PAYMENT,2,54.84,0,1.96,54.84,63.2
202508,08571D,A10AB05,INSULIN ASPART,R0,Section 85,ABOVE CO-PAYMENT,6,0,609.48,29.46,609.48,0
202508,08571D,A10AB05,INSULIN ASPART,R1,Section 85,ABOVE CO-PAYMENT,4,30.8,375.52,19.64,406.32,30.8
202508,09224L,A10AB06,INSULIN GLULISINE,C0,Section 85,ABOVE CO-PAYMENT,2,0,203.16,9.82,203.16,0
202508,09224L,A10AB06,INSULIN GLULISINE,C1,Section 85,ABOVE CO-PAYMENT,2,15.4,187.76,9.82,203.16,14.6
202508,09224L,A10AB06,INSULIN GLULISINE,G2,Section 85,ABOVE CO-PAYMENT,15,474,1235.1,83.47,1709.1,473.8
202508,11645X,A10AB04,INSULIN LISPRO,C0,Section 85,ABOVE CO-PAYMENT,69,0,18228.78,833.400000000002,18228.78,0
202508,11645X,A10AB04,INSULIN LISPRO,C1,Section 85,ABOVE CO-PAYMENT,19,130.9,4532.24,212.62,4663.14,127.7
202508,11645X,A10AB04,INSULIN LISPRO,G1,Section 85,ABOVE CO-PAYMENT,6,46.2,1556.88,73.32,1603.08,44.6
202508,11645X,A10AB04,INSULIN LISPRO,G2,Section 85,ABOVE CO-PAYMENT,103,3111.4,24399.2600000001,1258.65,27510.66,3108.5
202508,11645X,A10AB04,INSULIN LISPRO,R0,Section 85,ABOVE CO-PAYMENT,2,0,534.36,24.44,534.36,0
202508,11645X,A10AB04,INSULIN LISPRO,R1,Section 85,ABOVE CO-PAYMENT,1,7.7,259.48,12.22,267.18,7.7
202508,12237C,A10AB04,INSULIN LISPRO,C0,Section 85,ABOVE CO-PAYMENT,331,0,54401.6399999998,2421.16999999999,54401.6399999998,0
202508,12237C,A10AB04,INSULIN LISPRO,C1,Section 85,ABOVE CO-PAYMENT,260,1948.10000000001,40037.8000000001,1865.43,41985.8999999999,1888.10000000001
202508,12237C,A10AB04,INSULIN LISPRO,G1,Section 85,ABOVE CO-PAYMENT,7,53.9,864.7,38.29,918.6,53.1
202508,12237C,A10AB04,INSULIN LISPRO,G2,Section 85,ABOVE CO-PAYMENT,581,18001.1000000001,78588.6399999995,4299.65999999994,96589.7400000004,17983.7000000001
202508,12237C,A10AB04,INSULIN LISPRO,R0,Section 85,ABOVE CO-PAYMENT,6,0,1007.28,44.94,1007.28,0
202508,12237C,A10AB04,INSULIN LISPRO,R1,Section 85,ABOVE CO-PAYMENT,3,23.1,480.54,22.47,503.64,21.5
202508,12254Y,A10AB05,INSULIN ASPART,C0,Section 85,ABOVE CO-PAYMENT,5275,0,840689.820000025,37121.3000000019,840689.820000025,0
202508,12254Y,A10AB05,INSULIN ASPART,C1,Section 85,ABOVE CO-PAYMENT,4382,31346.7000000021,657102.24000002,30103.0800000025,688448.940000017,30414.2200000021
202508,12254Y,A10AB05,INSULIN ASPART,G1,Section 85,ABOVE CO-PAYMENT,145,1016.4,22321.86,1029.99,23338.26,1004.2
202508,12254Y,A10AB05,INSULIN ASPART,G2,Section 85,ABOVE CO-PAYMENT,7492,231393.600000029,980323.120000138,53441.1299999975,1211716.71999992,231145.30000002
202508,12254Y,A10AB05,INSULIN ASPART,G2,Section 85,UNDER CO-PAYMENT,47,1424.1,0,0,1424.1,1485.2
202508,12254Y,A10AB05,INSULIN ASPART,R0,Section 85,ABOVE CO-PAYMENT,125,23.1,18802.98,825.380000000001,18826.08,22.3
202508,12254Y,A10AB05,INSULIN ASPART,R1,Section 85,ABOVE CO-PAYMENT,65,454.3,9157.82000000001,399.01,9612.12,447.1
202508,12268Q,A10AB06,INSULIN GLULISINE,C0,Section 85,ABOVE CO-PAYMENT,307,0,50411.1900000001,2250.43,50411.1900000001,0
202508,12268Q,A10AB06,INSULIN GLULISINE,C1,Section 85,ABOVE CO-PAYMENT,157,1170.4,25099.85,1168.44,26270.25,1137.6
202508,12268Q,A10AB06,INSULIN GLULISINE,G1,Section 85,ABOVE CO-PAYMENT,7,53.9,1112.73,52.43,1166.63,53.1
202508,12268Q,A10AB06,INSULIN GLULISINE,G2,Section 85,ABOVE CO-PAYMENT,279,8673.00000000004,37643.8700000003,2065.75,46316.8700000001,8665.40000000003
202508,12268Q,A10AB06,INSULIN GLULISINE,R0,Section 85,ABOVE CO-PAYMENT,7,0,1175.51,52.43,1175.51,0
202508,12268Q,A10AB06,INSULIN GLULISINE,R1,Section 85,ABOVE CO-PAYMENT,1,7.7,160.23,7.49,167.93,7.7
202508,13651L,A10AB05,INSULIN ASPART,C0,Section 85,ABOVE CO-PAYMENT,347,0,56936.2799999997,2532.23999999999,56936.2799999997,0
202508,13651L,A10AB05,INSULIN ASPART,C1,Section 85,ABOVE CO-PAYMENT,722,5389.99999999993,114646.839999998,5331.38999999991,120036.840000001,5222.89999999994
202508,13651L,A10AB05,INSULIN ASPART,G1,Section 85,ABOVE CO-PAYMENT,19,138.6,2923.92,136.32,3062.52,162.3
202508,13651L,A10AB05,INSULIN ASPART,G2,Section 85,ABOVE CO-PAYMENT,2045,63881.0999999979,278361.540000001,15200.1699999996,342242.640000007,63825.1999999985
202508,13651L,A10AB05,INSULIN ASPART,R0,Section 85,ABOVE CO-PAYMENT,9,0,1510.92,67.41,1510.92,0
202508,13651L,A10AB05,INSULIN ASPART,R1,Section 85,ABOVE CO-PAYMENT,5,38.5,800.9,37.45,839.4,38.5
202509,01921D,A10AB06,INSULIN GLULISINE,C0,Section 85,ABOVE CO-PAYMENT,15,0,2423.52,107.86,2423.52,0
202509,01921D,A10AB06,INSULIN GLULISINE,C1,Section 85,ABOVE CO-PAYMENT,14,92.4,2258.62,104.86,2351.02,89.2
202509,01921D,A10AB06,INSULIN GLULISINE,G1,Section 85,ABOVE CO-PAYMENT,3,23.1,480.69,22.47,503.79,23.1
202509,01921D,A10AB06,INSULIN GLULISINE,G2,Section 85,ABOVE CO-PAYMENT,24,734.5,3168.58,173.77,3903.08,734.1
202509,08084L,A10AB04,INSULIN LISPRO,C0,Section 85,ABOVE CO-PAYMENT,48,0,4875.84,235.68,4875.84,0
202509,08084L,A10AB04,INSULIN LISPRO,C1,Section 85,ABOVE CO-PAYMENT,68,500.5,6462.56000000001,336.82,6963.06,487.7
202509,08084L,A10AB04,INSULIN LISPRO,G1,Section 85,ABOVE CO-PAYMENT,4,30.8,468.22,24.55,499.02,30.8
202509,08084L,A10AB04,INSULIN LISPRO,G2,Section 85,ABOVE CO-PAYMENT,299,9305.00000000005,21383.3799999999,1485.76000000001,30688.3800000002,9299.70000000004
202509,08084L,A10AB04,INSULIN LISPRO,R0,Section 85,ABOVE CO-PAYMENT,5,0,507.9,24.55,507.9,0
202509,08084L,A10AB04,INSULIN LISPRO,R1,Section 85,ABOVE CO-PAYMENT,1,7.7,93.88,4.91,101.58,6.9
202509,08212F,A10AB04,INSULIN LISPRO,C0,Section 85,ABOVE CO-PAYMENT,207,0,33941.58,1494.77,33941.58,0
202509,08212F,A10AB04,INSULIN LISPRO,C1,Section 85,ABOVE CO-PAYMENT,375,2810.49999999999,59582.2400000001,2757.98999999998,62392.7399999996,2743.5
202509,08212F,A10AB04,INSULIN LISPRO,G1,Section 85,ABOVE CO-PAYMENT,8,61.6,1281.44,59.92,1343.04,60.8
202509,08212F,A10AB04,INSULIN LISPRO,G2,Section 85,ABOVE CO-PAYMENT,874,27212.0999999997,118575.479999999,6481.85999999987,145787.580000002,27189.5999999997
202509,08212F,A10AB04,INSULIN LISPRO,G2,Section 85,UNDER CO-PAYMENT,2,60.6,0,0,60.6,63.2
202509,08212F,A10AB04,INSULIN LISPRO,R0,Section 85,ABOVE CO-PAYMENT,6,0,880.08,38.95,880.08,0
202509,08212F,A10AB04,INSULIN LISPRO,R1,Section 85,ABOVE CO-PAYMENT,4,30.8,640.72,29.96,671.52,30
202509,08435Y,A10AB05,INSULIN ASPART,C0,Section 85,ABOVE CO-PAYMENT,1083,0,177097.800000003,7840.42999999984,177097.800000003,0
202509,08435Y,A10AB05,INSULIN ASPART,C1,Section 85,ABOVE CO-PAYMENT,2525,18664.8000000009,399347.159999987,18516.71,418011.960000009,18138.3000000005
202509,08435Y,A10AB05,INSULIN ASPART,G1,Section 85,ABOVE CO-PAYMENT,55,423.5,8043.46000000001,372.77,8466.96000000001,420.3
202509,08435Y,A10AB05,INSULIN ASPART,G2,Section 85,ABOVE CO-PAYMENT,4992,155094.300000014,678497.740000082,37067.4600000019,833592.040000021,154951.200000011
202509,08435Y,A10AB05,INSULIN ASPART,G2,Section 85,UNDER CO-PAYMENT,15,454.5,0,0,454.5,474
202509,08435Y,A10AB05,INSULIN ASPART,R0,Section 85,ABOVE CO-PAYMENT,39,15.4,6404.72,286.12,6420.12,15.4
202509,08435Y,A10AB05,INSULIN ASPART,R1,Section 85,ABOVE CO-PAYMENT,25,184.8,3755.64,173.11,3940.44,181.6
202509,08571D,A10AB05,INSULIN ASPART,C0,Section 85,ABOVE CO-PAYMENT,217,0,21625.1200000001,1042.89,21625.1200000001,0
202509,08571D,A10AB05,INSULIN ASPART,C1,Section 85,ABOVE CO-PAYMENT,362,2671.89999999999,33915.4400000001,1768.58000000001,36587.3400000003,2602.3
202509,08571D,A10AB05,INSULIN ASPART,G1,Section 85,ABOVE CO-PAYMENT,15,100.1,1423.6,73.65,1523.7,97.7000000000001
202509,08571D,A10AB05,INSULIN ASPART,G2,Section 85,ABOVE CO-PAYMENT,1059,33010.2999999994,74692.7000000008,5206.55999999992,107703.000000002,32985.6999999995
202509,08571D,A10AB05,INSULIN ASPART,G2,Section 85,UNDER CO-PAYMENT,1,27.42,0,0.98,27.42,31.6
202509,08571D,A10AB05,INSULIN ASPART,R0,Section 85,ABOVE CO-PAYMENT,7,0,711.06,34.37,711.06,0
202509,09224L,A10AB06,INSULIN GLULISINE,C0,Section 85,ABOVE CO-PAYMENT,7,0,711.06,34.37,711.06,0
202509,09224L,A10AB06,INSULIN GLULISINE,C1,Section 85,ABOVE CO-PAYMENT,2,15.4,187.76,9.82,203.16,13.8
202509,09224L,A10AB06,INSULIN GLULISINE,G2,Section 85,ABOVE CO-PAYMENT,10,316,773.96,53.03,1089.96,315.8
202509,11645X,A10AB04,INSULIN LISPRO,C0,Section 85,ABOVE CO-PAYMENT,76,0,19737.42,901.830000000002,19737.42,0
202509,11645X,A10AB04,INSULIN LISPRO,C1,Section 85,ABOVE CO-PAYMENT,30,207.9,7807.5,366.6,8015.4,203.1
202509,11645X,A10AB04,INSULIN LISPRO,G1,Section 85,ABOVE CO-PAYMENT,7,53.9,1807.48,85.53,1861.38,52.3
202509,11645X,A10AB04,INSULIN LISPRO,G2,Section 85,ABOVE CO-PAYMENT,81,2487.9,18947.04,980.040000000002,21434.94,2485.4
202509,11645X,A10AB04,INSULIN LISPRO,R0,Section 85,ABOVE CO-PAYMENT,2,7.7,526.66,24.44,534.36,7.7
202509,12237C,A10AB04,INSULIN LISPRO,C0,Section 85,ABOVE CO-PAYMENT,327,0,53519.3999999998,2383.73999999999,53519.3999999998,0
202509,12237C,A10AB04,INSULIN LISPRO,C1,Section 85,ABOVE CO-PAYMENT,240,1809.50000000001,37026.1000000001,1719.71,38835.6,1764.50000000001
202509,12237C,A10AB04,INSULIN LISPRO,G1,Section 85,ABOVE CO-PAYMENT,13,92.4,2090.04,97.37,2182.44,91.6
202509,12237C,A10AB04,INSULIN LISPRO,G2,Section 85,ABOVE CO-PAYMENT,564,17583.4000000001,75994.4599999996,4165.92999999994,93577.8600000003,17568.6000000001
202509,12237C,A10AB04,INSULIN LISPRO,R0,Section 85,ABOVE CO-PAYMENT,7,0,1047.96,46.44,1047.96,0
202509,12237C,A10AB04,INSULIN LISPRO,R1,Section 85,ABOVE CO-PAYMENT,3,23.1,480.54,22.47,503.64,23.1
202509,12254Y,A10AB05,INSULIN ASPART,C0,Section 85,ABOVE CO-PAYMENT,6052,0,968579.82000003,42732.2200000004,968579.82000003,1
202509,12254Y,A10AB05,INSULIN ASPART,C1,Section 85,ABOVE CO-PAYMENT,3984,28112.7000000018,593282.040000001,26908.5100000018,621394.740000014,27310.2000000017
202509,12254Y,A10AB05,INSULIN ASPART,G1,Section 85,ABOVE CO-PAYMENT,198,1416.8,31024.6,1438.08,32441.4000000001,1399.9
202509,12254Y,A10AB05,INSULIN ASPART,G2,Section 85,ABOVE CO-PAYMENT,7228,223218.500000028,936350.32000013,51149.9999999981,1159568.81999996,222996.180000019
202509,12254Y,A10AB05,INSULIN ASPART,G2,Section 85,UNDER CO-PAYMENT,54,1636.2,0,0,1636.2,1706.4
202509,12254Y,A10AB05,INSULIN ASPART,R0,Section 85,ABOVE CO-PAYMENT,180,0,28057.38,1226.39,28057.38,0
202509,12254Y,A10AB05,INSULIN ASPART,R1,Section 85,ABOVE CO-PAYMENT,64,485.1,7288.02,313.84,7773.12,477.9
202509,12268Q,A10AB06,INSULIN GLULISINE,C0,Section 85,ABOVE CO-PAYMENT,342,0,55500.8700000001,2473.63999999999,55500.8700000001,0
202509,12268Q,A10AB06,INSULIN GLULISINE,C1,Section 85,ABOVE CO-PAYMENT,128,947.100000000002,20026.39,936.260000000001,20973.49,928.700000000001
202509,12268Q,A10AB06,INSULIN GLULISINE,G1,Section 85,ABOVE CO-PAYMENT,14,100.1,2250.92,104.86,2351.02,96.9000000000001
202509,12268Q,A10AB06,INSULIN GLULISINE,G2,Section 85,ABOVE CO-PAYMENT,277,8609.80000000004,37362.7100000002,2052.68,45972.5100000001,8603.70000000003
202509,12268Q,A10AB06,INSULIN GLULISINE,R0,Section 85,ABOVE CO-PAYMENT,9,0,1511.37,67.41,1511.37,0
202509,12268Q,A10AB06,INSULIN GLULISINE,R1,Section 85,ABOVE CO-PAYMENT,2,15.4,320.46,14.98,335.86,13.8
202509,13651L,A10AB05,INSULIN ASPART,C0,Section 85,ABOVE CO-PAYMENT,383,0,62975.2199999996,2797.15999999998,62975.2199999996,0
202509,13651L,A10AB05,INSULIN ASPART,C1,Section 85,ABOVE CO-PAYMENT,636,4673.89999999995,100574.499999999,4657.26999999993,105248.400000001,4529.99999999997
202509,13651L,A10AB05,INSULIN ASPART,G1,Section 85,ABOVE CO-PAYMENT,31,215.6,4893.28,227.69,5108.88,210.7
202509,13651L,A10AB05,INSULIN ASPART,G2,Section 85,ABOVE CO-PAYMENT,2184,68130.0999999983,296439.260000005,16248.7799999996,364569.360000008,68068.0999999988
202509,13651L,A10AB05,INSULIN ASPART,G2,Section 85,UNDER CO-PAYMENT,1,30.3,0,0,30.3,31.6
202509,13651L,A10AB05,INSULIN ASPART,R0,Section 85,ABOVE CO-PAYMENT,10,0,1678.8,74.9,1678.8,0
202509,13651L,A10AB05,INSULIN ASPART,R1,Section 85,ABOVE CO-PAYMENT,14,100.1,1867.54,85.81,1967.64,120.8
202510,01921D,A10AB06,INSULIN GLULISINE,C0,Section 85,ABOVE CO-PAYMENT,16,0,2686.88,119.84,2686.88,0
202510,01921D,A10AB06,INSULIN GLULISINE,C1,Section 85,ABOVE CO-PAYMENT,5,38.5,801.15,37.45,839.65,36.9
202510,01921D,A10AB06,INSULIN GLULISINE,G1,Section 85,ABOVE CO-PAYMENT,2,15.4,320.46,14.98,335.86,15.4
202510,01921D,A10AB06,INSULIN GLULISINE,G2,Section 85,ABOVE CO-PAYMENT,16,505.6,2181.28,119.84,2686.88,505.3
202510,01921D,A10AB06,INSULIN GLULISINE,R0,Section 85,ABOVE CO-PAYMENT,1,0,39.61,0.42,39.61,0
202510,08084L,A10AB04,INSULIN LISPRO,C0,Section 85,ABOVE CO-PAYMENT,60,0,6094.8,294.6,6094.8,0
202510,08084L,A10AB04,INSULIN LISPRO,C1,Section 85,ABOVE CO-PAYMENT,85,639.1,7921.04000000001,413.420000000001,8560.14,619.76
202510,08084L,A10AB04,INSULIN LISPRO,G1,Section 85,ABOVE CO-PAYMENT,9,69.3,937.62,49.1,1006.92,68.5
202510,08084L,A10AB04,INSULIN LISPRO,G2,Section 85,ABOVE CO-PAYMENT,302,9471.50000000006,21294.7099999999,1484.05000000001,30766.2100000002,9465.00000000004
202510,08084L,A10AB04,INSULIN LISPRO,R0,Section 85,ABOVE CO-PAYMENT,2,0,203.16,9.82,203.16,0
202510,08212F,A10AB04,INSULIN LISPRO,C0,Section 85,ABOVE CO-PAYMENT,197,0,32545.0200000001,1441.92,32545.0200000001,0
202510,08212F,A10AB04,INSULIN LISPRO,C1,Section 85,ABOVE CO-PAYMENT,324,2440.9,50838.1400000001,2373.25999999999,53279.0399999998,2394.3
202510,08212F,A10AB04,INSULIN LISPRO,G1,Section 85,ABOVE CO-PAYMENT,18,130.9,2890.94,134.82,3021.84,130.1
202510,08212F,A10AB04,INSULIN LISPRO,G2,Section 85,ABOVE CO-PAYMENT,825,25663.6999999997,112430.439999999,6153.76999999989,138094.140000002,25640.6999999998
202510,08212F,A10AB04,INSULIN LISPRO,R0,Section 85,ABOVE CO-PAYMENT,7,0,1175.16,52.43,1175.16,0
202510,08212F,A10AB04,INSULIN LISPRO,R1,Section 85,ABOVE CO-PAYMENT,5,38.5,673.7,31.46,712.2,37.7
202510,08435Y,A10AB05,INSULIN ASPART,C0,Section 85,ABOVE CO-PAYMENT,1181,0,194262.420000003,8631.15999999982,194262.420000003,0
202510,08435Y,A10AB05,INSULIN ASPART,C1,Section 85,ABOVE CO-PAYMENT,2522,18449.2000000008,398206.579999987,18456.24,416655.780000009,17931.5600000005
202510,08435Y,A10AB05,INSULIN ASPART,G1,Section 85,ABOVE CO-PAYMENT,70,500.5,11027.42,512.73,11527.92,490.9
202510,08435Y,A10AB05,INSULIN ASPART,G2,Section 85,ABOVE CO-PAYMENT,5063,157720.300000015,685754.900000083,37403.4200000018,843475.200000021,157595.100000011
202510,08435Y,A10AB05,INSULIN ASPART,G2,Section 85,UNDER CO-PAYMENT,18,545.4,0,0,545.4,568.8
202510,08435Y,A10AB05,INSULIN ASPART,R0,Section 85,ABOVE CO-PAYMENT,33,7.7,5020.3,219.97,5028,7.7
202510,08435Y,A10AB05,INSULIN ASPART,R1,Section 85,ABOVE CO-PAYMENT,15,107.8,2410.4,112.35,2518.2,103.8
202510,08571D,A10AB05,INSULIN ASPART,C0,Section 85,ABOVE CO-PAYMENT,229,0,22739.0500000001,1093.21,22739.0500000001,0
202510,08571D,A10AB05,INSULIN ASPART,C1,Section 85,ABOVE CO-PAYMENT,328,2417.8,30600.1500000001,1591.08000000001,33017.9500000003,2357
202510,08571D,A10AB05,INSULIN ASPART,G1,Section 85,ABOVE CO-PAYMENT,17,107.8,1619.06,83.47,1726.86,105.4
202510,08571D,A10AB05,INSULIN ASPART,G2,Section 85,ABOVE CO-PAYMENT,1075,33539.7999999994,76010.9600000007,5296.90999999992,109550.760000002,33503.9999999995
202510,08571D,A10AB05,INSULIN ASPART,G2,Section 85,UNDER CO-PAYMENT,3,82.26,0,2.94,82.26,86.19
202510,08571D,A10AB05,INSULIN ASPART,R0,Section 85,ABOVE CO-PAYMENT,9,0,914.22,44.19,914.22,0
202510,08571D,A10AB05,INSULIN ASPART,R1,Section 85,ABOVE CO-PAYMENT,3,23.1,281.64,14.73,304.74,23.1
202510,09224L,A10AB06,INSULIN GLULISINE,C0,Section 85,ABOVE CO-PAYMENT,4,0,406.32,19.64,406.32,0
202510,09224L,A10AB06,INSULIN GLULISINE,C1,Section 85,ABOVE CO-PAYMENT,4,23.1,383.22,19.64,406.32,22.3
202510,09224L,A10AB06,INSULIN GLULISINE,G2,Section 85,ABOVE CO-PAYMENT,11,347.6,769.78,54.01,1117.38,347.4
202510,11645X,A10AB04,INSULIN LISPRO,C0,Section 85,ABOVE CO-PAYMENT,68,0,17858.28,816.290000000001,17858.28,0
202510,11645X,A10AB04,INSULIN LISPRO,C1,Section 85,ABOVE CO-PAYMENT,30,215.6,7593.16,356.82,7808.76,206.8
202510,11645X,A10AB04,INSULIN LISPRO,G1,Section 85,ABOVE CO-PAYMENT,8,61.6,2075.84,97.76,2137.44,60.8
202510,11645X,A10AB04,INSULIN LISPRO,G2,Section 85,ABOVE CO-PAYMENT,115,3466.69999999999,27250.1200000001,1405.29,30716.82,3463.8
202510,11645X,A10AB04,INSULIN LISPRO,R0,Section 85,ABOVE CO-PAYMENT,2,0,534.36,24.44,534.36,0
202510,11645X,A10AB04,INSULIN LISPRO,R1,Section 85,ABOVE CO-PAYMENT,1,7.7,259.48,12.22,267.18,6.9
202510,12237C,A10AB04,INSULIN LISPRO,C0,Section 85,ABOVE CO-PAYMENT,366,0,60060.3599999997,2656.98999999999,60060.3599999997,0
202510,12237C,A10AB04,INSULIN LISPRO,C1,Section 85,ABOVE CO-PAYMENT,215,1578.50000000001,33116.5000000001,1544.46,34695,1535.30000000001
202510,12237C,A10AB04,INSULIN LISPRO,G1,Section 85,ABOVE CO-PAYMENT,22,154,3221.36,149.8,3375.36,154
202510,12237C,A10AB04,INSULIN LISPRO,G2,Section 85,ABOVE CO-PAYMENT,550,17188.8000000001,74332.4399999996,4082.01999999994,91521.2400000002,17173.8000000001
202510,12237C,A10AB04,INSULIN LISPRO,G2,Section 85,UNDER CO-PAYMENT,6,181.8,0,0,181.8,189.6
202510,12237C,A10AB04,INSULIN LISPRO,R0,Section 85,ABOVE CO-PAYMENT,7,7.7,1040.26,46.44,1047.96,7.7
202510,12237C,A10AB04,INSULIN LISPRO,R1,Section 85,ABOVE CO-PAYMENT,2,15.4,320.36,14.98,335.76,15.4
202510,12254Y,A10AB05,INSULIN ASPART,C0,Section 85,ABOVE CO-PAYMENT,6605,0,1053871.62000003,46546.9599999993,1053871.62000003,7.7
202510,12254Y,A10AB05,INSULIN ASPART,C1,Section 85,ABOVE CO-PAYMENT,3807,26711.3000000016,570391.839999995,26023.1000000016,597103.140000013,25850.6000000015
202510,12254Y,A10AB05,INSULIN ASPART,G1,Section 85,ABOVE CO-PAYMENT,320,2256.1,53042.7800000001,2464.09999999999,55298.8799999998,2227.50000000001
202510,12254Y,A10AB05,INSULIN ASPART,G2,Section 85,ABOVE CO-PAYMENT,7221,223618.700000027,939031.760000131,51262.589999998,1162650.45999996,223360.000000019
202510,12254Y,A10AB05,INSULIN ASPART,G2,Section 85,UNDER CO-PAYMENT,69,2101.08,0,1.5,2101.08,2147.42
202510,12254Y,A10AB05,INSULIN ASPART,R0,Section 85,ABOVE CO-PAYMENT,154,23.1,24398.16,1063.51,24421.26,22.3
202510,12254Y,A10AB05,INSULIN ASPART,R1,Section 85,ABOVE CO-PAYMENT,66,508.2,9034.68000000001,411.69,9542.88,500.2
202510,12268Q,A10AB06,INSULIN GLULISINE,C0,Section 85,ABOVE CO-PAYMENT,384,0,62910.8900000001,2809.60999999998,62910.8900000001,0
202510,12268Q,A10AB06,INSULIN GLULISINE,C1,Section 85,ABOVE CO-PAYMENT,131,954.800000000002,20290.98,943.090000000001,21245.78,926.800000000001
202510,12268Q,A10AB06,INSULIN GLULISINE,G1,Section 85,ABOVE CO-PAYMENT,20,123.2,3217.64,149.8,3340.84,121.6
202510,12268Q,A10AB06,INSULIN GLULISINE,G2,Section 85,ABOVE CO-PAYMENT,288,8957.40000000005,39038.7700000003,2140.64,47996.1700000001,8949.20000000003
202510,12268Q,A10AB06,INSULIN GLULISINE,R0,Section 85,ABOVE CO-PAYMENT,9,0,1511.37,67.41,1511.37,0
202510,12268Q,A10AB06,INSULIN GLULISINE,R1,Section 85,ABOVE CO-PAYMENT,2,15.4,320.46,14.98,335.86,15.4
202510,13651L,A10AB05,INSULIN ASPART,C0,Section 85,ABOVE CO-PAYMENT,461,0,76405.7999999999,3405.35999999996,76405.7999999999,0
202510,13651L,A10AB05,INSULIN ASPART,C1,Section 85,ABOVE CO-PAYMENT,728,5320.69999999993,114955.179999998,5344.20999999991,120275.880000001,5165.59999999995
202510,13651L,A10AB05,INSULIN ASPART,G1,Section 85,ABOVE CO-PAYMENT,44,308,6856.12,319.07,7164.12,302.2
202510,13651L,A10AB05,INSULIN ASPART,G2,Section 85,ABOVE CO-PAYMENT,2160,67395.5999999982,293051.100000004,16023.6599999996,360446.700000008,67337.9999999986
202510,13651L,A10AB05,INSULIN ASPART,R0,Section 85,ABOVE CO-PAYMENT,19,0,3180.84,142.3,3180.84,0
202510,13651L,A10AB05,INSULIN ASPART,R1,Section 85,ABOVE CO-PAYMENT,10,77,1474.6,68.91,1551.6,77
202511,01921D,A10AB06,INSULIN GLULISINE,C0,Section 85,ABOVE CO-PAYMENT,13,0,1960.42,86.89,1960.42,0
202511,01921D,A10AB06,INSULIN GLULISINE,C1,Section 85,ABOVE CO-PAYMENT,10,77,1602.3,74.9,1679.3,75.4
202511,01921D,A10AB06,INSULIN GLULISINE,G1,Section 85,ABOVE CO-PAYMENT,1,7.7,160.23,7.49,167.93,7.7
202511,01921D,A10AB06,INSULIN GLULISINE,G2,Section 85,ABOVE CO-PAYMENT,19,600.4,2590.27,142.31,3190.67,599.9
202511,08084L,A10AB04,INSULIN LISPRO,C0,Section 85,ABOVE CO-PAYMENT,62,0,6149.64,296.56,6149.64,0
202511,08084L,A10AB04,INSULIN LISPRO,C1,Section 85,ABOVE CO-PAYMENT,67,508.2,6501.60000000001,339.77,7009.8,492.2
202511,08084L,A10AB04,INSULIN LISPRO,G1,Section 85,ABOVE CO-PAYMENT,11,84.7,1125.38,58.92,1210.08,82.3
202511,08084L,A10AB04,INSULIN LISPRO,G2,Section 85,ABOVE CO-PAYMENT,295,9130.80000000005,21345.5399999999,1475.94000000001,30476.3400000002,9125.50000000004
202511,08084L,A10AB04,INSULIN LISPRO,G2,Section 85,UNDER CO-PAYMENT,1,27.42,0,0.98,27.42,31.6
202511,08084L,A10AB04,INSULIN LISPRO,R0,Section 85,ABOVE CO-PAYMENT,1,0,101.58,4.91,101.58,0
202511,08084L,A10AB04,INSULIN LISPRO,R1,Section 85,ABOVE CO-PAYMENT,1,7.7,93.88,4.91,101.58,7.7
202511,08212F,A10AB04,INSULIN LISPRO,C0,Section 85,ABOVE CO-PAYMENT,222,0,36759.48,1637.74,36759.48,0
202511,08212F,A10AB04,INSULIN LISPRO,C1,Section 85,ABOVE CO-PAYMENT,298,2233,47209.8800000001,2200.98,49442.8799999998,2183.40000000001
202511,08212F,A10AB04,INSULIN LISPRO,G1,Section 85,ABOVE CO-PAYMENT,26,192.5,3909.1,182.75,4101.6,190.1
202511,08212F,A10AB04,INSULIN LISPRO,G2,Section 85,ABOVE CO-PAYMENT,760,23920.3999999998,102735.279999999,5634.3999999999,126655.680000001,23897.1999999999
202511,08212F,A10AB04,INSULIN LISPRO,R0,Section 85,ABOVE CO-PAYMENT,4,0,671.52,29.96,671.52,0
202511,08212F,A10AB04,INSULIN LISPRO,R1,Section 85,ABOVE CO-PAYMENT,1,7.7,160.18,7.49,167.88,7.7
202511,08435Y,A10AB05,INSULIN ASPART,C0,Section 85,ABOVE CO-PAYMENT,1205,0,197377.440000003,8746.82999999981,197377.440000003,0
202511,08435Y,A10AB05,INSULIN ASPART,C1,Section 85,ABOVE CO-PAYMENT,2399,17463.6000000007,380067.179999988,17654.7799999999,397530.780000008,16981.8000000004
202511,08435Y,A10AB05,INSULIN ASPART,G1,Section 85,ABOVE CO-PAYMENT,112,847.000000000002,17544.74,818.310000000001,18391.74,834.200000000001
202511,08435Y,A10AB05,INSULIN ASPART,G2,Section 85,ABOVE CO-PAYMENT,4880,151841.900000014,662262.480000078,36205.1500000021,814104.380000021,151703.00000001
202511,08435Y,A10AB05,INSULIN ASPART,G2,Section 85,UNDER CO-PAYMENT,12,363.6,0,0,363.6,379.2
202511,08435Y,A10AB05,INSULIN ASPART,R0,Section 85,ABOVE CO-PAYMENT,40,7.7,6580.3,293.61,6588,7.7
202511,08435Y,A10AB05,INSULIN ASPART,R1,Section 85,ABOVE CO-PAYMENT,19,146.3,3043.42,142.31,3189.72,143.1
202511,08571D,A10AB05,INSULIN ASPART,C0,Section 85,ABOVE CO-PAYMENT,234,0,23617.7500000001,1137.41,23617.7500000001,0
202511,08571D,A10AB05,INSULIN ASPART,C1,Section 85,ABOVE CO-PAYMENT,320,2325.4,30087.5000000001,1566.29000000001,32412.9000000003,2268.60000000001
202511,08571D,A10AB05,INSULIN ASPART,G1,Section 85,ABOVE CO-PAYMENT,29,200.2,2745.62,142.39,2945.82,195.4
202511,08571D,A10AB05,INSULIN ASPART,G2,Section 85,ABOVE CO-PAYMENT,1025,32055.3999999994,72213.9800000009,5042.56999999993,104269.380000001,32030.3999999996
202511,08571D,A10AB05,INSULIN ASPART,G2,Section 85,UNDER CO-PAYMENT,2,54.84,0,1.96,54.84,63.2
202511,08571D,A10AB05,INSULIN ASPART,R0,Section 85,ABOVE CO-PAYMENT,5,0,507.9,24.55,507.9,0
202511,08571D,A10AB05,INSULIN ASPART,R1,Section 85,ABOVE CO-PAYMENT,4,30.8,375.52,19.64,406.32,30
202511,09224L,A10AB06,INSULIN GLULISINE,C0,Section 85,ABOVE CO-PAYMENT,4,0,406.32,19.64,406.32,0
202511,09224L,A10AB06,INSULIN GLULISINE,C1,Section 85,ABOVE CO-PAYMENT,1,7.7,93.88,4.91,101.58,6.9
202511,09224L,A10AB06,INSULIN GLULISINE,G1,Section 85,ABOVE CO-PAYMENT,1,7.7,93.88,4.91,101.58,6.9
202511,09224L,A10AB06,INSULIN GLULISINE,G2,Section 85,ABOVE CO-PAYMENT,11,347.6,769.78,54.01,1117.38,347.4
202511,09224L,A10AB06,INSULIN GLULISINE,R0,Section 85,ABOVE CO-PAYMENT,1,0,101.58,4.91,101.58,0
202511,11645X,A10AB04,INSULIN LISPRO,C0,Section 85,ABOVE CO-PAYMENT,59,0,15763.62,720.980000000001,15763.62,0
202511,11645X,A10AB04,INSULIN LISPRO,C1,Section 85,ABOVE CO-PAYMENT,38,277.2,8222.52,386.12,8499.72000000001,271.6
202511,11645X,A10AB04,INSULIN LISPRO,G1,Section 85,ABOVE CO-PAYMENT,17,123.2,4409.98,207.73,4533.18,120.8
202511,11645X,A10AB04,INSULIN LISPRO,G2,Section 85,ABOVE CO-PAYMENT,98,2977.3,22990.95,1179.01,25968.25,2973.3
202511,11645X,A10AB04,INSULIN LISPRO,R1,Section 85,ABOVE CO-PAYMENT,1,7.7,259.48,12.22,267.18,7.7
202511,12237C,A10AB04,INSULIN LISPRO,C0,Section 85,ABOVE CO-PAYMENT,361,0,60123.9599999997,2682.86999999998,60123.9599999997,0
202511,12237C,A10AB04,INSULIN LISPRO,C1,Section 85,ABOVE CO-PAYMENT,175,1332.1,26865.98,1247.38,28198.08,1283.3
202511,12237C,A10AB04,INSULIN LISPRO,G1,Section 85,ABOVE CO-PAYMENT,21,138.6,3386.88,157.29,3525.48,135.4
202511,12237C,A10AB04,INSULIN LISPRO,G2,Section 85,ABOVE CO-PAYMENT,531,16588.4000000001,72165.3999999996,3959.17999999995,88753.8000000002,16574.8000000001
202511,12237C,A10AB04,INSULIN LISPRO,G2,Section 85,UNDER CO-PAYMENT,3,90.9,0,0,90.9,94.8
202511,12237C,A10AB04,INSULIN LISPRO,R0,Section 85,ABOVE CO-PAYMENT,7,0,1175.16,52.43,1175.16,0
202511,12237C,A10AB04,INSULIN LISPRO,R1,Section 85,ABOVE CO-PAYMENT,5,38.5,545.42,24.39,583.92,38.5
202511,12254Y,A10AB05,INSULIN ASPART,C0,Section 85,ABOVE CO-PAYMENT,6834,0,1092041.04,48293.0099999989,1092041.04,10.7
202511,12254Y,A10AB05,INSULIN ASPART,C1,Section 85,ABOVE CO-PAYMENT,3250,22892.1000000012,486594.959999983,22032.3000000008,509487.06000001,22225.700000001
202511,12254Y,A10AB05,INSULIN ASPART,G1,Section 85,ABOVE CO-PAYMENT,438,3103.09999999998,67476.4,3130.58999999997,70579.4999999997,3064.09999999999
202511,12254Y,A10AB05,INSULIN ASPART,G2,Section 85,ABOVE CO-PAYMENT,6817,210589.400000025,888571.480000121,48469.0999999988,1099160.88,210354.600000017
202511,12254Y,A10AB05,INSULIN ASPART,G2,Section 85,UNDER CO-PAYMENT,63,1908.9,0,0,1908.9,1990.8
202511,12254Y,A10AB05,INSULIN ASPART,R0,Section 85,ABOVE CO-PAYMENT,198,7.7,31426.0600000001,1378.74,31433.7600000001,7.7
202511,12254Y,A10AB05,INSULIN ASPART,R1,Section 85,ABOVE CO-PAYMENT,37,277.2,4914.6,227.05,5191.8,272.4
202511,12268Q,A10AB06,INSULIN GLULISINE,C0,Section 85,ABOVE CO-PAYMENT,406,0,67142.0800000001,2994.26999999998,67142.0800000001,0
202511,12268Q,A10AB06,INSULIN GLULISINE,C1,Section 85,ABOVE CO-PAYMENT,86,639.1,13661.36,632.780000000001,14300.46,621.5
202511,12268Q,A10AB06,INSULIN GLULISINE,G1,Section 85,ABOVE CO-PAYMENT,20,138.6,3202.24,149.8,3340.84,135.4
202511,12268Q,A10AB06,INSULIN GLULISINE,G2,Section 85,ABOVE CO-PAYMENT,237,7393.60000000003,32067.6200000002,1754.16,39461.2200000001,7388.30000000002
202511,12268Q,A10AB06,INSULIN GLULISINE,G2,Section 85,UNDER CO-PAYMENT,1,30.31,0,0,30.31,31.6
202511,12268Q,A10AB06,INSULIN GLULISINE,R0,Section 85,ABOVE CO-PAYMENT,5,0,839.65,37.45,839.65,0
202511,12268Q,A10AB06,INSULIN GLULISINE,R1,Section 85,ABOVE CO-PAYMENT,4,30.8,640.92,29.96,671.72,29.2
202511,13651L,A10AB05,INSULIN ASPART,C0,Section 85,ABOVE CO-PAYMENT,487,0,81311.4,3613.16999999996,81311.4,31.6
202511,13651L,A10AB05,INSULIN ASPART,C1,Section 85,ABOVE CO-PAYMENT,658,4920.29999999994,103756.979999999,4821.40999999992,108677.280000001,4773.28999999996
202511,13651L,A10AB05,INSULIN ASPART,G1,Section 85,ABOVE CO-PAYMENT,72,515.9,11555.08,531.79,12070.98,504.7
202511,13651L,A10AB05,INSULIN ASPART,G2,Section 85,ABOVE CO-PAYMENT,2180,67860.2999999983,296568.600000005,16209.7399999996,364428.900000008,67798.5999999987
202511,13651L,A10AB05,INSULIN ASPART,G2,Section 85,UNDER CO-PAYMENT,2,60.6,0,0,60.6,63.2
202511,13651L,A10AB05,INSULIN ASPART,R0,Section 85,ABOVE CO-PAYMENT,9,0,1510.92,67.41,1510.92,0
202511,13651L,A10AB05,INSULIN ASPART,R1,Section 85,ABOVE CO-PAYMENT,5,38.5,800.9,37.45,839.4,37.7
202512,01921D,A10AB06,INSULIN GLULISINE,C0,Section 85,ABOVE CO-PAYMENT,32,0,5364.88,239.68,5364.88,0
202512,01921D,A10AB06,INSULIN GLULISINE,C1,Section 85,ABOVE CO-PAYMENT,8,61.6,1281.84,59.92,1343.44,59.2
202512,01921D,A10AB06,INSULIN GLULISINE,G1,Section 85,ABOVE CO-PAYMENT,4,30.8,640.92,29.96,671.72,30.8
202512,01921D,A10AB06,INSULIN GLULISINE,G2,Section 85,ABOVE CO-PAYMENT,28,884.800000000001,3594.57,199.24,4479.37,884.500000000001
202512,08084L,A10AB04,INSULIN LISPRO,C0,Section 85,ABOVE CO-PAYMENT,93,0,9446.94,456.630000000001,9446.94,0
202512,08084L,A10AB04,INSULIN LISPRO,C1,Section 85,ABOVE CO-PAYMENT,76,562.1,7150.68000000001,365.8,7712.78,546.9
202512,08084L,A10AB04,INSULIN LISPRO,G1,Section 85,ABOVE CO-PAYMENT,16,123.2,1687.48,88.38,1810.68,123.2
202512,08084L,A10AB04,INSULIN LISPRO,G2,Section 85,ABOVE CO-PAYMENT,321,10048.0000000001,22818.7399999999,1589.85000000001,32866.7400000003,10021.7
202512,08084L,A10AB04,INSULIN LISPRO,R0,Section 85,ABOVE CO-PAYMENT,3,0,304.74,14.73,304.74,0
202512,08084L,A10AB04,INSULIN LISPRO,R1,Section 85,ABOVE CO-PAYMENT,2,15.4,187.76,9.82,203.16,15.4
202512,08212F,A10AB04,INSULIN LISPRO,C0,Section 85,ABOVE CO-PAYMENT,335,0,55751.3399999997,2484.09999999999,55751.3399999997,0
202512,08212F,A10AB04,INSULIN LISPRO,C1,Section 85,ABOVE CO-PAYMENT,336,2517.9,53713.3200000001,2500.56999999999,56231.2199999997,2468.3
202512,08212F,A10AB04,INSULIN LISPRO,G1,Section 85,ABOVE CO-PAYMENT,56,423.5,8850.58000000001,413.45,9274.08,419.5
202512,08212F,A10AB04,INSULIN LISPRO,G2,Section 85,ABOVE CO-PAYMENT,939,29266.0999999996,127323.219999999,6972.03999999986,156589.320000002,29242.1999999997
202512,08212F,A10AB04,INSULIN LISPRO,G2,Section 85,UNDER CO-PAYMENT,1,30.3,0,0,30.3,31.6
202512,08212F,A10AB04,INSULIN LISPRO,R0,Section 85,ABOVE CO-PAYMENT,10,0,1678.8,74.9,1678.8,0
202512,08212F,A10AB04,INSULIN LISPRO,R1,Section 85,ABOVE CO-PAYMENT,4,30.8,640.72,29.96,671.52,29.2
202512,08435Y,A10AB05,INSULIN ASPART,C0,Section 85,ABOVE CO-PAYMENT,2023,0,336392.820000007,14973.3699999996,336392.820000007,0
202512,08435Y,A10AB05,INSULIN ASPART,C1,Section 85,ABOVE CO-PAYMENT,2594,18926.6000000009,412176.699999986,19075.7000000002,431103.300000009,18394.5000000006
202512,08435Y,A10AB05,INSULIN ASPART,G1,Section 85,ABOVE CO-PAYMENT,239,1786.40000000001,38068.4200000001,1778.08,39854.82,1756.80000000001
202512,08435Y,A10AB05,INSULIN ASPART,G2,Section 85,ABOVE CO-PAYMENT,5511,171685.900000017,746304.000000095,40800.2300000009,917989.900000024,171478.900000013
202512,08435Y,A10AB05,INSULIN ASPART,G2,Section 85,UNDER CO-PAYMENT,19,575.7,0,0,575.7,600.4
202512,08435Y,A10AB05,INSULIN ASPART,R0,Section 85,ABOVE CO-PAYMENT,55,7.7,8867.02,395.46,8874.72,7.7
202512,08435Y,A10AB05,INSULIN ASPART,R1,Section 85,ABOVE CO-PAYMENT,22,169.4,3269.56,152.8,3438.96,162.2
202512,08571D,A10AB05,INSULIN ASPART,C0,Section 85,ABOVE CO-PAYMENT,326,0,32948.2200000003,1591.82000000001,32948.2200000003,0
202512,08571D,A10AB05,INSULIN ASPART,C1,Section 85,ABOVE CO-PAYMENT,343,2487.1,31983.3100000001,1663.75000000001,34470.4100000003,2427.4
202512,08571D,A10AB05,INSULIN ASPART,G1,Section 85,ABOVE CO-PAYMENT,59,431.2,5562.02000000001,289.69,5993.22,424.8
202512,08571D,A10AB05,INSULIN ASPART,G2,Section 85,ABOVE CO-PAYMENT,1161,36233.4999999992,81549.6900000004,5689.93999999991,117783.190000002,36204.6999999994
202512,08571D,A10AB05,INSULIN ASPART,G2,Section 85,UNDER CO-PAYMENT,3,81.53,0,2.21,81.53,94.8
202512,08571D,A10AB05,INSULIN ASPART,R0,Section 85,ABOVE CO-PAYMENT,13,0,1320.54,63.83,1320.54,0
202512,08571D,A10AB05,INSULIN ASPART,R1,Section 85,ABOVE CO-PAYMENT,4,30.8,375.52,19.64,406.32,30.8
202512,09224L,A10AB06,INSULIN GLULISINE,C0,Section 85,ABOVE CO-PAYMENT,7,0,711.06,34.37,711.06,0
202512,09224L,A10AB06,INSULIN GLULISINE,G1,Section 85,ABOVE CO-PAYMENT,2,15.4,187.76,9.82,203.16,15.4
202512,09224L,A10AB06,INSULIN GLULISINE,G2,Section 85,ABOVE CO-PAYMENT,10,316,699.8,49.1,1015.8,315.9
202512,11645X,A10AB04,INSULIN LISPRO,C0,Section 85,ABOVE CO-PAYMENT,111,0,29450.34,1346.64,29450.34,0
202512,11645X,A10AB04,INSULIN LISPRO,C1,Section 85,ABOVE CO-PAYMENT,26,192.5,6545.79,306.19,6738.29,186.1
202512,11645X,A10AB04,INSULIN LISPRO,G1,Section 85,ABOVE CO-PAYMENT,27,207.9,6799.32,320.16,7007.22,203
202512,11645X,A10AB04,INSULIN LISPRO,G2,Section 85,ABOVE CO-PAYMENT,109,3300.99999999999,25821.6200000001,1331.98,29122.62,3297.7
202512,11645X,A10AB04,INSULIN LISPRO,R0,Section 85,ABOVE CO-PAYMENT,5,0,1335.9,61.1,1335.9,0
202512,11645X,A10AB04,INSULIN LISPRO,R1,Section 85,ABOVE CO-PAYMENT,1,7.7,259.48,12.22,267.18,6.9
202512,12237C,A10AB04,INSULIN LISPRO,C0,Section 85,ABOVE CO-PAYMENT,557,0,93091.4400000003,4148.12999999994,93091.4400000003,0
202512,12237C,A10AB04,INSULIN LISPRO,C1,Section 85,ABOVE CO-PAYMENT,168,1278.2,26038.12,1206.75,27316.32,1233.6
202512,12237C,A10AB04,INSULIN LISPRO,G1,Section 85,ABOVE CO-PAYMENT,54,400.4,8665.12000000001,404.46,9065.52,392.4
202512,12237C,A10AB04,INSULIN LISPRO,G2,Section 85,ABOVE CO-PAYMENT,563,17551.8000000001,76701.3599999995,4204.84999999994,94253.1600000003,17523.5000000001
202512,12237C,A10AB04,INSULIN LISPRO,G2,Section 85,UNDER CO-PAYMENT,3,90.9,0,0,90.9,94.8
202512,12237C,A10AB04,INSULIN LISPRO,R0,Section 85,ABOVE CO-PAYMENT,13,0,2055.24,91.38,2055.24,0
202512,12237C,A10AB04,INSULIN LISPRO,R1,Section 85,ABOVE CO-PAYMENT,2,15.4,320.36,14.98,335.76,14.6
202512,12254Y,A10AB05,INSULIN ASPART,C0,Section 85,ABOVE CO-PAYMENT,10726,0,1740491.39999957,77216.2300000023,1740491.39999957,0
202512,12254Y,A10AB05,INSULIN ASPART,C1,Section 85,ABOVE CO-PAYMENT,3387,23669.8000000013,508416.379999982,23146.860000001,532086.18000001,22984.8100000012
202512,12254Y,A10AB05,INSULIN ASPART,G1,Section 85,ABOVE CO-PAYMENT,846,6183.09999999991,133799.419999997,6217.21999999989,139982.520000002,6073.29999999992
202512,12254Y,A10AB05,INSULIN ASPART,G2,Section 85,ABOVE CO-PAYMENT,7427,229578.600000029,969150.180000137,52991.8499999976,1198728.77999993,229188.600000019
202512,12254Y,A10AB05,INSULIN ASPART,G2,Section 85,UNDER CO-PAYMENT,56,1696.8,0,0,1696.8,1769.6
202512,12254Y,A10AB05,INSULIN ASPART,R0,Section 85,ABOVE CO-PAYMENT,217,7.7,35551.12,1581.23,35558.82,7.7
202512,12254Y,A10AB05,INSULIN ASPART,R1,Section 85,ABOVE CO-PAYMENT,55,415.8,7289.04,337.91,7704.84000000001,408.6
202512,12268Q,A10AB06,INSULIN GLULISINE,C0,Section 85,ABOVE CO-PAYMENT,590,0,97768.9099999989,4365.59999999994,97768.9099999989,0
202512,12268Q,A10AB06,INSULIN GLULISINE,C1,Section 85,ABOVE CO-PAYMENT,119,870.100000000002,18328.66,856.870000000001,19198.76,850.900000000001
202512,12268Q,A10AB06,INSULIN GLULISINE,G1,Section 85,ABOVE CO-PAYMENT,48,354.2,7633.93999999999,356.52,7988.14000000001,350.1
202512,12268Q,A10AB06,INSULIN GLULISINE,G2,Section 85,ABOVE CO-PAYMENT,255,7914.60000000004,34570.6100000002,1893.89,42485.2100000001,7907.40000000003
202512,12268Q,A10AB06,INSULIN GLULISINE,R0,Section 85,ABOVE CO-PAYMENT,11,0,1847.23,82.39,1847.23,0
202512,12268Q,A10AB06,INSULIN GLULISINE,R1,Section 85,ABOVE CO-PAYMENT,1,7.7,160.23,7.49,167.93,6.9
202512,13651L,A10AB05,INSULIN ASPART,C0,Section 85,ABOVE CO-PAYMENT,805,0,133216.860000001,5929.92999999989,133216.860000001,6.9
202512,13651L,A10AB05,INSULIN ASPART,C1,Section 85,ABOVE CO-PAYMENT,742,5482.39999999993,117275.259999998,5412.89999999991,122757.660000001,5312.79999999994
202512,13651L,A10AB05,INSULIN ASPART,G1,Section 85,ABOVE CO-PAYMENT,118,870.100000000002,18923.36,876.330000000001,19793.46,852.600000000001
202512,13651L,A10AB05,INSULIN ASPART,G2,Section 85,ABOVE CO-PAYMENT,2466,76993.4999999999,333988.620000012,18272.75,410982.120000009,76900.3999999998
202512,13651L,A10AB05,INSULIN ASPART,G2,Section 85,UNDER CO-PAYMENT,1,30.3,0,0,30.3,31.6
202512,13651L,A10AB05,INSULIN ASPART,R0,Section 85,ABOVE CO-PAYMENT,21,0,3525.48,157.29,3525.48,0
202512,13651L,A10AB05,INSULIN ASPART,R1,Section 85,ABOVE CO-PAYMENT,5,38.5,672.62,30.38,711.12,38.5
202601,01921D,A10AB06,INSULIN GLULISINE,C1,Section 85,ABOVE CO-PAYMENT,24,177.1,3725.98,173.77,3903.08,174.1
202601,01921D,A10AB06,INSULIN GLULISINE,G2,Section 85,ABOVE CO-PAYMENT,19,475,2715.67,142.31,3190.67,475
202601,01921D,A10AB06,INSULIN GLULISINE,R1,Section 85,ABOVE CO-PAYMENT,1,7.7,160.23,7.49,167.93,7.7
202601,08084L,A10AB04,INSULIN LISPRO,C1,Section 85,ABOVE CO-PAYMENT,98,723.800000000001,9082.72,473.320000000001,9806.52,711.460000000001
202601,08084L,A10AB04,INSULIN LISPRO,G2,Section 85,ABOVE CO-PAYMENT,303,7505.8,23606.6600000002,1505.40000000001,31112.4600000002,7505.8
202601,08084L,A10AB04,INSULIN LISPRO,R1,Section 85,ABOVE CO-PAYMENT,4,30.8,375.52,19.64,406.32,30.2
202601,08212F,A10AB04,INSULIN LISPRO,C1,Section 85,ABOVE CO-PAYMENT,378,2825.89999999999,59742.3400000001,2789.28999999998,62568.2399999996,2795.19999999999
202601,08212F,A10AB04,INSULIN LISPRO,G2,Section 85,ABOVE CO-PAYMENT,753,18652,106516.940000001,5573.4099999999,125168.940000001,18658
202601,08212F,A10AB04,INSULIN LISPRO,R1,Section 85,ABOVE CO-PAYMENT,8,61.6,1281.44,59.92,1343.04,61
202601,08435Y,A10AB05,INSULIN ASPART,C0,Section 85,ABOVE CO-PAYMENT,1,0,167.88,7.49,167.88,0
202601,08435Y,A10AB05,INSULIN ASPART,C1,Section 85,ABOVE CO-PAYMENT,3068,22399.3000000012,482566.579999983,22398.0300000009,504965.880000011,22000.6000000008
202601,08435Y,A10AB05,INSULIN ASPART,G2,Section 85,ABOVE CO-PAYMENT,4934,121498.9,697912.40000002,36394.7600000021,819411.300000021,121535.65
202601,08435Y,A10AB05,INSULIN ASPART,R1,Section 85,ABOVE CO-PAYMENT,42,323.4,6600.36,308.59,6923.76,318.6
202601,08571D,A10AB05,INSULIN ASPART,C1,Section 85,ABOVE CO-PAYMENT,461,3403.39999999998,43091.2599999999,2245.83000000001,46494.6600000005,3351.39999999998
202601,08571D,A10AB05,INSULIN ASPART,G2,Section 85,ABOVE CO-PAYMENT,1051,25894.4,80792.0200000014,5156.46999999992,106686.420000002,25900.15
202601,08571D,A10AB05,INSULIN ASPART,G2,Section 85,UNDER CO-PAYMENT,1,17.56,0,0,17.56,25
202601,08571D,A10AB05,INSULIN ASPART,R1,Section 85,ABOVE CO-PAYMENT,8,61.6,751.04,39.28,812.64,61.6
202601,09224L,A10AB06,INSULIN GLULISINE,C1,Section 85,ABOVE CO-PAYMENT,1,7.7,93.88,4.91,101.58,7.7
202601,09224L,A10AB06,INSULIN GLULISINE,G2,Section 85,ABOVE CO-PAYMENT,6,150,459.48,29.46,609.48,150
202601,09224L,A10AB06,INSULIN GLULISINE,G2,Section 85,UNDER CO-PAYMENT,1,17.56,0,0,17.56,25
202601,09224L,A10AB06,INSULIN GLULISINE,R1,Section 85,ABOVE CO-PAYMENT,1,7.7,93.88,4.91,101.58,7.7
202601,11645X,A10AB04,INSULIN LISPRO,C1,Section 85,ABOVE CO-PAYMENT,79,562.1,19821.88,931.150000000002,20383.98,551.8
202601,11645X,A10AB04,INSULIN LISPRO,G2,Section 85,ABOVE CO-PAYMENT,99,2302,23933.3,1199.99,26235.3,2301.4
202601,12237C,A10AB04,INSULIN LISPRO,C1,Section 85,ABOVE CO-PAYMENT,375,2741.19999999999,58773.9200000001,2741.33999999998,61515.1199999997,2694.99999999999
202601,12237C,A10AB04,INSULIN LISPRO,G2,Section 85,ABOVE CO-PAYMENT,516,12709.7,73556.1999999998,3846.83999999995,86265.9000000001,12709.1
202601,12237C,A10AB04,INSULIN LISPRO,R1,Section 85,ABOVE CO-PAYMENT,5,38.5,672.62,30.38,711.12,38.5
202601,12254Y,A10AB05,INSULIN ASPART,C0,Section 85,ABOVE CO-PAYMENT,6,0,998.4,44.93,998.4,0
202601,12254Y,A10AB05,INSULIN ASPART,C1,Section 85,ABOVE CO-PAYMENT,7439,53430.2999999944,1115530.02000011,51217.5499999981,1168960.31999996,52597.4599999944
202601,12254Y,A10AB05,INSULIN ASPART,G2,Section 85,ABOVE CO-PAYMENT,6992,171426.5,949715.140000037,49301.9099999986,1121141.63999999,171378.2
202601,12254Y,A10AB05,INSULIN ASPART,G2,Section 85,UNDER CO-PAYMENT,1,40.68,0,1.5,40.68,0.1
202601,12254Y,A10AB05,INSULIN ASPART,R1,Section 85,ABOVE CO-PAYMENT,156,1155,22863.96,1046.21,24018.96,1143
202601,12268Q,A10AB06,INSULIN GLULISINE,C1,Section 85,ABOVE CO-PAYMENT,263,1878.80000000001,41272.5400000001,1921.95,43151.3400000001,1859.10000000001
202601,12268Q,A10AB06,INSULIN GLULISINE,G2,Section 85,ABOVE CO-PAYMENT,254,6246.2,35878.7200000001,1875.92,42124.9200000001,6246.2
202601,12268Q,A10AB06,INSULIN GLULISINE,R1,Section 85,ABOVE CO-PAYMENT,8,61.6,1281.84,59.92,1343.44,61
202601,13651L,A10AB05,INSULIN ASPART,C1,Section 85,ABOVE CO-PAYMENT,903,6706.6999999999,142315.719999997,6616.03999999987,149022.420000002,6577.19999999994
202601,13651L,A10AB05,INSULIN ASPART,G2,Section 85,ABOVE CO-PAYMENT,2178,53671.5,309528.360000007,16149.9399999996,363199.860000008,53679.3
202601,13651L,A10AB05,INSULIN ASPART,R0,Section 85,ABOVE CO-PAYMENT,1,0,39.6,0.42,39.6,0
202601,13651L,A10AB05,INSULIN ASPART,R1,Section 85,ABOVE CO-PAYMENT,13,100.1,1955.14,91.38,2055.24,99.5
202602,01921D,A10AB06,INSULIN GLULISINE,C1,Section 85,ABOVE CO-PAYMENT,20,154,3109.17,145.31,3263.17,151
202602,01921D,A10AB06,INSULIN GLULISINE,G2,Section 85,ABOVE CO-PAYMENT,21,525,3001.53,157.29,3526.53,525
202602,08084L,A10AB04,INSULIN LISPRO,C1,Section 85,ABOVE CO-PAYMENT,103,785.400000000001,9677.34,505.730000000001,10462.74,768.260000000001
202602,08084L,A10AB04,INSULIN LISPRO,G2,Section 85,ABOVE CO-PAYMENT,257,6321.2,19821.9400000001,1263.83,26143.1400000002,6320
202602,08084L,A10AB04,INSULIN LISPRO,R1,Section 85,ABOVE CO-PAYMENT,1,7.7,93.88,4.91,101.58,7.7
202602,08212F,A10AB04,INSULIN LISPRO,C1,Section 85,ABOVE CO-PAYMENT,430,3226.29999999998,68188.94,3183.65999999997,71415.2399999997,3171.69999999998
202602,08212F,A10AB04,INSULIN LISPRO,G2,Section 85,ABOVE CO-PAYMENT,714,17625.1,102120.560000001,5335.84999999991,119745.660000001,17622.7
202602,08212F,A10AB04,INSULIN LISPRO,R1,Section 85,ABOVE CO-PAYMENT,7,53.9,1121.26,52.43,1175.16,53.3
202602,08435Y,A10AB05,INSULIN ASPART,C0,Section 85,ABOVE CO-PAYMENT,15,0,2391,106.36,2391,0
202602,08435Y,A10AB05,INSULIN ASPART,C1,Section 85,ABOVE CO-PAYMENT,3078,22468.6000000012,483710.059999983,22448.8300000009,506178.660000011,22065.4600000008
202602,08435Y,A10AB05,INSULIN ASPART,G2,Section 85,ABOVE CO-PAYMENT,4738,116650.8,669241.260000019,34884.1600000025,785892.06000002,116647.9
202602,08435Y,A10AB05,INSULIN ASPART,R0,Section 85,ABOVE CO-PAYMENT,1,0,167.88,7.49,167.88,0
202602,08435Y,A10AB05,INSULIN ASPART,R1,Section 85,ABOVE CO-PAYMENT,47,361.9,7392.38000000001,346.03,7754.28000000001,354.7
202602,08571D,A10AB05,INSULIN ASPART,C0,Section 85,ABOVE CO-PAYMENT,1,0,101.58,4.91,101.58,0
202602,08571D,A10AB05,INSULIN ASPART,C1,Section 85,ABOVE CO-PAYMENT,484,3595.89999999997,45231.4499999998,2355.08000000001,48827.3500000005,3549.89999999997
202602,08571D,A10AB05,INSULIN ASPART,G2,Section 85,ABOVE CO-PAYMENT,1002,24825.1,77042.6600000013,4925.70999999993,101867.760000001,24823.9
202602,08571D,A10AB05,INSULIN ASPART,R1,Section 85,ABOVE CO-PAYMENT,10,77,938.8,49.1,1015.8,76.4
202602,09224L,A10AB06,INSULIN GLULISINE,C1,Section 85,ABOVE CO-PAYMENT,5,38.5,469.4,24.55,507.9,36.7
202602,09224L,A10AB06,INSULIN GLULISINE,G2,Section 85,ABOVE CO-PAYMENT,5,125,382.9,24.55,507.9,125
202602,09224L,A10AB06,INSULIN GLULISINE,R1,Section 85,ABOVE CO-PAYMENT,1,7.7,93.88,4.91,101.58,7.7
202602,11645X,A10AB04,INSULIN LISPRO,C0,Section 85,ABOVE CO-PAYMENT,3,0,698.22,31.77,698.22,0
202602,11645X,A10AB04,INSULIN LISPRO,C1,Section 85,ABOVE CO-PAYMENT,71,515.9,18453.88,867.620000000002,18969.78,503.9
202602,11645X,A10AB04,INSULIN LISPRO,G2,Section 85,ABOVE CO-PAYMENT,110,2698.1,26328.33,1325.34,29026.43,2698.1
202602,11645X,A10AB04,INSULIN LISPRO,R1,Section 85,ABOVE CO-PAYMENT,2,15.4,518.96,24.44,534.36,15.4
202602,12237C,A10AB04,INSULIN LISPRO,C0,Section 85,ABOVE CO-PAYMENT,6,0,880.08,38.95,880.08,0
202602,12237C,A10AB04,INSULIN LISPRO,C1,Section 85,ABOVE CO-PAYMENT,427,3226.29999999998,66911.3,3123.33999999997,70137.5999999997,3168.69999999998
202602,12237C,A10AB04,INSULIN LISPRO,G2,Section 85,ABOVE CO-PAYMENT,524,12944.3,74487.8799999998,3899.25999999995,87432.1800000002,12943.7
202602,12237C,A10AB04,INSULIN LISPRO,R1,Section 85,ABOVE CO-PAYMENT,7,53.9,1023.7,45.79,1077.6,53.3
202602,12254Y,A10AB05,INSULIN ASPART,C0,Section 85,ABOVE CO-PAYMENT,97,0,14939.88,663.620000000001,14939.88,0
202602,12254Y,A10AB05,INSULIN ASPART,C1,Section 85,ABOVE CO-PAYMENT,7639,54931.7999999939,1149546.90000009,52833.7099999977,1204478.69999993,54094.2599999939
202602,12254Y,A10AB05,INSULIN ASPART,G2,Section 85,ABOVE CO-PAYMENT,6865,167853.6,932162.940000036,48451.4399999988,1100016.54,167831.9
202602,12254Y,A10AB05,INSULIN ASPART,R0,Section 85,ABOVE CO-PAYMENT,1,0,167.88,7.49,167.88,0
202602,12254Y,A10AB05,INSULIN ASPART,R1,Section 85,ABOVE CO-PAYMENT,180,1324.4,27009.22,1247.6,28333.62,1317.2
202602,12268Q,A10AB06,INSULIN GLULISINE,C0,Section 85,ABOVE CO-PAYMENT,5,0,830.77,37.45,830.77,0
202602,12268Q,A10AB06,INSULIN GLULISINE,C1,Section 85,ABOVE CO-PAYMENT,324,2379.3,51200.8000000003,2385.65999999999,53580.1000000001,2341.5
202602,12268Q,A10AB06,INSULIN GLULISINE,G2,Section 85,ABOVE CO-PAYMENT,232,5661.6,33162.0400000001,1731.69,38823.6400000001,5661.6
202602,12268Q,A10AB06,INSULIN GLULISINE,R1,Section 85,ABOVE CO-PAYMENT,5,38.5,801.15,37.45,839.65,37.9
202602,13651L,A10AB05,INSULIN ASPART,C0,Section 85,ABOVE CO-PAYMENT,3,0,503.64,22.47,503.64,0
202602,13651L,A10AB05,INSULIN ASPART,C1,Section 85,ABOVE CO-PAYMENT,970,7160.99999999989,154088.759999997,7136.45999999986,161249.760000002,7036.19999999994
202602,13651L,A10AB05,INSULIN ASPART,G2,Section 85,ABOVE CO-PAYMENT,2130,52194.7,302316.440000006,15694.4899999996,354511.140000007,52187.5
202602,13651L,A10AB05,INSULIN ASPART,R1,Section 85,ABOVE CO-PAYMENT,20,146.3,3211.3,149.8,3357.6,143.9
202603,01921D,A10AB06,INSULIN GLULISINE,C0,Section 85,ABOVE CO-PAYMENT,1,0,167.93,7.49,167.93,0
202603,01921D,A10AB06,INSULIN GLULISINE,C1,Section 85,ABOVE CO-PAYMENT,26,177.1,4189.08,194.74,4366.18,172.3
202603,01921D,A10AB06,INSULIN GLULISINE,G2,Section 85,ABOVE CO-PAYMENT,28,700,4002.04,209.72,4702.04,700
202603,01921D,A10AB06,INSULIN GLULISINE,R0,Section 85,ABOVE CO-PAYMENT,1,0,167.93,7.49,167.93,0
202603,01921D,A10AB06,INSULIN GLULISINE,R1,Section 85,ABOVE CO-PAYMENT,1,7.7,160.23,7.49,167.93,7.7
202603,08084L,A10AB04,INSULIN LISPRO,C0,Section 85,ABOVE CO-PAYMENT,2,0,203.16,9.82,203.16,0
202603,08084L,A10AB04,INSULIN LISPRO,C1,Section 85,ABOVE CO-PAYMENT,149,1070.3,14139.28,735.51,15209.58,1053.5
202603,08084L,A10AB04,INSULIN LISPRO,G2,Section 85,ABOVE CO-PAYMENT,371,9205.8,28943.8800000003,1846.15000000001,38149.6800000004,9205.8
202603,08084L,A10AB04,INSULIN LISPRO,R0,Section 85,ABOVE CO-PAYMENT,1,0,101.58,4.91,101.58,0
202603,08084L,A10AB04,INSULIN LISPRO,R1,Section 85,ABOVE CO-PAYMENT,4,30.8,375.52,19.64,406.32,30.8
202603,08212F,A10AB04,INSULIN LISPRO,C0,Section 85,ABOVE CO-PAYMENT,12,0,1760.16,77.9,1760.16,0
202603,08212F,A10AB04,INSULIN LISPRO,C1,Section 85,ABOVE CO-PAYMENT,531,3973.19999999996,84524.1599999993,3932.65999999995,88497.3600000002,3915.59999999997
202603,08212F,A10AB04,INSULIN LISPRO,G2,Section 85,ABOVE CO-PAYMENT,1013,25030.9,143754.200000002,7518.46999999984,168785.100000002,25029.1
202603,08212F,A10AB04,INSULIN LISPRO,R0,Section 85,ABOVE CO-PAYMENT,1,0,167.88,7.49,167.88,0
202603,08212F,A10AB04,INSULIN LISPRO,R1,Section 85,ABOVE CO-PAYMENT,9,69.3,1441.62,67.41,1510.92,68.1
202603,08435Y,A10AB05,INSULIN ASPART,C0,Section 85,ABOVE CO-PAYMENT,84,0,13306.92,591.700000000001,13306.92,0
202603,08435Y,A10AB05,INSULIN ASPART,C1,Section 85,ABOVE CO-PAYMENT,3980,29059.8000000018,629263.800000013,29241.3300000023,658323.600000016,28564.720000001
202603,08435Y,A10AB05,INSULIN ASPART,G2,Section 85,ABOVE CO-PAYMENT,6277,154641.4,888070.820000029,46320.1299999994,1042712.22000003,154611.3
202603,08435Y,A10AB05,INSULIN ASPART,R0,Section 85,ABOVE CO-PAYMENT,3,0,503.64,22.47,503.64,0
202603,08435Y,A10AB05,INSULIN ASPART,R1,Section 85,ABOVE CO-PAYMENT,62,469.7,9869.86000000001,456.01,10339.56,461.9
202603,08571D,A10AB05,INSULIN ASPART,C0,Section 85,ABOVE CO-PAYMENT,8,0,812.64,39.28,812.64,0
202603,08571D,A10AB05,INSULIN ASPART,C1,Section 85,ABOVE CO-PAYMENT,619,4566.09999999995,58089.4399999995,3027.50999999999,62655.5400000008,4502.65999999996
202603,08571D,A10AB05,INSULIN ASPART,G2,Section 85,ABOVE CO-PAYMENT,1262,31117.5,96864.4200000018,6186.58999999989,127981.920000002,31115.1
202603,08571D,A10AB05,INSULIN ASPART,R0,Section 85,ABOVE CO-PAYMENT,1,0,101.58,4.91,101.58,0
202603,08571D,A10AB05,INSULIN ASPART,R1,Section 85,ABOVE CO-PAYMENT,10,77,938.8,49.1,1015.8,75.8
202603,09224L,A10AB06,INSULIN GLULISINE,C1,Section 85,ABOVE CO-PAYMENT,6,38.5,570.98,29.46,609.48,38.5
202603,09224L,A10AB06,INSULIN GLULISINE,G2,Section 85,ABOVE CO-PAYMENT,10,250,765.8,49.1,1015.8,250
202603,11645X,A10AB04,INSULIN LISPRO,C0,Section 85,ABOVE CO-PAYMENT,11,0,2732.34,124.64,2732.34,0
202603,11645X,A10AB04,INSULIN LISPRO,C1,Section 85,ABOVE CO-PAYMENT,92,685.300000000001,23585.3,1109.57,24270.6,675.700000000001
202603,11645X,A10AB04,INSULIN LISPRO,G2,Section 85,ABOVE CO-PAYMENT,145,3555.8,34565.38,1742.56,38121.18,3555.8
202603,11645X,A10AB04,INSULIN LISPRO,R1,Section 85,ABOVE CO-PAYMENT,6,46.2,1556.88,73.32,1603.08,46.2
202603,12237C,A10AB04,INSULIN LISPRO,C0,Section 85,ABOVE CO-PAYMENT,30,0,4782,212.72,4782,0
202603,12237C,A10AB04,INSULIN LISPRO,C1,Section 85,ABOVE CO-PAYMENT,537,4034.79999999996,84778.6399999993,3944.18999999995,88813.4400000002,3975.99999999996
202603,12237C,A10AB04,INSULIN LISPRO,G2,Section 85,ABOVE CO-PAYMENT,708,17423.2,100826.300000001,5265.45999999991,118249.500000001,17404.1
202603,12237C,A10AB04,INSULIN LISPRO,R1,Section 85,ABOVE CO-PAYMENT,12,92.4,1922.16,89.88,2014.56,92.4
202603,12254Y,A10AB05,INSULIN ASPART,C0,Section 85,ABOVE CO-PAYMENT,679,0,108414.960000001,4814.53999999992,108414.960000001,0
202603,12254Y,A10AB05,INSULIN ASPART,C1,Section 85,ABOVE CO-PAYMENT,8710,63039.8999999908,1314867.30000002,60506.2899999955,1377907.19999982,62079.3399999912
202603,12254Y,A10AB05,INSULIN ASPART,G2,Section 85,ABOVE CO-PAYMENT,8341,204200.000000001,1136263.47999998,59223.029999996,1340463.47999984,204155.200000001
202603,12254Y,A10AB05,INSULIN ASPART,R0,Section 85,ABOVE CO-PAYMENT,22,7.7,3680.26,159.41,3687.96,7.7
202603,12254Y,A10AB05,INSULIN ASPART,R1,Section 85,ABOVE CO-PAYMENT,206,1555.40000000001,30034.36,1394.18,31589.7600000001,1541.6
202603,12268Q,A10AB06,INSULIN GLULISINE,C0,Section 85,ABOVE CO-PAYMENT,36,0,5918.24,263.65,5918.24,0
202603,12268Q,A10AB06,INSULIN GLULISINE,C1,Section 85,ABOVE CO-PAYMENT,362,2710.39999999999,56838.5900000004,2651.89999999999,59548.9900000001,2672.09999999999
202603,12268Q,A10AB06,INSULIN GLULISINE,G2,Section 85,ABOVE CO-PAYMENT,282,6946.2,39746.4400000001,2072.58,46692.6400000001,6945.6
202603,12268Q,A10AB06,INSULIN GLULISINE,R0,Section 85,ABOVE CO-PAYMENT,1,0,167.93,7.49,167.93,0
202603,12268Q,A10AB06,INSULIN GLULISINE,R1,Section 85,ABOVE CO-PAYMENT,7,53.9,1121.61,52.43,1175.51,52.1
202603,13651L,A10AB05,INSULIN ASPART,C0,Section 85,ABOVE CO-PAYMENT,20,0,3357.6,149.8,3357.6,0
202603,13651L,A10AB05,INSULIN ASPART,C1,Section 85,ABOVE CO-PAYMENT,1299,9655.80000000001,205909.319999994,9516.10999999979,215565.120000004,9500.50000000004
202603,13651L,A10AB05,INSULIN ASPART,G2,Section 85,ABOVE CO-PAYMENT,2889,71394.6,408080.16000001,21298.3000000006,479474.760000011,71393.4
202603,13651L,A10AB05,INSULIN ASPART,R0,Section 85,ABOVE CO-PAYMENT,2,0,335.76,14.98,335.76,0
202603,13651L,A10AB05,INSULIN ASPART,R1,Section 85,ABOVE CO-PAYMENT,18,138.6,2883.24,134.82,3021.84,138.6
202604,01921D,A10AB06,INSULIN GLULISINE,C0,Section 85,ABOVE CO-PAYMENT,3,0,503.79,22.47,503.79,0
202604,01921D,A10AB06,INSULIN GLULISINE,C1,Section 85,ABOVE CO-PAYMENT,21,161.7,3364.83,157.29,3526.53,159.9
202604,01921D,A10AB06,INSULIN GLULISINE,G2,Section 85,ABOVE CO-PAYMENT,19,475,2715.67,142.31,3190.67,475
202604,01921D,A10AB06,INSULIN GLULISINE,R1,Section 85,ABOVE CO-PAYMENT,1,7.7,160.23,7.49,167.93,7.1
202604,08084L,A10AB04,INSULIN LISPRO,C0,Section 85,ABOVE CO-PAYMENT,10,0,1015.8,49.1,1015.8,0
202604,08084L,A10AB04,INSULIN LISPRO,C1,Section 85,ABOVE CO-PAYMENT,129,977.900000000002,11885.68,621.600000000001,12863.58,960.620000000002
202604,08084L,A10AB04,INSULIN LISPRO,G2,Section 85,ABOVE CO-PAYMENT,322,7963.5,24673.4400000002,1580.04000000001,32636.9400000003,7962.9
202604,08084L,A10AB04,INSULIN LISPRO,R0,Section 85,ABOVE CO-PAYMENT,1,0,101.58,4.91,101.58,0
202604,08084L,A10AB04,INSULIN LISPRO,R1,Section 85,ABOVE CO-PAYMENT,1,7.7,93.88,4.91,101.58,7.7
202604,08212F,A10AB04,INSULIN LISPRO,C0,Section 85,ABOVE CO-PAYMENT,40,0,6460.8,287.62,6460.8,0
202604,08212F,A10AB04,INSULIN LISPRO,C1,Section 85,ABOVE CO-PAYMENT,446,3357.19999999998,70904.1999999999,3312.06999999997,74261.3999999998,3304.59999999998
202604,08212F,A10AB04,INSULIN LISPRO,G2,Section 85,ABOVE CO-PAYMENT,772,19127,109961.980000001,5749.0799999999,129088.980000001,19124.6
202604,08212F,A10AB04,INSULIN LISPRO,R0,Section 85,ABOVE CO-PAYMENT,1,0,167.88,7.49,167.88,0
202604,08212F,A10AB04,INSULIN LISPRO,R1,Section 85,ABOVE CO-PAYMENT,7,53.9,1121.26,52.43,1175.16,53.3
202604,08435Y,A10AB05,INSULIN ASPART,C0,Section 85,ABOVE CO-PAYMENT,243,0,39818.04,1757.57,39818.04,0
202604,08435Y,A10AB05,INSULIN ASPART,C1,Section 85,ABOVE CO-PAYMENT,3060,22376.2000000012,483233.779999983,22412.5600000009,505609.980000011,21954.7200000008
202604,08435Y,A10AB05,INSULIN ASPART,G1,Section 85,ABOVE CO-PAYMENT,2,0,335.76,14.98,335.76,0
202604,08435Y,A10AB05,INSULIN ASPART,G2,Section 85,ABOVE CO-PAYMENT,4980,122527.8,706648.860000021,36755.170000002,829176.660000021,122514.7
202604,08435Y,A10AB05,INSULIN ASPART,R0,Section 85,ABOVE CO-PAYMENT,11,0,1846.68,82.39,1846.68,0
202604,08435Y,A10AB05,INSULIN ASPART,R1,Section 85,ABOVE CO-PAYMENT,54,408.1,8530.22000000001,398.47,8938.32,403.9
202604,08571D,A10AB05,INSULIN ASPART,C0,Section 85,ABOVE CO-PAYMENT,46,0,4598.52,221.94,4598.52,0
202604,08571D,A10AB05,INSULIN ASPART,C1,Section 85,ABOVE CO-PAYMENT,468,3434.19999999998,43660.2799999999,2274.31000000001,47094.4800000005,3396.49999999998
202604,08571D,A10AB05,INSULIN ASPART,G2,Section 85,ABOVE CO-PAYMENT,1053,25961.7,80897.1200000014,5162.36999999992,106858.820000002,25976.6
202604,08571D,A10AB05,INSULIN ASPART,R0,Section 85,ABOVE CO-PAYMENT,2,0,203.16,9.82,203.16,0
202604,08571D,A10AB05,INSULIN ASPART,R1,Section 85,ABOVE CO-PAYMENT,8,61.6,751.04,39.28,812.64,60.4
202604,09224L,A10AB06,INSULIN GLULISINE,C1,Section 85,ABOVE CO-PAYMENT,3,15.4,289.34,14.73,304.74,14.8
202604,09224L,A10AB06,INSULIN GLULISINE,G2,Section 85,ABOVE CO-PAYMENT,7,175,536.06,34.37,711.06,175
202604,11645X,A10AB04,INSULIN LISPRO,C0,Section 85,ABOVE CO-PAYMENT,20,0,5136.96,234.62,5136.96,0
202604,11645X,A10AB04,INSULIN LISPRO,C1,Section 85,ABOVE CO-PAYMENT,88,662.2,22436.36,1055.8,23098.56,651.900000000001
202604,11645X,A10AB04,INSULIN LISPRO,G2,Section 85,ABOVE CO-PAYMENT,145,3538.5,34409.94,1735.21,37948.44,3538.5
202604,11645X,A10AB04,INSULIN LISPRO,R0,Section 85,ABOVE CO-PAYMENT,1,0,267.18,12.22,267.18,0
202604,11645X,A10AB04,INSULIN LISPRO,R1,Section 85,ABOVE CO-PAYMENT,2,15.4,518.96,24.44,534.36,15.4
202604,12237C,A10AB04,INSULIN LISPRO,C0,Section 85,ABOVE CO-PAYMENT,88,0,14183.58,623.580000000001,14183.58,0
202604,12237C,A10AB04,INSULIN LISPRO,C1,Section 85,ABOVE CO-PAYMENT,422,3133.89999999998,65708.0600000001,3062.74999999997,68841.9599999997,3085.29999999998
202604,12237C,A10AB04,INSULIN LISPRO,G2,Section 85,ABOVE CO-PAYMENT,569,14034.7,80546.48,4215.76999999994,94581.1800000004,14032.9
202604,12237C,A10AB04,INSULIN LISPRO,R0,Section 85,ABOVE CO-PAYMENT,1,0,167.88,7.49,167.88,0
202604,12237C,A10AB04,INSULIN LISPRO,R1,Section 85,ABOVE CO-PAYMENT,9,69.3,1441.62,67.41,1510.92,68.1
202604,12254Y,A10AB05,INSULIN ASPART,C0,Section 85,ABOVE CO-PAYMENT,1723,0,271303.560000005,12027.4099999997,271303.560000005,0
202604,12254Y,A10AB05,INSULIN ASPART,C1,Section 85,ABOVE CO-PAYMENT,7101,51335.8999999952,1076408.26000012,49454.5299999986,1127744.15999998,50404.6999999952
202604,12254Y,A10AB05,INSULIN ASPART,G1,Section 85,ABOVE CO-PAYMENT,4,23.1,648.42,29.96,671.52,23.1
202604,12254Y,A10AB05,INSULIN ASPART,G2,Section 85,ABOVE CO-PAYMENT,7369,180297.900000001,990882.36000004,51653.239999998,1171180.25999995,180250.100000001
202604,12254Y,A10AB05,INSULIN ASPART,R0,Section 85,ABOVE CO-PAYMENT,53,0,8293.44000000001,368.51,8293.44000000001,0
202604,12254Y,A10AB05,INSULIN ASPART,R1,Section 85,ABOVE CO-PAYMENT,156,1147.3,21550.28,988.620000000001,22697.58,1123.4
202604,12268Q,A10AB06,INSULIN GLULISINE,C0,Section 85,ABOVE CO-PAYMENT,77,0,12603.63,561.750000000001,12603.63,0
202604,12268Q,A10AB06,INSULIN GLULISINE,C1,Section 85,ABOVE CO-PAYMENT,289,2132.90000000001,45549.9700000002,2121.59,47682.8700000001,2094.16
202604,12268Q,A10AB06,INSULIN GLULISINE,G2,Section 85,ABOVE CO-PAYMENT,245,6021.2,34835.3600000001,1821.57,40856.5600000001,6020.6
202604,12268Q,A10AB06,INSULIN GLULISINE,R0,Section 85,ABOVE CO-PAYMENT,1,0,167.93,7.49,167.93,0
202604,12268Q,A10AB06,INSULIN GLULISINE,R1,Section 85,ABOVE CO-PAYMENT,8,61.6,1153.52,52.85,1215.12,60.4
202604,13651L,A10AB05,INSULIN ASPART,C0,Section 85,ABOVE CO-PAYMENT,91,0,15068.52,672.580000000001,15068.52,0
202604,13651L,A10AB05,INSULIN ASPART,C1,Section 85,ABOVE CO-PAYMENT,935,6883.7999999999,148066.139999997,6840.71999999987,154949.940000002,6736.39999999995
202604,13651L,A10AB05,INSULIN ASPART,G2,Section 85,ABOVE CO-PAYMENT,2336,57638.8,331443.320000008,17180.4999999998,389082.120000008,57636.4
202604,13651L,A10AB05,INSULIN ASPART,R0,Section 85,ABOVE CO-PAYMENT,3,0,503.64,22.47,503.64,7.1
202604,13651L,A10AB05,INSULIN ASPART,R1,Section 85,ABOVE CO-PAYMENT,15,115.5,2402.7,112.35,2518.2,114.9
202605,01921D,A10AB06,INSULIN GLULISINE,C0,Section 85,ABOVE CO-PAYMENT,8,0,1343.44,59.92,1343.44,0
202605,01921D,A10AB06,INSULIN GLULISINE,C1,Section 85,ABOVE CO-PAYMENT,16,123.2,2563.68,119.84,2686.88,123.2
202605,01921D,A10AB06,INSULIN GLULISINE,G2,Section 85,ABOVE CO-PAYMENT,23,575,3287.39,172.27,3862.39,575
202605,08084L,A10AB04,INSULIN LISPRO,C0,Section 85,ABOVE CO-PAYMENT,12,0,1218.96,58.92,1218.96,0
202605,08084L,A10AB04,INSULIN LISPRO,C1,Section 85,ABOVE CO-PAYMENT,91,685.300000000001,8428.70000000001,439.930000000001,9114,671.760000000001
202605,08084L,A10AB04,INSULIN LISPRO,G2,Section 85,ABOVE CO-PAYMENT,321,7955.8,25579.1600000002,1626.17000000001,33534.9600000003,7955.8
202605,08084L,A10AB04,INSULIN LISPRO,R0,Section 85,ABOVE CO-PAYMENT,2,0,203.16,9.82,203.16,0
202605,08084L,A10AB04,INSULIN LISPRO,R1,Section 85,ABOVE CO-PAYMENT,3,23.1,281.64,14.73,304.74,23.1
202605,08212F,A10AB04,INSULIN LISPRO,C0,Section 85,ABOVE CO-PAYMENT,57,0,9441.96,420.94,9441.96,0
202605,08212F,A10AB04,INSULIN LISPRO,C1,Section 85,ABOVE CO-PAYMENT,394,2964.49999999999,62820.4600000001,2933.48999999998,65784.9599999996,2918.29999999999
202605,08212F,A10AB04,INSULIN LISPRO,G2,Section 85,ABOVE CO-PAYMENT,817,20234.7,115997.640000001,6068.79999999989,136232.340000002,20232.9
202605,08212F,A10AB04,INSULIN LISPRO,R0,Section 85,ABOVE CO-PAYMENT,4,0,671.52,29.96,671.52,0
202605,08212F,A10AB04,INSULIN LISPRO,R1,Section 85,ABOVE CO-PAYMENT,8,61.6,1281.44,59.92,1343.04,61
202605,08435Y,A10AB05,INSULIN ASPART,C0,Section 85,ABOVE CO-PAYMENT,446,0,73069.5599999998,3237.73999999997,73069.5599999998,0
202605,08435Y,A10AB05,INSULIN ASPART,C1,Section 85,ABOVE CO-PAYMENT,2849,20867.0000000011,449097.099999985,20837.3300000005,469964.10000001,20453.4200000007
202605,08435Y,A10AB05,INSULIN ASPART,G1,Section 85,ABOVE CO-PAYMENT,3,15.4,359.96,15.4,375.36,15.4
202605,08435Y,A10AB05,INSULIN ASPART,G2,Section 85,ABOVE CO-PAYMENT,5072,124810.5,715995.120000021,37341.8600000018,840805.620000021,124818.9
202605,08435Y,A10AB05,INSULIN ASPART,R0,Section 85,ABOVE CO-PAYMENT,16,0,2686.08,119.84,2686.08,0
202605,08435Y,A10AB05,INSULIN ASPART,R1,Section 85,ABOVE CO-PAYMENT,21,161.7,3363.78,157.29,3525.48,158.1
202605,08571D,A10AB05,INSULIN ASPART,C0,Section 85,ABOVE CO-PAYMENT,86,0,8514.18,411.460000000001,8514.18,0
202605,08571D,A10AB05,INSULIN ASPART,C1,Section 85,ABOVE CO-PAYMENT,428,3118.49999999998,40133.0699999999,2087.48000000001,43251.5700000004,3061.09999999998
202605,08571D,A10AB05,INSULIN ASPART,G1,Section 85,ABOVE CO-PAYMENT,1,0,101.58,4.91,101.58,0
202605,08571D,A10AB05,INSULIN ASPART,G2,Section 85,ABOVE CO-PAYMENT,1115,27598.2,85215.2000000015,5448.11999999992,112813.400000002,27598.2
202605,08571D,A10AB05,INSULIN ASPART,G2,Section 85,UNDER CO-PAYMENT,3,72.4,0,1.96,72.4,71.98
202605,08571D,A10AB05,INSULIN ASPART,R0,Section 85,ABOVE CO-PAYMENT,4,0,406.32,19.64,406.32,0
202605,08571D,A10AB05,INSULIN ASPART,R1,Section 85,ABOVE CO-PAYMENT,5,38.5,469.4,24.55,507.9,37.9
202605,09224L,A10AB06,INSULIN GLULISINE,C0,Section 85,ABOVE CO-PAYMENT,1,0,101.58,4.91,101.58,0
202605,09224L,A10AB06,INSULIN GLULISINE,C1,Section 85,ABOVE CO-PAYMENT,4,30.8,375.52,19.64,406.32,30.8
202605,09224L,A10AB06,INSULIN GLULISINE,G2,Section 85,ABOVE CO-PAYMENT,6,150,459.48,29.46,609.48,150
202605,11645X,A10AB04,INSULIN LISPRO,C0,Section 85,ABOVE CO-PAYMENT,37,0,9472.38000000001,432.580000000001,9472.38000000001,0
202605,11645X,A10AB04,INSULIN LISPRO,C1,Section 85,ABOVE CO-PAYMENT,70,523.6,17352.44,816.280000000002,17876.04,512.8
202605,11645X,A10AB04,INSULIN LISPRO,G2,Section 85,ABOVE CO-PAYMENT,137,3355.8,32722.38,1649.68,36078.18,3355.2
202605,11645X,A10AB04,INSULIN LISPRO,R0,Section 85,ABOVE CO-PAYMENT,1,0,267.18,12.22,267.18,0
202605,11645X,A10AB04,INSULIN LISPRO,R1,Section 85,ABOVE CO-PAYMENT,3,23.1,778.44,36.66,801.54,23.1
202605,12237C,A10AB04,INSULIN LISPRO,C0,Section 85,ABOVE CO-PAYMENT,149,0,24909.84,1111.49,24909.84,0
202605,12237C,A10AB04,INSULIN LISPRO,C1,Section 85,ABOVE CO-PAYMENT,338,2533.3,52677.3200000001,2449.64999999999,55210.6199999997,2487.7
202605,12237C,A10AB04,INSULIN LISPRO,G2,Section 85,ABOVE CO-PAYMENT,493,12186.6,68354.8199999996,3586.60999999996,80541.4199999999,12186
202605,12237C,A10AB04,INSULIN LISPRO,R0,Section 85,ABOVE CO-PAYMENT,3,0,503.64,22.47,503.64,0
202605,12237C,A10AB04,INSULIN LISPRO,R1,Section 85,ABOVE CO-PAYMENT,6,46.2,961.08,44.94,1007.28,46.2
202605,12254Y,A10AB05,INSULIN ASPART,C0,Section 85,ABOVE CO-PAYMENT,2771,0,437923.320000009,19402.4700000002,437923.320000009,0
202605,12254Y,A10AB05,INSULIN ASPART,C1,Section 85,ABOVE CO-PAYMENT,6174,44452.0999999978,930121.840000098,42679.2200000004,974573.94000003,43607.2799999974
202605,12254Y,A10AB05,INSULIN ASPART,G1,Section 85,ABOVE CO-PAYMENT,10,46.2,1632.6,74.9,1678.8,46.2
202605,12254Y,A10AB05,INSULIN ASPART,G2,Section 85,ABOVE CO-PAYMENT,7308,178651.8,989383.26000004,51477.599999998,1168035.05999995,178625.200000001
202605,12254Y,A10AB05,INSULIN ASPART,G2,Section 85,UNDER CO-PAYMENT,3,122.04,0,4.5,122.04,27.39
202605,12254Y,A10AB05,INSULIN ASPART,R0,Section 85,ABOVE CO-PAYMENT,83,0,13169.76,584.650000000001,13169.76,7.7
202605,12254Y,A10AB05,INSULIN ASPART,R1,Section 85,ABOVE CO-PAYMENT,138,1024.1,19318,871.320000000001,20342.1,1013.9
202605,12268Q,A10AB06,INSULIN GLULISINE,C0,Section 85,ABOVE CO-PAYMENT,143,0,23623.39,1053.1,23623.39,0
202605,12268Q,A10AB06,INSULIN GLULISINE,C1,Section 85,ABOVE CO-PAYMENT,243,1778.70000000001,38231.96,1781.55,40010.6600000001,1747.5
202605,12268Q,A10AB06,INSULIN GLULISINE,G1,Section 85,ABOVE CO-PAYMENT,3,15.4,488.39,22.47,503.79,15.4
202605,12268Q,A10AB06,INSULIN GLULISINE,G2,Section 85,ABOVE CO-PAYMENT,246,6132.7,34763.4700000001,1821.99,40896.1700000001,6132.7
202605,12268Q,A10AB06,INSULIN GLULISINE,R0,Section 85,ABOVE CO-PAYMENT,4,0,671.72,29.96,671.72,0
202605,12268Q,A10AB06,INSULIN GLULISINE,R1,Section 85,ABOVE CO-PAYMENT,8,61.6,1281.84,59.92,1343.44,60.4
202605,13651L,A10AB05,INSULIN ASPART,C0,Section 85,ABOVE CO-PAYMENT,163,0,26346.84,1172.95,26346.84,0
202605,13651L,A10AB05,INSULIN ASPART,C1,Section 85,ABOVE CO-PAYMENT,916,6737.4999999999,144977.359999997,6700.94999999987,151714.860000002,6608.09999999994
202605,13651L,A10AB05,INSULIN ASPART,G2,Section 85,ABOVE CO-PAYMENT,2347,58034.9,333422.800000008,17369.2699999998,391457.700000008,58027.1
202605,13651L,A10AB05,INSULIN ASPART,R0,Section 85,ABOVE CO-PAYMENT,6,0,1007.28,44.94,1007.28,0
202605,13651L,A10AB05,INSULIN ASPART,R1,Section 85,ABOVE CO-PAYMENT,14,107.8,2115.32,98.87,2223.12,106.6
202606,01921D,A10AB06,INSULIN GLULISINE,C0,Section 85,ABOVE CO-PAYMENT,11,0,1624.56,71.91,1624.56,0
202606,01921D,A10AB06,INSULIN GLULISINE,C1,Section 85,ABOVE CO-PAYMENT,14,100.1,2250.92,104.86,2351.02,98.3
202606,01921D,A10AB06,INSULIN GLULISINE,G2,Section 85,ABOVE CO-PAYMENT,25,607.7,3590.55,187.25,4198.25,607.1
202606,01921D,A10AB06,INSULIN GLULISINE,R0,Section 85,ABOVE CO-PAYMENT,1,0,167.93,7.49,167.93,0
202606,08084L,A10AB04,INSULIN LISPRO,C0,Section 85,ABOVE CO-PAYMENT,25,0,2539.5,117.84,2539.5,0
202606,08084L,A10AB04,INSULIN LISPRO,C1,Section 85,ABOVE CO-PAYMENT,106,785.400000000001,10186.02,531.260000000001,10971.42,766.460000000001
202606,08084L,A10AB04,INSULIN LISPRO,G2,Section 85,ABOVE CO-PAYMENT,296,7278.9,22789.5600000001,1444.52000000001,30068.4600000002,7277.7
202606,08084L,A10AB04,INSULIN LISPRO,R0,Section 85,ABOVE CO-PAYMENT,3,15.4,289.34,14.73,304.74,15.4
202606,08084L,A10AB04,INSULIN LISPRO,R1,Section 85,ABOVE CO-PAYMENT,3,23.1,281.64,14.73,304.74,22.5
202606,08212F,A10AB04,INSULIN LISPRO,C0,Section 85,ABOVE CO-PAYMENT,116,0,19249.32,856.190000000001,19249.32,0
202606,08212F,A10AB04,INSULIN LISPRO,C1,Section 85,ABOVE CO-PAYMENT,416,3110.79999999998,66074.9000000001,3078.39999999997,69185.6999999997,3070.39999999998
202606,08212F,A10AB04,INSULIN LISPRO,G1,Section 85,ABOVE CO-PAYMENT,2,7.7,328.06,14.98,335.76,7.1
202606,08212F,A10AB04,INSULIN LISPRO,G2,Section 85,ABOVE CO-PAYMENT,816,20244.3,116441.820000001,6098.32999999989,136686.120000002,20243.1
202606,08212F,A10AB04,INSULIN LISPRO,R0,Section 85,ABOVE CO-PAYMENT,4,0,671.52,29.96,671.52,0
202606,08212F,A10AB04,INSULIN LISPRO,R1,Section 85,ABOVE CO-PAYMENT,5,38.5,800.9,37.45,839.4,37.9
202606,08435Y,A10AB05,INSULIN ASPART,C0,Section 85,ABOVE CO-PAYMENT,611,0,100596.660000001,4464.60999999993,100596.660000001,0
202606,08435Y,A10AB05,INSULIN ASPART,C1,Section 85,ABOVE CO-PAYMENT,2741,20058.500000001,433787.259999985,20105.4400000004,453845.76000001,19669.9000000007
202606,08435Y,A10AB05,INSULIN ASPART,G1,Section 85,ABOVE CO-PAYMENT,4,23.1,648.42,29.96,671.52,22.5
202606,08435Y,A10AB05,INSULIN ASPART,G2,Section 85,ABOVE CO-PAYMENT,5112,125672.1,723515.400000022,37701.4700000018,849187.500000022,125678
202606,08435Y,A10AB05,INSULIN ASPART,R0,Section 85,ABOVE CO-PAYMENT,24,0,3901.92,173.77,3901.92,0
202606,08435Y,A10AB05,INSULIN ASPART,R1,Section 85,ABOVE CO-PAYMENT,35,261.8,5260.96,242.45,5522.76,258.8
202606,08571D,A10AB05,INSULIN ASPART,C0,Section 85,ABOVE CO-PAYMENT,111,0,11201.22,541.090000000001,11201.22,0
202606,08571D,A10AB05,INSULIN ASPART,C1,Section 85,ABOVE CO-PAYMENT,444,3287.89999999998,41776.5399999999,2178.08000000001,45064.4400000005,3241.09999999998
202606,08571D,A10AB05,INSULIN ASPART,G1,Section 85,ABOVE CO-PAYMENT,1,7.7,93.88,4.91,101.58,7.7
202606,08571D,A10AB05,INSULIN ASPART,G2,Section 85,ABOVE CO-PAYMENT,1055,26115.5,80450.8000000014,5150.56999999992,106566.300000002,26114.3
202606,08571D,A10AB05,INSULIN ASPART,R0,Section 85,ABOVE CO-PAYMENT,7,0,711.06,34.37,711.06,0
202606,08571D,A10AB05,INSULIN ASPART,R1,Section 85,ABOVE CO-PAYMENT,4,30.8,375.52,19.64,406.32,30.2
202606,09224L,A10AB06,INSULIN GLULISINE,C0,Section 85,ABOVE CO-PAYMENT,1,0,101.58,4.91,101.58,0
202606,09224L,A10AB06,INSULIN GLULISINE,C1,Section 85,ABOVE CO-PAYMENT,1,7.7,93.88,4.91,101.58,7.1
202606,09224L,A10AB06,INSULIN GLULISINE,G2,Section 85,ABOVE CO-PAYMENT,3,75,229.74,14.73,304.74,75
202606,11645X,A10AB04,INSULIN LISPRO,C0,Section 85,ABOVE CO-PAYMENT,59,0,15350.34,701.420000000001,15350.34,0
202606,11645X,A10AB04,INSULIN LISPRO,C1,Section 85,ABOVE CO-PAYMENT,49,361.9,12523.28,589.000000000001,12885.18,354.7
202606,11645X,A10AB04,INSULIN LISPRO,G2,Section 85,ABOVE CO-PAYMENT,163,3953.9,39575.36,1979.64,43529.26,3953.9
202606,11645X,A10AB04,INSULIN LISPRO,R0,Section 85,ABOVE CO-PAYMENT,1,0,267.18,12.22,267.18,0
202606,12237C,A10AB04,INSULIN LISPRO,C0,Section 85,ABOVE CO-PAYMENT,188,0,30508.2000000001,1351.19,30508.2000000001,0
202606,12237C,A10AB04,INSULIN LISPRO,C1,Section 85,ABOVE CO-PAYMENT,275,2071.30000000001,43027.7000000001,1993.14,45098.9999999999,2029.3
202606,12237C,A10AB04,INSULIN LISPRO,G1,Section 85,ABOVE CO-PAYMENT,1,7.7,160.18,7.49,167.88,7.7
202606,12237C,A10AB04,INSULIN LISPRO,G2,Section 85,ABOVE CO-PAYMENT,543,13402,76739.2399999999,4019.12999999995,90141.2400000002,13401.4
202606,12237C,A10AB04,INSULIN LISPRO,R0,Section 85,ABOVE CO-PAYMENT,2,0,335.76,14.98,335.76,0
202606,12237C,A10AB04,INSULIN LISPRO,R1,Section 85,ABOVE CO-PAYMENT,6,46.2,823.5,37.45,869.7,45.6
202606,12254Y,A10AB05,INSULIN ASPART,C0,Section 85,ABOVE CO-PAYMENT,3908,0,622856.220000015,27608.1900000019,622856.220000015,0
202606,12254Y,A10AB05,INSULIN ASPART,C1,Section 85,ABOVE CO-PAYMENT,5306,38222.8000000001,799656.440000062,36586.190000002,837879.240000025,37479.6799999994
202606,12254Y,A10AB05,INSULIN ASPART,G1,Section 85,ABOVE CO-PAYMENT,16,100.1,2458.78,113.85,2558.88,100.1
202606,12254Y,A10AB05,INSULIN ASPART,G2,Section 85,ABOVE CO-PAYMENT,7307,178869.000000001,989898.60000004,51514.009999998,1168767.59999995,178822.400000001
202606,12254Y,A10AB05,INSULIN ASPART,R0,Section 85,ABOVE CO-PAYMENT,101,0,16349.52,725.870000000001,16349.52,0
202606,12254Y,A10AB05,INSULIN ASPART,R1,Section 85,ABOVE CO-PAYMENT,81,585.2,10957.78,499.660000000001,11542.98,576.2
202606,12268Q,A10AB06,INSULIN GLULISINE,C0,Section 85,ABOVE CO-PAYMENT,198,0,32859.5400000001,1465.04,32859.5400000001,0
202606,12268Q,A10AB06,INSULIN GLULISINE,C1,Section 85,ABOVE CO-PAYMENT,174,1293.6,26758.14,1244.19,28051.74,1272.4
202606,12268Q,A10AB06,INSULIN GLULISINE,G1,Section 85,ABOVE CO-PAYMENT,2,0,335.86,14.98,335.86,0
202606,12268Q,A10AB06,INSULIN GLULISINE,G2,Section 85,ABOVE CO-PAYMENT,233,5755.8,32756.4600000001,1714.57,38512.2600000001,5755.8
202606,12268Q,A10AB06,INSULIN GLULISINE,R0,Section 85,ABOVE CO-PAYMENT,5,0,839.65,37.45,839.65,0
202606,12268Q,A10AB06,INSULIN GLULISINE,R1,Section 85,ABOVE CO-PAYMENT,3,23.1,480.69,22.47,503.79,23.1
202606,13651L,A10AB05,INSULIN ASPART,C0,Section 85,ABOVE CO-PAYMENT,278,0,45275.3999999999,2007.75,45275.3999999999,0
202606,13651L,A10AB05,INSULIN ASPART,C1,Section 85,ABOVE CO-PAYMENT,960,7099.39999999989,152795.559999997,7082.54999999986,159894.960000002,6945.29999999995
202606,13651L,A10AB05,INSULIN ASPART,G2,Section 85,ABOVE CO-PAYMENT,2379,58402.4,337580.620000008,17553.6999999998,395983.020000009,58413.1
202606,13651L,A10AB05,INSULIN ASPART,R0,Section 85,ABOVE CO-PAYMENT,13,7.7,2047.54,91.38,2055.24,7.7
202606,13651L,A10AB05,INSULIN ASPART,R1,Section 85,ABOVE CO-PAYMENT,15,115.5,2402.7,112.35,2518.2,114.9
202607,01921D,A10AB06,INSULIN GLULISINE,C0,Section 85,ABOVE CO-PAYMENT,12,0,1964.28,89.64,1964.28,0
202607,01921D,A10AB06,INSULIN GLULISINE,C1,Section 85,ABOVE CO-PAYMENT,8,61.6,1124.36,53.78,1185.96,60.4
202607,01921D,A10AB06,INSULIN GLULISINE,G2,Section 85,ABOVE CO-PAYMENT,29,707.7,3915.75,210.65,4623.45,707.1
202607,08084L,A10AB04,INSULIN LISPRO,C0,Section 85,ABOVE CO-PAYMENT,35,0,3482.15,179.2,3482.15,0
202607,08084L,A10AB04,INSULIN LISPRO,C1,Section 85,ABOVE CO-PAYMENT,98,708.400000000001,9113.39000000001,506.88,9821.78999999999,694.520000000001
202607,08084L,A10AB04,INSULIN LISPRO,G1,Section 85,ABOVE CO-PAYMENT,1,7.7,91.79,5.12,99.49,7.7
202607,08084L,A10AB04,INSULIN LISPRO,G2,Section 85,ABOVE CO-PAYMENT,328,8113.5,24645.5700000001,1686.51999999999,32759.0700000002,8113.5
202607,08084L,A10AB04,INSULIN LISPRO,R0,Section 85,ABOVE CO-PAYMENT,1,0,99.49,5.12,99.49,0
202607,08084L,A10AB04,INSULIN LISPRO,R1,Section 85,ABOVE CO-PAYMENT,4,30.8,367.16,20.48,397.96,30.2
202607,08212F,A10AB04,INSULIN LISPRO,C0,Section 85,ABOVE CO-PAYMENT,162,0,26012.36,1182.98,26012.36,0
202607,08212F,A10AB04,INSULIN LISPRO,C1,Section 85,ABOVE CO-PAYMENT,395,2972.19999999999,61254.9200000003,2931.20999999998,64227.1199999998,2919.99999999999
202607,08212F,A10AB04,INSULIN LISPRO,G1,Section 85,ABOVE CO-PAYMENT,1,7.7,155.94,7.47,163.64,7.7
202607,08212F,A10AB04,INSULIN LISPRO,G2,Section 85,ABOVE CO-PAYMENT,850,20921.3,117663.98,6320.17000000003,138585.28,20919.5
202607,08212F,A10AB04,INSULIN LISPRO,R0,Section 85,ABOVE CO-PAYMENT,3,0,490.92,22.41,490.92,0
202607,08212F,A10AB04,INSULIN LISPRO,R1,Section 85,ABOVE CO-PAYMENT,3,23.1,467.82,22.41,490.92,22.5
202607,08435Y,A10AB05,INSULIN ASPART,C0,Section 85,ABOVE CO-PAYMENT,838,0,133982.15,6076.17000000002,133982.15,7.7
202607,08435Y,A10AB05,INSULIN ASPART,C1,Section 85,ABOVE CO-PAYMENT,2855,20959.4000000011,438825.910000007,20841.1700000001,459785.310000027,20565.6600000007
202607,08435Y,A10AB05,INSULIN ASPART,G1,Section 85,ABOVE CO-PAYMENT,15,115.5,2214.5,104.99,2330,114.3
202607,08435Y,A10AB05,INSULIN ASPART,G2,Section 85,ABOVE CO-PAYMENT,5287,130323.9,723871.570000056,38780.6300000029,854195.47000006,130308.7
202607,08435Y,A10AB05,INSULIN ASPART,G2,Section 85,UNDER CO-PAYMENT,1,40.12,0,1.49,40.12,8.4
202607,08435Y,A10AB05,INSULIN ASPART,R0,Section 85,ABOVE CO-PAYMENT,27,7.7,4410.58,201.69,4418.28,7.7
202607,08435Y,A10AB05,INSULIN ASPART,R1,Section 85,ABOVE CO-PAYMENT,25,192.5,3774.98,180.77,3967.48,187.7
202607,08571D,A10AB05,INSULIN ASPART,C0,Section 85,ABOVE CO-PAYMENT,173,0,16955.17,867.490000000001,16955.17,0
202607,08571D,A10AB05,INSULIN ASPART,C1,Section 85,ABOVE CO-PAYMENT,429,3126.19999999998,39445.9300000003,2189.54999999998,42572.13,3074.39999999998
202607,08571D,A10AB05,INSULIN ASPART,G1,Section 85,ABOVE CO-PAYMENT,2,7.7,191.28,10.24,198.98,7.1
202607,08571D,A10AB05,INSULIN ASPART,G2,Section 85,ABOVE CO-PAYMENT,1195,29615.5,89039.1100000011,6108.14999999989,118654.610000002,29618
202607,08571D,A10AB05,INSULIN ASPART,G2,Section 85,UNDER CO-PAYMENT,1,27.29,0,1.02,27.29,23.99
202607,08571D,A10AB05,INSULIN ASPART,R0,Section 85,ABOVE CO-PAYMENT,6,0,596.94,30.72,596.94,0
202607,08571D,A10AB05,INSULIN ASPART,R1,Section 85,ABOVE CO-PAYMENT,6,46.2,404.78,20.96,450.98,45.6
202607,09224L,A10AB06,INSULIN GLULISINE,G2,Section 85,ABOVE CO-PAYMENT,2,50,148.98,10.24,198.98,50
202607,11645X,A10AB04,INSULIN LISPRO,C0,Section 85,ABOVE CO-PAYMENT,70,0,18002.16,834.549999999999,18002.16,0
202607,11645X,A10AB04,INSULIN LISPRO,C1,Section 85,ABOVE CO-PAYMENT,65,485.1,16216.86,774.249999999999,16701.96,473.5
202607,11645X,A10AB04,INSULIN LISPRO,G2,Section 85,ABOVE CO-PAYMENT,162,3963.5,37941.0500000001,1932.00999999999,41904.5500000001,3963.5
202607,11645X,A10AB04,INSULIN LISPRO,R0,Section 85,ABOVE CO-PAYMENT,1,0,260.04,12.06,260.04,0
202607,12237C,A10AB04,INSULIN LISPRO,C0,Section 85,ABOVE CO-PAYMENT,245,0,39503.9999999999,1800.66000000001,39503.9999999999,0
202607,12237C,A10AB04,INSULIN LISPRO,C1,Section 85,ABOVE CO-PAYMENT,294,2163.70000000001,44295.14,2100.56000000001,46458.8399999999,2112.1
202607,12237C,A10AB04,INSULIN LISPRO,G2,Section 85,ABOVE CO-PAYMENT,551,13567.4,75227.7099999998,4047.60999999995,88795.1099999997,13566.8
202607,12237C,A10AB04,INSULIN LISPRO,R0,Section 85,ABOVE CO-PAYMENT,6,0,981.84,44.82,981.84,0
202607,12237C,A10AB04,INSULIN LISPRO,R1,Section 85,ABOVE CO-PAYMENT,3,23.1,467.82,22.41,490.92,23.1
202607,12254Y,A10AB05,INSULIN ASPART,C0,Section 85,ABOVE CO-PAYMENT,4817,0,749680.25000005,33909.5800000022,749680.25000005,1
202607,12254Y,A10AB05,INSULIN ASPART,C1,Section 85,ABOVE CO-PAYMENT,5029,35627.9000000011,733906.149999944,34312.3200000023,769534.050000052,34854.9200000002
202607,12254Y,A10AB05,INSULIN ASPART,G1,Section 85,ABOVE CO-PAYMENT,43,246.4,6198,287.4,6444.4,243.4
202607,12254Y,A10AB05,INSULIN ASPART,G2,Section 85,ABOVE CO-PAYMENT,7555,184861.4,993188.170000076,53080.2900000049,1178049.57,184787.700000001
202607,12254Y,A10AB05,INSULIN ASPART,R0,Section 85,ABOVE CO-PAYMENT,144,0,22580.47,1012.13,22580.47,0
202607,12254Y,A10AB05,INSULIN ASPART,R1,Section 85,ABOVE CO-PAYMENT,91,654.5,12114.06,562.840000000001,12768.56,644.900000000001
202607,12268Q,A10AB06,INSULIN GLULISINE,C0,Section 85,ABOVE CO-PAYMENT,232,0,37472.6,1709.13000000001,37472.6,0
202607,12268Q,A10AB06,INSULIN GLULISINE,C1,Section 85,ABOVE CO-PAYMENT,161,1178.1,25043.1900000001,1196.69,26221.2899999999,1156.5
202607,12268Q,A10AB06,INSULIN GLULISINE,G1,Section 85,ABOVE CO-PAYMENT,1,7.7,155.99,7.47,163.69,7.7
202607,12268Q,A10AB06,INSULIN GLULISINE,G2,Section 85,ABOVE CO-PAYMENT,249,6155.8,33892.5399999999,1825.65000000001,40048.34,6155.8
202607,12268Q,A10AB06,INSULIN GLULISINE,R0,Section 85,ABOVE CO-PAYMENT,2,0,327.38,14.94,327.38,0
202607,12268Q,A10AB06,INSULIN GLULISINE,R1,Section 85,ABOVE CO-PAYMENT,3,23.1,467.97,22.41,491.07,22.5
202607,13651L,A10AB05,INSULIN ASPART,C0,Section 85,ABOVE CO-PAYMENT,325,0,51970.0299999999,2368.35,51970.0299999999,0
202607,13651L,A10AB05,INSULIN ASPART,C1,Section 85,ABOVE CO-PAYMENT,902,6691.2999999999,139303.140000001,6591.49000000004,145994.440000001,6572.99999999994
202607,13651L,A10AB05,INSULIN ASPART,G1,Section 85,ABOVE CO-PAYMENT,5,30.8,787.4,37.35,818.2,30.8
202607,13651L,A10AB05,INSULIN ASPART,G2,Section 85,ABOVE CO-PAYMENT,2582,63511.9999999999,357175.810000022,19132.5399999998,420687.810000024,63508.3999999999
202607,13651L,A10AB05,INSULIN ASPART,R0,Section 85,ABOVE CO-PAYMENT,12,0,1963.68,89.64,1963.68,0
202607,13651L,A10AB05,INSULIN ASPART,R1,Section 85,ABOVE CO-PAYMENT,15,107.8,2090.52,100.1,2198.32,107.2
